T,epsilon,SNR_dB,scheme,mean_I_AB,mean_chi_BE,mean_K_raw,std_K_raw,ci95_low,ci95_high,mean_K_positive,mean_entropy,outage_probability,repetitions
1e-05,0.0,-46.98970004336019,GS,1.4427463649546723e-05,1.3591072813179395e-05,1.150176538899915e-07,8.944770337132634e-08,-1.0718275928142381e-07,3.372180670614068e-07,1.150176538899915e-07,8.0,0.0,3
1e-05,0.0,-46.98970004336019,MB-fixed,1.3763515032572116e-05,1.0007266269429493e-05,3.0680730115140155e-06,4.059645756842579e-07,2.0596010994345266e-06,4.076544923593504e-06,3.0680730115140155e-06,6.408923689874861,0.0,3
1e-05,0.0,-46.98970004336019,MB-global-opt,1.308074790558796e-05,9.999943052063642e-06,2.4267674582449193e-06,1.256908593413964e-06,-6.955665788390779e-07,5.549101495328916e-06,2.4267674582449193e-06,4.7380473561634675,0.0,3
1e-05,0.0,-46.98970004336019,PS,1.3763515032868176e-05,1.0007266269429493e-05,3.0680730117952724e-06,4.0596457522277294e-07,2.059601100862176e-06,4.076544922728369e-06,3.0680730117952724e-06,6.408923689874858,0.0,3
1e-05,0.0,-46.98970004336019,PS+GS,1.3763520536909843e-05,1.000501153236577e-05,3.0703329776985783e-06,4.0597754860535723e-07,2.0618288390965554e-06,4.078837116300601e-06,3.0703329776985783e-06,6.408923689874858,0.0,3
1.4677992676220705e-05,0.0,-45.323033376693516,GS,2.1341866855983938e-05,1.9822343265474274e-05,4.524302477104669e-07,2.128343378524276e-07,-7.627955729760733e-08,9.811400527185413e-07,4.524302477104669e-07,8.0,0.0,3
1.4677992676220705e-05,0.0,-45.323033376693516,MB-fixed,2.0888364161919526e-05,1.4688411007268698e-05,5.155534946554851e-06,2.96076619448342e-07,4.420039850624788e-06,5.891030042484914e-06,5.155534946554851e-06,6.408923689874861,0.0,3
1.4677992676220705e-05,0.0,-45.323033376693516,MB-global-opt,2.0950107183577888e-05,1.4677845359356567e-05,5.2247564650424265e-06,1.6720663905126242e-07,4.809392147325308e-06,5.640120782759545e-06,5.2247564650424265e-06,4.7380473561634675,0.0,3
1.4677992676220705e-05,0.0,-45.323033376693516,PS,2.0888364163695883e-05,1.4688411007268698e-05,5.1555349482423905e-06,2.960766194483439e-07,4.420039852312322e-06,5.891030044172459e-06,5.1555349482423905e-06,6.408923689874858,0.0,3
1.4677992676220705e-05,0.0,-45.323033376693516,PS+GS,2.0888374943517363e-05,1.4685160047767098e-05,5.1587961485743955e-06,2.9608873811613836e-07,4.423270948204644e-06,5.894321348944147e-06,5.1587961485743955e-06,6.408923689874858,0.0,3
2.1544346900318823e-05,0.0,-43.65636671002686,GS,3.158300532657421e-05,2.8909327006720886e-05,1.0945280535246104e-06,7.625242343262886e-07,-7.996871530653948e-07,2.9887432601146155e-06,1.0945280535246104e-06,8.0,0.0,3
2.1544346900318823e-05,0.0,-43.65636671002686,MB-fixed,3.121084558651196e-05,2.1559232970647102e-05,8.091070336539254e-06,6.602795309714843e-07,6.450845053376495e-06,9.731295619702012e-06,8.091070336539254e-06,6.408923689874861,0.0,3
2.1544346900318823e-05,0.0,-43.65636671002686,MB-global-opt,2.9565237618397095e-05,2.1543993844019838e-05,6.542981893457403e-06,8.70183862312208e-07,4.381325344957878e-06,8.704638441956928e-06,6.542981893457403e-06,4.7380473561634675,0.0,3
2.1544346900318823e-05,0.0,-43.65636671002686,PS,3.121084558858437e-05,2.1559232970647102e-05,8.091070338508051e-06,6.60279530701093e-07,6.450845056016983e-06,9.73129562099912e-06,8.091070338508051e-06,6.408923689874858,0.0,3
2.1544346900318823e-05,0.0,-43.65636671002686,PS+GS,3.121086261526074e-05,2.1554547131374946e-05,8.095772353122753e-06,6.603159921458548e-07,6.455456495381728e-06,9.736088210863779e-06,8.095772353122753e-06,6.408923689874858,0.0,3
3.1622776601683795e-05,0.0,-41.98970004336019,GS,4.616626383224798e-05,4.2160155840687e-05,1.6977947999485784e-06,6.619417466540144e-07,5.3440344123835805e-08,3.342149255773321e-06,1.6977947999485784e-06,8.0,0.0,3
3.1622776601683795e-05,0.0,-41.98970004336019,MB-fixed,4.6185711162512653e-05,3.164393732024706e-05,1.2232488284139956e-05,1.066521843599692e-06,9.583101152081306e-06,1.4881875416198606e-05,1.2232488284139956e-05,6.408923689874861,0.0,3
3.1622776601683795e-05,0.0,-41.98970004336019,MB-global-opt,4.609117907872218e-05,3.1621964325490026e-05,1.216465579929604e-05,7.491744395400341e-07,1.0303603321378287e-05,1.4025708277213792e-05,1.216465579929604e-05,4.7380473561634675,0.0,3
3.1622776601683795e-05,0.0,-41.98970004336019,PS,4.618571116340083e-05,3.164393732024706e-05,1.2232488284983724e-05,1.0665218436633134e-06,9.58310115276703e-06,1.4881875417200419e-05,1.2232488284983724e-05,6.408923689874858,0.0,3
3.1622776601683795e-05,0.0,-41.98970004336019,PS+GS,4.6185722997490096e-05,3.163718553111927e-05,1.2239251316496315e-05,1.0665210827478847e-06,9.589866074498331e-06,1.4888636558494298e-05,1.2239251316496315e-05,6.408923689874858,0.0,3
4.641588833612782e-05,0.0,-40.323033376693516,GS,6.689869134568482e-05,6.148186535726019e-05,2.0718914211403908e-06,4.4002022624814097e-07,9.788205831980171e-07,3.164962259082764e-06,2.0718914211403908e-06,8.0,0.0,3
4.641588833612782e-05,0.0,-40.323033376693516,MB-fixed,6.678676427599821e-05,4.644573581891187e-05,1.700169024328642e-05,1.5885012069637232e-06,1.3055634489955817e-05,2.094774599661702e-05,1.700169024328642e-05,6.408923689874861,0.0,3
4.641588833612782e-05,0.0,-40.323033376693516,MB-global-opt,6.573462964502379e-05,4.641406357008826e-05,1.6033834592684334e-05,9.418756507299767e-07,1.3694085768955612e-05,1.8373583416413055e-05,1.6033834592684334e-05,4.7380473561634675,0.0,3
4.641588833612782e-05,0.0,-40.323033376693516,PS,6.678676427718244e-05,4.644573581891187e-05,1.7001690244411445e-05,1.588501207279668e-06,1.3055634490295994e-05,2.0947745998526896e-05,1.7001690244411445e-05,6.408923689874858,0.0,3
4.641588833612782e-05,0.0,-40.323033376693516,PS+GS,6.678665281908043e-05,4.6436010618711165e-05,1.7011309559415245e-05,1.5884770733146593e-06,1.3065313757392407e-05,2.0957305361438083e-05,1.7011309559415245e-05,6.408923689874858,0.0,3
6.812920690579608e-05,0.0,-38.65636671002686,GS,9.804835684394202e-05,8.965440464092644e-05,3.491534360818463e-06,2.6995259718230954e-06,-3.214459909553644e-06,1.019752863119057e-05,3.491534360818463e-06,8.0,0.0,3
6.812920690579608e-05,0.0,-38.65636671002686,MB-fixed,0.00010026283033770511,6.817080514243123e-05,2.707888367838862e-05,4.279084091586277e-06,1.6449049514859977e-05,3.770871784191726e-05,2.707888367838862e-05,6.408923689874861,0.0,3
6.812920690579608e-05,0.0,-38.65636671002686,MB-global-opt,0.00010145170766466076,6.812516736443008e-05,2.8253954916997626e-05,7.541454407447849e-06,9.519943622242842e-06,4.6987966211752414e-05,2.8253954916997626e-05,4.7380473561634675,0.0,3
6.812920690579608e-05,0.0,-38.65636671002686,PS,0.00010026283033800117,6.817080514243123e-05,2.7078883678669875e-05,4.279084091991847e-06,1.6449049514133737e-05,3.770871784320601e-05,2.7078883678669875e-05,6.408923689874858,0.0,3
6.812920690579608e-05,0.0,-38.65636671002686,PS+GS,0.00010026297437774427,6.81568020843848e-05,2.7093023574472252e-05,4.279034773091743e-06,1.6463311924875762e-05,3.772273522406874e-05,2.7093023574472252e-05,6.408923689874858,0.0,3
0.0001,0.0,-36.98970004336019,GS,0.00014564635592565858,0.00013072988053997037,7.63415758940529e-06,2.7873815737992304e-06,7.099179049784445e-07,1.4558397273832136e-05,7.63415758940529e-06,8.0,0.0,3
0.0001,0.0,-36.98970004336019,MB-fixed,0.0001407651609254638,0.00010005687924752316,3.367002363166745e-05,8.472203867532952e-06,1.2623902502952658e-05,5.4716144760382246e-05,3.367002363166745e-05,6.408923689874861,0.0,3
0.0001,0.0,-36.98970004336019,MB-global-opt,0.0001343583694399797,9.999114053527158e-05,2.7649310432709123e-05,1.4695799797889483e-05,-8.857080049108621e-06,6.415570091452687e-05,2.7649310432709123e-05,4.7380473561634675,0.0,3
0.0001,0.0,-36.98970004336019,PS,0.00014076516092635197,0.00010005687924752316,3.367002363251122e-05,8.472203866589588e-06,1.2623902506139874e-05,5.4716144758882564e-05,3.367002363251122e-05,6.408923689874858,0.0,3
0.0001,0.0,-36.98970004336019,PS+GS,0.0001407655166101307,0.00010003672411196263,3.369051666766154e-05,8.472264062893116e-06,1.264424600538249e-05,5.473678732994059e-05,3.369051666766154e-05,6.408923689874858,0.0,3
0.0001467799267622069,0.0,-35.32303337669352,GS,0.00021150339932448267,0.000190614164688796,1.0314064669462522e-05,1.6441370408502764e-06,6.229801843051371e-06,1.4398327495873673e-05,1.0314064669462522e-05,8.0,0.0,3
0.0001467799267622069,0.0,-35.32303337669352,MB-fixed,0.0002104679679690117,0.00014685527283964106,5.308929673092006e-05,4.7192153059575915e-06,4.1366116019666717e-05,6.48124774421734e-05,5.308929673092006e-05,6.408923689874861,0.0,3
0.0001467799267622069,0.0,-35.32303337669352,MB-global-opt,0.00020455328512862062,0.00014676061333718238,4.756500753500721e-05,9.820699047254441e-06,2.3169038676274238e-05,7.196097639374017e-05,4.756500753500721e-05,4.7380473561634675,0.0,3
0.0001467799267622069,0.0,-35.32303337669352,PS,0.00021046796797049203,0.00014685527283964106,5.3089296732326345e-05,4.719215305892919e-06,4.136611602123365e-05,6.481247744341903e-05,5.3089296732326345e-05,6.408923689874858,0.0,3
0.0001467799267622069,0.0,-35.32303337669352,PS+GS,0.00021046809127896657,0.00014682627393414194,5.311841278087629e-05,4.71941966016278e-06,4.139472442563529e-05,6.484210113611729e-05,5.311841278087629e-05,6.408923689874858,0.0,3
0.00021544346900318823,0.0,-33.65636671002686,GS,0.0003118962745070064,0.0002779139441921874,1.8387516589468673e-05,1.0212031950442694e-06,1.585070722133071e-05,2.0924325957606635e-05,1.8387516589468673e-05,8.0,0.0,3
0.00021544346900318823,0.0,-33.65636671002686,MB-fixed,0.00031080103028665224,0.0002155377867147923,7.972319205752733e-05,5.873162595591337e-06,6.513344736675824e-05,9.431293674829643e-05,7.972319205752733e-05,6.408923689874861,0.0,3
0.00021544346900318823,0.0,-33.65636671002686,MB-global-opt,0.0003011300855977339,0.00021540153279886454,7.067204851898266e-05,1.2756239850789542e-05,3.8983792045896645e-05,0.00010236030499206867,7.067204851898266e-05,4.7380473561634675,0.0,3
0.00021544346900318823,0.0,-33.65636671002686,PS,0.0003108010302878365,0.0002155377867147923,7.972319205865236e-05,5.87316259650662e-06,6.513344736560958e-05,9.431293675169513e-05,7.972319205865236e-05,6.408923689874858,0.0,3
0.00021544346900318823,0.0,-33.65636671002686,PS+GS,0.00031080163820688494,0.00021549608006621312,7.976547623032756e-05,5.873417335671981e-06,6.517509873011745e-05,9.435585373053767e-05,7.976547623032756e-05,6.408923689874858,0.0,3
0.00031622776601683794,0.0,-31.989700043360187,GS,0.0004566629224343662,0.0004051699233635908,2.8659852949057068e-05,5.58861702992083e-06,1.4776958628672654e-05,4.254274726944148e-05,2.8659852949057068e-05,8.0,0.0,3
0.00031622776601683794,0.0,-31.989700043360187,MB-fixed,0.00045147458291072695,0.00031633299873656817,0.0001125678550286224,2.538929228601162e-06,0.00010626080518446724,0.00011887490487277757,0.0001125678550286224,6.408923689874861,0.0,3
0.00031622776601683794,0.0,-31.989700043360187,MB-global-opt,0.00045271052544452556,0.00031613694675369786,0.00011393805241860138,1.5435001435128692e-05,7.559538327315288e-05,0.00015228072156404988,0.00011393805241860138,4.7380473561634675,0.0,3
0.00031622776601683794,0.0,-31.989700043360187,PS,0.00045147458291161513,0.00031633299873656817,0.00011256785502946618,2.5389292285999065e-06,0.00010626080518531414,0.00011887490487361823,0.00011256785502946618,6.408923689874858,0.0,3
0.00031622776601683794,0.0,-31.989700043360187,PS+GS,0.0004514748034800675,0.000316273040120052,0.00011262802318601216,2.5390848168918926e-06,0.00010632058683911648,0.00011893545953290783,0.00011262802318601216,6.408923689874858,0.0,3
0.00046415888336127773,0.0,-30.323033376693523,GS,0.000657963527483337,0.0005906513047404527,3.441404636871736e-05,8.283720278485969e-06,1.3836144431594425e-05,5.499194830584029e-05,3.441404636871736e-05,8.0,0.0,3
0.00046415888336127773,0.0,-30.323033376693523,MB-fixed,0.0006490142680997124,0.0004642445313038923,0.00015231902339083445,3.0273477536891e-05,7.711553617654897e-05,0.00022752251060511995,0.00015231902339083445,6.408923689874861,0.0,3
0.00046415888336127773,0.0,-30.323033376693523,MB-global-opt,0.0006477697021492664,0.00046396254543656923,0.00015141867160523383,5.771474240658456e-05,8.047303470857831e-06,0.00029479003973960984,0.00015141867160523383,4.7380473561634675,0.0,3
0.00046415888336127773,0.0,-30.323033376693523,PS,0.0006490142681017849,0.0004642445313038923,0.00015231902339280325,3.027347753727847e-05,7.711553617755523e-05,0.00022752251060805128,0.00015231902339280325,6.408923689874858,0.0,3
0.00046415888336127773,0.0,-30.323033376693523,PS+GS,0.0006490147566277452,0.0004641583692746032,0.0001524056495217548,3.0273002420116766e-05,7.720334256296566e-05,0.00022760795648054397,0.0001524056495217548,6.408923689874858,0.0,3
0.0006812920690579609,0.0,-28.65636671002686,GS,0.0009858191213213037,0.0008609651055506706,7.556305970456792e-05,1.5052724284448796e-05,3.817001964545205e-05,0.00011295609976368379,7.556305970456792e-05,8.0,0.0,3
0.0006812920690579609,0.0,-28.65636671002686,MB-fixed,0.0009671825793932479,0.0006812735473840092,0.00023754990303957626,1.5453300063449768e-05,0.00019916177758144265,0.0002759380284977099,0.00023754990303957626,6.408923689874861,0.0,3
0.0006812920690579609,0.0,-28.65636671002686,MB-global-opt,0.0009624412175037733,0.0006808681183645415,0.00023345103826404308,2.0175746940644304e-05,0.00018333170442667832,0.00028357037210140787,0.00023345103826404308,4.7380473561634675,0.0,3
0.0006812920690579609,0.0,-28.65636671002686,PS,0.0009671825793947283,0.0006812735473840092,0.00023754990304098255,1.545330006299032e-05,0.00019916177758399025,0.00027593802849797485,0.00023754990304098255,6.408923689874858,0.0,3
0.0006812920690579609,0.0,-28.65636671002686,PS+GS,0.0009671821074241175,0.0006811497832430735,0.0002376732188098381,1.5452864716845553e-05,0.0001992861748126217,0.0002760602628070545,0.0002376732188098381,6.408923689874858,0.0,3
0.001,0.0,-26.989700043360187,GS,0.0014443166019777465,0.0012548462811137195,0.00011725449076513954,3.581226957431627e-05,2.8291881373314017e-05,0.00020621710015696507,0.00011725449076513954,8.0,0.0,3
0.001,0.0,-26.989700043360187,MB-fixed,0.0014399865962418563,0.0009996679967925193,0.0003683192696372442,2.3851445137295885e-05,0.0003090689952926777,0.0004275695439818107,0.0003683192696372442,6.408923689874861,0.0,3
0.001,0.0,-26.989700043360187,MB-global-opt,0.0014310631637766136,0.000999085312930914,0.0003604246926568688,2.0028260916979898e-05,0.0003106717344128403,0.00041017765090089727,0.0003604246926568688,4.7380473561634675,0.0,3
0.001,0.0,-26.989700043360187,PS,0.0014399865962427445,0.0009996679967925193,0.00036831926963808804,2.3851445136957113e-05,0.0003090689952943631,0.000427569543981813,0.00036831926963808804,6.408923689874858,0.0,3
0.001,0.0,-26.989700043360187,PS+GS,0.0014399869497688418,0.000999490297184158,0.0003684973050962418,2.385245532009046e-05,0.00030924452131849957,0.00042775008887398403,0.0003684973050962418,6.408923689874858,0.0,3
0.0014677992676220691,0.0,-25.323033376693523,GS,0.002128478532701076,0.0018286544308436792,0.0001934001752223431,3.207880206967466e-05,0.00011371201325427726,0.00027308833719040895,0.0001934001752223431,8.0,0.0,3
0.0014677992676220691,0.0,-25.323033376693523,MB-fixed,0.0021148976522855634,0.0014666640551588284,0.0005424887145124567,5.7761863150821804e-05,0.00039900029196031665,0.0006859771370645968,0.0005424887145124567,6.408923689874861,0.0,3
0.0014677992676220691,0.0,-25.323033376693523,MB-global-opt,0.0020771051197415367,0.0014658269423979409,0.0005074229213565186,6.632016072488598e-05,0.0003426745090525279,0.0006721713336605094,0.0005074229213565186,4.7380473561634675,0.0,3
0.0014677992676220691,0.0,-25.323033376693523,PS,0.0021148976522870435,0.0014666640551588284,0.0005424887145138632,5.776186315078611e-05,0.0003990002919618118,0.0006859771370659145,0.0005424887145138632,6.408923689874858,0.0,3
0.0014677992676220691,0.0,-25.323033376693523,PS+GS,0.002114899611949106,0.0014664090248528439,0.0005427456064988068,5.776010914751688e-05,0.000399261541132423,0.0006862296718651905,0.0005427456064988068,6.408923689874858,0.0,3
0.002154434690031882,0.0,-23.65636671002686,GS,0.0031110787678271614,0.002664327139467959,0.0002911976899678443,3.80671300601558e-05,0.00019663369660847851,0.00038576168332721006,0.0002911976899678443,8.0,0.0,3
0.002154434690031882,0.0,-23.65636671002686,MB-fixed,0.0030780136875838693,0.002151385842622089,0.0007727271605825868,0.00015142458068010157,0.0003965676492338276,0.001148886671931346,0.0007727271605825868,6.408923689874861,0.0,3
0.002154434690031882,0.0,-23.65636671002686,MB-global-opt,0.0030734787986258874,0.0021501836495168014,0.0007696212091777916,0.0003401414148599997,-7.533690679357671e-05,0.0016145793251491599,0.0007696212091777916,4.7380473561634675,0.0,3
0.002154434690031882,0.0,-23.65636671002686,PS,0.003078013687585942,0.002151385842622089,0.0007727271605845556,0.000151424580679829,0.00039656764923647346,0.0011488866719326378,0.0007727271605845556,6.408923689874858,0.0,3
0.002154434690031882,0.0,-23.65636671002686,PS+GS,0.003078007406010682,0.002151019981753599,0.0007730870539565484,0.00015142455538800703,0.00039692760543683504,0.0011492465024762618,0.0007730870539565484,6.408923689874858,0.0,3
0.0031622776601683794,0.0,-21.989700043360187,GS,0.004478667943734156,0.003880848417216809,0.0003738861293306397,6.764107576325663e-05,0.00020585638216585495,0.0005419158764954244,0.0003738861293306397,8.0,0.0,3
0.0031622776601683794,0.0,-21.989700043360187,MB-fixed,0.004329537191302357,0.003154844432635917,0.0009582158991013221,0.00010496023844185365,0.0006974802125568379,0.0012189515856458064,0.0009582158991013221,6.408923689874861,0.0,3
0.0031622776601683794,0.0,-21.989700043360187,MB-global-opt,0.004208127117715084,0.003153118527612575,0.0008446022342167551,0.0002195077365535766,0.0002993147878298164,0.0013898896806036937,0.0008446022342167551,4.7380473561634675,0.0,3
0.0031622776601683794,0.0,-21.989700043360187,PS,0.004329537191303838,0.003154844432635917,0.0009582158991027285,0.00010496023844207708,0.0006974802125576892,0.0012189515856477677,0.0009582158991027285,6.408923689874858,0.0,3
0.0031622776601683794,0.0,-21.989700043360187,PS+GS,0.004329534950943052,0.0031543197814629664,0.0009587384219329325,0.00010496549239171546,0.000697989683853461,0.001219487160012404,0.0009587384219329325,6.408923689874858,0.0,3
0.004641588833612777,0.0,-20.323033376693523,GS,0.006545559154731133,0.005650700743206727,0.0005675804537878486,9.113277083215537e-05,0.0003411941009901964,0.0007939668065855008,0.0005675804537878486,8.0,0.0,3
0.004641588833612777,0.0,-20.323033376693523,MB-fixed,0.006539442963237718,0.004624338803935091,0.0015881320111407412,0.00023872071745489285,0.0009951168743422955,0.002181147147939187,0.0015881320111407412,6.408923689874861,0.0,3
0.004641588833612777,0.0,-20.323033376693523,MB-global-opt,0.006598903180001041,0.004621861752560186,0.0016470962684408024,0.00030539708975940846,0.0008884478407200567,0.002405744696161548,0.0016470962684408024,4.7380473561634675,0.0,3
0.004641588833612777,0.0,-20.323033376693523,PS,0.006539442963238902,0.004624338803935091,0.0015881320111418662,0.00023872071745546276,0.0009951168743420047,0.002181147147941728,0.0015881320111418662,6.408923689874858,0.0,3
0.004641588833612777,0.0,-20.323033376693523,PS+GS,0.006539433594150286,0.0046235867008648235,0.001588875213577948,0.00023871799972922705,0.000995866827984319,0.0021818835991715773,0.001588875213577948,6.408923689874858,0.0,3
0.006812920690579608,0.0,-18.65636671002686,GS,0.009840854842289914,0.00822328273237849,0.0011255293677969284,0.0001156785123635219,0.000838168012799088,0.001412890722794769,0.0011255293677969284,8.0,0.0,3
0.006812920690579608,0.0,-18.65636671002686,MB-fixed,0.009631311317326011,0.006774002888752184,0.002375742862707527,0.00020731120771028876,0.0018607532735722748,0.0028907324518427794,0.002375742862707527,6.408923689874861,0.0,3
0.006812920690579608,0.0,-18.65636671002686,MB-global-opt,0.00974516949877676,0.006770448486132619,0.002487462537705302,0.00014168545050649616,0.0021354963669001415,0.0028394287085104623,0.002487462537705302,4.7380473561634675,0.0,3
0.006812920690579608,0.0,-18.65636671002686,PS,0.009631311317327492,0.006774002888754405,0.002375742862706712,0.00020731120771126324,0.0018607532735690393,0.002890732451844385,0.002375742862706712,6.408923689874858,0.0,3
0.006812920690579608,0.0,-18.65636671002686,PS+GS,0.009631306707038748,0.0067729250037675826,0.0023768163679192284,0.00020732888094356596,0.0018617828760387044,0.0028918498597997524,0.0023768163679192284,6.408923689874858,0.0,3
0.01,0.0,-16.989700043360187,GS,0.014431328514354469,0.011957844430309006,0.0017519176583277389,0.0001911272393634951,0.0012771312752880323,0.0022267040413674454,0.0017519176583277389,8.0,0.0,3
0.01,0.0,-16.989700043360187,MB-fixed,0.01406399497816313,0.009913701335726,0.0034470938935289735,0.00013912830987720246,0.003101480012195212,0.003792707774862735,0.0034470938935289735,6.408923689874861,0.0,3
0.01,0.0,-16.989700043360187,MB-global-opt,0.013494971748236809,0.009908601312830223,0.0029116218479947457,0.0006192836027225802,0.001373236096222039,0.0044500075997674525,0.0029116218479947457,4.7380473561634675,0.0,3
0.01,0.0,-16.989700043360187,PS,0.014063994978165203,0.009913701335726,0.003447093893530942,0.0001391283098768078,0.0031014800121981607,0.0037927077748637233,0.003447093893530942,6.408923689874858,0.0,3
0.01,0.0,-16.989700043360187,PS+GS,0.01406398408016655,0.009912156741567646,0.003448628134590577,0.00013915275680245352,0.0031029535237278635,0.0037943027454532905,0.003448628134590577,6.408923689874858,0.0,3
0.01467799267622069,0.0,-15.323033376693523,GS,0.020662255929377277,0.017368947056037864,0.0022601960768705506,0.0001655552658024745,0.0018489339977168706,0.0026714581560242307,0.0022601960768705506,8.0,0.0,3
0.01467799267622069,0.0,-15.323033376693523,MB-fixed,0.020752391232193784,0.014488749861842454,0.00522602180874164,0.00030026284821793944,0.004480127544055135,0.0059719160734281445,0.00522602180874164,6.408923689874861,0.0,3
0.01467799267622069,0.0,-15.323033376693523,MB-global-opt,0.02063552237511838,0.014481430967756337,0.005122315288606123,0.0012050627186417997,0.002128773544240748,0.008115857032971498,0.005122315288606123,4.7380473561634675,0.0,3
0.01467799267622069,0.0,-15.323033376693523,PS,0.020752391232194967,0.014488749861842676,0.005226021808742542,0.0003002628482191838,0.0044801275440529455,0.005971916073432138,0.005226021808742542,6.408923689874858,0.0,3
0.01467799267622069,0.0,-15.323033376693523,PS+GS,0.020752356471774053,0.014486536282129592,0.005228202366055759,0.0003002227411660743,0.0044824077328092975,0.0059739969993022205,0.005228202366055759,6.408923689874858,0.0,3
0.021544346900318822,0.0,-13.656366710026857,GS,0.030665251594313325,0.025187333332364448,0.003944655682233209,0.00042078344832786684,0.0028993716497745623,0.004989939714691857,0.003944655682233209,8.0,0.0,3
0.021544346900318822,0.0,-13.656366710026857,MB-fixed,0.03184448084798319,0.0211325022317832,0.00911975457380083,0.0011429145593385205,0.006280597415674685,0.011958911731926977,0.00911975457380083,6.408923689874861,0.0,3
0.021544346900318822,0.0,-13.656366710026857,MB-global-opt,0.03281161944530423,0.021121993970696806,0.010049044502342215,0.0019524995513531145,0.005198766734710448,0.01489932226997398,0.010049044502342215,4.7380473561634675,0.0,3
0.021544346900318822,0.0,-13.656366710026857,PS,0.03184448084798467,0.021132502231780537,0.0091197545738049,0.0011429145593395901,0.0062805974156760975,0.011958911731933704,0.0091197545738049,6.408923689874858,0.0,3
0.021544346900318822,0.0,-13.656366710026857,PS+GS,0.03184443127244929,0.02112932859812977,0.009122881110697057,0.0011428619141436802,0.0062838547304847545,0.011961907490909359,0.009122881110697057,6.408923689874858,0.0,3
0.03162277660168379,0.0,-11.989700043360187,GS,0.04535710673471005,0.0364373096751085,0.006651941722866051,0.000780821858098152,0.0047122726990295035,0.008591610746702599,0.006651941722866051,8.0,0.0,3
0.03162277660168379,0.0,-11.989700043360187,MB-fixed,0.04490383752434113,0.030731486570850786,0.011927159077273285,0.0014697138587529605,0.008276187455308202,0.015578130699238368,0.011927159077273285,6.408923689874861,0.0,3
0.03162277660168379,0.0,-11.989700043360187,MB-global-opt,0.04350427035999527,0.030716384086342474,0.010612672755653028,0.003434144769042659,0.0020817842273697495,0.01914356128393631,0.010612672755653028,4.7380473561634675,0.0,3
0.03162277660168379,0.0,-11.989700043360187,PS,0.044903837524342606,0.030731486570853006,0.011927159077272468,0.0014697138587541946,0.00827618745530432,0.015578130699240616,0.011927159077272468,6.408923689874858,0.0,3
0.03162277660168379,0.0,-11.989700043360187,PS+GS,0.04490374747400564,0.030726932319230738,0.01193162778107462,0.0014694885403254425,0.00828121588111248,0.01558203968103676,0.01193162778107462,6.408923689874858,0.0,3
0.046415888336127774,0.0,-10.323033376693523,GS,0.066278883964622,0.052525901535293684,0.01043903823109722,0.0009652054549046461,0.00804133496101117,0.01283674150118327,0.01043903823109722,8.0,0.0,3
0.046415888336127774,0.0,-10.323033376693523,MB-fixed,0.06709001793663294,0.044495811620987924,0.019239705418813365,0.0009804364896737446,0.016804166160868887,0.021675244676757844,0.019239705418813365,6.408923689874861,0.0,3
0.046415888336127774,0.0,-10.323033376693523,MB-global-opt,0.06707372024003977,0.044474067908474746,0.019245966319563032,0.001368022002132112,0.015847611273604574,0.02264432136552149,0.019245966319563032,4.7380473561634675,0.0,3
0.046415888336127774,0.0,-10.323033376693523,PS,0.06709001793663354,0.044495811620987924,0.019239705418813927,0.0009804364896742292,0.016804166160868245,0.02167524467675961,0.019239705418813927,6.408923689874858,0.0,3
0.046415888336127774,0.0,-10.323033376693523,PS+GS,0.06708983487045532,0.04448926512346185,0.019246078003470692,0.000980842763926456,0.016809529504333752,0.021682626502607633,0.019246078003470692,6.408923689874858,0.0,3
0.06812920690579609,0.0,-8.656366710026857,GS,0.09559512982050904,0.07532416566006139,0.015491207669422177,0.0002634654417509804,0.014836723229833718,0.016145692109010637,0.015491207669422177,8.0,0.0,3
0.06812920690579609,0.0,-8.656366710026857,MB-fixed,0.09603013151460527,0.0640103488705639,0.027218276068311106,0.004317255519068087,0.01649361882226473,0.03794293331435748,0.027218276068311106,6.408923689874861,0.0,3
0.06812920690579609,0.0,-8.656366710026857,MB-global-opt,0.09752199534086081,0.06397895096180717,0.028666944612010598,0.006662952046824194,0.012115254161115682,0.045218635062905514,0.028666944612010598,4.7380473561634675,0.0,3
0.06812920690579609,0.0,-8.656366710026857,PS,0.09603013151460704,0.06401034887056545,0.02721827606831124,0.004317255519068899,0.01649361882226285,0.037942933314359634,0.02721827606831124,6.408923689874858,0.0,3
0.06812920690579609,0.0,-8.656366710026857,PS+GS,0.09602990733848227,0.06400091164576605,0.027227500325792103,0.004316441653209259,0.01650486483461792,0.03795013581696628,0.027227500325792103,6.408923689874858,0.0,3
0.1,0.0,-6.9897000433601875,GS,0.13662600240007983,0.10718708448079273,0.02260761779928311,0.0017336676716962754,0.01830094855643337,0.026914287042132848,0.02260761779928311,8.0,0.0,3
0.1,0.0,-6.9897000433601875,MB-fixed,0.13461659891617264,0.09120302017655257,0.03668274879381144,0.0031668346881827923,0.02881589531811496,0.044549602269507924,0.03668274879381144,6.408923689874861,0.0,3
0.1,0.0,-6.9897000433601875,MB-global-opt,0.13326265543027382,0.09115746424369897,0.03544205841506116,0.005717670413058343,0.021238577718799855,0.04964553911132246,0.03544205841506116,4.7380473561634675,0.0,3
0.1,0.0,-6.9897000433601875,PS,0.13461659891617384,0.0912030201765528,0.036682748793812336,0.0031668346881839654,0.02881589531811294,0.04454960226951173,0.036682748793812336,6.408923689874858,0.0,3
0.1,0.0,-6.9897000433601875,PS+GS,0.13461676194209757,0.09118935182046917,0.036696572024523505,0.0031665288663936357,0.02883047825226653,0.044562665796780476,0.036696572024523505,6.408923689874858,0.0,3
1e-05,0.0025,-46.989700097646995,GS,1.4517753395300778e-05,1.5503435454089498e-05,-1.7115697285537606e-06,3.575267616282045e-08,-1.8003842997047194e-06,-1.6227551574028019e-06,0.0,8.0,1.0,3
1e-05,0.0025,-46.989700097646995,MB-fixed,1.4479524989082412e-05,1.0426387956119498e-05,3.329160783508792e-06,2.69944750608165e-07,2.6585808484423213e-06,3.999740718575262e-06,3.329160783508792e-06,6.408923689874861,0.0,3
1e-05,0.0025,-46.989700097646995,MB-global-opt,1.4513340987084197e-05,1.03513660532073e-05,3.4363078845226852e-06,1.0226120838222689e-07,3.1822769603343843e-06,3.690338808710986e-06,3.4363078845226852e-06,4.7380473561634675,0.0,3
1e-05,0.0025,-46.989700097646995,PS,1.4479524991450887e-05,1.0426387956119498e-05,3.329160785758844e-06,2.699447502149376e-07,2.6585808516692042e-06,3.999740719848483e-06,3.329160785758844e-06,6.408923689874858,0.0,3
1e-05,0.0025,-46.989700097646995,PS+GS,1.4479511798744701e-05,1.0412082209754203e-05,3.3434539990532614e-06,2.6994328380858516e-07,2.672877707718943e-06,4.01403029038758e-06,3.3434539990532614e-06,6.408923689874858,0.0,3
1.4677992676220705e-05,0.0025,-45.323033456375654,GS,2.081205809408478e-05,2.255670110895558e-05,-2.785245919575038e-06,2.960821416137555e-07,-3.520754733324455e-06,-2.0497371058256207e-06,0.0,8.0,1.0,3
1.4677992676220705e-05,0.0025,-45.323033456375654,MB-fixed,2.1366516399723423e-05,1.529102374897562e-05,5.007166830761634e-06,5.072411578517891e-07,3.747109941605717e-06,6.26722371991755e-06,5.007166830761634e-06,6.408923689874861,0.0,3
1.4677992676220705e-05,0.0025,-45.323033456375654,MB-global-opt,2.1986544678516868e-05,1.5183338090363208e-05,5.703879354227817e-06,6.141302049740967e-07,4.178295352145609e-06,7.2294633563100255e-06,5.703879354227817e-06,4.7380473561634675,0.0,3
1.4677992676220705e-05,0.0025,-45.323033456375654,PS,2.13665164020919e-05,1.529102374897562e-05,5.007166833011684e-06,5.072411574135411e-07,3.7471099449444364e-06,6.267223721078932e-06,5.007166833011684e-06,6.408923689874858,0.0,3
1.4677992676220705e-05,0.0025,-45.323033456375654,PS+GS,2.1366507669817736e-05,1.5270491670271724e-05,5.027690616055125e-06,5.072098416536955e-07,3.767711520647881e-06,6.287669711462369e-06,5.027690616055125e-06,6.408923689874858,0.0,3
2.1544346900318823e-05,0.0025,-43.65636682698424,GS,3.0780476034072045e-05,3.2816247051759007e-05,-3.5747948193905677e-06,1.713793549192201e-07,-4.000524737955571e-06,-3.1490649008255643e-06,0.0,8.0,1.0,3
2.1544346900318823e-05,0.0025,-43.65636682698424,MB-fixed,3.0429967017298054e-05,2.2425292488525983e-05,6.4831761779071675e-06,6.681188565215817e-07,4.823476930510966e-06,8.142875425303369e-06,6.4831761779071675e-06,6.408923689874861,0.0,3
2.1544346900318823e-05,0.0025,-43.65636682698424,MB-global-opt,2.941459817170274e-05,2.2270800263513024e-05,5.673067999604578e-06,1.1536975365594333e-06,2.8071244411193506e-06,8.539011558089805e-06,5.673067999604578e-06,4.7380473561634675,0.0,3
2.1544346900318823e-05,0.0025,-43.65636682698424,PS,3.042996701937047e-05,2.2425292488525983e-05,6.483176179875962e-06,6.681188561574732e-07,4.823476933384256e-06,8.142875426367667e-06,6.483176179875962e-06,6.408923689874858,0.0,3
2.1544346900318823e-05,0.0025,-43.65636682698424,PS+GS,3.043002827052277e-05,2.2395839305300314e-05,6.512687551696316e-06,6.681251345005382e-07,4.8529727089358355e-06,8.172402394456796e-06,6.512687551696316e-06,6.408923689874858,0.0,3
3.1622776601683795e-05,0.0025,-41.989700215030155,GS,4.618724749653561e-05,4.773831666704531e-05,-3.860431545336478e-06,5.495899429452281e-07,-5.225688648588513e-06,-2.495174442084443e-06,0.0,8.0,1.0,3
3.1622776601683795e-05,0.0025,-41.989700215030155,MB-fixed,4.5711317644562634e-05,3.288805209589185e-05,1.0537699666442651e-05,2.1928105666271034e-06,5.090456243227158e-06,1.5984943089658144e-05,1.0537699666442651e-05,6.408923689874861,0.0,3
3.1622776601683795e-05,0.0025,-41.989700215030155,MB-global-opt,4.481563962954738e-05,3.266652635147693e-05,9.908331296593074e-06,3.529787945156085e-06,1.1398519476577983e-06,1.8676810645528347e-05,9.908331296593074e-06,4.7380473561634675,0.0,3
3.1622776601683795e-05,0.0025,-41.989700215030155,PS,4.5711317646042936e-05,3.288805209589185e-05,1.0537699667848936e-05,2.1928105678805114e-06,5.090456241519804e-06,1.5984943094178067e-05,1.0537699667848936e-05,6.408923689874858,0.0,3
3.1622776601683795e-05,0.0025,-41.989700215030155,PS+GS,4.571132618232573e-05,3.2845824348815e-05,1.0579935524394438e-05,2.1928301387828374e-06,5.132643481248786e-06,1.602722756754009e-05,1.0579935524394438e-05,6.408923689874858,0.0,3
4.641588833612782e-05,0.0025,-40.32303362867056,GS,6.627247444335183e-05,6.943991755381518e-05,-6.481066832630945e-06,8.027135953258185e-07,-8.475117946489793e-06,-4.487015718772097e-06,0.0,8.0,1.0,3
4.641588833612782e-05,0.0025,-40.32303362867056,MB-fixed,6.646403247826764e-05,4.82320918884227e-05,1.490873896593155e-05,2.3140917611135194e-06,9.16021635376996e-06,2.0657261578093142e-05,1.490873896593155e-05,6.408923689874861,0.0,3
4.641588833612782e-05,0.0025,-40.32303362867056,MB-global-opt,6.793589649915314e-05,4.791462396469548e-05,1.66244777095e-05,5.383229380441331e-06,3.251794594709046e-06,2.9997160824290955e-05,1.66244777095e-05,4.7380473561634675,0.0,3
4.641588833612782e-05,0.0025,-40.32303362867056,PS,6.646403247945187e-05,4.82320918884227e-05,1.4908738967056573e-05,2.3140917601407538e-06,9.160216357311465e-06,2.065726157680168e-05,1.4908738967056573e-05,6.408923689874858,0.0,3
4.641588833612782e-05,0.0025,-40.32303362867056,PS+GS,6.646404753940516e-05,4.817158300718383e-05,1.496926215525107e-05,2.314164934045534e-06,9.220557771449584e-06,2.0717966539052555e-05,1.496926215525107e-05,6.408923689874858,0.0,3
6.812920690579608e-05,0.0025,-38.65636707987858,GS,9.657538740537319e-05,0.0001009983001567516,-9.251682121647073e-06,3.7100688208252844e-07,-1.0173314308735769e-05,-8.330049934558377e-06,0.0,8.0,1.0,3
6.812920690579608e-05,0.0025,-38.65636707987858,MB-fixed,9.729772835302224e-05,7.073447207561756e-05,2.1698369859753553e-05,3.4777237669392183e-06,1.3059225099356484e-05,3.0337514620150623e-05,2.1698369859753553e-05,6.408923689874861,0.0,3
6.812920690579608e-05,0.0025,-38.65636707987858,MB-global-opt,9.520399535360251e-05,7.027977502915839e-05,2.016402055676399e-05,6.897320176235246e-06,3.030127397173912e-06,3.729791371635406e-05,2.016402055676399e-05,4.7380473561634675,0.0,3
6.812920690579608e-05,0.0025,-38.65636707987858,PS,9.729772835479859e-05,7.073447207561756e-05,2.1698369861441094e-05,3.4777237674472356e-06,1.305922509978204e-05,3.0337514623100147e-05,2.1698369861441094e-05,6.408923689874858,0.0,3
6.812920690579608e-05,0.0025,-38.65636707987858,PS+GS,9.729770880747186e-05,7.064781894161598e-05,2.1785004425482288e-05,3.477721021697854e-06,1.314586648464282e-05,3.0424142366321753e-05,2.1785004425482288e-05,6.408923689874858,0.0,3
0.0001,0.0025,-36.98970058622826,GS,0.00014236461664710967,0.00014688596713252622,-1.1639581317772033e-05,1.3701166642180035e-06,-1.5043139792811361e-05,-8.236022842732704e-06,0.0,8.0,1.0,3
0.0001,0.0025,-36.98970058622826,MB-fixed,0.00014292074303649352,0.00010373420269238487,3.204050319228398e-05,5.6919840969616405e-06,1.7900830842513645e-05,4.618017554205432e-05,3.204050319228398e-05,6.408923689874861,0.0,3
0.0001,0.0025,-36.98970058622826,MB-global-opt,0.00014026032501401886,0.00010308335564013227,3.0163953123185644e-05,6.4534690414503665e-06,1.41326473059042e-05,4.619525894046709e-05,3.0163953123185644e-05,4.7380473561634675,0.0,3
0.0001,0.0025,-36.98970058622826,PS,0.00014292074303708566,0.00010373420269238487,3.204050319284649e-05,5.691984097326731e-06,1.790083084216922e-05,4.618017554352376e-05,3.204050319284649e-05,6.408923689874858,0.0,3
0.0001,0.0025,-36.98970058622826,PS+GS,0.00014292079134807048,0.00010361018574300829,3.216456603765867e-05,5.691875883368259e-06,1.8025162505356578e-05,4.630396956996077e-05,3.216456603765867e-05,6.408923689874858,0.0,3
0.0001467799267622069,0.0025,-35.32303417351485,GS,0.00021133056388134008,0.00021360240649248574,-1.2838370805212676e-05,6.288188909673024e-06,-2.8459098014148047e-05,2.7823564037226963e-06,0.0,8.0,1.0,3
0.0001467799267622069,0.0025,-35.32303417351485,MB-fixed,0.00021404687034050815,0.00015212719447688094,5.121733234660178e-05,9.632236869148507e-06,2.7289529491734562e-05,7.5145135201469e-05,5.121733234660178e-05,6.408923689874861,0.0,3
0.0001467799267622069,0.0025,-35.32303417351485,MB-global-opt,0.00021310494931340665,0.0001511961776818893,5.1253524165847003e-05,1.0430414886061662e-05,2.53429371985003e-05,7.716411113319371e-05,5.1253524165847003e-05,4.7380473561634675,0.0,3
0.0001467799267622069,0.0025,-35.32303417351485,PS,0.00021404687034198844,0.00015212719447688094,5.121733234800807e-05,9.632236868345742e-06,2.7289529495135037e-05,7.51451352008811e-05,5.121733234800807e-05,6.408923689874858,0.0,3
0.0001467799267622069,0.0025,-35.32303417351485,PS+GS,0.00021404688147441675,0.00015194981784016903,5.1394719560526875e-05,9.632407069080418e-06,2.746649390559027e-05,7.532294521546348e-05,5.1394719560526875e-05,6.408923689874858,0.0,3
0.00021544346900318823,0.0025,-33.65636787960057,GS,0.00031414303424733464,0.0003105912494738572,-1.2155366938889289e-05,3.9678033169826456e-06,-2.201193679129178e-05,-2.2987970864867963e-06,0.0,8.0,1.0,3
0.00021544346900318823,0.0025,-33.65636787960057,MB-fixed,0.00031966913067430863,0.00022309154003585796,8.059413410473522e-05,1.2700859171118192e-05,4.904345086652146e-05,0.00011214481734294897,8.059413410473522e-05,6.408923689874861,0.0,3
0.00021544346900318823,0.0025,-33.65636787960057,MB-global-opt,0.0003248949760289814,0.00022176064292067643,8.688958430685583e-05,6.891623288163625e-06,6.976984300176391e-05,0.00010400932561194775,8.688958430685583e-05,4.7380473561634675,0.0,3
0.00021544346900318823,0.0025,-33.65636787960057,PS,0.0003196691306746047,0.00022309154003585796,8.059413410501649e-05,1.2700859170632333e-05,4.904345086800967e-05,0.0001121448173420233,8.059413410501649e-05,6.408923689874858,0.0,3
0.00021544346900318823,0.0025,-33.65636787960057,PS+GS,0.00031966921194677883,0.00022283801737521536,8.084773397422454e-05,1.2700645855056395e-05,4.929758064248442e-05,0.00011239788730596468,8.084773397422454e-05,6.408923689874858,0.0,3
0.00031622776601683794,0.0025,-31.98970176005952,GS,0.00045476307950043093,0.0004515713073665051,-1.954638184109571e-05,3.8081205642345655e-06,-2.9006277745485512e-05,-1.0086485936705911e-05,0.0,8.0,1.0,3
0.00031622776601683794,0.0025,-31.98970176005952,MB-fixed,0.0004557918597400956,0.000327149902386914,0.00010585236436617681,6.919857175455109e-06,8.866248619691568e-05,0.00012304224253543793,0.00010585236436617681,6.408923689874861,0.0,3
0.00031622776601683794,0.0025,-31.98970176005952,MB-global-opt,0.0004544035012097325,0.0003252487103795332,0.00010643461576971266,2.2321326481708976e-05,5.098536688089523e-05,0.0001618838646585301,0.00010643461576971266,4.7380473561634675,0.0,3
0.00031622776601683794,0.0025,-31.98970176005952,PS,0.0004557918597409838,0.00032714990238913444,0.00010585236436480015,6.9198571751005655e-06,8.866248619641975e-05,0.00012304224253318054,0.00010585236436480015,6.408923689874858,0.0,3
0.00031622776601683794,0.0025,-31.98970176005952,PS+GS,0.000455791081785506,0.00032678780282369146,0.0001062137248725392,6.919301491399387e-06,8.902522709899668e-05,0.00012340222264608172,0.0001062137248725392,6.408923689874858,0.0,3
0.00046415888336127773,0.0025,-30.323035896463317,GS,0.000669185700062395,0.0006564672605673394,-2.0740845508064164e-05,9.941820970063448e-06,-4.543769790296297e-05,3.956006886834643e-06,0.0,8.0,1.0,3
0.00046415888336127773,0.0025,-30.323035896463317,MB-fixed,0.0006661539013178933,0.0004797248146011235,0.00015312139165087516,2.0368102546757133e-05,0.00010252421999830483,0.00020371856330344548,0.00015312139165087516,6.408923689874861,0.0,3
0.00046415888336127773,0.0025,-30.323035896463317,MB-global-opt,0.0006642189123355161,0.00047701095211527544,0.00015399701460346485,4.788845941174597e-05,3.5035486622595876e-05,0.0002729585425843338,0.00015399701460346485,4.7380473561634675,0.0,3
0.00046415888336127773,0.0025,-30.323035896463317,PS,0.0006661539013184855,0.0004797248146011235,0.0001531213916514377,2.0368102547208178e-05,0.00010252421999774693,0.00020371856330512846,0.0001531213916514377,6.408923689874858,0.0,3
0.00046415888336127773,0.0025,-30.323035896463317,PS+GS,0.0006661532952347097,0.00047920802283973885,0.00015363760763323537,2.0366947604594677e-05,0.00010304330501604566,0.0002042319102504251,0.00015363760763323537,6.408923689874858,0.0,3
0.0006812920690579609,0.0025,-28.656370408542607,GS,0.0009828906951166634,0.0009542081398750124,-2.046197951418216e-05,1.6755230240568135e-05,-6.208427882332121e-05,2.11603197949569e-05,0.0,8.0,1.0,3
0.0006812920690579609,0.0025,-28.656370408542607,MB-fixed,0.0009797590897798376,0.0007034136828554249,0.0002273574524354208,2.1251457124585377e-05,0.00017456590636324727,0.00028014899850759434,0.0002273574524354208,6.408923689874861,0.0,3
0.0006812920690579609,0.0025,-28.656370408542607,MB-global-opt,0.0009661805239418916,0.000699542747319315,0.00021832875042548193,3.527352774738138e-05,0.00013070444992282603,0.0003059530509281378,0.00021832875042548193,4.7380473561634675,0.0,3
0.0006812920690579609,0.0025,-28.656370408542607,PS,0.000979759089781022,0.0007034136828554249,0.00022735745243654588,2.1251457124223786e-05,0.00017456590636527058,0.0002801489985078212,0.00022735745243654588,6.408923689874858,0.0,3
0.0006812920690579609,0.0025,-28.656370408542607,PS+GS,0.0009797590278335377,0.0007026766869830947,0.00022809438945876607,2.1251682921576816e-05,0.0001753022824757709,0.0002808864964417613,0.00022809438945876607,6.408923689874858,0.0,3
0.001,0.0025,-26.98970547203782,GS,0.0014327452061436337,0.0013867794983537518,-2.567155251729982e-05,1.3447016485253594e-05,-5.9075793278432695e-05,7.732688243833052e-06,0.0,8.0,1.0,3
0.001,0.0025,-26.98970547203782,MB-fixed,0.0014491106630846555,0.0010313124310119548,0.00034534269891846786,5.8588551815683224e-05,0.0001998006678780945,0.0004908847299588412,0.00034534269891846786,6.408923689874861,0.0,3
0.001,0.0025,-26.98970547203782,MB-global-opt,0.0014697409581560332,0.0010257955101264926,0.00037045840012173885,0.00010132480620250195,0.00011875362790142918,0.0006221631723420485,0.00037045840012173885,4.7380473561634675,0.0,3
0.001,0.0025,-26.98970547203782,PS,0.0014491106630864319,0.0010313124310119548,0.0003453426989201553,5.858855181496174e-05,0.00019980066788157421,0.0004908847299587364,0.0003453426989201553,6.408923689874858,0.0,3
0.001,0.0025,-26.98970547203782,PS+GS,0.001449112140715414,0.0010302622540012685,0.00034639427967837473,5.858862483514797e-05,0.0002008520672475953,0.0004919364921091541,0.00034639427967837473,6.408923689874858,0.0,3
0.0014677992676220691,0.0025,-25.323041344900243,GS,0.0021342104717444834,0.002015082225816922,1.2417722340337238e-05,4.1524865763619776e-05,-9.073576267716249e-05,0.00011557120735783698,2.329302113865944e-05,8.0,0.3333333333333333,3
0.0014677992676220691,0.0025,-25.323041344900243,MB-fixed,0.00208682282207473,0.0015118623080498939,0.00047061937292109936,3.7175442911049195e-05,0.000378270453235885,0.0005629682926063137,0.00047061937292109936,6.408923689874861,0.0,3
0.0014677992676220691,0.0025,-25.323041344900243,MB-global-opt,0.0020717151370091003,0.0015040060051185744,0.00046412337504007076,3.274863227360415e-05,0.0003827712626019749,0.0005454754874781667,0.00046412337504007076,4.7380473561634675,0.0,3
0.0014677992676220691,0.0025,-25.323041344900243,PS,0.00208682282207621,0.0015118623080498939,0.00047061937292250557,3.717544291146376e-05,0.00037827045323626134,0.0005629682926087498,0.00047061937292250557,6.408923689874858,0.0,3
0.0014677992676220691,0.0025,-25.323041344900243,PS+GS,0.0020868213769424195,0.0015103671213680947,0.000472113186727204,3.7174998515890265e-05,0.0003797653709807628,0.0005644610024736451,0.000472113186727204,6.408923689874858,0.0,3
0.002154434690031882,0.0025,-23.65637840574983,GS,0.003119869298005599,0.002927385107085012,3.64907260203068e-05,1.9702827639848964e-05,-1.2453811147352226e-05,8.543526318796583e-05,3.64907260203068e-05,8.0,0.0,3
0.002154434690031882,0.0025,-23.65637840574983,MB-fixed,0.0031046026327776013,0.0022158988211400388,0.0007334736799986824,3.182741680034057e-05,0.0006544099936583401,0.0008125373663390247,0.0007334736799986824,6.408923689874861,0.0,3
0.002154434690031882,0.0025,-23.65637840574983,MB-global-opt,0.0030854795116136793,0.002204720641961977,0.0007264848940710185,7.080755765286438e-05,0.0005505891698307822,0.0009023806183112548,0.0007264848940710185,4.7380473561634675,0.0,3
0.002154434690031882,0.0025,-23.65637840574983,PS,0.0031046026327793777,0.0022158988211400388,0.0007334736800003699,3.1827416800986586e-05,0.0006544099936584229,0.0008125373663423169,0.0007334736800003699,6.408923689874858,0.0,3
0.002154434690031882,0.0025,-23.65637840574983,PS+GS,0.0031046062720137733,0.0022137718870651746,0.0007356040713479097,3.182362929317117e-05,0.0006565497936969603,0.0008146583489988591,0.0007356040713479097,6.408923689874858,0.0,3
0.0031622776601683794,0.0025,-21.989717210322986,GS,0.004524648916437002,0.004251480203655511,4.6936266959640475e-05,5.386218763938125e-05,-8.686482459106085e-05,0.00018073735851034182,5.03248530617561e-05,8.0,0.3333333333333333,3
0.0031622776601683794,0.0025,-21.989717210322986,MB-fixed,0.004650531782975105,0.0032468621427781397,0.0011711430510482103,0.00012180157419582406,0.0008685711672415575,0.0014737149348548631,0.0011711430510482103,6.408923689874861,0.0,3
0.0031622776601683794,0.0025,-21.989717210322986,MB-global-opt,0.004744934233545273,0.003230971155643969,0.0012767163662240398,0.00030172279283403403,0.000527195398059672,0.0020262373343884078,0.0012767163662240398,4.7380473561634675,0.0,3
0.0031622776601683794,0.0025,-21.989717210322986,PS,0.00465053178297629,0.0032468621427781397,0.0011711430510493355,0.00012180157419652611,0.0008685711672409386,0.0014737149348577323,0.0011711430510493355,6.408923689874858,0.0,3
0.0031622776601683794,0.0025,-21.989717210322986,PS+GS,0.004650531715766644,0.003243839176156005,0.0011741659538223072,0.00012180468383182892,0.0008715863452515848,0.0014767455623930295,0.0011741659538223072,6.408923689874858,0.0,3
0.004641588833612777,0.0025,-20.323058574325646,GS,0.006694545626538743,0.0061720791546373555,0.00018773919057445015,3.7631704345630654e-05,9.425685465318873e-05,0.00028122152649571157,0.00018773919057445015,8.0,0.0,3
0.004641588833612777,0.0025,-20.323058574325646,MB-fixed,0.006641999023976257,0.004755497945718279,0.0015544011270591641,0.00031018757528647944,0.0007838524735831748,0.0023249497805351536,0.0015544011270591641,6.408923689874861,0.0,3
0.004641588833612777,0.0025,-20.323058574325646,MB-global-opt,0.006676652206742517,0.004732926405343729,0.0016098931910616618,0.0006815635144710895,-8.320443816808203e-05,0.0033029908202914056,0.0016098931910616618,4.7380473561634675,0.0,3
0.004641588833612777,0.0025,-20.323058574325646,PS,0.006641999023978033,0.004755497945718279,0.0015544011270608518,0.0003101875752875941,0.0007838524735820934,0.00232494978053961,0.0015544011270608518,6.408923689874858,0.0,3
0.004641588833612777,0.0025,-20.323058574325646,PS+GS,0.006642014558113789,0.004751205188820329,0.00155870864138777,0.00031019149620728807,0.0007881502478045352,0.0023292670349710047,0.00155870864138777,6.408923689874858,0.0,3
0.006812920690579608,0.0025,-18.65640369504264,GS,0.009907254323181292,0.008955529332371537,0.00045636227465069003,0.0001424657112720561,0.00010245782865282705,0.000810266720648553,0.00045636227465069003,8.0,0.0,3
0.006812920690579608,0.0025,-18.65640369504264,MB-fixed,0.009734974639766136,0.00696083095484612,0.002287394952931709,0.00048774391409222667,0.0010757719022735104,0.003499018003589908,0.002287394952931709,6.408923689874861,0.0,3
0.006812920690579608,0.0025,-18.65640369504264,MB-global-opt,0.009583742691147812,0.0069287964317354955,0.0021757591248549256,0.000717562173250735,0.0003932358697793408,0.00395828237993051,0.0021757591248549256,4.7380473561634675,0.0,3
0.006812920690579608,0.0025,-18.65640369504264,PS,0.009734974639767913,0.00696083095484612,0.002287394952933397,0.0004877439140909756,0.001075771902278306,0.003499018003588488,0.002287394952933397,6.408923689874858,0.0,3
0.006812920690579608,0.0025,-18.65640369504264,PS+GS,0.009734967738849262,0.006954740098555456,0.0022934792533513414,0.00048774855252776934,0.0010818446801804879,0.003505113826522195,0.0022934792533513414,6.408923689874858,0.0,3
0.01,0.0025,-16.989754329831136,GS,0.014439410634769168,0.012984539847975096,0.0007329002550556125,0.0003342209600166583,-9.73506357688788e-05,0.0015631511458801036,0.0007329002550556125,8.0,0.0,3
0.01,0.0025,-16.989754329831136,MB-fixed,0.014039063543688298,0.01017967004989151,0.0031574403166123727,0.0004553261711107919,0.002026347403823188,0.004288533229401557,0.0031574403166123727,6.408923689874861,0.0,3
0.01,0.0025,-16.989754329831136,MB-global-opt,0.01413903302069001,0.010134238441688037,0.003297842927967471,0.0005179437926306339,0.0020111992201426654,0.004584486635792277,0.003297842927967471,4.7380473561634675,0.0,3
0.01,0.0025,-16.989754329831136,PS,0.01403906354369037,0.01017967004989151,0.0031574403166143416,0.0004553261711112918,0.002026347403823915,0.004288533229404768,0.0031574403166143416,6.408923689874858,0.0,3
0.01,0.0025,-16.989754329831136,PS+GS,0.014039079864906157,0.01017103440601086,0.003166091465649989,0.0004553236796433356,0.0020350047420090696,0.004297178189290908,0.003166091465649989,6.408923689874858,0.0,3
0.01467799267622069,0.0025,-15.323113058102857,GS,0.0209425886721523,0.018806127594861888,0.001089331643682797,0.00019777236645973894,0.0005980378498241417,0.0015806254375414523,0.001089331643682797,8.0,0.0,3
0.01467799267622069,0.0025,-15.323113058102857,MB-fixed,0.021392556134133933,0.01486720566822397,0.0054557226592032645,0.0004846339187868811,0.004251825265166345,0.006659620053240184,0.0054557226592032645,6.408923689874861,0.0,3
0.01467799267622069,0.0025,-15.323113058102857,MB-global-opt,0.022014854492294234,0.014802811373822777,0.006111300393856743,0.0010455029596999842,0.003514127063951612,0.008708473723761875,0.006111300393856743,4.7380473561634675,0.0,3
0.01467799267622069,0.0025,-15.323113058102857,PS,0.021392556134136303,0.01486720566822397,0.005455722659205515,0.00048463391878717025,0.004251825265167878,0.006659620053243153,0.005455722659205515,6.408923689874858,0.0,3
0.01467799267622069,0.0025,-15.323113058102857,PS+GS,0.0213925340251917,0.01485496934074404,0.005467937983188075,0.00048464688729856045,0.004264008373582228,0.006671867592793922,0.005467937983188075,6.408923689874858,0.0,3
0.021544346900318822,0.0025,-13.656483665839216,GS,0.030678813663514326,0.027195984167057485,0.0019488888132811223,0.00041871979082932153,0.0009087311902386847,0.00298904643632356,0.0019488888132811223,8.0,0.0,3
0.021544346900318822,0.0025,-13.656483665839216,MB-fixed,0.03111151431685914,0.02167087408031021,0.00788506452070597,0.0007316287884782936,0.006067597856267358,0.009702531185144582,0.00788506452070597,6.408923689874861,0.0,3
0.021544346900318822,0.0025,-13.656483665839216,MB-global-opt,0.030879152624603872,0.021579631025678614,0.007755563967695062,0.00044355865332248545,0.00665370318961714,0.008857424745772984,0.007755563967695062,4.7380473561634675,0.0,3
0.021544346900318822,0.0025,-13.656483665839216,PS,0.031111514316860028,0.02167087408031021,0.007885064520706813,0.0007316287884771697,0.0060675978562709934,0.009702531185142634,0.007885064520706813,6.408923689874858,0.0,3
0.021544346900318822,0.0025,-13.656483665839216,PS+GS,0.031111544470346253,0.0216535416263004,0.00790242562052854,0.0007315762995078656,0.006085089345920817,0.009719761895136262,0.00790242562052854,6.408923689874858,0.0,3
0.03162277660168379,0.0025,-11.98987170993461,GS,0.04470020883807546,0.03924088335488429,0.0032243150412873934,0.0002971832786555855,0.002486070851486595,0.003962559231088192,0.0032243150412873934,8.0,0.0,3
0.03162277660168379,0.0025,-11.98987170993461,MB-fixed,0.04564953814575793,0.031497387842915,0.01186967339555503,0.0007671460491977041,0.009963976964346356,0.013775369826763705,0.01186967339555503,6.408923689874861,0.0,3
0.03162277660168379,0.0025,-11.98987170993461,MB-global-opt,0.047410435287552545,0.031368086952416,0.013671826570758923,0.0003624936940837821,0.01277134231502487,0.014572310826492975,0.013671826570758923,4.7380473561634675,0.0,3
0.03162277660168379,0.0025,-11.98987170993461,PS,0.045649538145759117,0.031497387842916336,0.011869673395554824,0.0007671460491964155,0.00996397696434935,0.013775369826760298,0.011869673395554824,6.408923689874858,0.0,3
0.03162277660168379,0.0025,-11.98987170993461,PS+GS,0.04564954499782233,0.03147283473605733,0.01189423301187388,0.0007672914233357657,0.009988175451286538,0.01380029057246122,0.01189423301187388,6.408923689874858,0.0,3
0.046415888336127774,0.0025,-10.323285346436181,GS,0.06554185625434646,0.05643530941117758,0.005829454030451553,0.0004809748683754076,0.004634646221530858,0.007024261839372248,0.005829454030451553,8.0,0.0,3
0.046415888336127774,0.0025,-10.323285346436181,MB-fixed,0.06529107737895234,0.04558602853514038,0.01644049497486435,0.001548774383508839,0.012593126121844852,0.020287863827883848,0.01644049497486435,6.408923689874861,0.0,3
0.046415888336127774,0.0025,-10.323285346436181,MB-global-opt,0.06478116007102545,0.045402649089285374,0.016139452978188803,0.003273379733983638,0.008007926936221552,0.024270979020156055,0.016139452978188803,4.7380473561634675,0.0,3
0.046415888336127774,0.0025,-10.323285346436181,PS,0.06529107737895294,0.04558602853514171,0.016440494974863575,0.0015487743835091,0.012593126121843429,0.02028786382788372,0.016440494974863575,6.408923689874858,0.0,3
0.046415888336127774,0.0025,-10.323285346436181,PS+GS,0.06529089581161725,0.045551219902468576,0.01647513111856781,0.0015488726894835284,0.012627518059969298,0.02032274417716632,0.01647513111856781,6.408923689874858,0.0,3
0.06812920690579609,0.0025,-8.656736546011881,GS,0.0946786987144795,0.080774453093448,0.009170310685307525,0.0006571519888226827,0.007537854647541598,0.010802766723073454,0.009170310685307525,8.0,0.0,3
0.06812920690579609,0.0025,-8.656736546011881,MB-fixed,0.09507759861198088,0.0655644077280999,0.024759310953281922,0.0016814442672463334,0.020582371838860667,0.028936250067703177,0.024759310953281922,6.408923689874861,0.0,3
0.06812920690579609,0.0025,-8.656736546011881,MB-global-opt,0.09386836713819413,0.06530383978253962,0.0238711089987448,0.0028760304180612873,0.016726653377186224,0.031015564620303377,0.0238711089987448,4.7380473561634675,0.0,3
0.06812920690579609,0.0025,-8.656736546011881,PS,0.09507759861198177,0.06556440772810235,0.024759310953280326,0.001681444267245293,0.020582371838861656,0.028936250067698996,0.024759310953280326,6.408923689874858,0.0,3
0.06812920690579609,0.0025,-8.656736546011881,PS+GS,0.09507758068646588,0.06551496827780978,0.0248087333743328,0.0016808599471770725,0.02063324579143131,0.02898422095723429,0.0248087333743328,6.408923689874858,0.0,3
0.1,0.0025,-6.9902428775361365,GS,0.1359601430267879,0.11479367801611717,0.01436845785933132,0.0020006860419328363,0.009398478213255049,0.01933843750540759,0.01436845785933132,8.0,0.0,3
0.1,0.0025,-6.9902428775361365,MB-fixed,0.13915431800008626,0.09342444650991877,0.03877215559016317,0.003641094657907568,0.0297271750385144,0.04781713614181194,0.03877215559016317,6.408923689874861,0.0,3
0.1,0.0025,-6.9902428775361365,MB-global-opt,0.1399353537040442,0.0930528536166102,0.03988573240223178,0.0062639412629811216,0.024325239686864217,0.05544622511759935,0.03988573240223178,4.7380473561634675,0.0,3
0.1,0.0025,-6.9902428775361365,PS,0.13915431800008804,0.09342444650991832,0.03877215559016531,0.0036410946579081577,0.029727175038515075,0.04781713614181554,0.03877215559016531,6.408923689874858,0.0,3
0.1,0.0025,-6.9902428775361365,PS+GS,0.13915357017861543,0.09335397404969314,0.03884191761999153,0.0036408972575437317,0.02979742743803087,0.047886407801952184,0.03884191761999153,6.408923689874858,0.0,3
1e-05,0.005,-46.98970015193381,GS,1.4437639814050366e-05,1.6437876281027997e-05,-2.7221184576801493e-06,1.3806615321692425e-07,-3.06509379559836e-06,-2.379143119761939e-06,0.0,8.0,1.0,3
1e-05,0.005,-46.98970015193381,MB-fixed,1.4515492574436925e-05,1.077427462470304e-05,3.0154433210120375e-06,2.2326196884243636e-07,2.4608298446177874e-06,3.5700567974062876e-06,3.0154433210120375e-06,6.408923689874861,0.0,3
1e-05,0.005,-46.98970015193381,MB-global-opt,1.5142933904736347e-05,1.0674444060665422e-05,3.711343148834108e-06,5.270673385593973e-07,2.4020352965030556e-06,5.02065100116516e-06,3.711343148834108e-06,4.7380473561634675,0.0,3
1e-05,0.005,-46.98970015193381,PS,1.4515492575029043e-05,1.077427462470304e-05,3.0154433215745504e-06,2.2326196939798827e-07,2.4608298438002324e-06,3.5700567993488683e-06,3.0154433215745504e-06,6.408923689874858,0.0,3
1e-05,0.005,-46.98970015193381,PS+GS,1.451547626126389e-05,1.0755502542147966e-05,3.0341999060527286e-06,2.2325828826208807e-07,2.4795955727269224e-06,3.588804239378535e-06,3.0341999060527286e-06,6.408923689874858,0.0,3
1.4677992676220705e-05,0.005,-45.3230335360578,GS,2.127025147717158e-05,2.3892319485518954e-05,-3.685580582205953e-06,1.8552435517569828e-07,-4.146448629340356e-06,-3.2247125350715498e-06,0.0,8.0,1.0,3
1.4677992676220705e-05,0.005,-45.3230335360578,MB-fixed,2.110597249860291e-05,1.579049335909133e-05,4.2601805145814345e-06,3.775200996046995e-07,3.3223685982212814e-06,5.197992430941588e-06,4.2601805145814345e-06,6.408923689874861,0.0,3
1.4677992676220705e-05,0.005,-45.3230335360578,MB-global-opt,2.079347857749288e-05,1.5647324656198336e-05,4.1064799924199e-06,3.3626047401829606e-07,3.2711626679503603e-06,4.94179731688944e-06,4.1064799924199e-06,4.7380473561634675,0.0,3
1.4677992676220705e-05,0.005,-45.3230335360578,PS,2.1105972500379266e-05,1.579049335909133e-05,4.260180516268973e-06,3.775200987931798e-07,3.3223686019247466e-06,5.1979924306132e-06,4.260180516268973e-06,6.408923689874858,0.0,3
1.4677992676220705e-05,0.005,-45.3230335360578,PS+GS,2.110596888519704e-05,1.5763574287674942e-05,4.287096153262244e-06,3.7752345093928513e-07,3.349275911725462e-06,5.224916394799026e-06,4.287096153262244e-06,6.408923689874858,0.0,3
2.1544346900318823e-05,0.005,-43.65636694394163,GS,3.0728698487081374e-05,3.472389633141226e-05,-5.531632768684958e-06,2.587068024416212e-07,-6.1742960929085675e-06,-4.888969444461349e-06,0.0,8.0,1.0,3
2.1544346900318823e-05,0.005,-43.65636694394163,MB-fixed,3.0131062205877395e-05,2.314203619957489e-05,5.482472896008633e-06,9.064006526682264e-07,3.2308488527882826e-06,7.734096939228984e-06,5.482472896008633e-06,6.408923689874861,0.0,3
2.1544346900318823e-05,0.005,-43.65636694394163,MB-global-opt,2.9386563359009205e-05,2.2936828590669478e-05,4.980406600389267e-06,4.0066949253834334e-07,3.985088404039235e-06,5.975724796739299e-06,4.980406600389267e-06,4.7380473561634675,0.0,3
2.1544346900318823e-05,0.005,-43.65636694394163,PS,3.0131062207653752e-05,2.314203619957489e-05,5.482472897696173e-06,9.064006526771781e-07,3.2308488544535845e-06,7.73409694093876e-06,5.482472897696173e-06,6.408923689874858,0.0,3
2.1544346900318823e-05,0.005,-43.65636694394163,PS+GS,3.013107811433713e-05,2.310345580647244e-05,5.521068402147832e-06,9.063993953313372e-07,3.269447482325464e-06,7.772689321970199e-06,5.521068402147832e-06,6.408923689874858,0.0,3
3.1622776601683795e-05,0.005,-41.989700386700115,GS,4.565709893030364e-05,5.046090998939157e-05,-7.086666005603113e-06,8.164524899052618e-08,-7.289484047603212e-06,-6.883847963603015e-06,0.0,8.0,1.0,3
3.1622776601683795e-05,0.005,-41.989700386700115,MB-fixed,4.701230805329951e-05,3.391605044056334e-05,1.07456422100712e-05,9.21814997106022e-07,8.455726812531488e-06,1.3035557607610913e-05,1.07456422100712e-05,6.408923689874861,0.0,3
3.1622776601683795e-05,0.005,-41.989700386700115,MB-global-opt,4.9192773438733184e-05,3.3622090495510903e-05,1.3111044271285617e-05,2.2941610518113337e-06,7.412032285722905e-06,1.881005625684833e-05,1.3111044271285617e-05,4.7380473561634675,0.0,3
3.1622776601683795e-05,0.005,-41.989700386700115,PS,4.701230805418769e-05,3.391605044056334e-05,1.0745642210914967e-05,9.218149979406918e-07,8.45572681130182e-06,1.3035557610528114e-05,1.0745642210914967e-05,6.408923689874858,0.0,3
3.1622776601683795e-05,0.005,-41.989700386700115,PS+GS,4.7012343111478096e-05,3.386078920186719e-05,1.0800936754037e-05,9.218116709376636e-07,8.511029619157542e-06,1.309084388891646e-05,1.0800936754037e-05,6.408923689874858,0.0,3
4.641588833612782e-05,0.005,-40.3230338806476,GS,6.673737289553117e-05,7.332245993674213e-05,-9.92195568598753e-06,6.863629966782618e-07,-1.1626975889964837e-05,-8.216935482010223e-06,0.0,8.0,1.0,3
4.641588833612782e-05,0.005,-40.3230338806476,MB-fixed,6.828010011676137e-05,4.970570731588353e-05,1.516038779503977e-05,1.6225812037972787e-06,1.1129672636359652e-05,1.919110295371989e-05,1.516038779503977e-05,6.408923689874861,0.0,3
4.641588833612782e-05,0.005,-40.3230338806476,MB-global-opt,6.819144913775925e-05,4.928486441468927e-05,1.5497012266182015e-05,3.572606492511886e-06,6.622165748999146e-06,2.4371858783364884e-05,1.5497012266182015e-05,4.7380473561634675,0.0,3
4.641588833612782e-05,0.005,-40.3230338806476,PS,6.828010011794561e-05,4.970570731588353e-05,1.5160387796164793e-05,1.6225812047357694e-06,1.1129672635153334e-05,1.9191102957176252e-05,1.5160387796164793e-05,6.408923689874858,0.0,3
4.641588833612782e-05,0.005,-40.3230338806476,PS+GS,6.827999786640504e-05,4.962660126950347e-05,1.523939670358132e-05,1.6224198694399422e-06,1.1209082321662457e-05,1.9269711085500183e-05,1.523939670358132e-05,6.408923689874858,0.0,3
6.812920690579608e-05,0.005,-38.656367449730254,GS,0.00010011054789682561,0.00010653025134699234,-1.142523084500802e-05,1.5985671684579312e-06,-1.5396291832891098e-05,-7.454169857124941e-06,0.0,8.0,1.0,3
6.812920690579608e-05,0.005,-38.656367449730254,MB-fixed,0.00010329581196592368,7.2845665310739e-05,2.5285356056888484e-05,2.16118282639765e-06,1.9916680295913444e-05,3.0654031817863524e-05,2.5285356056888484e-05,6.408923689874861,0.0,3
6.812920690579608e-05,0.005,-38.656367449730254,MB-global-opt,0.00010398943665279603,7.224355513879566e-05,2.654640968136057e-05,4.67306127992334e-06,1.4937881926726592e-05,3.815493743599455e-05,2.654640968136057e-05,4.7380473561634675,0.0,3
6.812920690579608e-05,0.005,-38.656367449730254,PS,0.00010329581196770003,7.2845665310739e-05,2.5285356058576028e-05,2.161182826783576e-06,1.9916680296642296e-05,3.0654031820509764e-05,2.5285356058576028e-05,6.408923689874858,0.0,3
6.812920690579608e-05,0.005,-38.656367449730254,PS+GS,0.00010329589163967275,7.273249809647275e-05,2.5398598961216352e-05,2.1611426865070813e-06,2.003002291325722e-05,3.0767175009175485e-05,2.5398598961216352e-05,6.408923689874858,0.0,3
0.0001,0.005,-36.98970112909626,GS,0.00014576830904230084,0.0001547609019878493,-1.628100839766352e-05,5.552886404527264e-07,-1.7660421850301616e-05,-1.4901594945025428e-05,0.0,8.0,1.0,3
0.0001,0.005,-36.98970112909626,MB-fixed,0.00014024560634447644,0.0001067570211612523,2.6476304866000306e-05,4.923174812751168e-06,1.4246460652257317e-05,3.870614907974329e-05,2.6476304866000306e-05,6.408923689874861,0.0,3
0.0001,0.005,-36.98970112909626,MB-global-opt,0.0001377298089607256,0.00010589614205347431,2.4947176459214997e-05,9.59281499527744e-06,1.1173029678975514e-06,4.877704995053244e-05,2.4947176459214997e-05,4.7380473561634675,0.0,3
0.0001,0.005,-36.98970112909626,PS,0.00014024560634536462,0.0001067570211612523,2.6476304866844076e-05,4.92317481358542e-06,1.424646065102869e-05,3.870614908265946e-05,2.6476304866844076e-05,6.408923689874858,0.0,3
0.0001,0.005,-36.98970112909626,PS+GS,0.00014024568286785666,0.0001065952357235389,2.6638163000924913e-05,4.922984486085875e-06,1.4408791584828723e-05,3.88675344170211e-05,2.6638163000924913e-05,6.408923689874858,0.0,3
0.0001467799267622069,0.005,-35.32303497033604,GS,0.0002137834966090916,0.00022480189046891752,-2.17075686902805e-05,6.5810505508700874e-06,-3.8055804546429574e-05,-5.359332834131425e-06,0.0,8.0,1.0,3
0.0001467799267622069,0.005,-35.32303497033604,MB-fixed,0.00021342355864432486,0.0001564525706447828,4.629981006732582e-05,6.217136565295119e-06,3.0855586666565685e-05,6.174403346808595e-05,4.629981006732582e-05,6.408923689874861,0.0,3
0.0001467799267622069,0.005,-35.32303497033604,MB-global-opt,0.00022084956353030094,0.00015522257405842232,5.458451129536356e-05,1.1838003922235203e-05,2.5177279320655198e-05,8.399174327007193e-05,5.458451129536356e-05,4.7380473561634675,0.0,3
0.0001467799267622069,0.005,-35.32303497033604,PS,0.00021342355864639728,0.0001564525706447828,4.629981006929461e-05,6.217136564918695e-06,3.0855586669469564e-05,6.174403346911964e-05,4.629981006929461e-05,6.408923689874858,0.0,3
0.0001467799267622069,0.005,-35.32303497033604,PS+GS,0.0002134234066000218,0.00015622144339100252,4.653079287901817e-05,6.217210479204611e-06,3.108638586592804e-05,6.197519989210829e-05,4.653079287901817e-05,6.408923689874858,0.0,3
0.00021544346900318823,0.005,-33.656369049173975,GS,0.00031251786972733936,0.0003265025384391329,-2.9610562198160556e-05,7.577290585143391e-06,-4.8433595493372714e-05,-1.0787528902948395e-05,0.0,8.0,1.0,3
0.00021544346900318823,0.005,-33.656369049173975,MB-fixed,0.00030818944894939193,0.00022927669001782114,6.35032864841012e-05,2.05938395748789e-05,1.2345352967042107e-05,0.00011466122000116031,6.35032864841012e-05,6.408923689874861,0.0,3
0.00021544346900318823,0.005,-33.656369049173975,MB-global-opt,0.0002948790116186946,0.00022752060455966117,5.261445647809874e-05,3.323497411694803e-05,-2.9945796073834876e-05,0.00013517470903003234,5.261445647809874e-05,4.7380473561634675,0.0,3
0.00021544346900318823,0.005,-33.656369049173975,PS,0.0003081894489502801,0.00022927669001782114,6.350328648494496e-05,2.0593839575689564e-05,1.2345352965872064e-05,0.00011466122000401786,6.350328648494496e-05,6.408923689874858,0.0,3
0.00021544346900318823,0.005,-33.656369049173975,PS+GS,0.0003081896992063922,0.00022894674613982424,6.383346810624837e-05,2.0594032578661502e-05,1.2675055141214406e-05,0.00011499188107128234,6.383346810624837e-05,6.408923689874858,0.0,3
0.00031622776601683794,0.005,-31.989703476758176,GS,0.00045686758765928204,0.0004741521819262573,-4.0127973649939384e-05,4.6033001264462266e-06,-5.156320509240781e-05,-2.8692742207470958e-05,0.0,8.0,1.0,3
0.00031622776601683794,0.005,-31.989703476758176,MB-fixed,0.00045536708081546823,0.00033598837656079183,9.661035021390297e-05,7.583008657269696e-06,7.777311244008353e-05,0.00011544758798772242,9.661035021390297e-05,6.408923689874861,0.0,3
0.00031622776601683794,0.005,-31.989703476758176,MB-global-opt,0.00044551592407297375,0.00033348312629044585,8.975700157887917e-05,2.239752011718908e-05,3.41184772067726e-05,0.00014539552595098574,8.975700157887917e-05,4.7380473561634675,0.0,3
0.00031622776601683794,0.005,-31.989703476758176,PS,0.0004553670808175407,0.00033598837656079183,9.661035021587178e-05,7.58300865678344e-06,7.777311244326026e-05,0.0001154475879884833,9.661035021587178e-05,6.408923689874858,0.0,3
0.00031622776601683794,0.005,-31.989703476758176,PS+GS,0.0004553671495977814,0.0003355177356745287,9.708105644336364e-05,7.583531440572115e-06,7.82425200038276e-05,0.00011591959288289969,9.708105644336364e-05,6.408923689874858,0.0,3
0.00046415888336127773,0.005,-30.323038416231643,GS,0.0006740081581580645,0.0006884763764258839,-4.816862617572269e-05,1.14810380226984e-05,-7.66891056975938e-05,-1.9648146653851588e-05,0.0,8.0,1.0,3
0.00046415888336127773,0.005,-30.323038416231643,MB-fixed,0.0006694722513378437,0.0004923457264101039,0.00014365291236084762,4.722626276997221e-06,0.00013192125832780114,0.0001553845663938941,0.00014365291236084762,6.408923689874861,0.0,3
0.00046415888336127773,0.005,-30.323038416231643,MB-global-opt,0.0006697474502190085,0.0004887746144448535,0.00014748546326320464,7.699287924836214e-06,0.0001283593717757321,0.0001666115547506772,0.00014748546326320464,4.7380473561634675,0.0,3
0.00046415888336127773,0.005,-30.323038416231643,PS,0.000669472251339028,0.0004923457264101039,0.00014365291236197265,4.722626277971534e-06,0.00013192125832650584,0.00015538456639743945,0.00014365291236197265,6.408923689874858,0.0,3
0.00046415888336127773,0.005,-30.323038416231643,PS+GS,0.0006694727557740402,0.0004916749422814171,0.00014432417570392115,4.722404319114229e-06,0.00013259307304482222,0.00015605527836302008,0.00014432417570392115,6.408923689874858,0.0,3
0.0006812920690579609,0.005,-28.65637410705521,GS,0.0009844467610615009,0.000999526199713996,-6.430177670557024e-05,8.354328060752234e-06,-8.505507809736169e-05,-4.35484753137788e-05,0.0,8.0,1.0,3
0.0006812920690579609,0.005,-28.65637410705521,MB-fixed,0.0009754073011289203,0.0007214221144464794,0.0002052148216259948,2.4239252923643193e-05,0.0001450011793344645,0.0002654284639175251,0.0002052148216259948,6.408923689874861,0.0,3
0.0006812920690579609,0.005,-28.65637410705521,MB-global-opt,0.0009729619015722927,0.0007163360065578495,0.00020797779993582855,5.449493270139685e-05,7.260488251466991e-05,0.00034335071735698715,0.00020797779993582855,4.7380473561634675,0.0,3
0.0006812920690579609,0.005,-28.65637410705521,PS,0.0009754073011298084,0.0007214221144464794,0.0002052148216268386,2.4239252924144007e-05,0.0001450011793340642,0.00026542846391961296,0.0002052148216268386,6.408923689874858,0.0,3
0.0006812920690579609,0.005,-28.65637410705521,PS+GS,0.0009754073145362696,0.00072046689753269,0.0002061700512767661,2.423964765558575e-05,0.00014595542841673126,0.00026638467413680095,0.0002061700512767661,6.408923689874858,0.0,3
0.001,0.005,-26.989710900708666,GS,0.0014376668770449779,0.0014508559726233994,-8.507243943067058e-05,4.261564884958666e-05,-0.0001909355798473265,2.0790700985985332e-05,0.0,8.0,1.0,3
0.001,0.005,-26.989710900708666,MB-fixed,0.00145567263197884,0.0010569878861013127,0.0003259011142785853,7.571625046253104e-05,0.00013781152111460947,0.0005139907074425611,0.0003259011142785853,6.408923689874861,0.0,3
0.001,0.005,-26.989710900708666,MB-global-opt,0.0014652163047920534,0.0010497505204225543,0.0003422049691298963,8.730112455040173e-05,0.00012533695335871834,0.0005590729849010743,0.0003422049691298963,4.7380473561634675,0.0,3
0.001,0.005,-26.989710900708666,PS,0.0014556726319806164,0.0010569878861013127,0.0003259011142802729,7.571625046115865e-05,0.00013781152111970622,0.0005139907074408395,0.0003259011142802729,6.408923689874858,0.0,3
0.001,0.005,-26.989710900708666,PS+GS,0.0014556706218940008,0.0010556288528591473,0.0003272582379401534,7.571657844685017e-05,0.00013916783001796155,0.0005153486458623453,0.0003272582379401534,6.408923689874858,0.0,3
0.0014677992676220691,0.005,-25.323049313092344,GS,0.002108339592739187,0.002105555134670256,-0.00010263252156802842,3.403324885674278e-05,-0.0001871757985053993,-1.808924463065755e-05,0.0,8.0,1.0,3
0.0014677992676220691,0.005,-25.323049313092344,MB-fixed,0.002120358147031413,0.0015484389181728009,0.0004659013215070414,1.254216442731813e-05,0.000434744857866553,0.0004970577851475297,0.0004659013215070414,6.408923689874861,0.0,3
0.0014677992676220691,0.005,-25.323049313092344,MB-global-opt,0.002160688972862997,0.0015381499354982786,0.0005145045887215686,9.54955661057116e-05,0.0002772804516563636,0.0007517287257867737,0.0005145045887215686,4.7380473561634675,0.0,3
0.0014677992676220691,0.005,-25.323049313092344,PS,0.002120358147032301,0.0015484389181728009,0.00046590132150788505,1.2542164427063122e-05,0.0004347448578680302,0.00049705778514774,0.00046590132150788505,6.408923689874858,0.0,3
0.0014677992676220691,0.005,-25.323049313092344,PS+GS,0.0021203578482123695,0.0015465071689992893,0.0004678327868024615,1.2542897747525126e-05,0.0004366745014935922,0.0004989910721113309,0.0004678327868024615,6.408923689874858,0.0,3
0.002154434690031882,0.005,-23.656390101441303,GS,0.00305720306367796,0.0030549386945559753,-0.00015059578406191338,1.7389762921724777e-05,-0.00019379434993363216,-0.00010739721819019459,0.0,8.0,1.0,3
0.002154434690031882,0.005,-23.656390101441303,MB-fixed,0.00310668649333549,0.002267960616823217,0.0006833915518454986,9.272067281219049e-05,0.00045306063185672707,0.0009137224718342703,0.0006833915518454986,6.408923689874861,0.0,3
0.002154434690031882,0.005,-23.656390101441303,MB-global-opt,0.003176476618981757,0.0022533473352206457,0.0007643054528120231,0.00017244534154379882,0.0003359274766727151,0.001192683428951331,0.0007643054528120231,4.7380473561634675,0.0,3
0.002154434690031882,0.005,-23.656390101441303,PS,0.0031066864933363783,0.002267960616823217,0.0006833915518463423,9.272067281302652e-05,0.00045306063185549385,0.0009137224718371907,0.0006833915518463423,6.408923689874858,0.0,3
0.002154434690031882,0.005,-23.656390101441303,PS+GS,0.003106686788774423,0.0022652174643356116,0.0006861349850000899,9.272218310952522e-05,0.0004558003132247532,0.0009164696567754266,0.0006861349850000899,6.408923689874858,0.0,3
0.0031622776601683794,0.005,-21.98973437721792,GS,0.004555356728266051,0.004431028806718196,-0.00010343991486544788,1.5493024303970216e-06,-0.00010728859545965587,-9.959123427123989e-05,0.0,8.0,1.0,3
0.0031622776601683794,0.005,-21.98973437721792,MB-fixed,0.004521612259958137,0.0033209002396339393,0.0009746314073262905,0.00011107297641864094,0.0006987108378518087,0.0012505519768007723,0.0009746314073262905,6.408923689874861,0.0,3
0.0031622776601683794,0.005,-21.98973437721792,MB-global-opt,0.004325071148446824,0.003300165567928337,0.0008086520230961456,0.00016013851578496592,0.00041084589693591607,0.0012064581492563752,0.0008086520230961456,4.7380473561634675,0.0,3
0.0031622776601683794,0.005,-21.98973437721792,PS,0.004521612259959025,0.0033209002396339393,0.0009746314073271345,0.00011107297641892314,0.0006987108378519516,0.0012505519768023173,0.0009746314073271345,6.408923689874858,0.0,3
0.0031622776601683794,0.005,-21.98973437721792,PS+GS,0.004521618878087293,0.003317008731830162,0.0009785292023527662,0.00011107011433767028,0.0007026157426815576,0.0012544426620239748,0.0009785292023527662,6.408923689874858,0.0,3
0.004641588833612777,0.005,-20.323083771811575,GS,0.006707941828569671,0.006424397509463775,-5.1852772322588205e-05,0.0002537431035669833,-0.0006821855849820898,0.0005784800403369134,6.859608648041374e-05,8.0,0.6666666666666666,3
0.004641588833612777,0.005,-20.323083771811575,MB-fixed,0.006838781775415488,0.004860695685758865,0.0016361470008858495,0.0003969086615985975,0.000650171226500642,0.0026221227752710567,0.0016361470008858495,6.408923689874861,0.0,3
0.004641588833612777,0.005,-20.323083771811575,MB-global-opt,0.006992185384618803,0.004831304395914948,0.001811271719472914,0.0004422553414882333,0.0007126485474725876,0.0029098948914732404,0.001811271719472914,4.7380473561634675,0.0,3
0.004641588833612777,0.005,-20.323083771811575,PS,0.006838781775416673,0.004860695685758865,0.001636147000886974,0.0003969086615981268,0.0006501712265029357,0.0026221227752710125,0.001636147000886974,6.408923689874858,0.0,3
0.004641588833612777,0.005,-20.323083771811575,PS+GS,0.006838784924001177,0.004855180603493547,0.0016416650743075703,0.00039690993351569067,0.0006556861403051455,0.002627644008309995,0.0016416650743075703,6.408923689874858,0.0,3
0.006812920690579608,0.005,-18.65644067974346,GS,0.00979049056813371,0.009309493458093732,-8.52741836670709e-06,0.00014621761717527242,-0.00037175211530957286,0.0003546972785761587,4.53987608672584e-05,8.0,0.6666666666666666,3
0.006812920690579608,0.005,-18.65644067974346,MB-fixed,0.009618983526482753,0.007110170502522051,0.002027863847636564,0.00012386665065762206,0.0017201620295135747,0.0023355656657595538,0.002027863847636564,6.408923689874861,0.0,3
0.006812920690579608,0.005,-18.65644067974346,MB-global-opt,0.009519418722696571,0.007068548587351842,0.0019748991992099008,0.0003694761804754492,0.0010570694857087405,0.002892728912711061,0.0019748991992099008,4.7380473561634675,0.0,3
0.006812920690579608,0.005,-18.65644067974346,PS,0.009618983526484234,0.007110170502522051,0.002027863847637971,0.00012386665065852693,0.0017201620295127337,0.0023355656657632084,0.002027863847637971,6.408923689874858,0.0,3
0.006812920690579608,0.005,-18.65644067974346,PS+GS,0.00961899146107085,0.0071023621142247695,0.0020356797737925386,0.00012388796398725256,0.0017279250104236515,0.0023434345371614257,0.0020356797737925386,6.408923689874858,0.0,3
0.01,0.005,-16.989808615623517,GS,0.014509920728542921,0.013480204129156625,0.00030422056295914833,0.0003058537755148034,-0.000455562335068979,0.0010640034609872757,0.00032037675274672735,8.0,0.3333333333333333,3
0.01,0.005,-16.989808615623517,MB-fixed,0.014189860785349673,0.010391493822348608,0.003088873923733581,0.0008614074719503766,0.0009490191375046537,0.005228728709962509,0.003088873923733581,6.408923689874861,0.0,3
0.01,0.005,-16.989808615623517,MB-global-opt,0.014141956561807945,0.010332604557550695,0.003102254176166851,0.0011621066471428495,0.00021542122895933926,0.005989087123374363,0.003102254176166851,4.7380473561634675,0.0,3
0.01,0.005,-16.989808615623517,PS,0.014189860785350264,0.010391493822348608,0.0030888739237341437,0.0008614074719504436,0.00094901913750505,0.005228728709963238,0.0030888739237341437,6.408923689874858,0.0,3
0.01,0.005,-16.989808615623517,PS+GS,0.014189858498206457,0.010380448609996762,0.0030999169632993716,0.0008614070023571682,0.0009600633436046423,0.0052397705829941,0.0030999169632993716,6.408923689874858,0.0,3
0.01467799267622069,0.005,-15.323192738050277,GS,0.02114521557728229,0.01949895252842193,0.0005890022699962458,0.00034847643078810735,-0.0002766611733699179,0.0014546657133624095,0.0005890022699962458,8.0,0.0,3
0.01467799267622069,0.005,-15.323192738050277,MB-fixed,0.021449663622888988,0.015167425219686947,0.005209755222057591,0.0007142263183860905,0.0034355186898520924,0.00698399175426309,0.005209755222057591,6.408923689874861,0.0,3
0.01467799267622069,0.005,-15.323192738050277,MB-global-opt,0.02162362003516834,0.015084168539503562,0.005458270493906361,0.0019023623995713728,0.0007325403157738266,0.010184000672038895,0.005458270493906361,4.7380473561634675,0.0,3
0.01467799267622069,0.005,-15.323192738050277,PS,0.021449663622891652,0.015167425219688724,0.0052097552220583465,0.00071422631838609,0.0034355186898528487,0.006983991754263844,0.0052097552220583465,6.408923689874858,0.0,3
0.01467799267622069,0.005,-15.323192738050277,PS+GS,0.021449633025394377,0.015151813623322186,0.005225337750802472,0.0007142373372346165,0.0034510738462598107,0.0069996016553451335,0.005225337750802472,6.408923689874858,0.0,3
0.021544346900318822,0.005,-13.656600618502033,GS,0.030147977668598003,0.02816266378653065,0.00047791499863744993,0.0004816783702818288,-0.0007186404058992521,0.001674470403174152,0.0004981293744428667,8.0,0.3333333333333333,3
0.021544346900318822,0.005,-13.656600618502033,MB-fixed,0.029487986456666764,0.022096110007508774,0.0059174771263246495,0.001308667133889822,0.0026665677469410102,0.009168386505708288,0.0059174771263246495,6.408923689874861,0.0,3
0.021544346900318822,0.005,-13.656600618502033,MB-global-opt,0.02874320141598326,0.021978464615808102,0.005327576729375995,0.0014404658171098123,0.0017492612706506002,0.00890589218810139,0.005327576729375995,4.7380473561634675,0.0,3
0.021544346900318822,0.005,-13.656600618502033,PS,0.029487986456668835,0.022096110007508774,0.005917477126326619,0.0013086671338901571,0.002666567746942148,0.009168386505711092,0.005917477126326619,6.408923689874858,0.0,3
0.021544346900318822,0.005,-13.656600618502033,PS+GS,0.029487979175256623,0.0220740561756676,0.005939524040826188,0.0013085497307273675,0.002688906307065877,0.009190141774586498,0.005939524040826188,6.408923689874858,0.0,3
0.03162277660168379,0.005,-11.990043369723715,GS,0.04447252538987664,0.04058743847016366,0.0016614606502191414,0.0002809364497798696,0.000963575820724363,0.0023593454797139197,0.0016614606502191414,8.0,0.0,3
0.03162277660168379,0.005,-11.990043369723715,MB-fixed,0.04398142841899855,0.0320994705313431,0.009682886466705518,0.001116051973378107,0.006910459671397944,0.012455313262013091,0.009682886466705518,6.408923689874861,0.0,3
0.03162277660168379,0.005,-11.990043369723715,MB-global-opt,0.04390976391315279,0.03193325236235456,0.009781023355140585,0.0026256399634793847,0.0032585721044635146,0.016303474605817655,0.009781023355140585,4.7380473561634675,0.0,3
0.03162277660168379,0.005,-11.990043369723715,PS,0.04398142841900062,0.0320994705313431,0.009682886466707489,0.001116051973377791,0.0069104596714007,0.012455313262014277,0.009682886466707489,6.408923689874858,0.0,3
0.03162277660168379,0.005,-11.990043369723715,PS+GS,0.043981308967535014,0.03206832054041042,0.009713922978747838,0.001116028508640588,0.00694155447307963,0.012486291484416046,0.009713922978747838,6.408923689874858,0.0,3
0.046415888336127774,0.005,-10.323537301560863,GS,0.06526146625407818,0.058308491579162736,0.003689901362211529,0.0006024968059852162,0.0021932163252730793,0.005186586399149979,0.003689901362211529,8.0,0.0,3
0.046415888336127774,0.005,-10.323537301560863,MB-fixed,0.06678867106274684,0.04643853987991031,0.017010697629699187,0.0012790530906709088,0.013833353611872143,0.02018804164752623,0.017010697629699187,6.408923689874861,0.0,3
0.046415888336127774,0.005,-10.323537301560863,MB-global-opt,0.06570025529527701,0.04620356849141061,0.01621167403910255,0.0026666586931634122,0.009587326615130558,0.022836021463074542,0.01621167403910255,4.7380473561634675,0.0,3
0.046415888336127774,0.005,-10.323537301560863,PS,0.06678867106274951,0.04643853987991098,0.017010697629701057,0.0012790530906709133,0.013833353611874002,0.02018804164752811,0.017010697629701057,6.408923689874858,0.0,3
0.046415888336127774,0.005,-10.323537301560863,PS+GS,0.06678884316539542,0.046394519618931485,0.01705488138819417,0.001279044349786095,0.013877559083928724,0.020232203692459615,0.01705488138819417,6.408923689874858,0.0,3
0.06812920690579609,0.005,-8.657106350505137,GS,0.09477659776214391,0.08337822531813499,0.006659542555901714,0.0003384648624950105,0.0058187492268858875,0.00750033588491754,0.006659542555901714,8.0,0.0,3
0.06812920690579609,0.005,-8.657106350505137,MB-fixed,0.09742239322853082,0.06677240756649505,0.025778866000609222,0.001560547178339108,0.021902251903979517,0.029655480097238927,0.025778866000609222,6.408923689874861,0.0,3
0.06812920690579609,0.005,-8.657106350505137,MB-global-opt,0.10304828117799669,0.06643971488341993,0.03145615223567692,0.00420949265543476,0.020999192783104977,0.04191311168824886,0.03145615223567692,4.7380473561634675,0.0,3
0.06812920690579609,0.005,-8.657106350505137,PS,0.09742239322853141,0.06677240756649505,0.025778866000609788,0.0015605471783387856,0.02190225190398088,0.029655480097238694,0.025778866000609788,6.408923689874858,0.0,3
0.06812920690579609,0.005,-8.657106350505137,PS+GS,0.09742305089328103,0.06671010222850815,0.025841796120108826,0.001560342551957771,0.021965690343589812,0.02971790189662784,0.025841796120108826,6.408923689874858,0.0,3
0.1,0.005,-6.990785643870536,GS,0.1358742279142513,0.11841404342602013,0.010666473092518594,0.001020895183715228,0.008130428866938742,0.013202517318098447,0.010666473092518594,8.0,0.0,3
0.1,0.005,-6.990785643870536,MB-fixed,0.13635068153111143,0.0951394699233854,0.03439367753117046,0.0039480761130819084,0.02458611276992457,0.04420124229241635,0.03439367753117046,6.408923689874861,0.0,3
0.1,0.005,-6.990785643870536,MB-global-opt,0.13617012253327113,0.09466686144762293,0.03469475495898464,0.010427007889773356,0.00879263143960141,0.06059687847836788,0.03469475495898464,4.7380473561634675,0.0,3
0.1,0.005,-6.990785643870536,PS,0.1363506815311132,0.09513946992338673,0.03439367753117082,0.0039480761130819084,0.02458611276992493,0.04420124229241671,0.03439367753117082,6.408923689874858,0.0,3
0.1,0.005,-6.990785643870536,PS+GS,0.136351060424284,0.09505099665867789,0.03448251074439188,0.00394848038202632,0.024673941723415502,0.044291079765368266,0.03448251074439188,6.408923689874858,0.0,3
1e-05,0.0075,-46.98970020622062,GS,1.4557244541653821e-05,1.7210147533086584e-05,-3.380765218515455e-06,6.393792493755248e-08,-3.5395958290619223e-06,-3.2219346079689874e-06,0.0,8.0,1.0,3
1e-05,0.0075,-46.98970020622062,MB-fixed,1.4499507772806433e-05,1.1105822579571267e-05,2.6687098045948437e-06,3.2975530583150003e-07,1.849552213739202e-06,3.4878673954504852e-06,2.6687098045948437e-06,6.408923689874861,0.0,3
1e-05,0.0075,-46.98970020622062,MB-global-opt,1.4663989943504893e-05,1.098759902373736e-05,2.9431914225922874e-06,7.48935989873666e-07,1.0827312864831057e-06,4.803651558701469e-06,2.9431914225922874e-06,4.7380473561634675,0.0,3
1e-05,0.0075,-46.98970020622062,PS,1.4499507773398554e-05,1.1105822579571267e-05,2.6687098051573574e-06,3.2975530615314983e-07,1.8495522135026935e-06,3.4878673968120213e-06,2.6687098051573574e-06,6.408923689874858,0.0,3
1e-05,0.0075,-46.98970020622062,PS+GS,1.4499517143680881e-05,1.108373520652961e-05,2.690806079967226e-06,3.297548415810412e-07,1.871649642373657e-06,3.509962517560795e-06,2.690806079967226e-06,6.408923689874858,0.0,3
1.4677992676220705e-05,0.0075,-45.32303361573994,GS,2.1103965784104634e-05,2.4995935874239095e-05,-4.947168379339692e-06,1.229983723594633e-07,-5.252713274597958e-06,-4.641623484081426e-06,0.0,8.0,1.0,3
1.4677992676220705e-05,0.0075,-45.32303361573994,MB-fixed,2.0933213145409486e-05,1.6266213884286174e-05,3.620338603852838e-06,7.800449353744842e-07,1.6825995630532462e-06,5.55807764465243e-06,3.620338603852838e-06,6.408923689874861,0.0,3
1.4677992676220705e-05,0.0075,-45.32303361573994,MB-global-opt,2.1322191273931423e-05,1.6096762374795404e-05,4.159319335439448e-06,1.781573155342374e-06,-2.663537259337279e-07,8.584992396812623e-06,4.159319335439448e-06,4.7380473561634675,0.0,3
1.4677992676220705e-05,0.0075,-45.32303361573994,PS,2.0933213147185843e-05,1.6266213884286174e-05,3.620338605540377e-06,7.800449367716018e-07,1.6825995612701525e-06,5.558077649810601e-06,3.620338605540377e-06,6.408923689874858,0.0,3
1.4677992676220705e-05,0.0075,-45.32303361573994,PS+GS,2.0933215653625343e-05,1.6234558070538085e-05,3.651996800405991e-06,7.800439407866054e-07,1.7142602302996563e-06,5.589733370512326e-06,3.651996800405991e-06,6.408923689874858,0.0,3
2.1544346900318823e-05,0.0075,-43.65636706089901,GS,3.0955693049487344e-05,3.629986434439125e-05,-6.891955947378275e-06,5.020174575077109e-07,-8.139036445514746e-06,-5.644875449241806e-06,0.0,8.0,1.0,3
2.1544346900318823e-05,0.0075,-43.65636706089901,MB-fixed,3.0220909196169526e-05,2.382426280966854e-05,4.885600926692508e-06,8.60317070894647e-07,2.7484548468470176e-06,7.022747006537999e-06,4.885600926692508e-06,6.408923689874861,0.0,3
2.1544346900318823e-05,0.0075,-43.65636706089901,MB-global-opt,2.9673620367690983e-05,2.358152590198337e-05,4.608413447323063e-06,1.0025991772776562e-06,2.1178190213086475e-06,7.099007873337479e-06,4.608413447323063e-06,4.7380473561634675,0.0,3
2.1544346900318823e-05,0.0075,-43.65636706089901,PS,3.022090919764982e-05,2.382426280966854e-05,4.8856009280987906e-06,8.603170719833821e-07,2.748454845548732e-06,7.022747010648849e-06,4.8856009280987906e-06,6.408923689874858,0.0,3
2.1544346900318823e-05,0.0075,-43.65636706089901,PS+GS,3.0220960682688276e-05,2.377891980764879e-05,4.93099284090507e-06,8.603130518759145e-07,2.793856744855577e-06,7.068128936954564e-06,4.93099284090507e-06,6.408923689874858,0.0,3
3.1622776601683795e-05,0.0075,-41.98970055837006,GS,4.485426039835261e-05,5.270965274184469e-05,-1.0098105363409717e-05,5.974465040374256e-07,-1.158224475482409e-05,-8.613965971995345e-06,0.0,8.0,1.0,3
3.1622776601683795e-05,0.0075,-41.98970055837006,MB-fixed,4.514752845796721e-05,3.489388620470102e-05,7.99626583036783e-06,2.1654186218798857e-06,2.6170677700962387e-06,1.3375463890639423e-05,7.99626583036783e-06,6.408923689874861,0.0,3
3.1622776601683795e-05,0.0075,-41.98970055837006,MB-global-opt,4.4753681389527365e-05,3.454637979216635e-05,7.969617527884645e-06,3.3098102149049773e-06,-2.524068455953825e-07,1.619164190136467e-05,7.969617527884645e-06,4.7380473561634675,0.0,3
3.1622776601683795e-05,0.0075,-41.98970055837006,PS,4.514752846003963e-05,3.489388620470102e-05,7.996265832336627e-06,2.1654186223349482e-06,2.617067770934597e-06,1.3375463893738655e-05,7.996265832336627e-06,6.408923689874858,0.0,3
3.1622776601683795e-05,0.0075,-41.98970055837006,PS+GS,4.514759637549067e-05,3.4828977644174586e-05,8.061238912541548e-06,2.165489217080203e-06,2.681865484070582e-06,1.3440612341012514e-05,8.061238912541548e-06,6.408923689874858,0.0,3
4.641588833612782e-05,0.0075,-40.32303413262461,GS,6.671845483759616e-05,7.652855153184035e-05,-1.3146019436123996e-05,1.8536350678201023e-06,-1.775070421186173e-05,-8.541334660386261e-06,0.0,8.0,1.0,3
4.641588833612782e-05,0.0075,-40.32303413262461,MB-fixed,6.707866774628239e-05,5.1106430222880306e-05,1.2618304136087957e-05,2.0620419271117013e-06,7.495908021802934e-06,1.7740700250372983e-05,1.2618304136087957e-05,6.408923689874861,0.0,3
4.641588833612782e-05,0.0075,-40.32303413262461,MB-global-opt,6.652635491880925e-05,5.060925067601474e-05,1.2590786496854038e-05,4.5752057355878e-06,1.225345390204819e-06,2.3956227603503257e-05,1.2590786496854038e-05,4.7380473561634675,0.0,3
4.641588833612782e-05,0.0075,-40.32303413262461,PS,6.707866774805875e-05,5.1106430222880306e-05,1.2618304137775496e-05,2.0620419257526255e-06,7.495908026866603e-06,1.774070024868439e-05,1.2618304137775496e-05,6.408923689874858,0.0,3
4.641588833612782e-05,0.0075,-40.32303413262461,PS+GS,6.707866552228363e-05,5.101357308845422e-05,1.2711159157715218e-05,2.061986741666882e-06,7.588900131674807e-06,1.783341818375563e-05,1.2711159157715218e-05,6.408923689874858,0.0,3
6.812920690579608e-05,0.0075,-38.65636781958192,GS,9.851156680174e-05,0.00011109729179437089,-1.7511303332717897e-05,1.0276593963981879e-06,-2.006415079411358e-05,-1.4958455871322213e-05,0.0,8.0,1.0,3
6.812920690579608e-05,0.0075,-38.65636781958192,MB-fixed,0.00010119355935866992,7.485094701120687e-05,2.1282934379529547e-05,8.412381681247074e-07,1.9193182921553092e-05,2.3372685837506e-05,2.1282934379529547e-05,6.408923689874861,0.0,3
6.812920690579608e-05,0.0075,-38.65636781958192,MB-global-opt,0.00010387753534827719,7.414010513451252e-05,2.45435534463508e-05,3.864793479992976e-06,1.4942874214692428e-05,3.4144232678009174e-05,2.45435534463508e-05,4.7380473561634675,0.0,3
6.812920690579608e-05,0.0075,-38.65636781958192,PS,0.00010119355936015022,7.485094701120687e-05,2.1282934380935828e-05,8.412381668834285e-07,1.919318292604288e-05,2.3372685835828775e-05,2.1282934380935828e-05,6.408923689874858,0.0,3
6.812920690579608e-05,0.0075,-38.65636781958192,PS+GS,0.00010119361519193386,7.471819659565782e-05,2.141573783667934e-05,8.412541786091384e-07,1.9325946606454726e-05,2.350552906690395e-05,2.141573783667934e-05,6.408923689874858,0.0,3
0.0001,0.0075,-36.98970167196419,GS,0.00014482965673974965,0.00016126060928867147,-2.367243538590932e-05,1.4752168417867599e-06,-2.7337077175555615e-05,-2.000779359626302e-05,0.0,8.0,1.0,3
0.0001,0.0075,-36.98970167196419,MB-fixed,0.00014508639281274327,0.00010962596731789453,2.8206105854211576e-05,2.8143090635289075e-06,2.12149745770653e-05,3.519723713135785e-05,2.8206105854211576e-05,6.408923689874861,0.0,3
0.0001,0.0075,-36.98970167196419,MB-global-opt,0.00014908616415532094,0.0001086103572065511,3.302149874100379e-05,6.764309568112108e-06,1.6218022249111153e-05,4.9824975232896435e-05,3.302149874100379e-05,4.7380473561634675,0.0,3
0.0001,0.0075,-36.98970167196419,PS,0.00014508639281363145,0.00010962596731789453,2.8206105855055336e-05,2.814309062753775e-06,2.1214974579834596e-05,3.5197237130276077e-05,2.8206105855055336e-05,6.408923689874858,0.0,3
0.0001,0.0075,-36.98970167196419,PS+GS,0.00014508630178304097,0.00010943631915383278,2.8395667540056135e-05,2.814203432125922e-06,2.1404798665861555e-05,3.5386536414250715e-05,2.8395667540056135e-05,6.408923689874858,0.0,3
0.0001467799267622069,0.0075,-35.32303576715707,GS,0.00021285546331591595,0.00023404308307872768,-3.183039292860754e-05,6.58536269826358e-07,-3.3466287711018314e-05,-3.0194498146196763e-05,0.0,8.0,1.0,3
0.0001467799267622069,0.0075,-35.32303576715707,MB-fixed,0.00021317766412742856,0.00016055441736750886,4.1964363553548255e-05,3.106859764906175e-06,3.4246496046520703e-05,4.968223106057581e-05,4.1964363553548255e-05,6.408923689874861,0.0,3
0.0001467799267622069,0.0075,-35.32303576715707,MB-global-opt,0.00021381936595066264,0.00015910444660005574,4.402395105307375e-05,6.812453442486101e-06,2.7100878547260387e-05,6.094702355888712e-05,4.402395105307375e-05,4.7380473561634675,0.0,3
0.0001467799267622069,0.0075,-35.32303576715707,PS,0.0002131776641292049,0.00016055441736750886,4.1964363555235795e-05,3.106859765990266e-06,3.4246496045515214e-05,4.9682231064956377e-05,4.1964363555235795e-05,6.408923689874858,0.0,3
0.0001467799267622069,0.0075,-35.32303576715707,PS+GS,0.0002131777683063163,0.0001602836868062063,4.223519308479417e-05,3.1067428048040614e-06,3.4517616122767045e-05,4.9952770046821296e-05,4.223519308479417e-05,6.408923689874858,0.0,3
0.00021544346900318823,0.0075,-33.65637021874706,GS,0.0003094339859070298,0.0003396278819638443,-4.566559535216602e-05,6.177535636033967e-07,-4.720018027606236e-05,-4.4131010428269686e-05,0.0,8.0,1.0,3
0.00021544346900318823,0.0075,-33.65637021874706,MB-fixed,0.0003171546138943289,0.00023513715171730176,6.61597314823107e-05,3.0670529004305664e-06,5.8540749708512324e-05,7.377871325610909e-05,6.61597314823107e-05,6.408923689874861,0.0,3
0.00021544346900318823,0.0075,-33.65637021874706,MB-global-opt,0.00032374827591219457,0.00023306866527383896,7.449219684274588e-05,9.339180836214882e-06,5.1292385530936016e-05,9.769200815455575e-05,7.449219684274588e-05,4.7380473561634675,0.0,3
0.00021544346900318823,0.0075,-33.65637021874706,PS,0.0003171546138961053,0.00023513715171730176,6.615973148399825e-05,3.067052900430584e-06,5.8540749710199824e-05,7.377871325779668e-05,6.615973148399825e-05,6.408923689874858,0.0,3
0.00021544346900318823,0.0075,-33.65637021874706,PS+GS,0.00031715502994345,0.00023475097632386088,6.654630212241663e-05,3.0670870800673077e-06,5.892723544169364e-05,7.416536880313962e-05,6.654630212241663e-05,6.408923689874858,0.0,3
0.00031622776601683794,0.0075,-31.98970519345615,GS,0.00045769665671802073,0.0004927735957693802,-5.7961771887260506e-05,6.7929663531498124e-06,-7.483643577956194e-05,-4.108710799495907e-05,0.0,8.0,1.0,3
0.00031622776601683794,0.0075,-31.98970519345615,MB-fixed,0.00045706849604343347,0.00034435526865150834,8.985980258975343e-05,7.786244648208972e-06,7.051769862646303e-05,0.00010920190655304383,8.985980258975343e-05,6.408923689874861,0.0,3
0.00031622776601683794,0.0075,-31.98970519345615,MB-global-opt,0.0004612890166407387,0.00034140684840444635,9.681771740425539e-05,9.232125003386683e-06,7.388384752403359e-05,0.00011975158728447719,9.681771740425539e-05,4.7380473561634675,0.0,3
0.00031622776601683794,0.0075,-31.98970519345615,PS,0.0004570684960440256,0.00034435526865150834,8.985980259031594e-05,7.786244648344155e-06,7.051769862668973e-05,0.00010920190655394214,8.985980259031594e-05,6.408923689874858,0.0,3
0.00031622776601683794,0.0075,-31.98970519345615,PS+GS,0.0004570688312162119,0.0003438048762431922,9.041051341220905e-05,7.785811131638726e-06,7.106948636377946e-05,0.00010975154046063865,9.041051341220905e-05,6.408923689874858,0.0,3
0.00046415888336127773,0.0075,-30.32304093599851,GS,0.0006710594683759415,0.0007148641302379133,-7.735763528076887e-05,9.370322940463205e-06,-0.00010063480786816429,-5.408046269337343e-05,0.0,8.0,1.0,3
0.00046415888336127773,0.0075,-30.32304093599851,MB-fixed,0.0006740402668619083,0.0005042817667846311,0.00013605648673418175,9.300388613594504e-06,0.00011295304064550458,0.0001591599328228589,0.00013605648673418175,6.408923689874861,0.0,3
0.00046415888336127773,0.0075,-30.32304093599851,MB-global-opt,0.0006663564250510845,0.0005000827205512426,0.0001329558832472877,1.9059926612104183e-05,8.560840076755274e-05,0.00018030336572702265,0.0001329558832472877,4.7380473561634675,0.0,3
0.00046415888336127773,0.0075,-30.32304093599851,PS,0.0006740402668630926,0.0005042817667846311,0.00013605648673530683,9.300388613364606e-06,0.00011295304064720076,0.0001591599328234129,0.00013605648673530683,6.408923689874858,0.0,3
0.00046415888336127773,0.0075,-30.32304093599851,PS+GS,0.0006740395790171642,0.000503498009081671,0.000136839590984635,9.299307678342174e-06,0.00011373883008798206,0.0001599403518812879,0.000136839590984635,6.408923689874858,0.0,3
0.0006812920690579609,0.0075,-28.656377805564667,GS,0.000984122093332059,0.001036872363963326,-0.00010195637529786994,1.2910477777283325e-05,-0.00013402778002073658,-6.98849705750033e-05,0.0,8.0,1.0,3
0.0006812920690579609,0.0075,-28.656377805564667,MB-fixed,0.0009711237836746989,0.000738435998352438,0.00018413159613852586,3.781906602401355e-05,9.018382800626242e-05,0.0002780793642707893,0.00018413159613852586,6.408923689874861,0.0,3
0.0006812920690579609,0.0075,-28.656377805564667,MB-global-opt,0.0009850707658491942,0.0007324612822052767,0.0002033559453514577,8.102202041307726e-05,2.086088963621646e-06,0.0004046258017392938,0.0002033559453514577,4.7380473561634675,0.0,3
0.0006812920690579609,0.0075,-28.656377805564667,PS,0.0009711237836758831,0.000738435998352438,0.0001841315961396509,3.78190660235079e-05,9.018382800864357e-05,0.00027807936427065827,0.0001841315961396509,6.408923689874858,0.0,3
0.0006812920690579609,0.0075,-28.656377805564667,PS+GS,0.0009711257191004444,0.0007373209511176704,0.00018524848202775183,3.7818516356027126e-05,9.130207934646238e-05,0.0002791948847090413,0.00018524848202775183,6.408923689874858,0.0,3
0.001,0.0075,-26.989716329372722,GS,0.0014479132958082157,0.0015036405375792317,-0.00012812290656142688,1.6975407818110857e-05,-0.00017029215729421487,-8.59536558286389e-05,0.0,8.0,1.0,3
0.001,0.0075,-26.989716329372722,MB-fixed,0.0014324061207320327,0.0010812191890892109,0.00027956662560622,5.56036469800958e-05,0.0001414395092338234,0.00041769374197861664,0.00027956662560622,6.408923689874861,0.0,3
0.001,0.0075,-26.989716329372722,MB-global-opt,0.0014530698447418426,0.0010727260158300833,0.0003076903366746671,4.7567749155383996e-05,0.00018952549713616214,0.00042585517621317203,0.0003076903366746671,4.7380473561634675,0.0,3
0.001,0.0075,-26.989716329372722,PS,0.001432406120733513,0.0010812191890892109,0.0002795666256076264,5.5603646979500264e-05,0.00014143950923670916,0.0004176937419785436,0.0002795666256076264,6.408923689874858,0.0,3
0.001,0.0075,-26.989716329372722,PS+GS,0.0014324062914570963,0.001079634342727509,0.00028115163415673244,5.560349481042618e-05,0.0001430248957947507,0.00041927837251871415,0.00028115163415673244,6.408923689874858,0.0,3
0.0014677992676220691,0.0075,-25.323057281269826,GS,0.0021231732098936362,0.0021800534648741543,-0.00016303891547519997,5.660603183366349e-05,-0.0003036560938640006,-2.2421737086399384e-05,0.0,8.0,1.0,3
0.0014677992676220691,0.0075,-25.323057281269826,MB-fixed,0.002154344511896037,0.0015829186160929432,0.00046370867020829225,4.632094651118058e-05,0.00034864106013732466,0.0005787762802792599,0.00046370867020829225,6.408923689874861,0.0,3
0.0014677992676220691,0.0075,-25.323057281269826,MB-global-opt,0.002175484734416718,0.0015708574241368733,0.0004958530735590085,0.0001578825216748611,0.00010365114744510741,0.0008880549996729095,0.0004958530735590085,4.7380473561634675,0.0,3
0.0014677992676220691,0.0075,-25.323057281269826,PS,0.0021543445118978135,0.0015829186160929432,0.00046370867020997987,4.6320946511436466e-05,0.0003486410601383766,0.0005787762802815831,0.00046370867020997987,6.408923689874858,0.0,3
0.0014677992676220691,0.0075,-25.323057281269826,PS+GS,0.002154347056641489,0.0015806682943657613,0.000465961409443653,4.632107339267845e-05,0.00035089348418157164,0.0005810293347057344,0.000465961409443653,6.408923689874858,0.0,3
0.002154434690031882,0.0075,-23.656401797101275,GS,0.0030624811251585746,0.0031599229630758785,-0.0002505658941752329,6.576657780841874e-05,-0.00041393913027986366,-8.719265807060212e-05,0.0,8.0,1.0,3
0.002154434690031882,0.0075,-23.656401797101275,MB-fixed,0.0031100081493920704,0.0023169777329525854,0.0006375300089698812,0.00015294303873057523,0.0002575984387142762,0.0010174615792254863,0.0006375300089698812,6.408923689874861,0.0,3
0.002154434690031882,0.0075,-23.656401797101275,MB-global-opt,0.0031805920925096487,0.002299867284148771,0.000721695203735395,0.00020162599142280278,0.00022082847477916906,0.001222561932691621,0.000721695203735395,4.7380473561634675,0.0,3
0.002154434690031882,0.0075,-23.656401797101275,PS,0.0031100081493935505,0.0023169777329525854,0.0006375300089712876,0.00015294303872960213,0.0002575984387180998,0.0010174615792244753,0.0006375300089712876,6.408923689874858,0.0,3
0.002154434690031882,0.0075,-23.656401797101275,PS+GS,0.0031100094641353473,0.0023137858381596654,0.0006407231527689144,0.0001529456969119025,0.0002607849792248298,0.0010206613263129992,0.0006407231527689144,6.408923689874858,0.0,3
0.0031622776601683794,0.0075,-21.989751544045003,GS,0.004476796276909667,0.00457873491627403,-0.0003257784532098463,6.648756917848465e-05,-0.0004909427311666822,-0.00016061417525301046,0.0,8.0,1.0,3
0.0031622776601683794,0.0075,-21.989751544045003,MB-fixed,0.004524824113898577,0.0033905173608590466,0.0009080655473446015,0.00012635820713231293,0.0005941743598219533,0.0012219567348672497,0.0009080655473446015,6.408923689874861,0.0,3
0.0031622776601683794,0.0075,-21.989751544045003,MB-global-opt,0.00443943167995305,0.0033662696511997936,0.0008511904447556042,0.00048737050782528236,-0.00035950501331308564,0.002061885902824294,0.0008511904447556042,4.7380473561634675,0.0,3
0.0031622776601683794,0.0075,-21.989751544045003,PS,0.004524824113899761,0.0033905173608590466,0.0009080655473457268,0.0001263582071318551,0.0005941743598242158,0.0012219567348672378,0.0009080655473457268,6.408923689874858,0.0,3
0.0031622776601683794,0.0075,-21.989751544045003,PS+GS,0.00452482653761906,0.003385994785936264,0.0009125904248018438,0.00012636263633023298,0.0005986882345416097,0.001226492615062078,0.0009125904248018438,6.408923689874858,0.0,3
0.004641588833612777,0.0075,-20.32310896915131,GS,0.006751725664865186,0.006631854537810344,-0.0002177151561884178,8.852755464579892e-06,-0.000239706619890612,-0.0001957236924862236,0.0,8.0,1.0,3
0.004641588833612777,0.0075,-20.32310896915131,MB-fixed,0.006809585078335623,0.004959473330566233,0.0015096324938526082,0.00017600201351126464,0.0010724192547507028,0.0019468457329545137,0.0015096324938526082,6.408923689874861,0.0,3
0.004641588833612777,0.0075,-20.32310896915131,MB-global-opt,0.0067655512080753155,0.004925148200265461,0.001502125447406088,0.0003694182187321544,0.0005844397188572835,0.0024198111759548926,0.001502125447406088,4.7380473561634675,0.0,3
0.004641588833612777,0.0075,-20.32310896915131,PS,0.006809585078336215,0.004959473330566233,0.0015096324938531707,0.00017600201351083113,0.001072419254752342,0.0019468457329539994,0.0015096324938531707,6.408923689874858,0.0,3
0.004641588833612777,0.0075,-20.32310896915131,PS+GS,0.006809581677571212,0.004953072303576667,0.0015160302901159842,0.00017598541190113573,0.0010788582916998752,0.0019532022885320934,0.0015160302901159842,6.408923689874858,0.0,3
0.006812920690579608,0.0075,-18.65647766412932,GS,0.009807867180168314,0.009600347513704088,-0.00028287369254419045,0.00011422154676354826,-0.0005666157443504584,8.683592620773958e-07,0.0,8.0,1.0,3
0.006812920690579608,0.0075,-18.65647766412932,MB-fixed,0.009882006659210832,0.007250184837500395,0.0021377214887498956,0.00024180649128055997,0.0015370408648212731,0.002738402112678518,0.0021377214887498956,6.408923689874861,0.0,3
0.006812920690579608,0.0075,-18.65647766412932,MB-global-opt,0.01007002986550809,0.007201645807798807,0.0023648825644338786,0.000571688687438933,0.0009447291366033769,0.00378503599226438,0.0023648825644338786,4.7380473561634675,0.0,3
0.006812920690579608,0.0075,-18.65647766412932,PS,0.009882006659212314,0.007250184837500395,0.002137721488751302,0.00024180649128013073,0.0015370408648237458,0.0027384021126788585,0.002137721488751302,6.408923689874858,0.0,3
0.006812920690579608,0.0075,-18.65647766412932,PS+GS,0.009881997288993935,0.007241134915013658,0.0021467625095305787,0.0002417891303161718,0.0015461250126283048,0.0027474000064328526,0.0021467625095305787,6.408923689874858,0.0,3
0.01,0.0075,-16.989862900737343,GS,0.014309059220684853,0.013887216892994436,-0.0002936106333438256,0.00027303718977254084,-0.0009718726131597206,0.00038465134647206936,7.0954853043017395e-06,8.0,0.6666666666666666,3
0.01,0.0075,-16.989862900737343,MB-fixed,0.01453529745081313,0.01058976757484098,0.0032187650034314927,0.0002534941254758087,0.0025890506866376698,0.0038484793202253156,0.0032187650034314927,6.408923689874861,0.0,3
0.01,0.0075,-16.989862900737343,MB-global-opt,0.01461107423421056,0.010521198098345952,0.0033593224241540796,0.00023868840572796807,0.0027663875541350186,0.0039522572941731405,0.0033593224241540796,4.7380473561634675,0.0,3
0.01,0.0075,-16.989862900737343,PS,0.014535297450814314,0.01058976757484098,0.0032187650034326176,0.00025349412547701506,0.002589050686635798,0.0038484793202294373,0.0032187650034326176,6.408923689874858,0.0,3
0.01,0.0075,-16.989862900737343,PS+GS,0.014535303706603386,0.010576985715353704,0.0032315528059195125,0.0002534820620765385,0.0026018684562707484,0.0038612371555682766,0.0032315528059195125,6.408923689874858,0.0,3
0.01467799267622069,0.0075,-15.323272416535838,GS,0.02093193275906735,0.020067423967882636,-0.0001820878467686538,0.00014124512133709973,-0.0005329601792785463,0.0001687844857412387,0.0,8.0,1.0,3
0.01467799267622069,0.0075,-15.323272416535838,MB-fixed,0.02093390067223666,0.01544794373987024,0.004439261898754587,0.0006677681471684221,0.0027804338616884226,0.006098089935820752,0.004439261898754587,6.408923689874861,0.0,3
0.01467799267622069,0.0075,-15.323272416535838,MB-global-opt,0.020505277626929146,0.015351164214330915,0.004128849531251772,0.0015058624047613973,0.0003880799429233023,0.007869619119580243,0.004128849531251772,4.7380473561634675,0.0,3
0.01467799267622069,0.0075,-15.323272416535838,PS,0.020933900672238732,0.01544794373987024,0.004439261898756555,0.0006677681471688472,0.002780433861689334,0.006098089935823776,0.004439261898756555,6.408923689874858,0.0,3
0.01467799267622069,0.0075,-15.323272416535838,PS+GS,0.02093386268906568,0.015429907401494747,0.0044572621531176505,0.0006677714691960449,0.0027984258636773885,0.0061160984425579126,0.0044572621531176505,6.408923689874858,0.0,3
0.021544346900318822,0.0075,-13.656717568015475,GS,0.03062063991908885,0.02895513215603085,0.00013447576710355508,0.00048671662976061263,-0.0010745953678058225,0.0013435469020129328,0.00025071045538016534,8.0,0.3333333333333333,3
0.021544346900318822,0.0075,-13.656717568015475,MB-fixed,0.031126287362013727,0.022492673781732808,0.00707729921218023,0.0012861687772646115,0.0038822788489409924,0.010272319575419468,0.00707729921218023,6.408923689874861,0.0,3
0.021544346900318822,0.0075,-13.656717568015475,MB-global-opt,0.031260542348641764,0.022356169630888267,0.007341345600321409,0.0013352416906973245,0.00402442136220002,0.010658269838442798,0.007341345600321409,4.7380473561634675,0.0,3
0.021544346900318822,0.0075,-13.656717568015475,PS,0.03112628736201521,0.022492673781732808,0.007077299212181636,0.001286168777263726,0.003882278848944598,0.010272319575418675,0.007077299212181636,6.408923689874858,0.0,3
0.021544346900318822,0.0075,-13.656717568015475,PS+GS,0.031126307394963842,0.022467240428543978,0.007102751596671669,0.0012861001358974657,0.003907901748041141,0.010297601445302196,0.007102751596671669,6.408923689874858,0.0,3
0.03162277660168379,0.0075,-11.990215022728044,GS,0.04523391583104974,0.041690176124679734,0.0012820439148175193,0.0005833207562611285,-0.00016700517383951528,0.002731093003474554,0.0012820439148175193,8.0,0.0,3
0.03162277660168379,0.0075,-11.990215022728044,MB-fixed,0.04460416751538846,0.03265976207400012,0.009714197065618919,0.0015896948192680351,0.005765176214950005,0.013663217916287832,0.009714197065618919,6.408923689874861,0.0,3
0.03162277660168379,0.0075,-11.990215022728044,MB-global-opt,0.04562581997419487,0.03246728260748166,0.01087724636800346,0.003199350690876859,0.0029296186637802722,0.018824874072226647,0.01087724636800346,4.7380473561634675,0.0,3
0.03162277660168379,0.0075,-11.990215022728044,PS,0.04460416751538935,0.03265976207400012,0.009714197065619762,0.001589694819268164,0.005765176214950528,0.013663217916288996,0.009714197065619762,6.408923689874858,0.0,3
0.03162277660168379,0.0075,-11.990215022728044,PS+GS,0.04460441513553862,0.03262390911469959,0.009750285264062103,0.0015897105797621383,0.005801225262155432,0.013699345265968773,0.009750285264062103,6.408923689874858,0.0,3
0.046415888336127774,0.0075,-10.323789242069264,GS,0.06445634834507974,0.05984060129170099,0.0013929296361247605,0.0007151339037558683,-0.0003835614631244081,0.0031694207353739293,0.0013929296361247605,8.0,0.0,3
0.046415888336127774,0.0075,-10.323789242069264,MB-fixed,0.0648527194353008,0.04722999836000419,0.014380085103531568,0.003102617803194116,0.006672755213564612,0.022087414993498523,0.014380085103531568,6.408923689874861,0.0,3
0.046415888336127774,0.0075,-10.323789242069264,MB-global-opt,0.06638011930580727,0.04695849546325159,0.016102617877265305,0.005829970639915861,0.001620167952432583,0.030585067802098027,0.016102617877265305,4.7380473561634675,0.0,3
0.046415888336127774,0.0075,-10.323789242069264,PS,0.06485271943530228,0.04722999836000419,0.014380085103532975,0.0031026178031930505,0.006672755213568666,0.022087414993497284,0.014380085103532975,6.408923689874858,0.0,3
0.046415888336127774,0.0075,-10.323789242069264,PS+GS,0.06485261956347887,0.047179440767251224,0.014430547818053703,0.003102579247568698,0.006723313705569847,0.02213778193053756,0.014430547818053703,6.408923689874858,0.0,3
0.06812920690579609,0.0075,-8.657476123511987,GS,0.09474639352839453,0.08550468446203419,0.004504389389940615,0.0006778666687798493,0.002820475234506889,0.00618830354537434,0.004504389389940615,8.0,0.0,3
0.06812920690579609,0.0075,-8.657476123511987,MB-fixed,0.09560757511890798,0.06789090239879902,0.022936293964163548,0.0003434993073321038,0.022082994380870326,0.02378959354745677,0.022936293964163548,6.408923689874861,0.0,3
0.06812920690579609,0.0075,-8.657476123511987,MB-global-opt,0.09680193882314647,0.06750740411150269,0.02445443777048645,0.0017080493819607659,0.02021140788727845,0.028697467653694454,0.02445443777048645,4.7380473561634675,0.0,3
0.06812920690579609,0.0075,-8.657476123511987,PS,0.09560757511890945,0.06789090239879902,0.022936293964164953,0.00034349930733312925,0.022082994380869185,0.02378959354746072,0.022936293964164953,6.408923689874858,0.0,3
0.06812920690579609,0.0075,-8.657476123511987,PS+GS,0.09560797652486652,0.06781951305637746,0.023008064642245734,0.0003435287398814732,0.02215469194444667,0.023861437340044797,0.023008064642245734,6.408923689874858,0.0,3
0.1,0.0075,-6.991328342380337,GS,0.135948844183685,0.12136517741756192,0.007786224556938809,0.0012081488704370458,0.004785016386514772,0.010787432727362847,0.007786224556938809,8.0,0.0,3
0.1,0.0075,-6.991328342380337,MB-fixed,0.138201371554441,0.09672257439116949,0.03456872858554946,0.003447332874262425,0.026005078987743638,0.04313237818335529,0.03456872858554946,6.408923689874861,0.0,3
0.1,0.0075,-6.991328342380337,MB-global-opt,0.14087169643108854,0.09617922859081829,0.03764888301871583,0.0062287344769973345,0.022175848808119028,0.05312191722931263,0.03764888301871583,4.7380473561634675,0.0,3
0.1,0.0075,-6.991328342380337,PS,0.13820137155444248,0.09672257439117082,0.03456872858554954,0.003447332874262843,0.026005078987742673,0.043132378183356405,0.03456872858554954,6.408923689874858,0.0,3
0.1,0.0075,-6.991328342380337,PS+GS,0.13820081330693323,0.09662146560130114,0.03466930704028543,0.003446873939417872,0.026106797499834182,0.04323181658073668,0.03466930704028543,6.408923689874858,0.0,3
1e-05,0.01,-46.98970026050742,GS,1.457299625240438e-05,1.7898036358321434e-05,-4.053689918537275e-06,3.66290900796184e-07,-4.963606958664798e-06,-3.143772878409751e-06,0.0,8.0,1.0,3
1e-05,0.01,-46.98970026050742,MB-fixed,1.4996116044348659e-05,1.1427759303961338e-05,2.8185509381698866e-06,7.25284362057252e-07,1.016844702663014e-06,4.620257173676759e-06,2.8185509381698866e-06,6.408923689874861,0.0,3
1e-05,0.01,-46.98970026050742,MB-global-opt,1.4747460092815837e-05,1.1294380943827065e-05,2.71570614434798e-06,1.1766456271716e-06,-2.072436314388883e-07,5.638655920134849e-06,2.71570614434798e-06,4.7380473561634675,0.0,3
1e-05,0.01,-46.98970026050742,PS,1.4996116046125016e-05,1.1427759303961338e-05,2.818550939857425e-06,7.252843612368527e-07,1.0168447063885375e-06,4.620257173326313e-06,2.818550939857425e-06,6.408923689874858,0.0,3
1e-05,0.01,-46.98970026050742,PS+GS,1.4996119975722403e-05,1.1402938590254763e-05,2.843375386681519e-06,7.253013747989882e-07,1.04162688918132e-06,4.645123884181718e-06,2.843375386681519e-06,6.408923689874858,0.0,3
1.4677992676220705e-05,0.01,-45.32303369542206,GS,2.11896175491925e-05,2.5978817346894445e-05,-5.84868067516157e-06,2.9828703392608933e-07,-6.589666745054336e-06,-5.107694605268803e-06,0.0,8.0,1.0,3
1.4677992676220705e-05,0.01,-45.32303369542206,MB-fixed,2.133641687921776e-05,1.672794759466356e-05,3.54164844059331e-06,1.0278100321510026e-06,9.884267792433254e-07,6.094870101943295e-06,3.54164844059331e-06,6.408923689874861,0.0,3
1.4677992676220705e-05,0.01,-45.32303369542206,MB-global-opt,2.1482759840670457e-05,1.6536854130277945e-05,3.871767718358991e-06,1.4919425563119672e-06,1.655769505051715e-07,7.577958486212811e-06,3.871767718358991e-06,4.7380473561634675,0.0,3
1.4677992676220705e-05,0.01,-45.32303369542206,PS,2.1336416881290177e-05,1.672794759466356e-05,3.541648442562107e-06,1.027810033124996e-06,9.884267787925887e-07,6.094870106331625e-06,3.541648442562107e-06,6.408923689874858,0.0,3
1.4677992676220705e-05,0.01,-45.32303369542206,PS+GS,2.1336431989205096e-05,1.6692388897565635e-05,3.577221492179205e-06,1.0278327928352032e-06,1.0239432901552537e-06,6.130499694203156e-06,3.577221492179205e-06,6.408923689874858,0.0,3
2.1544346900318823e-05,0.01,-43.65636717785638,GS,3.091129952773978e-05,3.770319938967148e-05,-8.337464838318692e-06,3.009935707613026e-07,-9.08517431843197e-06,-7.589755358205415e-06,0.0,8.0,1.0,3
2.1544346900318823e-05,0.01,-43.65636717785638,MB-fixed,3.0858828928022795e-05,2.448613649153053e-05,4.829750990091122e-06,1.1076218772822374e-06,2.0782657144087175e-06,7.5812362657735275e-06,4.829750990091122e-06,6.408923689874861,0.0,3
2.1544346900318823e-05,0.01,-43.65636717785638,MB-global-opt,3.099488118903556e-05,2.421251749251674e-05,5.232619637067039e-06,2.095084889587154e-06,2.8140253589808527e-08,1.0437099020544268e-05,5.232619637067039e-06,4.7380473561634675,0.0,3
2.1544346900318823e-05,0.01,-43.65636717785638,PS,3.085882893009521e-05,2.448613649153053e-05,4.829750992059918e-06,1.1076218779927947e-06,2.0782657146123917e-06,7.581236269507445e-06,4.829750992059918e-06,6.408923689874858,0.0,3
2.1544346900318823e-05,0.01,-43.65636717785638,PS+GS,3.085878869827733e-05,2.4435224984520332e-05,4.880624278843132e-06,1.1075921722531718e-06,2.129212794543657e-06,7.632035763142607e-06,4.880624278843132e-06,6.408923689874858,0.0,3
3.1622776601683795e-05,0.01,-41.98970073004,GS,4.553980965837923e-05,5.471172956239556e-05,-1.1448910386935296e-05,4.751825584218759e-07,-1.2629329300262454e-05,-1.0268491473608139e-05,0.0,8.0,1.0,3
3.1622776601683795e-05,0.01,-41.98970073004,MB-fixed,4.541048389109884e-05,3.584210757812123e-05,7.29785211842267e-06,1.3279729641499308e-07,6.967965346383787e-06,7.6277388904615526e-06,7.29785211842267e-06,6.408923689874861,0.0,3
3.1622776601683795e-05,0.01,-41.98970073004,MB-global-opt,4.5022628609577474e-05,3.545056985809758e-05,7.3209273210010156e-06,1.3774024312114871e-06,3.899269997414372e-06,1.0742584644587659e-05,7.3209273210010156e-06,4.7380473561634675,0.0,3
3.1622776601683795e-05,0.01,-41.98970073004,PS,4.54104838928752e-05,3.584210757812123e-05,7.29785212011021e-06,1.3279729643760574e-07,6.9679653480151535e-06,7.6277388922052665e-06,7.29785212011021e-06,6.408923689874858,0.0,3
3.1622776601683795e-05,0.01,-41.98970073004,PS+GS,4.541044187404234e-05,3.576926062609509e-05,7.3706591542451375e-06,1.3278448285578347e-07,7.0408042128519085e-06,7.700514095638367e-06,7.3706591542451375e-06,6.408923689874858,0.0,3
4.641588833612782e-05,0.01,-40.32303438460161,GS,6.631029575091911e-05,7.938245668048793e-05,-1.638767571711479e-05,9.038373740270644e-07,-1.8632932223196986e-05,-1.4142419211032596e-05,0.0,8.0,1.0,3
4.641588833612782e-05,0.01,-40.32303438460161,MB-fixed,6.672121269524212e-05,5.246406612569032e-05,1.0921085934789684e-05,1.6323893933928816e-06,6.866005882451434e-06,1.4976165987127934e-05,1.0921085934789684e-05,6.408923689874861,0.0,3
4.641588833612782e-05,0.01,-40.32303438460161,MB-global-opt,6.664230981131188e-05,5.1904161658011816e-05,1.1406032662734466e-05,6.340535697018206e-07,9.830956278987776e-06,1.2981109046481156e-05,1.1406032662734466e-05,4.7380473561634675,0.0,3
4.641588833612782e-05,0.01,-40.32303438460161,PS,6.672121269701847e-05,5.246406612569032e-05,1.0921085936477221e-05,1.6323893927912676e-06,6.866005885633463e-06,1.4976165987320978e-05,1.0921085936477221e-05,6.408923689874858,0.0,3
4.641588833612782e-05,0.01,-40.32303438460161,PS+GS,6.672110473241825e-05,5.235990201235552e-05,1.1025147483441816e-05,1.6322918840770686e-06,6.97030965767222e-06,1.507998530921141e-05,1.1025147483441816e-05,6.408923689874858,0.0,3
6.812920690579608e-05,0.01,-38.656368189433536,GS,9.908733630907089e-05,0.00011516187839410996,-2.1028908900492622e-05,1.105864498378906e-06,-2.377602860496748e-05,-1.8281789196017764e-05,0.0,8.0,1.0,3
6.812920690579608e-05,0.01,-38.656368189433536,MB-fixed,0.00010198995091877568,7.679354464484867e-05,2.0096908727988222e-05,2.118918901749342e-06,1.4833222376077318e-05,2.5360595079899126e-05,2.0096908727988222e-05,6.408923689874861,0.0,3
6.812920690579608e-05,0.01,-38.656368189433536,MB-global-opt,0.00010435317466791123,7.599342988084956e-05,2.3142086053666105e-05,4.719307414850333e-06,1.1418676531238714e-05,3.4865495576093494e-05,2.3142086053666105e-05,4.7380473561634675,0.0,3
6.812920690579608e-05,0.01,-38.656368189433536,PS,0.00010198995091966385,7.679354464484867e-05,2.0096908728831992e-05,2.1189189011182873e-06,1.4833222378488716e-05,2.536059507917527e-05,2.0096908728831992e-05,6.408923689874858,0.0,3
6.812920690579608e-05,0.01,-38.656368189433536,PS+GS,0.00010198993626708841,7.664470416401947e-05,2.024573528971451e-05,2.118972632812885e-06,1.4981915462442371e-05,2.5509555116986652e-05,2.024573528971451e-05,6.408923689874858,0.0,3
0.0001,0.01,-36.98970221483206,GS,0.00014517626257089708,0.00016704407334011684,-2.912662389776463e-05,3.837881680470484e-06,-3.866045051333894e-05,-1.959279728219032e-05,0.0,8.0,1.0,3
0.0001,0.01,-36.98970221483206,MB-fixed,0.00014861238016017353,0.0001124037258863897,2.8778035265775155e-05,2.10104379916806e-06,2.3558753130287268e-05,3.399731740126304e-05,2.8778035265775155e-05,6.408923689874861,0.0,3
0.0001,0.01,-36.98970221483206,MB-global-opt,0.00015169924184495662,0.00011126118262239082,3.285309713031795e-05,2.716926597816818e-06,2.6103877308707307e-05,3.960231695192859e-05,3.285309713031795e-05,4.7380473561634675,0.0,3
0.0001,0.01,-36.98970221483206,PS,0.0001486123801610617,0.0001124037258863897,2.8778035266618918e-05,2.1010437997167216e-06,2.355875312976808e-05,3.399731740346975e-05,2.8778035266618918e-05,6.408923689874858,0.0,3
0.0001,0.01,-36.98970221483206,PS+GS,0.00014861236524765786,0.00011219120381755765,2.8990543167717315e-05,2.100929956479729e-06,2.3771543833144716e-05,3.4209542502289914e-05,2.8990543167717315e-05,6.408923689874858,0.0,3
0.0001467799267622069,0.01,-35.323036563977965,GS,0.00021157695587348258,0.00024226417050132731,-4.126606242151888e-05,3.370335676430145e-06,-4.963844037649281e-05,-3.289368446654496e-05,0.0,8.0,1.0,3
0.0001467799267622069,0.01,-35.323036563977965,MB-fixed,0.00021073437615903856,0.00016452362173025037,3.5674035620836255e-05,7.012274597073541e-06,1.8254579849312888e-05,5.3093491392359625e-05,3.5674035620836255e-05,6.408923689874861,0.0,3
0.0001467799267622069,0.01,-35.323036563977965,MB-global-opt,0.00020921024401735858,0.00016289335762253998,3.585637419395066e-05,9.983615695040432e-06,1.1055697946585582e-05,6.065705044131574e-05,3.585637419395066e-05,4.7380473561634675,0.0,3
0.0001467799267622069,0.01,-35.323036563977965,PS,0.00021073437616051885,0.00016452362173025037,3.567403562224254e-05,7.0122745958889814e-06,1.8254579853661782e-05,5.30934913908233e-05,3.567403562224254e-05,6.408923689874858,0.0,3
0.0001467799267622069,0.01,-35.323036563977965,PS+GS,0.00021073431031807624,0.00016422040733976573,3.59771874624067e-05,7.012260916434325e-06,1.855776567547513e-05,5.339660924933827e-05,3.59771874624067e-05,6.408923689874858,0.0,3
0.00021544346900318823,0.01,-33.656371388319826,GS,0.00030872125054592914,0.0003513016918781364,-5.801650385950376e-05,2.9058323562076402e-06,-6.523499159949402e-05,-5.07980161195135e-05,0.0,8.0,1.0,3
0.00021544346900318823,0.01,-33.656371388319826,MB-fixed,0.00030932491627429687,0.00024080468437337466,5.3053986087207374e-05,5.347987232102612e-06,3.9768849322146645e-05,6.63391228522681e-05,5.3053986087207374e-05,6.408923689874861,0.0,3
0.00021544346900318823,0.01,-33.656371388319826,MB-global-opt,0.00030826497426457894,0.000238480395853502,5.4371329697847994e-05,7.1873997982241625e-06,3.6516838809873896e-05,7.222582058582209e-05,5.4371329697847994e-05,4.7380473561634675,0.0,3
0.00021544346900318823,0.01,-33.656371388319826,PS,0.0003093249162763693,0.00024080468437337466,5.3053986089176177e-05,5.347987231664855e-06,3.9768849325202896e-05,6.633912285314945e-05,5.3053986089176177e-05,6.408923689874858,0.0,3
0.00021544346900318823,0.01,-33.656371388319826,PS+GS,0.000309324863303632,0.00024037242940888603,5.3486190729564354e-05,5.349007127681097e-06,4.019852040343509e-05,6.677386105569362e-05,5.3486190729564354e-05,6.408923689874858,0.0,3
0.00031622776601683794,0.01,-31.98970691015345,GS,0.0004560553715424002,0.0005093316113533586,-7.607900838807841e-05,6.882116054003648e-06,-9.317513241425938e-05,-5.8982884361897446e-05,0.0,8.0,1.0,3
0.00031622776601683794,0.01,-31.98970691015345,MB-fixed,0.0004535251092822416,0.0003524415634883482,7.840729032978128e-05,1.8057977956839293e-05,3.354878628979652e-05,0.00012326579436976604,7.840729032978128e-05,6.408923689874861,0.0,3
0.00031622776601683794,0.01,-31.98970691015345,MB-global-opt,0.00044376144290107317,0.00034913063630326313,7.244273445275634e-05,1.1035291500597557e-05,4.502955067630377e-05,9.985591822920891e-05,7.244273445275634e-05,4.7380473561634675,0.0,3
0.00031622776601683794,0.01,-31.98970691015345,PS,0.0004535251092834258,0.0003524415634883482,7.84072903309063e-05,1.8057977957685387e-05,3.354878628881973e-05,0.00012326579437299287,7.84072903309063e-05,6.408923689874858,0.0,3
0.00031622776601683794,0.01,-31.98970691015345,PS+GS,0.00045352517149588323,0.00035182588335791465,7.902302956317438e-05,1.8057325538795492e-05,3.4166146219456036e-05,0.00012387991290689274,7.902302956317438e-05,6.408923689874858,0.0,3
0.00046415888336127773,0.01,-30.323043455763916,GS,0.0006705079042162628,0.0007383217507983542,-0.00010133924179290452,1.3175421452311201e-05,-0.00013406880309038948,-6.860968049541956e-05,0.0,8.0,1.0,3
0.00046415888336127773,0.01,-30.323043455763916,MB-fixed,0.000668681301087067,0.0005158097300663744,0.00011943750596633922,3.052569927743497e-05,4.3607465214652924e-05,0.0001952675467180255,0.00011943750596633922,6.408923689874861,0.0,3
0.00046415888336127773,0.01,-30.323043455763916,MB-global-opt,0.0006488692258169356,0.0005110976076165841,0.00010532815690950472,3.292653451653142e-05,2.3534110800753726e-05,0.0001871222030182557,0.00010532815690950472,4.7380473561634675,0.0,3
0.00046415888336127773,0.01,-30.323043455763916,PS,0.0006686813010882512,0.0005158097300663744,0.00011943750596746423,3.0525699277756654e-05,4.360746521497882e-05,0.00019526754671994964,0.00011943750596746423,6.408923689874858,0.0,3
0.00046415888336127773,0.01,-30.323043455763916,PS+GS,0.00066868224009801,0.0005149335874001792,0.0001203145406929303,3.0524393425339285e-05,4.4487743857680824e-05,0.00019614133752817977,0.0001203145406929303,6.408923689874858,0.0,3
0.0006812920690579609,0.01,-28.656381504070968,GS,0.0009862324999749816,0.001070062168475161,-0.00013314129349892845,1.733354189365522e-05,-0.00017620019859462802,-9.008238840322889e-05,0.0,8.0,1.0,3
0.0006812920690579609,0.01,-28.656381504070968,MB-fixed,0.0009727214244795354,0.0007548564404706859,0.00016922891278487262,3.475823782291502e-05,8.288466341605273e-05,0.00025557316215369253,0.00016922891278487262,6.408923689874861,0.0,3
0.0006812920690579609,0.01,-28.656381504070968,MB-global-opt,0.0009697385688856031,0.0007481565149163316,0.00017309512552499126,7.444647254004783e-05,-1.1840164416235152e-05,0.0003580304154662177,0.00017309512552499126,4.7380473561634675,0.0,3
0.0006812920690579609,0.01,-28.656381504070968,PS,0.0009727214244798313,0.0007548564404706859,0.00016922891278515389,3.475823782338934e-05,8.288466341515572e-05,0.00025557316215515203,0.00016922891278515389,6.408923689874858,0.0,3
0.0006812920690579609,0.01,-28.656381504070968,PS+GS,0.0009727225746140414,0.0007536108424228694,0.00017047560346047,3.475487111841467e-05,8.413971744926364e-05,0.00025681148947167637,0.00017047560346047,6.408923689874858,0.0,3
0.001,0.01,-26.989721758029997,GS,0.001434399208120496,0.001550536228116517,-0.0001878569804020458,2.0251309985709664e-05,-0.00023816402324926977,-0.0001375499375548218,0.0,8.0,1.0,3
0.001,0.01,-26.989721758029997,MB-fixed,0.0014221432078519076,0.0011045875186257437,0.0002464485288335686,2.3890291358956313e-05,0.0001871017551248176,0.0003057953025423196,0.0002464485288335686,6.408923689874861,0.0,3
0.001,0.01,-26.989721758029997,MB-global-opt,0.001425958334608642,0.0010950707673975657,0.0002595896504806442,1.3726455754959505e-05,0.00022549124409149948,0.0002936880568697889,0.0002595896504806442,4.7380473561634675,0.0,3
0.001,0.01,-26.989721758029997,PS,0.0014221432078527958,0.0011045875186257437,0.0002464485288344123,2.3890291358939816e-05,0.00018710175512570232,0.0003057953025431223,0.0002464485288344123,6.408923689874858,0.0,3
0.001,0.01,-26.989721758029997,PS+GS,0.0014221429946508952,0.001102818457035415,0.0002482173878829356,2.3893511249623202e-05,0.00018886261552235139,0.0003075721602435198,0.0002482173878829356,6.408923689874858,0.0,3
0.0014677992676220691,0.01,-25.32306524943269,GS,0.0020926230800360677,0.0022462185099412224,-0.0002582265839069583,4.277999990054095e-05,-0.0003644979949672505,-0.00015195517284666608,0.0,8.0,1.0,3
0.0014677992676220691,0.01,-25.32306524943269,MB-fixed,0.0021299228431530537,0.0016161434121670926,0.00040728328882830853,3.9348514028460655e-05,0.0003095361612300838,0.0005050304164265332,0.00040728328882830853,6.408923689874861,0.0,3
0.0014677992676220691,0.01,-25.32306524943269,MB-global-opt,0.0021477134827412314,0.001602639733169875,0.0004376880754342948,9.850389331967433e-06,0.0004132183518196346,0.00046215779904895503,0.0004376880754342948,4.7380473561634675,0.0,3
0.0014677992676220691,0.01,-25.32306524943269,PS,0.0021299228431536457,0.0016161434121670926,0.00040728328882887085,3.934851402841199e-05,0.00030953616123076703,0.0005050304164269747,0.00040728328882887085,6.408923689874858,0.0,3
0.0014677992676220691,0.01,-25.32306524943269,PS+GS,0.0021299238390701802,0.0016136335556466985,0.0004097940914699726,3.934838119251727e-05,0.00031204729385452435,0.0005075408890854209,0.0004097940914699726,6.408923689874858,0.0,3
0.002154434690031882,0.01,-23.656413492729754,GS,0.003081862844243647,0.003253130175815633,-0.0003253604737841681,5.589293680494143e-05,-0.0004642062259200805,-0.00018651472164825573,0.0,8.0,1.0,3
0.002154434690031882,0.01,-23.656413492729754,MB-fixed,0.003085350607091956,0.002364169989292453,0.0005669130874449054,0.00013638922916767347,0.00022810345979712833,0.0009057227150926825,0.0005669130874449054,6.408923689874861,0.0,3
0.002154434690031882,0.01,-23.656413492729754,MB-global-opt,0.0031028822276608636,0.0023450300263354595,0.0006027080899423607,0.00013353216652886726,0.00027099579934038707,0.0009344203805443344,0.0006027080899423607,4.7380473561634675,0.0,3
0.002154434690031882,0.01,-23.656413492729754,PS,0.003085350607092844,0.002364169989292453,0.000566913087445749,0.0001363892291685976,0.0002281034597956763,0.0009057227150958218,0.000566913087445749,6.408923689874858,0.0,3
0.002154434690031882,0.01,-23.656413492729754,PS+GS,0.00308534922845638,0.0023606130513498247,0.000570468715683736,0.00013638633430372474,0.00023166627927666424,0.0009092711520908077,0.000570468715683736,6.408923689874858,0.0,3
0.0031622776601683794,0.01,-21.989768710804228,GS,0.004630240519897022,0.004709819630752454,-0.00031109113685028343,5.529887318001392e-05,-0.00044846115313235254,-0.0001737211205682143,0.0,8.0,1.0,3
0.0031622776601683794,0.01,-21.989768710804228,MB-fixed,0.004715863049721196,0.00345748062100526,0.0010225892762298755,0.00015842518220627444,0.0006290393066252288,0.0014161392458345223,0.0010225892762298755,6.408923689874861,0.0,3
0.0031622776601683794,0.01,-21.989768710804228,MB-global-opt,0.004730750087318232,0.0034303824420094386,0.0010638301409428821,0.00017706396232737673,0.0006239788747389567,0.0015036814071468076,0.0010638301409428821,4.7380473561634675,0.0,3
0.0031622776601683794,0.01,-21.989768710804228,PS,0.004715863049723564,0.00345748062100526,0.0010225892762321257,0.000158425182206143,0.0006290393066278055,0.0014161392458364459,0.0010225892762321257,6.408923689874858,0.0,3
0.0031622776601683794,0.01,-21.989768710804228,PS+GS,0.0047158642587617665,0.0034524455095197304,0.001027625536303948,0.0001584254704133954,0.0006340748507531233,0.0014211762218547725,0.001027625536303948,6.408923689874858,0.0,3
0.004641588833612777,0.01,-20.323134166344854,GS,0.006632198827933718,0.006815886185831177,-0.0005152972992941452,5.680872509333709e-05,-0.0006564179956532123,-0.00037417660293507805,0.0,8.0,1.0,3
0.004641588833612777,0.01,-20.323134166344854,MB-fixed,0.006606202946586315,0.005054390971025446,0.0012215018282315524,0.0003560270994840303,0.0003370814840091463,0.0021059221724539588,0.0012215018282315524,6.408923689874861,0.0,3
0.004641588833612777,0.01,-20.323134166344854,MB-global-opt,0.0065952796724758995,0.005016069698086101,0.0012494459907660032,0.0004149766107669936,0.00021858694247815108,0.0022803050390538555,0.0012494459907660032,4.7380473561634675,0.0,3
0.004641588833612777,0.01,-20.323134166344854,PS,0.006606202946586907,0.00505439097102478,0.001221501828232781,0.00035602709948376695,0.0003370814840110291,0.002105922172454533,0.001221501828232781,6.408923689874858,0.0,3
0.004641588833612777,0.01,-20.323134166344854,PS+GS,0.0066061981467795405,0.005047271667003139,0.0012286165724374242,0.0003560257346449267,0.0003441996186633057,0.0021130335262115425,0.0012286165724374242,6.408923689874858,0.0,3
0.006812920690579608,0.01,-18.656514648200222,GS,0.009767020208913438,0.00985823445779399,-0.0005795652593262238,0.00020468247990993515,-0.001088024726598772,-7.11057920536756e-05,0.0,8.0,1.0,3
0.006812920690579608,0.01,-18.656514648200222,MB-fixed,0.009544044880436253,0.007384583448450943,0.0016822591879634967,0.00041471071367234485,0.0006520606646758982,0.002712457711251095,0.0016822591879634967,6.408923689874861,0.0,3
0.006812920690579608,0.01,-18.656514648200222,MB-global-opt,0.009491687403798762,0.0073304529408857455,0.0016866500927230777,0.0009966837861246378,-0.0007892496870485534,0.004162549872494709,0.0016866500927230777,4.7380473561634675,0.0,3
0.006812920690579608,0.01,-18.656514648200222,PS,0.009544044880437733,0.007384583448450943,0.0016822591879649032,0.00041471071367318033,0.0006520606646752292,0.002712457711254577,0.0016822591879649032,6.408923689874858,0.0,3
0.006812920690579608,0.01,-18.656514648200222,PS+GS,0.009544036293744599,0.007374528900552901,0.0016923055785044681,0.00041469906751546624,0.0006621359858743686,0.0027224751711345677,0.0016923055785044681,6.408923689874858,0.0,3
0.01,0.01,-16.98991718517264,GS,0.014074756069731187,0.014247900813104009,-0.0008768825468593819,0.00011281311225613952,-0.0011571258533913085,-0.0005966392403274554,0.0,8.0,1.0,3
0.01,0.01,-16.98991718517264,MB-fixed,0.013768463573240908,0.010779867935236442,0.0023001724593424196,0.00034608617541817923,0.0014404467394813344,0.003159898179203505,0.0023001724593424196,6.408923689874861,0.0,3
0.01,0.01,-16.98991718517264,MB-global-opt,0.01316258328485335,0.010703490387255155,0.0018009637333555276,0.0008351870937588549,-0.00027375602259229197,0.0038756834893033474,0.0018009637333555276,4.7380473561634675,0.0,3
0.01,0.01,-16.98991718517264,PS,0.013768463573242093,0.010779867935236442,0.002300172459343544,0.0003460861754185734,0.00144044673948148,0.003159898179205608,0.002300172459343544,6.408923689874858,0.0,3
0.01,0.01,-16.98991718517264,PS+GS,0.013768414315499022,0.010765683813152682,0.0023143097865713884,0.0003460801121520596,0.0014545991286983274,0.0031740204444444496,0.0023143097865713884,6.408923689874858,0.0,3
0.01467799267622069,0.01,-15.323352093559592,GS,0.021090167881156436,0.02057087887777409,-0.0005352193906754758,6.500939197816915e-05,-0.0006967116729044039,-0.00037372710844654766,0.0,8.0,1.0,3
0.01467799267622069,0.01,-15.323352093559592,MB-fixed,0.02145621414534382,0.015716558569490058,0.004666844868586573,0.0006839844573334003,0.002967733283894645,0.006365956453278501,0.004666844868586573,6.408923689874861,0.0,3
0.01467799267622069,0.01,-15.323352093559592,MB-global-opt,0.02164612905222807,0.01560889773018137,0.004954924869435294,0.0008962220863904963,0.0027285857865566895,0.007181263952313898,0.004954924869435294,4.7380473561634675,0.0,3
0.01467799267622069,0.01,-15.323352093559592,PS,0.021456214145345893,0.01571655856949139,0.004666844868587208,0.0006839844573329946,0.0029677332838962877,0.0063659564532781284,0.004666844868587208,6.408923689874858,0.0,3
0.01467799267622069,0.01,-15.323352093559592,PS+GS,0.021456258865145017,0.01569656900178118,0.004686876920106587,0.0006839856832604466,0.002987762290043051,0.006385991550170123,0.004686876920106587,6.408923689874858,0.0,3
0.021544346900318822,0.01,-13.656834514379712,GS,0.030236042527887363,0.029656470317253936,-0.0009322299157609425,0.00043783804383983586,-0.002019879912088994,0.0001554200805671095,0.0,8.0,1.0,3
0.021544346900318822,0.01,-13.656834514379712,MB-fixed,0.02941636151435567,0.02287188361302106,0.005073659825616826,0.000501512037627448,0.0038278348600651706,0.006319484791168482,0.005073659825616826,6.408923689874861,0.0,3
0.021544346900318822,0.01,-13.656834514379712,MB-global-opt,0.02852437172699022,0.02272024524498706,0.00437790789565365,0.0011310621485045138,0.001568193758255054,0.007187622033052245,0.00437790789565365,4.7380473561634675,0.0,3
0.021544346900318822,0.01,-13.656834514379712,PS,0.02941636151435656,0.02287188361302106,0.005073659825617669,0.0005015120376277682,0.0038278348600652183,0.00631948479117012,0.005073659825617669,6.408923689874858,0.0,3
0.021544346900318822,0.01,-13.656834514379712,PS+GS,0.02941636044964972,0.022843735117470176,0.0051018073096970535,0.0005014141956159842,0.0038562253971758656,0.006347389222218241,0.0051018073096970535,6.408923689874858,0.0,3
0.03162277660168379,0.01,-11.990386668948128,GS,0.04476426790611724,0.04266530105034105,-0.00013924653952967583,0.00025710211652067683,-0.0007779236029416019,0.0004994305238822503,4.1305676956651195e-05,8.0,0.6666666666666666,3
0.03162277660168379,0.01,-11.990386668948128,MB-fixed,0.043914998869702515,0.03319471504904703,0.008524533877170358,0.001210212067857565,0.005518200440227287,0.01153086731411343,0.008524533877170358,6.408923689874861,0.0,3
0.03162277660168379,0.01,-11.990386668948128,MB-global-opt,0.04271617833295712,0.032981224237578655,0.007599145178730608,0.0014107935208415585,0.004094539790158498,0.011103750567302718,0.007599145178730608,4.7380473561634675,0.0,3
0.03162277660168379,0.01,-11.990386668948128,PS,0.043914998869703105,0.03319471504904703,0.008524533877170922,0.0012102120678572185,0.005518200440228712,0.011530867314113132,0.008524533877170922,6.408923689874858,0.0,3
0.03162277660168379,0.01,-11.990386668948128,PS+GS,0.04391490876491725,0.03315509490659552,0.008564068420075871,0.0012102891645859903,0.005557543464242269,0.011570593375909474,0.008564068420075871,6.408923689874858,0.0,3
0.046415888336127774,0.01,-10.324041167963077,GS,0.06572473616713381,0.06119408500845491,0.001244414350322208,0.0007486137339901872,-0.0006152452577940003,0.003104073958438416,0.001244414350322208,8.0,0.0,3
0.046415888336127774,0.01,-10.324041167963077,MB-fixed,0.06519590783155405,0.04798437357818219,0.013951738861794148,0.0005461811691759454,0.012594949622013109,0.015308528101575188,0.013951738861794148,6.408923689874861,0.0,3
0.046415888336127774,0.01,-10.324041167963077,MB-global-opt,0.06478327594230897,0.047683741672312596,0.013860370472880914,0.002013128561600776,0.0088594818944687,0.018861259051293128,0.013860370472880914,4.7380473561634675,0.0,3
0.046415888336127774,0.01,-10.324041167963077,PS,0.06519590783155464,0.04798437357818219,0.01395173886179471,0.0005461811691761536,0.012594949622013154,0.015308528101576267,0.01395173886179471,6.408923689874858,0.0,3
0.046415888336127774,0.01,-10.324041167963077,PS+GS,0.065195929418229,0.047928597047825594,0.014007535899491963,0.0005464575598204121,0.012650060067287838,0.015365011731696089,0.014007535899491963,6.408923689874858,0.0,3
0.06812920690579609,0.01,-8.657845865037796,GS,0.09540582549735858,0.08738099421877243,0.0032545400037182113,0.0020087442088933833,-0.0017354572387920874,0.00824453724622851,0.0032545400037182113,8.0,0.0,3
0.06812920690579609,0.01,-8.657845865037796,MB-fixed,0.09694037361936629,0.06895493362692084,0.023138421311477118,0.0011078290066242817,0.020386421497984936,0.0258904211249693,0.023138421311477118,6.408923689874861,0.0,3
0.06812920690579609,0.01,-8.657845865037796,MB-global-opt,0.0977874758810741,0.06853108150577514,0.024367020581245253,0.0041468537534374746,0.014065664787345474,0.034668376375145034,0.024367020581245253,4.7380473561634675,0.0,3
0.06812920690579609,0.01,-8.657845865037796,PS,0.09694037361936776,0.06895493362692195,0.02313842131147742,0.001107829006623,0.020386421497988423,0.025890421124966416,0.02313842131147742,6.408923689874858,0.0,3
0.06812920690579609,0.01,-8.657845865037796,PS+GS,0.0969396405195934,0.06887632008110822,0.023216338412505505,0.001108386653975024,0.020462953326199504,0.025969723498811506,0.023216338412505505,6.408923689874858,0.0,3
0.1,0.01,-6.99187097308249,GS,0.13607335822681824,0.12396531437294978,0.005304375942527556,0.0023044743556638646,-0.00042025571006765097,0.011029007595122764,0.005304375942527556,8.0,0.0,3
0.1,0.01,-6.99187097308249,MB-fixed,0.13444888886358974,0.0982252587679906,0.02950118565241966,0.0024854185456489454,0.023327063713765965,0.03567530759107335,0.02950118565241966,6.408923689874861,0.0,3
0.1,0.01,-6.99187097308249,MB-global-opt,0.13502329874629057,0.09762597756263336,0.030646156246342666,0.00037545567321746644,0.029713472649424106,0.03157883984326122,0.030646156246342666,4.7380473561634675,0.0,3
0.1,0.01,-6.99187097308249,PS,0.13444888886359121,0.0982252587679906,0.029501185652421064,0.0024854185456476777,0.02332706371377052,0.03567530759107161,0.029501185652421064,6.408923689874858,0.0,3
0.1,0.01,-6.99187097308249,PS+GS,0.1344491053452712,0.09811414570544552,0.02961250437256212,0.0024851702927419397,0.023438999128316765,0.035786009616807474,0.02961250437256212,6.408923689874858,0.0,3
1e-05,0.0125,-46.98970031479423,GS,1.4272514634446528e-05,1.8531746490690892e-05,-4.9728575879666914e-06,1.5895570188795902e-07,-5.36772544151942e-06,-4.577989734413963e-06,0.0,8.0,1.0,3
1e-05,0.0125,-46.98970031479423,MB-fixed,1.4296809983882497e-05,1.1742951889992526e-05,1.8390175946958458e-06,5.141944278180043e-07,5.616878253970876e-07,3.116347363994604e-06,1.8390175946958458e-06,6.408923689874861,0.0,3
1e-05,0.0125,-46.98970031479423,MB-global-opt,1.4305883647480755e-05,1.1596452440754135e-05,1.994137024352582e-06,4.737262660796825e-07,8.173357417519547e-07,3.1709383069532088e-06,1.994137024352582e-06,4.7380473561634675,0.0,3
1e-05,0.0125,-46.98970031479423,PS,1.4296809985362794e-05,1.1742951889992526e-05,1.8390175961021282e-06,5.141944268445217e-07,5.616878292216349e-07,3.1163473629826215e-06,1.8390175961021282e-06,6.408923689874858,0.0,3
1e-05,0.0125,-46.98970031479423,PS+GS,1.4296815009492056e-05,1.1715763673647572e-05,1.8662105853698794e-06,5.141933105936329e-07,5.888835914103145e-07,3.1435375793294443e-06,1.8662105853698794e-06,6.408923689874858,0.0,3
1.4677992676220705e-05,0.0125,-45.3230337751042,GS,2.145708112314774e-05,2.688417022533862e-05,-6.499943158348269e-06,3.2087544351712403e-07,-7.297041948353892e-06,-5.702844368342646e-06,0.0,8.0,1.0,3
1.4677992676220705e-05,0.0125,-45.3230337751042,MB-fixed,2.1962167666996397e-05,1.7179859305826994e-05,3.6841999778195828e-06,2.538388263931641e-07,3.0536293764776933e-06,4.314770579161472e-06,3.6841999778195828e-06,6.408923689874861,0.0,3
1.4677992676220705e-05,0.0125,-45.3230337751042,MB-global-opt,2.223338588673111e-05,1.6970037287622475e-05,4.151679304772078e-06,5.164396825270962e-07,2.8687720135780487e-06,5.434586595966107e-06,4.151679304772078e-06,4.7380473561634675,0.0,3
1.4677992676220705e-05,0.0125,-45.3230337751042,PS,2.1962167668476695e-05,1.7179859305826994e-05,3.6841999792258663e-06,2.538388252893637e-07,3.053629380625969e-06,4.314770577825764e-06,3.6841999792258663e-06,6.408923689874858,0.0,3
1.4677992676220705e-05,0.0125,-45.3230337751042,PS+GS,2.1962155463128852e-05,1.7140921713565405e-05,3.7231259764070033e-06,2.5383168553911806e-07,3.092573113929943e-06,4.3536788388840636e-06,3.7231259764070033e-06,6.408923689874858,0.0,3
2.1544346900318823e-05,0.0125,-43.65636729481375,GS,3.146728623774445e-05,3.8995665952334946e-05,-9.101744026477715e-06,2.934657143374546e-07,-9.830753274560101e-06,-8.372734778395328e-06,0.0,8.0,1.0,3
2.1544346900318823e-05,0.0125,-43.65636729481375,MB-fixed,3.111956655802809e-05,2.5133706509139486e-05,4.429881720987201e-06,2.8736535728442954e-07,3.7160265999151887e-06,5.1437368420592135e-06,4.429881720987201e-06,6.408923689874861,0.0,3
2.1544346900318823e-05,0.0125,-43.65636729481375,MB-global-opt,3.1244110758462305e-05,2.483337649383799e-05,4.848528726701197e-06,7.52588775918519e-07,2.9789945670251536e-06,6.718062886377241e-06,4.848528726701197e-06,4.7380473561634675,0.0,3
2.1544346900318823e-05,0.0125,-43.65636729481375,PS,3.111956655950839e-05,2.5133706509139486e-05,4.429881722393483e-06,2.8736535741658807e-07,3.7160266009931707e-06,5.1437368437937956e-06,4.429881722393483e-06,6.408923689874858,0.0,3
2.1544346900318823e-05,0.0125,-43.65636729481375,PS+GS,3.111961006159921e-05,2.5077976547382974e-05,4.485653011136272e-06,2.8740315161915916e-07,3.7717040037320686e-06,5.199602018540476e-06,4.485653011136272e-06,6.408923689874858,0.0,3
3.1622776601683795e-05,0.0125,-41.989700901709945,GS,4.52980507225457e-05,5.655537108917308e-05,-1.3522222902754662e-05,6.059540073215139e-07,-1.5027496103909616e-05,-1.2016949701599707e-05,0.0,8.0,1.0,3
3.1622776601683795e-05,0.0125,-41.989700901709945,MB-fixed,4.541941975855224e-05,3.676949994790846e-05,6.378948822716168e-06,9.863145667576363e-07,3.928807611815198e-06,8.829090033617138e-06,6.378948822716168e-06,6.408923689874861,0.0,3
3.1622776601683795e-05,0.0125,-41.989700901709945,MB-global-opt,4.6169497903925105e-05,3.6339898818793515e-05,7.521124189935331e-06,4.0030701611266165e-06,-2.4230533599785353e-06,1.7465301739849198e-05,7.521124189935331e-06,4.7380473561634675,0.0,3
3.1622776601683795e-05,0.0125,-41.989700901709945,PS,4.54194197588483e-05,3.676949994790846e-05,6.378948822997424e-06,9.863145671983565e-07,3.928807611001644e-06,8.829090034993204e-06,6.378948822997424e-06,6.408923689874858,0.0,3
3.1622776601683795e-05,0.0125,-41.989700901709945,PS+GS,4.541945927538649e-05,3.6689787536792196e-05,6.458698774824966e-06,9.863304415492803e-07,4.008518128755408e-06,8.908879420894523e-06,6.458698774824966e-06,6.408923689874858,0.0,3
4.641588833612782e-05,0.0125,-40.3230346365786,GS,6.71207168491487e-05,8.201011787289936e-05,-1.8245436866208094e-05,1.3376059197042235e-06,-2.1568234174764663e-05,-1.4922639557651525e-05,0.0,8.0,1.0,3
4.641588833612782e-05,0.0125,-40.3230346365786,MB-fixed,6.71669978444811e-05,5.3791372689460104e-05,1.0017275262796945e-05,9.428629718039404e-07,7.675073797554815e-06,1.2359476728039076e-05,1.0017275262796945e-05,6.408923689874861,0.0,3
4.641588833612782e-05,0.0125,-40.3230346365786,MB-global-opt,6.831428082213857e-05,5.317727634501779e-05,1.1721290436013849e-05,5.355074877446736e-07,1.0391016090799113e-05,1.3051564781228584e-05,1.1721290436013849e-05,4.7380473561634675,0.0,3
4.641588833612782e-05,0.0125,-40.3230346365786,PS,6.716699784625746e-05,5.3791372689460104e-05,1.0017275264484479e-05,9.42862971429169e-07,7.675073800173331e-06,1.2359476728795627e-05,1.0017275264484479e-05,6.408923689874858,0.0,3
4.641588833612782e-05,0.0125,-40.3230346365786,PS+GS,6.716698162782346e-05,5.367743537565417e-05,1.0131197170778111e-05,9.428850205526024e-07,7.788940933407933e-06,1.2473453408148289e-05,1.0131197170778111e-05,6.408923689874858,0.0,3
6.812920690579608e-05,0.0125,-38.65636855928513,GS,9.839912360091556e-05,0.00011890364104938378,-2.5424473628514008e-05,8.689353555291684e-07,-2.7583028714230446e-05,-2.326591854279757e-05,0.0,8.0,1.0,3
6.812920690579608e-05,0.0125,-38.65636855928513,MB-fixed,9.84807027443561e-05,7.86919820769949e-05,1.4864685530143374e-05,4.055817468272297e-06,4.7894764053572695e-06,2.4939894654929478e-05,1.4864685530143374e-05,6.408923689874861,0.0,3
6.812920690579608e-05,0.0125,-38.65636855928513,MB-global-opt,9.787936259897378e-05,7.781478662782781e-05,1.5170607841197276e-05,7.536218769818621e-06,-3.550397408677843e-06,3.3891613091072394e-05,1.5170607841197276e-05,4.7380473561634675,0.0,3
6.812920690579608e-05,0.0125,-38.65636855928513,PS,9.848070274613245e-05,7.86919820769949e-05,1.4864685531830913e-05,4.055817467475478e-06,4.789476409024216e-06,2.493989465463761e-05,1.4864685531830913e-05,6.408923689874858,0.0,3
6.812920690579608e-05,0.0125,-38.65636855928513,PS+GS,9.848036623901398e-05,7.85292425442563e-05,1.5027105382806972e-05,4.055742173569463e-06,4.952083300431668e-06,2.5102127465182274e-05,1.5027105382806972e-05,6.408923689874858,0.0,3
0.0001,0.0125,-36.98970275769985,GS,0.00014294678275679948,0.00017236728172220772,-3.6567838103248224e-05,9.755691853281507e-07,-3.89912863069134e-05,-3.414438989958305e-05,0.0,8.0,1.0,3
0.0001,0.0125,-36.98970275769985,MB-fixed,0.00014217952928300784,0.00011511719010881549,1.995336271004196e-05,2.9377264590053293e-06,1.2655645626510497e-05,2.725107979357342e-05,1.995336271004196e-05,6.408923689874861,0.0,3
0.0001,0.0125,-36.98970275769985,MB-global-opt,0.00014260751263102853,0.00011386512127820048,2.1612015721276612e-05,3.635452785093984e-06,1.2581050358648792e-05,3.0642981083904433e-05,2.1612015721276612e-05,4.7380473561634675,0.0,3
0.0001,0.0125,-36.98970275769985,PS,0.00014217952928419209,0.00011511719010881549,1.995336271116699e-05,2.9377264578727027e-06,1.2655645630449128e-05,2.725107979188485e-05,1.995336271116699e-05,6.408923689874858,0.0,3
0.0001,0.0125,-36.98970275769985,PS+GS,0.00014217951146970145,0.00011488492164724029,2.0185614248976092e-05,2.937527852689726e-06,1.2888390530883005e-05,2.748283796706918e-05,2.0185614248976092e-05,6.408923689874858,0.0,3
0.0001467799267622069,0.0125,-35.32303736079871,GS,0.00021064927036847555,0.0002498296309427772,-4.9712824092725464e-05,1.5732832282193845e-06,-5.3621076291161106e-05,-4.580457189428982e-05,0.0,8.0,1.0,3
0.0001467799267622069,0.0125,-35.32303736079871,MB-fixed,0.00021090425596940557,0.00016839922329126011,3.195981987967518e-05,5.9676289363099685e-06,1.713540778943879e-05,4.678423196991157e-05,3.195981987967518e-05,6.408923689874861,0.0,3
0.0001467799267622069,0.0125,-35.32303736079871,MB-global-opt,0.00020986377760401353,0.00016661350040059197,3.2757088323220873e-05,1.4723866092256833e-05,-3.819022698863024e-06,6.933319934530477e-05,3.2757088323220873e-05,4.7380473561634675,0.0,3
0.0001467799267622069,0.0125,-35.32303736079871,PS,0.00021090425597058982,0.00016839922329126011,3.1959819880800204e-05,5.967628937188476e-06,1.7135407788381477e-05,4.678423197321893e-05,3.1959819880800204e-05,6.408923689874858,0.0,3
0.0001467799267622069,0.0125,-35.32303736079871,PS+GS,0.00021090421781858973,0.0001680679858424572,3.229102108520305e-05,5.968180844446359e-06,1.7465237979151647e-05,4.711680419125445e-05,3.229102108520305e-05,6.408923689874858,0.0,3
0.00021544346900318823,0.0125,-33.65637255789228,GS,0.0003089464544849818,0.00036204242618653737,-6.854329442580466e-05,5.757277545903289e-06,-8.284516469441918e-05,-5.4241424157190136e-05,0.0,8.0,1.0,3
0.00021544346900318823,0.0125,-33.65637255789228,MB-fixed,0.00030882215403031193,0.00024633595332756997,4.7045093001226336e-05,3.289413942794973e-06,3.887373577647326e-05,5.521645022597941e-05,4.7045093001226336e-05,6.408923689874861,0.0,3
0.00021544346900318823,0.0125,-33.65637255789228,MB-global-opt,0.00031054881099053705,0.00024379126385554173,5.123010658546848e-05,9.015538852187298e-06,2.883426653127727e-05,7.362594663965969e-05,5.123010658546848e-05,4.7380473561634675,0.0,3
0.00021544346900318823,0.0125,-33.65637255789228,PS,0.00030882215403238433,0.00024633595332756997,4.7045093003195126e-05,3.289413943044999e-06,3.887373577782095e-05,5.52164502285693e-05,4.7045093003195126e-05,6.408923689874858,0.0,3
0.00021544346900318823,0.0125,-33.65637255789228,PS+GS,0.00030882250394951666,0.0002458639758573522,4.751740289468862e-05,3.2897377453760314e-06,3.934524129973278e-05,5.5689564489644456e-05,4.751740289468862e-05,6.408923689874858,0.0,3
0.00031622776601683794,0.0125,-31.989708626850067,GS,0.00045889153791348985,0.0005245629788406259,-8.861601782281054e-05,8.375622414421078e-06,-0.00010942221732159746,-6.780981832402362e-05,0.0,8.0,1.0,3
0.00031622776601683794,0.0125,-31.989708626850067,MB-fixed,0.00044848206739089846,0.00036032950085229665,6.572846316905686e-05,9.88000190609417e-06,4.118517784226734e-05,9.027174849584639e-05,6.572846316905686e-05,6.408923689874861,0.0,3
0.00031622776601683794,0.0125,-31.989708626850067,MB-global-opt,0.0004522799719666182,0.0003567064865142022,7.295948685408503e-05,1.3064871614289422e-05,4.0504546578254456e-05,0.0001054144271299156,7.295948685408503e-05,4.7380473561634675,0.0,3
0.00031622776601683794,0.0125,-31.989708626850067,PS,0.0004484820673920827,0.00036032950085229665,6.572846317018191e-05,9.88000190513028e-06,4.118517784578683e-05,9.0271748494577e-05,6.572846317018191e-05,6.408923689874858,0.0,3
0.00031622776601683794,0.0125,-31.989708626850067,PS+GS,0.0004484818290695358,0.0003596575844733163,6.640015314274271e-05,9.880441853104938e-06,4.185577492699258e-05,9.094453135849284e-05,6.640015314274271e-05,6.408923689874858,0.0,3
0.00046415888336127773,0.0125,-30.323045975527858,GS,0.0006766967930852038,0.0007598950777938374,-0.00011703312436289379,5.788956690099649e-06,-0.0001314136899882815,-0.0001026525587375061,0.0,8.0,1.0,3
0.00046415888336127773,0.0125,-30.323045975527858,MB-fixed,0.0006626216882696193,0.0005270489601407746,0.0001024416437153637,1.2261731542628167e-05,7.198181397934e-05,0.0001329014734513874,0.0001024416437153637,6.408923689874861,0.0,3
0.00046415888336127773,0.0125,-30.323045975527858,MB-global-opt,0.0006555021015041499,0.0005218955058023944,0.00010083149062654801,2.4196832426016677e-05,4.072322669292163e-05,0.0001609397545601744,0.00010083149062654801,4.7380473561634675,0.0,3
0.00046415888336127773,0.0125,-30.323045975527858,PS,0.0006626216882702115,0.0005270489601407746,0.00010244164371592626,1.226173154283098e-05,7.198181397939874e-05,0.00013290147345245378,0.00010244164371592626,6.408923689874858,0.0,3
0.00046415888336127773,0.0125,-30.323045975527858,PS+GS,0.0006626224266253663,0.0005260933083968133,0.00010339799689728457,1.2261200980451862e-05,7.293948515077143e-05,0.00013385650864379772,0.00010339799689728457,6.408923689874858,0.0,3
0.0006812920690579609,0.0125,-28.65638520257412,GS,0.0009912491643098893,0.0011005785418991554,-0.00015889183580476053,1.35843981683198e-05,-0.00019263735158569768,-0.00012514632002382338,0.0,8.0,1.0,3
0.0006812920690579609,0.0125,-28.65638520257412,MB-fixed,0.0009943033796565952,0.0007708566120534499,0.0001737315986203154,3.198311911083166e-05,9.428112629868036e-05,0.0002531820709419504,0.0001737315986203154,6.408923689874861,0.0,3
0.0006812920690579609,0.0125,-28.65638520257412,MB-global-opt,0.0010063121137224111,0.0007635334666071802,0.0001924630414291102,5.052821034097324e-05,6.694400861540105e-05,0.0003179820742428193,0.0001924630414291102,4.7380473561634675,0.0,3
0.0006812920690579609,0.0125,-28.65638520257412,PS,0.0009943033796592597,0.0007708566120534499,0.0001737315986228468,3.198311911083166e-05,9.428112630121176e-05,0.0002531820709444818,0.0001737315986228468,6.408923689874858,0.0,3
0.0006812920690579609,0.0125,-28.65638520257412,PS+GS,0.000994302436733226,0.0007694987613480198,0.000175088553548545,3.198525571777576e-05,9.563277360102502e-05,0.00025454433349606496,0.000175088553548545,6.408923689874858,0.0,3
0.001,0.0125,-26.989727186680486,GS,0.0014478021605895581,0.001593643223618102,-0.00021823117105802172,6.2626453700312665e-06,-0.0002337884445968422,-0.00020267389751920124,0.0,8.0,1.0,3
0.001,0.0125,-26.989727186680486,MB-fixed,0.0014263893010797446,0.001127344129542518,0.00022772570648323942,2.1982115794196182e-05,0.00017311910365549083,0.000282332309310988,0.00022772570648323942,6.408923689874861,0.0,3
0.001,0.0125,-26.989727186680486,MB-global-opt,0.0014449868165244222,0.0011169486385782523,0.0002557888371199487,2.1467141081701622e-05,0.00020246150239608976,0.0003091161718438076,0.0002557888371199487,4.7380473561634675,0.0,3
0.001,0.0125,-26.989727186680486,PS,0.0014263893010803368,0.001127344129542518,0.0002277257064838019,2.1982115794577747e-05,0.00017311910365510545,0.00028233230931249835,0.0002277257064838019,6.408923689874858,0.0,3
0.001,0.0125,-26.989727186680486,PS+GS,0.001426390265729142,0.0011254168296814804,0.0002296539227612045,2.197984700137769e-05,0.00017505295592725638,0.0002842548895951526,0.0002296539227612045,6.408923689874858,0.0,3
0.0014677992676220691,0.0125,-25.323073217580934,GS,0.0021082898290195238,0.0023070208653248603,-0.0003041455277563129,1.7383672331744324e-05,-0.0003473289637637746,-0.0002609620917488512,0.0,8.0,1.0,3
0.0014677992676220691,0.0125,-25.323073217580934,MB-fixed,0.0020766718002454,0.0016484778295566827,0.0003243603806764471,0.0001238324324481772,1.674356529796702e-05,0.0006319771960549272,0.0003243603806764471,6.408923689874861,0.0,3
0.0014677992676220691,0.0125,-25.323073217580934,MB-global-opt,0.0020051750832058937,0.0016337371340175988,0.0002711791950280002,0.00029231571989547946,-0.00045497330849280786,0.0009973316985488082,0.0002711791950280002,4.7380473561634675,0.0,3
0.0014677992676220691,0.0125,-25.323073217580934,PS,0.002076671800245696,0.0016484778295566827,0.00032436038067672847,0.00012383243244864863,1.6743565297077214e-05,0.0006319771960563797,0.00032436038067672847,6.408923689874858,0.0,3
0.0014677992676220691,0.0125,-25.323073217580934,PS+GS,0.0020766739713640923,0.0016457452763656288,0.00032709499643025856,0.00012383212915394057,1.9478934476429416e-05,0.0006347110583840878,0.00032709499643025856,6.408923689874858,0.0,3
0.002154434690031882,0.0125,-23.65642518832674,GS,0.0031027537852009366,0.0033387564901077305,-0.000391140394166841,3.0232885432787495e-05,-0.00046624304500452493,-0.00031603774332915704,0.0,8.0,1.0,3
0.002154434690031882,0.0125,-23.65642518832674,MB-fixed,0.0031686541089962126,0.0024100662226760328,0.0006001551808703688,2.9251087191749736e-05,0.0005274914520685467,0.0006728189096721909,0.0006001551808703688,6.408923689874861,0.0,3
0.002154434690031882,0.0125,-23.65642518832674,MB-global-opt,0.0031580477292931044,0.002389187907574808,0.0006109574352536413,3.9457212885862007e-05,0.000512940284724525,0.0007089745857827575,0.0006109574352536413,4.7380473561634675,0.0,3
0.002154434690031882,0.0125,-23.65642518832674,PS,0.0031686541089973965,0.0024100662226760328,0.0006001551808714938,2.9251087190785545e-05,0.0005274914520720669,0.0006728189096709207,0.0006001551808714938,6.408923689874858,0.0,3
0.002154434690031882,0.0125,-23.65642518832674,PS+GS,0.0031686521476030904,0.0024061964228110355,0.0006040231174119004,2.9248305785302764e-05,0.0005313662980067248,0.000676679936817076,0.0006040231174119004,6.408923689874858,0.0,3
0.0031622776601683794,0.0125,-21.989785877495596,GS,0.004539779255592495,0.004830202013675233,-0.0005174117208623635,8.667650484490507e-05,-0.000732728095267634,-0.0003020953464570929,0.0,8.0,1.0,3
0.0031622776601683794,0.0125,-21.989785877495596,MB-fixed,0.004448791447595468,0.0035225572492203483,0.0007037946259953462,5.962379185151906e-05,0.0005556809161412712,0.0008519083358494212,0.0007037946259953462,6.408923689874861,0.0,3
0.0031622776601683794,0.0125,-21.989785877495596,MB-global-opt,0.0042997472126632035,0.0034930207199146412,0.0005917391321154023,1.660779310799543e-05,0.0005504830869473949,0.0006329951772834097,0.0005917391321154023,4.7380473561634675,0.0,3
0.0031622776601683794,0.0125,-21.989785877495596,PS,0.004448791447596949,0.0035225572492203483,0.0007037946259967528,5.96237918519295e-05,0.0005556809161416581,0.0008519083358518475,0.0007037946259967528,6.408923689874858,0.0,3
0.0031622776601683794,0.0125,-21.989785877495596,PS+GS,0.004448791719419217,0.0035170834291671227,0.0007092687042811333,5.96236429268783e-05,0.0005611553643763746,0.000857382044185892,0.0007092687042811333,6.408923689874858,0.0,3
0.004641588833612777,0.0125,-20.323159363392204,GS,0.006742836852803376,0.006984829711946805,-0.000579134701783598,5.313125551064851e-05,-0.0007111200572686068,-0.00044714934629858907,0.0,8.0,1.0,3
0.004641588833612777,0.0125,-20.323159363392204,MB-fixed,0.006643400648489006,0.005146561790626114,0.0011646688254384416,0.00014990755902177856,0.0007922778048006178,0.0015370598460762654,0.0011646688254384416,6.408923689874861,0.0,3
0.004641588833612777,0.0125,-20.323159363392204,MB-global-opt,0.006700258656358038,0.0051048270192926015,0.001260418704247534,0.0004440906874304807,0.0001572362801780195,0.0023636011283170483,0.001260418704247534,4.7380473561634675,0.0,3
0.004641588833612777,0.0125,-20.323159363392204,PS,0.006643400648490487,0.005146561790626114,0.0011646688254398475,0.00014990755902103068,0.0007922778048038816,0.0015370598460758135,0.0011646688254398475,6.408923689874858,0.0,3
0.004641588833612777,0.0125,-20.323159363392204,PS+GS,0.00664340184273519,0.0051388285389331045,0.001172403211665325,0.0001499001318582431,0.0008000306411245308,0.0015447757822061193,0.001172403211665325,6.408923689874858,0.0,3
0.006812920690579608,0.0125,-18.656551631956177,GS,0.009759254033690526,0.010094880203980194,-0.0008235888719741943,4.2074693668148947e-05,-0.0009281082052242908,-0.0007190695387240979,0.0,8.0,1.0,3
0.006812920690579608,0.0125,-18.656551631956177,MB-fixed,0.009800558076925666,0.007514981785916586,0.0017955483871627965,0.0005012439206572812,0.0005503894610878845,0.0030407073132377085,0.0017955483871627965,6.408923689874861,0.0,3
0.006812920690579608,0.0125,-18.656551631956177,MB-global-opt,0.009891417551354031,0.007456082569409217,0.0019407641043771128,0.0002173362194927166,0.0014008710054126989,0.0024806572033415266,0.0019407641043771128,4.7380473561634675,0.0,3
0.006812920690579608,0.0125,-18.656551631956177,PS,0.009800558076926555,0.007514981785916586,0.00179554838716364,0.0005012439206582545,0.0005503894610863103,0.0030407073132409698,0.00179554838716364,6.408923689874858,0.0,3
0.006812920690579608,0.0125,-18.656551631956177,PS+GS,0.009800560889127988,0.00750406986745511,0.0018064629772164796,0.0005012216365273311,0.0005613594079891494,0.00305156654644381,0.0018064629772164796,6.408923689874858,0.0,3
0.01,0.0125,-16.98997146892942,GS,0.014417649265883625,0.01457872316095643,-0.0008819563583669874,0.00020646457173208537,-0.0013948427871406858,-0.0003690699295932888,0.0,8.0,1.0,3
0.01,0.0125,-16.98997146892942,MB-fixed,0.014377625251519829,0.010964140081247464,0.002694603907696372,0.0006593646103640354,0.001056651413317807,0.004332556402074937,0.002694603907696372,6.408923689874861,0.0,3
0.01,0.0125,-16.98997146892942,MB-global-opt,0.014700727939070882,0.010881115012707054,0.0030845765294102833,0.00110403514088308,0.0003420012008790228,0.005827151857941543,0.0030845765294102833,4.7380473561634675,0.0,3
0.01,0.0125,-16.98997146892942,PS,0.014377625251520717,0.010964140081247464,0.002694603907697216,0.0006593646103630652,0.0010566514133210612,0.004332556402073371,0.002694603907697216,6.408923689874858,0.0,3
0.01,0.0125,-16.98997146892942,PS+GS,0.01437762212392979,0.010948761296197373,0.0027099797215359264,0.0006593744021004078,0.0010720029031357759,0.004347956539936077,0.0027099797215359264,6.408923689874858,0.0,3
0.01467799267622069,0.0125,-15.32343176912159,GS,0.0209724199527838,0.021032409719886846,-0.0011086107647422388,0.000402653033009767,-0.002108856348780056,-0.0001083651807044215,0.0,8.0,1.0,3
0.01467799267622069,0.0125,-15.32343176912159,MB-fixed,0.02101665403989461,0.015976676276267643,0.003989145061632237,0.0007686323440550907,0.0020797564693175933,0.00589853365394688,0.003989145061632237,6.408923689874861,0.0,3
0.01467799267622069,0.0125,-15.32343176912159,MB-global-opt,0.02048829782379998,0.01585976946508283,0.00360411346752715,0.0008116563510982648,0.0015878473168072704,0.00562037961824703,0.00360411346752715,4.7380473561634675,0.0,3
0.01467799267622069,0.0125,-15.32343176912159,PS,0.0210166540398955,0.015976676276267643,0.00398914506163308,0.0007686323440548051,0.002079756469319146,0.005898533653947014,0.00398914506163308,6.408923689874858,0.0,3
0.01467799267622069,0.0125,-15.32343176912159,PS+GS,0.021016667833418563,0.01595502584142161,0.0040108086003260235,0.0007686273739950781,0.0021014323543248866,0.0059201848463271605,0.0040108086003260235,6.408923689874858,0.0,3
0.021544346900318822,0.0125,-13.656951457594914,GS,0.03065579694579205,0.03029901924600753,-0.001176012147505084,0.00035662552350716525,-0.0020619190594109585,-0.00029010523559920955,0.0,8.0,1.0,3
0.021544346900318822,0.0125,-13.656951457594914,MB-fixed,0.030305794032283433,0.023238692545936468,0.005551811784732792,0.00011763278590054392,0.00525959574514262,0.005844027824322964,0.005551811784732792,6.408923689874861,0.0,3
0.021544346900318822,0.0125,-13.656951457594914,MB-global-opt,0.029437370633373188,0.023074222467594385,0.004891279634110141,0.0015994649450603482,0.0009179884455122987,0.008864570822707984,0.004891279634110141,4.7380473561634675,0.0,3
0.021544346900318822,0.0125,-13.656951457594914,PS,0.030305794032284616,0.023238692545936468,0.005551811784733917,0.00011763278590089598,0.00525959574514287,0.005844027824324964,0.005551811784733917,6.408923689874858,0.0,3
0.021544346900318822,0.0125,-13.656951457594914,PS+GS,0.03030575741095583,0.02320824028563906,0.00558222925476898,0.00011767434765673161,0.005289909970052897,0.005874548539485064,0.00558222925476898,6.408923689874858,0.0,3
0.03162277660168379,0.0125,-11.990558308384509,GS,0.04523817634403571,0.04355806055560296,-0.0005817930287690421,0.0010708649030681367,-0.0032419689186374964,0.0020783828610994124,0.00021821912546896258,8.0,0.6666666666666666,3
0.03162277660168379,0.0125,-11.990558308384509,MB-fixed,0.04504299294369929,0.03371154173163804,0.009079301564876284,0.002023037805000305,0.004053797061240694,0.014104806068511874,0.009079301564876284,6.408923689874861,0.0,3
0.03162277660168379,0.0125,-11.990558308384509,MB-global-opt,0.04564428679310121,0.03348027998533887,0.00988179246810728,0.0025579991300188685,0.0035273703626816193,0.016236214573532942,0.00988179246810728,4.7380473561634675,0.0,3
0.03162277660168379,0.0125,-11.990558308384509,PS,0.04504299294370018,0.03371154173163804,0.00907930156487713,0.0020230378050012316,0.004053797061239237,0.014104806068515021,0.00907930156487713,6.408923689874858,0.0,3
0.03162277660168379,0.0125,-11.990558308384509,PS+GS,0.04504293336799048,0.033668732955078884,0.009122053744512068,0.0020233295301945293,0.0040958245553200465,0.01414828293370409,0.009122053744512068,6.408923689874858,0.0,3
0.046415888336127774,0.0125,-10.324293079244004,GS,0.06608866835448672,0.06243221454150172,0.00035202039526065904,0.000815454807380234,-0.0016736816439555783,0.0023777224344768964,0.0005343482439458166,8.0,0.3333333333333333,3
0.046415888336127774,0.0125,-10.324293079244004,MB-fixed,0.06728592683385622,0.04871219153592499,0.015209438956238419,0.0038338937084428175,0.005685519012371316,0.024733358900105522,0.015209438956238419,6.408923689874861,0.0,3
0.046415888336127774,0.0125,-10.324293079244004,MB-global-opt,0.06797663826013582,0.048386991749377994,0.01619081459775103,0.005186490905754221,0.003306856947276506,0.029074772248225557,0.01619081459775103,4.7380473561634675,0.0,3
0.046415888336127774,0.0125,-10.324293079244004,PS,0.0672859268338577,0.04871219153592499,0.015209438956239822,0.0038338937084426987,0.005685519012373012,0.024733358900106632,0.015209438956239822,6.408923689874858,0.0,3
0.046415888336127774,0.0125,-10.324293079244004,PS+GS,0.06728597057190437,0.04865200980180151,0.015269662241507635,0.0038338112521829524,0.005745947130345229,0.02479337735267004,0.015269662241507635,6.408923689874858,0.0,3
0.06812920690579609,0.0125,-8.658215575087919,GS,0.09299193609433232,0.08909566321452611,-0.0007533239249104123,0.0002236844403861726,-0.0013089868787985862,-0.00019766097102223842,0.0,8.0,1.0,3
0.06812920690579609,0.0125,-8.658215575087919,MB-fixed,0.09407717434530216,0.06997991716100782,0.019393398467029227,0.002519394929121143,0.013134874512884403,0.02565192242117405,0.019393398467029227,6.408923689874861,0.0,3
0.06812920690579609,0.0125,-8.658215575087919,MB-global-opt,0.0957087706165698,0.069522138913789,0.0214011931719523,0.004119533646372745,0.01116770428630023,0.03163468205760436,0.0214011931719523,4.7380473561634675,0.0,3
0.06812920690579609,0.0125,-8.658215575087919,PS,0.09407717434530453,0.06997991716100782,0.01939339846703148,0.002519394929120712,0.013134874512887727,0.02565192242117523,0.01939339846703148,6.408923689874858,0.0,3
0.06812920690579609,0.0125,-8.658215575087919,PS+GS,0.09407713737373946,0.06989522519031577,0.019478055314736717,0.002518350778044674,0.013222125175657682,0.02573398545381575,0.019478055314736717,6.408923689874858,0.0,3
0.1,0.0125,-6.992413535993938,GS,0.13696527063169897,0.12633849342151882,0.0037785136785952003,0.001733096842762851,-0.0005267375465740783,0.008083764903764478,0.0037785136785952003,8.0,0.0,3
0.1,0.0125,-6.992413535993938,MB-fixed,0.13895715694589703,0.09967022124954905,0.032339077849053106,0.0013765904636644155,0.028919437564670837,0.035758718133435376,0.032339077849053106,6.408923689874861,0.0,3
0.1,0.0125,-6.992413535993938,MB-global-opt,0.1392084755492021,0.09902408846001531,0.03322396331172666,0.0036191337715332037,0.02423353662610324,0.04221438999735008,0.03322396331172666,4.7380473561634675,0.0,3
0.1,0.0125,-6.992413535993938,PS,0.1389571569458988,0.09967022124954905,0.03233907784905479,0.0013765904636652616,0.02891943756467042,0.035758718133439164,0.03233907784905479,6.408923689874858,0.0,3
0.1,0.0125,-6.992413535993938,PS+GS,0.13895683046504548,0.09955072164607959,0.032458267295713605,0.001376458762922718,0.029038954174110447,0.035877580417316764,0.032458267295713605,6.408923689874858,0.0,3
1e-05,0.015,-46.989700369081035,GS,1.4447476044251081e-05,1.9126803049385188e-05,-5.401700807346662e-06,1.0234663810989345e-07,-5.655943950743161e-06,-5.147457663950163e-06,0.0,8.0,1.0,3
1e-05,0.015,-46.989700369081035,MB-fixed,1.4596216453277577e-05,1.2052980373322697e-05,1.8134252572910008e-06,1.9318181274511667e-07,1.3335350310325129e-06,2.293315483549489e-06,1.8134252572910008e-06,6.408923689874861,0.0,3
1e-05,0.015,-46.989700369081035,MB-global-opt,1.472352898979068e-05,1.1894785060251323e-05,2.092567480049822e-06,6.396290369021935e-07,5.036408679702301e-07,3.6814940921294135e-06,2.092567480049822e-06,4.7380473561634675,0.0,3
1e-05,0.015,-46.989700369081035,PS,1.4596216453869696e-05,1.2052980373322697e-05,1.8134252578535137e-06,1.931818128488974e-07,1.3335350313372203e-06,2.2933154843698074e-06,1.8134252578535137e-06,6.408923689874858,0.0,3
1e-05,0.015,-46.989700369081035,PS+GS,1.4596208708065698e-05,1.2023681203787717e-05,1.8427170688746952e-06,1.9317980471562014e-07,1.3628318308380056e-06,2.3226023069113847e-06,1.8427170688746952e-06,6.408923689874858,0.0,3
1.4677992676220705e-05,0.015,-45.32303385478634,GS,2.1073736695538987e-05,2.7734204419704866e-05,-7.71415455894283e-06,1.1848809984706562e-07,-8.008495316162916e-06,-7.419813801722743e-06,0.0,8.0,1.0,3
1.4677992676220705e-05,0.015,-45.32303385478634,MB-fixed,2.1287783700548363e-05,1.762424587004041e-05,2.599148645480534e-06,7.825236048667972e-07,6.552522483201987e-07,4.5430450426408694e-06,2.599148645480534e-06,6.408923689874861,0.0,3
1.4677992676220705e-05,0.015,-45.32303385478634,MB-global-opt,2.19808418731778e-05,1.7397736319368917e-05,3.4840634601499907e-06,9.432837698224771e-07,1.1408166746809961e-06,5.827310245618985e-06,3.4840634601499907e-06,4.7380473561634675,0.0,3
1.4677992676220705e-05,0.015,-45.32303385478634,PS,2.1287783701436542e-05,1.762424587004041e-05,2.599148646324303e-06,7.825236055423354e-07,6.552522474858373e-07,4.543045045162769e-06,2.599148646324303e-06,6.408923689874858,0.0,3
1.4677992676220705e-05,0.015,-45.32303385478634,PS+GS,2.128777709842211e-05,1.7582296706786238e-05,2.6410915367147673e-06,7.825335383459195e-07,6.971704634243355e-07,4.585012610005199e-06,2.6410915367147673e-06,6.408923689874858,0.0,3
2.1544346900318823e-05,0.015,-43.65636741177112,GS,3.132648692242649e-05,4.020901558576817e-05,-1.0448853009463005e-05,4.7499787234185394e-07,-1.1628813137133952e-05,-9.268892881792059e-06,0.0,8.0,1.0,3
2.1544346900318823e-05,0.015,-43.65636741177112,MB-fixed,3.136689011432973e-05,2.5770311413042535e-05,4.028234195570708e-06,3.307500615396764e-07,3.2066054945464376e-06,4.849862896594979e-06,4.028234195570708e-06,6.408923689874861,0.0,3
2.1544346900318823e-05,0.015,-43.65636741177112,MB-global-opt,3.1499600519069304e-05,2.5446191477707103e-05,4.478429015408735e-06,6.950203508612606e-07,2.7519027514217273e-06,6.204955279395743e-06,4.478429015408735e-06,4.7380473561634675,0.0,3
2.1544346900318823e-05,0.015,-43.65636741177112,PS,3.136689011669821e-05,2.5770311413042535e-05,4.028234197820759e-06,3.307500619312266e-07,3.2066054958238235e-06,4.849862899817694e-06,4.028234197820759e-06,6.408923689874858,0.0,3
2.1544346900318823e-05,0.015,-43.65636741177112,PS+GS,3.1366909428953704e-05,2.571028861719782e-05,4.0882753403082e-06,3.307574183527303e-07,3.2666283639471843e-06,4.909922316669216e-06,4.0882753403082e-06,6.408923689874858,0.0,3
3.1622776601683795e-05,0.015,-41.98970107337986,GS,4.568105333942659e-05,5.828593740742072e-05,-1.4888936734965463e-05,2.2936883368648357e-07,-1.5458720504619187e-05,-1.431915296531174e-05,0.0,8.0,1.0,3
3.1622776601683795e-05,0.015,-41.98970107337986,MB-fixed,4.5840332162446394e-05,3.768091557909692e-05,5.867399975227153e-06,9.278580644706025e-07,3.5624727661526234e-06,8.172327184301681e-06,5.867399975227153e-06,6.408923689874861,0.0,3
3.1622776601683795e-05,0.015,-41.98970107337986,MB-global-opt,4.555819322386393e-05,3.721742892404123e-05,6.062854638629507e-06,1.5110351130420135e-06,2.309235330589435e-06,9.81647394666958e-06,6.062854638629507e-06,4.7380473561634675,0.0,3
3.1622776601683795e-05,0.015,-41.98970107337986,PS,4.584033216392669e-05,3.768091557909692e-05,5.867399976633432e-06,9.278580645901308e-07,3.562472767261978e-06,8.172327186004886e-06,5.867399976633432e-06,6.408923689874858,0.0,3
3.1622776601683795e-05,0.015,-41.98970107337986,PS+GS,4.584032408979274e-05,3.759508934453315e-05,5.953218540769949e-06,9.278134841365778e-07,3.648402075384371e-06,8.258035006155526e-06,5.953218540769949e-06,6.408923689874858,0.0,3
4.641588833612782e-05,0.015,-40.32303488855557,GS,6.796548750820364e-05,8.447628756624859e-05,-1.9909074433455132e-05,2.6826607093030517e-07,-2.0575484297027935e-05,-1.924266456988233e-05,0.0,8.0,1.0,3
4.641588833612782e-05,0.015,-40.32303488855557,MB-fixed,6.771024464343374e-05,5.509540151282799e-05,9.229330898434063e-06,2.4090777654869284e-07,8.63088280566295e-06,9.827778991205176e-06,9.229330898434063e-06,6.408923689874861,0.0,3
4.641588833612782e-05,0.015,-40.32303488855557,MB-global-opt,6.78804663838406e-05,5.4433084617722116e-05,1.0053358446926453e-05,1.7634557918192606e-06,5.672691411517975e-06,1.443402548233493e-05,1.0053358446926453e-05,4.7380473561634675,0.0,3
4.641588833612782e-05,0.015,-40.32303488855557,PS,6.771024464432192e-05,5.509540151282799e-05,9.229330899277835e-06,2.4090777783171265e-07,8.630882803319523e-06,9.827778995236146e-06,9.229330899277835e-06,6.408923689874858,0.0,3
4.641588833612782e-05,0.015,-40.32303488855557,PS+GS,6.771037822724442e-05,5.4972765083149966e-05,9.352094232732233e-06,2.409091100275658e-07,8.753642827415964e-06,9.950545638048502e-06,9.352094232732233e-06,6.408923689874858,0.0,3
6.812920690579608e-05,0.015,-38.65636892913669,GS,9.849033176193937e-05,0.00012241494196874037,-2.8849126794897977e-05,1.8304898270006507e-06,-3.339631560506928e-05,-2.4301937984726674e-05,0.0,8.0,1.0,3
6.812920690579608e-05,0.015,-38.65636892913669,MB-fixed,9.948740243596414e-05,8.055650614990917e-05,1.3956526164256755e-05,3.006558985742408e-06,6.4878196052647705e-06,2.142523272324874e-05,1.3956526164256755e-05,6.408923689874861,0.0,3
6.812920690579608e-05,0.015,-38.65636892913669,MB-global-opt,0.0001013822251287877,7.961075846707466e-05,1.6702355405273645e-05,4.6459989134868015e-06,5.161054295673047e-06,2.8243656514874244e-05,1.6702355405273645e-05,4.7380473561634675,0.0,3
6.812920690579608e-05,0.015,-38.65636892913669,PS,9.948740243714838e-05,8.055650614990917e-05,1.395652616538178e-05,3.006558985815509e-06,6.487819606208204e-06,2.1425232724555358e-05,1.395652616538178e-05,6.408923689874858,0.0,3
6.812920690579608e-05,0.015,-38.65636892913669,PS+GS,9.948743971902967e-05,8.03814013070614e-05,1.4131666426016779e-05,3.0065969634291567e-06,6.662865525220938e-06,2.160046732681262e-05,1.4131666426016779e-05,6.408923689874858,0.0,3
0.0001,0.015,-36.989703300567584,GS,0.00014490985106974108,0.000177361868402226,-3.969750988597199e-05,1.1480040148227178e-06,-4.254930995239855e-05,-3.684570981954543e-05,0.0,8.0,1.0,3
0.0001,0.015,-36.989703300567584,MB-fixed,0.00014439856709902443,0.00011778124845518434,1.939739028888887e-05,1.1006188285698908e-06,1.6663301550609816e-05,2.2131479027167927e-05,1.939739028888887e-05,6.408923689874861,0.0,3
0.0001,0.015,-36.989703300567584,MB-global-opt,0.00014632586116232935,0.00011643182538212393,2.2577742722088934e-05,2.0527070096312595e-06,1.7478535828352863e-05,2.7676949615825004e-05,2.2577742722088934e-05,4.7380473561634675,0.0,3
0.0001,0.015,-36.989703300567584,PS,0.00014439856710050472,0.00011778124845518434,1.9397390290295153e-05,1.1006188287576545e-06,1.6663301551549667e-05,2.213147902904064e-05,1.9397390290295153e-05,6.408923689874858,0.0,3
0.0001,0.015,-36.989703300567584,PS+GS,0.00014439836341691623,0.00011753142198744904,1.964702325862136e-05,1.100715515297247e-06,1.6912694337196656e-05,2.2381352180046066e-05,1.964702325862136e-05,6.408923689874858,0.0,3
0.0001467799267622069,0.015,-35.32303815761931,GS,0.00021165218366873498,0.00025692690174294874,-5.5857327257650514e-05,1.6334550594842107e-06,-5.991505457131434e-05,-5.179959994398669e-05,0.0,8.0,1.0,3
0.0001467799267622069,0.015,-35.32303815761931,MB-fixed,0.0002075708093052242,0.0001722028526394137,2.4989416200549276e-05,5.376437124753031e-06,1.1633605984261267e-05,3.8345226416837285e-05,2.4989416200549276e-05,6.408923689874861,0.0,3
0.0001467799267622069,0.015,-35.32303815761931,MB-global-opt,0.00020588017012782936,0.00017027902722599464,2.5307134395443254e-05,8.969951959583827e-06,3.024538460328429e-06,4.758973033055808e-05,2.5307134395443254e-05,4.7380473561634675,0.0,3
0.0001467799267622069,0.015,-35.32303815761931,PS,0.0002075708093058163,0.0001722028526394137,2.4989416201111787e-05,5.376437124146082e-06,1.1633605986331524e-05,3.834522641589205e-05,2.4989416201111787e-05,6.408923689874858,0.0,3
0.0001467799267622069,0.015,-35.32303815761931,PS+GS,0.00020757083836227727,0.00017184671204106827,2.5345584403095122e-05,5.376529380006284e-06,1.1989545012053405e-05,3.8701623794136836e-05,2.5345584403095122e-05,6.408923689874858,0.0,3
0.00021544346900318823,0.015,-33.65637372746442,GS,0.00031040540452043075,0.0003721167313943674,-7.72315970999582e-05,2.7276635024057374e-06,-8.400748887116531e-05,-7.04557053287511e-05,0.0,8.0,1.0,3
0.00021544346900318823,0.015,-33.65637372746442,MB-fixed,0.00030875823309450823,0.00025176238137736284,4.155794006241995e-05,7.913344699472345e-06,2.190010206862472e-05,6.121577805621518e-05,4.155794006241995e-05,6.408923689874861,0.0,3
0.00021544346900318823,0.015,-33.65637372746442,MB-global-opt,0.00030960860809307417,0.0002490220198845261,4.510615780389432e-05,1.5800684552236465e-05,5.85508143669926e-06,8.435723417108939e-05,4.510615780389432e-05,4.7380473561634675,0.0,3
0.00021544346900318823,0.015,-33.65637372746442,PS,0.0003087582330962846,0.00025176238137736284,4.155794006410751e-05,7.913344699903583e-06,2.1900102069241033e-05,6.1215778058974e-05,4.155794006410751e-05,6.408923689874858,0.0,3
0.00021544346900318823,0.015,-33.65637372746442,PS+GS,0.00030875825388587685,0.00025125512550983053,4.2065215681752465e-05,7.913633680177225e-06,2.2406659820090284e-05,6.172377154341465e-05,4.2065215681752465e-05,6.408923689874858,0.0,3
0.00031622776601683794,0.015,-31.989710343546008,GS,0.0004542021733261829,0.0005388466490114929,-0.00010735458435161922,2.286596439702694e-06,-0.00011303480479896833,-0.00010167436390427011,0.0,8.0,1.0,3
0.00031622776601683794,0.015,-31.989710343546008,MB-fixed,0.00044925973281155035,0.00036806472449613103,5.873202167484175e-05,9.853971541674463e-06,3.425339935795702e-05,8.321064399172648e-05,5.873202167484175e-05,6.408923689874861,0.0,3
0.00031622776601683794,0.015,-31.989710343546008,MB-global-opt,0.00044302275425422977,0.0003641648247798557,5.670679176166259e-05,1.582939349528069e-05,1.7384398426387763e-05,9.602918509693742e-05,5.670679176166259e-05,4.7380473561634675,0.0,3
0.00031622776601683794,0.015,-31.989710343546008,PS,0.0004492597328118464,0.00036806472449613103,5.873202167512301e-05,9.853971542161254e-06,3.4253399357029026e-05,8.3210643993217e-05,5.873202167512301e-05,6.408923689874858,0.0,3
0.00031622776601683794,0.015,-31.989710343546008,PS+GS,0.00044925964333852875,0.0003673428964379166,5.9453764733685666e-05,9.853821668618516e-06,3.497551472211119e-05,8.393201474526014e-05,5.9453764733685666e-05,6.408923689874858,0.0,3
0.00046415888336127773,0.015,-30.32304849529034,GS,0.0006703337921090124,0.0007801220968446376,-0.00014330499434107578,7.98862323719494e-06,-0.00016314983458931082,-0.00012346015409284074,0.0,8.0,1.0,3
0.00046415888336127773,0.015,-30.32304849529034,MB-fixed,0.000680903820610664,0.0005380657518712084,0.00010879287770892232,2.0846781502036417e-05,5.700660161173622e-05,0.00016057915380610842,0.00010879287770892232,6.408923689874861,0.0,3
0.00046415888336127773,0.015,-30.32304849529034,MB-global-opt,0.0006846994766715279,0.000532521028085764,0.00011794347475218752,3.8134925128419764e-05,2.3211069107078653e-05,0.00021267588039729639,0.00011794347475218752,4.7380473561634675,0.0,3
0.00046415888336127773,0.015,-30.32304849529034,PS,0.0006809038206124404,0.0005380657518712084,0.00010879287771060984,2.0846781501383592e-05,5.700660161504545e-05,0.00016057915380617423,0.00010879287771060984,6.408923689874858,0.0,3
0.00046415888336127773,0.015,-30.32304849529034,PS+GS,0.0006809038070597259,0.0005370395830892605,0.00010981903361747903,2.084772657954925e-05,5.803040981760279e-05,0.00016160765741735525,0.00010981903361747903,6.408923689874858,0.0,3
0.0006812920690579609,0.015,-28.656388901074124,GS,0.0009736643959138055,0.0011291843916358957,-0.00020420321551778054,1.810884373522711e-05,-0.00024918807715609446,-0.00015921835387946662,0.0,8.0,1.0,3
0.0006812920690579609,0.015,-28.656388901074124,MB-fixed,0.000989204995150909,0.0007865327948863854,0.00015321195050697802,1.848910654705787e-05,0.00010728246367743081,0.00019914143733652524,0.00015321195050697802,6.408923689874861,0.0,3
0.0006812920690579609,0.015,-28.656388901074124,MB-global-opt,0.0009875146704268662,0.0007786575550428054,0.00015948138186271753,1.2127300464967583e-05,0.00012935549743633756,0.0001896072662890975,0.00015948138186271753,4.7380473561634675,0.0,3
0.0006812920690579609,0.015,-28.656388901074124,PS,0.0009892049951517972,0.0007865327948863854,0.00015321195050782183,1.848910654781617e-05,0.0001072824636763909,0.00019914143733925277,0.00015321195050782183,6.408923689874858,0.0,3
0.0006812920690579609,0.015,-28.656388901074124,PS+GS,0.0009892063279955583,0.0007850754630809309,0.00015467054851484952,1.848938746327507e-05,0.00010874036385073333,0.0002006007331789657,0.00015467054851484952,6.408923689874858,0.0,3
0.001,0.015,-26.989732615324186,GS,0.0014550910581399752,0.0016340421051561638,-0.00025170559992318737,4.026736947275295e-05,-0.00035173529098219737,-0.00015167590886417737,0.0,8.0,1.0,3
0.001,0.015,-26.989732615324186,MB-fixed,0.0014662161482468978,0.0011496288454020398,0.0002432764954325131,4.2711982834453035e-05,0.00013717404813113043,0.0003493789427338958,0.0002432764954325131,6.408923689874861,0.0,3
0.001,0.015,-26.989732615324186,MB-global-opt,0.0014825650196644464,0.001138455558810758,0.000269981209870466,0.00010316643877975195,1.3701568713878369e-05,0.0005262608510270536,0.000269981209870466,4.7380473561634675,0.0,3
0.001,0.015,-26.989732615324186,PS,0.0014662161482495624,0.0011496288454020398,0.00024327649543504442,4.271198283445292e-05,0.00013717404813366204,0.0003493789427364268,0.00024327649543504442,6.408923689874858,0.0,3
0.001,0.015,-26.989732615324186,PS+GS,0.0014662146580777247,0.001147561427462307,0.0002453424977115314,4.271387788710856e-05,0.00013923534283838144,0.0003514496525846814,0.0002453424977115314,6.408923689874858,0.0,3
0.0014677992676220691,0.015,-25.323081185714553,GS,0.0021072490111713194,0.00236398914424929,-0.00036210258363653667,2.6548303685781936e-05,-0.0004280522260045706,-0.00029615294126850275,0.0,8.0,1.0,3
0.0014677992676220691,0.015,-25.323081185714553,MB-fixed,0.0021530123206101592,0.0016801249158042708,0.00036523678877538036,6.492822980890704e-05,0.00020394612455188125,0.0005265274529988795,0.00036523678877538036,6.408923689874861,0.0,3
0.0014677992676220691,0.015,-25.323081185714553,MB-global-opt,0.00220632198015025,0.0016642903091390604,0.00043171557200367673,0.00016394266142822766,2.4459424190147042e-05,0.0008389717198172065,0.00043171557200367673,4.7380473561634675,0.0,3
0.0014677992676220691,0.015,-25.323081185714553,PS,0.0021530123206119356,0.0016801249158042708,0.0003652367887770679,6.49282298085192e-05,0.00020394612455453223,0.0005265274529996036,0.0003652367887770679,6.408923689874858,0.0,3
0.0014677992676220691,0.015,-25.323081185714553,PS+GS,0.0021530104478773757,0.0016771953457215272,0.00036816457976197956,6.492780073443119e-05,0.000206874981418567,0.0005294541781053921,0.00036816457976197956,6.408923689874858,0.0,3
0.002154434690031882,0.015,-23.65643688389223,GS,0.0030810439192417625,0.0034189614556492387,-0.0004919697323695647,3.080083587134049e-05,-0.0005684832503100457,-0.0004154562144290837,0.0,8.0,1.0,3
0.002154434690031882,0.015,-23.65643688389223,MB-fixed,0.0030810952296495366,0.0024549612894375628,0.000472079178729497,0.00011865105796591072,0.00017733361110095636,0.0007668247463580376,0.000472079178729497,6.408923689874861,0.0,3
0.002154434690031882,0.015,-23.65643688389223,MB-global-opt,0.003041094647402135,0.0024325472638973,0.0004564926511347285,0.00021693366589202323,-8.240044924921454e-05,0.0009953857515186716,0.0004564926511347285,4.7380473561634675,0.0,3
0.002154434690031882,0.015,-23.65643688389223,PS,0.003081095229651313,0.0024549612894375628,0.00047207917873118445,0.00011865105796589978,0.00017733361110267097,0.0007668247463596979,0.00047207917873118445,6.408923689874858,0.0,3
0.002154434690031882,0.015,-23.65643688389223,PS+GS,0.0030810973094318093,0.002450814977826399,0.0004762274661338197,0.00011865254186213257,0.0001814782123027141,0.0007709767199649254,0.0004762274661338197,6.408923689874858,0.0,3
0.0031622776601683794,0.015,-21.98980304411911,GS,0.0046225676420670325,0.004942928742562858,-0.0005514894825991769,2.6568002515470173e-05,-0.0006174880595729162,-0.0004854909056254377,0.0,8.0,1.0,3
0.0031622776601683794,0.015,-21.98980304411911,MB-fixed,0.004605878525009229,0.003586175438659245,0.0007894091600995226,0.0001105279029867252,0.0005148426280929192,0.001063975692106126,0.0007894091600995226,6.408923689874861,0.0,3
0.0031622776601683794,0.015,-21.98980304411911,MB-global-opt,0.004612954683170282,0.0035544871620389884,0.0008278197869727794,0.00032954905835929347,9.174543240793092e-06,0.0016464650307047657,0.0008278197869727794,4.7380473561634675,0.0,3
0.0031622776601683794,0.015,-21.98980304411911,PS,0.004605878525009821,0.003586175438659245,0.000789409160100085,0.00011052790298721089,0.000514842628092275,0.001063975692107895,0.000789409160100085,6.408923689874858,0.0,3
0.0031622776601683794,0.015,-21.98980304411911,PS+GS,0.004605876473193327,0.003580314301241172,0.0007952683482924881,0.00011053898184799595,0.000520674294868799,0.0010698624017161772,0.0007952683482924881,6.408923689874858,0.0,3
0.004641588833612777,0.015,-20.32318456029337,GS,0.0066122228064268524,0.007142977159619868,-0.0008613654935143584,0.00011249048398971922,-0.0011408073470028036,-0.0005819236400259132,0.0,8.0,1.0,3
0.004641588833612777,0.015,-20.32318456029337,MB-fixed,0.006715796509210096,0.005236607684772743,0.0011433989989768484,0.00033892958176695717,0.0003014512432922168,0.00198534675466148,0.0011433989989768484,6.408923689874861,0.0,3
0.004641588833612777,0.015,-20.32318456029337,MB-global-opt,0.006828979002388695,0.0051918642696227035,0.001295665782646556,0.0003584791112493215,0.00040515430352841,0.002186177261764702,0.001295665782646556,4.7380473561634675,0.0,3
0.004641588833612777,0.015,-20.32318456029337,PS,0.006715796509211873,0.005236607684772743,0.0011433989989785359,0.00033892958176839666,0.0003014512432903283,0.0019853467546667434,0.0011433989989785359,6.408923689874858,0.0,3
0.004641588833612777,0.015,-20.32318456029337,PS+GS,0.006715796090887534,0.0052283330498403835,0.0011516732365027737,0.0003389391555112315,0.0003097016983189478,0.0019936447746865997,0.0011516732365027737,6.408923689874858,0.0,3
0.006812920690579608,0.015,-18.656588615397183,GS,0.009825228130893038,0.010316322304752878,-0.0009823555804044932,4.987423325385882e-05,-0.001106250044073501,-0.0008584611167354855,0.0,8.0,1.0,3
0.006812920690579608,0.015,-18.656588615397183,MB-fixed,0.009706126883767338,0.007642283271845907,0.0015785372677330634,0.00022535496369229668,0.0010187245039018403,0.0021383500315642866,0.0015785372677330634,6.408923689874861,0.0,3
0.006812920690579608,0.015,-18.656588615397183,MB-global-opt,0.009620988246084039,0.007579186537449045,0.0015607522963307912,0.00030083186854635733,0.0008134445067877279,0.0023080600858738547,0.0015607522963307912,4.7380473561634675,0.0,3
0.006812920690579608,0.015,-18.656588615397183,PS,0.009706126883770002,0.007642283271845907,0.0015785372677355944,0.00022535496369229668,0.0010187245039043713,0.0021383500315668175,0.0015785372677355944,6.408923689874858,0.0,3
0.006812920690579608,0.015,-18.656588615397183,PS+GS,0.009706133385414853,0.007630616313917704,0.0015902104022264066,0.00022537086780846072,0.0010303581303804487,0.0021500626740723642,0.0015902104022264066,6.408923689874858,0.0,3
0.01,0.015,-16.990025752007693,GS,0.014263440026526908,0.014888164332213627,-0.0013378963070130652,0.00017610113158902279,-0.001775355769069843,-0.0009004368449562876,0.0,8.0,1.0,3
0.01,0.015,-16.990025752007693,MB-fixed,0.01451646927117256,0.011143896907561679,0.0026467489000522528,0.00020926113307065804,0.002126915427794269,0.0031665823723102367,0.0026467489000522528,6.408923689874861,0.0,3
0.01,0.015,-16.990025752007693,MB-global-opt,0.014970575984623183,0.0110550292190561,0.003167017966335924,0.00047661110375945767,0.001983050349662778,0.00435098558300907,0.003167017966335924,4.7380473561634675,0.0,3
0.01,0.015,-16.990025752007693,PS,0.014516469271173152,0.011143896907561679,0.002646748900052815,0.00020926113307077838,0.002126915427794532,0.0031665823723110976,0.002646748900052815,6.408923689874858,0.0,3
0.01,0.015,-16.990025752007693,PS+GS,0.014516474946015675,0.011127467588960771,0.0026631836097541187,0.00020926690314349803,0.0021433358038405936,0.0031830314156676438,0.0026631836097541187,6.408923689874858,0.0,3
0.01467799267622069,0.015,-15.323511443221896,GS,0.020867039104655778,0.02146391117487645,-0.0016402240254534603,0.0005751880307978577,-0.003069070304088122,-0.00021137774681879865,0.0,8.0,1.0,3
0.01467799267622069,0.015,-15.323511443221896,MB-fixed,0.020559059661598766,0.016230206007581627,0.0033009006709372006,0.00022548936503139218,0.002740754035671025,0.0038610473062033763,0.0033009006709372006,6.408923689874861,0.0,3
0.01467799267622069,0.015,-15.323511443221896,MB-global-opt,0.020524415207439972,0.016105186207361566,0.003393008239706407,0.00012062701489242812,0.003093354122959971,0.0036926623564528427,0.003393008239706407,4.7380473561634675,0.0,3
0.01467799267622069,0.015,-15.323511443221896,PS,0.020559059661600543,0.016230206007581627,0.003300900670938888,0.00022548936503203368,0.0027407540356711186,0.0038610473062066575,0.003300900670938888,6.408923689874858,0.0,3
0.01467799267622069,0.015,-15.323511443221896,PS+GS,0.02055903501278067,0.016207097473013743,0.003323985789127891,0.0002254796388817735,0.0027638633149567726,0.003884108263299009,0.003323985789127891,6.408923689874858,0.0,3
0.021544346900318822,0.015,-13.657068397661254,GS,0.030866371224838634,0.030899441158858787,-0.0015763884952620874,0.0005841349326873686,-0.0030274601102835384,-0.00012531688024063656,0.0,8.0,1.0,3
0.021544346900318822,0.015,-13.657068397661254,MB-fixed,0.03060532859930909,0.023595879490212468,0.0054791826791311645,0.0001995568131960399,0.0049834560738403096,0.005974909284422019,0.0054791826791311645,6.408923689874861,0.0,3
0.021544346900318822,0.015,-13.657068397661254,MB-global-opt,0.030711777995184875,0.023420171044963523,0.005756018050462106,0.001232596944148905,0.0026940774981515404,0.008817958602772671,0.005756018050462106,4.7380473561634675,0.0,3
0.021544346900318822,0.015,-13.657068397661254,PS,0.030605328599310273,0.023595879490212468,0.005479182679132291,0.0001995568131952294,0.004983456073843449,0.005974909284421133,0.005479182679132291,6.408923689874858,0.0,3
0.021544346900318822,0.015,-13.657068397661254,PS+GS,0.030605380183711322,0.02356340845290772,0.005511702721618034,0.0001995376578921133,0.005016023700740042,0.006007381742496026,0.005511702721618034,6.408923689874858,0.0,3
0.03162277660168379,0.015,-11.990729941037717,GS,0.04479060963112561,0.044391772029856336,-0.0018406928802870033,0.0005764730453660851,-0.003272731312070708,-0.0004086544485032988,0.0,8.0,1.0,3
0.03162277660168379,0.015,-11.990729941037717,MB-fixed,0.04382684012419169,0.034214293157501574,0.007421204960480529,0.002233141885515887,0.0018737729870500217,0.012968636933911037,0.007421204960480529,6.408923689874861,0.0,3
0.03162277660168379,0.015,-11.990729941037717,MB-global-opt,0.04339705047015515,0.03396749998562609,0.007259697961021297,0.0031094493036933923,-0.00046460231696354194,0.014983998239006136,0.007259697961021297,4.7380473561634675,0.0,3
0.03162277660168379,0.015,-11.990729941037717,PS,0.04382684012419347,0.034214293157501574,0.007421204960482218,0.002233141885516516,0.0018737729870501483,0.012968636933914288,0.007421204960482218,6.408923689874858,0.0,3
0.03162277660168379,0.015,-11.990729941037717,PS+GS,0.04382686015820051,0.03416869604697914,0.007466821103311347,0.0022332440779097777,0.0019191352699013241,0.01301450693672137,0.007466821103311347,6.408923689874858,0.0,3
0.046415888336127774,0.015,-10.324544975913735,GS,0.06633861056419062,0.0635876048663444,-0.0005659248303633152,0.0009939194221292656,-0.003034957549285122,0.0019031078885584918,0.00014601427203383052,8.0,0.6666666666666666,3
0.046415888336127774,0.015,-10.324544975913735,MB-fixed,0.06541414707860405,0.04941937140432695,0.012724068320346888,0.0006726878205208768,0.011053019137176549,0.014395117503517227,0.012724068320346888,6.408923689874861,0.0,3
0.046415888336127774,0.015,-10.324544975913735,MB-global-opt,0.06565241399158535,0.04907275157945157,0.013297041712554513,0.0008049798339556936,0.011297360949851436,0.015296722475257589,0.013297041712554513,4.7380473561634675,0.0,3
0.046415888336127774,0.015,-10.324544975913735,PS,0.06541414707860523,0.04941937140432695,0.012724068320348017,0.0006726878205212501,0.01105301913717675,0.014395117503519284,0.012724068320348017,6.408923689874858,0.0,3
0.046415888336127774,0.015,-10.324544975913735,PS+GS,0.0654141761357326,0.04935534671975739,0.012788120609188582,0.0006726906184813081,0.01111706447549922,0.014459176742877944,0.012788120609188582,6.408923689874858,0.0,3
0.06812920690579609,0.015,-8.658585253667717,GS,0.09339771278428917,0.09069432939492672,-0.001966502249852009,0.0018129792472225776,-0.006470192368442528,0.0025371878687385097,4.0996119452486414e-05,8.0,0.6666666666666666,3
0.06812920690579609,0.015,-8.658585253667717,MB-fixed,0.09184301450559396,0.0709745322598867,0.016276331520427553,0.0044178881226513865,0.005301689028791379,0.02725097401206373,0.016276331520427553,6.408923689874861,0.0,3
0.06812920690579609,0.015,-8.658585253667717,MB-global-opt,0.08975312537621338,0.07048725702457759,0.014778212082825126,0.008174863682222231,-0.005529275078349627,0.03508569924399988,0.014778212082825126,4.7380473561634675,0.0,3
0.06812920690579609,0.015,-8.658585253667717,PS,0.09184301450559455,0.0709745322598867,0.01627633152042812,0.004417888122651868,0.005301689028790749,0.027250974012065488,0.01627633152042812,6.408923689874858,0.0,3
0.06812920690579609,0.015,-8.658585253667717,PS+GS,0.0918431109030567,0.07088455234200497,0.0163664030158989,0.00441712243567323,0.005393662596160535,0.027339143435637262,0.0163664030158989,6.408923689874858,0.0,3
0.1,0.015,-6.992956031131615,GS,0.13814662865486613,0.128548695324882,0.0026906018972408055,0.0005680287693355273,0.0012795402099927788,0.0041016635844888325,0.0026906018972408055,8.0,0.0,3
0.1,0.015,-6.992956031131615,MB-fixed,0.13626248038995628,0.10107025662832059,0.02837909974213788,0.0019019440604164575,0.02365440877607636,0.0331037907081994,0.02837909974213788,6.408923689874861,0.0,3
0.1,0.015,-6.992956031131615,MB-global-opt,0.13736059960732985,0.100383520795708,0.03010904883125536,0.00447281103627913,0.018997970258638988,0.04122012740387173,0.03010904883125536,4.7380473561634675,0.0,3
0.1,0.015,-6.992956031131615,PS,0.13626248038995747,0.10107025662832059,0.028379099742139008,0.001901944060415313,0.02365440877608033,0.03310379070819769,0.028379099742139008,6.408923689874858,0.0,3
0.1,0.015,-6.992956031131615,PS+GS,0.13626252734005875,0.10094348467511405,0.028505916297941764,0.00190132583267477,0.0237827610947278,0.03322907150115573,0.028505916297941764,6.408923689874858,0.0,3
1e-05,0.0175,-46.989700423367836,GS,1.4202563355010986e-05,1.9692448351760206e-05,-6.20001316449977e-06,1.1463572136078197e-07,-6.484784083042262e-06,-5.915242245957277e-06,0.0,8.0,1.0,3
1e-05,0.0175,-46.989700423367836,MB-fixed,1.3785785695219488e-05,1.2358840491444312e-05,7.376559190142013e-07,4.405854439274092e-08,6.282084273647239e-07,8.471034106636787e-07,7.376559190142013e-07,6.408923689874861,0.0,3
1e-05,0.0175,-46.989700423367836,MB-global-opt,1.4124949982689353e-05,1.2190017326441094e-05,1.2286851571137913e-06,5.270728645259906e-07,-8.063642247926893e-08,2.5380067367068515e-06,1.2286851571137913e-06,4.7380473561634675,0.0,3
1e-05,0.0175,-46.989700423367836,PS,1.3785785696995845e-05,1.2358840491444312e-05,7.376559207017405e-07,4.405854513231714e-08,6.282084272150538e-07,8.471034141884271e-07,7.376559207017405e-07,6.408923689874858,0.0,3
1e-05,0.0175,-46.989700423367836,PS+GS,1.3785771680652203e-05,1.2327622706864716e-05,7.688603897548769e-07,4.4043633476842134e-08,6.594499388738999e-07,8.782708406358539e-07,7.688603897548769e-07,6.408923689874858,0.0,3
1.4677992676220705e-05,0.0175,-45.32303393446846,GS,2.1308716132928396e-05,2.8542142520349145e-05,-8.29886219406717e-06,1.654285749214041e-07,-8.709809555625452e-06,-7.887914832508888e-06,0.0,8.0,1.0,3
1.4677992676220705e-05,0.0175,-45.32303393446846,MB-fixed,2.1386440286560077e-05,1.806255555503178e-05,2.254562717200296e-06,6.086849301596679e-07,7.425055276352871e-07,3.766619906765305e-06,2.254562717200296e-06,6.408923689874861,0.0,3
1.4677992676220705e-05,0.0175,-45.32303393446846,MB-global-opt,2.202781269330008e-05,1.782088753787825e-05,3.1055345207568295e-06,7.711452492451133e-07,1.189903525893675e-06,5.021165515619984e-06,3.1055345207568295e-06,4.7380473561634675,0.0,3
1.4677992676220705e-05,0.0175,-45.32303393446846,PS,2.1386440287744318e-05,1.806255555503178e-05,2.2545627183253217e-06,6.086849304720111e-07,7.425055279844091e-07,3.766619908666234e-06,2.2545627183253217e-06,6.408923689874858,0.0,3
1.4677992676220705e-05,0.0175,-45.32303393446846,PS+GS,2.138642640936439e-05,1.8017870161646243e-05,2.299234927249927e-06,6.086822216246067e-07,7.871844660590071e-07,3.811285388440847e-06,2.299234927249927e-06,6.408923689874858,0.0,3
2.1544346900318823e-05,0.0175,-43.65636752872849,GS,3.065135865210067e-05,4.136215257277698e-05,-1.2243361853281345e-05,9.616087399566662e-07,-1.4632130388126814e-05,-9.854593318435877e-06,0.0,8.0,1.0,3
2.1544346900318823e-05,0.0175,-43.65636752872849,MB-fixed,3.060179841529731e-05,2.6398057539012143e-05,2.6736509555203e-06,3.0753127909170326e-07,1.9097009075952513e-06,3.437601003445349e-06,2.6736509555203e-06,6.408923689874861,0.0,3
2.1544346900318823e-05,0.0175,-43.65636752872849,MB-global-opt,3.099312999221837e-05,2.6052335403425886e-05,3.3911380891815653e-06,2.960053764063327e-07,2.655819970778855e-06,4.126456207584275e-06,3.3911380891815653e-06,4.7380473561634675,0.0,3
2.1544346900318823e-05,0.0175,-43.65636752872849,PS,3.060179841588943e-05,2.6398057539012143e-05,2.6736509560828126e-06,3.0753127882166847e-07,1.9097009088285676e-06,3.4376010033370576e-06,2.6736509560828126e-06,6.408923689874858,0.0,3
2.1544346900318823e-05,0.0175,-43.65636752872849,PS+GS,3.060178392348215e-05,2.6334135775352152e-05,2.737558951955893e-06,3.075466188563082e-07,1.9735707979431e-06,3.501547105968686e-06,2.737558951955893e-06,6.408923689874858,0.0,3
3.1622776601683795e-05,0.0175,-41.98970124504979,GS,4.509955192174194e-05,5.9930436730804004e-05,-1.7085862405149165e-05,2.6555266561323796e-07,-1.774553179624666e-05,-1.642619301405167e-05,0.0,8.0,1.0,3
3.1622776601683795e-05,0.0175,-41.98970124504979,MB-fixed,4.580326328203673e-05,3.857941758944605e-05,4.933682528488838e-06,1.4732395779321977e-06,1.273952534549679e-06,8.593412522427997e-06,4.933682528488838e-06,6.408923689874861,0.0,3
3.1622776601683795e-05,0.0175,-41.98970124504979,MB-global-opt,4.61119315966485e-05,3.8085173444279974e-05,5.721161572536103e-06,3.4248957992792356e-06,-2.7867512411633026e-06,1.4229074386235509e-05,5.721161572536103e-06,4.7380473561634675,0.0,3
3.1622776601683795e-05,0.0175,-41.98970124504979,PS,4.5803263283220964e-05,3.857941758944605e-05,4.9336825296138654e-06,1.4732395789736723e-06,1.2739525330875397e-06,8.593412526140191e-06,4.9336825296138654e-06,6.408923689874858,0.0,3
3.1622776601683795e-05,0.0175,-41.98970124504979,PS+GS,4.580318315176394e-05,3.848804058659283e-05,5.024983407582913e-06,1.4732510261181102e-06,1.3652249747733972e-06,8.684741840392428e-06,5.024983407582913e-06,6.408923689874858,0.0,3
4.641588833612782e-05,0.0175,-40.323035140532525,GS,6.664772567728978e-05,8.68195230796509e-05,-2.350418368622561e-05,3.880963873307572e-07,-2.446826855777606e-05,-2.254009881467516e-05,0.0,8.0,1.0,3
4.641588833612782e-05,0.0175,-40.323035140532525,MB-fixed,6.825487943995512e-05,5.6380606759276475e-05,8.461528708680888e-06,1.0843681064202383e-06,5.76780900213646e-06,1.1155248415225316e-05,8.461528708680888e-06,6.408923689874861,0.0,3
4.641588833612782e-05,0.0175,-40.323035140532525,MB-global-opt,6.828829215521637e-05,5.567453864774308e-05,9.19933889971247e-06,2.6906129110187555e-06,2.5154858998112734e-06,1.5883191899613665e-05,9.19933889971247e-06,4.7380473561634675,0.0,3
4.641588833612782e-05,0.0175,-40.323035140532525,PS,6.825487944143542e-05,5.6380606759276475e-05,8.461528710087166e-06,1.084368106327126e-06,5.767809003774042e-06,1.115524841640029e-05,8.461528710087166e-06,6.408923689874858,0.0,3
4.641588833612782e-05,0.0175,-40.323035140532525,PS+GS,6.825478767217656e-05,5.62500755578732e-05,8.591972730694527e-06,1.0843609169613367e-06,5.898270883756084e-06,1.1285674577632971e-05,8.591972730694527e-06,6.408923689874858,0.0,3
6.812920690579608e-05,0.0175,-38.65636929898821,GS,9.992994690577461e-05,0.000125750782672851,-3.0817333112365125e-05,2.4212427748624423e-06,-3.6832033598629395e-05,-2.4802632626100855e-05,0.0,8.0,1.0,3
6.812920690579608e-05,0.0175,-38.65636929898821,MB-fixed,9.938846237241468e-05,8.23935932061648e-05,1.2025446047629151e-05,1.5195712081821894e-06,8.250621903740542e-06,1.580027019151776e-05,1.2025446047629151e-05,6.408923689874861,0.0,3
6.812920690579608e-05,0.0175,-38.65636929898821,MB-global-opt,0.00010015450851389811,8.138567435511668e-05,1.3761108733086514e-05,4.079682197879274e-06,3.6266163335037262e-06,2.38956011326693e-05,1.3761108733086514e-05,4.7380473561634675,0.0,3
6.812920690579608e-05,0.0175,-38.65636929898821,PS,9.938846237389498e-05,8.23935932061648e-05,1.202544604903543e-05,1.519571208884659e-06,8.250621903401788e-06,1.580027019466907e-05,1.202544604903543e-05,6.408923689874858,0.0,3
6.812920690579608e-05,0.0175,-38.65636929898821,PS+GS,9.938847993791929e-05,8.220727122321136e-05,1.2211784717811957e-05,1.519772401270731e-06,8.436460782584765e-06,1.598710865303915e-05,1.2211784717811957e-05,6.408923689874858,0.0,3
0.0001,0.0175,-36.989703843435244,GS,0.00014223048379916983,0.0001821062268896334,-4.698726728042207e-05,8.121408879890723e-07,-4.900473708750512e-05,-4.4969797473339015e-05,0.0,8.0,1.0,3
0.0001,0.0175,-36.989703843435244,MB-fixed,0.00014281792971241694,0.00012040531671675403,1.5271716510042067e-05,4.733632303317071e-06,3.512721991958274e-06,2.703071102812586e-05,1.5271716510042067e-05,6.408923689874861,0.0,3
0.0001,0.0175,-36.989703843435244,MB-global-opt,0.0001389571090451014,0.00011896764279528682,1.3041610797559489e-05,8.566397161340667e-06,-8.238499444494129e-06,3.4321721039613106e-05,1.3041610797559489e-05,4.7380473561634675,0.0,3
0.0001,0.0175,-36.989703843435244,PS,0.00014281792971389726,0.00012040531671675403,1.527171651144835e-05,4.733632302050045e-06,3.512721996512028e-06,2.7030711026384675e-05,1.527171651144835e-05,6.408923689874858,0.0,3
0.0001,0.0175,-36.989703843435244,PS+GS,0.00014281813480406433,0.00012013956992151797,1.5537658142343125e-05,4.733489895187479e-06,3.7790173856645096e-06,2.7296298899021742e-05,1.5537658142343125e-05,6.408923689874858,0.0,3
0.0001467799267622069,0.0175,-35.32303895443977,GS,0.00021144902166655063,0.0002636676182936615,-6.27910477104384e-05,2.3369731182137817e-06,-6.859641076466808e-05,-5.6985684656208725e-05,0.0,8.0,1.0,3
0.0001467799267622069,0.0175,-35.32303895443977,MB-fixed,0.00021553055260377837,0.0001759481979819455,2.880582699164393e-05,7.864224000374286e-06,9.270011578904218e-06,4.834164240438364e-05,2.880582699164393e-05,6.408923689874861,0.0,3
0.0001467799267622069,0.0175,-35.32303895443977,MB-global-opt,0.0002214935789863759,0.00017389924644173327,3.6519653595323826e-05,1.083238136234488e-05,9.61052654539496e-06,6.34287806452527e-05,3.6519653595323826e-05,4.7380473561634675,0.0,3
0.0001467799267622069,0.0175,-35.32303895443977,PS,0.0002155305526049626,0.0001759481979819455,2.8805826992768963e-05,7.864224000076766e-06,9.270011580768335e-06,4.834164240476959e-05,2.8805826992768963e-05,6.408923689874858,0.0,3
0.0001467799267622069,0.0175,-35.32303895443977,PS+GS,0.00021553065445060562,0.00017556948815533602,2.9184633572739327e-05,7.86408402860935e-06,9.64916586913947e-06,4.8720101276339184e-05,2.9184633572739327e-05,6.408923689874858,0.0,3
0.00021544346900318823,0.0175,-33.656374897036244,GS,0.000315462932859963,0.0003816834319847473,-8.199364576778243e-05,1.1903095903168728e-06,-8.495053870971001e-05,-7.903675282585484e-05,0.0,8.0,1.0,3
0.00021544346900318823,0.0175,-33.656374897036244,MB-fixed,0.00032261173085412764,0.0002571038661245417,4.9377278186879516e-05,3.3287300599996156e-06,4.11082543127e-05,5.764630206105903e-05,4.9377278186879516e-05,6.408923689874861,0.0,3
0.00021544346900318823,0.0175,-33.656374897036244,MB-global-opt,0.0003346322872423239,0.0002541863136187317,6.371435926147602e-05,7.68920173666524e-06,4.4613323254406466e-05,8.281539526854557e-05,6.371435926147602e-05,4.7380473561634675,0.0,3
0.00021544346900318823,0.0175,-33.656374897036244,PS,0.00032261173085560796,0.0002571038661245417,4.93772781882858e-05,3.3287300599841234e-06,4.1108254314144776e-05,5.7646302062426826e-05,4.93772781882858e-05,6.408923689874858,0.0,3
0.00021544346900318823,0.0175,-33.656374897036244,PS+GS,0.0003226118512307252,0.0002565646550669598,4.991660360222916e-05,3.329119449075171e-06,4.164661243196253e-05,5.818659477249579e-05,4.991660360222916e-05,6.408923689874858,0.0,3
0.00031622776601683794,0.0175,-31.989712060241267,GS,0.0004582410812146165,0.0005524083587149509,-0.00011707933156106523,8.63420147226973e-06,-0.00013852787704891488,-9.563078607321557e-05,0.0,8.0,1.0,3
0.00031622776601683794,0.0175,-31.989712060241267,MB-fixed,0.000457121500499665,0.000375676155864646,5.8589269610035744e-05,1.9400521203106123e-06,5.376991297527069e-05,6.34086262448008e-05,5.8589269610035744e-05,6.408923689874861,0.0,3
0.00031622776601683794,0.0175,-31.989712060241267,MB-global-opt,0.00045887454544886924,0.00037152566716947,6.440515100695578e-05,1.4715489929371948e-05,2.784984752697373e-05,0.00010096045448693783,6.440515100695578e-05,4.7380473561634675,0.0,3
0.00031622776601683794,0.0175,-31.989712060241267,PS,0.0004571215005011453,0.000375676155864646,5.858926961144204e-05,1.9400521199870377e-06,5.3769912977480786e-05,6.34086262454033e-05,5.858926961144204e-05,6.408923689874858,0.0,3
0.00031622776601683794,0.0175,-31.989712060241267,PS+GS,0.00045712181462735185,0.00037490914352367177,5.935658037231243e-05,1.939774963674431e-06,5.4537912232799367e-05,6.41752485118255e-05,5.935658037231243e-05,6.408923689874858,0.0,3
0.00046415888336127773,0.0175,-30.32305101505136,GS,0.000674938754388954,0.0007993233101839525,-0.00015813149351444624,4.797932142903845e-06,-0.00017005021768890506,-0.00014621276933998742,0.0,8.0,1.0,3
0.00046415888336127773,0.0175,-30.32305101505136,MB-fixed,0.0006571690757395388,0.0005489021398856764,7.54084820668854e-05,2.367794759529184e-05,1.6589199509301806e-05,0.000134227764624469,7.54084820668854e-05,6.408923689874861,0.0,3
0.00046415888336127773,0.0175,-30.32305101505136,MB-global-opt,0.0006438416898033594,0.0005430035270039824,6.86460783092091e-05,5.8087821187153346e-05,-7.565206889342017e-05,0.00021294422551183838,6.86460783092091e-05,4.7380473561634675,0.0,3
0.00046415888336127773,0.0175,-30.32305101505136,PS,0.0006571690757401308,0.0005489021398856764,7.540848206744792e-05,2.3677947594341035e-05,1.6589199512226266e-05,0.0001342277646226696,7.540848206744792e-05,6.408923689874858,0.0,3
0.00046415888336127773,0.0175,-30.32305101505136,PS+GS,0.0006571688323283217,0.0005478121723176965,7.6498218394209e-05,2.3677389259635085e-05,1.768032281928616e-05,0.00013531611396913184,7.6498218394209e-05,6.408923689874858,0.0,3
0.0006812920690579609,0.0175,-28.656392599570978,GS,0.0009822819753102507,0.0011563342615408256,-0.0002231663849960875,1.783995267765078e-05,-0.0002674832842179319,-0.00017884948577424312,0.0,8.0,1.0,3
0.0006812920690579609,0.0175,-28.656392599570978,MB-fixed,0.0009584236266109158,0.0008019460784725041,0.00010855636680786591,4.803496735351775e-05,-1.0769107076224763e-05,0.00022788184069195657,0.00010855636680786591,6.408923689874861,0.0,3
0.0006812920690579609,0.0175,-28.656392599570978,MB-global-opt,0.0009535892610026409,0.0007935718256295576,0.00011233797232295115,7.3313275125935e-05,-6.978229918705452e-05,0.0002944582438329568,0.00011233797232295115,4.7380473561634675,0.0,3
0.0006812920690579609,0.0175,-28.656392599570978,PS,0.0009584236266123961,0.0008019460784725041,0.00010855636680927219,4.8034967352550576e-05,-1.076910707241588e-05,0.00022788184069096024,0.00010855636680927219,6.408923689874858,0.0,3
0.0006812920690579609,0.0175,-28.656392599570978,PS+GS,0.0009584243279592286,0.000800398803056046,0.00011010430850522106,4.803070798471481e-05,-9.210584520198114e-06,0.00022941920153064023,0.00011010430850522106,6.408923689874858,0.0,3
0.001,0.0175,-26.989738043961104,GS,0.0014494475056817298,0.001672376757392513,-0.0002954016269948697,3.497715236305491e-05,-0.0003822896902284948,-0.00020851356376124457,0.0,8.0,1.0,3
0.001,0.0175,-26.989738043961104,MB-fixed,0.0014007093284075605,0.0011715304439032792,0.00015914341808390313,2.597371039285532e-05,9.462114458372934e-05,0.0002236656915840769,0.00015914341808390313,6.408923689874861,0.0,3
0.001,0.0175,-26.989738043961104,MB-global-opt,0.00135014385179133,0.0011596546571961408,0.00012298200200562274,3.6735363553504074e-05,3.172630004863553e-05,0.00021423770396260995,0.00012298200200562274,4.7380473561634675,0.0,3
0.001,0.0175,-26.989738043961104,PS,0.0014007093284090406,0.0011715304439032792,0.0001591434180853094,2.5973710392948385e-05,9.462114458490441e-05,0.00022366569158571438,0.0001591434180853094,6.408923689874858,0.0,3
0.001,0.0175,-26.989738043961104,PS+GS,0.0014007070605333756,0.0011693364327025613,0.00016133527480414553,2.5975889340642827e-05,9.680758849760091e-05,0.00022586296111069015,0.00016133527480414553,6.408923689874858,0.0,3
0.0014677992676220691,0.0175,-25.323089153833557,GS,0.0020762544904500877,0.00241803430532217,-0.00044559253939458675,3.294356791878907e-05,-0.0005274288988202448,-0.0003637561799689286,0.0,8.0,1.0,3
0.0014677992676220691,0.0175,-25.323089153833557,MB-fixed,0.0020645300042077728,0.001711213682521695,0.0002500898214756889,8.954727667527438e-06,0.00022784504477860559,0.0002723345981727722,0.0002500898214756889,6.408923689874861,0.0,3
0.0014677992676220691,0.0175,-25.323089153833557,MB-global-opt,0.002073064120403423,0.0016943918486005405,0.0002750190657827111,4.3719181237035266e-05,0.0001664145989462902,0.000383623532619132,0.0002750190657827111,4.7380473561634675,0.0,3
0.0014677992676220691,0.0175,-25.323089153833557,PS,0.002064530004209253,0.001711213682521695,0.00025008982147709517,8.954727667049943e-06,0.00022784504478119802,0.0002723345981729923,0.00025008982147709517,6.408923689874858,0.0,3
0.0014677992676220691,0.0175,-25.323089153833557,PS+GS,0.002064530117390717,0.0017081062523200963,0.000253197359201085,8.959381528246657e-06,0.00023094102167308395,0.000275453696729086,0.000253197359201085,6.408923689874858,0.0,3
0.002154434690031882,0.0175,-23.65644857942622,GS,0.0031232488844867845,0.0034950321907862847,-0.0005279457505238395,6.688259657746512e-05,-0.0006940913309396452,-0.0003618001701080338,0.0,8.0,1.0,3
0.002154434690031882,0.0175,-23.65644857942622,MB-fixed,0.0031566114487023476,0.0024990426698341395,0.0004997382064330904,0.00011419182284071235,0.0002160699929444794,0.0007834064199217013,0.0004997382064330904,6.408923689874861,0.0,3
0.002154434690031882,0.0175,-23.65644857942622,MB-global-opt,0.003094308103547642,0.0024752439098776335,0.00046434878849262607,0.0001398284798874977,0.00011699558843167497,0.0008117019885535772,0.00046434878849262607,4.7380473561634675,0.0,3
0.002154434690031882,0.0175,-23.65644857942622,PS,0.0031566114487038277,0.0024990426698341395,0.0004997382064344968,0.00011419182284150097,0.00021606999294392684,0.0007834064199250667,0.0004997382064344968,6.408923689874858,0.0,3
0.002154434690031882,0.0175,-23.65644857942622,PS+GS,0.003156608360033175,0.0024946469472917343,0.000504130994739782,0.0001141933296422876,0.00022045903814855387,0.00078780295133101,0.000504130994739782,6.408923689874858,0.0,3
0.0031622776601683794,0.0175,-21.989820210674765,GS,0.0045801006098227974,0.005049815920351142,-0.0006987203410194842,2.551053964364804e-05,-0.0007620920345945869,-0.0006353486474443816,0.0,8.0,1.0,3
0.0031622776601683794,0.0175,-21.989820210674765,MB-fixed,0.0045542062309117766,0.003648607651172364,0.0006778882681938231,7.568703404052202e-05,0.0004898712526455614,0.0008659052837420849,0.0006778882681938231,6.408923689874861,0.0,3
0.0031622776601683794,0.0175,-21.989820210674765,MB-global-opt,0.004595843696284814,0.0036149810181778097,0.0007510704932927641,0.00029981050253565785,6.299917574347966e-06,0.0014958410690111804,0.0007510704932927641,4.7380473561634675,0.0,3
0.0031622776601683794,0.0175,-21.989820210674765,PS,0.004554206230912665,0.003648607651172364,0.0006778882681946668,7.568703403981338e-05,0.0004898712526481654,0.0008659052837411681,0.0006778882681946668,6.408923689874858,0.0,3
0.0031622776601683794,0.0175,-21.989820210674765,PS+GS,0.004554209166050723,0.0036423974867423325,0.000684101221005854,7.568922651250729e-05,0.0004960787590552518,0.0008721236829564563,0.000684101221005854,6.408923689874858,0.0,3
0.004641588833612777,0.0175,-20.32320975704835,GS,0.006605505451412104,0.007292887360932809,-0.0010176571820913105,2.9231569694145352e-05,-0.001090272426741295,-0.0009450419374413258,0.0,8.0,1.0,3
0.004641588833612777,0.0175,-20.32320975704835,MB-fixed,0.006613010653307327,0.00532492466810397,0.000957435452537991,0.00014860258912830046,0.0005882861568252149,0.0013265847482507671,0.000957435452537991,6.408923689874861,0.0,3
0.004641588833612777,0.0175,-20.32320975704835,MB-global-opt,0.006680428832953093,0.005277473831794444,0.0010689335595109944,0.00023953328082403509,0.0004738999034041005,0.0016639672156178883,0.0010689335595109944,4.7380473561634675,0.0,3
0.004641588833612777,0.0175,-20.32320975704835,PS,0.00661301065330792,0.00532492466810397,0.0009574354525385536,0.00014860258912740426,0.0005882861568280036,0.0013265847482491035,0.0009574354525385536,6.408923689874858,0.0,3
0.004641588833612777,0.0175,-20.32320975704835,PS+GS,0.006613005943635268,0.0053161626789426375,0.0009661929675108663,0.00014860201390487368,0.0005970451007322973,0.0013353408342894352,0.0009661929675108663,6.408923689874858,0.0,3
0.006812920690579608,0.0175,-18.656625598523256,GS,0.009973352586910936,0.010526160805501394,-0.0010514758479360051,5.6279913092849006e-05,-0.00119128290246225,-0.0009116687934097602,0.0,8.0,1.0,3
0.006812920690579608,0.0175,-18.656625598523256,MB-fixed,0.009797544643141384,0.007767063637381222,0.0015406037736030922,0.0003428906073073605,0.0006888162849964604,0.0023923912622097238,0.0015406037736030922,6.408923689874861,0.0,3
0.006812920690579608,0.0175,-18.656625598523256,MB-global-opt,0.009739881805596854,0.007700194041522446,0.0015526936737945655,0.000615355306618759,2.4066350516162207e-05,0.0030813209970729687,0.0015526936737945655,4.7380473561634675,0.0,3
0.006812920690579608,0.0175,-18.656625598523256,PS,0.009797544643141975,0.007767063637381222,0.0015406037736036549,0.00034289060730656587,0.000688816284998997,0.0023923912622083126,0.0015406037736036549,6.408923689874858,0.0,3
0.006812920690579608,0.0175,-18.656625598523256,PS+GS,0.009797534645017278,0.007754717775648068,0.0015529401371183447,0.0003429001068004457,0.0007011290504626977,0.0024047512237739916,0.0015529401371183447,6.408923689874858,0.0,3
0.01,0.0175,-16.990080034407487,GS,0.014462798409930441,0.015181281863086316,-0.0014416233736523985,0.00016057654871928225,-0.0018405176339437385,-0.0010427291133610584,0.0,8.0,1.0,3
0.01,0.0175,-16.990080034407487,MB-fixed,0.014382179135640586,0.011319975753762979,0.0023430944250955777,0.0008042325563439475,0.0003452700028889633,0.004340918847302192,0.0023430944250955777,6.408923689874861,0.0,3
0.01,0.0175,-16.990080034407487,MB-global-opt,0.014132186018475323,0.011225863357414267,0.002199713360137289,0.001384847347461173,-0.0012404381606657918,0.005639864880940371,0.002199713360137289,4.7380473561634675,0.0,3
0.01,0.0175,-16.990080034407487,PS,0.014382179135642067,0.011319975753762979,0.002343094425096984,0.0008042325563433754,0.0003452700028917909,0.004340918847302177,0.002343094425096984,6.408923689874858,0.0,3
0.01,0.0175,-16.990080034407487,PS+GS,0.014382155100516473,0.011302603049116344,0.0023604442963743037,0.0008042319878962198,0.000362621286270127,0.0043582673064784805,0.0023604442963743037,6.408923689874858,0.0,3
0.01467799267622069,0.0175,-15.323591115860552,GS,0.021027324752977528,0.02187247834868833,-0.0018965198333596792,0.0005676567461536565,-0.0033066573637919863,-0.0004863823029273718,0.0,8.0,1.0,3
0.01467799267622069,0.0175,-15.323591115860552,MB-fixed,0.02134203115180533,0.01647836636444966,0.0037965632297654026,0.0005265743211921789,0.0024884801004687904,0.005104646359062015,0.0037965632297654026,6.408923689874861,0.0,3
0.01467799267622069,0.0175,-15.323591115860552,MB-global-opt,0.02136719917243024,0.016346074436511593,0.003952764777297134,0.0009999214691592219,0.0014688221470006983,0.00643670740759357,0.003952764777297134,4.7380473561634675,0.0,3
0.01467799267622069,0.0175,-15.323591115860552,PS,0.0213420311518077,0.01647836636444966,0.0037965632297676534,0.0005265743211926145,0.002488480100469959,0.005104646359065348,0.0037965632297676534,6.408923689874858,0.0,3
0.01467799267622069,0.0175,-15.323591115860552,PS+GS,0.02134203744042888,0.016453950336824397,0.0038209852315830364,0.0005265784364437356,0.002512891879434839,0.005129078583731234,0.0038209852315830364,6.408923689874858,0.0,3
0.021544346900318822,0.0175,-13.657185334578896,GS,0.0304651792885083,0.031467677066898236,-0.0025257567428153514,0.0003445510294728507,-0.0033816689487406524,-0.0016698445368900504,0.0,8.0,1.0,3
0.021544346900318822,0.0175,-13.657185334578896,MB-fixed,0.030128933049827406,0.02394521967646801,0.004677266720868024,0.0014108972149789985,0.001172403741778615,0.008182129699957434,0.004677266720868024,6.408923689874861,0.0,3
0.021544346900318822,0.0175,-13.657185334578896,MB-global-opt,0.02961026032964102,0.02375945421490644,0.004370293098252526,0.001746746580626063,3.113404450215667e-05,0.008709452152002896,0.004370293098252526,4.7380473561634675,0.0,3
0.021544346900318822,0.0175,-13.657185334578896,PS,0.030128933049828294,0.023945219676467566,0.004677266720869312,0.0014108972149782762,0.0011724037417816975,0.008182129699956927,0.004677266720869312,6.408923689874858,0.0,3
0.021544346900318822,0.0175,-13.657185334578896,PS+GS,0.030128956881239805,0.023910941333610713,0.0047115677035671,0.0014109950295544693,0.001206461739602008,0.008216673667532193,0.0047115677035671,6.408923689874858,0.0,3
0.03162277660168379,0.0175,-11.990901566908294,GS,0.04519426104942396,0.04518035034374002,-0.0022458023467872568,0.0005438898086037799,-0.0035968995313598326,-0.0008947051622146811,0.0,8.0,1.0,3
0.03162277660168379,0.0175,-11.990901566908294,MB-fixed,0.045157544550908923,0.034705559404323516,0.00819410791903996,0.0009177797336706744,0.005914216671576716,0.010473999166503203,0.00819410791903996,6.408923689874861,0.0,3
0.03162277660168379,0.0175,-11.990901566908294,MB-global-opt,0.04408442905263795,0.034444893429150136,0.007435314170855911,0.002297844662756877,0.0017271515884280716,0.01314347675328375,0.007435314170855911,4.7380473561634675,0.0,3
0.03162277660168379,0.0175,-11.990901566908294,PS,0.04515754455091129,0.034705559404323516,0.00819410791904221,0.0009177797336707725,0.005914216671578722,0.010473999166505696,0.00819410791904221,6.408923689874858,0.0,3
0.03162277660168379,0.0175,-11.990901566908294,PS+GS,0.04515739133962319,0.03465747068078828,0.008242051091853747,0.0009178162642059349,0.005962069097510234,0.010522033086197261,0.008242051091853747,6.408923689874858,0.0,3
0.046415888336127774,0.0175,-10.324796857973965,GS,0.06570167886883886,0.06467972433108504,-0.0022631294056881337,0.0005531834565274934,-0.00363731329154745,-0.0008889455198288175,0.0,8.0,1.0,3
0.046415888336127774,0.0175,-10.324796857973965,MB-fixed,0.0650193541764607,0.05010970094195222,0.011658685525685436,0.0019432384415956551,0.006831413630054549,0.016485957421316325,0.011658685525685436,6.408923689874861,0.0,3
0.046415888336127774,0.0175,-10.324796857973965,MB-global-opt,0.06584279565796554,0.049743989614605244,0.012806666260462021,0.0034399918327389792,0.004261252820747886,0.021352079700176156,0.012806666260462021,4.7380473561634675,0.0,3
0.046415888336127774,0.0175,-10.324796857973965,PS,0.06501935417646247,0.05010970094195222,0.01165868552568712,0.0019432384415957243,0.006831413630056062,0.01648595742131818,0.01165868552568712,6.408923689874858,0.0,3
0.046415888336127774,0.0175,-10.324796857973965,PS+GS,0.06501939097505242,0.05004224958350223,0.011726171842797567,0.0019432776966320973,0.006898802432250279,0.016553541253344854,0.011726171842797567,6.408923689874858,0.0,3
0.06812920690579609,0.0175,-8.658954900782547,GS,0.09505177105407607,0.09220424261044813,-0.0019050601090758734,0.0006835678659532293,-0.0036031368234099416,-0.0002069833947418052,0.0,8.0,1.0,3
0.06812920690579609,0.0175,-8.658954900782547,MB-fixed,0.09485389579505259,0.07194433780207476,0.01816686320322518,0.001987678963755638,0.013229194930568173,0.023104531475882192,0.01816686320322518,6.408923689874861,0.0,3
0.06812920690579609,0.0175,-8.658954900782547,MB-global-opt,0.09566440964826543,0.07143083752776525,0.019450351638086904,0.002238897657911949,0.013888621533387265,0.025012081742786543,0.019450351638086904,4.7380473561634675,0.0,3
0.06812920690579609,0.0175,-8.658954900782547,PS,0.09485389579505436,0.07194433780207476,0.01816686320322687,0.001987678963754196,0.013229194930573444,0.023104531475880298,0.01816686320322687,6.408923689874858,0.0,3
0.06812920690579609,0.0175,-8.658954900782547,PS+GS,0.09485443552986823,0.07184965441672708,0.018262059336647738,0.001987564212732665,0.013324676121334355,0.023199442551961123,0.018262059336647738,6.408923689874858,0.0,3
0.1,0.0175,-6.993498458512453,GS,0.13738802595671817,0.1306341346420703,-0.00011550998318804462,0.0015787840750264336,-0.0040374270426234695,0.0038064070762473803,0.0005065632107613313,8.0,0.6666666666666666,3
0.1,0.0175,-6.993498458512453,MB-fixed,0.1396091029145697,0.10243356708918472,0.030195080679656493,0.00338141688868703,0.02179517546742367,0.03859498589188932,0.030195080679656493,6.408923689874861,0.0,3
0.1,0.0175,-6.993498458512453,MB-global-opt,0.14010364093656116,0.1017108373112936,0.0313876215784395,0.007802952212371569,0.012004013724941826,0.05077122943193718,0.0313876215784395,4.7380473561634675,0.0,3
0.1,0.0175,-6.993498458512453,PS,0.13960910291457176,0.10243356708918494,0.03019508067965825,0.0033814168886874027,0.0217951754674245,0.038594985891892,0.03019508067965825,6.408923689874858,0.0,3
0.1,0.0175,-6.993498458512453,PS+GS,0.13960983396552282,0.10230034541182875,0.03032899685541791,0.0033817956446258067,0.02192815076127403,0.03872984294956179,0.03032899685541791,6.408923689874858,0.0,3
1e-05,0.02,-46.989700477654644,GS,1.4370444918476721e-05,2.0234716639366823e-05,-6.582793966813938e-06,3.360792096970827e-07,-7.417661005747363e-06,-5.747926927880513e-06,0.0,8.0,1.0,3
1e-05,0.02,-46.989700477654644,MB-fixed,1.444560200110819e-05,1.266121473042503e-05,1.0621071706277487e-06,3.146017940594244e-07,2.8059298983010636e-07,1.843621351425391e-06,1.0621071706277487e-06,6.408923689874861,0.0,3
1e-05,0.02,-46.989700477654644,MB-global-opt,1.432267891872859e-05,1.2482601291718964e-05,1.1239436810731946e-06,3.842217401521633e-07,1.6948396669869767e-07,2.0784033954476917e-06,1.1239436810731946e-06,4.7380473561634675,0.0,3
1e-05,0.02,-46.989700477654644,PS,1.4445602002884547e-05,1.266121473042503e-05,1.062107172315288e-06,3.146017938924541e-07,2.8059299193242297e-07,1.8436213526981531e-06,1.062107172315288e-06,6.408923689874858,0.0,3
1e-05,0.02,-46.989700477654644,PS+GS,1.4445628303031791e-05,1.2628229229871835e-05,1.0951176580083666e-06,3.14589710243437e-07,3.1363349507372004e-07,1.876601820943013e-06,1.0951176580083666e-06,6.408923689874858,0.0,3
1.4677992676220705e-05,0.02,-45.32303401415059,GS,2.164065165407199e-05,2.931661794303153e-05,-8.75799887166314e-06,4.749794909212272e-07,-9.937913337353913e-06,-7.578084405972368e-06,0.0,8.0,1.0,3
1.4677992676220705e-05,0.02,-45.32303401415059,MB-fixed,2.212467447530268e-05,1.8495781511695952e-05,2.5226592398415925e-06,5.748625531887184e-07,1.094621492410114e-06,3.950696987273071e-06,2.5226592398415925e-06,6.408923689874861,0.0,3
1.4677992676220705e-05,0.02,-45.32303401415059,MB-global-opt,2.248624481252885e-05,1.8240153864423903e-05,3.1217787074785015e-06,7.616908375267442e-07,1.2296337733070707e-06,5.013923641649932e-06,3.1217787074785015e-06,4.7380473561634675,0.0,3
1.4677992676220705e-05,0.02,-45.32303401415059,PS,2.2124674475598738e-05,1.8495781511695952e-05,2.5226592401228494e-06,5.748625535775157e-07,1.0946214917255445e-06,3.950696988520154e-06,2.5226592401228494e-06,6.408923689874858,0.0,3
1.4677992676220705e-05,0.02,-45.32303401415059,PS+GS,2.2124664612377387e-05,1.8448575830554148e-05,2.569855551204369e-06,5.748994384906695e-07,1.1417261756033053e-06,3.997984926805433e-06,2.569855551204369e-06,6.408923689874858,0.0,3
2.1544346900318823e-05,0.02,-43.656367645685854,GS,3.0875202830256875e-05,4.2467420757974494e-05,-1.3135978069230467e-05,4.836974037132089e-07,-1.4337549030855283e-05,-1.193440710760565e-05,0.0,8.0,1.0,3
2.1544346900318823e-05,0.02,-43.656367645685854,MB-fixed,3.140260049209568e-05,2.7018389934019282e-05,2.8140805334716143e-06,1.2831960103875125e-06,-3.735550674600713e-07,6.0017161344032994e-06,2.8140805334716143e-06,6.408923689874861,0.0,3
2.1544346900318823e-05,0.02,-43.656367645685854,MB-global-opt,3.197502050689138e-05,2.6652780418245925e-05,3.7234890633008875e-06,1.7362414557825726e-06,-5.895738136594452e-07,8.03655194026122e-06,3.7234890633008875e-06,4.7380473561634675,0.0,3
2.1544346900318823e-05,0.02,-43.656367645685854,PS,3.1402600493872036e-05,2.7018389934019282e-05,2.8140805351591525e-06,1.2831960095474803e-06,-3.735550636857776e-07,6.001716134004083e-06,2.8140805351591525e-06,6.408923689874858,0.0,3
2.1544346900318823e-05,0.02,-43.656367645685854,PS+GS,3.140256310215269e-05,2.695087805126839e-05,2.8815568957766624e-06,1.2832014796758554e-06,-3.060922916204525e-07,6.069206083173778e-06,2.8815568957766624e-06,6.408923689874858,0.0,3
3.1622776601683795e-05,0.02,-41.98970141671971,GS,4.576726213241974e-05,6.150650552472214e-05,-1.8027606498923395e-05,1.2649568968671666e-06,-2.1169933630130854e-05,-1.4885279367715934e-05,0.0,8.0,1.0,3
3.1622776601683795e-05,0.02,-41.98970141671971,MB-fixed,4.632947446066756e-05,3.946710842073209e-05,4.545892316902092e-06,2.494091218336101e-06,-1.6497737350351637e-06,1.0741558368839349e-05,4.545892316902092e-06,6.408923689874861,0.0,3
3.1622776601683795e-05,0.02,-41.98970141671971,MB-global-opt,4.624221315522684e-05,3.89445579931369e-05,4.985544504328603e-06,3.229988374483458e-06,-3.0381914251414703e-06,1.3009280433798676e-05,4.985544504328603e-06,4.7380473561634675,0.0,3
3.1622776601683795e-05,0.02,-41.98970141671971,PS,4.6329474461851795e-05,3.946710842073209e-05,4.545892318027117e-06,2.494091219369939e-06,-1.649773736478335e-06,1.0741558372532569e-05,4.545892318027117e-06,6.408923689874858,0.0,3
3.1622776601683795e-05,0.02,-41.98970141671971,PS+GS,4.632944718855706e-05,3.937062205627839e-05,4.642352772850815e-06,2.4940364691580007e-06,-1.5531772745884356e-06,1.0837882820290065e-05,4.642352772850815e-06,6.408923689874858,0.0,3
4.641588833612782e-05,0.02,-40.32303539250947,GS,6.712386943282429e-05,8.90650040457075e-05,-2.5297328084524417e-05,4.0275267703409043e-07,-2.6297821198040804e-05,-2.429683497100803e-05,0.0,8.0,1.0,3
4.641588833612782e-05,0.02,-40.32303539250947,MB-fixed,6.817455480826833e-05,5.765004708591093e-05,7.115779981943975e-06,5.500743548160994e-07,5.749319532895504e-06,8.482240430992445e-06,7.115779981943975e-06,6.408923689874861,0.0,3
4.641588833612782e-05,0.02,-40.32303539250947,MB-global-opt,7.09790432180668e-05,5.6903729074964104e-05,1.0526361982199356e-05,1.6099457128542213e-06,6.527035123076978e-06,1.4525688841321734e-05,1.0526361982199356e-05,4.7380473561634675,0.0,3
4.641588833612782e-05,0.02,-40.32303539250947,PS,6.817455480945256e-05,5.765004708591093e-05,7.115779983069002e-06,5.500743538293671e-07,5.749319536471711e-06,8.482240429666295e-06,7.115779983069002e-06,6.408923689874858,0.0,3
4.641588833612782e-05,0.02,-40.32303539250947,PS+GS,6.81745174221741e-05,5.7512251508740064e-05,7.253540042325332e-06,5.501130284945683e-07,5.8869835225337255e-06,8.620096562116939e-06,7.253540042325332e-06,6.408923689874858,0.0,3
6.812920690579608e-05,0.02,-38.65636966883971,GS,9.749463568109462e-05,0.00012894708395894128,-3.63271800619014e-05,1.063874781283928e-06,-3.8969991526636186e-05,-3.368436859716661e-05,0.0,8.0,1.0,3
6.812920690579608e-05,0.02,-38.65636966883971,MB-fixed,9.842286140582246e-05,8.420769269545936e-05,9.29402564007197e-06,2.8033763234660683e-06,2.330052794808219e-06,1.6257998485335724e-05,9.29402564007197e-06,6.408923689874861,0.0,3
6.812920690579608e-05,0.02,-38.65636966883971,MB-global-opt,9.806091792115741e-05,8.31426001590696e-05,1.0015271866029942e-05,4.8338536193966545e-06,-1.9926862028453077e-06,2.202322993490519e-05,1.0015271866029942e-05,4.7380473561634675,0.0,3
6.812920690579608e-05,0.02,-38.65636966883971,PS,9.842286140671064e-05,8.420769269545936e-05,9.294025640915743e-06,2.8033763234660666e-06,2.330052795651994e-06,1.625799848617949e-05,9.294025640915743e-06,6.408923689874858,0.0,3
6.812920690579608e-05,0.02,-38.65636966883971,PS+GS,9.842288486113422e-05,8.401105317190627e-05,9.490687446171237e-06,2.803452686555652e-06,2.526524904476866e-06,1.645484998786561e-05,9.490687446171237e-06,6.408923689874858,0.0,3
0.0001,0.02,-36.98970438630283,GS,0.00014142401147380448,0.0001866515585660089,-5.229874766589463e-05,1.3876493461878595e-06,-5.574585973740286e-05,-4.88516355943864e-05,0.0,8.0,1.0,3
0.0001,0.02,-36.98970438630283,MB-fixed,0.00013940661086782788,0.00012299586702502197,9.440413299414504e-06,7.610694157910653e-06,-9.465599070614984e-06,2.834642566944399e-05,9.440413299414504e-06,6.408923689874861,0.0,3
0.0001,0.02,-36.98970438630283,MB-global-opt,0.00013257183974217193,0.0001214770695556755,4.466178199387844e-06,1.221478820379809e-05,-2.5877037818334046e-05,3.480939421710973e-05,6.381059742703127e-06,4.7380473561634675,0.3333333333333333,3
0.0001,0.02,-36.98970438630283,PS,0.0001394066108690121,0.00012299586702502197,9.440413300539535e-06,7.6106941570193984e-06,-9.465599067275951e-06,2.8346425668355022e-05,9.440413300539535e-06,6.408923689874858,0.0,3
0.0001,0.02,-36.98970438630283,PS+GS,0.00013940647744714596,0.0001227154826508592,9.720670923929478e-06,7.610840819694932e-06,-9.185705774169202e-06,2.8627047622028156e-05,9.720670923929478e-06,6.408923689874858,0.0,3
0.0001467799267622069,0.02,-35.32303975126007,GS,0.00021127967486330354,0.000270124698759755,-6.940900763961663e-05,1.960411249558363e-06,-7.42789391551238e-05,-6.453907612410946e-05,0.0,8.0,1.0,3
0.0001467799267622069,0.02,-35.32303975126007,MB-fixed,0.00021222811652569598,0.00017964467293407616,2.1972037765335024e-05,5.620474709184315e-06,8.010004582484321e-06,3.593407094818573e-05,2.1972037765335024e-05,6.408923689874861,0.0,3
0.0001467799267622069,0.02,-35.32303975126007,MB-global-opt,0.00021291678670198877,0.0001774807514736132,2.4790195893276123e-05,1.1904091548553765e-05,-4.7812068462482125e-06,5.436159863280046e-05,2.4790195893276123e-05,4.7380473561634675,0.0,3
0.0001467799267622069,0.02,-35.32303975126007,PS,0.00021222811652599205,0.00017964467293407616,2.1972037765616276e-05,5.620474709258952e-06,8.010004582580164e-06,3.593407094865239e-05,2.1972037765616276e-05,6.408923689874858,0.0,3
0.0001467799267622069,0.02,-35.32303975126007,PS+GS,0.00021222803524908093,0.000179245221375135,2.2371412111491874e-05,5.620764299430782e-06,8.408659546588976e-06,3.6334164676394775e-05,2.2371412111491874e-05,6.408923689874858,0.0,3
0.00021544346900318823,0.02,-33.656376066607756,GS,0.0003119290886397508,0.0003908462773685173,-9.451364316075409e-05,3.6374516546858914e-06,-0.00010354957399071597,-8.54777123307922e-05,0.0,8.0,1.0,3
0.00021544346900318823,0.02,-33.656376066607756,MB-fixed,0.0003056000259172483,0.00026237409852325477,2.7945926098131102e-05,3.426046830116203e-06,1.9435153965322235e-05,3.645669823093997e-05,2.7945926098131102e-05,6.408923689874861,0.0,3
0.00021544346900318823,0.02,-33.656376066607756,MB-global-opt,0.00030146636740517135,0.00025929381437928,2.7099234655632754e-05,5.852906363550753e-06,1.2559809234773017e-05,4.163866007649249e-05,2.7099234655632754e-05,4.7380473561634675,0.0,3
0.00021544346900318823,0.02,-33.656376066607756,PS,0.0003056000259172483,0.00026237409852325477,2.7945926098131102e-05,3.426046830116203e-06,1.9435153965322235e-05,3.645669823093997e-05,2.7945926098131102e-05,6.408923689874858,0.0,3
0.00021544346900318823,0.02,-33.656376066607756,PS+GS,0.00030560026198530227,0.0002618055335106284,2.8514715375408767e-05,3.425761730359402e-06,2.000465146965737e-05,3.702477928116017e-05,2.8514715375408767e-05,6.408923689874858,0.0,3
0.00031622776601683794,0.02,-31.989713776935854,GS,0.0004504808846252928,0.0005653955791602439,-0.00013743873876621572,6.1957765114099e-06,-0.00015282990085159522,-0.00012204757668083621,0.0,8.0,1.0,3
0.00031622776601683794,0.02,-31.989713776935854,MB-fixed,0.00045105839652404,0.00038318370540202373,4.532177129581424e-05,1.2655493575226265e-05,1.3883782445170256e-05,7.675976014645823e-05,4.532177129581424e-05,6.408923689874861,0.0,3
0.00031622776601683794,0.02,-31.989713776935854,MB-global-opt,0.0004566296609972061,0.00037880319405902974,5.499498388831605e-05,1.7249504695460866e-05,1.2144838765838337e-05,9.784512901079377e-05,5.499498388831605e-05,4.7380473561634675,0.0,3
0.00031622776601683794,0.02,-31.989713776935854,PS,0.0004510583965252242,0.00038318370540202373,4.532177129693928e-05,1.2655493574461746e-05,1.3883782448194462e-05,7.675976014568411e-05,4.532177129693928e-05,6.408923689874858,0.0,3
0.00031622776601683794,0.02,-31.989713776935854,PS+GS,0.0004510589523034625,0.0003823752077956044,4.6130796892684945e-05,1.2655507053811797e-05,1.4692774559378334e-05,7.756881922599156e-05,4.6130796892684945e-05,6.408923689874858,0.0,3
0.00046415888336127773,0.02,-30.323053534810917,GS,0.0006674815156081001,0.0008177081169378209,-0.00018360067711012583,1.3685444614766286e-05,-0.00021759720617931593,-0.00014960414804093572,0.0,8.0,1.0,3
0.00046415888336127773,0.02,-30.323053534810917,MB-fixed,0.0006659870773892962,0.0005595870776400336,7.310064587979781e-05,1.0562042244314124e-05,4.6863078427922145e-05,9.933821333167347e-05,7.310064587979781e-05,6.408923689874861,0.0,3
0.00046415888336127773,0.02,-30.323053534810917,MB-global-opt,0.0006604413862438818,0.0005533637989760809,7.405551795560681e-05,2.1268414372524575e-05,2.1221847744340512e-05,0.00012688918816687313,7.405551795560681e-05,4.7380473561634675,0.0,3
0.00046415888336127773,0.02,-30.323053534810917,PS,0.0006659870773907765,0.0005595870776400336,7.310064588120404e-05,1.0562042243990944e-05,4.6863078430131206e-05,9.933821333227688e-05,7.310064588120404e-05,6.408923689874858,0.0,3
0.00046415888336127773,0.02,-30.323053534810917,PS+GS,0.0006659875130236396,0.0005584385660202251,7.424957135223247e-05,1.0563022218668734e-05,4.8009569509106e-05,0.00010048957319535893,7.424957135223247e-05,6.408923689874858,0.0,3
0.0006812920690579609,0.02,-28.65639629806468,GS,0.00097060833402877,0.0011823251549987202,-0.0002602472376713886,1.1634385939677295e-05,-0.0002891486545368406,-0.0002313458208059366,0.0,8.0,1.0,3
0.0006812920690579609,0.02,-28.65639629806468,MB-fixed,0.0009847776928465872,0.0008171385641715379,0.00011840024403271991,3.1189159905714655e-05,4.09220757140829e-05,0.00019587841235135691,0.00011840024403271991,6.408923689874861,0.0,3
0.0006812920690579609,0.02,-28.65639629806468,MB-global-opt,0.0010043383666271666,0.0008083067787052478,0.0001458146695905604,5.309890891944491e-05,1.3909667492605939e-05,0.00027771967168851487,0.0001458146695905604,4.7380473561634675,0.0,3
0.0006812920690579609,0.02,-28.65639629806468,PS,0.0009847776928480674,0.0008171385641715379,0.00011840024403412619,3.118915990661498e-05,4.0922075713252656e-05,0.00019587841235499973,0.00011840024403412619,6.408923689874858,0.0,3
0.0006812920690579609,0.02,-28.65639629806468,PS+GS,0.0009847777489101854,0.0008155088018853007,0.00012003005957937536,3.1188191367984095e-05,4.2554297241840055e-05,0.00019750582191691067,0.00012003005957937536,6.408923689874858,0.0,3
0.001,0.02,-26.989743472591236,GS,0.0014468791266128989,0.0017090679442446355,-0.0003345327739623816,8.255938136441972e-06,-0.0003550416612327407,-0.0003140238866920225,0.0,8.0,1.0,3
0.001,0.02,-26.989743472591236,MB-fixed,0.0014439999480314232,0.0011931101424291768,0.00017868980820067524,4.536729366534205e-05,6.59912031279438e-05,0.00029138841327340666,0.00017868980820067524,6.408923689874861,0.0,3
0.001,0.02,-26.989743472591236,MB-global-opt,0.001423528145735098,0.0011805906681958689,0.00017176107025247407,0.00011212340351172582,-0.00010676890477735181,0.00045029104528229995,0.00017176107025247407,4.7380473561634675,0.0,3
0.001,0.02,-26.989743472591236,PS,0.0014439999480320154,0.0011931101424291768,0.00017868980820123773,4.536729366609523e-05,6.599120312663529e-05,0.00029138841327584015,0.00017868980820123773,6.408923689874858,0.0,3
0.001,0.02,-26.989743472591236,PS+GS,0.0014440010054806625,0.001190800107433887,0.0001810008477727423,4.536512421375077e-05,6.830763191652248e-05,0.00029369406362896207,0.0001810008477727423,6.408923689874858,0.0,3
0.0014677992676220691,0.02,-25.32309712193794,GS,0.002110207730452155,0.002469751705241885,-0.0004650543613123374,1.8992818325653548e-05,-0.0005122351375669315,-0.0004178735850577434,0.0,8.0,1.0,3
0.0014677992676220691,0.02,-25.32309712193794,MB-fixed,0.002060164390728462,0.0017418331411163113,0.00021532303007572754,9.768577324613545e-05,-2.7341883143481828e-05,0.00045798794329493693,0.00021532303007572754,6.408923689874861,0.0,3
0.0014677992676220691,0.02,-25.32309712193794,MB-global-opt,0.0020000911124743817,0.0017241073687348507,0.00017597918811581184,0.00020054786685029348,-0.00032220933093191236,0.000674167707163536,0.00017597918811581184,4.7380473561634675,0.0,3
0.0014677992676220691,0.02,-25.32309712193794,PS,0.0020601643907302383,0.0017418331411160892,0.00021532303007763712,9.768577324686214e-05,-2.734188314337742e-05,0.0004579879432986516,0.00021532303007763712,6.408923689874858,0.0,3
0.0014677992676220691,0.02,-25.32309712193794,PS+GS,0.002060163053331602,0.0017385628144226395,0.00021859208624238247,9.768953390463625e-05,-2.4082168970429612e-05,0.0004612663414551945,0.00021859208624238247,6.408923689874858,0.0,3
0.002154434690031882,0.02,-23.656460274928715,GS,0.0031162001471048604,0.0035678099919822515,-0.0006074198522326344,7.217308728216528e-05,-0.0007867077401214875,-0.0004281319643437813,0.0,8.0,1.0,3
0.002154434690031882,0.02,-23.656460274928715,MB-fixed,0.003074288628538646,0.0025424397904576512,0.0003781344066540626,0.00016484139713159003,-3.135432441305836e-05,0.0007876231377211835,0.0003781344066540626,6.408923689874861,0.0,3
0.002154434690031882,0.02,-23.656460274928715,MB-global-opt,0.0030799830627742017,0.002517374101760561,0.0004086098078749303,0.00019677419325013894,-8.020438627092953e-05,0.0008974240020207902,0.0004086098078749303,4.7380473561634675,0.0,3
0.002154434690031882,0.02,-23.656460274928715,PS,0.0030742886285389424,0.0025424397904576512,0.00037813440665434374,0.00016484139713112,-3.1354324411609594e-05,0.0007876231377202971,0.00037813440665434374,6.408923689874858,0.0,3
0.002154434690031882,0.02,-23.656460274928715,PS+GS,0.003074287386806892,0.0025378158149493846,0.0003827572025171624,0.00016484196234270215,-2.673293261219728e-05,0.0007922473376465221,0.0003827572025171624,6.408923689874858,0.0,3
0.0031622776601683794,0.02,-21.989837377162566,GS,0.004443295925960378,0.005152050756247917,-0.000930919626585558,3.1052069529226066e-05,-0.0010080572435300459,-0.00085378200964107,0.0,8.0,1.0,3
0.0031622776601683794,0.02,-21.989837377162566,MB-fixed,0.004565079275240969,0.003710042091185306,0.0006267832202936141,0.00019672425580923716,0.00013809307762792508,0.001115473362959303,0.0006267832202936141,6.408923689874861,0.0,3
0.0031622776601683794,0.02,-21.989837377162566,MB-global-opt,0.0048143200288670585,0.0036746435145840195,0.0008989605128396858,0.00035584839088303614,1.4984105392417887e-05,0.0017829369202869538,0.0008989605128396858,4.7380473561634675,0.0,3
0.0031622776601683794,0.02,-21.989837377162566,PS,0.004565079275241561,0.003710042091185306,0.0006267832202941764,0.00019672425580957796,0.0001380930776276408,0.001115473362960712,0.0006267832202941764,6.408923689874858,0.0,3
0.0031622776601683794,0.02,-21.989837377162566,PS+GS,0.004565082664279352,0.0037035127769722287,0.0006333157540931554,0.0001967250130088868,0.00014462373043926146,0.0011220077777470494,0.0006333157540931554,6.408923689874858,0.0,3
0.004641588833612777,0.02,-20.323234953657142,GS,0.006692408741261424,0.007436233291379102,-0.0010784449871807493,0.00016974631148484708,-0.0015001182009655506,-0.000656771773395948,0.0,8.0,1.0,3
0.004641588833612777,0.02,-20.323234953657142,MB-fixed,0.00665661929476169,0.005411786454499357,0.0009120018755242482,0.00012204103308624951,0.000608835142857483,0.0012151686081910136,0.0009120018755242482,6.408923689874861,0.0,3
0.004641588833612777,0.02,-20.323234953657142,MB-global-opt,0.006547367988044783,0.0053618629605178825,0.0008581366281246611,0.00021018896502291703,0.0003359982935239324,0.0013802749627253898,0.0008581366281246611,4.7380473561634675,0.0,3
0.004641588833612777,0.02,-20.323234953657142,PS,0.006656619294762874,0.005411786454499357,0.0009120018755253735,0.00012204103308547321,0.0006088351428605367,0.0012151686081902104,0.0009120018755253735,6.408923689874858,0.0,3
0.004641588833612777,0.02,-20.323234953657142,PS+GS,0.0066566118884553065,0.0054025792436174225,0.0009212020504151186,0.00012204155178446588,0.000618034029230553,0.001224370071599684,0.0009212020504151186,6.408923689874858,0.0,3
0.006812920690579608,0.02,-18.656662581334388,GS,0.009706934589582161,0.010726749791385659,-0.0015051619312826062,0.00015921752375147125,-0.0019006801864002384,-0.001109643676164974,0.0,8.0,1.0,3
0.006812920690579608,0.02,-18.656662581334388,MB-fixed,0.009561002951540646,0.007889721055811316,0.0011932317481522972,0.00032865262748456666,0.00037681336216216943,0.002009650134142425,0.0011932317481522972,6.408923689874861,0.0,3
0.006812920690579608,0.02,-18.656662581334388,MB-global-opt,0.009459145266869307,0.007819409341077943,0.0011667786624478978,0.0006922248066590196,-0.0005528030847615441,0.0028863604096573394,0.0011667786624478978,4.7380473561634675,0.0,3
0.006812920690579608,0.02,-18.656662581334388,PS,0.009561002951542422,0.007889721055811316,0.001193231748153985,0.0003286526274852142,0.0003768133621622488,0.0020096501341457214,0.001193231748153985,6.408923689874858,0.0,3
0.006812920690579608,0.02,-18.656662581334388,PS+GS,0.009561013290272887,0.007876755623174914,0.0012062070025843283,0.0003286576485157815,0.00038977614366120803,0.0020226378615074486,0.0012062070025843283,6.408923689874858,0.0,3
0.01,0.02,-16.990134316128817,GS,0.014186713508988666,0.015461383450845911,-0.0019840056173066802,0.00039596817012279526,-0.0029676450813492967,-0.001000366153264064,0.0,8.0,1.0,3
0.01,0.02,-16.990134316128817,MB-fixed,0.013789907933816478,0.01149295608381884,0.0016074564533068135,0.00041698381630576664,0.0005716112300449229,0.002643301676568704,0.0016074564533068135,6.408923689874861,0.0,3
0.01,0.02,-16.990134316128817,MB-global-opt,0.013429186448937536,0.011394064322962638,0.00136366280352802,0.0003283240906620346,0.0005480605482484327,0.0021792650588076073,0.00136366280352802,4.7380473561634675,0.0,3
0.01,0.02,-16.990134316128817,PS,0.013789907933817958,0.01149295608381884,0.0016074564533082192,0.0004169838163069775,0.0005716112300433208,0.0026433016765731177,0.0016074564533082192,6.408923689874858,0.0,3
0.01,0.02,-16.990134316128817,PS+GS,0.013789924364494036,0.011474723434459877,0.0016257047118094572,0.00041697956177583396,0.000589870057385818,0.0026615393662330965,0.0016257047118094572,6.408923689874858,0.0,3
0.01467799267622069,0.02,-15.323670787037615,GS,0.02094905617390334,0.02226275238723563,-0.0023611490220274574,0.00015130321208828946,-0.0027370070370802777,-0.001985291006974637,0.0,8.0,1.0,3
0.01467799267622069,0.02,-15.323670787037615,MB-fixed,0.020508898539303228,0.0167220011953495,0.0027614524169885662,7.873120107884437e-05,0.0025658732712996344,0.002957031562677498,0.0027614524169885662,6.408923689874861,0.0,3
0.01467799267622069,0.02,-15.323670787037615,MB-global-opt,0.020550886248323092,0.016583091045000886,0.002940250890906051,0.0004093012581698874,0.0019234902000319757,0.003957011581780126,0.002940250890906051,4.7380473561634675,0.0,3
0.01467799267622069,0.02,-15.323670787037615,PS,0.020508898539304415,0.0167220011953495,0.0027614524169896917,7.873120107805098e-05,0.0025658732713027305,0.002957031562676653,0.0027614524169896917,6.408923689874858,0.0,3
0.01467799267622069,0.02,-15.323670787037615,PS+GS,0.0205089168607054,0.016696394868869202,0.0027870761488009294,7.880370027746606e-05,0.0025913169051186317,0.002982835392483227,0.0027870761488009294,6.408923689874858,0.0,3
0.021544346900318822,0.02,-13.657302268348012,GS,0.03077804355493215,0.03201023103026435,-0.0027710896530788037,3.251967283060387e-05,-0.0028518729987300883,-0.002690306307427519,0.0,8.0,1.0,3
0.021544346900318822,0.02,-13.657302268348012,MB-fixed,0.0321048896992305,0.0242879432083567,0.00621170200591227,0.0006326964493365741,0.004639996896044231,0.007783407115780309,0.00621170200591227,6.408923689874861,0.0,3
0.021544346900318822,0.02,-13.657302268348012,MB-global-opt,0.03341049468196763,0.024093038619092955,0.007646931328776287,0.001635775585148756,0.003583439509798155,0.011710423147754417,0.007646931328776287,4.7380473561634675,0.0,3
0.021544346900318822,0.02,-13.657302268348012,PS,0.032104889699232864,0.02428794320835559,0.0062117020059156295,0.0006326964493369479,0.004639996896046662,0.007783407115784597,0.0062117020059156295,6.408923689874858,0.0,3
0.021544346900318822,0.02,-13.657302268348012,PS+GS,0.0321049095275144,0.024252021975610605,0.006247642075528072,0.0006327169387359047,0.004675886067170466,0.007819398083885678,0.006247642075528072,6.408923689874858,0.0,3
0.03162277660168379,0.02,-11.991073185996772,GS,0.04475162241432488,0.04593290154897933,-0.0034188602553706974,0.0007808346037659938,-0.005358560941201391,-0.0014791595695400033,0.0,8.0,1.0,3
0.03162277660168379,0.02,-11.991073185996772,MB-fixed,0.044666652455854106,0.035187136403427965,0.007246183429633434,0.0021109950242064555,0.002002181080749862,0.012490185778517005,0.007246183429633434,6.408923689874861,0.0,3
0.03162277660168379,0.02,-11.991073185996772,MB-global-opt,0.04520077782304218,0.034913885105036124,0.008026853826853942,0.0026321837855153344,0.001488146821078588,0.014565560832629295,0.008026853826853942,4.7380473561634675,0.0,3
0.03162277660168379,0.02,-11.991073185996772,PS,0.044666652455854695,0.035187136403427965,0.007246183429633998,0.002110995024206063,0.0020021810807514017,0.012490185778516596,0.007246183429633998,6.408923689874858,0.0,3
0.03162277660168379,0.02,-11.991073185996772,PS+GS,0.04466670679316417,0.03513678654553276,0.007296584907973194,0.0021109752215266245,0.0020526317516733833,0.012540538064273004,0.007296584907973194,6.408923689874858,0.0,3
0.046415888336127774,0.02,-10.325048725426392,GS,0.06480788358744001,0.06572131640731649,-0.004153826999248475,0.0008054778857936006,-0.0061547449913044875,-0.0021529090071924625,0.0,8.0,1.0,3
0.046415888336127774,0.02,-10.325048725426392,MB-fixed,0.06560499374507038,0.050785808330510385,0.011538935727306467,0.000294733646407511,0.010806776761352955,0.012271094693259979,0.011538935727306467,6.408923689874861,0.0,3
0.046415888336127774,0.02,-10.325048725426392,MB-global-opt,0.06677969271522481,0.05040281106382927,0.013037897015634297,0.0023773101320093584,0.007132331264256878,0.018943462767011716,0.013037897015634297,4.7380473561634675,0.0,3
0.046415888336127774,0.02,-10.325048725426392,PS,0.06560499374507274,0.050785808330510385,0.01153893572730872,0.000294733646407386,0.01080677676135552,0.012271094693261922,0.01153893572730872,6.408923689874858,0.0,3
0.046415888336127774,0.02,-10.325048725426392,PS+GS,0.06560482494339788,0.05071525330427917,0.011609330391948815,0.00029465657728925873,0.010877362876298362,0.012341297907599268,0.011609330391948815,6.408923689874858,0.0,3
0.06812920690579609,0.02,-8.659324516437765,GS,0.09408300456663661,0.0936432448388762,-0.0042643905005714244,0.002014593950150605,-0.00926891930594259,0.0007401383047997406,0.0,8.0,1.0,3
0.06812920690579609,0.02,-8.659324516437765,MB-fixed,0.09441860106329585,0.07289319356920809,0.016804477440922953,0.0014544238038240453,0.01319148842102105,0.020417466460824853,0.016804477440922953,6.408923689874861,0.0,3
0.06812920690579609,0.02,-8.659324516437765,MB-global-opt,0.09840233460490684,0.07235600233576056,0.02112621553890093,0.0029080210885249693,0.013902290686420331,0.02835014039138153,0.02112621553890093,4.7380473561634675,0.0,3
0.06812920690579609,0.02,-8.659324516437765,PS,0.09441860106329762,0.07289319356920809,0.016804477440924642,0.001454423803824049,0.013191488421022732,0.020417466460826553,0.016804477440924642,6.408923689874858,0.0,3
0.06812920690579609,0.02,-8.659324516437765,PS+GS,0.09441847142944966,0.07279425970991293,0.016903288148064244,0.0014540151768091343,0.01329131421394011,0.020515262082188377,0.016903288148064244,6.408923689874858,0.0,3
0.1,0.02,-6.994040818153374,GS,0.13789714878565343,0.13261984031744944,-0.0016175489710786861,0.0006184420903296685,-0.0031538442901812816,-8.125365197609062e-05,0.0,8.0,1.0,3
0.1,0.02,-6.994040818153374,MB-fixed,0.1380950574180216,0.10376585183388465,0.027424452713235865,0.001064453897620964,0.024780202643768772,0.030068702782702957,0.027424452713235865,6.408923689874861,0.0,3
0.1,0.02,-6.994040818153374,MB-global-opt,0.14099101144507595,0.10301069304828747,0.03093076782453467,0.005373724547276851,0.0175816960242512,0.04427983962481814,0.03093076782453467,4.7380473561634675,0.0,3
0.1,0.02,-6.994040818153374,PS,0.13809505741802397,0.10376585183388465,0.027424452713238113,0.001064453897620631,0.024780202643771846,0.03006870278270438,0.027424452713238113,6.408923689874858,0.0,3
0.1,0.02,-6.994040818153374,PS+GS,0.1380951454952631,0.10362681716458644,0.027563571055913505,0.0010643865236666264,0.02491948835262717,0.03020765375919984,0.027563571055913505,6.408923689874858,0.0,3
1e-05,0.0225,-46.98970053194145,GS,1.4280269475364094e-05,2.0757807661642147e-05,-7.191551660046259e-06,9.546787796827164e-08,-7.4287070159650825e-06,-6.954396304127436e-06,0.0,8.0,1.0,3
1e-05,0.0225,-46.98970053194145,MB-fixed,1.422461892127321e-05,1.2960598787969957e-05,5.527891872395916e-07,2.831672234567753e-07,-1.506371912722994e-07,1.2562155657514825e-06,5.527891872395916e-07,6.408923689874861,0.0,3
1e-05,0.0225,-46.98970053194145,MB-global-opt,1.4537887177349754e-05,1.2772873908994953e-05,1.0381189094873132e-06,9.849155830456953e-07,-1.4085470332167424e-06,3.484784852191369e-06,1.0381189094873132e-06,4.7380473561634675,0.0,3
1e-05,0.0225,-46.98970053194145,PS,1.4224618922753507e-05,1.2960598787969957e-05,5.527891886458741e-07,2.831672240144176e-07,-1.506371912512772e-07,1.2562155685430255e-06,5.527891886458741e-07,6.408923689874858,0.0,3
1e-05,0.0225,-46.98970053194145,PS+GS,1.4224596648719038e-05,1.292596790181122e-05,5.873989144718662e-07,2.831730973642871e-07,-1.1604205563519002e-07,1.2908398845789225e-06,5.873989144718662e-07,6.408923689874858,0.0,3
1.4677992676220705e-05,0.0225,-45.32303409383272,GS,2.11875909090035e-05,3.0063639699484668e-05,-9.935428335931344e-06,2.8222740292314294e-07,-1.0636520070813391e-05,-9.234336601049296e-06,0.0,8.0,1.0,3
1.4677992676220705e-05,0.0225,-45.32303409383272,MB-fixed,2.1096598796788157e-05,1.8924645293294518e-05,1.117123563654232e-06,1.1840515129703407e-06,-1.824223452333976e-06,4.05847057964244e-06,1.1642649286140265e-06,6.408923689874861,0.3333333333333333,3
1.4677992676220705e-05,0.0225,-45.32303409383272,MB-global-opt,2.178302765247035e-05,1.8656029455943468e-05,2.0378468139033616e-06,9.100410381587223e-07,-2.2282044819912672e-07,4.29851407600585e-06,2.0378468139033616e-06,4.7380473561634675,0.0,3
1.4677992676220705e-05,0.0225,-45.32303409383272,PS,2.1096598798860573e-05,1.8924645293294518e-05,1.1171235656230257e-06,1.1840515121922402e-06,-1.824223448432274e-06,4.0584705796783255e-06,1.164264929739051e-06,6.408923689874858,0.3333333333333333,3
1.4677992676220705e-05,0.0225,-45.32303409383272,PS+GS,2.109662677411232e-05,1.88750943665994e-05,1.1667010688073025e-06,1.1840171233901326e-06,-1.7745605187278205e-06,4.107962656342425e-06,1.1973048961018872e-06,6.408923689874858,0.3333333333333333,3
2.1544346900318823e-05,0.0225,-43.656367762643214,GS,3.1002110632745904e-05,4.3533412151131046e-05,-1.408140705002244e-05,5.641331668217691e-07,-1.548279152415617e-05,-1.268002257588871e-05,0.0,8.0,1.0,3
2.1544346900318823e-05,0.0225,-43.656367762643214,MB-fixed,3.118377297302762e-05,2.763235890190785e-05,1.9922254224683883e-06,5.013802023542384e-07,7.467279538906478e-07,3.237722891046129e-06,1.9922254224683883e-06,6.408923689874861,0.0,3
2.1544346900318823e-05,0.0225,-43.656367762643214,MB-global-opt,3.11283731416386e-05,2.7248251255329592e-05,2.3237032292270726e-06,1.878782587438802e-06,-2.34345144835168e-06,6.9908579068058255e-06,2.3237032292270726e-06,4.7380473561634675,0.0,3
2.1544346900318823e-05,0.0225,-43.656367762643214,PS,3.118377297450792e-05,2.763235890190785e-05,1.992225423874671e-06,5.013802011508576e-07,7.467279582862941e-07,3.2377228894630478e-06,1.992225423874671e-06,6.408923689874858,0.0,3
2.1544346900318823e-05,0.0225,-43.656367762643214,PS+GS,3.1183768515260134e-05,2.7561507187190415e-05,2.0630729023067085e-06,5.014015549212317e-07,8.17522391012058e-07,3.3086234136013588e-06,2.0630729023067085e-06,6.408923689874858,0.0,3
3.1622776601683795e-05,0.0225,-41.989701588389615,GS,4.58036953538965e-05,6.302642048150453e-05,-1.9512909895302857e-05,3.9377788425941816e-07,-2.049110838763281e-05,-1.8534711402972903e-05,0.0,8.0,1.0,3
3.1622776601683795e-05,0.0225,-41.989701588389615,MB-fixed,4.505807061505607e-05,4.034551678788745e-05,2.459650296415815e-06,6.610247092316436e-07,8.175738878350418e-07,4.101726704996588e-06,2.459650296415815e-06,6.408923689874861,0.0,3
3.1622776601683795e-05,0.0225,-41.989701588389615,MB-global-opt,4.4069409085227086e-05,3.9796645442180534e-05,2.069293188785197e-06,2.600105698938552e-06,-4.389727432404967e-06,8.52831380997536e-06,2.375307740720698e-06,4.7380473561634675,0.3333333333333333,3
3.1622776601683795e-05,0.0225,-41.989701588389615,PS,4.505807061653636e-05,4.034551678788745e-05,2.459650297822095e-06,6.610247087801066e-07,8.175738903630016e-07,4.1017267052811885e-06,2.459650297822095e-06,6.408923689874858,0.0,3
3.1622776601683795e-05,0.0225,-41.989701588389615,PS+GS,4.505813593169705e-05,4.0244278689094415e-05,2.560950446017783e-06,6.610203580443223e-07,9.188848463855257e-07,4.203016045650041e-06,2.560950446017783e-06,6.408923689874858,0.0,3
4.641588833612782e-05,0.0225,-40.323035644486396,GS,6.785530162911613e-05,9.123025898771786e-05,-2.6767722440057545e-05,9.957952606492878e-07,-2.9241415000188037e-05,-2.4294029879927052e-05,0.0,8.0,1.0,3
4.641588833612782e-05,0.0225,-40.323035644486396,MB-fixed,6.752598976156321e-05,5.8905947377674295e-05,5.243742895810753e-06,1.3620296281855643e-06,1.860273731955642e-06,8.627212059665865e-06,5.243742895810753e-06,6.408923689874861,0.0,3
4.641588833612782e-05,0.0225,-40.323035644486396,MB-global-opt,6.830258344188896e-05,5.812221466205969e-05,6.76523960773482e-06,3.192746114065638e-06,-1.165981418161666e-06,1.4696460633631305e-05,6.76523960773482e-06,4.7380473561634675,0.0,3
4.641588833612782e-05,0.0225,-40.323035644486396,PS,6.752598976274744e-05,5.8905947377674295e-05,5.243742896935776e-06,1.3620296278332344e-06,1.8602737339559005e-06,8.627212059915652e-06,5.243742896935776e-06,6.408923689874858,0.0,3
4.641588833612782e-05,0.0225,-40.323035644486396,PS+GS,6.75260451306059e-05,5.8761398056716985e-05,5.388344817358613e-06,1.3620070030647353e-06,2.0049318574193854e-06,8.771757777297841e-06,5.388344817358613e-06,6.408923689874858,0.0,3
6.812920690579608e-05,0.0225,-38.65637003869117,GS,9.773627228012079e-05,0.00013202885327556757,-3.9179394609452826e-05,2.817851909107283e-06,-4.617932680290714e-05,-3.217946241599851e-05,0.0,8.0,1.0,3
6.812920690579608e-05,0.0225,-38.65637003869117,MB-fixed,9.647969447978966e-05,8.600204247577459e-05,5.653667280025582e-06,4.056597859946688e-06,-4.423480445148792e-06,1.5730815005199955e-05,5.653667280025582e-06,6.408923689874861,0.0,3
6.812920690579608e-05,0.0225,-38.65637003869117,MB-global-opt,9.813203075352088e-05,8.488382191540467e-05,8.341607300440163e-06,8.034606037253113e-06,-1.1617460555509832e-05,2.8300675156390156e-05,8.341607300440163e-06,4.7380473561634675,0.0,3
6.812920690579608e-05,0.0225,-38.65637003869117,PS,9.647969448156601e-05,8.600204247577459e-05,5.6536672817131196e-06,4.056597859946685e-06,-4.423480443461244e-06,1.5730815006887482e-05,5.6536672817131196e-06,6.408923689874858,0.0,3
6.812920690579608e-05,0.0225,-38.65637003869117,PS+GS,9.64797476378602e-05,8.57958139335313e-05,5.859946322435872e-06,4.056664231939691e-06,-4.21736627990932e-06,1.5937258924781064e-05,5.859946322435872e-06,6.408923689874858,0.0,3
0.0001,0.0225,-36.98970492917036,GS,0.000144566849079375,0.00019103351137750302,-5.3695004752096774e-05,2.4676374457977065e-06,-5.9824955990054156e-05,-4.756505351413939e-05,0.0,8.0,1.0,3
0.0001,0.0225,-36.98970492917036,MB-fixed,0.00014815802505404227,0.00012555761110188968,1.5192512699450458e-05,4.021590674544642e-06,5.202327643714467e-06,2.518269775518645e-05,1.5192512699450458e-05,6.408923689874861,0.0,3
0.0001,0.0225,-36.98970492917036,MB-global-opt,0.00014827716391607737,0.0001239634583092286,1.6899847411044878e-05,3.7742528740056243e-06,7.524083513161628e-06,2.6275611308928128e-05,1.6899847411044878e-05,4.7380473561634675,0.0,3
0.0001,0.0225,-36.98970492917036,PS,0.00014815802505552256,0.00012555761110188968,1.519251270085675e-05,4.021590674169044e-06,5.202327646053796e-06,2.5182697755659706e-05,1.519251270085675e-05,6.408923689874858,0.0,3
0.0001,0.0225,-36.98970492917036,PS+GS,0.00014815817057171424,0.00012526362765896693,1.5486634384161607e-05,4.021682872074377e-06,5.496220297065073e-06,2.5477048471258142e-05,1.5486634384161607e-05,6.408923689874858,0.0,3
0.0001467799267622069,0.0225,-35.32304054808023,GS,0.00021244931741470907,0.0002763489146249132,-7.452206308093958e-05,5.552349804154079e-06,-8.831486461809736e-05,-6.07292615437818e-05,0.0,8.0,1.0,3
0.0001467799267622069,0.0225,-35.32304054808023,MB-fixed,0.0002115902909416434,0.00018329913351688987,1.7711642877671335e-05,6.165086026291889e-06,2.396720183764457e-06,3.302656557157821e-05,1.7711642877671335e-05,6.408923689874861,0.0,3
0.0001467799267622069,0.0225,-35.32304054808023,MB-global-opt,0.00021859276469952485,0.00018102845926870614,2.6634667195842465e-05,8.974312070433266e-06,4.341240144939271e-06,4.892809424674566e-05,2.6634667195842465e-05,4.7380473561634675,0.0,3
0.0001467799267622069,0.0225,-35.32304054808023,PS,0.00021159029094312368,0.00018329913351688987,1.7711642879077627e-05,6.165086025702182e-06,2.3967201866356614e-06,3.3026565571519595e-05,1.7711642879077627e-05,6.408923689874858,0.0,3
0.0001467799267622069,0.0225,-35.32304054808023,PS+GS,0.00021159021676690296,0.00018288041934932942,1.8130286579228394e-05,6.164691847283282e-06,2.816343080261962e-06,3.3444230078194825e-05,1.8130286579228394e-05,6.408923689874858,0.0,3
0.00021544346900318823,0.0225,-33.65637723617895,GS,0.0003018188645095658,0.0003996775117149909,-0.0001129495904309034,4.185044231590973e-06,-0.00012334581663181286,-0.00010255336422999391,0.0,8.0,1.0,3
0.00021544346900318823,0.0225,-33.65637723617895,MB-fixed,0.000310687604453778,0.0002675830540883606,2.75701701427285e-05,2.005161481047715e-06,2.2589072889570454e-05,3.255126739588655e-05,2.75701701427285e-05,6.408923689874861,0.0,3
0.00021544346900318823,0.0225,-33.65637723617895,MB-global-opt,0.0003204406818306064,0.00026435173336536444,4.006691437371163e-05,3.9982588593105e-06,3.0134688760081643e-05,4.999913998734161e-05,4.006691437371163e-05,4.7380473561634675,0.0,3
0.00021544346900318823,0.0225,-33.65637723617895,PS,0.0003106876044552583,0.0002675830540883606,2.7570170144134782e-05,2.0051614812081467e-06,2.25890728905782e-05,3.2551267397691365e-05,2.7570170144134782e-05,6.408923689874858,0.0,3
0.00021544346900318823,0.0225,-33.65637723617895,PS+GS,0.0003106882353766475,0.0002669872398457507,2.8166583762064446e-05,2.0053135646255903e-06,2.3185108712355266e-05,3.314805881177362e-05,2.8166583762064446e-05,6.408923689874858,0.0,3
0.00031622776601683794,0.0225,-31.98971549362976,GS,0.0004531154770980687,0.0005779110078010241,-0.00014745130455785888,1.1074369377379606e-05,-0.00017496156316171966,-0.0001199410459539981,0.0,8.0,1.0,3
0.00031622776601683794,0.0225,-31.98971549362976,MB-fixed,0.00044770754417111647,0.00039060188659889583,3.472028036366479e-05,1.5607120598017034e-05,-4.04995648522423e-06,7.349051721255382e-05,3.472028036366479e-05,6.408923689874861,0.0,3
0.00031622776601683794,0.0225,-31.98971549362976,MB-global-opt,0.0004543805764942732,0.0003860079815660722,4.5653566103487355e-05,3.2152232236120254e-05,-3.421700651022382e-05,0.00012552413871719852,4.5653566103487355e-05,4.7380473561634675,0.0,3
0.00031622776601683794,0.0225,-31.98971549362976,PS,0.0004477075441728928,0.00039060188659889583,3.472028036535234e-05,1.5607120597570062e-05,-4.049956482426338e-06,7.349051721313102e-05,3.472028036535234e-05,6.408923689874858,0.0,3
0.00031622776601683794,0.0225,-31.98971549362976,PS+GS,0.00044770821662609706,0.00038975489571679844,3.5567910077993746e-05,1.5607630402186475e-05,-3.2035931946581783e-06,7.433941335064567e-05,3.5567910077993746e-05,6.408923689874858,0.0,3
0.00046415888336127773,0.0225,-30.32305605456901,GS,0.0006607056966438188,0.0008354223531652494,-0.00020775194135362143,3.445543527148242e-06,-0.00021631114596678156,-0.0001991927367404613,0.0,8.0,1.0,3
0.00046415888336127773,0.0225,-30.32305605456901,MB-fixed,0.0006530499416443902,0.0005701416798049586,5.025576475721212e-05,1.2897736210853686e-05,1.8216011840019718e-05,8.229551767440452e-05,5.025576475721212e-05,6.408923689874861,0.0,3
0.00046415888336127773,0.0225,-30.32305605456901,MB-global-opt,0.0006211274233217287,0.0005636173555412238,2.6453696614418306e-05,1.6064612015363468e-05,-1.3453011917089025e-05,6.636040514592563e-05,2.6453696614418306e-05,4.7380473561634675,0.0,3
0.00046415888336127773,0.0225,-30.32305605456901,PS,0.0006530499416452784,0.0005701416798049586,5.025576475805592e-05,1.2897736210913052e-05,1.8216011840716046e-05,8.229551767539579e-05,5.025576475805592e-05,6.408923689874858,0.0,3
0.00046415888336127773,0.0225,-30.32305605456901,PS+GS,0.00065304964589874,0.0005689388730254485,5.1458290578354484e-05,1.2898746512395503e-05,1.9416027933001844e-05,8.350055322370713e-05,5.1458290578354484e-05,6.408923689874858,0.0,3
0.0006812920690579609,0.0225,-28.656399996555237,GS,0.0009860170192859858,0.0012073639392562452,-0.0002706477709345586,1.4469038479403027e-05,-0.0003065908550735649,-0.0002347046867955523,0.0,8.0,1.0,3
0.0006812920690579609,0.0225,-28.656399996555237,MB-fixed,0.0009719180663410043,0.00083214096883788,9.118119418607402e-05,4.475741945064287e-05,-2.0002399350517854e-05,0.0002023647877226659,9.118119418607402e-05,6.408923689874861,0.0,3
0.0006812920690579609,0.0225,-28.656399996555237,MB-global-opt,0.000945949956789427,0.0008228851651388425,7.576729381111305e-05,9.232666300070778e-05,-0.00015358485154616682,0.0003051194391683929,7.576729381111305e-05,4.7380473561634675,0.0,3
0.0006812920690579609,0.0225,-28.656399996555237,PS,0.0009719180663415964,0.00083214096883788,9.11811941866365e-05,4.4757419451078836e-05,-2.0002399351038366e-05,0.00020236478772431136,9.11811941866365e-05,6.408923689874858,0.0,3
0.0006812920690579609,0.0225,-28.656399996555237,PS+GS,0.0009719178067856641,0.0008304347468448547,9.288716960152612e-05,4.475691188699678e-05,-1.8295163077071392e-05,0.00020406950228012364,9.288716960152612e-05,6.408923689874858,0.0,3
0.001,0.0225,-26.989748901214575,GS,0.0014484012056750946,0.001744408763185934,-0.0003684276177945941,1.4209075064954546e-05,-0.0004037249170121015,-0.00033313031857708664,0.0,8.0,1.0,3
0.001,0.0225,-26.989748901214575,MB-fixed,0.0014642833294230921,0.001214412625342165,0.00017665653760977245,2.2954917481748294e-05,0.00011963336142395124,0.00023367971379559366,0.00017665653760977245,6.408923689874861,0.0,3
0.001,0.0225,-26.989748901214575,MB-global-opt,0.0014871617218930784,0.0012012969623518277,0.00021150667344659672,6.051627470522426e-05,6.11759132785695e-05,0.00036183743361462397,0.00021150667344659672,4.7380473561634675,0.0,3
0.001,0.0225,-26.989748901214575,PS,0.0014642833294236841,0.001214412625342165,0.00017665653761033494,2.2954917481695612e-05,0.00011963336142464459,0.00023367971379602528,0.00017665653761033494,6.408923689874858,0.0,3
0.001,0.0225,-26.989748901214575,PS+GS,0.0014642837514629765,0.0012119951063012113,0.00017907445758861637,2.295215113796263e-05,0.00012205815338171673,0.00023609076179551602,0.00017907445758861637,6.408923689874858,0.0,3
0.0014677992676220691,0.0225,-25.32310509002771,GS,0.0021027096553275135,0.0025195561044206727,-0.0005219819318595351,2.3444446050144087e-05,-0.0005802211644230724,-0.0004637426992959978,0.0,8.0,1.0,3
0.0014677992676220691,0.0225,-25.32310509002771,MB-fixed,0.002089495064461211,0.0017720482941749882,0.00021297201706316202,6.731384804036941e-05,4.575514862512154e-05,0.0003801888855012025,0.00021297201706316202,6.408923689874861,0.0,3
0.0014677992676220691,0.0225,-25.32310509002771,MB-global-opt,0.0020863063297816473,0.0017534858204042436,0.00022850519288832114,2.3326394245848322e-05,0.0001705592172637715,0.00028645116851287077,0.00022850519288832114,4.7380473561634675,0.0,3
0.0014677992676220691,0.0225,-25.32310509002771,PS,0.002089495064462691,0.0017720482941749882,0.00021297201706456845,6.731384803981565e-05,4.575514862790355e-05,0.0003801888855012334,0.00021297201706456845,6.408923689874858,0.0,3
0.0014677992676220691,0.0225,-25.32310509002771,PS+GS,0.002089494804011771,0.0017686271559178568,0.00021639290789332563,6.731343606097697e-05,4.917706286883036e-05,0.0003836087529178209,0.00021639290789332563,6.408923689874858,0.0,3
0.002154434690031882,0.0225,-23.656471970399714,GS,0.003108083666290007,0.003637881023351497,-0.0006852015403759905,3.792019142688305e-05,-0.0007794005179351349,-0.0005910025628168461,0.0,8.0,1.0,3
0.002154434690031882,0.0225,-23.656471970399714,MB-fixed,0.0030965616319438283,0.0025852472132739113,0.0003564863370727254,1.2312391993687618e-05,0.00032590065979973216,0.00038707201434571865,0.0003564863370727254,6.408923689874861,0.0,3
0.002154434690031882,0.0225,-23.656471970399714,MB-global-opt,0.0030767108052722016,0.002559009652840283,0.0003638656121683086,6.525292754178308e-05,0.00020176835406166227,0.000525962870274955,0.0003638656121683086,4.7380473561634675,0.0,3
0.002154434690031882,0.0225,-23.656471970399714,PS,0.0030965616319453084,0.0025852472132739113,0.00035648633707413167,1.2312391994673193e-05,0.00032590065979869014,0.0003870720143495732,0.00035648633707413167,6.408923689874858,0.0,3
0.002154434690031882,0.0225,-23.656471970399714,PS+GS,0.0030965588914003326,0.002580412064569826,0.0003613188822604899,1.2310071035186579e-05,0.00033073897056803644,0.00039189879395294333,0.0003613188822604899,6.408923689874858,0.0,3
0.0031622776601683794,0.0225,-21.989854543582513,GS,0.004519351640596803,0.005250460528523071,-0.0009570764699561087,5.1781394385668055e-05,-0.0010857085845149695,-0.0008284443553972479,0.0,8.0,1.0,3
0.0031622776601683794,0.0225,-21.989854543582513,MB-fixed,0.004562241925223809,0.003770616332210208,0.0005635134967524099,8.925070275917328e-05,0.00034180246023087586,0.0007852245332739439,0.0005635134967524099,6.408923689874861,0.0,3
0.0031622776601683794,0.0225,-21.989854543582513,MB-global-opt,0.004605129354283477,0.0037335800217450643,0.0006412928648242387,0.00028155200985290654,-5.8121100661799596e-05,0.001340706830310277,0.0006412928648242387,4.7380473561634675,0.0,3
0.0031622776601683794,0.0225,-21.989854543582513,PS,0.004562241925224993,0.003770616332210208,0.0005635134967535352,8.925070275931725e-05,0.0003418024602316435,0.0007852245332754269,0.0005635134967535352,6.408923689874858,0.0,3
0.0031622776601683794,0.0225,-21.989854543582513,PS+GS,0.0045622444945268015,0.003763791974676689,0.0005703402951237722,8.924676641004246e-05,0.0003486390370355605,0.0007920415532119839,0.0005703402951237722,6.408923689874858,0.0,3
0.004641588833612777,0.0225,-20.32326015011975,GS,0.006663700516403044,0.007574180881613435,-0.0012436653910305427,9.136864427867095e-05,-0.0014706376859518774,-0.001016693096109208,0.0,8.0,1.0,3
0.004641588833612777,0.0225,-20.32326015011975,MB-fixed,0.006541539566189414,0.005497393222672509,0.0007170693652074341,0.00015082385169293966,0.0003424021473902069,0.0010917365830246614,0.0007170693652074341,6.408923689874861,0.0,3
0.004641588833612777,0.0225,-20.32326015011975,MB-global-opt,0.006498591537309177,0.0054451863006714785,0.0007284756597722387,0.00020362697965942503,0.0002226382004767121,0.0012343131190677653,0.0007284756597722387,4.7380473561634675,0.0,3
0.004641588833612777,0.0225,-20.32326015011975,PS,0.006541539566190006,0.005497393222672509,0.0007170693652079965,0.0001508238516934068,0.0003424021473896089,0.0010917365830263842,0.0007170693652079965,6.408923689874858,0.0,3
0.004641588833612777,0.0225,-20.32326015011975,PS+GS,0.006541557268854821,0.005487774766498754,0.0007267046389133255,0.0001508328702643976,0.0003520150177226337,0.0011013942601040172,0.0007267046389133255,6.408923689874858,0.0,3
0.006812920690579608,0.0225,-18.656699563830596,GS,0.009651521662236226,0.010919730113949866,-0.0017507845348254524,8.928379731899683e-05,-0.001972577782791097,-0.001528991286859808,0.0,8.0,1.0,3
0.006812920690579608,0.0225,-18.656699563830596,MB-fixed,0.00958003095287078,0.008010546876153546,0.0010904825290736955,0.0003528929512836134,0.00021384784059006292,0.001967117217557328,0.0010904825290736955,6.408923689874861,0.0,3
0.006812920690579608,0.0225,-18.656699563830596,MB-global-opt,0.009701538309995428,0.00793705947637835,0.0012794019181173062,0.0003383226458688857,0.0004389618747856702,0.002119841961448942,0.0012794019181173062,4.7380473561634675,0.0,3
0.006812920690579608,0.0225,-18.656699563830596,PS,0.009580030952871374,0.008010546876153546,0.0010904825290742575,0.00035289295128322775,0.00021384784059158297,0.001967117217556932,0.0010904825290742575,6.408923689874858,0.0,3
0.006812920690579608,0.0225,-18.656699563830596,PS+GS,0.009580045969210657,0.00799700969187045,0.0011040339788796736,0.00035289166272147436,0.00022740249136184458,0.0019806654663975026,0.0011040339788796736,6.408923689874858,0.0,3
0.01,0.0225,-16.99018859717169,GS,0.014267872332093626,0.01573077500761011,-0.0021762962921211652,0.00026024282145144375,-0.002822775299092993,-0.0015298172851493375,0.0,8.0,1.0,3
0.01,0.0225,-16.99018859717169,MB-fixed,0.014120984761476644,0.011663262119112838,0.0017516734042899728,0.00037590609188021233,0.000817870905385225,0.002685475903194721,0.0017516734042899728,6.408923689874861,0.0,3
0.01,0.0225,-16.99018859717169,MB-global-opt,0.013861932659806028,0.011559965612889078,0.0016088704139266472,0.0006753737279562896,-6.88509331941891e-05,0.0032865917610474834,0.0016088704139266472,4.7380473561634675,0.0,3
0.01,0.0225,-16.99018859717169,PS,0.01412098476147842,0.011663262119112838,0.0017516734042916607,0.0003759060918809677,0.0008178709053850363,0.002685475903198285,0.0017516734042916607,6.408923689874858,0.0,3
0.01,0.0225,-16.99018859717169,PS+GS,0.014120989875775258,0.01164423673169912,0.0017707036502873745,0.0003759477032108295,0.0008367977831070057,0.0027046095174677433,0.0017707036502873745,6.408923689874858,0.0,3
0.01467799267622069,0.0225,-15.323750456753142,GS,0.02115529073445188,0.02263796936747209,-0.002540443169742801,0.0001189363101075219,-0.0028358973429736664,-0.0022449889965119353,0.0,8.0,1.0,3
0.01467799267622069,0.0225,-15.323750456753142,MB-fixed,0.021174664700922108,0.016961728601713855,0.0031542028641621477,0.0004960442849606413,0.001921960549208462,0.004386445179115833,0.0031542028641621477,6.408923689874861,0.0,3
0.01467799267622069,0.0225,-15.323750456753142,MB-global-opt,0.021044637013188112,0.016816726272624205,0.003175678889904502,0.0005815650807612927,0.0017309911409661518,0.004620366638842853,0.003175678889904502,4.7380473561634675,0.0,3
0.01467799267622069,0.0225,-15.323750456753142,PS,0.02117466470092359,0.016961728601715187,0.0031542028641622214,0.0004960442849618776,0.0019219605492054646,0.004386445179118978,0.0031542028641622214,6.408923689874858,0.0,3
0.01467799267622069,0.0225,-15.323750456753142,PS+GS,0.021174685872928478,0.016935026303046996,0.003180925276235058,0.0004960515250430993,0.0019486649759195022,0.004413185576550614,0.003180925276235058,6.408923689874858,0.0,3
0.021544346900318822,0.0225,-13.657419198968771,GS,0.030810255105363282,0.03253163893895206,-0.0032618965888569404,0.00015733556593699135,-0.003652739801595758,-0.002871053376118123,0.0,8.0,1.0,3
0.021544346900318822,0.0225,-13.657419198968771,MB-fixed,0.030942977942357786,0.024624951596200262,0.0047708774490396325,0.00046389767721391364,0.0036184917346934486,0.005923263163385817,0.0047708774490396325,6.408923689874861,0.0,3
0.021544346900318822,0.0225,-13.657419198968771,MB-global-opt,0.031148502494025305,0.024421645709827633,0.005169431659496405,0.0016440849615203838,0.0010852982053126412,0.009253565113680168,0.005169431659496405,4.7380473561634675,0.0,3
0.021544346900318822,0.0225,-13.657419198968771,PS,0.030942977942359857,0.024624951596200262,0.004770877449041602,0.0004638976772134289,0.0036184917346966227,0.005923263163386582,0.004770877449041602,6.408923689874858,0.0,3
0.021544346900318822,0.0225,-13.657419198968771,PS+GS,0.03094302110683807,0.024587519706158467,0.0048083503453377,0.00046392873280713323,0.003655887484621239,0.00596081320605416,0.0048083503453377,6.408923689874858,0.0,3
0.03162277660168379,0.0225,-11.991244798303688,GS,0.04513931716760311,0.046655777511535934,-0.003773426202312982,0.0004651813756108286,-0.004929000800257417,-0.002617851604368548,0.0,8.0,1.0,3
0.03162277660168379,0.0225,-11.991244798303688,MB-fixed,0.043834337693621585,0.035660341067912826,0.005982279741027681,0.0005747086010909564,0.004554624431808051,0.007409935050247311,0.005982279741027681,6.408923689874861,0.0,3
0.03162277660168379,0.0225,-11.991244798303688,MB-global-opt,0.043794952084803405,0.0353755384720158,0.006229666008547431,0.0014681685295689737,0.0025825331970853104,0.009876798820009552,0.006229666008547431,4.7380473561634675,0.0,3
0.03162277660168379,0.0225,-11.991244798303688,PS,0.04383433769362336,0.035660341067911716,0.0059822797410304775,0.0005747086010902774,0.004554624431812535,0.00740993505024842,0.0059822797410304775,6.408923689874858,0.0,3
0.03162277660168379,0.0225,-11.991244798303688,PS+GS,0.043834523423966765,0.03560791528276841,0.006034881970000017,0.0005746719913082995,0.004607317604522103,0.00746244633547793,0.006034881970000017,6.408923689874858,0.0,3
0.046415888336127774,0.0225,-10.325300578272705,GS,0.06646967548749405,0.06672127233850622,-0.0035750806253868755,0.0005826867941626137,-0.005022554864887189,-0.002127606385886562,0.0,8.0,1.0,3
0.046415888336127774,0.0225,-10.325300578272705,MB-fixed,0.06694952891057533,0.051449621831591186,0.012152430633455379,0.0017200244548999306,0.007879653019958606,0.01642520824695215,0.012152430633455379,6.408923689874861,0.0,3
0.046415888336127774,0.0225,-10.325300578272705,MB-global-opt,0.07006992624854351,0.0510507873511461,0.015515642584970228,0.003916252542600646,0.005787131955278408,0.02524415321466205,0.015515642584970228,4.7380473561634675,0.0,3
0.046415888336127774,0.0225,-10.325300578272705,PS,0.06694952891057711,0.051449621831591186,0.01215243063345707,0.0017200244548996027,0.007879653019961113,0.016425208246953028,0.01215243063345707,6.408923689874858,0.0,3
0.046415888336127774,0.0225,-10.325300578272705,PS+GS,0.0669495623508487,0.05137622245282358,0.012225861780482683,0.0017198581077143196,0.007953497396302925,0.01649822616466244,0.012225861780482683,6.408923689874858,0.0,3
0.06812920690579609,0.0225,-8.659694100638724,GS,0.09459263910792703,0.09502378791117971,-0.005160780758649036,0.0029211740810785817,-0.01241737945595403,0.0020958179386559583,0.0,8.0,1.0,3
0.06812920690579609,0.0225,-8.659694100638724,MB-fixed,0.09217516315029843,0.07382393304933976,0.013742471943443737,0.002072932440986877,0.008593022292941383,0.018891921593946093,0.013742471943443737,6.408923689874861,0.0,3
0.06812920690579609,0.0225,-8.659694100638724,MB-global-opt,0.09071243251042589,0.07326508193938785,0.012911728945516746,0.001682626748237378,0.008731852385472246,0.017091605505561245,0.012911728945516746,4.7380473561634675,0.0,3
0.06812920690579609,0.0225,-8.659694100638724,PS,0.0921751631503005,0.07382393304933976,0.013742471943445711,0.002072932440987029,0.008593022292942981,0.01889192159394844,0.013742471943445711,6.408923689874858,0.0,3
0.06812920690579609,0.0225,-8.659694100638724,PS+GS,0.09217525017439687,0.07372111200409659,0.013845375661580442,0.002073024881241083,0.008695696376756535,0.018995054946404348,0.013845375661580442,6.408923689874858,0.0,3
0.1,0.0225,-6.9945831100712965,GS,0.1368099262925607,0.1345232851359921,-0.00455385515805945,0.000673065315131994,-0.006225842089829237,-0.0028818682262896633,0.0,8.0,1.0,3
0.1,0.0225,-6.9945831100712965,MB-fixed,0.13928804637283707,0.10507129711943897,0.027252346934756227,0.0046063068218544535,0.01580964644683657,0.038695047422675884,0.027252346934756227,6.408923689874861,0.0,3
0.1,0.0225,-6.9945831100712965,MB-global-opt,0.13969098904454805,0.10428656320486307,0.028419876387457587,0.007041043248496319,0.010928955324019583,0.04591079745089559,0.028419876387457587,4.7380473561634675,0.0,3
0.1,0.0225,-6.9945831100712965,PS,0.13928804637283823,0.10507129711943897,0.027252346934757355,0.004606306821854872,0.01580964644683666,0.03869504742267805,0.027252346934757355,6.408923689874858,0.0,3
0.1,0.0225,-6.9945831100712965,PS+GS,0.1392870608912681,0.1049269594932476,0.027395748353457105,0.004606387477366121,0.015952847506139258,0.038838649200774955,0.027395748353457105,6.408923689874858,0.0,3
1e-05,0.025,-46.98970058622826,GS,1.4458486319313124e-05,2.1264785123209506e-05,-7.5292231198620385e-06,1.562923129243473e-07,-7.917474748449282e-06,-7.140971491274795e-06,0.0,8.0,1.0,3
1e-05,0.025,-46.98970058622826,MB-fixed,1.469478373294919e-05,1.3257368258523528e-05,7.026762877782029e-07,3.8981613832784103e-07,-2.6568068207887017e-07,1.671033257635276e-06,7.026762877782029e-07,6.408923689874861,0.0,3
1e-05,0.025,-46.98970058622826,MB-global-opt,1.4856701428792954e-05,1.3061096085786872e-05,1.0527702715664344e-06,6.895825256374053e-07,-6.602476857122545e-07,2.7657882288451232e-06,1.0527702715664344e-06,4.7380473561634675,0.0,3
1e-05,0.025,-46.98970058622826,PS,1.4694783733541309e-05,1.3257368258523528e-05,7.026762883407157e-07,3.89816139040518e-07,-2.6568068328674487e-07,1.6710332599681763e-06,7.026762883407157e-07,6.408923689874858,0.0,3
1e-05,0.025,-46.98970058622826,PS+GS,1.469477314438213e-05,1.3221193690293731e-05,7.388407968692916e-07,3.8977623587832376e-07,-2.2941704980814555e-07,1.7070986435467288e-06,7.388407968692916e-07,6.408923689874858,0.0,3
1.4677992676220705e-05,0.025,-45.32303417351485,GS,2.1157676887225325e-05,3.0787591600134334e-05,-1.0687798557270273e-05,5.276453806194831e-07,-1.1998542345681744e-05,-9.377054768858802e-06,0.0,8.0,1.0,3
1.4677992676220705e-05,0.025,-45.32303417351485,MB-fixed,2.1028191766229536e-05,1.9349693847647842e-05,6.270883302702146e-07,1.2295753786100616e-06,-2.427346237136878e-06,3.6815228976773072e-06,8.269249865744386e-07,6.408923689874861,0.3333333333333333,3
1.4677992676220705e-05,0.025,-45.32303417351485,MB-global-opt,2.0717371683372694e-05,1.9068896973006844e-05,6.126061261972153e-07,2.4922845634206127e-06,-5.578571946132412e-06,6.803784198526842e-06,1.1984714321844323e-06,4.7380473561634675,0.3333333333333333,3
1.4677992676220705e-05,0.025,-45.32303417351485,PS,2.1028191766821653e-05,1.9349693847647842e-05,6.270883308327281e-07,1.2295753786059903e-06,-2.427346236564251e-06,3.681522898229707e-06,8.26924987136952e-07,6.408923689874858,0.3333333333333333,3
1.4677992676220705e-05,0.025,-45.32303417351485,PS+GS,2.1028198084434752e-05,1.9297943162355224e-05,6.788450178577909e-07,1.2295753763385816e-06,-2.3755895439066328e-06,3.7332795796222148e-06,8.614337666597761e-07,6.408923689874858,0.3333333333333333,3
2.1544346900318823e-05,0.025,-43.65636787960057,GS,3.1273201287262964e-05,4.456639528283013e-05,-1.4856854059930316e-05,1.7951006665578307e-07,-1.5302781786143235e-05,-1.4410926333717395e-05,0.0,8.0,1.0,3
2.1544346900318823e-05,0.025,-43.65636787960057,MB-fixed,3.1915176132398436e-05,2.824076084140259e-05,2.0786564843759202e-06,2.7975071425050396e-07,1.3837171852257647e-06,2.7735957835260757e-06,2.0786564843759202e-06,6.408923689874861,0.0,3
2.1544346900318823e-05,0.025,-43.65636787960057,MB-global-opt,3.245267228339325e-05,2.7839309121757694e-05,2.9907295474658937e-06,6.568741778973365e-07,1.3589636302963466e-06,4.622495464635441e-06,2.9907295474658937e-06,4.7380473561634675,0.0,3
2.1544346900318823e-05,0.025,-43.65636787960057,PS,3.191517613358267e-05,2.824076084140259e-05,2.078656485500946e-06,2.7975071509695213e-07,1.3837171842480969e-06,2.773595786753795e-06,2.078656485500946e-06,6.408923689874858,0.0,3
2.1544346900318823e-05,0.025,-43.65636787960057,PS+GS,3.19151825379412e-05,2.8166777276128485e-05,2.15264613491565e-06,2.798002645196659e-07,1.4575837460732437e-06,2.8477085237580563e-06,2.15264613491565e-06,6.408923689874858,0.0,3
3.1622776601683795e-05,0.025,-41.98970176005952,GS,4.6272407481969445e-05,6.449913885497871e-05,-2.0540351747107745e-05,7.352459217275144e-07,-2.2366803868659063e-05,-1.8713899625556428e-05,0.0,8.0,1.0,3
3.1622776601683795e-05,0.025,-41.98970176005952,MB-fixed,4.523002308864932e-05,4.1215802233818266e-05,1.752719700398583e-06,9.37108823937674e-07,-5.751876691301448e-07,4.080627069927311e-06,1.752719700398583e-06,6.408923689874861,0.0,3
3.1622776601683795e-05,0.025,-41.98970176005952,MB-global-opt,4.492556441526574e-05,4.064225887390194e-05,2.037027320600513e-06,2.043071107705864e-06,-3.0382426657762503e-06,7.112297306977276e-06,2.037027320600513e-06,4.7380473561634675,0.0,3
3.1622776601683795e-05,0.025,-41.98970176005952,PS,4.5230023089241435e-05,4.1215802233818266e-05,1.7527197009610987e-06,9.371088243378561e-07,-5.751876695617371e-07,4.0806270714839345e-06,1.7527197009610987e-06,6.408923689874858,0.0,3
3.1622776601683795e-05,0.025,-41.98970176005952,PS+GS,4.523002691492195e-05,4.111010951191041e-05,1.858416057265444e-06,9.371484020161822e-07,-4.6958962966066377e-07,4.186421744191552e-06,1.858416057265444e-06,6.408923689874858,0.0,3
4.641588833612782e-05,0.025,-40.32303589646331,GS,6.68865687988666e-05,9.332807773243523e-05,-2.978583737351196e-05,2.9552763675104146e-07,-3.051996872082058e-05,-2.9051706026203345e-05,0.0,8.0,1.0,3
4.641588833612782e-05,0.025,-40.32303589646331,MB-fixed,6.705853956775105e-05,6.014999580927771e-05,3.5556167800857928e-06,2.713483401649894e-06,-3.185049668077743e-06,1.0296283228249328e-05,3.5556167800857928e-06,6.408923689874861,0.0,3
4.641588833612782e-05,0.025,-40.32303589646331,MB-global-opt,6.562554179634361e-05,5.933120256407243e-05,3.013062142453999e-06,6.24965047084622e-06,-1.2511930277240912e-05,1.853805456214891e-05,3.4069543206172143e-06,4.7380473561634675,0.6666666666666666,3
4.641588833612782e-05,0.025,-40.32303589646331,PS,6.70585395689353e-05,6.014999580927771e-05,3.555616781210815e-06,2.7134834026919536e-06,-3.1850496695413405e-06,1.0296283231962971e-05,3.555616781210815e-06,6.408923689874858,0.0,3
4.641588833612782e-05,0.025,-40.32303589646331,PS+GS,6.705853187612594e-05,5.999911685927728e-05,3.7064884230423665e-06,2.7134294182903814e-06,-3.034043923022e-06,1.0447020769106732e-05,3.7064884230423665e-06,6.408923689874858,0.0,3
6.812920690579608e-05,0.025,-38.65637040854261,GS,9.892480728416568e-05,0.000135014338658479,-4.103577173852162e-05,4.876162185174564e-07,-4.224707757578692e-05,-3.9824465901256326e-05,0.0,8.0,1.0,3
6.812920690579608e-05,0.025,-38.65637040854261,MB-fixed,9.730932917406676e-05,8.777910020163482e-05,4.664762513728599e-06,7.905029744979026e-07,2.7010442635518845e-06,6.628480763905313e-06,4.664762513728599e-06,6.408923689874861,0.0,3
6.812920690579608e-05,0.025,-38.65637040854261,MB-global-opt,9.680118315843107e-05,8.661111010810352e-05,5.350013892406001e-06,1.5303669073189127e-06,1.5483717451674793e-06,9.151656039644522e-06,5.350013892406001e-06,4.7380473561634675,0.0,3
6.812920690579608e-05,0.025,-38.65637040854261,PS,9.730932917584312e-05,8.777910020163482e-05,4.6647625154161366e-06,7.90502975033919e-07,2.701044263907884e-06,6.628480766924389e-06,4.6647625154161366e-06,6.408923689874858,0.0,3
6.812920690579608e-05,0.025,-38.65637040854261,PS+GS,9.730929139214102e-05,8.756388758501821e-05,4.879939237515761e-06,7.904161184165511e-07,2.9164367498062245e-06,6.843441725225298e-06,4.879939237515761e-06,6.408923689874858,0.0,3
0.0001,0.025,-36.98970547203782,GS,0.00014331336664448932,0.00019527809948338692,-5.9130401171122084e-05,1.0047926529339956e-06,-6.162644449273415e-05,-5.6634357849510014e-05,0.0,8.0,1.0,3
0.0001,0.025,-36.98970547203782,MB-fixed,0.0001456983582362644,0.00012809412657599495,1.0319313748456224e-05,3.304925500574449e-06,2.1094236780556376e-06,1.852920381885681e-05,1.0319313748456224e-05,6.408923689874861,0.0,3
0.0001,0.025,-36.98970547203782,MB-global-opt,0.0001455555999066623,0.0001264294057359283,1.1848414175400865e-05,3.386379608971974e-06,3.4361808825554945e-06,2.0260647468246236e-05,1.1848414175400865e-05,4.7380473561634675,0.0,3
0.0001,0.025,-36.98970547203782,PS,0.00014569835823804075,0.00012809412657599495,1.0319313750143757e-05,3.3049255014051676e-06,2.1094236776795516e-06,1.8529203822607963e-05,1.0319313750143757e-05,6.408923689874858,0.0,3
0.0001,0.025,-36.98970547203782,PS+GS,0.00014569810844259715,0.00012778740621532947,1.062579680513783e-05,3.3051396662405396e-06,2.4153747177295523e-06,1.8836218892546108e-05,1.062579680513783e-05,6.408923689874858,0.0,3
0.0001467799267622069,0.025,-35.32304134490025,GS,0.00021167885990921084,0.00028237731902813756,-8.128240211438728e-05,5.016450334113621e-06,-9.374395556832703e-05,-6.882084866044752e-05,0.0,8.0,1.0,3
0.0001467799267622069,0.025,-35.32304134490025,MB-fixed,0.0002200650372235676,0.00018691678739712891,2.214499796526029e-05,8.302027378720948e-06,1.521618670051415e-06,4.276837726046916e-05,2.214499796526029e-05,6.408923689874861,0.0,3
0.0001467799267622069,0.025,-35.32304134490025,MB-global-opt,0.00022718526181068435,0.00018454617827812214,3.1279820442028e-05,1.162139384111751e-05,2.4106777385627255e-06,6.014896314549327e-05,3.1279820442028e-05,4.7380473561634675,0.0,3
0.0001467799267622069,0.025,-35.32304134490025,PS,0.00022006503722475182,0.00018691678739712891,2.214499796638531e-05,8.302027377478081e-06,1.5216186742638895e-06,4.2768377258506736e-05,2.214499796638531e-05,6.408923689874858,0.0,3
0.0001467799267622069,0.025,-35.32304134490025,PS+GS,0.00022006514274478897,0.00018648003824650594,2.258184736104358e-05,8.302414809891393e-06,1.9575056334535047e-06,4.320618908863365e-05,2.258184736104358e-05,6.408923689874858,0.0,3
0.00021544346900318823,0.025,-33.65637840574983,GS,0.00031324164359158857,0.00040822986288291396,-0.00011065030147090483,2.505771679115152e-06,-0.0001168749833959536,-0.00010442561954585607,0.0,8.0,1.0,3
0.00021544346900318823,0.025,-33.65637840574983,MB-fixed,0.0003093191192515832,0.00027273831276231064,2.1114850526693374e-05,1.5205722504170232e-05,-1.665825817985847e-05,5.888795923324522e-05,2.1114850526693374e-05,6.408923689874861,0.0,3
0.00021544346900318823,0.025,-33.65637840574983,MB-global-opt,0.000299700261869873,0.00026936565634039233,1.5349592435986975e-05,2.615174368443772e-05,-4.961494027774822e-05,8.031412514972217e-05,1.749945066221354e-05,4.7380473561634675,0.3333333333333333,3
0.00021544346900318823,0.025,-33.65637840574983,PS,0.00030931911925365557,0.00027273831276231064,2.111485052866216e-05,1.5205722503230777e-05,-1.665825817555595e-05,5.888795923288027e-05,2.111485052866216e-05,6.408923689874858,0.0,3
0.00021544346900318823,0.025,-33.65637840574983,PS+GS,0.0003093187992243192,0.0002721169956718672,2.1735863591236043e-05,1.5206533320061458e-05,-1.6039259293648452e-05,5.9510986476120535e-05,2.1735863591236043e-05,6.408923689874858,0.0,3
0.00031622776601683794,0.025,-31.989717210322986,GS,0.00045343493007177216,0.000590029604917941,-0.00015926642134975747,3.2436647578918866e-06,-0.00016732413129901235,-0.00015120871140050259,0.0,8.0,1.0,3
0.00031622776601683794,0.025,-31.989717210322986,MB-fixed,0.0004507622640925746,0.00039794173169660496,3.0282419191340875e-05,6.036704561712282e-06,1.5286413735081984e-05,4.527842464759977e-05,3.0282419191340875e-05,6.408923689874861,0.0,3
0.00031622776601683794,0.025,-31.989717210322986,MB-global-opt,0.00044036074367692635,0.00039314822231384383,2.5194484179236177e-05,1.5600882695912033e-05,-1.3560256861791798e-05,6.394922522026414e-05,2.5194484179236177e-05,4.7380473561634675,0.0,3
0.00031622776601683794,0.025,-31.989717210322986,PS,0.0004507622640937588,0.00039794173169660496,3.0282419192465898e-05,6.0367045621860275e-06,1.528641373503016e-05,4.527842464990164e-05,3.0282419192465898e-05,6.408923689874858,0.0,3
0.00031622776601683794,0.025,-31.989717210322986,PS+GS,0.00045076227194436785,0.00039705872940598574,3.11654289411637e-05,6.037095058513079e-06,1.6168453437075642e-05,4.6162404445251754e-05,3.11654289411637e-05,6.408923689874858,0.0,3
0.00046415888336127773,0.025,-30.323058574325646,GS,0.0006639224543931732,0.0008525724755843456,-0.00022184614391083102,6.561956205669886e-06,-0.0002381469467839877,-0.00020554534103767435,0.0,8.0,1.0,3
0.00046415888336127773,0.025,-30.323058574325646,MB-fixed,0.0006669547355929358,0.0005805820025091002,5.3024996304188787e-05,1.742210799306953e-05,9.74608082095423e-06,9.630391178742334e-05,5.3024996304188787e-05,6.408923689874861,0.0,3
0.00046415888336127773,0.025,-30.323058574325646,MB-global-opt,0.000658288922782783,0.0005737762130906265,5.1598263553017256e-05,5.718892389713155e-05,-9.046689899250637e-05,0.00019366342609854087,5.6374203729214725e-05,4.7380473561634675,0.3333333333333333,3
0.00046415888336127773,0.025,-30.323058574325646,PS,0.0006669547355944161,0.0005805820025091002,5.3024996305595065e-05,1.7422107993556548e-05,9.746080821150693e-06,9.630391179003944e-05,5.3024996305595065e-05,6.408923689874858,0.0,3
0.00046415888336127773,0.025,-30.323058574325646,PS+GS,0.0006669547810555324,0.0005793284239237195,5.427861807903628e-05,1.7422798670099294e-05,1.099798685894547e-05,9.75592492991271e-05,5.427861807903628e-05,6.408923689874858,0.0,3
0.0006812920690579609,0.025,-28.65640369504264,GS,0.0009934628963404653,0.001231601635867996,-0.000287811884344554,6.788575713550515e-06,-0.00030467564128344824,-0.0002709481274056597,0.0,8.0,1.0,3
0.0006812920690579609,0.025,-28.65640369504264,MB-fixed,0.0009827693561274369,0.0008469766593477424,8.665422897332258e-05,3.446392328814771e-05,1.0410974394253628e-06,0.0001722673605072198,8.665422897332258e-05,6.408923689874861,0.0,3
0.0006812920690579609,0.025,-28.65640369504264,MB-global-opt,0.0009774761828872751,0.0008373246103581256,9.127776338478572e-05,6.541321453506546e-05,-7.12176696865715e-05,0.00025377319645614296,9.127776338478572e-05,4.7380473561634675,0.0,3
0.0006812920690579609,0.025,-28.65640369504264,PS,0.000982769356128621,0.0008469766593477424,8.665422897444757e-05,3.446392328821368e-05,1.041097440386481e-06,0.00017226736050850866,8.665422897444757e-05,6.408923689874858,0.0,3
0.0006812920690579609,0.025,-28.65640369504264,PS+GS,0.0009827687212246399,0.0008451989739555188,8.843131120788896e-05,3.44640211379379e-05,2.817936601637864e-06,0.00017404468581414006,8.843131120788896e-05,6.408923689874858,0.0,3
0.001,0.025,-26.989754329831136,GS,0.001429876766215384,0.0017786132079797845,-0.00042023028007516977,2.913405707672247e-05,-0.0004926032899548458,-0.0003478572701954938,0.0,8.0,1.0,3
0.001,0.025,-26.989754329831136,MB-fixed,0.0014396756585579595,0.0012354718982097168,0.0001322199774203447,3.343925478079938e-05,4.9152263567562855e-05,0.00021528769127312656,0.0001322199774203447,6.408923689874861,0.0,3
0.001,0.025,-26.989754329831136,MB-global-opt,0.0014483497787137385,0.0012217993936107785,0.00015413289616727303,0.00010475478256149861,-0.00010609240967672672,0.0004143582020112728,0.00015413289616727303,4.7380473561634675,0.0,3
0.001,0.025,-26.989754329831136,PS,0.0014396756585588477,0.0012354718982097168,0.00013221997742118844,3.343925478063298e-05,4.915226356881995e-05,0.00021528769127355694,0.00013221997742118844,6.408923689874858,0.0,3
0.001,0.025,-26.989754329831136,PS+GS,0.001439673155991213,0.0012329539717521598,0.00013473552643949267,3.34386240024477e-05,5.166937952700196e-05,0.00021780167335198338,0.00013473552643949267,6.408923689874858,0.0,3
0.0014677992676220691,0.025,-25.323113058102855,GS,0.002132401078563125,0.0025677503555083803,-0.0005419693308734117,1.1707292946621044e-05,-0.0005710518587842613,-0.000512886802962562,0.0,8.0,1.0,3
0.0014677992676220691,0.025,-25.323113058102855,MB-fixed,0.0021637543700088933,0.0018019086295504305,0.0002536580219580178,6.279156261862155e-05,9.767513327930068e-05,0.0004096409106367349,0.0002536580219580178,6.408923689874861,0.0,3
0.0014677992676220691,0.025,-25.323113058102855,MB-global-opt,0.0021585038579795914,0.001782565130447722,0.00026801353463288993,8.935370244849637e-05,4.604663269881299e-05,0.0004899804365669669,0.00026801353463288993,4.7380473561634675,0.0,3
0.0014677992676220691,0.025,-25.323113058102855,PS,0.0021637543700097814,0.0018019086295504305,0.00025365802195886173,6.279156261922501e-05,9.767513327864553e-05,0.00040964091063907794,0.00025365802195886173,6.408923689874858,0.0,3
0.0014677992676220691,0.025,-25.323113058102855,PS+GS,0.0021637577183177825,0.001798346690295105,0.0002572231421067883,6.27933794975626e-05,0.0001012357400505761,0.0004132105441630005,0.0002572231421067883,6.408923689874858,0.0,3
0.002154434690031882,0.025,-23.656483665839218,GS,0.0031169564174566844,0.003705673342117466,-0.0007445647455336159,4.2023470383737035e-05,-0.0008489568330911865,-0.0006401726579760453,0.0,8.0,1.0,3
0.002154434690031882,0.025,-23.656483665839218,MB-fixed,0.0030941008407490145,0.002627536959614485,0.0003118588390970788,7.057195943600989e-05,0.0001365483732721446,0.000487169304922013,0.0003118588390970788,6.408923689874861,0.0,3
0.002154434690031882,0.025,-23.656483665839218,MB-global-opt,0.0030345901559482393,0.0026002062065011433,0.0002826544416496841,0.0002462921732830384,-0.00032916923410407687,0.000894478117403445,0.0002826544416496841,4.7380473561634675,0.0,3
0.002154434690031882,0.025,-23.656483665839218,PS,0.003094100840750199,0.002627536959614485,0.00031185883909820377,7.05719594354181e-05,0.00013654837327473963,0.0004871693049216679,0.00031185883909820377,6.408923689874858,0.0,3
0.002154434690031882,0.025,-23.656483665839218,PS+GS,0.003094104114369204,0.0026225047798866807,0.00031689412876406323,7.057129304716627e-05,0.00014158531834078614,0.0004922029391873403,0.00031689412876406323,6.408923689874858,0.0,3
0.0031622776601683794,0.025,-21.98987170993461,GS,0.004579084221995859,0.005345649445444023,-0.0009955194345479571,5.957262190777027e-05,-0.0011435060312150593,-0.000847532837880855,0.0,8.0,1.0,3
0.0031622776601683794,0.025,-21.98987170993461,MB-fixed,0.004470821369949658,0.0038304351979292495,0.00041684510352292623,0.00014859582251113945,4.771261701902056e-05,0.0007859775900268318,0.00041684510352292623,6.408923689874861,0.0,3
0.0031622776601683794,0.025,-21.98987170993461,MB-global-opt,0.004346948344399711,0.0037918721885019657,0.00033772873867775983,0.000264744738975942,-0.00031993365139172507,0.0009953911287472446,0.00033772873867775983,4.7380473561634675,0.0,3
0.0031622776601683794,0.025,-21.98987170993461,PS,0.004470821369950843,0.0038304351979292495,0.0004168451035240512,0.0001485958225106958,4.7712617021247565e-05,0.0007859775900268548,0.0004168451035240512,6.408923689874858,0.0,3
0.0031622776601683794,0.025,-21.98987170993461,PS+GS,0.004470815174750935,0.003823335748450729,0.00042393866756265837,0.00014859211602253703,5.4815388486867996e-05,0.0007930619466384487,0.00042393866756265837,6.408923689874858,0.0,3
0.004641588833612777,0.025,-20.32328534643618,GS,0.006551692554459976,0.007707581788485962,-0.0014834738617489857,2.2512761615710783e-05,-0.0015393986618735252,-0.0014275490616244462,0.0,8.0,1.0,3
0.004641588833612777,0.025,-20.32328534643618,MB-fixed,0.006357329244840375,0.005581897562516369,0.0004575652200819863,0.0002185283819136726,-8.528937451081933e-05,0.0010004198146747918,0.0004575652200819863,6.408923689874861,0.0,3
0.004641588833612777,0.025,-20.32328534643618,MB-global-opt,0.006258074374890417,0.005527563688734416,0.00041760696741147997,0.0004705793965007337,-0.0007513770577942174,0.0015865909926171774,0.00041760696741147997,4.7380473561634675,0.0,3
0.004641588833612777,0.025,-20.32328534643618,PS,0.0063573292448427425,0.005581897562516369,0.0004575652200842362,0.0002185283819140568,-8.528937450952382e-05,0.0010004198146779963,0.0004575652200842362,6.408923689874858,0.0,3
0.004641588833612777,0.025,-20.32328534643618,PS+GS,0.006357322878074297,0.005571895967484863,0.00046756076668571833,0.00021852827241290984,-7.529355589211303e-05,0.0010104150892635496,0.00046756076668571833,6.408923689874858,0.0,3
0.006812920690579608,0.025,-18.65673654601188,GS,0.009820803422045424,0.011106300507953026,-0.0017765372570098734,0.00025283828027592657,-0.002404622364009619,-0.001148452150010128,0.0,8.0,1.0,3
0.006812920690579608,0.025,-18.65673654601188,MB-fixed,0.009959009146104888,0.008129763280010138,0.0013312954087895043,0.0002439685052381732,0.0007252440444555108,0.001937346773123498,0.0013312954087895043,6.408923689874861,0.0,3
0.006812920690579608,0.025,-18.65673654601188,MB-global-opt,0.009972898056221998,0.008053320393210939,0.001420932760199959,0.00021688862704893682,0.000882151542504619,0.0019597139778952987,0.001420932760199959,4.7380473561634675,0.0,3
0.006812920690579608,0.025,-18.65673654601188,PS,0.009959009146106665,0.008129763280010138,0.0013312954087911922,0.00024396850523716236,0.0007252440444597097,0.0019373467731226748,0.0013312954087911922,6.408923689874858,0.0,3
0.006812920690579608,0.025,-18.65673654601188,PS+GS,0.009958997117699356,0.008115693880833108,0.00134535338098128,0.00024397507980916113,0.000739285684507557,0.001951421077455003,0.00134535338098128,6.408923689874858,0.0,3
0.01,0.025,-16.990242877536136,GS,0.014409194587101956,0.015991141394622765,-0.0023024065368759086,0.00020832455418706396,-0.0028199134182091564,-0.001784899655542661,0.0,8.0,1.0,3
0.01,0.025,-16.990242877536136,MB-fixed,0.014542037626244841,0.011831217510896108,0.0019837182340364905,0.00036549148064942674,0.0010757870636430348,0.002891649404429946,0.0019837182340364905,6.408923689874861,0.0,3
0.01,0.025,-16.990242877536136,MB-global-opt,0.014787447338083126,0.01172382568563779,0.0023242492855411793,0.00041142766094181345,0.0013022063173510575,0.003346292253731301,0.0023242492855411793,4.7380473561634675,0.0,3
0.01,0.025,-16.990242877536136,PS,0.014542037626246618,0.011831217510896108,0.0019837182340381784,0.00036549148065003053,0.001075787063643223,0.0028916494044331337,0.0019837182340381784,6.408923689874858,0.0,3
0.01,0.025,-16.990242877536136,PS+GS,0.01454204512605628,0.01181145491945168,0.002003487950301785,0.00036549039949303186,0.0010955594656497022,0.002911416434953868,0.002003487950301785,6.408923689874858,0.0,3
0.01467799267622069,0.025,-15.323830125007182,GS,0.020833021261618196,0.023000494197648935,-0.003209123999111649,0.0003840656995087109,-0.004163196087039185,-0.002255051911184113,0.0,8.0,1.0,3
0.01467799267622069,0.025,-15.323830125007182,MB-fixed,0.020829018655822058,0.01719802036213136,0.002589547360899594,0.000489741859495581,0.001372961138718966,0.003806133583080222,0.002589547360899594,6.408923689874861,0.0,3
0.01467799267622069,0.025,-15.323830125007182,MB-global-opt,0.020875221095626745,0.01704736007222385,0.0027840999686215596,0.001349061545131671,-0.0005671546910706641,0.006135354628313784,0.0027840999686215596,4.7380473561634675,0.0,3
0.01467799267622069,0.025,-15.323830125007182,PS,0.020829018655823244,0.01719802036213136,0.00258954736090072,0.0004897418594960283,0.0013729611387189812,0.003806133583082459,0.00258954736090072,6.408923689874858,0.0,3
0.01467799267622069,0.025,-15.323830125007182,PS+GS,0.02082901229424028,0.017170299985610482,0.0026172616939177822,0.0004896953558735024,0.0014007909931384914,0.003833732394697073,0.0026172616939177822,6.408923689874858,0.0,3
0.021544346900318822,0.025,-13.657536126441345,GS,0.03074839530023758,0.033035216219997166,-0.0038242406847714683,0.0005712592380749895,-0.005243327301241724,-0.0024051540683012124,0.0,8.0,1.0,3
0.021544346900318822,0.025,-13.657536126441345,MB-fixed,0.03171630015079755,0.024956933249131952,0.0051735518941257224,0.0018085623582188121,0.000680833936077937,0.009666269852173507,0.0051735518941257224,6.408923689874861,0.0,3
0.021544346900318822,0.025,-13.657536126441345,MB-global-opt,0.03208746219410763,0.02474583466683833,0.005737254417563919,0.0029293041552417905,-0.0015395405035689797,0.013014049338696817,0.005737254417563919,4.7380473561634675,0.0,3
0.021544346900318822,0.025,-13.657536126441345,PS,0.031716300150799036,0.02495693324913084,0.005173551894128238,0.0018085623582192727,0.0006808339360793083,0.009666269852177167,0.005173551894128238,6.408923689874858,0.0,3
0.021544346900318822,0.025,-13.657536126441345,PS+GS,0.03171626761873636,0.024918099822236917,0.005212354415562625,0.0018085646841397942,0.0007196306796068133,0.009705078151518436,0.005212354415562625,6.408923689874858,0.0,3
0.03162277660168379,0.025,-11.99141640382958,GS,0.04455727194095349,0.04735362197623538,-0.005024213632329568,0.0005125147132067757,-0.006297370759217647,-0.0037510565054414886,0.0,8.0,1.0,3
0.03162277660168379,0.025,-11.99141640382958,MB-fixed,0.04550638347152436,0.03612617948174379,0.007104884816204346,0.0002795598290663826,0.006410419702138675,0.007799349930270017,0.007104884816204346,6.408923689874861,0.0,3
0.03162277660168379,0.025,-11.99141640382958,MB-global-opt,0.04627012971074418,0.035830677833686986,0.00812594539151998,0.0010802410489865676,0.005442477863984966,0.010809412919054994,0.00812594539151998,4.7380473561634675,0.0,3
0.03162277660168379,0.025,-11.99141640382958,PS,0.04550638347152584,0.03612617948174379,0.007104884816205752,0.00027955982906686255,0.006410419702138888,0.007799349930272616,0.007104884816205752,6.408923689874858,0.0,3
0.03162277660168379,0.025,-11.99141640382958,PS+GS,0.04550631486973492,0.03607183048681972,0.007159168639428455,0.00027954672909952173,0.0064647360674844855,0.007853601211372425,0.007159168639428455,6.408923689874858,0.0,3
0.046415888336127774,0.025,-10.3255524165146,GS,0.0647312717549043,0.06768609386265156,-0.006191385695492477,0.001671446409339322,-0.010343488754050511,-0.0020392826369344417,0.0,8.0,1.0,3
0.046415888336127774,0.025,-10.3255524165146,MB-fixed,0.06443655892878002,0.05210261527763005,0.009112115704710958,0.002054956941639783,0.004007319670023712,0.014216911739398205,0.009112115704710958,6.408923689874861,0.0,3
0.046415888336127774,0.025,-10.3255524165146,MB-global-opt,0.06274953108953311,0.05168913657640006,0.007922917958656387,0.0023310832226260086,0.0021321862161743895,0.013713649701138385,0.007922917958656387,4.7380473561634675,0.0,3
0.046415888336127774,0.025,-10.3255524165146,PS,0.0644365589287809,0.05210261527763005,0.009112115704711802,0.0020549569416401636,0.00400731967002361,0.014216911739399993,0.009112115704711802,6.408923689874858,0.0,3
0.046415888336127774,0.025,-10.3255524165146,PS+GS,0.06443638936570444,0.05202658518703096,0.009187984710388246,0.0020544721505415253,0.004084392963550488,0.014291576457226004,0.009187984710388246,6.408923689874858,0.0,3
0.06812920690579609,0.025,-8.660063653390779,GS,0.09530831232347452,0.09635497958709482,-0.005812082879794044,0.00023256352159540465,-0.006389802694159491,-0.005234363065428596,0.0,8.0,1.0,3
0.06812920690579609,0.025,-8.660063653390779,MB-fixed,0.09665783441570852,0.07473872301123574,0.017086219683687346,0.0006624570761924398,0.015440585078322237,0.018731854289052455,0.017086219683687346,6.408923689874861,0.0,3
0.06812920690579609,0.025,-8.660063653390779,MB-global-opt,0.09720810947974279,0.07415988293116405,0.0181878210745916,0.002182879022015725,0.012765248975880857,0.023610393173302345,0.0181878210745916,4.7380473561634675,0.0,3
0.06812920690579609,0.025,-8.660063653390779,PS,0.09665783441571059,0.07473872301123485,0.017086219683690205,0.0006624570761926941,0.015440585078324465,0.018731854289055945,0.017086219683690205,6.408923689874858,0.0,3
0.06812920690579609,0.025,-8.660063653390779,PS+GS,0.09665813100007863,0.07463231379044943,0.01719291065962525,0.0006620988321484052,0.015548165981799927,0.018837655337450573,0.01719291065962525,6.408923689874858,0.0,3
0.1,0.025,-6.995125334283129,GS,0.13655067950250052,0.13635725305091317,-0.006634107523537695,0.0023127161065209538,-0.012379212820247594,-0.000889002226827796,0.0,8.0,1.0,3
0.1,0.025,-6.995125334283129,MB-fixed,0.136196098877465,0.10635310574936696,0.023033188184224795,0.001137046242647417,0.020208608732895334,0.025857767635554255,0.023033188184224795,6.408923689874861,0.0,3
0.1,0.025,-6.995125334283129,MB-global-opt,0.13416925519011258,0.10554114189845243,0.021919650532154517,0.00507795178589532,0.009305319002518336,0.0345339820617907,0.021919650532154517,4.7380473561634675,0.0,3
0.1,0.025,-6.995125334283129,PS,0.1361960988774662,0.10635310574936696,0.023033188184225922,0.0011370462426468244,0.020208608732897933,0.025857767635553912,0.023033188184225922,6.408923689874858,0.0,3
0.1,0.025,-6.995125334283129,PS+GS,0.13619635917018602,0.10620388450038631,0.02318265671129041,0.0011376195881381487,0.02035665299080558,0.026008660431775243,0.02318265671129041,6.408923689874858,0.0,3
1e-05,0.0275,-46.98970064051505,GS,1.4382919270694572e-05,2.17579662382672e-05,-8.094192931107358e-06,5.337821598237524e-07,-9.420181324168652e-06,-6.768204538046065e-06,0.0,8.0,1.0,3
1e-05,0.0275,-46.98970064051505,MB-fixed,1.4530033354572444e-05,1.3551817163337532e-05,2.5171452350628845e-07,7.727353061671854e-07,-1.667866391720766e-06,2.171295438733343e-06,4.517049040438548e-07,6.408923689874861,0.3333333333333333,3
1e-05,0.0275,-46.98970064051505,MB-global-opt,1.4319650729177624e-05,1.3347475821046118e-05,2.561923716726252e-07,8.392014236693551e-07,-1.8284995325931517e-06,2.340884275938402e-06,4.831739158254555e-07,4.7380473561634675,0.3333333333333333,3
1e-05,0.0275,-46.98970064051505,PS,1.453003335605274e-05,1.3551817163337532e-05,2.517145249125715e-07,7.727353068837758e-07,-1.6678663920945926e-06,2.1712954419197356e-06,4.5170490516888117e-07,6.408923689874858,0.3333333333333333,3
1e-05,0.0275,-46.98970064051505,PS+GS,1.453002276156449e-05,1.3514185112084576e-05,2.893365114016898e-07,7.72737926184563e-07,-1.630250912309338e-06,2.2089239351127175e-06,4.7678549504048774e-07,6.408923689874858,0.3333333333333333,3
1.4677992676220705e-05,0.0275,-45.32303425319697,GS,2.1154067582074276e-05,3.149178945172082e-05,-1.1395425248750257e-05,5.157015234200119e-07,-1.267649885106913e-05,-1.0114351646431385e-05,0.0,8.0,1.0,3
1.4677992676220705e-05,0.0275,-45.32303425319697,MB-fixed,2.089769047142198e-05,1.977135543529407e-05,8.145051255681324e-08,2.395497438019536e-07,-5.136240398543752e-07,6.765250649680017e-07,1.3222542638580137e-07,6.408923689874861,0.3333333333333333,3
1.4677992676220705e-05,0.0275,-45.32303425319697,MB-global-opt,2.0634284111883023e-05,1.9479061475813353e-05,1.2350843047551842e-07,6.289531743802278e-07,-1.4388978689081252e-06,1.685914729859162e-06,2.8320893550315394e-07,4.7380473561634675,0.6666666666666666,3
1.4677992676220705e-05,0.0275,-45.32303425319697,PS,2.089769047290228e-05,1.977135543529407e-05,8.14505139630946e-08,2.395497429195667e-07,-5.136240362561234e-07,6.765250641823126e-07,1.322254272295704e-07,6.408923689874858,0.3333333333333333,3
1.4677992676220705e-05,0.0275,-45.32303425319697,PS+GS,2.0897676658471198e-05,1.9717528286999908e-05,1.3526453854772888e-07,2.3952762852658725e-07,-4.5975507647391696e-07,7.302841535693747e-07,1.6808945599855327e-07,6.408923689874858,0.3333333333333333,3
2.1544346900318823e-05,0.0275,-43.656367996557925,GS,3.150239164047738e-05,4.557111175595985e-05,-1.564383969750634e-05,5.138719323160134e-07,-1.6920368343566742e-05,-1.4367311051445937e-05,0.0,8.0,1.0,3
2.1544346900318823e-05,0.0275,-43.656367996557925,MB-fixed,3.166835270581222e-05,2.8844219507329072e-05,1.2407155631925304e-06,9.814988045387019e-07,-1.19746263116971e-06,3.6788937575547707e-06,1.2407155631925304e-06,6.408923689874861,0.0,3
2.1544346900318823e-05,0.0275,-43.656367996557925,MB-global-opt,3.17067153800347e-05,2.8426401457171124e-05,1.6949781538618428e-06,1.8752281625426023e-06,-2.9633468427887854e-06,6.3533031505124715e-06,1.6949781538618428e-06,4.7380473561634675,0.0,3
2.1544346900318823e-05,0.0275,-43.656367996557925,PS,3.166835270788463e-05,2.8844219507329072e-05,1.2407155651613277e-06,9.814988045353252e-07,-1.1974626291925247e-06,3.6788937595151802e-06,1.2407155651613277e-06,6.408923689874858,0.0,3
2.1544346900318823e-05,0.0275,-43.656367996557925,PS+GS,3.16683144729879e-05,2.8767280330743716e-05,1.317618418594788e-06,9.815458849775152e-07,-1.1206767300609931e-06,3.755913567250569e-06,1.317618418594788e-06,6.408923689874858,0.0,3
3.1622776601683795e-05,0.0275,-41.989701931729414,GS,4.532919723931883e-05,6.593143643818244e-05,-2.2868699060829557e-05,5.982235813619013e-07,-2.435476881933058e-05,-2.1382629302328533e-05,0.0,8.0,1.0,3
3.1622776601683795e-05,0.0275,-41.989701931729414,MB-fixed,4.57486848741695e-05,4.207887321006076e-05,1.3823774204002613e-06,1.122883645986835e-06,-1.4070201904687754e-06,4.171775031269298e-06,1.3823774204002613e-06,6.408923689874861,0.0,3
3.1622776601683795e-05,0.0275,-41.989701931729414,MB-global-opt,4.515220105124248e-05,4.148205455445364e-05,1.4125364442267104e-06,9.973181855371607e-07,-1.0649392710498617e-06,3.890012159503282e-06,1.4125364442267104e-06,4.7380473561634675,0.0,3
3.1622776601683795e-05,0.0275,-41.989701931729414,PS,4.5748684874761615e-05,4.207887321006076e-05,1.3823774209627725e-06,1.1228836459961242e-06,-1.4070201899293399e-06,4.171775031854885e-06,1.3823774209627725e-06,6.408923689874858,0.0,3
3.1622776601683795e-05,0.0275,-41.989701931729414,PS+GS,4.574871463169927e-05,4.196897759234375e-05,1.4923013077705595e-06,1.1228082559050395e-06,-1.2969090237531997e-06,4.2815116392943185e-06,1.4923013077705595e-06,6.408923689874858,0.0,3
4.641588833612782e-05,0.0275,-40.32303614844021,GS,6.731484158617462e-05,9.536813580579562e-05,-3.141903629892973e-05,8.615678587409686e-07,-3.355928950803363e-05,-2.927878308982583e-05,0.0,8.0,1.0,3
4.641588833612782e-05,0.0275,-40.32303614844021,MB-fixed,6.697581900727556e-05,6.138351538953479e-05,2.2435126673769852e-06,4.442435346243237e-06,-8.792108508101716e-06,1.3279133842855687e-05,3.1871267182440925e-06,6.408923689874861,0.3333333333333333,3
4.641588833612782e-05,0.0275,-40.32303614844021,MB-global-opt,6.390904312958412e-05,6.053165534947169e-05,1.8193562363321987e-07,8.01158260897287e-06,-1.9719938865872757e-05,2.0083810113139197e-05,3.1067215965278403e-06,4.7380473561634675,0.3333333333333333,3
4.641588833612782e-05,0.0275,-40.32303614844021,PS,6.697581900905192e-05,6.138351538953479e-05,2.24351266906453e-06,4.442435346243239e-06,-8.792108506414179e-06,1.3279133844543238e-05,3.187126719369124e-06,6.408923689874858,0.3333333333333333,3
4.641588833612782e-05,0.0275,-40.32303614844021,PS+GS,6.697589225653407e-05,6.122666608265881e-05,2.4004315610485544e-06,4.442391264146028e-06,-8.635080108430061e-06,1.343594323052717e-05,3.291725877089625e-06,6.408923689874858,0.3333333333333333,3
6.812920690579608e-05,0.0275,-38.65637077839401,GS,9.812041070815052e-05,0.00013791734558532553,-4.470295541258256e-05,8.088882723792083e-07,-4.6712345274567424e-05,-4.269356555059769e-05,0.0,8.0,1.0,3
6.812920690579608e-05,0.0275,-38.65637077839401,MB-fixed,9.851920409194766e-05,8.95407924879077e-05,4.052451399442582e-06,2.289795735914433e-06,-1.635716540277071e-06,9.740619339162234e-06,4.052451399442582e-06,6.408923689874861,0.0,3
6.812920690579608e-05,0.0275,-38.65637077839401,MB-global-opt,9.753339071494338e-05,8.832587652696233e-05,4.330844652233874e-06,5.1637953508779715e-06,-8.496734114484159e-06,1.7158423418951906e-05,4.819248589408666e-06,4.7380473561634675,0.3333333333333333,3
6.812920690579608e-05,0.0275,-38.65637077839401,PS,9.851920409342796e-05,8.95407924879077e-05,4.05245140084886e-06,2.2897957358571655e-06,-1.635716538728533e-06,9.740619340426253e-06,4.05245140084886e-06,6.408923689874858,0.0,3
6.812920690579608e-05,0.0275,-38.65637077839401,PS+GS,9.851913864474444e-05,8.931710814064076e-05,4.276073571866465e-06,2.2899317736434277e-06,-1.4124323043059996e-06,9.96457944803893e-06,4.276073571866465e-06,6.408923689874858,0.0,3
0.0001,0.0275,-36.98970601490521,GS,0.00014456774314908216,0.00019940500503179415,-6.206564904016609e-05,1.0252340748869266e-06,-6.46124716689326e-05,-5.9518826411399574e-05,0.0,8.0,1.0,3
0.0001,0.0275,-36.98970601490521,MB-fixed,0.0001433930066931192,0.00013060821891408558,5.615137444377649e-06,6.07001616240337e-06,-9.463618615395716e-06,2.0693893504151014e-05,5.904203583906305e-06,6.408923689874861,0.3333333333333333,3
0.0001,0.0275,-36.98970601490521,MB-global-opt,0.0001447409259798249,0.00012887698252672664,8.626897154107013e-06,1.3533159026832963e-05,-2.499133354314653e-05,4.224512785136056e-05,1.0056204613961828e-05,4.7380473561634675,0.3333333333333333,3
0.0001,0.0275,-36.98970601490521,PS,0.00014339300669400737,0.00013060821891408558,5.61513744522142e-06,6.0700161620824556e-06,-9.463618613754749e-06,2.069389350419759e-05,5.904203584468816e-06,6.408923689874858,0.3333333333333333,3
0.0001,0.0275,-36.98970601490521,PS+GS,0.00014339284015285614,0.00013028949165261317,5.933706492600166e-06,6.06960703726982e-06,-9.144033244000137e-06,2.1011446229200467e-05,6.116423709926856e-06,6.408923689874858,0.3333333333333333,3
0.0001467799267622069,0.0275,-35.32304214172011,GS,0.00021241204164675528,0.0002882379480586561,-8.64465084942386e-05,4.371916016563781e-07,-8.753255263916028e-05,-8.536046434931691e-05,0.0,8.0,1.0,3
0.0001467799267622069,0.0275,-35.32304214172011,MB-fixed,0.0002133614049920259,0.00019050171953893802,1.219161520348658e-05,1.8738884705288747e-06,7.536618186289342e-06,1.6846612220683818e-05,1.219161520348658e-05,6.408923689874861,0.0,3
0.0001467799267622069,0.0275,-35.32304214172011,MB-global-opt,0.00020862814975863841,0.00018803694561930762,1.0159796651398865e-05,3.241062144889928e-06,2.1085519512511558e-06,1.8211041351546576e-05,1.0159796651398865e-05,4.7380473561634675,0.0,3
0.0001467799267622069,0.0275,-35.32304214172011,PS,0.0002133614049935062,0.00019050171953893802,1.2191615204892853e-05,1.8738884701900463e-06,7.536618188537311e-06,1.6846612221248396e-05,1.2191615204892853e-05,6.408923689874858,0.0,3
0.0001467799267622069,0.0275,-35.32304214172011,PS+GS,0.0002133619013582333,0.00019004797462951473,1.2645831660806892e-05,1.8737679382157811e-06,7.99113406247409e-06,1.7300529259139695e-05,1.2645831660806892e-05,6.408923689874858,0.0,3
0.00021544346900318823,0.0275,-33.65637957532039,GS,0.00030969485851913464,0.0004165432300244909,-0.000122333114431313,4.36200781247392e-06,-0.00013316894253709476,-0.00011149728632553126,0.0,8.0,1.0,3
0.00021544346900318823,0.0275,-33.65637957532039,MB-fixed,0.0003063858465213916,0.00027784582223877585,1.3220731956546195e-05,1.8805691527390195e-06,8.549139204730722e-06,1.7892324708361667e-05,1.3220731956546195e-05,6.408923689874861,0.0,3
0.00021544346900318823,0.0275,-33.65637957532039,MB-global-opt,0.00030410003903735827,0.00027434003796455997,1.4554999120930387e-05,5.607468897874099e-06,6.252741644268992e-07,2.8484724077433876e-05,1.4554999120930387e-05,4.7380473561634675,0.0,3
0.00021544346900318823,0.0275,-33.65637957532039,PS,0.0003063858465225759,0.00027784582223877585,1.3220731957671217e-05,1.8805691535915319e-06,8.549139203737986e-06,1.7892324711604448e-05,1.3220731957671217e-05,6.408923689874858,0.0,3
0.00021544346900318823,0.0275,-33.65637957532039,PS+GS,0.0003063856897327355,0.0002772004802893413,1.3865924956757422e-05,1.8808182815877117e-06,9.193713334573835e-06,1.853813657894101e-05,1.3865924956757422e-05,6.408923689874858,0.0,3
0.00031622776601683794,0.0275,-31.989718927015534,GS,0.0004601771560291586,0.0006018080972787221,-0.00016463979905102146,7.132933738492027e-06,-0.0001823589887460062,-0.00014692060935603672,0.0,8.0,1.0,3
0.00031622776601683794,0.0275,-31.989718927015534,MB-fixed,0.00046282000764404546,0.0004052119000996779,3.446710716216529e-05,1.816065309142999e-05,-1.0646456051712093e-05,7.958067037604268e-05,3.446710716216529e-05,6.408923689874861,0.0,3
0.00031622776601683794,0.0275,-31.989718927015534,MB-global-opt,0.00046660329055499733,0.0004002304502193077,4.3042675807939767e-05,3.257637351588417e-05,-3.788152215392995e-05,0.00012396687376980948,4.3042675807939767e-05,4.7380473561634675,0.0,3
0.00031622776601683794,0.0275,-31.989718927015534,PS,0.0004628200076455258,0.0004052119000996779,3.4467107163571576e-05,1.816065309233389e-05,-1.0646456052551225e-05,7.958067037969438e-05,3.4467107163571576e-05,6.408923689874858,0.0,3
0.00031622776601683794,0.0275,-31.989718927015534,PS+GS,0.0004628195560254511,0.0004042949862737011,3.5383591950477435e-05,1.816069844825654e-05,-9.730083936003272e-06,8.049726783695814e-05,3.5383591950477435e-05,6.408923689874858,0.0,3
0.00046415888336127773,0.0275,-30.32306109408082,GS,0.0006778203707069608,0.0008692390526909843,-0.00022530970051937163,2.6180215654829176e-06,-0.0002318132266202828,-0.00021880617441846046,0.0,8.0,1.0,3
0.00046415888336127773,0.0275,-30.32306109408082,MB-fixed,0.0006706129042933403,0.000590920652628224,4.616160645044921e-05,1.7934565712064122e-05,1.6096754217984172e-06,9.071353747910001e-05,4.616160645044921e-05,6.408923689874861,0.0,3
0.00046415888336127773,0.0275,-30.32306109408082,MB-global-opt,0.0006805458805434483,0.0005838499555503862,6.26686309658897e-05,4.1887435228651717e-05,-4.138552653281386e-05,0.00016672278846459326,6.26686309658897e-05,4.7380473561634675,0.0,3
0.00046415888336127773,0.0275,-30.32306109408082,PS,0.0006706129042939324,0.000590920652628224,4.616160645101174e-05,1.7934565712474913e-05,1.6096754213404773e-06,9.0713537480683e-05,4.616160645101174e-05,6.408923689874858,0.0,3
0.00046415888336127773,0.0275,-30.32306109408082,PS+GS,0.0006706130861754053,0.0005896192824743629,4.7463149392272e-05,1.7935387653201718e-05,2.909176548644487e-06,9.201712223589951e-05,4.7463149392272e-05,6.408923689874858,0.0,3
0.0006812920690579609,0.0275,-28.656407393526898,GS,0.0009763564416698974,0.0012551525508397443,-0.00032761393125334184,9.985858161707526e-06,-0.00035242017809672193,-0.00030280768440996174,0.0,8.0,1.0,3
0.0006812920690579609,0.0275,-28.656407393526898,MB-fixed,0.001000088036365791,0.0008616639889402755,8.841964560722573e-05,2.358491788292813e-05,2.983146166643525e-05,0.00014700782954801621,8.841964560722573e-05,6.408923689874861,0.0,3
0.0006812920690579609,0.0275,-28.656407393526898,MB-global-opt,0.0010286286457894533,0.0008516391724966432,0.00012555804100333742,3.7656805385988796e-05,3.2013350641118944e-05,0.0002191027313655559,0.00012555804100333742,4.7380473561634675,0.0,3
0.0006812920690579609,0.0275,-28.656407393526898,PS,0.0010000880363675673,0.0008616639889402755,8.841964560891325e-05,2.358491788264215e-05,2.983146166883318e-05,0.00014700782954899332,8.841964560891325e-05,6.408923689874858,0.0,3
0.0006812920690579609,0.0275,-28.656407393526898,PS+GS,0.001000088570399645,0.0008598190649904414,9.026507688922137e-05,2.3586479548544904e-05,3.167301355597916e-05,0.00014885714022246357,9.026507688922137e-05,6.408923689874858,0.0,3
0.001,0.0275,-26.989759758440908,GS,0.001458776010906308,0.0018118432625564562,-0.00042600605219546387,1.3962624849267618e-05,-0.000460691135138122,-0.00039132096925280574,0.0,8.0,1.0,3
0.001,0.0275,-26.989759758440908,MB-fixed,0.001503539389794047,0.001256314679385362,0.00017204774091898268,2.4656636272355694e-05,0.00011079726091067186,0.0002332982209272935,0.00017204774091898268,6.408923689874861,0.0,3
0.001,0.0275,-26.989759758440908,MB-global-opt,0.001594357601661045,0.001242118584117824,0.0002725211374601687,8.495461527334294e-05,6.14821738750322e-05,0.0004835601010453052,0.0002725211374601687,4.7380473561634675,0.0,3
0.001,0.0275,-26.989759758440908,PS,0.0015035393897958234,0.001256314679385362,0.00017204774092067026,2.465663627235582e-05,0.00011079726091235912,0.0002332982209289814,0.00017204774092067026,6.408923689874858,0.0,3
0.001,0.0275,-26.989759758440908,PS+GS,0.0015035366312157923,0.0012537023274930004,0.00017465747216200228,2.4656857113478708e-05,0.00011340644355392947,0.0002359085007700751,0.00017465747216200228,6.408923689874858,0.0,3
0.0014677992676220691,0.0275,-25.32312102616338,GS,0.0020939273279164303,0.0026145637277910083,-0.0006253327662703997,2.042184705383171e-05,-0.0006760634466797918,-0.0005746020858610077,0.0,8.0,1.0,3
0.0014677992676220691,0.0275,-25.32312102616338,MB-fixed,0.00212407254747878,0.0018314530435745713,0.00018641587653026948,8.588426478707789e-06,0.00016508104243018076,0.0002077507106303582,0.00018641587653026948,6.408923689874861,0.0,3
0.0014677992676220691,0.0275,-25.32312102616338,MB-global-opt,0.002131404094482351,0.0018113755520998698,0.00021345833765836394,3.3892528080844597e-05,0.0001292646305072242,0.0002976520448095037,0.00021345833765836394,4.7380473561634675,0.0,3
0.0014677992676220691,0.0275,-25.32312102616338,PS,0.0021240725474805564,0.0018314530435745713,0.00018641587653195707,8.588426478218361e-06,0.00016508104243308415,0.00020775071063083,0.00018641587653195707,6.408923689874858,0.0,3
0.0014677992676220691,0.0275,-25.32312102616338,PS+GS,0.00212407146333445,0.0018277587624131453,0.00019010912775458216,8.587397288313764e-06,0.00016877685030516378,0.00021144140520400054,0.00019010912775458216,6.408923689874858,0.0,3
0.002154434690031882,0.0275,-23.656495361247227,GS,0.0030900922057215396,0.0037715110366352,-0.0008359234411997375,8.317157439089201e-05,-0.0010425330856872399,-0.0006293137967122351,0.0,8.0,1.0,3
0.002154434690031882,0.0275,-23.656495361247227,MB-fixed,0.003052614120269581,0.0026693656565377477,0.00023061775771835414,0.00024815081568424014,-0.000385823041716833,0.0008470585571535412,0.00023061775771835414,6.408923689874861,0.0,3
0.002154434690031882,0.0275,-23.656495361247227,MB-global-opt,0.002985359661539455,0.0026410081498984272,0.00019508352856405505,0.0004313116850060522,-0.0008763540936647809,0.001266521150792891,0.00023102121118253235,4.7380473561634675,0.6666666666666666,3
0.002154434690031882,0.0275,-23.656495361247227,PS,0.0030526141202707655,0.0026693656565377477,0.00023061775771947927,0.00024815081568327037,-0.0003858230417132987,0.0008470585571522573,0.00023061775771947927,6.408923689874858,0.0,3
0.002154434690031882,0.0275,-23.656495361247227,PS+GS,0.0030526193178470606,0.002664148391632759,0.0002358399603219484,0.0002481474448408473,-0.00038059246547404615,0.000852272386117943,0.0002358399603219484,6.408923689874858,0.0,3
0.0031622776601683794,0.0275,-21.98988887621885,GS,0.004568765593112367,0.005438075015527399,-0.0010977477020706506,8.453320476563264e-05,-0.001307739823921469,-0.0008877555802198321,0.0,8.0,1.0,3
0.0031622776601683794,0.0275,-21.98988887621885,MB-fixed,0.004547674471009344,0.003889581135920528,0.0004307096115383488,8.004005270932708e-05,0.0002318790981550892,0.0006295401249216085,0.0004307096115383488,6.408923689874861,0.0,3
0.0031622776601683794,0.0275,-21.98988887621885,MB-global-opt,0.00448566359431742,0.0038495851495927713,0.00041179526500877774,0.00014812537863788568,4.383142587166913e-05,0.0007797591041458863,0.00041179526500877774,4.7380473561634675,0.0,3
0.0031622776601683794,0.0275,-21.98988887621885,PS,0.004547674471010528,0.003889581135920528,0.0004307096115394738,8.004005270979772e-05,0.00023187909815504504,0.0006295401249239025,0.0004307096115394738,6.408923689874858,0.0,3
0.0031622776601683794,0.0275,-21.98988887621885,PS+GS,0.004547674845360857,0.003882223440428323,0.00043806766266449103,8.004135773408998e-05,0.0002392339074200032,0.0006369014179089788,0.00043806766266449103,6.408923689874858,0.0,3
0.004641588833612777,0.0275,-20.323310542606432,GS,0.006653603268053902,0.007837080971389021,-0.0015161578667378143,0.00015355321360749049,-0.0018976051954159084,-0.0011347105380597202,0.0,8.0,1.0,3
0.004641588833612777,0.0275,-20.323310542606432,MB-fixed,0.006653295068520748,0.005665419535212823,0.0006552107798818872,0.0003847095189776701,-0.00030046064426802934,0.0016108822040318037,0.0006552107798818872,6.408923689874861,0.0,3
0.004641588833612777,0.0275,-20.323310542606432,MB-global-opt,0.006720277010490309,0.0056090907274806145,0.0007751724324851786,0.0005131176900948409,-0.0004994825720298384,0.0020498274370001957,0.0007751724324851786,4.7380473561634675,0.0,3
0.004641588833612777,0.0275,-20.323310542606432,PS,0.006653295068521636,0.005665419535212823,0.0006552107798827308,0.0003847095189769215,-0.0003004606442653261,0.0016108822040307876,0.0006552107798827308,6.408923689874858,0.0,3
0.004641588833612777,0.0275,-20.323310542606432,PS+GS,0.006653285874178867,0.005655058522395118,0.0006655630580748063,0.00038470585306104785,-0.00029009925943338096,0.0016212253755829935,0.0006655630580748063,6.408923689874858,0.0,3
0.006812920690579608,0.0275,-18.656773527878247,GS,0.009918536051697716,0.011287368900274375,-0.0018647596511615443,0.000176284205603872,-0.0023026738942826448,-0.0014268454080404438,0.0,8.0,1.0,3
0.006812920690579608,0.0275,-18.656773527878247,MB-fixed,0.01014697303075529,0.008247545149805413,0.0013920792294121124,0.0004256614114022837,0.00033467766492393126,0.0024494807939002936,0.0013920792294121124,6.408923689874861,0.0,3
0.006812920690579608,0.0275,-18.656773527878247,MB-global-opt,0.010285596137956729,0.008168332463140748,0.001602983867918143,0.0006020809531598675,0.00010733186666566676,0.0030986358691706193,0.001602983867918143,4.7380473561634675,0.0,3
0.006812920690579608,0.0275,-18.656773527878247,PS,0.010146973030757659,0.008247545149805413,0.0013920792294143628,0.000425661411402148,0.0003346776649265188,0.0024494807939022065,0.0013920792294143628,6.408923689874858,0.0,3
0.006812920690579608,0.0275,-18.656773527878247,PS+GS,0.010146958587101315,0.00823297688745317,0.0014066337702930785,0.0004256656671543127,0.0003492216339307905,0.0024640459066553664,0.0014066337702930785,6.408923689874858,0.0,3
0.01,0.0275,-16.990297157222166,GS,0.014249394198990592,0.016243758925656993,-0.0027068344366159313,1.065353411432418e-05,-0.0027332992824724146,-0.002680369590759448,0.0,8.0,1.0,3
0.01,0.0275,-16.990297157222166,MB-fixed,0.014180324236095979,0.011997077106109755,0.001474230918181425,0.0003127514924174125,0.0006973131414707611,0.002251148694892089,0.001474230918181425,6.408923689874861,0.0,3
0.01,0.0275,-16.990297157222166,MB-global-opt,0.014473291444957384,0.011885850751255589,0.001863776121453926,0.00038411399192721425,0.000909584068508396,0.0028179681743994564,0.001863776121453926,4.7380473561634675,0.0,3
0.01,0.0275,-16.990297157222166,PS,0.014180324236098349,0.011997077106109755,0.001474230918183675,0.00031275149241789054,0.0006973131414718234,0.0022511486948955262,0.001474230918183675,6.408923689874858,0.0,3
0.01,0.0275,-16.990297157222166,PS+GS,0.01418032280518696,0.011976624132153946,0.0014946825327736637,0.0003127768310965578,0.0007177018112945698,0.002271663254252758,0.0014946825327736637,6.408923689874858,0.0,3
0.01467799267622069,0.0275,-15.323909791799794,GS,0.020789577719505736,0.02335211863606168,-0.0036020198025312326,0.00035006404133055863,-0.004471627089117423,-0.002732412515945042,0.0,8.0,1.0,3
0.01467799267622069,0.0275,-15.323909791799794,MB-fixed,0.02125348551747101,0.01743124810377661,0.002759563137820848,0.0008597855310971885,0.0006237374760315038,0.004895388799610193,0.002759563137820848,6.408923689874861,0.0,3
0.01467799267622069,0.0275,-15.323909791799794,MB-global-opt,0.020992906324607336,0.017275295600861496,0.002667965407515474,0.00113812153559108,-0.00015928521956648685,0.005495216034597435,0.002667965407515474,4.7380473561634675,0.0,3
0.01467799267622069,0.0275,-15.323909791799794,PS,0.02125348551747101,0.01743124810377661,0.002759563137820848,0.0008597855310971885,0.0006237374760315038,0.004895388799610193,0.002759563137820848,6.408923689874858,0.0,3
0.01467799267622069,0.0275,-15.323909791799794,PS+GS,0.02125349114928543,0.01740257528482858,0.0027882413069925775,0.0008597393663410678,0.0006525303248148648,0.004923952289170291,0.0027882413069925775,6.408923689874858,0.0,3
0.021544346900318822,0.0275,-13.657653050765902,GS,0.030491369696700705,0.03352347524336796,-0.004556674031502291,0.00048623625434188964,-0.0057645518477182365,-0.0033487962152863463,0.0,8.0,1.0,3
0.021544346900318822,0.0275,-13.657653050765902,MB-fixed,0.030436237393290416,0.025284430649907152,0.0036299948737187394,0.00044013124602393264,0.002536648247364575,0.004723341500072904,0.0036299948737187394,6.408923689874861,0.0,3
0.021544346900318822,0.0275,-13.657653050765902,MB-global-opt,0.030665905530561883,0.025066051668326095,0.004066558585707695,0.0010747155672148063,0.0013968171158173317,0.006736300055598058,0.004066558585707695,4.7380473561634675,0.0,3
0.021544346900318822,0.0275,-13.657653050765902,PS,0.030436237393292192,0.025284430649907152,0.003629994873720428,0.0004401312460239346,0.002536648247366259,0.004723341500074597,0.003629994873720428,6.408923689874858,0.0,3
0.021544346900318822,0.0275,-13.657653050765902,PS+GS,0.030436251921127127,0.025244287574076596,0.0036701517509941718,0.00044006107566218946,0.0025769794374818585,0.0047633240645064846,0.0036701517509941718,6.408923689874858,0.0,3
0.03162277660168379,0.0275,-11.991588002574982,GS,0.04485264418287619,0.04802995459491255,-0.005419942621180167,0.00030387543953017533,-0.006174811060182428,-0.0046650741821779055,0.0,8.0,1.0,3
0.03162277660168379,0.0275,-11.991588002574982,MB-fixed,0.04359127744091248,0.03658544477920156,0.004826268789665293,0.002340279692445041,-0.0009873082503088536,0.010639845829639439,0.004826268789665293,6.408923689874861,0.0,3
0.03162277660168379,0.0275,-11.991588002574982,MB-global-opt,0.04260466004291411,0.036279960943521816,0.004194466097246591,0.004895615867528986,-0.007966917901374763,0.016355850095867944,0.004345566935321604,4.7380473561634675,0.3333333333333333,3
0.03162277660168379,0.0275,-11.991588002574982,PS,0.043591277440913956,0.03658544477920156,0.004826268789666697,0.002340279692444994,-0.0009873082503073323,0.010639845829640726,0.004826268789666697,6.408923689874858,0.0,3
0.03162277660168379,0.0275,-11.991588002574982,PS+GS,0.043591269814740784,0.03652930108247654,0.0048824052415272,0.0023402173505850236,-0.0009310169326814579,0.010695827415735859,0.0048824052415272,6.408923689874858,0.0,3
0.046415888336127774,0.0275,-10.325804240153776,GS,0.06606447773814524,0.0686207099656968,-0.005859456114458828,0.0011658296522097935,-0.008755537518954058,-0.0029633747099635974,0.0,8.0,1.0,3
0.046415888336127774,0.0275,-10.325804240153776,MB-fixed,0.06602692972867796,0.052745951018738024,0.009979632223506035,0.0025420971524230855,0.003664712820316978,0.016294551626695093,0.009979632223506035,6.408923689874861,0.0,3
0.046415888336127774,0.0275,-10.325804240153776,MB-global-opt,0.06600670480690803,0.052318830765944346,0.010387538800618277,0.003838432972448155,0.0008523426998520624,0.019922734901384492,0.010387538800618277,4.7380473561634675,0.0,3
0.046415888336127774,0.0275,-10.325804240153776,PS,0.06602692972867974,0.052745951018738024,0.009979632223507727,0.002542097152423089,0.0036647128203186616,0.016294551626696793,0.009979632223507727,6.408923689874858,0.0,3
0.046415888336127774,0.0275,-10.325804240153776,PS+GS,0.06602687042418272,0.05266746984603943,0.010058057056934156,0.0025425609363856627,0.0037419855505135694,0.016374128563354743,0.010058057056934156,6.408923689874858,0.0,3
0.06812920690579609,0.0275,-8.66043317469928,GS,0.09441774219678756,0.09764372619852102,-0.007946871111572848,0.0006273153222011006,-0.009505208760592099,-0.006388533462553596,0.0,8.0,1.0,3
0.06812920690579609,0.0275,-8.66043317469928,MB-fixed,0.09512458571113432,0.07563927300202278,0.014729083423554825,0.0034026203928782858,0.006276505786939899,0.02318166106016975,0.014729083423554825,6.408923689874861,0.0,3
0.06812920690579609,0.0275,-8.66043317469928,MB-global-opt,0.09526714176792399,0.0750418470111971,0.015461937668330686,0.004269306476889211,0.004856392446201686,0.026067482890459688,0.015461937668330686,4.7380473561634675,0.0,3
0.06812920690579609,0.0275,-8.66043317469928,PS,0.09512458571113551,0.075639273002023,0.014729083423555722,0.0034026203928778256,0.006276505786941939,0.023181661060169508,0.014729083423555722,6.408923689874858,0.0,3
0.06812920690579609,0.0275,-8.66043317469928,PS+GS,0.09512413225437566,0.07552952678864511,0.014838398853011766,0.0034019212304747825,0.006387558032089999,0.023289239673933534,0.014838398853011766,6.408923689874858,0.0,3
0.1,0.0275,-6.995667490805776,GS,0.1379728782669399,0.13813144070935124,-0.00705720635575834,0.0019859701316798572,-0.011990629654212905,-0.002123783057303775,0.0,8.0,1.0,3
0.1,0.0275,-6.995667490805776,MB-fixed,0.14034880313488576,0.10761380575250223,0.025717557225639242,0.0008865164576125686,0.02351532826122384,0.027919786190054644,0.025717557225639242,6.408923689874861,0.0,3
0.1,0.0275,-6.995667490805776,MB-global-opt,0.14128182371331968,0.10677657919429562,0.027441153333358087,0.0054638840534954,0.013868112903607108,0.041014193763109066,0.027441153333358087,4.7380473561634675,0.0,3
0.1,0.0275,-6.995667490805776,PS,0.14034880313488815,0.10761380575250223,0.02571755722564149,0.0008865164576124768,0.023515328261226313,0.027919786190056667,0.02571755722564149,6.408923689874858,0.0,3
0.1,0.0275,-6.995667490805776,PS+GS,0.14034890016552826,0.10746005278284754,0.0258714023744043,0.0008859410289357682,0.02367060285406534,0.02807220189474326,0.0258714023744043,6.408923689874858,0.0,3
1e-05,0.03,-46.98970069480186,GS,1.4358317101503815e-05,2.2239154552572415e-05,-8.598753306143792e-06,2.571752308531597e-07,-9.237611995626305e-06,-7.959894616661278e-06,0.0,8.0,1.0,3
1e-05,0.03,-46.98970069480186,MB-fixed,1.4089543133088966e-05,1.3844181632638453e-05,-4.591156562039349e-07,7.430587182624162e-07,-2.304975840261592e-06,1.3867445278537224e-06,1.3088905538675492e-07,6.408923689874861,0.6666666666666666,3
1e-05,0.03,-46.98970069480186,MB-global-opt,1.3760199035021495e-05,1.3632182816802896e-05,-5.59993733532476e-07,1.0633817240528413e-06,-3.2015803762054867e-06,2.0815929091405347e-06,2.2248012716552477e-07,4.7380473561634675,0.6666666666666666,3
1e-05,0.03,-46.98970069480186,PS,1.4089543134569263e-05,1.3844181632638453e-05,-4.59115654797653e-07,7.430587185549614e-07,-2.3049758395820324e-06,1.3867445299867265e-06,1.308890559492678e-07,6.408923689874858,0.6666666666666666,3
1e-05,0.03,-46.98970069480186,PS+GS,1.4089548008004252e-05,1.3805166344527109e-05,-4.2009573692306903e-07,7.43064473741664e-07,-2.2659702183837747e-06,1.4257787445376367e-06,1.4389742524952449e-07,6.408923689874858,0.6666666666666666,3
1.4677992676220705e-05,0.03,-45.32303433287909,GS,2.1387625129894634e-05,3.217881417238999e-05,-1.186057029899009e-05,3.380297280974097e-07,-1.270028269423917e-05,-1.102085790374101e-05,0.0,8.0,1.0,3
1.4677992676220705e-05,0.03,-45.32303433287909,MB-fixed,2.1404628831748578e-05,2.0189974095696783e-05,1.4442329446436448e-07,8.867436655664846e-07,-2.0583700857977647e-06,2.3472166747264937e-06,4.373858074539304e-07,6.408923689874861,0.3333333333333333,3
1.4677992676220705e-05,0.03,-45.32303433287909,MB-global-opt,2.1066968858581465e-05,1.9886771895016864e-05,1.26848520635528e-07,1.4453829987275178e-06,-3.463681894381783e-06,3.717378935652839e-06,6.288143879965935e-07,4.7380473561634675,0.3333333333333333,3
1.4677992676220705e-05,0.03,-45.32303433287909,PS,2.1404628833524935e-05,2.0189974095696783e-05,1.444232961519037e-07,8.867436647924246e-07,-2.058370082187354e-06,2.3472166744911612e-06,4.373858082977006e-07,6.408923689874858,0.3333333333333333,3
1.4677992676220705e-05,0.03,-45.32303433287909,PS+GS,2.1404654915476346e-05,2.0134176665687065e-05,2.0024550401546553e-07,8.867234841214783e-07,-2.002497742758046e-06,2.4029887507889775e-06,4.745927686400364e-07,6.408923689874858,0.3333333333333333,3
2.1544346900318823e-05,0.03,-43.65636811351528,GS,3.163769069155128e-05,4.655125248631542e-05,-1.6495446329341708e-05,1.8082433001394733e-07,-1.6944638866725776e-05,-1.604625379195764e-05,0.0,8.0,1.0,3
2.1544346900318823e-05,0.03,-43.65636811351528,MB-fixed,3.140590872222996e-05,2.9443236126525107e-05,3.92377159593355e-07,1.8804075732807984e-07,-7.474197702563171e-08,8.594962962123417e-07,3.92377159593355e-07,6.408923689874861,0.0,3
2.1544346900318823e-05,0.03,-43.65636811351528,MB-global-opt,3.097596496015598e-05,2.90098933761751e-05,4.172733359730771e-07,5.4197341191035e-07,-9.290632553027346e-07,1.7636099272488888e-06,4.810185413687633e-07,4.7380473561634675,0.3333333333333333,3
2.1544346900318823e-05,0.03,-43.65636811351528,PS,3.140590872371026e-05,2.9443236126525107e-05,3.923771609996375e-07,1.8804075825505306e-07,-7.474197792207828e-08,8.594962999213533e-07,3.923771609996375e-07,6.408923689874858,0.0,3
2.1544346900318823e-05,0.03,-43.65636811351528,PS+GS,3.140590474259852e-05,2.9363493072809277e-05,4.721164326593179e-07,1.8805144080403832e-07,4.970756814810504e-09,9.392621085038253e-07,4.721164326593179e-07,6.408923689874858,0.0,3
3.1622776601683795e-05,0.03,-41.9897021033993,GS,4.620293740635143e-05,6.732858782876328e-05,-2.3435797292729415e-05,6.178974541084736e-07,-2.497073966045577e-05,-2.190085492500306e-05,0.0,8.0,1.0,3
3.1622776601683795e-05,0.03,-41.9897021033993,MB-fixed,4.655171617932533e-05,4.29354598971976e-05,1.2886704731614612e-06,3.8318690465734164e-07,3.367814326650768e-07,2.2405595136578458e-06,1.2886704731614612e-06,6.408923689874861,0.0,3
3.1622776601683795e-05,0.03,-41.9897021033993,MB-global-opt,4.788132811365623e-05,4.2316568018563316e-05,3.170693689410105e-06,2.490657282418966e-07,2.5519801211875175e-06,3.789407257632692e-06,3.170693689410105e-06,4.7380473561634675,0.0,3
3.1622776601683795e-05,0.03,-41.9897021033993,PS,4.655171618169381e-05,4.29354598971976e-05,1.2886704754115149e-06,3.831869051430071e-07,3.3678143370867063e-07,2.240559517114359e-06,1.2886704754115149e-06,6.408923689874858,0.0,3
3.1622776601683795e-05,0.03,-41.9897021033993,PS+GS,4.6551784048591095e-05,4.2821578073004574e-05,1.4026167731569659e-06,3.8323264359979237e-07,4.506141108287455e-07,2.354619435485186e-06,1.4026167731569659e-06,6.408923689874858,0.0,3
4.641588833612782e-05,0.03,-40.323036400417095,GS,6.6829898367556e-05,9.735796548437925e-05,-3.386956203520105e-05,1.2989876871072628e-06,-3.709642633580355e-05,-3.064269773459855e-05,0.0,8.0,1.0,3
4.641588833612782e-05,0.03,-40.323036400417095,MB-fixed,6.426270374445171e-05,6.260756976517179e-05,-1.5580012079426598e-06,5.988777063856566e-07,-3.0456959030833747e-06,-7.030651280194485e-08,0.0,6.408923689874861,1.0,3
4.641588833612782e-05,0.03,-40.323036400417095,MB-global-opt,6.43758143403043e-05,6.172435849394198e-05,-5.673348706529004e-07,9.34764019110153e-07,-2.8894174220829615e-06,1.7547476807771608e-06,1.6068605538007067e-07,4.7380473561634675,0.6666666666666666,3
4.641588833612782e-05,0.03,-40.323036400417095,PS,6.426270374533989e-05,6.260756976517179e-05,-1.5580012070988909e-06,5.98877707222926e-07,-3.045695904319498e-06,-7.030650987828358e-08,0.0,6.408923689874858,1.0,3
4.641588833612782e-05,0.03,-40.323036400417095,PS+GS,6.426281755000929e-05,6.244505930763644e-05,-1.3953826351276214e-06,5.988205221543857e-07,-2.8829352767629205e-06,9.217000650767786e-08,0.0,6.408923689874858,1.0,3
6.812920690579608e-05,0.03,-38.656371148245384,GS,9.903834060261592e-05,0.00014074862209989547,-4.6662198527410346e-05,6.537585299657442e-07,-4.828622474605658e-05,-4.503817230876411e-05,0.0,8.0,1.0,3
6.812920690579608e-05,0.03,-38.656371148245384,MB-fixed,9.955850825467867e-05,9.128866868857166e-05,3.2919141533730733e-06,3.774581398549498e-06,-6.08466584471884e-06,1.2668494151464988e-05,3.2919141533730733e-06,6.408923689874861,0.0,3
6.812920690579608e-05,0.03,-38.656371148245384,MB-global-opt,9.783136373808787e-05,9.002927328150001e-05,2.9105222696834625e-06,7.473965717496218e-06,-1.565583782524793e-05,2.147688236461485e-05,4.029224229270169e-06,4.7380473561634675,0.3333333333333333,3
6.812920690579608e-05,0.03,-38.656371148245384,PS,9.95585082567511e-05,9.128866868857166e-05,3.2919141553418667e-06,3.7745813982114837e-06,-6.084665841910374e-06,1.2668494152594106e-05,3.2919141553418667e-06,6.408923689874858,0.0,3
6.812920690579608e-05,0.03,-38.656371148245384,PS+GS,9.955851573343703e-05,9.105695348110565e-05,3.523636465659518e-06,3.7745123916005444e-06,-5.852772109668128e-06,1.2900045040987165e-05,3.523636465659518e-06,6.408923689874858,0.0,3
0.0001,0.03,-36.98970655777253,GS,0.00014413798811130363,0.0002034295522206353,-6.649846351489687e-05,8.421354106493664e-07,-6.85904438468654e-05,-6.440648318292835e-05,0.0,8.0,1.0,3
0.0001,0.03,-36.98970655777253,MB-fixed,0.0001470541517765156,0.00013310214482142868,6.5992993662611285e-06,2.8016132698163337e-06,-3.602938109435328e-07,1.355889254346579e-05,6.5992993662611285e-06,6.408923689874861,0.0,3
0.0001,0.03,-36.98970655777253,MB-global-opt,0.000146210014996484,0.00013130787856430182,7.591635682357978e-06,3.4852688034548494e-06,-1.0662519877838713e-06,1.6249523352499826e-05,7.591635682357978e-06,4.7380473561634675,0.0,3
0.0001,0.03,-36.98970655777253,PS,0.00014705415177799588,0.00013310214482142868,6.599299367667411e-06,2.801613269345601e-06,-3.6029380836788605e-07,1.3558892543702708e-05,6.599299367667411e-06,6.408923689874858,0.0,3
0.0001,0.03,-36.98970655777253,PS+GS,0.00014705413330536507,0.00013277203870520893,6.929387934887872e-06,2.8012892052601504e-06,-2.9400221331742935e-08,1.3888176091107489e-05,6.929387934887872e-06,6.408923689874858,0.0,3
0.0001467799267622069,0.03,-35.323042938539835,GS,0.00021168116009562254,0.00029395263158016327,-9.285552948932187e-05,3.999605381468755e-06,-0.00010279110004942485,-8.291995892921889e-05,0.0,8.0,1.0,3
0.0001467799267622069,0.03,-35.323042938539835,MB-fixed,0.00021212025318669467,0.00019405721679777166,7.457023729588247e-06,1.4495985301127115e-06,3.8560213540820396e-06,1.1058026105094455e-05,7.457023729588247e-06,6.408923689874861,0.0,3
0.0001467799267622069,0.03,-35.323042938539835,MB-global-opt,0.00020873427804731412,0.00019150323998418095,6.794324160767446e-06,1.1466067827364336e-05,-2.1688967334322496e-05,3.5277615655857384e-05,8.365186264451071e-06,4.7380473561634675,0.3333333333333333,3
0.0001467799267622069,0.03,-35.323042938539835,PS,0.00021212025318758285,0.00019405721679777166,7.457023730432018e-06,1.449598530930438e-06,3.8560213528944655e-06,1.1058026107969571e-05,7.457023730432018e-06,6.408923689874858,0.0,3
0.0001467799267622069,0.03,-35.323042938539835,PS+GS,0.00021212031700941955,0.00019358736999919302,7.926931159755535e-06,1.4493112764576067e-06,4.326642361886802e-06,1.1527219957624268e-05,7.926931159755535e-06,6.408923689874858,0.0,3
0.00021544346900318823,0.03,-33.65638074489064,GS,0.00031171164553918845,0.000424648682184392,-0.00012852261892216295,6.248154079512802e-06,-0.00014404389409971503,-0.00011300134374461087,0.0,8.0,1.0,3
0.00021544346900318823,0.03,-33.65638074489064,MB-fixed,0.00031855057686147603,0.00028291036951300086,1.9712678505401366e-05,1.330478538111021e-05,-1.3338240606149415e-05,5.276359761695215e-05,1.9712678505401366e-05,6.408923689874861,0.0,3
0.00021544346900318823,0.03,-33.65638074489064,MB-global-opt,0.0003271195107830138,0.0002792785139535958,3.1485021290267313e-05,1.5314494996512596e-05,-6.55829326650992e-06,6.952833584704455e-05,3.1485021290267313e-05,4.7380473561634675,0.0,3
0.00021544346900318823,0.03,-33.65638074489064,PS,0.0003185505768638445,0.00028291036951300086,1.9712678507651394e-05,1.33047853806376e-05,-1.3338240602725359e-05,5.2763597618028146e-05,1.9712678507651394e-05,6.408923689874858,0.0,3
0.00021544346900318823,0.03,-33.65638074489064,PS+GS,0.00031855080300384014,0.00028224227367723564,2.0380989176412474e-05,1.3305405731385391e-05,-1.2671470970651358e-05,5.343344932347631e-05,2.0380989176412474e-05,6.408923689874858,0.0,3
0.00031622776601683794,0.03,-31.9897206437074,GS,0.0004566893944580504,0.0006132906606801658,-0.00017943573594501793,7.5731309661131825e-06,-0.00019824843617373078,-0.0001606230357163051,0.0,8.0,1.0,3
0.00031622776601683794,0.03,-31.9897206437074,MB-fixed,0.0004505773476234746,0.0004124193632895068,1.5629116952794043e-05,5.927332436851382e-06,9.048069165130134e-07,3.035342698907507e-05,1.5629116952794043e-05,6.408923689874861,0.0,3
0.00031622776601683794,0.03,-31.9897206437074,MB-global-opt,0.00045613832671846194,0.0004072599982185565,2.6071412163982267e-05,3.5938201202083336e-06,1.7143868074236274e-05,3.499895625372826e-05,2.6071412163982267e-05,4.7380473561634675,0.0,3
0.00031622776601683794,0.03,-31.9897206437074,PS,0.0004505773476249549,0.0004124193632895068,1.5629116954200345e-05,5.9273324360759944e-06,9.048069198454833e-07,3.0353426988555206e-05,1.5629116954200345e-05,6.408923689874858,0.0,3
0.00031622776601683794,0.03,-31.9897206437074,PS+GS,0.00045057747873400444,0.0004114703432471778,1.6578261550126412e-05,5.927554483993118e-06,1.8533999181668153e-06,3.130312318208601e-05,1.6578261550126412e-05,6.408923689874858,0.0,3
0.00046415888336127773,0.03,-30.323063613834528,GS,0.0006715332654181339,0.0008854848319646003,-0.0002475282298173731,4.187315214329068e-06,-0.00025793009745214495,-0.00023712636218260123,0.0,8.0,1.0,3
0.00046415888336127773,0.03,-30.323063613834528,MB-fixed,0.0006675361627600888,0.0006011677826147643,3.299157200731999e-05,3.998932161706393e-05,-6.634740988771018e-05,0.00013233055390235015,3.48672323909079e-05,6.408923689874861,0.3333333333333333,3
0.00046415888336127773,0.03,-30.323063613834528,MB-global-opt,0.0006694993612124852,0.0005938464055146309,4.217798763723004e-05,8.197628247002858e-05,-0.00016146238711314188,0.000245818362387602,5.612210917558256e-05,4.7380473561634675,0.3333333333333333,3
0.00046415888336127773,0.03,-30.323063613834528,PS,0.0006675361627624573,0.0006011677826147643,3.299157200957007e-05,3.998932161662891e-05,-6.634740988437944e-05,0.00013233055390351957,3.4867232392314183e-05,6.408923689874858,0.3333333333333333,3
0.00046415888336127773,0.03,-30.323063613834528,PS+GS,0.0006675357244162091,0.000599821182387883,3.433775580751567e-05,3.998907402180481e-05,-6.500061102679408e-05,0.0001336761226418254,3.576435053718187e-05,6.408923689874858,0.3333333333333333,3
0.0006812920690579609,0.03,-28.656411092008007,GS,0.0009847759495643278,0.0012781057143136376,-0.0003425685622275262,6.880362342660867e-06,-0.0003596603297932251,-0.00032547679466182733,0.0,8.0,1.0,3
0.0006812920690579609,0.03,-28.656411092008007,MB-fixed,0.0010019971515321895,0.0008762177420229555,7.567955193262437e-05,1.3989273470219447e-05,4.092827014569448e-05,0.00011043083371955425,7.567955193262437e-05,6.408923689874861,0.0,3
0.0006812920690579609,0.03,-28.656411092008007,MB-global-opt,0.0010001927674011906,0.0008658403265202619,8.434280251086901e-05,4.821266921103955e-05,-3.5424107258934175e-05,0.0002041097122806722,8.434280251086901e-05,4.7380473561634675,0.0,3
0.0006812920690579609,0.03,-28.656411092008007,PS,0.0010019971515327815,0.0008762177420229555,7.567955193318688e-05,1.3989273469711399e-05,4.092827014751905e-05,0.00011043083371885471,7.567955193318688e-05,6.408923689874858,0.0,3
0.0006812920690579609,0.03,-28.656411092008007,PS+GS,0.0010019977808030471,0.0008743092097254213,7.75886820374734e-05,1.3989318410514126e-05,4.283728861266273e-05,0.00011234007546228407,7.75886820374734e-05,6.408923689874858,0.0,3
0.001,0.03,-26.989765187043897,GS,0.0014165092228646259,0.0018442251037167345,-0.00049854134199534,2.235114014081945e-05,-0.0005540646521190781,-0.0004430180318716018,0.0,8.0,1.0,3
0.001,0.03,-26.989765187043897,MB-fixed,0.0014094003663659056,0.0012769624982242878,6.196784982332262e-05,3.254606583267934e-05,-1.888105967974312e-05,0.00014281675932638837,6.196784982332262e-05,6.408923689874861,0.0,3
0.001,0.03,-26.989765187043897,MB-global-opt,0.0014032311693288335,0.0012622713673273722,7.079824353501958e-05,6.434147708614624e-05,-8.903484612241531e-05,0.00023063133319245447,7.090602090681721e-05,4.7380473561634675,0.3333333333333333,3
0.001,0.03,-26.989765187043897,PS,0.0014094003663664978,0.0012769624982242878,6.19678498238851e-05,3.254606583259137e-05,-1.8881059678962114e-05,0.00014281675932673233,6.19678498238851e-05,6.408923689874858,0.0,3
0.001,0.03,-26.989765187043897,PS+GS,0.001409400091451592,0.0012742608593909743,6.466922748803816e-05,3.2544693896748666e-05,-1.6176273937244147e-05,0.00014551472891332045,6.466922748803816e-05,6.408923689874858,0.0,3
0.0014677992676220691,0.03,-25.323128994209295,GS,0.0021302419152145666,0.0026601748272621073,-0.0006364450078082694,1.718657766397211e-05,-0.0006791388335187393,-0.0005937511820977994,0.0,8.0,1.0,3
0.0014677992676220691,0.03,-25.323128994209295,MB-fixed,0.002099368197994167,0.0018607128880179236,0.00013368690007653497,5.699340235222327e-05,-7.892560025828322e-06,0.00027526636017889824,0.00013368690007653497,6.408923689874861,0.0,3
0.0014677992676220691,0.03,-25.323128994209295,MB-global-opt,0.0021229320278216926,0.001839941781410559,0.0001768436450200489,0.00010486283354999555,-8.365007435926465e-05,0.00043733736439936245,0.0001768436450200489,4.7380473561634675,0.0,3
0.0014677992676220691,0.03,-25.323128994209295,PS,0.002099368197995647,0.0018607128880179236,0.00013368690007794135,5.6993402351126735e-05,-7.892560021698e-06,0.0002752663601775807,0.00013368690007794135,6.408923689874858,0.0,3
0.0014677992676220691,0.03,-25.323128994209295,PS+GS,0.0020993666889873217,0.0018568935289078325,0.00013750482563012283,5.6994852361234935e-05,-4.078236494308671e-06,0.00027908788775455435,0.00013750482563012283,6.408923689874858,0.0,3
0.002154434690031882,0.03,-23.656507056623738,GS,0.0031266672607802213,0.0038356466057680727,-0.0008653127080268629,1.8697883906921103e-05,-0.0009117608265693996,-0.0008188645894843261,0.0,8.0,1.0,3
0.002154434690031882,0.03,-23.656507056623738,MB-fixed,0.0031480209037093587,0.002710778961514171,0.00027984089700971976,4.48897728224802e-05,0.00016832851947087352,0.000391353274548566,0.00027984089700971976,6.408923689874861,0.0,3
0.002154434690031882,0.03,-23.656507056623738,MB-global-opt,0.0031648339773013845,0.0026814517181084074,0.0003251405603279076,6.914053324253999e-05,0.0001533859542917151,0.0004968951663641,0.0003251405603279076,4.7380473561634675,0.0,3
0.002154434690031882,0.03,-23.656507056623738,PS,0.003148020903709655,0.002710778961514171,0.00027984089701000095,4.4889772822943224e-05,0.0001683285194700045,0.0003913532745499974,0.00027984089701000095,6.408923689874858,0.0,3
0.002154434690031882,0.03,-23.656507056623738,PS+GS,0.0031480252823182417,0.002705386865908377,0.0002852371522939526,4.488697915059976e-05,0.00017373171462077875,0.0003967425899671264,0.0002852371522939526,6.408923689874858,0.0,3
0.0031622776601683794,0.03,-21.989906042435237,GS,0.004561277020567189,0.005528093726604455,-0.0011948805570656251,5.60010835523803e-05,-0.0013339949606152501,-0.0010557661535160001,0.0,8.0,1.0,3
0.0031622776601683794,0.03,-21.989906042435237,MB-fixed,0.004655839290457209,0.003948120643219699,0.00047492668271464895,0.0002217229010257902,-7.586353727537682e-05,0.0010257169027046748,0.00047492668271464895,6.408923689874861,0.0,3
0.0031622776601683794,0.03,-21.989906042435237,MB-global-opt,0.0047288514445919345,0.003906772079143028,0.000585636793219309,0.0003781208164257764,-0.00035366738645014554,0.0015249409728887635,0.000585636793219309,4.7380473561634675,0.0,3
0.0031622776601683794,0.03,-21.989906042435237,PS,0.004655839290458097,0.003948120643219699,0.0004749266827154929,0.0002217229010257902,-7.586353727453288e-05,0.0010257169027055187,0.0004749266827154929,6.408923689874858,0.0,3
0.0031622776601683794,0.03,-21.989906042435237,PS+GS,0.004655842551889222,0.003940519156990563,0.00048253126730419806,0.00022172750742482274,-6.827039561537964e-05,0.0010333329302237757,0.00048253126730419806,6.408923689874858,0.0,3
0.004641588833612777,0.03,-20.323335738630504,GS,0.006695257151479339,0.007963181040842704,-0.0016026867469373322,1.640317541639358e-05,-0.0016434344935811465,-0.0015619390002935178,0.0,8.0,1.0,3
0.004641588833612777,0.03,-20.323335738630504,MB-fixed,0.006740181519997002,0.005748056005562052,0.0006551164384350992,8.691502379686613e-05,0.00043920755010630225,0.0008710253267638961,0.0006551164384350992,6.408923689874861,0.0,3
0.004641588833612777,0.03,-20.323335738630504,MB-global-opt,0.006908415456218305,0.0056898454671368,0.0008731492162705889,0.00011935792950193296,0.0005766476824020743,0.0011696507501391036,0.0008731492162705889,4.7380473561634675,0.0,3
0.004641588833612777,0.03,-20.323335738630504,PS,0.006740181519998482,0.005748056005562052,0.0006551164384365052,8.691502379742404e-05,0.00043920755010632236,0.000871025326766688,0.0006551164384365052,6.408923689874858,0.0,3
0.004641588833612777,0.03,-20.323335738630504,PS+GS,0.006740184757267009,0.005737355921273446,0.0006658195981302124,8.691078338266892e-05,0.000449921243574236,0.0008817179526861887,0.0006658195981302124,6.408923689874858,0.0,3
0.006812920690579608,0.03,-18.656810509429704,GS,0.00971733871758751,0.011463642924536943,-0.0022321711428288094,0.00014876210505406854,-0.002601716698068406,-0.0018626255875892129,0.0,8.0,1.0,3
0.006812920690579608,0.03,-18.656810509429704,MB-fixed,0.009659977248094975,0.00836403362576843,0.0008129447599217963,0.00048275095132186216,-0.0003862750836253283,0.002012164603468921,0.0008129447599217963,6.408923689874861,0.0,3
0.006812920690579608,0.03,-18.656810509429704,MB-global-opt,0.009671133856727169,0.00828221028992071,0.0009053668739700994,0.00029356268267144014,0.00017611674319241704,0.0016346170047477817,0.0009053668739700994,4.7380473561634675,0.0,3
0.006812920690579608,0.03,-18.656810509429704,PS,0.00965997724809616,0.00836403362576843,0.0008129447599229215,0.0004827509513227304,-0.0003862750836263598,0.0020121646034722026,0.0008129447599229215,6.408923689874858,0.0,3
0.006812920690579608,0.03,-18.656810509429704,PS+GS,0.009659949708731297,0.00834899509417908,0.0008279571291156523,0.00048277350643956214,-0.00037131874444994303,0.002027233002681248,0.0008279571291156523,6.408923689874858,0.0,3
0.01,0.03,-16.9903514362298,GS,0.014203268512791448,0.016489622499169743,-0.002996517412017868,0.00021829411505342686,-0.003538790055468531,-0.002454244768567205,0.0,8.0,1.0,3
0.01,0.03,-16.9903514362298,MB-fixed,0.014233240435004587,0.012161046649066698,0.0013605317641876586,0.00037974935654949395,0.0004171820665818288,0.0023038814617934882,0.0013605317641876586,6.408923689874861,0.0,3
0.01,0.03,-16.9903514362298,MB-global-opt,0.01428535952510579,0.012046209172328792,0.0015248823765217068,0.00022375290377663523,0.0009690493501434125,0.002080715402900001,0.0015248823765217068,4.7380473561634675,0.0,3
0.01,0.03,-16.9903514362298,PS,0.014233240435005476,0.012161046649065366,0.0013605317641898352,0.00037974935654853763,0.00041718206658638104,0.002303881461793289,0.0013605317641898352,6.408923689874858,0.0,3
0.01,0.03,-16.9903514362298,PS+GS,0.01423324321863717,0.012139943414984478,0.0013816376427208336,0.00037972273693317386,0.000438354071907776,0.0023249212135338913,0.0013816376427208336,6.408923689874858,0.0,3
0.01467799267622069,0.03,-15.323989457131027,GS,0.020800545340628435,0.023694239599403977,-0.003933721525806962,0.000429357680232852,-0.005000305131089811,-0.0028671379205241123,0.0,8.0,1.0,3
0.01467799267622069,0.03,-15.323989457131027,MB-fixed,0.02074378234094147,0.01766171195155164,0.002044881272342753,0.0008716146831283432,-0.00012032963210484651,0.004210092176790353,0.002044881272342753,6.408923689874861,0.0,3
0.01467799267622069,0.03,-15.323989457131027,MB-global-opt,0.021222653546117225,0.017500780383789882,0.0026607404850214796,0.0011979194793569892,-0.00031505646925266166,0.005636537439295621,0.0026607404850214796,4.7380473561634675,0.0,3
0.01467799267622069,0.03,-15.323989457131027,PS,0.020743782340942058,0.01766171195155164,0.0020448812723433164,0.0008716146831283379,-0.00012032963210427015,0.0042100921767909034,0.0020448812723433164,6.408923689874858,0.0,3
0.01467799267622069,0.03,-15.323989457131027,PS+GS,0.020743796023675227,0.01763214290410975,0.0020744633183817167,0.0008716821738203666,-9.091524223912763e-05,0.004239841879002561,0.0020744633183817167,6.408923689874858,0.0,3
0.021544346900318822,0.03,-13.65776997194261,GS,0.030358729785387045,0.03399837508558434,-0.005157581789466652,0.00011360586648008147,-0.005439794406662398,-0.004875369172270907,0.0,8.0,1.0,3
0.021544346900318822,0.03,-13.65776997194261,MB-fixed,0.030614725811330068,0.025607882055945996,0.003476107464817567,0.00027424294297705084,0.002794850227995322,0.0041573647016398116,0.003476107464817567,6.408923689874861,0.0,3
0.021544346900318822,0.03,-13.65776997194261,MB-global-opt,0.03038367306083689,0.025382661028668707,0.0034818283791263386,0.001900996677367507,-0.0012405091569758398,0.008204165915228517,0.0034818283791263386,4.7380473561634675,0.0,3
0.021544346900318822,0.03,-13.65776997194261,PS,0.030614725811332438,0.025607882055944664,0.0034761074648211507,0.0002742429429774418,0.0027948502279979345,0.004157364701644367,0.0034761074648211507,6.408923689874858,0.0,3
0.021544346900318822,0.03,-13.65776997194261,PS+GS,0.03061467646775995,0.02556650798204374,0.0035174346623282108,0.0002742127331006506,0.002836252470999198,0.0041986168536572235,0.0035174346623282108,6.408923689874858,0.0,3
0.03162277660168379,0.03,-11.99175959454043,GS,0.044393539942219284,0.048687520429919084,-0.006513657484810764,0.00037896957415092954,-0.007455070095553385,-0.005572244874068144,0.0,8.0,1.0,3
0.03162277660168379,0.03,-11.99175959454043,MB-fixed,0.04376325484574591,0.03703877793578836,0.004536314167670255,0.0007228998049347072,0.0027405315004372455,0.006332096834903264,0.004536314167670255,6.408923689874861,0.0,3
0.03162277660168379,0.03,-11.99175959454043,MB-global-opt,0.04294418411274877,0.03672392489186449,0.00407305001524684,0.0012477915998818142,0.0009733638456135593,0.007172736184880121,0.00407305001524684,4.7380473561634675,0.0,3
0.03162277660168379,0.03,-11.99175959454043,PS,0.04376325484574709,0.03703877793578836,0.004536314167671379,0.0007228998049351053,0.002740531500437381,0.006332096834905377,0.004536314167671379,6.408923689874858,0.0,3
0.03162277660168379,0.03,-11.99175959454043,PS+GS,0.043763260035291296,0.036980949459490375,0.004594147574036356,0.000722819343425758,0.0027985647842720686,0.006389730363800642,0.004594147574036356,6.408923689874858,0.0,3
0.046415888336127774,0.03,-10.32605604919192,GS,0.06588600220528325,0.06952896571519096,-0.006937263620171871,0.0006264311409412312,-0.008493404841179485,-0.005381122399164257,0.0,8.0,1.0,3
0.046415888336127774,0.03,-10.32605604919192,MB-fixed,0.0658680671178103,0.05338056874730257,0.009194095014617218,0.0009590223589695512,0.006811751406318717,0.01157643862291572,0.009194095014617218,6.408923689874861,0.0,3
0.046415888336127774,0.03,-10.32605604919192,MB-global-opt,0.06554554547387188,0.05294066366045347,0.009327604539724818,0.0011206492805609744,0.006543757400271924,0.012111451679177713,0.009327604539724818,4.7380473561634675,0.0,3
0.046415888336127774,0.03,-10.32605604919192,PS,0.06586806711781179,0.05338056874730457,0.009194095014616632,0.0009590223589692121,0.006811751406318973,0.011576438622914291,0.009194095014616632,6.408923689874858,0.0,3
0.046415888336127774,0.03,-10.32605604919192,PS+GS,0.06586766049736366,0.05329979002826302,0.009274487444232461,0.0009589291032377472,0.006892375496014168,0.011656599392450754,0.009274487444232461,6.408923689874858,0.0,3
0.06812920690579609,0.03,-8.660802664569578,GS,0.09502163909584027,0.09889541662334023,-0.008624859482291974,0.0015073705679767232,-0.012369375555739064,-0.004880343408844885,0.0,8.0,1.0,3
0.06812920690579609,0.03,-8.660802664569578,MB-fixed,0.09577423219582482,0.07652696559027117,0.014458554995762402,0.002352353615043915,0.008614984669332009,0.020302125322192794,0.014458554995762402,6.408923689874861,0.0,3
0.06812920690579609,0.03,-8.660802664569578,MB-global-opt,0.09451423361834206,0.07591215149345265,0.013876370443972302,0.0077163798937485316,-0.0052921798480428835,0.033044920735987485,0.013876370443972302,4.7380473561634675,0.0,3
0.06812920690579609,0.03,-8.660802664569578,PS,0.09577423219582511,0.07652696559027117,0.014458554995762684,0.0023523536150443546,0.0086149846693312,0.020302125322194168,0.014458554995762684,6.408923689874858,0.0,3
0.06812920690579609,0.03,-8.660802664569578,PS+GS,0.09577400849885749,0.07641409689858958,0.014571211175325038,0.0023523740766955626,0.008727590019334144,0.020414832331315934,0.014571211175325038,6.408923689874858,0.0,3
0.1,0.03,-6.9962095796561385,GS,0.13751797048905492,0.13985341625350833,-0.00921134428890615,0.0022585273722552984,-0.014821837307276386,-0.0036008512705359152,0.0,8.0,1.0,3
0.1,0.03,-6.9962095796561385,MB-fixed,0.13615351561007868,0.10885544238423384,0.020490397445340897,0.004627459326632426,0.008995151222604952,0.03198564366807684,0.020490397445340897,6.408923689874861,0.0,3
0.1,0.03,-6.9962095796561385,MB-global-opt,0.13040146704600097,0.1079946309390667,0.015886762754634225,0.0060117740444997885,0.0009526881363555607,0.030820837372912892,0.015886762754634225,4.7380473561634675,0.0,3
0.1,0.03,-6.9962095796561385,PS,0.13615351561008074,0.10885544238423428,0.020490397445342434,0.004627459326631527,0.008995151222608721,0.031985643668076144,0.020490397445342434,6.408923689874858,0.0,3
0.1,0.03,-6.9962095796561385,PS+GS,0.13615395272922606,0.1086974579369917,0.020648797155773058,0.004627206956992524,0.009154177853976885,0.03214341645756923,0.020648797155773058,6.408923689874858,0.0,3
