parameter_name,parameter_value,parameter_unit,scheme,repetition,I_AB,chi_BE,beta_I_AB,K_raw,K_positive,ncut,seed,channel_seed,awgn_seed,fading_samples,awgn_samples,channel_sample_hash,awgn_sample_hash,checkpoint
turbulence_strength,1e-16,m^(-2/3),Uniform QAM,0,0.13793466751415281,0.11348291432309315,0.13103793413844517,0.017555019815352,0.017555019815352,150,302026,3302026,3302027,256,128,b2ad3040445ff138,a12a38cc78856c3a,fixed project PMF
turbulence_strength,1e-16,m^(-2/3),Maxwell-Boltzmann QAM,0,0.137956409461194,0.0923426601021603,0.13105858898813433,0.03871592888597402,0.03871592888597402,150,302026,3302026,3302027,256,128,b2ad3040445ff138,a12a38cc78856c3a,fixed project PMF
turbulence_strength,1e-16,m^(-2/3),Binomial QAM,0,0.13796583887397051,0.0926346626286347,0.13106754693027195,0.03843288430163726,0.03843288430163726,150,302026,3302026,3302027,256,128,b2ad3040445ff138,a12a38cc78856c3a,fixed project PMF
turbulence_strength,1e-16,m^(-2/3),GS,0,0.1379350426536712,0.11194490981298122,0.13103829052098767,0.01909338070800642,0.01909338070800642,150,302026,3302026,3302027,256,128,b2ad3040445ff138,a12a38cc78856c3a,E:\py learn\adversarial_attack_DRL\2024_dvcvqkd\experiments\joint_seed2026\best_gs.pt
turbulence_strength,1e-16,m^(-2/3),PS,0,0.1379564094611948,0.09234266010216771,0.13105858898813505,0.03871592888596733,0.03871592888596733,150,302026,3302026,3302027,256,128,b2ad3040445ff138,a12a38cc78856c3a,E:\py learn\adversarial_attack_DRL\2024_dvcvqkd\experiments\joint_seed2026\best_ps.pt
turbulence_strength,1e-16,m^(-2/3),PS+GS,0,0.13795637239103897,0.09228984107835132,0.13105855377148704,0.03876871269313571,0.03876871269313571,150,302026,3302026,3302027,256,128,b2ad3040445ff138,a12a38cc78856c3a,E:\py learn\adversarial_attack_DRL\2024_dvcvqkd\experiments\joint_seed2026\best_joint.pt
turbulence_strength,1e-16,m^(-2/3),Uniform QAM,1,0.1412931723941336,0.11614816176297213,0.13422851377442693,0.01808035201145479,0.01808035201145479,150,303026,3303026,3303027,256,128,29946cc7b89fbaee,d0e4d263ca56883a,fixed project PMF
turbulence_strength,1e-16,m^(-2/3),Maxwell-Boltzmann QAM,1,0.14138949284981228,0.09452061705462109,0.13432001820732167,0.039799401152700586,0.039799401152700586,150,303026,3303026,3303027,256,128,29946cc7b89fbaee,d0e4d263ca56883a,fixed project PMF
turbulence_strength,1e-16,m^(-2/3),Binomial QAM,1,0.14140048241636674,0.0948195675039327,0.1343304582955484,0.0395108907916157,0.0395108907916157,150,303026,3303026,3303027,256,128,29946cc7b89fbaee,d0e4d263ca56883a,fixed project PMF
turbulence_strength,1e-16,m^(-2/3),GS,1,0.14129366399094045,0.11457535374160221,0.13422898079139345,0.019653627049791213,0.019653627049791213,150,303026,3303026,3303027,256,128,29946cc7b89fbaee,d0e4d263ca56883a,E:\py learn\adversarial_attack_DRL\2024_dvcvqkd\experiments\joint_seed2026\best_gs.pt
turbulence_strength,1e-16,m^(-2/3),PS,1,0.141389492849813,0.09452061705462868,0.13432001820732234,0.03979940115269364,0.03979940115269364,150,303026,3303026,3303027,256,128,29946cc7b89fbaee,d0e4d263ca56883a,E:\py learn\adversarial_attack_DRL\2024_dvcvqkd\experiments\joint_seed2026\best_ps.pt
turbulence_strength,1e-16,m^(-2/3),PS+GS,1,0.14138946931873847,0.0944665393638427,0.13431999585280155,0.03985345648895886,0.03985345648895886,150,303026,3303026,3303027,256,128,29946cc7b89fbaee,d0e4d263ca56883a,E:\py learn\adversarial_attack_DRL\2024_dvcvqkd\experiments\joint_seed2026\best_joint.pt
turbulence_strength,1e-16,m^(-2/3),Uniform QAM,2,0.14141331661565076,0.1161907080973939,0.13434265078486823,0.018151942687474297,0.018151942687474297,150,304026,3304026,3304027,256,128,8827428573f9a85a,633c117c30fd0613,fixed project PMF
turbulence_strength,1e-16,m^(-2/3),Maxwell-Boltzmann QAM,2,0.14131619391569591,0.09455437845110538,0.13425038421991112,0.039696005768805706,0.039696005768805706,150,304026,3304026,3304027,256,128,8827428573f9a85a,633c117c30fd0613,fixed project PMF
turbulence_strength,1e-16,m^(-2/3),Binomial QAM,2,0.14130458712936012,0.09485345165477205,0.13423935777289214,0.03938590611812009,0.03938590611812009,150,304026,3304026,3304027,256,128,8827428573f9a85a,633c117c30fd0613,fixed project PMF
turbulence_strength,1e-16,m^(-2/3),GS,2,0.14141396367195125,0.11461726537835266,0.13434326548835368,0.019726000110001002,0.019726000110001002,150,304026,3304026,3304027,256,128,8827428573f9a85a,633c117c30fd0613,E:\py learn\adversarial_attack_DRL\2024_dvcvqkd\experiments\joint_seed2026\best_gs.pt
turbulence_strength,1e-16,m^(-2/3),PS,2,0.1413161939156966,0.09455437845111309,0.13425038421991178,0.0396960057687987,0.0396960057687987,150,304026,3304026,3304027,256,128,8827428573f9a85a,633c117c30fd0613,E:\py learn\adversarial_attack_DRL\2024_dvcvqkd\experiments\joint_seed2026\best_ps.pt
turbulence_strength,1e-16,m^(-2/3),PS+GS,2,0.14131613923351805,0.09450027854423898,0.13425033227184213,0.03975005372760315,0.03975005372760315,150,304026,3304026,3304027,256,128,8827428573f9a85a,633c117c30fd0613,E:\py learn\adversarial_attack_DRL\2024_dvcvqkd\experiments\joint_seed2026\best_joint.pt
turbulence_strength,1e-16,m^(-2/3),Uniform QAM,3,0.13852146077564148,0.11403970356337126,0.13159538773685941,0.01755568417348815,0.01755568417348815,150,305026,3305026,3305027,256,128,03aaf5ddfa416d36,4a85cc5af29eb158,fixed project PMF
turbulence_strength,1e-16,m^(-2/3),Maxwell-Boltzmann QAM,3,0.13861519351459006,0.09279808391126075,0.13168443383886055,0.03888634992759982,0.03888634992759982,150,305026,3305026,3305027,256,128,03aaf5ddfa416d36,4a85cc5af29eb158,fixed project PMF
turbulence_strength,1e-16,m^(-2/3),Binomial QAM,3,0.13864896507352198,0.09309152068295015,0.13171651681984586,0.03862499613689571,0.03862499613689571,150,305026,3305026,3305027,256,128,03aaf5ddfa416d36,4a85cc5af29eb158,fixed project PMF
turbulence_strength,1e-16,m^(-2/3),GS,3,0.13852184444919297,0.1124944261446197,0.1315957522267333,0.019101326082113596,0.019101326082113596,150,305026,3305026,3305027,256,128,03aaf5ddfa416d36,4a85cc5af29eb158,E:\py learn\adversarial_attack_DRL\2024_dvcvqkd\experiments\joint_seed2026\best_gs.pt
turbulence_strength,1e-16,m^(-2/3),PS,3,0.13861519351459076,0.09279808391126833,0.13168443383886122,0.03888634992759288,0.03888634992759288,150,305026,3305026,3305027,256,128,03aaf5ddfa416d36,4a85cc5af29eb158,E:\py learn\adversarial_attack_DRL\2024_dvcvqkd\experiments\joint_seed2026\best_ps.pt
turbulence_strength,1e-16,m^(-2/3),PS+GS,3,0.13861517067236787,0.09274500515609357,0.13168441213874948,0.038939406982655904,0.038939406982655904,150,305026,3305026,3305027,256,128,03aaf5ddfa416d36,4a85cc5af29eb158,E:\py learn\adversarial_attack_DRL\2024_dvcvqkd\experiments\joint_seed2026\best_joint.pt
turbulence_strength,1e-16,m^(-2/3),Uniform QAM,4,0.13860099121904246,0.11402946991075423,0.13167094165809032,0.017641471747336067,0.017641471747336067,150,306026,3306026,3306027,256,128,21d7c6701623a04e,692d97b07edbf35a,fixed project PMF
turbulence_strength,1e-16,m^(-2/3),Maxwell-Boltzmann QAM,4,0.1386069873477558,0.09278841164606888,0.13167663798036802,0.03888822633429914,0.03888822633429914,150,306026,3306026,3306027,256,128,21d7c6701623a04e,692d97b07edbf35a,fixed project PMF
turbulence_strength,1e-16,m^(-2/3),Binomial QAM,4,0.13863163766858475,0.09308181393881845,0.13170005578515548,0.03861824184633704,0.03861824184633704,150,306026,3306026,3306027,256,128,21d7c6701623a04e,692d97b07edbf35a,fixed project PMF
turbulence_strength,1e-16,m^(-2/3),GS,4,0.1386014060708847,0.11248415361203941,0.13167133576734047,0.019187182155301068,0.019187182155301068,150,306026,3306026,3306027,256,128,21d7c6701623a04e,692d97b07edbf35a,E:\py learn\adversarial_attack_DRL\2024_dvcvqkd\experiments\joint_seed2026\best_gs.pt
turbulence_strength,1e-16,m^(-2/3),PS,4,0.13860698734775662,0.0927884116460764,0.13167663798036874,0.03888822633429237,0.03888822633429237,150,306026,3306026,3306027,256,128,21d7c6701623a04e,692d97b07edbf35a,E:\py learn\adversarial_attack_DRL\2024_dvcvqkd\experiments\joint_seed2026\best_ps.pt
turbulence_strength,1e-16,m^(-2/3),PS+GS,4,0.13860696823780838,0.09273533936014997,0.13167661982591797,0.03894128046576797,0.03894128046576797,150,306026,3306026,3306027,256,128,21d7c6701623a04e,692d97b07edbf35a,E:\py learn\adversarial_attack_DRL\2024_dvcvqkd\experiments\joint_seed2026\best_joint.pt
turbulence_strength,1.2589254117941662e-16,m^(-2/3),Uniform QAM,0,0.13535621077023352,0.11137984954175312,0.12858840023172186,0.017208550689968738,0.017208550689968738,150,302026,3312026,3312027,256,128,9920fa7f9edc8ca5,c553f16b27fcf66c,fixed project PMF
turbulence_strength,1.2589254117941662e-16,m^(-2/3),Maxwell-Boltzmann QAM,0,0.13529688206099155,0.09061955370071881,0.12853203795794196,0.03791248425722318,0.03791248425722318,150,302026,3312026,3312027,256,128,9920fa7f9edc8ca5,c553f16b27fcf66c,fixed project PMF
turbulence_strength,1.2589254117941662e-16,m^(-2/3),Binomial QAM,0,0.135257499340736,0.09090612946883686,0.12849462437369918,0.03758849490486232,0.03758849490486232,150,302026,3312026,3312027,256,128,9920fa7f9edc8ca5,c553f16b27fcf66c,fixed project PMF
turbulence_strength,1.2589254117941662e-16,m^(-2/3),GS,0,0.13535669200152017,0.10986895597955908,0.12858885740144416,0.018719901421885062,0.018719901421885062,150,302026,3312026,3312027,256,128,9920fa7f9edc8ca5,c553f16b27fcf66c,E:\py learn\adversarial_attack_DRL\2024_dvcvqkd\experiments\joint_seed2026\best_gs.pt
turbulence_strength,1.2589254117941662e-16,m^(-2/3),PS,0,0.13529688206099222,0.0906195537007263,0.1285320379579426,0.037912484257216314,0.037912484257216314,150,302026,3312026,3312027,256,128,9920fa7f9edc8ca5,c553f16b27fcf66c,E:\py learn\adversarial_attack_DRL\2024_dvcvqkd\experiments\joint_seed2026\best_ps.pt
turbulence_strength,1.2589254117941662e-16,m^(-2/3),PS+GS,0,0.13529692567667845,0.0905677178539154,0.12853207939284453,0.03796436153892911,0.03796436153892911,150,302026,3312026,3312027,256,128,9920fa7f9edc8ca5,c553f16b27fcf66c,E:\py learn\adversarial_attack_DRL\2024_dvcvqkd\experiments\joint_seed2026\best_joint.pt
turbulence_strength,1.2589254117941662e-16,m^(-2/3),Uniform QAM,1,0.1376658885591554,0.11329735854087443,0.13078259413119764,0.017485235590323223,0.017485235590323223,150,303026,3313026,3313027,256,128,1ef87544f20be816,0ffc0495a5987ec4,fixed project PMF
turbulence_strength,1.2589254117941662e-16,m^(-2/3),Maxwell-Boltzmann QAM,1,0.1376919329224329,0.09218928909001496,0.13080733627631125,0.03861804718629628,0.03861804718629628,150,303026,3313026,3313027,256,128,1ef87544f20be816,0ffc0495a5987ec4,fixed project PMF
turbulence_strength,1.2589254117941662e-16,m^(-2/3),Binomial QAM,1,0.1377019161301476,0.09248088458741704,0.13081682032364023,0.03833593573622315,0.03833593573622315,150,303026,3313026,3313027,256,128,1ef87544f20be816,0ffc0495a5987ec4,fixed project PMF
turbulence_strength,1.2589254117941662e-16,m^(-2/3),GS,1,0.13766633421460378,0.11176180827803496,0.1307830175038736,0.01902120922583864,0.01902120922583864,150,303026,3313026,3313027,256,128,1ef87544f20be816,0ffc0495a5987ec4,E:\py learn\adversarial_attack_DRL\2024_dvcvqkd\experiments\joint_seed2026\best_gs.pt
turbulence_strength,1.2589254117941662e-16,m^(-2/3),PS,1,0.13769193292243365,0.09218928909002255,0.13080733627631197,0.0386180471862894,0.0386180471862894,150,303026,3313026,3313027,256,128,1ef87544f20be816,0ffc0495a5987ec4,E:\py learn\adversarial_attack_DRL\2024_dvcvqkd\experiments\joint_seed2026\best_ps.pt
turbulence_strength,1.2589254117941662e-16,m^(-2/3),PS+GS,1,0.13769196758392585,0.0921365433677002,0.13080736920472955,0.038670825837029354,0.038670825837029354,150,303026,3313026,3313027,256,128,1ef87544f20be816,0ffc0495a5987ec4,E:\py learn\adversarial_attack_DRL\2024_dvcvqkd\experiments\joint_seed2026\best_joint.pt
turbulence_strength,1.2589254117941662e-16,m^(-2/3),Uniform QAM,2,0.1363954011293116,0.11224164064708897,0.12957563107284598,0.01733399042575702,0.01733399042575702,150,304026,3314026,3314027,256,128,9894ae599b7e1244,70d030559c6960ff,fixed project PMF
turbulence_strength,1.2589254117941662e-16,m^(-2/3),Maxwell-Boltzmann QAM,2,0.13633044578165326,0.09132685695022724,0.12951392349257057,0.03818706654234334,0.03818706654234334,150,304026,3314026,3314027,256,128,9894ae599b7e1244,70d030559c6960ff,fixed project PMF
turbulence_strength,1.2589254117941662e-16,m^(-2/3),Binomial QAM,2,0.13629283250891938,0.09161561637518764,0.1294781908834734,0.037862574508285764,0.037862574508285764,150,304026,3314026,3314027,256,128,9894ae599b7e1244,70d030559c6960ff,fixed project PMF
turbulence_strength,1.2589254117941662e-16,m^(-2/3),GS,2,0.13639579722146938,0.11071965545978465,0.12957600736039593,0.01885635190061126,0.01885635190061126,150,304026,3314026,3314027,256,128,9894ae599b7e1244,70d030559c6960ff,E:\py learn\adversarial_attack_DRL\2024_dvcvqkd\experiments\joint_seed2026\best_gs.pt
turbulence_strength,1.2589254117941662e-16,m^(-2/3),PS,2,0.13633044578165404,0.09132685695023471,0.12951392349257132,0.03818706654233663,0.03818706654233663,150,304026,3314026,3314027,256,128,9894ae599b7e1244,70d030559c6960ff,E:\py learn\adversarial_attack_DRL\2024_dvcvqkd\experiments\joint_seed2026\best_ps.pt
turbulence_strength,1.2589254117941662e-16,m^(-2/3),PS+GS,2,0.13633041505828147,0.0912746256763311,0.1295138943053674,0.03823926862903628,0.03823926862903628,150,304026,3314026,3314027,256,128,9894ae599b7e1244,70d030559c6960ff,E:\py learn\adversarial_attack_DRL\2024_dvcvqkd\experiments\joint_seed2026\best_joint.pt
turbulence_strength,1.2589254117941662e-16,m^(-2/3),Uniform QAM,3,0.13900774294933474,0.114294793726199,0.132057355801868,0.01776256207566901,0.01776256207566901,150,305026,3315026,3315027,256,128,0f7f8d85860066a7,e8ac96534cf4b90e,fixed project PMF
turbulence_strength,1.2589254117941662e-16,m^(-2/3),Maxwell-Boltzmann QAM,3,0.13922222916917715,0.09300289766302641,0.1322611177107183,0.03925822004769189,0.03925822004769189,150,305026,3315026,3315027,256,128,0f7f8d85860066a7,e8ac96534cf4b90e,fixed project PMF
turbulence_strength,1.2589254117941662e-16,m^(-2/3),Binomial QAM,3,0.13929066156189468,0.09329711075368186,0.13232612848379996,0.039029017730118104,0.039029017730118104,150,305026,3315026,3315027,256,128,0f7f8d85860066a7,e8ac96534cf4b90e,fixed project PMF
turbulence_strength,1.2589254117941662e-16,m^(-2/3),GS,3,0.139008361848111,0.11274610405383258,0.13205794375570545,0.019311839701872863,0.019311839701872863,150,305026,3315026,3315027,256,128,0f7f8d85860066a7,e8ac96534cf4b90e,E:\py learn\adversarial_attack_DRL\2024_dvcvqkd\experiments\joint_seed2026\best_gs.pt
turbulence_strength,1.2589254117941662e-16,m^(-2/3),PS,3,0.13922222916917795,0.09300289766303402,0.13226111771071902,0.03925822004768505,0.03925822004768505,150,305026,3315026,3315027,256,128,0f7f8d85860066a7,e8ac96534cf4b90e,E:\py learn\adversarial_attack_DRL\2024_dvcvqkd\experiments\joint_seed2026\best_ps.pt
turbulence_strength,1.2589254117941662e-16,m^(-2/3),PS+GS,3,0.13922226270187676,0.0929496777745103,0.13226114956678295,0.03931147179227264,0.03931147179227264,150,305026,3315026,3315027,256,128,0f7f8d85860066a7,e8ac96534cf4b90e,E:\py learn\adversarial_attack_DRL\2024_dvcvqkd\experiments\joint_seed2026\best_joint.pt
turbulence_strength,1.2589254117941662e-16,m^(-2/3),Uniform QAM,4,0.13649625860418146,0.1123238677071862,0.1296714456739724,0.017347577966786196,0.017347577966786196,150,306026,3316026,3316027,256,128,a059d63d276b3b88,27a3b47383dd3036,fixed project PMF
turbulence_strength,1.2589254117941662e-16,m^(-2/3),Maxwell-Boltzmann QAM,4,0.13645662769218436,0.09139339178518621,0.12963379630757513,0.0382404045223889,0.0382404045223889,150,306026,3316026,3316027,256,128,a059d63d276b3b88,27a3b47383dd3036,fixed project PMF
turbulence_strength,1.2589254117941662e-16,m^(-2/3),Binomial QAM,4,0.13645058530049547,0.09168243840601731,0.12962805603547067,0.037945617629453365,0.037945617629453365,150,306026,3316026,3316027,256,128,a059d63d276b3b88,27a3b47383dd3036,fixed project PMF
turbulence_strength,1.2589254117941662e-16,m^(-2/3),GS,4,0.13649676576437508,0.11080095169389251,0.1296719274761563,0.01887097578226379,0.01887097578226379,150,306026,3316026,3316027,256,128,a059d63d276b3b88,27a3b47383dd3036,E:\py learn\adversarial_attack_DRL\2024_dvcvqkd\experiments\joint_seed2026\best_gs.pt
turbulence_strength,1.2589254117941662e-16,m^(-2/3),PS,4,0.1364566276921851,0.09139339178519379,0.12963379630757585,0.03824040452238206,0.03824040452238206,150,306026,3316026,3316027,256,128,a059d63d276b3b88,27a3b47383dd3036,E:\py learn\adversarial_attack_DRL\2024_dvcvqkd\experiments\joint_seed2026\best_ps.pt
turbulence_strength,1.2589254117941662e-16,m^(-2/3),PS+GS,4,0.13645666656719677,0.09134110795086296,0.12963383323883693,0.03829272528797397,0.03829272528797397,150,306026,3316026,3316027,256,128,a059d63d276b3b88,27a3b47383dd3036,E:\py learn\adversarial_attack_DRL\2024_dvcvqkd\experiments\joint_seed2026\best_joint.pt
turbulence_strength,1.5848931924611109e-16,m^(-2/3),Uniform QAM,0,0.13095264903067405,0.10799393466624957,0.12440501657914033,0.016411081912890754,0.016411081912890754,150,302026,3322026,3322027,256,128,fcb606133853daf4,f01d9e54493155ef,fixed project PMF
turbulence_strength,1.5848931924611109e-16,m^(-2/3),Maxwell-Boltzmann QAM,0,0.13092143699266012,0.08785257790525655,0.1243753651430271,0.03652278723777057,0.03652278723777057,150,302026,3322026,3322027,256,128,fcb606133853daf4,f01d9e54493155ef,fixed project PMF
turbulence_strength,1.5848931924611109e-16,m^(-2/3),Binomial QAM,0,0.130933695141393,0.08813029120472568,0.12438701038432336,0.03625671917959768,0.03625671917959768,150,302026,3322026,3322027,256,128,fcb606133853daf4,f01d9e54493155ef,fixed project PMF
turbulence_strength,1.5848931924611109e-16,m^(-2/3),GS,0,0.13095310087771317,0.10652713518226396,0.12440544583382752,0.017878310651563558,0.017878310651563558,150,302026,3322026,3322027,256,128,fcb606133853daf4,f01d9e54493155ef,E:\py learn\adversarial_attack_DRL\2024_dvcvqkd\experiments\joint_seed2026\best_gs.pt
turbulence_strength,1.5848931924611109e-16,m^(-2/3),PS,0,0.13092143699266084,0.08785257790526382,0.12437536514302781,0.03652278723776397,0.03652278723776397,150,302026,3322026,3322027,256,128,fcb606133853daf4,f01d9e54493155ef,E:\py learn\adversarial_attack_DRL\2024_dvcvqkd\experiments\joint_seed2026\best_ps.pt
turbulence_strength,1.5848931924611109e-16,m^(-2/3),PS+GS,0,0.13092143319947536,0.08780234787407168,0.12437536153950159,0.0365730136654299,0.0365730136654299,150,302026,3322026,3322027,256,128,fcb606133853daf4,f01d9e54493155ef,E:\py learn\adversarial_attack_DRL\2024_dvcvqkd\experiments\joint_seed2026\best_joint.pt
turbulence_strength,1.5848931924611109e-16,m^(-2/3),Uniform QAM,1,0.1324859642934123,0.10915500871878138,0.1258616660787417,0.016706657359960304,0.016706657359960304,150,303026,3323026,3323027,256,128,f59a72caff164ff3,73cd1459d5e3f295,fixed project PMF
turbulence_strength,1.5848931924611109e-16,m^(-2/3),Maxwell-Boltzmann QAM,1,0.13256514998897212,0.08880466546982121,0.1259368924895235,0.03713222701970227,0.03713222701970227,150,303026,3323026,3323027,256,128,f59a72caff164ff3,73cd1459d5e3f295,fixed project PMF
turbulence_strength,1.5848931924611109e-16,m^(-2/3),Binomial QAM,1,0.1325843436716988,0.08908530141217738,0.12595512648811386,0.03686982507593647,0.03686982507593647,150,303026,3323026,3323027,256,128,f59a72caff164ff3,73cd1459d5e3f295,fixed project PMF
turbulence_strength,1.5848931924611109e-16,m^(-2/3),GS,1,0.13248650547963586,0.10767311124251003,0.12586218020565404,0.018189068963144032,0.018189068963144032,150,303026,3323026,3323027,256,128,f59a72caff164ff3,73cd1459d5e3f295,E:\py learn\adversarial_attack_DRL\2024_dvcvqkd\experiments\joint_seed2026\best_gs.pt
turbulence_strength,1.5848931924611109e-16,m^(-2/3),PS,1,0.13256514998897284,0.08880466546982835,0.1259368924895242,0.03713222701969584,0.03713222701969584,150,303026,3323026,3323027,256,128,f59a72caff164ff3,73cd1459d5e3f295,E:\py learn\adversarial_attack_DRL\2024_dvcvqkd\experiments\joint_seed2026\best_ps.pt
turbulence_strength,1.5848931924611109e-16,m^(-2/3),PS+GS,1,0.13256516103982832,0.08875390645859037,0.1259369029878369,0.037182996529246545,0.037182996529246545,150,303026,3323026,3323027,256,128,f59a72caff164ff3,73cd1459d5e3f295,E:\py learn\adversarial_attack_DRL\2024_dvcvqkd\experiments\joint_seed2026\best_joint.pt
turbulence_strength,1.5848931924611109e-16,m^(-2/3),Uniform QAM,2,0.13867582648807258,0.11407969389162126,0.13174203516366895,0.017662341272047688,0.017662341272047688,150,304026,3324026,3324027,256,128,c866f6ad235ae758,e7f359e38c6dc4ad,fixed project PMF
turbulence_strength,1.5848931924611109e-16,m^(-2/3),Maxwell-Boltzmann QAM,2,0.13894356275944325,0.09282958439185154,0.1319963846214711,0.039166800229619554,0.039166800229619554,150,304026,3324026,3324027,256,128,c866f6ad235ae758,e7f359e38c6dc4ad,fixed project PMF
turbulence_strength,1.5848931924611109e-16,m^(-2/3),Binomial QAM,2,0.13898587102985321,0.09312310087174588,0.13203657747836056,0.038913476606614664,0.038913476606614664,150,304026,3324026,3324027,256,128,c866f6ad235ae758,e7f359e38c6dc4ad,fixed project PMF
turbulence_strength,1.5848931924611109e-16,m^(-2/3),GS,2,0.138676268286476,0.11253368665256003,0.1317424548721522,0.019208768219592158,0.019208768219592158,150,304026,3324026,3324027,256,128,c866f6ad235ae758,e7f359e38c6dc4ad,E:\py learn\adversarial_attack_DRL\2024_dvcvqkd\experiments\joint_seed2026\best_gs.pt
turbulence_strength,1.5848931924611109e-16,m^(-2/3),PS,2,0.13894356275944394,0.09282958439185907,0.13199638462147176,0.0391668002296127,0.0391668002296127,150,304026,3324026,3324027,256,128,c866f6ad235ae758,e7f359e38c6dc4ad,E:\py learn\adversarial_attack_DRL\2024_dvcvqkd\experiments\joint_seed2026\best_ps.pt
turbulence_strength,1.5848931924611109e-16,m^(-2/3),PS+GS,2,0.138943586471741,0.09277649154504072,0.13199640714815394,0.03921991560311321,0.03921991560311321,150,304026,3324026,3324027,256,128,c866f6ad235ae758,e7f359e38c6dc4ad,E:\py learn\adversarial_attack_DRL\2024_dvcvqkd\experiments\joint_seed2026\best_joint.pt
turbulence_strength,1.5848931924611109e-16,m^(-2/3),Uniform QAM,3,0.13302358190013625,0.10954965817623541,0.12637240280512946,0.016822744628894035,0.016822744628894035,150,305026,3325026,3325027,256,128,80e9aae2440674e6,69d0a94a3bf37655,fixed project PMF
turbulence_strength,1.5848931924611109e-16,m^(-2/3),Maxwell-Boltzmann QAM,3,0.1331790339036339,0.08912819697167694,0.12652008220845215,0.037391885236775224,0.037391885236775224,150,305026,3325026,3325027,256,128,80e9aae2440674e6,69d0a94a3bf37655,fixed project PMF
turbulence_strength,1.5848931924611109e-16,m^(-2/3),Binomial QAM,3,0.13323002786594512,0.08940988241754877,0.12656852647264788,0.03715864405509909,0.03715864405509909,150,305026,3325026,3325027,256,128,80e9aae2440674e6,69d0a94a3bf37655,fixed project PMF
turbulence_strength,1.5848931924611109e-16,m^(-2/3),GS,3,0.1330239494955333,0.10806278723702174,0.12637275202075665,0.0183099647837349,0.0183099647837349,150,305026,3325026,3325027,256,128,80e9aae2440674e6,69d0a94a3bf37655,E:\py learn\adversarial_attack_DRL\2024_dvcvqkd\experiments\joint_seed2026\best_gs.pt
turbulence_strength,1.5848931924611109e-16,m^(-2/3),PS,3,0.1331790339036346,0.08912819697168421,0.12652008220845284,0.03739188523676866,0.03739188523676866,150,305026,3325026,3325027,256,128,80e9aae2440674e6,69d0a94a3bf37655,E:\py learn\adversarial_attack_DRL\2024_dvcvqkd\experiments\joint_seed2026\best_ps.pt
turbulence_strength,1.5848931924611109e-16,m^(-2/3),PS+GS,3,0.13317906248348152,0.08907724753647395,0.12652010935930744,0.037442861822833476,0.037442861822833476,150,305026,3325026,3325027,256,128,80e9aae2440674e6,69d0a94a3bf37655,E:\py learn\adversarial_attack_DRL\2024_dvcvqkd\experiments\joint_seed2026\best_joint.pt
turbulence_strength,1.5848931924611109e-16,m^(-2/3),Uniform QAM,4,0.13509260491763267,0.11113998318319568,0.12833797467175104,0.01719799148855536,0.01719799148855536,150,306026,3326026,3326027,256,128,dec7b7823e08e867,5318bb140e2646da,fixed project PMF
turbulence_strength,1.5848931924611109e-16,m^(-2/3),Maxwell-Boltzmann QAM,4,0.13497170772530892,0.0904276568910484,0.12822312233904348,0.03779546544799506,0.03779546544799506,150,306026,3326026,3326027,256,128,dec7b7823e08e867,5318bb140e2646da,fixed project PMF
turbulence_strength,1.5848931924611109e-16,m^(-2/3),Binomial QAM,4,0.1349503496220849,0.0907135154224177,0.12820283214098066,0.037489316718562954,0.037489316718562954,150,306026,3326026,3326027,256,128,dec7b7823e08e867,5318bb140e2646da,fixed project PMF
turbulence_strength,1.5848931924611109e-16,m^(-2/3),GS,4,0.1350930521308071,0.10963241531362063,0.12833839952426676,0.018705984210646127,0.018705984210646127,150,306026,3326026,3326027,256,128,dec7b7823e08e867,5318bb140e2646da,E:\py learn\adversarial_attack_DRL\2024_dvcvqkd\experiments\joint_seed2026\best_gs.pt
turbulence_strength,1.5848931924611109e-16,m^(-2/3),PS,4,0.13497170772530973,0.09042765689105575,0.12822312233904426,0.03779546544798848,0.03779546544798848,150,306026,3326026,3326027,256,128,dec7b7823e08e867,5318bb140e2646da,E:\py learn\adversarial_attack_DRL\2024_dvcvqkd\experiments\joint_seed2026\best_ps.pt
turbulence_strength,1.5848931924611109e-16,m^(-2/3),PS+GS,4,0.13497170934907357,0.09037595125386524,0.12822312388161988,0.03784717262775465,0.03784717262775465,150,306026,3326026,3326027,256,128,dec7b7823e08e867,5318bb140e2646da,E:\py learn\adversarial_attack_DRL\2024_dvcvqkd\experiments\joint_seed2026\best_joint.pt
turbulence_strength,1.995262314968883e-16,m^(-2/3),Uniform QAM,0,0.12868990299096006,0.10609468875634206,0.12225540784141203,0.01616071908506996,0.01616071908506996,150,302026,3332026,3332027,256,128,473471ca16aee7b4,a38806816e7131e9,fixed project PMF
turbulence_strength,1.995262314968883e-16,m^(-2/3),Maxwell-Boltzmann QAM,0,0.12874804189045685,0.08629991580947646,0.12231063979593401,0.036010723986457535,0.036010723986457535,150,302026,3332026,3332027,256,128,473471ca16aee7b4,a38806816e7131e9,fixed project PMF
turbulence_strength,1.995262314968883e-16,m^(-2/3),Binomial QAM,0,0.12877144407857305,0.08657274138195768,0.12233287187464442,0.0357601304926867,0.0357601304926867,150,302026,3332026,3332027,256,128,473471ca16aee7b4,a38806816e7131e9,fixed project PMF
turbulence_strength,1.995262314968883e-16,m^(-2/3),GS,0,0.1286901463018447,0.1046528047536504,0.12225563898675244,0.01760283423310205,0.01760283423310205,150,302026,3332026,3332027,256,128,473471ca16aee7b4,a38806816e7131e9,E:\py learn\adversarial_attack_DRL\2024_dvcvqkd\experiments\joint_seed2026\best_gs.pt
turbulence_strength,1.995262314968883e-16,m^(-2/3),PS,0,0.12874804189045763,0.08629991580948344,0.12231063979593473,0.03601072398645129,0.03601072398645129,150,302026,3332026,3332027,256,128,473471ca16aee7b4,a38806816e7131e9,E:\py learn\adversarial_attack_DRL\2024_dvcvqkd\experiments\joint_seed2026\best_ps.pt
turbulence_strength,1.995262314968883e-16,m^(-2/3),PS+GS,0,0.1287480163098049,0.08625057077280779,0.12231061549431466,0.03606004472150688,0.03606004472150688,150,302026,3332026,3332027,256,128,473471ca16aee7b4,a38806816e7131e9,E:\py learn\adversarial_attack_DRL\2024_dvcvqkd\experiments\joint_seed2026\best_joint.pt
turbulence_strength,1.995262314968883e-16,m^(-2/3),Uniform QAM,1,0.12636373994131456,0.10419848549531577,0.12004555294424883,0.01584706744893306,0.01584706744893306,150,303026,3333026,3333027,256,128,90544743aefb37de,cc710386ec693609,fixed project PMF
turbulence_strength,1.995262314968883e-16,m^(-2/3),Maxwell-Boltzmann QAM,1,0.126273910528035,0.08474392593645516,0.11996021500163324,0.03521628906517808,0.03521628906517808,150,303026,3333026,3333027,256,128,90544743aefb37de,cc710386ec693609,fixed project PMF
turbulence_strength,1.995262314968883e-16,m^(-2/3),Binomial QAM,1,0.12626657536137903,0.08501201375838677,0.1199532465933101,0.034941232834923314,0.034941232834923314,150,303026,3333026,3333027,256,128,90544743aefb37de,cc710386ec693609,fixed project PMF
turbulence_strength,1.995262314968883e-16,m^(-2/3),GS,1,0.12636414431771487,0.10278124008918628,0.12004593710182909,0.01726469701264282,0.01726469701264282,150,303026,3333026,3333027,256,128,90544743aefb37de,cc710386ec693609,E:\py learn\adversarial_attack_DRL\2024_dvcvqkd\experiments\joint_seed2026\best_gs.pt
turbulence_strength,1.995262314968883e-16,m^(-2/3),PS,1,0.12627391052803563,0.08474392593646214,0.11996021500163384,0.0352162890651717,0.0352162890651717,150,303026,3333026,3333027,256,128,90544743aefb37de,cc710386ec693609,E:\py learn\adversarial_attack_DRL\2024_dvcvqkd\experiments\joint_seed2026\best_ps.pt
turbulence_strength,1.995262314968883e-16,m^(-2/3),PS+GS,1,0.12627389538795541,0.08469543823149356,0.11996020061855765,0.03526476238706408,0.03526476238706408,150,303026,3333026,3333027,256,128,90544743aefb37de,cc710386ec693609,E:\py learn\adversarial_attack_DRL\2024_dvcvqkd\experiments\joint_seed2026\best_joint.pt
turbulence_strength,1.995262314968883e-16,m^(-2/3),Uniform QAM,2,0.13501024941494336,0.11117047665351715,0.12825973694419618,0.017089260290679028,0.017089260290679028,150,304026,3334026,3334027,256,128,90165eec202ce843,74c3e42e1cc92ef0,fixed project PMF
turbulence_strength,1.995262314968883e-16,m^(-2/3),Maxwell-Boltzmann QAM,2,0.13513314606231708,0.0904515908421285,0.1283764887592012,0.03792489791707272,0.03792489791707272,150,304026,3334026,3334027,256,128,90165eec202ce843,74c3e42e1cc92ef0,fixed project PMF
turbulence_strength,1.995262314968883e-16,m^(-2/3),Binomial QAM,2,0.13517032405795182,0.09073750630245575,0.1284118078550542,0.03767430155259847,0.03767430155259847,150,304026,3334026,3334027,256,128,90165eec202ce843,74c3e42e1cc92ef0,fixed project PMF
turbulence_strength,1.995262314968883e-16,m^(-2/3),GS,2,0.13501064263085827,0.1096623309995466,0.12826011049931538,0.018597779499768763,0.018597779499768763,150,304026,3334026,3334027,256,128,90165eec202ce843,74c3e42e1cc92ef0,E:\py learn\adversarial_attack_DRL\2024_dvcvqkd\experiments\joint_seed2026\best_gs.pt
turbulence_strength,1.995262314968883e-16,m^(-2/3),PS,2,0.1351331460623178,0.09045159084213603,0.1283764887592019,0.037924897917065895,0.037924897917065895,150,304026,3334026,3334027,256,128,90165eec202ce843,74c3e42e1cc92ef0,E:\py learn\adversarial_attack_DRL\2024_dvcvqkd\experiments\joint_seed2026\best_ps.pt
turbulence_strength,1.995262314968883e-16,m^(-2/3),PS+GS,2,0.13513314389874642,0.09039987519999547,0.1283764867038091,0.03797661150381362,0.03797661150381362,150,304026,3334026,3334027,256,128,90165eec202ce843,74c3e42e1cc92ef0,E:\py learn\adversarial_attack_DRL\2024_dvcvqkd\experiments\joint_seed2026\best_joint.pt
turbulence_strength,1.995262314968883e-16,m^(-2/3),Uniform QAM,3,0.13069123583125658,0.1076794457882378,0.12415667403969376,0.016477228251455957,0.016477228251455957,150,305026,3335026,3335027,256,128,2417170991329441,2800e275ea390bd4,fixed project PMF
turbulence_strength,1.995262314968883e-16,m^(-2/3),Maxwell-Boltzmann QAM,3,0.13061995388922162,0.08759335191832474,0.12408895619476053,0.036495604276435785,0.036495604276435785,150,305026,3335026,3335027,256,128,2417170991329441,2800e275ea390bd4,fixed project PMF
turbulence_strength,1.995262314968883e-16,m^(-2/3),Binomial QAM,3,0.13064645377758205,0.08787031212946941,0.12411413108870295,0.03624381895923355,0.03624381895923355,150,305026,3335026,3335027,256,128,2417170991329441,2800e275ea390bd4,fixed project PMF
turbulence_strength,1.995262314968883e-16,m^(-2/3),GS,3,0.1306915973336163,0.10621669812327797,0.12415701746693544,0.01794031934365748,0.01794031934365748,150,305026,3335026,3335027,256,128,2417170991329441,2800e275ea390bd4,E:\py learn\adversarial_attack_DRL\2024_dvcvqkd\experiments\joint_seed2026\best_gs.pt
turbulence_strength,1.995262314968883e-16,m^(-2/3),PS,3,0.13061995388922232,0.08759335191833187,0.12408895619476121,0.03649560427642932,0.03649560427642932,150,305026,3335026,3335027,256,128,2417170991329441,2800e275ea390bd4,E:\py learn\adversarial_attack_DRL\2024_dvcvqkd\experiments\joint_seed2026\best_ps.pt
turbulence_strength,1.995262314968883e-16,m^(-2/3),PS+GS,3,0.13061998072917425,0.08754325802315073,0.12408898169271552,0.036545723669564774,0.036545723669564774,150,305026,3335026,3335027,256,128,2417170991329441,2800e275ea390bd4,E:\py learn\adversarial_attack_DRL\2024_dvcvqkd\experiments\joint_seed2026\best_joint.pt
turbulence_strength,1.995262314968883e-16,m^(-2/3),Uniform QAM,4,0.1278895001872396,0.10544015045716973,0.12149502517787762,0.016054874720707893,0.016054874720707893,150,306026,3336026,3336027,256,128,e726235ffa08991f,421df4487ac913af,fixed project PMF
turbulence_strength,1.995262314968883e-16,m^(-2/3),Maxwell-Boltzmann QAM,4,0.12792103542446676,0.0857607349117033,0.12152498365324343,0.035764248741540106,0.035764248741540106,150,306026,3336026,3336027,256,128,e726235ffa08991f,421df4487ac913af,fixed project PMF
turbulence_strength,1.995262314968883e-16,m^(-2/3),Binomial QAM,4,0.12792853127143122,0.08603194037835774,0.12153210470785966,0.035500164329501926,0.035500164329501926,150,306026,3336026,3336027,256,128,e726235ffa08991f,421df4487ac913af,fixed project PMF
turbulence_strength,1.995262314968883e-16,m^(-2/3),GS,4,0.1278899167362109,0.1040065802959454,0.12149542089940032,0.017488840603454923,0.017488840603454923,150,306026,3336026,3336027,256,128,e726235ffa08991f,421df4487ac913af,E:\py learn\adversarial_attack_DRL\2024_dvcvqkd\experiments\joint_seed2026\best_gs.pt
turbulence_strength,1.995262314968883e-16,m^(-2/3),PS,4,0.1279210354244675,0.08576073491171042,0.12152498365324413,0.03576424874153373,0.03576424874153373,150,306026,3336026,3336027,256,128,e726235ffa08991f,421df4487ac913af,E:\py learn\adversarial_attack_DRL\2024_dvcvqkd\experiments\joint_seed2026\best_ps.pt
turbulence_strength,1.995262314968883e-16,m^(-2/3),PS+GS,4,0.1279211011615956,0.085711683164131,0.12152504610351583,0.03581336293938483,0.03581336293938483,150,306026,3336026,3336027,256,128,e726235ffa08991f,421df4487ac913af,E:\py learn\adversarial_attack_DRL\2024_dvcvqkd\experiments\joint_seed2026\best_joint.pt
turbulence_strength,2.511886431509582e-16,m^(-2/3),Uniform QAM,0,0.1311383835460916,0.10813793046721128,0.12458146436878703,0.016443533901575748,0.016443533901575748,150,302026,3342026,3342027,256,128,f01e4ff92e458867,c1e4bd180900b141,fixed project PMF
turbulence_strength,2.511886431509582e-16,m^(-2/3),Maxwell-Boltzmann QAM,0,0.13112480390485062,0.08797224522567684,0.1245685637096081,0.03659631848393125,0.03659631848393125,150,302026,3342026,3342027,256,128,f01e4ff92e458867,c1e4bd180900b141,fixed project PMF
turbulence_strength,2.511886431509582e-16,m^(-2/3),Binomial QAM,0,0.1311142896135016,0.08825023168410592,0.1245585751328265,0.036308343448720574,0.036308343448720574,150,302026,3342026,3342027,256,128,f01e4ff92e458867,c1e4bd180900b141,fixed project PMF
turbulence_strength,2.511886431509582e-16,m^(-2/3),GS,0,0.13113881970228172,0.10666917241611444,0.12458187871716761,0.01791270630105318,0.01791270630105318,150,302026,3342026,3342027,256,128,f01e4ff92e458867,c1e4bd180900b141,E:\py learn\adversarial_attack_DRL\2024_dvcvqkd\experiments\joint_seed2026\best_gs.pt
turbulence_strength,2.511886431509582e-16,m^(-2/3),PS,0,0.13112480390485132,0.08797224522568402,0.12456856370960878,0.03659631848392474,0.03659631848392474,150,302026,3342026,3342027,256,128,f01e4ff92e458867,c1e4bd180900b141,E:\py learn\adversarial_attack_DRL\2024_dvcvqkd\experiments\joint_seed2026\best_ps.pt
turbulence_strength,2.511886431509582e-16,m^(-2/3),PS+GS,0,0.1311248305158736,0.08792196632798566,0.12456858899007991,0.03664662266209426,0.03664662266209426,150,302026,3342026,3342027,256,128,f01e4ff92e458867,c1e4bd180900b141,E:\py learn\adversarial_attack_DRL\2024_dvcvqkd\experiments\joint_seed2026\best_joint.pt
turbulence_strength,2.511886431509582e-16,m^(-2/3),Uniform QAM,1,0.1293825934604903,0.10663415113688268,0.12291346378746576,0.016279312650583088,0.016279312650583088,150,303026,3343026,3343027,256,128,7557394dae868e3d,7a39412a9be12751,fixed project PMF
turbulence_strength,2.511886431509582e-16,m^(-2/3),Maxwell-Boltzmann QAM,1,0.12945945978076842,0.08674293635436178,0.12298648679173001,0.036243550437368224,0.036243550437368224,150,303026,3343026,3343027,256,128,7557394dae868e3d,7a39412a9be12751,fixed project PMF
turbulence_strength,2.511886431509582e-16,m^(-2/3),Binomial QAM,1,0.12948642973730817,0.08701705390177464,0.12301210825044274,0.0359950543486681,0.0359950543486681,150,303026,3343026,3343027,256,128,7557394dae868e3d,7a39412a9be12751,fixed project PMF
turbulence_strength,2.511886431509582e-16,m^(-2/3),GS,1,0.12938292658937853,0.10518512987339435,0.1229137802599096,0.01772865038651527,0.01772865038651527,150,303026,3343026,3343027,256,128,7557394dae868e3d,7a39412a9be12751,E:\py learn\adversarial_attack_DRL\2024_dvcvqkd\experiments\joint_seed2026\best_gs.pt
turbulence_strength,2.511886431509582e-16,m^(-2/3),PS,1,0.12945945978076923,0.08674293635436878,0.12298648679173077,0.03624355043736198,0.03624355043736198,150,303026,3343026,3343027,256,128,7557394dae868e3d,7a39412a9be12751,E:\py learn\adversarial_attack_DRL\2024_dvcvqkd\experiments\joint_seed2026\best_ps.pt
turbulence_strength,2.511886431509582e-16,m^(-2/3),PS+GS,1,0.12945945276046794,0.0866933579639686,0.12298648012244454,0.03629312215847594,0.03629312215847594,150,303026,3343026,3343027,256,128,7557394dae868e3d,7a39412a9be12751,E:\py learn\adversarial_attack_DRL\2024_dvcvqkd\experiments\joint_seed2026\best_joint.pt
turbulence_strength,2.511886431509582e-16,m^(-2/3),Uniform QAM,2,0.12443177382253316,0.10277521785399091,0.11821018513140649,0.015434967277415598,0.015434967277415598,150,304026,3344026,3344027,256,128,ba7de4055967277a,f94ce5c86493bec2,fixed project PMF
turbulence_strength,2.511886431509582e-16,m^(-2/3),Maxwell-Boltzmann QAM,2,0.12429057259114447,0.08358608640361312,0.11807604396158725,0.03448995755797413,0.03448995755797413,150,304026,3344026,3344027,256,128,ba7de4055967277a,f94ce5c86493bec2,fixed project PMF
turbulence_strength,2.511886431509582e-16,m^(-2/3),Binomial QAM,2,0.1242708518886961,0.0838502146364275,0.1180573092942613,0.03420709465783378,0.03420709465783378,150,304026,3344026,3344027,256,128,ba7de4055967277a,f94ce5c86493bec2,fixed project PMF
turbulence_strength,2.511886431509582e-16,m^(-2/3),GS,2,0.12443204225529078,0.10137640515292343,0.11821044014252625,0.016834034989602824,0.016834034989602824,150,304026,3344026,3344027,256,128,ba7de4055967277a,f94ce5c86493bec2,E:\py learn\adversarial_attack_DRL\2024_dvcvqkd\experiments\joint_seed2026\best_gs.pt
turbulence_strength,2.511886431509582e-16,m^(-2/3),PS,2,0.1242905725911452,0.08358608640362006,0.11807604396158794,0.03448995755796788,0.03448995755796788,150,304026,3344026,3344027,256,128,ba7de4055967277a,f94ce5c86493bec2,E:\py learn\adversarial_attack_DRL\2024_dvcvqkd\experiments\joint_seed2026\best_ps.pt
turbulence_strength,2.511886431509582e-16,m^(-2/3),PS+GS,2,0.12429054641446251,0.08353831747438768,0.11807601909373938,0.0345377016193517,0.0345377016193517,150,304026,3344026,3344027,256,128,ba7de4055967277a,f94ce5c86493bec2,E:\py learn\adversarial_attack_DRL\2024_dvcvqkd\experiments\joint_seed2026\best_joint.pt
turbulence_strength,2.511886431509582e-16,m^(-2/3),Uniform QAM,3,0.1301149898961857,0.1072837567945859,0.1236092404013764,0.016325483606790495,0.016325483606790495,150,305026,3345026,3345027,256,128,1914d6b7f125f0de,5eb025b2032d7969,fixed project PMF
turbulence_strength,2.511886431509582e-16,m^(-2/3),Maxwell-Boltzmann QAM,3,0.13002169585538503,0.08727092510403128,0.1235206110626158,0.03624968595858452,0.03624968595858452,150,305026,3345026,3345027,256,128,1914d6b7f125f0de,5eb025b2032d7969,fixed project PMF
turbulence_strength,2.511886431509582e-16,m^(-2/3),Binomial QAM,3,0.13002300058669328,0.08754683450490602,0.12352185055735862,0.035975016052452596,0.035975016052452596,150,305026,3345026,3345027,256,128,1914d6b7f125f0de,5eb025b2032d7969,fixed project PMF
turbulence_strength,2.511886431509582e-16,m^(-2/3),GS,3,0.1301153477527968,0.10582622290370026,0.12360958036515697,0.017783357461456685,0.017783357461456685,150,305026,3345026,3345027,256,128,1914d6b7f125f0de,5eb025b2032d7969,E:\py learn\adversarial_attack_DRL\2024_dvcvqkd\experiments\joint_seed2026\best_gs.pt
turbulence_strength,2.511886431509582e-16,m^(-2/3),PS,3,0.1300216958553858,0.08727092510403847,0.12352061106261651,0.03624968595857805,0.03624968595857805,150,305026,3345026,3345027,256,128,1914d6b7f125f0de,5eb025b2032d7969,E:\py learn\adversarial_attack_DRL\2024_dvcvqkd\experiments\joint_seed2026\best_ps.pt
turbulence_strength,2.511886431509582e-16,m^(-2/3),PS+GS,3,0.1300217036142956,0.08722102162247333,0.12352061843358081,0.03629959681110745,0.03629959681110745,150,305026,3345026,3345027,256,128,1914d6b7f125f0de,5eb025b2032d7969,E:\py learn\adversarial_attack_DRL\2024_dvcvqkd\experiments\joint_seed2026\best_joint.pt
turbulence_strength,2.511886431509582e-16,m^(-2/3),Uniform QAM,4,0.12899054013447078,0.10640968901660582,0.12254101312774725,0.01613132411114144,0.01613132411114144,150,306026,3346026,3346027,256,128,3fc93922e1248c54,229f9524faa2d710,fixed project PMF
turbulence_strength,2.511886431509582e-16,m^(-2/3),Maxwell-Boltzmann QAM,4,0.12905295089348234,0.08655827051673243,0.1226003033488082,0.036042032832075785,0.036042032832075785,150,306026,3346026,3346027,256,128,3fc93922e1248c54,229f9524faa2d710,fixed project PMF
turbulence_strength,2.511886431509582e-16,m^(-2/3),Binomial QAM,4,0.12905407268863622,0.0868319179228514,0.1226013690542044,0.035769451131353006,0.035769451131353006,150,306026,3346026,3346027,256,128,3fc93922e1248c54,229f9524faa2d710,fixed project PMF
turbulence_strength,2.511886431509582e-16,m^(-2/3),GS,4,0.1289909538792753,0.10496380144948278,0.12254140618531154,0.017577604735828773,0.017577604735828773,150,306026,3346026,3346027,256,128,3fc93922e1248c54,229f9524faa2d710,E:\py learn\adversarial_attack_DRL\2024_dvcvqkd\experiments\joint_seed2026\best_gs.pt
turbulence_strength,2.511886431509582e-16,m^(-2/3),PS,4,0.12905295089348298,0.08655827051673956,0.12260030334880881,0.03604203283206925,0.03604203283206925,150,306026,3346026,3346027,256,128,3fc93922e1248c54,229f9524faa2d710,E:\py learn\adversarial_attack_DRL\2024_dvcvqkd\experiments\joint_seed2026\best_ps.pt
turbulence_strength,2.511886431509582e-16,m^(-2/3),PS+GS,4,0.129052999457915,0.08650877647933328,0.12260034948501924,0.036091573005685974,0.036091573005685974,150,306026,3346026,3346027,256,128,3fc93922e1248c54,229f9524faa2d710,E:\py learn\adversarial_attack_DRL\2024_dvcvqkd\experiments\joint_seed2026\best_joint.pt
turbulence_strength,3.1622776601683793e-16,m^(-2/3),Uniform QAM,0,0.12515780496770912,0.1033425656387897,0.1188999147193237,0.015557349080533979,0.015557349080533979,150,302026,3352026,3352027,256,128,0155fa478822d853,ac537eb904795520,fixed project PMF
turbulence_strength,3.1622776601683793e-16,m^(-2/3),Maxwell-Boltzmann QAM,0,0.12517333698725397,0.0840504541285217,0.11891467013789127,0.03486421600936956,0.03486421600936956,150,302026,3352026,3352027,256,128,0155fa478822d853,ac537eb904795520,fixed project PMF
turbulence_strength,3.1622776601683793e-16,m^(-2/3),Binomial QAM,0,0.12516241027408184,0.08431610264003009,0.11890428976037774,0.034588187120347655,0.034588187120347655,150,302026,3352026,3352027,256,128,0155fa478822d853,ac537eb904795520,fixed project PMF
turbulence_strength,3.1622776601683793e-16,m^(-2/3),GS,0,0.12515812839202964,0.10193655319937527,0.11890022197242814,0.016963668773052887,0.016963668773052887,150,302026,3352026,3352027,256,128,0155fa478822d853,ac537eb904795520,E:\py learn\adversarial_attack_DRL\2024_dvcvqkd\experiments\joint_seed2026\best_gs.pt
turbulence_strength,3.1622776601683793e-16,m^(-2/3),PS,0,0.1251733369872547,0.08405045412852856,0.11891467013789196,0.034864216009363395,0.034864216009363395,150,302026,3352026,3352027,256,128,0155fa478822d853,ac537eb904795520,E:\py learn\adversarial_attack_DRL\2024_dvcvqkd\experiments\joint_seed2026\best_ps.pt
turbulence_strength,3.1622776601683793e-16,m^(-2/3),PS+GS,0,0.12517342306084736,0.08400240935284313,0.11891475190780498,0.03491234255496186,0.03491234255496186,150,302026,3352026,3352027,256,128,0155fa478822d853,ac537eb904795520,E:\py learn\adversarial_attack_DRL\2024_dvcvqkd\experiments\joint_seed2026\best_joint.pt
turbulence_strength,3.1622776601683793e-16,m^(-2/3),Uniform QAM,1,0.12332263191240656,0.1017701359171327,0.11715650031678622,0.015386364399653529,0.015386364399653529,150,303026,3353026,3353027,256,128,5124765f493e1b68,54684ebbf36bdf5a,fixed project PMF
turbulence_strength,3.1622776601683793e-16,m^(-2/3),Maxwell-Boltzmann QAM,1,0.12316882697788682,0.08276300843712477,0.11701038562899248,0.034247377191867705,0.034247377191867705,150,303026,3353026,3353027,256,128,5124765f493e1b68,54684ebbf36bdf5a,fixed project PMF
turbulence_strength,3.1622776601683793e-16,m^(-2/3),Binomial QAM,1,0.12313415929949437,0.08302463609546049,0.11697745133451964,0.03395281523905916,0.03395281523905916,150,303026,3353026,3353027,256,128,5124765f493e1b68,54684ebbf36bdf5a,fixed project PMF
turbulence_strength,3.1622776601683793e-16,m^(-2/3),GS,1,0.12332295933063292,0.10038460551046878,0.11715681136410128,0.01677220585363249,0.01677220585363249,150,303026,3353026,3353027,256,128,5124765f493e1b68,54684ebbf36bdf5a,E:\py learn\adversarial_attack_DRL\2024_dvcvqkd\experiments\joint_seed2026\best_gs.pt
turbulence_strength,3.1622776601683793e-16,m^(-2/3),PS,1,0.12316882697788765,0.08276300843713141,0.11701038562899324,0.03424737719186183,0.03424737719186183,150,303026,3353026,3353027,256,128,5124765f493e1b68,54684ebbf36bdf5a,E:\py learn\adversarial_attack_DRL\2024_dvcvqkd\experiments\joint_seed2026\best_ps.pt
turbulence_strength,3.1622776601683793e-16,m^(-2/3),PS+GS,1,0.12316880834035288,0.08271569171260962,0.11701036792333522,0.03429467621072561,0.03429467621072561,150,303026,3353026,3353027,256,128,5124765f493e1b68,54684ebbf36bdf5a,E:\py learn\adversarial_attack_DRL\2024_dvcvqkd\experiments\joint_seed2026\best_joint.pt
turbulence_strength,3.1622776601683793e-16,m^(-2/3),Uniform QAM,2,0.12365265132698278,0.10206441656440092,0.11747001876063363,0.015405602196232732,0.015405602196232732,150,304026,3354026,3354027,256,128,16b3341692488e1a,43fda106fa6caed2,fixed project PMF
turbulence_strength,3.1622776601683793e-16,m^(-2/3),Maxwell-Boltzmann QAM,2,0.1237115348908023,0.08299985907020314,0.11752595814626215,0.034526099076059025,0.034526099076059025,150,304026,3354026,3354027,256,128,16b3341692488e1a,43fda106fa6caed2,fixed project PMF
turbulence_strength,3.1622776601683793e-16,m^(-2/3),Binomial QAM,2,0.1237148338904249,0.08326222142588122,0.11752909219590367,0.03426687077002245,0.03426687077002245,150,304026,3354026,3354027,256,128,16b3341692488e1a,43fda106fa6caed2,fixed project PMF
turbulence_strength,3.1622776601683793e-16,m^(-2/3),GS,2,0.12365296439705703,0.10067453328569202,0.11747031617720417,0.016795782891512175,0.016795782891512175,150,304026,3354026,3354027,256,128,16b3341692488e1a,43fda106fa6caed2,E:\py learn\adversarial_attack_DRL\2024_dvcvqkd\experiments\joint_seed2026\best_gs.pt
turbulence_strength,3.1622776601683793e-16,m^(-2/3),PS,2,0.12371153489080303,0.0829998590702099,0.11752595814626288,0.034526099076052974,0.034526099076052974,150,304026,3354026,3354027,256,128,16b3341692488e1a,43fda106fa6caed2,E:\py learn\adversarial_attack_DRL\2024_dvcvqkd\experiments\joint_seed2026\best_ps.pt
turbulence_strength,3.1622776601683793e-16,m^(-2/3),PS+GS,2,0.12371152732529882,0.08295240995911415,0.11752595095903387,0.034573540999919716,0.034573540999919716,150,304026,3354026,3354027,256,128,16b3341692488e1a,43fda106fa6caed2,E:\py learn\adversarial_attack_DRL\2024_dvcvqkd\experiments\joint_seed2026\best_joint.pt
turbulence_strength,3.1622776601683793e-16,m^(-2/3),Uniform QAM,3,0.12412289549583633,0.10245609810424364,0.1179167507210445,0.015460652616800873,0.015460652616800873,150,305026,3355026,3355027,256,128,f55a6f4c3aedb4e8,dd27207e58408c2d,fixed project PMF
turbulence_strength,3.1622776601683793e-16,m^(-2/3),Maxwell-Boltzmann QAM,3,0.12400712745187038,0.08332075030894068,0.11780677107927685,0.03448602077033618,0.03448602077033618,150,305026,3355026,3355027,256,128,f55a6f4c3aedb4e8,dd27207e58408c2d,fixed project PMF
turbulence_strength,3.1622776601683793e-16,m^(-2/3),Binomial QAM,3,0.12396766134855289,0.08358420399808092,0.11776927828112521,0.0341850742830443,0.0341850742830443,150,305026,3355026,3355027,256,128,f55a6f4c3aedb4e8,dd27207e58408c2d,fixed project PMF
turbulence_strength,3.1622776601683793e-16,m^(-2/3),GS,3,0.12412325801235603,0.1010614039507189,0.11791709511173823,0.016855691161019322,0.016855691161019322,150,305026,3355026,3355027,256,128,f55a6f4c3aedb4e8,dd27207e58408c2d,E:\py learn\adversarial_attack_DRL\2024_dvcvqkd\experiments\joint_seed2026\best_gs.pt
turbulence_strength,3.1622776601683793e-16,m^(-2/3),PS,3,0.12400712745187122,0.0833207503089475,0.11780677107927764,0.03448602077033014,0.03448602077033014,150,305026,3355026,3355027,256,128,f55a6f4c3aedb4e8,dd27207e58408c2d,E:\py learn\adversarial_attack_DRL\2024_dvcvqkd\experiments\joint_seed2026\best_ps.pt
turbulence_strength,3.1622776601683793e-16,m^(-2/3),PS+GS,3,0.12400710400778134,0.08327310280554348,0.11780674880739227,0.034533646001848786,0.034533646001848786,150,305026,3355026,3355027,256,128,f55a6f4c3aedb4e8,dd27207e58408c2d,E:\py learn\adversarial_attack_DRL\2024_dvcvqkd\experiments\joint_seed2026\best_joint.pt
turbulence_strength,3.1622776601683793e-16,m^(-2/3),Uniform QAM,4,0.12924170516708583,0.10651864166339471,0.12277961990873154,0.016260978245336837,0.016260978245336837,150,306026,3356026,3356027,256,128,c76b7a69c8af8435,fa329d98bb1d8648,fixed project PMF
turbulence_strength,3.1622776601683793e-16,m^(-2/3),Maxwell-Boltzmann QAM,4,0.12912447899868557,0.08664671858514539,0.12266825504875128,0.03602153646360589,0.03602153646360589,150,306026,3356026,3356027,256,128,c76b7a69c8af8435,fa329d98bb1d8648,fixed project PMF
turbulence_strength,3.1622776601683793e-16,m^(-2/3),Binomial QAM,4,0.12913048675699268,0.08692062093537734,0.12267396241914302,0.03575334148376566,0.03575334148376566,150,306026,3356026,3356027,256,128,c76b7a69c8af8435,fa329d98bb1d8648,fixed project PMF
turbulence_strength,3.1622776601683793e-16,m^(-2/3),GS,4,0.1292420753102511,0.1050711777716615,0.12277997154473852,0.017708793773077033,0.017708793773077033,150,306026,3356026,3356027,256,128,c76b7a69c8af8435,fa329d98bb1d8648,E:\py learn\adversarial_attack_DRL\2024_dvcvqkd\experiments\joint_seed2026\best_gs.pt
turbulence_strength,3.1622776601683793e-16,m^(-2/3),PS,4,0.12912447899868623,0.08664671858515251,0.12266825504875195,0.03602153646359942,0.03602153646359942,150,306026,3356026,3356027,256,128,c76b7a69c8af8435,fa329d98bb1d8648,E:\py learn\adversarial_attack_DRL\2024_dvcvqkd\experiments\joint_seed2026\best_ps.pt
turbulence_strength,3.1622776601683793e-16,m^(-2/3),PS+GS,4,0.12912445557049462,0.08659717867747013,0.12266823279196987,0.03607105411449975,0.03607105411449975,150,306026,3356026,3356027,256,128,c76b7a69c8af8435,fa329d98bb1d8648,E:\py learn\adversarial_attack_DRL\2024_dvcvqkd\experiments\joint_seed2026\best_joint.pt
turbulence_strength,3.9810717055349695e-16,m^(-2/3),Uniform QAM,0,0.11800564020787432,0.09755226148282997,0.11210535819748062,0.014553096714650637,0.014553096714650637,150,302026,3362026,3362027,256,128,9f8670e99474409d,d9d7d07391b09ff9,fixed project PMF
turbulence_strength,3.9810717055349695e-16,m^(-2/3),Maxwell-Boltzmann QAM,0,0.11791493206432978,0.07931437556915234,0.11201918546111328,0.03270480989196093,0.03270480989196093,150,302026,3362026,3362027,256,128,9f8670e99474409d,d9d7d07391b09ff9,fixed project PMF
turbulence_strength,3.9810717055349695e-16,m^(-2/3),Binomial QAM,0,0.1179028385957358,0.0795650272912298,0.11200769666594901,0.032442669374719214,0.032442669374719214,150,302026,3362026,3362027,256,128,9f8670e99474409d,d9d7d07391b09ff9,fixed project PMF
turbulence_strength,3.9810717055349695e-16,m^(-2/3),GS,0,0.11800595798477805,0.09622164906118238,0.11210566008553913,0.015884011024356756,0.015884011024356756,150,302026,3362026,3362027,256,128,9f8670e99474409d,d9d7d07391b09ff9,E:\py learn\adversarial_attack_DRL\2024_dvcvqkd\experiments\joint_seed2026\best_gs.pt
turbulence_strength,3.9810717055349695e-16,m^(-2/3),PS,0,0.11791493206433055,0.0793143755691589,0.11201918546111402,0.03270480989195512,0.03270480989195512,150,302026,3362026,3362027,256,128,9f8670e99474409d,d9d7d07391b09ff9,E:\py learn\adversarial_attack_DRL\2024_dvcvqkd\experiments\joint_seed2026\best_ps.pt
turbulence_strength,3.9810717055349695e-16,m^(-2/3),PS+GS,0,0.11791489156643149,0.0792690472830026,0.1120191469881099,0.032750099705107304,0.032750099705107304,150,302026,3362026,3362027,256,128,9f8670e99474409d,d9d7d07391b09ff9,E:\py learn\adversarial_attack_DRL\2024_dvcvqkd\experiments\joint_seed2026\best_joint.pt
turbulence_strength,3.9810717055349695e-16,m^(-2/3),Uniform QAM,1,0.12165012445536647,0.10047162669507784,0.11556761823259813,0.015095991537520325,0.015095991537520325,150,303026,3363026,3363027,256,128,1b01465cdfa79ba1,e13c04d7ebf71aa8,fixed project PMF
turbulence_strength,3.9810717055349695e-16,m^(-2/3),Maxwell-Boltzmann QAM,1,0.12148339394017525,0.08170274657501697,0.11540922424316649,0.033706477668149507,0.033706477668149507,150,303026,3363026,3363027,256,128,1b01465cdfa79ba1,e13c04d7ebf71aa8,fixed project PMF
turbulence_strength,3.9810717055349695e-16,m^(-2/3),Binomial QAM,1,0.12144142018479515,0.0819609088648547,0.1153693491755554,0.03340844031070069,0.03340844031070069,150,303026,3363026,3363027,256,128,1b01465cdfa79ba1,e13c04d7ebf71aa8,fixed project PMF
turbulence_strength,3.9810717055349695e-16,m^(-2/3),GS,1,0.12165047996058215,0.09910290780001357,0.11556795596255302,0.016465048162539457,0.016465048162539457,150,303026,3363026,3363027,256,128,1b01465cdfa79ba1,e13c04d7ebf71aa8,E:\py learn\adversarial_attack_DRL\2024_dvcvqkd\experiments\joint_seed2026\best_gs.pt
turbulence_strength,3.9810717055349695e-16,m^(-2/3),PS,1,0.12148339394017604,0.08170274657502373,0.11540922424316724,0.03370647766814349,0.03370647766814349,150,303026,3363026,3363027,256,128,1b01465cdfa79ba1,e13c04d7ebf71aa8,E:\py learn\adversarial_attack_DRL\2024_dvcvqkd\experiments\joint_seed2026\best_ps.pt
turbulence_strength,3.9810717055349695e-16,m^(-2/3),PS+GS,1,0.12148340253291806,0.08165605820133477,0.11540923240627217,0.03375317420493737,0.03375317420493737,150,303026,3363026,3363027,256,128,1b01465cdfa79ba1,e13c04d7ebf71aa8,E:\py learn\adversarial_attack_DRL\2024_dvcvqkd\experiments\joint_seed2026\best_joint.pt
turbulence_strength,3.9810717055349695e-16,m^(-2/3),Uniform QAM,2,0.11880283430210321,0.09827853199290737,0.11286269258699806,0.014584160594090687,0.014584160594090687,150,304026,3364026,3364027,256,128,8afd96422602e89c,9eb6a3574265f591,fixed project PMF
turbulence_strength,3.9810717055349695e-16,m^(-2/3),Maxwell-Boltzmann QAM,2,0.11861550001655312,0.07990948095544423,0.11268472501572546,0.032775244060281226,0.032775244060281226,150,304026,3364026,3364027,256,128,8afd96422602e89c,9eb6a3574265f591,fixed project PMF
turbulence_strength,3.9810717055349695e-16,m^(-2/3),Binomial QAM,2,0.11859855957875358,0.08016194258209786,0.11266863159981591,0.032506689017718034,0.032506689017718034,150,304026,3364026,3364027,256,128,8afd96422602e89c,9eb6a3574265f591,fixed project PMF
turbulence_strength,3.9810717055349695e-16,m^(-2/3),GS,2,0.1188031768930585,0.09693837070072081,0.11286301804840558,0.01592464734768476,0.01592464734768476,150,304026,3364026,3364027,256,128,8afd96422602e89c,9eb6a3574265f591,E:\py learn\adversarial_attack_DRL\2024_dvcvqkd\experiments\joint_seed2026\best_gs.pt
turbulence_strength,3.9810717055349695e-16,m^(-2/3),PS,2,0.1186155000165538,0.07990948095545064,0.1126847250157261,0.032775244060275474,0.032775244060275474,150,304026,3364026,3364027,256,128,8afd96422602e89c,9eb6a3574265f591,E:\py learn\adversarial_attack_DRL\2024_dvcvqkd\experiments\joint_seed2026\best_ps.pt
turbulence_strength,3.9810717055349695e-16,m^(-2/3),PS+GS,2,0.1186154842300996,0.07986382529725482,0.11268471001859462,0.032820884721339774,0.032820884721339774,150,304026,3364026,3364027,256,128,8afd96422602e89c,9eb6a3574265f591,E:\py learn\adversarial_attack_DRL\2024_dvcvqkd\experiments\joint_seed2026\best_joint.pt
turbulence_strength,3.9810717055349695e-16,m^(-2/3),Uniform QAM,3,0.12429905628789785,0.10271812461083808,0.11808410347350293,0.015365978862664867,0.015365978862664867,150,305026,3365026,3365027,256,128,33e79a2e05891343,056b24c51a9e4afc,fixed project PMF
turbulence_strength,3.9810717055349695e-16,m^(-2/3),Maxwell-Boltzmann QAM,3,0.12416205170758733,0.08354030969556346,0.11795394912220795,0.034413639426644486,0.034413639426644486,150,305026,3365026,3365027,256,128,33e79a2e05891343,056b24c51a9e4afc,fixed project PMF
turbulence_strength,3.9810717055349695e-16,m^(-2/3),Binomial QAM,3,0.12413386023018402,0.0838042376955945,0.11792716721867483,0.03412292952308032,0.03412292952308032,150,305026,3365026,3365027,256,128,33e79a2e05891343,056b24c51a9e4afc,fixed project PMF
turbulence_strength,3.9810717055349695e-16,m^(-2/3),GS,3,0.12429942205494753,0.1013200037511142,0.11808445095220013,0.016764447201085938,0.016764447201085938,150,305026,3365026,3365027,256,128,33e79a2e05891343,056b24c51a9e4afc,E:\py learn\adversarial_attack_DRL\2024_dvcvqkd\experiments\joint_seed2026\best_gs.pt
turbulence_strength,3.9810717055349695e-16,m^(-2/3),PS,3,0.12416205170758808,0.08354030969557023,0.11795394912220869,0.034413639426638436,0.034413639426638436,150,305026,3365026,3365027,256,128,33e79a2e05891343,056b24c51a9e4afc,E:\py learn\adversarial_attack_DRL\2024_dvcvqkd\experiments\joint_seed2026\best_ps.pt
turbulence_strength,3.9810717055349695e-16,m^(-2/3),PS+GS,3,0.12416206624483556,0.08349257736637815,0.11795396293259378,0.034461385566215634,0.034461385566215634,150,305026,3365026,3365027,256,128,33e79a2e05891343,056b24c51a9e4afc,E:\py learn\adversarial_attack_DRL\2024_dvcvqkd\experiments\joint_seed2026\best_joint.pt
turbulence_strength,3.9810717055349695e-16,m^(-2/3),Uniform QAM,4,0.12181869650663316,0.10049563488042551,0.1157277616813015,0.015232126800875979,0.015232126800875979,150,306026,3366026,3366027,256,128,ab49df568b631fc2,ee91a8a448a6ff1f,fixed project PMF
turbulence_strength,3.9810717055349695e-16,m^(-2/3),Maxwell-Boltzmann QAM,4,0.12190642401311275,0.0817177960879441,0.11581110281245713,0.034093306724513,0.034093306724513,150,306026,3366026,3366027,256,128,ab49df568b631fc2,ee91a8a448a6ff1f,fixed project PMF
turbulence_strength,3.9810717055349695e-16,m^(-2/3),Binomial QAM,4,0.12192376417582339,0.08197630441507547,0.11582757596703222,0.03385127155195674,0.03385127155195674,150,306026,3366026,3366027,256,128,ab49df568b631fc2,ee91a8a448a6ff1f,fixed project PMF
turbulence_strength,3.9810717055349695e-16,m^(-2/3),GS,4,0.12181914562572964,0.09912693016867945,0.11572818834444315,0.016601258175763696,0.016601258175763696,150,306026,3366026,3366027,256,128,ab49df568b631fc2,ee91a8a448a6ff1f,E:\py learn\adversarial_attack_DRL\2024_dvcvqkd\experiments\joint_seed2026\best_gs.pt
turbulence_strength,3.9810717055349695e-16,m^(-2/3),PS,4,0.12190642401311355,0.08171779608795102,0.11581110281245786,0.03409330672450685,0.03409330672450685,150,306026,3366026,3366027,256,128,ab49df568b631fc2,ee91a8a448a6ff1f,E:\py learn\adversarial_attack_DRL\2024_dvcvqkd\experiments\joint_seed2026\best_ps.pt
turbulence_strength,3.9810717055349695e-16,m^(-2/3),PS+GS,4,0.12190642309205028,0.08167104319560554,0.11581110193744777,0.03414005874184222,0.03414005874184222,150,306026,3366026,3366027,256,128,ab49df568b631fc2,ee91a8a448a6ff1f,E:\py learn\adversarial_attack_DRL\2024_dvcvqkd\experiments\joint_seed2026\best_joint.pt
turbulence_strength,5.011872336272715e-16,m^(-2/3),Uniform QAM,0,0.11998420536664033,0.09909156949051312,0.1139849950983083,0.014893425607795165,0.014893425607795165,150,302026,3372026,3372027,256,128,a4b82dcc7a43b2d8,ffbffcf2e60ccfd7,fixed project PMF
turbulence_strength,5.011872336272715e-16,m^(-2/3),Maxwell-Boltzmann QAM,0,0.12012143330642372,0.0805758936800765,0.11411536164110253,0.03353946796102601,0.03353946796102601,150,302026,3372026,3372027,256,128,a4b82dcc7a43b2d8,ffbffcf2e60ccfd7,fixed project PMF
turbulence_strength,5.011872336272715e-16,m^(-2/3),Binomial QAM,0,0.12013491696393891,0.08083051540605807,0.11412817111574196,0.0332976557096839,0.0332976557096839,150,302026,3372026,3372027,256,128,a4b82dcc7a43b2d8,ffbffcf2e60ccfd7,fixed project PMF
turbulence_strength,5.011872336272715e-16,m^(-2/3),GS,0,0.11998461039883876,0.09774114342111243,0.11398537987889683,0.016244236457784413,0.016244236457784413,150,302026,3372026,3372027,256,128,a4b82dcc7a43b2d8,ffbffcf2e60ccfd7,E:\py learn\adversarial_attack_DRL\2024_dvcvqkd\experiments\joint_seed2026\best_gs.pt
turbulence_strength,5.011872336272715e-16,m^(-2/3),PS,0,0.12012143330642445,0.08057589368008312,0.11411536164110322,0.033539467961020114,0.033539467961020114,150,302026,3372026,3372027,256,128,a4b82dcc7a43b2d8,ffbffcf2e60ccfd7,E:\py learn\adversarial_attack_DRL\2024_dvcvqkd\experiments\joint_seed2026\best_ps.pt
turbulence_strength,5.011872336272715e-16,m^(-2/3),PS+GS,0,0.12012149641031016,0.08052984611931131,0.11411542158979464,0.033585575470483325,0.033585575470483325,150,302026,3372026,3372027,256,128,a4b82dcc7a43b2d8,ffbffcf2e60ccfd7,E:\py learn\adversarial_attack_DRL\2024_dvcvqkd\experiments\joint_seed2026\best_joint.pt
turbulence_strength,5.011872336272715e-16,m^(-2/3),Uniform QAM,1,0.11627477264145136,0.09606011601429035,0.11046103400937879,0.014400917995088431,0.014400917995088431,150,303026,3373026,3373027,256,128,ecf6d86e589a7d4c,0d308788a42fcf5a,fixed project PMF
turbulence_strength,5.011872336272715e-16,m^(-2/3),Maxwell-Boltzmann QAM,1,0.11635341359329263,0.07809625406666854,0.110535742913628,0.03243948884695946,0.03243948884695946,150,303026,3373026,3373027,256,128,ecf6d86e589a7d4c,0d308788a42fcf5a,fixed project PMF
turbulence_strength,5.011872336272715e-16,m^(-2/3),Binomial QAM,1,0.11634662511772897,0.07834324242830441,0.11052929386184251,0.0321860514335381,0.0321860514335381,150,303026,3373026,3373027,256,128,ecf6d86e589a7d4c,0d308788a42fcf5a,fixed project PMF
turbulence_strength,5.011872336272715e-16,m^(-2/3),GS,1,0.11627513968641673,0.09474980415160272,0.11046138270209588,0.015711578550493144,0.015711578550493144,150,303026,3373026,3373027,256,128,ecf6d86e589a7d4c,0d308788a42fcf5a,E:\py learn\adversarial_attack_DRL\2024_dvcvqkd\experiments\joint_seed2026\best_gs.pt
turbulence_strength,5.011872336272715e-16,m^(-2/3),PS,1,0.1163534135932934,0.078096254066675,0.11053574291362872,0.03243948884695372,0.03243948884695372,150,303026,3373026,3373027,256,128,ecf6d86e589a7d4c,0d308788a42fcf5a,E:\py learn\adversarial_attack_DRL\2024_dvcvqkd\experiments\joint_seed2026\best_ps.pt
turbulence_strength,5.011872336272715e-16,m^(-2/3),PS+GS,1,0.11635337688605142,0.07805158737646276,0.11053570804174884,0.03248412066528608,0.03248412066528608,150,303026,3373026,3373027,256,128,ecf6d86e589a7d4c,0d308788a42fcf5a,E:\py learn\adversarial_attack_DRL\2024_dvcvqkd\experiments\joint_seed2026\best_joint.pt
turbulence_strength,5.011872336272715e-16,m^(-2/3),Uniform QAM,2,0.11279027005012665,0.09327976704557758,0.10715075654762032,0.013870989502042718,0.013871036752977139,150,304026,3374026,3374027,256,128,b1217c742737de63,11146a19b3eb1d7b,fixed project PMF
turbulence_strength,5.011872336272715e-16,m^(-2/3),Maxwell-Boltzmann QAM,2,0.11281813513204764,0.0758207809206927,0.10717722837544524,0.031356447454752544,0.031356447454752544,150,304026,3374026,3374027,256,128,b1217c742737de63,11146a19b3eb1d7b,fixed project PMF
turbulence_strength,5.011872336272715e-16,m^(-2/3),Binomial QAM,2,0.11281972177094736,0.07606057423537696,0.10717873568239998,0.03111816144702302,0.03111816144702302,150,304026,3374026,3374027,256,128,b1217c742737de63,11146a19b3eb1d7b,fixed project PMF
turbulence_strength,5.011872336272715e-16,m^(-2/3),GS,2,0.11279057621710792,0.09200552614457239,0.10715104740625253,0.015145521261680134,0.015145524963167824,150,304026,3374026,3374027,256,128,b1217c742737de63,11146a19b3eb1d7b,E:\py learn\adversarial_attack_DRL\2024_dvcvqkd\experiments\joint_seed2026\best_gs.pt
turbulence_strength,5.011872336272715e-16,m^(-2/3),PS,2,0.11281813513204836,0.07582078092069902,0.10717722837544594,0.03135644745474691,0.03135644745474691,150,304026,3374026,3374027,256,128,b1217c742737de63,11146a19b3eb1d7b,E:\py learn\adversarial_attack_DRL\2024_dvcvqkd\experiments\joint_seed2026\best_ps.pt
turbulence_strength,5.011872336272715e-16,m^(-2/3),PS+GS,2,0.11281811571115218,0.07577741763745263,0.10717720992559457,0.03139979228814193,0.03139979228814193,150,304026,3374026,3374027,256,128,b1217c742737de63,11146a19b3eb1d7b,E:\py learn\adversarial_attack_DRL\2024_dvcvqkd\experiments\joint_seed2026\best_joint.pt
turbulence_strength,5.011872336272715e-16,m^(-2/3),Uniform QAM,3,0.11557742640919241,0.09548116773965323,0.10979855508873279,0.014317387349079556,0.014317387349079556,150,305026,3375026,3375027,256,128,b640200e4cc27bca,c75a9a8572b9d60d,fixed project PMF
turbulence_strength,5.011872336272715e-16,m^(-2/3),Maxwell-Boltzmann QAM,3,0.11554253141505122,0.07762242615519091,0.10976540484429866,0.03214297868910776,0.03214297868910776,150,305026,3375026,3375027,256,128,b640200e4cc27bca,c75a9a8572b9d60d,fixed project PMF
turbulence_strength,5.011872336272715e-16,m^(-2/3),Binomial QAM,3,0.11552514587459127,0.07786791716430017,0.10974888858086171,0.03188097141656155,0.03188097141656155,150,305026,3375026,3375027,256,128,b640200e4cc27bca,c75a9a8572b9d60d,fixed project PMF
turbulence_strength,5.011872336272715e-16,m^(-2/3),GS,3,0.1155777008143967,0.0941783684102176,0.10979881577367687,0.015620447363459262,0.015620447363459262,150,305026,3375026,3375027,256,128,b640200e4cc27bca,c75a9a8572b9d60d,E:\py learn\adversarial_attack_DRL\2024_dvcvqkd\experiments\joint_seed2026\best_gs.pt
turbulence_strength,5.011872336272715e-16,m^(-2/3),PS,3,0.11554253141505191,0.07762242615519736,0.10976540484429931,0.03214297868910195,0.03214297868910195,150,305026,3375026,3375027,256,128,b640200e4cc27bca,c75a9a8572b9d60d,E:\py learn\adversarial_attack_DRL\2024_dvcvqkd\experiments\joint_seed2026\best_ps.pt
turbulence_strength,5.011872336272715e-16,m^(-2/3),PS+GS,3,0.11554257836941702,0.07757803070931107,0.10976544945094616,0.03218741874163508,0.03218741874163508,150,305026,3375026,3375027,256,128,b640200e4cc27bca,c75a9a8572b9d60d,E:\py learn\adversarial_attack_DRL\2024_dvcvqkd\experiments\joint_seed2026\best_joint.pt
turbulence_strength,5.011872336272715e-16,m^(-2/3),Uniform QAM,4,0.11517359972323277,0.09522256023388109,0.10941491973707114,0.01419235950319004,0.01419235950319004,150,306026,3376026,3376027,256,128,a0515da2310feb64,5fdafa2ec4d7e5f8,fixed project PMF
turbulence_strength,5.011872336272715e-16,m^(-2/3),Maxwell-Boltzmann QAM,4,0.11511536223100857,0.07740667606816677,0.10935959411945814,0.031952918051291385,0.031952918051291385,150,306026,3376026,3376027,256,128,a0515da2310feb64,5fdafa2ec4d7e5f8,fixed project PMF
turbulence_strength,5.011872336272715e-16,m^(-2/3),Binomial QAM,4,0.1151085572924764,0.07765153761966886,0.10935312942785258,0.03170159180818371,0.03170159180818371,150,306026,3376026,3376027,256,128,a0515da2310feb64,5fdafa2ec4d7e5f8,fixed project PMF
turbulence_strength,5.011872336272715e-16,m^(-2/3),GS,4,0.11517395003558603,0.0939227677512139,0.10941525253380671,0.015492484782592813,0.015492484782592813,150,306026,3376026,3376027,256,128,a0515da2310feb64,5fdafa2ec4d7e5f8,E:\py learn\adversarial_attack_DRL\2024_dvcvqkd\experiments\joint_seed2026\best_gs.pt
turbulence_strength,5.011872336272715e-16,m^(-2/3),PS,4,0.11511536223100931,0.07740667606817306,0.10935959411945885,0.03195291805128577,0.03195291805128577,150,306026,3376026,3376027,256,128,a0515da2310feb64,5fdafa2ec4d7e5f8,E:\py learn\adversarial_attack_DRL\2024_dvcvqkd\experiments\joint_seed2026\best_ps.pt
turbulence_strength,5.011872336272715e-16,m^(-2/3),PS+GS,4,0.11511535530340199,0.07736239481019686,0.10935958753823187,0.03199719272803503,0.03199719272803503,150,306026,3376026,3376027,256,128,a0515da2310feb64,5fdafa2ec4d7e5f8,E:\py learn\adversarial_attack_DRL\2024_dvcvqkd\experiments\joint_seed2026\best_joint.pt
turbulence_strength,6.309573444801943e-16,m^(-2/3),Uniform QAM,0,0.10636033101621749,0.08817372117823918,0.10104231446540662,0.012868593287167433,0.01286863605758316,150,302026,3382026,3382027,256,128,11122f779eb2d477,0132049e7fd01747,fixed project PMF
turbulence_strength,6.309573444801943e-16,m^(-2/3),Maxwell-Boltzmann QAM,0,0.1063854277700745,0.0716466121415398,0.10106615638157077,0.029419544240030966,0.029419544240030966,150,302026,3382026,3382027,256,128,11122f779eb2d477,0132049e7fd01747,fixed project PMF
turbulence_strength,6.309573444801943e-16,m^(-2/3),Binomial QAM,0,0.10640214028758409,0.07187314966226607,0.10108203327320489,0.029208883610938815,0.029208883610938815,150,302026,3382026,3382027,256,128,11122f779eb2d477,0132049e7fd01747,fixed project PMF
turbulence_strength,6.309573444801943e-16,m^(-2/3),GS,0,0.10636066114483946,0.08696613094602372,0.10104262808759748,0.01407649714157376,0.014076518367689531,150,302026,3382026,3382027,256,128,11122f779eb2d477,0132049e7fd01747,E:\py learn\adversarial_attack_DRL\2024_dvcvqkd\experiments\joint_seed2026\best_gs.pt
turbulence_strength,6.309573444801943e-16,m^(-2/3),PS,0,0.10638542777007531,0.07164661214154569,0.10106615638157153,0.02941954424002586,0.02941954424002586,150,302026,3382026,3382027,256,128,11122f779eb2d477,0132049e7fd01747,E:\py learn\adversarial_attack_DRL\2024_dvcvqkd\experiments\joint_seed2026\best_ps.pt
turbulence_strength,6.309573444801943e-16,m^(-2/3),PS+GS,0,0.10638541415205802,0.07160564998161702,0.10106614344445511,0.02946049346283807,0.02946049346283807,150,302026,3382026,3382027,256,128,11122f779eb2d477,0132049e7fd01747,E:\py learn\adversarial_attack_DRL\2024_dvcvqkd\experiments\joint_seed2026\best_joint.pt
turbulence_strength,6.309573444801943e-16,m^(-2/3),Uniform QAM,1,0.10910227928799934,0.09037452052886394,0.10364716532359938,0.01327264479473544,0.013272737260686904,150,303026,3383026,3383027,256,128,dba8eb64cd774473,21f1c7ecdc9293a5,fixed project PMF
turbulence_strength,6.309573444801943e-16,m^(-2/3),Maxwell-Boltzmann QAM,1,0.10924221959986152,0.07344973658507324,0.10378010861986844,0.030330372034795196,0.030330372034795196,150,303026,3383026,3383027,256,128,dba8eb64cd774473,21f1c7ecdc9293a5,fixed project PMF
turbulence_strength,6.309573444801943e-16,m^(-2/3),Binomial QAM,1,0.10927455869591637,0.07368204133406034,0.10381083076112055,0.03012878942706023,0.03012878942706023,150,303026,3383026,3383027,256,128,dba8eb64cd774473,21f1c7ecdc9293a5,fixed project PMF
turbulence_strength,6.309573444801943e-16,m^(-2/3),GS,1,0.1091025313068914,0.08913881683335281,0.10364740474154682,0.014508587908194006,0.014508594648242307,150,303026,3383026,3383027,256,128,dba8eb64cd774473,21f1c7ecdc9293a5,E:\py learn\adversarial_attack_DRL\2024_dvcvqkd\experiments\joint_seed2026\best_gs.pt
turbulence_strength,6.309573444801943e-16,m^(-2/3),PS,1,0.1092422195998623,0.07344973658507933,0.10378010861986918,0.030330372034789853,0.030330372034789853,150,303026,3383026,3383027,256,128,dba8eb64cd774473,21f1c7ecdc9293a5,E:\py learn\adversarial_attack_DRL\2024_dvcvqkd\experiments\joint_seed2026\best_ps.pt
turbulence_strength,6.309573444801943e-16,m^(-2/3),PS+GS,1,0.10924221268115089,0.07340772883120716,0.10378010204709334,0.03037237321588619,0.03037237321588619,150,303026,3383026,3383027,256,128,dba8eb64cd774473,21f1c7ecdc9293a5,E:\py learn\adversarial_attack_DRL\2024_dvcvqkd\experiments\joint_seed2026\best_joint.pt
turbulence_strength,6.309573444801943e-16,m^(-2/3),Uniform QAM,2,0.10309085991405373,0.0854301435278079,0.09793631691835103,0.012506173390543135,0.012506259159702104,150,304026,3384026,3384027,256,128,8c7a76cc1e788d26,0631404f79ef836c,fixed project PMF
turbulence_strength,6.309573444801943e-16,m^(-2/3),Maxwell-Boltzmann QAM,2,0.10304468729383331,0.06940171729770471,0.09789245292914164,0.028490735631436944,0.028490735631436944,150,304026,3384026,3384027,256,128,8c7a76cc1e788d26,0631404f79ef836c,fixed project PMF
turbulence_strength,6.309573444801943e-16,m^(-2/3),Binomial QAM,2,0.10305372542337413,0.06962145804247748,0.09790103915220541,0.02827958110972794,0.02827958110972794,150,304026,3384026,3384027,256,128,8c7a76cc1e788d26,0631404f79ef836c,fixed project PMF
turbulence_strength,6.309573444801943e-16,m^(-2/3),GS,2,0.10309118282764687,0.08425910929729963,0.09793662368626453,0.013677514388964893,0.01367753136912938,150,304026,3384026,3384027,256,128,8c7a76cc1e788d26,0631404f79ef836c,E:\py learn\adversarial_attack_DRL\2024_dvcvqkd\experiments\joint_seed2026\best_gs.pt
turbulence_strength,6.309573444801943e-16,m^(-2/3),PS,2,0.10304468729383405,0.06940171729771041,0.09789245292914234,0.028490735631431927,0.028490735631431927,150,304026,3384026,3384027,256,128,8c7a76cc1e788d26,0631404f79ef836c,E:\py learn\adversarial_attack_DRL\2024_dvcvqkd\experiments\joint_seed2026\best_ps.pt
turbulence_strength,6.309573444801943e-16,m^(-2/3),PS+GS,2,0.1030446842955062,0.06936198379054806,0.09789245008073089,0.028530466290182827,0.028530466290182827,150,304026,3384026,3384027,256,128,8c7a76cc1e788d26,0631404f79ef836c,E:\py learn\adversarial_attack_DRL\2024_dvcvqkd\experiments\joint_seed2026\best_joint.pt
turbulence_strength,6.309573444801943e-16,m^(-2/3),Uniform QAM,3,0.10747671092394717,0.08906174168242353,0.1021028753777498,0.013041133695326272,0.013041133695326272,150,305026,3385026,3385027,256,128,bb70d31daf5f4a80,57aaa2f33b346df4,fixed project PMF
turbulence_strength,6.309573444801943e-16,m^(-2/3),Maxwell-Boltzmann QAM,3,0.10737237176631709,0.07236709604849755,0.10200375317800123,0.029636657129503675,0.029636657129503675,150,305026,3385026,3385027,256,128,bb70d31daf5f4a80,57aaa2f33b346df4,fixed project PMF
turbulence_strength,6.309573444801943e-16,m^(-2/3),Binomial QAM,3,0.10734093682699941,0.07259594570720354,0.10197388998564944,0.029377944278445898,0.029377944278445898,150,305026,3385026,3385027,256,128,bb70d31daf5f4a80,57aaa2f33b346df4,fixed project PMF
turbulence_strength,6.309573444801943e-16,m^(-2/3),GS,3,0.10747703292295897,0.08784195716523602,0.10210318127681105,0.014261224111575014,0.014261224111575014,150,305026,3385026,3385027,256,128,bb70d31daf5f4a80,57aaa2f33b346df4,E:\py learn\adversarial_attack_DRL\2024_dvcvqkd\experiments\joint_seed2026\best_gs.pt
turbulence_strength,6.309573444801943e-16,m^(-2/3),PS,3,0.10737237176631786,0.07236709604850348,0.10200375317800196,0.029636657129498485,0.029636657129498485,150,305026,3385026,3385027,256,128,bb70d31daf5f4a80,57aaa2f33b346df4,E:\py learn\adversarial_attack_DRL\2024_dvcvqkd\experiments\joint_seed2026\best_ps.pt
turbulence_strength,6.309573444801943e-16,m^(-2/3),PS+GS,3,0.10737239400387746,0.0723257156745066,0.10200377430368357,0.029678058629176985,0.029678058629176985,150,305026,3385026,3385027,256,128,bb70d31daf5f4a80,57aaa2f33b346df4,E:\py learn\adversarial_attack_DRL\2024_dvcvqkd\experiments\joint_seed2026\best_joint.pt
turbulence_strength,6.309573444801943e-16,m^(-2/3),Uniform QAM,4,0.1029672439331053,0.08547743369646965,0.09781888173645005,0.01234144803998038,0.012341493778548375,150,306026,3386026,3386027,256,128,c8e658866a31ce10,e31f11921b01fdd7,fixed project PMF
turbulence_strength,6.309573444801943e-16,m^(-2/3),Maxwell-Boltzmann QAM,4,0.1030214763455643,0.06944127453772621,0.0978704025282861,0.02842912799055987,0.02842912799055987,150,306026,3386026,3386027,256,128,c8e658866a31ce10,e31f11921b01fdd7,fixed project PMF
turbulence_strength,6.309573444801943e-16,m^(-2/3),Binomial QAM,4,0.10303695846002754,0.06966084207493513,0.09788511053702617,0.028224268462091015,0.028224268462091015,150,306026,3386026,3386027,256,128,c8e658866a31ce10,e31f11921b01fdd7,fixed project PMF
turbulence_strength,6.309573444801943e-16,m^(-2/3),GS,4,0.10296750047200881,0.08430499885032586,0.09781912544840836,0.013514126598082501,0.013514126598082501,150,306026,3386026,3386027,256,128,c8e658866a31ce10,e31f11921b01fdd7,E:\py learn\adversarial_attack_DRL\2024_dvcvqkd\experiments\joint_seed2026\best_gs.pt
turbulence_strength,6.309573444801943e-16,m^(-2/3),PS,4,0.10302147634556498,0.06944127453773197,0.09787040252828674,0.02842912799055477,0.02842912799055477,150,306026,3386026,3386027,256,128,c8e658866a31ce10,e31f11921b01fdd7,E:\py learn\adversarial_attack_DRL\2024_dvcvqkd\experiments\joint_seed2026\best_ps.pt
turbulence_strength,6.309573444801943e-16,m^(-2/3),PS+GS,4,0.10302147813089732,0.06940157478939431,0.09787040422435245,0.02846882943495814,0.02846882943495814,150,306026,3386026,3386027,256,128,c8e658866a31ce10,e31f11921b01fdd7,E:\py learn\adversarial_attack_DRL\2024_dvcvqkd\experiments\joint_seed2026\best_joint.pt
turbulence_strength,7.943282347242821e-16,m^(-2/3),Uniform QAM,0,0.1014775016329874,0.0840898695466424,0.09640362655133802,0.012313757004695624,0.012313790390234843,150,302026,3392026,3392027,256,128,b8ccc2b36ec93877,c8928c02af461332,fixed project PMF
turbulence_strength,7.943282347242821e-16,m^(-2/3),Maxwell-Boltzmann QAM,0,0.10143772841894362,0.06831316987588129,0.09636584199799644,0.02805267212211516,0.02805267212211516,150,302026,3392026,3392027,256,128,b8ccc2b36ec93877,c8928c02af461332,fixed project PMF
turbulence_strength,7.943282347242821e-16,m^(-2/3),Binomial QAM,0,0.10143880190715618,0.06852952663779328,0.09636686181179835,0.02783733517400507,0.02783733517400507,150,302026,3392026,3392027,256,128,b8ccc2b36ec93877,c8928c02af461332,fixed project PMF
turbulence_strength,7.943282347242821e-16,m^(-2/3),GS,0,0.10147770611652507,0.08293742701274569,0.09640382081069881,0.013466393797953124,0.013466393797953124,150,302026,3392026,3392027,256,128,b8ccc2b36ec93877,c8928c02af461332,E:\py learn\adversarial_attack_DRL\2024_dvcvqkd\experiments\joint_seed2026\best_gs.pt
turbulence_strength,7.943282347242821e-16,m^(-2/3),PS,0,0.10143772841894441,0.06831316987588688,0.09636584199799719,0.028052672122110312,0.028052672122110312,150,302026,3392026,3392027,256,128,b8ccc2b36ec93877,c8928c02af461332,E:\py learn\adversarial_attack_DRL\2024_dvcvqkd\experiments\joint_seed2026\best_ps.pt
turbulence_strength,7.943282347242821e-16,m^(-2/3),PS+GS,0,0.10143774126066865,0.06827404767427336,0.09636585419763521,0.02809180652336185,0.02809180652336185,150,302026,3392026,3392027,256,128,b8ccc2b36ec93877,c8928c02af461332,E:\py learn\adversarial_attack_DRL\2024_dvcvqkd\experiments\joint_seed2026\best_joint.pt
turbulence_strength,7.943282347242821e-16,m^(-2/3),Uniform QAM,1,0.10372711496498675,0.0860438934622965,0.09854075921673741,0.012496865754440896,0.012496906450888431,150,303026,3393026,3393027,256,128,bf3b264c5bc56be5,308290b9d3f72483,fixed project PMF
turbulence_strength,7.943282347242821e-16,m^(-2/3),Maxwell-Boltzmann QAM,1,0.10357398656926439,0.06990392932850126,0.09839528724080118,0.028491357912299932,0.028491357912299932,150,303026,3393026,3393027,256,128,bf3b264c5bc56be5,308290b9d3f72483,fixed project PMF
turbulence_strength,7.943282347242821e-16,m^(-2/3),Binomial QAM,1,0.1035552032552203,0.07012516320342346,0.09837744309245929,0.028252279889035836,0.028252279889035836,150,303026,3393026,3393027,256,128,bf3b264c5bc56be5,308290b9d3f72483,fixed project PMF
turbulence_strength,7.943282347242821e-16,m^(-2/3),GS,1,0.10372738285855783,0.0848646019117361,0.09854101371562993,0.01367641180389383,0.013676419602677667,150,303026,3393026,3393027,256,128,bf3b264c5bc56be5,308290b9d3f72483,E:\py learn\adversarial_attack_DRL\2024_dvcvqkd\experiments\joint_seed2026\best_gs.pt
turbulence_strength,7.943282347242821e-16,m^(-2/3),PS,1,0.1035739865692652,0.069903929328507,0.09839528724080195,0.028491357912294957,0.028491357912294957,150,303026,3393026,3393027,256,128,bf3b264c5bc56be5,308290b9d3f72483,E:\py learn\adversarial_attack_DRL\2024_dvcvqkd\experiments\joint_seed2026\best_ps.pt
turbulence_strength,7.943282347242821e-16,m^(-2/3),PS+GS,1,0.10357400541906231,0.0698639261461324,0.09839530514810921,0.028531379001976803,0.028531379001976803,150,303026,3393026,3393027,256,128,bf3b264c5bc56be5,308290b9d3f72483,E:\py learn\adversarial_attack_DRL\2024_dvcvqkd\experiments\joint_seed2026\best_joint.pt
turbulence_strength,7.943282347242821e-16,m^(-2/3),Uniform QAM,2,0.1009680672923208,0.08364431810611359,0.09591966392770476,0.01227534582159118,0.012275450982506967,150,304026,3394026,3394027,256,128,0e483cf25b266f31,4369e9bf343c75b1,fixed project PMF
turbulence_strength,7.943282347242821e-16,m^(-2/3),Maxwell-Boltzmann QAM,2,0.10097488465633897,0.06795034089733801,0.09592614042352202,0.027975799526183998,0.027975799526183998,150,304026,3394026,3394027,256,128,0e483cf25b266f31,4369e9bf343c75b1,fixed project PMF
turbulence_strength,7.943282347242821e-16,m^(-2/3),Binomial QAM,2,0.10095898546903254,0.06816543642402832,0.09591103619558092,0.02774559977155259,0.02774559977155259,150,304026,3394026,3394027,256,128,0e483cf25b266f31,4369e9bf343c75b1,fixed project PMF
turbulence_strength,7.943282347242821e-16,m^(-2/3),GS,2,0.10096829064195388,0.08249753888782191,0.09591987610985618,0.013422337222034262,0.013422338277419382,150,304026,3394026,3394027,256,128,0e483cf25b266f31,4369e9bf343c75b1,E:\py learn\adversarial_attack_DRL\2024_dvcvqkd\experiments\joint_seed2026\best_gs.pt
turbulence_strength,7.943282347242821e-16,m^(-2/3),PS,2,0.10097488465633964,0.06795034089734348,0.09592614042352264,0.027975799526179172,0.027975799526179172,150,304026,3394026,3394027,256,128,0e483cf25b266f31,4369e9bf343c75b1,E:\py learn\adversarial_attack_DRL\2024_dvcvqkd\experiments\joint_seed2026\best_ps.pt
turbulence_strength,7.943282347242821e-16,m^(-2/3),PS+GS,2,0.10097486682042259,0.06791144786362599,0.09592612347940145,0.028014675615775468,0.028014675615775468,150,304026,3394026,3394027,256,128,0e483cf25b266f31,4369e9bf343c75b1,E:\py learn\adversarial_attack_DRL\2024_dvcvqkd\experiments\joint_seed2026\best_joint.pt
turbulence_strength,7.943282347242821e-16,m^(-2/3),Uniform QAM,3,0.10555824687560336,0.08748321938680689,0.1002803345318232,0.012797115145016313,0.012797266065254335,150,305026,3395026,3395027,256,128,54ccea6186b88984,dc1ac45bb4bd1457,fixed project PMF
turbulence_strength,7.943282347242821e-16,m^(-2/3),Maxwell-Boltzmann QAM,3,0.1056378412051308,0.07109121177587521,0.10035594914487425,0.02926473736899904,0.02926473736899904,150,305026,3395026,3395027,256,128,54ccea6186b88984,dc1ac45bb4bd1457,fixed project PMF
turbulence_strength,7.943282347242821e-16,m^(-2/3),Binomial QAM,3,0.10566530856505855,0.07131614286065807,0.10038204313680563,0.02906590027614754,0.02906590027614754,150,305026,3395026,3395027,256,128,54ccea6186b88984,dc1ac45bb4bd1457,fixed project PMF
turbulence_strength,7.943282347242821e-16,m^(-2/3),GS,3,0.10555850504174207,0.08628623383627018,0.10028057978965497,0.013994345953384776,0.013994360089598906,150,305026,3395026,3395027,256,128,54ccea6186b88984,dc1ac45bb4bd1457,E:\py learn\adversarial_attack_DRL\2024_dvcvqkd\experiments\joint_seed2026\best_gs.pt
turbulence_strength,7.943282347242821e-16,m^(-2/3),PS,3,0.10563784120513159,0.07109121177588106,0.100355949144875,0.02926473736899394,0.02926473736899394,150,305026,3395026,3395027,256,128,54ccea6186b88984,dc1ac45bb4bd1457,E:\py learn\adversarial_attack_DRL\2024_dvcvqkd\experiments\joint_seed2026\best_ps.pt
turbulence_strength,7.943282347242821e-16,m^(-2/3),PS+GS,3,0.10563783882863147,0.07105053794110841,0.1003559468871999,0.02930540894609147,0.02930540894609147,150,305026,3395026,3395027,256,128,54ccea6186b88984,dc1ac45bb4bd1457,E:\py learn\adversarial_attack_DRL\2024_dvcvqkd\experiments\joint_seed2026\best_joint.pt
turbulence_strength,7.943282347242821e-16,m^(-2/3),Uniform QAM,4,0.10451232186069874,0.08656902003353167,0.0992867057676638,0.012717685734132114,0.01271770948740056,150,306026,3396026,3396027,256,128,b4557a5b485092db,28676995da4f378b,fixed project PMF
turbulence_strength,7.943282347242821e-16,m^(-2/3),Maxwell-Boltzmann QAM,4,0.10460196134449302,0.07033706049474897,0.09937186327726838,0.02903480278251939,0.02903480278251939,150,306026,3396026,3396027,256,128,b4557a5b485092db,28676995da4f378b,fixed project PMF
turbulence_strength,7.943282347242821e-16,m^(-2/3),Binomial QAM,4,0.10461593869628083,0.07055966119934017,0.09938514176146682,0.028825480562126627,0.028825480562126627,150,306026,3396026,3396027,256,128,b4557a5b485092db,28676995da4f378b,fixed project PMF
turbulence_strength,7.943282347242821e-16,m^(-2/3),GS,4,0.10451263388238914,0.08538332207225723,0.09928700218826968,0.01390368011601246,0.013903689556457963,150,306026,3396026,3396027,256,128,b4557a5b485092db,28676995da4f378b,E:\py learn\adversarial_attack_DRL\2024_dvcvqkd\experiments\joint_seed2026\best_gs.pt
turbulence_strength,7.943282347242821e-16,m^(-2/3),PS,4,0.10460196134449382,0.07033706049475476,0.09937186327726913,0.029034802782514357,0.029034802782514357,150,306026,3396026,3396027,256,128,b4557a5b485092db,28676995da4f378b,E:\py learn\adversarial_attack_DRL\2024_dvcvqkd\experiments\joint_seed2026\best_ps.pt
turbulence_strength,7.943282347242821e-16,m^(-2/3),PS+GS,4,0.10460196384251115,0.07029680923551311,0.09937186565038558,0.02907505641487247,0.02907505641487247,150,306026,3396026,3396027,256,128,b4557a5b485092db,28676995da4f378b,E:\py learn\adversarial_attack_DRL\2024_dvcvqkd\experiments\joint_seed2026\best_joint.pt
turbulence_strength,1e-15,m^(-2/3),Uniform QAM,0,0.09400625310720052,0.07813984709351264,0.08930594045184051,0.011166093358327854,0.011166205543237117,150,302026,3402026,3402027,256,128,0672f88fcf636136,b359f8f4ba88c7a2,fixed project PMF
turbulence_strength,1e-15,m^(-2/3),Maxwell-Boltzmann QAM,0,0.0940818612613025,0.06344401623345464,0.08937776819823737,0.025933751964782734,0.025933751964782734,150,302026,3402026,3402027,256,128,0672f88fcf636136,b359f8f4ba88c7a2,fixed project PMF
turbulence_strength,1e-15,m^(-2/3),Binomial QAM,0,0.09409702860677167,0.06364495823378818,0.0893921771764331,0.025747218942644905,0.025747218942644905,150,302026,3402026,3402027,256,128,0672f88fcf636136,b359f8f4ba88c7a2,fixed project PMF
turbulence_strength,1e-15,m^(-2/3),GS,0,0.09400649303469315,0.07706459393862639,0.08930616838295849,0.012241574444332106,0.012241589283185379,150,302026,3402026,3402027,256,128,0672f88fcf636136,b359f8f4ba88c7a2,E:\py learn\adversarial_attack_DRL\2024_dvcvqkd\experiments\joint_seed2026\best_gs.pt
turbulence_strength,1e-15,m^(-2/3),PS,0,0.09408186126130329,0.06344401623345984,0.08937776819823813,0.02593375196477827,0.02593375196477827,150,302026,3402026,3402027,256,128,0672f88fcf636136,b359f8f4ba88c7a2,E:\py learn\adversarial_attack_DRL\2024_dvcvqkd\experiments\joint_seed2026\best_ps.pt
turbulence_strength,1e-15,m^(-2/3),PS+GS,0,0.09408185512653469,0.0634076865611746,0.08937776237020797,0.025970075809033356,0.025970075809033356,150,302026,3402026,3402027,256,128,0672f88fcf636136,b359f8f4ba88c7a2,E:\py learn\adversarial_attack_DRL\2024_dvcvqkd\experiments\joint_seed2026\best_joint.pt
turbulence_strength,1e-15,m^(-2/3),Uniform QAM,1,0.09174434556933297,0.07622724612292336,0.08715712829086632,0.010929882167942957,0.010929997934163079,150,303026,3403026,3403027,256,128,f146e34eb670b4ae,34b3b8e667932087,fixed project PMF
turbulence_strength,1e-15,m^(-2/3),Maxwell-Boltzmann QAM,1,0.09188482017149523,0.061899556988645826,0.08729057916292046,0.02539102217427464,0.02539102217427464,150,303026,3403026,3403027,256,128,f146e34eb670b4ae,34b3b8e667932087,fixed project PMF
turbulence_strength,1e-15,m^(-2/3),Binomial QAM,1,0.09191662896177413,0.06209551721643247,0.08732079751368542,0.025225280297252954,0.025225280297252954,150,303026,3403026,3403027,256,128,f146e34eb670b4ae,34b3b8e667932087,fixed project PMF
turbulence_strength,1e-15,m^(-2/3),GS,1,0.09174452805402065,0.07517908279495003,0.08715730165131963,0.011978218856369589,0.011978248099530284,150,303026,3403026,3403027,256,128,f146e34eb670b4ae,34b3b8e667932087,E:\py learn\adversarial_attack_DRL\2024_dvcvqkd\experiments\joint_seed2026\best_gs.pt
turbulence_strength,1e-15,m^(-2/3),PS,1,0.09188482017149602,0.061899556988650836,0.08729057916292123,0.025391022174270392,0.025391022174270392,150,303026,3403026,3403027,256,128,f146e34eb670b4ae,34b3b8e667932087,E:\py learn\adversarial_attack_DRL\2024_dvcvqkd\experiments\joint_seed2026\best_ps.pt
turbulence_strength,1e-15,m^(-2/3),PS+GS,1,0.09188482556930011,0.0618641275446942,0.08729058429083511,0.025426456746140913,0.025426456746140913,150,303026,3403026,3403027,256,128,f146e34eb670b4ae,34b3b8e667932087,E:\py learn\adversarial_attack_DRL\2024_dvcvqkd\experiments\joint_seed2026\best_joint.pt
turbulence_strength,1e-15,m^(-2/3),Uniform QAM,2,0.09190158678182707,0.07636187901342292,0.08730650744273573,0.01094462842931279,0.010944664637226324,150,304026,3404026,3404027,256,128,57c42bae25cbdd66,d73bb1bf171e7f54,fixed project PMF
turbulence_strength,1e-15,m^(-2/3),Maxwell-Boltzmann QAM,2,0.0919373289671323,0.06199310811994117,0.08734046251877568,0.025347354398834503,0.025347354398834503,150,304026,3404026,3404027,256,128,57c42bae25cbdd66,d73bb1bf171e7f54,fixed project PMF
turbulence_strength,1e-15,m^(-2/3),Binomial QAM,2,0.09193026121204816,0.06218954950451895,0.08733374815144575,0.02514419864692679,0.02514419864692679,150,304026,3404026,3404027,256,128,57c42bae25cbdd66,d73bb1bf171e7f54,fixed project PMF
turbulence_strength,1e-15,m^(-2/3),GS,2,0.0919018224811698,0.07531047179244096,0.08730673135711131,0.011996259564670363,0.01199627253985647,150,304026,3404026,3404027,256,128,57c42bae25cbdd66,d73bb1bf171e7f54,E:\py learn\adversarial_attack_DRL\2024_dvcvqkd\experiments\joint_seed2026\best_gs.pt
turbulence_strength,1e-15,m^(-2/3),PS,2,0.09193732896713312,0.0619931081199462,0.08734046251877647,0.025347354398830277,0.025347354398830277,150,304026,3404026,3404027,256,128,57c42bae25cbdd66,d73bb1bf171e7f54,E:\py learn\adversarial_attack_DRL\2024_dvcvqkd\experiments\joint_seed2026\best_ps.pt
turbulence_strength,1e-15,m^(-2/3),PS+GS,2,0.09193734096339053,0.06195759239938454,0.087340473915221,0.025382881515836463,0.025382881515836463,150,304026,3404026,3404027,256,128,57c42bae25cbdd66,d73bb1bf171e7f54,E:\py learn\adversarial_attack_DRL\2024_dvcvqkd\experiments\joint_seed2026\best_joint.pt
turbulence_strength,1e-15,m^(-2/3),Uniform QAM,3,0.09495826128531468,0.07892423411901899,0.09021034822104894,0.01128611410202994,0.011286283546582145,150,305026,3405026,3405027,256,128,535122a394e15773,0fa810aef146a9da,fixed project PMF
turbulence_strength,1e-15,m^(-2/3),Maxwell-Boltzmann QAM,3,0.094835153801014,0.06409717105498312,0.09009339611096329,0.02599622505598018,0.02599622505598018,150,305026,3405026,3405027,256,128,535122a394e15773,0fa810aef146a9da,fixed project PMF
turbulence_strength,1e-15,m^(-2/3),Binomial QAM,3,0.09480087867387749,0.064299992075715,0.09006083474018362,0.0257608426644686,0.0257608426644686,150,305026,3405026,3405027,256,128,535122a394e15773,0fa810aef146a9da,fixed project PMF
turbulence_strength,1e-15,m^(-2/3),GS,3,0.09495847556873983,0.07783962931958938,0.09021055179030284,0.012370922470713471,0.012370966672609441,150,305026,3405026,3405027,256,128,535122a394e15773,0fa810aef146a9da,E:\py learn\adversarial_attack_DRL\2024_dvcvqkd\experiments\joint_seed2026\best_gs.pt
turbulence_strength,1e-15,m^(-2/3),PS,3,0.09483515380101479,0.0640971710549885,0.09009339611096405,0.025996225055975566,0.025996225055975566,150,305026,3405026,3405027,256,128,535122a394e15773,0fa810aef146a9da,E:\py learn\adversarial_attack_DRL\2024_dvcvqkd\experiments\joint_seed2026\best_ps.pt
turbulence_strength,1e-15,m^(-2/3),PS+GS,3,0.09483514610990247,0.06406050091161142,0.09009338880440734,0.026032887892795918,0.026032887892795918,150,305026,3405026,3405027,256,128,535122a394e15773,0fa810aef146a9da,E:\py learn\adversarial_attack_DRL\2024_dvcvqkd\experiments\joint_seed2026\best_joint.pt
turbulence_strength,1e-15,m^(-2/3),Uniform QAM,4,0.09070084483930771,0.07537668029511747,0.08616580259734233,0.010789122302224839,0.010789264727043706,150,306026,3406026,3406027,256,128,a18acec5873c17a8,f3d39cc2514968f7,fixed project PMF
turbulence_strength,1e-15,m^(-2/3),Maxwell-Boltzmann QAM,4,0.09074855130154075,0.06119483380742125,0.0862111237364637,0.02501628992904245,0.02501628992904245,150,306026,3406026,3406027,256,128,a18acec5873c17a8,f3d39cc2514968f7,fixed project PMF
turbulence_strength,1e-15,m^(-2/3),Binomial QAM,4,0.0907651378860779,0.06138877590244738,0.08622688099177402,0.024838105089326618,0.024838105089326618,150,306026,3406026,3406027,256,128,a18acec5873c17a8,f3d39cc2514968f7,fixed project PMF
turbulence_strength,1e-15,m^(-2/3),GS,4,0.09070113008346072,0.07433911878845152,0.08616607357928767,0.011826954790836154,0.011827027481379631,150,306026,3406026,3406027,256,128,a18acec5873c17a8,f3d39cc2514968f7,E:\py learn\adversarial_attack_DRL\2024_dvcvqkd\experiments\joint_seed2026\best_gs.pt
turbulence_strength,1e-15,m^(-2/3),PS,4,0.09074855130154144,0.061194833807426206,0.08621112373646438,0.02501628992903815,0.02501628992903815,150,306026,3406026,3406027,256,128,a18acec5873c17a8,f3d39cc2514968f7,E:\py learn\adversarial_attack_DRL\2024_dvcvqkd\experiments\joint_seed2026\best_ps.pt
turbulence_strength,1e-15,m^(-2/3),PS+GS,4,0.09074854058589543,0.06115976945322552,0.08621111355660066,0.02505134410337513,0.02505134410337513,150,306026,3406026,3406027,256,128,a18acec5873c17a8,f3d39cc2514968f7,E:\py learn\adversarial_attack_DRL\2024_dvcvqkd\experiments\joint_seed2026\best_joint.pt
turbulence_strength,1.2589254117941663e-15,m^(-2/3),Uniform QAM,0,0.08019399225373484,0.06670406511093321,0.07618429264104809,0.00948022753011489,0.009480688797889004,150,302026,3412026,3412027,256,128,32258e9b541e71b7,dbef7fa0a0d427ba,fixed project PMF
turbulence_strength,1.2589254117941663e-15,m^(-2/3),Maxwell-Boltzmann QAM,0,0.08017737039442845,0.05411950346356217,0.07616850187470701,0.022048998411144854,0.022048998411144854,150,302026,3412026,3412027,256,128,32258e9b541e71b7,dbef7fa0a0d427ba,fixed project PMF
turbulence_strength,1.2589254117941663e-15,m^(-2/3),Binomial QAM,0,0.0801801198778654,0.05429122257315626,0.07617111388397213,0.021879891310815865,0.021879891310815865,150,302026,3412026,3412027,256,128,32258e9b541e71b7,dbef7fa0a0d427ba,fixed project PMF
turbulence_strength,1.2589254117941663e-15,m^(-2/3),GS,0,0.08019417394051637,0.06578223382727014,0.07618446524349054,0.010402231416220414,0.010402337839083547,150,302026,3412026,3412027,256,128,32258e9b541e71b7,dbef7fa0a0d427ba,E:\py learn\adversarial_attack_DRL\2024_dvcvqkd\experiments\joint_seed2026\best_gs.pt
turbulence_strength,1.2589254117941663e-15,m^(-2/3),PS,0,0.08017737039442929,0.054119503463566594,0.0761685018747078,0.022048998411141222,0.022048998411141222,150,302026,3412026,3412027,256,128,32258e9b541e71b7,dbef7fa0a0d427ba,E:\py learn\adversarial_attack_DRL\2024_dvcvqkd\experiments\joint_seed2026\best_ps.pt
turbulence_strength,1.2589254117941663e-15,m^(-2/3),PS+GS,0,0.08017740081740998,0.054088460325612014,0.07616853077653948,0.022080070450927476,0.022080070450927476,150,302026,3412026,3412027,256,128,32258e9b541e71b7,dbef7fa0a0d427ba,E:\py learn\adversarial_attack_DRL\2024_dvcvqkd\experiments\joint_seed2026\best_joint.pt
turbulence_strength,1.2589254117941663e-15,m^(-2/3),Uniform QAM,1,0.08535368699135353,0.07092104756523752,0.08108600264178585,0.010164955076548327,0.010165339776968249,150,303026,3413026,3413027,256,128,3af11b99da9f7916,61688464ba78e2f4,fixed project PMF
turbulence_strength,1.2589254117941663e-15,m^(-2/3),Maxwell-Boltzmann QAM,1,0.08542292390683154,0.057573204155909205,0.08115177771148996,0.02357857355558076,0.02357857355558076,150,303026,3413026,3413027,256,128,3af11b99da9f7916,61688464ba78e2f4,fixed project PMF
turbulence_strength,1.2589254117941663e-15,m^(-2/3),Binomial QAM,1,0.08545271913103633,0.057755766909273684,0.0811800831744845,0.023424316265210826,0.023424316265210826,150,303026,3413026,3413027,256,128,3af11b99da9f7916,61688464ba78e2f4,fixed project PMF
turbulence_strength,1.2589254117941663e-15,m^(-2/3),GS,1,0.08535383824742925,0.06994458126773265,0.08108614633505778,0.011141565067325127,0.011141668200785111,150,303026,3413026,3413027,256,128,3af11b99da9f7916,61688464ba78e2f4,E:\py learn\adversarial_attack_DRL\2024_dvcvqkd\experiments\joint_seed2026\best_gs.pt
turbulence_strength,1.2589254117941663e-15,m^(-2/3),PS,1,0.08542292390683226,0.05757320415591398,0.08115177771149065,0.023578573555576667,0.023578573555576667,150,303026,3413026,3413027,256,128,3af11b99da9f7916,61688464ba78e2f4,E:\py learn\adversarial_attack_DRL\2024_dvcvqkd\experiments\joint_seed2026\best_ps.pt
turbulence_strength,1.2589254117941663e-15,m^(-2/3),PS+GS,1,0.08542291507599598,0.057540196939508355,0.08115176932219617,0.023611572382687806,0.023611572382687806,150,303026,3413026,3413027,256,128,3af11b99da9f7916,61688464ba78e2f4,E:\py learn\adversarial_attack_DRL\2024_dvcvqkd\experiments\joint_seed2026\best_joint.pt
turbulence_strength,1.2589254117941663e-15,m^(-2/3),Uniform QAM,2,0.0825149386017378,0.06866066904773015,0.07838919167165091,0.00972852262392076,0.009728761539375668,150,304026,3414026,3414027,256,128,e2473de81f626e50,66052c078d39ea4b,fixed project PMF
turbulence_strength,1.2589254117941663e-15,m^(-2/3),Maxwell-Boltzmann QAM,2,0.08259565849472625,0.055710581249505634,0.07846587556998995,0.022755294320484315,0.022755294320484315,150,304026,3414026,3414027,256,128,e2473de81f626e50,66052c078d39ea4b,fixed project PMF
turbulence_strength,1.2589254117941663e-15,m^(-2/3),Binomial QAM,2,0.08261539936478486,0.05588729578224516,0.07848462939654562,0.022597333614300448,0.022597333614300448,150,304026,3414026,3414027,256,128,e2473de81f626e50,66052c078d39ea4b,fixed project PMF
turbulence_strength,1.2589254117941663e-15,m^(-2/3),GS,2,0.08251518979252553,0.06771208508595519,0.07838943030289924,0.01067734521694405,0.010677428844362962,150,304026,3414026,3414027,256,128,e2473de81f626e50,66052c078d39ea4b,E:\py learn\adversarial_attack_DRL\2024_dvcvqkd\experiments\joint_seed2026\best_gs.pt
turbulence_strength,1.2589254117941663e-15,m^(-2/3),PS,2,0.08259565849472694,0.055710581249510255,0.0784658755699906,0.02275529432048034,0.02275529432048034,150,304026,3414026,3414027,256,128,e2473de81f626e50,66052c078d39ea4b,E:\py learn\adversarial_attack_DRL\2024_dvcvqkd\experiments\joint_seed2026\best_ps.pt
turbulence_strength,1.2589254117941663e-15,m^(-2/3),PS+GS,2,0.08259570311151994,0.05567863497603595,0.07846591795594395,0.02278728297990798,0.02278728297990798,150,304026,3414026,3414027,256,128,e2473de81f626e50,66052c078d39ea4b,E:\py learn\adversarial_attack_DRL\2024_dvcvqkd\experiments\joint_seed2026\best_joint.pt
turbulence_strength,1.2589254117941663e-15,m^(-2/3),Uniform QAM,3,0.08291209598563079,0.06900022481719265,0.07876649118634926,0.0097662663691566,0.00976661125448097,150,305026,3415026,3415027,256,128,ba8674669309985d,bf1f36b906f5d9ee,fixed project PMF
turbulence_strength,1.2589254117941663e-15,m^(-2/3),Maxwell-Boltzmann QAM,3,0.08282134976374347,0.05599906188182842,0.07868028227555629,0.022681220393727882,0.022681220393727882,150,305026,3415026,3415027,256,128,ba8674669309985d,bf1f36b906f5d9ee,fixed project PMF
turbulence_strength,1.2589254117941663e-15,m^(-2/3),Binomial QAM,3,0.08280233222317215,0.05617657032958742,0.07866221561201354,0.022485645282426123,0.022485645282426123,150,305026,3415026,3415027,256,128,ba8674669309985d,bf1f36b906f5d9ee,fixed project PMF
turbulence_strength,1.2589254117941663e-15,m^(-2/3),GS,3,0.08291228366485164,0.0680481873256326,0.07876666948160904,0.010718482155976455,0.010718553946148273,150,305026,3415026,3415027,256,128,ba8674669309985d,bf1f36b906f5d9ee,E:\py learn\adversarial_attack_DRL\2024_dvcvqkd\experiments\joint_seed2026\best_gs.pt
turbulence_strength,1.2589254117941663e-15,m^(-2/3),PS,3,0.0828213497637442,0.05599906188183293,0.07868028227555698,0.022681220393724045,0.022681220393724045,150,305026,3415026,3415027,256,128,ba8674669309985d,bf1f36b906f5d9ee,E:\py learn\adversarial_attack_DRL\2024_dvcvqkd\experiments\joint_seed2026\best_ps.pt
turbulence_strength,1.2589254117941663e-15,m^(-2/3),PS+GS,3,0.08282136630736955,0.05596697122683891,0.07868029799200107,0.022713326765162162,0.022713326765162162,150,305026,3415026,3415027,256,128,ba8674669309985d,bf1f36b906f5d9ee,E:\py learn\adversarial_attack_DRL\2024_dvcvqkd\experiments\joint_seed2026\best_joint.pt
turbulence_strength,1.2589254117941663e-15,m^(-2/3),Uniform QAM,4,0.08531100299285171,0.07098167964228656,0.08104545284320912,0.010063773200922554,0.010064047969351026,150,306026,3416026,3416027,256,128,82198ac4e5ea6df8,1ef034a702ff317a,fixed project PMF
turbulence_strength,1.2589254117941663e-15,m^(-2/3),Maxwell-Boltzmann QAM,4,0.08531336163688577,0.05760580507636079,0.08104769355504148,0.023441888478680686,0.023441888478680686,150,306026,3416026,3416027,256,128,82198ac4e5ea6df8,1ef034a702ff317a,fixed project PMF
turbulence_strength,1.2589254117941663e-15,m^(-2/3),Binomial QAM,4,0.0853045528257595,0.05778847033478186,0.08103932518447153,0.023250854849689667,0.023250854849689667,150,306026,3416026,3416027,256,128,82198ac4e5ea6df8,1ef034a702ff317a,fixed project PMF
turbulence_strength,1.2589254117941663e-15,m^(-2/3),GS,4,0.08531126174280741,0.07000232542553914,0.08104569865566703,0.011043373230127895,0.011043438093841666,150,306026,3416026,3416027,256,128,82198ac4e5ea6df8,1ef034a702ff317a,E:\py learn\adversarial_attack_DRL\2024_dvcvqkd\experiments\joint_seed2026\best_gs.pt
turbulence_strength,1.2589254117941663e-15,m^(-2/3),PS,4,0.08531336163688646,0.05760580507636555,0.08104769355504214,0.0234418884786766,0.0234418884786766,150,306026,3416026,3416027,256,128,82198ac4e5ea6df8,1ef034a702ff317a,E:\py learn\adversarial_attack_DRL\2024_dvcvqkd\experiments\joint_seed2026\best_ps.pt
turbulence_strength,1.2589254117941663e-15,m^(-2/3),PS+GS,4,0.08531339388103414,0.05757278179685037,0.08104772418698242,0.02347494239013206,0.02347494239013206,150,306026,3416026,3416027,256,128,82198ac4e5ea6df8,1ef034a702ff317a,E:\py learn\adversarial_attack_DRL\2024_dvcvqkd\experiments\joint_seed2026\best_joint.pt
turbulence_strength,1.584893192461111e-15,m^(-2/3),Uniform QAM,0,0.07682005211112972,0.06401278703731227,0.07297904950557323,0.00896626246826097,0.008966826343317753,150,302026,3422026,3422027,256,128,a3246bb43a309ccf,681be406add12985,fixed project PMF
turbulence_strength,1.584893192461111e-15,m^(-2/3),Maxwell-Boltzmann QAM,0,0.07683024758537096,0.051924511792916773,0.07298873520610241,0.021064223413185635,0.021064223413185635,150,302026,3422026,3422027,256,128,a3246bb43a309ccf,681be406add12985,fixed project PMF
turbulence_strength,1.584893192461111e-15,m^(-2/3),Binomial QAM,0,0.07682576751439293,0.05208930844487149,0.07298447913867329,0.020895170693801802,0.020895170693801802,150,302026,3422026,3422027,256,128,a3246bb43a309ccf,681be406add12985,fixed project PMF
turbulence_strength,1.584893192461111e-15,m^(-2/3),GS,0,0.0768202249572872,0.06312686095626027,0.07297921370942284,0.009852352753162574,0.009852496645353134,150,302026,3422026,3422027,256,128,a3246bb43a309ccf,681be406add12985,E:\py learn\adversarial_attack_DRL\2024_dvcvqkd\experiments\joint_seed2026\best_gs.pt
turbulence_strength,1.584893192461111e-15,m^(-2/3),PS,0,0.07683024758537177,0.05192451179292107,0.07298873520610318,0.021064223413182117,0.021064223413182117,150,302026,3422026,3422027,256,128,a3246bb43a309ccf,681be406add12985,E:\py learn\adversarial_attack_DRL\2024_dvcvqkd\experiments\joint_seed2026\best_ps.pt
turbulence_strength,1.584893192461111e-15,m^(-2/3),PS+GS,0,0.07683029792419396,0.05189472141486301,0.07298878302798426,0.02109406161312125,0.02109406161312125,150,302026,3422026,3422027,256,128,a3246bb43a309ccf,681be406add12985,E:\py learn\adversarial_attack_DRL\2024_dvcvqkd\experiments\joint_seed2026\best_joint.pt
turbulence_strength,1.584893192461111e-15,m^(-2/3),Uniform QAM,1,0.07886701341155486,0.06561738573014878,0.07492366274097711,0.009306277010828333,0.009306755176698628,150,303026,3423026,3423027,256,128,30ff93b214123e0b,46f521be52f11362,fixed project PMF
turbulence_strength,1.584893192461111e-15,m^(-2/3),Maxwell-Boltzmann QAM,1,0.07873116899608605,0.05324890709884685,0.07479461054628174,0.021545703447434887,0.021545703447434887,150,303026,3423026,3423027,256,128,30ff93b214123e0b,46f521be52f11362,fixed project PMF
turbulence_strength,1.584893192461111e-15,m^(-2/3),Binomial QAM,1,0.07869688179860702,0.05341774252783751,0.07476203770867668,0.02134429518083916,0.02134429518083916,150,303026,3423026,3423027,256,128,30ff93b214123e0b,46f521be52f11362,fixed project PMF
turbulence_strength,1.584893192461111e-15,m^(-2/3),GS,1,0.0788672662115764,0.06471157467076685,0.07492390290099757,0.01021232823023072,0.010212442744211094,150,303026,3423026,3423027,256,128,30ff93b214123e0b,46f521be52f11362,E:\py learn\adversarial_attack_DRL\2024_dvcvqkd\experiments\joint_seed2026\best_gs.pt
turbulence_strength,1.584893192461111e-15,m^(-2/3),PS,1,0.07873116899608681,0.05324890709885113,0.07479461054628248,0.02154570344743134,0.02154570344743134,150,303026,3423026,3423027,256,128,30ff93b214123e0b,46f521be52f11362,E:\py learn\adversarial_attack_DRL\2024_dvcvqkd\experiments\joint_seed2026\best_ps.pt
turbulence_strength,1.584893192461111e-15,m^(-2/3),PS+GS,1,0.07873119796248441,0.053218384693555665,0.07479463806436018,0.021576253370804526,0.021576253370804526,150,303026,3423026,3423027,256,128,30ff93b214123e0b,46f521be52f11362,E:\py learn\adversarial_attack_DRL\2024_dvcvqkd\experiments\joint_seed2026\best_joint.pt
turbulence_strength,1.584893192461111e-15,m^(-2/3),Uniform QAM,2,0.0754833423643116,0.06277855009584628,0.07170917524609602,0.008930625150249736,0.008931117772216318,150,304026,3424026,3424027,256,128,6ebe8b191b3a320a,2ac4f3056fc50e40,fixed project PMF
turbulence_strength,1.584893192461111e-15,m^(-2/3),Maxwell-Boltzmann QAM,2,0.0754924397991042,0.05092548999187505,0.07171781780914899,0.02079232781727393,0.02079232781727393,150,304026,3424026,3424027,256,128,6ebe8b191b3a320a,2ac4f3056fc50e40,fixed project PMF
turbulence_strength,1.584893192461111e-15,m^(-2/3),Binomial QAM,2,0.07548525623419561,0.05108733611299699,0.07171099342248582,0.02062365730948883,0.02062365730948883,150,304026,3424026,3424027,256,128,6ebe8b191b3a320a,2ac4f3056fc50e40,fixed project PMF
turbulence_strength,1.584893192461111e-15,m^(-2/3),GS,2,0.07548353218250771,0.06191062835799611,0.07170935557338232,0.009798727215386214,0.009798843492513813,150,304026,3424026,3424027,256,128,6ebe8b191b3a320a,2ac4f3056fc50e40,E:\py learn\adversarial_attack_DRL\2024_dvcvqkd\experiments\joint_seed2026\best_gs.pt
turbulence_strength,1.584893192461111e-15,m^(-2/3),PS,2,0.07549243979910494,0.050925489991879395,0.07171781780914968,0.020792327817270292,0.020792327817270292,150,304026,3424026,3424027,256,128,6ebe8b191b3a320a,2ac4f3056fc50e40,E:\py learn\adversarial_attack_DRL\2024_dvcvqkd\experiments\joint_seed2026\best_ps.pt
turbulence_strength,1.584893192461111e-15,m^(-2/3),PS+GS,2,0.07549242807076109,0.05089623073091407,0.07171780666722302,0.020821575936308956,0.020821575936308956,150,304026,3424026,3424027,256,128,6ebe8b191b3a320a,2ac4f3056fc50e40,E:\py learn\adversarial_attack_DRL\2024_dvcvqkd\experiments\joint_seed2026\best_joint.pt
turbulence_strength,1.584893192461111e-15,m^(-2/3),Uniform QAM,3,0.07596189520744509,0.06323380237402014,0.07216380044707282,0.00892999807305268,0.008930241645012962,150,305026,3425026,3425027,256,128,8073e62a14c1455f,486d35a5b41d24bd,fixed project PMF
turbulence_strength,1.584893192461111e-15,m^(-2/3),Maxwell-Boltzmann QAM,3,0.07595790260701502,0.05129306975989011,0.07216000747666425,0.02086693771677415,0.02086693771677415,150,305026,3425026,3425027,256,128,8073e62a14c1455f,486d35a5b41d24bd,fixed project PMF
turbulence_strength,1.584893192461111e-15,m^(-2/3),Binomial QAM,3,0.07594264202847051,0.05145594290358829,0.07214550992704699,0.020689567023458706,0.020689567023458706,150,305026,3425026,3425027,256,128,8073e62a14c1455f,486d35a5b41d24bd,fixed project PMF
turbulence_strength,1.584893192461111e-15,m^(-2/3),GS,3,0.07596198268686213,0.06235895233327896,0.07216388355251903,0.009804931219240063,0.009804983606169548,150,305026,3425026,3425027,256,128,8073e62a14c1455f,486d35a5b41d24bd,E:\py learn\adversarial_attack_DRL\2024_dvcvqkd\experiments\joint_seed2026\best_gs.pt
turbulence_strength,1.584893192461111e-15,m^(-2/3),PS,3,0.07595790260701572,0.05129306975989431,0.07216000747666493,0.020866937716770617,0.020866937716770617,150,305026,3425026,3425027,256,128,8073e62a14c1455f,486d35a5b41d24bd,E:\py learn\adversarial_attack_DRL\2024_dvcvqkd\experiments\joint_seed2026\best_ps.pt
turbulence_strength,1.584893192461111e-15,m^(-2/3),PS+GS,3,0.07595791781662115,0.05126362632255232,0.07216002192579007,0.020896395603237763,0.020896395603237763,150,305026,3425026,3425027,256,128,8073e62a14c1455f,486d35a5b41d24bd,E:\py learn\adversarial_attack_DRL\2024_dvcvqkd\experiments\joint_seed2026\best_joint.pt
turbulence_strength,1.584893192461111e-15,m^(-2/3),Uniform QAM,4,0.07226200464793887,0.060188750514675524,0.06864890441554192,0.008460153900866397,0.00846081366066561,150,306026,3426026,3426027,256,128,fe34a5a0d4af9d02,17c6bc99feca8718,fixed project PMF
turbulence_strength,1.584893192461111e-15,m^(-2/3),Maxwell-Boltzmann QAM,4,0.072174369362062,0.048799618574633684,0.06856565089395888,0.019766032319325208,0.019766032319325208,150,306026,3426026,3426027,256,128,fe34a5a0d4af9d02,17c6bc99feca8718,fixed project PMF
turbulence_strength,1.584893192461111e-15,m^(-2/3),Binomial QAM,4,0.0721748697568658,0.048954793626275965,0.0685661262690225,0.019611332642746532,0.019611332642746532,150,306026,3426026,3426027,256,128,fe34a5a0d4af9d02,17c6bc99feca8718,fixed project PMF
turbulence_strength,1.584893192461111e-15,m^(-2/3),GS,4,0.0722621919879301,0.059353797260920306,0.06864908238853361,0.009295285127613304,0.009295399483263456,150,306026,3426026,3426027,256,128,fe34a5a0d4af9d02,17c6bc99feca8718,E:\py learn\adversarial_attack_DRL\2024_dvcvqkd\experiments\joint_seed2026\best_gs.pt
turbulence_strength,1.584893192461111e-15,m^(-2/3),PS,4,0.07217436936206269,0.04879961857463762,0.06856565089395955,0.019766032319321933,0.019766032319321933,150,306026,3426026,3426027,256,128,fe34a5a0d4af9d02,17c6bc99feca8718,E:\py learn\adversarial_attack_DRL\2024_dvcvqkd\experiments\joint_seed2026\best_ps.pt
turbulence_strength,1.584893192461111e-15,m^(-2/3),PS+GS,4,0.07217433233680928,0.048771568304889594,0.06856561571996882,0.019794047415079227,0.019794047415079227,150,306026,3426026,3426027,256,128,fe34a5a0d4af9d02,17c6bc99feca8718,E:\py learn\adversarial_attack_DRL\2024_dvcvqkd\experiments\joint_seed2026\best_joint.pt
turbulence_strength,1.995262314968883e-15,m^(-2/3),Uniform QAM,0,0.06542713733139487,0.054646625187575196,0.062155780464825124,0.007509155277249924,0.0075095818676068965,150,302026,3432026,3432027,256,128,816a78e43ddf285a,7dd9fb495af50fe7,fixed project PMF
turbulence_strength,1.995262314968883e-15,m^(-2/3),Maxwell-Boltzmann QAM,0,0.06542904496119042,0.044289766978536385,0.0621575927131309,0.017867825734594524,0.017867825734594524,150,302026,3432026,3432027,256,128,816a78e43ddf285a,7dd9fb495af50fe7,fixed project PMF
turbulence_strength,1.995262314968883e-15,m^(-2/3),Binomial QAM,0,0.06543218587336772,0.04443062179991579,0.06216057657969933,0.01772995477978355,0.01772995477978355,150,302026,3432026,3432027,256,128,816a78e43ddf285a,7dd9fb495af50fe7,fixed project PMF
turbulence_strength,1.995262314968883e-15,m^(-2/3),GS,0,0.06542729034705586,0.053886587354936455,0.06215592582970305,0.008269338474766592,0.008269502092842673,150,302026,3432026,3432027,256,128,816a78e43ddf285a,7dd9fb495af50fe7,E:\py learn\adversarial_attack_DRL\2024_dvcvqkd\experiments\joint_seed2026\best_gs.pt
turbulence_strength,1.995262314968883e-15,m^(-2/3),PS,0,0.06542904496119119,0.04428976697854009,0.062157592713131635,0.017867825734591534,0.017867825734591534,150,302026,3432026,3432027,256,128,816a78e43ddf285a,7dd9fb495af50fe7,E:\py learn\adversarial_attack_DRL\2024_dvcvqkd\experiments\joint_seed2026\best_ps.pt
turbulence_strength,1.995262314968883e-15,m^(-2/3),PS+GS,0,0.06542906161690093,0.044264307566768926,0.062157608536055876,0.017893300969286954,0.017893300969286954,150,302026,3432026,3432027,256,128,816a78e43ddf285a,7dd9fb495af50fe7,E:\py learn\adversarial_attack_DRL\2024_dvcvqkd\experiments\joint_seed2026\best_joint.pt
turbulence_strength,1.995262314968883e-15,m^(-2/3),Uniform QAM,1,0.07378895970109395,0.06163702421931827,0.07009951171603926,0.008462487496720985,0.008462956130936382,150,303026,3433026,3433027,256,128,53d4e9fcd122c852,a95e4762c28bd212,fixed project PMF
turbulence_strength,1.995262314968883e-15,m^(-2/3),Maxwell-Boltzmann QAM,1,0.0738492109253883,0.04998940078224736,0.07015675037911889,0.020167349596871526,0.020167349596871526,150,303026,3433026,3433027,256,128,53d4e9fcd122c852,a95e4762c28bd212,fixed project PMF
turbulence_strength,1.995262314968883e-15,m^(-2/3),Binomial QAM,1,0.07385852313474361,0.050147909560918635,0.07016559697800645,0.020017687417087805,0.020017687417087805,150,303026,3433026,3433027,256,128,53d4e9fcd122c852,a95e4762c28bd212,fixed project PMF
turbulence_strength,1.995262314968883e-15,m^(-2/3),GS,1,0.07378907670576813,0.060782554612384646,0.07009962287047973,0.009317068258095081,0.009317173555574354,150,303026,3433026,3433027,256,128,53d4e9fcd122c852,a95e4762c28bd212,E:\py learn\adversarial_attack_DRL\2024_dvcvqkd\experiments\joint_seed2026\best_gs.pt
turbulence_strength,1.995262314968883e-15,m^(-2/3),PS,1,0.07384921092538917,0.04998940078225149,0.0701567503791197,0.020167349596868223,0.020167349596868223,150,303026,3433026,3433027,256,128,53d4e9fcd122c852,a95e4762c28bd212,E:\py learn\adversarial_attack_DRL\2024_dvcvqkd\experiments\joint_seed2026\best_ps.pt
turbulence_strength,1.995262314968883e-15,m^(-2/3),PS+GS,1,0.07384921768567224,0.04996074953625528,0.07015675680138861,0.020196007265133334,0.020196007265133334,150,303026,3433026,3433027,256,128,53d4e9fcd122c852,a95e4762c28bd212,E:\py learn\adversarial_attack_DRL\2024_dvcvqkd\experiments\joint_seed2026\best_joint.pt
turbulence_strength,1.995262314968883e-15,m^(-2/3),Uniform QAM,2,0.0660085622748225,0.05517512131080554,0.06270813416108137,0.007533012850275829,0.007533538472742745,150,304026,3434026,3434027,256,128,76922e0ea085d627,79b2da446ca1e71e,fixed project PMF
turbulence_strength,1.995262314968883e-15,m^(-2/3),Maxwell-Boltzmann QAM,2,0.06606108449171312,0.04471089856173484,0.06275803026712745,0.018047131705392613,0.018047131705392613,150,304026,3434026,3434027,256,128,76922e0ea085d627,79b2da446ca1e71e,fixed project PMF
turbulence_strength,1.995262314968883e-15,m^(-2/3),Binomial QAM,2,0.06604354578830982,0.0448530899296183,0.06274136849889432,0.017888278569276026,0.017888278569276026,150,304026,3434026,3434027,256,128,76922e0ea085d627,79b2da446ca1e71e,fixed project PMF
turbulence_strength,1.995262314968883e-15,m^(-2/3),GS,2,0.06600870037563636,0.05440683593399087,0.06270826535685455,0.00830142942286368,0.008301601229633929,150,304026,3434026,3434027,256,128,76922e0ea085d627,79b2da446ca1e71e,E:\py learn\adversarial_attack_DRL\2024_dvcvqkd\experiments\joint_seed2026\best_gs.pt
turbulence_strength,1.995262314968883e-15,m^(-2/3),PS,2,0.06606108449171384,0.04471089856173836,0.06275803026712815,0.018047131705389796,0.018047131705389796,150,304026,3434026,3434027,256,128,76922e0ea085d627,79b2da446ca1e71e,E:\py learn\adversarial_attack_DRL\2024_dvcvqkd\experiments\joint_seed2026\best_ps.pt
turbulence_strength,1.995262314968883e-15,m^(-2/3),PS+GS,2,0.06606106738179862,0.04468519866304857,0.0627580140127087,0.018072815349660126,0.018072815349660126,150,304026,3434026,3434027,256,128,76922e0ea085d627,79b2da446ca1e71e,E:\py learn\adversarial_attack_DRL\2024_dvcvqkd\experiments\joint_seed2026\best_joint.pt
turbulence_strength,1.995262314968883e-15,m^(-2/3),Uniform QAM,3,0.060960594319833736,0.050915941078977914,0.057912564603842046,0.006996623524864142,0.0069969704155414866,150,305026,3435026,3435027,256,128,71793abe47d1b137,48c3bfcce64ed12b,fixed project PMF
turbulence_strength,1.995262314968883e-15,m^(-2/3),Maxwell-Boltzmann QAM,3,0.060859584650352266,0.04124356368025149,0.05781660541783465,0.01657304173758316,0.01657304173758316,150,305026,3435026,3435027,256,128,71793abe47d1b137,48c3bfcce64ed12b,fixed project PMF
turbulence_strength,1.995262314968883e-15,m^(-2/3),Binomial QAM,3,0.06084707322003828,0.041374890511235815,0.05780471955903636,0.016429829047800548,0.016429829047800548,150,305026,3435026,3435027,256,128,71793abe47d1b137,48c3bfcce64ed12b,fixed project PMF
turbulence_strength,1.995262314968883e-15,m^(-2/3),GS,3,0.06096072022764469,0.05020548292050866,0.05791268421626246,0.007707201295753797,0.007707298728319302,150,305026,3435026,3435027,256,128,71793abe47d1b137,48c3bfcce64ed12b,E:\py learn\adversarial_attack_DRL\2024_dvcvqkd\experiments\joint_seed2026\best_gs.pt
turbulence_strength,1.995262314968883e-15,m^(-2/3),PS,3,0.0608595846503531,0.041243563680254974,0.05781660541783544,0.016573041737580473,0.016573041737580473,150,305026,3435026,3435027,256,128,71793abe47d1b137,48c3bfcce64ed12b,E:\py learn\adversarial_attack_DRL\2024_dvcvqkd\experiments\joint_seed2026\best_ps.pt
turbulence_strength,1.995262314968883e-15,m^(-2/3),PS+GS,3,0.06085957518252107,0.04121982838719129,0.05781659642339502,0.016596768036203725,0.016596768036203725,150,305026,3435026,3435027,256,128,71793abe47d1b137,48c3bfcce64ed12b,E:\py learn\adversarial_attack_DRL\2024_dvcvqkd\experiments\joint_seed2026\best_joint.pt
turbulence_strength,1.995262314968883e-15,m^(-2/3),Uniform QAM,4,0.0637512178790271,0.05322247049633513,0.06056365698507574,0.0073411864887406066,0.0073416605352782625,150,306026,3436026,3436027,256,128,77bac1631583223c,c4f8434376b405b5,fixed project PMF
turbulence_strength,1.995262314968883e-15,m^(-2/3),Maxwell-Boltzmann QAM,4,0.06374310326220621,0.04312790455387731,0.060555948099095896,0.01742804354521859,0.01742804354521859,150,306026,3436026,3436027,256,128,77bac1631583223c,c4f8434376b405b5,fixed project PMF
turbulence_strength,1.995262314968883e-15,m^(-2/3),Binomial QAM,4,0.06374549837883846,0.043265214232059215,0.06055822345989653,0.01729300922783732,0.01729300922783732,150,306026,3436026,3436027,256,128,77bac1631583223c,c4f8434376b405b5,fixed project PMF
turbulence_strength,1.995262314968883e-15,m^(-2/3),GS,4,0.06375137102358161,0.052481748403954115,0.060563802472402534,0.008082054068448422,0.008082165794463228,150,306026,3436026,3436027,256,128,77bac1631583223c,c4f8434376b405b5,E:\py learn\adversarial_attack_DRL\2024_dvcvqkd\experiments\joint_seed2026\best_gs.pt
turbulence_strength,1.995262314968883e-15,m^(-2/3),PS,4,0.0637431032622069,0.04312790455388088,0.06055594809909656,0.017428043545215686,0.017428043545215686,150,306026,3436026,3436027,256,128,77bac1631583223c,c4f8434376b405b5,E:\py learn\adversarial_attack_DRL\2024_dvcvqkd\experiments\joint_seed2026\best_ps.pt
turbulence_strength,1.995262314968883e-15,m^(-2/3),PS+GS,4,0.06374307755902903,0.04310308573385478,0.06055592368107757,0.01745283794722279,0.01745283794722279,150,306026,3436026,3436027,256,128,77bac1631583223c,c4f8434376b405b5,E:\py learn\adversarial_attack_DRL\2024_dvcvqkd\experiments\joint_seed2026\best_joint.pt
turbulence_strength,2.511886431509582e-15,m^(-2/3),Uniform QAM,0,0.06407327826217267,0.05345902169475493,0.06086961434906403,0.007410592654309104,0.007411260568517078,150,302026,3442026,3442027,256,128,2d647a0b7cc0d865,cd8a2fb870fa90d5,fixed project PMF
turbulence_strength,2.511886431509582e-15,m^(-2/3),Maxwell-Boltzmann QAM,0,0.06406127852345868,0.04334041290946565,0.060858214597285756,0.017517801687820096,0.017517801687820096,150,302026,3442026,3442027,256,128,2d647a0b7cc0d865,cd8a2fb870fa90d5,fixed project PMF
turbulence_strength,2.511886431509582e-15,m^(-2/3),Binomial QAM,0,0.06406023661578894,0.043478142463167606,0.060857224784999484,0.017379082321831878,0.017379082321831878,150,302026,3442026,3442027,256,128,2d647a0b7cc0d865,cd8a2fb870fa90d5,fixed project PMF
turbulence_strength,2.511886431509582e-15,m^(-2/3),GS,0,0.06407344753413823,0.052716809375738735,0.06086977515743132,0.008152965781692579,0.008153175305964103,150,302026,3442026,3442027,256,128,2d647a0b7cc0d865,cd8a2fb870fa90d5,E:\py learn\adversarial_attack_DRL\2024_dvcvqkd\experiments\joint_seed2026\best_gs.pt
turbulence_strength,2.511886431509582e-15,m^(-2/3),PS,0,0.06406127852345953,0.04334041290946925,0.06085821459728657,0.017517801687817303,0.017517801687817303,150,302026,3442026,3442027,256,128,2d647a0b7cc0d865,cd8a2fb870fa90d5,E:\py learn\adversarial_attack_DRL\2024_dvcvqkd\experiments\joint_seed2026\best_ps.pt
turbulence_strength,2.511886431509582e-15,m^(-2/3),PS+GS,0,0.0640612924438208,0.0433155173679783,0.06085822782162976,0.01754271045365146,0.01754271045365146,150,302026,3442026,3442027,256,128,2d647a0b7cc0d865,cd8a2fb870fa90d5,E:\py learn\adversarial_attack_DRL\2024_dvcvqkd\experiments\joint_seed2026\best_joint.pt
turbulence_strength,2.511886431509582e-15,m^(-2/3),Uniform QAM,1,0.05723529815376785,0.04777652507150107,0.05437353324607946,0.006597008174578384,0.0065975471759571235,150,303026,3443026,3443027,256,128,d8be26b15befddfc,f28fd3367f63c798,fixed project PMF
turbulence_strength,2.511886431509582e-15,m^(-2/3),Maxwell-Boltzmann QAM,1,0.05724691119456295,0.038711191758636375,0.05438456563483479,0.015673373876198424,0.015673373876198424,150,303026,3443026,3443027,256,128,d8be26b15befddfc,f28fd3367f63c798,fixed project PMF
turbulence_strength,2.511886431509582e-15,m^(-2/3),Binomial QAM,1,0.057248205576119385,0.03883440015197388,0.05438579529731342,0.015551395145339538,0.015551395145339538,150,303026,3443026,3443027,256,128,d8be26b15befddfc,f28fd3367f63c798,fixed project PMF
turbulence_strength,2.511886431509582e-15,m^(-2/3),GS,1,0.05723540174499765,0.04711102387004654,0.054373631657747765,0.007262607787701238,0.007262759854408803,150,303026,3443026,3443027,256,128,d8be26b15befddfc,f28fd3367f63c798,E:\py learn\adversarial_attack_DRL\2024_dvcvqkd\experiments\joint_seed2026\best_gs.pt
turbulence_strength,2.511886431509582e-15,m^(-2/3),PS,1,0.057246911194563696,0.0387111917586395,0.05438456563483551,0.01567337387619601,0.01567337387619601,150,303026,3443026,3443027,256,128,d8be26b15befddfc,f28fd3367f63c798,E:\py learn\adversarial_attack_DRL\2024_dvcvqkd\experiments\joint_seed2026\best_ps.pt
turbulence_strength,2.511886431509582e-15,m^(-2/3),PS+GS,1,0.05724689513278876,0.03868892265005169,0.054384550376149324,0.01569562772609763,0.01569562772609763,150,303026,3443026,3443027,256,128,d8be26b15befddfc,f28fd3367f63c798,E:\py learn\adversarial_attack_DRL\2024_dvcvqkd\experiments\joint_seed2026\best_joint.pt
turbulence_strength,2.511886431509582e-15,m^(-2/3),Uniform QAM,2,0.06298282169618169,0.052669090241433,0.059833680611372606,0.007164590369939607,0.007165325136856181,150,304026,3444026,3444027,256,128,e4ba9fde77debc6d,abbed61c52af1640,fixed project PMF
turbulence_strength,2.511886431509582e-15,m^(-2/3),Maxwell-Boltzmann QAM,2,0.06299191921470855,0.04269209836759527,0.05984232325397312,0.01715022488637785,0.01715022488637785,150,304026,3444026,3444027,256,128,e4ba9fde77debc6d,abbed61c52af1640,fixed project PMF
turbulence_strength,2.511886431509582e-15,m^(-2/3),Binomial QAM,2,0.0629846164897714,0.04282775017089821,0.05983538566528283,0.017007635494384617,0.017007635494384617,150,304026,3444026,3444027,256,128,e4ba9fde77debc6d,abbed61c52af1640,fixed project PMF
turbulence_strength,2.511886431509582e-15,m^(-2/3),GS,2,0.0629829732437393,0.05193681791367283,0.05983382458155234,0.00789700666787951,0.00789721124382573,150,304026,3444026,3444027,256,128,e4ba9fde77debc6d,abbed61c52af1640,E:\py learn\adversarial_attack_DRL\2024_dvcvqkd\experiments\joint_seed2026\best_gs.pt
turbulence_strength,2.511886431509582e-15,m^(-2/3),PS,2,0.0629919192147094,0.04269209836759881,0.059842323253973935,0.017150224886375118,0.017150224886375118,150,304026,3444026,3444027,256,128,e4ba9fde77debc6d,abbed61c52af1640,E:\py learn\adversarial_attack_DRL\2024_dvcvqkd\experiments\joint_seed2026\best_ps.pt
turbulence_strength,2.511886431509582e-15,m^(-2/3),PS+GS,2,0.06299194877323465,0.042667579719021714,0.059842351334572906,0.017174771615551195,0.017174771615551195,150,304026,3444026,3444027,256,128,e4ba9fde77debc6d,abbed61c52af1640,E:\py learn\adversarial_attack_DRL\2024_dvcvqkd\experiments\joint_seed2026\best_joint.pt
turbulence_strength,2.511886431509582e-15,m^(-2/3),Uniform QAM,3,0.06016315110616989,0.05022020795011872,0.057154993550861385,0.006934785600742667,0.006935559801026336,150,305026,3445026,3445027,256,128,bd321819fd500a1c,061d71a149295e4e,fixed project PMF
turbulence_strength,2.511886431509582e-15,m^(-2/3),Maxwell-Boltzmann QAM,3,0.060066985994174156,0.04070949561683608,0.05706363669446544,0.016354141077629367,0.016354141077629367,150,305026,3445026,3445027,256,128,bd321819fd500a1c,061d71a149295e4e,fixed project PMF
turbulence_strength,2.511886431509582e-15,m^(-2/3),Binomial QAM,3,0.06004544598881771,0.04083890722462768,0.057043173689376836,0.01620426646474915,0.01620426646474915,150,305026,3445026,3445027,256,128,bd321819fd500a1c,061d71a149295e4e,fixed project PMF
turbulence_strength,2.511886431509582e-15,m^(-2/3),GS,3,0.06016329565850488,0.04952245618645944,0.05715513087557964,0.007632674689120197,0.007632866177000975,150,305026,3445026,3445027,256,128,bd321819fd500a1c,061d71a149295e4e,E:\py learn\adversarial_attack_DRL\2024_dvcvqkd\experiments\joint_seed2026\best_gs.pt
turbulence_strength,2.511886431509582e-15,m^(-2/3),PS,3,0.06006698599417484,0.040709495616839474,0.057063636694466104,0.016354141077626623,0.016354141077626623,150,305026,3445026,3445027,256,128,bd321819fd500a1c,061d71a149295e4e,E:\py learn\adversarial_attack_DRL\2024_dvcvqkd\experiments\joint_seed2026\best_ps.pt
turbulence_strength,2.511886431509582e-15,m^(-2/3),PS+GS,3,0.060067001122662056,0.04068610398598037,0.057063651066528956,0.016377547080548588,0.016377547080548588,150,305026,3445026,3445027,256,128,bd321819fd500a1c,061d71a149295e4e,E:\py learn\adversarial_attack_DRL\2024_dvcvqkd\experiments\joint_seed2026\best_joint.pt
turbulence_strength,2.511886431509582e-15,m^(-2/3),Uniform QAM,4,0.0595818668854739,0.04981132661312121,0.056602773541200205,0.006791446928078992,0.006792031952276553,150,306026,3446026,3446027,256,128,f3363a139d3f46ac,13bb5094518297a3,fixed project PMF
turbulence_strength,2.511886431509582e-15,m^(-2/3),Maxwell-Boltzmann QAM,4,0.05959571153775746,0.04035818418835573,0.05661592596086958,0.01625774177251385,0.01625774177251385,150,306026,3446026,3446027,256,128,f3363a139d3f46ac,13bb5094518297a3,fixed project PMF
turbulence_strength,2.511886431509582e-15,m^(-2/3),Binomial QAM,4,0.05959934736368987,0.040486514312048,0.05661937999550538,0.016132865683457377,0.016132865683457377,150,306026,3446026,3446027,256,128,f3363a139d3f46ac,13bb5094518297a3,fixed project PMF
turbulence_strength,2.511886431509582e-15,m^(-2/3),GS,4,0.05958196185674364,0.04911690999604399,0.05660286376390644,0.007485953767862449,0.007486168509700841,150,306026,3446026,3446027,256,128,f3363a139d3f46ac,13bb5094518297a3,E:\py learn\adversarial_attack_DRL\2024_dvcvqkd\experiments\joint_seed2026\best_gs.pt
turbulence_strength,2.511886431509582e-15,m^(-2/3),PS,4,0.0595957115377582,0.0403581841883591,0.05661592596087029,0.016257741772511193,0.016257741772511193,150,306026,3446026,3446027,256,128,f3363a139d3f46ac,13bb5094518297a3,E:\py learn\adversarial_attack_DRL\2024_dvcvqkd\experiments\joint_seed2026\best_ps.pt
turbulence_strength,2.511886431509582e-15,m^(-2/3),PS+GS,4,0.05959570861600054,0.04033499067530405,0.05661592318520051,0.016280932509896463,0.016280932509896463,150,306026,3446026,3446027,256,128,f3363a139d3f46ac,13bb5094518297a3,E:\py learn\adversarial_attack_DRL\2024_dvcvqkd\experiments\joint_seed2026\best_joint.pt
turbulence_strength,3.1622776601683794e-15,m^(-2/3),Uniform QAM,0,0.05219468131899412,0.043533086741973405,0.04958494725304441,0.006051860511071011,0.0060529504721533985,150,302026,3452026,3452027,256,128,2df93b214e80c691,ab6f40baefd7eb71,fixed project PMF
turbulence_strength,3.1622776601683794e-15,m^(-2/3),Maxwell-Boltzmann QAM,0,0.052211996964934,0.035273687692663404,0.04960139711668729,0.01432770942402389,0.014327709424023893,150,302026,3452026,3452027,256,128,2df93b214e80c691,ab6f40baefd7eb71,fixed project PMF
turbulence_strength,3.1622776601683794e-15,m^(-2/3),Binomial QAM,0,0.052215369542599324,0.03538608962602617,0.04960460106546935,0.014218511439443183,0.014218511439443183,150,302026,3452026,3452027,256,128,2df93b214e80c691,ab6f40baefd7eb71,fixed project PMF
turbulence_strength,3.1622776601683794e-15,m^(-2/3),GS,0,0.052194783044682835,0.04292719060151891,0.049585043892448694,0.0066578532909297855,0.006658169664247997,150,302026,3452026,3452027,256,128,2df93b214e80c691,ab6f40baefd7eb71,E:\py learn\adversarial_attack_DRL\2024_dvcvqkd\experiments\joint_seed2026\best_gs.pt
turbulence_strength,3.1622776601683794e-15,m^(-2/3),PS,0,0.05221199696493473,0.03527368769266631,0.049601397116688,0.014327709424021687,0.014327709424021687,150,302026,3452026,3452027,256,128,2df93b214e80c691,ab6f40baefd7eb71,E:\py learn\adversarial_attack_DRL\2024_dvcvqkd\experiments\joint_seed2026\best_ps.pt
turbulence_strength,3.1622776601683794e-15,m^(-2/3),PS+GS,0,0.052212003452911035,0.03525337048366039,0.04960140328026548,0.014348032796605101,0.014348032796605101,150,302026,3452026,3452027,256,128,2df93b214e80c691,ab6f40baefd7eb71,E:\py learn\adversarial_attack_DRL\2024_dvcvqkd\experiments\joint_seed2026\best_joint.pt
turbulence_strength,3.1622776601683794e-15,m^(-2/3),Uniform QAM,1,0.051472402530627716,0.04298627885400658,0.04889878240409633,0.005912503550089747,0.005913545590043523,150,303026,3453026,3453027,256,128,111c8c61753601a2,03a786f30942d011,fixed project PMF
turbulence_strength,3.1622776601683794e-15,m^(-2/3),Maxwell-Boltzmann QAM,1,0.051491826564195264,0.034828872040634076,0.0489172352359855,0.014088363195351417,0.014088363195351438,150,303026,3453026,3453027,256,128,111c8c61753601a2,03a786f30942d011,fixed project PMF
turbulence_strength,3.1622776601683794e-15,m^(-2/3),Binomial QAM,1,0.05149726217831657,0.03493971322747401,0.04892239906940074,0.013982685841926737,0.013982685841926757,150,303026,3453026,3453027,256,128,111c8c61753601a2,03a786f30942d011,fixed project PMF
turbulence_strength,3.1622776601683794e-15,m^(-2/3),GS,1,0.05147249878455877,0.04238734813641596,0.04889887384533083,0.006511525708914875,0.0065118451667287155,150,303026,3453026,3453027,256,128,111c8c61753601a2,03a786f30942d011,E:\py learn\adversarial_attack_DRL\2024_dvcvqkd\experiments\joint_seed2026\best_gs.pt
turbulence_strength,3.1622776601683794e-15,m^(-2/3),PS,1,0.051491826564196035,0.034828872040636935,0.048917235235986234,0.014088363195349292,0.014088363195349313,150,303026,3453026,3453027,256,128,111c8c61753601a2,03a786f30942d011,E:\py learn\adversarial_attack_DRL\2024_dvcvqkd\experiments\joint_seed2026\best_ps.pt
turbulence_strength,3.1622776601683794e-15,m^(-2/3),PS+GS,1,0.05149181883674973,0.034808838465743154,0.048917227894912235,0.014108389429169083,0.014108389429169105,150,303026,3453026,3453027,256,128,111c8c61753601a2,03a786f30942d011,E:\py learn\adversarial_attack_DRL\2024_dvcvqkd\experiments\joint_seed2026\best_joint.pt
turbulence_strength,3.1622776601683794e-15,m^(-2/3),Uniform QAM,2,0.05694867179581723,0.04758342395287946,0.05410123820602637,0.006517814253146902,0.006518681835523116,150,304026,3454026,3454027,256,128,7c8ece9eb2af8895,001fa9b9dc9c6094,fixed project PMF
turbulence_strength,3.1622776601683794e-15,m^(-2/3),Maxwell-Boltzmann QAM,2,0.056879771145258454,0.03854850772714062,0.054035782587995525,0.015487274860854905,0.015487274860854905,150,304026,3454026,3454027,256,128,7c8ece9eb2af8895,001fa9b9dc9c6094,fixed project PMF
turbulence_strength,3.1622776601683794e-15,m^(-2/3),Binomial QAM,2,0.0568748366911333,0.0386712664426105,0.05403109485657663,0.015359828413966138,0.015359828413966138,150,304026,3454026,3454027,256,128,7c8ece9eb2af8895,001fa9b9dc9c6094,fixed project PMF
turbulence_strength,3.1622776601683794e-15,m^(-2/3),GS,2,0.056948840996539934,0.04692004829792587,0.05410139894671293,0.0071813506487870635,0.007181620210762695,150,304026,3454026,3454027,256,128,7c8ece9eb2af8895,001fa9b9dc9c6094,E:\py learn\adversarial_attack_DRL\2024_dvcvqkd\experiments\joint_seed2026\best_gs.pt
turbulence_strength,3.1622776601683794e-15,m^(-2/3),PS,2,0.05687977114525927,0.03854850772714376,0.0540357825879963,0.015487274860852551,0.015487274860852551,150,304026,3454026,3454027,256,128,7c8ece9eb2af8895,001fa9b9dc9c6094,E:\py learn\adversarial_attack_DRL\2024_dvcvqkd\experiments\joint_seed2026\best_ps.pt
turbulence_strength,3.1622776601683794e-15,m^(-2/3),PS+GS,2,0.056879770262775006,0.03852632021802019,0.05403578174963626,0.015509461531616066,0.015509461531616066,150,304026,3454026,3454027,256,128,7c8ece9eb2af8895,001fa9b9dc9c6094,E:\py learn\adversarial_attack_DRL\2024_dvcvqkd\experiments\joint_seed2026\best_joint.pt
turbulence_strength,3.1622776601683794e-15,m^(-2/3),Uniform QAM,3,0.053150630558042776,0.04441716881647454,0.05049309903014063,0.006075930213666096,0.006076664811554795,150,305026,3455026,3455027,256,128,7dbb9f7ed6a9cf0b,116c52138615d43f,fixed project PMF
turbulence_strength,3.1622776601683794e-15,m^(-2/3),Maxwell-Boltzmann QAM,3,0.05302971041274128,0.035991075783928725,0.05037822489210421,0.01438714910817548,0.01438714910817548,150,305026,3455026,3455027,256,128,7dbb9f7ed6a9cf0b,116c52138615d43f,fixed project PMF
turbulence_strength,3.1622776601683794e-15,m^(-2/3),Binomial QAM,3,0.0529941068682495,0.036105542349665974,0.050344401524837025,0.01423885917517105,0.01423885917517105,150,305026,3455026,3455027,256,128,7dbb9f7ed6a9cf0b,116c52138615d43f,fixed project PMF
turbulence_strength,3.1622776601683794e-15,m^(-2/3),GS,3,0.053150725513288165,0.04379843397015498,0.05049318923762375,0.006694755267468768,0.0066949980622385856,150,305026,3455026,3455027,256,128,7dbb9f7ed6a9cf0b,116c52138615d43f,E:\py learn\adversarial_attack_DRL\2024_dvcvqkd\experiments\joint_seed2026\best_gs.pt
turbulence_strength,3.1622776601683794e-15,m^(-2/3),PS,3,0.05302971041274203,0.03599107578393174,0.05037822489210492,0.014387149108173177,0.014387149108173177,150,305026,3455026,3455027,256,128,7dbb9f7ed6a9cf0b,116c52138615d43f,E:\py learn\adversarial_attack_DRL\2024_dvcvqkd\experiments\joint_seed2026\best_ps.pt
turbulence_strength,3.1622776601683794e-15,m^(-2/3),PS+GS,3,0.053029716793944165,0.035970387176722934,0.050378230954246955,0.014407843777524017,0.014407843777524017,150,305026,3455026,3455027,256,128,7dbb9f7ed6a9cf0b,116c52138615d43f,E:\py learn\adversarial_attack_DRL\2024_dvcvqkd\experiments\joint_seed2026\best_joint.pt
turbulence_strength,3.1622776601683794e-15,m^(-2/3),Uniform QAM,4,0.057589858860336296,0.0480232340620365,0.054710365917319474,0.006687131855282976,0.006688075492957552,150,306026,3456026,3456027,256,128,3349ef3fb3c6be21,d8d46d5b193c693e,fixed project PMF
turbulence_strength,3.1622776601683794e-15,m^(-2/3),Maxwell-Boltzmann QAM,4,0.05755349648474963,0.03892954263748019,0.054675821660512144,0.015746279023031953,0.015746279023031953,150,306026,3456026,3456027,256,128,3349ef3fb3c6be21,d8d46d5b193c693e,fixed project PMF
turbulence_strength,3.1622776601683794e-15,m^(-2/3),Binomial QAM,4,0.0575507706882447,0.03905334684235713,0.05467323215383246,0.01561988531147533,0.01561988531147533,150,306026,3456026,3456027,256,128,3349ef3fb3c6be21,d8d46d5b193c693e,fixed project PMF
turbulence_strength,3.1622776601683794e-15,m^(-2/3),GS,4,0.05758993905313377,0.047356277187556986,0.05471044210047708,0.007354164912920092,0.007354452681379768,150,306026,3456026,3456027,256,128,3349ef3fb3c6be21,d8d46d5b193c693e,E:\py learn\adversarial_attack_DRL\2024_dvcvqkd\experiments\joint_seed2026\best_gs.pt
turbulence_strength,3.1622776601683794e-15,m^(-2/3),PS,4,0.057553496484750506,0.03892954263748341,0.05467582166051298,0.015746279023029566,0.015746279023029566,150,306026,3456026,3456027,256,128,3349ef3fb3c6be21,d8d46d5b193c693e,E:\py learn\adversarial_attack_DRL\2024_dvcvqkd\experiments\joint_seed2026\best_ps.pt
turbulence_strength,3.1622776601683794e-15,m^(-2/3),PS+GS,4,0.05755350599057698,0.03890716397542441,0.05467583069104813,0.01576866671562372,0.01576866671562372,150,306026,3456026,3456027,256,128,3349ef3fb3c6be21,d8d46d5b193c693e,E:\py learn\adversarial_attack_DRL\2024_dvcvqkd\experiments\joint_seed2026\best_joint.pt
turbulence_strength,3.9810717055349695e-15,m^(-2/3),Uniform QAM,0,0.047234849856365585,0.039403176043297405,0.0448731073635473,0.00546993132024989,0.0054706919222135275,150,302026,3462026,3462027,256,128,e008c0b45fabc344,f36ae92ae0353c63,fixed project PMF
turbulence_strength,3.9810717055349695e-15,m^(-2/3),Maxwell-Boltzmann QAM,0,0.04735889630025837,0.03191782534713622,0.04499095148524545,0.013073126138109237,0.013073126138109237,150,302026,3462026,3462027,256,128,e008c0b45fabc344,f36ae92ae0353c63,fixed project PMF
turbulence_strength,3.9810717055349695e-15,m^(-2/3),Binomial QAM,0,0.04737473054846188,0.0320196010429427,0.045005994021038775,0.012986392978096091,0.012986392978096091,150,302026,3462026,3462027,256,128,e008c0b45fabc344,f36ae92ae0353c63,fixed project PMF
turbulence_strength,3.9810717055349695e-15,m^(-2/3),GS,0,0.04723495514917959,0.03885378856953191,0.04487320739172061,0.006019418822188696,0.006019690416345788,150,302026,3462026,3462027,256,128,e008c0b45fabc344,f36ae92ae0353c63,E:\py learn\adversarial_attack_DRL\2024_dvcvqkd\experiments\joint_seed2026\best_gs.pt
turbulence_strength,3.9810717055349695e-15,m^(-2/3),PS,0,0.04735889630025909,0.0319178253471389,0.044990951485246136,0.013073126138107237,0.013073126138107237,150,302026,3462026,3462027,256,128,e008c0b45fabc344,f36ae92ae0353c63,E:\py learn\adversarial_attack_DRL\2024_dvcvqkd\experiments\joint_seed2026\best_ps.pt
turbulence_strength,3.9810717055349695e-15,m^(-2/3),PS+GS,0,0.04735889323974319,0.03189942970044654,0.044990948577756026,0.013091518877309489,0.013091518877309489,150,302026,3462026,3462027,256,128,e008c0b45fabc344,f36ae92ae0353c63,E:\py learn\adversarial_attack_DRL\2024_dvcvqkd\experiments\joint_seed2026\best_joint.pt
turbulence_strength,3.9810717055349695e-15,m^(-2/3),Uniform QAM,1,0.04321221447637179,0.03622529505521563,0.041051603752553185,0.004826308697337566,0.004827280983416323,150,303026,3463026,3463027,256,128,962b2bdb953fdeb3,9dd356cb80a45682,fixed project PMF
turbulence_strength,3.9810717055349695e-15,m^(-2/3),Maxwell-Boltzmann QAM,1,0.043225447981971046,0.029327145515557693,0.041064175582872495,0.011737030067314799,0.011737030067314799,150,303026,3463026,3463027,256,128,962b2bdb953fdeb3,9dd356cb80a45682,fixed project PMF
turbulence_strength,3.9810717055349695e-15,m^(-2/3),Binomial QAM,1,0.043230337021002097,0.02942065602200132,0.04106882016995199,0.011648164147950663,0.011648164147950663,150,303026,3463026,3463027,256,128,962b2bdb953fdeb3,9dd356cb80a45682,fixed project PMF
turbulence_strength,3.9810717055349695e-15,m^(-2/3),GS,1,0.04321230437491266,0.03571816683346837,0.04105168915616703,0.0053335223226986545,0.005333776710863007,150,303026,3463026,3463027,256,128,962b2bdb953fdeb3,9dd356cb80a45682,E:\py learn\adversarial_attack_DRL\2024_dvcvqkd\experiments\joint_seed2026\best_gs.pt
turbulence_strength,3.9810717055349695e-15,m^(-2/3),PS,1,0.04322544798197185,0.029327145515560142,0.041064175582873265,0.01173703006731312,0.01173703006731312,150,303026,3463026,3463027,256,128,962b2bdb953fdeb3,9dd356cb80a45682,E:\py learn\adversarial_attack_DRL\2024_dvcvqkd\experiments\joint_seed2026\best_ps.pt
turbulence_strength,3.9810717055349695e-15,m^(-2/3),PS+GS,1,0.04322544203253814,0.029310246263677453,0.041064169930911235,0.011753923667233778,0.011753923667233778,150,303026,3463026,3463027,256,128,962b2bdb953fdeb3,9dd356cb80a45682,E:\py learn\adversarial_attack_DRL\2024_dvcvqkd\experiments\joint_seed2026\best_joint.pt
turbulence_strength,3.9810717055349695e-15,m^(-2/3),Uniform QAM,2,0.04520956136670952,0.03782238170070325,0.04294908329837405,0.005126701597670794,0.005127568208399953,150,304026,3464026,3464027,256,128,d1f45ee2a7cae38d,dac8cce2cf69ad6b,fixed project PMF
turbulence_strength,3.9810717055349695e-15,m^(-2/3),Maxwell-Boltzmann QAM,2,0.04530569910161129,0.03062764716452614,0.04304041414653072,0.01241276698200458,0.012412766982004605,150,304026,3464026,3464027,256,128,d1f45ee2a7cae38d,dac8cce2cf69ad6b,fixed project PMF
turbulence_strength,3.9810717055349695e-15,m^(-2/3),Binomial QAM,2,0.04531288358030762,0.030725362053354514,0.04304723940129224,0.012321877347937722,0.012321877347937736,150,304026,3464026,3464027,256,128,d1f45ee2a7cae38d,dac8cce2cf69ad6b,fixed project PMF
turbulence_strength,3.9810717055349695e-15,m^(-2/3),GS,2,0.04520967611425104,0.03729399846390575,0.042949192308538484,0.005655193844632736,0.005655546008109369,150,304026,3464026,3464027,256,128,d1f45ee2a7cae38d,dac8cce2cf69ad6b,E:\py learn\adversarial_attack_DRL\2024_dvcvqkd\experiments\joint_seed2026\best_gs.pt
turbulence_strength,3.9810717055349695e-15,m^(-2/3),PS,2,0.045305699101611946,0.030627647164528714,0.04304041414653135,0.012412766982002638,0.012412766982002662,150,304026,3464026,3464027,256,128,d1f45ee2a7cae38d,dac8cce2cf69ad6b,E:\py learn\adversarial_attack_DRL\2024_dvcvqkd\experiments\joint_seed2026\best_ps.pt
turbulence_strength,3.9810717055349695e-15,m^(-2/3),PS+GS,2,0.04530570770191894,0.030609986465575063,0.04304042231682299,0.01243043585124793,0.012430435851247954,150,304026,3464026,3464027,256,128,d1f45ee2a7cae38d,dac8cce2cf69ad6b,E:\py learn\adversarial_attack_DRL\2024_dvcvqkd\experiments\joint_seed2026\best_joint.pt
turbulence_strength,3.9810717055349695e-15,m^(-2/3),Uniform QAM,3,0.044358216914922116,0.03711826165642146,0.042140306069176015,0.005022044412754556,0.005022909389540626,150,305026,3465026,3465027,256,128,246b62feec263f03,cbee340493df74e7,fixed project PMF
turbulence_strength,3.9810717055349695e-15,m^(-2/3),Maxwell-Boltzmann QAM,3,0.044442503106577116,0.030053594614088068,0.042220377951248264,0.012166783337160189,0.012166783337160189,150,305026,3465026,3465027,256,128,246b62feec263f03,cbee340493df74e7,fixed project PMF
turbulence_strength,3.9810717055349695e-15,m^(-2/3),Binomial QAM,3,0.044454664769124866,0.030149511407124928,0.04223193153066862,0.012082420123543686,0.012082420123543686,150,305026,3465026,3465027,256,128,246b62feec263f03,cbee340493df74e7,fixed project PMF
turbulence_strength,3.9810717055349695e-15,m^(-2/3),GS,3,0.04435831001290251,0.03659933678244329,0.04214039451225739,0.005541057729814097,0.005541348672503325,150,305026,3465026,3465027,256,128,246b62feec263f03,cbee340493df74e7,E:\py learn\adversarial_attack_DRL\2024_dvcvqkd\experiments\joint_seed2026\best_gs.pt
turbulence_strength,3.9810717055349695e-15,m^(-2/3),PS,3,0.04444250310657799,0.030053594614090448,0.04222037795124909,0.012166783337158645,0.012166783337158645,150,305026,3465026,3465027,256,128,246b62feec263f03,cbee340493df74e7,E:\py learn\adversarial_attack_DRL\2024_dvcvqkd\experiments\joint_seed2026\best_ps.pt
turbulence_strength,3.9810717055349695e-15,m^(-2/3),PS+GS,3,0.04444253157338149,0.03003625917828049,0.04222040499471241,0.012184145816431919,0.012184145816431919,150,305026,3465026,3465027,256,128,246b62feec263f03,cbee340493df74e7,E:\py learn\adversarial_attack_DRL\2024_dvcvqkd\experiments\joint_seed2026\best_joint.pt
turbulence_strength,3.9810717055349695e-15,m^(-2/3),Uniform QAM,4,0.04441193722208865,0.03714805086985208,0.04219134036098422,0.005043289491132142,0.005044185756248397,150,306026,3466026,3466027,256,128,b69b87eb1d208530,aa3bdf7ee55bc588,fixed project PMF
turbulence_strength,3.9810717055349695e-15,m^(-2/3),Maxwell-Boltzmann QAM,4,0.04440661768454646,0.03007882254064075,0.042186286800319134,0.012107464259678385,0.012107464259678426,150,306026,3466026,3466027,256,128,b69b87eb1d208530,aa3bdf7ee55bc588,fixed project PMF
turbulence_strength,3.9810717055349695e-15,m^(-2/3),Binomial QAM,4,0.04440163179685794,0.03017467531217811,0.04218155020701504,0.012006874894836924,0.012006874894836967,150,306026,3466026,3466027,256,128,b69b87eb1d208530,aa3bdf7ee55bc588,fixed project PMF
turbulence_strength,3.9810717055349695e-15,m^(-2/3),GS,4,0.04441201572117026,0.03662841389392607,0.04219141493511174,0.0055630010411856735,0.005563323525346853,150,306026,3466026,3466027,256,128,b69b87eb1d208530,aa3bdf7ee55bc588,E:\py learn\adversarial_attack_DRL\2024_dvcvqkd\experiments\joint_seed2026\best_gs.pt
turbulence_strength,3.9810717055349695e-15,m^(-2/3),PS,4,0.04440661768454725,0.03007882254064324,0.04218628680031989,0.012107464259676645,0.012107464259676681,150,306026,3466026,3466027,256,128,b69b87eb1d208530,aa3bdf7ee55bc588,E:\py learn\adversarial_attack_DRL\2024_dvcvqkd\experiments\joint_seed2026\best_ps.pt
turbulence_strength,3.9810717055349695e-15,m^(-2/3),PS+GS,4,0.04440663830704944,0.03006149978655049,0.04218630639169697,0.012124806605146478,0.012124806605146515,150,306026,3466026,3466027,256,128,b69b87eb1d208530,aa3bdf7ee55bc588,E:\py learn\adversarial_attack_DRL\2024_dvcvqkd\experiments\joint_seed2026\best_joint.pt
turbulence_strength,5.0118723362727146e-15,m^(-2/3),Uniform QAM,0,0.03677030432927386,0.030891237359307013,0.03493178911281017,0.004040551753503155,0.00404197116055155,150,302026,3472026,3472027,256,128,193a875dbdf5b104,55c72ea903ba7d75,fixed project PMF
turbulence_strength,5.0118723362727146e-15,m^(-2/3),Maxwell-Boltzmann QAM,0,0.03669470531773191,0.024996930088349915,0.03485997005184531,0.009863039963495397,0.009863039963495435,150,302026,3472026,3472027,256,128,193a875dbdf5b104,55c72ea903ba7d75,fixed project PMF
turbulence_strength,5.0118723362727146e-15,m^(-2/3),Binomial QAM,0,0.0366794816754198,0.02507667378648006,0.03484550759164881,0.009768833805168757,0.009768833805168797,150,302026,3472026,3472027,256,128,193a875dbdf5b104,55c72ea903ba7d75,fixed project PMF
turbulence_strength,5.0118723362727146e-15,m^(-2/3),GS,0,0.03677037465076126,0.030457435066982133,0.0349318559182232,0.004474420851241064,0.004474850573612993,150,302026,3472026,3472027,256,128,193a875dbdf5b104,55c72ea903ba7d75,E:\py learn\adversarial_attack_DRL\2024_dvcvqkd\experiments\joint_seed2026\best_gs.pt
turbulence_strength,5.0118723362727146e-15,m^(-2/3),PS,0,0.03669470531773272,0.02499693008835185,0.03485997005184609,0.009863039963494238,0.009863039963494276,150,302026,3472026,3472027,256,128,193a875dbdf5b104,55c72ea903ba7d75,E:\py learn\adversarial_attack_DRL\2024_dvcvqkd\experiments\joint_seed2026\best_ps.pt
turbulence_strength,5.0118723362727146e-15,m^(-2/3),PS+GS,0,0.036694708001833234,0.024982520189026608,0.03485997260174156,0.009877452412714963,0.009877452412715003,150,302026,3472026,3472027,256,128,193a875dbdf5b104,55c72ea903ba7d75,E:\py learn\adversarial_attack_DRL\2024_dvcvqkd\experiments\joint_seed2026\best_joint.pt
turbulence_strength,5.0118723362727146e-15,m^(-2/3),Uniform QAM,1,0.03571439759364779,0.029967971774982186,0.0339286777139654,0.003960705938983219,0.003961737974594157,150,303026,3473026,3473027,256,128,f700d681ed135cd4,3f89533275d94180,fixed project PMF
turbulence_strength,5.0118723362727146e-15,m^(-2/3),Maxwell-Boltzmann QAM,1,0.03569288190995825,0.02424106738169454,0.03390823781446034,0.009667170432765798,0.009667170432765836,150,303026,3473026,3473027,256,128,f700d681ed135cd4,3f89533275d94180,fixed project PMF
turbulence_strength,5.0118723362727146e-15,m^(-2/3),Binomial QAM,1,0.035690040729480774,0.024318493296416614,0.03390553869300673,0.009587045396590119,0.009587045396590155,150,303026,3473026,3473027,256,128,f700d681ed135cd4,3f89533275d94180,fixed project PMF
turbulence_strength,5.0118723362727146e-15,m^(-2/3),GS,1,0.035714477158863,0.029546332868968336,0.033928753300919844,0.004382420431951508,0.004382744437261877,150,303026,3473026,3473027,256,128,f700d681ed135cd4,3f89533275d94180,E:\py learn\adversarial_attack_DRL\2024_dvcvqkd\experiments\joint_seed2026\best_gs.pt
turbulence_strength,5.0118723362727146e-15,m^(-2/3),PS,1,0.035692881909958965,0.024241067381696547,0.03390823781446102,0.009667170432764468,0.009667170432764504,150,303026,3473026,3473027,256,128,f700d681ed135cd4,3f89533275d94180,E:\py learn\adversarial_attack_DRL\2024_dvcvqkd\experiments\joint_seed2026\best_ps.pt
turbulence_strength,5.0118723362727146e-15,m^(-2/3),PS+GS,1,0.03569289369586827,0.024227076786283844,0.03390824901107485,0.009681172224791007,0.009681172224791043,150,303026,3473026,3473027,256,128,f700d681ed135cd4,3f89533275d94180,E:\py learn\adversarial_attack_DRL\2024_dvcvqkd\experiments\joint_seed2026\best_joint.pt
turbulence_strength,5.0118723362727146e-15,m^(-2/3),Uniform QAM,2,0.04128862263197067,0.03449205214739703,0.03922419150037213,0.004732139352975102,0.0047333340422840535,150,304026,3474026,3474027,256,128,4ab1185e3c686415,fe7a5e7fbfacb7d9,fixed project PMF
turbulence_strength,5.0118723362727146e-15,m^(-2/3),Maxwell-Boltzmann QAM,2,0.04127606523159313,0.027938217038739985,0.03921226197001347,0.011274044931273486,0.011274044931273486,150,304026,3474026,3474027,256,128,4ab1185e3c686415,fe7a5e7fbfacb7d9,fixed project PMF
turbulence_strength,5.0118723362727146e-15,m^(-2/3),Binomial QAM,2,0.04127612667700632,0.028027339668879908,0.039212320343156,0.011184980674276094,0.011184980674276094,150,304026,3474026,3474027,256,128,4ab1185e3c686415,fe7a5e7fbfacb7d9,fixed project PMF
turbulence_strength,5.0118723362727146e-15,m^(-2/3),GS,2,0.04128870648952582,0.03401107072616318,0.03922427116504953,0.005213200438886343,0.005213549281531402,150,304026,3474026,3474027,256,128,4ab1185e3c686415,fe7a5e7fbfacb7d9,E:\py learn\adversarial_attack_DRL\2024_dvcvqkd\experiments\joint_seed2026\best_gs.pt
turbulence_strength,5.0118723362727146e-15,m^(-2/3),PS,2,0.04127606523159398,0.02793821703874228,0.039212261970014275,0.011274044931271996,0.011274044931271996,150,304026,3474026,3474027,256,128,4ab1185e3c686415,fe7a5e7fbfacb7d9,E:\py learn\adversarial_attack_DRL\2024_dvcvqkd\experiments\joint_seed2026\best_ps.pt
turbulence_strength,5.0118723362727146e-15,m^(-2/3),PS+GS,2,0.041276048921504285,0.02792210828632929,0.03921224647542908,0.011290138189099777,0.011290138189099777,150,304026,3474026,3474027,256,128,4ab1185e3c686415,fe7a5e7fbfacb7d9,E:\py learn\adversarial_attack_DRL\2024_dvcvqkd\experiments\joint_seed2026\best_joint.pt
turbulence_strength,5.0118723362727146e-15,m^(-2/3),Uniform QAM,3,0.03739780796419408,0.031253639068245666,0.03552791756598438,0.004274278497738713,0.004275515740220792,150,305026,3475026,3475027,256,128,61ad077ac678d9b2,995feb5b22197507,fixed project PMF
turbulence_strength,5.0118723362727146e-15,m^(-2/3),Maxwell-Boltzmann QAM,3,0.037349210658386284,0.02530078539472674,0.03548175012546697,0.010180964730740233,0.010180964730740233,150,305026,3475026,3475027,256,128,61ad077ac678d9b2,995feb5b22197507,fixed project PMF
turbulence_strength,5.0118723362727146e-15,m^(-2/3),Binomial QAM,3,0.03734208155015583,0.02538153082880848,0.03547497747264804,0.010093446643839555,0.010093446643839555,150,305026,3475026,3475027,256,128,61ad077ac678d9b2,995feb5b22197507,fixed project PMF
turbulence_strength,5.0118723362727146e-15,m^(-2/3),GS,3,0.0373978817856158,0.030816153315691652,0.03552798769633501,0.004711834380643356,0.004712187639925859,150,305026,3475026,3475027,256,128,61ad077ac678d9b2,995feb5b22197507,E:\py learn\adversarial_attack_DRL\2024_dvcvqkd\experiments\joint_seed2026\best_gs.pt
turbulence_strength,5.0118723362727146e-15,m^(-2/3),PS,3,0.0373492106583871,0.025300785394728846,0.03548175012546774,0.010180964730738897,0.010180964730738897,150,305026,3475026,3475027,256,128,61ad077ac678d9b2,995feb5b22197507,E:\py learn\adversarial_attack_DRL\2024_dvcvqkd\experiments\joint_seed2026\best_ps.pt
turbulence_strength,5.0118723362727146e-15,m^(-2/3),PS+GS,3,0.03734920778431662,0.02528619261644264,0.03548174739510079,0.010195554778658151,0.010195554778658151,150,305026,3475026,3475027,256,128,61ad077ac678d9b2,995feb5b22197507,E:\py learn\adversarial_attack_DRL\2024_dvcvqkd\experiments\joint_seed2026\best_joint.pt
turbulence_strength,5.0118723362727146e-15,m^(-2/3),Uniform QAM,4,0.030987083035518174,0.02607195176342024,0.029437728883742263,0.0033657771203220266,0.003366919527517928,150,306026,3476026,3476027,256,128,d1e7eaad5041856e,7e2f692885516905,fixed project PMF
turbulence_strength,5.0118723362727146e-15,m^(-2/3),Maxwell-Boltzmann QAM,4,0.030919239740827213,0.021076344810029245,0.02937327775378585,0.008296932943756604,0.008296932943756628,150,306026,3476026,3476027,256,128,d1e7eaad5041856e,7e2f692885516905,fixed project PMF
turbulence_strength,5.0118723362727146e-15,m^(-2/3),Binomial QAM,4,0.030902744473120247,0.02114375934854288,0.029357607249464235,0.008213847900921356,0.008213847900921363,150,306026,3476026,3476027,256,128,d1e7eaad5041856e,7e2f692885516905,fixed project PMF
turbulence_strength,5.0118723362727146e-15,m^(-2/3),GS,4,0.030987129126274614,0.025703784015073294,0.029437772669960886,0.003733988654887589,0.00373433318569886,150,306026,3476026,3476027,256,128,d1e7eaad5041856e,7e2f692885516905,E:\py learn\adversarial_attack_DRL\2024_dvcvqkd\experiments\joint_seed2026\best_gs.pt
turbulence_strength,5.0118723362727146e-15,m^(-2/3),PS,4,0.030919239740827924,0.02107634481003101,0.02937327775378653,0.008296932943755518,0.008296932943755532,150,306026,3476026,3476027,256,128,d1e7eaad5041856e,7e2f692885516905,E:\py learn\adversarial_attack_DRL\2024_dvcvqkd\experiments\joint_seed2026\best_ps.pt
turbulence_strength,5.0118723362727146e-15,m^(-2/3),PS+GS,4,0.030919251377298056,0.021064164345679724,0.02937328880843315,0.008309124462753427,0.00830912446275344,150,306026,3476026,3476027,256,128,d1e7eaad5041856e,7e2f692885516905,E:\py learn\adversarial_attack_DRL\2024_dvcvqkd\experiments\joint_seed2026\best_joint.pt
turbulence_strength,6.309573444801943e-15,m^(-2/3),Uniform QAM,0,0.03531785607634609,0.029493652374179665,0.03355196327252878,0.00405831089834912,0.004059202365012733,150,302026,3482026,3482027,256,128,629cb4bc823564db,d0ce9d75b314961f,fixed project PMF
turbulence_strength,6.309573444801943e-15,m^(-2/3),Maxwell-Boltzmann QAM,0,0.03533496346491519,0.02388465710964248,0.03356821529166943,0.00968355818202695,0.009683558182026993,150,302026,3482026,3482027,256,128,629cb4bc823564db,d0ce9d75b314961f,fixed project PMF
turbulence_strength,6.309573444801943e-15,m^(-2/3),Binomial QAM,0,0.03533408229682472,0.02396083602686231,0.03356737818198348,0.00960654215512117,0.00960654215512121,150,302026,3482026,3482027,256,128,629cb4bc823564db,d0ce9d75b314961f,fixed project PMF
turbulence_strength,6.309573444801943e-15,m^(-2/3),GS,0,0.035317902354323305,0.029081727960490196,0.03355200723660713,0.00447027927611694,0.004470647796048329,150,302026,3482026,3482027,256,128,629cb4bc823564db,d0ce9d75b314961f,E:\py learn\adversarial_attack_DRL\2024_dvcvqkd\experiments\joint_seed2026\best_gs.pt
turbulence_strength,6.309573444801943e-15,m^(-2/3),PS,0,0.03533496346491592,0.023884657109644512,0.03356821529167013,0.009683558182025615,0.009683558182025652,150,302026,3482026,3482027,256,128,629cb4bc823564db,d0ce9d75b314961f,E:\py learn\adversarial_attack_DRL\2024_dvcvqkd\experiments\joint_seed2026\best_ps.pt
turbulence_strength,6.309573444801943e-15,m^(-2/3),PS+GS,0,0.03533495986873447,0.02387088875167581,0.03356821187529775,0.009697323123621935,0.009697323123621973,150,302026,3482026,3482027,256,128,629cb4bc823564db,d0ce9d75b314961f,E:\py learn\adversarial_attack_DRL\2024_dvcvqkd\experiments\joint_seed2026\best_joint.pt
turbulence_strength,6.309573444801943e-15,m^(-2/3),Uniform QAM,1,0.03125050335673062,0.02622304761724492,0.02968797818889409,0.0034649305716491705,0.0034657724175259194,150,303026,3483026,3483027,256,128,776aa6ac9ce85f28,032e4f283744194d,fixed project PMF
turbulence_strength,6.309573444801943e-15,m^(-2/3),Maxwell-Boltzmann QAM,1,0.03129635756664135,0.02120738015898555,0.029731539688309282,0.00852415952932373,0.008524159529323816,150,303026,3483026,3483027,256,128,776aa6ac9ce85f28,032e4f283744194d,fixed project PMF
turbulence_strength,6.309573444801943e-15,m^(-2/3),Binomial QAM,1,0.0313075575113539,0.021275233208900627,0.029742179635786205,0.008466946426885582,0.008466946426885643,150,303026,3483026,3483027,256,128,776aa6ac9ce85f28,032e4f283744194d,fixed project PMF
turbulence_strength,6.309573444801943e-15,m^(-2/3),GS,1,0.03125058176223542,0.025853901881932883,0.02968805267412365,0.0038341507921907632,0.003834431436309714,150,303026,3483026,3483027,256,128,776aa6ac9ce85f28,032e4f283744194d,E:\py learn\adversarial_attack_DRL\2024_dvcvqkd\experiments\joint_seed2026\best_gs.pt
turbulence_strength,6.309573444801943e-15,m^(-2/3),PS,1,0.03129635756664207,0.021207380158987266,0.029731539688309966,0.0085241595293227,0.008524159529322776,150,303026,3483026,3483027,256,128,776aa6ac9ce85f28,032e4f283744194d,E:\py learn\adversarial_attack_DRL\2024_dvcvqkd\experiments\joint_seed2026\best_ps.pt
turbulence_strength,6.309573444801943e-15,m^(-2/3),PS+GS,1,0.031296353889515405,0.021195118969712844,0.029731536195039633,0.008536417225326791,0.00853641722532687,150,303026,3483026,3483027,256,128,776aa6ac9ce85f28,032e4f283744194d,E:\py learn\adversarial_attack_DRL\2024_dvcvqkd\experiments\joint_seed2026\best_joint.pt
turbulence_strength,6.309573444801943e-15,m^(-2/3),Uniform QAM,2,0.03433045135836539,0.028741988277680593,0.032613928790447125,0.0038719405127665236,0.003872739884856815,150,304026,3484026,3484027,256,128,a56076b4cb183229,3d5ee7180fbdd002,fixed project PMF
turbulence_strength,6.309573444801943e-15,m^(-2/3),Maxwell-Boltzmann QAM,2,0.0342506216372226,0.023257003996379644,0.03253809055536148,0.00928108655898183,0.009281086558981834,150,304026,3484026,3484027,256,128,a56076b4cb183229,3d5ee7180fbdd002,fixed project PMF
turbulence_strength,6.309573444801943e-15,m^(-2/3),Binomial QAM,2,0.03423015918211634,0.023331290250973476,0.03251865122301052,0.009187360972037047,0.009187360972037047,150,304026,3484026,3484027,256,128,a56076b4cb183229,3d5ee7180fbdd002,fixed project PMF
turbulence_strength,6.309573444801943e-15,m^(-2/3),GS,2,0.03433050838790414,0.028338551130783343,0.03261398296850893,0.004275431837725591,0.004275696166596229,150,304026,3484026,3484027,256,128,a56076b4cb183229,3d5ee7180fbdd002,E:\py learn\adversarial_attack_DRL\2024_dvcvqkd\experiments\joint_seed2026\best_gs.pt
turbulence_strength,6.309573444801943e-15,m^(-2/3),PS,2,0.0342506216372233,0.02325700399638151,0.03253809055536213,0.009281086558980616,0.009281086558980616,150,304026,3484026,3484027,256,128,a56076b4cb183229,3d5ee7180fbdd002,E:\py learn\adversarial_attack_DRL\2024_dvcvqkd\experiments\joint_seed2026\best_ps.pt
turbulence_strength,6.309573444801943e-15,m^(-2/3),PS+GS,2,0.0342506084476869,0.023243579561314006,0.03253807802530255,0.009294498463988547,0.009294498463988547,150,304026,3484026,3484027,256,128,a56076b4cb183229,3d5ee7180fbdd002,E:\py learn\adversarial_attack_DRL\2024_dvcvqkd\experiments\joint_seed2026\best_joint.pt
turbulence_strength,6.309573444801943e-15,m^(-2/3),Uniform QAM,3,0.029363454294367024,0.024738467527618914,0.027895281579648677,0.0031568140520297615,0.0031579511034758533,150,305026,3485026,3485027,256,128,f88b0f49cf1f1854,db450b774f5bbbe0,fixed project PMF
turbulence_strength,6.309573444801943e-15,m^(-2/3),Maxwell-Boltzmann QAM,3,0.029383961566916448,0.019999952307623366,0.027914763488570624,0.007914811180947258,0.007914811180947324,150,305026,3485026,3485027,256,128,f88b0f49cf1f1854,db450b774f5bbbe0,fixed project PMF
turbulence_strength,6.309573444801943e-15,m^(-2/3),Binomial QAM,3,0.029386153347848037,0.020063888093733842,0.027916845680455635,0.007852957586721792,0.00785295758672186,150,305026,3485026,3485027,256,128,f88b0f49cf1f1854,db450b774f5bbbe0,fixed project PMF
turbulence_strength,6.309573444801943e-15,m^(-2/3),GS,3,0.02936349889111006,0.024389218711983077,0.027895323946554557,0.0035061052345714792,0.0035065325310270072,150,305026,3485026,3485027,256,128,f88b0f49cf1f1854,db450b774f5bbbe0,E:\py learn\adversarial_attack_DRL\2024_dvcvqkd\experiments\joint_seed2026\best_gs.pt
turbulence_strength,6.309573444801943e-15,m^(-2/3),PS,3,0.029383961566917156,0.01999995230762501,0.027914763488571297,0.007914811180946286,0.007914811180946352,150,305026,3485026,3485027,256,128,f88b0f49cf1f1854,db450b774f5bbbe0,E:\py learn\adversarial_attack_DRL\2024_dvcvqkd\experiments\joint_seed2026\best_ps.pt
turbulence_strength,6.309573444801943e-15,m^(-2/3),PS+GS,3,0.029383971624130534,0.01998840046681569,0.027914773042924005,0.007926372576108317,0.007926372576108384,150,305026,3485026,3485027,256,128,f88b0f49cf1f1854,db450b774f5bbbe0,E:\py learn\adversarial_attack_DRL\2024_dvcvqkd\experiments\joint_seed2026\best_joint.pt
turbulence_strength,6.309573444801943e-15,m^(-2/3),Uniform QAM,4,0.02788900577961822,0.023450285904276565,0.02649455549063731,0.003044269586360739,0.003045290257144164,150,306026,3486026,3486027,256,128,6407f29189e7978e,714606fae119b47f,fixed project PMF
turbulence_strength,6.309573444801943e-15,m^(-2/3),Maxwell-Boltzmann QAM,4,0.027890531999093107,0.01895643562453898,0.026496005399138448,0.007539569774599468,0.007539569774599538,150,306026,3486026,3486027,256,128,6407f29189e7978e,714606fae119b47f,fixed project PMF
turbulence_strength,6.309573444801943e-15,m^(-2/3),Binomial QAM,4,0.02790050104389661,0.019017150185993016,0.026505475991701777,0.007488325805708762,0.007488325805708816,150,306026,3486026,3486027,256,128,6407f29189e7978e,714606fae119b47f,fixed project PMF
turbulence_strength,6.309573444801943e-15,m^(-2/3),GS,4,0.027889054236627752,0.023119309651129627,0.026494601524796366,0.003375291873666737,0.003375649098271832,150,306026,3486026,3486027,256,128,6407f29189e7978e,714606fae119b47f,E:\py learn\adversarial_attack_DRL\2024_dvcvqkd\experiments\joint_seed2026\best_gs.pt
turbulence_strength,6.309573444801943e-15,m^(-2/3),PS,4,0.027890531999093745,0.01895643562454055,0.026496005399139058,0.007539569774598507,0.007539569774598561,150,306026,3486026,3486027,256,128,6407f29189e7978e,714606fae119b47f,E:\py learn\adversarial_attack_DRL\2024_dvcvqkd\experiments\joint_seed2026\best_ps.pt
turbulence_strength,6.309573444801943e-15,m^(-2/3),PS+GS,4,0.027890535188934258,0.018945465081568275,0.026496008429487544,0.00755054334791927,0.00755054334791933,150,306026,3486026,3486027,256,128,6407f29189e7978e,714606fae119b47f,E:\py learn\adversarial_attack_DRL\2024_dvcvqkd\experiments\joint_seed2026\best_joint.pt
turbulence_strength,7.943282347242822e-15,m^(-2/3),Uniform QAM,0,0.023716878374367572,0.019951612298812295,0.022531034455649194,0.0025794221568368973,0.002580671113580214,150,302026,3492026,3492027,256,128,0d2ad871838731f2,5c4f721658b13dc9,fixed project PMF
turbulence_strength,7.943282347242822e-15,m^(-2/3),Maxwell-Boltzmann QAM,0,0.02372140124604006,0.016126685242142946,0.022535331183738055,0.006408645941595107,0.006408645941595164,150,302026,3492026,3492027,256,128,0d2ad871838731f2,5c4f721658b13dc9,fixed project PMF
turbulence_strength,7.943282347242822e-15,m^(-2/3),Binomial QAM,0,0.023713643684740892,0.016178336415027257,0.022527961500503846,0.006349625085476591,0.006349625085476615,150,302026,3492026,3492027,256,128,0d2ad871838731f2,5c4f721658b13dc9,fixed project PMF
turbulence_strength,7.943282347242822e-15,m^(-2/3),GS,0,0.023716899096487443,0.01966982583664796,0.022531054141663072,0.00286122830501511,0.0028616162319103065,150,302026,3492026,3492027,256,128,0d2ad871838731f2,5c4f721658b13dc9,E:\py learn\adversarial_attack_DRL\2024_dvcvqkd\experiments\joint_seed2026\best_gs.pt
turbulence_strength,7.943282347242822e-15,m^(-2/3),PS,0,0.023721401246040785,0.016126685242144334,0.02253533118373874,0.006408645941594409,0.0064086459415944475,150,302026,3492026,3492027,256,128,0d2ad871838731f2,5c4f721658b13dc9,E:\py learn\adversarial_attack_DRL\2024_dvcvqkd\experiments\joint_seed2026\best_ps.pt
turbulence_strength,7.943282347242822e-15,m^(-2/3),PS+GS,0,0.02372139698191038,0.016117352597167966,0.022535327132814864,0.006417974535646895,0.0064179745356469295,150,302026,3492026,3492027,256,128,0d2ad871838731f2,5c4f721658b13dc9,E:\py learn\adversarial_attack_DRL\2024_dvcvqkd\experiments\joint_seed2026\best_joint.pt
turbulence_strength,7.943282347242822e-15,m^(-2/3),Uniform QAM,1,0.02671138569679961,0.022410869507858772,0.02537581641195963,0.0029649469041008554,0.0029657629226978867,150,303026,3493026,3493027,256,128,8930f8075ec808c4,24bfac26c81317f7,fixed project PMF
turbulence_strength,7.943282347242822e-15,m^(-2/3),Maxwell-Boltzmann QAM,1,0.02669810512378839,0.018125221490353442,0.02536319986759897,0.007237978377245526,0.007237978377245576,150,303026,3493026,3493027,256,128,8930f8075ec808c4,24bfac26c81317f7,fixed project PMF
turbulence_strength,7.943282347242822e-15,m^(-2/3),Binomial QAM,1,0.02668695857743607,0.0181831667261376,0.025352610648564266,0.007169443922426668,0.0071694439224267124,150,303026,3493026,3493027,256,128,8930f8075ec808c4,24bfac26c81317f7,fixed project PMF
turbulence_strength,7.943282347242822e-15,m^(-2/3),GS,1,0.02671143261360498,0.022095356361044892,0.025375860982924728,0.003280504621879838,0.003280778931267546,150,303026,3493026,3493027,256,128,8930f8075ec808c4,24bfac26c81317f7,E:\py learn\adversarial_attack_DRL\2024_dvcvqkd\experiments\joint_seed2026\best_gs.pt
turbulence_strength,7.943282347242822e-15,m^(-2/3),PS,1,0.026698105123789156,0.018125221490354934,0.025363199867599696,0.0072379783772447605,0.007237978377244804,150,303026,3493026,3493027,256,128,8930f8075ec808c4,24bfac26c81317f7,E:\py learn\adversarial_attack_DRL\2024_dvcvqkd\experiments\joint_seed2026\best_ps.pt
turbulence_strength,7.943282347242822e-15,m^(-2/3),PS+GS,1,0.026698133776891158,0.018114750946423713,0.0253632270880466,0.0072484761416228855,0.007248476141622929,150,303026,3493026,3493027,256,128,8930f8075ec808c4,24bfac26c81317f7,E:\py learn\adversarial_attack_DRL\2024_dvcvqkd\experiments\joint_seed2026\best_joint.pt
turbulence_strength,7.943282347242822e-15,m^(-2/3),Uniform QAM,2,0.025084627009423065,0.021080784626697276,0.02383039565895191,0.0027496110322546364,0.002750778302121073,150,304026,3494026,3494027,256,128,d85f0b9011f89639,7d8c204097775753,fixed project PMF
turbulence_strength,7.943282347242822e-15,m^(-2/3),Maxwell-Boltzmann QAM,2,0.025131025541455108,0.01705013688693284,0.02387447426438235,0.006824337377449512,0.006824337377449541,150,304026,3494026,3494027,256,128,d85f0b9011f89639,7d8c204097775753,fixed project PMF
turbulence_strength,7.943282347242822e-15,m^(-2/3),Binomial QAM,2,0.02513993921235352,0.01710462633690906,0.023882942251735845,0.006778315914826781,0.006778315914826803,150,304026,3494026,3494027,256,128,d85f0b9011f89639,7d8c204097775753,fixed project PMF
turbulence_strength,7.943282347242822e-15,m^(-2/3),GS,2,0.025084676507350183,0.020784020829453072,0.023830442681982672,0.0030464218525296017,0.0030468329640171454,150,304026,3494026,3494027,256,128,d85f0b9011f89639,7d8c204097775753,E:\py learn\adversarial_attack_DRL\2024_dvcvqkd\experiments\joint_seed2026\best_gs.pt
turbulence_strength,7.943282347242822e-15,m^(-2/3),PS,2,0.02513102554145598,0.017050136886934294,0.02387447426438318,0.006824337377448888,0.0068243373774489096,150,304026,3494026,3494027,256,128,d85f0b9011f89639,7d8c204097775753,E:\py learn\adversarial_attack_DRL\2024_dvcvqkd\experiments\joint_seed2026\best_ps.pt
turbulence_strength,7.943282347242822e-15,m^(-2/3),PS+GS,2,0.025131024211215786,0.017040290864525257,0.023874473000654997,0.006834182136129739,0.0068341821361297605,150,304026,3494026,3494027,256,128,d85f0b9011f89639,7d8c204097775753,E:\py learn\adversarial_attack_DRL\2024_dvcvqkd\experiments\joint_seed2026\best_joint.pt
turbulence_strength,7.943282347242822e-15,m^(-2/3),Uniform QAM,3,0.020556996282887437,0.01729211800612228,0.019529146468743062,0.0022370284626207874,0.002238340670405164,150,305026,3495026,3495027,256,128,965bd88c66748aca,a02765fa4151d9e7,fixed project PMF
turbulence_strength,7.943282347242822e-15,m^(-2/3),Maxwell-Boltzmann QAM,3,0.020555134315536308,0.01397666488326868,0.01952737759975949,0.0055507127164908104,0.005550712716490929,150,305026,3495026,3495027,256,128,965bd88c66748aca,a02765fa4151d9e7,fixed project PMF
turbulence_strength,7.943282347242822e-15,m^(-2/3),Binomial QAM,3,0.020553927719105976,0.014021404565224299,0.01952623133315068,0.005504826767926379,0.005504826767926474,150,305026,3495026,3495027,256,128,965bd88c66748aca,a02765fa4151d9e7,fixed project PMF
turbulence_strength,7.943282347242822e-15,m^(-2/3),GS,3,0.020557004431147562,0.017047770439498372,0.019529154209590182,0.002481383770091812,0.0024818290887416014,150,305026,3495026,3495027,256,128,965bd88c66748aca,a02765fa4151d9e7,E:\py learn\adversarial_attack_DRL\2024_dvcvqkd\experiments\joint_seed2026\best_gs.pt
turbulence_strength,7.943282347242822e-15,m^(-2/3),PS,3,0.020555134315537068,0.013976664883269822,0.019527377599760212,0.0055507127164903915,0.00555071271649049,150,305026,3495026,3495027,256,128,965bd88c66748aca,a02765fa4151d9e7,E:\py learn\adversarial_attack_DRL\2024_dvcvqkd\experiments\joint_seed2026\best_ps.pt
turbulence_strength,7.943282347242822e-15,m^(-2/3),PS+GS,3,0.020555124705775755,0.013968581329032944,0.019527368470486965,0.005558787141454021,0.005558787141454117,150,305026,3495026,3495027,256,128,965bd88c66748aca,a02765fa4151d9e7,E:\py learn\adversarial_attack_DRL\2024_dvcvqkd\experiments\joint_seed2026\best_joint.pt
turbulence_strength,7.943282347242822e-15,m^(-2/3),Uniform QAM,4,0.023066581855116137,0.01942508947417125,0.02191325276236033,0.00248816328818908,0.002489504996137758,150,306026,3496026,3496027,256,128,25a691716be7a849,ebeb45ec709f24d5,fixed project PMF
turbulence_strength,7.943282347242822e-15,m^(-2/3),Maxwell-Boltzmann QAM,4,0.023103888593450254,0.015698694339203314,0.02194869416377774,0.006249999824574426,0.006249999824574524,150,306026,3496026,3496027,256,128,25a691716be7a849,ebeb45ec709f24d5,fixed project PMF
turbulence_strength,7.943282347242822e-15,m^(-2/3),Binomial QAM,4,0.023097137465235108,0.01574897444091014,0.021942280591973354,0.006193306151063212,0.006193306151063283,150,306026,3496026,3496027,256,128,25a691716be7a849,ebeb45ec709f24d5,fixed project PMF
turbulence_strength,7.943282347242822e-15,m^(-2/3),GS,4,0.02306660097912927,0.019150441219596435,0.02191327093017281,0.0027628297105763695,0.0027632961647130823,150,306026,3496026,3496027,256,128,25a691716be7a849,ebeb45ec709f24d5,E:\py learn\adversarial_attack_DRL\2024_dvcvqkd\experiments\joint_seed2026\best_gs.pt
turbulence_strength,7.943282347242822e-15,m^(-2/3),PS,4,0.023103888593451027,0.015698694339204667,0.021948694163778475,0.006249999824573809,0.006249999824573891,150,306026,3496026,3496027,256,128,25a691716be7a849,ebeb45ec709f24d5,E:\py learn\adversarial_attack_DRL\2024_dvcvqkd\experiments\joint_seed2026\best_ps.pt
turbulence_strength,7.943282347242822e-15,m^(-2/3),PS+GS,4,0.02310388943586504,0.015689609788463343,0.021948694964071785,0.006259085175608442,0.0062590851756085236,150,306026,3496026,3496027,256,128,25a691716be7a849,ebeb45ec709f24d5,E:\py learn\adversarial_attack_DRL\2024_dvcvqkd\experiments\joint_seed2026\best_joint.pt
turbulence_strength,1e-14,m^(-2/3),Uniform QAM,0,0.019863435241678037,0.01671243192205656,0.018870263479594133,0.0021578315575375767,0.0021589520041645463,150,302026,3502026,3502027,256,128,2dc86f1e2a746436,8919bc2c1b5671f9,fixed project PMF
turbulence_strength,1e-14,m^(-2/3),Maxwell-Boltzmann QAM,0,0.019839395852078417,0.01350997534163146,0.018847426059474495,0.005337450717843035,0.0053374507178432055,150,302026,3502026,3502027,256,128,2dc86f1e2a746436,8919bc2c1b5671f9,fixed project PMF
turbulence_strength,1e-14,m^(-2/3),Binomial QAM,0,0.0198369167360455,0.013553253329863861,0.018845070899243224,0.00529181756937936,0.005291817569379491,150,302026,3502026,3502027,256,128,2dc86f1e2a746436,8919bc2c1b5671f9,fixed project PMF
turbulence_strength,1e-14,m^(-2/3),GS,0,0.019863469309119874,0.01647660064335524,0.01887029584366388,0.002393695200308638,0.002394060595672459,150,302026,3502026,3502027,256,128,2dc86f1e2a746436,8919bc2c1b5671f9,E:\py learn\adversarial_attack_DRL\2024_dvcvqkd\experiments\joint_seed2026\best_gs.pt
turbulence_strength,1e-14,m^(-2/3),PS,0,0.0198393958520791,0.01350997534163256,0.018847426059475144,0.005337450717842584,0.005337450717842718,150,302026,3502026,3502027,256,128,2dc86f1e2a746436,8919bc2c1b5671f9,E:\py learn\adversarial_attack_DRL\2024_dvcvqkd\experiments\joint_seed2026\best_ps.pt
turbulence_strength,1e-14,m^(-2/3),PS+GS,0,0.019839403756155845,0.01350215532438162,0.018847433568348053,0.005345278243966431,0.005345278243966565,150,302026,3502026,3502027,256,128,2dc86f1e2a746436,8919bc2c1b5671f9,E:\py learn\adversarial_attack_DRL\2024_dvcvqkd\experiments\joint_seed2026\best_joint.pt
turbulence_strength,1e-14,m^(-2/3),Uniform QAM,1,0.019245701319435968,0.016234684976833225,0.01828341625346417,0.002048731276630945,0.002049725985462599,150,303026,3503026,3503027,256,128,5b3f7f75b48851d1,64d8ff0415c6df39,fixed project PMF
turbulence_strength,1e-14,m^(-2/3),Maxwell-Boltzmann QAM,1,0.019286741764167784,0.013119154104885046,0.018322404675959393,0.005203250571074348,0.0052032505710744095,150,303026,3503026,3503027,256,128,5b3f7f75b48851d1,64d8ff0415c6df39,fixed project PMF
turbulence_strength,1e-14,m^(-2/3),Binomial QAM,1,0.019294662070599516,0.013161115100405782,0.01832992896706954,0.005168813866663757,0.0051688138666637915,150,303026,3503026,3503027,256,128,5b3f7f75b48851d1,64d8ff0415c6df39,fixed project PMF
turbulence_strength,1e-14,m^(-2/3),GS,1,0.019245745175918018,0.01600483014203264,0.018283457917122117,0.002278627775089476,0.002278956282930438,150,303026,3503026,3503027,256,128,5b3f7f75b48851d1,64d8ff0415c6df39,E:\py learn\adversarial_attack_DRL\2024_dvcvqkd\experiments\joint_seed2026\best_gs.pt
turbulence_strength,1e-14,m^(-2/3),PS,1,0.019286741764168447,0.013119154104886113,0.018322404675960025,0.005203250571073911,0.005203250571073946,150,303026,3503026,3503027,256,128,5b3f7f75b48851d1,64d8ff0415c6df39,E:\py learn\adversarial_attack_DRL\2024_dvcvqkd\experiments\joint_seed2026\best_ps.pt
turbulence_strength,1e-14,m^(-2/3),PS+GS,1,0.019286758248254706,0.013111573322702234,0.01832242033584197,0.005210847013139735,0.005210847013139771,150,303026,3503026,3503027,256,128,5b3f7f75b48851d1,64d8ff0415c6df39,E:\py learn\adversarial_attack_DRL\2024_dvcvqkd\experiments\joint_seed2026\best_joint.pt
turbulence_strength,1e-14,m^(-2/3),Uniform QAM,2,0.0242814875186963,0.020421889427996415,0.023067413142761485,0.002645523714765067,0.0026463795152024284,150,304026,3504026,3504027,256,128,e9321f515a8bf467,9d8c0b227fe03f01,fixed project PMF
turbulence_strength,1e-14,m^(-2/3),Maxwell-Boltzmann QAM,2,0.024302719529217833,0.01651039609313737,0.023087583552756943,0.00657718745961957,0.006577187459619684,150,304026,3504026,3504027,256,128,e9321f515a8bf467,9d8c0b227fe03f01,fixed project PMF
turbulence_strength,1e-14,m^(-2/3),Binomial QAM,2,0.024306462447038994,0.01656321887326701,0.023091139324687045,0.0065279204514200355,0.006527920451420109,150,304026,3504026,3504027,256,128,e9321f515a8bf467,9d8c0b227fe03f01,fixed project PMF
turbulence_strength,1e-14,m^(-2/3),GS,2,0.024281497265022472,0.020133732736142405,0.023067422401771346,0.002933689665628946,0.0029339408679866434,150,304026,3504026,3504027,256,128,e9321f515a8bf467,9d8c0b227fe03f01,E:\py learn\adversarial_attack_DRL\2024_dvcvqkd\experiments\joint_seed2026\best_gs.pt
turbulence_strength,1e-14,m^(-2/3),PS,2,0.0243027195292186,0.0165103960931387,0.023087583552757668,0.006577187459618966,0.006577187459619055,150,304026,3504026,3504027,256,128,e9321f515a8bf467,9d8c0b227fe03f01,E:\py learn\adversarial_attack_DRL\2024_dvcvqkd\experiments\joint_seed2026\best_ps.pt
turbulence_strength,1e-14,m^(-2/3),PS+GS,2,0.024302695096694495,0.016500851729786114,0.02308756034185977,0.006586708612073656,0.006586708612073746,150,304026,3504026,3504027,256,128,e9321f515a8bf467,9d8c0b227fe03f01,E:\py learn\adversarial_attack_DRL\2024_dvcvqkd\experiments\joint_seed2026\best_joint.pt
turbulence_strength,1e-14,m^(-2/3),Uniform QAM,3,0.01817026627913515,0.015274409915689117,0.01726175296517839,0.001987343049489274,0.0019883071908327115,150,305026,3505026,3505027,256,128,2dd994a3c6bbffd7,edd03de087e69a80,fixed project PMF
turbulence_strength,1e-14,m^(-2/3),Maxwell-Boltzmann QAM,3,0.018186524953377938,0.01232866932111598,0.01727719870570904,0.0049485293845930615,0.004948529384593179,150,305026,3505026,3505027,256,128,2dd994a3c6bbffd7,edd03de087e69a80,fixed project PMF
turbulence_strength,1e-14,m^(-2/3),Binomial QAM,3,0.018186901273974727,0.012368374379006758,0.01727755621027599,0.004909181831269232,0.004909181831269319,150,305026,3505026,3505027,256,128,2dd994a3c6bbffd7,edd03de087e69a80,fixed project PMF
turbulence_strength,1e-14,m^(-2/3),GS,3,0.018170278271662618,0.015057176621715915,0.017261764358079485,0.002204587736363571,0.0022048790821465056,150,305026,3505026,3505027,256,128,2dd994a3c6bbffd7,edd03de087e69a80,E:\py learn\adversarial_attack_DRL\2024_dvcvqkd\experiments\joint_seed2026\best_gs.pt
turbulence_strength,1e-14,m^(-2/3),PS,3,0.018186524953378684,0.01232866932111696,0.017277198705709748,0.004948529384592788,0.004948529384592887,150,305026,3505026,3505027,256,128,2dd994a3c6bbffd7,edd03de087e69a80,E:\py learn\adversarial_attack_DRL\2024_dvcvqkd\experiments\joint_seed2026\best_ps.pt
turbulence_strength,1e-14,m^(-2/3),PS+GS,3,0.018186514010637488,0.012321495835427125,0.017277188310105614,0.004955692474678487,0.004955692474678578,150,305026,3505026,3505027,256,128,2dd994a3c6bbffd7,edd03de087e69a80,E:\py learn\adversarial_attack_DRL\2024_dvcvqkd\experiments\joint_seed2026\best_joint.pt
turbulence_strength,1e-14,m^(-2/3),Uniform QAM,4,0.020510861846005927,0.017248574253850374,0.019485318753705627,0.0022367444998552567,0.0022377410641706303,150,306026,3506026,3506027,256,128,dbf62b2f31dea672,1bd184e69d265a14,fixed project PMF
turbulence_strength,1e-14,m^(-2/3),Maxwell-Boltzmann QAM,4,0.020506084841808266,0.013937591490718184,0.019480780599717855,0.005543189108999668,0.005543189108999732,150,306026,3506026,3506027,256,128,dbf62b2f31dea672,1bd184e69d265a14,fixed project PMF
turbulence_strength,1e-14,m^(-2/3),Binomial QAM,4,0.02051202823667555,0.013982260735875747,0.01948642682484177,0.005504166088966024,0.00550416608896605,150,306026,3506026,3506027,256,128,dbf62b2f31dea672,1bd184e69d265a14,fixed project PMF
turbulence_strength,1e-14,m^(-2/3),GS,4,0.02051091667136646,0.017004526570134505,0.01948537083779814,0.002480844267663632,0.0024811403651910672,150,306026,3506026,3506027,256,128,dbf62b2f31dea672,1bd184e69d265a14,E:\py learn\adversarial_attack_DRL\2024_dvcvqkd\experiments\joint_seed2026\best_gs.pt
turbulence_strength,1e-14,m^(-2/3),PS,4,0.02050608484180894,0.013937591490719405,0.019480780599718493,0.005543189108999087,0.005543189108999119,150,306026,3506026,3506027,256,128,dbf62b2f31dea672,1bd184e69d265a14,E:\py learn\adversarial_attack_DRL\2024_dvcvqkd\experiments\joint_seed2026\best_ps.pt
turbulence_strength,1e-14,m^(-2/3),PS+GS,4,0.020506087054986025,0.013929520754748709,0.019480782702236722,0.0055512619474880134,0.005551261947488047,150,306026,3506026,3506027,256,128,dbf62b2f31dea672,1bd184e69d265a14,E:\py learn\adversarial_attack_DRL\2024_dvcvqkd\experiments\joint_seed2026\best_joint.pt
