sample_id,distance_km,r_i,eta_point_i,T_i,loss_total_db_i,chi_line_i,chi_tot_i,X_tot_i,I_AB_i,chi_BE_i,SKR_i,SKR_clipped_i
0,42.6315789474,0.0000000000,nan,0.0096841463,20.1393865824,nan,nan,nan,nan,nan,nan,nan
0,42.6315789474,0.4308695835,nan,0.0009890310,30.0479009952,nan,nan,nan,nan,nan,nan,nan
1,42.6315789474,0.5902592531,nan,0.0001296721,38.8715333444,nan,nan,nan,nan,nan,nan,nan
2,42.6315789474,0.6963294095,nan,0.0000233917,46.3093866033,nan,nan,nan,nan,nan,nan,nan
3,42.6315789474,0.8255408375,nan,0.0000019638,57.0689193533,nan,nan,nan,nan,nan,nan,nan
4,42.6315789474,0.5390129320,nan,0.0002674817,35.7270589090,nan,nan,nan,nan,nan,nan,nan
5,42.6315789474,0.2183550756,nan,0.0054398337,22.6441437646,nan,nan,nan,nan,nan,nan,nan
6,42.6315789474,0.4530132725,nan,0.0007752957,31.1053263485,nan,nan,nan,nan,nan,nan,nan
7,42.6315789474,0.4107605549,nan,0.0012205108,29.1345838049,nan,nan,nan,nan,nan,nan,nan
8,42.6315789474,0.9314075308,nan,0.0000001871,67.2802073761,nan,nan,nan,nan,nan,nan,nan
9,42.6315789474,0.2948390110,nan,0.0033587515,24.7382212325,nan,nan,nan,nan,nan,nan,nan
10,42.6315789474,0.3746210637,nan,0.0017356626,27.6053469922,nan,nan,nan,nan,nan,nan,nan
11,42.6315789474,0.5858013978,nan,0.0001384714,38.5863988810,nan,nan,nan,nan,nan,nan,nan
12,42.6315789474,0.5241521647,nan,0.0003258522,34.8697939885,nan,nan,nan,nan,nan,nan,nan
13,42.6315789474,0.6301133506,nan,0.0000704850,41.5190306756,nan,nan,nan,nan,nan,nan,nan
14,42.6315789474,1.1412532453,nan,0.0000000007,91.2505472566,nan,nan,nan,nan,nan,nan,nan
15,42.6315789474,0.6529524320,nan,0.0000487975,43.1160247185,nan,nan,nan,nan,nan,nan,nan
16,42.6315789474,0.4589286427,nan,0.0007249397,31.3969813091,nan,nan,nan,nan,nan,nan,nan
17,42.6315789474,0.3529105941,nan,0.0021106392,26.7558599980,nan,nan,nan,nan,nan,nan,nan
18,42.6315789474,0.7670417870,nan,0.0000063591,51.9660422278,nan,nan,nan,nan,nan,nan,nan
19,42.6315789474,0.7287983868,nan,0.0000130699,48.8372937306,nan,nan,nan,nan,nan,nan,nan
20,42.6315789474,0.3420281091,nan,0.0023176287,26.3495614358,nan,nan,nan,nan,nan,nan,nan
21,42.6315789474,0.1623126108,nan,0.0070568702,21.5138786789,nan,nan,nan,nan,nan,nan,nan
22,42.6315789474,0.1783634954,nan,0.0066026547,21.8028141730,nan,nan,nan,nan,nan,nan,nan
23,42.6315789474,0.1072870458,nan,0.0084447189,20.7341480092,nan,nan,nan,nan,nan,nan,nan
24,42.6315789474,0.2019627731,nan,0.0059179404,22.2782941028,nan,nan,nan,nan,nan,nan,nan
25,42.6315789474,0.4128629776,nan,0.0011945430,29.2279819467,nan,nan,nan,nan,nan,nan,nan
26,42.6315789474,0.4387444823,nan,0.0009082934,30.4177384946,nan,nan,nan,nan,nan,nan,nan
27,42.6315789474,0.7273366306,nan,0.0000134247,48.7209528894,nan,nan,nan,nan,nan,nan,nan
28,42.6315789474,0.8054617423,nan,0.0000029688,55.2741763832,nan,nan,nan,nan,nan,nan,nan
29,42.6315789474,0.1030219808,nan,0.0085363422,20.6872818167,nan,nan,nan,nan,nan,nan,nan
30,42.6315789474,0.3193166811,nan,0.0027902646,25.5435460920,nan,nan,nan,nan,nan,nan,nan
31,42.6315789474,0.5996532145,nan,0.0001127292,39.4796352703,nan,nan,nan,nan,nan,nan,nan
32,42.6315789474,0.5463863736,nan,0.0002420187,36.1615111860,nan,nan,nan,nan,nan,nan,nan
33,42.6315789474,0.6472173569,nan,0.0000535854,42.7095360818,nan,nan,nan,nan,nan,nan,nan
34,42.6315789474,0.5881831797,nan,0.0001337067,38.7384678168,nan,nan,nan,nan,nan,nan,nan
35,42.6315789474,0.2198255301,nan,0.0053971071,22.6783896311,nan,nan,nan,nan,nan,nan,nan
36,42.6315789474,0.7243864037,nan,0.0000141681,48.4868730098,nan,nan,nan,nan,nan,nan,nan
37,42.6315789474,0.4316890942,nan,0.0009803770,30.0860690599,nan,nan,nan,nan,nan,nan,nan
38,42.6315789474,0.5381074991,nan,0.0002707618,35.6741260623,nan,nan,nan,nan,nan,nan,nan
39,42.6315789474,0.5385833702,nan,0.0002690336,35.7019347858,nan,nan,nan,nan,nan,nan,nan
40,42.6315789474,0.5825579630,nan,0.0001452001,38.3803315492,nan,nan,nan,nan,nan,nan,nan
41,42.6315789474,0.9505472997,nan,0.0000001186,69.2608106493,nan,nan,nan,nan,nan,nan,nan
42,42.6315789474,0.6010136954,nan,0.0001104455,39.5685182319,nan,nan,nan,nan,nan,nan,nan
43,42.6315789474,0.7105436874,nan,0.0000181905,47.4015490643,nan,nan,nan,nan,nan,nan,nan
44,42.6315789474,0.1540000138,nan,0.0072858732,21.3751839340,nan,nan,nan,nan,nan,nan,nan
45,42.6315789474,0.4163263659,nan,0.0011526823,29.3829037347,nan,nan,nan,nan,nan,nan,nan
46,42.6315789474,0.6765305243,nan,0.0000329173,44.8257517826,nan,nan,nan,nan,nan,nan,nan
47,42.6315789474,0.1888092107,nan,0.0063011129,22.0058273906,nan,nan,nan,nan,nan,nan,nan
48,42.6315789474,0.9554416344,nan,0.0000001053,69.7739010474,nan,nan,nan,nan,nan,nan,nan
49,42.6315789474,0.6186559604,nan,0.0000843375,40.7397945219,nan,nan,nan,nan,nan,nan,nan
50,42.6315789474,0.1987446804,nan,0.0060118772,22.2098990254,nan,nan,nan,nan,nan,nan,nan
51,42.6315789474,0.8548224262,nan,0.0000010550,59.7673002540,nan,nan,nan,nan,nan,nan,nan
52,42.6315789474,0.6864849403,nan,0.0000277574,45.5662150658,nan,nan,nan,nan,nan,nan,nan
53,42.6315789474,0.0400549388,nan,0.0095051588,20.2204062390,nan,nan,nan,nan,nan,nan,nan
54,42.6315789474,0.5871741719,nan,0.0001357073,38.6739689012,nan,nan,nan,nan,nan,nan,nan
55,42.6315789474,1.0744169469,nan,0.0000000049,83.0767776061,nan,nan,nan,nan,nan,nan,nan
56,42.6315789474,0.5770193047,nan,0.0001573567,38.0311466390,nan,nan,nan,nan,nan,nan,nan
57,42.6315789474,0.4075356788,nan,0.0012611682,28.9922698898,nan,nan,nan,nan,nan,nan,nan
58,42.6315789474,0.6431958837,nan,0.0000571914,42.4266920764,nan,nan,nan,nan,nan,nan,nan
59,42.6315789474,0.4804054767,nan,0.0005638390,32.4884491151,nan,nan,nan,nan,nan,nan,nan
60,42.6315789474,0.7388461317,nan,0.0000108556,49.6434603867,nan,nan,nan,nan,nan,nan,nan
61,42.6315789474,1.1927108296,nan,0.0000000002,97.8875813626,nan,nan,nan,nan,nan,nan,nan
62,42.6315789474,0.6810862724,nan,0.0000304561,45.1632594399,nan,nan,nan,nan,nan,nan,nan
63,42.6315789474,0.7711133456,nan,0.0000058765,52.3087870920,nan,nan,nan,nan,nan,nan,nan
64,42.6315789474,0.0978102903,nan,0.0086443970,20.6326529617,nan,nan,nan,nan,nan,nan,nan
65,42.6315789474,0.1834205401,nan,0.0064571040,21.8996221761,nan,nan,nan,nan,nan,nan,nan
66,42.6315789474,0.1864602942,nan,0.0063692079,21.9591457627,nan,nan,nan,nan,nan,nan,nan
67,42.6315789474,0.3193563956,nan,0.0027893910,25.5449061070,nan,nan,nan,nan,nan,nan,nan
68,42.6315789474,0.5704059730,nan,0.0001730342,37.6186795176,nan,nan,nan,nan,nan,nan,nan
69,42.6315789474,0.4975268986,nan,0.0004575962,33.3951756862,nan,nan,nan,nan,nan,nan,nan
70,42.6315789474,0.2781940585,nan,0.0037773831,24.2280896672,nan,nan,nan,nan,nan,nan,nan
71,42.6315789474,0.6092102528,nan,0.0000975354,40.1083781246,nan,nan,nan,nan,nan,nan,nan
72,42.6315789474,1.3632606634,nan,0.0000000000,122.0290737274,nan,nan,nan,nan,nan,nan,nan
73,42.6315789474,0.3295263732,nan,0.0025710627,25.8988733400,nan,nan,nan,nan,nan,nan,nan
74,42.6315789474,1.0402041025,nan,0.0000000123,79.0878776028,nan,nan,nan,nan,nan,nan,nan
75,42.6315789474,0.0898327228,nan,0.0088010663,20.5546470626,nan,nan,nan,nan,nan,nan,nan
76,42.6315789474,0.2498129482,nan,0.0045413642,23.4281366870,nan,nan,nan,nan,nan,nan,nan
77,42.6315789474,0.4548309525,nan,0.0007595329,31.1945342628,nan,nan,nan,nan,nan,nan,nan
78,42.6315789474,0.2846854081,nan,0.0036112468,24.4234283338,nan,nan,nan,nan,nan,nan,nan
79,42.6315789474,0.9051564135,nan,0.0000003443,64.6307400330,nan,nan,nan,nan,nan,nan,nan
80,42.6315789474,0.2847030483,nan,0.0036108002,24.4239654461,nan,nan,nan,nan,nan,nan,nan
81,42.6315789474,0.5338038048,nan,0.0002868289,35.4237712354,nan,nan,nan,nan,nan,nan,nan
82,42.6315789474,0.8169200785,nan,0.0000023481,56.2928247782,nan,nan,nan,nan,nan,nan,nan
83,42.6315789474,0.3778829749,nan,0.0016836572,27.7374633487,nan,nan,nan,nan,nan,nan,nan
84,42.6315789474,0.5701911351,nan,0.0001735657,37.6053618720,nan,nan,nan,nan,nan,nan,nan
85,42.6315789474,0.4741475614,nan,0.0006074151,32.1651443388,nan,nan,nan,nan,nan,nan,nan
86,42.6315789474,0.1760216474,nan,0.0066697235,21.7589217117,nan,nan,nan,nan,nan,nan,nan
87,42.6315789474,1.1173408673,nan,0.0000000015,88.2681970763,nan,nan,nan,nan,nan,nan,nan
88,42.6315789474,0.2866869484,nan,0.0035607468,24.4845890716,nan,nan,nan,nan,nan,nan,nan
89,42.6315789474,0.5191458816,nan,0.0003478147,34.5865206337,nan,nan,nan,nan,nan,nan,nan
90,42.6315789474,1.0026374026,nan,0.0000000327,74.8600252545,nan,nan,nan,nan,nan,nan,nan
91,42.6315789474,0.8694849791,nan,0.0000007665,61.1546646842,nan,nan,nan,nan,nan,nan,nan
92,42.6315789474,0.3343976913,nan,0.0024703343,26.0724427836,nan,nan,nan,nan,nan,nan,nan
93,42.6315789474,0.4425977789,nan,0.0008707224,30.6012029278,nan,nan,nan,nan,nan,nan,nan
94,42.6315789474,0.7882734430,nan,0.0000041940,53.7737365667,nan,nan,nan,nan,nan,nan,nan
95,42.6315789474,0.1560828344,nan,0.0072289709,21.4092352538,nan,nan,nan,nan,nan,nan,nan
96,42.6315789474,0.7588226759,nan,0.0000074476,51.2798120850,nan,nan,nan,nan,nan,nan,nan
97,42.6315789474,0.2414414853,nan,0.0047764222,23.2089729596,nan,nan,nan,nan,nan,nan,nan
98,42.6315789474,0.0429113064,nan,0.0094786768,20.2325228367,nan,nan,nan,nan,nan,nan,nan
99,42.6315789474,0.3341453717,nan,0.0024754899,26.0633884023,nan,nan,nan,nan,nan,nan,nan
100,42.6315789474,0.3311540159,nan,0.0025371271,25.9565777783,nan,nan,nan,nan,nan,nan,nan
101,42.6315789474,0.5998413488,nan,0.0001124109,39.4919141825,nan,nan,nan,nan,nan,nan,nan
102,42.6315789474,0.2397855363,nan,0.0048233349,23.1665258001,nan,nan,nan,nan,nan,nan,nan
103,42.6315789474,0.6622361243,nan,0.0000418619,43.7818101089,nan,nan,nan,nan,nan,nan,nan
104,42.6315789474,0.3427712037,nan,0.0023030901,26.3768907650,nan,nan,nan,nan,nan,nan,nan
105,42.6315789474,0.1894738529,nan,0.0062818204,22.0191448323,nan,nan,nan,nan,nan,nan,nan
106,42.6315789474,0.4819201901,nan,0.0005536870,32.5673563666,nan,nan,nan,nan,nan,nan,nan
107,42.6315789474,0.6573775611,nan,0.0000453714,43.4321757537,nan,nan,nan,nan,nan,nan,nan
108,42.6315789474,0.4390534854,nan,0.0009052342,30.4323903093,nan,nan,nan,nan,nan,nan,nan
109,42.6315789474,0.3452848107,nan,0.0022543506,26.4697854299,nan,nan,nan,nan,nan,nan,nan
110,42.6315789474,0.5600742265,nan,0.0002002611,36.9840345298,nan,nan,nan,nan,nan,nan,nan
111,42.6315789474,1.5151885796,nan,0.0000000000,146.3148750960,nan,nan,nan,nan,nan,nan,nan
112,42.6315789474,0.6354986211,nan,0.0000647091,41.8903475816,nan,nan,nan,nan,nan,nan,nan
113,42.6315789474,0.6463732836,nan,0.0000543248,42.6500199245,nan,nan,nan,nan,nan,nan,nan
114,42.6315789474,0.3541458352,nan,0.0020879491,26.8028008562,nan,nan,nan,nan,nan,nan,nan
115,42.6315789474,0.4309510616,nan,0.0009881679,30.0516924529,nan,nan,nan,nan,nan,nan,nan
116,42.6315789474,0.4157012590,nan,0.0011601539,29.3548439593,nan,nan,nan,nan,nan,nan,nan
117,42.6315789474,0.0890459683,nan,0.0088159241,20.5473215962,nan,nan,nan,nan,nan,nan,nan
118,42.6315789474,0.9074822941,nan,0.0000003264,64.8623569889,nan,nan,nan,nan,nan,nan,nan
119,42.6315789474,1.3588845442,nan,0.0000000000,121.3684001500,nan,nan,nan,nan,nan,nan,nan
120,42.6315789474,0.5078759859,nan,0.0004018826,33.9590078603,nan,nan,nan,nan,nan,nan,nan
121,42.6315789474,0.3995059147,nan,0.0013668151,28.6429023953,nan,nan,nan,nan,nan,nan,nan
122,42.6315789474,0.3707428666,nan,0.0017989561,27.4497943402,nan,nan,nan,nan,nan,nan,nan
123,42.6315789474,0.3191164022,nan,0.0027946729,25.5366902219,nan,nan,nan,nan,nan,nan,nan
124,42.6315789474,0.6594004650,nan,0.0000438790,43.5774288740,nan,nan,nan,nan,nan,nan,nan
125,42.6315789474,0.2711709887,nan,0.0039610094,24.0219412713,nan,nan,nan,nan,nan,nan,nan
126,42.6315789474,0.1445954527,nan,0.0075383144,21.2272575178,nan,nan,nan,nan,nan,nan,nan
127,42.6315789474,1.5073988261,nan,0.0000000000,145.0058483925,nan,nan,nan,nan,nan,nan,nan
128,42.6315789474,0.5195895273,nan,0.0003458190,34.6115113527,nan,nan,nan,nan,nan,nan,nan
129,42.6315789474,0.4914378170,nan,0.0004932892,33.0689836656,nan,nan,nan,nan,nan,nan,nan
130,42.6315789474,0.3160307292,nan,0.0028631105,25.4316189036,nan,nan,nan,nan,nan,nan,nan
131,42.6315789474,0.0767290708,nan,0.0090339442,20.4412259476,nan,nan,nan,nan,nan,nan,nan
132,42.6315789474,0.8853636162,nan,0.0000005390,62.6843314338,nan,nan,nan,nan,nan,nan,nan
133,42.6315789474,0.2838108383,nan,0.0036334217,24.3968418958,nan,nan,nan,nan,nan,nan,nan
134,42.6315789474,0.6847274933,nan,0.0000286109,45.4346821297,nan,nan,nan,nan,nan,nan,nan
135,42.6315789474,0.5467667538,nan,0.0002407638,36.1840875054,nan,nan,nan,nan,nan,nan,nan
136,42.6315789474,0.6445036065,nan,0.0000559955,42.5184707707,nan,nan,nan,nan,nan,nan,nan
137,42.6315789474,0.5630495777,nan,0.0001920621,37.1655835139,nan,nan,nan,nan,nan,nan,nan
138,42.6315789474,0.1339990044,nan,0.0078126815,21.0719988036,nan,nan,nan,nan,nan,nan,nan
139,42.6315789474,0.7989034683,nan,0.0000033902,54.6977691805,nan,nan,nan,nan,nan,nan,nan
140,42.6315789474,0.6868644232,nan,0.0000275762,45.5946620675,nan,nan,nan,nan,nan,nan,nan
141,42.6315789474,0.5566919533,nan,0.0002099495,36.7788514960,nan,nan,nan,nan,nan,nan,nan
142,42.6315789474,0.3264043355,nan,0.0026369369,25.7890026479,nan,nan,nan,nan,nan,nan,nan
143,42.6315789474,0.3974725153,nan,0.0013945819,28.5555598350,nan,nan,nan,nan,nan,nan,nan
144,42.6315789474,0.7544366442,nan,0.0000080971,50.9167088338,nan,nan,nan,nan,nan,nan,nan
145,42.6315789474,0.8212625985,nan,0.0000021465,56.6827235174,nan,nan,nan,nan,nan,nan,nan
146,42.6315789474,0.1281456586,nan,0.0079590010,20.9914144174,nan,nan,nan,nan,nan,nan,nan
147,42.6315789474,0.5621440268,nan,0.0001945259,37.1102247086,nan,nan,nan,nan,nan,nan,nan
148,42.6315789474,0.5544708193,nan,0.0002165310,36.6447998815,nan,nan,nan,nan,nan,nan,nan
149,42.6315789474,0.2178758263,nan,0.0054537683,22.6330331975,nan,nan,nan,nan,nan,nan,nan
150,42.6315789474,0.3971409902,nan,0.0013991482,28.5413627565,nan,nan,nan,nan,nan,nan,nan
151,42.6315789474,0.6216449503,nan,0.0000805069,40.9416700626,nan,nan,nan,nan,nan,nan,nan
152,42.6315789474,1.2276660469,nan,0.0000000001,102.5670107100,nan,nan,nan,nan,nan,nan,nan
153,42.6315789474,0.7047394808,nan,0.0000201704,46.9528513191,nan,nan,nan,nan,nan,nan,nan
154,42.6315789474,0.9018910809,nan,0.0000003710,64.3065964605,nan,nan,nan,nan,nan,nan,nan
155,42.6315789474,0.5973640213,nan,0.0001166664,39.3305428430,nan,nan,nan,nan,nan,nan,nan
156,42.6315789474,0.1985908343,nan,0.0060163661,22.2066574444,nan,nan,nan,nan,nan,nan,nan
157,42.6315789474,0.9815655705,nan,0.0000000555,72.5581839323,nan,nan,nan,nan,nan,nan,nan
158,42.6315789474,0.4504903635,nan,0.0007976065,30.9821130378,nan,nan,nan,nan,nan,nan,nan
159,42.6315789474,0.1567267761,nan,0.0072113113,21.4198575767,nan,nan,nan,nan,nan,nan,nan
160,42.6315789474,0.2604295179,nan,0.0042490561,23.7170753473,nan,nan,nan,nan,nan,nan,nan
161,42.6315789474,0.6648555477,nan,0.0000400737,43.9714035132,nan,nan,nan,nan,nan,nan,nan
162,42.6315789474,0.6062272435,nan,0.0001020695,39.9110384061,nan,nan,nan,nan,nan,nan,nan
163,42.6315789474,0.6569212453,nan,0.0000457144,43.3994734639,nan,nan,nan,nan,nan,nan,nan
164,42.6315789474,0.2944574824,nan,0.0033680703,24.7261885441,nan,nan,nan,nan,nan,nan,nan
165,42.6315789474,1.1577317026,nan,0.0000000005,93.3433563458,nan,nan,nan,nan,nan,nan,nan
166,42.6315789474,0.3736206667,nan,0.0017518370,27.5650630060,nan,nan,nan,nan,nan,nan,nan
167,42.6315789474,0.4403008088,nan,0.0008929680,30.4916412065,nan,nan,nan,nan,nan,nan,nan
168,42.6315789474,0.8698323738,nan,0.0000007607,61.1878278490,nan,nan,nan,nan,nan,nan,nan
169,42.6315789474,0.6776302909,nan,0.0000323071,44.9070145651,nan,nan,nan,nan,nan,nan,nan
170,42.6315789474,0.3791109603,nan,0.0016643690,27.7875038224,nan,nan,nan,nan,nan,nan,nan
171,42.6315789474,0.5606618157,nan,0.0001986182,37.0198098509,nan,nan,nan,nan,nan,nan,nan
172,42.6315789474,0.4239538450,nan,0.0010644466,29.7287613449,nan,nan,nan,nan,nan,nan,nan
173,42.6315789474,0.4444714768,nan,0.0008529023,30.6910073011,nan,nan,nan,nan,nan,nan,nan
174,42.6315789474,0.3782381509,nan,0.0016780621,27.7519197139,nan,nan,nan,nan,nan,nan,nan
175,42.6315789474,0.1019911700,nan,0.0085580601,20.6762466723,nan,nan,nan,nan,nan,nan,nan
176,42.6315789474,0.4287808632,nan,0.0010113568,29.9509561231,nan,nan,nan,nan,nan,nan,nan
177,42.6315789474,0.4325677959,nan,0.0009711635,30.1270763475,nan,nan,nan,nan,nan,nan,nan
178,42.6315789474,0.3833616162,nan,0.0015988211,27.9620012370,nan,nan,nan,nan,nan,nan,nan
179,42.6315789474,0.3614553950,nan,0.0019570369,27.0840098775,nan,nan,nan,nan,nan,nan,nan
180,42.6315789474,0.4834652453,nan,0.0005434873,32.6481061255,nan,nan,nan,nan,nan,nan,nan
181,42.6315789474,0.3210680191,nan,0.0027518929,25.6036847793,nan,nan,nan,nan,nan,nan,nan
182,42.6315789474,0.8217453104,nan,0.0000021251,56.7261950635,nan,nan,nan,nan,nan,nan,nan
183,42.6315789474,0.6355154889,nan,0.0000646917,41.8915157072,nan,nan,nan,nan,nan,nan,nan
184,42.6315789474,0.3618800157,nan,0.0019496083,27.1005263163,nan,nan,nan,nan,nan,nan,nan
185,42.6315789474,0.7127678437,nan,0.0000174804,47.5744869605,nan,nan,nan,nan,nan,nan,nan
186,42.6315789474,1.0819245612,nan,0.0000000040,83.9697708655,nan,nan,nan,nan,nan,nan,nan
187,42.6315789474,0.1505759881,nan,0.0073786638,21.3202227756,nan,nan,nan,nan,nan,nan,nan
188,42.6315789474,0.4391734689,nan,0.0009040486,30.4380823384,nan,nan,nan,nan,nan,nan,nan
189,42.6315789474,0.4010134135,nan,0.0013464958,28.7079498496,nan,nan,nan,nan,nan,nan,nan
190,42.6315789474,0.6605508164,nan,0.0000430504,43.6602327038,nan,nan,nan,nan,nan,nan,nan
191,42.6315789474,0.7211433625,nan,0.0000150291,48.2306836130,nan,nan,nan,nan,nan,nan,nan
192,42.6315789474,0.4996643378,nan,0.0004455892,33.5106530185,nan,nan,nan,nan,nan,nan,nan
193,42.6315789474,0.0629607547,nan,0.0092433927,20.3416859816,nan,nan,nan,nan,nan,nan,nan
194,42.6315789474,0.6174791640,nan,0.0000858897,40.6605871881,nan,nan,nan,nan,nan,nan,nan
195,42.6315789474,1.1418955021,nan,0.0000000007,91.3315406869,nan,nan,nan,nan,nan,nan,nan
196,42.6315789474,0.0855429867,nan,0.0088807461,20.5155054859,nan,nan,nan,nan,nan,nan,nan
197,42.6315789474,0.4060347815,nan,0.0012804344,28.9264266313,nan,nan,nan,nan,nan,nan,nan
198,42.6315789474,0.5979635317,nan,0.0001156237,39.3695318429,nan,nan,nan,nan,nan,nan,nan
199,42.6315789474,0.4230504939,nan,0.0010746166,29.6874646906,nan,nan,nan,nan,nan,nan,nan
200,42.6315789474,0.7284210367,nan,0.0000131606,48.8072376411,nan,nan,nan,nan,nan,nan,nan
201,42.6315789474,0.2527551006,nan,0.0044596652,23.5069774527,nan,nan,nan,nan,nan,nan,nan
202,42.6315789474,0.4593991910,nan,0.0007210497,31.4203477609,nan,nan,nan,nan,nan,nan,nan
203,42.6315789474,0.3863260803,nan,0.0015542194,28.0848766062,nan,nan,nan,nan,nan,nan,nan
204,42.6315789474,1.1400599491,nan,0.0000000008,91.1001873848,nan,nan,nan,nan,nan,nan,nan
205,42.6315789474,0.7755027854,nan,0.0000053946,52.6803713166,nan,nan,nan,nan,nan,nan,nan
206,42.6315789474,0.5815059058,nan,0.0001474436,38.3137419508,nan,nan,nan,nan,nan,nan,nan
207,42.6315789474,0.1616414905,nan,0.0070755397,21.5024042517,nan,nan,nan,nan,nan,nan,nan
208,42.6315789474,0.1072692298,nan,0.0084451075,20.7339481938,nan,nan,nan,nan,nan,nan,nan
209,42.6315789474,0.4291084556,nan,0.0010078296,29.9661289666,nan,nan,nan,nan,nan,nan,nan
210,42.6315789474,0.6021739398,nan,0.0001085305,39.6444821920,nan,nan,nan,nan,nan,nan,nan
211,42.6315789474,0.6094308981,nan,0.0000972072,40.1230141903,nan,nan,nan,nan,nan,nan,nan
212,42.6315789474,0.1840976225,nan,0.0064375499,21.9127939470,nan,nan,nan,nan,nan,nan,nan
213,42.6315789474,0.3418718678,nan,0.0023206931,26.3438229588,nan,nan,nan,nan,nan,nan,nan
214,42.6315789474,0.2793469947,nan,0.0037476176,24.2624473039,nan,nan,nan,nan,nan,nan,nan
215,42.6315789474,0.5566713453,nan,0.0002100098,36.7776052235,nan,nan,nan,nan,nan,nan,nan
216,42.6315789474,0.2251022593,nan,0.0052441876,22.8032178025,nan,nan,nan,nan,nan,nan,nan
217,42.6315789474,0.5656527652,nan,0.0001851300,37.3252313277,nan,nan,nan,nan,nan,nan,nan
218,42.6315789474,0.4832654390,nan,0.0005447975,32.6376486854,nan,nan,nan,nan,nan,nan,nan
219,42.6315789474,0.5132026980,nan,0.0003755048,34.2538452325,nan,nan,nan,nan,nan,nan,nan
220,42.6315789474,0.2802296087,nan,0.0037249054,24.2888475757,nan,nan,nan,nan,nan,nan,nan
221,42.6315789474,0.3373981897,nan,0.0024095445,26.1806505255,nan,nan,nan,nan,nan,nan,nan
222,42.6315789474,0.5339665029,nan,0.0002862069,35.4331983081,nan,nan,nan,nan,nan,nan,nan
223,42.6315789474,0.8323138165,nan,0.0000017043,57.6845137566,nan,nan,nan,nan,nan,nan,nan
224,42.6315789474,0.2666722221,nan,0.0040806352,23.8927222468,nan,nan,nan,nan,nan,nan,nan
225,42.6315789474,0.8101391923,nan,0.0000026988,55.6882241686,nan,nan,nan,nan,nan,nan,nan
226,42.6315789474,0.4300510010,nan,0.0009977345,30.0098502529,nan,nan,nan,nan,nan,nan,nan
227,42.6315789474,0.3417171415,nan,0.0023237303,26.3381427705,nan,nan,nan,nan,nan,nan,nan
228,42.6315789474,0.7372560504,nan,0.0000111812,49.5151301014,nan,nan,nan,nan,nan,nan,nan
229,42.6315789474,0.2154911978,nan,0.0055231634,22.5781210712,nan,nan,nan,nan,nan,nan,nan
230,42.6315789474,0.5530763517,nan,0.0002207537,36.5609200972,nan,nan,nan,nan,nan,nan,nan
231,42.6315789474,0.7032800446,nan,0.0000206985,46.8406212134,nan,nan,nan,nan,nan,nan,nan
232,42.6315789474,0.7528283913,nan,0.0000083481,50.7841072268,nan,nan,nan,nan,nan,nan,nan
233,42.6315789474,0.5991470963,nan,0.0001135894,39.4466221454,nan,nan,nan,nan,nan,nan,nan
234,42.6315789474,0.3227311080,nan,0.0027157484,25.6611047096,nan,nan,nan,nan,nan,nan,nan
235,42.6315789474,0.4592380515,nan,0.0007223800,31.4123431517,nan,nan,nan,nan,nan,nan,nan
236,42.6315789474,0.5541643012,nan,0.0002174531,36.6263437201,nan,nan,nan,nan,nan,nan,nan
237,42.6315789474,0.0535317046,nan,0.0093646631,20.2850784061,nan,nan,nan,nan,nan,nan,nan
238,42.6315789474,0.4028132656,nan,0.0013225313,28.7859404883,nan,nan,nan,nan,nan,nan,nan
239,42.6315789474,0.3651316363,nan,0.0018933625,27.2276621938,nan,nan,nan,nan,nan,nan,nan
240,42.6315789474,1.0557655982,nan,0.0000000082,80.8858281749,nan,nan,nan,nan,nan,nan,nan
241,42.6315789474,0.2313697428,nan,0.0050635822,22.9554213959,nan,nan,nan,nan,nan,nan,nan
242,42.6315789474,0.6672923201,nan,0.0000384728,44.1484643344,nan,nan,nan,nan,nan,nan,nan
243,42.6315789474,0.1602872977,nan,0.0071131192,21.4793991582,nan,nan,nan,nan,nan,nan,nan
244,42.6315789474,0.3208702584,nan,0.0027562099,25.5968770716,nan,nan,nan,nan,nan,nan,nan
245,42.6315789474,0.4638964208,nan,0.0006847141,31.6449071911,nan,nan,nan,nan,nan,nan,nan
246,42.6315789474,0.1706549122,nan,0.0068224866,21.6605731173,nan,nan,nan,nan,nan,nan,nan
247,42.6315789474,0.5721010735,nan,0.0001688909,37.7239375939,nan,nan,nan,nan,nan,nan,nan
248,42.6315789474,0.1638689306,nan,0.0070134629,21.5406749711,nan,nan,nan,nan,nan,nan,nan
249,42.6315789474,0.3899126001,nan,0.0015014709,28.2348307161,nan,nan,nan,nan,nan,nan,nan
250,42.6315789474,0.2639115113,nan,0.0041547789,23.8145208421,nan,nan,nan,nan,nan,nan,nan
251,42.6315789474,0.0876024493,nan,0.0088429008,20.5340524555,nan,nan,nan,nan,nan,nan,nan
252,42.6315789474,0.4849867468,nan,0.0005335949,32.7278833743,nan,nan,nan,nan,nan,nan,nan
253,42.6315789474,0.7527856191,nan,0.0000083549,50.7805845761,nan,nan,nan,nan,nan,nan,nan
254,42.6315789474,0.4497737242,nan,0.0008040365,30.9472423636,nan,nan,nan,nan,nan,nan,nan
255,42.6315789474,0.8770982564,nan,0.0000006480,61.8845539996,nan,nan,nan,nan,nan,nan,nan
256,42.6315789474,0.9787272821,nan,0.0000000595,72.2519582547,nan,nan,nan,nan,nan,nan,nan
257,42.6315789474,0.6014779685,nan,0.0001096757,39.5988973005,nan,nan,nan,nan,nan,nan,nan
258,42.6315789474,0.1939692673,nan,0.0061510930,22.1104770537,nan,nan,nan,nan,nan,nan,nan
259,42.6315789474,0.3207813446,nan,0.0027581522,25.5938177060,nan,nan,nan,nan,nan,nan,nan
260,42.6315789474,0.4690524108,nan,0.0006448942,31.9051151563,nan,nan,nan,nan,nan,nan,nan
261,42.6315789474,1.0520247738,nan,0.0000000090,80.4511248398,nan,nan,nan,nan,nan,nan,nan
262,42.6315789474,0.2034891454,nan,0.0058733683,22.3111276431,nan,nan,nan,nan,nan,nan,nan
263,42.6315789474,0.4040001522,nan,0.0013069032,28.8375658462,nan,nan,nan,nan,nan,nan,nan
264,42.6315789474,0.6168137080,nan,0.0000867788,40.6158652496,nan,nan,nan,nan,nan,nan,nan
265,42.6315789474,0.6793004524,nan,0.0000314002,45.0306826773,nan,nan,nan,nan,nan,nan,nan
266,42.6315789474,0.4727799832,nan,0.0006172956,32.0950682127,nan,nan,nan,nan,nan,nan,nan
267,42.6315789474,0.4694675346,nan,0.0006417719,31.9261932836,nan,nan,nan,nan,nan,nan,nan
268,42.6315789474,0.7093999791,nan,0.0000185659,47.3128360619,nan,nan,nan,nan,nan,nan,nan
269,42.6315789474,0.6490350867,nan,0.0000520238,42.8379752800,nan,nan,nan,nan,nan,nan,nan
270,42.6315789474,0.3337392378,nan,0.0024838026,26.0488291474,nan,nan,nan,nan,nan,nan,nan
271,42.6315789474,0.6049500694,nan,0.0001040675,39.8268505296,nan,nan,nan,nan,nan,nan,nan
272,42.6315789474,0.5743652499,nan,0.0001634921,37.8650313075,nan,nan,nan,nan,nan,nan,nan
273,42.6315789474,0.0788197362,nan,0.0089989155,20.4580982668,nan,nan,nan,nan,nan,nan,nan
274,42.6315789474,1.1137233561,nan,0.0000000017,87.8226482153,nan,nan,nan,nan,nan,nan,nan
275,42.6315789474,1.1414951292,nan,0.0000000007,91.2810451627,nan,nan,nan,nan,nan,nan,nan
276,42.6315789474,0.1578912859,nan,0.0071792971,21.4391807321,nan,nan,nan,nan,nan,nan,nan
277,42.6315789474,0.4485280850,nan,0.0008153111,30.8867664759,nan,nan,nan,nan,nan,nan,nan
278,42.6315789474,0.6953723534,nan,0.0000237867,46.2366620256,nan,nan,nan,nan,nan,nan,nan
279,42.6315789474,0.7500538174,nan,0.0000087983,50.5560222912,nan,nan,nan,nan,nan,nan,nan
280,42.6315789474,0.3110004348,nan,0.0029767544,25.2625699848,nan,nan,nan,nan,nan,nan,nan
281,42.6315789474,0.3430312585,nan,0.0022980161,26.3864693283,nan,nan,nan,nan,nan,nan,nan
282,42.6315789474,0.7339301340,nan,0.0000118915,49.2476209543,nan,nan,nan,nan,nan,nan,nan
283,42.6315789474,0.0771602653,nan,0.0090267875,20.4446678334,nan,nan,nan,nan,nan,nan,nan
284,42.6315789474,0.8636554607,nan,0.0000008709,60.6001867082,nan,nan,nan,nan,nan,nan,nan
285,42.6315789474,0.4465431190,nan,0.0008335371,30.7907508540,nan,nan,nan,nan,nan,nan,nan
286,42.6315789474,0.0889947430,nan,0.0088168877,20.5468469241,nan,nan,nan,nan,nan,nan,nan
287,42.6315789474,0.3672657465,nan,0.0018570616,27.3117368652,nan,nan,nan,nan,nan,nan,nan
288,42.6315789474,0.3412978325,nan,0.0023319742,26.3227626558,nan,nan,nan,nan,nan,nan,nan
289,42.6315789474,0.5792415372,nan,0.0001523759,38.1708373435,nan,nan,nan,nan,nan,nan,nan
290,42.6315789474,0.1779700530,nan,0.0066139384,21.7953985258,nan,nan,nan,nan,nan,nan,nan
291,42.6315789474,0.2597563196,nan,0.0042673786,23.6983882891,nan,nan,nan,nan,nan,nan,nan
292,42.6315789474,0.9916146615,nan,0.0000000432,73.6496845920,nan,nan,nan,nan,nan,nan,nan
293,42.6315789474,0.2688717296,nan,0.0040219598,23.9556227946,nan,nan,nan,nan,nan,nan,nan
294,42.6315789474,0.9488211704,nan,0.0000001236,69.0804975932,nan,nan,nan,nan,nan,nan,nan
295,42.6315789474,0.3688726277,nan,0.0018300494,27.3753719067,nan,nan,nan,nan,nan,nan,nan
296,42.6315789474,0.4335869366,nan,0.0009605623,30.1747445223,nan,nan,nan,nan,nan,nan,nan
297,42.6315789474,0.6178727753,nan,0.0000853677,40.6870630402,nan,nan,nan,nan,nan,nan,nan
298,42.6315789474,0.4090363494,nan,0.0012421236,29.0583517564,nan,nan,nan,nan,nan,nan,nan
299,42.6315789474,0.2419387588,nan,0.0047623598,23.2217780017,nan,nan,nan,nan,nan,nan,nan
300,42.6315789474,0.4687732254,nan,0.0006470011,31.8909501068,nan,nan,nan,nan,nan,nan,nan
301,42.6315789474,0.4799368426,nan,0.0005670107,32.4640876492,nan,nan,nan,nan,nan,nan,nan
302,42.6315789474,0.9565839136,nan,0.0000001025,69.8940383272,nan,nan,nan,nan,nan,nan,nan
303,42.6315789474,1.1318919296,nan,0.0000000010,90.0753072697,nan,nan,nan,nan,nan,nan,nan
304,42.6315789474,0.2722351410,nan,0.0039329365,24.0528306836,nan,nan,nan,nan,nan,nan,nan
305,42.6315789474,0.4438676857,nan,0.0008586129,30.6620258345,nan,nan,nan,nan,nan,nan,nan
306,42.6315789474,0.4870296497,nan,0.0005205467,32.8354028372,nan,nan,nan,nan,nan,nan,nan
307,42.6315789474,0.7936285596,nan,0.0000037691,54.2376558512,nan,nan,nan,nan,nan,nan,nan
308,42.6315789474,0.4727399662,nan,0.0006175867,32.0930208230,nan,nan,nan,nan,nan,nan,nan
309,42.6315789474,0.8232397671,nan,0.0000020602,56.8609469551,nan,nan,nan,nan,nan,nan,nan
310,42.6315789474,1.0169422407,nan,0.0000000226,76.4511698216,nan,nan,nan,nan,nan,nan,nan
311,42.6315789474,0.2854456148,nan,0.0035920252,24.4466062037,nan,nan,nan,nan,nan,nan,nan
312,42.6315789474,0.8147275992,nan,0.0000024565,56.0967737571,nan,nan,nan,nan,nan,nan,nan
313,42.6315789474,0.1573552952,nan,0.0071940447,21.4302686536,nan,nan,nan,nan,nan,nan,nan
314,42.6315789474,0.8426038173,nan,0.0000013710,58.6296207950,nan,nan,nan,nan,nan,nan,nan
315,42.6315789474,0.5465743099,nan,0.0002413980,36.1726635677,nan,nan,nan,nan,nan,nan,nan
316,42.6315789474,0.4653121449,nan,0.0006735872,31.7160616000,nan,nan,nan,nan,nan,nan,nan
317,42.6315789474,0.7499759179,nan,0.0000088112,50.5496309623,nan,nan,nan,nan,nan,nan,nan
318,42.6315789474,0.4978787146,nan,0.0004556015,33.4141480753,nan,nan,nan,nan,nan,nan,nan
319,42.6315789474,0.5764681735,nan,0.0001586139,37.9965872696,nan,nan,nan,nan,nan,nan,nan
320,42.6315789474,0.3322314445,nan,0.0025148173,25.9949356507,nan,nan,nan,nan,nan,nan,nan
321,42.6315789474,0.5594672133,nan,0.0002019707,36.9471168928,nan,nan,nan,nan,nan,nan,nan
322,42.6315789474,0.2636678357,nan,0.0041613492,23.8076583457,nan,nan,nan,nan,nan,nan,nan
323,42.6315789474,0.6944669814,nan,0.0000241660,46.1679590258,nan,nan,nan,nan,nan,nan,nan
324,42.6315789474,0.8044168330,nan,0.0000030325,55.1820162735,nan,nan,nan,nan,nan,nan,nan
325,42.6315789474,0.4558780172,nan,0.0007505700,31.2460879415,nan,nan,nan,nan,nan,nan,nan
326,42.6315789474,0.4611181902,nan,0.0007069817,31.5059179703,nan,nan,nan,nan,nan,nan,nan
327,42.6315789474,0.3924877934,nan,0.0014644092,28.3433754485,nan,nan,nan,nan,nan,nan,nan
328,42.6315789474,0.9913937571,nan,0.0000000434,73.6255683515,nan,nan,nan,nan,nan,nan,nan
329,42.6315789474,1.1374818889,nan,0.0000000008,90.7758914951,nan,nan,nan,nan,nan,nan,nan
330,42.6315789474,0.5622310206,nan,0.0001942881,37.1155389224,nan,nan,nan,nan,nan,nan,nan
331,42.6315789474,0.3669681532,nan,0.0018620945,27.2999828984,nan,nan,nan,nan,nan,nan,nan
332,42.6315789474,0.5829781102,nan,0.0001443125,38.4069590396,nan,nan,nan,nan,nan,nan,nan
333,42.6315789474,0.4639204185,nan,0.0006845243,31.6461114677,nan,nan,nan,nan,nan,nan,nan
334,42.6315789474,0.4966239404,nan,0.0004627490,33.3465446512,nan,nan,nan,nan,nan,nan,nan
335,42.6315789474,0.6516254696,nan,0.0000498695,43.0216464315,nan,nan,nan,nan,nan,nan,nan
336,42.6315789474,0.7001332460,nan,0.0000218804,46.5994436117,nan,nan,nan,nan,nan,nan,nan
337,42.6315789474,0.2607013983,nan,0.0042416649,23.7246364032,nan,nan,nan,nan,nan,nan,nan
338,42.6315789474,0.2179261801,nan,0.0054523040,22.6341993900,nan,nan,nan,nan,nan,nan,nan
339,42.6315789474,0.1898845634,nan,0.0062698938,22.0273981826,nan,nan,nan,nan,nan,nan,nan
340,42.6315789474,0.5657981497,nan,0.0001847494,37.3341696553,nan,nan,nan,nan,nan,nan,nan
341,42.6315789474,0.8150155661,nan,0.0000024420,56.1224929417,nan,nan,nan,nan,nan,nan,nan
342,42.6315789474,0.1339158763,nan,0.0078147869,21.0708285770,nan,nan,nan,nan,nan,nan,nan
343,42.6315789474,0.1504265154,nan,0.0073826923,21.3178522996,nan,nan,nan,nan,nan,nan,nan
344,42.6315789474,0.1948744475,nan,0.0061247273,22.1291324620,nan,nan,nan,nan,nan,nan,nan
345,42.6315789474,0.4623891147,nan,0.0006967238,31.5693937163,nan,nan,nan,nan,nan,nan,nan
346,42.6315789474,0.7765447867,nan,0.0000052858,52.7688980426,nan,nan,nan,nan,nan,nan,nan
347,42.6315789474,0.3131864311,nan,0.0029270545,25.3356919449,nan,nan,nan,nan,nan,nan,nan
348,42.6315789474,0.6981879937,nan,0.0000226417,46.4509087028,nan,nan,nan,nan,nan,nan,nan
349,42.6315789474,0.3856485388,nan,0.0015643332,28.0567074996,nan,nan,nan,nan,nan,nan,nan
350,42.6315789474,0.9311779258,nan,0.0000001881,67.2566978290,nan,nan,nan,nan,nan,nan,nan
351,42.6315789474,0.6439535675,nan,0.0000564957,42.4798446502,nan,nan,nan,nan,nan,nan,nan
352,42.6315789474,0.9966750587,nan,0.0000000380,74.2036362972,nan,nan,nan,nan,nan,nan,nan
353,42.6315789474,0.3120767318,nan,0.0029522241,25.2985068128,nan,nan,nan,nan,nan,nan,nan
354,42.6315789474,0.3627120049,nan,0.0019351090,27.1329456697,nan,nan,nan,nan,nan,nan,nan
355,42.6315789474,0.3226994082,nan,0.0027164346,25.6600074012,nan,nan,nan,nan,nan,nan,nan
356,42.6315789474,0.2781735329,nan,0.0037779140,24.2274793194,nan,nan,nan,nan,nan,nan,nan
357,42.6315789474,0.4978045407,nan,0.0004560215,33.4101469567,nan,nan,nan,nan,nan,nan,nan
358,42.6315789474,0.3752890175,nan,0.0017249219,27.6323055248,nan,nan,nan,nan,nan,nan,nan
359,42.6315789474,0.7895826856,nan,0.0000040861,53.8868607668,nan,nan,nan,nan,nan,nan,nan
360,42.6315789474,0.6802656495,nan,0.0000308866,45.1022933198,nan,nan,nan,nan,nan,nan,nan
361,42.6315789474,0.5806304873,nan,0.0001493335,38.2584265192,nan,nan,nan,nan,nan,nan,nan
362,42.6315789474,0.3547612278,nan,0.0020767063,26.8262492581,nan,nan,nan,nan,nan,nan,nan
363,42.6315789474,0.5995035051,nan,0.0001129831,39.4698670361,nan,nan,nan,nan,nan,nan,nan
364,42.6315789474,0.0894028576,nan,0.0088091977,20.5506364193,nan,nan,nan,nan,nan,nan,nan
365,42.6315789474,0.5359555462,nan,0.0002786965,35.5486853465,nan,nan,nan,nan,nan,nan,nan
366,42.6315789474,0.3494969476,nan,0.0021741978,26.6270094680,nan,nan,nan,nan,nan,nan,nan
367,42.6315789474,0.5669896285,nan,0.0001816556,37.4075111112,nan,nan,nan,nan,nan,nan,nan
368,42.6315789474,0.7355692166,nan,0.0000115364,49.3793004864,nan,nan,nan,nan,nan,nan,nan
369,42.6315789474,0.1912844409,nan,0.0062292154,22.0556665372,nan,nan,nan,nan,nan,nan,nan
370,42.6315789474,0.1526873274,nan,0.0073215600,21.3539637212,nan,nan,nan,nan,nan,nan,nan
371,42.6315789474,0.3236441752,nan,0.0026960265,25.6927584264,nan,nan,nan,nan,nan,nan,nan
372,42.6315789474,0.6652482458,nan,0.0000398117,43.9998929521,nan,nan,nan,nan,nan,nan,nan
373,42.6315789474,0.2640175581,nan,0.0041519208,23.8175094009,nan,nan,nan,nan,nan,nan,nan
374,42.6315789474,0.3437589029,nan,0.0022838575,26.4133100504,nan,nan,nan,nan,nan,nan,nan
375,42.6315789474,0.1215302849,nan,0.0081193837,20.9047693212,nan,nan,nan,nan,nan,nan,nan
376,42.6315789474,1.1701804883,nan,0.0000000003,94.9447459740,nan,nan,nan,nan,nan,nan,nan
377,42.6315789474,0.2521606232,nan,0.0044761320,23.4909711092,nan,nan,nan,nan,nan,nan,nan
378,42.6315789474,0.5064239171,nan,0.0004093379,33.8791807809,nan,nan,nan,nan,nan,nan,nan
379,42.6315789474,0.6128558391,nan,0.0000922381,40.3508963521,nan,nan,nan,nan,nan,nan,nan
380,42.6315789474,0.1873166965,nan,0.0063443972,21.9760963647,nan,nan,nan,nan,nan,nan,nan
381,42.6315789474,0.2474635186,nan,0.0046069581,23.3658573443,nan,nan,nan,nan,nan,nan,nan
382,42.6315789474,0.3424727188,nan,0.0023089228,26.3659058759,nan,nan,nan,nan,nan,nan,nan
383,42.6315789474,0.1283323243,nan,0.0079543969,20.9939274513,nan,nan,nan,nan,nan,nan,nan
384,42.6315789474,0.1537006370,nan,0.0072940242,21.3703279982,nan,nan,nan,nan,nan,nan,nan
385,42.6315789474,0.6830035230,nan,0.0000294714,45.3059899074,nan,nan,nan,nan,nan,nan,nan
386,42.6315789474,0.4835368648,nan,0.0005430183,32.6518556144,nan,nan,nan,nan,nan,nan,nan
387,42.6315789474,0.4197676076,nan,0.0011122063,29.5381466505,nan,nan,nan,nan,nan,nan,nan
388,42.6315789474,0.2780727350,nan,0.0037805217,24.2244826676,nan,nan,nan,nan,nan,nan,nan
389,42.6315789474,0.5504923228,nan,0.0002287675,36.4060573592,nan,nan,nan,nan,nan,nan,nan
390,42.6315789474,1.1865183947,nan,0.0000000002,97.0730238240,nan,nan,nan,nan,nan,nan,nan
391,42.6315789474,0.5982819717,nan,0.0001150732,39.3902577772,nan,nan,nan,nan,nan,nan,nan
392,42.6315789474,0.2381571442,nan,0.0048695895,23.1250765031,nan,nan,nan,nan,nan,nan,nan
393,42.6315789474,0.6276650503,nan,0.0000732607,41.3512883774,nan,nan,nan,nan,nan,nan,nan
394,42.6315789474,0.8728878034,nan,0.0000007112,61.4800906731,nan,nan,nan,nan,nan,nan,nan
395,42.6315789474,0.4102382015,nan,0.0012270282,29.1114544256,nan,nan,nan,nan,nan,nan,nan
396,42.6315789474,0.2619582430,nan,0.0042075623,23.7596944744,nan,nan,nan,nan,nan,nan,nan
397,42.6315789474,0.7395361932,nan,0.0000107171,49.6992410423,nan,nan,nan,nan,nan,nan,nan
398,42.6315789474,0.2830481667,nan,0.0036528131,24.3737254284,nan,nan,nan,nan,nan,nan,nan
399,42.6315789474,0.3640488558,nan,0.0019119666,27.1851970643,nan,nan,nan,nan,nan,nan,nan
400,42.6315789474,0.7222436280,nan,0.0000147317,48.3174690632,nan,nan,nan,nan,nan,nan,nan
401,42.6315789474,0.4035680405,nan,0.0013125769,28.8187525290,nan,nan,nan,nan,nan,nan,nan
402,42.6315789474,0.5947661754,nan,0.0001212815,39.1620550575,nan,nan,nan,nan,nan,nan,nan
403,42.6315789474,0.7397996081,nan,0.0000106646,49.7205480595,nan,nan,nan,nan,nan,nan,nan
404,42.6315789474,0.2847885403,nan,0.0036086362,24.4265690118,nan,nan,nan,nan,nan,nan,nan
405,42.6315789474,0.1141038829,nan,0.0082925945,20.8130956955,nan,nan,nan,nan,nan,nan,nan
406,42.6315789474,1.2381458047,nan,0.0000000000,103.9968819859,nan,nan,nan,nan,nan,nan,nan
407,42.6315789474,0.4627361897,nan,0.0006939434,31.5867592969,nan,nan,nan,nan,nan,nan,nan
408,42.6315789474,0.3289139991,nan,0.0025839028,25.8772383013,nan,nan,nan,nan,nan,nan,nan
409,42.6315789474,0.2452114796,nan,0.0046701143,23.3067248747,nan,nan,nan,nan,nan,nan,nan
410,42.6315789474,0.4180156210,nan,0.0011326750,29.4589467989,nan,nan,nan,nan,nan,nan,nan
411,42.6315789474,0.9785245936,nan,0.0000000598,72.2301247161,nan,nan,nan,nan,nan,nan,nan
412,42.6315789474,0.6128119073,nan,0.0000923004,40.3479650314,nan,nan,nan,nan,nan,nan,nan
413,42.6315789474,0.5778665310,nan,0.0001554412,38.0843389239,nan,nan,nan,nan,nan,nan,nan
414,42.6315789474,0.8841057358,nan,0.0000005544,62.5621204786,nan,nan,nan,nan,nan,nan,nan
415,42.6315789474,0.3995043402,nan,0.0013668364,28.6428345846,nan,nan,nan,nan,nan,nan,nan
416,42.6315789474,0.2363062036,nan,0.0049223066,23.0783133727,nan,nan,nan,nan,nan,nan,nan
417,42.6315789474,0.3455798562,nan,0.0022486741,26.4807348895,nan,nan,nan,nan,nan,nan,nan
418,42.6315789474,0.3934367765,nan,0.0014509219,28.3835595876,nan,nan,nan,nan,nan,nan,nan
419,42.6315789474,0.9928327687,nan,0.0000000419,73.7827647060,nan,nan,nan,nan,nan,nan,nan
420,42.6315789474,0.6949417316,nan,0.0000239664,46.2039734162,nan,nan,nan,nan,nan,nan,nan
421,42.6315789474,0.1812514220,nan,0.0065196471,21.8577591291,nan,nan,nan,nan,nan,nan,nan
422,42.6315789474,0.2487584724,nan,0.0045707663,23.4001098591,nan,nan,nan,nan,nan,nan,nan
423,42.6315789474,0.6018509793,nan,0.0001090606,39.6233221430,nan,nan,nan,nan,nan,nan,nan
424,42.6315789474,0.6676827034,nan,0.0000382218,44.1768919812,nan,nan,nan,nan,nan,nan,nan
425,42.6315789474,0.2997751633,nan,0.0032394137,24.8953358250,nan,nan,nan,nan,nan,nan,nan
426,42.6315789474,1.0343240198,nan,0.0000000144,78.4156133166,nan,nan,nan,nan,nan,nan,nan
427,42.6315789474,0.6238515126,nan,0.0000777797,41.0913395136,nan,nan,nan,nan,nan,nan,nan
428,42.6315789474,0.5850642765,nan,0.0001399760,38.5394640552,nan,nan,nan,nan,nan,nan,nan
429,42.6315789474,0.2717667655,nan,0.0039452817,24.0392197791,nan,nan,nan,nan,nan,nan,nan
430,42.6315789474,0.3117494524,nan,0.0029596709,25.2875657333,nan,nan,nan,nan,nan,nan,nan
431,42.6315789474,0.3322094027,nan,0.0025152725,25.9941496559,nan,nan,nan,nan,nan,nan,nan
432,42.6315789474,0.1344541641,nan,0.0078011397,21.0784194361,nan,nan,nan,nan,nan,nan,nan
433,42.6315789474,0.4222939430,nan,0.0010831913,29.6529483539,nan,nan,nan,nan,nan,nan,nan
434,42.6315789474,0.3661468160,nan,0.0018760338,27.2675933376,nan,nan,nan,nan,nan,nan,nan
435,42.6315789474,0.1448479450,nan,0.0075316400,21.2311044903,nan,nan,nan,nan,nan,nan,nan
436,42.6315789474,0.5372782219,nan,0.0002737962,35.6257252762,nan,nan,nan,nan,nan,nan,nan
437,42.6315789474,0.6826621027,nan,0.0000296446,45.2805426937,nan,nan,nan,nan,nan,nan,nan
438,42.6315789474,0.3484138315,nan,0.0021946263,26.5863942858,nan,nan,nan,nan,nan,nan,nan
439,42.6315789474,1.0310954713,nan,0.0000000157,78.0481547978,nan,nan,nan,nan,nan,nan,nan
440,42.6315789474,0.4805126599,nan,0.0005631156,32.4940243453,nan,nan,nan,nan,nan,nan,nan
441,42.6315789474,0.5795205766,nan,0.0001517604,38.1884167310,nan,nan,nan,nan,nan,nan,nan
442,42.6315789474,0.3935308601,nan,0.0014495897,28.3875489120,nan,nan,nan,nan,nan,nan,nan
443,42.6315789474,0.1020434473,nan,0.0085569628,20.6768035836,nan,nan,nan,nan,nan,nan,nan
444,42.6315789474,0.5166333906,nan,0.0003593020,34.4454032756,nan,nan,nan,nan,nan,nan,nan
445,42.6315789474,0.2419760917,nan,0.0047613045,23.2227404315,nan,nan,nan,nan,nan,nan,nan
446,42.6315789474,0.9844051975,nan,0.0000000517,72.8654621262,nan,nan,nan,nan,nan,nan,nan
447,42.6315789474,0.2228188512,nan,0.0053102763,22.7488288123,nan,nan,nan,nan,nan,nan,nan
448,42.6315789474,0.8324510239,nan,0.0000016994,57.6970377019,nan,nan,nan,nan,nan,nan,nan
449,42.6315789474,0.9042919559,nan,0.0000003512,64.5448102505,nan,nan,nan,nan,nan,nan,nan
450,42.6315789474,0.7536611013,nan,0.0000082173,50.8527286126,nan,nan,nan,nan,nan,nan,nan
451,42.6315789474,0.2637264150,nan,0.0041597694,23.8093074883,nan,nan,nan,nan,nan,nan,nan
452,42.6315789474,0.3253715446,nan,0.0026589537,25.7528922622,nan,nan,nan,nan,nan,nan,nan
453,42.6315789474,0.3480807264,nan,0.0022009343,26.5739292949,nan,nan,nan,nan,nan,nan,nan
454,42.6315789474,0.2542405388,nan,0.0044186117,23.5471415792,nan,nan,nan,nan,nan,nan,nan
455,42.6315789474,0.1785194186,nan,0.0065981811,21.8057576673,nan,nan,nan,nan,nan,nan,nan
456,42.6315789474,0.3111682790,nan,0.0029729213,25.2681658285,nan,nan,nan,nan,nan,nan,nan
457,42.6315789474,0.1342232435,nan,0.0078069982,21.0751592089,nan,nan,nan,nan,nan,nan,nan
458,42.6315789474,0.2576665124,nan,0.0043244478,23.6406933998,nan,nan,nan,nan,nan,nan,nan
459,42.6315789474,0.7257074661,nan,0.0000138307,48.5915697055,nan,nan,nan,nan,nan,nan,nan
460,42.6315789474,0.7173109934,nan,0.0000161085,47.9294555607,nan,nan,nan,nan,nan,nan,nan
461,42.6315789474,0.5728630357,nan,0.0001670569,37.7713561282,nan,nan,nan,nan,nan,nan,nan
462,42.6315789474,0.0867740171,nan,0.0088582156,20.5265375360,nan,nan,nan,nan,nan,nan,nan
463,42.6315789474,0.6090340263,nan,0.0000977982,40.0966923845,nan,nan,nan,nan,nan,nan,nan
464,42.6315789474,0.7496719743,nan,0.0000088620,50.5247001843,nan,nan,nan,nan,nan,nan,nan
465,42.6315789474,0.8107398443,nan,0.0000026659,55.7415716344,nan,nan,nan,nan,nan,nan,nan
466,42.6315789474,0.2582476570,nan,0.0043085490,23.6566896287,nan,nan,nan,nan,nan,nan,nan
467,42.6315789474,0.2025403554,nan,0.0059010750,22.2906886266,nan,nan,nan,nan,nan,nan,nan
468,42.6315789474,0.5443823326,nan,0.0002487234,36.0428328577,nan,nan,nan,nan,nan,nan,nan
469,42.6315789474,0.5290048432,nan,0.0003057010,35.1470313392,nan,nan,nan,nan,nan,nan,nan
470,42.6315789474,1.2590973851,nan,0.0000000000,106.8928359129,nan,nan,nan,nan,nan,nan,nan
471,42.6315789474,0.3321150385,nan,0.0025172217,25.9907853008,nan,nan,nan,nan,nan,nan,nan
472,42.6315789474,0.1439135540,nan,0.0075563098,21.2169024298,nan,nan,nan,nan,nan,nan,nan
473,42.6315789474,0.4851750679,nan,0.0005323809,32.7377755025,nan,nan,nan,nan,nan,nan,nan
474,42.6315789474,0.4883899711,nan,0.0005120055,32.9072540588,nan,nan,nan,nan,nan,nan,nan
475,42.6315789474,0.3806541045,nan,0.0016403546,27.8506226019,nan,nan,nan,nan,nan,nan,nan
476,42.6315789474,0.5896414411,nan,0.0001308614,38.8318846571,nan,nan,nan,nan,nan,nan,nan
477,42.6315789474,0.4283121355,nan,0.0010164202,29.9292670445,nan,nan,nan,nan,nan,nan,nan
478,42.6315789474,0.4063635585,nan,0.0012761953,28.9408285716,nan,nan,nan,nan,nan,nan,nan
479,42.6315789474,0.4530307903,nan,0.0007751425,31.1061843388,nan,nan,nan,nan,nan,nan,nan
480,42.6315789474,0.9082947320,nan,0.0000003204,64.9434049124,nan,nan,nan,nan,nan,nan,nan
481,42.6315789474,0.5313786634,nan,0.0002962373,35.2836018934,nan,nan,nan,nan,nan,nan,nan
482,42.6315789474,0.9286533422,nan,0.0000001996,66.9985936309,nan,nan,nan,nan,nan,nan,nan
483,42.6315789474,0.1278919148,nan,0.0079652529,20.9880043307,nan,nan,nan,nan,nan,nan,nan
484,42.6315789474,0.8774488987,nan,0.0000006429,61.9183271377,nan,nan,nan,nan,nan,nan,nan
485,42.6315789474,0.3029454092,nan,0.0031639888,24.9976506646,nan,nan,nan,nan,nan,nan,nan
486,42.6315789474,0.7313461121,nan,0.0000124720,49.0406379739,nan,nan,nan,nan,nan,nan,nan
487,42.6315789474,1.4030664780,nan,0.0000000000,128.1384916903,nan,nan,nan,nan,nan,nan,nan
488,42.6315789474,0.6441944920,nan,0.0000562761,42.4967592609,nan,nan,nan,nan,nan,nan,nan
489,42.6315789474,0.5162759947,nan,0.0003609619,34.4253865797,nan,nan,nan,nan,nan,nan,nan
490,42.6315789474,0.8341058610,nan,0.0000016412,57.8482533731,nan,nan,nan,nan,nan,nan,nan
491,42.6315789474,0.5027847003,nan,0.0004285344,33.6801434136,nan,nan,nan,nan,nan,nan,nan
492,42.6315789474,0.2133414202,nan,0.0055857990,22.5291469594,nan,nan,nan,nan,nan,nan,nan
493,42.6315789474,0.7384958786,nan,0.0000109266,49.6151683055,nan,nan,nan,nan,nan,nan,nan
494,42.6315789474,0.4702247699,nan,0.0006361080,31.9646914509,nan,nan,nan,nan,nan,nan,nan
495,42.6315789474,0.7016273066,nan,0.0000213117,46.7138137265,nan,nan,nan,nan,nan,nan,nan
496,42.6315789474,0.5459098063,nan,0.0002435988,36.1332486589,nan,nan,nan,nan,nan,nan,nan
497,42.6315789474,0.1912647641,nan,0.0062297874,22.0552677226,nan,nan,nan,nan,nan,nan,nan
498,42.6315789474,0.4315589368,nan,0.0009817475,30.0800021224,nan,nan,nan,nan,nan,nan,nan
499,42.6315789474,0.7082505045,nan,0.0000189504,47.2238231236,nan,nan,nan,nan,nan,nan,nan
500,42.6315789474,0.0440820971,nan,0.0094673055,20.2377360877,nan,nan,nan,nan,nan,nan,nan
501,42.6315789474,0.1695076831,nan,0.0068549555,21.6399536298,nan,nan,nan,nan,nan,nan,nan
502,42.6315789474,0.4976293271,nan,0.0004570147,33.4006979355,nan,nan,nan,nan,nan,nan,nan
503,42.6315789474,0.0075207134,nan,0.0096780226,20.1421336611,nan,nan,nan,nan,nan,nan,nan
504,42.6315789474,0.4980021522,nan,0.0004549034,33.4208079536,nan,nan,nan,nan,nan,nan,nan
505,42.6315789474,0.7045806805,nan,0.0000202273,46.9406280933,nan,nan,nan,nan,nan,nan,nan
506,42.6315789474,0.2120297407,nan,0.0056240447,22.4995123658,nan,nan,nan,nan,nan,nan,nan
507,42.6315789474,0.3471810910,nan,0.0022180302,26.5403253807,nan,nan,nan,nan,nan,nan,nan
508,42.6315789474,0.2803761865,nan,0.0037211398,24.2932401816,nan,nan,nan,nan,nan,nan,nan
509,42.6315789474,0.4720261432,nan,0.0006227978,32.0565292246,nan,nan,nan,nan,nan,nan,nan
510,42.6315789474,0.4341912552,nan,0.0009543190,30.2030644821,nan,nan,nan,nan,nan,nan,nan
511,42.6315789474,0.4840712055,nan,0.0005395295,32.6798478429,nan,nan,nan,nan,nan,nan,nan
512,42.6315789474,0.8850949301,nan,0.0000005422,62.6582119631,nan,nan,nan,nan,nan,nan,nan
513,42.6315789474,0.8623995892,nan,0.0000008951,60.4812334787,nan,nan,nan,nan,nan,nan,nan
514,42.6315789474,0.7763971378,nan,0.0000053011,52.7563466382,nan,nan,nan,nan,nan,nan,nan
515,42.6315789474,0.4479053402,nan,0.0008209947,30.8565965127,nan,nan,nan,nan,nan,nan,nan
516,42.6315789474,0.2019567921,nan,0.0059181151,22.2781659432,nan,nan,nan,nan,nan,nan,nan
517,42.6315789474,0.3226970554,nan,0.0027164856,25.6599259630,nan,nan,nan,nan,nan,nan,nan
518,42.6315789474,0.1497355924,nan,0.0074012891,21.3069263104,nan,nan,nan,nan,nan,nan,nan
519,42.6315789474,0.6158368294,nan,0.0000880987,40.5503035612,nan,nan,nan,nan,nan,nan,nan
520,42.6315789474,0.2997655338,nan,0.0032396443,24.8950267242,nan,nan,nan,nan,nan,nan,nan
521,42.6315789474,0.9419468453,nan,0.0000001457,68.3657263976,nan,nan,nan,nan,nan,nan,nan
522,42.6315789474,0.5891434691,nan,0.0001318270,38.7999577453,nan,nan,nan,nan,nan,nan,nan
523,42.6315789474,0.2609265645,nan,0.0042355475,23.7309044401,nan,nan,nan,nan,nan,nan,nan
524,42.6315789474,0.2007315817,nan,0.0059538865,22.2519944541,nan,nan,nan,nan,nan,nan,nan
525,42.6315789474,0.7118604156,nan,0.0000177670,47.5038636581,nan,nan,nan,nan,nan,nan,nan
526,42.6315789474,0.3069113592,nan,0.0030710037,25.1271966285,nan,nan,nan,nan,nan,nan,nan
527,42.6315789474,0.4404536460,nan,0.0008914740,30.4989131752,nan,nan,nan,nan,nan,nan,nan
528,42.6315789474,0.5457015576,nan,0.0002442921,36.1209065272,nan,nan,nan,nan,nan,nan,nan
529,42.6315789474,0.7298378753,nan,0.0000128228,48.9201718103,nan,nan,nan,nan,nan,nan,nan
530,42.6315789474,0.4435342191,nan,0.0008617798,30.6460369964,nan,nan,nan,nan,nan,nan,nan
531,42.6315789474,0.7468176743,nan,0.0000093517,50.2910825799,nan,nan,nan,nan,nan,nan,nan
532,42.6315789474,0.5142810371,nan,0.0003703467,34.3139152338,nan,nan,nan,nan,nan,nan,nan
533,42.6315789474,0.2831226400,nan,0.0036509174,24.3759798983,nan,nan,nan,nan,nan,nan,nan
534,42.6315789474,0.4196649387,nan,0.0011133979,29.5334960769,nan,nan,nan,nan,nan,nan,nan
535,42.6315789474,0.2287122689,nan,0.0051400065,22.8903633133,nan,nan,nan,nan,nan,nan,nan
536,42.6315789474,0.7994648349,nan,0.0000033520,54.7469190187,nan,nan,nan,nan,nan,nan,nan
537,42.6315789474,0.7083195627,nan,0.0000189271,47.2291666798,nan,nan,nan,nan,nan,nan,nan
538,42.6315789474,0.3355730001,nan,0.0024464084,26.1147104085,nan,nan,nan,nan,nan,nan,nan
539,42.6315789474,0.4385271639,nan,0.0009104497,30.4074403579,nan,nan,nan,nan,nan,nan,nan
540,42.6315789474,0.9444737177,nan,0.0000001372,68.6278446355,nan,nan,nan,nan,nan,nan,nan
541,42.6315789474,0.7033089975,nan,0.0000206879,46.8428453712,nan,nan,nan,nan,nan,nan,nan
542,42.6315789474,0.8446866731,nan,0.0000013115,58.8223713432,nan,nan,nan,nan,nan,nan,nan
543,42.6315789474,0.3044617461,nan,0.0031282557,25.0469775427,nan,nan,nan,nan,nan,nan,nan
544,42.6315789474,0.3892742905,nan,0.0015107622,28.2080389583,nan,nan,nan,nan,nan,nan,nan
545,42.6315789474,0.4908248451,nan,0.0004970071,33.0363744717,nan,nan,nan,nan,nan,nan,nan
546,42.6315789474,0.5516536671,nan,0.0002251352,36.4755657530,nan,nan,nan,nan,nan,nan,nan
547,42.6315789474,0.4803698409,nan,0.0005640796,32.4865957692,nan,nan,nan,nan,nan,nan,nan
548,42.6315789474,0.7551254799,nan,0.0000079917,50.9735924070,nan,nan,nan,nan,nan,nan,nan
549,42.6315789474,0.2884128736,nan,0.0035174830,24.5376799782,nan,nan,nan,nan,nan,nan,nan
550,42.6315789474,0.1655812986,nan,0.0069655266,21.5704604323,nan,nan,nan,nan,nan,nan,nan
551,42.6315789474,0.3902199618,nan,0.0014970118,28.2477476263,nan,nan,nan,nan,nan,nan,nan
552,42.6315789474,0.5528587981,nan,0.0002214189,36.5478533439,nan,nan,nan,nan,nan,nan,nan
553,42.6315789474,0.2595795380,nan,0.0042721950,23.6934892815,nan,nan,nan,nan,nan,nan,nan
554,42.6315789474,0.3527108250,nan,0.0021143242,26.7482842639,nan,nan,nan,nan,nan,nan,nan
555,42.6315789474,0.4937949233,nan,0.0004792072,33.1947662240,nan,nan,nan,nan,nan,nan,nan
556,42.6315789474,0.4474165867,nan,0.0008254774,30.8329480359,nan,nan,nan,nan,nan,nan,nan
557,42.6315789474,0.1951175611,nan,0.0061176439,22.1341580786,nan,nan,nan,nan,nan,nan,nan
558,42.6315789474,0.4420342359,nan,0.0008761392,30.5742688422,nan,nan,nan,nan,nan,nan,nan
559,42.6315789474,0.3929640590,nan,0.0014576289,28.3635302283,nan,nan,nan,nan,nan,nan,nan
560,42.6315789474,0.4470513649,nan,0.0008288398,30.8152939232,nan,nan,nan,nan,nan,nan,nan
561,42.6315789474,0.3441868860,nan,0.0022755562,26.4291243047,nan,nan,nan,nan,nan,nan,nan
562,42.6315789474,0.9974008912,nan,0.0000000373,74.2833283694,nan,nan,nan,nan,nan,nan,nan
563,42.6315789474,0.6654499911,nan,0.0000396777,44.0145358484,nan,nan,nan,nan,nan,nan,nan
564,42.6315789474,0.9069451714,nan,0.0000003305,64.8088149676,nan,nan,nan,nan,nan,nan,nan
565,42.6315789474,0.2864144107,nan,0.0035676025,24.4762353933,nan,nan,nan,nan,nan,nan,nan
566,42.6315789474,0.2283212028,nan,0.0051512728,22.8808544664,nan,nan,nan,nan,nan,nan,nan
567,42.6315789474,0.3583592875,nan,0.0020117867,26.9641806004,nan,nan,nan,nan,nan,nan,nan
568,42.6315789474,0.2437263617,nan,0.0047119076,23.2680323464,nan,nan,nan,nan,nan,nan,nan
569,42.6315789474,0.2705149638,nan,0.0039783589,24.0029603576,nan,nan,nan,nan,nan,nan,nan
570,42.6315789474,0.7447025479,nan,0.0000097307,50.1185528074,nan,nan,nan,nan,nan,nan,nan
571,42.6315789474,0.2697607615,nan,0.0039983453,23.9811969875,nan,nan,nan,nan,nan,nan,nan
572,42.6315789474,0.3172449852,nan,0.0028360630,25.4728412913,nan,nan,nan,nan,nan,nan,nan
573,42.6315789474,0.9905717855,nan,0.0000000443,73.5358816004,nan,nan,nan,nan,nan,nan,nan
574,42.6315789474,0.9019105710,nan,0.0000003708,64.3085276552,nan,nan,nan,nan,nan,nan,nan
575,42.6315789474,0.4517041504,nan,0.0007868095,31.0413038213,nan,nan,nan,nan,nan,nan,nan
576,42.6315789474,0.3148843296,nan,0.0028887845,25.3928486038,nan,nan,nan,nan,nan,nan,nan
577,42.6315789474,0.5198491660,nan,0.0003446556,34.6261470298,nan,nan,nan,nan,nan,nan,nan
578,42.6315789474,0.6878529140,nan,0.0000271092,45.6688373849,nan,nan,nan,nan,nan,nan,nan
579,42.6315789474,0.5041763007,nan,0.0004211066,33.7560798769,nan,nan,nan,nan,nan,nan,nan
580,42.6315789474,0.3410748621,nan,0.0023363656,26.3145920446,nan,nan,nan,nan,nan,nan,nan
581,42.6315789474,0.4520740873,nan,0.0007835422,31.0593763388,nan,nan,nan,nan,nan,nan,nan
582,42.6315789474,0.3660991398,nan,0.0018768452,27.2657154998,nan,nan,nan,nan,nan,nan,nan
583,42.6315789474,0.3686108899,nan,0.0018344305,27.3649872911,nan,nan,nan,nan,nan,nan,nan
584,42.6315789474,0.3900246389,nan,0.0014998444,28.2395379553,nan,nan,nan,nan,nan,nan,nan
585,42.6315789474,0.4863192338,nan,0.0005250540,32.7979606828,nan,nan,nan,nan,nan,nan,nan
586,42.6315789474,0.4259629809,nan,0.0010420937,29.8209321045,nan,nan,nan,nan,nan,nan,nan
587,42.6315789474,0.1411322335,nan,0.0076292440,21.1751849388,nan,nan,nan,nan,nan,nan,nan
588,42.6315789474,0.3887891355,nan,0.0015178520,28.1877056020,nan,nan,nan,nan,nan,nan,nan
589,42.6315789474,0.7943798910,nan,0.0000037128,54.3030015888,nan,nan,nan,nan,nan,nan,nan
590,42.6315789474,0.6288290822,nan,0.0000719290,41.4309572706,nan,nan,nan,nan,nan,nan,nan
591,42.6315789474,0.2562453680,nan,0.0043634186,23.6017311989,nan,nan,nan,nan,nan,nan,nan
592,42.6315789474,0.1241587335,nan,0.0080563198,20.9386330074,nan,nan,nan,nan,nan,nan,nan
593,42.6315789474,0.2913843714,nan,0.0034436184,24.6298498234,nan,nan,nan,nan,nan,nan,nan
594,42.6315789474,0.3142355005,nan,0.0029033744,25.3709696229,nan,nan,nan,nan,nan,nan,nan
595,42.6315789474,0.5222916212,nan,0.0003338725,34.7641929786,nan,nan,nan,nan,nan,nan,nan
596,42.6315789474,0.0753782124,nan,0.0090561355,20.4305708643,nan,nan,nan,nan,nan,nan,nan
597,42.6315789474,0.5814895513,nan,0.0001474787,38.3127077724,nan,nan,nan,nan,nan,nan,nan
598,42.6315789474,1.3577202828,nan,0.0000000000,121.1929947988,nan,nan,nan,nan,nan,nan,nan
599,42.6315789474,0.8068295885,nan,0.0000028874,55.3950042952,nan,nan,nan,nan,nan,nan,nan
600,42.6315789474,0.6469422177,nan,0.0000538254,42.6901271077,nan,nan,nan,nan,nan,nan,nan
601,42.6315789474,0.8813574383,nan,0.0000005894,62.2957247548,nan,nan,nan,nan,nan,nan,nan
602,42.6315789474,0.2561379433,nan,0.0043663697,23.5987949988,nan,nan,nan,nan,nan,nan,nan
603,42.6315789474,0.7465202970,nan,0.0000094042,50.2667954184,nan,nan,nan,nan,nan,nan,nan
604,42.6315789474,0.1599058279,nan,0.0071236824,21.4729544825,nan,nan,nan,nan,nan,nan,nan
605,42.6315789474,0.7687069406,nan,0.0000061575,52.1059908861,nan,nan,nan,nan,nan,nan,nan
606,42.6315789474,0.7917444052,nan,0.0000039138,54.0740631187,nan,nan,nan,nan,nan,nan,nan
607,42.6315789474,0.4182767939,nan,0.0011296056,29.4707318143,nan,nan,nan,nan,nan,nan,nan
608,42.6315789474,0.3825770280,nan,0.0016107782,27.9296425854,nan,nan,nan,nan,nan,nan,nan
609,42.6315789474,0.2035799317,nan,0.0058707171,22.3130885024,nan,nan,nan,nan,nan,nan,nan
610,42.6315789474,0.6930428259,nan,0.0000247738,46.0600741439,nan,nan,nan,nan,nan,nan,nan
611,42.6315789474,0.5506874812,nan,0.0002281536,36.4177274362,nan,nan,nan,nan,nan,nan,nan
612,42.6315789474,0.4757276860,nan,0.0005961603,32.2463694809,nan,nan,nan,nan,nan,nan,nan
613,42.6315789474,0.6523010415,nan,0.0000493211,43.0696709559,nan,nan,nan,nan,nan,nan,nan
614,42.6315789474,0.5141834236,nan,0.0003708111,34.3084722617,nan,nan,nan,nan,nan,nan,nan
615,42.6315789474,0.5739411372,nan,0.0001644917,37.8385590262,nan,nan,nan,nan,nan,nan,nan
616,42.6315789474,0.1377088097,nan,0.0077179509,21.1249799047,nan,nan,nan,nan,nan,nan,nan
617,42.6315789474,0.2440879393,nan,0.0047017220,23.2774305594,nan,nan,nan,nan,nan,nan,nan
618,42.6315789474,0.1722924916,nan,0.0067760212,21.6902524133,nan,nan,nan,nan,nan,nan,nan
619,42.6315789474,0.1296752444,nan,0.0079211508,21.0121171932,nan,nan,nan,nan,nan,nan,nan
620,42.6315789474,0.4079356381,nan,0.0012560711,29.0098577597,nan,nan,nan,nan,nan,nan,nan
621,42.6315789474,0.3276880198,nan,0.0026097274,25.8340484793,nan,nan,nan,nan,nan,nan,nan
622,42.6315789474,0.3137570134,nan,0.0029141612,25.3548642813,nan,nan,nan,nan,nan,nan,nan
623,42.6315789474,0.3252492962,nan,0.0026615671,25.7486257341,nan,nan,nan,nan,nan,nan,nan
624,42.6315789474,0.6069353991,nan,0.0001009765,39.9577964160,nan,nan,nan,nan,nan,nan,nan
625,42.6315789474,0.2962598867,nan,0.0033241658,24.7831732158,nan,nan,nan,nan,nan,nan,nan
626,42.6315789474,0.1789874294,nan,0.0065847478,21.8146085097,nan,nan,nan,nan,nan,nan,nan
627,42.6315789474,0.3177536936,nan,0.0028247763,25.4901593527,nan,nan,nan,nan,nan,nan,nan
628,42.6315789474,0.6209505407,nan,0.0000813827,40.8946810430,nan,nan,nan,nan,nan,nan,nan
629,42.6315789474,0.8974538643,nan,0.0000004104,63.8680432809,nan,nan,nan,nan,nan,nan,nan
630,42.6315789474,0.6444216314,nan,0.0000560698,42.5127119834,nan,nan,nan,nan,nan,nan,nan
631,42.6315789474,0.4154011338,nan,0.0011637542,29.3413872824,nan,nan,nan,nan,nan,nan,nan
632,42.6315789474,0.3586635796,nan,0.0020063602,26.9759109383,nan,nan,nan,nan,nan,nan,nan
633,42.6315789474,0.6647584315,nan,0.0000401388,43.9643605904,nan,nan,nan,nan,nan,nan,nan
634,42.6315789474,0.8576955793,nan,0.0000009915,60.0372547991,nan,nan,nan,nan,nan,nan,nan
635,42.6315789474,0.1530308653,nan,0.0073122340,21.3594992196,nan,nan,nan,nan,nan,nan,nan
636,42.6315789474,0.1925751669,nan,0.0061916742,22.0819190328,nan,nan,nan,nan,nan,nan,nan
637,42.6315789474,0.1497521206,nan,0.0074008447,21.3071870809,nan,nan,nan,nan,nan,nan,nan
638,42.6315789474,0.8416137020,nan,0.0000014002,58.5381648271,nan,nan,nan,nan,nan,nan,nan
639,42.6315789474,0.6803084860,nan,0.0000308640,45.1054738900,nan,nan,nan,nan,nan,nan,nan
640,42.6315789474,0.4186315135,nan,0.0011254469,29.4867500424,nan,nan,nan,nan,nan,nan,nan
641,42.6315789474,0.3281790382,nan,0.0025993654,25.8513266711,nan,nan,nan,nan,nan,nan,nan
642,42.6315789474,0.5182818339,nan,0.0003517296,34.5379112261,nan,nan,nan,nan,nan,nan,nan
643,42.6315789474,0.3668760395,nan,0.0018636542,27.2963466806,nan,nan,nan,nan,nan,nan,nan
644,42.6315789474,0.8685287442,nan,0.0000007828,61.0634501469,nan,nan,nan,nan,nan,nan,nan
645,42.6315789474,0.4847766517,nan,0.0005349520,32.7168521467,nan,nan,nan,nan,nan,nan,nan
646,42.6315789474,0.5852344281,nan,0.0001396274,38.5502927724,nan,nan,nan,nan,nan,nan,nan
647,42.6315789474,1.2218113993,nan,0.0000000001,101.7736098265,nan,nan,nan,nan,nan,nan,nan
648,42.6315789474,0.9422968520,nan,0.0000001445,68.4019905142,nan,nan,nan,nan,nan,nan,nan
649,42.6315789474,0.5640102022,nan,0.0001894781,37.2244087881,nan,nan,nan,nan,nan,nan,nan
650,42.6315789474,0.3726063433,nan,0.0017683447,27.5243307725,nan,nan,nan,nan,nan,nan,nan
651,42.6315789474,0.4200644866,nan,0.0011087660,29.5516008739,nan,nan,nan,nan,nan,nan,nan
652,42.6315789474,0.0773664740,nan,0.0090233524,20.4463208121,nan,nan,nan,nan,nan,nan,nan
653,42.6315789474,0.5464338378,nan,0.0002418618,36.1643273993,nan,nan,nan,nan,nan,nan,nan
654,42.6315789474,0.4157796929,nan,0.0011592144,29.3583623323,nan,nan,nan,nan,nan,nan,nan
655,42.6315789474,0.5916383634,nan,0.0001270518,38.9601923680,nan,nan,nan,nan,nan,nan,nan
656,42.6315789474,0.6623817402,nan,0.0000417606,43.7923296601,nan,nan,nan,nan,nan,nan,nan
657,42.6315789474,0.3076531864,nan,0.0030537821,25.1516195037,nan,nan,nan,nan,nan,nan,nan
658,42.6315789474,0.3208159825,nan,0.0027573955,25.5950094315,nan,nan,nan,nan,nan,nan,nan
659,42.6315789474,0.5301852259,nan,0.0003009634,35.2148628705,nan,nan,nan,nan,nan,nan,nan
660,42.6315789474,0.7544038179,nan,0.0000081021,50.9139993866,nan,nan,nan,nan,nan,nan,nan
661,42.6315789474,0.2724293431,nan,0.0039278227,24.0584811931,nan,nan,nan,nan,nan,nan,nan
662,42.6315789474,0.4880592130,nan,0.0005140715,32.8897647761,nan,nan,nan,nan,nan,nan,nan
663,42.6315789474,0.7035700249,nan,0.0000205925,46.8629016415,nan,nan,nan,nan,nan,nan,nan
664,42.6315789474,1.0253657987,nan,0.0000000182,77.3989240069,nan,nan,nan,nan,nan,nan,nan
665,42.6315789474,0.3409788223,nan,0.0023382587,26.3110744109,nan,nan,nan,nan,nan,nan,nan
666,42.6315789474,0.6909066367,nan,0.0000257118,45.8986750688,nan,nan,nan,nan,nan,nan,nan
667,42.6315789474,0.0243293292,nan,0.0096184873,20.1689322234,nan,nan,nan,nan,nan,nan,nan
668,42.6315789474,0.6872035121,nan,0.0000274151,45.6200946483,nan,nan,nan,nan,nan,nan,nan
669,42.6315789474,0.2954444451,nan,0.0033439916,24.7573481989,nan,nan,nan,nan,nan,nan,nan
670,42.6315789474,0.4781735760,nan,0.0005790760,32.3726440091,nan,nan,nan,nan,nan,nan,nan
671,42.6315789474,0.6656011332,nan,0.0000395776,44.0255088860,nan,nan,nan,nan,nan,nan,nan
672,42.6315789474,0.8486623025,nan,0.0000012046,59.1916338230,nan,nan,nan,nan,nan,nan,nan
673,42.6315789474,0.3068351564,nan,0.0030727758,25.1246912509,nan,nan,nan,nan,nan,nan,nan
674,42.6315789474,0.1802418932,nan,0.0065486994,21.8384494265,nan,nan,nan,nan,nan,nan,nan
675,42.6315789474,0.5529450425,nan,0.0002211550,36.5530327452,nan,nan,nan,nan,nan,nan,nan
676,42.6315789474,0.7002397670,nan,0.0000218394,46.6075895259,nan,nan,nan,nan,nan,nan,nan
677,42.6315789474,0.5498821500,nan,0.0002306961,36.3695975639,nan,nan,nan,nan,nan,nan,nan
678,42.6315789474,0.4469031351,nan,0.0008302076,30.8081329944,nan,nan,nan,nan,nan,nan,nan
679,42.6315789474,0.3267628099,nan,0.0026293211,25.8015636820,nan,nan,nan,nan,nan,nan,nan
680,42.6315789474,0.3452286503,nan,0.0022554321,26.4677023389,nan,nan,nan,nan,nan,nan,nan
681,42.6315789474,0.3472387047,nan,0.0022169328,26.5424747465,nan,nan,nan,nan,nan,nan,nan
682,42.6315789474,0.5438304798,nan,0.0002505976,36.0102307607,nan,nan,nan,nan,nan,nan,nan
683,42.6315789474,0.5145875272,nan,0.0003688916,34.3310121267,nan,nan,nan,nan,nan,nan,nan
684,42.6315789474,0.4188387696,nan,0.0011230224,29.4961156259,nan,nan,nan,nan,nan,nan,nan
685,42.6315789474,0.2297508549,nan,0.0051101099,22.9156975681,nan,nan,nan,nan,nan,nan,nan
686,42.6315789474,0.5605924876,nan,0.0001988114,37.0155868180,nan,nan,nan,nan,nan,nan,nan
687,42.6315789474,0.3246509623,nan,0.0026743810,25.7277672577,nan,nan,nan,nan,nan,nan,nan
688,42.6315789474,0.1677440025,nan,0.0069047315,21.6085320287,nan,nan,nan,nan,nan,nan,nan
689,42.6315789474,0.1529559512,nan,0.0073142685,21.3582910274,nan,nan,nan,nan,nan,nan,nan
690,42.6315789474,0.4723742177,nan,0.0006202523,32.0743162118,nan,nan,nan,nan,nan,nan,nan
691,42.6315789474,0.6255446913,nan,0.0000757434,41.2065545277,nan,nan,nan,nan,nan,nan,nan
692,42.6315789474,1.0731947385,nan,0.0000000051,82.9320042502,nan,nan,nan,nan,nan,nan,nan
693,42.6315789474,0.7680880787,nan,0.0000062317,52.0539420706,nan,nan,nan,nan,nan,nan,nan
694,42.6315789474,0.7536181487,nan,0.0000082240,50.8491871056,nan,nan,nan,nan,nan,nan,nan
695,42.6315789474,0.4468344451,nan,0.0008308420,30.8048154275,nan,nan,nan,nan,nan,nan,nan
696,42.6315789474,0.5948407797,nan,0.0001211467,39.1668831735,nan,nan,nan,nan,nan,nan,nan
697,42.6315789474,0.2131308658,nan,0.0055919370,22.5243773317,nan,nan,nan,nan,nan,nan,nan
698,42.6315789474,0.1859247176,nan,0.0063847139,21.9485855965,nan,nan,nan,nan,nan,nan,nan
699,42.6315789474,0.9509643222,nan,0.0000001174,69.3044235063,nan,nan,nan,nan,nan,nan,nan
700,42.6315789474,0.4258372812,nan,0.0010434815,29.8151524537,nan,nan,nan,nan,nan,nan,nan
701,42.6315789474,0.9593521658,nan,0.0000000958,70.1857939261,nan,nan,nan,nan,nan,nan,nan
702,42.6315789474,0.9844249808,nan,0.0000000517,72.8676060739,nan,nan,nan,nan,nan,nan,nan
703,42.6315789474,0.2591283080,nan,0.0042844984,23.6810001731,nan,nan,nan,nan,nan,nan,nan
704,42.6315789474,0.2372768123,nan,0.0048946441,23.1027887783,nan,nan,nan,nan,nan,nan,nan
705,42.6315789474,0.5041694245,nan,0.0004211430,33.7557041259,nan,nan,nan,nan,nan,nan,nan
706,42.6315789474,0.1499231362,nan,0.0073962452,21.3098869674,nan,nan,nan,nan,nan,nan,nan
707,42.6315789474,0.8750292834,nan,0.0000006783,61.6855560242,nan,nan,nan,nan,nan,nan,nan
708,42.6315789474,0.5121119854,nan,0.0003807836,34.1932172009,nan,nan,nan,nan,nan,nan,nan
709,42.6315789474,0.4164909398,nan,0.0011507213,29.3902982958,nan,nan,nan,nan,nan,nan,nan
710,42.6315789474,0.3586957090,nan,0.0020057878,26.9771501102,nan,nan,nan,nan,nan,nan,nan
711,42.6315789474,0.5354963188,nan,0.0002804153,35.5219828588,nan,nan,nan,nan,nan,nan,nan
712,42.6315789474,0.8025025594,nan,0.0000031525,55.0134965276,nan,nan,nan,nan,nan,nan,nan
713,42.6315789474,0.7403040367,nan,0.0000105648,49.7613717911,nan,nan,nan,nan,nan,nan,nan
714,42.6315789474,0.3024294219,nan,0.0031761990,24.9809229190,nan,nan,nan,nan,nan,nan,nan
715,42.6315789474,0.4364179080,nan,0.0009315883,30.3077596333,nan,nan,nan,nan,nan,nan,nan
716,42.6315789474,0.7836327322,nan,0.0000045980,53.3743063701,nan,nan,nan,nan,nan,nan,nan
717,42.6315789474,0.3744430697,nan,0.0017385327,27.5981714655,nan,nan,nan,nan,nan,nan,nan
718,42.6315789474,0.7620869613,nan,0.0000069961,51.5514482270,nan,nan,nan,nan,nan,nan,nan
719,42.6315789474,0.4062704338,nan,0.0012773949,28.9367480710,nan,nan,nan,nan,nan,nan,nan
720,42.6315789474,0.3785647934,nan,0.0016729282,27.7652269764,nan,nan,nan,nan,nan,nan,nan
721,42.6315789474,0.2178582057,nan,0.0054542807,22.6326251707,nan,nan,nan,nan,nan,nan,nan
722,42.6315789474,0.3446290356,nan,0.0022670009,26.4454831682,nan,nan,nan,nan,nan,nan,nan
723,42.6315789474,0.2396601934,nan,0.0048268910,23.1633250396,nan,nan,nan,nan,nan,nan,nan
724,42.6315789474,0.4514683287,nan,0.0007888981,31.0297911278,nan,nan,nan,nan,nan,nan,nan
725,42.6315789474,0.5983739751,nan,0.0001149146,39.3962479939,nan,nan,nan,nan,nan,nan,nan
726,42.6315789474,0.5474541576,nan,0.0002385104,36.2249270654,nan,nan,nan,nan,nan,nan,nan
727,42.6315789474,0.5911115625,nan,0.0001280471,38.9263008646,nan,nan,nan,nan,nan,nan,nan
728,42.6315789474,0.7853836275,nan,0.0000044415,53.5247240179,nan,nan,nan,nan,nan,nan,nan
729,42.6315789474,0.5106436691,nan,0.0003879888,34.1118082496,nan,nan,nan,nan,nan,nan,nan
730,42.6315789474,0.7896550065,nan,0.0000040803,53.8931152011,nan,nan,nan,nan,nan,nan,nan
731,42.6315789474,0.1850025947,nan,0.0064113922,21.9304765769,nan,nan,nan,nan,nan,nan,nan
732,42.6315789474,1.5577398211,nan,0.0000000000,153.5872802190,nan,nan,nan,nan,nan,nan,nan
733,42.6315789474,0.1236494916,nan,0.0080686072,20.9320142636,nan,nan,nan,nan,nan,nan,nan
734,42.6315789474,0.4813612623,nan,0.0005574154,32.5382100711,nan,nan,nan,nan,nan,nan,nan
735,42.6315789474,0.0174247376,nan,0.0096506719,20.1544245084,nan,nan,nan,nan,nan,nan,nan
736,42.6315789474,0.5840871366,nan,0.0001419927,38.4773397016,nan,nan,nan,nan,nan,nan,nan
737,42.6315789474,0.4051660509,nan,0.0012916862,28.8884296453,nan,nan,nan,nan,nan,nan,nan
738,42.6315789474,0.6090381232,nan,0.0000977921,40.0969640162,nan,nan,nan,nan,nan,nan,nan
739,42.6315789474,0.4919849436,nan,0.0004899903,33.0981251636,nan,nan,nan,nan,nan,nan,nan
740,42.6315789474,0.4418432753,nan,0.0008779808,30.5651499996,nan,nan,nan,nan,nan,nan,nan
741,42.6315789474,0.7073529288,nan,0.0000192556,47.1544194200,nan,nan,nan,nan,nan,nan,nan
742,42.6315789474,0.6128005107,nan,0.0000923165,40.3472046323,nan,nan,nan,nan,nan,nan,nan
743,42.6315789474,0.4510612088,nan,0.0007925141,31.0099302260,nan,nan,nan,nan,nan,nan,nan
744,42.6315789474,0.2836968199,nan,0.0036363176,24.3933819674,nan,nan,nan,nan,nan,nan,nan
745,42.6315789474,0.6141019253,nan,0.0000904872,40.4341302868,nan,nan,nan,nan,nan,nan,nan
746,42.6315789474,0.4342073260,nan,0.0009541534,30.2038181528,nan,nan,nan,nan,nan,nan,nan
747,42.6315789474,0.6542579310,nan,0.0000477632,43.2090681842,nan,nan,nan,nan,nan,nan,nan
748,42.6315789474,0.7501251846,nan,0.0000087864,50.5618782615,nan,nan,nan,nan,nan,nan,nan
749,42.6315789474,0.0490881456,nan,0.0094153225,20.2616479908,nan,nan,nan,nan,nan,nan,nan
750,42.6315789474,0.7030682409,nan,0.0000207761,46.8243533733,nan,nan,nan,nan,nan,nan,nan
751,42.6315789474,0.4626543567,nan,0.0006945982,31.5826636526,nan,nan,nan,nan,nan,nan,nan
752,42.6315789474,0.5165697820,nan,0.0003595970,34.4418397089,nan,nan,nan,nan,nan,nan,nan
753,42.6315789474,0.6191981593,nan,0.0000836307,40.7763405608,nan,nan,nan,nan,nan,nan,nan
754,42.6315789474,0.3697770852,nan,0.0018149661,27.4113149011,nan,nan,nan,nan,nan,nan,nan
755,42.6315789474,0.3278350208,nan,0.0026066226,25.8392184460,nan,nan,nan,nan,nan,nan,nan
756,42.6315789474,0.2387218982,nan,0.0048535342,23.1394190869,nan,nan,nan,nan,nan,nan,nan
757,42.6315789474,0.2250192017,nan,0.0052465891,22.8012294898,nan,nan,nan,nan,nan,nan,nan
758,42.6315789474,0.3867130220,nan,0.0015484648,28.1009865865,nan,nan,nan,nan,nan,nan,nan
759,42.6315789474,0.7335565173,nan,0.0000119739,49.2176476477,nan,nan,nan,nan,nan,nan,nan
760,42.6315789474,0.5820282268,nan,0.0001463259,38.3467866830,nan,nan,nan,nan,nan,nan,nan
761,42.6315789474,0.3187785637,nan,0.0028021182,25.5251354359,nan,nan,nan,nan,nan,nan,nan
762,42.6315789474,0.6771210349,nan,0.0000325884,44.8693683715,nan,nan,nan,nan,nan,nan,nan
763,42.6315789474,0.8975148563,nan,0.0000004098,63.8740564369,nan,nan,nan,nan,nan,nan,nan
764,42.6315789474,0.2595174812,nan,0.0042738863,23.6917703584,nan,nan,nan,nan,nan,nan,nan
765,42.6315789474,0.2023902601,nan,0.0059054579,22.2874641999,nan,nan,nan,nan,nan,nan,nan
766,42.6315789474,0.3796519742,nan,0.0016559214,27.8096028872,nan,nan,nan,nan,nan,nan,nan
767,42.6315789474,0.4233579500,nan,0.0010711468,29.7015099110,nan,nan,nan,nan,nan,nan,nan
768,42.6315789474,0.2206514016,nan,0.0053731297,22.6977267588,nan,nan,nan,nan,nan,nan,nan
769,42.6315789474,0.9339936760,nan,0.0000001760,67.5454157255,nan,nan,nan,nan,nan,nan,nan
770,42.6315789474,0.2963965349,nan,0.0033208496,24.7875079845,nan,nan,nan,nan,nan,nan,nan
771,42.6315789474,0.3989371454,nan,0.0013745402,28.6184255563,nan,nan,nan,nan,nan,nan,nan
772,42.6315789474,0.8811824198,nan,0.0000005917,62.2787887488,nan,nan,nan,nan,nan,nan,nan
773,42.6315789474,1.0275770055,nan,0.0000000172,77.6490377980,nan,nan,nan,nan,nan,nan,nan
774,42.6315789474,0.5264644907,nan,0.0003161133,35.0015729196,nan,nan,nan,nan,nan,nan,nan
775,42.6315789474,0.1559489572,nan,0.0072326384,21.4070324633,nan,nan,nan,nan,nan,nan,nan
776,42.6315789474,0.5167338447,nan,0.0003588367,34.4510319713,nan,nan,nan,nan,nan,nan,nan
777,42.6315789474,0.4420257239,nan,0.0008762212,30.5738622861,nan,nan,nan,nan,nan,nan,nan
778,42.6315789474,0.7094604808,nan,0.0000185459,47.3175252795,nan,nan,nan,nan,nan,nan,nan
779,42.6315789474,0.6139567535,nan,0.0000906896,40.4244244465,nan,nan,nan,nan,nan,nan,nan
780,42.6315789474,0.2395521092,nan,0.0048299581,23.1605663717,nan,nan,nan,nan,nan,nan,nan
781,42.6315789474,0.4003970735,nan,0.0013547760,28.6813249377,nan,nan,nan,nan,nan,nan,nan
782,42.6315789474,0.3935378933,nan,0.0014494902,28.3878471760,nan,nan,nan,nan,nan,nan,nan
783,42.6315789474,0.2212381883,nan,0.0053561028,22.7115109954,nan,nan,nan,nan,nan,nan,nan
784,42.6315789474,0.2468649469,nan,0.0046237181,23.3500864897,nan,nan,nan,nan,nan,nan,nan
785,42.6315789474,0.2623489849,nan,0.0041969821,23.7706288752,nan,nan,nan,nan,nan,nan,nan
786,42.6315789474,0.1429278471,nan,0.0075822442,21.2020223392,nan,nan,nan,nan,nan,nan,nan
787,42.6315789474,0.2798513644,nan,0.0037346308,24.2775233005,nan,nan,nan,nan,nan,nan,nan
788,42.6315789474,0.6960604343,nan,0.0000235021,46.2889374327,nan,nan,nan,nan,nan,nan,nan
789,42.6315789474,0.7403997032,nan,0.0000105460,49.7691173519,nan,nan,nan,nan,nan,nan,nan
790,42.6315789474,0.3453380963,nan,0.0022533247,26.4717622083,nan,nan,nan,nan,nan,nan,nan
791,42.6315789474,0.6938285575,nan,0.0000244367,46.1195681048,nan,nan,nan,nan,nan,nan,nan
792,42.6315789474,0.2974388061,nan,0.0032956127,24.8206383435,nan,nan,nan,nan,nan,nan,nan
793,42.6315789474,0.6900381272,nan,0.0000261024,45.8332008953,nan,nan,nan,nan,nan,nan,nan
794,42.6315789474,0.7381847100,nan,0.0000109899,49.5900448293,nan,nan,nan,nan,nan,nan,nan
795,42.6315789474,0.5401765233,nan,0.0002633166,35.7952177690,nan,nan,nan,nan,nan,nan,nan
796,42.6315789474,0.7176224908,nan,0.0000160181,47.9538782481,nan,nan,nan,nan,nan,nan,nan
797,42.6315789474,0.5995514899,nan,0.0001129016,39.4729976765,nan,nan,nan,nan,nan,nan,nan
798,42.6315789474,0.3480117204,nan,0.0022022425,26.5713485767,nan,nan,nan,nan,nan,nan,nan
799,42.6315789474,0.4899097478,nan,0.0005026006,32.9877701481,nan,nan,nan,nan,nan,nan,nan
800,42.6315789474,0.5558697919,nan,0.0002123651,36.7291678370,nan,nan,nan,nan,nan,nan,nan
801,42.6315789474,1.0663980315,nan,0.0000000061,82.1299948609,nan,nan,nan,nan,nan,nan,nan
802,42.6315789474,0.1201644701,nan,0.0081517988,20.8874654986,nan,nan,nan,nan,nan,nan,nan
803,42.6315789474,0.9805131315,nan,0.0000000570,72.4445294200,nan,nan,nan,nan,nan,nan,nan
804,42.6315789474,0.9041298836,nan,0.0000003525,64.5287091114,nan,nan,nan,nan,nan,nan,nan
805,42.6315789474,0.2723113121,nan,0.0039309304,24.0550464668,nan,nan,nan,nan,nan,nan,nan
806,42.6315789474,0.4320650159,nan,0.0009764270,30.1036021432,nan,nan,nan,nan,nan,nan,nan
807,42.6315789474,0.3642918504,nan,0.0019077806,27.1947157393,nan,nan,nan,nan,nan,nan,nan
808,42.6315789474,0.2113551519,nan,0.0056437214,22.4843442969,nan,nan,nan,nan,nan,nan,nan
809,42.6315789474,0.7235463935,nan,0.0000143867,48.4204021354,nan,nan,nan,nan,nan,nan,nan
810,42.6315789474,0.5276747814,nan,0.0003111155,35.0707837691,nan,nan,nan,nan,nan,nan,nan
811,42.6315789474,0.2498046796,nan,0.0045415945,23.4279164435,nan,nan,nan,nan,nan,nan,nan
812,42.6315789474,0.5944983699,nan,0.0001217663,39.1447287970,nan,nan,nan,nan,nan,nan,nan
813,42.6315789474,0.6025363905,nan,0.0001079383,39.6682434307,nan,nan,nan,nan,nan,nan,nan
814,42.6315789474,0.2295301823,nan,0.0051164592,22.9103048686,nan,nan,nan,nan,nan,nan,nan
815,42.6315789474,0.7289995003,nan,0.0000130217,48.8533190158,nan,nan,nan,nan,nan,nan,nan
816,42.6315789474,0.7349578071,nan,0.0000116677,49.3301463280,nan,nan,nan,nan,nan,nan,nan
817,42.6315789474,0.7904068137,nan,0.0000040196,53.9581675021,nan,nan,nan,nan,nan,nan,nan
818,42.6315789474,0.1405233741,nan,0.0076451081,21.1661636893,nan,nan,nan,nan,nan,nan,nan
819,42.6315789474,0.5911229309,nan,0.0001280256,38.9270319218,nan,nan,nan,nan,nan,nan,nan
820,42.6315789474,0.6246038811,nan,0.0000768688,41.1424961651,nan,nan,nan,nan,nan,nan,nan
821,42.6315789474,0.9696147574,nan,0.0000000746,71.2749320986,nan,nan,nan,nan,nan,nan,nan
822,42.6315789474,0.7095630270,nan,0.0000185120,47.3254741131,nan,nan,nan,nan,nan,nan,nan
823,42.6315789474,0.3162127049,nan,0.0028590474,25.4377864349,nan,nan,nan,nan,nan,nan,nan
824,42.6315789474,0.4307284562,nan,0.0009905273,30.0413355962,nan,nan,nan,nan,nan,nan,nan
825,42.6315789474,0.1709609653,nan,0.0068138129,21.6660979498,nan,nan,nan,nan,nan,nan,nan
826,42.6315789474,0.4552807935,nan,0.0007556718,31.2166679452,nan,nan,nan,nan,nan,nan,nan
827,42.6315789474,0.5129763581,nan,0.0003765951,34.2412531161,nan,nan,nan,nan,nan,nan,nan
828,42.6315789474,0.7802651363,nan,0.0000049136,53.0859653424,nan,nan,nan,nan,nan,nan,nan
829,42.6315789474,0.5738555265,nan,0.0001646942,37.8332178007,nan,nan,nan,nan,nan,nan,nan
830,42.6315789474,0.3739504674,nan,0.0017464931,27.5783312404,nan,nan,nan,nan,nan,nan,nan
831,42.6315789474,0.5091129614,nan,0.0003956221,34.0271947306,nan,nan,nan,nan,nan,nan,nan
832,42.6315789474,0.8941888048,nan,0.0000004419,63.5467539623,nan,nan,nan,nan,nan,nan,nan
833,42.6315789474,0.5904918764,nan,0.0001292268,38.8864731772,nan,nan,nan,nan,nan,nan,nan
834,42.6315789474,0.5767214124,nan,0.0001580352,38.0124627344,nan,nan,nan,nan,nan,nan,nan
835,42.6315789474,0.2571655275,nan,0.0043381711,23.6269331959,nan,nan,nan,nan,nan,nan,nan
836,42.6315789474,0.9083757634,nan,0.0000003198,64.9514925934,nan,nan,nan,nan,nan,nan,nan
837,42.6315789474,1.0561114855,nan,0.0000000081,80.9261018307,nan,nan,nan,nan,nan,nan,nan
838,42.6315789474,0.5316273261,nan,0.0002952607,35.2979441510,nan,nan,nan,nan,nan,nan,nan
839,42.6315789474,0.3782809385,nan,0.0016773890,27.7536621926,nan,nan,nan,nan,nan,nan,nan
840,42.6315789474,0.2162507298,nan,0.0055010500,22.5955441095,nan,nan,nan,nan,nan,nan,nan
841,42.6315789474,0.2377025870,nan,0.0048825222,23.1135577457,nan,nan,nan,nan,nan,nan,nan
842,42.6315789474,0.6802774595,nan,0.0000308804,45.1031701803,nan,nan,nan,nan,nan,nan,nan
843,42.6315789474,0.4517678868,nan,0.0007862458,31.0444164545,nan,nan,nan,nan,nan,nan,nan
844,42.6315789474,1.0782026326,nan,0.0000000044,83.5262707047,nan,nan,nan,nan,nan,nan,nan
845,42.6315789474,0.2175474430,nan,0.0054633187,22.6254346208,nan,nan,nan,nan,nan,nan,nan
846,42.6315789474,0.2969486379,nan,0.0033074686,24.8050426916,nan,nan,nan,nan,nan,nan,nan
847,42.6315789474,0.6672705900,nan,0.0000384868,44.1468824532,nan,nan,nan,nan,nan,nan,nan
848,42.6315789474,0.6925936568,nan,0.0000249684,46.0260949852,nan,nan,nan,nan,nan,nan,nan
849,42.6315789474,0.2535811758,nan,0.0044368182,23.5292836198,nan,nan,nan,nan,nan,nan,nan
850,42.6315789474,0.2749738318,nan,0.0038610936,24.1328966826,nan,nan,nan,nan,nan,nan,nan
851,42.6315789474,0.0955881482,nan,0.0086891192,20.6102424292,nan,nan,nan,nan,nan,nan,nan
852,42.6315789474,0.8389150751,nan,0.0000014827,58.2894539865,nan,nan,nan,nan,nan,nan,nan
853,42.6315789474,0.9149031689,nan,0.0000002751,65.6054126099,nan,nan,nan,nan,nan,nan,nan
854,42.6315789474,0.1096296576,nan,0.0083932133,20.7607174228,nan,nan,nan,nan,nan,nan,nan
855,42.6315789474,0.3325652361,nan,0.0025079306,26.0068449409,nan,nan,nan,nan,nan,nan,nan
856,42.6315789474,1.7336204850,nan,0.0000000000,185.8355480236,nan,nan,nan,nan,nan,nan,nan
857,42.6315789474,0.5396560424,nan,0.0002651727,35.7647113356,nan,nan,nan,nan,nan,nan,nan
858,42.6315789474,0.2129463672,nan,0.0055973158,22.5202018998,nan,nan,nan,nan,nan,nan,nan
859,42.6315789474,0.5261316127,nan,0.0003174998,34.9825657029,nan,nan,nan,nan,nan,nan,nan
860,42.6315789474,0.8607295807,nan,0.0000009283,60.3233285232,nan,nan,nan,nan,nan,nan,nan
861,42.6315789474,0.3424446407,nan,0.0023094720,26.3648730482,nan,nan,nan,nan,nan,nan,nan
862,42.6315789474,0.9177846582,nan,0.0000002573,65.8956066636,nan,nan,nan,nan,nan,nan,nan
863,42.6315789474,0.1838529611,nan,0.0064446173,21.9080286422,nan,nan,nan,nan,nan,nan,nan
864,42.6315789474,0.5145964584,nan,0.0003688493,34.3315104908,nan,nan,nan,nan,nan,nan,nan
865,42.6315789474,0.5641490399,nan,0.0001891072,37.2329192112,nan,nan,nan,nan,nan,nan,nan
866,42.6315789474,0.2325160320,nan,0.0050306936,22.9837213376,nan,nan,nan,nan,nan,nan,nan
867,42.6315789474,0.4969985928,nan,0.0004606052,33.3667115052,nan,nan,nan,nan,nan,nan,nan
868,42.6315789474,0.9471771917,nan,0.0000001286,68.9090778631,nan,nan,nan,nan,nan,nan,nan
869,42.6315789474,0.3892629998,nan,0.0015109269,28.2075654590,nan,nan,nan,nan,nan,nan,nan
870,42.6315789474,0.2979772156,nan,0.0032826160,24.8377992183,nan,nan,nan,nan,nan,nan,nan
871,42.6315789474,1.0540578195,nan,0.0000000085,80.6871794952,nan,nan,nan,nan,nan,nan,nan
872,42.6315789474,0.0622561617,nan,0.0092530911,20.3371315974,nan,nan,nan,nan,nan,nan,nan
873,42.6315789474,0.2398622128,nan,0.0048211599,23.1684846581,nan,nan,nan,nan,nan,nan,nan
874,42.6315789474,0.5399331687,nan,0.0002641830,35.7809505191,nan,nan,nan,nan,nan,nan,nan
875,42.6315789474,0.5111456446,nan,0.0003855127,34.1396127437,nan,nan,nan,nan,nan,nan,nan
876,42.6315789474,0.0974034475,nan,0.0086526463,20.6285104977,nan,nan,nan,nan,nan,nan,nan
877,42.6315789474,0.6863604946,nan,0.0000278170,45.5568898013,nan,nan,nan,nan,nan,nan,nan
878,42.6315789474,0.1690272745,nan,0.0068685310,21.6313613786,nan,nan,nan,nan,nan,nan,nan
879,42.6315789474,0.8019326822,nan,0.0000031890,54.9634077479,nan,nan,nan,nan,nan,nan,nan
880,42.6315789474,0.4254442174,nan,0.0010478302,29.7970906994,nan,nan,nan,nan,nan,nan,nan
881,42.6315789474,0.2561280663,nan,0.0043666410,23.5985250988,nan,nan,nan,nan,nan,nan,nan
882,42.6315789474,0.7517971615,nan,0.0000085129,50.6992339487,nan,nan,nan,nan,nan,nan,nan
883,42.6315789474,0.2878947197,nan,0.0035304439,24.5217068777,nan,nan,nan,nan,nan,nan,nan
884,42.6315789474,0.8880291781,nan,0.0000005077,62.9438951021,nan,nan,nan,nan,nan,nan,nan
885,42.6315789474,0.2604166497,nan,0.0042494061,23.7167176784,nan,nan,nan,nan,nan,nan,nan
886,42.6315789474,0.3170998884,nan,0.0028392871,25.4679069376,nan,nan,nan,nan,nan,nan,nan
887,42.6315789474,1.1161896820,nan,0.0000000015,88.1262515641,nan,nan,nan,nan,nan,nan,nan
888,42.6315789474,0.6510876100,nan,0.0000503101,42.9834478993,nan,nan,nan,nan,nan,nan,nan
889,42.6315789474,0.5055404063,nan,0.0004139306,33.8307244689,nan,nan,nan,nan,nan,nan,nan
890,42.6315789474,0.3245406325,nan,0.0026767479,25.7239253496,nan,nan,nan,nan,nan,nan,nan
891,42.6315789474,0.8078615414,nan,0.0000028273,55.4863000956,nan,nan,nan,nan,nan,nan,nan
892,42.6315789474,0.5813116169,nan,0.0001478612,38.3014579780,nan,nan,nan,nan,nan,nan,nan
893,42.6315789474,0.5028894114,nan,0.0004279717,33.6858497834,nan,nan,nan,nan,nan,nan,nan
894,42.6315789474,0.4709518464,nan,0.0006307081,32.0017160845,nan,nan,nan,nan,nan,nan,nan
895,42.6315789474,0.2786088888,nan,0.0037666608,24.2404349123,nan,nan,nan,nan,nan,nan,nan
896,42.6315789474,0.5001296809,nan,0.0004430104,33.5358608038,nan,nan,nan,nan,nan,nan,nan
897,42.6315789474,0.2968580589,nan,0.0033096620,24.8021636260,nan,nan,nan,nan,nan,nan,nan
898,42.6315789474,0.8281846148,nan,0.0000018584,57.3085991935,nan,nan,nan,nan,nan,nan,nan
899,42.6315789474,0.2100669276,nan,0.0056813087,22.4555160935,nan,nan,nan,nan,nan,nan,nan
900,42.6315789474,0.3706258548,nan,0.0018008906,27.4451267933,nan,nan,nan,nan,nan,nan,nan
901,42.6315789474,0.7951765531,nan,0.0000036540,54.3723589897,nan,nan,nan,nan,nan,nan,nan
902,42.6315789474,0.1170218104,nan,0.0082254369,20.8484102301,nan,nan,nan,nan,nan,nan,nan
903,42.6315789474,0.6414137370,nan,0.0000588583,42.3019244242,nan,nan,nan,nan,nan,nan,nan
904,42.6315789474,0.3629316234,nan,0.0019312940,27.1415160521,nan,nan,nan,nan,nan,nan,nan
905,42.6315789474,0.0325990467,nan,0.0095657841,20.1927942756,nan,nan,nan,nan,nan,nan,nan
906,42.6315789474,0.5868757054,nan,0.0001363041,38.6549117169,nan,nan,nan,nan,nan,nan,nan
907,42.6315789474,0.6908214179,nan,0.0000257499,45.8922469638,nan,nan,nan,nan,nan,nan,nan
908,42.6315789474,0.4436799669,nan,0.0008603945,30.6530237035,nan,nan,nan,nan,nan,nan,nan
909,42.6315789474,0.8243271264,nan,0.0000020141,56.9591492446,nan,nan,nan,nan,nan,nan,nan
910,42.6315789474,0.3977482300,nan,0.0013907926,28.5673761443,nan,nan,nan,nan,nan,nan,nan
911,42.6315789474,0.5173462131,nan,0.0003560108,34.4853687058,nan,nan,nan,nan,nan,nan,nan
912,42.6315789474,0.4030355675,nan,0.0013195936,28.7955980048,nan,nan,nan,nan,nan,nan,nan
913,42.6315789474,0.8392761902,nan,0.0000014714,58.3226877045,nan,nan,nan,nan,nan,nan,nan
914,42.6315789474,0.2272111445,nan,0.0051832793,22.8539539001,nan,nan,nan,nan,nan,nan,nan
915,42.6315789474,0.5224152318,nan,0.0003333345,34.7711969712,nan,nan,nan,nan,nan,nan,nan
916,42.6315789474,0.7604068597,nan,0.0000072252,51.4114902526,nan,nan,nan,nan,nan,nan,nan
917,42.6315789474,0.6338891623,nan,0.0000663890,41.7790358535,nan,nan,nan,nan,nan,nan,nan
918,42.6315789474,0.1070827598,nan,0.0084491712,20.7318588763,nan,nan,nan,nan,nan,nan,nan
919,42.6315789474,0.7108645176,nan,0.0000180865,47.4264608828,nan,nan,nan,nan,nan,nan,nan
920,42.6315789474,0.4103885387,nan,0.0012251498,29.1181081460,nan,nan,nan,nan,nan,nan,nan
921,42.6315789474,0.7427677545,nan,0.0000100898,49.9611712098,nan,nan,nan,nan,nan,nan,nan
922,42.6315789474,0.1878811039,nan,0.0063280354,21.9873110257,nan,nan,nan,nan,nan,nan,nan
923,42.6315789474,0.5378937113,nan,0.0002715413,35.6616410226,nan,nan,nan,nan,nan,nan,nan
924,42.6315789474,1.0077698575,nan,0.0000000287,75.4282612751,nan,nan,nan,nan,nan,nan,nan
925,42.6315789474,0.4466793021,nan,0.0008322764,30.7973243007,nan,nan,nan,nan,nan,nan,nan
926,42.6315789474,0.6041793563,nan,0.0001052898,39.7761350977,nan,nan,nan,nan,nan,nan,nan
927,42.6315789474,0.1091858040,nan,0.0084030351,20.7556382333,nan,nan,nan,nan,nan,nan,nan
928,42.6315789474,0.3564530310,nan,0.0020460079,26.8909269984,nan,nan,nan,nan,nan,nan,nan
929,42.6315789474,0.8632142487,nan,0.0000008794,60.5583759510,nan,nan,nan,nan,nan,nan,nan
930,42.6315789474,0.5126679719,nan,0.0003780850,34.2241056079,nan,nan,nan,nan,nan,nan,nan
931,42.6315789474,1.2946363481,nan,0.0000000000,111.9188182111,nan,nan,nan,nan,nan,nan,nan
932,42.6315789474,0.5882812196,nan,0.0001335137,38.7447408736,nan,nan,nan,nan,nan,nan,nan
933,42.6315789474,0.3897097017,nan,0.0015044198,28.2263095940,nan,nan,nan,nan,nan,nan,nan
934,42.6315789474,0.2530145139,nan,0.0044524861,23.5139742592,nan,nan,nan,nan,nan,nan,nan
935,42.6315789474,0.2775979913,nan,0.0037928146,24.2103838116,nan,nan,nan,nan,nan,nan,nan
936,42.6315789474,0.3756900531,nan,0.0017184959,27.6485148849,nan,nan,nan,nan,nan,nan,nan
937,42.6315789474,0.4310973329,nan,0.0009866200,30.0585007956,nan,nan,nan,nan,nan,nan,nan
938,42.6315789474,0.4111319245,nan,0.0012158931,29.1510460667,nan,nan,nan,nan,nan,nan,nan
939,42.6315789474,0.2162651987,nan,0.0055006288,22.5958766233,nan,nan,nan,nan,nan,nan,nan
940,42.6315789474,0.6154531554,nan,0.0000886220,40.5245829667,nan,nan,nan,nan,nan,nan,nan
941,42.6315789474,0.4060569332,nan,0.0012801485,28.9273966032,nan,nan,nan,nan,nan,nan,nan
942,42.6315789474,0.1448908836,nan,0.0075305043,21.2317593850,nan,nan,nan,nan,nan,nan,nan
943,42.6315789474,0.5552034877,nan,0.0002143405,36.6889578407,nan,nan,nan,nan,nan,nan,nan
944,42.6315789474,0.5024741540,nan,0.0004302068,33.6632269196,nan,nan,nan,nan,nan,nan,nan
945,42.6315789474,0.0426153559,nan,0.0094815038,20.2312277728,nan,nan,nan,nan,nan,nan,nan
946,42.6315789474,0.3680010410,nan,0.0018446669,27.3408204108,nan,nan,nan,nan,nan,nan,nan
947,42.6315789474,0.7500513125,nan,0.0000087987,50.5558167605,nan,nan,nan,nan,nan,nan,nan
948,42.6315789474,0.6715395991,nan,0.0000358207,44.4586648961,nan,nan,nan,nan,nan,nan,nan
949,42.6315789474,0.4490606527,nan,0.0008104754,30.9126016823,nan,nan,nan,nan,nan,nan,nan
950,42.6315789474,1.0579016456,nan,0.0000000077,81.1347562572,nan,nan,nan,nan,nan,nan,nan
951,42.6315789474,0.2203031494,nan,0.0053832387,22.6895636617,nan,nan,nan,nan,nan,nan,nan
952,42.6315789474,0.5367203281,nan,0.0002758540,35.5932067691,nan,nan,nan,nan,nan,nan,nan
953,42.6315789474,0.2481124875,nan,0.0045888090,23.3830001998,nan,nan,nan,nan,nan,nan,nan
954,42.6315789474,0.3807746288,nan,0.0016384895,27.8555634180,nan,nan,nan,nan,nan,nan,nan
955,42.6315789474,0.7732586852,nan,0.0000056362,52.4901293077,nan,nan,nan,nan,nan,nan,nan
956,42.6315789474,0.6348838501,nan,0.0000653462,41.8477953327,nan,nan,nan,nan,nan,nan,nan
957,42.6315789474,0.4008884562,nan,0.0013481715,28.7025485056,nan,nan,nan,nan,nan,nan,nan
958,42.6315789474,0.3810205174,nan,0.0016346891,27.8656484295,nan,nan,nan,nan,nan,nan,nan
959,42.6315789474,0.6244433549,nan,0.0000770624,41.1315760280,nan,nan,nan,nan,nan,nan,nan
960,42.6315789474,0.5968414847,nan,0.0001175820,39.2965924530,nan,nan,nan,nan,nan,nan,nan
961,42.6315789474,0.5468161167,nan,0.0002406014,36.1870184705,nan,nan,nan,nan,nan,nan,nan
962,42.6315789474,0.8479877586,nan,0.0000012221,59.1288561757,nan,nan,nan,nan,nan,nan,nan
963,42.6315789474,0.6859492525,nan,0.0000280151,45.5260859304,nan,nan,nan,nan,nan,nan,nan
964,42.6315789474,0.4858188047,nan,0.0005282482,32.7716193643,nan,nan,nan,nan,nan,nan,nan
965,42.6315789474,0.1098338109,nan,0.0083886858,20.7630607077,nan,nan,nan,nan,nan,nan,nan
966,42.6315789474,0.4408079777,nan,0.0008880180,30.5157821542,nan,nan,nan,nan,nan,nan,nan
967,42.6315789474,0.6503091116,nan,0.0000509540,42.9282164880,nan,nan,nan,nan,nan,nan,nan
968,42.6315789474,0.8220116746,nan,0.0000021134,56.7501941863,nan,nan,nan,nan,nan,nan,nan
969,42.6315789474,0.6774026079,nan,0.0000324326,44.8901797670,nan,nan,nan,nan,nan,nan,nan
970,42.6315789474,0.5891753403,nan,0.0001317650,38.8020003065,nan,nan,nan,nan,nan,nan,nan
971,42.6315789474,0.3235153358,nan,0.0026988041,25.6882863467,nan,nan,nan,nan,nan,nan,nan
972,42.6315789474,0.9325125512,nan,0.0000001822,67.3934347937,nan,nan,nan,nan,nan,nan,nan
973,42.6315789474,0.4881832381,nan,0.0005132960,32.8963213494,nan,nan,nan,nan,nan,nan,nan
974,42.6315789474,0.4174903545,nan,0.0011388676,29.4352677873,nan,nan,nan,nan,nan,nan,nan
975,42.6315789474,0.8038987123,nan,0.0000030645,55.1363638659,nan,nan,nan,nan,nan,nan,nan
976,42.6315789474,0.4280677903,nan,0.0010190675,29.9179702755,nan,nan,nan,nan,nan,nan,nan
977,42.6315789474,0.3336939260,nan,0.0024847312,26.0472059156,nan,nan,nan,nan,nan,nan,nan
978,42.6315789474,0.3473821461,nan,0.0022142020,26.5478276315,nan,nan,nan,nan,nan,nan,nan
979,42.6315789474,0.6108756180,nan,0.0000950828,40.2189808365,nan,nan,nan,nan,nan,nan,nan
980,42.6315789474,0.6557743071,nan,0.0000465867,43.3173796818,nan,nan,nan,nan,nan,nan,nan
981,42.6315789474,0.3148294475,nan,0.0028900169,25.3909961527,nan,nan,nan,nan,nan,nan,nan
982,42.6315789474,0.4882856895,nan,0.0005126561,32.9017387189,nan,nan,nan,nan,nan,nan,nan
983,42.6315789474,0.6524849291,nan,0.0000491728,43.0827518303,nan,nan,nan,nan,nan,nan,nan
984,42.6315789474,0.2799528175,nan,0.0037320210,24.2805591753,nan,nan,nan,nan,nan,nan,nan
985,42.6315789474,0.7778565754,nan,0.0000051517,52.8805184192,nan,nan,nan,nan,nan,nan,nan
986,42.6315789474,0.4604165611,nan,0.0007126968,31.4709520122,nan,nan,nan,nan,nan,nan,nan
987,42.6315789474,0.5407991066,nan,0.0002611110,35.8317481557,nan,nan,nan,nan,nan,nan,nan
988,42.6315789474,0.1717070306,nan,0.0067926490,21.6796082756,nan,nan,nan,nan,nan,nan,nan
989,42.6315789474,0.5805172507,nan,0.0001495796,38.2512776232,nan,nan,nan,nan,nan,nan,nan
990,42.6315789474,0.4368997638,nan,0.0009267256,30.3304881767,nan,nan,nan,nan,nan,nan,nan
991,42.6315789474,0.4119003579,nan,0.0012063802,29.1851579169,nan,nan,nan,nan,nan,nan,nan
992,42.6315789474,0.2742905257,nan,0.0038789632,24.1128433498,nan,nan,nan,nan,nan,nan,nan
993,42.6315789474,0.1485648814,nan,0.0074327057,21.2885306267,nan,nan,nan,nan,nan,nan,nan
994,42.6315789474,0.3523182235,nan,0.0021215786,26.7334086428,nan,nan,nan,nan,nan,nan,nan
995,42.6315789474,1.0002540167,nan,0.0000000347,74.5971598472,nan,nan,nan,nan,nan,nan,nan
996,42.6315789474,0.4038420531,nan,0.0013089769,28.8306801252,nan,nan,nan,nan,nan,nan,nan
997,42.6315789474,0.2708829578,nan,0.0039686228,24.0136018169,nan,nan,nan,nan,nan,nan,nan
998,42.6315789474,0.2232113558,nan,0.0052989063,22.7581375798,nan,nan,nan,nan,nan,nan,nan
999,42.6315789474,0.0739710168,nan,0.0090788798,20.4196773178,nan,nan,nan,nan,nan,nan,nan
1000,42.6315789474,0.2682912823,nan,0.0040374094,23.9389720662,nan,nan,nan,nan,nan,nan,nan
1001,42.6315789474,0.1854086087,nan,0.0063996486,21.9384386899,nan,nan,nan,nan,nan,nan,nan
1002,42.6315789474,0.4619216536,nan,0.0007004827,31.5460257974,nan,nan,nan,nan,nan,nan,nan
1003,42.6315789474,0.1319600277,nan,0.0078641000,21.0435097437,nan,nan,nan,nan,nan,nan,nan
1004,42.6315789474,0.7590059778,nan,0.0000074216,51.2950338502,nan,nan,nan,nan,nan,nan,nan
1005,42.6315789474,0.3349113565,nan,0.0024598595,26.0908970552,nan,nan,nan,nan,nan,nan,nan
1006,42.6315789474,0.2760951913,nan,0.0038318487,24.1659164392,nan,nan,nan,nan,nan,nan,nan
1007,42.6315789474,0.7982879943,nan,0.0000034325,54.6439226207,nan,nan,nan,nan,nan,nan,nan
1008,42.6315789474,0.3648565982,nan,0.0018980763,27.2168633585,nan,nan,nan,nan,nan,nan,nan
1009,42.6315789474,0.7041764784,nan,0.0000203726,46.9095284407,nan,nan,nan,nan,nan,nan,nan
1010,42.6315789474,0.1332887897,nan,0.0078306447,21.0620247825,nan,nan,nan,nan,nan,nan,nan
1011,42.6315789474,0.4431910252,nan,0.0008650487,30.6295945998,nan,nan,nan,nan,nan,nan,nan
1012,42.6315789474,0.2876047606,nan,0.0035377072,24.5127811499,nan,nan,nan,nan,nan,nan,nan
1013,42.6315789474,0.6928822748,nan,0.0000248432,46.0479260416,nan,nan,nan,nan,nan,nan,nan
1014,42.6315789474,0.2257156443,nan,0.0052264586,22.8179248479,nan,nan,nan,nan,nan,nan,nan
1015,42.6315789474,0.5285916318,nan,0.0003073744,35.1233224112,nan,nan,nan,nan,nan,nan,nan
1016,42.6315789474,0.3051169486,nan,0.0031128848,25.0683694442,nan,nan,nan,nan,nan,nan,nan
1017,42.6315789474,0.6525064657,nan,0.0000491554,43.0842840894,nan,nan,nan,nan,nan,nan,nan
1018,42.6315789474,0.3852302138,nan,0.0015706012,28.0393407078,nan,nan,nan,nan,nan,nan,nan
1019,42.6315789474,0.2401731525,nan,0.0048123424,23.1764348201,nan,nan,nan,nan,nan,nan,nan
1020,42.6315789474,0.6181384024,nan,0.0000850170,40.7049399315,nan,nan,nan,nan,nan,nan,nan
1021,42.6315789474,0.2257928886,nan,0.0052242267,22.8197798282,nan,nan,nan,nan,nan,nan,nan
1022,42.6315789474,0.1985907924,nan,0.0060163673,22.2066565613,nan,nan,nan,nan,nan,nan,nan
1023,42.6315789474,0.3623272797,nan,0.0019418045,27.1179449724,nan,nan,nan,nan,nan,nan,nan
1024,42.6315789474,0.8057731068,nan,0.0000029501,55.3016621443,nan,nan,nan,nan,nan,nan,nan
1025,42.6315789474,0.1234144616,nan,0.0080742670,20.9289689090,nan,nan,nan,nan,nan,nan,nan
1026,42.6315789474,0.5034233092,nan,0.0004251122,33.7149641772,nan,nan,nan,nan,nan,nan,nan
1027,42.6315789474,0.3315480365,nan,0.0025289540,25.9705906426,nan,nan,nan,nan,nan,nan,nan
1028,42.6315789474,0.0712108101,nan,0.0091223775,20.3989195900,nan,nan,nan,nan,nan,nan,nan
1029,42.6315789474,0.3184889205,nan,0.0028085108,25.5152390013,nan,nan,nan,nan,nan,nan,nan
1030,42.6315789474,0.5050738573,nan,0.0004163733,33.8051714312,nan,nan,nan,nan,nan,nan,nan
1031,42.6315789474,0.8655949425,nan,0.0000008348,60.7842379328,nan,nan,nan,nan,nan,nan,nan
1032,42.6315789474,0.1506427959,nan,0.0073768626,21.3212830546,nan,nan,nan,nan,nan,nan,nan
1033,42.6315789474,0.2089427341,nan,0.0057141206,22.4305059699,nan,nan,nan,nan,nan,nan,nan
1034,42.6315789474,0.4156221299,nan,0.0011611023,29.3512950922,nan,nan,nan,nan,nan,nan,nan
1035,42.6315789474,0.6888760348,nan,0.0000266334,45.7457262698,nan,nan,nan,nan,nan,nan,nan
1036,42.6315789474,0.1163806148,nan,0.0082402960,20.8405718633,nan,nan,nan,nan,nan,nan,nan
1037,42.6315789474,0.2185872564,nan,0.0054330844,22.6495354570,nan,nan,nan,nan,nan,nan,nan
1038,42.6315789474,1.1054703541,nan,0.0000000021,86.8117054060,nan,nan,nan,nan,nan,nan,nan
1039,42.6315789474,1.1636384002,nan,0.0000000004,94.1009983291,nan,nan,nan,nan,nan,nan,nan
1040,42.6315789474,0.7989595724,nan,0.0000033864,54.7026797209,nan,nan,nan,nan,nan,nan,nan
1041,42.6315789474,0.6079829632,nan,0.0000993787,40.0270672873,nan,nan,nan,nan,nan,nan,nan
1042,42.6315789474,0.4518175804,nan,0.0007858065,31.0468436048,nan,nan,nan,nan,nan,nan,nan
1043,42.6315789474,0.4978461937,nan,0.0004557856,33.4123937459,nan,nan,nan,nan,nan,nan,nan
1044,42.6315789474,0.7694700204,nan,0.0000060670,52.1702280758,nan,nan,nan,nan,nan,nan,nan
1045,42.6315789474,0.4761050053,nan,0.0005934982,32.2658062052,nan,nan,nan,nan,nan,nan,nan
1046,42.6315789474,0.0260366418,nan,0.0096088675,20.1732779730,nan,nan,nan,nan,nan,nan,nan
1047,42.6315789474,0.4427964773,nan,0.0008688188,30.6107079332,nan,nan,nan,nan,nan,nan,nan
1048,42.6315789474,0.5485718395,nan,0.0002348853,36.2914421073,nan,nan,nan,nan,nan,nan,nan
1049,42.6315789474,0.3078702305,nan,0.0030487537,25.1587765652,nan,nan,nan,nan,nan,nan,nan
1050,42.6315789474,0.3162158208,nan,0.0028589779,25.4378920715,nan,nan,nan,nan,nan,nan,nan
1051,42.6315789474,0.3157142643,nan,0.0028701845,25.4209019127,nan,nan,nan,nan,nan,nan,nan
1052,42.6315789474,0.4403103023,nan,0.0008928751,30.4920928281,nan,nan,nan,nan,nan,nan,nan
1053,42.6315789474,0.7431259192,nan,0.0000100224,49.9902737431,nan,nan,nan,nan,nan,nan,nan
1054,42.6315789474,0.6037447712,nan,0.0001059847,39.7475671528,nan,nan,nan,nan,nan,nan,nan
1055,42.6315789474,1.1721794406,nan,0.0000000003,95.2035208117,nan,nan,nan,nan,nan,nan,nan
1056,42.6315789474,0.6602771965,nan,0.0000432462,43.6405237887,nan,nan,nan,nan,nan,nan,nan
1057,42.6315789474,0.9527657753,nan,0.0000001124,69.4930471627,nan,nan,nan,nan,nan,nan,nan
1058,42.6315789474,0.4486768074,nan,0.0008139584,30.8939779411,nan,nan,nan,nan,nan,nan,nan
1059,42.6315789474,0.7922566737,nan,0.0000038739,54.1185017215,nan,nan,nan,nan,nan,nan,nan
1060,42.6315789474,0.1539791532,nan,0.0072864414,21.3748452583,nan,nan,nan,nan,nan,nan,nan
1061,42.6315789474,0.8032541652,nan,0.0000031048,55.0796138466,nan,nan,nan,nan,nan,nan,nan
1062,42.6315789474,0.3759714405,nan,0.0017139973,27.6598987870,nan,nan,nan,nan,nan,nan,nan
1063,42.6315789474,0.6946670484,nan,0.0000240817,46.1831329670,nan,nan,nan,nan,nan,nan,nan
1064,42.6315789474,0.6614082582,nan,0.0000424419,43.7220485853,nan,nan,nan,nan,nan,nan,nan
1065,42.6315789474,0.5852376691,nan,0.0001396208,38.5504990619,nan,nan,nan,nan,nan,nan,nan
1066,42.6315789474,0.8380647895,nan,0.0000015096,58.2112593065,nan,nan,nan,nan,nan,nan,nan
1067,42.6315789474,0.3818926643,nan,0.0016212602,27.9014728667,nan,nan,nan,nan,nan,nan,nan
1068,42.6315789474,0.6278581261,nan,0.0000730383,41.3644924572,nan,nan,nan,nan,nan,nan,nan
1069,42.6315789474,0.4276299755,nan,0.0010238244,29.8977453522,nan,nan,nan,nan,nan,nan,nan
1070,42.6315789474,0.7451336006,nan,0.0000096523,50.1536729365,nan,nan,nan,nan,nan,nan,nan
1071,42.6315789474,0.5076208762,nan,0.0004031841,33.9449663377,nan,nan,nan,nan,nan,nan,nan
1072,42.6315789474,0.8078843630,nan,0.0000028260,55.4883204492,nan,nan,nan,nan,nan,nan,nan
1073,42.6315789474,0.6792200701,nan,0.0000314433,45.0247235911,nan,nan,nan,nan,nan,nan,nan
1074,42.6315789474,0.5677450333,nan,0.0001797177,37.4540918212,nan,nan,nan,nan,nan,nan,nan
1075,42.6315789474,0.5574605366,nan,0.0002077129,36.8253653499,nan,nan,nan,nan,nan,nan,nan
1076,42.6315789474,0.4956900734,nan,0.0004681291,33.2963440343,nan,nan,nan,nan,nan,nan,nan
1077,42.6315789474,0.4327169536,nan,0.0009696063,30.1340457155,nan,nan,nan,nan,nan,nan,nan
1078,42.6315789474,0.2796154116,nan,0.0037407036,24.2704670252,nan,nan,nan,nan,nan,nan,nan
1079,42.6315789474,0.8615638771,nan,0.0000009116,60.4021749152,nan,nan,nan,nan,nan,nan,nan
1080,42.6315789474,0.3899679852,nan,0.0015006667,28.2371575138,nan,nan,nan,nan,nan,nan,nan
1081,42.6315789474,0.7879026159,nan,0.0000042250,53.7417304160,nan,nan,nan,nan,nan,nan,nan
1082,42.6315789474,0.3394216529,nan,0.0023690915,26.2541816759,nan,nan,nan,nan,nan,nan,nan
1083,42.6315789474,0.7115180734,nan,0.0000178762,47.4772437706,nan,nan,nan,nan,nan,nan,nan
1084,42.6315789474,0.1408872525,nan,0.0076356316,21.1715503448,nan,nan,nan,nan,nan,nan,nan
1085,42.6315789474,0.5039722844,nan,0.0004221887,33.7449337325,nan,nan,nan,nan,nan,nan,nan
1086,42.6315789474,0.9194695680,nan,0.0000002474,66.0657261626,nan,nan,nan,nan,nan,nan,nan
1087,42.6315789474,0.4028547775,nan,0.0013219823,28.7877434861,nan,nan,nan,nan,nan,nan,nan
1088,42.6315789474,0.2888169170,nan,0.0035073929,24.5501557984,nan,nan,nan,nan,nan,nan,nan
1089,42.6315789474,0.4854597974,nan,0.0005305497,32.7527392249,nan,nan,nan,nan,nan,nan,nan
1090,42.6315789474,0.3144712811,nan,0.0028980675,25.3789149714,nan,nan,nan,nan,nan,nan,nan
1091,42.6315789474,0.4719290968,nan,0.0006235090,32.0515724365,nan,nan,nan,nan,nan,nan,nan
1092,42.6315789474,0.0988768821,nan,0.0086226412,20.6435968615,nan,nan,nan,nan,nan,nan,nan
1093,42.6315789474,0.9161273134,nan,0.0000002674,65.7285818046,nan,nan,nan,nan,nan,nan,nan
1094,42.6315789474,0.7370306730,nan,0.0000112280,49.4969635135,nan,nan,nan,nan,nan,nan,nan
1095,42.6315789474,1.1781914200,nan,0.0000000003,95.9845269048,nan,nan,nan,nan,nan,nan,nan
1096,42.6315789474,0.7698291470,nan,0.0000060249,52.2004824541,nan,nan,nan,nan,nan,nan,nan
1097,42.6315789474,0.8227646119,nan,0.0000020806,56.8180760866,nan,nan,nan,nan,nan,nan,nan
1098,42.6315789474,0.4285286844,nan,0.0010140785,29.9392842292,nan,nan,nan,nan,nan,nan,nan
1099,42.6315789474,0.0743719872,nan,0.0090724379,20.4227599562,nan,nan,nan,nan,nan,nan,nan
1100,42.6315789474,0.1144913106,nan,0.0082837464,20.8177320532,nan,nan,nan,nan,nan,nan,nan
1101,42.6315789474,0.2809005004,nan,0.0037076848,24.3089719359,nan,nan,nan,nan,nan,nan,nan
1102,42.6315789474,0.6886247238,nan,0.0000267496,45.7268290771,nan,nan,nan,nan,nan,nan,nan
1103,42.6315789474,0.1891752942,nan,0.0062904879,22.0131566844,nan,nan,nan,nan,nan,nan,nan
1104,42.6315789474,0.4319211458,nan,0.0009779372,30.0968901581,nan,nan,nan,nan,nan,nan,nan
1105,42.6315789474,0.4302244182,nan,0.0009958857,30.0179051423,nan,nan,nan,nan,nan,nan,nan
1106,42.6315789474,0.3478825138,nan,0.0022046935,26.5665178542,nan,nan,nan,nan,nan,nan,nan
1107,42.6315789474,0.4985836825,nan,0.0004516265,33.4522062025,nan,nan,nan,nan,nan,nan,nan
1108,42.6315789474,0.2296402406,nan,0.0051132923,22.9129937615,nan,nan,nan,nan,nan,nan,nan
1109,42.6315789474,1.0329546254,nan,0.0000000149,78.2596115954,nan,nan,nan,nan,nan,nan,nan
1110,42.6315789474,0.4610137784,nan,0.0007078299,31.5007111170,nan,nan,nan,nan,nan,nan,nan
1111,42.6315789474,0.2810468319,nan,0.0037039337,24.3133679017,nan,nan,nan,nan,nan,nan,nan
1112,42.6315789474,0.5031100063,nan,0.0004267883,33.6978753825,nan,nan,nan,nan,nan,nan,nan
1113,42.6315789474,0.1758609047,nan,0.0066743185,21.7559307354,nan,nan,nan,nan,nan,nan,nan
1114,42.6315789474,0.9477990658,nan,0.0000001267,68.9738856822,nan,nan,nan,nan,nan,nan,nan
1115,42.6315789474,0.2360858618,nan,0.0049285919,23.0727714086,nan,nan,nan,nan,nan,nan,nan
1116,42.6315789474,0.7929855870,nan,0.0000038179,54.1817846777,nan,nan,nan,nan,nan,nan,nan
1117,42.6315789474,0.2845896715,nan,0.0036136710,24.4205139130,nan,nan,nan,nan,nan,nan,nan
1118,42.6315789474,0.2279421463,nan,0.0051621979,22.8716535278,nan,nan,nan,nan,nan,nan,nan
1119,42.6315789474,0.3004082203,nan,0.0032242754,24.9156787661,nan,nan,nan,nan,nan,nan,nan
1120,42.6315789474,0.1054744002,nan,0.0084840022,20.7139922726,nan,nan,nan,nan,nan,nan,nan
1121,42.6315789474,0.2439775406,nan,0.0047048312,23.2745595393,nan,nan,nan,nan,nan,nan,nan
1122,42.6315789474,0.2180644295,nan,0.0054482840,22.6374026551,nan,nan,nan,nan,nan,nan,nan
1123,42.6315789474,0.2293395305,nan,0.0051219460,22.9056500745,nan,nan,nan,nan,nan,nan,nan
1124,42.6315789474,0.3418702801,nan,0.0023207242,26.3437646591,nan,nan,nan,nan,nan,nan,nan
1125,42.6315789474,0.2402157505,nan,0.0048111347,23.1775247955,nan,nan,nan,nan,nan,nan,nan
1126,42.6315789474,0.1332256350,nan,0.0078322394,21.0611404847,nan,nan,nan,nan,nan,nan,nan
1127,42.6315789474,0.8987377057,nan,0.0000003986,63.9947044490,nan,nan,nan,nan,nan,nan,nan
1128,42.6315789474,0.4818629592,nan,0.0005540679,32.5643703686,nan,nan,nan,nan,nan,nan,nan
1129,42.6315789474,0.6356789928,nan,0.0000645232,41.9028402635,nan,nan,nan,nan,nan,nan,nan
1130,42.6315789474,0.2222982969,nan,0.0053253615,22.7365090401,nan,nan,nan,nan,nan,nan,nan
1131,42.6315789474,0.8052948030,nan,0.0000029789,55.2594442665,nan,nan,nan,nan,nan,nan,nan
1132,42.6315789474,0.5383074752,nan,0.0002700344,35.6858091054,nan,nan,nan,nan,nan,nan,nan
1133,42.6315789474,0.1799216250,nan,0.0065579083,21.8323465752,nan,nan,nan,nan,nan,nan,nan
1134,42.6315789474,0.8785169007,nan,0.0000006279,62.0212799843,nan,nan,nan,nan,nan,nan,nan
1135,42.6315789474,0.1723784182,nan,0.0067735794,21.6918177463,nan,nan,nan,nan,nan,nan,nan
1136,42.6315789474,0.2489160453,nan,0.0045663687,23.4042902653,nan,nan,nan,nan,nan,nan,nan
1137,42.6315789474,0.1945021088,nan,0.0061355741,22.1214479478,nan,nan,nan,nan,nan,nan,nan
1138,42.6315789474,0.9729298704,nan,0.0000000687,71.6292894317,nan,nan,nan,nan,nan,nan,nan
1139,42.6315789474,0.4301884745,nan,0.0009962686,30.0162353572,nan,nan,nan,nan,nan,nan,nan
1140,42.6315789474,0.2263158840,nan,0.0052091200,22.8323563585,nan,nan,nan,nan,nan,nan,nan
1141,42.6315789474,0.2174745675,nan,0.0054654385,22.6237499212,nan,nan,nan,nan,nan,nan,nan
1142,42.6315789474,0.2536416154,nan,0.0044351483,23.5309185692,nan,nan,nan,nan,nan,nan,nan
1143,42.6315789474,0.8881875561,nan,0.0000005059,62.9593425611,nan,nan,nan,nan,nan,nan,nan
1144,42.6315789474,1.0927610390,nan,0.0000000030,85.2699376082,nan,nan,nan,nan,nan,nan,nan
1145,42.6315789474,0.8406751874,nan,0.0000014284,58.4515767458,nan,nan,nan,nan,nan,nan,nan
1146,42.6315789474,0.2189915347,nan,0.0054213350,22.6589375868,nan,nan,nan,nan,nan,nan,nan
1147,42.6315789474,0.4317828841,nan,0.0009793903,30.0904419807,nan,nan,nan,nan,nan,nan,nan
1148,42.6315789474,1.0524655887,nan,0.0000000089,80.5022677628,nan,nan,nan,nan,nan,nan,nan
1149,42.6315789474,0.8802294553,nan,0.0000006044,62.1866336789,nan,nan,nan,nan,nan,nan,nan
1150,42.6315789474,0.2749302184,nan,0.0038622331,24.1316152127,nan,nan,nan,nan,nan,nan,nan
1151,42.6315789474,0.2692298251,nan,0.0040124409,23.9659134995,nan,nan,nan,nan,nan,nan,nan
1152,42.6315789474,0.1417233747,nan,0.0076138061,21.1839818518,nan,nan,nan,nan,nan,nan,nan
1153,42.6315789474,0.4572204152,nan,0.0007392034,31.3123602200,nan,nan,nan,nan,nan,nan,nan
1154,42.6315789474,0.7351034888,nan,0.0000116363,49.3418545890,nan,nan,nan,nan,nan,nan,nan
1155,42.6315789474,0.2912480412,nan,0.0034469898,24.6255999753,nan,nan,nan,nan,nan,nan,nan
1156,42.6315789474,0.5286180222,nan,0.0003072673,35.1248360576,nan,nan,nan,nan,nan,nan,nan
1157,42.6315789474,0.8449601479,nan,0.0000013039,58.8477152663,nan,nan,nan,nan,nan,nan,nan
1158,42.6315789474,0.6126685816,nan,0.0000925038,40.3384032003,nan,nan,nan,nan,nan,nan,nan
1159,42.6315789474,0.7718439574,nan,0.0000057936,52.3704866810,nan,nan,nan,nan,nan,nan,nan
1160,42.6315789474,0.4060940476,nan,0.0012796695,28.9290218771,nan,nan,nan,nan,nan,nan,nan
1161,42.6315789474,0.0662536142,nan,0.0091967289,20.3636661708,nan,nan,nan,nan,nan,nan,nan
1162,42.6315789474,0.5787063717,nan,0.0001535626,38.1371463256,nan,nan,nan,nan,nan,nan,nan
1163,42.6315789474,0.3347572047,nan,0.0024630000,26.0853558533,nan,nan,nan,nan,nan,nan,nan
1164,42.6315789474,0.6556097389,nan,0.0000467131,43.3056125180,nan,nan,nan,nan,nan,nan,nan
1165,42.6315789474,0.4015716268,nan,0.0013390291,28.7320999447,nan,nan,nan,nan,nan,nan,nan
1166,42.6315789474,0.4354017233,nan,0.0009419088,30.2599115920,nan,nan,nan,nan,nan,nan,nan
1167,42.6315789474,0.8897024749,nan,0.0000004890,63.1072432044,nan,nan,nan,nan,nan,nan,nan
1168,42.6315789474,0.1682991060,nan,0.0068890836,21.6183854456,nan,nan,nan,nan,nan,nan,nan
1169,42.6315789474,0.8069363545,nan,0.0000028811,55.4044442322,nan,nan,nan,nan,nan,nan,nan
1170,42.6315789474,0.6098669963,nan,0.0000965615,40.1519578569,nan,nan,nan,nan,nan,nan,nan
1171,42.6315789474,0.3882428410,nan,0.0015258643,28.1648408795,nan,nan,nan,nan,nan,nan,nan
1172,42.6315789474,0.6598485629,nan,0.0000435545,43.6096659984,nan,nan,nan,nan,nan,nan,nan
1173,42.6315789474,0.2734248987,nan,0.0039016538,24.0875126604,nan,nan,nan,nan,nan,nan,nan
1174,42.6315789474,0.5642498842,nan,0.0001888382,37.2391020659,nan,nan,nan,nan,nan,nan,nan
1175,42.6315789474,1.1075318191,nan,0.0000000020,87.0635014704,nan,nan,nan,nan,nan,nan,nan
1176,42.6315789474,0.1921602835,nan,0.0062037446,22.0734608822,nan,nan,nan,nan,nan,nan,nan
1177,42.6315789474,0.3337009929,nan,0.0024845863,26.0474590610,nan,nan,nan,nan,nan,nan,nan
1178,42.6315789474,0.4854082301,nan,0.0005308810,32.7500284832,nan,nan,nan,nan,nan,nan,nan
1179,42.6315789474,0.2545958198,nan,0.0044088126,23.5567835592,nan,nan,nan,nan,nan,nan,nan
1180,42.6315789474,0.7772877151,nan,0.0000052094,52.8320903022,nan,nan,nan,nan,nan,nan,nan
1181,42.6315789474,0.7925983450,nan,0.0000038475,54.1481576068,nan,nan,nan,nan,nan,nan,nan
1182,42.6315789474,0.3374457110,nan,0.0024085894,26.1823722558,nan,nan,nan,nan,nan,nan,nan
1183,42.6315789474,0.2820172261,nan,0.0036791044,24.3425789333,nan,nan,nan,nan,nan,nan,nan
1184,42.6315789474,0.3201876808,nan,0.0027711415,25.5734130225,nan,nan,nan,nan,nan,nan,nan
1185,42.6315789474,0.9524944894,nan,0.0000001131,69.4646184336,nan,nan,nan,nan,nan,nan,nan
1186,42.6315789474,0.1886032768,nan,0.0063070884,22.0017108076,nan,nan,nan,nan,nan,nan,nan
1187,42.6315789474,0.2285514931,nan,0.0051446377,22.8864520021,nan,nan,nan,nan,nan,nan,nan
1188,42.6315789474,0.9742805853,nan,0.0000000665,71.7740242244,nan,nan,nan,nan,nan,nan,nan
1189,42.6315789474,0.2645551041,nan,0.0041374455,23.8326771657,nan,nan,nan,nan,nan,nan,nan
1190,42.6315789474,0.6169740051,nan,0.0000865639,40.6266334957,nan,nan,nan,nan,nan,nan,nan
1191,42.6315789474,0.3403187809,nan,0.0023512962,26.2869266027,nan,nan,nan,nan,nan,nan,nan
1192,42.6315789474,0.2286800700,nan,0.0051409339,22.8895797602,nan,nan,nan,nan,nan,nan,nan
1193,42.6315789474,0.7568373942,nan,0.0000077354,51.1151911773,nan,nan,nan,nan,nan,nan,nan
1194,42.6315789474,0.4762793119,nan,0.0005922717,32.2747905294,nan,nan,nan,nan,nan,nan,nan
1195,42.6315789474,0.6472809906,nan,0.0000535300,42.7140261564,nan,nan,nan,nan,nan,nan,nan
1196,42.6315789474,1.2309118578,nan,0.0000000001,103.0085437393,nan,nan,nan,nan,nan,nan,nan
1197,42.6315789474,0.1848963922,nan,0.0064144632,21.9283968462,nan,nan,nan,nan,nan,nan,nan
1198,42.6315789474,0.7033549879,nan,0.0000206710,46.8463785293,nan,nan,nan,nan,nan,nan,nan
1199,42.6315789474,0.3831620770,nan,0.0016018560,27.9537652361,nan,nan,nan,nan,nan,nan,nan
1200,42.6315789474,0.4596138017,nan,0.0007192812,31.4310130192,nan,nan,nan,nan,nan,nan,nan
1201,42.6315789474,0.2705146927,nan,0.0039783661,24.0029525235,nan,nan,nan,nan,nan,nan,nan
1202,42.6315789474,0.9879241351,nan,0.0000000473,73.2475093567,nan,nan,nan,nan,nan,nan,nan
1203,42.6315789474,0.3986807664,nan,0.0013780329,28.6074040214,nan,nan,nan,nan,nan,nan,nan
1204,42.6315789474,0.4824112951,nan,0.0005504280,32.5929944829,nan,nan,nan,nan,nan,nan,nan
1205,42.6315789474,0.5482875278,nan,0.0002358029,36.2745090993,nan,nan,nan,nan,nan,nan,nan
1206,42.6315789474,0.4288450824,nan,0.0010106646,29.9539295810,nan,nan,nan,nan,nan,nan,nan
1207,42.6315789474,0.4800073226,nan,0.0005665327,32.4677499226,nan,nan,nan,nan,nan,nan,nan
1208,42.6315789474,0.5846983412,nan,0.0001407283,38.5161862626,nan,nan,nan,nan,nan,nan,nan
1209,42.6315789474,0.5179085454,nan,0.0003534324,34.5169364722,nan,nan,nan,nan,nan,nan,nan
1210,42.6315789474,0.2869513438,nan,0.0035541021,24.4927009445,nan,nan,nan,nan,nan,nan,nan
1211,42.6315789474,0.1669120518,nan,0.0069281506,21.5938267828,nan,nan,nan,nan,nan,nan,nan
1212,42.6315789474,0.6416040358,nan,0.0000586782,42.3152303023,nan,nan,nan,nan,nan,nan,nan
1213,42.6315789474,0.4201899190,nan,0.0011073150,29.5572882523,nan,nan,nan,nan,nan,nan,nan
1214,42.6315789474,0.5132271640,nan,0.0003753871,34.2552067045,nan,nan,nan,nan,nan,nan,nan
1215,42.6315789474,0.4228302788,nan,0.0010771071,29.6774112309,nan,nan,nan,nan,nan,nan,nan
1216,42.6315789474,0.5511118127,nan,0.0002268237,36.4431162122,nan,nan,nan,nan,nan,nan,nan
1217,42.6315789474,0.3903582997,nan,0.0014950080,28.2535646913,nan,nan,nan,nan,nan,nan,nan
1218,42.6315789474,0.1987889338,nan,0.0060105859,22.2108319339,nan,nan,nan,nan,nan,nan,nan
1219,42.6315789474,0.5688931525,nan,0.0001768068,37.5250100996,nan,nan,nan,nan,nan,nan,nan
1220,42.6315789474,0.2754877419,nan,0.0038476784,24.1480123047,nan,nan,nan,nan,nan,nan,nan
1221,42.6315789474,0.4342749961,nan,0.0009534563,30.2069919813,nan,nan,nan,nan,nan,nan,nan
1222,42.6315789474,0.1356256376,nan,0.0077713289,21.0950470982,nan,nan,nan,nan,nan,nan,nan
1223,42.6315789474,1.0817869617,nan,0.0000000040,83.9533468443,nan,nan,nan,nan,nan,nan,nan
1224,42.6315789474,0.1182238618,nan,0.0081974285,20.8632236047,nan,nan,nan,nan,nan,nan,nan
1225,42.6315789474,0.1519893917,nan,0.0073404774,21.3427569363,nan,nan,nan,nan,nan,nan,nan
1226,42.6315789474,0.0808280569,nan,0.0089644919,20.4747432265,nan,nan,nan,nan,nan,nan,nan
1227,42.6315789474,0.7332596927,nan,0.0000120397,49.1938461014,nan,nan,nan,nan,nan,nan,nan
1228,42.6315789474,0.3643670923,nan,0.0019064857,27.1976644606,nan,nan,nan,nan,nan,nan,nan
1229,42.6315789474,0.4888156606,nan,0.0005093566,32.9297808067,nan,nan,nan,nan,nan,nan,nan
1230,42.6315789474,0.2149736009,nan,0.0055382381,22.5662837634,nan,nan,nan,nan,nan,nan,nan
1231,42.6315789474,0.6911015763,nan,0.0000256249,45.9133825250,nan,nan,nan,nan,nan,nan,nan
1232,42.6315789474,0.1751640723,nan,0.0066942250,21.7429969528,nan,nan,nan,nan,nan,nan,nan
1233,42.6315789474,1.0243429241,nan,0.0000000187,77.2834112334,nan,nan,nan,nan,nan,nan,nan
1234,42.6315789474,0.5127689857,nan,0.0003775964,34.2297212179,nan,nan,nan,nan,nan,nan,nan
1235,42.6315789474,0.4387015322,nan,0.0009087192,30.4157027891,nan,nan,nan,nan,nan,nan,nan
1236,42.6315789474,0.8797829533,nan,0.0000006105,62.1434904449,nan,nan,nan,nan,nan,nan,nan
1237,42.6315789474,0.5202203437,nan,0.0003429981,34.6470830760,nan,nan,nan,nan,nan,nan,nan
1238,42.6315789474,0.4607733210,nan,0.0007097862,31.4887244728,nan,nan,nan,nan,nan,nan,nan
1239,42.6315789474,0.5256826297,nan,0.0003193781,34.9569484164,nan,nan,nan,nan,nan,nan,nan
1240,42.6315789474,0.7265358218,nan,0.0000136229,48.6573180405,nan,nan,nan,nan,nan,nan,nan
1241,42.6315789474,0.2179428493,nan,0.0054518193,22.6345855076,nan,nan,nan,nan,nan,nan,nan
1242,42.6315789474,0.2412543197,nan,0.0047817181,23.2041603350,nan,nan,nan,nan,nan,nan,nan
1243,42.6315789474,0.1735363714,nan,0.0067406376,21.7129901896,nan,nan,nan,nan,nan,nan,nan
1244,42.6315789474,0.2975611911,nan,0.0032926560,24.8245363642,nan,nan,nan,nan,nan,nan,nan
1245,42.6315789474,0.4451948415,nan,0.0008461003,30.7257812803,nan,nan,nan,nan,nan,nan,nan
1246,42.6315789474,0.2726699000,nan,0.0039214925,24.0654861608,nan,nan,nan,nan,nan,nan,nan
1247,42.6315789474,0.5943613361,nan,0.0001220150,39.1358661807,nan,nan,nan,nan,nan,nan,nan
1248,42.6315789474,0.6500541472,nan,0.0000511665,42.9101424586,nan,nan,nan,nan,nan,nan,nan
1249,42.6315789474,0.7048028134,nan,0.0000201478,46.9577269630,nan,nan,nan,nan,nan,nan,nan
1250,42.6315789474,0.5359629262,nan,0.0002786689,35.5491146634,nan,nan,nan,nan,nan,nan,nan
1251,42.6315789474,0.5218194450,nan,0.0003359345,34.7374542609,nan,nan,nan,nan,nan,nan,nan
1252,42.6315789474,0.3596238670,nan,0.0019893003,27.0129964420,nan,nan,nan,nan,nan,nan,nan
1253,42.6315789474,0.4482254017,nan,0.0008180697,30.8720970971,nan,nan,nan,nan,nan,nan,nan
1254,42.6315789474,0.8228944046,nan,0.0000020750,56.8297841142,nan,nan,nan,nan,nan,nan,nan
1255,42.6315789474,0.3004338309,nan,0.0032236637,24.9165026706,nan,nan,nan,nan,nan,nan,nan
1256,42.6315789474,0.6252660236,nan,0.0000760752,41.1875701793,nan,nan,nan,nan,nan,nan,nan
1257,42.6315789474,0.3221148875,nan,0.0027291075,25.6397936330,nan,nan,nan,nan,nan,nan,nan
1258,42.6315789474,0.7961250953,nan,0.0000035851,54.4550318610,nan,nan,nan,nan,nan,nan,nan
1259,42.6315789474,0.4096827578,nan,0.0012339874,29.0868928664,nan,nan,nan,nan,nan,nan,nan
1260,42.6315789474,0.7474823188,nan,0.0000092355,50.3454006897,nan,nan,nan,nan,nan,nan,nan
1261,42.6315789474,0.3800137319,nan,0.0016502898,27.8243977783,nan,nan,nan,nan,nan,nan,nan
1262,42.6315789474,0.3388987002,nan,0.0023795044,26.2351348485,nan,nan,nan,nan,nan,nan,nan
1263,42.6315789474,0.5361335729,nan,0.0002780326,35.5590432873,nan,nan,nan,nan,nan,nan,nan
1264,42.6315789474,0.4116781283,nan,0.0012091255,29.1752861322,nan,nan,nan,nan,nan,nan,nan
1265,42.6315789474,0.4555707557,nan,0.0007531913,31.2309469175,nan,nan,nan,nan,nan,nan,nan
1266,42.6315789474,0.5372626476,nan,0.0002738535,35.6248170106,nan,nan,nan,nan,nan,nan,nan
1267,42.6315789474,0.7373940319,nan,0.0000111526,49.5262549295,nan,nan,nan,nan,nan,nan,nan
1268,42.6315789474,0.2927936213,nan,0.0034088666,24.6738998951,nan,nan,nan,nan,nan,nan,nan
1269,42.6315789474,0.4960258923,nan,0.0004661884,33.3143850598,nan,nan,nan,nan,nan,nan,nan
1270,42.6315789474,0.5933614157,nan,0.0001238437,39.0712599564,nan,nan,nan,nan,nan,nan,nan
1271,42.6315789474,0.7834297524,nan,0.0000046165,53.3568907983,nan,nan,nan,nan,nan,nan,nan
1272,42.6315789474,0.6565509229,nan,0.0000459944,43.3729510504,nan,nan,nan,nan,nan,nan,nan
1273,42.6315789474,0.2113532707,nan,0.0056437763,22.4843020676,nan,nan,nan,nan,nan,nan,nan
1274,42.6315789474,0.5708830388,nan,0.0001718593,37.6482708304,nan,nan,nan,nan,nan,nan,nan
1275,42.6315789474,0.1744759931,nan,0.0067138600,21.7302771940,nan,nan,nan,nan,nan,nan,nan
1276,42.6315789474,0.1642705933,nan,0.0070022350,21.5476331730,nan,nan,nan,nan,nan,nan,nan
1277,42.6315789474,0.4413314741,nan,0.0008829315,30.5407301050,nan,nan,nan,nan,nan,nan,nan
1278,42.6315789474,0.5556806769,nan,0.0002129242,36.7177501449,nan,nan,nan,nan,nan,nan,nan
1279,42.6315789474,0.2343511591,nan,0.0049781439,23.0293255141,nan,nan,nan,nan,nan,nan,nan
1280,42.6315789474,0.3089964972,nan,0.0030227356,25.1959983331,nan,nan,nan,nan,nan,nan,nan
1281,42.6315789474,0.1967974060,nan,0.0060686782,22.1690588745,nan,nan,nan,nan,nan,nan,nan
1282,42.6315789474,0.4060606274,nan,0.0012801008,28.9275583705,nan,nan,nan,nan,nan,nan,nan
1283,42.6315789474,0.5762756079,nan,0.0001590552,37.9845201757,nan,nan,nan,nan,nan,nan,nan
1284,42.6315789474,0.6208500159,nan,0.0000815101,40.8878832285,nan,nan,nan,nan,nan,nan,nan
1285,42.6315789474,0.4674664314,nan,0.0006569371,31.8247619249,nan,nan,nan,nan,nan,nan,nan
1286,42.6315789474,0.0940269100,nan,0.0087200459,20.5948123085,nan,nan,nan,nan,nan,nan,nan
1287,42.6315789474,0.7622768224,nan,0.0000069706,51.5672841603,nan,nan,nan,nan,nan,nan,nan
1288,42.6315789474,0.7017278659,nan,0.0000212739,46.7215204909,nan,nan,nan,nan,nan,nan,nan
1289,42.6315789474,0.3177620491,nan,0.0028245912,25.4904440381,nan,nan,nan,nan,nan,nan,nan
1290,42.6315789474,0.1873058983,nan,0.0063447101,21.9758821434,nan,nan,nan,nan,nan,nan,nan
1291,42.6315789474,0.1794151306,nan,0.0065724641,21.8227177697,nan,nan,nan,nan,nan,nan,nan
1292,42.6315789474,1.1910862877,nan,0.0000000002,97.6734680688,nan,nan,nan,nan,nan,nan,nan
1293,42.6315789474,0.6696624260,nan,0.0000369716,44.3213169577,nan,nan,nan,nan,nan,nan,nan
1294,42.6315789474,0.5999497497,nan,0.0001122279,39.4989909425,nan,nan,nan,nan,nan,nan,nan
1295,42.6315789474,0.3557295933,nan,0.0020590973,26.8632313946,nan,nan,nan,nan,nan,nan,nan
1296,42.6315789474,0.2387767179,nan,0.0048519765,23.1408131474,nan,nan,nan,nan,nan,nan,nan
1297,42.6315789474,0.4321745735,nan,0.0009752782,30.1087148777,nan,nan,nan,nan,nan,nan,nan
1298,42.6315789474,0.6937816724,nan,0.0000244567,46.1160161227,nan,nan,nan,nan,nan,nan,nan
1299,42.6315789474,0.6380387658,nan,0.0000621353,42.0666141432,nan,nan,nan,nan,nan,nan,nan
1300,42.6315789474,0.1087855780,nan,0.0084118663,20.7510763695,nan,nan,nan,nan,nan,nan,nan
1301,42.6315789474,0.4182715021,nan,0.0011296677,29.4704929568,nan,nan,nan,nan,nan,nan,nan
1302,42.6315789474,0.3647600209,nan,0.0018997334,27.2130734160,nan,nan,nan,nan,nan,nan,nan
1303,42.6315789474,0.5444674176,nan,0.0002484356,36.0478624794,nan,nan,nan,nan,nan,nan,nan
1304,42.6315789474,0.3834572838,nan,0.0015973675,27.9659514790,nan,nan,nan,nan,nan,nan,nan
1305,42.6315789474,1.0965498286,nan,0.0000000027,85.7276473308,nan,nan,nan,nan,nan,nan,nan
1306,42.6315789474,0.7835598554,nan,0.0000046046,53.3680530408,nan,nan,nan,nan,nan,nan,nan
1307,42.6315789474,0.7271619515,nan,0.0000134677,48.7070662126,nan,nan,nan,nan,nan,nan,nan
1308,42.6315789474,0.1454037917,nan,0.0075169254,21.2395975717,nan,nan,nan,nan,nan,nan,nan
1309,42.6315789474,0.3990571820,nan,0.0013729072,28.6235883283,nan,nan,nan,nan,nan,nan,nan
1310,42.6315789474,1.1165316951,nan,0.0000000015,88.1684074468,nan,nan,nan,nan,nan,nan,nan
1311,42.6315789474,0.5871925314,nan,0.0001356706,38.6751414856,nan,nan,nan,nan,nan,nan,nan
1312,42.6315789474,0.5717153615,nan,0.0001698260,37.6999585315,nan,nan,nan,nan,nan,nan,nan
1313,42.6315789474,0.8215826703,nan,0.0000021323,56.7115452767,nan,nan,nan,nan,nan,nan,nan
1314,42.6315789474,0.8428833962,nan,0.0000013629,58.6554651395,nan,nan,nan,nan,nan,nan,nan
1315,42.6315789474,0.6801393179,nan,0.0000309534,45.0929145129,nan,nan,nan,nan,nan,nan,nan
1316,42.6315789474,0.3208401474,nan,0.0027568676,25.5958409106,nan,nan,nan,nan,nan,nan,nan
1317,42.6315789474,0.8617671482,nan,0.0000009075,60.4213971900,nan,nan,nan,nan,nan,nan,nan
1318,42.6315789474,0.2760637546,nan,0.0038326672,24.1649888745,nan,nan,nan,nan,nan,nan,nan
1319,42.6315789474,0.3374026142,nan,0.0024094555,26.1808108159,nan,nan,nan,nan,nan,nan,nan
1320,42.6315789474,0.1700183276,nan,0.0068405118,21.6491140179,nan,nan,nan,nan,nan,nan,nan
1321,42.6315789474,0.8524273317,nan,0.0000011110,59.5429713367,nan,nan,nan,nan,nan,nan,nan
1322,42.6315789474,0.6102331481,nan,0.0000960224,40.1762755612,nan,nan,nan,nan,nan,nan,nan
1323,42.6315789474,0.5209977040,nan,0.0003395487,34.6909791574,nan,nan,nan,nan,nan,nan,nan
1324,42.6315789474,0.7158095157,nan,0.0000165505,47.8118857070,nan,nan,nan,nan,nan,nan,nan
1325,42.6315789474,0.5470661814,nan,0.0002397800,36.2018704379,nan,nan,nan,nan,nan,nan,nan
1326,42.6315789474,0.1869747543,nan,0.0063543059,21.9693188380,nan,nan,nan,nan,nan,nan,nan
1327,42.6315789474,0.7893115053,nan,0.0000041083,53.8634138457,nan,nan,nan,nan,nan,nan,nan
1328,42.6315789474,0.6543659062,nan,0.0000476785,43.2167721366,nan,nan,nan,nan,nan,nan,nan
1329,42.6315789474,0.4807751593,nan,0.0005613473,32.5076838578,nan,nan,nan,nan,nan,nan,nan
1330,42.6315789474,0.1937309801,nan,0.0061580317,22.1055808259,nan,nan,nan,nan,nan,nan,nan
1331,42.6315789474,0.8467949609,nan,0.0000012537,59.0179713354,nan,nan,nan,nan,nan,nan,nan
1332,42.6315789474,0.7944398920,nan,0.0000037083,54.3082227912,nan,nan,nan,nan,nan,nan,nan
1333,42.6315789474,0.8495907761,nan,0.0000011808,59.2781274391,nan,nan,nan,nan,nan,nan,nan
1334,42.6315789474,0.7165828378,nan,0.0000163215,47.8724074840,nan,nan,nan,nan,nan,nan,nan
1335,42.6315789474,0.4772840629,nan,0.0005852421,32.3266442361,nan,nan,nan,nan,nan,nan,nan
1336,42.6315789474,0.2631143081,nan,0.0041762898,23.7920937725,nan,nan,nan,nan,nan,nan,nan
1337,42.6315789474,0.1677339844,nan,0.0069050138,21.6083545084,nan,nan,nan,nan,nan,nan,nan
1338,42.6315789474,0.6126829746,nan,0.0000924834,40.3393633098,nan,nan,nan,nan,nan,nan,nan
1339,42.6315789474,0.4773128378,nan,0.0005850418,32.3281309159,nan,nan,nan,nan,nan,nan,nan
1340,42.6315789474,0.1194871901,nan,0.0081677811,20.8789590999,nan,nan,nan,nan,nan,nan,nan
1341,42.6315789474,0.7969857421,nan,0.0000035236,54.5301312311,nan,nan,nan,nan,nan,nan,nan
1342,42.6315789474,0.3326503562,nan,0.0025061763,26.0098838816,nan,nan,nan,nan,nan,nan,nan
1343,42.6315789474,0.8052819422,nan,0.0000029797,55.2583094489,nan,nan,nan,nan,nan,nan,nan
1344,42.6315789474,0.1497324959,nan,0.0074013724,21.3068774601,nan,nan,nan,nan,nan,nan,nan
1345,42.6315789474,0.1388451464,nan,0.0076886403,21.1415045913,nan,nan,nan,nan,nan,nan,nan
1346,42.6315789474,0.4396283980,nan,0.0008995641,30.4596786881,nan,nan,nan,nan,nan,nan,nan
1347,42.6315789474,0.7980717432,nan,0.0000034475,54.6250133439,nan,nan,nan,nan,nan,nan,nan
1348,42.6315789474,0.4525467209,nan,0.0007793835,31.0824879299,nan,nan,nan,nan,nan,nan,nan
1349,42.6315789474,0.4509689081,nan,0.0007933357,31.0054299854,nan,nan,nan,nan,nan,nan,nan
1350,42.6315789474,0.5203677038,nan,0.0003423419,34.6553990766,nan,nan,nan,nan,nan,nan,nan
1351,42.6315789474,0.5248451781,nan,0.0003229069,34.9092263739,nan,nan,nan,nan,nan,nan,nan
1352,42.6315789474,0.8741465807,nan,0.0000006917,61.6008022728,nan,nan,nan,nan,nan,nan,nan
1353,42.6315789474,0.3129149064,nan,0.0029332016,25.3265808880,nan,nan,nan,nan,nan,nan,nan
1354,42.6315789474,0.3172120143,nan,0.0028367954,25.4717198359,nan,nan,nan,nan,nan,nan,nan
1355,42.6315789474,0.3897486547,nan,0.0015038533,28.2279451533,nan,nan,nan,nan,nan,nan,nan
1356,42.6315789474,0.5492193285,nan,0.0002328070,36.3300387267,nan,nan,nan,nan,nan,nan,nan
1357,42.6315789474,0.4598469528,nan,0.0007173638,31.4426054361,nan,nan,nan,nan,nan,nan,nan
1358,42.6315789474,0.5337805438,nan,0.0002869179,35.4224236814,nan,nan,nan,nan,nan,nan,nan
1359,42.6315789474,0.8409425536,nan,0.0000014203,58.4762340919,nan,nan,nan,nan,nan,nan,nan
1360,42.6315789474,0.6354069358,nan,0.0000648037,41.8839987779,nan,nan,nan,nan,nan,nan,nan
1361,42.6315789474,1.0444760439,nan,0.0000000110,79.5787305353,nan,nan,nan,nan,nan,nan,nan
1362,42.6315789474,0.4506954719,nan,0.0007957738,30.9921037846,nan,nan,nan,nan,nan,nan,nan
1363,42.6315789474,0.3002128718,nan,0.0032289427,24.9093966620,nan,nan,nan,nan,nan,nan,nan
1364,42.6315789474,1.1782829290,nan,0.0000000003,95.9964462748,nan,nan,nan,nan,nan,nan,nan
1365,42.6315789474,0.3727668964,nan,0.0017657245,27.5307705594,nan,nan,nan,nan,nan,nan,nan
1366,42.6315789474,1.0131151666,nan,0.0000000250,76.0232196658,nan,nan,nan,nan,nan,nan,nan
1367,42.6315789474,0.7196751975,nan,0.0000154344,48.1150902831,nan,nan,nan,nan,nan,nan,nan
1368,42.6315789474,0.2811861715,nan,0.0037003636,24.3175559980,nan,nan,nan,nan,nan,nan,nan
1369,42.6315789474,0.6480389479,nan,0.0000528744,42.7675433310,nan,nan,nan,nan,nan,nan,nan
1370,42.6315789474,0.5041005240,nan,0.0004215082,33.7519393814,nan,nan,nan,nan,nan,nan,nan
1371,42.6315789474,0.5853017373,nan,0.0001394897,38.5545773240,nan,nan,nan,nan,nan,nan,nan
1372,42.6315789474,0.5761062169,nan,0.0001594443,37.9739087221,nan,nan,nan,nan,nan,nan,nan
1373,42.6315789474,0.6341803700,nan,0.0000660822,41.7991546606,nan,nan,nan,nan,nan,nan,nan
1374,42.6315789474,0.3272875672,nan,0.0026181970,25.8199767576,nan,nan,nan,nan,nan,nan,nan
1375,42.6315789474,0.4598291844,nan,0.0007175098,31.4417217684,nan,nan,nan,nan,nan,nan,nan
1376,42.6315789474,0.3647019509,nan,0.0019007303,27.2107950924,nan,nan,nan,nan,nan,nan,nan
1377,42.6315789474,0.3084765231,nan,0.0030347320,25.1787965262,nan,nan,nan,nan,nan,nan,nan
1378,42.6315789474,0.0305153396,nan,0.0095805117,20.1861129508,nan,nan,nan,nan,nan,nan,nan
1379,42.6315789474,0.3725168058,nan,0.0017698071,27.5207406499,nan,nan,nan,nan,nan,nan,nan
1380,42.6315789474,0.7132170831,nan,0.0000173401,47.6094844354,nan,nan,nan,nan,nan,nan,nan
1381,42.6315789474,0.3895895637,nan,0.0015061678,28.2212662999,nan,nan,nan,nan,nan,nan,nan
1382,42.6315789474,0.3505523669,nan,0.0021544131,26.6667101590,nan,nan,nan,nan,nan,nan,nan
1383,42.6315789474,0.2473699160,nan,0.0046095777,23.3633885740,nan,nan,nan,nan,nan,nan,nan
1384,42.6315789474,0.7126786065,nan,0.0000175084,47.5675377325,nan,nan,nan,nan,nan,nan,nan
1385,42.6315789474,0.2296937987,nan,0.0051117514,22.9143027456,nan,nan,nan,nan,nan,nan,nan
1386,42.6315789474,0.5496900264,nan,0.0002313063,36.3581261210,nan,nan,nan,nan,nan,nan,nan
1387,42.6315789474,0.5299215545,nan,0.0003020162,35.1996973879,nan,nan,nan,nan,nan,nan,nan
1388,42.6315789474,0.5945668806,nan,0.0001216421,39.1491604880,nan,nan,nan,nan,nan,nan,nan
1389,42.6315789474,0.4830083382,nan,0.0005464873,32.6241990843,nan,nan,nan,nan,nan,nan,nan
1390,42.6315789474,0.7255699490,nan,0.0000138654,48.5806621150,nan,nan,nan,nan,nan,nan,nan
1391,42.6315789474,0.4178238157,nan,0.0011349333,29.4502966837,nan,nan,nan,nan,nan,nan,nan
1392,42.6315789474,1.0431631023,nan,0.0000000114,79.4276523133,nan,nan,nan,nan,nan,nan,nan
1393,42.6315789474,1.0192741830,nan,0.0000000213,76.7127412936,nan,nan,nan,nan,nan,nan,nan
1394,42.6315789474,0.8172365277,nan,0.0000023328,56.3211661157,nan,nan,nan,nan,nan,nan,nan
1395,42.6315789474,0.3893287676,nan,0.0015099676,28.2103237740,nan,nan,nan,nan,nan,nan,nan
1396,42.6315789474,0.0652479768,nan,0.0092112128,20.3568318340,nan,nan,nan,nan,nan,nan,nan
1397,42.6315789474,0.6367136766,nan,0.0000634662,41.9745733419,nan,nan,nan,nan,nan,nan,nan
1398,42.6315789474,0.1988009493,nan,0.0060102353,22.2110852702,nan,nan,nan,nan,nan,nan,nan
1399,42.6315789474,0.3484063513,nan,0.0021947678,26.5861142366,nan,nan,nan,nan,nan,nan,nan
1400,42.6315789474,0.5091621586,nan,0.0003953748,34.0299101833,nan,nan,nan,nan,nan,nan,nan
1401,42.6315789474,0.4881874259,nan,0.0005132698,32.8965427668,nan,nan,nan,nan,nan,nan,nan
1402,42.6315789474,0.3666135676,nan,0.0018681035,27.2859906518,nan,nan,nan,nan,nan,nan,nan
1403,42.6315789474,0.0510631025,nan,0.0093933274,20.2718053941,nan,nan,nan,nan,nan,nan,nan
1404,42.6315789474,0.7377021958,nan,0.0000110889,49.5511084936,nan,nan,nan,nan,nan,nan,nan
1405,42.6315789474,0.6229727544,nan,0.0000788557,41.0316689841,nan,nan,nan,nan,nan,nan,nan
1406,42.6315789474,0.5482570432,nan,0.0002359014,36.2726940331,nan,nan,nan,nan,nan,nan,nan
1407,42.6315789474,0.7750368038,nan,0.0000054440,52.6408216505,nan,nan,nan,nan,nan,nan,nan
1408,42.6315789474,0.2457624637,nan,0.0046546378,23.3211411168,nan,nan,nan,nan,nan,nan,nan
1409,42.6315789474,0.1678626312,nan,0.0069013889,21.6106349599,nan,nan,nan,nan,nan,nan,nan
1410,42.6315789474,0.4141410814,nan,0.0011789628,29.2849989851,nan,nan,nan,nan,nan,nan,nan
1411,42.6315789474,0.6325570001,nan,0.0000678091,41.6871207063,nan,nan,nan,nan,nan,nan,nan
1412,42.6315789474,0.4692901469,nan,0.0006431046,31.9171840006,nan,nan,nan,nan,nan,nan,nan
1413,42.6315789474,0.4718018533,nan,0.0006244426,32.0450748713,nan,nan,nan,nan,nan,nan,nan
1414,42.6315789474,0.3260652244,nan,0.0026441537,25.7771330924,nan,nan,nan,nan,nan,nan,nan
1415,42.6315789474,0.3421245089,nan,0.0023157393,26.3531033763,nan,nan,nan,nan,nan,nan,nan
1416,42.6315789474,0.6632717737,nan,0.0000411464,43.8566786907,nan,nan,nan,nan,nan,nan,nan
1417,42.6315789474,0.0825584834,nan,0.0089342299,20.4894287803,nan,nan,nan,nan,nan,nan,nan
1418,42.6315789474,0.2937270881,nan,0.0033859475,24.7031977730,nan,nan,nan,nan,nan,nan,nan
1419,42.6315789474,0.4219814198,nan,0.0010867488,29.6387084683,nan,nan,nan,nan,nan,nan,nan
1420,42.6315789474,0.5572234025,nan,0.0002084007,36.8110072404,nan,nan,nan,nan,nan,nan,nan
1421,42.6315789474,0.3580955603,nan,0.0020164979,26.9540222628,nan,nan,nan,nan,nan,nan,nan
1422,42.6315789474,0.1037222795,nan,0.0085214922,20.6948435132,nan,nan,nan,nan,nan,nan,nan
1423,42.6315789474,0.4620717280,nan,0.0006992742,31.5535252296,nan,nan,nan,nan,nan,nan,nan
1424,42.6315789474,0.5370957751,nan,0.0002744677,35.6150870120,nan,nan,nan,nan,nan,nan,nan
1425,42.6315789474,0.2327045434,nan,0.0050252896,22.9883890682,nan,nan,nan,nan,nan,nan,nan
1426,42.6315789474,1.0329709458,nan,0.0000000149,78.2614695700,nan,nan,nan,nan,nan,nan,nan
1427,42.6315789474,0.1872480533,nan,0.0063463865,21.9747347941,nan,nan,nan,nan,nan,nan,nan
1428,42.6315789474,0.4376222284,nan,0.0009194722,30.3646140330,nan,nan,nan,nan,nan,nan,nan
1429,42.6315789474,0.5071988675,nan,0.0004053448,33.9217543595,nan,nan,nan,nan,nan,nan,nan
1430,42.6315789474,0.5745844899,nan,0.0001629775,37.8787236875,nan,nan,nan,nan,nan,nan,nan
1431,42.6315789474,0.2810042373,nan,0.0037050254,24.3120880684,nan,nan,nan,nan,nan,nan,nan
1432,42.6315789474,0.1964587120,nan,0.0060785537,22.1619974567,nan,nan,nan,nan,nan,nan,nan
1433,42.6315789474,0.8962989543,nan,0.0000004213,63.7542605300,nan,nan,nan,nan,nan,nan,nan
1434,42.6315789474,0.3955179054,nan,0.0014216636,28.4720314778,nan,nan,nan,nan,nan,nan,nan
1435,42.6315789474,0.5192311280,nan,0.0003474305,34.5913209010,nan,nan,nan,nan,nan,nan,nan
1436,42.6315789474,0.9552881999,nan,0.0000001057,69.7577750238,nan,nan,nan,nan,nan,nan,nan
1437,42.6315789474,0.6220230019,nan,0.0000800336,40.9672744887,nan,nan,nan,nan,nan,nan,nan
1438,42.6315789474,0.1116462603,nan,0.0083482227,20.7840597638,nan,nan,nan,nan,nan,nan,nan
1439,42.6315789474,0.5173215872,nan,0.0003561240,34.4839870800,nan,nan,nan,nan,nan,nan,nan
1440,42.6315789474,0.9395187647,nan,0.0000001544,68.1145330240,nan,nan,nan,nan,nan,nan,nan
1441,42.6315789474,0.1930643401,nan,0.0061774385,22.0919156965,nan,nan,nan,nan,nan,nan,nan
1442,42.6315789474,0.6476879172,nan,0.0000531771,42.7427500998,nan,nan,nan,nan,nan,nan,nan
1443,42.6315789474,0.3643018509,nan,0.0019076085,27.1951076223,nan,nan,nan,nan,nan,nan,nan
1444,42.6315789474,0.3782067491,nan,0.0016785562,27.7506410401,nan,nan,nan,nan,nan,nan,nan
1445,42.6315789474,0.3728324428,nan,0.0017646556,27.5334004472,nan,nan,nan,nan,nan,nan,nan
1446,42.6315789474,0.3256109021,nan,0.0026538412,25.7612507069,nan,nan,nan,nan,nan,nan,nan
1447,42.6315789474,0.2801945822,nan,0.0037258055,24.2877982577,nan,nan,nan,nan,nan,nan,nan
1448,42.6315789474,0.8661364572,nan,0.0000008250,60.8357015628,nan,nan,nan,nan,nan,nan,nan
1449,42.6315789474,0.6329945971,nan,0.0000673396,41.7172917441,nan,nan,nan,nan,nan,nan,nan
1450,42.6315789474,0.1625443352,nan,0.0070504171,21.5178518664,nan,nan,nan,nan,nan,nan,nan
1451,42.6315789474,0.5567508756,nan,0.0002097773,36.7824150835,nan,nan,nan,nan,nan,nan,nan
1452,42.6315789474,0.7203977410,nan,0.0000152337,48.1719483206,nan,nan,nan,nan,nan,nan,nan
1453,42.6315789474,0.7373684310,nan,0.0000111579,49.5241906780,nan,nan,nan,nan,nan,nan,nan
1454,42.6315789474,0.5074693314,nan,0.0004039589,33.9366285607,nan,nan,nan,nan,nan,nan,nan
1455,42.6315789474,0.2845706490,nan,0.0036141528,24.4199349499,nan,nan,nan,nan,nan,nan,nan
1456,42.6315789474,0.3401716950,nan,0.0023542079,26.2815519452,nan,nan,nan,nan,nan,nan,nan
1457,42.6315789474,0.3804766712,nan,0.0016431031,27.8433517489,nan,nan,nan,nan,nan,nan,nan
1458,42.6315789474,0.6840759810,nan,0.0000289334,45.3860085260,nan,nan,nan,nan,nan,nan,nan
1459,42.6315789474,0.4520605522,nan,0.0007836615,31.0587148408,nan,nan,nan,nan,nan,nan,nan
1460,42.6315789474,0.5288693843,nan,0.0003062487,35.1392569955,nan,nan,nan,nan,nan,nan,nan
1461,42.6315789474,0.2897044297,nan,0.0034852805,24.5776226527,nan,nan,nan,nan,nan,nan,nan
1462,42.6315789474,0.6984686032,nan,0.0000225304,46.4723092878,nan,nan,nan,nan,nan,nan,nan
1463,42.6315789474,0.6359052576,nan,0.0000642907,41.9185166654,nan,nan,nan,nan,nan,nan,nan
1464,42.6315789474,0.2542307658,nan,0.0044188814,23.5468765425,nan,nan,nan,nan,nan,nan,nan
1465,42.6315789474,0.2051526066,nan,0.0058247888,22.3471981801,nan,nan,nan,nan,nan,nan,nan
1466,42.6315789474,0.5136514286,nan,0.0003733510,34.2788265617,nan,nan,nan,nan,nan,nan,nan
1467,42.6315789474,0.4527573433,nan,0.0007775359,31.0927952392,nan,nan,nan,nan,nan,nan,nan
1468,42.6315789474,0.3223347468,nan,0.0027243366,25.6473923576,nan,nan,nan,nan,nan,nan,nan
1469,42.6315789474,0.1668248195,nan,0.0069306039,21.5922892326,nan,nan,nan,nan,nan,nan,nan
1470,42.6315789474,0.0560541637,nan,0.0093340396,20.2993036139,nan,nan,nan,nan,nan,nan,nan
1471,42.6315789474,0.5635780053,nan,0.0001906369,37.1979298659,nan,nan,nan,nan,nan,nan,nan
1472,42.6315789474,0.5020691568,nan,0.0004323962,33.6411814408,nan,nan,nan,nan,nan,nan,nan
1473,42.6315789474,0.4886164991,nan,0.0005105945,32.9192390257,nan,nan,nan,nan,nan,nan,nan
1474,42.6315789474,0.1935752088,nan,0.0061625670,22.1023834295,nan,nan,nan,nan,nan,nan,nan
1475,42.6315789474,0.1721334396,nan,0.0067805402,21.6873570558,nan,nan,nan,nan,nan,nan,nan
1476,42.6315789474,0.5926399694,nan,0.0001251781,39.0247154581,nan,nan,nan,nan,nan,nan,nan
1477,42.6315789474,0.5750580094,nan,0.0001618708,37.9083150360,nan,nan,nan,nan,nan,nan,nan
1478,42.6315789474,0.7206313532,nan,0.0000151693,48.1903441041,nan,nan,nan,nan,nan,nan,nan
1479,42.6315789474,0.2856538012,nan,0.0035867701,24.4529646088,nan,nan,nan,nan,nan,nan,nan
1480,42.6315789474,0.4887564897,nan,0.0005097241,32.9266483831,nan,nan,nan,nan,nan,nan,nan
1481,42.6315789474,0.6171880491,nan,0.0000862777,40.6410167559,nan,nan,nan,nan,nan,nan,nan
1482,42.6315789474,0.4823261119,nan,0.0005509922,32.5885455805,nan,nan,nan,nan,nan,nan,nan
1483,42.6315789474,0.2887218791,nan,0.0035097650,24.5472196641,nan,nan,nan,nan,nan,nan,nan
1484,42.6315789474,0.7682088938,nan,0.0000062171,52.0640997477,nan,nan,nan,nan,nan,nan,nan
1485,42.6315789474,0.6005962389,nan,0.0001111419,39.5412230351,nan,nan,nan,nan,nan,nan,nan
1486,42.6315789474,0.3356597172,nan,0.0024446489,26.1178350254,nan,nan,nan,nan,nan,nan,nan
1487,42.6315789474,0.2288786928,nan,0.0051352135,22.8944149935,nan,nan,nan,nan,nan,nan,nan
1488,42.6315789474,0.1957435537,nan,0.0060994011,22.1471280396,nan,nan,nan,nan,nan,nan,nan
1489,42.6315789474,0.2595531019,nan,0.0042729155,23.6927569712,nan,nan,nan,nan,nan,nan,nan
1490,42.6315789474,0.3457694419,nan,0.0022450315,26.4877756741,nan,nan,nan,nan,nan,nan,nan
1491,42.6315789474,0.3061488039,nan,0.0030887629,25.1021542152,nan,nan,nan,nan,nan,nan,nan
1492,42.6315789474,0.5866075767,nan,0.0001368422,38.6378000575,nan,nan,nan,nan,nan,nan,nan
1493,42.6315789474,0.5399808936,nan,0.0002640129,35.7837479872,nan,nan,nan,nan,nan,nan,nan
1494,42.6315789474,0.6035564515,nan,0.0001062871,39.7351942731,nan,nan,nan,nan,nan,nan,nan
1495,42.6315789474,0.8149326842,nan,0.0000024462,56.1150895546,nan,nan,nan,nan,nan,nan,nan
1496,42.6315789474,0.4334608340,nan,0.0009618691,30.1688401141,nan,nan,nan,nan,nan,nan,nan
1497,42.6315789474,0.1877824997,nan,0.0063308944,21.9853492920,nan,nan,nan,nan,nan,nan,nan
1498,42.6315789474,0.7716513878,nan,0.0000058154,52.3542185254,nan,nan,nan,nan,nan,nan,nan
1499,42.6315789474,0.3134904407,nan,0.0029201808,25.3459026336,nan,nan,nan,nan,nan,nan,nan
1500,42.6315789474,0.5939461781,nan,0.0001227714,39.1090287425,nan,nan,nan,nan,nan,nan,nan
1501,42.6315789474,0.4819947663,nan,0.0005531911,32.5712478903,nan,nan,nan,nan,nan,nan,nan
1502,42.6315789474,0.2602128816,nan,0.0042549490,23.7110564198,nan,nan,nan,nan,nan,nan,nan
1503,42.6315789474,0.3436468510,nan,0.0022860341,26.4091729840,nan,nan,nan,nan,nan,nan,nan
1504,42.6315789474,0.4453136241,nan,0.0008449875,30.7314969904,nan,nan,nan,nan,nan,nan,nan
1505,42.6315789474,0.6325557705,nan,0.0000678104,41.6870359593,nan,nan,nan,nan,nan,nan,nan
1506,42.6315789474,0.7647791378,nan,0.0000066430,51.7763744395,nan,nan,nan,nan,nan,nan,nan
1507,42.6315789474,0.1022009801,nan,0.0085536533,20.6784835487,nan,nan,nan,nan,nan,nan,nan
1508,42.6315789474,0.5555518231,nan,0.0002133058,36.7099729606,nan,nan,nan,nan,nan,nan,nan
1509,42.6315789474,0.6934829570,nan,0.0000245845,46.0933914551,nan,nan,nan,nan,nan,nan,nan
1510,42.6315789474,0.6714898704,nan,0.0000358507,44.4550213043,nan,nan,nan,nan,nan,nan,nan
1511,42.6315789474,1.0421496029,nan,0.0000000117,79.3111634468,nan,nan,nan,nan,nan,nan,nan
1512,42.6315789474,0.5444775441,nan,0.0002484013,36.0484611380,nan,nan,nan,nan,nan,nan,nan
1513,42.6315789474,1.2823844488,nan,0.0000000000,110.1699644558,nan,nan,nan,nan,nan,nan,nan
1514,42.6315789474,0.6668857279,nan,0.0000387358,44.1188744462,nan,nan,nan,nan,nan,nan,nan
1515,42.6315789474,0.6184784634,nan,0.0000845700,40.7278377441,nan,nan,nan,nan,nan,nan,nan
1516,42.6315789474,0.3002620178,nan,0.0032277681,24.9109767270,nan,nan,nan,nan,nan,nan,nan
1517,42.6315789474,0.8255173202,nan,0.0000019648,57.0667908419,nan,nan,nan,nan,nan,nan,nan
1518,42.6315789474,0.2268757003,nan,0.0051929587,22.8458513193,nan,nan,nan,nan,nan,nan,nan
1519,42.6315789474,0.3170053311,nan,0.0028413893,25.4646925386,nan,nan,nan,nan,nan,nan,nan
1520,42.6315789474,0.6117341684,nan,0.0000938400,40.2761208673,nan,nan,nan,nan,nan,nan,nan
1521,42.6315789474,0.4284507141,nan,0.0010149212,29.9356768587,nan,nan,nan,nan,nan,nan,nan
1522,42.6315789474,0.7111085936,nan,0.0000180077,47.4454206026,nan,nan,nan,nan,nan,nan,nan
1523,42.6315789474,0.5584080605,nan,0.0002049841,36.8827988919,nan,nan,nan,nan,nan,nan,nan
1524,42.6315789474,0.3508146460,nan,0.0021495151,26.6765950665,nan,nan,nan,nan,nan,nan,nan
1525,42.6315789474,0.5518139621,nan,0.0002246378,36.4851714504,nan,nan,nan,nan,nan,nan,nan
1526,42.6315789474,0.6739895449,nan,0.0000343676,44.6385129712,nan,nan,nan,nan,nan,nan,nan
1527,42.6315789474,0.4860826791,nan,0.0005265619,32.7855055838,nan,nan,nan,nan,nan,nan,nan
1528,42.6315789474,0.3095949452,nan,0.0030089620,25.2158329087,nan,nan,nan,nan,nan,nan,nan
1529,42.6315789474,1.0574281071,nan,0.0000000078,81.0795271857,nan,nan,nan,nan,nan,nan,nan
1530,42.6315789474,0.6018966361,nan,0.0001089855,39.6263128233,nan,nan,nan,nan,nan,nan,nan
1531,42.6315789474,1.3480243044,nan,0.0000000000,119.7381930476,nan,nan,nan,nan,nan,nan,nan
1532,42.6315789474,1.1126334984,nan,0.0000000017,87.6887062699,nan,nan,nan,nan,nan,nan,nan
1533,42.6315789474,0.4035795214,nan,0.0013124259,28.8192521197,nan,nan,nan,nan,nan,nan,nan
1534,42.6315789474,0.3488366322,nan,0.0021866369,26.6022333089,nan,nan,nan,nan,nan,nan,nan
1535,42.6315789474,0.4395310015,nan,0.0009005227,30.4550531673,nan,nan,nan,nan,nan,nan,nan
1536,42.6315789474,0.6201551195,nan,0.0000823963,40.8409228490,nan,nan,nan,nan,nan,nan,nan
1537,42.6315789474,0.2225576965,nan,0.0053178435,22.7426444729,nan,nan,nan,nan,nan,nan,nan
1538,42.6315789474,0.8256697816,nan,0.0000019586,57.0805909947,nan,nan,nan,nan,nan,nan,nan
1539,42.6315789474,0.1021445367,nan,0.0085548395,20.6778813187,nan,nan,nan,nan,nan,nan,nan
1540,42.6315789474,0.2450261302,nan,0.0046753241,23.3018827379,nan,nan,nan,nan,nan,nan,nan
1541,42.6315789474,0.7118794297,nan,0.0000177609,47.5053425469,nan,nan,nan,nan,nan,nan,nan
1542,42.6315789474,0.1520425569,nan,0.0073390378,21.3436087648,nan,nan,nan,nan,nan,nan,nan
1543,42.6315789474,0.6766381597,nan,0.0000328572,44.8336990994,nan,nan,nan,nan,nan,nan,nan
1544,42.6315789474,0.4979787969,nan,0.0004550354,33.4195477253,nan,nan,nan,nan,nan,nan,nan
1545,42.6315789474,0.7523150974,nan,0.0000084298,50.7418467332,nan,nan,nan,nan,nan,nan,nan
1546,42.6315789474,0.6097270245,nan,0.0000967684,40.1426656747,nan,nan,nan,nan,nan,nan,nan
1547,42.6315789474,0.3978312838,nan,0.0013896527,28.5709372256,nan,nan,nan,nan,nan,nan,nan
1548,42.6315789474,0.3354222426,nan,0.0024494692,26.1092802312,nan,nan,nan,nan,nan,nan,nan
1549,42.6315789474,0.3625304440,nan,0.0019382668,27.1258644576,nan,nan,nan,nan,nan,nan,nan
1550,42.6315789474,1.2022856693,nan,0.0000000001,99.1556048088,nan,nan,nan,nan,nan,nan,nan
1551,42.6315789474,0.4058505461,nan,0.0012828145,28.9183614890,nan,nan,nan,nan,nan,nan,nan
1552,42.6315789474,0.1376747944,nan,0.0077188262,21.1244873929,nan,nan,nan,nan,nan,nan,nan
1553,42.6315789474,0.9831006780,nan,0.0000000534,72.7241862865,nan,nan,nan,nan,nan,nan,nan
1554,42.6315789474,0.7601792232,nan,0.0000072568,51.3925517020,nan,nan,nan,nan,nan,nan,nan
1555,42.6315789474,0.0867135998,nan,0.0088593277,20.5259923337,nan,nan,nan,nan,nan,nan,nan
1556,42.6315789474,0.5693623051,nan,0.0001756293,37.5540314273,nan,nan,nan,nan,nan,nan,nan
1557,42.6315789474,0.6146363018,nan,0.0000897454,40.4698776571,nan,nan,nan,nan,nan,nan,nan
1558,42.6315789474,0.5794885539,nan,0.0001518309,38.1863988733,nan,nan,nan,nan,nan,nan,nan
1559,42.6315789474,0.7025751408,nan,0.0000209580,46.7864996326,nan,nan,nan,nan,nan,nan,nan
1560,42.6315789474,0.3580499421,nan,0.0020173136,26.9522659014,nan,nan,nan,nan,nan,nan,nan
1561,42.6315789474,0.2403257385,nan,0.0048080170,23.1803400221,nan,nan,nan,nan,nan,nan,nan
1562,42.6315789474,0.7902423255,nan,0.0000040328,53.9439292756,nan,nan,nan,nan,nan,nan,nan
1563,42.6315789474,0.9247020861,nan,0.0000002190,66.5960709434,nan,nan,nan,nan,nan,nan,nan
1564,42.6315789474,0.9954243660,nan,0.0000000392,74.0664569879,nan,nan,nan,nan,nan,nan,nan
1565,42.6315789474,0.1239711534,nan,0.0080608497,20.9361917443,nan,nan,nan,nan,nan,nan,nan
1566,42.6315789474,0.3268815721,nan,0.0026268010,25.8057282508,nan,nan,nan,nan,nan,nan,nan
1567,42.6315789474,0.3081228577,nan,0.0030429068,25.1671134930,nan,nan,nan,nan,nan,nan,nan
1568,42.6315789474,0.3581114207,nan,0.0020162144,26.9546329657,nan,nan,nan,nan,nan,nan,nan
1569,42.6315789474,0.4394513261,nan,0.0009013075,30.4512700290,nan,nan,nan,nan,nan,nan,nan
1570,42.6315789474,0.6822282878,nan,0.0000298660,45.2482277799,nan,nan,nan,nan,nan,nan,nan
1571,42.6315789474,0.2500685237,nan,0.0045342474,23.4349478722,nan,nan,nan,nan,nan,nan,nan
1572,42.6315789474,0.4773330956,nan,0.0005849008,32.3291776031,nan,nan,nan,nan,nan,nan,nan
1573,42.6315789474,0.6376954044,nan,0.0000624778,42.0427454400,nan,nan,nan,nan,nan,nan,nan
1574,42.6315789474,0.4560704289,nan,0.0007489322,31.2555747915,nan,nan,nan,nan,nan,nan,nan
1575,42.6315789474,0.5607792774,nan,0.0001982912,37.0269661030,nan,nan,nan,nan,nan,nan,nan
1576,42.6315789474,0.5381201960,nan,0.0002707156,35.6748677110,nan,nan,nan,nan,nan,nan,nan
1577,42.6315789474,0.6851637749,nan,0.0000283968,45.4673026433,nan,nan,nan,nan,nan,nan,nan
1578,42.6315789474,0.0702891218,nan,0.0091365703,20.3921680043,nan,nan,nan,nan,nan,nan,nan
1579,42.6315789474,0.2486732913,nan,0.0045731441,23.3978511327,nan,nan,nan,nan,nan,nan,nan
1580,42.6315789474,0.4610035891,nan,0.0007079127,31.5002030569,nan,nan,nan,nan,nan,nan,nan
1581,42.6315789474,0.1964263816,nan,0.0060794962,22.1613240538,nan,nan,nan,nan,nan,nan,nan
1582,42.6315789474,0.6214093257,nan,0.0000808031,40.9257198860,nan,nan,nan,nan,nan,nan,nan
1583,42.6315789474,0.4298999259,nan,0.0009993472,30.0028358188,nan,nan,nan,nan,nan,nan,nan
1584,42.6315789474,0.8302662251,nan,0.0000017792,57.4978658561,nan,nan,nan,nan,nan,nan,nan
1585,42.6315789474,0.0785461688,nan,0.0090035460,20.4558640997,nan,nan,nan,nan,nan,nan,nan
1586,42.6315789474,1.0048437239,nan,0.0000000309,75.1039326935,nan,nan,nan,nan,nan,nan,nan
1587,42.6315789474,0.2096953258,nan,0.0056921537,22.4472338094,nan,nan,nan,nan,nan,nan,nan
1588,42.6315789474,0.2530144830,nan,0.0044524870,23.5139734253,nan,nan,nan,nan,nan,nan,nan
1589,42.6315789474,0.5889990777,nan,0.0001321081,38.7907054165,nan,nan,nan,nan,nan,nan,nan
1590,42.6315789474,0.1924324986,nan,0.0061958253,22.0790083749,nan,nan,nan,nan,nan,nan,nan
1591,42.6315789474,0.5490871553,nan,0.0002332300,36.3221561365,nan,nan,nan,nan,nan,nan,nan
1592,42.6315789474,0.5372562591,nan,0.0002738770,35.6244444560,nan,nan,nan,nan,nan,nan,nan
1593,42.6315789474,0.4677821370,nan,0.0006545254,31.8407348667,nan,nan,nan,nan,nan,nan,nan
1594,42.6315789474,1.1029646312,nan,0.0000000022,86.5062921562,nan,nan,nan,nan,nan,nan,nan
1595,42.6315789474,0.1100208612,nan,0.0083845323,20.7652116003,nan,nan,nan,nan,nan,nan,nan
1596,42.6315789474,0.4180407488,nan,0.0011323794,29.4600803255,nan,nan,nan,nan,nan,nan,nan
1597,42.6315789474,0.3154173974,nan,0.0028768296,25.4108585903,nan,nan,nan,nan,nan,nan,nan
1598,42.6315789474,0.2195888919,nan,0.0054039801,22.6728626105,nan,nan,nan,nan,nan,nan,nan
1599,42.6315789474,0.1966518151,nan,0.0060729235,22.1660219305,nan,nan,nan,nan,nan,nan,nan
1600,42.6315789474,0.2692761248,nan,0.0040112109,23.9672450539,nan,nan,nan,nan,nan,nan,nan
1601,42.6315789474,0.5223202880,nan,0.0003337477,34.7658171374,nan,nan,nan,nan,nan,nan,nan
1602,42.6315789474,0.9382128203,nan,0.0000001592,67.9797029055,nan,nan,nan,nan,nan,nan,nan
1603,42.6315789474,0.4956223830,nan,0.0004685210,33.2927090523,nan,nan,nan,nan,nan,nan,nan
1604,42.6315789474,0.3529209658,nan,0.0021104480,26.7562534362,nan,nan,nan,nan,nan,nan,nan
1605,42.6315789474,0.4196578713,nan,0.0011134799,29.5331759914,nan,nan,nan,nan,nan,nan,nan
1606,42.6315789474,0.3552602627,nan,0.0020676191,26.8452946492,nan,nan,nan,nan,nan,nan,nan
1607,42.6315789474,0.4856494451,nan,0.0005293329,32.7627109906,nan,nan,nan,nan,nan,nan,nan
1608,42.6315789474,0.1489525195,nan,0.0074223165,21.2946053227,nan,nan,nan,nan,nan,nan,nan
1609,42.6315789474,0.6158869628,nan,0.0000880306,40.5536656033,nan,nan,nan,nan,nan,nan,nan
1610,42.6315789474,0.1781596045,nan,0.0066085029,21.7989691212,nan,nan,nan,nan,nan,nan,nan
1611,42.6315789474,0.5218658694,nan,0.0003357313,34.7400821145,nan,nan,nan,nan,nan,nan,nan
1612,42.6315789474,0.0635263565,nan,0.0092355340,20.3453799021,nan,nan,nan,nan,nan,nan,nan
1613,42.6315789474,0.4043873666,nan,0.0013018346,28.8544419272,nan,nan,nan,nan,nan,nan,nan
1614,42.6315789474,0.4040977572,nan,0.0013056242,28.8418182349,nan,nan,nan,nan,nan,nan,nan
1615,42.6315789474,0.6822810664,nan,0.0000298390,45.2521581350,nan,nan,nan,nan,nan,nan,nan
1616,42.6315789474,0.3562497699,nan,0.0020496799,26.8831396706,nan,nan,nan,nan,nan,nan,nan
1617,42.6315789474,0.4931698756,nan,0.0004829085,33.1613517217,nan,nan,nan,nan,nan,nan,nan
1618,42.6315789474,0.2410275999,nan,0.0047881354,23.1983357585,nan,nan,nan,nan,nan,nan,nan
1619,42.6315789474,0.7816587325,nan,0.0000047806,53.2051340181,nan,nan,nan,nan,nan,nan,nan
1620,42.6315789474,0.2764141457,nan,0.0038235489,24.1753335490,nan,nan,nan,nan,nan,nan,nan
1621,42.6315789474,0.1675420979,nan,0.0069104187,21.6049563640,nan,nan,nan,nan,nan,nan,nan
1622,42.6315789474,0.2225177153,nan,0.0053190021,22.7416983420,nan,nan,nan,nan,nan,nan,nan
1623,42.6315789474,0.1154452048,nan,0.0082618711,20.8292158754,nan,nan,nan,nan,nan,nan,nan
1624,42.6315789474,0.8383016981,nan,0.0000015021,58.2330379449,nan,nan,nan,nan,nan,nan,nan
1625,42.6315789474,0.2708142146,nan,0.0039704407,24.0116128106,nan,nan,nan,nan,nan,nan,nan
1626,42.6315789474,0.2643144847,nan,0.0041439225,23.8258837824,nan,nan,nan,nan,nan,nan,nan
1627,42.6315789474,0.4886695217,nan,0.0005102647,32.9220451263,nan,nan,nan,nan,nan,nan,nan
1628,42.6315789474,0.5070987858,nan,0.0004058586,33.9162524130,nan,nan,nan,nan,nan,nan,nan
1629,42.6315789474,0.3296832338,nan,0.0025677800,25.9044218132,nan,nan,nan,nan,nan,nan,nan
1630,42.6315789474,0.3358596179,nan,0.0024405960,26.1250410580,nan,nan,nan,nan,nan,nan,nan
1631,42.6315789474,0.3363239292,nan,0.0024311987,26.1417955230,nan,nan,nan,nan,nan,nan,nan
1632,42.6315789474,0.5290684346,nan,0.0003054442,35.1506817221,nan,nan,nan,nan,nan,nan,nan
1633,42.6315789474,0.5832109381,nan,0.0001438228,38.4217233343,nan,nan,nan,nan,nan,nan,nan
1634,42.6315789474,0.3605671511,nan,0.0019726389,27.0495240888,nan,nan,nan,nan,nan,nan,nan
1635,42.6315789474,0.3029724550,nan,0.0031633495,24.9985282648,nan,nan,nan,nan,nan,nan,nan
1636,42.6315789474,0.8114048652,nan,0.0000026299,55.8006832659,nan,nan,nan,nan,nan,nan,nan
1637,42.6315789474,0.0731825209,nan,0.0090914569,20.4136651365,nan,nan,nan,nan,nan,nan,nan
1638,42.6315789474,0.0827615236,nan,0.0089306429,20.4911727834,nan,nan,nan,nan,nan,nan,nan
1639,42.6315789474,0.6489775491,nan,0.0000520726,42.8339040707,nan,nan,nan,nan,nan,nan,nan
1640,42.6315789474,0.9130731582,nan,0.0000002870,65.4215975303,nan,nan,nan,nan,nan,nan,nan
1641,42.6315789474,0.6558410721,nan,0.0000465355,43.3221544619,nan,nan,nan,nan,nan,nan,nan
1642,42.6315789474,0.4961585931,nan,0.0004654234,33.3215175239,nan,nan,nan,nan,nan,nan,nan
1643,42.6315789474,0.2611508822,nan,0.0042294565,23.7371543615,nan,nan,nan,nan,nan,nan,nan
1644,42.6315789474,0.3741307669,nan,0.0017435765,27.5855899473,nan,nan,nan,nan,nan,nan,nan
1645,42.6315789474,0.5398602819,nan,0.0002644430,35.7766786381,nan,nan,nan,nan,nan,nan,nan
1646,42.6315789474,0.5769498498,nan,0.0001575147,38.0267895236,nan,nan,nan,nan,nan,nan,nan
1647,42.6315789474,0.6131559215,nan,0.0000918137,40.3709249309,nan,nan,nan,nan,nan,nan,nan
1648,42.6315789474,1.0600699054,nan,0.0000000073,81.3879648451,nan,nan,nan,nan,nan,nan,nan
1649,42.6315789474,0.1665333441,nan,0.0069387978,21.5871576686,nan,nan,nan,nan,nan,nan,nan
1650,42.6315789474,0.2240180936,nan,0.0052755494,22.7773230744,nan,nan,nan,nan,nan,nan,nan
1651,42.6315789474,0.8399909440,nan,0.0000014493,58.3885102356,nan,nan,nan,nan,nan,nan,nan
1652,42.6315789474,0.1714221852,nan,0.0068007327,21.6744429713,nan,nan,nan,nan,nan,nan,nan
1653,42.6315789474,0.4806202141,nan,0.0005623905,32.4996201480,nan,nan,nan,nan,nan,nan,nan
1654,42.6315789474,0.5413904200,nan,0.0002590309,35.8664836348,nan,nan,nan,nan,nan,nan,nan
1655,42.6315789474,0.6493109587,nan,0.0000517905,42.8575003651,nan,nan,nan,nan,nan,nan,nan
1656,42.6315789474,0.4398738735,nan,0.0008971517,30.4713413786,nan,nan,nan,nan,nan,nan,nan
1657,42.6315789474,0.5958574718,nan,0.0001193235,39.2327414405,nan,nan,nan,nan,nan,nan,nan
1658,42.6315789474,0.7141515026,nan,0.0000170516,47.6823515705,nan,nan,nan,nan,nan,nan,nan
1659,42.6315789474,0.7546880302,nan,0.0000080585,50.9374619616,nan,nan,nan,nan,nan,nan,nan
1660,42.6315789474,0.6326329782,nan,0.0000677274,41.6923576421,nan,nan,nan,nan,nan,nan,nan
1661,42.6315789474,0.4802715677,nan,0.0005647438,32.4814855109,nan,nan,nan,nan,nan,nan,nan
1662,42.6315789474,1.2163448983,nan,0.0000000001,101.0363126324,nan,nan,nan,nan,nan,nan,nan
1663,42.6315789474,0.9598051738,nan,0.0000000948,70.2336201284,nan,nan,nan,nan,nan,nan,nan
1664,42.6315789474,0.2417438548,nan,0.0047678700,23.2167559131,nan,nan,nan,nan,nan,nan,nan
1665,42.6315789474,0.1956444189,nan,0.0061022905,22.1450712300,nan,nan,nan,nan,nan,nan,nan
1666,42.6315789474,0.4864847048,nan,0.0005240013,32.8066767618,nan,nan,nan,nan,nan,nan,nan
1667,42.6315789474,0.0767138199,nan,0.0090341967,20.4411045725,nan,nan,nan,nan,nan,nan,nan
1668,42.6315789474,0.6910396905,nan,0.0000256524,45.9087130098,nan,nan,nan,nan,nan,nan,nan
1669,42.6315789474,0.7593640767,nan,0.0000073709,51.3247819887,nan,nan,nan,nan,nan,nan,nan
1670,42.6315789474,0.3234803017,nan,0.0026995597,25.6870706097,nan,nan,nan,nan,nan,nan,nan
1671,42.6315789474,0.5751589981,nan,0.0001616356,37.9146292837,nan,nan,nan,nan,nan,nan,nan
1672,42.6315789474,0.5524708848,nan,0.0002226093,36.5245674544,nan,nan,nan,nan,nan,nan,nan
1673,42.6315789474,0.7791611436,nan,0.0000050214,52.9917156046,nan,nan,nan,nan,nan,nan,nan
1674,42.6315789474,0.7306712929,nan,0.0000126278,48.9867072334,nan,nan,nan,nan,nan,nan,nan
1675,42.6315789474,0.5487728758,nan,0.0002342383,36.3034208351,nan,nan,nan,nan,nan,nan,nan
1676,42.6315789474,0.7234207938,nan,0.0000144196,48.4104700796,nan,nan,nan,nan,nan,nan,nan
1677,42.6315789474,0.5646320462,nan,0.0001878217,37.2625430459,nan,nan,nan,nan,nan,nan,nan
1678,42.6315789474,0.2227625612,nan,0.0053119072,22.7474951961,nan,nan,nan,nan,nan,nan,nan
1679,42.6315789474,0.7716741415,nan,0.0000058128,52.3561405289,nan,nan,nan,nan,nan,nan,nan
1680,42.6315789474,0.3939402283,nan,0.0014438038,28.4049182783,nan,nan,nan,nan,nan,nan,nan
1681,42.6315789474,0.7568458239,nan,0.0000077341,51.1158892401,nan,nan,nan,nan,nan,nan,nan
1682,42.6315789474,0.6371006804,nan,0.0000630749,42.0014344172,nan,nan,nan,nan,nan,nan,nan
1683,42.6315789474,0.4845391336,nan,0.0005364896,32.7043869330,nan,nan,nan,nan,nan,nan,nan
1684,42.6315789474,0.6162055134,nan,0.0000875985,40.5750347266,nan,nan,nan,nan,nan,nan,nan
1685,42.6315789474,0.2381308873,nan,0.0048703363,23.1244105248,nan,nan,nan,nan,nan,nan,nan
1686,42.6315789474,0.4949815321,nan,0.0004722456,33.2583204517,nan,nan,nan,nan,nan,nan,nan
1687,42.6315789474,0.3829884264,nan,0.0016045005,27.9466013660,nan,nan,nan,nan,nan,nan,nan
1688,42.6315789474,0.3669880749,nan,0.0018617573,27.3007694352,nan,nan,nan,nan,nan,nan,nan
1689,42.6315789474,0.2116857485,nan,0.0056340779,22.4917715524,nan,nan,nan,nan,nan,nan,nan
1690,42.6315789474,0.4805723134,nan,0.0005627133,32.4971278229,nan,nan,nan,nan,nan,nan,nan
1691,42.6315789474,1.3109175512,nan,0.0000000000,114.2691553529,nan,nan,nan,nan,nan,nan,nan
1692,42.6315789474,0.7277304150,nan,0.0000133282,48.7522705839,nan,nan,nan,nan,nan,nan,nan
1693,42.6315789474,0.5931129562,nan,0.0001243019,39.0552239194,nan,nan,nan,nan,nan,nan,nan
1694,42.6315789474,1.1085487270,nan,0.0000000019,87.1878877193,nan,nan,nan,nan,nan,nan,nan
1695,42.6315789474,0.4543685790,nan,0.0007635180,31.1718072776,nan,nan,nan,nan,nan,nan,nan
1696,42.6315789474,0.4390111501,nan,0.0009056529,30.4303822956,nan,nan,nan,nan,nan,nan,nan
1697,42.6315789474,0.2776712550,nan,0.0037909164,24.2125579752,nan,nan,nan,nan,nan,nan,nan
1698,42.6315789474,0.3365708640,nan,0.0024262102,26.1507157003,nan,nan,nan,nan,nan,nan,nan
1699,42.6315789474,0.1665483161,nan,0.0069383770,21.5874210336,nan,nan,nan,nan,nan,nan,nan
1700,42.6315789474,0.6119823824,nan,0.0000934834,40.2926558209,nan,nan,nan,nan,nan,nan,nan
1701,42.6315789474,0.6833271616,nan,0.0000293081,45.3301238106,nan,nan,nan,nan,nan,nan,nan
1702,42.6315789474,0.5687912729,nan,0.0001770634,37.5187111599,nan,nan,nan,nan,nan,nan,nan
1703,42.6315789474,0.5083978686,nan,0.0003992312,33.9877553538,nan,nan,nan,nan,nan,nan,nan
1704,42.6315789474,0.5221083823,nan,0.0003346714,34.7538134581,nan,nan,nan,nan,nan,nan,nan
1705,42.6315789474,0.8729409492,nan,0.0000007104,61.4851835303,nan,nan,nan,nan,nan,nan,nan
1706,42.6315789474,0.5817653614,nan,0.0001468875,38.3301526644,nan,nan,nan,nan,nan,nan,nan
1707,42.6315789474,0.7553396219,nan,0.0000079592,50.9912869358,nan,nan,nan,nan,nan,nan,nan
1708,42.6315789474,0.5705223718,nan,0.0001727469,37.6258971326,nan,nan,nan,nan,nan,nan,nan
1709,42.6315789474,1.2377867490,nan,0.0000000000,103.9476862143,nan,nan,nan,nan,nan,nan,nan
1710,42.6315789474,0.2203029264,nan,0.0053832451,22.6895584382,nan,nan,nan,nan,nan,nan,nan
1711,42.6315789474,0.8743483501,nan,0.0000006886,61.6201676818,nan,nan,nan,nan,nan,nan,nan
1712,42.6315789474,0.3238044594,nan,0.0026925734,25.6983245118,nan,nan,nan,nan,nan,nan,nan
1713,42.6315789474,0.7126039619,nan,0.0000175318,47.5617255612,nan,nan,nan,nan,nan,nan,nan
1714,42.6315789474,0.5922209513,nan,0.0001259590,38.9977088768,nan,nan,nan,nan,nan,nan,nan
1715,42.6315789474,0.4755644284,nan,0.0005973152,32.2379645354,nan,nan,nan,nan,nan,nan,nan
1716,42.6315789474,0.2709674353,nan,0.0039663892,24.0160467798,nan,nan,nan,nan,nan,nan,nan
1717,42.6315789474,0.7730045431,nan,0.0000056642,52.4686201524,nan,nan,nan,nan,nan,nan,nan
1718,42.6315789474,0.3493321970,nan,0.0021772970,26.6208232538,nan,nan,nan,nan,nan,nan,nan
1719,42.6315789474,0.3741741110,nan,0.0017428758,27.5873354782,nan,nan,nan,nan,nan,nan,nan
1720,42.6315789474,0.7461115980,nan,0.0000094767,50.2334326225,nan,nan,nan,nan,nan,nan,nan
1721,42.6315789474,0.7618293532,nan,0.0000070308,51.5299681136,nan,nan,nan,nan,nan,nan,nan
1722,42.6315789474,0.5012213867,nan,0.0004370093,33.5950931044,nan,nan,nan,nan,nan,nan,nan
1723,42.6315789474,0.6655818036,nan,0.0000395904,44.0241054010,nan,nan,nan,nan,nan,nan,nan
1724,42.6315789474,0.1509702062,nan,0.0073680299,21.3264862059,nan,nan,nan,nan,nan,nan,nan
1725,42.6315789474,0.8109324639,nan,0.0000026554,55.7586878823,nan,nan,nan,nan,nan,nan,nan
1726,42.6315789474,0.1867016865,nan,0.0063622165,21.9639155486,nan,nan,nan,nan,nan,nan,nan
1727,42.6315789474,0.2912038659,nan,0.0034480827,24.6242233268,nan,nan,nan,nan,nan,nan,nan
1728,42.6315789474,0.4512894025,nan,0.0007904856,31.0210601496,nan,nan,nan,nan,nan,nan,nan
1729,42.6315789474,0.4193544514,nan,0.0011170075,29.5194390774,nan,nan,nan,nan,nan,nan,nan
1730,42.6315789474,0.3815903243,nan,0.0016259065,27.8890444138,nan,nan,nan,nan,nan,nan,nan
1731,42.6315789474,0.2941285951,nan,0.0033761141,24.7158288581,nan,nan,nan,nan,nan,nan,nan
1732,42.6315789474,0.7974060102,nan,0.0000034939,54.5668336740,nan,nan,nan,nan,nan,nan,nan
1733,42.6315789474,0.8223629198,nan,0.0000020980,56.7818531727,nan,nan,nan,nan,nan,nan,nan
1734,42.6315789474,0.1855423970,nan,0.0063957779,21.9410662510,nan,nan,nan,nan,nan,nan,nan
1735,42.6315789474,0.4004207761,nan,0.0013544569,28.6823480780,nan,nan,nan,nan,nan,nan,nan
1736,42.6315789474,0.2413113337,nan,0.0047801047,23.2056259424,nan,nan,nan,nan,nan,nan,nan
1737,42.6315789474,0.2200587248,nan,0.0053903353,22.6838421822,nan,nan,nan,nan,nan,nan,nan
1738,42.6315789474,0.5079614028,nan,0.0004014476,33.9637109150,nan,nan,nan,nan,nan,nan,nan
1739,42.6315789474,0.5854072961,nan,0.0001392741,38.5612976645,nan,nan,nan,nan,nan,nan,nan
1740,42.6315789474,0.4946841332,nan,0.0004739825,33.2423772454,nan,nan,nan,nan,nan,nan,nan
1741,42.6315789474,0.1188963305,nan,0.0081816740,20.8715782923,nan,nan,nan,nan,nan,nan,nan
1742,42.6315789474,0.4730311595,nan,0.0006154711,32.1079232218,nan,nan,nan,nan,nan,nan,nan
1743,42.6315789474,0.8293709839,nan,0.0000018128,57.4164080763,nan,nan,nan,nan,nan,nan,nan
1744,42.6315789474,0.1537505554,nan,0.0072926656,21.3711370109,nan,nan,nan,nan,nan,nan,nan
1745,42.6315789474,0.7284789493,nan,0.0000131466,48.8118493629,nan,nan,nan,nan,nan,nan,nan
1746,42.6315789474,0.9611256605,nan,0.0000000918,70.3731620279,nan,nan,nan,nan,nan,nan,nan
1747,42.6315789474,0.3687239462,nan,0.0018325372,27.3694719479,nan,nan,nan,nan,nan,nan,nan
1748,42.6315789474,0.8088220338,nan,0.0000027724,55.5713811689,nan,nan,nan,nan,nan,nan,nan
1749,42.6315789474,0.7721553772,nan,0.0000057586,52.3968040068,nan,nan,nan,nan,nan,nan,nan
1750,42.6315789474,0.8689196091,nan,0.0000007761,61.1007220537,nan,nan,nan,nan,nan,nan,nan
1751,42.6315789474,0.3791479846,nan,0.0016637899,27.7890151442,nan,nan,nan,nan,nan,nan,nan
1752,42.6315789474,0.5646258740,nan,0.0001878380,37.2621643268,nan,nan,nan,nan,nan,nan,nan
1753,42.6315789474,0.7942071048,nan,0.0000037257,54.2879682080,nan,nan,nan,nan,nan,nan,nan
1754,42.6315789474,0.3231243168,nan,0.0027072446,25.6747250384,nan,nan,nan,nan,nan,nan,nan
1755,42.6315789474,0.3113277569,nan,0.0029692820,25.2734856060,nan,nan,nan,nan,nan,nan,nan
1756,42.6315789474,0.8302057225,nan,0.0000017814,57.4923579051,nan,nan,nan,nan,nan,nan,nan
1757,42.6315789474,1.1717072121,nan,0.0000000003,95.1423475917,nan,nan,nan,nan,nan,nan,nan
1758,42.6315789474,0.7132272953,nan,0.0000173369,47.6102802627,nan,nan,nan,nan,nan,nan,nan
1759,42.6315789474,0.3588480198,nan,0.0020030759,26.9830259953,nan,nan,nan,nan,nan,nan,nan
1760,42.6315789474,1.0048895248,nan,0.0000000308,75.1090017754,nan,nan,nan,nan,nan,nan,nan
1761,42.6315789474,0.2445915006,nan,0.0046875477,23.2905430023,nan,nan,nan,nan,nan,nan,nan
1762,42.6315789474,0.0452782994,nan,0.0094553784,20.2432108396,nan,nan,nan,nan,nan,nan,nan
1763,42.6315789474,0.1843246528,nan,0.0064309900,21.9172216503,nan,nan,nan,nan,nan,nan,nan
1764,42.6315789474,0.4765246529,nan,0.0005905488,32.2874418955,nan,nan,nan,nan,nan,nan,nan
1765,42.6315789474,0.4246181334,nan,0.0010570154,29.7591867772,nan,nan,nan,nan,nan,nan,nan
1766,42.6315789474,0.8912685492,nan,0.0000004720,63.2604092708,nan,nan,nan,nan,nan,nan,nan
1767,42.6315789474,0.3670376757,nan,0.0018609179,27.3027279358,nan,nan,nan,nan,nan,nan,nan
1768,42.6315789474,0.7194296944,nan,0.0000155032,48.0957845657,nan,nan,nan,nan,nan,nan,nan
1769,42.6315789474,0.3884015514,nan,0.0015235334,28.1714801893,nan,nan,nan,nan,nan,nan,nan
1770,42.6315789474,0.1418248417,nan,0.0076111528,21.1854955900,nan,nan,nan,nan,nan,nan,nan
1771,42.6315789474,0.5312188005,nan,0.0002968667,35.2743850126,nan,nan,nan,nan,nan,nan,nan
1772,42.6315789474,0.6967003280,nan,0.0000232402,46.3375994032,nan,nan,nan,nan,nan,nan,nan
1773,42.6315789474,0.4964212256,nan,0.0004639125,33.3356393688,nan,nan,nan,nan,nan,nan,nan
1774,42.6315789474,0.8315210871,nan,0.0000017329,57.6121968111,nan,nan,nan,nan,nan,nan,nan
1775,42.6315789474,1.1438220280,nan,0.0000000007,91.5747698754,nan,nan,nan,nan,nan,nan,nan
1776,42.6315789474,0.2132576095,nan,0.0055882421,22.5272478418,nan,nan,nan,nan,nan,nan,nan
1777,42.6315789474,0.5964618436,nan,0.0001182512,39.2719453839,nan,nan,nan,nan,nan,nan,nan
1778,42.6315789474,0.5153938248,nan,0.0003650867,34.3760395057,nan,nan,nan,nan,nan,nan,nan
1779,42.6315789474,0.7665423053,nan,0.0000064208,51.9241235879,nan,nan,nan,nan,nan,nan,nan
1780,42.6315789474,0.6781953255,nan,0.0000319977,44.9488180246,nan,nan,nan,nan,nan,nan,nan
1781,42.6315789474,0.5889067669,nan,0.0001322881,38.7847915312,nan,nan,nan,nan,nan,nan,nan
1782,42.6315789474,0.7896287218,nan,0.0000040824,53.8908419861,nan,nan,nan,nan,nan,nan,nan
1783,42.6315789474,0.5163952705,nan,0.0003604072,34.4320652949,nan,nan,nan,nan,nan,nan,nan
1784,42.6315789474,0.7475971441,nan,0.0000092155,50.3547897972,nan,nan,nan,nan,nan,nan,nan
1785,42.6315789474,0.3481204598,nan,0.0022001812,26.5754155019,nan,nan,nan,nan,nan,nan,nan
1786,42.6315789474,0.2938456526,nan,0.0033830422,24.7069258769,nan,nan,nan,nan,nan,nan,nan
1787,42.6315789474,0.6085190453,nan,0.0000985698,40.0625633570,nan,nan,nan,nan,nan,nan,nan
1788,42.6315789474,0.7772215384,nan,0.0000052162,52.8264589167,nan,nan,nan,nan,nan,nan,nan
1789,42.6315789474,0.9005850700,nan,0.0000003822,64.1772867547,nan,nan,nan,nan,nan,nan,nan
1790,42.6315789474,0.2131597931,nan,0.0055910937,22.5250323281,nan,nan,nan,nan,nan,nan,nan
1791,42.6315789474,0.5073519865,nan,0.0004045597,33.9301741664,nan,nan,nan,nan,nan,nan,nan
1792,42.6315789474,0.4087694174,nan,0.0012454952,29.0465792617,nan,nan,nan,nan,nan,nan,nan
1793,42.6315789474,0.6762474038,nan,0.0000330761,44.8048536038,nan,nan,nan,nan,nan,nan,nan
1794,42.6315789474,0.3445551804,nan,0.0022684285,26.4427491442,nan,nan,nan,nan,nan,nan,nan
1795,42.6315789474,0.6734064002,nan,0.0000347085,44.5956441274,nan,nan,nan,nan,nan,nan,nan
1796,42.6315789474,0.3087081046,nan,0.0030293859,25.1864540545,nan,nan,nan,nan,nan,nan,nan
1797,42.6315789474,0.3130245241,nan,0.0029307190,25.3302581571,nan,nan,nan,nan,nan,nan,nan
1798,42.6315789474,0.6139169879,nan,0.0000907451,40.4217662205,nan,nan,nan,nan,nan,nan,nan
1799,42.6315789474,0.2053077802,nan,0.0058202571,22.3505782911,nan,nan,nan,nan,nan,nan,nan
1800,42.6315789474,0.3501954261,nan,0.0021610909,26.6532697521,nan,nan,nan,nan,nan,nan,nan
1801,42.6315789474,0.3147362535,nan,0.0028921104,25.3878513051,nan,nan,nan,nan,nan,nan,nan
1802,42.6315789474,0.5788904885,nan,0.0001531534,38.1487336945,nan,nan,nan,nan,nan,nan,nan
1803,42.6315789474,0.7774148996,nan,0.0000051965,52.8429146087,nan,nan,nan,nan,nan,nan,nan
1804,42.6315789474,0.2515932378,nan,0.0044918680,23.4757301888,nan,nan,nan,nan,nan,nan,nan
1805,42.6315789474,0.3705650389,nan,0.0018018965,27.4427014722,nan,nan,nan,nan,nan,nan,nan
1806,42.6315789474,0.4166010378,nan,0.0011494109,29.3952468439,nan,nan,nan,nan,nan,nan,nan
1807,42.6315789474,0.3204830290,nan,0.0027646748,25.5835595357,nan,nan,nan,nan,nan,nan,nan
1808,42.6315789474,0.4457175339,nan,0.0008412122,30.7509444480,nan,nan,nan,nan,nan,nan,nan
1809,42.6315789474,0.3704208202,nan,0.0018042837,27.4369516923,nan,nan,nan,nan,nan,nan,nan
1810,42.6315789474,0.3195498975,nan,0.0027851366,25.5515350145,nan,nan,nan,nan,nan,nan,nan
1811,42.6315789474,0.1794261843,nan,0.0065721465,21.8229276126,nan,nan,nan,nan,nan,nan,nan
1812,42.6315789474,0.2728763082,nan,0.0039160644,24.0715017688,nan,nan,nan,nan,nan,nan,nan
1813,42.6315789474,0.4959162159,nan,0.0004668215,33.3084915947,nan,nan,nan,nan,nan,nan,nan
1814,42.6315789474,0.2255065857,nan,0.0052324999,22.8129076781,nan,nan,nan,nan,nan,nan,nan
1815,42.6315789474,0.3941714032,nan,0.0014405439,28.4147351220,nan,nan,nan,nan,nan,nan,nan
1816,42.6315789474,1.2638495268,nan,0.0000000000,107.5566019429,nan,nan,nan,nan,nan,nan,nan
1817,42.6315789474,0.5119132657,nan,0.0003817521,34.1821854441,nan,nan,nan,nan,nan,nan,nan
1818,42.6315789474,0.3909177912,nan,0.0014869239,28.2771126543,nan,nan,nan,nan,nan,nan,nan
1819,42.6315789474,0.3298707623,nan,0.0025638590,25.9110586180,nan,nan,nan,nan,nan,nan,nan
1820,42.6315789474,0.4774153612,nan,0.0005843286,32.3334286098,nan,nan,nan,nan,nan,nan,nan
1821,42.6315789474,0.2592797971,nan,0.0042803663,23.6851905963,nan,nan,nan,nan,nan,nan,nan
1822,42.6315789474,1.1303311511,nan,0.0000000010,89.8803270979,nan,nan,nan,nan,nan,nan,nan
1823,42.6315789474,0.2707276084,nan,0.0039727317,24.0091076966,nan,nan,nan,nan,nan,nan,nan
1824,42.6315789474,0.1777342650,nan,0.0066206977,21.7909623981,nan,nan,nan,nan,nan,nan,nan
1825,42.6315789474,0.1630458847,nan,0.0070364379,21.5264713904,nan,nan,nan,nan,nan,nan,nan
1826,42.6315789474,0.3766532199,nan,0.0017031319,27.6875172522,nan,nan,nan,nan,nan,nan,nan
1827,42.6315789474,0.5736803691,nan,0.0001651090,37.8222923253,nan,nan,nan,nan,nan,nan,nan
1828,42.6315789474,0.6863273238,nan,0.0000278330,45.5544044609,nan,nan,nan,nan,nan,nan,nan
1829,42.6315789474,0.3881555990,nan,0.0015271467,28.1611924839,nan,nan,nan,nan,nan,nan,nan
1830,42.6315789474,0.5274626208,nan,0.0003119867,35.0586395474,nan,nan,nan,nan,nan,nan,nan
1831,42.6315789474,0.5194639800,nan,0.0003463828,34.6044370135,nan,nan,nan,nan,nan,nan,nan
1832,42.6315789474,0.5027618689,nan,0.0004286571,33.6788993470,nan,nan,nan,nan,nan,nan,nan
1833,42.6315789474,0.1334181880,nan,0.0078273761,21.0638379694,nan,nan,nan,nan,nan,nan,nan
1834,42.6315789474,0.5408139975,nan,0.0002610585,35.8326224101,nan,nan,nan,nan,nan,nan,nan
1835,42.6315789474,0.7508757552,nan,0.0000086626,50.6235001708,nan,nan,nan,nan,nan,nan,nan
1836,42.6315789474,0.7029796823,nan,0.0000208087,46.8175530087,nan,nan,nan,nan,nan,nan,nan
1837,42.6315789474,0.1843906774,nan,0.0064290820,21.9185103552,nan,nan,nan,nan,nan,nan,nan
1838,42.6315789474,0.4804812969,nan,0.0005633272,32.4923928386,nan,nan,nan,nan,nan,nan,nan
1839,42.6315789474,0.1977667218,nan,0.0060404085,22.1893368817,nan,nan,nan,nan,nan,nan,nan
1840,42.6315789474,0.3539513084,nan,0.0020915115,26.7953974359,nan,nan,nan,nan,nan,nan,nan
1841,42.6315789474,0.3775712090,nan,0.0016885793,27.7247853129,nan,nan,nan,nan,nan,nan,nan
1842,42.6315789474,0.2146140159,nan,0.0055487131,22.5580772938,nan,nan,nan,nan,nan,nan,nan
1843,42.6315789474,0.6443868962,nan,0.0000561013,42.5102720469,nan,nan,nan,nan,nan,nan,nan
1844,42.6315789474,0.2581556256,nan,0.0043110653,23.6541539736,nan,nan,nan,nan,nan,nan,nan
1845,42.6315789474,0.5365082372,nan,0.0002766398,35.5808534884,nan,nan,nan,nan,nan,nan,nan
1846,42.6315789474,0.8232497115,nan,0.0000020598,56.8618444662,nan,nan,nan,nan,nan,nan,nan
1847,42.6315789474,0.4090159562,nan,0.0012423810,29.0574520760,nan,nan,nan,nan,nan,nan,nan
1848,42.6315789474,0.2404567462,nan,0.0048043042,23.1836949854,nan,nan,nan,nan,nan,nan,nan
1849,42.6315789474,0.5393652257,nan,0.0002662147,35.7476790905,nan,nan,nan,nan,nan,nan,nan
1850,42.6315789474,0.6230449356,nan,0.0000787668,41.0365670773,nan,nan,nan,nan,nan,nan,nan
1851,42.6315789474,0.3644725371,nan,0.0019046721,27.2017978796,nan,nan,nan,nan,nan,nan,nan
1852,42.6315789474,0.4781152265,nan,0.0005794789,32.3696238728,nan,nan,nan,nan,nan,nan,nan
1853,42.6315789474,0.2939036629,nan,0.0033816211,24.7087504991,nan,nan,nan,nan,nan,nan,nan
1854,42.6315789474,0.1571620945,nan,0.0071993554,21.4270638504,nan,nan,nan,nan,nan,nan,nan
1855,42.6315789474,0.8579855548,nan,0.0000009852,60.0645516937,nan,nan,nan,nan,nan,nan,nan
1856,42.6315789474,0.3947607720,nan,0.0014322574,28.4397893366,nan,nan,nan,nan,nan,nan,nan
1857,42.6315789474,0.1695202607,nan,0.0068545999,21.6401789183,nan,nan,nan,nan,nan,nan,nan
1858,42.6315789474,0.6892846309,nan,0.0000264456,45.7764654787,nan,nan,nan,nan,nan,nan,nan
1859,42.6315789474,0.8323469852,nan,0.0000017031,57.6875411200,nan,nan,nan,nan,nan,nan,nan
1860,42.6315789474,0.2880966262,nan,0.0035253906,24.5279275419,nan,nan,nan,nan,nan,nan,nan
1861,42.6315789474,0.1418207614,nan,0.0076112595,21.1854346968,nan,nan,nan,nan,nan,nan,nan
1862,42.6315789474,0.5867278247,nan,0.0001366006,38.6454731534,nan,nan,nan,nan,nan,nan,nan
1863,42.6315789474,0.5293556813,nan,0.0003042863,35.1671763468,nan,nan,nan,nan,nan,nan,nan
1864,42.6315789474,0.6464850698,nan,0.0000542263,42.6578974738,nan,nan,nan,nan,nan,nan,nan
1865,42.6315789474,0.2761315383,nan,0.0038309025,24.1669890211,nan,nan,nan,nan,nan,nan,nan
1866,42.6315789474,0.4053664886,nan,0.0012890836,28.8971891044,nan,nan,nan,nan,nan,nan,nan
1867,42.6315789474,0.2391093052,nan,0.0048425288,23.1492778379,nan,nan,nan,nan,nan,nan,nan
1868,42.6315789474,1.0749278414,nan,0.0000000049,83.1373441862,nan,nan,nan,nan,nan,nan,nan
1869,42.6315789474,0.5843727214,nan,0.0001414007,38.4954855446,nan,nan,nan,nan,nan,nan,nan
1870,42.6315789474,0.6038251188,nan,0.0001058559,39.7528473093,nan,nan,nan,nan,nan,nan,nan
1871,42.6315789474,0.4296926932,nan,0.0010015628,29.9932180800,nan,nan,nan,nan,nan,nan,nan
1872,42.6315789474,0.7300458900,nan,0.0000127739,48.9367712717,nan,nan,nan,nan,nan,nan,nan
1873,42.6315789474,0.4765063539,nan,0.0005906772,32.2864980523,nan,nan,nan,nan,nan,nan,nan
1874,42.6315789474,0.5314953174,nan,0.0002957788,35.2903293525,nan,nan,nan,nan,nan,nan,nan
1875,42.6315789474,0.1566117744,nan,0.0072144674,21.4179572513,nan,nan,nan,nan,nan,nan,nan
1876,42.6315789474,0.7031761204,nan,0.0000207365,46.8326385608,nan,nan,nan,nan,nan,nan,nan
1877,42.6315789474,0.4362418769,nan,0.0009333697,30.2994628640,nan,nan,nan,nan,nan,nan,nan
1878,42.6315789474,0.3585536568,nan,0.0020083193,26.9716722835,nan,nan,nan,nan,nan,nan,nan
1879,42.6315789474,0.5554192373,nan,0.0002136991,36.7019724522,nan,nan,nan,nan,nan,nan,nan
1880,42.6315789474,0.3697932101,nan,0.0018146979,27.4119565170,nan,nan,nan,nan,nan,nan,nan
1881,42.6315789474,0.5240040560,nan,0.0003264846,34.8613735375,nan,nan,nan,nan,nan,nan,nan
1882,42.6315789474,0.5816907897,nan,0.0001470471,38.3254351953,nan,nan,nan,nan,nan,nan,nan
1883,42.6315789474,0.3621162995,nan,0.0019454830,27.1097256240,nan,nan,nan,nan,nan,nan,nan
1884,42.6315789474,0.0756521416,nan,0.0090516638,20.4327158656,nan,nan,nan,nan,nan,nan,nan
1885,42.6315789474,0.4563282912,nan,0.0007467418,31.2682951013,nan,nan,nan,nan,nan,nan,nan
1886,42.6315789474,1.0293892507,nan,0.0000000164,77.8544354026,nan,nan,nan,nan,nan,nan,nan
1887,42.6315789474,0.5192450017,nan,0.0003473680,34.5921022110,nan,nan,nan,nan,nan,nan,nan
1888,42.6315789474,0.2820755171,nan,0.0036776154,24.3443369027,nan,nan,nan,nan,nan,nan,nan
1889,42.6315789474,1.4067408295,nan,0.0000000000,128.7115046987,nan,nan,nan,nan,nan,nan,nan
1890,42.6315789474,0.6964401793,nan,0.0000233463,46.3178103648,nan,nan,nan,nan,nan,nan,nan
1891,42.6315789474,0.8369532362,nan,0.0000015456,58.1091600839,nan,nan,nan,nan,nan,nan,nan
1892,42.6315789474,0.1516832363,nan,0.0073487630,21.3378575645,nan,nan,nan,nan,nan,nan,nan
1893,42.6315789474,0.3579233600,nan,0.0020195781,26.9473935211,nan,nan,nan,nan,nan,nan,nan
1894,42.6315789474,0.4934233229,nan,0.0004814048,33.1748955739,nan,nan,nan,nan,nan,nan,nan
1895,42.6315789474,0.7087425161,nan,0.0000187849,47.2619054009,nan,nan,nan,nan,nan,nan,nan
1896,42.6315789474,0.6209366645,nan,0.0000814002,40.8937426235,nan,nan,nan,nan,nan,nan,nan
1897,42.6315789474,0.4797612712,nan,0.0005682027,32.4549670142,nan,nan,nan,nan,nan,nan,nan
1898,42.6315789474,0.4115755746,nan,0.0012103940,29.1707323714,nan,nan,nan,nan,nan,nan,nan
1899,42.6315789474,0.6327973706,nan,0.0000675509,41.7036909123,nan,nan,nan,nan,nan,nan,nan
1900,42.6315789474,0.8996919804,nan,0.0000003900,64.0889712847,nan,nan,nan,nan,nan,nan,nan
1901,42.6315789474,0.4372336350,nan,0.0009233681,30.3462515256,nan,nan,nan,nan,nan,nan,nan
1902,42.6315789474,0.9059107489,nan,0.0000003384,64.7057919783,nan,nan,nan,nan,nan,nan,nan
1903,42.6315789474,0.4601259429,nan,0.0007150749,31.4564849034,nan,nan,nan,nan,nan,nan,nan
1904,42.6315789474,0.5324056606,nan,0.0002922213,35.3428809800,nan,nan,nan,nan,nan,nan,nan
1905,42.6315789474,0.5529571629,nan,0.0002211179,36.5537607037,nan,nan,nan,nan,nan,nan,nan
1906,42.6315789474,0.6082013742,nan,0.0000990484,40.0415252572,nan,nan,nan,nan,nan,nan,nan
1907,42.6315789474,0.5226386769,nan,0.0003323639,34.7838620658,nan,nan,nan,nan,nan,nan,nan
1908,42.6315789474,0.6744201510,nan,0.0000341178,44.6701925868,nan,nan,nan,nan,nan,nan,nan
1909,42.6315789474,0.0939631924,nan,0.0087212993,20.5941880929,nan,nan,nan,nan,nan,nan,nan
1910,42.6315789474,0.2441576697,nan,0.0046997584,23.2792446493,nan,nan,nan,nan,nan,nan,nan
1911,42.6315789474,1.0846995762,nan,0.0000000037,84.3014557829,nan,nan,nan,nan,nan,nan,nan
1912,42.6315789474,0.0407380019,nan,0.0094989891,20.2232261078,nan,nan,nan,nan,nan,nan,nan
1913,42.6315789474,0.3068610910,nan,0.0030721726,25.1255438496,nan,nan,nan,nan,nan,nan,nan
1914,42.6315789474,0.9302905014,nan,0.0000001920,67.1658890845,nan,nan,nan,nan,nan,nan,nan
1915,42.6315789474,0.4524850504,nan,0.0007799251,31.0794708661,nan,nan,nan,nan,nan,nan,nan
1916,42.6315789474,1.0072329539,nan,0.0000000290,75.3686793318,nan,nan,nan,nan,nan,nan,nan
1917,42.6315789474,0.8558071761,nan,0.0000010328,59.8597205741,nan,nan,nan,nan,nan,nan,nan
1918,42.6315789474,0.7753321769,nan,0.0000054127,52.6658882872,nan,nan,nan,nan,nan,nan,nan
1919,42.6315789474,1.0664134960,nan,0.0000000061,82.1318137589,nan,nan,nan,nan,nan,nan,nan
1920,42.6315789474,0.4331939482,nan,0.0009646395,30.1563497154,nan,nan,nan,nan,nan,nan,nan
1921,42.6315789474,0.6465165615,nan,0.0000541986,42.6601169411,nan,nan,nan,nan,nan,nan,nan
1922,42.6315789474,0.8809811458,nan,0.0000005944,62.2593163328,nan,nan,nan,nan,nan,nan,nan
1923,42.6315789474,0.5695667386,nan,0.0001751183,37.5666851401,nan,nan,nan,nan,nan,nan,nan
1924,42.6315789474,0.2963825296,nan,0.0033211894,24.7870636132,nan,nan,nan,nan,nan,nan,nan
1925,42.6315789474,0.5102253289,nan,0.0003900625,34.0886576868,nan,nan,nan,nan,nan,nan,nan
1926,42.6315789474,0.5106179254,nan,0.0003881161,34.1103830559,nan,nan,nan,nan,nan,nan,nan
1927,42.6315789474,0.1291392306,nan,0.0079344464,21.0048336951,nan,nan,nan,nan,nan,nan,nan
1928,42.6315789474,1.2652508551,nan,0.0000000000,107.7528241410,nan,nan,nan,nan,nan,nan,nan
1929,42.6315789474,0.8350021793,nan,0.0000016105,57.9302854349,nan,nan,nan,nan,nan,nan,nan
1930,42.6315789474,0.7430779230,nan,0.0000100314,49.9863730019,nan,nan,nan,nan,nan,nan,nan
1931,42.6315789474,0.7230057636,nan,0.0000145289,48.3776632710,nan,nan,nan,nan,nan,nan,nan
1932,42.6315789474,0.4299800895,nan,0.0009984912,30.0065575082,nan,nan,nan,nan,nan,nan,nan
1933,42.6315789474,0.2748859712,nan,0.0038633892,24.1303153318,nan,nan,nan,nan,nan,nan,nan
1934,42.6315789474,0.4095364914,nan,0.0012358249,29.0804306775,nan,nan,nan,nan,nan,nan,nan
1935,42.6315789474,0.2380666001,nan,0.0048721648,23.1227802649,nan,nan,nan,nan,nan,nan,nan
1936,42.6315789474,0.7720505219,nan,0.0000057704,52.3879417251,nan,nan,nan,nan,nan,nan,nan
1937,42.6315789474,0.6820957135,nan,0.0000299340,45.2383565006,nan,nan,nan,nan,nan,nan,nan
1938,42.6315789474,0.5592768487,nan,0.0002025094,36.9355476395,nan,nan,nan,nan,nan,nan,nan
1939,42.6315789474,0.2568483215,nan,0.0043468686,23.6182348859,nan,nan,nan,nan,nan,nan,nan
1940,42.6315789474,0.6836901372,nan,0.0000291259,45.3572050185,nan,nan,nan,nan,nan,nan,nan
1941,42.6315789474,0.2692724210,nan,0.0040113093,23.9671385240,nan,nan,nan,nan,nan,nan,nan
1942,42.6315789474,0.3159910829,nan,0.0028639962,25.4302756907,nan,nan,nan,nan,nan,nan,nan
1943,42.6315789474,0.6837005149,nan,0.0000291207,45.3579795029,nan,nan,nan,nan,nan,nan,nan
1944,42.6315789474,0.6382956691,nan,0.0000618802,42.0844813266,nan,nan,nan,nan,nan,nan,nan
1945,42.6315789474,0.1855789408,nan,0.0063947205,21.9417842954,nan,nan,nan,nan,nan,nan,nan
1946,42.6315789474,0.4423438136,nan,0.0008731602,30.5890605158,nan,nan,nan,nan,nan,nan,nan
1947,42.6315789474,0.4746846215,nan,0.0006035704,32.1927204936,nan,nan,nan,nan,nan,nan,nan
1948,42.6315789474,0.4752087273,nan,0.0005998377,32.2196622927,nan,nan,nan,nan,nan,nan,nan
1949,42.6315789474,0.6394778365,nan,0.0000607184,42.1667939110,nan,nan,nan,nan,nan,nan,nan
1950,42.6315789474,0.0864259950,nan,0.0088646127,20.5234023328,nan,nan,nan,nan,nan,nan,nan
1951,42.6315789474,0.9136673476,nan,0.0000002831,65.4812394886,nan,nan,nan,nan,nan,nan,nan
1952,42.6315789474,0.4055868192,nan,0.0012862272,28.9068230282,nan,nan,nan,nan,nan,nan,nan
1953,42.6315789474,0.7394613758,nan,0.0000107320,49.6931906513,nan,nan,nan,nan,nan,nan,nan
1954,42.6315789474,0.2028707101,nan,0.0058914282,22.2977940997,nan,nan,nan,nan,nan,nan,nan
1955,42.6315789474,0.0582892523,nan,0.0093057880,20.3124684551,nan,nan,nan,nan,nan,nan,nan
1956,42.6315789474,0.4700082915,nan,0.0006377230,31.9536791152,nan,nan,nan,nan,nan,nan,nan
1957,42.6315789474,0.4620834280,nan,0.0006991800,31.5541100002,nan,nan,nan,nan,nan,nan,nan
1958,42.6315789474,0.0450286976,nan,0.0094578929,20.2420560840,nan,nan,nan,nan,nan,nan,nan
1959,42.6315789474,0.4147486852,nan,0.0011716104,29.3121678268,nan,nan,nan,nan,nan,nan,nan
1960,42.6315789474,0.5362380369,nan,0.0002776436,35.5651228451,nan,nan,nan,nan,nan,nan,nan
1961,42.6315789474,0.2655200334,nan,0.0041115129,23.8599834697,nan,nan,nan,nan,nan,nan,nan
1962,42.6315789474,0.4099104076,nan,0.0012311316,29.0969553562,nan,nan,nan,nan,nan,nan,nan
1963,42.6315789474,0.7942226825,nan,0.0000037245,54.2893234173,nan,nan,nan,nan,nan,nan,nan
1964,42.6315789474,0.2601891576,nan,0.0042555945,23.7103975937,nan,nan,nan,nan,nan,nan,nan
1965,42.6315789474,0.7057122851,nan,0.0000198253,47.0277918563,nan,nan,nan,nan,nan,nan,nan
1966,42.6315789474,0.2895423908,nan,0.0034893124,24.5726014166,nan,nan,nan,nan,nan,nan,nan
1967,42.6315789474,1.0309317054,nan,0.0000000157,78.0295470377,nan,nan,nan,nan,nan,nan,nan
1968,42.6315789474,0.0939333370,nan,0.0087218864,20.5938957609,nan,nan,nan,nan,nan,nan,nan
1969,42.6315789474,0.8700105300,nan,0.0000007577,61.2048403357,nan,nan,nan,nan,nan,nan,nan
1970,42.6315789474,0.1776050476,nan,0.0066244010,21.7885338473,nan,nan,nan,nan,nan,nan,nan
1971,42.6315789474,0.4085019325,nan,0.0012488808,29.0347902672,nan,nan,nan,nan,nan,nan,nan
1972,42.6315789474,0.8574615665,nan,0.0000009965,60.0152328448,nan,nan,nan,nan,nan,nan,nan
1973,42.6315789474,0.2519176807,nan,0.0044828675,23.4844409677,nan,nan,nan,nan,nan,nan,nan
1974,42.6315789474,0.3050316543,nan,0.0031148835,25.0655819817,nan,nan,nan,nan,nan,nan,nan
1975,42.6315789474,0.5590639185,nan,0.0002031135,36.9226117524,nan,nan,nan,nan,nan,nan,nan
1976,42.6315789474,0.4391203584,nan,0.0009045733,30.4355625750,nan,nan,nan,nan,nan,nan,nan
1977,42.6315789474,0.7247015019,nan,0.0000140870,48.5118274107,nan,nan,nan,nan,nan,nan,nan
1978,42.6315789474,0.6614592270,nan,0.0000424060,43.7257256816,nan,nan,nan,nan,nan,nan,nan
1979,42.6315789474,0.6296679334,nan,0.0000709829,41.4884637350,nan,nan,nan,nan,nan,nan,nan
1980,42.6315789474,0.1809370458,nan,0.0065286982,21.8517340839,nan,nan,nan,nan,nan,nan,nan
1981,42.6315789474,0.2603445660,nan,0.0042513666,23.7147144715,nan,nan,nan,nan,nan,nan,nan
1982,42.6315789474,0.7946691657,nan,0.0000036913,54.3281776196,nan,nan,nan,nan,nan,nan,nan
1983,42.6315789474,0.3260013310,nan,0.0026455148,25.7748981096,nan,nan,nan,nan,nan,nan,nan
1984,42.6315789474,0.0717215837,nan,0.0091144404,20.4026998913,nan,nan,nan,nan,nan,nan,nan
1985,42.6315789474,0.7477714510,nan,0.0000091853,50.3690454609,nan,nan,nan,nan,nan,nan,nan
1986,42.6315789474,0.2257797615,nan,0.0052246060,22.8194645412,nan,nan,nan,nan,nan,nan,nan
1987,42.6315789474,0.3362842093,nan,0.0024320017,26.1403613193,nan,nan,nan,nan,nan,nan,nan
1988,42.6315789474,0.3386101924,nan,0.0023852616,26.2246397661,nan,nan,nan,nan,nan,nan,nan
1989,42.6315789474,0.5970592349,nan,0.0001171997,39.3107364872,nan,nan,nan,nan,nan,nan,nan
1990,42.6315789474,0.3839554679,nan,0.0015898134,27.9865384770,nan,nan,nan,nan,nan,nan,nan
1991,42.6315789474,0.5235440705,nan,0.0003284553,34.8352374146,nan,nan,nan,nan,nan,nan,nan
1992,42.6315789474,0.3473689834,nan,0.0022144525,26.5473363385,nan,nan,nan,nan,nan,nan,nan
1993,42.6315789474,0.9137036041,nan,0.0000002828,65.4848800251,nan,nan,nan,nan,nan,nan,nan
1994,42.6315789474,0.2359021379,nan,0.0049338342,23.0681544922,nan,nan,nan,nan,nan,nan,nan
1995,42.6315789474,1.5143385126,nan,0.0000000000,146.1716902228,nan,nan,nan,nan,nan,nan,nan
1996,42.6315789474,0.6327975011,nan,0.0000675507,41.7036999066,nan,nan,nan,nan,nan,nan,nan
1997,42.6315789474,0.5272495278,nan,0.0003128638,35.0464469816,nan,nan,nan,nan,nan,nan,nan
1998,42.6315789474,0.8046025893,nan,0.0000030211,55.1983908704,nan,nan,nan,nan,nan,nan,nan
1999,42.6315789474,0.4908264440,nan,0.0004969973,33.0364594764,nan,nan,nan,nan,nan,nan,nan
2000,42.6315789474,0.3799951166,nan,0.0016505793,27.8236361141,nan,nan,nan,nan,nan,nan,nan
2001,42.6315789474,0.9155717595,nan,0.0000002709,65.6726630074,nan,nan,nan,nan,nan,nan,nan
2002,42.6315789474,0.3204331209,nan,0.0027657669,25.5818443005,nan,nan,nan,nan,nan,nan,nan
2003,42.6315789474,0.2869389484,nan,0.0035544135,24.4923204718,nan,nan,nan,nan,nan,nan,nan
2004,42.6315789474,0.4759448923,nan,0.0005946266,32.2575564311,nan,nan,nan,nan,nan,nan,nan
2005,42.6315789474,0.4886787699,nan,0.0005102071,32.9225346000,nan,nan,nan,nan,nan,nan,nan
2006,42.6315789474,1.0827564437,nan,0.0000000039,84.0691107480,nan,nan,nan,nan,nan,nan,nan
2007,42.6315789474,0.1224981526,nan,0.0080962654,20.9171526276,nan,nan,nan,nan,nan,nan,nan
2008,42.6315789474,0.6235598372,nan,0.0000781354,41.0715242609,nan,nan,nan,nan,nan,nan,nan
2009,42.6315789474,0.2434346435,nan,0.0047201301,23.2604603283,nan,nan,nan,nan,nan,nan,nan
2010,42.6315789474,0.5070575179,nan,0.0004060706,33.9139840494,nan,nan,nan,nan,nan,nan,nan
2011,42.6315789474,0.6015566482,nan,0.0001095457,39.6040479813,nan,nan,nan,nan,nan,nan,nan
2012,42.6315789474,0.8499578101,nan,0.0000011716,59.3123458352,nan,nan,nan,nan,nan,nan,nan
2013,42.6315789474,0.1059090115,nan,0.0084746293,20.7187929104,nan,nan,nan,nan,nan,nan,nan
2014,42.6315789474,1.0067616303,nan,0.0000000294,75.3164017941,nan,nan,nan,nan,nan,nan,nan
2015,42.6315789474,0.4852165748,nan,0.0005321136,32.7399563019,nan,nan,nan,nan,nan,nan,nan
2016,42.6315789474,0.4618978289,nan,0.0007006747,31.5448354703,nan,nan,nan,nan,nan,nan,nan
2017,42.6315789474,0.3930265650,nan,0.0014567408,28.3661772328,nan,nan,nan,nan,nan,nan,nan
2018,42.6315789474,0.1116444268,nan,0.0083482638,20.7840383424,nan,nan,nan,nan,nan,nan,nan
2019,42.6315789474,0.2900215008,nan,0.0034773977,24.5874563178,nan,nan,nan,nan,nan,nan,nan
2020,42.6315789474,0.7402003607,nan,0.0000105853,49.7529788996,nan,nan,nan,nan,nan,nan,nan
2021,42.6315789474,0.9433692277,nan,0.0000001408,68.5131849671,nan,nan,nan,nan,nan,nan,nan
2022,42.6315789474,0.9447292061,nan,0.0000001363,68.6543870358,nan,nan,nan,nan,nan,nan,nan
2023,42.6315789474,0.5268861072,nan,0.0003143645,35.0256647342,nan,nan,nan,nan,nan,nan,nan
2024,42.6315789474,0.2149674951,nan,0.0055384160,22.5661442995,nan,nan,nan,nan,nan,nan,nan
2025,42.6315789474,0.5965983650,nan,0.0001180101,39.2808067798,nan,nan,nan,nan,nan,nan,nan
2026,42.6315789474,0.1950175369,nan,0.0061205583,22.1320896142,nan,nan,nan,nan,nan,nan,nan
2027,42.6315789474,0.7609544633,nan,0.0000071498,51.4570727071,nan,nan,nan,nan,nan,nan,nan
2028,42.6315789474,0.4529260384,nan,0.0007760587,31.1010542736,nan,nan,nan,nan,nan,nan,nan
2029,42.6315789474,0.4056709364,nan,0.0012851380,28.9105024506,nan,nan,nan,nan,nan,nan,nan
2030,42.6315789474,0.4322417493,nan,0.0009745743,30.1118504321,nan,nan,nan,nan,nan,nan,nan
2031,42.6315789474,0.6897066954,nan,0.0000262528,45.8082375239,nan,nan,nan,nan,nan,nan,nan
2032,42.6315789474,0.8586440618,nan,0.0000009713,60.1265754378,nan,nan,nan,nan,nan,nan,nan
2033,42.6315789474,0.2530173524,nan,0.0044524076,23.5140508598,nan,nan,nan,nan,nan,nan,nan
2034,42.6315789474,0.5705735333,nan,0.0001726207,37.6290700157,nan,nan,nan,nan,nan,nan,nan
2035,42.6315789474,0.0850278340,nan,0.0088900934,20.5109367410,nan,nan,nan,nan,nan,nan,nan
2036,42.6315789474,0.5021794188,nan,0.0004317992,33.6471816053,nan,nan,nan,nan,nan,nan,nan
2037,42.6315789474,0.2127028043,nan,0.0056044172,22.5146954377,nan,nan,nan,nan,nan,nan,nan
2038,42.6315789474,0.4194983813,nan,0.0011153331,29.5259540355,nan,nan,nan,nan,nan,nan,nan
2039,42.6315789474,0.2691349465,nan,0.0040149620,23.9631855777,nan,nan,nan,nan,nan,nan,nan
2040,42.6315789474,0.7314023717,nan,0.0000124591,49.0451364675,nan,nan,nan,nan,nan,nan,nan
2041,42.6315789474,0.3017401525,nan,0.0031925499,24.9586230770,nan,nan,nan,nan,nan,nan,nan
2042,42.6315789474,0.6489025125,nan,0.0000521363,42.8285952356,nan,nan,nan,nan,nan,nan,nan
2043,42.6315789474,0.1148535136,nan,0.0082754552,20.8220810906,nan,nan,nan,nan,nan,nan,nan
2044,42.6315789474,0.7220418130,nan,0.0000147858,48.3015403913,nan,nan,nan,nan,nan,nan,nan
2045,42.6315789474,0.5227152901,nan,0.0003320316,34.7882058559,nan,nan,nan,nan,nan,nan,nan
2046,42.6315789474,0.3041703606,nan,0.0031351050,25.0374791263,nan,nan,nan,nan,nan,nan,nan
2047,42.6315789474,0.7416169837,nan,0.0000103092,49.8677629335,nan,nan,nan,nan,nan,nan,nan
2048,42.6315789474,0.7205271486,nan,0.0000151980,48.1821377670,nan,nan,nan,nan,nan,nan,nan
2049,42.6315789474,0.5206420841,nan,0.0003411230,34.6708896472,nan,nan,nan,nan,nan,nan,nan
2050,42.6315789474,0.5193557584,nan,0.0003468694,34.5983403487,nan,nan,nan,nan,nan,nan,nan
2051,42.6315789474,0.2154718578,nan,0.0055237266,22.5776782455,nan,nan,nan,nan,nan,nan,nan
2052,42.6315789474,1.1413394181,nan,0.0000000007,91.2614115803,nan,nan,nan,nan,nan,nan,nan
2053,42.6315789474,0.2801148048,nan,0.0037278559,24.2854088002,nan,nan,nan,nan,nan,nan,nan
2054,42.6315789474,0.3302230815,nan,0.0025565024,25.9235379630,nan,nan,nan,nan,nan,nan,nan
2055,42.6315789474,0.4895208286,nan,0.0005049936,32.9671412646,nan,nan,nan,nan,nan,nan,nan
2056,42.6315789474,0.4861652140,nan,0.0005260354,32.7898505174,nan,nan,nan,nan,nan,nan,nan
2057,42.6315789474,0.1357063004,nan,0.0077692707,21.0961974415,nan,nan,nan,nan,nan,nan,nan
2058,42.6315789474,0.2751622789,nan,0.0038561719,24.1384361166,nan,nan,nan,nan,nan,nan,nan
2059,42.6315789474,0.5776712197,nan,0.0001558810,38.0720694082,nan,nan,nan,nan,nan,nan,nan
2060,42.6315789474,0.3163472191,nan,0.0028560462,25.4423477314,nan,nan,nan,nan,nan,nan,nan
2061,42.6315789474,0.5850784776,nan,0.0001399469,38.5403677107,nan,nan,nan,nan,nan,nan,nan
2062,42.6315789474,0.5556536508,nan,0.0002130042,36.7161187867,nan,nan,nan,nan,nan,nan,nan
2063,42.6315789474,0.6016799836,nan,0.0001093422,39.6121233775,nan,nan,nan,nan,nan,nan,nan
2064,42.6315789474,1.0245107926,nan,0.0000000186,77.3023604578,nan,nan,nan,nan,nan,nan,nan
2065,42.6315789474,0.5600069175,nan,0.0002004500,36.9799388780,nan,nan,nan,nan,nan,nan,nan
2066,42.6315789474,0.5741614253,nan,0.0001639719,37.8523064773,nan,nan,nan,nan,nan,nan,nan
2067,42.6315789474,0.0808045403,nan,0.0089648993,20.4745458405,nan,nan,nan,nan,nan,nan,nan
2068,42.6315789474,0.8251952076,nan,0.0000019780,57.0376431661,nan,nan,nan,nan,nan,nan,nan
2069,42.6315789474,0.1812327845,nan,0.0065201838,21.8574016424,nan,nan,nan,nan,nan,nan,nan
2070,42.6315789474,0.3047749592,nan,0.0031209026,25.0571978606,nan,nan,nan,nan,nan,nan,nan
2071,42.6315789474,0.1823183076,nan,0.0064889049,21.8782858780,nan,nan,nan,nan,nan,nan,nan
2072,42.6315789474,0.9510242291,nan,0.0000001172,69.3106902645,nan,nan,nan,nan,nan,nan,nan
2073,42.6315789474,0.5942717402,nan,0.0001221779,39.1300727277,nan,nan,nan,nan,nan,nan,nan
2074,42.6315789474,0.6202457738,nan,0.0000822802,40.8470461242,nan,nan,nan,nan,nan,nan,nan
2075,42.6315789474,0.1685620926,nan,0.0068816642,21.6230652438,nan,nan,nan,nan,nan,nan,nan
2076,42.6315789474,0.3259566682,nan,0.0026464664,25.7733360770,nan,nan,nan,nan,nan,nan,nan
2077,42.6315789474,0.6329213338,nan,0.0000674180,41.7122389682,nan,nan,nan,nan,nan,nan,nan
2078,42.6315789474,0.6655005388,nan,0.0000396442,44.0182053647,nan,nan,nan,nan,nan,nan,nan
2079,42.6315789474,0.2596184774,nan,0.0042711339,23.6945680845,nan,nan,nan,nan,nan,nan,nan
2080,42.6315789474,0.2339951415,nan,0.0049883285,23.0204495478,nan,nan,nan,nan,nan,nan,nan
2081,42.6315789474,0.7547933437,nan,0.0000080424,50.9461582054,nan,nan,nan,nan,nan,nan,nan
2082,42.6315789474,1.0372474947,nan,0.0000000133,78.7493639775,nan,nan,nan,nan,nan,nan,nan
2083,42.6315789474,0.3494177229,nan,0.0021756878,26.6240342878,nan,nan,nan,nan,nan,nan,nan
2084,42.6315789474,0.4677736080,nan,0.0006545905,31.8403032004,nan,nan,nan,nan,nan,nan,nan
2085,42.6315789474,0.4257360334,nan,0.0010446003,29.8104983647,nan,nan,nan,nan,nan,nan,nan
2086,42.6315789474,0.3937666389,nan,0.0014462552,28.3975506773,nan,nan,nan,nan,nan,nan,nan
2087,42.6315789474,0.3107828951,nan,0.0029817265,25.2553219173,nan,nan,nan,nan,nan,nan,nan
2088,42.6315789474,0.6121034465,nan,0.0000933099,40.3007230846,nan,nan,nan,nan,nan,nan,nan
2089,42.6315789474,0.3903970404,nan,0.0014944472,28.2551941018,nan,nan,nan,nan,nan,nan,nan
2090,42.6315789474,0.3923566875,nan,0.0014662797,28.3378316538,nan,nan,nan,nan,nan,nan,nan
2091,42.6315789474,0.4108253013,nan,0.0012197048,29.1374528240,nan,nan,nan,nan,nan,nan,nan
2092,42.6315789474,1.2631901353,nan,0.0000000000,107.4643470577,nan,nan,nan,nan,nan,nan,nan
2093,42.6315789474,0.7624116495,nan,0.0000069526,51.5785322681,nan,nan,nan,nan,nan,nan,nan
2094,42.6315789474,0.7059213795,nan,0.0000197519,47.0439133763,nan,nan,nan,nan,nan,nan,nan
2095,42.6315789474,0.2656137327,nan,0.0041089982,23.8626404623,nan,nan,nan,nan,nan,nan,nan
2096,42.6315789474,0.7000399324,nan,0.0000219164,46.5923087540,nan,nan,nan,nan,nan,nan,nan
2097,42.6315789474,0.1209265526,nan,0.0081337425,20.8970958172,nan,nan,nan,nan,nan,nan,nan
2098,42.6315789474,0.4631665977,nan,0.0006905080,31.6083128871,nan,nan,nan,nan,nan,nan,nan
2099,42.6315789474,0.6162486816,nan,0.0000875401,40.5779314175,nan,nan,nan,nan,nan,nan,nan
2100,42.6315789474,0.0976096298,nan,0.0086484691,20.6306076332,nan,nan,nan,nan,nan,nan,nan
2101,42.6315789474,0.3291331497,nan,0.0025793032,25.8849761117,nan,nan,nan,nan,nan,nan,nan
2102,42.6315789474,0.1782532391,nan,0.0066058174,21.8007343586,nan,nan,nan,nan,nan,nan,nan
2103,42.6315789474,0.1837206844,nan,0.0064484376,21.9054549703,nan,nan,nan,nan,nan,nan,nan
2104,42.6315789474,0.5938204982,nan,0.0001230012,39.1009080846,nan,nan,nan,nan,nan,nan,nan
2105,42.6315789474,0.3529164379,nan,0.0021105315,26.7560816759,nan,nan,nan,nan,nan,nan,nan
2106,42.6315789474,0.4519029948,nan,0.0007850519,31.0510160771,nan,nan,nan,nan,nan,nan,nan
2107,42.6315789474,0.1982645404,nan,0.0060258861,22.1997908352,nan,nan,nan,nan,nan,nan,nan
2108,42.6315789474,0.4611020479,nan,0.0007071128,31.5051128992,nan,nan,nan,nan,nan,nan,nan
2109,42.6315789474,0.1432491950,nan,0.0075737997,21.2068618646,nan,nan,nan,nan,nan,nan,nan
2110,42.6315789474,0.7426236633,nan,0.0000101170,49.9494671858,nan,nan,nan,nan,nan,nan,nan
2111,42.6315789474,0.6061376205,nan,0.0001022086,39.9051247744,nan,nan,nan,nan,nan,nan,nan
2112,42.6315789474,0.2763179594,nan,0.0038260510,24.1724924819,nan,nan,nan,nan,nan,nan,nan
2113,42.6315789474,0.6027899711,nan,0.0001075257,39.6848761601,nan,nan,nan,nan,nan,nan,nan
2114,42.6315789474,0.2277487883,nan,0.0051677725,22.8669661229,nan,nan,nan,nan,nan,nan,nan
2115,42.6315789474,0.2705597124,nan,0.0039771745,24.0042535826,nan,nan,nan,nan,nan,nan,nan
2116,42.6315789474,0.2435206509,nan,0.0047177054,23.2626918259,nan,nan,nan,nan,nan,nan,nan
2117,42.6315789474,0.9591941952,nan,0.0000000962,70.1691216459,nan,nan,nan,nan,nan,nan,nan
2118,42.6315789474,0.9928125595,nan,0.0000000419,73.7805554522,nan,nan,nan,nan,nan,nan,nan
2119,42.6315789474,0.4545524788,nan,0.0007619310,31.1808436458,nan,nan,nan,nan,nan,nan,nan
2120,42.6315789474,0.7730819626,nan,0.0000056557,52.4751717300,nan,nan,nan,nan,nan,nan,nan
2121,42.6315789474,1.1167316480,nan,0.0000000015,88.1930593690,nan,nan,nan,nan,nan,nan,nan
2122,42.6315789474,0.3781079665,nan,0.0016801114,27.7466193384,nan,nan,nan,nan,nan,nan,nan
2123,42.6315789474,0.3593702246,nan,0.0019937968,27.0031911243,nan,nan,nan,nan,nan,nan,nan
2124,42.6315789474,0.5325676641,nan,0.0002915921,35.3522426430,nan,nan,nan,nan,nan,nan,nan
2125,42.6315789474,0.2797682849,nan,0.0037367685,24.2750380762,nan,nan,nan,nan,nan,nan,nan
2126,42.6315789474,0.5270108592,nan,0.0003138487,35.0327970352,nan,nan,nan,nan,nan,nan,nan
2127,42.6315789474,0.4541567019,nan,0.0007653497,31.1614008126,nan,nan,nan,nan,nan,nan,nan
2128,42.6315789474,0.2916139407,nan,0.0034379449,24.6370108282,nan,nan,nan,nan,nan,nan,nan
2129,42.6315789474,0.6899833158,nan,0.0000261272,45.8290716670,nan,nan,nan,nan,nan,nan,nan
2130,42.6315789474,0.4510796577,nan,0.0007923499,31.0108298374,nan,nan,nan,nan,nan,nan,nan
2131,42.6315789474,0.2581787319,nan,0.0043104335,23.6547905126,nan,nan,nan,nan,nan,nan,nan
2132,42.6315789474,0.3709319231,nan,0.0017958337,27.4573389012,nan,nan,nan,nan,nan,nan,nan
2133,42.6315789474,0.4542037656,nan,0.0007649425,31.1637119411,nan,nan,nan,nan,nan,nan,nan
2134,42.6315789474,0.5050224914,nan,0.0004166430,33.8023595791,nan,nan,nan,nan,nan,nan,nan
2135,42.6315789474,0.6896281025,nan,0.0000262886,45.8023197266,nan,nan,nan,nan,nan,nan,nan
2136,42.6315789474,0.4803205351,nan,0.0005644128,32.4840317063,nan,nan,nan,nan,nan,nan,nan
2137,42.6315789474,0.5078988838,nan,0.0004017660,33.9602685370,nan,nan,nan,nan,nan,nan,nan
2138,42.6315789474,0.2355914980,nan,0.0049427010,23.0603565873,nan,nan,nan,nan,nan,nan,nan
2139,42.6315789474,0.4242938178,nan,0.0010606384,29.7443265340,nan,nan,nan,nan,nan,nan,nan
2140,42.6315789474,0.4574828776,nan,0.0007369973,31.3253409187,nan,nan,nan,nan,nan,nan,nan
2141,42.6315789474,0.0438052624,nan,0.0094700213,20.2364904460,nan,nan,nan,nan,nan,nan,nan
2142,42.6315789474,0.4824585155,nan,0.0005501155,32.5954610318,nan,nan,nan,nan,nan,nan,nan
2143,42.6315789474,0.3592628162,nan,0.0019957029,26.9990410583,nan,nan,nan,nan,nan,nan,nan
2144,42.6315789474,0.5437465293,nan,0.0002508838,36.0052741412,nan,nan,nan,nan,nan,nan,nan
2145,42.6315789474,0.5272011184,nan,0.0003130633,35.0436778376,nan,nan,nan,nan,nan,nan,nan
2146,42.6315789474,0.8961355258,nan,0.0000004228,63.7381715244,nan,nan,nan,nan,nan,nan,nan
2147,42.6315789474,0.3631628606,nan,0.0019272828,27.1505455772,nan,nan,nan,nan,nan,nan,nan
2148,42.6315789474,0.5311562715,nan,0.0002971132,35.2707806842,nan,nan,nan,nan,nan,nan,nan
2149,42.6315789474,0.8376409322,nan,0.0000015232,58.1723104966,nan,nan,nan,nan,nan,nan,nan
2150,42.6315789474,0.7413451510,nan,0.0000103616,49.8457198633,nan,nan,nan,nan,nan,nan,nan
2151,42.6315789474,0.5170075714,nan,0.0003575712,34.4663752384,nan,nan,nan,nan,nan,nan,nan
2152,42.6315789474,0.7734958986,nan,0.0000056102,52.5102122431,nan,nan,nan,nan,nan,nan,nan
2153,42.6315789474,0.2067160590,nan,0.0057791317,22.3813740973,nan,nan,nan,nan,nan,nan,nan
2154,42.6315789474,1.1655708582,nan,0.0000000004,94.3497279921,nan,nan,nan,nan,nan,nan,nan
2155,42.6315789474,0.3651965126,nan,0.0018922518,27.2302106487,nan,nan,nan,nan,nan,nan,nan
2156,42.6315789474,0.4984718161,nan,0.0004522553,33.4461633475,nan,nan,nan,nan,nan,nan,nan
2157,42.6315789474,0.2537553373,nan,0.0044320067,23.5339959360,nan,nan,nan,nan,nan,nan,nan
2158,42.6315789474,0.4780496735,nan,0.0005799317,32.3662313328,nan,nan,nan,nan,nan,nan,nan
2159,42.6315789474,0.2377212969,nan,0.0048819897,23.1140314212,nan,nan,nan,nan,nan,nan,nan
2160,42.6315789474,0.1709128026,nan,0.0068151782,21.6652278523,nan,nan,nan,nan,nan,nan,nan
2161,42.6315789474,0.2289922587,nan,0.0051319432,22.8971815480,nan,nan,nan,nan,nan,nan,nan
2162,42.6315789474,0.5704414281,nan,0.0001729467,37.6208778447,nan,nan,nan,nan,nan,nan,nan
2163,42.6315789474,0.6167011972,nan,0.0000869299,40.6083088484,nan,nan,nan,nan,nan,nan,nan
2164,42.6315789474,0.8286599547,nan,0.0000018400,57.3517757805,nan,nan,nan,nan,nan,nan,nan
2165,42.6315789474,0.6977293993,nan,0.0000228247,46.4159531085,nan,nan,nan,nan,nan,nan,nan
2166,42.6315789474,0.4685011962,nan,0.0006490593,31.8771564403,nan,nan,nan,nan,nan,nan,nan
2167,42.6315789474,0.6668531151,nan,0.0000387570,44.1165018417,nan,nan,nan,nan,nan,nan,nan
2168,42.6315789474,0.1376917483,nan,0.0077183899,21.1247328554,nan,nan,nan,nan,nan,nan,nan
2169,42.6315789474,0.8583368647,nan,0.0000009778,60.0976349636,nan,nan,nan,nan,nan,nan,nan
2170,42.6315789474,0.1330271909,nan,0.0078372470,21.0583646435,nan,nan,nan,nan,nan,nan,nan
2171,42.6315789474,0.5645273117,nan,0.0001880998,37.2561172432,nan,nan,nan,nan,nan,nan,nan
2172,42.6315789474,0.4593387226,nan,0.0007215487,31.4173436546,nan,nan,nan,nan,nan,nan,nan
2173,42.6315789474,0.2208941637,nan,0.0053660845,22.7034249507,nan,nan,nan,nan,nan,nan,nan
2174,42.6315789474,0.2743547256,nan,0.0038772827,24.1147252841,nan,nan,nan,nan,nan,nan,nan
2175,42.6315789474,0.4029393049,nan,0.0013208651,28.7914153725,nan,nan,nan,nan,nan,nan,nan
2176,42.6315789474,0.7039369160,nan,0.0000204592,46.8911049238,nan,nan,nan,nan,nan,nan,nan
2177,42.6315789474,0.1836860763,nan,0.0064494370,21.9047819236,nan,nan,nan,nan,nan,nan,nan
2178,42.6315789474,0.5662667652,nan,0.0001835272,37.3629964403,nan,nan,nan,nan,nan,nan,nan
2179,42.6315789474,0.9688719655,nan,0.0000000759,71.1957036850,nan,nan,nan,nan,nan,nan,nan
2180,42.6315789474,0.6778594259,nan,0.0000321813,44.9239625649,nan,nan,nan,nan,nan,nan,nan
2181,42.6315789474,0.2472198958,nan,0.0046137772,23.3594337811,nan,nan,nan,nan,nan,nan,nan
2182,42.6315789474,0.0573034627,nan,0.0093183771,20.3065971609,nan,nan,nan,nan,nan,nan,nan
2183,42.6315789474,0.1140626346,nan,0.0082935353,20.8126030244,nan,nan,nan,nan,nan,nan,nan
2184,42.6315789474,1.2356480566,nan,0.0000000000,103.6549572097,nan,nan,nan,nan,nan,nan,nan
2185,42.6315789474,0.4068769531,nan,0.0012695969,28.9633414677,nan,nan,nan,nan,nan,nan,nan
2186,42.6315789474,0.5701412215,nan,0.0001736893,37.6022685047,nan,nan,nan,nan,nan,nan,nan
2187,42.6315789474,0.9368903457,nan,0.0000001643,67.8433617386,nan,nan,nan,nan,nan,nan,nan
2188,42.6315789474,0.7494151330,nan,0.0000089050,50.5036410073,nan,nan,nan,nan,nan,nan,nan
2189,42.6315789474,0.6375793585,nan,0.0000625939,42.0346814984,nan,nan,nan,nan,nan,nan,nan
2190,42.6315789474,0.1887046858,nan,0.0063041460,22.0037373808,nan,nan,nan,nan,nan,nan,nan
2191,42.6315789474,0.5759005608,nan,0.0001599179,37.9610297375,nan,nan,nan,nan,nan,nan,nan
2192,42.6315789474,1.0589143366,nan,0.0000000075,81.2529519220,nan,nan,nan,nan,nan,nan,nan
2193,42.6315789474,0.4708721477,nan,0.0006312982,31.9976547591,nan,nan,nan,nan,nan,nan,nan
2194,42.6315789474,0.2927173970,nan,0.0034107417,24.6715117269,nan,nan,nan,nan,nan,nan,nan
2195,42.6315789474,0.6781535519,nan,0.0000320204,44.9457262320,nan,nan,nan,nan,nan,nan,nan
2196,42.6315789474,0.6543337508,nan,0.0000477037,43.2144777372,nan,nan,nan,nan,nan,nan,nan
2197,42.6315789474,0.3786133155,nan,0.0016721665,27.7672047475,nan,nan,nan,nan,nan,nan,nan
2198,42.6315789474,0.4561278390,nan,0.0007484441,31.2584061872,nan,nan,nan,nan,nan,nan,nan
2199,42.6315789474,0.2183828422,nan,0.0054390265,22.6447882494,nan,nan,nan,nan,nan,nan,nan
2200,42.6315789474,0.8503423142,nan,0.0000011619,59.3482091882,nan,nan,nan,nan,nan,nan,nan
2201,42.6315789474,0.3657557844,nan,0.0018826955,27.2521990418,nan,nan,nan,nan,nan,nan,nan
2202,42.6315789474,0.7120132221,nan,0.0000177184,47.5157498380,nan,nan,nan,nan,nan,nan,nan
2203,42.6315789474,0.4500890325,nan,0.0008012024,30.9625778271,nan,nan,nan,nan,nan,nan,nan
2204,42.6315789474,0.4966989355,nan,0.0004623192,33.3505802543,nan,nan,nan,nan,nan,nan,nan
2205,42.6315789474,0.6213851405,nan,0.0000808336,40.9240830674,nan,nan,nan,nan,nan,nan,nan
2206,42.6315789474,0.1443334624,nan,0.0075452336,21.2232730941,nan,nan,nan,nan,nan,nan,nan
2207,42.6315789474,0.6799087464,nan,0.0000310756,45.0758015667,nan,nan,nan,nan,nan,nan,nan
2208,42.6315789474,0.6305112293,nan,0.0000700430,41.5463539746,nan,nan,nan,nan,nan,nan,nan
2209,42.6315789474,0.5650639659,nan,0.0001866786,37.2890556007,nan,nan,nan,nan,nan,nan,nan
2210,42.6315789474,0.4701988750,nan,0.0006363010,31.9633738991,nan,nan,nan,nan,nan,nan,nan
2211,42.6315789474,0.2685675342,nan,0.0040300534,23.9468920431,nan,nan,nan,nan,nan,nan,nan
2212,42.6315789474,0.4254353891,nan,0.0010479281,29.7966852264,nan,nan,nan,nan,nan,nan,nan
2213,42.6315789474,0.6529935838,nan,0.0000487646,43.1189547224,nan,nan,nan,nan,nan,nan,nan
2214,42.6315789474,0.4598544065,nan,0.0007173026,31.4429761372,nan,nan,nan,nan,nan,nan,nan
2215,42.6315789474,0.1001903378,nan,0.0085955948,20.6572406423,nan,nan,nan,nan,nan,nan,nan
2216,42.6315789474,0.6945212570,nan,0.0000241431,46.1720750797,nan,nan,nan,nan,nan,nan,nan
2217,42.6315789474,0.5003827210,nan,0.0004416133,33.5495781462,nan,nan,nan,nan,nan,nan,nan
2218,42.6315789474,0.1109318955,nan,0.0083642285,20.7757411345,nan,nan,nan,nan,nan,nan,nan
2219,42.6315789474,1.0643514343,nan,0.0000000065,81.8895183766,nan,nan,nan,nan,nan,nan,nan
2220,42.6315789474,0.3959732782,nan,0.0014153199,28.4914537454,nan,nan,nan,nan,nan,nan,nan
2221,42.6315789474,0.6144398108,nan,0.0000900175,40.4567296022,nan,nan,nan,nan,nan,nan,nan
2222,42.6315789474,0.4623595042,nan,0.0006969614,31.5679127998,nan,nan,nan,nan,nan,nan,nan
2223,42.6315789474,0.6720369287,nan,0.0000355212,44.4951191539,nan,nan,nan,nan,nan,nan,nan
2224,42.6315789474,0.5255544221,nan,0.0003199162,34.9496374834,nan,nan,nan,nan,nan,nan,nan
2225,42.6315789474,0.5610550123,nan,0.0001975254,37.0437710341,nan,nan,nan,nan,nan,nan,nan
2226,42.6315789474,0.2519329601,nan,0.0044824438,23.4848514786,nan,nan,nan,nan,nan,nan,nan
2227,42.6315789474,0.4466693414,nan,0.0008323685,30.7968434359,nan,nan,nan,nan,nan,nan,nan
2228,42.6315789474,0.3228383110,nan,0.0027134283,25.6648164240,nan,nan,nan,nan,nan,nan,nan
2229,42.6315789474,0.7275460505,nan,0.0000133733,48.7376059090,nan,nan,nan,nan,nan,nan,nan
2230,42.6315789474,0.0185871352,nan,0.0096460086,20.1565235451,nan,nan,nan,nan,nan,nan,nan
2231,42.6315789474,0.1378554893,nan,0.0077141750,21.1271051186,nan,nan,nan,nan,nan,nan,nan
2232,42.6315789474,0.0396920825,nan,0.0095083944,20.2189281116,nan,nan,nan,nan,nan,nan,nan
2233,42.6315789474,0.2774150965,nan,0.0037975554,24.2049588098,nan,nan,nan,nan,nan,nan,nan
2234,42.6315789474,0.5024098141,nan,0.0004305540,33.6597234468,nan,nan,nan,nan,nan,nan,nan
2235,42.6315789474,0.2941619047,nan,0.0033752990,24.7168775446,nan,nan,nan,nan,nan,nan,nan
2236,42.6315789474,0.2225464589,nan,0.0053181692,22.7423785243,nan,nan,nan,nan,nan,nan,nan
2237,42.6315789474,0.4872198565,nan,0.0005193454,32.8454370934,nan,nan,nan,nan,nan,nan,nan
2238,42.6315789474,0.8109185795,nan,0.0000026562,55.7574539774,nan,nan,nan,nan,nan,nan,nan
2239,42.6315789474,0.2667828396,nan,0.0040776758,23.8958730117,nan,nan,nan,nan,nan,nan,nan
2240,42.6315789474,0.3070825125,nan,0.0030670255,25.1328260852,nan,nan,nan,nan,nan,nan,nan
2241,42.6315789474,0.9300793128,nan,0.0000001930,67.1442915322,nan,nan,nan,nan,nan,nan,nan
2242,42.6315789474,0.2805603372,nan,0.0037164115,24.2987620986,nan,nan,nan,nan,nan,nan,nan
2243,42.6315789474,0.4754326166,nan,0.0005982489,32.2311806585,nan,nan,nan,nan,nan,nan,nan
2244,42.6315789474,0.5181680820,nan,0.0003522477,34.5315179694,nan,nan,nan,nan,nan,nan,nan
2245,42.6315789474,0.4078010466,nan,0.0012577846,29.0039372431,nan,nan,nan,nan,nan,nan,nan
2246,42.6315789474,0.4029132389,nan,0.0013212095,28.7902829775,nan,nan,nan,nan,nan,nan,nan
2247,42.6315789474,0.4180368549,nan,0.0011324252,29.4599046648,nan,nan,nan,nan,nan,nan,nan
2248,42.6315789474,0.4264092362,nan,0.0010371785,29.8414649584,nan,nan,nan,nan,nan,nan,nan
2249,42.6315789474,0.4661655451,nan,0.0006669510,31.7590607506,nan,nan,nan,nan,nan,nan,nan
2250,42.6315789474,0.5327022178,nan,0.0002910704,35.3600202862,nan,nan,nan,nan,nan,nan,nan
2251,42.6315789474,1.0094796757,nan,0.0000000274,75.6182218573,nan,nan,nan,nan,nan,nan,nan
2252,42.6315789474,0.8948660019,nan,0.0000004352,63.6132932095,nan,nan,nan,nan,nan,nan,nan
2253,42.6315789474,0.5572630691,nan,0.0002082856,36.8134085557,nan,nan,nan,nan,nan,nan,nan
2254,42.6315789474,0.6972430779,nan,0.0000230202,46.3789097497,nan,nan,nan,nan,nan,nan,nan
2255,42.6315789474,0.4757552754,nan,0.0005959653,32.2477901527,nan,nan,nan,nan,nan,nan,nan
2256,42.6315789474,0.3237310937,nan,0.0026941536,25.6957764396,nan,nan,nan,nan,nan,nan,nan
2257,42.6315789474,0.4771394500,nan,0.0005862496,32.3191740942,nan,nan,nan,nan,nan,nan,nan
2258,42.6315789474,0.4322828530,nan,0.0009741438,30.1137692687,nan,nan,nan,nan,nan,nan,nan
2259,42.6315789474,0.7609150865,nan,0.0000071552,51.4537938661,nan,nan,nan,nan,nan,nan,nan
2260,42.6315789474,0.1439685988,nan,0.0075548588,21.2177364630,nan,nan,nan,nan,nan,nan,nan
2261,42.6315789474,0.3362671578,nan,0.0024323464,26.1397456809,nan,nan,nan,nan,nan,nan,nan
2262,42.6315789474,0.5698223862,nan,0.0001744811,37.5825153746,nan,nan,nan,nan,nan,nan,nan
2263,42.6315789474,0.2703611655,nan,0.0039824311,23.9985172830,nan,nan,nan,nan,nan,nan,nan
2264,42.6315789474,0.2468058200,nan,0.0046253747,23.3485307661,nan,nan,nan,nan,nan,nan,nan
2265,42.6315789474,0.2818585464,nan,0.0036831590,24.3377952726,nan,nan,nan,nan,nan,nan,nan
2266,42.6315789474,0.5190721477,nan,0.0003481473,34.5823692936,nan,nan,nan,nan,nan,nan,nan
2267,42.6315789474,0.5913470684,nan,0.0001276013,38.9414482163,nan,nan,nan,nan,nan,nan,nan
2268,42.6315789474,0.6396013052,nan,0.0000605982,42.1753998454,nan,nan,nan,nan,nan,nan,nan
2269,42.6315789474,0.4332245936,nan,0.0009643210,30.1577835386,nan,nan,nan,nan,nan,nan,nan
2270,42.6315789474,0.6078473868,nan,0.0000995842,40.0180953190,nan,nan,nan,nan,nan,nan,nan
2271,42.6315789474,0.5272139690,nan,0.0003130104,35.0444128973,nan,nan,nan,nan,nan,nan,nan
2272,42.6315789474,0.3638651275,nan,0.0019151358,27.1780043054,nan,nan,nan,nan,nan,nan,nan
2273,42.6315789474,0.0936315225,nan,0.0087278126,20.5909458501,nan,nan,nan,nan,nan,nan,nan
2274,42.6315789474,0.4363878710,nan,0.0009318921,30.3063436778,nan,nan,nan,nan,nan,nan,nan
2275,42.6315789474,0.4774634493,nan,0.0005839943,32.3359138683,nan,nan,nan,nan,nan,nan,nan
2276,42.6315789474,0.1558422166,nan,0.0072355616,21.4052775608,nan,nan,nan,nan,nan,nan,nan
2277,42.6315789474,0.9244837905,nan,0.0000002201,66.5738839089,nan,nan,nan,nan,nan,nan,nan
2278,42.6315789474,0.1144586661,nan,0.0082844928,20.8173407746,nan,nan,nan,nan,nan,nan,nan
2279,42.6315789474,0.3030422361,nan,0.0031617003,25.0007929386,nan,nan,nan,nan,nan,nan,nan
2280,42.6315789474,0.7196215610,nan,0.0000154494,48.1108718738,nan,nan,nan,nan,nan,nan,nan
2281,42.6315789474,0.2275498033,nan,0.0051735106,22.8621465571,nan,nan,nan,nan,nan,nan,nan
2282,42.6315789474,0.1766969211,nan,0.0066504078,21.7715172319,nan,nan,nan,nan,nan,nan,nan
2283,42.6315789474,0.8159801685,nan,0.0000023940,56.2087122101,nan,nan,nan,nan,nan,nan,nan
2284,42.6315789474,1.0178072617,nan,0.0000000221,76.5481267686,nan,nan,nan,nan,nan,nan,nan
2285,42.6315789474,0.5901922433,nan,0.0001298007,38.8672308685,nan,nan,nan,nan,nan,nan,nan
2286,42.6315789474,0.5797219575,nan,0.0001513175,38.2011090492,nan,nan,nan,nan,nan,nan,nan
2287,42.6315789474,0.7619280543,nan,0.0000070175,51.5381972175,nan,nan,nan,nan,nan,nan,nan
2288,42.6315789474,0.3961465324,nan,0.0014129119,28.4988492740,nan,nan,nan,nan,nan,nan,nan
2289,42.6315789474,0.4141057157,nan,0.0011793918,29.2834188688,nan,nan,nan,nan,nan,nan,nan
2290,42.6315789474,0.7659228831,nan,0.0000064980,51.8721778446,nan,nan,nan,nan,nan,nan,nan
2291,42.6315789474,0.3717462010,nan,0.0017824285,27.4898787765,nan,nan,nan,nan,nan,nan,nan
2292,42.6315789474,0.3347251276,nan,0.0024636538,26.0842031260,nan,nan,nan,nan,nan,nan,nan
2293,42.6315789474,0.1849636321,nan,0.0064125189,21.9297134429,nan,nan,nan,nan,nan,nan,nan
2294,42.6315789474,0.5378545079,nan,0.0002716845,35.6593521241,nan,nan,nan,nan,nan,nan,nan
2295,42.6315789474,0.5434494241,nan,0.0002518988,35.9877386835,nan,nan,nan,nan,nan,nan,nan
2296,42.6315789474,0.2750323712,nan,0.0038595644,24.1346170433,nan,nan,nan,nan,nan,nan,nan
2297,42.6315789474,0.2093346444,nan,0.0057026809,22.4392092726,nan,nan,nan,nan,nan,nan,nan
2298,42.6315789474,0.0933048157,nan,0.0087342102,20.5877635939,nan,nan,nan,nan,nan,nan,nan
2299,42.6315789474,0.3860464669,nan,0.0015583875,28.0732454135,nan,nan,nan,nan,nan,nan,nan
2300,42.6315789474,0.7344630636,nan,0.0000117750,49.2904021210,nan,nan,nan,nan,nan,nan,nan
2301,42.6315789474,0.5767431475,nan,0.0001579856,38.0138256325,nan,nan,nan,nan,nan,nan,nan
2302,42.6315789474,0.5427733704,nan,0.0002542217,35.9478738499,nan,nan,nan,nan,nan,nan,nan
2303,42.6315789474,0.5913936927,nan,0.0001275132,38.9444477453,nan,nan,nan,nan,nan,nan,nan
2304,42.6315789474,0.2848186941,nan,0.0036078731,24.4274875054,nan,nan,nan,nan,nan,nan,nan
2305,42.6315789474,0.0292728780,nan,0.0095888301,20.1823437683,nan,nan,nan,nan,nan,nan,nan
2306,42.6315789474,0.4454232860,nan,0.0008439612,30.7367752085,nan,nan,nan,nan,nan,nan,nan
2307,42.6315789474,0.4900587262,nan,0.0005016864,32.9956766377,nan,nan,nan,nan,nan,nan,nan
2308,42.6315789474,0.1600991164,nan,0.0071183314,21.4762179981,nan,nan,nan,nan,nan,nan,nan
2309,42.6315789474,0.3436863463,nan,0.0022852667,26.4106310330,nan,nan,nan,nan,nan,nan,nan
2310,42.6315789474,0.7426606881,nan,0.0000101100,49.9524743575,nan,nan,nan,nan,nan,nan,nan
2311,42.6315789474,0.4992341602,nan,0.0004479844,33.4873715160,nan,nan,nan,nan,nan,nan,nan
2312,42.6315789474,0.2835149792,nan,0.0036409382,24.3878668928,nan,nan,nan,nan,nan,nan,nan
2313,42.6315789474,0.5753702784,nan,0.0001611446,37.9278431111,nan,nan,nan,nan,nan,nan,nan
2314,42.6315789474,0.7290930304,nan,0.0000129994,48.8607732939,nan,nan,nan,nan,nan,nan,nan
2315,42.6315789474,0.2773446245,nan,0.0037993828,24.2028694571,nan,nan,nan,nan,nan,nan,nan
2316,42.6315789474,0.2939438186,nan,0.0033806377,24.7100137454,nan,nan,nan,nan,nan,nan,nan
2317,42.6315789474,0.1201220203,nan,0.0081528023,20.8869308984,nan,nan,nan,nan,nan,nan,nan
2318,42.6315789474,0.4067439156,nan,0.0012713043,28.9575048393,nan,nan,nan,nan,nan,nan,nan
2319,42.6315789474,0.2294404615,nan,0.0051190411,22.9081138280,nan,nan,nan,nan,nan,nan,nan
2320,42.6315789474,0.3341809260,nan,0.0024747630,26.0646638289,nan,nan,nan,nan,nan,nan,nan
2321,42.6315789474,0.3171371018,nan,0.0028384600,25.4691722442,nan,nan,nan,nan,nan,nan,nan
2322,42.6315789474,0.4268641022,nan,0.0010321869,29.8624166455,nan,nan,nan,nan,nan,nan,nan
2323,42.6315789474,0.1592863913,nan,0.0071408137,21.4625229899,nan,nan,nan,nan,nan,nan,nan
2324,42.6315789474,0.5873765831,nan,0.0001353038,38.6868985729,nan,nan,nan,nan,nan,nan,nan
2325,42.6315789474,0.6202582435,nan,0.0000822643,40.8478884594,nan,nan,nan,nan,nan,nan,nan
2326,42.6315789474,0.3687899633,nan,0.0018314323,27.3720913259,nan,nan,nan,nan,nan,nan,nan
2327,42.6315789474,0.3064519650,nan,0.0030816957,25.1121024277,nan,nan,nan,nan,nan,nan,nan
2328,42.6315789474,0.2855994207,nan,0.0035881424,24.4513032674,nan,nan,nan,nan,nan,nan,nan
2329,42.6315789474,0.3001708122,nan,0.0032299480,24.9080446404,nan,nan,nan,nan,nan,nan,nan
2330,42.6315789474,0.5946980262,nan,0.0001214047,39.1576452419,nan,nan,nan,nan,nan,nan,nan
2331,42.6315789474,0.6406347138,nan,0.0000596006,42.2474964723,nan,nan,nan,nan,nan,nan,nan
2332,42.6315789474,1.0972140821,nan,0.0000000026,85.8080603771,nan,nan,nan,nan,nan,nan,nan
2333,42.6315789474,0.4762961759,nan,0.0005921531,32.2756599350,nan,nan,nan,nan,nan,nan,nan
2334,42.6315789474,0.2439184875,nan,0.0047064946,23.2730243538,nan,nan,nan,nan,nan,nan,nan
2335,42.6315789474,0.3265817520,nan,0.0026331660,25.7952176047,nan,nan,nan,nan,nan,nan,nan
2336,42.6315789474,0.1954248666,nan,0.0061086890,22.1405198391,nan,nan,nan,nan,nan,nan,nan
2337,42.6315789474,0.5323733477,nan,0.0002923470,35.3410140667,nan,nan,nan,nan,nan,nan,nan
2338,42.6315789474,0.0608390017,nan,0.0092722897,20.3281300855,nan,nan,nan,nan,nan,nan,nan
2339,42.6315789474,0.6467781043,nan,0.0000539690,42.6785541727,nan,nan,nan,nan,nan,nan,nan
2340,42.6315789474,0.3329029616,nan,0.0025009747,26.0189070389,nan,nan,nan,nan,nan,nan,nan
2341,42.6315789474,0.9105864420,nan,0.0000003039,65.1724233620,nan,nan,nan,nan,nan,nan,nan
2342,42.6315789474,0.4609670500,nan,0.0007082097,31.4983812363,nan,nan,nan,nan,nan,nan,nan
2343,42.6315789474,0.4501450399,nan,0.0008006998,30.9653029778,nan,nan,nan,nan,nan,nan,nan
2344,42.6315789474,0.5793805531,nan,0.0001520690,38.1795942135,nan,nan,nan,nan,nan,nan,nan
2345,42.6315789474,0.2980949811,nan,0.0032797769,24.8415570239,nan,nan,nan,nan,nan,nan,nan
2346,42.6315789474,0.7673236977,nan,0.0000063245,51.9897137137,nan,nan,nan,nan,nan,nan,nan
2347,42.6315789474,0.5123676755,nan,0.0003795406,34.2074180724,nan,nan,nan,nan,nan,nan,nan
2348,42.6315789474,0.3555514216,nan,0.0020623296,26.8564192267,nan,nan,nan,nan,nan,nan,nan
2349,42.6315789474,0.7255718308,nan,0.0000138650,48.5808113641,nan,nan,nan,nan,nan,nan,nan
2350,42.6315789474,0.4864671652,nan,0.0005241128,32.8057527333,nan,nan,nan,nan,nan,nan,nan
2351,42.6315789474,0.5122311699,nan,0.0003802038,34.1998357302,nan,nan,nan,nan,nan,nan,nan
2352,42.6315789474,0.4809588770,nan,0.0005601124,32.5172483964,nan,nan,nan,nan,nan,nan,nan
2353,42.6315789474,0.2706501052,nan,0.0039747822,24.0068665862,nan,nan,nan,nan,nan,nan,nan
2354,42.6315789474,0.5207865403,nan,0.0003404828,34.6790485029,nan,nan,nan,nan,nan,nan,nan
2355,42.6315789474,0.8881688742,nan,0.0000005061,62.9575202674,nan,nan,nan,nan,nan,nan,nan
2356,42.6315789474,0.6660709559,nan,0.0000392678,44.0596346796,nan,nan,nan,nan,nan,nan,nan
2357,42.6315789474,0.2369244253,nan,0.0049046826,23.0938909219,nan,nan,nan,nan,nan,nan,nan
2358,42.6315789474,0.6680490185,nan,0.0000379876,44.2035824535,nan,nan,nan,nan,nan,nan,nan
2359,42.6315789474,0.3833267034,nan,0.0015993518,27.9605598916,nan,nan,nan,nan,nan,nan,nan
2360,42.6315789474,0.5906627243,nan,0.0001289006,38.8974494327,nan,nan,nan,nan,nan,nan,nan
2361,42.6315789474,0.2098964972,nan,0.0056862825,22.4517156681,nan,nan,nan,nan,nan,nan,nan
2362,42.6315789474,0.3159348976,nan,0.0028652516,25.4283724349,nan,nan,nan,nan,nan,nan,nan
2363,42.6315789474,0.7900494980,nan,0.0000040483,53.9272418263,nan,nan,nan,nan,nan,nan,nan
2364,42.6315789474,0.4095728402,nan,0.0012353680,29.0820363791,nan,nan,nan,nan,nan,nan,nan
2365,42.6315789474,0.5239650979,nan,0.0003266511,34.8591590481,nan,nan,nan,nan,nan,nan,nan
2366,42.6315789474,0.3820105985,nan,0.0016194504,27.9063235836,nan,nan,nan,nan,nan,nan,nan
2367,42.6315789474,0.4405244302,nan,0.0008907828,30.5022819523,nan,nan,nan,nan,nan,nan,nan
2368,42.6315789474,0.6842162547,nan,0.0000288637,45.3964841795,nan,nan,nan,nan,nan,nan,nan
2369,42.6315789474,0.1714788218,nan,0.0067991257,21.6754693041,nan,nan,nan,nan,nan,nan,nan
2370,42.6315789474,0.6028483550,nan,0.0001074309,39.6887066556,nan,nan,nan,nan,nan,nan,nan
2371,42.6315789474,0.7078488386,nan,0.0000190864,47.1927537715,nan,nan,nan,nan,nan,nan,nan
2372,42.6315789474,0.3871182654,nan,0.0015424546,28.1178762356,nan,nan,nan,nan,nan,nan,nan
2373,42.6315789474,0.3618156006,nan,0.0019507340,27.0980194907,nan,nan,nan,nan,nan,nan,nan
2374,42.6315789474,0.2379645523,nan,0.0048750678,23.1201933574,nan,nan,nan,nan,nan,nan,nan
2375,42.6315789474,0.5471646502,nan,0.0002394572,36.2077206540,nan,nan,nan,nan,nan,nan,nan
2376,42.6315789474,0.1511035489,nan,0.0073644301,21.3286085779,nan,nan,nan,nan,nan,nan,nan
2377,42.6315789474,0.5520796459,nan,0.0002238155,36.5010988738,nan,nan,nan,nan,nan,nan,nan
2378,42.6315789474,0.3845442939,nan,0.0015809180,28.0109064353,nan,nan,nan,nan,nan,nan,nan
2379,42.6315789474,0.4638848405,nan,0.0006848057,31.6443260758,nan,nan,nan,nan,nan,nan,nan
2380,42.6315789474,0.2762463072,nan,0.0038279154,24.1703767399,nan,nan,nan,nan,nan,nan,nan
2381,42.6315789474,0.6308501416,nan,0.0000696684,41.5696418228,nan,nan,nan,nan,nan,nan,nan
2382,42.6315789474,0.7552592275,nan,0.0000079714,50.9846433558,nan,nan,nan,nan,nan,nan,nan
2383,42.6315789474,0.2509835659,nan,0.0045087977,23.4593925433,nan,nan,nan,nan,nan,nan,nan
2384,42.6315789474,1.1945569073,nan,0.0000000002,98.1312554021,nan,nan,nan,nan,nan,nan,nan
2385,42.6315789474,0.3977925965,nan,0.0013901836,28.5692783451,nan,nan,nan,nan,nan,nan,nan
2386,42.6315789474,0.3617565062,nan,0.0019517671,27.0957201297,nan,nan,nan,nan,nan,nan,nan
2387,42.6315789474,0.1824199368,nan,0.0064859745,21.8802476421,nan,nan,nan,nan,nan,nan,nan
2388,42.6315789474,0.5090991003,nan,0.0003956918,34.0264297155,nan,nan,nan,nan,nan,nan,nan
2389,42.6315789474,0.0858718951,nan,0.0088747530,20.5184372535,nan,nan,nan,nan,nan,nan,nan
2390,42.6315789474,0.5193719359,nan,0.0003467966,34.5992516235,nan,nan,nan,nan,nan,nan,nan
2391,42.6315789474,0.4221061615,nan,0.0010853277,29.6443909352,nan,nan,nan,nan,nan,nan,nan
2392,42.6315789474,0.4101283787,nan,0.0012284018,29.1065953895,nan,nan,nan,nan,nan,nan,nan
2393,42.6315789474,0.1454947515,nan,0.0075145148,21.2409905666,nan,nan,nan,nan,nan,nan,nan
2394,42.6315789474,0.4291051586,nan,0.0010078650,29.9659762055,nan,nan,nan,nan,nan,nan,nan
2395,42.6315789474,0.2541700169,nan,0.0044205577,23.5452293210,nan,nan,nan,nan,nan,nan,nan
2396,42.6315789474,0.3369273251,nan,0.0024190207,26.1636041804,nan,nan,nan,nan,nan,nan,nan
2397,42.6315789474,0.6984510626,nan,0.0000225374,46.4709713050,nan,nan,nan,nan,nan,nan,nan
2398,42.6315789474,0.6234984401,nan,0.0000782104,41.0673543999,nan,nan,nan,nan,nan,nan,nan
2399,42.6315789474,0.1576963665,nan,0.0071846627,21.4359361597,nan,nan,nan,nan,nan,nan,nan
2400,42.6315789474,0.2955527075,nan,0.0033413559,24.7607726756,nan,nan,nan,nan,nan,nan,nan
2401,42.6315789474,0.7413821729,nan,0.0000103545,49.8487215039,nan,nan,nan,nan,nan,nan,nan
2402,42.6315789474,0.5857618602,nan,0.0001385517,38.5838798632,nan,nan,nan,nan,nan,nan,nan
2403,42.6315789474,0.4633037451,nan,0.0006894162,31.6151851402,nan,nan,nan,nan,nan,nan,nan
2404,42.6315789474,0.9206529179,nan,0.0000002407,66.1853957679,nan,nan,nan,nan,nan,nan,nan
2405,42.6315789474,0.8172504769,nan,0.0000023322,56.3224156761,nan,nan,nan,nan,nan,nan,nan
2406,42.6315789474,0.3672371924,nan,0.0018575441,27.3106086489,nan,nan,nan,nan,nan,nan,nan
2407,42.6315789474,0.5332616193,nan,0.0002889098,35.3923770814,nan,nan,nan,nan,nan,nan,nan
2408,42.6315789474,0.3911965287,nan,0.0014829083,28.2888570784,nan,nan,nan,nan,nan,nan,nan
2409,42.6315789474,0.4331213012,nan,0.0009653946,30.1529511566,nan,nan,nan,nan,nan,nan,nan
2410,42.6315789474,0.3555073979,nan,0.0020631288,26.8547365730,nan,nan,nan,nan,nan,nan,nan
2411,42.6315789474,0.1823978181,nan,0.0064866123,21.8798205854,nan,nan,nan,nan,nan,nan,nan
2412,42.6315789474,0.2088082207,nan,0.0057180472,22.4275226276,nan,nan,nan,nan,nan,nan,nan
2413,42.6315789474,0.2899894016,nan,0.0034781954,24.5864602891,nan,nan,nan,nan,nan,nan,nan
2414,42.6315789474,0.1727213156,nan,0.0067638314,21.6980722917,nan,nan,nan,nan,nan,nan,nan
2415,42.6315789474,0.3103889939,nan,0.0029907417,25.2422109785,nan,nan,nan,nan,nan,nan,nan
2416,42.6315789474,0.0681963908,nan,0.0091681723,20.3771723427,nan,nan,nan,nan,nan,nan,nan
2417,42.6315789474,1.3428130346,nan,0.0000000000,118.9606929387,nan,nan,nan,nan,nan,nan,nan
2418,42.6315789474,0.3236087553,nan,0.0026967899,25.6915288002,nan,nan,nan,nan,nan,nan,nan
2419,42.6315789474,0.1499524976,nan,0.0073954553,21.3103508233,nan,nan,nan,nan,nan,nan,nan
2420,42.6315789474,0.2349949583,nan,0.0049597395,23.0454113020,nan,nan,nan,nan,nan,nan,nan
2421,42.6315789474,0.8439164946,nan,0.0000013332,58.7510411489,nan,nan,nan,nan,nan,nan,nan
2422,42.6315789474,0.1634522323,nan,0.0070251003,21.5334747208,nan,nan,nan,nan,nan,nan,nan
2423,42.6315789474,0.2454248637,nan,0.0046641187,23.3123040418,nan,nan,nan,nan,nan,nan,nan
2424,42.6315789474,0.6900164546,nan,0.0000261122,45.8315681430,nan,nan,nan,nan,nan,nan,nan
2425,42.6315789474,1.1345396395,nan,0.0000000009,90.4067019572,nan,nan,nan,nan,nan,nan,nan
2426,42.6315789474,0.2087592670,nan,0.0057194763,22.4264373813,nan,nan,nan,nan,nan,nan,nan
2427,42.6315789474,0.4602800828,nan,0.0007138128,31.4641568943,nan,nan,nan,nan,nan,nan,nan
2428,42.6315789474,0.5964435131,nan,0.0001182836,39.2707557332,nan,nan,nan,nan,nan,nan,nan
2429,42.6315789474,0.4658729127,nan,0.0006692206,31.7443071881,nan,nan,nan,nan,nan,nan,nan
2430,42.6315789474,0.9918799568,nan,0.0000000429,73.6786542736,nan,nan,nan,nan,nan,nan,nan
2431,42.6315789474,0.7246113546,nan,0.0000141101,48.5046870083,nan,nan,nan,nan,nan,nan,nan
2432,42.6315789474,0.4949475668,nan,0.0004724437,33.2564991178,nan,nan,nan,nan,nan,nan,nan
2433,42.6315789474,0.4864302441,nan,0.0005243475,32.8038077478,nan,nan,nan,nan,nan,nan,nan
2434,42.6315789474,0.3952627935,nan,0.0014252267,28.4611606043,nan,nan,nan,nan,nan,nan,nan
2435,42.6315789474,0.1742974435,nan,0.0067189515,21.7269849172,nan,nan,nan,nan,nan,nan,nan
2436,42.6315789474,0.3903748335,nan,0.0014947687,28.2542600711,nan,nan,nan,nan,nan,nan,nan
2437,42.6315789474,0.3870158355,nan,0.0015439721,28.1136054747,nan,nan,nan,nan,nan,nan,nan
2438,42.6315789474,0.4520290654,nan,0.0007839392,31.0571760777,nan,nan,nan,nan,nan,nan,nan
2439,42.6315789474,1.1034438214,nan,0.0000000022,86.5646440277,nan,nan,nan,nan,nan,nan,nan
2440,42.6315789474,0.3450946392,nan,0.0022580143,26.4627330274,nan,nan,nan,nan,nan,nan,nan
2441,42.6315789474,0.2523597432,nan,0.0044706141,23.4963281305,nan,nan,nan,nan,nan,nan,nan
2442,42.6315789474,0.2777179862,nan,0.0037897058,24.2139450698,nan,nan,nan,nan,nan,nan,nan
2443,42.6315789474,0.6418759640,nan,0.0000584218,42.3342508017,nan,nan,nan,nan,nan,nan,nan
2444,42.6315789474,0.6267402263,nan,0.0000743344,41.2880990757,nan,nan,nan,nan,nan,nan,nan
2445,42.6315789474,0.4159256170,nan,0.0011574680,29.3649099720,nan,nan,nan,nan,nan,nan,nan
2446,42.6315789474,0.4086408451,nan,0.0012471217,29.0409116435,nan,nan,nan,nan,nan,nan,nan
2447,42.6315789474,1.0860694038,nan,0.0000000036,84.4655055683,nan,nan,nan,nan,nan,nan,nan
2448,42.6315789474,0.6189771217,nan,0.0000839182,40.7614379219,nan,nan,nan,nan,nan,nan,nan
2449,42.6315789474,0.1216254569,nan,0.0081171159,20.9059825357,nan,nan,nan,nan,nan,nan,nan
2450,42.6315789474,0.8062775762,nan,0.0000029200,55.3462173591,nan,nan,nan,nan,nan,nan,nan
2451,42.6315789474,0.1636317333,nan,0.0070200886,21.5365740706,nan,nan,nan,nan,nan,nan,nan
2452,42.6315789474,0.2021718632,nan,0.0059118351,22.2827768516,nan,nan,nan,nan,nan,nan,nan
2453,42.6315789474,0.5908379632,nan,0.0001285668,38.9087111627,nan,nan,nan,nan,nan,nan,nan
2454,42.6315789474,0.4628968910,nan,0.0006926591,31.5948043556,nan,nan,nan,nan,nan,nan,nan
2455,42.6315789474,0.5925630465,nan,0.0001253212,39.0197561552,nan,nan,nan,nan,nan,nan,nan
2456,42.6315789474,1.1371626508,nan,0.0000000008,90.7357866006,nan,nan,nan,nan,nan,nan,nan
2457,42.6315789474,0.2879946736,nan,0.0035279418,24.5247858622,nan,nan,nan,nan,nan,nan,nan
2458,42.6315789474,0.2413097331,nan,0.0047801500,23.2055847917,nan,nan,nan,nan,nan,nan,nan
2459,42.6315789474,0.2243581052,nan,0.0052657104,22.7854303049,nan,nan,nan,nan,nan,nan,nan
2460,42.6315789474,0.2055615690,nan,0.0058128456,22.3561121543,nan,nan,nan,nan,nan,nan,nan
2461,42.6315789474,0.6298855348,nan,0.0000707393,41.5033939605,nan,nan,nan,nan,nan,nan,nan
2462,42.6315789474,0.2855621017,nan,0.0035890844,24.4501633482,nan,nan,nan,nan,nan,nan,nan
2463,42.6315789474,0.6149252888,nan,0.0000893465,40.4892228383,nan,nan,nan,nan,nan,nan,nan
2464,42.6315789474,0.3254333499,nan,0.0026576330,25.7550499218,nan,nan,nan,nan,nan,nan,nan
2465,42.6315789474,0.4527967182,nan,0.0007771909,31.0947226850,nan,nan,nan,nan,nan,nan,nan
2466,42.6315789474,0.2841882057,nan,0.0036238454,24.4083033895,nan,nan,nan,nan,nan,nan,nan
2467,42.6315789474,0.6986358123,nan,0.0000224643,46.4850656124,nan,nan,nan,nan,nan,nan,nan
2468,42.6315789474,0.7347975593,nan,0.0000117023,49.3172701490,nan,nan,nan,nan,nan,nan,nan
2469,42.6315789474,0.5192966754,nan,0.0003471353,34.5950124509,nan,nan,nan,nan,nan,nan,nan
2470,42.6315789474,0.7920144244,nan,0.0000038927,54.0974832499,nan,nan,nan,nan,nan,nan,nan
2471,42.6315789474,0.9339616181,nan,0.0000001761,67.5421235980,nan,nan,nan,nan,nan,nan,nan
2472,42.6315789474,0.2440291580,nan,0.0047033774,23.2759017309,nan,nan,nan,nan,nan,nan,nan
2473,42.6315789474,0.7823374377,nan,0.0000047171,53.2632499991,nan,nan,nan,nan,nan,nan,nan
2474,42.6315789474,0.4539353988,nan,0.0007672667,31.1505366844,nan,nan,nan,nan,nan,nan,nan
2475,42.6315789474,0.3756439428,nan,0.0017192339,27.6466502629,nan,nan,nan,nan,nan,nan,nan
2476,42.6315789474,0.7971391918,nan,0.0000035127,54.5435298573,nan,nan,nan,nan,nan,nan,nan
2477,42.6315789474,0.9856715215,nan,0.0000000501,73.0027848713,nan,nan,nan,nan,nan,nan,nan
2478,42.6315789474,0.5564899095,nan,0.0002105409,36.7666349159,nan,nan,nan,nan,nan,nan,nan
2479,42.6315789474,0.1248350268,nan,0.0080399510,20.9474659947,nan,nan,nan,nan,nan,nan,nan
2480,42.6315789474,0.3328287426,nan,0.0025025023,26.0162551819,nan,nan,nan,nan,nan,nan,nan
2481,42.6315789474,0.7159942667,nan,0.0000164955,47.8263386150,nan,nan,nan,nan,nan,nan,nan
2482,42.6315789474,0.3272712556,nan,0.0026185424,25.8194039511,nan,nan,nan,nan,nan,nan,nan
2483,42.6315789474,0.5338627061,nan,0.0002866036,35.4271837575,nan,nan,nan,nan,nan,nan,nan
2484,42.6315789474,0.4521548780,nan,0.0007828300,31.0633252188,nan,nan,nan,nan,nan,nan,nan
2485,42.6315789474,0.5249058226,nan,0.0003226503,34.9126795765,nan,nan,nan,nan,nan,nan,nan
2486,42.6315789474,0.2136078547,nan,0.0055780328,22.5351893301,nan,nan,nan,nan,nan,nan,nan
2487,42.6315789474,0.5303274047,nan,0.0003003970,35.2230437160,nan,nan,nan,nan,nan,nan,nan
2488,42.6315789474,0.4200394568,nan,0.0011090558,29.5504661772,nan,nan,nan,nan,nan,nan,nan
2489,42.6315789474,0.8830925392,nan,0.0000005670,62.4638113593,nan,nan,nan,nan,nan,nan,nan
2490,42.6315789474,0.6965209173,nan,0.0000233134,46.3239511505,nan,nan,nan,nan,nan,nan,nan
2491,42.6315789474,0.4455290555,nan,0.0008429722,30.7418673424,nan,nan,nan,nan,nan,nan,nan
2492,42.6315789474,0.2367029051,nan,0.0049109958,23.0883044112,nan,nan,nan,nan,nan,nan,nan
2493,42.6315789474,0.1789931058,nan,0.0065845849,21.8147160055,nan,nan,nan,nan,nan,nan,nan
2494,42.6315789474,0.5886551791,nan,0.0001327798,38.7686783889,nan,nan,nan,nan,nan,nan,nan
2495,42.6315789474,0.5769092984,nan,0.0001576070,38.0242458574,nan,nan,nan,nan,nan,nan,nan
2496,42.6315789474,0.3089203527,nan,0.0030244907,25.1934774626,nan,nan,nan,nan,nan,nan,nan
2497,42.6315789474,0.7577973343,nan,0.0000075950,51.1947349588,nan,nan,nan,nan,nan,nan,nan
2498,42.6315789474,0.5959091505,nan,0.0001192314,39.2360921055,nan,nan,nan,nan,nan,nan,nan
2499,42.6315789474,0.3591057208,nan,0.0019984931,26.9929734607,nan,nan,nan,nan,nan,nan,nan
2500,42.6315789474,0.2451719844,nan,0.0046712243,23.3056927742,nan,nan,nan,nan,nan,nan,nan
2501,42.6315789474,1.0065008942,nan,0.0000000296,75.2874926323,nan,nan,nan,nan,nan,nan,nan
2502,42.6315789474,0.1402264072,nan,0.0076528322,21.1617781177,nan,nan,nan,nan,nan,nan,nan
2503,42.6315789474,0.8013957618,nan,0.0000032239,54.9162489820,nan,nan,nan,nan,nan,nan,nan
2504,42.6315789474,0.9717351857,nan,0.0000000708,71.5014451661,nan,nan,nan,nan,nan,nan,nan
2505,42.6315789474,0.2077820714,nan,0.0057480051,22.4048285879,nan,nan,nan,nan,nan,nan,nan
2506,42.6315789474,1.2868025318,nan,0.0000000000,110.7986462653,nan,nan,nan,nan,nan,nan,nan
2507,42.6315789474,0.2311740396,nan,0.0050692019,22.9506041178,nan,nan,nan,nan,nan,nan,nan
2508,42.6315789474,0.3554088651,nan,0.0020649183,26.8509712746,nan,nan,nan,nan,nan,nan,nan
2509,42.6315789474,0.5793846247,nan,0.0001520600,38.1798507228,nan,nan,nan,nan,nan,nan,nan
2510,42.6315789474,0.3851986283,nan,0.0015710752,28.0380302169,nan,nan,nan,nan,nan,nan,nan
2511,42.6315789474,0.9318544723,nan,0.0000001851,67.3259873049,nan,nan,nan,nan,nan,nan,nan
2512,42.6315789474,0.3520434502,nan,0.0021266658,26.7230076018,nan,nan,nan,nan,nan,nan,nan
2513,42.6315789474,0.4289552600,nan,0.0010094779,29.9590320494,nan,nan,nan,nan,nan,nan,nan
2514,42.6315789474,0.3363148706,nan,0.0024313818,26.1414684177,nan,nan,nan,nan,nan,nan,nan
2515,42.6315789474,1.0526688339,nan,0.0000000089,80.5258554729,nan,nan,nan,nan,nan,nan,nan
2516,42.6315789474,0.1916481460,nan,0.0062186401,22.0630457726,nan,nan,nan,nan,nan,nan,nan
2517,42.6315789474,0.2707996614,nan,0.0039708257,24.0111917980,nan,nan,nan,nan,nan,nan,nan
2518,42.6315789474,0.5215940344,nan,0.0003369226,34.7246982817,nan,nan,nan,nan,nan,nan,nan
2519,42.6315789474,0.2088328907,nan,0.0057173271,22.4280696317,nan,nan,nan,nan,nan,nan,nan
2520,42.6315789474,0.1545643867,nan,0.0072704879,21.3843644377,nan,nan,nan,nan,nan,nan,nan
2521,42.6315789474,0.5648905359,nan,0.0001871368,37.2784074449,nan,nan,nan,nan,nan,nan,nan
2522,42.6315789474,0.9934284339,nan,0.0000000412,73.8479029150,nan,nan,nan,nan,nan,nan,nan
2523,42.6315789474,0.2224058408,nan,0.0053222444,22.7390518269,nan,nan,nan,nan,nan,nan,nan
2524,42.6315789474,0.7672147867,nan,0.0000063379,51.9805676191,nan,nan,nan,nan,nan,nan,nan
2525,42.6315789474,0.1653745298,nan,0.0069713245,21.5668470107,nan,nan,nan,nan,nan,nan,nan
2526,42.6315789474,0.8784772195,nan,0.0000006284,62.0174525212,nan,nan,nan,nan,nan,nan,nan
2527,42.6315789474,0.4701930525,nan,0.0006363444,31.9630776552,nan,nan,nan,nan,nan,nan,nan
2528,42.6315789474,0.7331979952,nan,0.0000120534,49.1888999846,nan,nan,nan,nan,nan,nan,nan
2529,42.6315789474,0.0289568399,nan,0.0095908907,20.1814105899,nan,nan,nan,nan,nan,nan,nan
2530,42.6315789474,0.0662459076,nan,0.0091968406,20.3636133901,nan,nan,nan,nan,nan,nan,nan
2531,42.6315789474,0.5652318125,nan,0.0001862360,37.2993641346,nan,nan,nan,nan,nan,nan,nan
2532,42.6315789474,1.1748729845,nan,0.0000000003,95.5529290130,nan,nan,nan,nan,nan,nan,nan
2533,42.6315789474,0.8101789736,nan,0.0000026966,55.6917561341,nan,nan,nan,nan,nan,nan,nan
2534,42.6315789474,1.4095116321,nan,0.0000000000,129.1446240494,nan,nan,nan,nan,nan,nan,nan
2535,42.6315789474,0.1996282048,nan,0.0059860937,22.2285648848,nan,nan,nan,nan,nan,nan,nan
2536,42.6315789474,1.1011007357,nan,0.0000000024,86.2795688200,nan,nan,nan,nan,nan,nan,nan
2537,42.6315789474,0.2652748073,nan,0.0041180970,23.8530342329,nan,nan,nan,nan,nan,nan,nan
2538,42.6315789474,0.6711355757,nan,0.0000360656,44.4290703171,nan,nan,nan,nan,nan,nan,nan
2539,42.6315789474,0.2118900454,nan,0.0056281190,22.4963672681,nan,nan,nan,nan,nan,nan,nan
2540,42.6315789474,0.2637851700,nan,0.0041581850,23.8109619544,nan,nan,nan,nan,nan,nan,nan
2541,42.6315789474,0.9788230291,nan,0.0000000594,72.2622737096,nan,nan,nan,nan,nan,nan,nan
2542,42.6315789474,0.4172935043,nan,0.0011411949,29.4264016269,nan,nan,nan,nan,nan,nan,nan
2543,42.6315789474,0.2358184358,nan,0.0049362230,23.0660523055,nan,nan,nan,nan,nan,nan,nan
2544,42.6315789474,0.3312382734,nan,0.0025353780,25.9595728612,nan,nan,nan,nan,nan,nan,nan
2545,42.6315789474,1.0446125573,nan,0.0000000110,79.5944500894,nan,nan,nan,nan,nan,nan,nan
2546,42.6315789474,0.4700883529,nan,0.0006371253,31.9577512672,nan,nan,nan,nan,nan,nan,nan
2547,42.6315789474,0.4709559434,nan,0.0006306778,32.0019248788,nan,nan,nan,nan,nan,nan,nan
2548,42.6315789474,1.0320986179,nan,0.0000000153,78.1622024399,nan,nan,nan,nan,nan,nan,nan
2549,42.6315789474,0.8392650821,nan,0.0000014717,58.3216652041,nan,nan,nan,nan,nan,nan,nan
2550,42.6315789474,0.3810896434,nan,0.0016336218,27.8684848013,nan,nan,nan,nan,nan,nan,nan
2551,42.6315789474,0.4673755827,nan,0.0006576325,31.8201675317,nan,nan,nan,nan,nan,nan,nan
2552,42.6315789474,0.5777284720,nan,0.0001557519,38.0756655722,nan,nan,nan,nan,nan,nan,nan
2553,42.6315789474,0.2980892932,nan,0.0032799140,24.8413754918,nan,nan,nan,nan,nan,nan,nan
2554,42.6315789474,0.3884473410,nan,0.0015228614,28.1733962120,nan,nan,nan,nan,nan,nan,nan
2555,42.6315789474,0.9987169534,nan,0.0000000361,74.4279755452,nan,nan,nan,nan,nan,nan,nan
2556,42.6315789474,0.3522997122,nan,0.0021219211,26.7327076673,nan,nan,nan,nan,nan,nan,nan
2557,42.6315789474,0.3417657459,nan,0.0023227759,26.3399268134,nan,nan,nan,nan,nan,nan,nan
2558,42.6315789474,0.8844328684,nan,0.0000005503,62.5938863489,nan,nan,nan,nan,nan,nan,nan
2559,42.6315789474,0.8695672875,nan,0.0000007652,61.1625208285,nan,nan,nan,nan,nan,nan,nan
2560,42.6315789474,0.3314171451,nan,0.0025316673,25.9659337547,nan,nan,nan,nan,nan,nan,nan
2561,42.6315789474,0.6257228873,nan,0.0000755319,41.2186987444,nan,nan,nan,nan,nan,nan,nan
2562,42.6315789474,0.2889109600,nan,0.0035050465,24.5530621694,nan,nan,nan,nan,nan,nan,nan
2563,42.6315789474,0.5334821297,nan,0.0002880619,35.4051413473,nan,nan,nan,nan,nan,nan,nan
2564,42.6315789474,0.9484020985,nan,0.0000001248,69.0367715435,nan,nan,nan,nan,nan,nan,nan
2565,42.6315789474,0.4931248418,nan,0.0004831761,33.1589459246,nan,nan,nan,nan,nan,nan,nan
2566,42.6315789474,0.1587842244,nan,0.0071546818,21.4540967603,nan,nan,nan,nan,nan,nan,nan
2567,42.6315789474,0.2509053161,nan,0.0045109721,23.4572985841,nan,nan,nan,nan,nan,nan,nan
2568,42.6315789474,0.6408803132,nan,0.0000593656,42.2646484424,nan,nan,nan,nan,nan,nan,nan
2569,42.6315789474,0.2618638779,nan,0.0042101190,23.7570562900,nan,nan,nan,nan,nan,nan,nan
2570,42.6315789474,0.3020000489,nan,0.0031863792,24.9670253547,nan,nan,nan,nan,nan,nan,nan
2571,42.6315789474,0.2000571320,nan,0.0059735744,22.2376572030,nan,nan,nan,nan,nan,nan,nan
2572,42.6315789474,0.1915959871,nan,0.0062201569,22.0619866359,nan,nan,nan,nan,nan,nan,nan
2573,42.6315789474,0.0264756691,nan,0.0096062875,20.1744442118,nan,nan,nan,nan,nan,nan,nan
2574,42.6315789474,0.5646264519,nan,0.0001878365,37.2621997843,nan,nan,nan,nan,nan,nan,nan
2575,42.6315789474,0.2919802875,nan,0.0034289012,24.6484503196,nan,nan,nan,nan,nan,nan,nan
2576,42.6315789474,0.5172455190,nan,0.0003564741,34.4797197271,nan,nan,nan,nan,nan,nan,nan
2577,42.6315789474,0.2513131637,nan,0.0044996425,23.4682198837,nan,nan,nan,nan,nan,nan,nan
2578,42.6315789474,0.4905868527,nan,0.0004984568,33.0237248534,nan,nan,nan,nan,nan,nan,nan
2579,42.6315789474,0.6478414123,nan,0.0000530446,42.7535897361,nan,nan,nan,nan,nan,nan,nan
2580,42.6315789474,0.4128434889,nan,0.0011947818,29.2271139361,nan,nan,nan,nan,nan,nan,nan
2581,42.6315789474,0.4211496197,nan,0.0010962609,29.6008606932,nan,nan,nan,nan,nan,nan,nan
2582,42.6315789474,0.5470053906,nan,0.0002399795,36.1982592788,nan,nan,nan,nan,nan,nan,nan
2583,42.6315789474,0.4472712496,nan,0.0008268142,30.8259209559,nan,nan,nan,nan,nan,nan,nan
2584,42.6315789474,0.0382065429,nan,0.0095213381,20.2130201183,nan,nan,nan,nan,nan,nan,nan
2585,42.6315789474,0.7585740893,nan,0.0000074831,51.2591749395,nan,nan,nan,nan,nan,nan,nan
2586,42.6315789474,0.2903660447,nan,0.0034688422,24.5981545025,nan,nan,nan,nan,nan,nan,nan
2587,42.6315789474,0.4581668629,nan,0.0007312730,31.3592048535,nan,nan,nan,nan,nan,nan,nan
2588,42.6315789474,0.1382085825,nan,0.0077050764,21.1322305162,nan,nan,nan,nan,nan,nan,nan
2589,42.6315789474,0.7031591042,nan,0.0000207428,46.8313316212,nan,nan,nan,nan,nan,nan,nan
2590,42.6315789474,0.3727335006,nan,0.0017662693,27.5294308199,nan,nan,nan,nan,nan,nan,nan
2591,42.6315789474,0.5820285270,nan,0.0001463253,38.3468056842,nan,nan,nan,nan,nan,nan,nan
2592,42.6315789474,0.2743621060,nan,0.0038770896,24.1149416615,nan,nan,nan,nan,nan,nan,nan
2593,42.6315789474,0.3132563780,nan,0.0029254721,25.3380403342,nan,nan,nan,nan,nan,nan,nan
2594,42.6315789474,0.7573182482,nan,0.0000076647,51.1550234142,nan,nan,nan,nan,nan,nan,nan
2595,42.6315789474,0.5803692113,nan,0.0001499017,38.2419336879,nan,nan,nan,nan,nan,nan,nan
2596,42.6315789474,0.7747323166,nan,0.0000054765,52.6149917779,nan,nan,nan,nan,nan,nan,nan
2597,42.6315789474,0.6980651400,nan,0.0000226906,46.4415420823,nan,nan,nan,nan,nan,nan,nan
2598,42.6315789474,0.2318644883,nan,0.0050493814,22.9676182711,nan,nan,nan,nan,nan,nan,nan
2599,42.6315789474,0.2576120317,nan,0.0043259394,23.6391956894,nan,nan,nan,nan,nan,nan,nan
2600,42.6315789474,0.9251257537,nan,0.0000002168,66.6391467752,nan,nan,nan,nan,nan,nan,nan
2601,42.6315789474,0.4619070562,nan,0.0007006004,31.5452964769,nan,nan,nan,nan,nan,nan,nan
2602,42.6315789474,0.2655231972,nan,0.0041114279,23.8600731683,nan,nan,nan,nan,nan,nan,nan
2603,42.6315789474,0.1669743439,nan,0.0069263985,21.5949252431,nan,nan,nan,nan,nan,nan,nan
2604,42.6315789474,0.5273924930,nan,0.0003122751,35.0546264815,nan,nan,nan,nan,nan,nan,nan
2605,42.6315789474,0.4499252873,nan,0.0008026732,30.9546124793,nan,nan,nan,nan,nan,nan,nan
2606,42.6315789474,0.5362848915,nan,0.0002774693,35.5678500684,nan,nan,nan,nan,nan,nan,nan
2607,42.6315789474,0.5157584706,nan,0.0003633769,34.3964266950,nan,nan,nan,nan,nan,nan,nan
2608,42.6315789474,0.2124955363,nan,0.0056104609,22.5100146076,nan,nan,nan,nan,nan,nan,nan
2609,42.6315789474,0.4273562398,nan,0.0010268072,29.8851108490,nan,nan,nan,nan,nan,nan,nan
2610,42.6315789474,0.1618145241,nan,0.0070707291,21.5053580264,nan,nan,nan,nan,nan,nan,nan
2611,42.6315789474,0.4349590081,nan,0.0009464329,30.2391016084,nan,nan,nan,nan,nan,nan,nan
2612,42.6315789474,0.2201812565,nan,0.0053867775,22.6867095856,nan,nan,nan,nan,nan,nan,nan
2613,42.6315789474,0.5026879544,nan,0.0004290548,33.6748721924,nan,nan,nan,nan,nan,nan,nan
2614,42.6315789474,0.4691498635,nan,0.0006441601,31.9100616555,nan,nan,nan,nan,nan,nan,nan
2615,42.6315789474,0.0636560742,nan,0.0092337224,20.3462318485,nan,nan,nan,nan,nan,nan,nan
2616,42.6315789474,0.2821067845,nan,0.0036768168,24.3452800358,nan,nan,nan,nan,nan,nan,nan
2617,42.6315789474,0.2102765369,nan,0.0056751919,22.4601944979,nan,nan,nan,nan,nan,nan,nan
2618,42.6315789474,0.9522755209,nan,0.0000001137,69.4416782203,nan,nan,nan,nan,nan,nan,nan
2619,42.6315789474,0.5781931018,nan,0.0001547083,38.1048636762,nan,nan,nan,nan,nan,nan,nan
2620,42.6315789474,0.0602292946,nan,0.0092804223,20.3243225928,nan,nan,nan,nan,nan,nan,nan
2621,42.6315789474,0.1606685715,nan,0.0071025513,21.4858562258,nan,nan,nan,nan,nan,nan,nan
2622,42.6315789474,0.5534444801,nan,0.0002196321,36.5830427006,nan,nan,nan,nan,nan,nan,nan
2623,42.6315789474,0.9920707466,nan,0.0000000427,73.6994930167,nan,nan,nan,nan,nan,nan,nan
2624,42.6315789474,0.4421868604,nan,0.0008746695,30.5815599395,nan,nan,nan,nan,nan,nan,nan
2625,42.6315789474,0.3746854584,nan,0.0017346251,27.6079438144,nan,nan,nan,nan,nan,nan,nan
2626,42.6315789474,0.3671968032,nan,0.0018582267,27.3090129611,nan,nan,nan,nan,nan,nan,nan
2627,42.6315789474,0.5656405167,nan,0.0001851621,37.3244783845,nan,nan,nan,nan,nan,nan,nan
2628,42.6315789474,0.7746495771,nan,0.0000054853,52.6079747199,nan,nan,nan,nan,nan,nan,nan
2629,42.6315789474,0.2749324557,nan,0.0038621746,24.1316809448,nan,nan,nan,nan,nan,nan,nan
2630,42.6315789474,0.5018520880,nan,0.0004335735,33.6293730823,nan,nan,nan,nan,nan,nan,nan
2631,42.6315789474,0.2169644763,nan,0.0054802781,22.6119740411,nan,nan,nan,nan,nan,nan,nan
2632,42.6315789474,0.2522008245,nan,0.0044750178,23.4920523147,nan,nan,nan,nan,nan,nan,nan
2633,42.6315789474,0.5554213574,nan,0.0002136928,36.7021003716,nan,nan,nan,nan,nan,nan,nan
2634,42.6315789474,0.2763926870,nan,0.0038241070,24.1746996329,nan,nan,nan,nan,nan,nan,nan
2635,42.6315789474,0.3074181986,nan,0.0030592315,25.1438765671,nan,nan,nan,nan,nan,nan,nan
2636,42.6315789474,0.4642744732,nan,0.0006817284,31.6638864233,nan,nan,nan,nan,nan,nan,nan
2637,42.6315789474,0.4411715582,nan,0.0008844828,30.5331058755,nan,nan,nan,nan,nan,nan,nan
2638,42.6315789474,0.6274422533,nan,0.0000735181,41.3360568851,nan,nan,nan,nan,nan,nan,nan
2639,42.6315789474,0.2567813094,nan,0.0043487068,23.6163987090,nan,nan,nan,nan,nan,nan,nan
2640,42.6315789474,0.7069670694,nan,0.0000193883,47.1246111009,nan,nan,nan,nan,nan,nan,nan
2641,42.6315789474,0.5548991069,nan,0.0002152482,36.6706055482,nan,nan,nan,nan,nan,nan,nan
2642,42.6315789474,0.6820299390,nan,0.0000299677,45.2334597573,nan,nan,nan,nan,nan,nan,nan
2643,42.6315789474,0.3507175989,nan,0.0021513266,26.6729366236,nan,nan,nan,nan,nan,nan,nan
2644,42.6315789474,0.2936501987,nan,0.0033878323,24.7007809082,nan,nan,nan,nan,nan,nan,nan
2645,42.6315789474,0.6526611643,nan,0.0000490310,43.0952918905,nan,nan,nan,nan,nan,nan,nan
2646,42.6315789474,0.5012974518,nan,0.0004365937,33.5992250707,nan,nan,nan,nan,nan,nan,nan
2647,42.6315789474,0.3824053379,nan,0.0016134033,27.9225706412,nan,nan,nan,nan,nan,nan,nan
2648,42.6315789474,0.6609104136,nan,0.0000427942,43.6861472918,nan,nan,nan,nan,nan,nan,nan
2649,42.6315789474,0.4494944385,nan,0.0008065535,30.9336680939,nan,nan,nan,nan,nan,nan,nan
2650,42.6315789474,0.2596261413,nan,0.0042709251,23.6947804282,nan,nan,nan,nan,nan,nan,nan
2651,42.6315789474,0.6166831988,nan,0.0000869541,40.6071001761,nan,nan,nan,nan,nan,nan,nan
2652,42.6315789474,0.7280403767,nan,0.0000132528,48.7769340422,nan,nan,nan,nan,nan,nan,nan
2653,42.6315789474,1.0310282931,nan,0.0000000157,78.0405213628,nan,nan,nan,nan,nan,nan,nan
2654,42.6315789474,0.2157600073,nan,0.0055153361,22.5842801684,nan,nan,nan,nan,nan,nan,nan
2655,42.6315789474,0.7766639535,nan,0.0000052735,52.7790300114,nan,nan,nan,nan,nan,nan,nan
2656,42.6315789474,0.1735628963,nan,0.0067398823,21.7134768797,nan,nan,nan,nan,nan,nan,nan
2657,42.6315789474,0.6959186779,nan,0.0000235605,46.2781634841,nan,nan,nan,nan,nan,nan,nan
2658,42.6315789474,0.1275426730,nan,0.0079738449,20.9833221488,nan,nan,nan,nan,nan,nan,nan
2659,42.6315789474,0.3180977172,nan,0.0028171585,25.5018871094,nan,nan,nan,nan,nan,nan,nan
2660,42.6315789474,0.8233849445,nan,0.0000020540,56.8740506437,nan,nan,nan,nan,nan,nan,nan
2661,42.6315789474,0.6259460273,nan,0.0000752677,41.2339109194,nan,nan,nan,nan,nan,nan,nan
2662,42.6315789474,0.5841296553,nan,0.0001419044,38.4800407339,nan,nan,nan,nan,nan,nan,nan
2663,42.6315789474,0.2467385013,nan,0.0046272611,23.3467599658,nan,nan,nan,nan,nan,nan,nan
2664,42.6315789474,0.4742122582,nan,0.0006069509,32.1684645982,nan,nan,nan,nan,nan,nan,nan
2665,42.6315789474,0.6423088066,nan,0.0000580157,42.3645437460,nan,nan,nan,nan,nan,nan,nan
2666,42.6315789474,0.3649446302,nan,0.0018965667,27.2203188572,nan,nan,nan,nan,nan,nan,nan
2667,42.6315789474,0.9495625659,nan,0.0000001214,69.1579033593,nan,nan,nan,nan,nan,nan,nan
2668,42.6315789474,0.2768992220,nan,0.0038109419,24.1896767257,nan,nan,nan,nan,nan,nan,nan
2669,42.6315789474,0.7935703628,nan,0.0000037735,54.2325969274,nan,nan,nan,nan,nan,nan,nan
2670,42.6315789474,0.1792683984,nan,0.0065766791,21.8199334804,nan,nan,nan,nan,nan,nan,nan
2671,42.6315789474,0.6091060452,nan,0.0000976907,40.1014676041,nan,nan,nan,nan,nan,nan,nan
2672,42.6315789474,0.2120406685,nan,0.0056237260,22.4997584841,nan,nan,nan,nan,nan,nan,nan
2673,42.6315789474,0.7984121236,nan,0.0000034239,54.6547790172,nan,nan,nan,nan,nan,nan,nan
2674,42.6315789474,0.3251170480,nan,0.0026643961,25.7440120556,nan,nan,nan,nan,nan,nan,nan
2675,42.6315789474,0.0475333150,nan,0.0094320488,20.2539396300,nan,nan,nan,nan,nan,nan,nan
2676,42.6315789474,0.7328573676,nan,0.0000121294,49.1616004971,nan,nan,nan,nan,nan,nan,nan
2677,42.6315789474,0.5347255723,nan,0.0002833205,35.4772192441,nan,nan,nan,nan,nan,nan,nan
2678,42.6315789474,0.8049046256,nan,0.0000030026,55.2250239345,nan,nan,nan,nan,nan,nan,nan
2679,42.6315789474,0.6848026028,nan,0.0000285740,45.4402965054,nan,nan,nan,nan,nan,nan,nan
2680,42.6315789474,0.8277250955,nan,0.0000018763,57.2668837328,nan,nan,nan,nan,nan,nan,nan
2681,42.6315789474,1.2198901559,nan,0.0000000001,101.5140955359,nan,nan,nan,nan,nan,nan,nan
2682,42.6315789474,0.5686920860,nan,0.0001773136,37.5125798164,nan,nan,nan,nan,nan,nan,nan
2683,42.6315789474,0.3165799415,nan,0.0028508582,25.4502439011,nan,nan,nan,nan,nan,nan,nan
2684,42.6315789474,0.2187929822,nan,0.0054271051,22.6543177140,nan,nan,nan,nan,nan,nan,nan
2685,42.6315789474,0.0220181839,nan,0.0096304609,20.1635292970,nan,nan,nan,nan,nan,nan,nan
2686,42.6315789474,1.0553815706,nan,0.0000000082,80.8411294364,nan,nan,nan,nan,nan,nan,nan
2687,42.6315789474,0.4569692973,nan,0.0007413192,31.2999477244,nan,nan,nan,nan,nan,nan,nan
2688,42.6315789474,0.5532222380,nan,0.0002203086,36.5696853063,nan,nan,nan,nan,nan,nan,nan
2689,42.6315789474,0.7711387326,nan,0.0000058736,52.3109300041,nan,nan,nan,nan,nan,nan,nan
2690,42.6315789474,0.2235303033,nan,0.0052896700,22.7657141879,nan,nan,nan,nan,nan,nan,nan
2691,42.6315789474,0.5746448466,nan,0.0001628361,37.8824941276,nan,nan,nan,nan,nan,nan,nan
2692,42.6315789474,0.1993247655,nan,0.0059949495,22.2221446949,nan,nan,nan,nan,nan,nan,nan
2693,42.6315789474,0.3966465763,nan,0.0014059787,28.5202127260,nan,nan,nan,nan,nan,nan,nan
2694,42.6315789474,0.2925631565,nan,0.0034145375,24.6666811943,nan,nan,nan,nan,nan,nan,nan
2695,42.6315789474,0.3189620857,nan,0.0027980723,25.5314107202,nan,nan,nan,nan,nan,nan,nan
2696,42.6315789474,0.2149060163,nan,0.0055402068,22.5647402704,nan,nan,nan,nan,nan,nan,nan
2697,42.6315789474,0.7196692528,nan,0.0000154361,48.1146227330,nan,nan,nan,nan,nan,nan,nan
2698,42.6315789474,0.9021386310,nan,0.0000003689,64.3311283080,nan,nan,nan,nan,nan,nan,nan
2699,42.6315789474,0.4036060601,nan,0.0013120769,28.8204070021,nan,nan,nan,nan,nan,nan,nan
2700,42.6315789474,0.3654416156,nan,0.0018880596,27.2398429064,nan,nan,nan,nan,nan,nan,nan
2701,42.6315789474,0.8790920845,nan,0.0000006199,62.0767794301,nan,nan,nan,nan,nan,nan,nan
2702,42.6315789474,0.5175008763,nan,0.0003553000,34.4940475671,nan,nan,nan,nan,nan,nan,nan
2703,42.6315789474,0.1519782484,nan,0.0073407791,21.3425784355,nan,nan,nan,nan,nan,nan,nan
2704,42.6315789474,1.0093114835,nan,0.0000000275,75.5995211073,nan,nan,nan,nan,nan,nan,nan
2705,42.6315789474,0.4359886667,nan,0.0009359369,30.2875344691,nan,nan,nan,nan,nan,nan,nan
2706,42.6315789474,0.6560718292,nan,0.0000463590,43.3386611634,nan,nan,nan,nan,nan,nan,nan
2707,42.6315789474,0.6319539253,nan,0.0000684609,41.6455754356,nan,nan,nan,nan,nan,nan,nan
2708,42.6315789474,0.0507416553,nan,0.0093969643,20.2701242248,nan,nan,nan,nan,nan,nan,nan
2709,42.6315789474,0.2688378198,nan,0.0040228616,23.9546490439,nan,nan,nan,nan,nan,nan,nan
2710,42.6315789474,0.2535352213,nan,0.0044380881,23.5280407725,nan,nan,nan,nan,nan,nan,nan
2711,42.6315789474,0.4791239350,nan,0.0005725472,32.4218871783,nan,nan,nan,nan,nan,nan,nan
2712,42.6315789474,0.3274594512,nan,0.0026145596,25.8260145265,nan,nan,nan,nan,nan,nan,nan
2713,42.6315789474,0.4680768260,nan,0.0006522807,31.8556544421,nan,nan,nan,nan,nan,nan,nan
2714,42.6315789474,0.4740812244,nan,0.0006078913,32.1617403817,nan,nan,nan,nan,nan,nan,nan
2715,42.6315789474,0.3145613043,nan,0.0028960428,25.3819501873,nan,nan,nan,nan,nan,nan,nan
2716,42.6315789474,0.3060608424,nan,0.0030908152,25.0992696475,nan,nan,nan,nan,nan,nan,nan
2717,42.6315789474,0.8506096965,nan,0.0000011553,59.3731581707,nan,nan,nan,nan,nan,nan,nan
2718,42.6315789474,0.4135426852,nan,0.0011862380,29.2582816898,nan,nan,nan,nan,nan,nan,nan
2719,42.6315789474,0.9381781020,nan,0.0000001594,67.9761210907,nan,nan,nan,nan,nan,nan,nan
2720,42.6315789474,0.3373162801,nan,0.0024111912,26.1776834643,nan,nan,nan,nan,nan,nan,nan
2721,42.6315789474,0.5375908958,nan,0.0002726487,35.6439655239,nan,nan,nan,nan,nan,nan,nan
2722,42.6315789474,0.2065563102,nan,0.0057837965,22.3778699273,nan,nan,nan,nan,nan,nan,nan
2723,42.6315789474,0.8093814275,nan,0.0000027410,55.6209803141,nan,nan,nan,nan,nan,nan,nan
2724,42.6315789474,0.2984452593,nan,0.0032713400,24.8527431109,nan,nan,nan,nan,nan,nan,nan
2725,42.6315789474,0.3123737698,nan,0.0029454747,25.3084470789,nan,nan,nan,nan,nan,nan,nan
2726,42.6315789474,0.2949498120,nan,0.0033560478,24.7417186731,nan,nan,nan,nan,nan,nan,nan
2727,42.6315789474,0.1507983417,nan,0.0073726675,21.3237535219,nan,nan,nan,nan,nan,nan,nan
2728,42.6315789474,0.0791475430,nan,0.0089933483,20.4607858661,nan,nan,nan,nan,nan,nan,nan
2729,42.6315789474,0.6299358391,nan,0.0000706831,41.5068462227,nan,nan,nan,nan,nan,nan,nan
2730,42.6315789474,0.3787740287,nan,0.0016696455,27.7737573027,nan,nan,nan,nan,nan,nan,nan
2731,42.6315789474,0.3681401648,nan,0.0018423282,27.3463299560,nan,nan,nan,nan,nan,nan,nan
2732,42.6315789474,0.6592242704,nan,0.0000440072,43.5647591981,nan,nan,nan,nan,nan,nan,nan
2733,42.6315789474,0.6545944859,nan,0.0000474998,43.2330854249,nan,nan,nan,nan,nan,nan,nan
2734,42.6315789474,0.3718412879,nan,0.0017808677,27.4936833662,nan,nan,nan,nan,nan,nan,nan
2735,42.6315789474,0.1784458261,nan,0.0066002927,21.8043680705,nan,nan,nan,nan,nan,nan,nan
2736,42.6315789474,0.5740349258,nan,0.0001642702,37.8444114027,nan,nan,nan,nan,nan,nan,nan
2737,42.6315789474,0.2035508615,nan,0.0058715660,22.3124605295,nan,nan,nan,nan,nan,nan,nan
2738,42.6315789474,0.2479153187,nan,0.0045943206,23.3777870234,nan,nan,nan,nan,nan,nan,nan
2739,42.6315789474,0.5644135203,nan,0.0001884023,37.2491371588,nan,nan,nan,nan,nan,nan,nan
2740,42.6315789474,0.2837157153,nan,0.0036358376,24.3939552586,nan,nan,nan,nan,nan,nan,nan
2741,42.6315789474,0.3410719406,nan,0.0023364231,26.3144850236,nan,nan,nan,nan,nan,nan,nan
2742,42.6315789474,0.4494692042,nan,0.0008067812,30.9324420423,nan,nan,nan,nan,nan,nan,nan
2743,42.6315789474,0.4231421490,nan,0.0010735813,29.6916505899,nan,nan,nan,nan,nan,nan,nan
2744,42.6315789474,0.6566468459,nan,0.0000459217,43.3798195646,nan,nan,nan,nan,nan,nan,nan
2745,42.6315789474,1.0337524824,nan,0.0000000146,78.3504779385,nan,nan,nan,nan,nan,nan,nan
2746,42.6315789474,0.3535163074,nan,0.0020994924,26.7788569623,nan,nan,nan,nan,nan,nan,nan
2747,42.6315789474,0.3548417249,nan,0.0020752386,26.8293195313,nan,nan,nan,nan,nan,nan,nan
2748,42.6315789474,0.5687359687,nan,0.0001772029,37.5152923363,nan,nan,nan,nan,nan,nan,nan
2749,42.6315789474,0.4795402295,nan,0.0005697064,32.4434891260,nan,nan,nan,nan,nan,nan,nan
2750,42.6315789474,0.6987626581,nan,0.0000224143,46.4947447228,nan,nan,nan,nan,nan,nan,nan
2751,42.6315789474,0.6646049730,nan,0.0000402417,43.9532338288,nan,nan,nan,nan,nan,nan,nan
2752,42.6315789474,0.3678024423,nan,0.0018480090,27.3329592511,nan,nan,nan,nan,nan,nan,nan
2753,42.6315789474,0.4666242035,nan,0.0006634063,31.7822038781,nan,nan,nan,nan,nan,nan,nan
2754,42.6315789474,0.2496755592,nan,0.0045451915,23.4244781620,nan,nan,nan,nan,nan,nan,nan
2755,42.6315789474,0.5262740961,nan,0.0003169057,34.9906999493,nan,nan,nan,nan,nan,nan,nan
2756,42.6315789474,0.4225809483,nan,0.0010799322,29.6660350340,nan,nan,nan,nan,nan,nan,nan
2757,42.6315789474,0.6577184355,nan,0.0000451168,43.4566199930,nan,nan,nan,nan,nan,nan,nan
2758,42.6315789474,0.5288565310,nan,0.0003063007,35.1385194139,nan,nan,nan,nan,nan,nan,nan
2759,42.6315789474,0.0601546593,nan,0.0092814126,20.3238592063,nan,nan,nan,nan,nan,nan,nan
2760,42.6315789474,0.3225478951,nan,0.0027197161,25.6547642077,nan,nan,nan,nan,nan,nan,nan
2761,42.6315789474,0.5032950328,nan,0.0004257978,33.7079661526,nan,nan,nan,nan,nan,nan,nan
2762,42.6315789474,0.6052898326,nan,0.0001035326,39.8492290646,nan,nan,nan,nan,nan,nan,nan
2763,42.6315789474,0.4765690369,nan,0.0005902376,32.2897313343,nan,nan,nan,nan,nan,nan,nan
2764,42.6315789474,0.7019324216,nan,0.0000211973,46.7372009142,nan,nan,nan,nan,nan,nan,nan
2765,42.6315789474,0.3941656085,nan,0.0014406255,28.4144889786,nan,nan,nan,nan,nan,nan,nan
2766,42.6315789474,0.7845404682,nan,0.0000045162,53.4522461653,nan,nan,nan,nan,nan,nan,nan
2767,42.6315789474,0.8967111388,nan,0.0000004174,63.7948521099,nan,nan,nan,nan,nan,nan,nan
2768,42.6315789474,0.6709665437,nan,0.0000361685,44.4166941863,nan,nan,nan,nan,nan,nan,nan
2769,42.6315789474,0.3393820769,nan,0.0023698785,26.2527391969,nan,nan,nan,nan,nan,nan,nan
2770,42.6315789474,0.7479505362,nan,0.0000091544,50.3836954604,nan,nan,nan,nan,nan,nan,nan
2771,42.6315789474,0.3636103308,nan,0.0019195369,27.1680354469,nan,nan,nan,nan,nan,nan,nan
2772,42.6315789474,0.2391548589,nan,0.0048412352,23.1504381663,nan,nan,nan,nan,nan,nan,nan
2773,42.6315789474,0.1939708052,nan,0.0061510482,22.1105086744,nan,nan,nan,nan,nan,nan,nan
2774,42.6315789474,0.3296599710,nan,0.0025682667,25.9035987883,nan,nan,nan,nan,nan,nan,nan
2775,42.6315789474,0.1316780249,nan,0.0078711743,21.0396047183,nan,nan,nan,nan,nan,nan,nan
2776,42.6315789474,0.4375073760,nan,0.0009206223,30.3591850849,nan,nan,nan,nan,nan,nan,nan
2777,42.6315789474,0.3287236064,nan,0.0025879029,25.8705201631,nan,nan,nan,nan,nan,nan,nan
2778,42.6315789474,0.8524067561,nan,0.0000011115,59.5410469738,nan,nan,nan,nan,nan,nan,nan
2779,42.6315789474,0.9455326162,nan,0.0000001337,68.7379002615,nan,nan,nan,nan,nan,nan,nan
2780,42.6315789474,0.7037629162,nan,0.0000205224,46.8777275070,nan,nan,nan,nan,nan,nan,nan
2781,42.6315789474,0.1694029773,nan,0.0068579153,21.6380788094,nan,nan,nan,nan,nan,nan,nan
2782,42.6315789474,0.4858265671,nan,0.0005281986,32.7720277443,nan,nan,nan,nan,nan,nan,nan
2783,42.6315789474,1.1337657303,nan,0.0000000009,90.3097553908,nan,nan,nan,nan,nan,nan,nan
2784,42.6315789474,0.2095402489,nan,0.0056966798,22.4437818862,nan,nan,nan,nan,nan,nan,nan
2785,42.6315789474,0.1412860398,nan,0.0076252307,21.1774701451,nan,nan,nan,nan,nan,nan,nan
2786,42.6315789474,0.5071625876,nan,0.0004055310,33.9197597578,nan,nan,nan,nan,nan,nan,nan
2787,42.6315789474,0.6112868587,nan,0.0000944857,40.2463403317,nan,nan,nan,nan,nan,nan,nan
2788,42.6315789474,1.1660689426,nan,0.0000000004,94.4139056666,nan,nan,nan,nan,nan,nan,nan
2789,42.6315789474,0.2937088445,nan,0.0033863947,24.7026242607,nan,nan,nan,nan,nan,nan,nan
2790,42.6315789474,0.6860272575,nan,0.0000279774,45.5319274017,nan,nan,nan,nan,nan,nan,nan
2791,42.6315789474,0.1634839098,nan,0.0070242160,21.5340214268,nan,nan,nan,nan,nan,nan,nan
2792,42.6315789474,0.3185258075,nan,0.0028076962,25.5164988343,nan,nan,nan,nan,nan,nan,nan
2793,42.6315789474,0.2575236496,nan,0.0043283596,23.6367666942,nan,nan,nan,nan,nan,nan,nan
2794,42.6315789474,0.3867640941,nan,0.0015477064,28.1031141602,nan,nan,nan,nan,nan,nan,nan
2795,42.6315789474,0.6122417286,nan,0.0000931121,40.3099396901,nan,nan,nan,nan,nan,nan,nan
2796,42.6315789474,0.6874744099,nan,0.0000272871,45.6404219403,nan,nan,nan,nan,nan,nan,nan
2797,42.6315789474,0.6041720607,nan,0.0001053015,39.7756553351,nan,nan,nan,nan,nan,nan,nan
2798,42.6315789474,0.8485587331,nan,0.0000012073,59.1819916346,nan,nan,nan,nan,nan,nan,nan
2799,42.6315789474,0.2559918660,nan,0.0043703837,23.5948043439,nan,nan,nan,nan,nan,nan,nan
2800,42.6315789474,0.0350792112,nan,0.0095469890,20.2013357753,nan,nan,nan,nan,nan,nan,nan
2801,42.6315789474,0.4668674382,nan,0.0006615327,31.7944865424,nan,nan,nan,nan,nan,nan,nan
2802,42.6315789474,0.3613699261,nan,0.0019585345,27.0806877980,nan,nan,nan,nan,nan,nan,nan
2803,42.6315789474,0.3047390668,nan,0.0031217447,25.0560261253,nan,nan,nan,nan,nan,nan,nan
2804,42.6315789474,0.5012801431,nan,0.0004366883,33.5982847816,nan,nan,nan,nan,nan,nan,nan
2805,42.6315789474,0.6426984761,nan,0.0000576523,42.3918330555,nan,nan,nan,nan,nan,nan,nan
2806,42.6315789474,0.4667557775,nan,0.0006623923,31.7888471798,nan,nan,nan,nan,nan,nan,nan
2807,42.6315789474,0.3719182984,nan,0.0017796043,27.4967654151,nan,nan,nan,nan,nan,nan,nan
2808,42.6315789474,0.3799408201,nan,0.0016514238,27.8214147291,nan,nan,nan,nan,nan,nan,nan
2809,42.6315789474,0.1621809202,nan,0.0070605360,21.5116232728,nan,nan,nan,nan,nan,nan,nan
2810,42.6315789474,0.4305191020,nan,0.0009927502,30.0316002530,nan,nan,nan,nan,nan,nan,nan
2811,42.6315789474,0.2373074533,nan,0.0048937715,23.1035631116,nan,nan,nan,nan,nan,nan,nan
2812,42.6315789474,0.8761612689,nan,0.0000006616,61.7943730807,nan,nan,nan,nan,nan,nan,nan
2813,42.6315789474,0.4285704582,nan,0.0010136273,29.9412172109,nan,nan,nan,nan,nan,nan,nan
2814,42.6315789474,0.5652184731,nan,0.0001862711,37.2985447660,nan,nan,nan,nan,nan,nan,nan
2815,42.6315789474,0.6559250480,nan,0.0000464712,43.3281608099,nan,nan,nan,nan,nan,nan,nan
2816,42.6315789474,0.3574791202,nan,0.0020275390,26.9303078581,nan,nan,nan,nan,nan,nan,nan
2817,42.6315789474,0.4778075390,nan,0.0005816069,32.3537043697,nan,nan,nan,nan,nan,nan,nan
2818,42.6315789474,0.5638187152,nan,0.0001899908,37.2126746072,nan,nan,nan,nan,nan,nan,nan
2819,42.6315789474,0.4677439377,nan,0.0006548168,31.8388016054,nan,nan,nan,nan,nan,nan,nan
2820,42.6315789474,0.7790593156,nan,0.0000050315,52.9830292537,nan,nan,nan,nan,nan,nan,nan
2821,42.6315789474,0.4788563995,nan,0.0005743790,32.4080146202,nan,nan,nan,nan,nan,nan,nan
2822,42.6315789474,0.5826234467,nan,0.0001450614,38.3844803904,nan,nan,nan,nan,nan,nan,nan
2823,42.6315789474,0.3152937184,nan,0.0028796007,25.4066772484,nan,nan,nan,nan,nan,nan,nan
2824,42.6315789474,0.1344147028,nan,0.0078021413,21.0778618999,nan,nan,nan,nan,nan,nan,nan
2825,42.6315789474,0.3912114012,nan,0.0014826943,28.2894839616,nan,nan,nan,nan,nan,nan,nan
2826,42.6315789474,0.9754472024,nan,0.0000000646,71.8991975384,nan,nan,nan,nan,nan,nan,nan
2827,42.6315789474,0.5372207117,nan,0.0002740078,35.6223715231,nan,nan,nan,nan,nan,nan,nan
2828,42.6315789474,0.5259798514,nan,0.0003181336,34.9739042680,nan,nan,nan,nan,nan,nan,nan
2829,42.6315789474,0.1074839368,nan,0.0084404218,20.7363585028,nan,nan,nan,nan,nan,nan,nan
2830,42.6315789474,0.4137638047,nan,0.0011835457,29.2681496661,nan,nan,nan,nan,nan,nan,nan
2831,42.6315789474,0.3046657076,nan,0.0031234663,25.0536316964,nan,nan,nan,nan,nan,nan,nan
2832,42.6315789474,0.6560951501,nan,0.0000463412,43.3403297041,nan,nan,nan,nan,nan,nan,nan
2833,42.6315789474,0.3911592237,nan,0.0014834453,28.2872847608,nan,nan,nan,nan,nan,nan,nan
2834,42.6315789474,0.8239508533,nan,0.0000020299,56.9251520215,nan,nan,nan,nan,nan,nan,nan
2835,42.6315789474,0.5509261201,nan,0.0002274048,36.4320033117,nan,nan,nan,nan,nan,nan,nan
2836,42.6315789474,0.1906302654,nan,0.0062482298,22.0424300329,nan,nan,nan,nan,nan,nan,nan
2837,42.6315789474,0.5673143862,nan,0.0001808203,37.4275289471,nan,nan,nan,nan,nan,nan,nan
2838,42.6315789474,0.1238112578,nan,0.0080647076,20.9341137631,nan,nan,nan,nan,nan,nan,nan
2839,42.6315789474,0.3392342165,nan,0.0023728203,26.2473514685,nan,nan,nan,nan,nan,nan,nan
2840,42.6315789474,0.5665462065,nan,0.0001828017,37.3801978328,nan,nan,nan,nan,nan,nan,nan
2841,42.6315789474,0.2660274617,nan,0.0040979024,23.8743838773,nan,nan,nan,nan,nan,nan,nan
2842,42.6315789474,0.3677656940,nan,0.0018486278,27.3315051106,nan,nan,nan,nan,nan,nan,nan
2843,42.6315789474,0.6860440752,nan,0.0000279693,45.5331868939,nan,nan,nan,nan,nan,nan,nan
2844,42.6315789474,0.1327770052,nan,0.0078435540,21.0548710744,nan,nan,nan,nan,nan,nan,nan
2845,42.6315789474,0.6314005559,nan,0.0000690639,41.6074900083,nan,nan,nan,nan,nan,nan,nan
2846,42.6315789474,1.0691133410,nan,0.0000000057,82.4497751405,nan,nan,nan,nan,nan,nan,nan
2847,42.6315789474,0.2505755145,nan,0.0045201407,23.4484804671,nan,nan,nan,nan,nan,nan,nan
2848,42.6315789474,0.4167948230,nan,0.0011471072,29.4039601028,nan,nan,nan,nan,nan,nan,nan
2849,42.6315789474,0.1216888292,nan,0.0081156051,20.9067909194,nan,nan,nan,nan,nan,nan,nan
2850,42.6315789474,0.4912309355,nan,0.0004945414,33.0579732190,nan,nan,nan,nan,nan,nan,nan
2851,42.6315789474,0.4804116291,nan,0.0005637974,32.4887691032,nan,nan,nan,nan,nan,nan,nan
2852,42.6315789474,0.1560339245,nan,0.0072303109,21.4084302748,nan,nan,nan,nan,nan,nan,nan
2853,42.6315789474,0.1397449062,nan,0.0076653369,21.1546875450,nan,nan,nan,nan,nan,nan,nan
2854,42.6315789474,0.8138065177,nan,0.0000025035,56.0145716796,nan,nan,nan,nan,nan,nan,nan
2855,42.6315789474,0.8729528556,nan,0.0000007102,61.4863245507,nan,nan,nan,nan,nan,nan,nan
2856,42.6315789474,0.4322539046,nan,0.0009744470,30.1124178567,nan,nan,nan,nan,nan,nan,nan
2857,42.6315789474,0.3404158711,nan,0.0023493755,26.2904756734,nan,nan,nan,nan,nan,nan,nan
2858,42.6315789474,0.7853678927,nan,0.0000044429,53.5233707238,nan,nan,nan,nan,nan,nan,nan
2859,42.6315789474,0.8790557122,nan,0.0000006204,62.0732687724,nan,nan,nan,nan,nan,nan,nan
2860,42.6315789474,0.2421583967,nan,0.0047561524,23.2274423729,nan,nan,nan,nan,nan,nan,nan
2861,42.6315789474,0.3610404635,nan,0.0019643146,27.0678894869,nan,nan,nan,nan,nan,nan,nan
2862,42.6315789474,0.2939473900,nan,0.0033805502,24.7101261073,nan,nan,nan,nan,nan,nan,nan
2863,42.6315789474,0.7760478832,nan,0.0000053374,52.7266667663,nan,nan,nan,nan,nan,nan,nan
2864,42.6315789474,0.7017813477,nan,0.0000212539,46.7256197389,nan,nan,nan,nan,nan,nan,nan
2865,42.6315789474,0.8692431981,nan,0.0000007706,61.1315916739,nan,nan,nan,nan,nan,nan,nan
2866,42.6315789474,0.5623685181,nan,0.0001939126,37.1239399780,nan,nan,nan,nan,nan,nan,nan
2867,42.6315789474,0.5234746309,nan,0.0003287537,34.8312939362,nan,nan,nan,nan,nan,nan,nan
2868,42.6315789474,0.2504734237,nan,0.0045229801,23.4457532041,nan,nan,nan,nan,nan,nan,nan
2869,42.6315789474,0.0663844498,nan,0.0091948295,20.3645631970,nan,nan,nan,nan,nan,nan,nan
2870,42.6315789474,0.0900057372,nan,0.0087977844,20.5562668445,nan,nan,nan,nan,nan,nan,nan
2871,42.6315789474,0.2730184384,nan,0.0039123286,24.0756467528,nan,nan,nan,nan,nan,nan,nan
2872,42.6315789474,0.3266164986,nan,0.0026324279,25.7964351932,nan,nan,nan,nan,nan,nan,nan
2873,42.6315789474,0.6147869840,nan,0.0000895372,40.4799633690,nan,nan,nan,nan,nan,nan,nan
2874,42.6315789474,0.6142170036,nan,0.0000903270,40.4418258192,nan,nan,nan,nan,nan,nan,nan
2875,42.6315789474,0.4988601550,nan,0.0004500754,33.4671467807,nan,nan,nan,nan,nan,nan,nan
2876,42.6315789474,0.6507539475,nan,0.0000505852,42.9597675684,nan,nan,nan,nan,nan,nan,nan
2877,42.6315789474,0.2584878674,nan,0.0043019838,23.6633122850,nan,nan,nan,nan,nan,nan,nan
2878,42.6315789474,0.8375362712,nan,0.0000015266,58.1626961593,nan,nan,nan,nan,nan,nan,nan
2879,42.6315789474,0.0227014824,nan,0.0096270465,20.1650692900,nan,nan,nan,nan,nan,nan,nan
2880,42.6315789474,0.7297811762,nan,0.0000128362,48.9156480903,nan,nan,nan,nan,nan,nan,nan
2881,42.6315789474,0.9193693738,nan,0.0000002480,66.0556009744,nan,nan,nan,nan,nan,nan,nan
2882,42.6315789474,0.3501361064,nan,0.0021622019,26.6510374601,nan,nan,nan,nan,nan,nan,nan
2883,42.6315789474,0.1761747095,nan,0.0066653470,21.7617723728,nan,nan,nan,nan,nan,nan,nan
2884,42.6315789474,0.8878106057,nan,0.0000005102,62.9225811891,nan,nan,nan,nan,nan,nan,nan
2885,42.6315789474,0.0864841490,nan,0.0088635453,20.5239253236,nan,nan,nan,nan,nan,nan,nan
2886,42.6315789474,0.1218193880,nan,0.0081124910,20.9084576990,nan,nan,nan,nan,nan,nan,nan
2887,42.6315789474,0.2956425947,nan,0.0033391683,24.7636168938,nan,nan,nan,nan,nan,nan,nan
2888,42.6315789474,0.2772864867,nan,0.0038008907,24.2011461967,nan,nan,nan,nan,nan,nan,nan
2889,42.6315789474,0.5333332930,nan,0.0002886340,35.3965253285,nan,nan,nan,nan,nan,nan,nan
2890,42.6315789474,0.1447587387,nan,0.0075339988,21.2297445572,nan,nan,nan,nan,nan,nan,nan
2891,42.6315789474,0.5081609717,nan,0.0004004329,33.9747023304,nan,nan,nan,nan,nan,nan,nan
2892,42.6315789474,0.3369493517,nan,0.0024185769,26.1644010517,nan,nan,nan,nan,nan,nan,nan
2893,42.6315789474,0.1646259539,nan,0.0069922930,21.5538037964,nan,nan,nan,nan,nan,nan,nan
2894,42.6315789474,0.2805994406,nan,0.0037154078,24.2999351246,nan,nan,nan,nan,nan,nan,nan
2895,42.6315789474,0.8672454312,nan,0.0000008052,60.9411972860,nan,nan,nan,nan,nan,nan,nan
2896,42.6315789474,0.7579240066,nan,0.0000075766,51.2052391421,nan,nan,nan,nan,nan,nan,nan
2897,42.6315789474,0.9040427732,nan,0.0000003532,64.5200563046,nan,nan,nan,nan,nan,nan,nan
2898,42.6315789474,0.3792934798,nan,0.0016615156,27.7949556840,nan,nan,nan,nan,nan,nan,nan
2899,42.6315789474,0.5610597026,nan,0.0001975124,37.0440569623,nan,nan,nan,nan,nan,nan,nan
2900,42.6315789474,0.8228811129,nan,0.0000020756,56.8285850471,nan,nan,nan,nan,nan,nan,nan
2901,42.6315789474,0.3911417046,nan,0.0014836975,28.2865464238,nan,nan,nan,nan,nan,nan,nan
2902,42.6315789474,0.5001454480,nan,0.0004429232,33.5367153327,nan,nan,nan,nan,nan,nan,nan
2903,42.6315789474,0.3874484305,nan,0.0015375703,28.1316501708,nan,nan,nan,nan,nan,nan,nan
2904,42.6315789474,0.3806912228,nan,0.0016397800,27.8521440747,nan,nan,nan,nan,nan,nan,nan
2905,42.6315789474,0.6248076038,nan,0.0000766239,41.1563589705,nan,nan,nan,nan,nan,nan,nan
2906,42.6315789474,0.8328390888,nan,0.0000016856,57.7324707000,nan,nan,nan,nan,nan,nan,nan
2907,42.6315789474,0.5359078739,nan,0.0002788745,35.5459122778,nan,nan,nan,nan,nan,nan,nan
2908,42.6315789474,0.5217752612,nan,0.0003361280,34.7349534542,nan,nan,nan,nan,nan,nan,nan
2909,42.6315789474,0.6125591159,nan,0.0000926595,40.3311018454,nan,nan,nan,nan,nan,nan,nan
2910,42.6315789474,0.6677853128,nan,0.0000381560,44.1843668041,nan,nan,nan,nan,nan,nan,nan
2911,42.6315789474,0.2171201325,nan,0.0054757492,22.6155644950,nan,nan,nan,nan,nan,nan,nan
2912,42.6315789474,0.3884962980,nan,0.0015221431,28.1754450316,nan,nan,nan,nan,nan,nan,nan
2913,42.6315789474,0.4922728753,nan,0.0004882616,33.1134745431,nan,nan,nan,nan,nan,nan,nan
2914,42.6315789474,0.3628438510,nan,0.0019328181,27.1380901906,nan,nan,nan,nan,nan,nan,nan
2915,42.6315789474,0.6028481359,nan,0.0001074313,39.6886922814,nan,nan,nan,nan,nan,nan,nan
2916,42.6315789474,0.3908212941,nan,0.0014883159,28.2730488060,nan,nan,nan,nan,nan,nan,nan
2917,42.6315789474,0.5639973411,nan,0.0001895125,37.2236205414,nan,nan,nan,nan,nan,nan,nan
2918,42.6315789474,0.8731813210,nan,0.0000007066,61.5082218955,nan,nan,nan,nan,nan,nan,nan
2919,42.6315789474,0.4875455315,nan,0.0005172938,32.8626272115,nan,nan,nan,nan,nan,nan,nan
2920,42.6315789474,0.1736112384,nan,0.0067385056,21.7143640781,nan,nan,nan,nan,nan,nan,nan
2921,42.6315789474,0.4954305414,nan,0.0004696334,33.2824098951,nan,nan,nan,nan,nan,nan,nan
2922,42.6315789474,0.8568748667,nan,0.0000010092,59.9600480462,nan,nan,nan,nan,nan,nan,nan
2923,42.6315789474,1.0331478391,nan,0.0000000149,78.2816097263,nan,nan,nan,nan,nan,nan,nan
2924,42.6315789474,0.3683133654,nan,0.0018394196,27.3531919768,nan,nan,nan,nan,nan,nan,nan
2925,42.6315789474,0.4938699671,nan,0.0004787645,33.1987809142,nan,nan,nan,nan,nan,nan,nan
2926,42.6315789474,0.3183230825,nan,0.0028121748,25.5095768493,nan,nan,nan,nan,nan,nan,nan
2927,42.6315789474,0.6284211713,nan,0.0000723932,41.4030217591,nan,nan,nan,nan,nan,nan,nan
2928,42.6315789474,0.4497530497,nan,0.0008042226,30.9462372128,nan,nan,nan,nan,nan,nan,nan
2929,42.6315789474,0.1913639366,nan,0.0062269041,22.0572782054,nan,nan,nan,nan,nan,nan,nan
2930,42.6315789474,0.5726053286,nan,0.0001676752,37.7553112381,nan,nan,nan,nan,nan,nan,nan
2931,42.6315789474,0.2816926406,nan,0.0036874007,24.3327967183,nan,nan,nan,nan,nan,nan,nan
2932,42.6315789474,0.6573900528,nan,0.0000453621,43.4330713133,nan,nan,nan,nan,nan,nan,nan
2933,42.6315789474,0.1744307192,nan,0.0067151512,21.7294420620,nan,nan,nan,nan,nan,nan,nan
2934,42.6315789474,0.3979599389,nan,0.0013878882,28.5764550485,nan,nan,nan,nan,nan,nan,nan
2935,42.6315789474,0.3539453803,nan,0.0020916201,26.7951718865,nan,nan,nan,nan,nan,nan,nan
2936,42.6315789474,0.4365647932,nan,0.0009301039,30.3146853088,nan,nan,nan,nan,nan,nan,nan
2937,42.6315789474,0.7960630968,nan,0.0000035895,54.4496251329,nan,nan,nan,nan,nan,nan,nan
2938,42.6315789474,0.3426003844,nan,0.0023064269,26.3706030495,nan,nan,nan,nan,nan,nan,nan
2939,42.6315789474,0.7436242601,nan,0.0000099294,50.0307901309,nan,nan,nan,nan,nan,nan,nan
2940,42.6315789474,0.0570611303,nan,0.0093214408,20.3051695369,nan,nan,nan,nan,nan,nan,nan
2941,42.6315789474,0.2948984549,nan,0.0033573008,24.7400974157,nan,nan,nan,nan,nan,nan,nan
2942,42.6315789474,0.1213638913,nan,0.0081233459,20.9026505361,nan,nan,nan,nan,nan,nan,nan
2943,42.6315789474,0.3565868502,nan,0.0020435928,26.8960563539,nan,nan,nan,nan,nan,nan,nan
2944,42.6315789474,0.6997117357,nan,0.0000220434,46.5672221872,nan,nan,nan,nan,nan,nan,nan
2945,42.6315789474,0.1792870002,nan,0.0065761448,21.8202863268,nan,nan,nan,nan,nan,nan,nan
2946,42.6315789474,0.4982355877,nan,0.0004535856,33.4334072042,nan,nan,nan,nan,nan,nan,nan
2947,42.6315789474,0.1337415632,nan,0.0078191994,21.0683771177,nan,nan,nan,nan,nan,nan,nan
2948,42.6315789474,0.9642467689,nan,0.0000000850,70.7037643053,nan,nan,nan,nan,nan,nan,nan
2949,42.6315789474,0.5224280987,nan,0.0003332786,34.7719261273,nan,nan,nan,nan,nan,nan,nan
2950,42.6315789474,0.7922819202,nan,0.0000038720,54.1206925852,nan,nan,nan,nan,nan,nan,nan
2951,42.6315789474,0.3487800234,nan,0.0021877055,26.6001114829,nan,nan,nan,nan,nan,nan,nan
2952,42.6315789474,0.9188605477,nan,0.0000002509,66.0041986481,nan,nan,nan,nan,nan,nan,nan
2953,42.6315789474,0.4828472921,nan,0.0005475480,32.6157780824,nan,nan,nan,nan,nan,nan,nan
2954,42.6315789474,0.2900390122,nan,0.0034769627,24.5879997387,nan,nan,nan,nan,nan,nan,nan
2955,42.6315789474,0.0935228808,nan,0.0087299421,20.5898863726,nan,nan,nan,nan,nan,nan,nan
2956,42.6315789474,0.2091902959,nan,0.0057068943,22.4360017282,nan,nan,nan,nan,nan,nan,nan
2957,42.6315789474,0.1549989064,nan,0.0072586255,21.3914560719,nan,nan,nan,nan,nan,nan,nan
2958,42.6315789474,0.2165790893,nan,0.0054914928,22.6030958289,nan,nan,nan,nan,nan,nan,nan
2959,42.6315789474,0.5641731589,nan,0.0001890428,37.2343978672,nan,nan,nan,nan,nan,nan,nan
2960,42.6315789474,0.4166405716,nan,0.0011489406,29.3970240827,nan,nan,nan,nan,nan,nan,nan
2961,42.6315789474,0.0859934128,nan,0.0088725339,20.5195233299,nan,nan,nan,nan,nan,nan,nan
2962,42.6315789474,0.4873033316,nan,0.0005188189,32.8498420453,nan,nan,nan,nan,nan,nan,nan
2963,42.6315789474,1.0893188049,nan,0.0000000033,84.8554994147,nan,nan,nan,nan,nan,nan,nan
2964,42.6315789474,0.9506538230,nan,0.0000001183,69.2719491572,nan,nan,nan,nan,nan,nan,nan
2965,42.6315789474,0.3657093724,nan,0.0018834873,27.2503729918,nan,nan,nan,nan,nan,nan,nan
2966,42.6315789474,0.4559110872,nan,0.0007502883,31.2477181642,nan,nan,nan,nan,nan,nan,nan
2967,42.6315789474,0.1903508731,nan,0.0062563481,22.0367909825,nan,nan,nan,nan,nan,nan,nan
2968,42.6315789474,0.1949202383,nan,0.0061233932,22.1300785537,nan,nan,nan,nan,nan,nan,nan
2969,42.6315789474,0.2656209486,nan,0.0041088046,23.8628451210,nan,nan,nan,nan,nan,nan,nan
2970,42.6315789474,0.2495452050,nan,0.0045488238,23.4210088689,nan,nan,nan,nan,nan,nan,nan
2971,42.6315789474,0.3301930674,nan,0.0025571286,25.9224743145,nan,nan,nan,nan,nan,nan,nan
2972,42.6315789474,0.6156310199,nan,0.0000883791,40.5365045420,nan,nan,nan,nan,nan,nan,nan
2973,42.6315789474,0.4217259028,nan,0.0010896640,29.6270740477,nan,nan,nan,nan,nan,nan,nan
2974,42.6315789474,0.3307226230,nan,0.0025460942,25.9412553690,nan,nan,nan,nan,nan,nan,nan
2975,42.6315789474,0.9272974742,nan,0.0000002061,66.8602706012,nan,nan,nan,nan,nan,nan,nan
2976,42.6315789474,0.3977853683,nan,0.0013902828,28.5689684241,nan,nan,nan,nan,nan,nan,nan
2977,42.6315789474,0.1406092020,nan,0.0076428741,21.1674329537,nan,nan,nan,nan,nan,nan,nan
2978,42.6315789474,0.5001099487,nan,0.0004431195,33.5347914155,nan,nan,nan,nan,nan,nan,nan
2979,42.6315789474,0.2579018736,nan,0.0043180062,23.6471673647,nan,nan,nan,nan,nan,nan,nan
2980,42.6315789474,0.3436371420,nan,0.0022862227,26.4088145832,nan,nan,nan,nan,nan,nan,nan
2981,42.6315789474,0.4792869497,nan,0.0005714334,32.4303438915,nan,nan,nan,nan,nan,nan,nan
2982,42.6315789474,0.1503303757,nan,0.0073852825,21.3163289007,nan,nan,nan,nan,nan,nan,nan
2983,42.6315789474,0.3610518857,nan,0.0019641140,27.0683329924,nan,nan,nan,nan,nan,nan,nan
2984,42.6315789474,0.3357242225,nan,0.0024433406,26.1201598372,nan,nan,nan,nan,nan,nan,nan
2985,42.6315789474,0.8585546706,nan,0.0000009732,60.1181529664,nan,nan,nan,nan,nan,nan,nan
2986,42.6315789474,0.1649982044,nan,0.0069818701,21.5602823334,nan,nan,nan,nan,nan,nan,nan
2987,42.6315789474,0.7607537750,nan,0.0000071773,51.4403635451,nan,nan,nan,nan,nan,nan,nan
2988,42.6315789474,0.7717272538,nan,0.0000058068,52.3606271392,nan,nan,nan,nan,nan,nan,nan
2989,42.6315789474,0.4880762396,nan,0.0005139650,32.8906647859,nan,nan,nan,nan,nan,nan,nan
2990,42.6315789474,0.7736971005,nan,0.0000055882,52.5272513111,nan,nan,nan,nan,nan,nan,nan
2991,42.6315789474,0.6161032414,nan,0.0000877370,40.5681728439,nan,nan,nan,nan,nan,nan,nan
2992,42.6315789474,0.6293570570,nan,0.0000713322,41.4671428176,nan,nan,nan,nan,nan,nan,nan
2993,42.6315789474,0.2450299773,nan,0.0046752160,23.3019832032,nan,nan,nan,nan,nan,nan,nan
2994,42.6315789474,0.2881183184,nan,0.0035248479,24.5285961348,nan,nan,nan,nan,nan,nan,nan
2995,42.6315789474,0.3125084589,nan,0.0029424171,25.3129575878,nan,nan,nan,nan,nan,nan,nan
2996,42.6315789474,0.4606546770,nan,0.0007107531,31.4828125048,nan,nan,nan,nan,nan,nan,nan
2997,42.6315789474,0.4591573270,nan,0.0007230471,31.4083342364,nan,nan,nan,nan,nan,nan,nan
2998,42.6315789474,0.1696203990,nan,0.0068517685,21.6419732008,nan,nan,nan,nan,nan,nan,nan
2999,42.6315789474,0.1773249502,nan,0.0066324261,21.7832758195,nan,nan,nan,nan,nan,nan,nan
3000,42.6315789474,0.3051219548,nan,0.0031127676,25.0685330756,nan,nan,nan,nan,nan,nan,nan
3001,42.6315789474,0.2730424458,nan,0.0039116977,24.0763471059,nan,nan,nan,nan,nan,nan,nan
3002,42.6315789474,0.4893788442,nan,0.0005058696,32.9596143698,nan,nan,nan,nan,nan,nan,nan
3003,42.6315789474,0.4803269229,nan,0.0005643696,32.4843638760,nan,nan,nan,nan,nan,nan,nan
3004,42.6315789474,0.1774400764,nan,0.0066291280,21.7854359564,nan,nan,nan,nan,nan,nan,nan
3005,42.6315789474,0.1887436668,nan,0.0063030149,22.0045166812,nan,nan,nan,nan,nan,nan,nan
3006,42.6315789474,0.3115565411,nan,0.0029640654,25.2811221363,nan,nan,nan,nan,nan,nan,nan
3007,42.6315789474,0.5206907783,nan,0.0003409071,34.6736396265,nan,nan,nan,nan,nan,nan,nan
3008,42.6315789474,0.1237376524,nan,0.0080664824,20.9331581193,nan,nan,nan,nan,nan,nan,nan
3009,42.6315789474,0.5044582971,nan,0.0004196146,33.7714939463,nan,nan,nan,nan,nan,nan,nan
3010,42.6315789474,0.5341584095,nan,0.0002854748,35.4443215580,nan,nan,nan,nan,nan,nan,nan
3011,42.6315789474,0.3025224117,nan,0.0031739966,24.9839353921,nan,nan,nan,nan,nan,nan,nan
3012,42.6315789474,1.0729506994,nan,0.0000000051,82.9031174560,nan,nan,nan,nan,nan,nan,nan
3013,42.6315789474,0.2133587575,nan,0.0055852936,22.5295399108,nan,nan,nan,nan,nan,nan,nan
3014,42.6315789474,0.2387438883,nan,0.0048529093,23.1399782526,nan,nan,nan,nan,nan,nan,nan
3015,42.6315789474,0.2968712925,nan,0.0033093415,24.8025842034,nan,nan,nan,nan,nan,nan,nan
3016,42.6315789474,1.1560929944,nan,0.0000000005,93.1338611687,nan,nan,nan,nan,nan,nan,nan
3017,42.6315789474,0.8332860393,nan,0.0000016698,57.7733013127,nan,nan,nan,nan,nan,nan,nan
3018,42.6315789474,0.5277641055,nan,0.0003107493,35.0758982446,nan,nan,nan,nan,nan,nan,nan
3019,42.6315789474,0.9849006118,nan,0.0000000511,72.9191643471,nan,nan,nan,nan,nan,nan,nan
3020,42.6315789474,0.6421153483,nan,0.0000581969,42.3510017795,nan,nan,nan,nan,nan,nan,nan
3021,42.6315789474,1.3082141471,nan,0.0000000000,113.8768136663,nan,nan,nan,nan,nan,nan,nan
3022,42.6315789474,0.8349304366,nan,0.0000016130,57.9237161489,nan,nan,nan,nan,nan,nan,nan
3023,42.6315789474,0.4218867247,nan,0.0010878284,29.6343958906,nan,nan,nan,nan,nan,nan,nan
3024,42.6315789474,0.6184957636,nan,0.0000845473,40.7290029858,nan,nan,nan,nan,nan,nan,nan
3025,42.6315789474,0.1263962466,nan,0.0080019449,20.9680444300,nan,nan,nan,nan,nan,nan,nan
3026,42.6315789474,0.2555274145,nan,0.0043831551,23.5821315691,nan,nan,nan,nan,nan,nan,nan
3027,42.6315789474,0.3896294546,nan,0.0015055873,28.2229407123,nan,nan,nan,nan,nan,nan,nan
3028,42.6315789474,0.3748882427,nan,0.0017313607,27.6161244047,nan,nan,nan,nan,nan,nan,nan
3029,42.6315789474,0.3136629290,nan,0.0029162849,25.3517004583,nan,nan,nan,nan,nan,nan,nan
3030,42.6315789474,0.3706165199,nan,0.0018010449,27.4447544928,nan,nan,nan,nan,nan,nan,nan
3031,42.6315789474,0.3772121190,nan,0.0016942613,27.7101961028,nan,nan,nan,nan,nan,nan,nan
3032,42.6315789474,0.0464809780,nan,0.0094430731,20.2488664871,nan,nan,nan,nan,nan,nan,nan
3033,42.6315789474,0.1889176554,nan,0.0062979658,22.0079970294,nan,nan,nan,nan,nan,nan,nan
3034,42.6315789474,0.1140111568,nan,0.0082947091,20.8119884261,nan,nan,nan,nan,nan,nan,nan
3035,42.6315789474,0.7076604642,nan,0.0000191505,47.1781889988,nan,nan,nan,nan,nan,nan,nan
3036,42.6315789474,0.2217694988,nan,0.0053406924,22.7240243550,nan,nan,nan,nan,nan,nan,nan
3037,42.6315789474,0.2016546405,nan,0.0059269374,22.2716966003,nan,nan,nan,nan,nan,nan,nan
3038,42.6315789474,0.8236436199,nan,0.0000020430,56.8974044849,nan,nan,nan,nan,nan,nan,nan
3039,42.6315789474,0.1412605705,nan,0.0076258954,21.1770915548,nan,nan,nan,nan,nan,nan,nan
3040,42.6315789474,0.3826583241,nan,0.0016095363,27.9329923156,nan,nan,nan,nan,nan,nan,nan
3041,42.6315789474,0.2382344659,nan,0.0048673905,23.1270381245,nan,nan,nan,nan,nan,nan,nan
3042,42.6315789474,0.5238767346,nan,0.0003270290,34.8541368558,nan,nan,nan,nan,nan,nan,nan
3043,42.6315789474,0.6847286843,nan,0.0000286103,45.4347711474,nan,nan,nan,nan,nan,nan,nan
3044,42.6315789474,0.4001526648,nan,0.0013580700,28.6707784761,nan,nan,nan,nan,nan,nan,nan
3045,42.6315789474,0.3303338635,nan,0.0025541919,25.9274647401,nan,nan,nan,nan,nan,nan,nan
3046,42.6315789474,0.4487665185,nan,0.0008131433,30.8983291603,nan,nan,nan,nan,nan,nan,nan
3047,42.6315789474,0.4976596233,nan,0.0004568429,33.4023315234,nan,nan,nan,nan,nan,nan,nan
3048,42.6315789474,0.4138327665,nan,0.0011827070,29.2712283504,nan,nan,nan,nan,nan,nan,nan
3049,42.6315789474,0.6057972017,nan,0.0001027384,39.8826709177,nan,nan,nan,nan,nan,nan,nan
3050,42.6315789474,0.4097626145,nan,0.0012329850,29.0904220137,nan,nan,nan,nan,nan,nan,nan
3051,42.6315789474,0.8915224018,nan,0.0000004693,63.2852626682,nan,nan,nan,nan,nan,nan,nan
3052,42.6315789474,0.1926274276,nan,0.0061901535,22.0829857855,nan,nan,nan,nan,nan,nan,nan
3053,42.6315789474,0.1604404045,nan,0.0071088766,21.4819902148,nan,nan,nan,nan,nan,nan,nan
3054,42.6315789474,0.2804392232,nan,0.0037195209,24.2951299748,nan,nan,nan,nan,nan,nan,nan
3055,42.6315789474,0.6978293021,nan,0.0000227847,46.4235660321,nan,nan,nan,nan,nan,nan,nan
3056,42.6315789474,0.7236919507,nan,0.0000143486,48.4319145673,nan,nan,nan,nan,nan,nan,nan
3057,42.6315789474,0.5898495624,nan,0.0001304597,38.8452362974,nan,nan,nan,nan,nan,nan,nan
3058,42.6315789474,0.4437120427,nan,0.0008600899,30.6545616328,nan,nan,nan,nan,nan,nan,nan
3059,42.6315789474,0.7900522906,nan,0.0000040481,53.9274834669,nan,nan,nan,nan,nan,nan,nan
3060,42.6315789474,0.6330668808,nan,0.0000672624,41.7222775492,nan,nan,nan,nan,nan,nan,nan
3061,42.6315789474,0.6118567372,nan,0.0000936637,40.2842850161,nan,nan,nan,nan,nan,nan,nan
3062,42.6315789474,0.1496473596,nan,0.0074036610,21.3055347386,nan,nan,nan,nan,nan,nan,nan
3063,42.6315789474,0.5247299256,nan,0.0003233952,34.9026648269,nan,nan,nan,nan,nan,nan,nan
3064,42.6315789474,0.7911570736,nan,0.0000039599,54.0231490743,nan,nan,nan,nan,nan,nan,nan
3065,42.6315789474,0.4425206551,nan,0.0008714621,30.5975147848,nan,nan,nan,nan,nan,nan,nan
3066,42.6315789474,0.1106552186,nan,0.0083704075,20.7725339694,nan,nan,nan,nan,nan,nan,nan
3067,42.6315789474,0.3941404781,nan,0.0014409796,28.4134215459,nan,nan,nan,nan,nan,nan,nan
3068,42.6315789474,0.1983289753,nan,0.0060240062,22.2011459030,nan,nan,nan,nan,nan,nan,nan
3069,42.6315789474,0.0417887507,nan,0.0094892980,20.2276591645,nan,nan,nan,nan,nan,nan,nan
3070,42.6315789474,0.1484626427,nan,0.0074354436,21.2869311393,nan,nan,nan,nan,nan,nan,nan
3071,42.6315789474,0.4554360027,nan,0.0007543432,31.2243099479,nan,nan,nan,nan,nan,nan,nan
3072,42.6315789474,0.5226906862,nan,0.0003321383,34.7868107970,nan,nan,nan,nan,nan,nan,nan
3073,42.6315789474,0.4228650637,nan,0.0010767134,29.6789989040,nan,nan,nan,nan,nan,nan,nan
3074,42.6315789474,0.1935886187,nan,0.0061621766,22.1026585800,nan,nan,nan,nan,nan,nan,nan
3075,42.6315789474,0.1019807154,nan,0.0085582795,20.6761353336,nan,nan,nan,nan,nan,nan,nan
3076,42.6315789474,0.6935475570,nan,0.0000245568,46.0982834054,nan,nan,nan,nan,nan,nan,nan
3077,42.6315789474,0.8535434733,nan,0.0000010846,59.6474310525,nan,nan,nan,nan,nan,nan,nan
3078,42.6315789474,0.4417008859,nan,0.0008793559,30.5583531746,nan,nan,nan,nan,nan,nan,nan
3079,42.6315789474,0.2788904196,nan,0.0037593920,24.2488239212,nan,nan,nan,nan,nan,nan,nan
3080,42.6315789474,0.6064344451,nan,0.0001017486,39.9247137044,nan,nan,nan,nan,nan,nan,nan
3081,42.6315789474,0.5966185580,nan,0.0001179745,39.2821176545,nan,nan,nan,nan,nan,nan,nan
3082,42.6315789474,0.6265556901,nan,0.0000745504,41.2755019122,nan,nan,nan,nan,nan,nan,nan
3083,42.6315789474,0.4488251481,nan,0.0008126109,30.9011733311,nan,nan,nan,nan,nan,nan,nan
3084,42.6315789474,0.8780043897,nan,0.0000006351,61.9718591591,nan,nan,nan,nan,nan,nan,nan
3085,42.6315789474,0.1763584001,nan,0.0066600934,21.7651968108,nan,nan,nan,nan,nan,nan,nan
3086,42.6315789474,0.3970129540,nan,0.0014009147,28.5358830404,nan,nan,nan,nan,nan,nan,nan
3087,42.6315789474,0.6657376349,nan,0.0000394873,44.0354212116,nan,nan,nan,nan,nan,nan,nan
3088,42.6315789474,0.4894985016,nan,0.0005051313,32.9659575139,nan,nan,nan,nan,nan,nan,nan
3089,42.6315789474,0.2038313936,nan,0.0058633735,22.3185244089,nan,nan,nan,nan,nan,nan,nan
3090,42.6315789474,0.4975476633,nan,0.0004574783,33.3962950833,nan,nan,nan,nan,nan,nan,nan
3091,42.6315789474,0.3038281530,nan,0.0031431594,25.0263359226,nan,nan,nan,nan,nan,nan,nan
3092,42.6315789474,0.2429344986,nan,0.0047342372,23.2474998487,nan,nan,nan,nan,nan,nan,nan
3093,42.6315789474,0.6456754176,nan,0.0000549430,42.6008729548,nan,nan,nan,nan,nan,nan,nan
3094,42.6315789474,0.5698950927,nan,0.0001743003,37.5870188397,nan,nan,nan,nan,nan,nan,nan
3095,42.6315789474,0.7663896222,nan,0.0000064397,51.9113153420,nan,nan,nan,nan,nan,nan,nan
3096,42.6315789474,0.5636966577,nan,0.0001903182,37.2051971433,nan,nan,nan,nan,nan,nan,nan
3097,42.6315789474,0.2237797814,nan,0.0052824473,22.7716482647,nan,nan,nan,nan,nan,nan,nan
3098,42.6315789474,0.4135459161,nan,0.0011861986,29.2584258380,nan,nan,nan,nan,nan,nan,nan
3099,42.6315789474,0.2632983273,nan,0.0041713204,23.7972644720,nan,nan,nan,nan,nan,nan,nan
3100,42.6315789474,0.5732671031,nan,0.0001660914,37.7965283142,nan,nan,nan,nan,nan,nan,nan
3101,42.6315789474,0.4657233969,nan,0.0006703826,31.7367727477,nan,nan,nan,nan,nan,nan,nan
3102,42.6315789474,0.7822595014,nan,0.0000047244,53.2565738658,nan,nan,nan,nan,nan,nan,nan
3103,42.6315789474,0.3258180587,nan,0.0026494213,25.7684897620,nan,nan,nan,nan,nan,nan,nan
3104,42.6315789474,0.8159252862,nan,0.0000023967,56.2038038539,nan,nan,nan,nan,nan,nan,nan
3105,42.6315789474,0.2053645723,nan,0.0058185986,22.3518160361,nan,nan,nan,nan,nan,nan,nan
3106,42.6315789474,0.6026658828,nan,0.0001077275,39.6767361266,nan,nan,nan,nan,nan,nan,nan
3107,42.6315789474,0.3609819775,nan,0.0019653419,27.0656187886,nan,nan,nan,nan,nan,nan,nan
3108,42.6315789474,0.5449280142,nan,0.0002468821,36.0751036413,nan,nan,nan,nan,nan,nan,nan
3109,42.6315789474,0.6706915159,nan,0.0000363365,44.3965641017,nan,nan,nan,nan,nan,nan,nan
3110,42.6315789474,1.1892539756,nan,0.0000000002,97.4323291821,nan,nan,nan,nan,nan,nan,nan
3111,42.6315789474,0.3331115296,nan,0.0024966850,26.0263624477,nan,nan,nan,nan,nan,nan,nan
3112,42.6315789474,0.0293634775,nan,0.0095882352,20.1826131970,nan,nan,nan,nan,nan,nan,nan
3113,42.6315789474,0.4319317353,nan,0.0009778260,30.0973841135,nan,nan,nan,nan,nan,nan,nan
3114,42.6315789474,0.1716985732,nan,0.0067928891,21.6794547847,nan,nan,nan,nan,nan,nan,nan
3115,42.6315789474,0.3309687057,nan,0.0025409766,25.9499933418,nan,nan,nan,nan,nan,nan,nan
3116,42.6315789474,0.5981098839,nan,0.0001153704,39.3790558925,nan,nan,nan,nan,nan,nan,nan
3117,42.6315789474,0.6433307089,nan,0.0000570671,42.4361455650,nan,nan,nan,nan,nan,nan,nan
3118,42.6315789474,0.1089395155,nan,0.0084084724,20.7528289545,nan,nan,nan,nan,nan,nan,nan
3119,42.6315789474,0.3472915099,nan,0.0022159272,26.5444450451,nan,nan,nan,nan,nan,nan,nan
3120,42.6315789474,0.5921768233,nan,0.0001260415,38.9948658760,nan,nan,nan,nan,nan,nan,nan
3121,42.6315789474,0.5637317498,nan,0.0001902240,37.2073467766,nan,nan,nan,nan,nan,nan,nan
3122,42.6315789474,0.2525233765,nan,0.0044660814,23.5007336776,nan,nan,nan,nan,nan,nan,nan
3123,42.6315789474,0.3817030338,nan,0.0016241733,27.8936764461,nan,nan,nan,nan,nan,nan,nan
3124,42.6315789474,1.1678235745,nan,0.0000000003,94.6402117486,nan,nan,nan,nan,nan,nan,nan
3125,42.6315789474,0.5192186241,nan,0.0003474868,34.5906167495,nan,nan,nan,nan,nan,nan,nan
3126,42.6315789474,0.4831721469,nan,0.0005454102,32.6327674917,nan,nan,nan,nan,nan,nan,nan
3127,42.6315789474,0.6106823648,nan,0.0000953645,40.2061303736,nan,nan,nan,nan,nan,nan,nan
3128,42.6315789474,0.3823016110,nan,0.0016149907,27.9182996867,nan,nan,nan,nan,nan,nan,nan
3129,42.6315789474,0.4902221021,nan,0.0005006855,33.0043500503,nan,nan,nan,nan,nan,nan,nan
3130,42.6315789474,0.5419141584,nan,0.0002572005,35.8972819962,nan,nan,nan,nan,nan,nan,nan
3131,42.6315789474,0.5392221253,nan,0.0002667288,35.7393015900,nan,nan,nan,nan,nan,nan,nan
3132,42.6315789474,0.5158448311,nan,0.0003629730,34.4012572372,nan,nan,nan,nan,nan,nan,nan
3133,42.6315789474,0.4693464157,nan,0.0006426816,31.9200414393,nan,nan,nan,nan,nan,nan,nan
3134,42.6315789474,0.2686491834,nan,0.0040278803,23.9492344750,nan,nan,nan,nan,nan,nan,nan
3135,42.6315789474,1.3840797450,nan,0.0000000000,125.2019553854,nan,nan,nan,nan,nan,nan,nan
3136,42.6315789474,0.7350593573,nan,0.0000116458,49.3383075432,nan,nan,nan,nan,nan,nan,nan
3137,42.6315789474,0.7397483420,nan,0.0000106748,49.7164006608,nan,nan,nan,nan,nan,nan,nan
3138,42.6315789474,0.3369470925,nan,0.0024186224,26.1643193158,nan,nan,nan,nan,nan,nan,nan
3139,42.6315789474,0.3774783476,nan,0.0016900474,27.7210111541,nan,nan,nan,nan,nan,nan,nan
3140,42.6315789474,0.3000211319,nan,0.0032335273,24.9032346743,nan,nan,nan,nan,nan,nan,nan
3141,42.6315789474,0.5625268339,nan,0.0001934811,37.1336156327,nan,nan,nan,nan,nan,nan,nan
3142,42.6315789474,0.4454648592,nan,0.0008435724,30.7387765469,nan,nan,nan,nan,nan,nan,nan
3143,42.6315789474,0.3467331444,nan,0.0022265751,26.5236264961,nan,nan,nan,nan,nan,nan,nan
3144,42.6315789474,0.8382493595,nan,0.0000015038,58.2282260001,nan,nan,nan,nan,nan,nan,nan
3145,42.6315789474,0.2999138076,nan,0.0032360950,24.8997873285,nan,nan,nan,nan,nan,nan,nan
3146,42.6315789474,0.2901292405,nan,0.0034747213,24.5908002677,nan,nan,nan,nan,nan,nan,nan
3147,42.6315789474,0.8359485775,nan,0.0000015787,58.0169987188,nan,nan,nan,nan,nan,nan,nan
3148,42.6315789474,0.4323880356,nan,0.0009730429,30.1186803413,nan,nan,nan,nan,nan,nan,nan
3149,42.6315789474,0.4404076515,nan,0.0008919234,30.4967244935,nan,nan,nan,nan,nan,nan,nan
3150,42.6315789474,0.5501344125,nan,0.0002298970,36.3846660460,nan,nan,nan,nan,nan,nan,nan
3151,42.6315789474,0.3566614454,nan,0.0020422474,26.8989164776,nan,nan,nan,nan,nan,nan,nan
3152,42.6315789474,0.6830498362,nan,0.0000294480,45.3094427886,nan,nan,nan,nan,nan,nan,nan
3153,42.6315789474,0.7439962679,nan,0.0000098604,50.0610534334,nan,nan,nan,nan,nan,nan,nan
3154,42.6315789474,0.4103914322,nan,0.0012251136,29.1182362347,nan,nan,nan,nan,nan,nan,nan
3155,42.6315789474,0.2862806562,nan,0.0035709695,24.4721385968,nan,nan,nan,nan,nan,nan,nan
3156,42.6315789474,0.4156507390,nan,0.0011607593,29.3525781046,nan,nan,nan,nan,nan,nan,nan
3157,42.6315789474,0.6305191270,nan,0.0000700342,41.5468965066,nan,nan,nan,nan,nan,nan,nan
3158,42.6315789474,0.4539506644,nan,0.0007671343,31.1512859234,nan,nan,nan,nan,nan,nan,nan
3159,42.6315789474,0.4546388641,nan,0.0007611864,31.1850896950,nan,nan,nan,nan,nan,nan,nan
3160,42.6315789474,0.5288067518,nan,0.0003065023,35.1356630386,nan,nan,nan,nan,nan,nan,nan
3161,42.6315789474,0.7474422577,nan,0.0000092425,50.3421252895,nan,nan,nan,nan,nan,nan,nan
3162,42.6315789474,0.2081620816,nan,0.0057369102,22.4132194511,nan,nan,nan,nan,nan,nan,nan
3163,42.6315789474,0.7322616051,nan,0.0000122634,49.1138845157,nan,nan,nan,nan,nan,nan,nan
3164,42.6315789474,0.3405602035,nan,0.0023465221,26.2957535668,nan,nan,nan,nan,nan,nan,nan
3165,42.6315789474,0.2812648501,nan,0.0036983484,24.3199217613,nan,nan,nan,nan,nan,nan,nan
3166,42.6315789474,0.3928020594,nan,0.0014599326,28.3566718609,nan,nan,nan,nan,nan,nan,nan
3167,42.6315789474,0.1417869820,nan,0.0076121429,21.1849306502,nan,nan,nan,nan,nan,nan,nan
3168,42.6315789474,0.6733935577,nan,0.0000347160,44.5947004611,nan,nan,nan,nan,nan,nan,nan
3169,42.6315789474,0.1372954178,nan,0.0077285802,21.1190028010,nan,nan,nan,nan,nan,nan,nan
3170,42.6315789474,0.1498269648,nan,0.0073988321,21.3083682856,nan,nan,nan,nan,nan,nan,nan
3171,42.6315789474,0.9633374391,nan,0.0000000869,70.6073306400,nan,nan,nan,nan,nan,nan,nan
3172,42.6315789474,0.5320161147,nan,0.0002937391,35.3203822970,nan,nan,nan,nan,nan,nan,nan
3173,42.6315789474,0.2221434764,nan,0.0053298494,22.7328506488,nan,nan,nan,nan,nan,nan,nan
3174,42.6315789474,0.4857387730,nan,0.0005287606,32.7674092715,nan,nan,nan,nan,nan,nan,nan
3175,42.6315789474,0.8213899869,nan,0.0000021408,56.6941931818,nan,nan,nan,nan,nan,nan,nan
3176,42.6315789474,1.3698623890,nan,0.0000000000,123.0298658985,nan,nan,nan,nan,nan,nan,nan
3177,42.6315789474,0.3648518209,nan,0.0018981582,27.2166758609,nan,nan,nan,nan,nan,nan,nan
3178,42.6315789474,0.8917585814,nan,0.0000004668,63.3083922871,nan,nan,nan,nan,nan,nan,nan
3179,42.6315789474,0.1908740162,nan,0.0062411459,22.0473566316,nan,nan,nan,nan,nan,nan,nan
3180,42.6315789474,1.0199599842,nan,0.0000000209,76.7897835483,nan,nan,nan,nan,nan,nan,nan
3181,42.6315789474,0.5379381198,nan,0.0002713792,35.6642340244,nan,nan,nan,nan,nan,nan,nan
3182,42.6315789474,0.2832812854,nan,0.0036468807,24.3807844672,nan,nan,nan,nan,nan,nan,nan
3183,42.6315789474,0.2644765352,nan,0.0041395599,23.8304582440,nan,nan,nan,nan,nan,nan,nan
3184,42.6315789474,0.3743616422,nan,0.0017398468,27.5948900200,nan,nan,nan,nan,nan,nan,nan
3185,42.6315789474,0.3505743048,nan,0.0021540031,26.6675366758,nan,nan,nan,nan,nan,nan,nan
3186,42.6315789474,0.3706371231,nan,0.0018007042,27.4455762167,nan,nan,nan,nan,nan,nan,nan
3187,42.6315789474,0.2142010313,nan,0.0055607459,22.5486694821,nan,nan,nan,nan,nan,nan,nan
3188,42.6315789474,0.2442027335,nan,0.0046984896,23.2804173016,nan,nan,nan,nan,nan,nan,nan
3189,42.6315789474,0.5187874306,nan,0.0003494343,34.5663449173,nan,nan,nan,nan,nan,nan,nan
3190,42.6315789474,0.3948566979,nan,0.0014309120,28.4438707940,nan,nan,nan,nan,nan,nan,nan
3191,42.6315789474,0.2094818958,nan,0.0056983830,22.4424836542,nan,nan,nan,nan,nan,nan,nan
3192,42.6315789474,0.5755001244,nan,0.0001608434,37.9359663624,nan,nan,nan,nan,nan,nan,nan
3193,42.6315789474,0.3876144443,nan,0.0015351186,28.1385805270,nan,nan,nan,nan,nan,nan,nan
3194,42.6315789474,0.5261389913,nan,0.0003174690,34.9829868880,nan,nan,nan,nan,nan,nan,nan
3195,42.6315789474,0.8809549817,nan,0.0000005947,62.2567854010,nan,nan,nan,nan,nan,nan,nan
3196,42.6315789474,0.3527627593,nan,0.0021133658,26.7502533170,nan,nan,nan,nan,nan,nan,nan
3197,42.6315789474,0.4214864247,nan,0.0010924017,29.6161764700,nan,nan,nan,nan,nan,nan,nan
3198,42.6315789474,0.4254873294,nan,0.0010473526,29.7990709124,nan,nan,nan,nan,nan,nan,nan
3199,42.6315789474,0.5928443176,nan,0.0001247989,39.0378932103,nan,nan,nan,nan,nan,nan,nan
3200,42.6315789474,0.3635217230,nan,0.0019210690,27.1645703605,nan,nan,nan,nan,nan,nan,nan
3201,42.6315789474,0.2172599984,nan,0.0054716802,22.6187929664,nan,nan,nan,nan,nan,nan,nan
3202,42.6315789474,0.1276194533,nan,0.0079719572,20.9843503964,nan,nan,nan,nan,nan,nan,nan
3203,42.6315789474,0.2152652837,nan,0.0055297425,22.5729508908,nan,nan,nan,nan,nan,nan,nan
3204,42.6315789474,0.5225029978,nan,0.0003329530,34.7761709723,nan,nan,nan,nan,nan,nan,nan
3205,42.6315789474,0.1440103841,nan,0.0075537572,21.2183698075,nan,nan,nan,nan,nan,nan,nan
3206,42.6315789474,0.8254972342,nan,0.0000019656,57.0649729343,nan,nan,nan,nan,nan,nan,nan
3207,42.6315789474,0.1347539157,nan,0.0077935262,21.0826599986,nan,nan,nan,nan,nan,nan,nan
3208,42.6315789474,0.6419952802,nan,0.0000583096,42.3425991844,nan,nan,nan,nan,nan,nan,nan
3209,42.6315789474,0.6360764717,nan,0.0000641153,41.9303827604,nan,nan,nan,nan,nan,nan,nan
3210,42.6315789474,0.6840213354,nan,0.0000289606,45.3819281824,nan,nan,nan,nan,nan,nan,nan
3211,42.6315789474,0.6643751953,nan,0.0000403964,43.9365783432,nan,nan,nan,nan,nan,nan,nan
3212,42.6315789474,0.4502074540,nan,0.0008001400,30.9683402646,nan,nan,nan,nan,nan,nan,nan
3213,42.6315789474,0.4561787478,nan,0.0007480115,31.2609172508,nan,nan,nan,nan,nan,nan,nan
3214,42.6315789474,0.2480158449,nan,0.0045915102,23.3804444213,nan,nan,nan,nan,nan,nan,nan
3215,42.6315789474,0.2475860307,nan,0.0046035302,23.3690900496,nan,nan,nan,nan,nan,nan,nan
3216,42.6315789474,0.9194908738,nan,0.0000002473,66.0678793788,nan,nan,nan,nan,nan,nan,nan
3217,42.6315789474,1.0929689779,nan,0.0000000030,85.2950158978,nan,nan,nan,nan,nan,nan,nan
3218,42.6315789474,0.4625767556,nan,0.0006952195,31.5787804979,nan,nan,nan,nan,nan,nan,nan
3219,42.6315789474,0.7916165794,nan,0.0000039238,54.0629789870,nan,nan,nan,nan,nan,nan,nan
3220,42.6315789474,0.3374697389,nan,0.0024081066,26.1832428970,nan,nan,nan,nan,nan,nan,nan
3221,42.6315789474,0.5788153164,nan,0.0001533203,38.1440022910,nan,nan,nan,nan,nan,nan,nan
3222,42.6315789474,0.2544515866,nan,0.0044127898,23.5528675499,nan,nan,nan,nan,nan,nan,nan
3223,42.6315789474,0.6342017456,nan,0.0000660597,41.8006318148,nan,nan,nan,nan,nan,nan,nan
3224,42.6315789474,0.5022306154,nan,0.0004315223,33.6499680448,nan,nan,nan,nan,nan,nan,nan
3225,42.6315789474,0.4658909871,nan,0.0006690802,31.7452181629,nan,nan,nan,nan,nan,nan,nan
3226,42.6315789474,0.5860433962,nan,0.0001379806,38.6018208636,nan,nan,nan,nan,nan,nan,nan
3227,42.6315789474,0.5480958956,nan,0.0002364231,36.2631009533,nan,nan,nan,nan,nan,nan,nan
3228,42.6315789474,0.4613424434,nan,0.0007051629,31.5171052041,nan,nan,nan,nan,nan,nan,nan
3229,42.6315789474,0.4089360709,nan,0.0012433894,29.0539282503,nan,nan,nan,nan,nan,nan,nan
3230,42.6315789474,0.3589694147,nan,0.0020009162,26.9877110259,nan,nan,nan,nan,nan,nan,nan
3231,42.6315789474,0.3510229250,nan,0.0021456307,26.6844501778,nan,nan,nan,nan,nan,nan,nan
3232,42.6315789474,0.6960204318,nan,0.0000235185,46.2858968843,nan,nan,nan,nan,nan,nan,nan
3233,42.6315789474,0.4689578897,nan,0.0006456069,31.9003184656,nan,nan,nan,nan,nan,nan,nan
3234,42.6315789474,0.7609385825,nan,0.0000071520,51.4557503190,nan,nan,nan,nan,nan,nan,nan
3235,42.6315789474,0.2110910923,nan,0.0056514249,22.4784204087,nan,nan,nan,nan,nan,nan,nan
3236,42.6315789474,0.7665537003,nan,0.0000064194,51.9250795948,nan,nan,nan,nan,nan,nan,nan
3237,42.6315789474,0.1674819332,nan,0.0069121130,21.6038917202,nan,nan,nan,nan,nan,nan,nan
3238,42.6315789474,0.7644402851,nan,0.0000066865,51.7480192885,nan,nan,nan,nan,nan,nan,nan
3239,42.6315789474,0.6099257410,nan,0.0000964749,40.1558583341,nan,nan,nan,nan,nan,nan,nan
3240,42.6315789474,0.6952539047,nan,0.0000238360,46.2276684925,nan,nan,nan,nan,nan,nan,nan
3241,42.6315789474,0.2955777040,nan,0.0033407475,24.7615635274,nan,nan,nan,nan,nan,nan,nan
3242,42.6315789474,0.5879582345,nan,0.0001341504,38.7240788068,nan,nan,nan,nan,nan,nan,nan
3243,42.6315789474,0.3432064919,nan,0.0022946012,26.3929278659,nan,nan,nan,nan,nan,nan,nan
3244,42.6315789474,0.8834457361,nan,0.0000005626,62.4980684839,nan,nan,nan,nan,nan,nan,nan
3245,42.6315789474,0.3104775949,nan,0.0029887125,25.2451585629,nan,nan,nan,nan,nan,nan,nan
3246,42.6315789474,0.5355069056,nan,0.0002803756,35.5225981775,nan,nan,nan,nan,nan,nan,nan
3247,42.6315789474,0.7826601224,nan,0.0000046872,53.2908988543,nan,nan,nan,nan,nan,nan,nan
3248,42.6315789474,0.0383141024,nan,0.0095204173,20.2134401404,nan,nan,nan,nan,nan,nan,nan
3249,42.6315789474,0.4640882384,nan,0.0006831979,31.6545349625,nan,nan,nan,nan,nan,nan,nan
3250,42.6315789474,0.4782862010,nan,0.0005782991,32.3784744848,nan,nan,nan,nan,nan,nan,nan
3251,42.6315789474,0.6712467633,nan,0.0000359980,44.4372129545,nan,nan,nan,nan,nan,nan,nan
3252,42.6315789474,0.5138240153,nan,0.0003725254,34.2884406026,nan,nan,nan,nan,nan,nan,nan
3253,42.6315789474,1.0217981425,nan,0.0000000200,76.9965420262,nan,nan,nan,nan,nan,nan,nan
3254,42.6315789474,0.6856250078,nan,0.0000281721,45.5018118673,nan,nan,nan,nan,nan,nan,nan
3255,42.6315789474,0.6987584066,nan,0.0000224160,46.4944202784,nan,nan,nan,nan,nan,nan,nan
3256,42.6315789474,0.1090329986,nan,0.0084064097,20.7538945011,nan,nan,nan,nan,nan,nan,nan
3257,42.6315789474,0.1625054819,nan,0.0070514994,21.5171852771,nan,nan,nan,nan,nan,nan,nan
3258,42.6315789474,1.1210580520,nan,0.0000000013,88.7275624313,nan,nan,nan,nan,nan,nan,nan
3259,42.6315789474,0.5005137073,nan,0.0004408916,33.5566817196,nan,nan,nan,nan,nan,nan,nan
3260,42.6315789474,0.6199609151,nan,0.0000826455,40.8278083382,nan,nan,nan,nan,nan,nan,nan
3261,42.6315789474,0.2907764858,nan,0.0034586644,24.6109157825,nan,nan,nan,nan,nan,nan,nan
3262,42.6315789474,0.6743166413,nan,0.0000341777,44.6625755093,nan,nan,nan,nan,nan,nan,nan
3263,42.6315789474,0.0869281904,nan,0.0088553748,20.5279305477,nan,nan,nan,nan,nan,nan,nan
3264,42.6315789474,0.5017233743,nan,0.0004342728,33.6223736301,nan,nan,nan,nan,nan,nan,nan
3265,42.6315789474,0.6177256041,nan,0.0000855626,40.6771617018,nan,nan,nan,nan,nan,nan,nan
3266,42.6315789474,0.6040419137,nan,0.0001055092,39.7670978773,nan,nan,nan,nan,nan,nan,nan
3267,42.6315789474,0.4965905278,nan,0.0004629406,33.3447468679,nan,nan,nan,nan,nan,nan,nan
3268,42.6315789474,0.5218066561,nan,0.0003359905,34.7367303859,nan,nan,nan,nan,nan,nan,nan
3269,42.6315789474,0.7696607766,nan,0.0000060446,52.1862964017,nan,nan,nan,nan,nan,nan,nan
3270,42.6315789474,0.5543371907,nan,0.0002169326,36.6367525101,nan,nan,nan,nan,nan,nan,nan
3271,42.6315789474,0.2155569159,nan,0.0055212497,22.5796261102,nan,nan,nan,nan,nan,nan,nan
3272,42.6315789474,0.3926252639,nan,0.0014624498,28.3491904054,nan,nan,nan,nan,nan,nan,nan
3273,42.6315789474,0.5022740784,nan,0.0004312873,33.6523337988,nan,nan,nan,nan,nan,nan,nan
3274,42.6315789474,0.4523136261,nan,0.0007814323,31.0710866008,nan,nan,nan,nan,nan,nan,nan
3275,42.6315789474,0.4881503082,nan,0.0005135018,32.8945803515,nan,nan,nan,nan,nan,nan,nan
3276,42.6315789474,0.2581659852,nan,0.0043107820,23.6544393541,nan,nan,nan,nan,nan,nan,nan
3277,42.6315789474,0.4573596647,nan,0.0007380323,31.3192461860,nan,nan,nan,nan,nan,nan,nan
3278,42.6315789474,0.6141489507,nan,0.0000904217,40.4372747978,nan,nan,nan,nan,nan,nan,nan
3279,42.6315789474,0.3809546133,nan,0.0016357070,27.8629447493,nan,nan,nan,nan,nan,nan,nan
3280,42.6315789474,1.1391206198,nan,0.0000000008,90.9819415397,nan,nan,nan,nan,nan,nan,nan
3281,42.6315789474,0.6303757614,nan,0.0000701932,41.5370490833,nan,nan,nan,nan,nan,nan,nan
3282,42.6315789474,0.9386698801,nan,0.0000001575,68.0268694771,nan,nan,nan,nan,nan,nan,nan
3283,42.6315789474,0.4917315818,nan,0.0004915157,33.0846262781,nan,nan,nan,nan,nan,nan,nan
3284,42.6315789474,0.6594401211,nan,0.0000438502,43.5802809143,nan,nan,nan,nan,nan,nan,nan
3285,42.6315789474,0.4332619114,nan,0.0009639334,30.1595296818,nan,nan,nan,nan,nan,nan,nan
3286,42.6315789474,0.9297276661,nan,0.0000001946,67.1083409364,nan,nan,nan,nan,nan,nan,nan
3287,42.6315789474,0.8793822092,nan,0.0000006159,62.1047876416,nan,nan,nan,nan,nan,nan,nan
3288,42.6315789474,0.8975128835,nan,0.0000004098,63.8738619386,nan,nan,nan,nan,nan,nan,nan
3289,42.6315789474,0.5695801321,nan,0.0001750849,37.5675143154,nan,nan,nan,nan,nan,nan,nan
3290,42.6315789474,0.7404009346,nan,0.0000105458,49.7692170560,nan,nan,nan,nan,nan,nan,nan
3291,42.6315789474,0.2792140758,nan,0.0037510436,24.2584788892,nan,nan,nan,nan,nan,nan,nan
3292,42.6315789474,0.1562201543,nan,0.0072252076,21.4114966995,nan,nan,nan,nan,nan,nan,nan
3293,42.6315789474,0.4579473245,nan,0.0007331064,31.3483299234,nan,nan,nan,nan,nan,nan,nan
3294,42.6315789474,0.0191188322,nan,0.0096437737,20.1575299150,nan,nan,nan,nan,nan,nan,nan
3295,42.6315789474,0.0648772407,nan,0.0092165009,20.3543392854,nan,nan,nan,nan,nan,nan,nan
3296,42.6315789474,1.1278107808,nan,0.0000000011,89.5660512271,nan,nan,nan,nan,nan,nan,nan
3297,42.6315789474,0.5583309389,nan,0.0002052050,36.8781204848,nan,nan,nan,nan,nan,nan,nan
3298,42.6315789474,0.3637223531,nan,0.0019176011,27.1724174083,nan,nan,nan,nan,nan,nan,nan
3299,42.6315789474,0.4408551279,nan,0.0008875590,30.5180279198,nan,nan,nan,nan,nan,nan,nan
3300,42.6315789474,0.3633032669,nan,0.0019248500,27.1560311410,nan,nan,nan,nan,nan,nan,nan
3301,42.6315789474,0.8077260918,nan,0.0000028351,55.4743102007,nan,nan,nan,nan,nan,nan,nan
3302,42.6315789474,0.5521793523,nan,0.0002235075,36.5070781718,nan,nan,nan,nan,nan,nan,nan
3303,42.6315789474,0.6445474124,nan,0.0000559558,42.5215484627,nan,nan,nan,nan,nan,nan,nan
3304,42.6315789474,0.2992119500,nan,0.0032529140,24.8772741873,nan,nan,nan,nan,nan,nan,nan
3305,42.6315789474,1.0427815027,nan,0.0000000115,79.3837786887,nan,nan,nan,nan,nan,nan,nan
3306,42.6315789474,0.4305368143,nan,0.0009925620,30.0324237203,nan,nan,nan,nan,nan,nan,nan
3307,42.6315789474,0.4005347768,nan,0.0013529228,28.6872698675,nan,nan,nan,nan,nan,nan,nan
3308,42.6315789474,0.5330494673,nan,0.0002897276,35.3801017347,nan,nan,nan,nan,nan,nan,nan
3309,42.6315789474,0.7232670832,nan,0.0000144600,48.3983174994,nan,nan,nan,nan,nan,nan,nan
3310,42.6315789474,0.2667391673,nan,0.0040788441,23.8946289161,nan,nan,nan,nan,nan,nan,nan
3311,42.6315789474,0.0898214691,nan,0.0088012796,20.5545418150,nan,nan,nan,nan,nan,nan,nan
3312,42.6315789474,0.0209060441,nan,0.0096357922,20.1611257224,nan,nan,nan,nan,nan,nan,nan
3313,42.6315789474,1.0009023234,nan,0.0000000341,74.6685986918,nan,nan,nan,nan,nan,nan,nan
3314,42.6315789474,0.5330852932,nan,0.0002895893,35.3821743125,nan,nan,nan,nan,nan,nan,nan
3315,42.6315789474,0.8785901483,nan,0.0000006269,62.0283455764,nan,nan,nan,nan,nan,nan,nan
3316,42.6315789474,0.6861362579,nan,0.0000279249,45.5400911265,nan,nan,nan,nan,nan,nan,nan
3317,42.6315789474,0.1760493973,nan,0.0066689301,21.7594383442,nan,nan,nan,nan,nan,nan,nan
3318,42.6315789474,0.1036532002,nan,0.0085229604,20.6940952763,nan,nan,nan,nan,nan,nan,nan
3319,42.6315789474,0.8966621917,nan,0.0000004178,63.7900308380,nan,nan,nan,nan,nan,nan,nan
3320,42.6315789474,1.0354335271,nan,0.0000000140,78.5421637420,nan,nan,nan,nan,nan,nan,nan
3321,42.6315789474,0.6151156104,nan,0.0000890847,40.5019683037,nan,nan,nan,nan,nan,nan,nan
3322,42.6315789474,0.4824313467,nan,0.0005502953,32.5940418429,nan,nan,nan,nan,nan,nan,nan
3323,42.6315789474,0.5372126842,nan,0.0002740373,35.6219034209,nan,nan,nan,nan,nan,nan,nan
3324,42.6315789474,0.9953522331,nan,0.0000000393,74.0585506349,nan,nan,nan,nan,nan,nan,nan
3325,42.6315789474,0.4155266479,nan,0.0011622475,29.3470137336,nan,nan,nan,nan,nan,nan,nan
3326,42.6315789474,0.3725157179,nan,0.0017698249,27.5206970366,nan,nan,nan,nan,nan,nan,nan
3327,42.6315789474,0.5159775846,nan,0.0003623528,34.4086843636,nan,nan,nan,nan,nan,nan,nan
3328,42.6315789474,0.5120684269,nan,0.0003809957,34.1907987102,nan,nan,nan,nan,nan,nan,nan
3329,42.6315789474,0.1710083287,nan,0.0068124702,21.6669538534,nan,nan,nan,nan,nan,nan,nan
3330,42.6315789474,0.4201314547,nan,0.0011079911,29.5546371388,nan,nan,nan,nan,nan,nan,nan
3331,42.6315789474,0.1645802342,nan,0.0069935726,21.5530091355,nan,nan,nan,nan,nan,nan,nan
3332,42.6315789474,1.0020216731,nan,0.0000000332,74.7920546642,nan,nan,nan,nan,nan,nan,nan
3333,42.6315789474,0.2035488063,nan,0.0058716260,22.3124161348,nan,nan,nan,nan,nan,nan,nan
3334,42.6315789474,0.3861002965,nan,0.0015575845,28.0754839179,nan,nan,nan,nan,nan,nan,nan
3335,42.6315789474,0.7062844327,nan,0.0000196249,47.0719169744,nan,nan,nan,nan,nan,nan,nan
3336,42.6315789474,0.2639968554,nan,0.0041524787,23.8169258709,nan,nan,nan,nan,nan,nan,nan
3337,42.6315789474,0.5841913083,nan,0.0001417765,38.4839576434,nan,nan,nan,nan,nan,nan,nan
3338,42.6315789474,0.4224350787,nan,0.0010815877,29.6593826299,nan,nan,nan,nan,nan,nan,nan
3339,42.6315789474,0.3320030766,nan,0.0025195357,25.9867948063,nan,nan,nan,nan,nan,nan,nan
3340,42.6315789474,0.3996165030,nan,0.0013653168,28.6476656783,nan,nan,nan,nan,nan,nan,nan
3341,42.6315789474,0.3627537899,nan,0.0019343828,27.1345758769,nan,nan,nan,nan,nan,nan,nan
3342,42.6315789474,0.3112367961,nan,0.0029713574,25.2704510423,nan,nan,nan,nan,nan,nan,nan
3343,42.6315789474,0.5353297389,nan,0.0002810410,35.5123026002,nan,nan,nan,nan,nan,nan,nan
3344,42.6315789474,0.5451422618,nan,0.0002461624,36.0877829689,nan,nan,nan,nan,nan,nan,nan
3345,42.6315789474,0.5266727792,nan,0.0003152483,35.0134723792,nan,nan,nan,nan,nan,nan,nan
3346,42.6315789474,0.7385441876,nan,0.0000109167,49.6190697051,nan,nan,nan,nan,nan,nan,nan
3347,42.6315789474,0.4312629541,nan,0.0009848696,30.0662126596,nan,nan,nan,nan,nan,nan,nan
3348,42.6315789474,0.6700821071,nan,0.0000367114,44.3519898003,nan,nan,nan,nan,nan,nan,nan
3349,42.6315789474,0.8820914926,nan,0.0000005799,62.3667944323,nan,nan,nan,nan,nan,nan,nan
3350,42.6315789474,0.5189186347,nan,0.0003488407,34.5737281953,nan,nan,nan,nan,nan,nan,nan
3351,42.6315789474,0.6279481627,nan,0.0000729348,41.3706513093,nan,nan,nan,nan,nan,nan,nan
3352,42.6315789474,0.3504712804,nan,0.0021559289,26.6636556613,nan,nan,nan,nan,nan,nan,nan
3353,42.6315789474,0.5473000272,nan,0.0002390141,36.2157654110,nan,nan,nan,nan,nan,nan,nan
3354,42.6315789474,0.4875845803,nan,0.0005170483,32.8646891180,nan,nan,nan,nan,nan,nan,nan
3355,42.6315789474,0.3090042099,nan,0.0030225579,25.1962537059,nan,nan,nan,nan,nan,nan,nan
3356,42.6315789474,0.2888538156,nan,0.0035064722,24.5512960228,nan,nan,nan,nan,nan,nan,nan
3357,42.6315789474,1.1463307346,nan,0.0000000006,91.8921299005,nan,nan,nan,nan,nan,nan,nan
3358,42.6315789474,0.5062147670,nan,0.0004104212,33.8677020829,nan,nan,nan,nan,nan,nan,nan
3359,42.6315789474,0.4513881156,nan,0.0007896095,31.0258765667,nan,nan,nan,nan,nan,nan,nan
3360,42.6315789474,1.0268970310,nan,0.0000000175,77.5720658880,nan,nan,nan,nan,nan,nan,nan
3361,42.6315789474,0.8193117693,nan,0.0000022350,56.5073041238,nan,nan,nan,nan,nan,nan,nan
3362,42.6315789474,0.4205434901,nan,0.0011032326,29.5733292942,nan,nan,nan,nan,nan,nan,nan
3363,42.6315789474,0.7257156169,nan,0.0000138286,48.5922162832,nan,nan,nan,nan,nan,nan,nan
3364,42.6315789474,0.4618064709,nan,0.0007014114,31.5402716404,nan,nan,nan,nan,nan,nan,nan
3365,42.6315789474,0.2170245278,nan,0.0054785308,22.6133589122,nan,nan,nan,nan,nan,nan,nan
3366,42.6315789474,0.3391269008,nan,0.0023749569,26.2434426069,nan,nan,nan,nan,nan,nan,nan
3367,42.6315789474,0.5110997500,nan,0.0003857386,34.1370694698,nan,nan,nan,nan,nan,nan,nan
3368,42.6315789474,0.4388867687,nan,0.0009068837,30.4244838893,nan,nan,nan,nan,nan,nan,nan
3369,42.6315789474,0.0973615468,nan,0.0086534943,20.6280848697,nan,nan,nan,nan,nan,nan,nan
3370,42.6315789474,0.1536931945,nan,0.0072942267,21.3702074043,nan,nan,nan,nan,nan,nan,nan
3371,42.6315789474,0.5146291296,nan,0.0003686945,34.3333336330,nan,nan,nan,nan,nan,nan,nan
3372,42.6315789474,0.6223324738,nan,0.0000796481,40.9882460546,nan,nan,nan,nan,nan,nan,nan
3373,42.6315789474,0.6162712208,nan,0.0000875096,40.5794439400,nan,nan,nan,nan,nan,nan,nan
3374,42.6315789474,0.2307983394,nan,0.0050799942,22.9413678633,nan,nan,nan,nan,nan,nan,nan
3375,42.6315789474,0.7029155632,nan,0.0000208323,46.8126298851,nan,nan,nan,nan,nan,nan,nan
3376,42.6315789474,0.5690743728,nan,0.0001763511,37.5362173094,nan,nan,nan,nan,nan,nan,nan
3377,42.6315789474,0.2429402797,nan,0.0047340741,23.2476495025,nan,nan,nan,nan,nan,nan,nan
3378,42.6315789474,0.7109555391,nan,0.0000180571,47.4335306185,nan,nan,nan,nan,nan,nan,nan
3379,42.6315789474,0.5860652733,nan,0.0001379363,38.6032153585,nan,nan,nan,nan,nan,nan,nan
3380,42.6315789474,0.2068760781,nan,0.0057744590,22.3848869760,nan,nan,nan,nan,nan,nan,nan
3381,42.6315789474,0.5337665777,nan,0.0002869713,35.4216146291,nan,nan,nan,nan,nan,nan,nan
3382,42.6315789474,0.5983877338,nan,0.0001148909,39.3971438907,nan,nan,nan,nan,nan,nan,nan
3383,42.6315789474,0.8166136744,nan,0.0000023630,56.2653937789,nan,nan,nan,nan,nan,nan,nan
3384,42.6315789474,0.5365533124,nan,0.0002764726,35.5834784825,nan,nan,nan,nan,nan,nan,nan
3385,42.6315789474,0.3725020685,nan,0.0017700479,27.5201498264,nan,nan,nan,nan,nan,nan,nan
3386,42.6315789474,0.3605043323,nan,0.0019737455,27.0470884547,nan,nan,nan,nan,nan,nan,nan
3387,42.6315789474,0.0123940853,nan,0.0096673298,20.1469346730,nan,nan,nan,nan,nan,nan,nan
3388,42.6315789474,0.5199429859,nan,0.0003442360,34.6314374373,nan,nan,nan,nan,nan,nan,nan
3389,42.6315789474,0.0901006470,nan,0.0087959818,20.5571567556,nan,nan,nan,nan,nan,nan,nan
3390,42.6315789474,0.2415108897,nan,0.0047744588,23.2107585384,nan,nan,nan,nan,nan,nan,nan
3391,42.6315789474,0.7462448485,nan,0.0000094530,50.2443080373,nan,nan,nan,nan,nan,nan,nan
3392,42.6315789474,0.3726545009,nan,0.0017675585,27.5262620770,nan,nan,nan,nan,nan,nan,nan
3393,42.6315789474,0.6003739796,nan,0.0001115142,39.5266986304,nan,nan,nan,nan,nan,nan,nan
3394,42.6315789474,0.5384820634,nan,0.0002694007,35.6960125577,nan,nan,nan,nan,nan,nan,nan
3395,42.6315789474,0.9128209554,nan,0.0000002886,65.3962945920,nan,nan,nan,nan,nan,nan,nan
3396,42.6315789474,0.5463267258,nan,0.0002422160,36.1579724263,nan,nan,nan,nan,nan,nan,nan
3397,42.6315789474,1.0717914920,nan,0.0000000053,82.7659944498,nan,nan,nan,nan,nan,nan,nan
3398,42.6315789474,0.3306486639,nan,0.0025476335,25.9386305078,nan,nan,nan,nan,nan,nan,nan
3399,42.6315789474,0.2666758206,nan,0.0040805390,23.8928247229,nan,nan,nan,nan,nan,nan,nan
3400,42.6315789474,0.3042118906,nan,0.0031341283,25.0388323275,nan,nan,nan,nan,nan,nan,nan
3401,42.6315789474,0.1714222872,nan,0.0068007298,21.6744448196,nan,nan,nan,nan,nan,nan,nan
3402,42.6315789474,0.3071972301,nan,0.0030643607,25.1366010952,nan,nan,nan,nan,nan,nan,nan
3403,42.6315789474,0.6239824035,nan,0.0000776205,41.1002347960,nan,nan,nan,nan,nan,nan,nan
3404,42.6315789474,0.2321564863,nan,0.0050410043,22.9748293557,nan,nan,nan,nan,nan,nan,nan
3405,42.6315789474,0.4241254256,nan,0.0010625233,29.7366153321,nan,nan,nan,nan,nan,nan,nan
3406,42.6315789474,0.5044800330,nan,0.0004194998,33.7726824075,nan,nan,nan,nan,nan,nan,nan
3407,42.6315789474,0.4965295462,nan,0.0004632905,33.3414660374,nan,nan,nan,nan,nan,nan,nan
3408,42.6315789474,0.2210240502,nan,0.0053623156,22.7064763245,nan,nan,nan,nan,nan,nan,nan
3409,42.6315789474,0.3778471402,nan,0.0016842224,27.7360055780,nan,nan,nan,nan,nan,nan,nan
3410,42.6315789474,0.1504412360,nan,0.0073822957,21.3180856460,nan,nan,nan,nan,nan,nan,nan
3411,42.6315789474,0.0773674733,nan,0.0090233357,20.4463288329,nan,nan,nan,nan,nan,nan,nan
3412,42.6315789474,0.2283889977,nan,0.0051493194,22.8825017182,nan,nan,nan,nan,nan,nan,nan
3413,42.6315789474,0.3057929179,nan,0.0030970708,25.0904886917,nan,nan,nan,nan,nan,nan,nan
3414,42.6315789474,0.1412097290,nan,0.0076272222,21.1763360246,nan,nan,nan,nan,nan,nan,nan
3415,42.6315789474,0.2793038793,nan,0.0037487287,24.2611598407,nan,nan,nan,nan,nan,nan,nan
3416,42.6315789474,0.1563374693,nan,0.0072219914,21.4134303068,nan,nan,nan,nan,nan,nan,nan
3417,42.6315789474,0.2367888605,nan,0.0049085458,23.0904714827,nan,nan,nan,nan,nan,nan,nan
3418,42.6315789474,0.3061019825,nan,0.0030898552,25.1006186689,nan,nan,nan,nan,nan,nan,nan
3419,42.6315789474,0.3052017423,nan,0.0031108987,25.0711413389,nan,nan,nan,nan,nan,nan,nan
3420,42.6315789474,0.3913745497,nan,0.0014803478,28.2963623626,nan,nan,nan,nan,nan,nan,nan
3421,42.6315789474,0.4469570425,nan,0.0008297100,30.8107369587,nan,nan,nan,nan,nan,nan,nan
3422,42.6315789474,0.6032177679,nan,0.0001068328,39.7129522121,nan,nan,nan,nan,nan,nan,nan
3423,42.6315789474,0.4856340727,nan,0.0005294315,32.7619025528,nan,nan,nan,nan,nan,nan,nan
3424,42.6315789474,0.1118739192,nan,0.0083431062,20.7867222859,nan,nan,nan,nan,nan,nan,nan
3425,42.6315789474,0.4421352139,nan,0.0008751666,30.5790924255,nan,nan,nan,nan,nan,nan,nan
3426,42.6315789474,0.4656380512,nan,0.0006710466,31.7324730989,nan,nan,nan,nan,nan,nan,nan
3427,42.6315789474,0.7802611877,nan,0.0000049140,53.0856280040,nan,nan,nan,nan,nan,nan,nan
3428,42.6315789474,0.6176010831,nan,0.0000857277,40.6687861012,nan,nan,nan,nan,nan,nan,nan
3429,42.6315789474,0.7917844506,nan,0.0000039106,54.0775359431,nan,nan,nan,nan,nan,nan,nan
3430,42.6315789474,0.2192758208,nan,0.0054130748,22.6655597544,nan,nan,nan,nan,nan,nan,nan
3431,42.6315789474,0.1345795155,nan,0.0077979571,21.0801915959,nan,nan,nan,nan,nan,nan,nan
3432,42.6315789474,0.6165677780,nan,0.0000871094,40.5993500258,nan,nan,nan,nan,nan,nan,nan
3433,42.6315789474,0.3605104434,nan,0.0019736378,27.0473253774,nan,nan,nan,nan,nan,nan,nan
3434,42.6315789474,0.5699972293,nan,0.0001740465,37.5933462072,nan,nan,nan,nan,nan,nan,nan
3435,42.6315789474,0.5762835196,nan,0.0001590371,37.9850158776,nan,nan,nan,nan,nan,nan,nan
3436,42.6315789474,1.1308514410,nan,0.0000000010,89.9452936941,nan,nan,nan,nan,nan,nan,nan
3437,42.6315789474,0.5097035842,nan,0.0003926619,34.0598120146,nan,nan,nan,nan,nan,nan,nan
3438,42.6315789474,0.3965399330,nan,0.0014074552,28.5156542732,nan,nan,nan,nan,nan,nan,nan
3439,42.6315789474,0.1398982741,nan,0.0076613564,21.1569433295,nan,nan,nan,nan,nan,nan,nan
3440,42.6315789474,0.5168898283,nan,0.0003581150,34.4597743353,nan,nan,nan,nan,nan,nan,nan
3441,42.6315789474,0.5457156412,nan,0.0002442451,36.1217410580,nan,nan,nan,nan,nan,nan,nan
3442,42.6315789474,0.2854049793,nan,0.0035930514,24.4453656705,nan,nan,nan,nan,nan,nan,nan
3443,42.6315789474,0.8305271319,nan,0.0000017694,57.5216226231,nan,nan,nan,nan,nan,nan,nan
3444,42.6315789474,0.4852977920,nan,0.0005315910,32.7442240648,nan,nan,nan,nan,nan,nan,nan
3445,42.6315789474,0.3950626704,nan,0.0014280263,28.4526379469,nan,nan,nan,nan,nan,nan,nan
3446,42.6315789474,0.3397604697,nan,0.0023623606,26.2665380022,nan,nan,nan,nan,nan,nan,nan
3447,42.6315789474,0.3240724786,nan,0.0026868052,25.7076381457,nan,nan,nan,nan,nan,nan,nan
3448,42.6315789474,0.3578358729,nan,0.0020211442,26.9440270128,nan,nan,nan,nan,nan,nan,nan
3449,42.6315789474,0.7650370223,nan,0.0000066100,51.7979627960,nan,nan,nan,nan,nan,nan,nan
3450,42.6315789474,0.3725756905,nan,0.0017688452,27.5231016098,nan,nan,nan,nan,nan,nan,nan
3451,42.6315789474,0.2233320651,nan,0.0052954104,22.7610037298,nan,nan,nan,nan,nan,nan,nan
3452,42.6315789474,0.5913227420,nan,0.0001276473,38.9398832946,nan,nan,nan,nan,nan,nan,nan
3453,42.6315789474,0.7038407225,nan,0.0000204941,46.8837089787,nan,nan,nan,nan,nan,nan,nan
3454,42.6315789474,0.2373682489,nan,0.0048920402,23.1050997862,nan,nan,nan,nan,nan,nan,nan
3455,42.6315789474,0.3878153772,nan,0.0015321551,28.1469726686,nan,nan,nan,nan,nan,nan,nan
3456,42.6315789474,0.6907463650,nan,0.0000257835,45.8865863476,nan,nan,nan,nan,nan,nan,nan
3457,42.6315789474,0.4686805687,nan,0.0006477015,31.8862508804,nan,nan,nan,nan,nan,nan,nan
3458,42.6315789474,0.0950716934,nan,0.0086993952,20.6051093923,nan,nan,nan,nan,nan,nan,nan
3459,42.6315789474,0.6524354628,nan,0.0000492126,43.0792326687,nan,nan,nan,nan,nan,nan,nan
3460,42.6315789474,0.4084831536,nan,0.0012491187,29.0339629139,nan,nan,nan,nan,nan,nan,nan
3461,42.6315789474,0.4706629356,nan,0.0006328493,31.9869969844,nan,nan,nan,nan,nan,nan,nan
3462,42.6315789474,0.7345704491,nan,0.0000117516,49.2990263863,nan,nan,nan,nan,nan,nan,nan
3463,42.6315789474,0.1526489430,nan,0.0073226015,21.3533460156,nan,nan,nan,nan,nan,nan,nan
3464,42.6315789474,0.1117244641,nan,0.0083464659,20.7849737495,nan,nan,nan,nan,nan,nan,nan
3465,42.6315789474,0.2501825921,nan,0.0045310722,23.4379901393,nan,nan,nan,nan,nan,nan,nan
3466,42.6315789474,0.6890011517,nan,0.0000265758,45.7551369921,nan,nan,nan,nan,nan,nan,nan
3467,42.6315789474,0.5693396480,nan,0.0001756860,37.5526293197,nan,nan,nan,nan,nan,nan,nan
3468,42.6315789474,0.3343072145,nan,0.0024721822,26.0691952570,nan,nan,nan,nan,nan,nan,nan
3469,42.6315789474,0.2034243790,nan,0.0058752597,22.3097293250,nan,nan,nan,nan,nan,nan,nan
3470,42.6315789474,0.4384883881,nan,0.0009108349,30.4056034235,nan,nan,nan,nan,nan,nan,nan
3471,42.6315789474,0.9876363742,nan,0.0000000477,73.2162151012,nan,nan,nan,nan,nan,nan,nan
3472,42.6315789474,0.0621070459,nan,0.0092551307,20.3361744590,nan,nan,nan,nan,nan,nan,nan
3473,42.6315789474,0.4136602169,nan,0.0011848064,29.2635261451,nan,nan,nan,nan,nan,nan,nan
3474,42.6315789474,0.4086655902,nan,0.0012468085,29.0420022940,nan,nan,nan,nan,nan,nan,nan
3475,42.6315789474,0.5892628298,nan,0.0001315949,38.8076079072,nan,nan,nan,nan,nan,nan,nan
3476,42.6315789474,0.2261005386,nan,0.0052153393,22.8271743167,nan,nan,nan,nan,nan,nan,nan
3477,42.6315789474,0.8187921415,nan,0.0000022591,56.4606509744,nan,nan,nan,nan,nan,nan,nan
3478,42.6315789474,0.6171962266,nan,0.0000862667,40.6415663648,nan,nan,nan,nan,nan,nan,nan
3479,42.6315789474,0.2093071395,nan,0.0057034837,22.4385979164,nan,nan,nan,nan,nan,nan,nan
3480,42.6315789474,1.0513301528,nan,0.0000000092,80.3705800621,nan,nan,nan,nan,nan,nan,nan
3481,42.6315789474,0.3724970497,nan,0.0017701299,27.5199486255,nan,nan,nan,nan,nan,nan,nan
3482,42.6315789474,0.5414261282,nan,0.0002589058,35.8685824812,nan,nan,nan,nan,nan,nan,nan
3483,42.6315789474,0.2180573526,nan,0.0054484897,22.6372386332,nan,nan,nan,nan,nan,nan,nan
3484,42.6315789474,0.2295207389,nan,0.0051167309,22.9100742145,nan,nan,nan,nan,nan,nan,nan
3485,42.6315789474,0.4401277104,nan,0.0008946624,30.4834083325,nan,nan,nan,nan,nan,nan,nan
3486,42.6315789474,0.0395638089,nan,0.0095095313,20.2184088706,nan,nan,nan,nan,nan,nan,nan
3487,42.6315789474,0.2271528929,nan,0.0051849599,22.8525459671,nan,nan,nan,nan,nan,nan,nan
3488,42.6315789474,0.7862730020,nan,0.0000043639,53.6012608484,nan,nan,nan,nan,nan,nan,nan
3489,42.6315789474,0.3948845191,nan,0.0014305220,28.4450547227,nan,nan,nan,nan,nan,nan,nan
3490,42.6315789474,0.1413668032,nan,0.0076231223,21.1786711234,nan,nan,nan,nan,nan,nan,nan
3491,42.6315789474,0.0237460087,nan,0.0096216233,20.1675165233,nan,nan,nan,nan,nan,nan,nan
3492,42.6315789474,0.2923694277,nan,0.0034193081,24.6606176517,nan,nan,nan,nan,nan,nan,nan
3493,42.6315789474,0.1653704383,nan,0.0069714392,21.5667755562,nan,nan,nan,nan,nan,nan,nan
3494,42.6315789474,0.7069428144,nan,0.0000193966,47.1227379116,nan,nan,nan,nan,nan,nan,nan
3495,42.6315789474,0.9017867964,nan,0.0000003719,64.2962640815,nan,nan,nan,nan,nan,nan,nan
3496,42.6315789474,0.2852579456,nan,0.0035967657,24.4408784947,nan,nan,nan,nan,nan,nan,nan
3497,42.6315789474,0.2923826448,nan,0.0034189825,24.6610312048,nan,nan,nan,nan,nan,nan,nan
3498,42.6315789474,0.0313218757,nan,0.0095749265,20.1886455285,nan,nan,nan,nan,nan,nan,nan
3499,42.6315789474,0.2482674921,nan,0.0045844775,23.3871015248,nan,nan,nan,nan,nan,nan,nan
3500,42.6315789474,0.3143421511,nan,0.0029009732,25.3745627868,nan,nan,nan,nan,nan,nan,nan
3501,42.6315789474,0.4990319807,nan,0.0004491137,33.4764365140,nan,nan,nan,nan,nan,nan,nan
3502,42.6315789474,0.3835487064,nan,0.0015959793,27.9697273840,nan,nan,nan,nan,nan,nan,nan
3503,42.6315789474,0.2273767776,nan,0.0051785011,22.8579592502,nan,nan,nan,nan,nan,nan,nan
3504,42.6315789474,0.8419507577,nan,0.0000013902,58.5692859733,nan,nan,nan,nan,nan,nan,nan
3505,42.6315789474,0.4180855555,nan,0.0011318525,29.4621017478,nan,nan,nan,nan,nan,nan,nan
3506,42.6315789474,0.5865252195,nan,0.0001370078,38.6325457312,nan,nan,nan,nan,nan,nan,nan
3507,42.6315789474,0.5223816779,nan,0.0003334805,34.7692955787,nan,nan,nan,nan,nan,nan,nan
3508,42.6315789474,0.2915669182,nan,0.0034391066,24.6355435766,nan,nan,nan,nan,nan,nan,nan
3509,42.6315789474,0.6318257744,nan,0.0000686001,41.6367524647,nan,nan,nan,nan,nan,nan,nan
3510,42.6315789474,0.6281635336,nan,0.0000726878,41.3853871728,nan,nan,nan,nan,nan,nan,nan
3511,42.6315789474,0.4454645176,nan,0.0008435756,30.7387601054,nan,nan,nan,nan,nan,nan,nan
3512,42.6315789474,0.2613544693,nan,0.0042239314,23.7428314456,nan,nan,nan,nan,nan,nan,nan
3513,42.6315789474,0.6800091622,nan,0.0000310223,45.0832536645,nan,nan,nan,nan,nan,nan,nan
3514,42.6315789474,0.2983517354,nan,0.0032735915,24.8497551213,nan,nan,nan,nan,nan,nan,nan
3515,42.6315789474,0.5851883978,nan,0.0001397216,38.5473630089,nan,nan,nan,nan,nan,nan,nan
3516,42.6315789474,0.2723721829,nan,0.0039293276,24.0568176304,nan,nan,nan,nan,nan,nan,nan
3517,42.6315789474,0.5801885648,nan,0.0001502957,38.2305349712,nan,nan,nan,nan,nan,nan,nan
3518,42.6315789474,0.4581181524,nan,0.0007316794,31.3567914986,nan,nan,nan,nan,nan,nan,nan
3519,42.6315789474,0.4868170123,nan,0.0005218924,32.8241900126,nan,nan,nan,nan,nan,nan,nan
3520,42.6315789474,0.6059889479,nan,0.0001024397,39.8953168161,nan,nan,nan,nan,nan,nan,nan
3521,42.6315789474,0.2040510022,nan,0.0058569601,22.3232773522,nan,nan,nan,nan,nan,nan,nan
3522,42.6315789474,0.7616103656,nan,0.0000070604,51.5117141273,nan,nan,nan,nan,nan,nan,nan
3523,42.6315789474,0.8211465576,nan,0.0000021517,56.6722771273,nan,nan,nan,nan,nan,nan,nan
3524,42.6315789474,0.5738054942,nan,0.0001648126,37.8300966816,nan,nan,nan,nan,nan,nan,nan
3525,42.6315789474,0.2304277542,nan,0.0050906444,22.9322724165,nan,nan,nan,nan,nan,nan,nan
3526,42.6315789474,0.4701545504,nan,0.0006366315,31.9611187908,nan,nan,nan,nan,nan,nan,nan
3527,42.6315789474,0.6924767113,nan,0.0000250193,46.0172518845,nan,nan,nan,nan,nan,nan,nan
3528,42.6315789474,0.3986106586,nan,0.0013789892,28.6043914030,nan,nan,nan,nan,nan,nan,nan
3529,42.6315789474,0.5014997732,nan,0.0004354900,33.6102185715,nan,nan,nan,nan,nan,nan,nan
3530,42.6315789474,0.1421553949,nan,0.0076025019,21.1904346462,nan,nan,nan,nan,nan,nan,nan
3531,42.6315789474,0.8787353734,nan,0.0000006248,62.0423560294,nan,nan,nan,nan,nan,nan,nan
3532,42.6315789474,0.2349221284,nan,0.0049618207,23.0435893296,nan,nan,nan,nan,nan,nan,nan
3533,42.6315789474,0.3493257723,nan,0.0021774179,26.6205820744,nan,nan,nan,nan,nan,nan,nan
3534,42.6315789474,0.3513184005,nan,0.0021401282,26.6956020329,nan,nan,nan,nan,nan,nan,nan
3535,42.6315789474,0.4044283646,nan,0.0013012988,28.8562297254,nan,nan,nan,nan,nan,nan,nan
3536,42.6315789474,0.3035293220,nan,0.0031502022,25.0166156787,nan,nan,nan,nan,nan,nan,nan
3537,42.6315789474,0.3772259270,nan,0.0016940426,27.7107568370,nan,nan,nan,nan,nan,nan,nan
3538,42.6315789474,0.2707847091,nan,0.0039712212,24.0107592618,nan,nan,nan,nan,nan,nan,nan
3539,42.6315789474,0.4059330435,nan,0.0012817483,28.9219724555,nan,nan,nan,nan,nan,nan,nan
3540,42.6315789474,0.4437294820,nan,0.0008599243,30.6553978403,nan,nan,nan,nan,nan,nan,nan
3541,42.6315789474,0.0590447000,nan,0.0092960035,20.3170372168,nan,nan,nan,nan,nan,nan,nan
3542,42.6315789474,0.5706478595,nan,0.0001724376,37.6336800239,nan,nan,nan,nan,nan,nan,nan
3543,42.6315789474,0.2403330765,nan,0.0048078091,23.1805278897,nan,nan,nan,nan,nan,nan,nan
3544,42.6315789474,0.9353413621,nan,0.0000001705,67.6839187483,nan,nan,nan,nan,nan,nan,nan
3545,42.6315789474,0.1630908627,nan,0.0070351835,21.5272457007,nan,nan,nan,nan,nan,nan,nan
3546,42.6315789474,0.5880996567,nan,0.0001338713,38.7331244653,nan,nan,nan,nan,nan,nan,nan
3547,42.6315789474,0.5241067637,nan,0.0003260459,34.8672125400,nan,nan,nan,nan,nan,nan,nan
3548,42.6315789474,0.5661459970,nan,0.0001838415,37.3555650760,nan,nan,nan,nan,nan,nan,nan
3549,42.6315789474,0.5328286487,nan,0.0002905808,35.3673302382,nan,nan,nan,nan,nan,nan,nan
3550,42.6315789474,0.5687872369,nan,0.0001770736,37.5184616539,nan,nan,nan,nan,nan,nan,nan
3551,42.6315789474,0.4085813554,nan,0.0012478748,29.0382898875,nan,nan,nan,nan,nan,nan,nan
3552,42.6315789474,0.6904279629,nan,0.0000259264,45.8625789468,nan,nan,nan,nan,nan,nan,nan
3553,42.6315789474,0.4775878851,nan,0.0005831300,32.3423460695,nan,nan,nan,nan,nan,nan,nan
3554,42.6315789474,0.3101867681,nan,0.0029953760,25.2354865331,nan,nan,nan,nan,nan,nan,nan
3555,42.6315789474,0.2233453312,nan,0.0052950263,22.7613188201,nan,nan,nan,nan,nan,nan,nan
3556,42.6315789474,0.6094288007,nan,0.0000972103,40.1228750405,nan,nan,nan,nan,nan,nan,nan
3557,42.6315789474,0.4197626438,nan,0.0011122638,29.5379217816,nan,nan,nan,nan,nan,nan,nan
3558,42.6315789474,0.8001302555,nan,0.0000033073,54.8052249520,nan,nan,nan,nan,nan,nan,nan
3559,42.6315789474,0.5674290566,nan,0.0001805261,37.4345999521,nan,nan,nan,nan,nan,nan,nan
3560,42.6315789474,0.5045538349,nan,0.0004191102,33.7767180955,nan,nan,nan,nan,nan,nan,nan
3561,42.6315789474,0.8042550828,nan,0.0000030425,55.1677609800,nan,nan,nan,nan,nan,nan,nan
3562,42.6315789474,0.1104968088,nan,0.0083739403,20.7707014141,nan,nan,nan,nan,nan,nan,nan
3563,42.6315789474,0.4436801621,nan,0.0008603927,30.6530330636,nan,nan,nan,nan,nan,nan,nan
3564,42.6315789474,0.2169602521,nan,0.0054804010,22.6118766403,nan,nan,nan,nan,nan,nan,nan
3565,42.6315789474,0.2472421579,nan,0.0046131540,23.3600204941,nan,nan,nan,nan,nan,nan,nan
3566,42.6315789474,0.4674736007,nan,0.0006568823,31.8251245274,nan,nan,nan,nan,nan,nan,nan
3567,42.6315789474,0.7046995813,nan,0.0000201847,46.9497798969,nan,nan,nan,nan,nan,nan,nan
3568,42.6315789474,0.8129981839,nan,0.0000025454,55.9425101769,nan,nan,nan,nan,nan,nan,nan
3569,42.6315789474,0.2814115619,nan,0.0036945921,24.3243350046,nan,nan,nan,nan,nan,nan,nan
3570,42.6315789474,0.4338662854,nan,0.0009576723,30.1878305253,nan,nan,nan,nan,nan,nan,nan
3571,42.6315789474,0.5024488507,nan,0.0004303433,33.6618490383,nan,nan,nan,nan,nan,nan,nan
3572,42.6315789474,0.2226806425,nan,0.0053142808,22.7455550012,nan,nan,nan,nan,nan,nan,nan
3573,42.6315789474,0.6980947105,nan,0.0000226788,46.4437964463,nan,nan,nan,nan,nan,nan,nan
3574,42.6315789474,0.5302654608,nan,0.0003006437,35.2194792431,nan,nan,nan,nan,nan,nan,nan
3575,42.6315789474,0.4205989631,nan,0.0011025931,29.5758472806,nan,nan,nan,nan,nan,nan,nan
3576,42.6315789474,0.6551396767,nan,0.0000470759,43.2720181740,nan,nan,nan,nan,nan,nan,nan
3577,42.6315789474,0.1455443204,nan,0.0075132008,21.2417500582,nan,nan,nan,nan,nan,nan,nan
3578,42.6315789474,0.6537856756,nan,0.0000481350,43.1753883887,nan,nan,nan,nan,nan,nan,nan
3579,42.6315789474,0.6111028981,nan,0.0000947524,40.2340992632,nan,nan,nan,nan,nan,nan,nan
3580,42.6315789474,0.4725167153,nan,0.0006192126,32.0816018692,nan,nan,nan,nan,nan,nan,nan
3581,42.6315789474,1.0505829818,nan,0.0000000094,80.2840026234,nan,nan,nan,nan,nan,nan,nan
3582,42.6315789474,0.3902398897,nan,0.0014967231,28.2485854578,nan,nan,nan,nan,nan,nan,nan
3583,42.6315789474,0.8281530997,nan,0.0000018596,57.3057374751,nan,nan,nan,nan,nan,nan,nan
3584,42.6315789474,0.1795091690,nan,0.0065697623,21.8245034048,nan,nan,nan,nan,nan,nan,nan
3585,42.6315789474,0.1812789326,nan,0.0065188549,21.8582868814,nan,nan,nan,nan,nan,nan,nan
3586,42.6315789474,0.6348145999,nan,0.0000654183,41.8430047235,nan,nan,nan,nan,nan,nan,nan
3587,42.6315789474,0.6006961589,nan,0.0001109748,39.5477544884,nan,nan,nan,nan,nan,nan,nan
3588,42.6315789474,0.9641181218,nan,0.0000000853,70.6901157344,nan,nan,nan,nan,nan,nan,nan
3589,42.6315789474,0.6070357069,nan,0.0001008225,39.9644240424,nan,nan,nan,nan,nan,nan,nan
3590,42.6315789474,0.5072101764,nan,0.0004052867,33.9223761310,nan,nan,nan,nan,nan,nan,nan
3591,42.6315789474,0.2439164689,nan,0.0047065515,23.2729718821,nan,nan,nan,nan,nan,nan,nan
3592,42.6315789474,0.2625971332,nan,0.0041902683,23.7775816433,nan,nan,nan,nan,nan,nan,nan
3593,42.6315789474,0.5369572669,nan,0.0002749785,35.6070132287,nan,nan,nan,nan,nan,nan,nan
3594,42.6315789474,0.4260348966,nan,0.0010413004,29.8242395638,nan,nan,nan,nan,nan,nan,nan
3595,42.6315789474,0.0765626425,nan,0.0090366971,20.4399027605,nan,nan,nan,nan,nan,nan,nan
3596,42.6315789474,0.6445728119,nan,0.0000559328,42.5233330620,nan,nan,nan,nan,nan,nan,nan
3597,42.6315789474,0.3974892261,nan,0.0013943520,28.5562757719,nan,nan,nan,nan,nan,nan,nan
3598,42.6315789474,0.3464357884,nan,0.0022322593,26.5125536242,nan,nan,nan,nan,nan,nan,nan
3599,42.6315789474,0.5429589848,nan,0.0002535821,35.9588139084,nan,nan,nan,nan,nan,nan,nan
3600,42.6315789474,0.5584836788,nan,0.0002047676,36.8873867501,nan,nan,nan,nan,nan,nan,nan
3601,42.6315789474,0.7391603599,nan,0.0000107923,49.6688542056,nan,nan,nan,nan,nan,nan,nan
3602,42.6315789474,0.0623034000,nan,0.0092524441,20.3374352987,nan,nan,nan,nan,nan,nan,nan
3603,42.6315789474,0.5105735938,nan,0.0003883355,34.1079289939,nan,nan,nan,nan,nan,nan,nan
3604,42.6315789474,0.1376904417,nan,0.0077184235,21.1247139372,nan,nan,nan,nan,nan,nan,nan
3605,42.6315789474,0.4328374042,nan,0.0009683502,30.1396755462,nan,nan,nan,nan,nan,nan,nan
3606,42.6315789474,0.4478924987,nan,0.0008211122,30.8559748357,nan,nan,nan,nan,nan,nan,nan
3607,42.6315789474,0.1657287366,nan,0.0069613908,21.5730398290,nan,nan,nan,nan,nan,nan,nan
3608,42.6315789474,0.4866688157,nan,0.0005228320,32.8163782511,nan,nan,nan,nan,nan,nan,nan
3609,42.6315789474,0.2398203499,nan,0.0048223474,23.1674151052,nan,nan,nan,nan,nan,nan,nan
3610,42.6315789474,1.2572838482,nan,0.0000000000,106.6402006316,nan,nan,nan,nan,nan,nan,nan
3611,42.6315789474,0.0517870230,nan,0.0093850561,20.2756312874,nan,nan,nan,nan,nan,nan,nan
3612,42.6315789474,0.0671992723,nan,0.0091829232,20.3701904888,nan,nan,nan,nan,nan,nan,nan
3613,42.6315789474,0.6304102903,nan,0.0000701549,41.5394205763,nan,nan,nan,nan,nan,nan,nan
3614,42.6315789474,0.7619341593,nan,0.0000070166,51.5387062555,nan,nan,nan,nan,nan,nan,nan
3615,42.6315789474,0.5567975300,nan,0.0002096410,36.7852369964,nan,nan,nan,nan,nan,nan,nan
3616,42.6315789474,0.3923038583,nan,0.0014670340,28.3355983113,nan,nan,nan,nan,nan,nan,nan
3617,42.6315789474,0.5136600776,nan,0.0003733096,34.2793082816,nan,nan,nan,nan,nan,nan,nan
3618,42.6315789474,0.4633158218,nan,0.0006893201,31.6157903885,nan,nan,nan,nan,nan,nan,nan
3619,42.6315789474,0.4151733253,nan,0.0011664927,29.3311796951,nan,nan,nan,nan,nan,nan,nan
3620,42.6315789474,0.6834764955,nan,0.0000292330,45.3412636641,nan,nan,nan,nan,nan,nan,nan
3621,42.6315789474,0.3792609191,nan,0.0016620244,27.7936260325,nan,nan,nan,nan,nan,nan,nan
3622,42.6315789474,0.2783397409,nan,0.0037736160,24.2324229948,nan,nan,nan,nan,nan,nan,nan
3623,42.6315789474,0.2070956941,nan,0.0057680462,22.3897127061,nan,nan,nan,nan,nan,nan,nan
3624,42.6315789474,0.4555557759,nan,0.0007533193,31.2302090244,nan,nan,nan,nan,nan,nan,nan
3625,42.6315789474,0.5927001783,nan,0.0001250663,39.0285976502,nan,nan,nan,nan,nan,nan,nan
3626,42.6315789474,0.3251672107,nan,0.0026633229,25.7457618303,nan,nan,nan,nan,nan,nan,nan
3627,42.6315789474,0.8488097281,nan,0.0000012008,59.2053610554,nan,nan,nan,nan,nan,nan,nan
3628,42.6315789474,0.3948545267,nan,0.0014309424,28.4437784037,nan,nan,nan,nan,nan,nan,nan
3629,42.6315789474,0.3551834391,nan,0.0020690163,26.8423609347,nan,nan,nan,nan,nan,nan,nan
3630,42.6315789474,0.4876009457,nan,0.0005169454,32.8655533141,nan,nan,nan,nan,nan,nan,nan
3631,42.6315789474,0.1682488484,nan,0.0068905010,21.6174919708,nan,nan,nan,nan,nan,nan,nan
3632,42.6315789474,0.3181237077,nan,0.0028165835,25.5027736517,nan,nan,nan,nan,nan,nan,nan
3633,42.6315789474,0.0458292093,nan,0.0094497807,20.2457826866,nan,nan,nan,nan,nan,nan,nan
3634,42.6315789474,0.4883584685,nan,0.0005122019,32.9055877933,nan,nan,nan,nan,nan,nan,nan
3635,42.6315789474,0.1740111794,nan,0.0067271116,21.7217136899,nan,nan,nan,nan,nan,nan,nan
3636,42.6315789474,0.7090522289,nan,0.0000186815,47.2858914164,nan,nan,nan,nan,nan,nan,nan
3637,42.6315789474,0.6482016026,nan,0.0000527347,42.7790362592,nan,nan,nan,nan,nan,nan,nan
3638,42.6315789474,0.5717893553,nan,0.0001696463,37.7045573224,nan,nan,nan,nan,nan,nan,nan
3639,42.6315789474,0.1511029838,nan,0.0073644453,21.3285995794,nan,nan,nan,nan,nan,nan,nan
3640,42.6315789474,0.2327248167,nan,0.0050247085,22.9888912860,nan,nan,nan,nan,nan,nan,nan
3641,42.6315789474,0.3742041847,nan,0.0017423898,27.5885467094,nan,nan,nan,nan,nan,nan,nan
3642,42.6315789474,0.0638277486,nan,0.0092313197,20.3473620877,nan,nan,nan,nan,nan,nan,nan
3643,42.6315789474,0.1865886289,nan,0.0063654912,21.9616808029,nan,nan,nan,nan,nan,nan,nan
3644,42.6315789474,0.9115091060,nan,0.0000002975,65.2647950827,nan,nan,nan,nan,nan,nan,nan
3645,42.6315789474,0.6832435041,nan,0.0000293502,45.3238843051,nan,nan,nan,nan,nan,nan,nan
3646,42.6315789474,0.4228862727,nan,0.0010764734,29.6799670066,nan,nan,nan,nan,nan,nan,nan
3647,42.6315789474,0.3506182640,nan,0.0021531818,26.6691930121,nan,nan,nan,nan,nan,nan,nan
3648,42.6315789474,0.6450794693,nan,0.0000554760,42.5589465125,nan,nan,nan,nan,nan,nan,nan
3649,42.6315789474,0.7240263932,nan,0.0000142614,48.4583753451,nan,nan,nan,nan,nan,nan,nan
3650,42.6315789474,0.4379555796,nan,0.0009161404,30.3803794393,nan,nan,nan,nan,nan,nan,nan
3651,42.6315789474,0.4988258942,nan,0.0004502674,33.4652948682,nan,nan,nan,nan,nan,nan,nan
3652,42.6315789474,0.6331257025,nan,0.0000671996,41.7263352429,nan,nan,nan,nan,nan,nan,nan
3653,42.6315789474,0.3917297016,nan,0.0014752493,28.3113458378,nan,nan,nan,nan,nan,nan,nan
3654,42.6315789474,0.5226530964,nan,0.0003323013,34.7846795668,nan,nan,nan,nan,nan,nan,nan
3655,42.6315789474,0.2691531801,nan,0.0040144775,23.9637097494,nan,nan,nan,nan,nan,nan,nan
3656,42.6315789474,0.1698946462,nan,0.0068440114,21.6468927260,nan,nan,nan,nan,nan,nan,nan
3657,42.6315789474,0.6187758786,nan,0.0000841807,40.7478745955,nan,nan,nan,nan,nan,nan,nan
3658,42.6315789474,0.8078004705,nan,0.0000028308,55.4808938985,nan,nan,nan,nan,nan,nan,nan
3659,42.6315789474,0.3471029405,nan,0.0022195195,26.5374104380,nan,nan,nan,nan,nan,nan,nan
3660,42.6315789474,0.2131611250,nan,0.0055910548,22.5250624866,nan,nan,nan,nan,nan,nan,nan
3661,42.6315789474,0.6456250493,nan,0.0000549879,42.5973278902,nan,nan,nan,nan,nan,nan,nan
3662,42.6315789474,0.3842536987,nan,0.0015853036,27.9988756744,nan,nan,nan,nan,nan,nan,nan
3663,42.6315789474,0.6603080948,nan,0.0000432240,43.6427489878,nan,nan,nan,nan,nan,nan,nan
3664,42.6315789474,0.4732649858,nan,0.0006137766,32.1198965462,nan,nan,nan,nan,nan,nan,nan
3665,42.6315789474,0.4262862800,nan,0.0010385310,29.8358053716,nan,nan,nan,nan,nan,nan,nan
3666,42.6315789474,0.8669026974,nan,0.0000008112,60.9085785730,nan,nan,nan,nan,nan,nan,nan
3667,42.6315789474,0.3498826992,nan,0.0021669527,26.6415057091,nan,nan,nan,nan,nan,nan,nan
3668,42.6315789474,0.8723466196,nan,0.0000007197,61.4282480677,nan,nan,nan,nan,nan,nan,nan
3669,42.6315789474,0.6400866006,nan,0.0000601279,42.2092420571,nan,nan,nan,nan,nan,nan,nan
3670,42.6315789474,0.4045181447,nan,0.0013001260,28.8601454061,nan,nan,nan,nan,nan,nan,nan
3671,42.6315789474,0.6639587649,nan,0.0000406780,43.9064083123,nan,nan,nan,nan,nan,nan,nan
3672,42.6315789474,0.1573867401,nan,0.0071931801,21.4307906398,nan,nan,nan,nan,nan,nan,nan
3673,42.6315789474,0.7120084059,nan,0.0000177199,47.5153751624,nan,nan,nan,nan,nan,nan,nan
3674,42.6315789474,0.3538180685,nan,0.0020939539,26.7903289110,nan,nan,nan,nan,nan,nan,nan
3675,42.6315789474,0.2972900579,nan,0.0032992081,24.8159028494,nan,nan,nan,nan,nan,nan,nan
3676,42.6315789474,0.6009242880,nan,0.0001105943,39.5626707344,nan,nan,nan,nan,nan,nan,nan
3677,42.6315789474,0.7229410915,nan,0.0000145460,48.3725528862,nan,nan,nan,nan,nan,nan,nan
3678,42.6315789474,0.4483678963,nan,0.0008167701,30.8790017589,nan,nan,nan,nan,nan,nan,nan
3679,42.6315789474,0.3003181766,nan,0.0032264262,24.9127825817,nan,nan,nan,nan,nan,nan,nan
3680,42.6315789474,0.1169520471,nan,0.0082270564,20.8475552642,nan,nan,nan,nan,nan,nan,nan
3681,42.6315789474,0.5062453404,nan,0.0004102627,33.8693797299,nan,nan,nan,nan,nan,nan,nan
3682,42.6315789474,0.4801214727,nan,0.0005657594,32.4736825519,nan,nan,nan,nan,nan,nan,nan
3683,42.6315789474,0.5848288889,nan,0.0001404595,38.5244889230,nan,nan,nan,nan,nan,nan,nan
3684,42.6315789474,0.5451013452,nan,0.0002462997,36.0853610996,nan,nan,nan,nan,nan,nan,nan
3685,42.6315789474,0.8556605849,nan,0.0000010361,59.8459558655,nan,nan,nan,nan,nan,nan,nan
3686,42.6315789474,0.6397438898,nan,0.0000604597,42.1853402942,nan,nan,nan,nan,nan,nan,nan
3687,42.6315789474,0.7219777534,nan,0.0000148031,48.2964853146,nan,nan,nan,nan,nan,nan,nan
3688,42.6315789474,0.6567185157,nan,0.0000458675,43.3849521193,nan,nan,nan,nan,nan,nan,nan
3689,42.6315789474,0.5738378014,nan,0.0001647361,37.8321120378,nan,nan,nan,nan,nan,nan,nan
3690,42.6315789474,0.1498966154,nan,0.0073969587,21.3094680662,nan,nan,nan,nan,nan,nan,nan
3691,42.6315789474,0.4682571561,nan,0.0006509102,31.8647889729,nan,nan,nan,nan,nan,nan,nan
3692,42.6315789474,0.4448997098,nan,0.0008488703,30.7115865587,nan,nan,nan,nan,nan,nan,nan
3693,42.6315789474,0.2386343132,nan,0.0048560232,23.1371924855,nan,nan,nan,nan,nan,nan,nan
3694,42.6315789474,0.5022203874,nan,0.0004315776,33.6494113493,nan,nan,nan,nan,nan,nan,nan
3695,42.6315789474,0.6418040047,nan,0.0000584896,42.3292166754,nan,nan,nan,nan,nan,nan,nan
3696,42.6315789474,0.0978715159,nan,0.0086431532,20.6332778884,nan,nan,nan,nan,nan,nan,nan
3697,42.6315789474,0.3578044149,nan,0.0020217075,26.9428167110,nan,nan,nan,nan,nan,nan,nan
3698,42.6315789474,0.2875397829,nan,0.0035393359,24.5107822216,nan,nan,nan,nan,nan,nan,nan
3699,42.6315789474,0.8680503697,nan,0.0000007911,61.0178569083,nan,nan,nan,nan,nan,nan,nan
3700,42.6315789474,0.6758316261,nan,0.0000333106,44.7741797307,nan,nan,nan,nan,nan,nan,nan
3701,42.6315789474,0.5355822620,nan,0.0002800929,35.5269783744,nan,nan,nan,nan,nan,nan,nan
3702,42.6315789474,0.2434055444,nan,0.0047209505,23.2597055226,nan,nan,nan,nan,nan,nan,nan
3703,42.6315789474,0.2985442310,nan,0.0032689583,24.8559061955,nan,nan,nan,nan,nan,nan,nan
3704,42.6315789474,0.5196794420,nan,0.0003454157,34.6165789448,nan,nan,nan,nan,nan,nan,nan
3705,42.6315789474,0.4928784416,nan,0.0004846423,33.1457867193,nan,nan,nan,nan,nan,nan,nan
3706,42.6315789474,0.0455970371,nan,0.0094521478,20.2446949423,nan,nan,nan,nan,nan,nan,nan
3707,42.6315789474,0.7791293139,nan,0.0000050246,52.9890002785,nan,nan,nan,nan,nan,nan,nan
3708,42.6315789474,0.7532344994,nan,0.0000082841,50.8175638019,nan,nan,nan,nan,nan,nan,nan
3709,42.6315789474,0.5456437073,nan,0.0002444849,36.1174788046,nan,nan,nan,nan,nan,nan,nan
3710,42.6315789474,0.1564862188,nan,0.0072179120,21.4158841599,nan,nan,nan,nan,nan,nan,nan
3711,42.6315789474,0.4050839370,nan,0.0012927536,28.8848424123,nan,nan,nan,nan,nan,nan,nan
3712,42.6315789474,0.2100734381,nan,0.0056811187,22.4556613331,nan,nan,nan,nan,nan,nan,nan
3713,42.6315789474,0.7518842729,nan,0.0000084988,50.7063988689,nan,nan,nan,nan,nan,nan,nan
3714,42.6315789474,0.5996025444,nan,0.0001128151,39.4763288673,nan,nan,nan,nan,nan,nan,nan
3715,42.6315789474,0.3456386568,nan,0.0022475439,26.4829181896,nan,nan,nan,nan,nan,nan,nan
3716,42.6315789474,0.4257435747,nan,0.0010445170,29.8108449760,nan,nan,nan,nan,nan,nan,nan
3717,42.6315789474,0.3982195243,nan,0.0013843331,28.5875938324,nan,nan,nan,nan,nan,nan,nan
3718,42.6315789474,0.3978583612,nan,0.0013892812,28.5720983844,nan,nan,nan,nan,nan,nan,nan
3719,42.6315789474,0.3216926921,nan,0.0027382830,25.6252166851,nan,nan,nan,nan,nan,nan,nan
3720,42.6315789474,0.3463526871,nan,0.0022338495,26.5094608559,nan,nan,nan,nan,nan,nan,nan
3721,42.6315789474,0.1338872589,nan,0.0078155116,21.0704258908,nan,nan,nan,nan,nan,nan,nan
3722,42.6315789474,1.0081745042,nan,0.0000000284,75.4731877024,nan,nan,nan,nan,nan,nan,nan
3723,42.6315789474,0.5424808441,nan,0.0002552325,35.9306401974,nan,nan,nan,nan,nan,nan,nan
3724,42.6315789474,0.5983348494,nan,0.0001149820,39.3937004583,nan,nan,nan,nan,nan,nan,nan
3725,42.6315789474,1.0839974100,nan,0.0000000038,84.2174468875,nan,nan,nan,nan,nan,nan,nan
3726,42.6315789474,0.8615242896,nan,0.0000009123,60.3984318764,nan,nan,nan,nan,nan,nan,nan
3727,42.6315789474,0.6205986433,nan,0.0000818297,40.8708895149,nan,nan,nan,nan,nan,nan,nan
3728,42.6315789474,0.4898437032,nan,0.0005030063,32.9842658588,nan,nan,nan,nan,nan,nan,nan
3729,42.6315789474,0.3944997226,nan,0.0014359234,28.4286873343,nan,nan,nan,nan,nan,nan,nan
3730,42.6315789474,0.3721478380,nan,0.0017758424,27.5059557382,nan,nan,nan,nan,nan,nan,nan
3731,42.6315789474,0.4632362708,nan,0.0006899532,31.6118038451,nan,nan,nan,nan,nan,nan,nan
3732,42.6315789474,0.2061336664,nan,0.0057961386,22.3686123939,nan,nan,nan,nan,nan,nan,nan
3733,42.6315789474,0.2306833836,nan,0.0050832974,22.9385448484,nan,nan,nan,nan,nan,nan,nan
3734,42.6315789474,0.3818456713,nan,0.0016219817,27.8995404386,nan,nan,nan,nan,nan,nan,nan
3735,42.6315789474,0.6314739968,nan,0.0000689836,41.6125425838,nan,nan,nan,nan,nan,nan,nan
3736,42.6315789474,0.4474586063,nan,0.0008250913,30.8349801321,nan,nan,nan,nan,nan,nan,nan
3737,42.6315789474,0.2739984219,nan,0.0038866135,24.1042864108,nan,nan,nan,nan,nan,nan,nan
3738,42.6315789474,0.8427631732,nan,0.0000013664,58.6443506250,nan,nan,nan,nan,nan,nan,nan
3739,42.6315789474,0.4026240725,nan,0.0013250353,28.7777256204,nan,nan,nan,nan,nan,nan,nan
3740,42.6315789474,0.8219129928,nan,0.0000021177,56.7413021398,nan,nan,nan,nan,nan,nan,nan
3741,42.6315789474,0.5265962241,nan,0.0003155660,35.0090982462,nan,nan,nan,nan,nan,nan,nan
3742,42.6315789474,0.1657854252,nan,0.0069598003,21.5740322112,nan,nan,nan,nan,nan,nan,nan
3743,42.6315789474,0.4295755516,nan,0.0010028169,29.9877836006,nan,nan,nan,nan,nan,nan,nan
3744,42.6315789474,0.7166430354,nan,0.0000163038,47.8771214746,nan,nan,nan,nan,nan,nan,nan
3745,42.6315789474,0.8649254450,nan,0.0000008471,60.7206568065,nan,nan,nan,nan,nan,nan,nan
3746,42.6315789474,0.4237665185,nan,0.0010665494,29.7201903156,nan,nan,nan,nan,nan,nan,nan
3747,42.6315789474,1.0129722150,nan,0.0000000251,76.0072665643,nan,nan,nan,nan,nan,nan,nan
3748,42.6315789474,0.6768878927,nan,0.0000327179,44.8521432487,nan,nan,nan,nan,nan,nan,nan
3749,42.6315789474,0.1141642397,nan,0.0082912175,20.8138169300,nan,nan,nan,nan,nan,nan,nan
3750,42.6315789474,0.2386725596,nan,0.0048549362,23.1381646888,nan,nan,nan,nan,nan,nan,nan
3751,42.6315789474,0.1696720773,nan,0.0068503071,21.6428996002,nan,nan,nan,nan,nan,nan,nan
3752,42.6315789474,0.7608580119,nan,0.0000071630,51.4490416693,nan,nan,nan,nan,nan,nan,nan
3753,42.6315789474,0.5832048108,nan,0.0001438356,38.4213347044,nan,nan,nan,nan,nan,nan,nan
3754,42.6315789474,0.4058594747,nan,0.0012826991,28.9187522670,nan,nan,nan,nan,nan,nan,nan
3755,42.6315789474,0.2517704586,nan,0.0044869509,23.4804868639,nan,nan,nan,nan,nan,nan,nan
3756,42.6315789474,0.4534403076,nan,0.0007715691,31.1262514833,nan,nan,nan,nan,nan,nan,nan
3757,42.6315789474,0.4711515232,nan,0.0006292317,32.0118943922,nan,nan,nan,nan,nan,nan,nan
3758,42.6315789474,0.4924485510,nan,0.0004872093,33.1228441651,nan,nan,nan,nan,nan,nan,nan
3759,42.6315789474,0.3464283545,nan,0.0022324015,26.5122769271,nan,nan,nan,nan,nan,nan,nan
3760,42.6315789474,0.3708003031,nan,0.0017980071,27.4520860084,nan,nan,nan,nan,nan,nan,nan
3761,42.6315789474,0.2891254961,nan,0.0034996967,24.5596959635,nan,nan,nan,nan,nan,nan,nan
3762,42.6315789474,0.3030200185,nan,0.0031622254,25.0000718332,nan,nan,nan,nan,nan,nan,nan
3763,42.6315789474,0.2732307478,nan,0.0039067512,24.0818425060,nan,nan,nan,nan,nan,nan,nan
3764,42.6315789474,0.3912176905,nan,0.0014826037,28.2897490645,nan,nan,nan,nan,nan,nan,nan
3765,42.6315789474,0.5333412750,nan,0.0002886033,35.3969873383,nan,nan,nan,nan,nan,nan,nan
3766,42.6315789474,0.3195311620,nan,0.0027855483,25.5508930028,nan,nan,nan,nan,nan,nan,nan
3767,42.6315789474,0.6414030977,nan,0.0000588684,42.3011806316,nan,nan,nan,nan,nan,nan,nan
3768,42.6315789474,0.3126548258,nan,0.0029390966,25.3178614259,nan,nan,nan,nan,nan,nan,nan
3769,42.6315789474,0.5767584165,nan,0.0001579507,38.0147831077,nan,nan,nan,nan,nan,nan,nan
3770,42.6315789474,0.2452754854,nan,0.0046683157,23.3083978581,nan,nan,nan,nan,nan,nan,nan
3771,42.6315789474,0.4380628218,nan,0.0009150706,30.3854539287,nan,nan,nan,nan,nan,nan,nan
3772,42.6315789474,0.7671555086,nan,0.0000063451,51.9755901387,nan,nan,nan,nan,nan,nan,nan
3773,42.6315789474,0.6755700927,nan,0.0000334588,44.7548950715,nan,nan,nan,nan,nan,nan,nan
3774,42.6315789474,0.8917797798,nan,0.0000004666,63.3104686102,nan,nan,nan,nan,nan,nan,nan
3775,42.6315789474,0.1248484397,nan,0.0080396257,20.9476416751,nan,nan,nan,nan,nan,nan,nan
3776,42.6315789474,0.5219067688,nan,0.0003355523,34.7423974242,nan,nan,nan,nan,nan,nan,nan
3777,42.6315789474,0.5135748323,nan,0.0003737179,34.2745607801,nan,nan,nan,nan,nan,nan,nan
3778,42.6315789474,0.3928129400,nan,0.0014597778,28.3571324081,nan,nan,nan,nan,nan,nan,nan
3779,42.6315789474,0.6742594324,nan,0.0000342108,44.6583661260,nan,nan,nan,nan,nan,nan,nan
3780,42.6315789474,0.4076503548,nan,0.0012597052,28.9973108641,nan,nan,nan,nan,nan,nan,nan
3781,42.6315789474,0.2247643191,nan,0.0052539598,22.7951325548,nan,nan,nan,nan,nan,nan,nan
3782,42.6315789474,0.3120451246,nan,0.0029529428,25.2974496598,nan,nan,nan,nan,nan,nan,nan
3783,42.6315789474,0.5410945081,nan,0.0002600701,35.8490960498,nan,nan,nan,nan,nan,nan,nan
3784,42.6315789474,0.1445662446,nan,0.0075390861,21.2268129460,nan,nan,nan,nan,nan,nan,nan
3785,42.6315789474,0.4573964414,nan,0.0007377233,31.3210651689,nan,nan,nan,nan,nan,nan,nan
3786,42.6315789474,0.1951206305,nan,0.0061175544,22.1342215707,nan,nan,nan,nan,nan,nan,nan
3787,42.6315789474,0.6171603224,nan,0.0000863147,40.6391532992,nan,nan,nan,nan,nan,nan,nan
3788,42.6315789474,0.2403801473,nan,0.0048064750,23.1817331448,nan,nan,nan,nan,nan,nan,nan
3789,42.6315789474,0.2107154680,nan,0.0056623841,22.4700067483,nan,nan,nan,nan,nan,nan,nan
3790,42.6315789474,0.4411399096,nan,0.0008847901,30.5315973142,nan,nan,nan,nan,nan,nan,nan
3791,42.6315789474,0.2694985359,nan,0.0040053044,23.9736447326,nan,nan,nan,nan,nan,nan,nan
3792,42.6315789474,0.4876184360,nan,0.0005168355,32.8664769474,nan,nan,nan,nan,nan,nan,nan
3793,42.6315789474,0.3838239746,nan,0.0015918048,27.9811019799,nan,nan,nan,nan,nan,nan,nan
3794,42.6315789474,0.2080987781,nan,0.0057387584,22.4118205824,nan,nan,nan,nan,nan,nan,nan
3795,42.6315789474,0.6041300249,nan,0.0001053685,39.7728911854,nan,nan,nan,nan,nan,nan,nan
3796,42.6315789474,0.3384308807,nan,0.0023888443,26.2181215318,nan,nan,nan,nan,nan,nan,nan
3797,42.6315789474,0.2562942070,nan,0.0043620772,23.6030665154,nan,nan,nan,nan,nan,nan,nan
3798,42.6315789474,0.2484825514,nan,0.0045784701,23.3927962015,nan,nan,nan,nan,nan,nan,nan
3799,42.6315789474,0.6258228995,nan,0.0000754134,41.2255162089,nan,nan,nan,nan,nan,nan,nan
3800,42.6315789474,0.2967696594,nan,0.0033118033,24.7993547051,nan,nan,nan,nan,nan,nan,nan
3801,42.6315789474,0.3501402828,nan,0.0021621237,26.6511946112,nan,nan,nan,nan,nan,nan,nan
3802,42.6315789474,0.3668220950,nan,0.0018645680,27.2942176425,nan,nan,nan,nan,nan,nan,nan
3803,42.6315789474,0.2002413079,nan,0.0059681984,22.2415674593,nan,nan,nan,nan,nan,nan,nan
3804,42.6315789474,0.3016760616,nan,0.0031940726,24.9565521985,nan,nan,nan,nan,nan,nan,nan
3805,42.6315789474,0.7807682514,nan,0.0000048652,53.1289624353,nan,nan,nan,nan,nan,nan,nan
3806,42.6315789474,0.8892503940,nan,0.0000004940,63.0630798138,nan,nan,nan,nan,nan,nan,nan
3807,42.6315789474,0.3398653764,nan,0.0023602791,26.2703664085,nan,nan,nan,nan,nan,nan,nan
3808,42.6315789474,0.9059164758,nan,0.0000003383,64.7063620171,nan,nan,nan,nan,nan,nan,nan
3809,42.6315789474,0.1618278086,nan,0.0070703597,21.5055849332,nan,nan,nan,nan,nan,nan,nan
3810,42.6315789474,0.0950274792,nan,0.0087002729,20.6046712702,nan,nan,nan,nan,nan,nan,nan
3811,42.6315789474,0.1359804216,nan,0.0077622711,21.1001119537,nan,nan,nan,nan,nan,nan,nan
3812,42.6315789474,0.8408995446,nan,0.0000014216,58.4722671214,nan,nan,nan,nan,nan,nan,nan
3813,42.6315789474,0.0755903848,nan,0.0090526732,20.4322315842,nan,nan,nan,nan,nan,nan,nan
3814,42.6315789474,0.6355600397,nan,0.0000646457,41.8946010714,nan,nan,nan,nan,nan,nan,nan
3815,42.6315789474,0.6004282073,nan,0.0001114232,39.5302418460,nan,nan,nan,nan,nan,nan,nan
3816,42.6315789474,0.5299001765,nan,0.0003021017,35.1984681342,nan,nan,nan,nan,nan,nan,nan
3817,42.6315789474,0.4048109929,nan,0.0012963062,28.8729239115,nan,nan,nan,nan,nan,nan,nan
3818,42.6315789474,0.6602593792,nan,0.0000432589,43.6392406973,nan,nan,nan,nan,nan,nan,nan
3819,42.6315789474,0.3195726585,nan,0.0027846364,25.5523150233,nan,nan,nan,nan,nan,nan,nan
3820,42.6315789474,0.3137186826,nan,0.0029150263,25.3535751945,nan,nan,nan,nan,nan,nan,nan
3821,42.6315789474,0.3571487267,nan,0.0020334735,26.9176148537,nan,nan,nan,nan,nan,nan,nan
3822,42.6315789474,0.2256167956,nan,0.0052293150,22.8155519985,nan,nan,nan,nan,nan,nan,nan
3823,42.6315789474,0.1602015345,nan,0.0071154949,21.4779488772,nan,nan,nan,nan,nan,nan,nan
3824,42.6315789474,0.1593404587,nan,0.0071393194,21.4634318507,nan,nan,nan,nan,nan,nan,nan
3825,42.6315789474,0.5314727744,nan,0.0002958674,35.2890291771,nan,nan,nan,nan,nan,nan,nan
3826,42.6315789474,0.5556576509,nan,0.0002129923,36.7163602412,nan,nan,nan,nan,nan,nan,nan
3827,42.6315789474,0.5173789460,nan,0.0003558602,34.4872052779,nan,nan,nan,nan,nan,nan,nan
3828,42.6315789474,0.1861274276,nan,0.0063788460,21.9525788501,nan,nan,nan,nan,nan,nan,nan
3829,42.6315789474,0.8599539856,nan,0.0000009440,60.2500998938,nan,nan,nan,nan,nan,nan,nan
3830,42.6315789474,0.0936021282,nan,0.0087283890,20.5906590717,nan,nan,nan,nan,nan,nan,nan
3831,42.6315789474,0.1730293534,nan,0.0067550694,21.7037018333,nan,nan,nan,nan,nan,nan,nan
3832,42.6315789474,1.0448420100,nan,0.0000000109,79.6208763618,nan,nan,nan,nan,nan,nan,nan
3833,42.6315789474,0.6256379791,nan,0.0000756326,41.2129117314,nan,nan,nan,nan,nan,nan,nan
3834,42.6315789474,0.1570505557,nan,0.0072024201,21.4252154854,nan,nan,nan,nan,nan,nan,nan
3835,42.6315789474,0.2839634365,nan,0.0036295478,24.4014747684,nan,nan,nan,nan,nan,nan,nan
3836,42.6315789474,0.1265401537,nan,0.0079984265,20.9699544439,nan,nan,nan,nan,nan,nan,nan
3837,42.6315789474,0.4514592267,nan,0.0007889788,31.0293468938,nan,nan,nan,nan,nan,nan,nan
3838,42.6315789474,0.1406969586,nan,0.0076405891,21.1687315601,nan,nan,nan,nan,nan,nan,nan
3839,42.6315789474,0.4070384917,nan,0.0012675260,28.9704311228,nan,nan,nan,nan,nan,nan,nan
3840,42.6315789474,0.4735984036,nan,0.0006113670,32.1369800378,nan,nan,nan,nan,nan,nan,nan
3841,42.6315789474,0.0741901272,nan,0.0090753635,20.4213597132,nan,nan,nan,nan,nan,nan,nan
3842,42.6315789474,0.4185624397,nan,0.0011262558,29.4836297561,nan,nan,nan,nan,nan,nan,nan
3843,42.6315789474,0.4074632223,nan,0.0012620932,28.9890855640,nan,nan,nan,nan,nan,nan,nan
3844,42.6315789474,0.2793798785,nan,0.0037467702,24.2634293765,nan,nan,nan,nan,nan,nan,nan
3845,42.6315789474,0.2941423333,nan,0.0033757779,24.7162613648,nan,nan,nan,nan,nan,nan,nan
3846,42.6315789474,0.5801633746,nan,0.0001503507,38.2289457694,nan,nan,nan,nan,nan,nan,nan
3847,42.6315789474,0.7790707123,nan,0.0000050304,52.9840013834,nan,nan,nan,nan,nan,nan,nan
3848,42.6315789474,1.3327803751,nan,0.0000000000,117.4725379304,nan,nan,nan,nan,nan,nan,nan
3849,42.6315789474,0.2955826409,nan,0.0033406273,24.7617197331,nan,nan,nan,nan,nan,nan,nan
3850,42.6315789474,0.2454100267,nan,0.0046645355,23.3119159504,nan,nan,nan,nan,nan,nan,nan
3851,42.6315789474,0.4901302761,nan,0.0005012479,32.9994747636,nan,nan,nan,nan,nan,nan,nan
3852,42.6315789474,0.0106409488,nan,0.0096717918,20.1449306125,nan,nan,nan,nan,nan,nan,nan
3853,42.6315789474,0.4828995736,nan,0.0005472035,32.6185115351,nan,nan,nan,nan,nan,nan,nan
3854,42.6315789474,0.6458170559,nan,0.0000548171,42.6108433865,nan,nan,nan,nan,nan,nan,nan
3855,42.6315789474,0.3110887751,nan,0.0029747366,25.2655148219,nan,nan,nan,nan,nan,nan,nan
3856,42.6315789474,0.4819366030,nan,0.0005535779,32.5682127704,nan,nan,nan,nan,nan,nan,nan
3857,42.6315789474,0.8129714090,nan,0.0000025468,55.9401244989,nan,nan,nan,nan,nan,nan,nan
3858,42.6315789474,0.6884124870,nan,0.0000268480,45.7108755474,nan,nan,nan,nan,nan,nan,nan
3859,42.6315789474,0.4372638399,nan,0.0009230648,30.3476782228,nan,nan,nan,nan,nan,nan,nan
3860,42.6315789474,0.1636938726,nan,0.0070183532,21.5376478091,nan,nan,nan,nan,nan,nan,nan
3861,42.6315789474,0.8744017228,nan,0.0000006878,61.6252910528,nan,nan,nan,nan,nan,nan,nan
3862,42.6315789474,0.2383338959,nan,0.0048645631,23.1295615812,nan,nan,nan,nan,nan,nan,nan
3863,42.6315789474,0.9424586423,nan,0.0000001439,68.4187582355,nan,nan,nan,nan,nan,nan,nan
3864,42.6315789474,0.3045927758,nan,0.0031251784,25.0512518066,nan,nan,nan,nan,nan,nan,nan
3865,42.6315789474,0.3663389951,nan,0.0018727658,27.2751652961,nan,nan,nan,nan,nan,nan,nan
3866,42.6315789474,0.4313548219,nan,0.0009838997,30.0704916265,nan,nan,nan,nan,nan,nan,nan
3867,42.6315789474,0.1807367441,nan,0.0065344631,21.8479008683,nan,nan,nan,nan,nan,nan,nan
3868,42.6315789474,0.2292023866,nan,0.0051258936,22.9023041310,nan,nan,nan,nan,nan,nan,nan
3869,42.6315789474,0.5347955293,nan,0.0002830558,35.4812795032,nan,nan,nan,nan,nan,nan,nan
3870,42.6315789474,0.2236974126,nan,0.0052848318,22.7696882940,nan,nan,nan,nan,nan,nan,nan
3871,42.6315789474,0.3001330720,nan,0.0032308503,24.9068316289,nan,nan,nan,nan,nan,nan,nan
3872,42.6315789474,0.1842489865,nan,0.0064331765,21.9157453321,nan,nan,nan,nan,nan,nan,nan
3873,42.6315789474,0.6716144370,nan,0.0000357755,44.4641487452,nan,nan,nan,nan,nan,nan,nan
3874,42.6315789474,0.4385797011,nan,0.0009099280,30.4099294762,nan,nan,nan,nan,nan,nan,nan
3875,42.6315789474,0.2535556236,nan,0.0044375243,23.5285925282,nan,nan,nan,nan,nan,nan,nan
3876,42.6315789474,0.1935732623,nan,0.0061626237,22.1023434930,nan,nan,nan,nan,nan,nan,nan
3877,42.6315789474,0.7390770550,nan,0.0000108091,49.6621209839,nan,nan,nan,nan,nan,nan,nan
3878,42.6315789474,0.6760479519,nan,0.0000331884,44.7901366915,nan,nan,nan,nan,nan,nan,nan
3879,42.6315789474,0.4375059595,nan,0.0009206365,30.3591181348,nan,nan,nan,nan,nan,nan,nan
3880,42.6315789474,0.2713480139,nan,0.0039563333,24.0270712397,nan,nan,nan,nan,nan,nan,nan
3881,42.6315789474,0.8402732810,nan,0.0000014406,58.4145267845,nan,nan,nan,nan,nan,nan,nan
3882,42.6315789474,0.1691474310,nan,0.0068651368,21.6335080738,nan,nan,nan,nan,nan,nan,nan
3883,42.6315789474,0.1841501672,nan,0.0064360318,21.9138182132,nan,nan,nan,nan,nan,nan,nan
3884,42.6315789474,0.2326826844,nan,0.0050259161,22.9878476202,nan,nan,nan,nan,nan,nan,nan
3885,42.6315789474,0.2317221610,nan,0.0050534657,22.9641067682,nan,nan,nan,nan,nan,nan,nan
3886,42.6315789474,0.3521469521,nan,0.0021247486,26.7269244988,nan,nan,nan,nan,nan,nan,nan
3887,42.6315789474,0.4705157477,nan,0.0006339424,31.9795017746,nan,nan,nan,nan,nan,nan,nan
3888,42.6315789474,0.0261046380,nan,0.0096084707,20.1734572933,nan,nan,nan,nan,nan,nan,nan
3889,42.6315789474,0.5246934754,nan,0.0003235497,34.9005899482,nan,nan,nan,nan,nan,nan,nan
3890,42.6315789474,0.2809299624,nan,0.0037069294,24.3098568200,nan,nan,nan,nan,nan,nan,nan
3891,42.6315789474,0.3309141841,nan,0.0025421099,25.9480568011,nan,nan,nan,nan,nan,nan,nan
3892,42.6315789474,0.9795570771,nan,0.0000000583,72.3413917730,nan,nan,nan,nan,nan,nan,nan
3893,42.6315789474,0.2847276550,nan,0.0036101773,24.4247147364,nan,nan,nan,nan,nan,nan,nan
3894,42.6315789474,0.3740848930,nan,0.0017443182,27.5837427619,nan,nan,nan,nan,nan,nan,nan
3895,42.6315789474,0.7874710718,nan,0.0000042614,53.7045031808,nan,nan,nan,nan,nan,nan,nan
3896,42.6315789474,0.8024544099,nan,0.0000031555,55.0092630694,nan,nan,nan,nan,nan,nan,nan
3897,42.6315789474,0.1303494898,nan,0.0079043782,21.0213228620,nan,nan,nan,nan,nan,nan,nan
3898,42.6315789474,0.1451630843,nan,0.0075233011,21.2359155879,nan,nan,nan,nan,nan,nan,nan
3899,42.6315789474,0.6086170697,nan,0.0000984225,40.0690573921,nan,nan,nan,nan,nan,nan,nan
3900,42.6315789474,0.1005121688,nan,0.0085889251,20.6606118307,nan,nan,nan,nan,nan,nan,nan
3901,42.6315789474,1.2337610586,nan,0.0000000000,103.3971084878,nan,nan,nan,nan,nan,nan,nan
3902,42.6315789474,0.5257700135,nan,0.0003190118,34.9619324546,nan,nan,nan,nan,nan,nan,nan
3903,42.6315789474,0.3380365486,nan,0.0023967352,26.2037994352,nan,nan,nan,nan,nan,nan,nan
3904,42.6315789474,0.0601835917,nan,0.0092810289,20.3240387685,nan,nan,nan,nan,nan,nan,nan
3905,42.6315789474,0.5554339657,nan,0.0002136554,36.7028611030,nan,nan,nan,nan,nan,nan,nan
3906,42.6315789474,0.4193813971,nan,0.0011166939,29.5206585967,nan,nan,nan,nan,nan,nan,nan
3907,42.6315789474,0.8948088838,nan,0.0000004357,63.6076789811,nan,nan,nan,nan,nan,nan,nan
3908,42.6315789474,0.4709128137,nan,0.0006309970,31.9997269497,nan,nan,nan,nan,nan,nan,nan
3909,42.6315789474,0.7718352933,nan,0.0000057946,52.3697546469,nan,nan,nan,nan,nan,nan,nan
3910,42.6315789474,0.4466658735,nan,0.0008324006,30.7966760235,nan,nan,nan,nan,nan,nan,nan
3911,42.6315789474,0.2973242266,nan,0.0032983821,24.8169904156,nan,nan,nan,nan,nan,nan,nan
3912,42.6315789474,0.7608209693,nan,0.0000071681,51.4459575927,nan,nan,nan,nan,nan,nan,nan
3913,42.6315789474,1.0073881012,nan,0.0000000289,75.3858931948,nan,nan,nan,nan,nan,nan,nan
3914,42.6315789474,0.6982068692,nan,0.0000226342,46.4523479582,nan,nan,nan,nan,nan,nan,nan
3915,42.6315789474,0.0257998019,nan,0.0096102412,20.1726571129,nan,nan,nan,nan,nan,nan,nan
3916,42.6315789474,1.0338556579,nan,0.0000000146,78.3622336245,nan,nan,nan,nan,nan,nan,nan
3917,42.6315789474,0.2116716097,nan,0.0056344903,22.4914536637,nan,nan,nan,nan,nan,nan,nan
3918,42.6315789474,0.3188284400,nan,0.0028010183,25.5268405216,nan,nan,nan,nan,nan,nan,nan
3919,42.6315789474,0.5567858963,nan,0.0002096750,36.7845333054,nan,nan,nan,nan,nan,nan,nan
3920,42.6315789474,0.6092130069,nan,0.0000975313,40.1085607815,nan,nan,nan,nan,nan,nan,nan
3921,42.6315789474,0.5555699721,nan,0.0002132520,36.7110682619,nan,nan,nan,nan,nan,nan,nan
3922,42.6315789474,0.3387291917,nan,0.0023828859,26.2289675081,nan,nan,nan,nan,nan,nan,nan
3923,42.6315789474,0.2922701846,nan,0.0034217533,24.6575130181,nan,nan,nan,nan,nan,nan,nan
3924,42.6315789474,0.4125717687,nan,0.0011981147,29.2150161525,nan,nan,nan,nan,nan,nan,nan
3925,42.6315789474,0.2139898905,nan,0.0055668987,22.5438668476,nan,nan,nan,nan,nan,nan,nan
3926,42.6315789474,0.9296082616,nan,0.0000001952,67.0961367905,nan,nan,nan,nan,nan,nan,nan
3927,42.6315789474,0.3726402192,nan,0.0017677916,27.5256892968,nan,nan,nan,nan,nan,nan,nan
3928,42.6315789474,0.6059202508,nan,0.0001025466,39.8907856897,nan,nan,nan,nan,nan,nan,nan
3929,42.6315789474,0.6470080494,nan,0.0000537679,42.6947702644,nan,nan,nan,nan,nan,nan,nan
3930,42.6315789474,0.3168472874,nan,0.0028449051,25.4593221633,nan,nan,nan,nan,nan,nan,nan
3931,42.6315789474,0.4578952877,nan,0.0007335415,31.3457530391,nan,nan,nan,nan,nan,nan,nan
3932,42.6315789474,0.3473363085,nan,0.0022150744,26.5461168357,nan,nan,nan,nan,nan,nan,nan
3933,42.6315789474,0.3622042372,nan,0.0019439492,27.1131508975,nan,nan,nan,nan,nan,nan,nan
3934,42.6315789474,0.2157729969,nan,0.0055149579,22.5845779911,nan,nan,nan,nan,nan,nan,nan
3935,42.6315789474,0.2474575261,nan,0.0046071258,23.3656992641,nan,nan,nan,nan,nan,nan,nan
3936,42.6315789474,0.3990158904,nan,0.0013734687,28.6218121997,nan,nan,nan,nan,nan,nan,nan
3937,42.6315789474,0.4315644995,nan,0.0009816889,30.0802613755,nan,nan,nan,nan,nan,nan,nan
3938,42.6315789474,0.1298790494,nan,0.0079160866,21.0148946506,nan,nan,nan,nan,nan,nan,nan
3939,42.6315789474,0.6170586237,nan,0.0000864506,40.6323190612,nan,nan,nan,nan,nan,nan,nan
3940,42.6315789474,0.2501877523,nan,0.0045309286,23.4381277983,nan,nan,nan,nan,nan,nan,nan
3941,42.6315789474,0.6356149779,nan,0.0000645891,41.8984061289,nan,nan,nan,nan,nan,nan,nan
3942,42.6315789474,0.8221285812,nan,0.0000021083,56.7607298642,nan,nan,nan,nan,nan,nan,nan
3943,42.6315789474,0.6102201740,nan,0.0000960414,40.1754136452,nan,nan,nan,nan,nan,nan,nan
3944,42.6315789474,0.8292910263,nan,0.0000018159,57.4091371283,nan,nan,nan,nan,nan,nan,nan
3945,42.6315789474,0.6905575294,nan,0.0000258681,45.8723468475,nan,nan,nan,nan,nan,nan,nan
3946,42.6315789474,0.1644520729,nan,0.0069971587,21.5507827528,nan,nan,nan,nan,nan,nan,nan
3947,42.6315789474,0.6895866269,nan,0.0000263075,45.7991970178,nan,nan,nan,nan,nan,nan,nan
3948,42.6315789474,0.6261147342,nan,0.0000750686,41.2454158984,nan,nan,nan,nan,nan,nan,nan
3949,42.6315789474,1.1660512168,nan,0.0000000004,94.4116212330,nan,nan,nan,nan,nan,nan,nan
3950,42.6315789474,0.6327510752,nan,0.0000676005,41.7004989823,nan,nan,nan,nan,nan,nan,nan
3951,42.6315789474,0.5440030689,nan,0.0002500102,36.0204232634,nan,nan,nan,nan,nan,nan,nan
3952,42.6315789474,0.2516169178,nan,0.0044912108,23.4763655728,nan,nan,nan,nan,nan,nan,nan
3953,42.6315789474,0.8688093161,nan,0.0000007780,61.0902030468,nan,nan,nan,nan,nan,nan,nan
3954,42.6315789474,0.4655074699,nan,0.0006720636,31.7258960710,nan,nan,nan,nan,nan,nan,nan
3955,42.6315789474,0.8343395752,nan,0.0000016332,57.8696344746,nan,nan,nan,nan,nan,nan,nan
3956,42.6315789474,0.1487182294,nan,0.0074285973,21.2909318148,nan,nan,nan,nan,nan,nan,nan
3957,42.6315789474,1.1670597722,nan,0.0000000004,94.5416564882,nan,nan,nan,nan,nan,nan,nan
3958,42.6315789474,0.0832057907,nan,0.0089227678,20.4950040823,nan,nan,nan,nan,nan,nan,nan
3959,42.6315789474,0.0638016121,nan,0.0092316859,20.3471898138,nan,nan,nan,nan,nan,nan,nan
3960,42.6315789474,0.1897786660,nan,0.0062729693,22.0252683929,nan,nan,nan,nan,nan,nan,nan
3961,42.6315789474,0.2663359603,nan,0.0040896368,23.8831525728,nan,nan,nan,nan,nan,nan,nan
3962,42.6315789474,0.6212903963,nan,0.0000809530,40.9176715365,nan,nan,nan,nan,nan,nan,nan
3963,42.6315789474,0.4767492120,nan,0.0005889755,32.2990274594,nan,nan,nan,nan,nan,nan,nan
3964,42.6315789474,0.6254333920,nan,0.0000758757,41.1989711816,nan,nan,nan,nan,nan,nan,nan
3965,42.6315789474,0.2575651392,nan,0.0043272234,23.6379068417,nan,nan,nan,nan,nan,nan,nan
3966,42.6315789474,1.0276876584,nan,0.0000000171,77.6615684498,nan,nan,nan,nan,nan,nan,nan
3967,42.6315789474,0.7993713475,nan,0.0000033584,54.7387313783,nan,nan,nan,nan,nan,nan,nan
3968,42.6315789474,0.3597307280,nan,0.0019874080,27.0171295998,nan,nan,nan,nan,nan,nan,nan
3969,42.6315789474,0.5548359108,nan,0.0002154370,36.6667965070,nan,nan,nan,nan,nan,nan,nan
3970,42.6315789474,0.8467503111,nan,0.0000012549,59.0138237026,nan,nan,nan,nan,nan,nan,nan
3971,42.6315789474,0.8502802734,nan,0.0000011635,59.3424214158,nan,nan,nan,nan,nan,nan,nan
3972,42.6315789474,0.3289952510,nan,0.0025821968,25.8801065433,nan,nan,nan,nan,nan,nan,nan
3973,42.6315789474,0.6051589335,nan,0.0001037384,39.8406058620,nan,nan,nan,nan,nan,nan,nan
3974,42.6315789474,0.6034471183,nan,0.0001064630,39.7280127400,nan,nan,nan,nan,nan,nan,nan
3975,42.6315789474,0.2523160699,nan,0.0044718242,23.4951527974,nan,nan,nan,nan,nan,nan,nan
3976,42.6315789474,0.6811142005,nan,0.0000304415,45.1653356146,nan,nan,nan,nan,nan,nan,nan
3977,42.6315789474,0.5949903086,nan,0.0001208770,39.1765619876,nan,nan,nan,nan,nan,nan,nan
3978,42.6315789474,0.4856493877,nan,0.0005293333,32.7627079708,nan,nan,nan,nan,nan,nan,nan
3979,42.6315789474,0.6904885932,nan,0.0000258991,45.8671495796,nan,nan,nan,nan,nan,nan,nan
3980,42.6315789474,0.4586322051,nan,0.0007273989,31.3822734159,nan,nan,nan,nan,nan,nan,nan
3981,42.6315789474,0.2045525349,nan,0.0058423133,22.3341515579,nan,nan,nan,nan,nan,nan,nan
3982,42.6315789474,0.1527890804,nan,0.0073187987,21.3556019623,nan,nan,nan,nan,nan,nan,nan
3983,42.6315789474,0.3893817630,nan,0.0015091949,28.2125467566,nan,nan,nan,nan,nan,nan,nan
3984,42.6315789474,0.7775078916,nan,0.0000051870,52.8508300300,nan,nan,nan,nan,nan,nan,nan
3985,42.6315789474,0.1302794061,nan,0.0079061241,21.0203637139,nan,nan,nan,nan,nan,nan,nan
3986,42.6315789474,0.3179478688,nan,0.0028204752,25.4967771857,nan,nan,nan,nan,nan,nan,nan
3987,42.6315789474,0.7916591030,nan,0.0000039204,54.0666661182,nan,nan,nan,nan,nan,nan,nan
3988,42.6315789474,0.4359016120,nan,0.0009368207,30.2834350704,nan,nan,nan,nan,nan,nan,nan
3989,42.6315789474,0.7426026200,nan,0.0000101210,49.9477581029,nan,nan,nan,nan,nan,nan,nan
3990,42.6315789474,0.9161032221,nan,0.0000002675,65.7261561951,nan,nan,nan,nan,nan,nan,nan
3991,42.6315789474,0.2184280997,nan,0.0054377109,22.6458388938,nan,nan,nan,nan,nan,nan,nan
3992,42.6315789474,0.2908457134,nan,0.0034569492,24.6130700001,nan,nan,nan,nan,nan,nan,nan
3993,42.6315789474,0.1825491781,nan,0.0064822473,21.8827440234,nan,nan,nan,nan,nan,nan,nan
3994,42.6315789474,0.6270505680,nan,0.0000739726,41.3092927803,nan,nan,nan,nan,nan,nan,nan
3995,42.6315789474,0.5246622218,nan,0.0003236823,34.8988110031,nan,nan,nan,nan,nan,nan,nan
3996,42.6315789474,0.3935540106,nan,0.0014492621,28.3885306906,nan,nan,nan,nan,nan,nan,nan
3997,42.6315789474,0.9539490288,nan,0.0000001092,69.6171401563,nan,nan,nan,nan,nan,nan,nan
3998,42.6315789474,0.6940044282,nan,0.0000243619,46.1328941127,nan,nan,nan,nan,nan,nan,nan
3999,42.6315789474,0.4785932666,nan,0.0005761853,32.3943780806,nan,nan,nan,nan,nan,nan,nan
4000,42.6315789474,0.7842846922,nan,0.0000045391,53.4302754519,nan,nan,nan,nan,nan,nan,nan
4001,42.6315789474,0.2091205487,nan,0.0057089302,22.4344526988,nan,nan,nan,nan,nan,nan,nan
4002,42.6315789474,0.3418389678,nan,0.0023213387,26.3426149396,nan,nan,nan,nan,nan,nan,nan
4003,42.6315789474,0.5091418259,nan,0.0003954770,34.0287878839,nan,nan,nan,nan,nan,nan,nan
4004,42.6315789474,0.2946821289,nan,0.0033625817,24.7332715404,nan,nan,nan,nan,nan,nan,nan
4005,42.6315789474,0.4002362180,nan,0.0013569433,28.6743831310,nan,nan,nan,nan,nan,nan,nan
4006,42.6315789474,0.8055171410,nan,0.0000029655,55.2790659274,nan,nan,nan,nan,nan,nan,nan
4007,42.6315789474,0.2653683428,nan,0.0041155852,23.8556840749,nan,nan,nan,nan,nan,nan,nan
4008,42.6315789474,0.1915375029,nan,0.0062218575,22.0607994100,nan,nan,nan,nan,nan,nan,nan
4009,42.6315789474,0.1095728750,nan,0.0083944714,20.7600664609,nan,nan,nan,nan,nan,nan,nan
4010,42.6315789474,0.6378206138,nan,0.0000623527,42.0514478189,nan,nan,nan,nan,nan,nan,nan
4011,42.6315789474,0.4442062594,nan,0.0008554070,30.6782721195,nan,nan,nan,nan,nan,nan,nan
4012,42.6315789474,0.4592153778,nan,0.0007225673,31.4112170641,nan,nan,nan,nan,nan,nan,nan
4013,42.6315789474,0.5156720929,nan,0.0003637813,34.3915960223,nan,nan,nan,nan,nan,nan,nan
4014,42.6315789474,0.1983452273,nan,0.0060235320,22.2014877548,nan,nan,nan,nan,nan,nan,nan
4015,42.6315789474,0.6092367675,nan,0.0000974959,40.1101366370,nan,nan,nan,nan,nan,nan,nan
4016,42.6315789474,0.6148533539,nan,0.0000894457,40.4844065501,nan,nan,nan,nan,nan,nan,nan
4017,42.6315789474,0.1892698128,nan,0.0062877441,22.0150513840,nan,nan,nan,nan,nan,nan,nan
4018,42.6315789474,0.5765057366,nan,0.0001585279,37.9989416398,nan,nan,nan,nan,nan,nan,nan
4019,42.6315789474,0.3741203157,nan,0.0017437455,27.5851690919,nan,nan,nan,nan,nan,nan,nan
4020,42.6315789474,1.2003036975,nan,0.0000000001,98.8922750709,nan,nan,nan,nan,nan,nan,nan
4021,42.6315789474,0.7164626421,nan,0.0000163569,47.8629963315,nan,nan,nan,nan,nan,nan,nan
4022,42.6315789474,0.1232345443,nan,0.0080785949,20.9266416721,nan,nan,nan,nan,nan,nan,nan
4023,42.6315789474,0.8644687677,nan,0.0000008556,60.6773157579,nan,nan,nan,nan,nan,nan,nan
4024,42.6315789474,0.4413941900,nan,0.0008823236,30.5437209522,nan,nan,nan,nan,nan,nan,nan
4025,42.6315789474,0.8400480078,nan,0.0000014475,58.3937677783,nan,nan,nan,nan,nan,nan,nan
4026,42.6315789474,0.1622814218,nan,0.0070577385,21.5133443486,nan,nan,nan,nan,nan,nan,nan
4027,42.6315789474,0.4436520376,nan,0.0008606598,30.6516846758,nan,nan,nan,nan,nan,nan,nan
4028,42.6315789474,0.4050359543,nan,0.0012933776,28.8827465822,nan,nan,nan,nan,nan,nan,nan
4029,42.6315789474,0.2356344360,nan,0.0049414752,23.0614338205,nan,nan,nan,nan,nan,nan,nan
4030,42.6315789474,1.0749144435,nan,0.0000000049,83.1357554878,nan,nan,nan,nan,nan,nan,nan
4031,42.6315789474,0.7879752173,nan,0.0000042189,53.7479954468,nan,nan,nan,nan,nan,nan,nan
4032,42.6315789474,0.4628603687,nan,0.0006929508,31.5929757153,nan,nan,nan,nan,nan,nan,nan
4033,42.6315789474,0.2262789632,nan,0.0052101862,22.8314675429,nan,nan,nan,nan,nan,nan,nan
4034,42.6315789474,0.7265442412,nan,0.0000136208,48.6579867006,nan,nan,nan,nan,nan,nan,nan
4035,42.6315789474,0.5857371076,nan,0.0001386021,38.5823029156,nan,nan,nan,nan,nan,nan,nan
4036,42.6315789474,0.2470025079,nan,0.0046198647,23.3537074153,nan,nan,nan,nan,nan,nan,nan
4037,42.6315789474,0.8708518793,nan,0.0000007438,61.2852306306,nan,nan,nan,nan,nan,nan,nan
4038,42.6315789474,0.1037426827,nan,0.0085210583,20.6950646084,nan,nan,nan,nan,nan,nan,nan
4039,42.6315789474,0.5992361783,nan,0.0001134376,39.4524307246,nan,nan,nan,nan,nan,nan,nan
4040,42.6315789474,0.8053968003,nan,0.0000029727,55.2684449902,nan,nan,nan,nan,nan,nan,nan
4041,42.6315789474,0.6281897358,nan,0.0000726578,41.3871803019,nan,nan,nan,nan,nan,nan,nan
4042,42.6315789474,0.6219152991,nan,0.0000801682,40.9599784426,nan,nan,nan,nan,nan,nan,nan
4043,42.6315789474,0.9331910021,nan,0.0000001793,67.4630212499,nan,nan,nan,nan,nan,nan,nan
4044,42.6315789474,0.7326002928,nan,0.0000121871,49.1410059185,nan,nan,nan,nan,nan,nan,nan
4045,42.6315789474,0.6163071856,nan,0.0000874610,40.5818575157,nan,nan,nan,nan,nan,nan,nan
4046,42.6315789474,0.9215345655,nan,0.0000002358,66.2746572623,nan,nan,nan,nan,nan,nan,nan
4047,42.6315789474,0.1697084237,nan,0.0068492792,21.6435513270,nan,nan,nan,nan,nan,nan,nan
4048,42.6315789474,0.4524532530,nan,0.0007802045,31.0779154276,nan,nan,nan,nan,nan,nan,nan
4049,42.6315789474,0.3081254622,nan,0.0030428466,25.1671994802,nan,nan,nan,nan,nan,nan,nan
4050,42.6315789474,0.5854482320,nan,0.0001391905,38.5639041616,nan,nan,nan,nan,nan,nan,nan
4051,42.6315789474,0.5777297519,nan,0.0001557490,38.0757459706,nan,nan,nan,nan,nan,nan,nan
4052,42.6315789474,0.5499832091,nan,0.0002303757,36.3756333085,nan,nan,nan,nan,nan,nan,nan
4053,42.6315789474,0.7590548794,nan,0.0000074146,51.2990953760,nan,nan,nan,nan,nan,nan,nan
4054,42.6315789474,0.2689351012,nan,0.0040202745,23.9574429054,nan,nan,nan,nan,nan,nan,nan
4055,42.6315789474,0.2705424173,nan,0.0039776322,24.0037537331,nan,nan,nan,nan,nan,nan,nan
4056,42.6315789474,0.1491509183,nan,0.0074169940,21.2977207065,nan,nan,nan,nan,nan,nan,nan
4057,42.6315789474,0.3012880936,nan,0.0032032985,24.9440259488,nan,nan,nan,nan,nan,nan,nan
4058,42.6315789474,0.2457617478,nan,0.0046546579,23.3211223643,nan,nan,nan,nan,nan,nan,nan
4059,42.6315789474,0.8778620378,nan,0.0000006371,61.9581375658,nan,nan,nan,nan,nan,nan,nan
4060,42.6315789474,0.2603042809,nan,0.0042524624,23.7135951921,nan,nan,nan,nan,nan,nan,nan
4061,42.6315789474,0.2569368285,nan,0.0043444412,23.6206607899,nan,nan,nan,nan,nan,nan,nan
4062,42.6315789474,0.1443098345,nan,0.0075458573,21.2229141181,nan,nan,nan,nan,nan,nan,nan
4063,42.6315789474,0.1314449007,nan,0.0078770155,21.0363829923,nan,nan,nan,nan,nan,nan,nan
4064,42.6315789474,0.7838176139,nan,0.0000045812,53.3901731496,nan,nan,nan,nan,nan,nan,nan
4065,42.6315789474,0.3201360404,nan,0.0027722731,25.5716399321,nan,nan,nan,nan,nan,nan,nan
4066,42.6315789474,0.4711199104,nan,0.0006294652,32.0102826698,nan,nan,nan,nan,nan,nan,nan
4067,42.6315789474,0.4219735243,nan,0.0010868387,29.6383488593,nan,nan,nan,nan,nan,nan,nan
4068,42.6315789474,0.5729842854,nan,0.0001667667,37.7789077160,nan,nan,nan,nan,nan,nan,nan
4069,42.6315789474,0.4093655327,nan,0.0012379752,29.0728805468,nan,nan,nan,nan,nan,nan,nan
4070,42.6315789474,0.3465551178,nan,0.0022299771,26.5169960170,nan,nan,nan,nan,nan,nan,nan
4071,42.6315789474,0.3069268397,nan,0.0030706437,25.1277056688,nan,nan,nan,nan,nan,nan,nan
4072,42.6315789474,0.2830987241,nan,0.0036515262,24.3752558454,nan,nan,nan,nan,nan,nan,nan
4073,42.6315789474,0.4851478067,nan,0.0005325565,32.7363432833,nan,nan,nan,nan,nan,nan,nan
4074,42.6315789474,0.2606706788,nan,0.0042424998,23.7237816826,nan,nan,nan,nan,nan,nan,nan
4075,42.6315789474,0.3224544726,nan,0.0027217407,25.6515325274,nan,nan,nan,nan,nan,nan,nan
4076,42.6315789474,0.6356099782,nan,0.0000645943,41.8980598323,nan,nan,nan,nan,nan,nan,nan
4077,42.6315789474,0.2518495163,nan,0.0044847580,23.4826099080,nan,nan,nan,nan,nan,nan,nan
4078,42.6315789474,0.7199527941,nan,0.0000153570,48.1369278715,nan,nan,nan,nan,nan,nan,nan
4079,42.6315789474,0.4283455632,nan,0.0010160585,29.9308130183,nan,nan,nan,nan,nan,nan,nan
4080,42.6315789474,0.7077693476,nan,0.0000191135,47.1866071828,nan,nan,nan,nan,nan,nan,nan
4081,42.6315789474,0.4533189917,nan,0.0007726264,31.1203048328,nan,nan,nan,nan,nan,nan,nan
4082,42.6315789474,0.8679775165,nan,0.0000007923,61.0109156178,nan,nan,nan,nan,nan,nan,nan
4083,42.6315789474,0.3752399983,nan,0.0017257086,27.6303254455,nan,nan,nan,nan,nan,nan,nan
4084,42.6315789474,0.7235456396,nan,0.0000143869,48.4203425096,nan,nan,nan,nan,nan,nan,nan
4085,42.6315789474,0.3039096814,nan,0.0031412395,25.0289895426,nan,nan,nan,nan,nan,nan,nan
4086,42.6315789474,0.3403926581,nan,0.0023498346,26.2896270413,nan,nan,nan,nan,nan,nan,nan
4087,42.6315789474,0.8157803465,nan,0.0000024039,56.1908428980,nan,nan,nan,nan,nan,nan,nan
4088,42.6315789474,0.7899360682,nan,0.0000040575,53.9174274709,nan,nan,nan,nan,nan,nan,nan
4089,42.6315789474,0.2241331144,nan,0.0052722207,22.7800642200,nan,nan,nan,nan,nan,nan,nan
4090,42.6315789474,0.3607460969,nan,0.0019694889,27.0564646177,nan,nan,nan,nan,nan,nan,nan
4091,42.6315789474,0.7270834415,nan,0.0000134871,48.7008259150,nan,nan,nan,nan,nan,nan,nan
4092,42.6315789474,0.4303328706,nan,0.0009947308,30.0229442371,nan,nan,nan,nan,nan,nan,nan
4093,42.6315789474,0.6477914015,nan,0.0000530877,42.7500577433,nan,nan,nan,nan,nan,nan,nan
4094,42.6315789474,0.8515566675,nan,0.0000011320,59.4615829620,nan,nan,nan,nan,nan,nan,nan
4095,42.6315789474,0.4074282130,nan,0.0012625404,28.9875471821,nan,nan,nan,nan,nan,nan,nan
4096,42.6315789474,0.8617720497,nan,0.0000009074,60.4218607601,nan,nan,nan,nan,nan,nan,nan
4097,42.6315789474,0.9467496704,nan,0.0000001299,68.8645495148,nan,nan,nan,nan,nan,nan,nan
4098,42.6315789474,0.4000982877,nan,0.0013588037,28.6684329505,nan,nan,nan,nan,nan,nan,nan
4099,42.6315789474,0.1231127096,nan,0.0080815233,20.9250677088,nan,nan,nan,nan,nan,nan,nan
4100,42.6315789474,0.3929500756,nan,0.0014578277,28.3629381161,nan,nan,nan,nan,nan,nan,nan
4101,42.6315789474,0.5527143985,nan,0.0002218614,36.5391832850,nan,nan,nan,nan,nan,nan,nan
4102,42.6315789474,0.8530394421,nan,0.0000010964,59.6002414427,nan,nan,nan,nan,nan,nan,nan
4103,42.6315789474,1.2039265155,nan,0.0000000001,99.3739481441,nan,nan,nan,nan,nan,nan,nan
4104,42.6315789474,0.7137327469,nan,0.0000171803,47.6496844348,nan,nan,nan,nan,nan,nan,nan
4105,42.6315789474,0.8590238671,nan,0.0000009633,60.1623708461,nan,nan,nan,nan,nan,nan,nan
4106,42.6315789474,0.1770901767,nan,0.0066391500,21.7788751592,nan,nan,nan,nan,nan,nan,nan
4107,42.6315789474,0.6466131650,nan,0.0000541137,42.6669260302,nan,nan,nan,nan,nan,nan,nan
4108,42.6315789474,0.4241622457,nan,0.0010621109,29.7383011725,nan,nan,nan,nan,nan,nan,nan
4109,42.6315789474,0.7819416529,nan,0.0000047541,53.2293535725,nan,nan,nan,nan,nan,nan,nan
4110,42.6315789474,0.5826213146,nan,0.0001450659,38.3843452985,nan,nan,nan,nan,nan,nan,nan
4111,42.6315789474,0.3685602444,nan,0.0018352791,27.3629787688,nan,nan,nan,nan,nan,nan,nan
4112,42.6315789474,0.4878587626,nan,0.0005153269,32.8791715933,nan,nan,nan,nan,nan,nan,nan
4113,42.6315789474,0.3798569811,nan,0.0016527283,27.8179853361,nan,nan,nan,nan,nan,nan,nan
4114,42.6315789474,0.3477544071,nan,0.0022071253,26.5617300664,nan,nan,nan,nan,nan,nan,nan
4115,42.6315789474,0.6618104471,nan,0.0000421592,43.7510720141,nan,nan,nan,nan,nan,nan,nan
4116,42.6315789474,0.2221678225,nan,0.0053291436,22.7334257713,nan,nan,nan,nan,nan,nan,nan
4117,42.6315789474,0.6439577421,nan,0.0000564919,42.4801376800,nan,nan,nan,nan,nan,nan,nan
4118,42.6315789474,0.6637436304,nan,0.0000408241,43.8908295834,nan,nan,nan,nan,nan,nan,nan
4119,42.6315789474,0.3844059079,nan,0.0015830054,28.0051760382,nan,nan,nan,nan,nan,nan,nan
4120,42.6315789474,0.3829726323,nan,0.0016047412,27.9459499520,nan,nan,nan,nan,nan,nan,nan
4121,42.6315789474,0.7379228444,nan,0.0000110436,49.5689104322,nan,nan,nan,nan,nan,nan,nan
4122,42.6315789474,0.4220280711,nan,0.0010862172,29.6408334147,nan,nan,nan,nan,nan,nan,nan
4123,42.6315789474,0.2164107004,nan,0.0054963937,22.5992217025,nan,nan,nan,nan,nan,nan,nan
4124,42.6315789474,0.5420011682,nan,0.0002568975,35.9024015523,nan,nan,nan,nan,nan,nan,nan
4125,42.6315789474,0.6010714107,nan,0.0001103496,39.5722934461,nan,nan,nan,nan,nan,nan,nan
4126,42.6315789474,0.7742221385,nan,0.0000055313,52.5717362731,nan,nan,nan,nan,nan,nan,nan
4127,42.6315789474,0.1118055265,nan,0.0083446441,20.7859218344,nan,nan,nan,nan,nan,nan,nan
4128,42.6315789474,0.7181369593,nan,0.0000158700,47.9942384602,nan,nan,nan,nan,nan,nan,nan
4129,42.6315789474,0.4275414337,nan,0.0010247885,29.8936577265,nan,nan,nan,nan,nan,nan,nan
4130,42.6315789474,0.4892127142,nan,0.0005068961,32.9508103012,nan,nan,nan,nan,nan,nan,nan
4131,42.6315789474,0.1753151843,nan,0.0066899100,21.7457972534,nan,nan,nan,nan,nan,nan,nan
4132,42.6315789474,0.4087827386,nan,0.0012453268,29.0471665777,nan,nan,nan,nan,nan,nan,nan
4133,42.6315789474,0.7064939798,nan,0.0000195520,47.0880868017,nan,nan,nan,nan,nan,nan,nan
4134,42.6315789474,0.8476433270,nan,0.0000012312,59.0968207300,nan,nan,nan,nan,nan,nan,nan
4135,42.6315789474,0.8126095104,nan,0.0000025657,55.9078867276,nan,nan,nan,nan,nan,nan,nan
4136,42.6315789474,0.5316857318,nan,0.0002950317,35.3013138466,nan,nan,nan,nan,nan,nan,nan
4137,42.6315789474,0.5906043633,nan,0.0001290120,38.8936996161,nan,nan,nan,nan,nan,nan,nan
4138,42.6315789474,0.1715396789,nan,0.0067973988,21.6765725038,nan,nan,nan,nan,nan,nan,nan
4139,42.6315789474,0.6078632744,nan,0.0000995601,40.0191465977,nan,nan,nan,nan,nan,nan,nan
4140,42.6315789474,0.4226000539,nan,0.0010797155,29.6669065229,nan,nan,nan,nan,nan,nan,nan
4141,42.6315789474,0.2398169523,nan,0.0048224437,23.1673283089,nan,nan,nan,nan,nan,nan,nan
4142,42.6315789474,0.0520519509,nan,0.0093820011,20.2770451986,nan,nan,nan,nan,nan,nan,nan
4143,42.6315789474,0.1183094183,nan,0.0081954275,20.8642838581,nan,nan,nan,nan,nan,nan,nan
4144,42.6315789474,0.2795176307,nan,0.0037432216,24.2675446309,nan,nan,nan,nan,nan,nan,nan
4145,42.6315789474,0.6175537230,nan,0.0000857906,40.6656009974,nan,nan,nan,nan,nan,nan,nan
4146,42.6315789474,0.4646485118,nan,0.0006787847,31.6826797194,nan,nan,nan,nan,nan,nan,nan
4147,42.6315789474,0.1605903018,nan,0.0071047215,21.4845294083,nan,nan,nan,nan,nan,nan,nan
4148,42.6315789474,0.4170159937,nan,0.0011444821,29.4139097781,nan,nan,nan,nan,nan,nan,nan
4149,42.6315789474,0.4118399602,nan,0.0012071259,29.1824744184,nan,nan,nan,nan,nan,nan,nan
4150,42.6315789474,0.5240065502,nan,0.0003264739,34.8615153224,nan,nan,nan,nan,nan,nan,nan
4151,42.6315789474,0.7380686098,nan,0.0000110137,49.5806737755,nan,nan,nan,nan,nan,nan,nan
4152,42.6315789474,0.4899187155,nan,0.0005025455,32.9882460093,nan,nan,nan,nan,nan,nan,nan
4153,42.6315789474,0.4733956557,nan,0.0006128313,32.1265902766,nan,nan,nan,nan,nan,nan,nan
4154,42.6315789474,0.0729569307,nan,0.0090950331,20.4119571695,nan,nan,nan,nan,nan,nan,nan
4155,42.6315789474,0.5368419066,nan,0.0002754045,35.6002903898,nan,nan,nan,nan,nan,nan,nan
4156,42.6315789474,0.6543765536,nan,0.0000476702,43.2175318917,nan,nan,nan,nan,nan,nan,nan
4157,42.6315789474,0.4528821991,nan,0.0007764424,31.0989076690,nan,nan,nan,nan,nan,nan,nan
4158,42.6315789474,0.2085875187,nan,0.0057244900,22.4226319837,nan,nan,nan,nan,nan,nan,nan
4159,42.6315789474,0.8333027247,nan,0.0000016692,57.7748260239,nan,nan,nan,nan,nan,nan,nan
4160,42.6315789474,0.5659549027,nan,0.0001843398,37.3438095685,nan,nan,nan,nan,nan,nan,nan
4161,42.6315789474,0.5045827521,nan,0.0004189576,33.7782995261,nan,nan,nan,nan,nan,nan,nan
4162,42.6315789474,1.1955969884,nan,0.0000000001,98.2687113192,nan,nan,nan,nan,nan,nan,nan
4163,42.6315789474,0.2264882176,nan,0.0052041439,22.8365070060,nan,nan,nan,nan,nan,nan,nan
4164,42.6315789474,0.4357618108,nan,0.0009382415,30.2768536031,nan,nan,nan,nan,nan,nan,nan
4165,42.6315789474,0.5003701171,nan,0.0004416828,33.5488947179,nan,nan,nan,nan,nan,nan,nan
4166,42.6315789474,0.1195042238,nan,0.0081673799,20.8791724339,nan,nan,nan,nan,nan,nan,nan
4167,42.6315789474,0.7149104497,nan,0.0000168205,47.7416070164,nan,nan,nan,nan,nan,nan,nan
4168,42.6315789474,0.2945732454,nan,0.0033652414,24.7298378064,nan,nan,nan,nan,nan,nan,nan
4169,42.6315789474,0.4414154850,nan,0.0008821173,30.5447365847,nan,nan,nan,nan,nan,nan,nan
4170,42.6315789474,0.4038970342,nan,0.0013082555,28.8330744163,nan,nan,nan,nan,nan,nan,nan
4171,42.6315789474,0.3904989900,nan,0.0014929722,28.2594828368,nan,nan,nan,nan,nan,nan,nan
4172,42.6315789474,0.3753385981,nan,0.0017241266,27.6343085505,nan,nan,nan,nan,nan,nan,nan
4173,42.6315789474,0.3825268468,nan,0.0016115451,27.9275752778,nan,nan,nan,nan,nan,nan,nan
4174,42.6315789474,0.1524308252,nan,0.0073285171,21.3498389479,nan,nan,nan,nan,nan,nan,nan
4175,42.6315789474,0.1110606300,nan,0.0083613496,20.7772361843,nan,nan,nan,nan,nan,nan,nan
4176,42.6315789474,0.3514850329,nan,0.0021370293,26.7018953182,nan,nan,nan,nan,nan,nan,nan
4177,42.6315789474,0.8925300023,nan,0.0000004588,63.3839830400,nan,nan,nan,nan,nan,nan,nan
4178,42.6315789474,0.9145663729,nan,0.0000002772,65.5715549274,nan,nan,nan,nan,nan,nan,nan
4179,42.6315789474,0.5777111777,nan,0.0001557909,38.0745792378,nan,nan,nan,nan,nan,nan,nan
4180,42.6315789474,0.1965800102,nan,0.0060750171,22.1645249675,nan,nan,nan,nan,nan,nan,nan
4181,42.6315789474,0.3277947156,nan,0.0026074737,25.8378006900,nan,nan,nan,nan,nan,nan,nan
4182,42.6315789474,1.1358020404,nan,0.0000000009,90.5649864978,nan,nan,nan,nan,nan,nan,nan
4183,42.6315789474,0.3458804842,nan,0.0022428998,26.4919013678,nan,nan,nan,nan,nan,nan,nan
4184,42.6315789474,0.7336537479,nan,0.0000119524,49.2254464479,nan,nan,nan,nan,nan,nan,nan
4185,42.6315789474,0.9415787117,nan,0.0000001470,68.3275990228,nan,nan,nan,nan,nan,nan,nan
4186,42.6315789474,0.5967938620,nan,0.0001176657,39.2934998114,nan,nan,nan,nan,nan,nan,nan
4187,42.6315789474,0.3202508705,nan,0.0027697572,25.5755830639,nan,nan,nan,nan,nan,nan,nan
4188,42.6315789474,0.1480283254,nan,0.0074470643,21.2801489584,nan,nan,nan,nan,nan,nan,nan
4189,42.6315789474,0.8993238256,nan,0.0000003933,64.0525914464,nan,nan,nan,nan,nan,nan,nan
4190,42.6315789474,0.6297157697,nan,0.0000709293,41.4917454568,nan,nan,nan,nan,nan,nan,nan
4191,42.6315789474,1.1390402568,nan,0.0000000008,90.9718298168,nan,nan,nan,nan,nan,nan,nan
4192,42.6315789474,0.5078428047,nan,0.0004020517,33.9571811234,nan,nan,nan,nan,nan,nan,nan
4193,42.6315789474,0.5259681979,nan,0.0003181823,34.9732392804,nan,nan,nan,nan,nan,nan,nan
4194,42.6315789474,0.5672475700,nan,0.0001809919,37.4234094875,nan,nan,nan,nan,nan,nan,nan
4195,42.6315789474,0.1782858155,nan,0.0066048830,21.8013487251,nan,nan,nan,nan,nan,nan,nan
4196,42.6315789474,0.5927133771,nan,0.0001250418,39.0294487454,nan,nan,nan,nan,nan,nan,nan
4197,42.6315789474,0.5579274631,nan,0.0002063643,36.8536553206,nan,nan,nan,nan,nan,nan,nan
4198,42.6315789474,0.6888512046,nan,0.0000266449,45.7438588632,nan,nan,nan,nan,nan,nan,nan
4199,42.6315789474,0.4122523744,nan,0.0012020413,29.2008061996,nan,nan,nan,nan,nan,nan,nan
4200,42.6315789474,0.4961258121,nan,0.0004656123,33.3197554110,nan,nan,nan,nan,nan,nan,nan
4201,42.6315789474,0.4961121094,nan,0.0004656913,33.3190188711,nan,nan,nan,nan,nan,nan,nan
4202,42.6315789474,0.0496872112,nan,0.0094087391,20.2646857343,nan,nan,nan,nan,nan,nan,nan
4203,42.6315789474,0.5112415969,nan,0.0003850410,34.1449307326,nan,nan,nan,nan,nan,nan,nan
4204,42.6315789474,0.5930903023,nan,0.0001243437,39.0537621370,nan,nan,nan,nan,nan,nan,nan
4205,42.6315789474,0.8023703446,nan,0.0000031609,55.0018723995,nan,nan,nan,nan,nan,nan,nan
4206,42.6315789474,0.3514533147,nan,0.0021376189,26.7006971692,nan,nan,nan,nan,nan,nan,nan
4207,42.6315789474,0.3982809753,nan,0.0013834925,28.5902317768,nan,nan,nan,nan,nan,nan,nan
4208,42.6315789474,0.6437504199,nan,0.0000566815,42.4655872805,nan,nan,nan,nan,nan,nan,nan
4209,42.6315789474,0.1849404471,nan,0.0064131893,21.9292594113,nan,nan,nan,nan,nan,nan,nan
4210,42.6315789474,0.5935744268,nan,0.0001234521,39.0850135663,nan,nan,nan,nan,nan,nan,nan
4211,42.6315789474,0.4835029161,nan,0.0005432405,32.6500782277,nan,nan,nan,nan,nan,nan,nan
4212,42.6315789474,0.3215693111,nan,0.0027409679,25.6209604609,nan,nan,nan,nan,nan,nan,nan
4213,42.6315789474,0.2558998341,nan,0.0043729133,23.5922913389,nan,nan,nan,nan,nan,nan,nan
4214,42.6315789474,0.4900392336,nan,0.0005018059,32.9946419992,nan,nan,nan,nan,nan,nan,nan
4215,42.6315789474,0.3753514837,nan,0.0017239199,27.6348291673,nan,nan,nan,nan,nan,nan,nan
4216,42.6315789474,0.5324637426,nan,0.0002919956,35.3462370142,nan,nan,nan,nan,nan,nan,nan
4217,42.6315789474,1.1024150888,nan,0.0000000023,86.4394052924,nan,nan,nan,nan,nan,nan,nan
4218,42.6315789474,0.4408662160,nan,0.0008874510,30.5185560812,nan,nan,nan,nan,nan,nan,nan
4219,42.6315789474,0.3278519538,nan,0.0026062651,25.8398141233,nan,nan,nan,nan,nan,nan,nan
4220,42.6315789474,0.3416504685,nan,0.0023250399,26.3356959336,nan,nan,nan,nan,nan,nan,nan
4221,42.6315789474,0.2695860527,nan,0.0040029813,23.9761644335,nan,nan,nan,nan,nan,nan,nan
4222,42.6315789474,0.2476631179,nan,0.0046013737,23.3711249739,nan,nan,nan,nan,nan,nan,nan
4223,42.6315789474,0.5481538993,nan,0.0002362352,36.2665535649,nan,nan,nan,nan,nan,nan,nan
4224,42.6315789474,0.1587347583,nan,0.0071560469,21.4532682060,nan,nan,nan,nan,nan,nan,nan
4225,42.6315789474,0.3832617214,nan,0.0016003400,27.9578775211,nan,nan,nan,nan,nan,nan,nan
4226,42.6315789474,0.1094944140,nan,0.0083962091,20.7591675432,nan,nan,nan,nan,nan,nan,nan
4227,42.6315789474,0.9733890504,nan,0.0000000679,71.6784694442,nan,nan,nan,nan,nan,nan,nan
4228,42.6315789474,0.3215220128,nan,0.0027419976,25.6193292731,nan,nan,nan,nan,nan,nan,nan
4229,42.6315789474,0.3599697277,nan,0.0019831802,27.0263781513,nan,nan,nan,nan,nan,nan,nan
4230,42.6315789474,0.4602210576,nan,0.0007142959,31.4612187283,nan,nan,nan,nan,nan,nan,nan
4231,42.6315789474,0.2294783781,nan,0.0051179499,22.9090396689,nan,nan,nan,nan,nan,nan,nan
4232,42.6315789474,0.8462493836,nan,0.0000012684,58.9673066153,nan,nan,nan,nan,nan,nan,nan
4233,42.6315789474,0.4252459434,nan,0.0010500292,29.7879862463,nan,nan,nan,nan,nan,nan,nan
4234,42.6315789474,0.2540941637,nan,0.0044226512,23.5431731087,nan,nan,nan,nan,nan,nan,nan
4235,42.6315789474,0.5880803243,nan,0.0001339094,38.7318877945,nan,nan,nan,nan,nan,nan,nan
4236,42.6315789474,0.5922975562,nan,0.0001258159,39.0026447636,nan,nan,nan,nan,nan,nan,nan
4237,42.6315789474,0.3882349245,nan,0.0015259806,28.1645097826,nan,nan,nan,nan,nan,nan,nan
4238,42.6315789474,0.1616778707,nan,0.0070745285,21.5030250120,nan,nan,nan,nan,nan,nan,nan
4239,42.6315789474,0.5658815229,nan,0.0001845314,37.3392965569,nan,nan,nan,nan,nan,nan,nan
4240,42.6315789474,0.7387670776,nan,0.0000108716,49.6370735094,nan,nan,nan,nan,nan,nan,nan
4241,42.6315789474,0.3290409780,nan,0.0025812371,25.8817210520,nan,nan,nan,nan,nan,nan,nan
4242,42.6315789474,0.3598319246,nan,0.0019856172,27.0210448314,nan,nan,nan,nan,nan,nan,nan
4243,42.6315789474,0.2153394165,nan,0.0055275835,22.5746468533,nan,nan,nan,nan,nan,nan,nan
4244,42.6315789474,0.6328750331,nan,0.0000674676,41.7090460330,nan,nan,nan,nan,nan,nan,nan
4245,42.6315789474,0.3557216653,nan,0.0020592410,26.8629282043,nan,nan,nan,nan,nan,nan,nan
4246,42.6315789474,0.4088738100,nan,0.0012441758,29.0511823468,nan,nan,nan,nan,nan,nan,nan
4247,42.6315789474,0.6512566219,nan,0.0000501713,42.9954475676,nan,nan,nan,nan,nan,nan,nan
4248,42.6315789474,0.5114580858,nan,0.0003839783,34.1569330172,nan,nan,nan,nan,nan,nan,nan
4249,42.6315789474,0.5085538207,nan,0.0003984417,33.9963517140,nan,nan,nan,nan,nan,nan,nan
4250,42.6315789474,0.8857818424,nan,0.0000005339,62.7250041207,nan,nan,nan,nan,nan,nan,nan
4251,42.6315789474,0.8667270690,nan,0.0000008144,60.8918687549,nan,nan,nan,nan,nan,nan,nan
4252,42.6315789474,0.5702479104,nan,0.0001734251,37.6088808318,nan,nan,nan,nan,nan,nan,nan
4253,42.6315789474,1.2438388111,nan,0.0000000000,104.7788565832,nan,nan,nan,nan,nan,nan,nan
4254,42.6315789474,0.4921309076,nan,0.0004891133,33.1059052233,nan,nan,nan,nan,nan,nan,nan
4255,42.6315789474,0.4954922957,nan,0.0004692751,33.2857247726,nan,nan,nan,nan,nan,nan,nan
4256,42.6315789474,1.3082221804,nan,0.0000000000,113.8779783090,nan,nan,nan,nan,nan,nan,nan
4257,42.6315789474,0.4244090004,nan,0.0010593506,29.7496029057,nan,nan,nan,nan,nan,nan,nan
4258,42.6315789474,0.6566656800,nan,0.0000459075,43.3811682948,nan,nan,nan,nan,nan,nan,nan
4259,42.6315789474,0.6706474262,nan,0.0000363635,44.3933378354,nan,nan,nan,nan,nan,nan,nan
4260,42.6315789474,0.0665594257,nan,0.0091922840,20.3657656854,nan,nan,nan,nan,nan,nan,nan
4261,42.6315789474,0.2954452206,nan,0.0033439727,24.7573727265,nan,nan,nan,nan,nan,nan,nan
4262,42.6315789474,0.2619050354,nan,0.0042090038,23.7582068167,nan,nan,nan,nan,nan,nan,nan
4263,42.6315789474,0.3746509559,nan,0.0017351809,27.6065523869,nan,nan,nan,nan,nan,nan,nan
4264,42.6315789474,0.5377626160,nan,0.0002720202,35.6539876734,nan,nan,nan,nan,nan,nan,nan
4265,42.6315789474,0.7185215198,nan,0.0000157600,48.0244266853,nan,nan,nan,nan,nan,nan,nan
4266,42.6315789474,0.5996677584,nan,0.0001127046,39.4805843622,nan,nan,nan,nan,nan,nan,nan
4267,42.6315789474,0.2990916262,nan,0.0032558021,24.8734200389,nan,nan,nan,nan,nan,nan,nan
4268,42.6315789474,0.2754905218,nan,0.0038476059,24.1480941464,nan,nan,nan,nan,nan,nan,nan
4269,42.6315789474,0.5006037765,nan,0.0004403959,33.5615674070,nan,nan,nan,nan,nan,nan,nan
4270,42.6315789474,0.2339742501,nan,0.0049889263,23.0199291289,nan,nan,nan,nan,nan,nan,nan
4271,42.6315789474,0.5645032427,nan,0.0001881637,37.2546407046,nan,nan,nan,nan,nan,nan,nan
4272,42.6315789474,0.2312442028,nan,0.0050671870,22.9523307211,nan,nan,nan,nan,nan,nan,nan
4273,42.6315789474,0.4904215250,nan,0.0004994659,33.0149411583,nan,nan,nan,nan,nan,nan,nan
4274,42.6315789474,0.9810592873,nan,0.0000000562,72.5034940532,nan,nan,nan,nan,nan,nan,nan
4275,42.6315789474,0.5007484853,nan,0.0004396004,33.5694188309,nan,nan,nan,nan,nan,nan,nan
4276,42.6315789474,1.0806677050,nan,0.0000000041,83.8198306357,nan,nan,nan,nan,nan,nan,nan
4277,42.6315789474,0.3295267013,nan,0.0025710558,25.8988849419,nan,nan,nan,nan,nan,nan,nan
4278,42.6315789474,0.7448571517,nan,0.0000097025,50.1311468022,nan,nan,nan,nan,nan,nan,nan
4279,42.6315789474,0.4479321520,nan,0.0008207493,30.8578945759,nan,nan,nan,nan,nan,nan,nan
4280,42.6315789474,0.3939587288,nan,0.0014435427,28.4057036871,nan,nan,nan,nan,nan,nan,nan
4281,42.6315789474,0.2284731969,nan,0.0051468934,22.8845482519,nan,nan,nan,nan,nan,nan,nan
4282,42.6315789474,0.6340205137,nan,0.0000662505,41.7881094227,nan,nan,nan,nan,nan,nan,nan
4283,42.6315789474,0.3683918336,nan,0.0018381029,27.3563018940,nan,nan,nan,nan,nan,nan,nan
4284,42.6315789474,0.0449382297,nan,0.0094588009,20.2416391567,nan,nan,nan,nan,nan,nan,nan
4285,42.6315789474,0.7253280312,nan,0.0000139268,48.5614787906,nan,nan,nan,nan,nan,nan,nan
4286,42.6315789474,0.5205483139,nan,0.0003415392,34.6655947607,nan,nan,nan,nan,nan,nan,nan
4287,42.6315789474,0.1442539654,nan,0.0075473318,21.2220655427,nan,nan,nan,nan,nan,nan,nan
4288,42.6315789474,0.2156665208,nan,0.0055180582,22.5821372680,nan,nan,nan,nan,nan,nan,nan
4289,42.6315789474,0.2328578886,nan,0.0050208947,22.9921889054,nan,nan,nan,nan,nan,nan,nan
4290,42.6315789474,0.3518803237,nan,0.0021296897,26.7168366732,nan,nan,nan,nan,nan,nan,nan
4291,42.6315789474,0.2897147923,nan,0.0034850227,24.5779438654,nan,nan,nan,nan,nan,nan,nan
4292,42.6315789474,0.5336446649,nan,0.0002874383,35.4145531731,nan,nan,nan,nan,nan,nan,nan
4293,42.6315789474,0.9458101990,nan,0.0000001328,68.7667714398,nan,nan,nan,nan,nan,nan,nan
4294,42.6315789474,0.1606034676,nan,0.0071043565,21.4847525473,nan,nan,nan,nan,nan,nan,nan
4295,42.6315789474,0.3449902452,nan,0.0022600272,26.4588633266,nan,nan,nan,nan,nan,nan,nan
4296,42.6315789474,0.9881891960,nan,0.0000000470,73.2763432325,nan,nan,nan,nan,nan,nan,nan
4297,42.6315789474,0.5133968676,nan,0.0003745715,34.2646521264,nan,nan,nan,nan,nan,nan,nan
4298,42.6315789474,0.9720890140,nan,0.0000000702,71.5392918953,nan,nan,nan,nan,nan,nan,nan
4299,42.6315789474,0.1801065888,nan,0.0065525904,21.8358697855,nan,nan,nan,nan,nan,nan,nan
4300,42.6315789474,0.6971911584,nan,0.0000230412,46.3749565684,nan,nan,nan,nan,nan,nan,nan
4301,42.6315789474,0.0781347128,nan,0.0090104840,20.4525187916,nan,nan,nan,nan,nan,nan,nan
4302,42.6315789474,0.5216584038,nan,0.0003366402,34.7283403659,nan,nan,nan,nan,nan,nan,nan
4303,42.6315789474,0.1665376075,nan,0.0069386780,21.5872326620,nan,nan,nan,nan,nan,nan,nan
4304,42.6315789474,0.1713978248,nan,0.0068014238,21.6740016343,nan,nan,nan,nan,nan,nan,nan
4305,42.6315789474,0.5580964505,nan,0.0002058780,36.8638998424,nan,nan,nan,nan,nan,nan,nan
4306,42.6315789474,0.4455121798,nan,0.0008431300,30.7410548010,nan,nan,nan,nan,nan,nan,nan
4307,42.6315789474,0.6406377385,nan,0.0000595977,42.2477076685,nan,nan,nan,nan,nan,nan,nan
4308,42.6315789474,0.4896398368,nan,0.0005042603,32.9734518699,nan,nan,nan,nan,nan,nan,nan
4309,42.6315789474,0.4011045679,nan,0.0013452744,28.7118911332,nan,nan,nan,nan,nan,nan,nan
4310,42.6315789474,0.9238100779,nan,0.0000002236,66.5054431934,nan,nan,nan,nan,nan,nan,nan
4311,42.6315789474,0.7084828258,nan,0.0000188721,47.2418016937,nan,nan,nan,nan,nan,nan,nan
4312,42.6315789474,0.7684588658,nan,0.0000061871,52.0851216254,nan,nan,nan,nan,nan,nan,nan
4313,42.6315789474,0.1249344608,nan,0.0080375394,20.9487688307,nan,nan,nan,nan,nan,nan,nan
4314,42.6315789474,0.3781626872,nan,0.0016792498,27.7488470308,nan,nan,nan,nan,nan,nan,nan
4315,42.6315789474,0.5355391099,nan,0.0002802548,35.5244700205,nan,nan,nan,nan,nan,nan,nan
4316,42.6315789474,0.6805066025,nan,0.0000307596,45.1201865191,nan,nan,nan,nan,nan,nan,nan
4317,42.6315789474,0.8045540857,nan,0.0000030240,55.1941148613,nan,nan,nan,nan,nan,nan,nan
4318,42.6315789474,0.7628307886,nan,0.0000068968,51.6135124350,nan,nan,nan,nan,nan,nan,nan
4319,42.6315789474,0.3725297099,nan,0.0017695963,27.5212580024,nan,nan,nan,nan,nan,nan,nan
4320,42.6315789474,0.1380180132,nan,0.0077099887,21.1294626021,nan,nan,nan,nan,nan,nan,nan
4321,42.6315789474,0.6007195119,nan,0.0001109358,39.5492811610,nan,nan,nan,nan,nan,nan,nan
4322,42.6315789474,0.2176443406,nan,0.0054605004,22.6276755488,nan,nan,nan,nan,nan,nan,nan
4323,42.6315789474,0.7021484491,nan,0.0000211166,46.7537657962,nan,nan,nan,nan,nan,nan,nan
4324,42.6315789474,0.4394242740,nan,0.0009015741,30.4499857024,nan,nan,nan,nan,nan,nan,nan
4325,42.6315789474,0.8499521533,nan,0.0000011717,59.3118183379,nan,nan,nan,nan,nan,nan,nan
4326,42.6315789474,0.5641306878,nan,0.0001891562,37.2317941442,nan,nan,nan,nan,nan,nan,nan
4327,42.6315789474,0.2315414776,nan,0.0050586518,22.9596521241,nan,nan,nan,nan,nan,nan,nan
4328,42.6315789474,0.8451756537,nan,0.0000012979,58.8676929066,nan,nan,nan,nan,nan,nan,nan
4329,42.6315789474,0.8592698515,nan,0.0000009582,60.1855627184,nan,nan,nan,nan,nan,nan,nan
4330,42.6315789474,1.1118366920,nan,0.0000000017,87.5908648319,nan,nan,nan,nan,nan,nan,nan
4331,42.6315789474,0.8320382689,nan,0.0000017142,57.6593688645,nan,nan,nan,nan,nan,nan,nan
4332,42.6315789474,0.6361409939,nan,0.0000640493,41.9348553564,nan,nan,nan,nan,nan,nan,nan
4333,42.6315789474,0.2542987949,nan,0.0044170044,23.5487216465,nan,nan,nan,nan,nan,nan,nan
4334,42.6315789474,0.5554472454,nan,0.0002136160,36.7036623605,nan,nan,nan,nan,nan,nan,nan
4335,42.6315789474,0.3961174095,nan,0.0014133164,28.4976059030,nan,nan,nan,nan,nan,nan,nan
4336,42.6315789474,0.5167428279,nan,0.0003587951,34.4515353768,nan,nan,nan,nan,nan,nan,nan
4337,42.6315789474,0.1139478044,nan,0.0082961531,20.8112324452,nan,nan,nan,nan,nan,nan,nan
4338,42.6315789474,0.2493749919,nan,0.0045535682,23.4164815517,nan,nan,nan,nan,nan,nan,nan
4339,42.6315789474,0.1842456009,nan,0.0064332743,21.9156792902,nan,nan,nan,nan,nan,nan,nan
4340,42.6315789474,0.3646816724,nan,0.0019010785,27.2099995717,nan,nan,nan,nan,nan,nan,nan
4341,42.6315789474,0.3824831000,nan,0.0016122139,27.9257732707,nan,nan,nan,nan,nan,nan,nan
4342,42.6315789474,0.1559317772,nan,0.0072331090,21.4067499281,nan,nan,nan,nan,nan,nan,nan
4343,42.6315789474,0.6477728152,nan,0.0000531038,42.7487451717,nan,nan,nan,nan,nan,nan,nan
4344,42.6315789474,0.3751150403,nan,0.0017277149,27.6252790934,nan,nan,nan,nan,nan,nan,nan
4345,42.6315789474,0.6452875405,nan,0.0000552894,42.5735803354,nan,nan,nan,nan,nan,nan,nan
4346,42.6315789474,0.2879735219,nan,0.0035284712,24.5241342134,nan,nan,nan,nan,nan,nan,nan
4347,42.6315789474,0.5836159761,nan,0.0001429742,38.4474223479,nan,nan,nan,nan,nan,nan,nan
4348,42.6315789474,0.7460278523,nan,0.0000094916,50.2265986256,nan,nan,nan,nan,nan,nan,nan
4349,42.6315789474,0.2766633240,nan,0.0038170704,24.1826982644,nan,nan,nan,nan,nan,nan,nan
4350,42.6315789474,0.6325856133,nan,0.0000677783,41.6890928462,nan,nan,nan,nan,nan,nan,nan
4351,42.6315789474,0.2263101225,nan,0.0052092864,22.8322176479,nan,nan,nan,nan,nan,nan,nan
4352,42.6315789474,0.9761184259,nan,0.0000000635,71.9712865801,nan,nan,nan,nan,nan,nan,nan
4353,42.6315789474,0.2329503602,nan,0.0050182448,22.9944815535,nan,nan,nan,nan,nan,nan,nan
4354,42.6315789474,0.0422401629,nan,0.0094850601,20.2295991300,nan,nan,nan,nan,nan,nan,nan
4355,42.6315789474,0.7500635567,nan,0.0000087967,50.5568214013,nan,nan,nan,nan,nan,nan,nan
4356,42.6315789474,0.3631667147,nan,0.0019272160,27.1506961258,nan,nan,nan,nan,nan,nan,nan
4357,42.6315789474,0.2969619759,nan,0.0033071457,24.8054667169,nan,nan,nan,nan,nan,nan,nan
4358,42.6315789474,0.5623468619,nan,0.0001939717,37.1226166498,nan,nan,nan,nan,nan,nan,nan
4359,42.6315789474,0.8733859840,nan,0.0000007034,61.5278428681,nan,nan,nan,nan,nan,nan,nan
4360,42.6315789474,0.7365107781,nan,0.0000113368,49.4550789721,nan,nan,nan,nan,nan,nan,nan
4361,42.6315789474,0.2853452630,nan,0.0035945597,24.4435429617,nan,nan,nan,nan,nan,nan,nan
4362,42.6315789474,0.2174789204,nan,0.0054653118,22.6238505324,nan,nan,nan,nan,nan,nan,nan
4363,42.6315789474,0.2237973777,nan,0.0052819379,22.7720670663,nan,nan,nan,nan,nan,nan,nan
4364,42.6315789474,0.2324074833,nan,0.0050338059,22.9810353194,nan,nan,nan,nan,nan,nan,nan
4365,42.6315789474,0.5737766288,nan,0.0001648809,37.8282961226,nan,nan,nan,nan,nan,nan,nan
4366,42.6315789474,0.7456181245,nan,0.0000095649,50.1931744607,nan,nan,nan,nan,nan,nan,nan
4367,42.6315789474,0.4893639992,nan,0.0005059612,32.9588275330,nan,nan,nan,nan,nan,nan,nan
4368,42.6315789474,1.0456201376,nan,0.0000000107,79.7105382294,nan,nan,nan,nan,nan,nan,nan
4369,42.6315789474,0.2675609726,nan,0.0040568835,23.9180746862,nan,nan,nan,nan,nan,nan,nan
4370,42.6315789474,0.4662192140,nan,0.0006665354,31.7617675884,nan,nan,nan,nan,nan,nan,nan
4371,42.6315789474,0.2266227633,nan,0.0052002596,22.8397497815,nan,nan,nan,nan,nan,nan,nan
4372,42.6315789474,0.1336499546,nan,0.0078215170,21.0670900850,nan,nan,nan,nan,nan,nan,nan
4373,42.6315789474,0.2922916141,nan,0.0034212253,24.6581833092,nan,nan,nan,nan,nan,nan,nan
4374,42.6315789474,0.9029795516,nan,0.0000003619,64.4145137524,nan,nan,nan,nan,nan,nan,nan
4375,42.6315789474,0.1733068400,nan,0.0067471726,21.7087818267,nan,nan,nan,nan,nan,nan,nan
4376,42.6315789474,1.0780166988,nan,0.0000000045,83.5041560938,nan,nan,nan,nan,nan,nan,nan
4377,42.6315789474,0.4583839382,nan,0.0007294637,31.3699630150,nan,nan,nan,nan,nan,nan,nan
4378,42.6315789474,0.7030275831,nan,0.0000207911,46.8212311738,nan,nan,nan,nan,nan,nan,nan
4379,42.6315789474,1.1918671055,nan,0.0000000002,97.7763419491,nan,nan,nan,nan,nan,nan,nan
4380,42.6315789474,0.6739025032,nan,0.0000344183,44.6321118453,nan,nan,nan,nan,nan,nan,nan
4381,42.6315789474,0.0769943296,nan,0.0090295458,20.4433409635,nan,nan,nan,nan,nan,nan,nan
4382,42.6315789474,0.4453786004,nan,0.0008443793,30.7346242529,nan,nan,nan,nan,nan,nan,nan
4383,42.6315789474,0.4590951843,nan,0.0007235610,31.4052486215,nan,nan,nan,nan,nan,nan,nan
4384,42.6315789474,0.2340076832,nan,0.0049879696,23.0207619927,nan,nan,nan,nan,nan,nan,nan
4385,42.6315789474,0.2249177862,nan,0.0052495216,22.7988027268,nan,nan,nan,nan,nan,nan,nan
4386,42.6315789474,0.4996286404,nan,0.0004457876,33.5087202677,nan,nan,nan,nan,nan,nan,nan
4387,42.6315789474,0.5152541173,nan,0.0003657436,34.3682324252,nan,nan,nan,nan,nan,nan,nan
4388,42.6315789474,0.3240628318,nan,0.0026870127,25.7073027854,nan,nan,nan,nan,nan,nan,nan
4389,42.6315789474,0.1214008645,nan,0.0081224658,20.9031210805,nan,nan,nan,nan,nan,nan,nan
4390,42.6315789474,0.5360764414,nan,0.0002782455,35.5557188850,nan,nan,nan,nan,nan,nan,nan
4391,42.6315789474,0.2792303478,nan,0.0037506241,24.2589646013,nan,nan,nan,nan,nan,nan,nan
4392,42.6315789474,0.1480628735,nan,0.0074461405,21.2806877087,nan,nan,nan,nan,nan,nan,nan
4393,42.6315789474,1.0081239765,nan,0.0000000284,75.4675767897,nan,nan,nan,nan,nan,nan,nan
4394,42.6315789474,0.9733102714,nan,0.0000000681,71.6700302143,nan,nan,nan,nan,nan,nan,nan
4395,42.6315789474,1.1498401742,nan,0.0000000006,92.3372799644,nan,nan,nan,nan,nan,nan,nan
4396,42.6315789474,0.1400699576,nan,0.0076568978,21.1594715073,nan,nan,nan,nan,nan,nan,nan
4397,42.6315789474,0.5905769163,nan,0.0001290644,38.8919362228,nan,nan,nan,nan,nan,nan,nan
4398,42.6315789474,0.3051489370,nan,0.0031121355,25.0694150500,nan,nan,nan,nan,nan,nan,nan
4399,42.6315789474,0.7442406850,nan,0.0000098153,50.0809454994,nan,nan,nan,nan,nan,nan,nan
4400,42.6315789474,0.1059662266,nan,0.0084733932,20.7194264020,nan,nan,nan,nan,nan,nan,nan
4401,42.6315789474,0.0800090568,nan,0.0089786210,20.4679036077,nan,nan,nan,nan,nan,nan,nan
4402,42.6315789474,0.5886231449,nan,0.0001328426,38.7666272413,nan,nan,nan,nan,nan,nan,nan
4403,42.6315789474,0.1628831723,nan,0.0070409748,21.5236720715,nan,nan,nan,nan,nan,nan,nan
4404,42.6315789474,0.0733097924,nan,0.0090894350,20.4146311038,nan,nan,nan,nan,nan,nan,nan
4405,42.6315789474,0.5641731953,nan,0.0001890427,37.2344000936,nan,nan,nan,nan,nan,nan,nan
4406,42.6315789474,0.3451332015,nan,0.0022572711,26.4641627664,nan,nan,nan,nan,nan,nan,nan
4407,42.6315789474,0.8030876025,nan,0.0000031153,55.0649561891,nan,nan,nan,nan,nan,nan,nan
4408,42.6315789474,0.6250781788,nan,0.0000762996,41.1747780573,nan,nan,nan,nan,nan,nan,nan
4409,42.6315789474,0.4508054174,nan,0.0007947927,30.9974610978,nan,nan,nan,nan,nan,nan,nan
4410,42.6315789474,0.6742228158,nan,0.0000342320,44.6556721018,nan,nan,nan,nan,nan,nan,nan
4411,42.6315789474,0.1085245748,nan,0.0084176126,20.7481106325,nan,nan,nan,nan,nan,nan,nan
4412,42.6315789474,0.0432660199,nan,0.0094752633,20.2340871299,nan,nan,nan,nan,nan,nan,nan
4413,42.6315789474,0.7107926951,nan,0.0000181097,47.4208830160,nan,nan,nan,nan,nan,nan,nan
4414,42.6315789474,0.8270078747,nan,0.0000019047,57.2018213244,nan,nan,nan,nan,nan,nan,nan
4415,42.6315789474,0.1608334967,nan,0.0070979769,21.4886541833,nan,nan,nan,nan,nan,nan,nan
4416,42.6315789474,0.1243277627,nan,0.0080522341,20.9408360751,nan,nan,nan,nan,nan,nan,nan
4417,42.6315789474,0.5696463070,nan,0.0001749198,37.5716114047,nan,nan,nan,nan,nan,nan,nan
4418,42.6315789474,0.3967483303,nan,0.0014045709,28.5245633552,nan,nan,nan,nan,nan,nan,nan
4419,42.6315789474,0.5533736005,nan,0.0002198476,36.5787820335,nan,nan,nan,nan,nan,nan,nan
4420,42.6315789474,0.2253485698,nan,0.0052370671,22.8091186337,nan,nan,nan,nan,nan,nan,nan
4421,42.6315789474,0.7162939436,nan,0.0000164067,47.8497902019,nan,nan,nan,nan,nan,nan,nan
4422,42.6315789474,0.5495650581,nan,0.0002317039,36.3506666346,nan,nan,nan,nan,nan,nan,nan
4423,42.6315789474,0.2037269042,nan,0.0058664250,22.3162648045,nan,nan,nan,nan,nan,nan,nan
4424,42.6315789474,0.5953504342,nan,0.0001202297,39.1998826821,nan,nan,nan,nan,nan,nan,nan
4425,42.6315789474,0.3806326764,nan,0.0016406864,27.8497443390,nan,nan,nan,nan,nan,nan,nan
4426,42.6315789474,0.4225917080,nan,0.0010798102,29.6665258269,nan,nan,nan,nan,nan,nan,nan
4427,42.6315789474,0.2324884164,nan,0.0050314854,22.9830378722,nan,nan,nan,nan,nan,nan,nan
4428,42.6315789474,0.0982330526,nan,0.0086357960,20.6369762376,nan,nan,nan,nan,nan,nan,nan
4429,42.6315789474,0.3646891658,nan,0.0019009498,27.2102935297,nan,nan,nan,nan,nan,nan,nan
4430,42.6315789474,0.3897442502,nan,0.0015039174,28.2277602062,nan,nan,nan,nan,nan,nan,nan
4431,42.6315789474,0.4047376663,nan,0.0012972619,28.8697233983,nan,nan,nan,nan,nan,nan,nan
4432,42.6315789474,0.4578227698,nan,0.0007341482,31.3421624216,nan,nan,nan,nan,nan,nan,nan
4433,42.6315789474,1.1178116804,nan,0.0000000015,88.3262932687,nan,nan,nan,nan,nan,nan,nan
4434,42.6315789474,0.3347113224,nan,0.0024639353,26.0837070540,nan,nan,nan,nan,nan,nan,nan
4435,42.6315789474,0.2457207299,nan,0.0046558095,23.3200480135,nan,nan,nan,nan,nan,nan,nan
4436,42.6315789474,0.3851586403,nan,0.0015716755,28.0363712623,nan,nan,nan,nan,nan,nan,nan
4437,42.6315789474,0.3509047792,nan,0.0021478335,26.6799937957,nan,nan,nan,nan,nan,nan,nan
4438,42.6315789474,0.4230994066,nan,0.0010740640,29.6896984207,nan,nan,nan,nan,nan,nan,nan
4439,42.6315789474,0.2857567380,nan,0.0035841731,24.4561102470,nan,nan,nan,nan,nan,nan,nan
4440,42.6315789474,1.2001465957,nan,0.0000000001,98.8714211487,nan,nan,nan,nan,nan,nan,nan
4441,42.6315789474,0.2127972001,nan,0.0056016649,22.5168287688,nan,nan,nan,nan,nan,nan,nan
4442,42.6315789474,0.3861429064,nan,0.0015569490,28.0772560723,nan,nan,nan,nan,nan,nan,nan
4443,42.6315789474,0.1857597413,nan,0.0063894887,21.9453389585,nan,nan,nan,nan,nan,nan,nan
4444,42.6315789474,0.8132808466,nan,0.0000025306,55.9677007170,nan,nan,nan,nan,nan,nan,nan
4445,42.6315789474,0.1233579900,nan,0.0080756259,20.9282380718,nan,nan,nan,nan,nan,nan,nan
4446,42.6315789474,0.4961889957,nan,0.0004652483,33.3231518893,nan,nan,nan,nan,nan,nan,nan
4447,42.6315789474,0.3283330520,nan,0.0025961204,25.8567516402,nan,nan,nan,nan,nan,nan,nan
4448,42.6315789474,1.1420029297,nan,0.0000000007,91.3450926749,nan,nan,nan,nan,nan,nan,nan
4449,42.6315789474,0.5405688203,nan,0.0002619250,35.8182309723,nan,nan,nan,nan,nan,nan,nan
4450,42.6315789474,0.5319081008,nan,0.0002941612,35.3141468057,nan,nan,nan,nan,nan,nan,nan
4451,42.6315789474,0.2642460561,nan,0.0041457652,23.8239530009,nan,nan,nan,nan,nan,nan,nan
4452,42.6315789474,0.2884625386,nan,0.0035162419,24.5392125433,nan,nan,nan,nan,nan,nan,nan
4453,42.6315789474,0.6875975903,nan,0.0000272291,45.6496677055,nan,nan,nan,nan,nan,nan,nan
4454,42.6315789474,1.0324079550,nan,0.0000000151,78.1973938393,nan,nan,nan,nan,nan,nan,nan
4455,42.6315789474,0.6765158456,nan,0.0000329256,44.8246680704,nan,nan,nan,nan,nan,nan,nan
4456,42.6315789474,0.4794641661,nan,0.0005702246,32.4395406869,nan,nan,nan,nan,nan,nan,nan
4457,42.6315789474,0.3286082428,nan,0.0025903286,25.8664514166,nan,nan,nan,nan,nan,nan,nan
4458,42.6315789474,0.4742649435,nan,0.0006065731,32.1711687686,nan,nan,nan,nan,nan,nan,nan
4459,42.6315789474,1.0363240337,nan,0.0000000137,78.6438353785,nan,nan,nan,nan,nan,nan,nan
4460,42.6315789474,0.2708549446,nan,0.0039693636,24.0127912238,nan,nan,nan,nan,nan,nan,nan
4461,42.6315789474,0.7477384095,nan,0.0000091911,50.3663429125,nan,nan,nan,nan,nan,nan,nan
4462,42.6315789474,0.3822732241,nan,0.0016154253,27.9171310669,nan,nan,nan,nan,nan,nan,nan
4463,42.6315789474,0.2113015741,nan,0.0056452844,22.4831417254,nan,nan,nan,nan,nan,nan,nan
4464,42.6315789474,0.5441585565,nan,0.0002494820,36.0296086397,nan,nan,nan,nan,nan,nan,nan
4465,42.6315789474,0.3208020212,nan,0.0027577005,25.5945290725,nan,nan,nan,nan,nan,nan,nan
4466,42.6315789474,0.7794869816,nan,0.0000049894,53.0195187466,nan,nan,nan,nan,nan,nan,nan
4467,42.6315789474,0.3043880491,nan,0.0031299872,25.0445743307,nan,nan,nan,nan,nan,nan,nan
4468,42.6315789474,0.9573012876,nan,0.0000001007,69.9695620255,nan,nan,nan,nan,nan,nan,nan
4469,42.6315789474,0.4061739304,nan,0.0012786390,28.9325205373,nan,nan,nan,nan,nan,nan,nan
4470,42.6315789474,0.8091363614,nan,0.0000027547,55.5992469922,nan,nan,nan,nan,nan,nan,nan
4471,42.6315789474,0.1360184751,nan,0.0077612987,21.1006560057,nan,nan,nan,nan,nan,nan,nan
4472,42.6315789474,0.4723946569,nan,0.0006201031,32.0753610977,nan,nan,nan,nan,nan,nan,nan
4473,42.6315789474,0.2802063324,nan,0.0037255035,24.2881502527,nan,nan,nan,nan,nan,nan,nan
4474,42.6315789474,0.3955791007,nan,0.0014208099,28.4746402099,nan,nan,nan,nan,nan,nan,nan
4475,42.6315789474,0.3861820708,nan,0.0015563651,28.0788851073,nan,nan,nan,nan,nan,nan,nan
4476,42.6315789474,0.2223989439,nan,0.0053224443,22.7388887168,nan,nan,nan,nan,nan,nan,nan
4477,42.6315789474,0.6063255004,nan,0.0001019173,39.9175227652,nan,nan,nan,nan,nan,nan,nan
4478,42.6315789474,0.1111311807,nan,0.0083597708,20.7780562743,nan,nan,nan,nan,nan,nan,nan
4479,42.6315789474,0.3090353158,nan,0.0030218411,25.1972837194,nan,nan,nan,nan,nan,nan,nan
4480,42.6315789474,0.6468374621,nan,0.0000539170,42.6827396166,nan,nan,nan,nan,nan,nan,nan
4481,42.6315789474,0.1725339380,nan,0.0067691589,21.6946528950,nan,nan,nan,nan,nan,nan,nan
4482,42.6315789474,0.2288404351,nan,0.0051363152,22.8934833202,nan,nan,nan,nan,nan,nan,nan
4483,42.6315789474,0.2510183777,nan,0.0045078304,23.4603243164,nan,nan,nan,nan,nan,nan,nan
4484,42.6315789474,0.2096372114,nan,0.0056938498,22.4459399094,nan,nan,nan,nan,nan,nan,nan
4485,42.6315789474,0.1438191540,nan,0.0075587976,21.2154728490,nan,nan,nan,nan,nan,nan,nan
4486,42.6315789474,0.4319403521,nan,0.0009777355,30.0977860612,nan,nan,nan,nan,nan,nan,nan
4487,42.6315789474,0.2751420166,nan,0.0038567010,24.1378403165,nan,nan,nan,nan,nan,nan,nan
4488,42.6315789474,0.2650523708,nan,0.0041240731,23.8467364945,nan,nan,nan,nan,nan,nan,nan
4489,42.6315789474,0.5777452345,nan,0.0001557142,38.0767185391,nan,nan,nan,nan,nan,nan,nan
4490,42.6315789474,0.9956797336,nan,0.0000000390,74.0944520680,nan,nan,nan,nan,nan,nan,nan
4491,42.6315789474,0.6118624536,nan,0.0000936555,40.2846658221,nan,nan,nan,nan,nan,nan,nan
4492,42.6315789474,0.1516176182,nan,0.0073505379,21.3368088007,nan,nan,nan,nan,nan,nan,nan
4493,42.6315789474,0.5293867084,nan,0.0003041614,35.1689585661,nan,nan,nan,nan,nan,nan,nan
4494,42.6315789474,0.1515338368,nan,0.0073528035,21.3354704104,nan,nan,nan,nan,nan,nan,nan
4495,42.6315789474,0.6065088338,nan,0.0001016337,39.9296245287,nan,nan,nan,nan,nan,nan,nan
4496,42.6315789474,1.2981980380,nan,0.0000000000,112.4304115806,nan,nan,nan,nan,nan,nan,nan
4497,42.6315789474,0.6832178974,nan,0.0000293631,45.3219746107,nan,nan,nan,nan,nan,nan,nan
4498,42.6315789474,0.5850677160,nan,0.0001399690,38.5396829153,nan,nan,nan,nan,nan,nan,nan
4499,42.6315789474,0.0575487198,nan,0.0093152640,20.3080483198,nan,nan,nan,nan,nan,nan,nan
4500,42.6315789474,0.6540295681,nan,0.0000479427,43.1927789395,nan,nan,nan,nan,nan,nan,nan
4501,42.6315789474,0.2183241226,nan,0.0054407336,22.6434254169,nan,nan,nan,nan,nan,nan,nan
4502,42.6315789474,0.3549416239,nan,0.0020734183,26.8331308132,nan,nan,nan,nan,nan,nan,nan
4503,42.6315789474,0.3931397589,nan,0.0014551334,28.3709718734,nan,nan,nan,nan,nan,nan,nan
4504,42.6315789474,0.4949310514,nan,0.0004725401,33.2556135475,nan,nan,nan,nan,nan,nan,nan
4505,42.6315789474,0.1248193737,nan,0.0080403305,20.9472609953,nan,nan,nan,nan,nan,nan,nan
4506,42.6315789474,0.3588288866,nan,0.0020034164,26.9822877278,nan,nan,nan,nan,nan,nan,nan
4507,42.6315789474,0.2449875740,nan,0.0046764081,23.3008759514,nan,nan,nan,nan,nan,nan,nan
4508,42.6315789474,0.6656417388,nan,0.0000395507,44.0284573173,nan,nan,nan,nan,nan,nan,nan
4509,42.6315789474,0.1648704596,nan,0.0069854479,21.5580574128,nan,nan,nan,nan,nan,nan,nan
4510,42.6315789474,0.7416419107,nan,0.0000103044,49.8697846966,nan,nan,nan,nan,nan,nan,nan
4511,42.6315789474,0.7764078734,nan,0.0000053000,52.7572591761,nan,nan,nan,nan,nan,nan,nan
4512,42.6315789474,0.8370803552,nan,0.0000015414,58.1208292921,nan,nan,nan,nan,nan,nan,nan
4513,42.6315789474,0.2432700094,nan,0.0047247724,23.2561910803,nan,nan,nan,nan,nan,nan,nan
4514,42.6315789474,0.2604625261,nan,0.0042481585,23.7179928824,nan,nan,nan,nan,nan,nan,nan
4515,42.6315789474,0.3754019248,nan,0.0017231111,27.6368673037,nan,nan,nan,nan,nan,nan,nan
4516,42.6315789474,0.4428090139,nan,0.0008686988,30.6113077822,nan,nan,nan,nan,nan,nan,nan
4517,42.6315789474,0.8561959201,nan,0.0000010242,59.8962347862,nan,nan,nan,nan,nan,nan,nan
4518,42.6315789474,0.3319231093,nan,0.0025211893,25.9839454893,nan,nan,nan,nan,nan,nan,nan
4519,42.6315789474,0.4917934015,nan,0.0004911431,33.0879193181,nan,nan,nan,nan,nan,nan,nan
4520,42.6315789474,0.1916634724,nan,0.0062181944,22.0633570461,nan,nan,nan,nan,nan,nan,nan
4521,42.6315789474,1.1304164746,nan,0.0000000010,89.8909790231,nan,nan,nan,nan,nan,nan,nan
4522,42.6315789474,0.3657491052,nan,0.0018828095,27.2519362403,nan,nan,nan,nan,nan,nan,nan
4523,42.6315789474,0.3566449642,nan,0.0020425446,26.8982845046,nan,nan,nan,nan,nan,nan,nan
4524,42.6315789474,0.8377783196,nan,0.0000015188,58.1849329970,nan,nan,nan,nan,nan,nan,nan
4525,42.6315789474,0.9561492743,nan,0.0000001036,69.8483085665,nan,nan,nan,nan,nan,nan,nan
4526,42.6315789474,0.4346307102,nan,0.0009497988,30.2236838446,nan,nan,nan,nan,nan,nan,nan
4527,42.6315789474,0.6157099337,nan,0.0000882715,40.5417949627,nan,nan,nan,nan,nan,nan,nan
4528,42.6315789474,0.1653845903,nan,0.0069710425,21.5670227175,nan,nan,nan,nan,nan,nan,nan
4529,42.6315789474,0.0263248015,nan,0.0096071790,20.1740411942,nan,nan,nan,nan,nan,nan,nan
4530,42.6315789474,0.3697572218,nan,0.0018152964,27.4105245631,nan,nan,nan,nan,nan,nan,nan
4531,42.6315789474,0.7719544444,nan,0.0000057812,52.3798224221,nan,nan,nan,nan,nan,nan,nan
4532,42.6315789474,0.2684702116,nan,0.0040326442,23.9441009117,nan,nan,nan,nan,nan,nan,nan
4533,42.6315789474,0.9145070876,nan,0.0000002776,65.5655963632,nan,nan,nan,nan,nan,nan,nan
4534,42.6315789474,0.2285121294,nan,0.0051457718,22.8854948027,nan,nan,nan,nan,nan,nan,nan
4535,42.6315789474,0.6554798088,nan,0.0000468131,43.2963242257,nan,nan,nan,nan,nan,nan,nan
4536,42.6315789474,0.7596396910,nan,0.0000073321,51.3476877029,nan,nan,nan,nan,nan,nan,nan
4537,42.6315789474,0.6698254473,nan,0.0000368703,44.3332292121,nan,nan,nan,nan,nan,nan,nan
4538,42.6315789474,1.0524994938,nan,0.0000000089,80.5062023083,nan,nan,nan,nan,nan,nan,nan
4539,42.6315789474,0.5706736039,nan,0.0001723742,37.6352769354,nan,nan,nan,nan,nan,nan,nan
4540,42.6315789474,0.8820825261,nan,0.0000005800,62.3659259524,nan,nan,nan,nan,nan,nan,nan
4541,42.6315789474,0.2471162341,nan,0.0046166797,23.3567025149,nan,nan,nan,nan,nan,nan,nan
4542,42.6315789474,0.2734138627,nan,0.0039019435,24.0871902451,nan,nan,nan,nan,nan,nan,nan
4543,42.6315789474,0.1378637520,nan,0.0077139623,21.1272249040,nan,nan,nan,nan,nan,nan,nan
4544,42.6315789474,0.4736179277,nan,0.0006112261,32.1379807841,nan,nan,nan,nan,nan,nan,nan
4545,42.6315789474,0.6751069812,nan,0.0000337228,44.7207654185,nan,nan,nan,nan,nan,nan,nan
4546,42.6315789474,0.5614237598,nan,0.0001965053,37.0662579224,nan,nan,nan,nan,nan,nan,nan
4547,42.6315789474,0.1664115524,nan,0.0069422201,21.5850161885,nan,nan,nan,nan,nan,nan,nan
4548,42.6315789474,0.8331168401,nan,0.0000016758,57.7578416895,nan,nan,nan,nan,nan,nan,nan
4549,42.6315789474,0.3582302271,nan,0.0020140913,26.9592084488,nan,nan,nan,nan,nan,nan,nan
4550,42.6315789474,0.1896537920,nan,0.0062765956,22.0227585116,nan,nan,nan,nan,nan,nan,nan
4551,42.6315789474,0.7233863249,nan,0.0000144286,48.4077446871,nan,nan,nan,nan,nan,nan,nan
4552,42.6315789474,0.3783809671,nan,0.0016758161,27.7577365347,nan,nan,nan,nan,nan,nan,nan
4553,42.6315789474,0.2744519699,nan,0.0038747379,24.1175767282,nan,nan,nan,nan,nan,nan,nan
4554,42.6315789474,0.2824664242,nan,0.0036676377,24.3561356864,nan,nan,nan,nan,nan,nan,nan
4555,42.6315789474,1.3151547754,nan,0.0000000000,114.8857660348,nan,nan,nan,nan,nan,nan,nan
4556,42.6315789474,0.6253156679,nan,0.0000760160,41.1909515820,nan,nan,nan,nan,nan,nan,nan
4557,42.6315789474,0.7982475576,nan,0.0000034353,54.6403863875,nan,nan,nan,nan,nan,nan,nan
4558,42.6315789474,0.5630767739,nan,0.0001919885,37.1672475042,nan,nan,nan,nan,nan,nan,nan
4559,42.6315789474,0.3398532684,nan,0.0023605193,26.2699244838,nan,nan,nan,nan,nan,nan,nan
4560,42.6315789474,0.4773330784,nan,0.0005849010,32.3291767179,nan,nan,nan,nan,nan,nan,nan
4561,42.6315789474,0.6569592573,nan,0.0000456857,43.4021967433,nan,nan,nan,nan,nan,nan,nan
4562,42.6315789474,1.0144291492,nan,0.0000000242,76.1699653789,nan,nan,nan,nan,nan,nan,nan
4563,42.6315789474,0.5896290217,nan,0.0001308854,38.8310880662,nan,nan,nan,nan,nan,nan,nan
4564,42.6315789474,0.4740481922,nan,0.0006081286,32.1600455792,nan,nan,nan,nan,nan,nan,nan
4565,42.6315789474,0.2676885467,nan,0.0040534788,23.9217209425,nan,nan,nan,nan,nan,nan,nan
4566,42.6315789474,0.3882374242,nan,0.0015259439,28.1646143301,nan,nan,nan,nan,nan,nan,nan
4567,42.6315789474,0.2725386407,nan,0.0039249460,24.0616631331,nan,nan,nan,nan,nan,nan,nan
4568,42.6315789474,0.4552454985,nan,0.0007559742,31.2149305029,nan,nan,nan,nan,nan,nan,nan
4569,42.6315789474,0.2377401736,nan,0.0048814525,23.1145093592,nan,nan,nan,nan,nan,nan,nan
4570,42.6315789474,0.2889135273,nan,0.0035049824,24.5531415242,nan,nan,nan,nan,nan,nan,nan
4571,42.6315789474,0.3175640322,nan,0.0028289812,25.4836993523,nan,nan,nan,nan,nan,nan,nan
4572,42.6315789474,0.4206792943,nan,0.0011016676,29.5794942171,nan,nan,nan,nan,nan,nan,nan
4573,42.6315789474,0.5594009314,nan,0.0002021581,36.9430882056,nan,nan,nan,nan,nan,nan,nan
4574,42.6315789474,0.3057682550,nan,0.0030976470,25.0896807844,nan,nan,nan,nan,nan,nan,nan
4575,42.6315789474,0.4342473917,nan,0.0009537406,30.2056972334,nan,nan,nan,nan,nan,nan,nan
4576,42.6315789474,0.5988169091,nan,0.0001141537,39.4251000422,nan,nan,nan,nan,nan,nan,nan
4577,42.6315789474,0.5588100128,nan,0.0002038359,36.9071931190,nan,nan,nan,nan,nan,nan,nan
4578,42.6315789474,0.0363937348,nan,0.0095364716,20.2061227907,nan,nan,nan,nan,nan,nan,nan
4579,42.6315789474,0.7314534666,nan,0.0000124474,49.0492223077,nan,nan,nan,nan,nan,nan,nan
4580,42.6315789474,0.1077142621,nan,0.0084353875,20.7389496274,nan,nan,nan,nan,nan,nan,nan
4581,42.6315789474,0.3788020001,nan,0.0016692070,27.7748980372,nan,nan,nan,nan,nan,nan,nan
4582,42.6315789474,0.1912196779,nan,0.0062310982,22.0543540606,nan,nan,nan,nan,nan,nan,nan
4583,42.6315789474,0.3463861902,nan,0.0022332083,26.5107076467,nan,nan,nan,nan,nan,nan,nan
4584,42.6315789474,0.3493889592,nan,0.0021762289,26.6229542786,nan,nan,nan,nan,nan,nan,nan
4585,42.6315789474,0.4857663222,nan,0.0005285842,32.7688584262,nan,nan,nan,nan,nan,nan,nan
4586,42.6315789474,0.4625429041,nan,0.0006954907,31.5770867821,nan,nan,nan,nan,nan,nan,nan
4587,42.6315789474,0.6742281235,nan,0.0000342290,44.6560625987,nan,nan,nan,nan,nan,nan,nan
4588,42.6315789474,0.8793080588,nan,0.0000006169,62.0976283753,nan,nan,nan,nan,nan,nan,nan
4589,42.6315789474,0.8084073767,nan,0.0000027960,55.5346378722,nan,nan,nan,nan,nan,nan,nan
4590,42.6315789474,0.3983541039,nan,0.0013824927,28.5933715526,nan,nan,nan,nan,nan,nan,nan
4591,42.6315789474,0.5467768979,nan,0.0002407304,36.1846897947,nan,nan,nan,nan,nan,nan,nan
4592,42.6315789474,0.5681058188,nan,0.0001787985,37.4763614170,nan,nan,nan,nan,nan,nan,nan
4593,42.6315789474,0.4631727081,nan,0.0006904593,31.6086190283,nan,nan,nan,nan,nan,nan,nan
4594,42.6315789474,0.2692734530,nan,0.0040112819,23.9671682065,nan,nan,nan,nan,nan,nan,nan
4595,42.6315789474,0.4511476166,nan,0.0007917455,31.0141440052,nan,nan,nan,nan,nan,nan,nan
4596,42.6315789474,0.3765535938,nan,0.0017047165,27.6834782631,nan,nan,nan,nan,nan,nan,nan
4597,42.6315789474,0.1192028452,nan,0.0081744728,20.8754024908,nan,nan,nan,nan,nan,nan,nan
4598,42.6315789474,0.6843740266,nan,0.0000287855,45.4082692289,nan,nan,nan,nan,nan,nan,nan
4599,42.6315789474,0.4034434952,nan,0.0013142156,28.8133338890,nan,nan,nan,nan,nan,nan,nan
4600,42.6315789474,0.5866762945,nan,0.0001367041,38.6421847879,nan,nan,nan,nan,nan,nan,nan
4601,42.6315789474,0.9512557053,nan,0.0000001165,69.3349084178,nan,nan,nan,nan,nan,nan,nan
4602,42.6315789474,0.0282856188,nan,0.0095951926,20.1794630264,nan,nan,nan,nan,nan,nan,nan
4603,42.6315789474,0.3054130136,nan,0.0031059530,25.0780511988,nan,nan,nan,nan,nan,nan,nan
4604,42.6315789474,0.6341176778,nan,0.0000661482,41.7948226178,nan,nan,nan,nan,nan,nan,nan
4605,42.6315789474,0.4969625965,nan,0.0004608108,33.3647732163,nan,nan,nan,nan,nan,nan,nan
4606,42.6315789474,0.2890109558,nan,0.0035025524,24.5561535690,nan,nan,nan,nan,nan,nan,nan
4607,42.6315789474,0.7790705509,nan,0.0000050304,52.9839876205,nan,nan,nan,nan,nan,nan,nan
4608,42.6315789474,0.2390820782,nan,0.0048433021,23.1485844312,nan,nan,nan,nan,nan,nan,nan
4609,42.6315789474,0.4873821731,nan,0.0005183220,32.8540031883,nan,nan,nan,nan,nan,nan,nan
4610,42.6315789474,0.7798318508,nan,0.0000049557,53.0489587466,nan,nan,nan,nan,nan,nan,nan
4611,42.6315789474,0.2973209338,nan,0.0032984617,24.8168856024,nan,nan,nan,nan,nan,nan,nan
4612,42.6315789474,0.6392490346,nan,0.0000609418,42.1508506039,nan,nan,nan,nan,nan,nan,nan
4613,42.6315789474,0.2150113917,nan,0.0055371373,22.5671470423,nan,nan,nan,nan,nan,nan,nan
4614,42.6315789474,0.2692314358,nan,0.0040123981,23.9659598183,nan,nan,nan,nan,nan,nan,nan
4615,42.6315789474,0.3347107226,nan,0.0024639475,26.0836854999,nan,nan,nan,nan,nan,nan,nan
4616,42.6315789474,0.3435580525,nan,0.0022877600,26.4058954366,nan,nan,nan,nan,nan,nan,nan
4617,42.6315789474,0.3263053644,nan,0.0026390419,25.7855371602,nan,nan,nan,nan,nan,nan,nan
4618,42.6315789474,0.2114676306,nan,0.0056404403,22.4868699352,nan,nan,nan,nan,nan,nan,nan
4619,42.6315789474,0.2219953257,nan,0.0053341444,22.7293523039,nan,nan,nan,nan,nan,nan,nan
4620,42.6315789474,0.7061585106,nan,0.0000196689,47.0622024806,nan,nan,nan,nan,nan,nan,nan
4621,42.6315789474,0.2007205308,nan,0.0059542092,22.2517591386,nan,nan,nan,nan,nan,nan,nan
4622,42.6315789474,0.4745057091,nan,0.0006048490,32.1835304215,nan,nan,nan,nan,nan,nan,nan
4623,42.6315789474,0.8153975798,nan,0.0000024229,56.1566260721,nan,nan,nan,nan,nan,nan,nan
4624,42.6315789474,0.5840352382,nan,0.0001421005,38.4740430886,nan,nan,nan,nan,nan,nan,nan
4625,42.6315789474,0.2999529405,nan,0.0032351587,24.9010441627,nan,nan,nan,nan,nan,nan,nan
4626,42.6315789474,0.2776489062,nan,0.0037914954,24.2118946929,nan,nan,nan,nan,nan,nan,nan
4627,42.6315789474,0.2326952584,nan,0.0050255557,22.9881590714,nan,nan,nan,nan,nan,nan,nan
4628,42.6315789474,0.4571489606,nan,0.0007398050,31.3088275841,nan,nan,nan,nan,nan,nan,nan
4629,42.6315789474,0.6033736818,nan,0.0001065813,39.7231898175,nan,nan,nan,nan,nan,nan,nan
4630,42.6315789474,0.5059283142,nan,0.0004119089,33.8519886841,nan,nan,nan,nan,nan,nan,nan
4631,42.6315789474,0.8618189550,nan,0.0000009065,60.4262970342,nan,nan,nan,nan,nan,nan,nan
4632,42.6315789474,0.3795281451,nan,0.0016578522,27.8045419321,nan,nan,nan,nan,nan,nan,nan
4633,42.6315789474,0.6812361105,nan,0.0000303781,45.1743994068,nan,nan,nan,nan,nan,nan,nan
4634,42.6315789474,0.2515621799,nan,0.0044927299,23.4748969381,nan,nan,nan,nan,nan,nan,nan
4635,42.6315789474,0.4513106044,nan,0.0007902974,31.0220945441,nan,nan,nan,nan,nan,nan,nan
4636,42.6315789474,0.2989084322,nan,0.0032602018,24.8675551145,nan,nan,nan,nan,nan,nan,nan
4637,42.6315789474,0.2681874944,nan,0.0040401746,23.9359986834,nan,nan,nan,nan,nan,nan,nan
4638,42.6315789474,0.0689674606,nan,0.0091566295,20.3826435590,nan,nan,nan,nan,nan,nan,nan
4639,42.6315789474,0.6933319016,nan,0.0000246493,46.0819543292,nan,nan,nan,nan,nan,nan,nan
4640,42.6315789474,0.4448982717,nan,0.0008488838,30.7115174159,nan,nan,nan,nan,nan,nan,nan
4641,42.6315789474,1.4005597006,nan,0.0000000000,127.7484412020,nan,nan,nan,nan,nan,nan,nan
4642,42.6315789474,1.1667506397,nan,0.0000000004,94.5017871390,nan,nan,nan,nan,nan,nan,nan
4643,42.6315789474,0.6542138585,nan,0.0000477978,43.2059240150,nan,nan,nan,nan,nan,nan,nan
4644,42.6315789474,0.3101280738,nan,0.0029967218,25.2335356613,nan,nan,nan,nan,nan,nan,nan
4645,42.6315789474,0.3453029516,nan,0.0022540013,26.4704583822,nan,nan,nan,nan,nan,nan,nan
4646,42.6315789474,0.8124375984,nan,0.0000025748,55.8925780261,nan,nan,nan,nan,nan,nan,nan
4647,42.6315789474,0.3737373429,nan,0.0017499451,27.5697556455,nan,nan,nan,nan,nan,nan,nan
4648,42.6315789474,0.6027508616,nan,0.0001075893,39.6823104391,nan,nan,nan,nan,nan,nan,nan
4649,42.6315789474,0.8030439629,nan,0.0000031181,55.0611163739,nan,nan,nan,nan,nan,nan,nan
4650,42.6315789474,0.3385989624,nan,0.0023854859,26.2242314381,nan,nan,nan,nan,nan,nan,nan
4651,42.6315789474,0.4557093106,nan,0.0007520084,31.2377732386,nan,nan,nan,nan,nan,nan,nan
4652,42.6315789474,0.6059460281,nan,0.0001025065,39.8924858461,nan,nan,nan,nan,nan,nan,nan
4653,42.6315789474,0.5597973281,nan,0.0002010394,36.9671888991,nan,nan,nan,nan,nan,nan,nan
4654,42.6315789474,0.3885264015,nan,0.0015217016,28.1767049729,nan,nan,nan,nan,nan,nan,nan
4655,42.6315789474,0.8338402108,nan,0.0000016505,57.8239580869,nan,nan,nan,nan,nan,nan,nan
4656,42.6315789474,0.2888243613,nan,0.0035072071,24.5503858278,nan,nan,nan,nan,nan,nan,nan
4657,42.6315789474,0.5748371958,nan,0.0001623861,37.8945127655,nan,nan,nan,nan,nan,nan,nan
4658,42.6315789474,0.3889619915,nan,0.0015153232,28.1949472010,nan,nan,nan,nan,nan,nan,nan
4659,42.6315789474,0.3523667553,nan,0.0021206810,26.7352465880,nan,nan,nan,nan,nan,nan,nan
4660,42.6315789474,0.7590360730,nan,0.0000074173,51.2975333789,nan,nan,nan,nan,nan,nan,nan
4661,42.6315789474,0.7767654905,nan,0.0000052630,52.7876642893,nan,nan,nan,nan,nan,nan,nan
4662,42.6315789474,0.5401544036,nan,0.0002633952,35.7939206735,nan,nan,nan,nan,nan,nan,nan
4663,42.6315789474,0.4752838167,nan,0.0005993045,32.2235247773,nan,nan,nan,nan,nan,nan,nan
4664,42.6315789474,0.6000680353,nan,0.0001120285,39.5067145036,nan,nan,nan,nan,nan,nan,nan
4665,42.6315789474,0.2814821296,nan,0.0036927860,24.3264585919,nan,nan,nan,nan,nan,nan,nan
4666,42.6315789474,0.4158348946,nan,0.0011585535,29.3608389645,nan,nan,nan,nan,nan,nan,nan
4667,42.6315789474,0.2215107998,nan,0.0053481950,22.7179276698,nan,nan,nan,nan,nan,nan,nan
4668,42.6315789474,0.7509099797,nan,0.0000086570,50.6263115166,nan,nan,nan,nan,nan,nan,nan
4669,42.6315789474,0.7925144074,nan,0.0000038540,54.1408708958,nan,nan,nan,nan,nan,nan,nan
4670,42.6315789474,0.1638141722,nan,0.0070149928,21.5397277147,nan,nan,nan,nan,nan,nan,nan
4671,42.6315789474,0.1723422957,nan,0.0067746060,21.6911596023,nan,nan,nan,nan,nan,nan,nan
4672,42.6315789474,0.2988262836,nan,0.0032621758,24.8649263340,nan,nan,nan,nan,nan,nan,nan
4673,42.6315789474,0.3056655758,nan,0.0031000465,25.0863179391,nan,nan,nan,nan,nan,nan,nan
4674,42.6315789474,0.1791703084,nan,0.0065794964,21.8180734911,nan,nan,nan,nan,nan,nan,nan
4675,42.6315789474,0.5509994699,nan,0.0002271751,36.4363925246,nan,nan,nan,nan,nan,nan,nan
4676,42.6315789474,0.2572766049,nan,0.0043351270,23.6299817173,nan,nan,nan,nan,nan,nan,nan
4677,42.6315789474,0.5683267250,nan,0.0001782377,37.4900040645,nan,nan,nan,nan,nan,nan,nan
4678,42.6315789474,0.1654340655,nan,0.0069696554,21.5678869632,nan,nan,nan,nan,nan,nan,nan
4679,42.6315789474,0.5030589563,nan,0.0004270619,33.6950919441,nan,nan,nan,nan,nan,nan,nan
4680,42.6315789474,0.4274157287,nan,0.0010261584,29.8878559046,nan,nan,nan,nan,nan,nan,nan
4681,42.6315789474,0.4401427891,nan,0.0008945147,30.4841253709,nan,nan,nan,nan,nan,nan,nan
4682,42.6315789474,0.4506677707,nan,0.0007960211,30.9907541951,nan,nan,nan,nan,nan,nan,nan
4683,42.6315789474,1.1079846975,nan,0.0000000019,87.1188822653,nan,nan,nan,nan,nan,nan,nan
4684,42.6315789474,0.4441086673,nan,0.0008563301,30.6735879117,nan,nan,nan,nan,nan,nan,nan
4685,42.6315789474,0.3398377691,nan,0.0023608268,26.2693588026,nan,nan,nan,nan,nan,nan,nan
4686,42.6315789474,0.4408869815,nan,0.0008872489,30.5195452456,nan,nan,nan,nan,nan,nan,nan
4687,42.6315789474,0.4413658715,nan,0.0008825980,30.5423704247,nan,nan,nan,nan,nan,nan,nan
4688,42.6315789474,0.2398670594,nan,0.0048210224,23.1686084959,nan,nan,nan,nan,nan,nan,nan
4689,42.6315789474,0.1512970464,nan,0.0073592036,21.3316918264,nan,nan,nan,nan,nan,nan,nan
4690,42.6315789474,0.3260266209,nan,0.0026449760,25.7757826932,nan,nan,nan,nan,nan,nan,nan
4691,42.6315789474,0.1996370518,nan,0.0059858355,22.2287522186,nan,nan,nan,nan,nan,nan,nan
4692,42.6315789474,0.6018591450,nan,0.0001090471,39.6238570058,nan,nan,nan,nan,nan,nan,nan
4693,42.6315789474,0.9204269701,nan,0.0000002420,66.1625339940,nan,nan,nan,nan,nan,nan,nan
4694,42.6315789474,0.3696212798,nan,0.0018175582,27.4051167983,nan,nan,nan,nan,nan,nan,nan
4695,42.6315789474,0.3301733471,nan,0.0025575401,25.9217755161,nan,nan,nan,nan,nan,nan,nan
4696,42.6315789474,0.0450036951,nan,0.0094581440,20.2419407725,nan,nan,nan,nan,nan,nan,nan
4697,42.6315789474,0.4499428520,nan,0.0008025153,30.9554667664,nan,nan,nan,nan,nan,nan,nan
4698,42.6315789474,0.3224319793,nan,0.0027222283,25.6507545785,nan,nan,nan,nan,nan,nan,nan
4699,42.6315789474,0.3054807977,nan,0.0031043672,25.0802691883,nan,nan,nan,nan,nan,nan,nan
4700,42.6315789474,0.2677541316,nan,0.0040517290,23.9235961472,nan,nan,nan,nan,nan,nan,nan
4701,42.6315789474,0.3414458674,nan,0.0023290616,26.3281903191,nan,nan,nan,nan,nan,nan,nan
4702,42.6315789474,0.7706035923,nan,0.0000059350,52.2657742444,nan,nan,nan,nan,nan,nan,nan
4703,42.6315789474,0.3776813287,nan,0.0016868396,27.7292621369,nan,nan,nan,nan,nan,nan,nan
4704,42.6315789474,1.0622579863,nan,0.0000000068,81.6440259666,nan,nan,nan,nan,nan,nan,nan
4705,42.6315789474,0.8254557815,nan,0.0000019673,57.0612213633,nan,nan,nan,nan,nan,nan,nan
4706,42.6315789474,0.6744094176,nan,0.0000341240,44.6694026802,nan,nan,nan,nan,nan,nan,nan
4707,42.6315789474,0.4441995602,nan,0.0008554703,30.6779505414,nan,nan,nan,nan,nan,nan,nan
4708,42.6315789474,0.1571086266,nan,0.0072008247,21.4261776397,nan,nan,nan,nan,nan,nan,nan
4709,42.6315789474,0.8132879538,nan,0.0000025303,55.9683342107,nan,nan,nan,nan,nan,nan,nan
4710,42.6315789474,0.2779337867,nan,0.0037841177,24.2203536513,nan,nan,nan,nan,nan,nan,nan
4711,42.6315789474,0.3218981222,nan,0.0027338161,25.6323070336,nan,nan,nan,nan,nan,nan,nan
4712,42.6315789474,0.4474439339,nan,0.0008252261,30.8342705419,nan,nan,nan,nan,nan,nan,nan
4713,42.6315789474,0.1325137500,nan,0.0078501829,21.0512022695,nan,nan,nan,nan,nan,nan,nan
4714,42.6315789474,0.5652169962,nan,0.0001862750,37.2984540449,nan,nan,nan,nan,nan,nan,nan
4715,42.6315789474,0.7638277893,nan,0.0000067658,51.6967983525,nan,nan,nan,nan,nan,nan,nan
4716,42.6315789474,0.3987683861,nan,0.0013768385,28.6111699053,nan,nan,nan,nan,nan,nan,nan
4717,42.6315789474,1.0940435517,nan,0.0000000029,85.4246917471,nan,nan,nan,nan,nan,nan,nan
4718,42.6315789474,0.1680638306,nan,0.0068957180,21.6142050995,nan,nan,nan,nan,nan,nan,nan
4719,42.6315789474,0.3172682575,nan,0.0028355461,25.4736329355,nan,nan,nan,nan,nan,nan,nan
4720,42.6315789474,0.8302683589,nan,0.0000017791,57.4980601204,nan,nan,nan,nan,nan,nan,nan
4721,42.6315789474,0.7577584157,nan,0.0000076006,51.1915080288,nan,nan,nan,nan,nan,nan,nan
4722,42.6315789474,0.1997481228,nan,0.0059825937,22.2311048719,nan,nan,nan,nan,nan,nan,nan
4723,42.6315789474,0.4456057603,nan,0.0008422556,30.7455609648,nan,nan,nan,nan,nan,nan,nan
4724,42.6315789474,0.4775273810,nan,0.0005835501,32.3392183427,nan,nan,nan,nan,nan,nan,nan
4725,42.6315789474,0.5335297456,nan,0.0002878791,35.4078983080,nan,nan,nan,nan,nan,nan,nan
4726,42.6315789474,0.2781371648,nan,0.0037788548,24.2263979910,nan,nan,nan,nan,nan,nan,nan
4727,42.6315789474,0.3373152399,nan,0.0024112121,26.1776457899,nan,nan,nan,nan,nan,nan,nan
4728,42.6315789474,1.0231414770,nan,0.0000000193,77.1478830107,nan,nan,nan,nan,nan,nan,nan
4729,42.6315789474,0.4377310567,nan,0.0009183834,30.3697595749,nan,nan,nan,nan,nan,nan,nan
4730,42.6315789474,0.3391289111,nan,0.0023749169,26.2435158191,nan,nan,nan,nan,nan,nan,nan
4731,42.6315789474,0.2201664513,nan,0.0053872074,22.6863630369,nan,nan,nan,nan,nan,nan,nan
4732,42.6315789474,0.9549316569,nan,0.0000001067,69.7203124636,nan,nan,nan,nan,nan,nan,nan
4733,42.6315789474,0.8802886980,nan,0.0000006036,62.1923596869,nan,nan,nan,nan,nan,nan,nan
4734,42.6315789474,1.1315643719,nan,0.0000000010,90.0343643124,nan,nan,nan,nan,nan,nan,nan
4735,42.6315789474,0.3235206939,nan,0.0026986886,25.6884722922,nan,nan,nan,nan,nan,nan,nan
4736,42.6315789474,0.4184973563,nan,0.0011270183,29.4806902137,nan,nan,nan,nan,nan,nan,nan
4737,42.6315789474,0.6810156839,nan,0.0000304929,45.1580122872,nan,nan,nan,nan,nan,nan,nan
4738,42.6315789474,0.2644003427,nan,0.0041416109,23.8283070761,nan,nan,nan,nan,nan,nan,nan
4739,42.6315789474,0.1692371042,nan,0.0068626031,21.6351111758,nan,nan,nan,nan,nan,nan,nan
4740,42.6315789474,0.4643700007,nan,0.0006809756,31.6686846591,nan,nan,nan,nan,nan,nan,nan
4741,42.6315789474,0.2109054629,nan,0.0056568406,22.4742605553,nan,nan,nan,nan,nan,nan,nan
4742,42.6315789474,0.6829807960,nan,0.0000294829,45.3042955846,nan,nan,nan,nan,nan,nan,nan
4743,42.6315789474,0.2129797865,nan,0.0055963415,22.5209579449,nan,nan,nan,nan,nan,nan,nan
4744,42.6315789474,0.3230902261,nan,0.0027079812,25.6735434997,nan,nan,nan,nan,nan,nan,nan
4745,42.6315789474,0.9897938980,nan,0.0000000452,73.4510750559,nan,nan,nan,nan,nan,nan,nan
4746,42.6315789474,0.5723337176,nan,0.0001683291,37.7384086866,nan,nan,nan,nan,nan,nan,nan
4747,42.6315789474,0.8710342121,nan,0.0000007409,61.3026628791,nan,nan,nan,nan,nan,nan,nan
4748,42.6315789474,0.3434243434,nan,0.0022903603,26.4009618785,nan,nan,nan,nan,nan,nan,nan
4749,42.6315789474,0.2968211171,nan,0.0033105567,24.8009896854,nan,nan,nan,nan,nan,nan,nan
4750,42.6315789474,0.3630433756,nan,0.0019293548,27.1458791004,nan,nan,nan,nan,nan,nan,nan
4751,42.6315789474,0.5745441811,nan,0.0001630720,37.8762058476,nan,nan,nan,nan,nan,nan,nan
4752,42.6315789474,0.2669161644,nan,0.0040741101,23.8996723349,nan,nan,nan,nan,nan,nan,nan
4753,42.6315789474,0.5122740511,nan,0.0003799953,34.2022173909,nan,nan,nan,nan,nan,nan,nan
4754,42.6315789474,0.7091733979,nan,0.0000186411,47.2952783878,nan,nan,nan,nan,nan,nan,nan
4755,42.6315789474,0.3230017475,nan,0.0027098936,25.6704775492,nan,nan,nan,nan,nan,nan,nan
4756,42.6315789474,0.2517485061,nan,0.0044875598,23.4798974651,nan,nan,nan,nan,nan,nan,nan
4757,42.6315789474,0.5720070584,nan,0.0001691184,37.7180913118,nan,nan,nan,nan,nan,nan,nan
4758,42.6315789474,1.1018399854,nan,0.0000000023,86.3694438418,nan,nan,nan,nan,nan,nan,nan
4759,42.6315789474,0.2490274780,nan,0.0045632596,23.4072482108,nan,nan,nan,nan,nan,nan,nan
4760,42.6315789474,0.7662386973,nan,0.0000064585,51.8986571570,nan,nan,nan,nan,nan,nan,nan
4761,42.6315789474,0.3985616171,nan,0.0013796584,28.6022843514,nan,nan,nan,nan,nan,nan,nan
4762,42.6315789474,0.2677396069,nan,0.0040521165,23.9231808157,nan,nan,nan,nan,nan,nan,nan
4763,42.6315789474,0.6425537261,nan,0.0000577871,42.3816939520,nan,nan,nan,nan,nan,nan,nan
4764,42.6315789474,0.8410312252,nan,0.0000014176,58.4844134306,nan,nan,nan,nan,nan,nan,nan
4765,42.6315789474,0.3252254270,nan,0.0026620776,25.7477928802,nan,nan,nan,nan,nan,nan,nan
4766,42.6315789474,0.2786304575,nan,0.0037661037,24.2410773072,nan,nan,nan,nan,nan,nan,nan
4767,42.6315789474,0.2678096906,nan,0.0040502469,23.9251850606,nan,nan,nan,nan,nan,nan,nan
4768,42.6315789474,0.1197999537,nan,0.0081604082,20.8828811865,nan,nan,nan,nan,nan,nan,nan
4769,42.6315789474,0.2918190785,nan,0.0034328793,24.6434146190,nan,nan,nan,nan,nan,nan,nan
4770,42.6315789474,0.3215852427,nan,0.0027406211,25.6215099536,nan,nan,nan,nan,nan,nan,nan
4771,42.6315789474,0.2697926682,nan,0.0039974989,23.9821164327,nan,nan,nan,nan,nan,nan,nan
4772,42.6315789474,0.4904253751,nan,0.0004994424,33.0151456753,nan,nan,nan,nan,nan,nan,nan
4773,42.6315789474,0.5269462039,nan,0.0003141159,35.0291003578,nan,nan,nan,nan,nan,nan,nan
4774,42.6315789474,0.2498480371,nan,0.0045403869,23.4290713955,nan,nan,nan,nan,nan,nan,nan
4775,42.6315789474,0.2746870470,nan,0.0038685890,24.1244740460,nan,nan,nan,nan,nan,nan,nan
4776,42.6315789474,0.5206908633,nan,0.0003409067,34.6736444261,nan,nan,nan,nan,nan,nan,nan
4777,42.6315789474,0.2943590447,nan,0.0033704768,24.7230865954,nan,nan,nan,nan,nan,nan,nan
4778,42.6315789474,0.7975489511,nan,0.0000034839,54.5793213655,nan,nan,nan,nan,nan,nan,nan
4779,42.6315789474,0.6732231301,nan,0.0000348163,44.5821791889,nan,nan,nan,nan,nan,nan,nan
4780,42.6315789474,0.9451366503,nan,0.0000001350,68.6967311400,nan,nan,nan,nan,nan,nan,nan
4781,42.6315789474,0.3053328729,nan,0.0031078285,25.0754295316,nan,nan,nan,nan,nan,nan,nan
4782,42.6315789474,1.1395503258,nan,0.0000000008,91.0360219660,nan,nan,nan,nan,nan,nan,nan
4783,42.6315789474,0.6312062428,nan,0.0000692768,41.5941245797,nan,nan,nan,nan,nan,nan,nan
4784,42.6315789474,0.2276538789,nan,0.0051705092,22.8646668091,nan,nan,nan,nan,nan,nan,nan
4785,42.6315789474,0.4375140628,nan,0.0009205553,30.3595011231,nan,nan,nan,nan,nan,nan,nan
4786,42.6315789474,0.3498280584,nan,0.0021679780,26.6394513562,nan,nan,nan,nan,nan,nan,nan
4787,42.6315789474,0.2205189587,nan,0.0053769739,22.6946207164,nan,nan,nan,nan,nan,nan,nan
4788,42.6315789474,0.1826492476,nan,0.0064793611,21.8846781730,nan,nan,nan,nan,nan,nan,nan
4789,42.6315789474,0.2792989319,nan,0.0037488563,24.2610121207,nan,nan,nan,nan,nan,nan,nan
4790,42.6315789474,0.8975010714,nan,0.0000004099,63.8726973546,nan,nan,nan,nan,nan,nan,nan
4791,42.6315789474,0.2708025756,nan,0.0039707486,24.0112761019,nan,nan,nan,nan,nan,nan,nan
4792,42.6315789474,0.9484653432,nan,0.0000001246,69.0433692414,nan,nan,nan,nan,nan,nan,nan
4793,42.6315789474,1.1765478085,nan,0.0000000003,95.7706020235,nan,nan,nan,nan,nan,nan,nan
4794,42.6315789474,0.4792363120,nan,0.0005717792,32.4277166421,nan,nan,nan,nan,nan,nan,nan
4795,42.6315789474,0.1020494037,nan,0.0085568377,20.6768670554,nan,nan,nan,nan,nan,nan,nan
4796,42.6315789474,1.3445090416,nan,0.0000000000,119.2133919757,nan,nan,nan,nan,nan,nan,nan
4797,42.6315789474,0.0466506283,nan,0.0094413120,20.2496764857,nan,nan,nan,nan,nan,nan,nan
4798,42.6315789474,0.1919338656,nan,0.0062103306,22.0688528161,nan,nan,nan,nan,nan,nan,nan
4799,42.6315789474,0.6393267883,nan,0.0000608658,42.1562679570,nan,nan,nan,nan,nan,nan,nan
4800,42.6315789474,0.9961830812,nan,0.0000000385,74.1496538591,nan,nan,nan,nan,nan,nan,nan
4801,42.6315789474,0.6789890146,nan,0.0000315675,45.0075984467,nan,nan,nan,nan,nan,nan,nan
4802,42.6315789474,0.4690517434,nan,0.0006448992,31.9050812862,nan,nan,nan,nan,nan,nan,nan
4803,42.6315789474,0.1899895909,nan,0.0062668433,22.0295116773,nan,nan,nan,nan,nan,nan,nan
4804,42.6315789474,0.1506817550,nan,0.0073758121,21.3219015799,nan,nan,nan,nan,nan,nan,nan
4805,42.6315789474,0.3395423966,nan,0.0023666914,26.2585836374,nan,nan,nan,nan,nan,nan,nan
4806,42.6315789474,0.2752002536,nan,0.0038551805,24.1395528612,nan,nan,nan,nan,nan,nan,nan
4807,42.6315789474,0.9109529156,nan,0.0000003014,65.2091010965,nan,nan,nan,nan,nan,nan,nan
4808,42.6315789474,0.3198575119,nan,0.0027783813,25.5620816016,nan,nan,nan,nan,nan,nan,nan
4809,42.6315789474,0.5288467124,nan,0.0003063405,35.1379559915,nan,nan,nan,nan,nan,nan,nan
4810,42.6315789474,0.2872499937,nan,0.0035466040,24.5018729792,nan,nan,nan,nan,nan,nan,nan
4811,42.6315789474,0.5957936619,nan,0.0001194372,39.2286046411,nan,nan,nan,nan,nan,nan,nan
4812,42.6315789474,0.6899596834,nan,0.0000261379,45.8272914169,nan,nan,nan,nan,nan,nan,nan
4813,42.6315789474,0.0382568553,nan,0.0095209077,20.2132164388,nan,nan,nan,nan,nan,nan,nan
4814,42.6315789474,0.1235296069,nan,0.0080714951,20.9304601401,nan,nan,nan,nan,nan,nan,nan
4815,42.6315789474,0.4254189487,nan,0.0010481103,29.7959301562,nan,nan,nan,nan,nan,nan,nan
4816,42.6315789474,0.2267110740,nan,0.0051977103,22.8418792863,nan,nan,nan,nan,nan,nan,nan
4817,42.6315789474,0.1261695396,nan,0.0080074826,20.9650399612,nan,nan,nan,nan,nan,nan,nan
4818,42.6315789474,0.6820583364,nan,0.0000299532,45.2355738122,nan,nan,nan,nan,nan,nan,nan
4819,42.6315789474,0.7660734297,nan,0.0000064792,51.8847989714,nan,nan,nan,nan,nan,nan,nan
4820,42.6315789474,0.4890318915,nan,0.0005080154,32.9412310633,nan,nan,nan,nan,nan,nan,nan
4821,42.6315789474,0.1335308169,nan,0.0078245296,21.0654176408,nan,nan,nan,nan,nan,nan,nan
4822,42.6315789474,0.1657501637,nan,0.0069607897,21.5734148878,nan,nan,nan,nan,nan,nan,nan
4823,42.6315789474,0.2273541370,nan,0.0051791542,22.8574115772,nan,nan,nan,nan,nan,nan,nan
4824,42.6315789474,0.5682460016,nan,0.0001784425,37.4850181476,nan,nan,nan,nan,nan,nan,nan
4825,42.6315789474,0.6597846396,nan,0.0000436007,43.6050658501,nan,nan,nan,nan,nan,nan,nan
4826,42.6315789474,0.3530526197,nan,0.0021080220,26.7612486265,nan,nan,nan,nan,nan,nan,nan
4827,42.6315789474,1.1180127563,nan,0.0000000015,88.3511127405,nan,nan,nan,nan,nan,nan,nan
4828,42.6315789474,0.4349306430,nan,0.0009467234,30.2377690361,nan,nan,nan,nan,nan,nan,nan
4829,42.6315789474,0.3972352159,nan,0.0013978493,28.5453966004,nan,nan,nan,nan,nan,nan,nan
4830,42.6315789474,0.3345498463,nan,0.0024672285,26.0779061835,nan,nan,nan,nan,nan,nan,nan
4831,42.6315789474,0.6368771621,nan,0.0000633006,41.9859184674,nan,nan,nan,nan,nan,nan,nan
4832,42.6315789474,0.4390475277,nan,0.0009052931,30.4321077154,nan,nan,nan,nan,nan,nan,nan
4833,42.6315789474,0.4182293258,nan,0.0011301630,29.4685893327,nan,nan,nan,nan,nan,nan,nan
4834,42.6315789474,0.5139608804,nan,0.0003718718,34.2960671041,nan,nan,nan,nan,nan,nan,nan
4835,42.6315789474,0.2456812803,nan,0.0046569171,23.3190149126,nan,nan,nan,nan,nan,nan,nan
4836,42.6315789474,0.2915492059,nan,0.0034395443,24.6349909573,nan,nan,nan,nan,nan,nan,nan
4837,42.6315789474,0.5488144224,nan,0.0002341048,36.3058969410,nan,nan,nan,nan,nan,nan,nan
4838,42.6315789474,0.5404213534,nan,0.0002624473,35.8095781587,nan,nan,nan,nan,nan,nan,nan
4839,42.6315789474,1.0566753302,nan,0.0000000080,80.9917824636,nan,nan,nan,nan,nan,nan,nan
4840,42.6315789474,0.4242401927,nan,0.0010612384,29.7418705354,nan,nan,nan,nan,nan,nan,nan
4841,42.6315789474,0.7890959889,nan,0.0000041259,53.8447856421,nan,nan,nan,nan,nan,nan,nan
4842,42.6315789474,0.1738536910,nan,0.0067315992,21.7188175009,nan,nan,nan,nan,nan,nan,nan
4843,42.6315789474,1.4001292016,nan,0.0000000000,127.6815280541,nan,nan,nan,nan,nan,nan,nan
4844,42.6315789474,0.5654001493,nan,0.0001857930,37.3097059239,nan,nan,nan,nan,nan,nan,nan
4845,42.6315789474,0.5027396925,nan,0.0004287764,33.6776910251,nan,nan,nan,nan,nan,nan,nan
4846,42.6315789474,0.8111288669,nan,0.0000026448,55.7761446209,nan,nan,nan,nan,nan,nan,nan
4847,42.6315789474,0.3415407421,nan,0.0023271961,26.3316701418,nan,nan,nan,nan,nan,nan,nan
4848,42.6315789474,0.4428664039,nan,0.0008681497,30.6140540025,nan,nan,nan,nan,nan,nan,nan
4849,42.6315789474,0.8539140874,nan,0.0000010759,59.6821477742,nan,nan,nan,nan,nan,nan,nan
4850,42.6315789474,0.6328363122,nan,0.0000675091,41.7063759984,nan,nan,nan,nan,nan,nan,nan
4851,42.6315789474,0.5640849663,nan,0.0001892783,37.2289913820,nan,nan,nan,nan,nan,nan,nan
4852,42.6315789474,0.4903451774,nan,0.0004999325,33.0108859088,nan,nan,nan,nan,nan,nan,nan
4853,42.6315789474,0.5198292532,nan,0.0003447447,34.6250242906,nan,nan,nan,nan,nan,nan,nan
4854,42.6315789474,0.2370448139,nan,0.0049012525,23.0969292430,nan,nan,nan,nan,nan,nan,nan
4855,42.6315789474,0.1475309593,nan,0.0074603513,21.2724071998,nan,nan,nan,nan,nan,nan,nan
4856,42.6315789474,0.1713496702,nan,0.0068027899,21.6731294057,nan,nan,nan,nan,nan,nan,nan
4857,42.6315789474,0.5157735403,nan,0.0003633064,34.3972695545,nan,nan,nan,nan,nan,nan,nan
4858,42.6315789474,0.4739377645,nan,0.0006089224,32.1543806747,nan,nan,nan,nan,nan,nan,nan
4859,42.6315789474,0.2242951147,nan,0.0052675329,22.7839274113,nan,nan,nan,nan,nan,nan,nan
4860,42.6315789474,0.7703877422,nan,0.0000059600,52.2475696410,nan,nan,nan,nan,nan,nan,nan
4861,42.6315789474,0.6641133303,nan,0.0000405732,43.9176041863,nan,nan,nan,nan,nan,nan,nan
4862,42.6315789474,0.3902222318,nan,0.0014969790,28.2478430619,nan,nan,nan,nan,nan,nan,nan
4863,42.6315789474,0.3942679545,nan,0.0014391840,28.4188369162,nan,nan,nan,nan,nan,nan,nan
4864,42.6315789474,0.5620573231,nan,0.0001947633,37.1049290604,nan,nan,nan,nan,nan,nan,nan
4865,42.6315789474,0.5526857521,nan,0.0002219492,36.5374635681,nan,nan,nan,nan,nan,nan,nan
4866,42.6315789474,0.2847426995,nan,0.0036097964,24.4251728834,nan,nan,nan,nan,nan,nan,nan
4867,42.6315789474,0.7450915519,nan,0.0000096600,50.1502460896,nan,nan,nan,nan,nan,nan,nan
4868,42.6315789474,0.7314241543,nan,0.0000124541,49.0468783004,nan,nan,nan,nan,nan,nan,nan
4869,42.6315789474,0.3484818937,nan,0.0021933388,26.5889427130,nan,nan,nan,nan,nan,nan,nan
4870,42.6315789474,0.5878113083,nan,0.0001344410,38.7146834523,nan,nan,nan,nan,nan,nan,nan
4871,42.6315789474,0.2666349337,nan,0.0040816330,23.8916604467,nan,nan,nan,nan,nan,nan,nan
4872,42.6315789474,0.2786617965,nan,0.0037652943,24.2420107858,nan,nan,nan,nan,nan,nan,nan
4873,42.6315789474,0.2665423290,nan,0.0040841114,23.8890241537,nan,nan,nan,nan,nan,nan,nan
4874,42.6315789474,0.3757233920,nan,0.0017179625,27.6498631987,nan,nan,nan,nan,nan,nan,nan
4875,42.6315789474,0.0482796090,nan,0.0094240855,20.2576078385,nan,nan,nan,nan,nan,nan,nan
4876,42.6315789474,0.4152391692,nan,0.0011657007,29.3341294238,nan,nan,nan,nan,nan,nan,nan
4877,42.6315789474,0.3176698600,nan,0.0028266345,25.4873034334,nan,nan,nan,nan,nan,nan,nan
4878,42.6315789474,0.1653557602,nan,0.0069718507,21.5665192280,nan,nan,nan,nan,nan,nan,nan
4879,42.6315789474,0.1817692890,nan,0.0065047297,21.8677074303,nan,nan,nan,nan,nan,nan,nan
4880,42.6315789474,0.3377772279,nan,0.0024019335,26.1943902458,nan,nan,nan,nan,nan,nan,nan
4881,42.6315789474,0.2811281130,nan,0.0037018510,24.3158106910,nan,nan,nan,nan,nan,nan,nan
4882,42.6315789474,0.2708397428,nan,0.0039697656,24.0123513785,nan,nan,nan,nan,nan,nan,nan
4883,42.6315789474,0.4262224156,nan,0.0010392340,29.8328663978,nan,nan,nan,nan,nan,nan,nan
4884,42.6315789474,0.3409879930,nan,0.0023380779,26.3114102607,nan,nan,nan,nan,nan,nan,nan
4885,42.6315789474,0.7099810952,nan,0.0000183743,47.3578927021,nan,nan,nan,nan,nan,nan,nan
4886,42.6315789474,0.6038821391,nan,0.0001057646,39.7565949151,nan,nan,nan,nan,nan,nan,nan
4887,42.6315789474,0.6125386926,nan,0.0000926885,40.3297397667,nan,nan,nan,nan,nan,nan,nan
4888,42.6315789474,0.7787613239,nan,0.0000050610,52.9576160056,nan,nan,nan,nan,nan,nan,nan
4889,42.6315789474,0.3651327978,nan,0.0018933427,27.2277078169,nan,nan,nan,nan,nan,nan,nan
4890,42.6315789474,0.1646485434,nan,0.0069916608,21.5541965104,nan,nan,nan,nan,nan,nan,nan
4891,42.6315789474,0.5694362830,nan,0.0001754442,37.5586098632,nan,nan,nan,nan,nan,nan,nan
4892,42.6315789474,0.1249784716,nan,0.0080364717,20.9493458214,nan,nan,nan,nan,nan,nan,nan
4893,42.6315789474,0.4711346627,nan,0.0006293562,32.0110347739,nan,nan,nan,nan,nan,nan,nan
4894,42.6315789474,0.3331558576,nan,0.0024957739,26.0279476002,nan,nan,nan,nan,nan,nan,nan
4895,42.6315789474,0.3309313209,nan,0.0025417536,25.9486654414,nan,nan,nan,nan,nan,nan,nan
4896,42.6315789474,0.1385143797,nan,0.0076971859,21.1366802208,nan,nan,nan,nan,nan,nan,nan
4897,42.6315789474,0.3784058139,nan,0.0016754255,27.7587487579,nan,nan,nan,nan,nan,nan,nan
4898,42.6315789474,0.4677171373,nan,0.0006550214,31.8374453413,nan,nan,nan,nan,nan,nan,nan
4899,42.6315789474,0.0764067954,nan,0.0090392701,20.4386663644,nan,nan,nan,nan,nan,nan,nan
4900,42.6315789474,0.2910093490,nan,0.0034528968,24.6181640785,nan,nan,nan,nan,nan,nan,nan
4901,42.6315789474,0.6922554939,nan,0.0000251158,46.0005281991,nan,nan,nan,nan,nan,nan,nan
4902,42.6315789474,0.5743833335,nan,0.0001634496,37.8661604984,nan,nan,nan,nan,nan,nan,nan
4903,42.6315789474,0.4040497543,nan,0.0013062531,28.8397267477,nan,nan,nan,nan,nan,nan,nan
4904,42.6315789474,0.9906971032,nan,0.0000000442,73.5495503155,nan,nan,nan,nan,nan,nan,nan
4905,42.6315789474,1.1166802065,nan,0.0000000015,88.1867167861,nan,nan,nan,nan,nan,nan,nan
4906,42.6315789474,0.1121702679,nan,0.0083364347,20.7901964657,nan,nan,nan,nan,nan,nan,nan
4907,42.6315789474,0.5923252601,nan,0.0001257642,39.0044299650,nan,nan,nan,nan,nan,nan,nan
4908,42.6315789474,0.5584625176,nan,0.0002048282,36.8861028085,nan,nan,nan,nan,nan,nan,nan
4909,42.6315789474,0.2924249127,nan,0.0034179414,24.6623538618,nan,nan,nan,nan,nan,nan,nan
4910,42.6315789474,0.4297782288,nan,0.0010006479,29.9971872389,nan,nan,nan,nan,nan,nan,nan
4911,42.6315789474,0.3925976734,nan,0.0014628429,28.3480231697,nan,nan,nan,nan,nan,nan,nan
4912,42.6315789474,0.3986549612,nan,0.0013783849,28.6062950750,nan,nan,nan,nan,nan,nan,nan
4913,42.6315789474,0.5838555775,nan,0.0001424743,38.4626332661,nan,nan,nan,nan,nan,nan,nan
4914,42.6315789474,0.5435130652,nan,0.0002516811,35.9914940225,nan,nan,nan,nan,nan,nan,nan
4915,42.6315789474,0.4890328235,nan,0.0005080096,32.9412804286,nan,nan,nan,nan,nan,nan,nan
4916,42.6315789474,0.4329764320,nan,0.0009669019,30.1461756607,nan,nan,nan,nan,nan,nan,nan
4917,42.6315789474,0.0689436925,nan,0.0091569871,20.3824739696,nan,nan,nan,nan,nan,nan,nan
4918,42.6315789474,0.8319615179,nan,0.0000017170,57.6523665247,nan,nan,nan,nan,nan,nan,nan
4919,42.6315789474,0.5389718220,nan,0.0002676299,35.7246535906,nan,nan,nan,nan,nan,nan,nan
4920,42.6315789474,0.4298263715,nan,0.0010001332,29.9994215895,nan,nan,nan,nan,nan,nan,nan
4921,42.6315789474,0.2664282856,nan,0.0040871645,23.8857788285,nan,nan,nan,nan,nan,nan,nan
4922,42.6315789474,0.5624689032,nan,0.0001936389,37.1300748067,nan,nan,nan,nan,nan,nan,nan
4923,42.6315789474,0.2567095746,nan,0.0043506749,23.6144336720,nan,nan,nan,nan,nan,nan,nan
4924,42.6315789474,0.2494754294,nan,0.0045507685,23.4191525996,nan,nan,nan,nan,nan,nan,nan
4925,42.6315789474,0.3226880557,nan,0.0027166804,25.6596144554,nan,nan,nan,nan,nan,nan,nan
4926,42.6315789474,0.5811459249,nan,0.0001482182,38.2909853654,nan,nan,nan,nan,nan,nan,nan
4927,42.6315789474,0.4149867808,nan,0.0011687388,29.3228253262,nan,nan,nan,nan,nan,nan,nan
4928,42.6315789474,0.6821776711,nan,0.0000298919,45.2444587061,nan,nan,nan,nan,nan,nan,nan
4929,42.6315789474,0.0623160314,nan,0.0092522710,20.3375165474,nan,nan,nan,nan,nan,nan,nan
4930,42.6315789474,0.6869260093,nan,0.0000275469,45.5992802379,nan,nan,nan,nan,nan,nan,nan
4931,42.6315789474,0.1412944276,nan,0.0076250117,21.1775948427,nan,nan,nan,nan,nan,nan,nan
4932,42.6315789474,0.3078884178,nan,0.0030483326,25.1593765299,nan,nan,nan,nan,nan,nan,nan
4933,42.6315789474,1.1460481595,nan,0.0000000007,91.8563476224,nan,nan,nan,nan,nan,nan,nan
4934,42.6315789474,0.4350987463,nan,0.0009450031,30.2456677130,nan,nan,nan,nan,nan,nan,nan
4935,42.6315789474,1.3032840680,nan,0.0000000000,113.1634512590,nan,nan,nan,nan,nan,nan,nan
4936,42.6315789474,0.4156026355,nan,0.0011613361,29.3504208927,nan,nan,nan,nan,nan,nan,nan
4937,42.6315789474,0.7030549949,nan,0.0000207810,46.8233361617,nan,nan,nan,nan,nan,nan,nan
4938,42.6315789474,0.9555480666,nan,0.0000001051,69.7850886685,nan,nan,nan,nan,nan,nan,nan
4939,42.6315789474,0.3078465935,nan,0.0030493011,25.1579968809,nan,nan,nan,nan,nan,nan,nan
4940,42.6315789474,0.4222955203,nan,0.0010831734,29.6530202489,nan,nan,nan,nan,nan,nan,nan
4941,42.6315789474,0.6625524286,nan,0.0000416422,43.8046635004,nan,nan,nan,nan,nan,nan,nan
4942,42.6315789474,0.4630370009,nan,0.0006915410,31.6018208967,nan,nan,nan,nan,nan,nan,nan
4943,42.6315789474,0.4323699544,nan,0.0009732320,30.1178360265,nan,nan,nan,nan,nan,nan,nan
4944,42.6315789474,0.0488627657,nan,0.0094177793,20.2605148943,nan,nan,nan,nan,nan,nan,nan
4945,42.6315789474,0.7253093220,nan,0.0000139316,48.5599954855,nan,nan,nan,nan,nan,nan,nan
4946,42.6315789474,0.3609316301,nan,0.0019662266,27.0636643648,nan,nan,nan,nan,nan,nan,nan
4947,42.6315789474,0.2363732277,nan,0.0049203951,23.0800001895,nan,nan,nan,nan,nan,nan,nan
4948,42.6315789474,0.5362750394,nan,0.0002775060,35.5672765939,nan,nan,nan,nan,nan,nan,nan
4949,42.6315789474,0.7468505197,nan,0.0000093459,50.2937657113,nan,nan,nan,nan,nan,nan,nan
4950,42.6315789474,0.8547474325,nan,0.0000010568,59.7602664353,nan,nan,nan,nan,nan,nan,nan
4951,42.6315789474,0.5141962871,nan,0.0003707499,34.3091894725,nan,nan,nan,nan,nan,nan,nan
4952,42.6315789474,0.8464688277,nan,0.0000012625,58.9876811480,nan,nan,nan,nan,nan,nan,nan
4953,42.6315789474,0.1037901672,nan,0.0085200485,20.6955793391,nan,nan,nan,nan,nan,nan,nan
4954,42.6315789474,0.3653415938,nan,0.0018897696,27.2359113704,nan,nan,nan,nan,nan,nan,nan
4955,42.6315789474,0.7299392113,nan,0.0000127989,48.9282577615,nan,nan,nan,nan,nan,nan,nan
4956,42.6315789474,0.3462130366,nan,0.0022365236,26.5042652154,nan,nan,nan,nan,nan,nan,nan
4957,42.6315789474,0.6719949850,nan,0.0000355464,44.4920436157,nan,nan,nan,nan,nan,nan,nan
4958,42.6315789474,0.2556589008,nan,0.0043795382,23.5857168423,nan,nan,nan,nan,nan,nan,nan
4959,42.6315789474,0.2405881718,nan,0.0048005804,23.1870625310,nan,nan,nan,nan,nan,nan,nan
4960,42.6315789474,0.6749081957,nan,0.0000338367,44.7061229846,nan,nan,nan,nan,nan,nan,nan
4961,42.6315789474,0.2080671153,nan,0.0057396828,22.4111210649,nan,nan,nan,nan,nan,nan,nan
4962,42.6315789474,0.7480917842,nan,0.0000091301,50.3952527340,nan,nan,nan,nan,nan,nan,nan
4963,42.6315789474,0.3857500220,nan,0.0015628153,28.0609234914,nan,nan,nan,nan,nan,nan,nan
4964,42.6315789474,0.3341042360,nan,0.0024763311,26.0619129288,nan,nan,nan,nan,nan,nan,nan
4965,42.6315789474,0.6722840566,nan,0.0000353733,44.5132438938,nan,nan,nan,nan,nan,nan,nan
4966,42.6315789474,0.5324847333,nan,0.0002919141,35.3474499755,nan,nan,nan,nan,nan,nan,nan
4967,42.6315789474,0.4093806287,nan,0.0012377852,29.0735471089,nan,nan,nan,nan,nan,nan,nan
4968,42.6315789474,0.1625042375,nan,0.0070515340,21.5171639301,nan,nan,nan,nan,nan,nan,nan
4969,42.6315789474,0.9263302292,nan,0.0000002108,66.7617205224,nan,nan,nan,nan,nan,nan,nan
4970,42.6315789474,0.2791883928,nan,0.0037517057,24.2577123222,nan,nan,nan,nan,nan,nan,nan
4971,42.6315789474,0.4208709273,nan,0.0010994622,29.5881969917,nan,nan,nan,nan,nan,nan,nan
4972,42.6315789474,0.8630894197,nan,0.0000008817,60.5465506954,nan,nan,nan,nan,nan,nan,nan
4973,42.6315789474,0.9660369600,nan,0.0000000814,70.8938846278,nan,nan,nan,nan,nan,nan,nan
4974,42.6315789474,0.9476061970,nan,0.0000001272,68.9537814547,nan,nan,nan,nan,nan,nan,nan
4975,42.6315789474,0.7305756125,nan,0.0000126501,48.9790646919,nan,nan,nan,nan,nan,nan,nan
4976,42.6315789474,0.2280813454,nan,0.0051581854,22.8750305253,nan,nan,nan,nan,nan,nan,nan
4977,42.6315789474,0.7628686650,nan,0.0000068918,51.6166744622,nan,nan,nan,nan,nan,nan,nan
4978,42.6315789474,0.9855458209,nan,0.0000000502,72.9891455669,nan,nan,nan,nan,nan,nan,nan
4979,42.6315789474,0.8936581472,nan,0.0000004472,63.4946492466,nan,nan,nan,nan,nan,nan,nan
4980,42.6315789474,0.2381561729,nan,0.0048696171,23.1250518665,nan,nan,nan,nan,nan,nan,nan
4981,42.6315789474,0.2737235616,nan,0.0038938184,24.0962431231,nan,nan,nan,nan,nan,nan,nan
4982,42.6315789474,0.2950822841,nan,0.0033528167,24.7459019287,nan,nan,nan,nan,nan,nan,nan
4983,42.6315789474,0.1979726498,nan,0.0060344014,22.1936580102,nan,nan,nan,nan,nan,nan,nan
4984,42.6315789474,0.2550659529,nan,0.0043958578,23.5695636941,nan,nan,nan,nan,nan,nan,nan
4985,42.6315789474,0.9410196226,nan,0.0000001489,68.2697236819,nan,nan,nan,nan,nan,nan,nan
4986,42.6315789474,0.8713361155,nan,0.0000007359,61.3315350861,nan,nan,nan,nan,nan,nan,nan
4987,42.6315789474,0.5545319754,nan,0.0002163474,36.6484834790,nan,nan,nan,nan,nan,nan,nan
4988,42.6315789474,0.9046246086,nan,0.0000003485,64.5778670179,nan,nan,nan,nan,nan,nan,nan
4989,42.6315789474,0.2971221242,nan,0.0033032698,24.8105594843,nan,nan,nan,nan,nan,nan,nan
4990,42.6315789474,0.3527925086,nan,0.0021128169,26.7513813732,nan,nan,nan,nan,nan,nan,nan
4991,42.6315789474,0.0322318888,nan,0.0095684497,20.1915842281,nan,nan,nan,nan,nan,nan,nan
4992,42.6315789474,0.2077087796,nan,0.0057501450,22.4032120629,nan,nan,nan,nan,nan,nan,nan
4993,42.6315789474,0.2585800735,nan,0.0042994647,23.6658561027,nan,nan,nan,nan,nan,nan,nan
4994,42.6315789474,0.2527014034,nan,0.0044611517,23.5055300669,nan,nan,nan,nan,nan,nan,nan
4995,42.6315789474,0.3208457843,nan,0.0027567445,25.5960348768,nan,nan,nan,nan,nan,nan,nan
4996,42.6315789474,0.4784608688,nan,0.0005770960,32.3875196308,nan,nan,nan,nan,nan,nan,nan
4997,42.6315789474,1.4406729874,nan,0.0000000000,134.0756939012,nan,nan,nan,nan,nan,nan,nan
4998,42.6315789474,0.1842830641,nan,0.0064321918,21.9164101389,nan,nan,nan,nan,nan,nan,nan
4999,42.6315789474,0.0918496365,nan,0.0087624836,20.5737277964,nan,nan,nan,nan,nan,nan,nan
0,42.6315789474,0.0000000000,nan,0.0096841463,20.1393865824,nan,nan,nan,nan,nan,nan,nan
0,45.5263157895,0.4281378479,nan,0.0008661115,30.6242618480,nan,nan,nan,nan,nan,nan,nan
1,45.5263157895,0.3153426468,nan,0.0022313012,26.5144179889,nan,nan,nan,nan,nan,nan,nan
2,45.5263157895,0.3686177124,nan,0.0014799108,28.2976444845,nan,nan,nan,nan,nan,nan,nan
3,45.5263157895,0.5341521156,nan,0.0002725923,35.6448640210,nan,nan,nan,nan,nan,nan,nan
4,45.5263157895,0.2777131334,nan,0.0028675852,25.4248366669,nan,nan,nan,nan,nan,nan,nan
5,45.5263157895,0.5037552533,nan,0.0003899113,34.0903417501,nan,nan,nan,nan,nan,nan,nan
6,45.5263157895,0.4637826126,nan,0.0006043816,32.1868875680,nan,nan,nan,nan,nan,nan,nan
7,45.5263157895,0.5905754282,nan,0.0001325591,38.7759030732,nan,nan,nan,nan,nan,nan,nan
8,45.5263157895,0.9053888558,nan,0.0000006133,62.1231057675,nan,nan,nan,nan,nan,nan,nan
9,45.5263157895,0.3896956710,nan,0.0012356131,29.0811750642,nan,nan,nan,nan,nan,nan,nan
10,45.5263157895,0.5123011382,nan,0.0003533430,34.5180348739,nan,nan,nan,nan,nan,nan,nan
11,45.5263157895,0.0837806894,nan,0.0062706715,22.0268594918,nan,nan,nan,nan,nan,nan,nan
12,45.5263157895,0.3079190508,nan,0.0023505340,26.2883345875,nan,nan,nan,nan,nan,nan,nan
13,45.5263157895,0.3339546992,nan,0.0019474588,27.1053173241,nan,nan,nan,nan,nan,nan,nan
14,45.5263157895,0.4158943063,nan,0.0009734647,30.1167978567,nan,nan,nan,nan,nan,nan,nan
15,45.5263157895,0.2572148702,nan,0.0032431116,24.8903810630,nan,nan,nan,nan,nan,nan,nan
16,45.5263157895,0.6310471268,nan,0.0000755348,41.2185275324,nan,nan,nan,nan,nan,nan,nan
17,45.5263157895,0.7888835043,nan,0.0000058633,52.3185845046,nan,nan,nan,nan,nan,nan,nan
18,45.5263157895,0.3851912792,nan,0.0012852826,28.9100136089,nan,nan,nan,nan,nan,nan,nan
19,45.5263157895,0.7681177990,nan,0.0000084823,50.7148704143,nan,nan,nan,nan,nan,nan,nan
20,45.5263157895,0.7426407006,nan,0.0000131623,48.8066781603,nan,nan,nan,nan,nan,nan,nan
21,45.5263157895,0.3024610980,nan,0.0024402789,26.1256053518,nan,nan,nan,nan,nan,nan,nan
22,45.5263157895,0.4479989228,nan,0.0007113301,31.4792882759,nan,nan,nan,nan,nan,nan,nan
23,45.5263157895,0.3012011588,nan,0.0024612400,26.0884603606,nan,nan,nan,nan,nan,nan,nan
24,45.5263157895,0.5852529250,nan,0.0001423343,38.4669053877,nan,nan,nan,nan,nan,nan,nan
25,45.5263157895,0.0466051586,nan,0.0066131057,21.7959453680,nan,nan,nan,nan,nan,nan,nan
26,45.5263157895,0.1475908643,nan,0.0053249832,22.7368176178,nan,nan,nan,nan,nan,nan,nan
27,45.5263157895,0.6750858602,nan,0.0000392336,44.0634204396,nan,nan,nan,nan,nan,nan,nan
28,45.5263157895,0.8369366570,nan,0.0000024008,56.1964605025,nan,nan,nan,nan,nan,nan,nan
29,45.5263157895,0.3606301374,nan,0.0015804158,28.0122863778,nan,nan,nan,nan,nan,nan,nan
30,45.5263157895,0.5438239754,nan,0.0002421640,36.1589041258,nan,nan,nan,nan,nan,nan,nan
31,45.5263157895,0.2671458234,nan,0.0030590641,25.1441141778,nan,nan,nan,nan,nan,nan,nan
32,45.5263157895,0.4139227129,nan,0.0009916356,30.0364789289,nan,nan,nan,nan,nan,nan,nan
33,45.5263157895,0.1789404455,nan,0.0047514236,23.2317624744,nan,nan,nan,nan,nan,nan,nan
34,45.5263157895,0.5296299811,nan,0.0002878898,35.4077377036,nan,nan,nan,nan,nan,nan,nan
35,45.5263157895,0.4249764949,nan,0.0008929356,30.4917986469,nan,nan,nan,nan,nan,nan,nan
36,45.5263157895,0.0293069010,nan,0.0067081925,21.7339448187,nan,nan,nan,nan,nan,nan,nan
37,45.5263157895,0.5282804641,nan,0.0002925924,35.3373703036,nan,nan,nan,nan,nan,nan,nan
38,45.5263157895,0.1980761415,nan,0.0043838930,23.5814005832,nan,nan,nan,nan,nan,nan,nan
39,45.5263157895,0.3409281337,nan,0.0018468939,27.3355805280,nan,nan,nan,nan,nan,nan,nan
40,45.5263157895,0.6077081632,nan,0.0001049578,39.7898526551,nan,nan,nan,nan,nan,nan,nan
41,45.5263157895,0.2381444265,nan,0.0036053613,24.4305120364,nan,nan,nan,nan,nan,nan,nan
42,45.5263157895,0.4752448574,nan,0.0005350123,32.7163621706,nan,nan,nan,nan,nan,nan,nan
43,45.5263157895,0.5181470564,nan,0.0003300034,34.8148159708,nan,nan,nan,nan,nan,nan,nan
44,45.5263157895,0.3622917771,nan,0.0015591484,28.0711255146,nan,nan,nan,nan,nan,nan,nan
45,45.5263157895,0.5721382682,nan,0.0001691349,37.7176665607,nan,nan,nan,nan,nan,nan,nan
46,45.5263157895,0.5423925545,nan,0.0002464770,36.0822358561,nan,nan,nan,nan,nan,nan,nan
47,45.5263157895,0.8134092640,nan,0.0000037422,54.2686962297,nan,nan,nan,nan,nan,nan,nan
48,45.5263157895,0.4214684247,nan,0.0009234267,30.3459755817,nan,nan,nan,nan,nan,nan,nan
49,45.5263157895,0.4140212264,nan,0.0009907218,30.0404829726,nan,nan,nan,nan,nan,nan,nan
50,45.5263157895,0.0656910238,nan,0.0064598370,21.8977844215,nan,nan,nan,nan,nan,nan,nan
51,45.5263157895,0.1573208034,nan,0.0051521698,22.8800982962,nan,nan,nan,nan,nan,nan,nan
52,45.5263157895,0.4969035312,nan,0.0004214328,33.7527167457,nan,nan,nan,nan,nan,nan,nan
53,45.5263157895,1.0265506118,nan,0.0000000419,73.7747824066,nan,nan,nan,nan,nan,nan,nan
54,45.5263157895,0.3660409311,nan,0.0015118566,28.2048941118,nan,nan,nan,nan,nan,nan,nan
55,45.5263157895,0.5097499833,nan,0.0003639492,34.3895924179,nan,nan,nan,nan,nan,nan,nan
56,45.5263157895,1.3495489088,nan,0.0000000000,112.1086436936,nan,nan,nan,nan,nan,nan,nan
57,45.5263157895,0.1674015835,nan,0.0049678066,23.0383532034,nan,nan,nan,nan,nan,nan,nan
58,45.5263157895,0.3273877560,nan,0.0020450798,26.8928975020,nan,nan,nan,nan,nan,nan,nan
59,45.5263157895,0.4145850711,nan,0.0009855034,30.0634188576,nan,nan,nan,nan,nan,nan,nan
60,45.5263157895,0.3391856030,nan,0.0018717210,27.2775887836,nan,nan,nan,nan,nan,nan,nan
61,45.5263157895,0.8341907158,nan,0.0000025301,55.9685865803,nan,nan,nan,nan,nan,nan,nan
62,45.5263157895,0.2663240861,nan,0.0030741508,25.1227482879,nan,nan,nan,nan,nan,nan,nan
63,45.5263157895,0.7196411237,nan,0.0000193187,47.1402131524,nan,nan,nan,nan,nan,nan,nan
64,45.5263157895,0.8068785153,nan,0.0000042233,53.7434905647,nan,nan,nan,nan,nan,nan,nan
65,45.5263157895,0.1844645782,nan,0.0046462294,23.3289935061,nan,nan,nan,nan,nan,nan,nan
66,45.5263157895,0.5618199376,nan,0.0001931830,37.1403098429,nan,nan,nan,nan,nan,nan,nan
67,45.5263157895,0.2703313958,nan,0.0030008382,25.2275742661,nan,nan,nan,nan,nan,nan,nan
68,45.5263157895,0.2026721079,nan,0.0042946222,23.6707503569,nan,nan,nan,nan,nan,nan,nan
69,45.5263157895,0.6872773730,nan,0.0000324679,44.8854596415,nan,nan,nan,nan,nan,nan,nan
70,45.5263157895,0.4576695917,nan,0.0006441870,31.9098801277,nan,nan,nan,nan,nan,nan,nan
71,45.5263157895,0.1808054598,nan,0.0047160099,23.2642529243,nan,nan,nan,nan,nan,nan,nan
72,45.5263157895,0.2154005238,nan,0.0040466168,23.9290791585,nan,nan,nan,nan,nan,nan,nan
73,45.5263157895,0.3310180566,nan,0.0019907667,27.0097962628,nan,nan,nan,nan,nan,nan,nan
74,45.5263157895,0.2528963968,nan,0.0033242279,24.7830920900,nan,nan,nan,nan,nan,nan,nan
75,45.5263157895,0.3068731551,nan,0.0023675971,26.2569220331,nan,nan,nan,nan,nan,nan,nan
76,45.5263157895,1.0092589884,nan,0.0000000628,72.0210236964,nan,nan,nan,nan,nan,nan,nan
77,45.5263157895,0.5400844948,nan,0.0002535685,35.9590465123,nan,nan,nan,nan,nan,nan,nan
78,45.5263157895,0.2583136581,nan,0.0032225716,24.9179742265,nan,nan,nan,nan,nan,nan,nan
79,45.5263157895,1.2591672556,nan,0.0000000001,100.3144622122,nan,nan,nan,nan,nan,nan,nan
80,45.5263157895,1.0166698063,nan,0.0000000529,72.7689392787,nan,nan,nan,nan,nan,nan,nan
81,45.5263157895,0.7292894866,nan,0.0000164710,47.8328108608,nan,nan,nan,nan,nan,nan,nan
82,45.5263157895,0.5453285867,nan,0.0002376997,36.2397139475,nan,nan,nan,nan,nan,nan,nan
83,45.5263157895,0.5548515754,nan,0.0002110358,36.7564394176,nan,nan,nan,nan,nan,nan,nan
84,45.5263157895,1.1161514887,nan,0.0000000046,83.3475323149,nan,nan,nan,nan,nan,nan,nan
85,45.5263157895,0.5189680512,nan,0.0003268308,34.8567696916,nan,nan,nan,nan,nan,nan,nan
86,45.5263157895,0.3408212902,nan,0.0018484104,27.3320160654,nan,nan,nan,nan,nan,nan,nan
87,45.5263157895,0.6760639170,nan,0.0000386472,44.1288163788,nan,nan,nan,nan,nan,nan,nan
88,45.5263157895,0.2547320939,nan,0.0032896729,24.8284728938,nan,nan,nan,nan,nan,nan,nan
89,45.5263157895,0.2007001796,nan,0.0043329541,23.6321591461,nan,nan,nan,nan,nan,nan,nan
90,45.5263157895,0.3614261281,nan,0.0015702043,28.0404383320,nan,nan,nan,nan,nan,nan,nan
91,45.5263157895,0.4327866504,nan,0.0008277777,30.8208629614,nan,nan,nan,nan,nan,nan,nan
92,45.5263157895,0.4169336037,nan,0.0009639859,30.1592929767,nan,nan,nan,nan,nan,nan,nan
93,45.5263157895,0.1159614242,nan,0.0058409392,22.3351731110,nan,nan,nan,nan,nan,nan,nan
94,45.5263157895,0.7654619640,nan,0.0000088861,50.5128985898,nan,nan,nan,nan,nan,nan,nan
95,45.5263157895,1.3557094701,nan,0.0000000000,112.9427983420,nan,nan,nan,nan,nan,nan,nan
96,45.5263157895,0.3552139311,nan,0.0016510471,27.8224052471,nan,nan,nan,nan,nan,nan,nan
97,45.5263157895,0.9351050557,nan,0.0000003278,64.8433502286,nan,nan,nan,nan,nan,nan,nan
98,45.5263157895,0.4475128084,nan,0.0007148435,31.4578904567,nan,nan,nan,nan,nan,nan,nan
99,45.5263157895,0.8777998047,nan,0.0000010771,59.6774828695,nan,nan,nan,nan,nan,nan,nan
100,45.5263157895,1.0808072609,nan,0.0000000113,79.4742513901,nan,nan,nan,nan,nan,nan,nan
101,45.5263157895,0.6354418558,nan,0.0000708978,41.4936694767,nan,nan,nan,nan,nan,nan,nan
102,45.5263157895,0.1727053583,nan,0.0048689732,23.1256261265,nan,nan,nan,nan,nan,nan,nan
103,45.5263157895,0.0732784337,nan,0.0063854906,21.9480573116,nan,nan,nan,nan,nan,nan,nan
104,45.5263157895,1.0619133326,nan,0.0000000180,77.4556595522,nan,nan,nan,nan,nan,nan,nan
105,45.5263157895,0.2073059769,nan,0.0042044131,23.7629461708,nan,nan,nan,nan,nan,nan,nan
106,45.5263157895,0.5155632176,nan,0.0003401559,34.6832195656,nan,nan,nan,nan,nan,nan,nan
107,45.5263157895,0.2142424691,nan,0.0040691952,23.9049147344,nan,nan,nan,nan,nan,nan,nan
108,45.5263157895,0.1430964017,nan,0.0054028508,22.6737702804,nan,nan,nan,nan,nan,nan,nan
109,45.5263157895,0.7306946675,nan,0.0000160899,47.9344624489,nan,nan,nan,nan,nan,nan,nan
110,45.5263157895,0.4386512503,nan,0.0007812752,31.0719596167,nan,nan,nan,nan,nan,nan,nan
111,45.5263157895,0.6185201150,nan,0.0000902632,40.4448946934,nan,nan,nan,nan,nan,nan,nan
112,45.5263157895,1.0023983799,nan,0.0000000736,71.3335933984,nan,nan,nan,nan,nan,nan,nan
113,45.5263157895,0.4225254683,nan,0.0009141584,30.3897853373,nan,nan,nan,nan,nan,nan,nan
114,45.5263157895,0.3202681596,nan,0.0021540490,26.6674442589,nan,nan,nan,nan,nan,nan,nan
115,45.5263157895,0.4611005577,nan,0.0006215997,32.0648921102,nan,nan,nan,nan,nan,nan,nan
116,45.5263157895,0.5468427995,nan,0.0002332777,36.3212685540,nan,nan,nan,nan,nan,nan,nan
117,45.5263157895,0.9530548912,nan,0.0000002223,66.5297520363,nan,nan,nan,nan,nan,nan,nan
118,45.5263157895,0.1733151003,nan,0.0048575394,23.1358366740,nan,nan,nan,nan,nan,nan,nan
119,45.5263157895,0.5629951429,nan,0.0001903036,37.2055289708,nan,nan,nan,nan,nan,nan,nan
120,45.5263157895,0.1074257255,nan,0.0059654702,22.2435531734,nan,nan,nan,nan,nan,nan,nan
121,45.5263157895,0.9805979889,nan,0.0000001208,69.1808297222,nan,nan,nan,nan,nan,nan,nan
122,45.5263157895,0.3173985876,nan,0.0021988727,26.5779990528,nan,nan,nan,nan,nan,nan,nan
123,45.5263157895,0.1638132070,nan,0.0050339910,22.9808756564,nan,nan,nan,nan,nan,nan,nan
124,45.5263157895,0.8187450345,nan,0.0000033877,54.7009954720,nan,nan,nan,nan,nan,nan,nan
125,45.5263157895,0.3213787936,nan,0.0021368387,26.7022826006,nan,nan,nan,nan,nan,nan,nan
126,45.5263157895,0.3935542801,nan,0.0011941514,29.2294060168,nan,nan,nan,nan,nan,nan,nan
127,45.5263157895,0.3494410595,nan,0.0017285284,27.6232349132,nan,nan,nan,nan,nan,nan,nan
128,45.5263157895,0.2287164244,nan,0.0037875197,24.2164509410,nan,nan,nan,nan,nan,nan,nan
129,45.5263157895,0.9658477234,nan,0.0000001678,67.7515409460,nan,nan,nan,nan,nan,nan,nan
130,45.5263157895,0.4100456442,nan,0.0010280954,29.8796659545,nan,nan,nan,nan,nan,nan,nan
131,45.5263157895,0.6244163682,nan,0.0000830411,40.8070667449,nan,nan,nan,nan,nan,nan,nan
132,45.5263157895,0.2862198192,nan,0.0027171518,25.6588609424,nan,nan,nan,nan,nan,nan,nan
133,45.5263157895,0.8278653439,nan,0.0000028533,55.4465668749,nan,nan,nan,nan,nan,nan,nan
134,45.5263157895,0.2076938047,nan,0.0041968568,23.7707584908,nan,nan,nan,nan,nan,nan,nan
135,45.5263157895,1.0383770278,nan,0.0000000317,74.9916849485,nan,nan,nan,nan,nan,nan,nan
136,45.5263157895,0.4554500561,nan,0.0006591393,31.8102276871,nan,nan,nan,nan,nan,nan,nan
137,45.5263157895,1.4417037689,nan,0.0000000000,124.9899130076,nan,nan,nan,nan,nan,nan,nan
138,45.5263157895,0.4318375855,nan,0.0008354970,30.7805510330,nan,nan,nan,nan,nan,nan,nan
139,45.5263157895,0.2634617171,nan,0.0031269098,25.0488465271,nan,nan,nan,nan,nan,nan,nan
140,45.5263157895,0.6084162253,nan,0.0001039348,39.8323913500,nan,nan,nan,nan,nan,nan,nan
141,45.5263157895,0.8902987699,nan,0.0000008364,60.7759203345,nan,nan,nan,nan,nan,nan,nan
142,45.5263157895,0.6162742994,nan,0.0000931566,40.3078658857,nan,nan,nan,nan,nan,nan,nan
143,45.5263157895,0.0530488700,nan,0.0065669007,21.8263955379,nan,nan,nan,nan,nan,nan,nan
144,45.5263157895,0.3063944937,nan,0.0023754276,26.2425820926,nan,nan,nan,nan,nan,nan,nan
145,45.5263157895,0.8159049539,nan,0.0000035723,54.4705371435,nan,nan,nan,nan,nan,nan,nan
146,45.5263157895,0.6389047999,nan,0.0000674242,41.7118421178,nan,nan,nan,nan,nan,nan,nan
147,45.5263157895,0.5922015308,nan,0.0001296918,38.8708734245,nan,nan,nan,nan,nan,nan,nan
148,45.5263157895,0.1915512319,nan,0.0045101114,23.4581272655,nan,nan,nan,nan,nan,nan,nan
149,45.5263157895,0.7200662681,nan,0.0000191843,47.1705342631,nan,nan,nan,nan,nan,nan,nan
150,45.5263157895,0.4452553917,nan,0.0007313356,31.3588327265,nan,nan,nan,nan,nan,nan,nan
151,45.5263157895,0.7202442507,nan,0.0000191283,47.1832333072,nan,nan,nan,nan,nan,nan,nan
152,45.5263157895,0.4267220647,nan,0.0008780483,30.5648160410,nan,nan,nan,nan,nan,nan,nan
153,45.5263157895,0.4492373270,nan,0.0007024401,31.5339071338,nan,nan,nan,nan,nan,nan,nan
154,45.5263157895,0.8141335278,nan,0.0000036921,54.3272069137,nan,nan,nan,nan,nan,nan,nan
155,45.5263157895,0.6377172569,nan,0.0000685979,41.6368886765,nan,nan,nan,nan,nan,nan,nan
156,45.5263157895,0.4940217955,nan,0.0004352993,33.6121202750,nan,nan,nan,nan,nan,nan,nan
157,45.5263157895,0.4123214708,nan,0.0010065763,29.9715328474,nan,nan,nan,nan,nan,nan,nan
158,45.5263157895,0.7837554199,nan,0.0000064291,51.9185050118,nan,nan,nan,nan,nan,nan,nan
159,45.5263157895,0.1185309871,nan,0.0058020997,22.3641481483,nan,nan,nan,nan,nan,nan,nan
160,45.5263157895,0.2752679035,nan,0.0029114582,25.3588944813,nan,nan,nan,nan,nan,nan,nan
161,45.5263157895,0.2253565662,nan,0.0038527521,24.1422892873,nan,nan,nan,nan,nan,nan,nan
162,45.5263157895,1.2209059432,nan,0.0000000003,95.5717751608,nan,nan,nan,nan,nan,nan,nan
163,45.5263157895,0.6995915608,nan,0.0000267242,45.7309524576,nan,nan,nan,nan,nan,nan,nan
164,45.5263157895,0.4520727307,nan,0.0006824114,31.6595375297,nan,nan,nan,nan,nan,nan,nan
165,45.5263157895,0.4235149148,nan,0.0009055461,30.4308945561,nan,nan,nan,nan,nan,nan,nan
166,45.5263157895,0.4501966458,nan,0.0006956131,31.5763224822,nan,nan,nan,nan,nan,nan,nan
167,45.5263157895,0.2569520027,nan,0.0032480316,24.8837975602,nan,nan,nan,nan,nan,nan,nan
168,45.5263157895,0.2908118035,nan,0.0026374412,25.7881721149,nan,nan,nan,nan,nan,nan,nan
169,45.5263157895,0.4863000995,nan,0.0004742983,33.2394846846,nan,nan,nan,nan,nan,nan,nan
170,45.5263157895,0.6156932286,nan,0.0000939184,40.2724942436,nan,nan,nan,nan,nan,nan,nan
171,45.5263157895,0.8081666136,nan,0.0000041241,53.8467393383,nan,nan,nan,nan,nan,nan,nan
172,45.5263157895,0.8912926342,nan,0.0000008196,60.8639408657,nan,nan,nan,nan,nan,nan,nan
173,45.5263157895,0.5875103434,nan,0.0001381143,38.5976125001,nan,nan,nan,nan,nan,nan,nan
174,45.5263157895,0.4079749345,nan,0.0010479660,29.7965278946,nan,nan,nan,nan,nan,nan,nan
175,45.5263157895,1.1138425594,nan,0.0000000049,83.0906355111,nan,nan,nan,nan,nan,nan,nan
176,45.5263157895,0.2573363188,nan,0.0032408393,24.8934250500,nan,nan,nan,nan,nan,nan,nan
177,45.5263157895,0.4318713582,nan,0.0008352214,30.7819839965,nan,nan,nan,nan,nan,nan,nan
178,45.5263157895,0.3556695966,nan,0.0016450279,27.8382674418,nan,nan,nan,nan,nan,nan,nan
179,45.5263157895,0.3786292464,nan,0.0013601026,28.6642831515,nan,nan,nan,nan,nan,nan,nan
180,45.5263157895,0.3794428461,nan,0.0013506670,28.6945172299,nan,nan,nan,nan,nan,nan,nan
181,45.5263157895,0.6999164372,nan,0.0000265860,45.7534651093,nan,nan,nan,nan,nan,nan,nan
182,45.5263157895,0.6163977590,nan,0.0000929954,40.3153856320,nan,nan,nan,nan,nan,nan,nan
183,45.5263157895,0.4342618774,nan,0.0008158865,30.8837024133,nan,nan,nan,nan,nan,nan,nan
184,45.5263157895,0.2541188589,nan,0.0033012044,24.8132758270,nan,nan,nan,nan,nan,nan,nan
185,45.5263157895,0.4246351866,nan,0.0008958685,30.4775572323,nan,nan,nan,nan,nan,nan,nan
186,45.5263157895,0.4855768963,nan,0.0004780915,33.2048897093,nan,nan,nan,nan,nan,nan,nan
187,45.5263157895,0.0643233938,nan,0.0064724455,21.8893159661,nan,nan,nan,nan,nan,nan,nan
188,45.5263157895,0.7268805211,nan,0.0000171435,47.6590076185,nan,nan,nan,nan,nan,nan,nan
189,45.5263157895,0.3911132001,nan,0.0012202652,29.1354578642,nan,nan,nan,nan,nan,nan,nan
190,45.5263157895,0.2374683649,nan,0.0036183705,24.4148696876,nan,nan,nan,nan,nan,nan,nan
191,45.5263157895,0.0960318074,nan,0.0061202131,22.1323345745,nan,nan,nan,nan,nan,nan,nan
192,45.5263157895,1.0842145797,nan,0.0000000104,79.8421339990,nan,nan,nan,nan,nan,nan,nan
193,45.5263157895,0.5943944961,nan,0.0001259108,38.9993709593,nan,nan,nan,nan,nan,nan,nan
194,45.5263157895,0.4771885588,nan,0.0005239079,32.8074503242,nan,nan,nan,nan,nan,nan,nan
195,45.5263157895,0.9171587788,nan,0.0000004797,63.1898563303,nan,nan,nan,nan,nan,nan,nan
196,45.5263157895,0.6979688107,nan,0.0000274242,45.6186613263,nan,nan,nan,nan,nan,nan,nan
197,45.5263157895,0.2788944906,nan,0.0028464873,25.4569074981,nan,nan,nan,nan,nan,nan,nan
198,45.5263157895,0.1960132674,nan,0.0044238729,23.5419736289,nan,nan,nan,nan,nan,nan,nan
199,45.5263157895,0.2263963197,nan,0.0038325511,24.1651204310,nan,nan,nan,nan,nan,nan,nan
200,45.5263157895,0.2155659742,nan,0.0040433913,23.9325423210,nan,nan,nan,nan,nan,nan,nan
201,45.5263157895,0.6975391750,nan,0.0000276123,45.5889757578,nan,nan,nan,nan,nan,nan,nan
202,45.5263157895,0.7639066647,nan,0.0000091307,50.3949507563,nan,nan,nan,nan,nan,nan,nan
203,45.5263157895,0.2351655307,nan,0.0036627501,24.3619271166,nan,nan,nan,nan,nan,nan,nan
204,45.5263157895,0.7100887092,nan,0.0000225749,46.4637375204,nan,nan,nan,nan,nan,nan,nan
205,45.5263157895,0.2794204224,nan,0.0028371156,25.4712297172,nan,nan,nan,nan,nan,nan,nan
206,45.5263157895,0.3287961755,nan,0.0020239071,26.9380942516,nan,nan,nan,nan,nan,nan,nan
207,45.5263157895,0.6148656795,nan,0.0000950128,40.2221772261,nan,nan,nan,nan,nan,nan,nan
208,45.5263157895,0.5218516396,nan,0.0003158887,35.0046591652,nan,nan,nan,nan,nan,nan,nan
209,45.5263157895,0.6186932822,nan,0.0000900434,40.4554815525,nan,nan,nan,nan,nan,nan,nan
210,45.5263157895,1.2110049861,nan,0.0000000004,94.3687206680,nan,nan,nan,nan,nan,nan,nan
211,45.5263157895,0.6216833044,nan,0.0000863226,40.6387565287,nan,nan,nan,nan,nan,nan,nan
212,45.5263157895,0.8699539676,nan,0.0000012601,58.9960359379,nan,nan,nan,nan,nan,nan,nan
213,45.5263157895,0.5013268140,nan,0.0004008537,33.9701405155,nan,nan,nan,nan,nan,nan,nan
214,45.5263157895,0.1251808896,nan,0.0056988449,22.4421316560,nan,nan,nan,nan,nan,nan,nan
215,45.5263157895,0.4114579634,nan,0.0010147019,29.9366153317,nan,nan,nan,nan,nan,nan,nan
216,45.5263157895,0.4979421660,nan,0.0004165245,33.8035942712,nan,nan,nan,nan,nan,nan,nan
217,45.5263157895,0.4528521718,nan,0.0006769844,31.6942136055,nan,nan,nan,nan,nan,nan,nan
218,45.5263157895,0.6551581361,nan,0.0000530647,42.7519405891,nan,nan,nan,nan,nan,nan,nan
219,45.5263157895,0.4172672183,nan,0.0009609578,30.1729567673,nan,nan,nan,nan,nan,nan,nan
220,45.5263157895,0.6139188745,nan,0.0000962788,40.1646935255,nan,nan,nan,nan,nan,nan,nan
221,45.5263157895,0.5376888475,nan,0.0002611111,35.8317469880,nan,nan,nan,nan,nan,nan,nan
222,45.5263157895,0.3178722018,nan,0.0021914394,26.5927053401,nan,nan,nan,nan,nan,nan,nan
223,45.5263157895,0.5487501296,nan,0.0002278073,36.4243233203,nan,nan,nan,nan,nan,nan,nan
224,45.5263157895,0.8832614373,nan,0.0000009648,60.1555218987,nan,nan,nan,nan,nan,nan,nan
225,45.5263157895,0.5732208908,nan,0.0001667684,37.7788631921,nan,nan,nan,nan,nan,nan,nan
226,45.5263157895,0.8449140492,nan,0.0000020593,56.8627879620,nan,nan,nan,nan,nan,nan,nan
227,45.5263157895,0.6263527267,nan,0.0000807836,40.9267676384,nan,nan,nan,nan,nan,nan,nan
228,45.5263157895,0.6532428600,nan,0.0000546010,42.6279961859,nan,nan,nan,nan,nan,nan,nan
229,45.5263157895,0.8754769316,nan,0.0000011285,59.4750827042,nan,nan,nan,nan,nan,nan,nan
230,45.5263157895,0.3534898561,nan,0.0016739499,27.7625754155,nan,nan,nan,nan,nan,nan,nan
231,45.5263157895,0.4433847468,nan,0.0007452238,31.2771326867,nan,nan,nan,nan,nan,nan,nan
232,45.5263157895,0.6044793839,nan,0.0001097359,39.5965134235,nan,nan,nan,nan,nan,nan,nan
233,45.5263157895,0.5686212677,nan,0.0001770241,37.5196749953,nan,nan,nan,nan,nan,nan,nan
234,45.5263157895,0.2041360917,nan,0.0042661400,23.6996490011,nan,nan,nan,nan,nan,nan,nan
235,45.5263157895,0.8383432591,nan,0.0000023370,56.3134832036,nan,nan,nan,nan,nan,nan,nan
236,45.5263157895,0.2291716119,nan,0.0037786929,24.2265840293,nan,nan,nan,nan,nan,nan,nan
237,45.5263157895,0.8015293908,nan,0.0000046596,53.3165171278,nan,nan,nan,nan,nan,nan,nan
238,45.5263157895,0.1743454426,nan,0.0048381869,23.1531735858,nan,nan,nan,nan,nan,nan,nan
239,45.5263157895,0.3793962421,nan,0.0013512062,28.6927836032,nan,nan,nan,nan,nan,nan,nan
240,45.5263157895,0.3638818359,nan,0.0015389739,28.1276873651,nan,nan,nan,nan,nan,nan,nan
241,45.5263157895,0.6233375300,nan,0.0000843230,40.7405390310,nan,nan,nan,nan,nan,nan,nan
242,45.5263157895,0.3714672499,nan,0.0014451128,28.4009826609,nan,nan,nan,nan,nan,nan,nan
243,45.5263157895,0.6220128539,nan,0.0000859209,40.6590113827,nan,nan,nan,nan,nan,nan,nan
244,45.5263157895,0.6421277007,nan,0.0000643284,41.9159743191,nan,nan,nan,nan,nan,nan,nan
245,45.5263157895,0.5111704022,nan,0.0003580119,34.4610255357,nan,nan,nan,nan,nan,nan,nan
246,45.5263157895,0.3244835075,nan,0.0020891415,26.8003215081,nan,nan,nan,nan,nan,nan,nan
247,45.5263157895,0.4251382221,nan,0.0008915484,30.4985509269,nan,nan,nan,nan,nan,nan,nan
248,45.5263157895,1.1944997293,nan,0.0000000006,92.3853157079,nan,nan,nan,nan,nan,nan,nan
249,45.5263157895,0.8746568116,nan,0.0000011472,59.4037529419,nan,nan,nan,nan,nan,nan,nan
250,45.5263157895,0.4529410082,nan,0.0006763680,31.6981696444,nan,nan,nan,nan,nan,nan,nan
251,45.5263157895,0.5007002216,nan,0.0004037177,33.9392216834,nan,nan,nan,nan,nan,nan,nan
252,45.5263157895,0.5246209419,nan,0.0003056700,35.1474713293,nan,nan,nan,nan,nan,nan,nan
253,45.5263157895,0.4367123640,nan,0.0007964225,30.9885648428,nan,nan,nan,nan,nan,nan,nan
254,45.5263157895,0.8630029189,nan,0.0000014463,58.3975000893,nan,nan,nan,nan,nan,nan,nan
255,45.5263157895,0.2318766841,nan,0.0037262973,24.2872250354,nan,nan,nan,nan,nan,nan,nan
256,45.5263157895,0.1346454755,nan,0.0055455087,22.5605861117,nan,nan,nan,nan,nan,nan,nan
257,45.5263157895,0.5225586008,nan,0.0003132533,35.0410439354,nan,nan,nan,nan,nan,nan,nan
258,45.5263157895,0.7042412181,nan,0.0000248075,46.0541673599,nan,nan,nan,nan,nan,nan,nan
259,45.5263157895,0.6860600906,nan,0.0000330925,44.8027097297,nan,nan,nan,nan,nan,nan,nan
260,45.5263157895,0.6129224674,nan,0.0000976271,40.1042955417,nan,nan,nan,nan,nan,nan,nan
261,45.5263157895,0.4895010272,nan,0.0004578011,33.3932318768,nan,nan,nan,nan,nan,nan,nan
262,45.5263157895,0.7049474572,nan,0.0000245276,46.1034510216,nan,nan,nan,nan,nan,nan,nan
263,45.5263157895,0.7296805461,nan,0.0000163641,47.8610803540,nan,nan,nan,nan,nan,nan,nan
264,45.5263157895,0.2198985248,nan,0.0039589570,24.0241921853,nan,nan,nan,nan,nan,nan,nan
265,45.5263157895,0.7369282923,nan,0.0000144950,48.3878045610,nan,nan,nan,nan,nan,nan,nan
266,45.5263157895,0.8602286118,nan,0.0000015276,58.1599745972,nan,nan,nan,nan,nan,nan,nan
267,45.5263157895,0.7871151497,nan,0.0000060530,52.1803226271,nan,nan,nan,nan,nan,nan,nan
268,45.5263157895,0.9624654240,nan,0.0000001808,67.4269018145,nan,nan,nan,nan,nan,nan,nan
269,45.5263157895,0.6391690948,nan,0.0000671654,41.7285427473,nan,nan,nan,nan,nan,nan,nan
270,45.5263157895,0.8532945849,nan,0.0000017500,57.5697090552,nan,nan,nan,nan,nan,nan,nan
271,45.5263157895,0.1472058510,nan,0.0053317047,22.7313391274,nan,nan,nan,nan,nan,nan,nan
272,45.5263157895,0.6518324477,nan,0.0000557576,42.5369591235,nan,nan,nan,nan,nan,nan,nan
273,45.5263157895,0.5153270682,nan,0.0003410966,34.6712256862,nan,nan,nan,nan,nan,nan,nan
274,45.5263157895,0.3371126162,nan,0.0019015192,27.2089927534,nan,nan,nan,nan,nan,nan,nan
275,45.5263157895,0.6396276484,nan,0.0000667185,41.7575351105,nan,nan,nan,nan,nan,nan,nan
276,45.5263157895,0.2371019345,nan,0.0036254254,24.4064103069,nan,nan,nan,nan,nan,nan,nan
277,45.5263157895,0.4450037271,nan,0.0007331923,31.3478209741,nan,nan,nan,nan,nan,nan,nan
278,45.5263157895,0.4868354231,nan,0.0004715062,33.2651260000,nan,nan,nan,nan,nan,nan,nan
279,45.5263157895,1.9487085033,nan,0.0000000000,211.3501053309,nan,nan,nan,nan,nan,nan,nan
280,45.5263157895,0.4711644722,nan,0.0005589370,32.5263712567,nan,nan,nan,nan,nan,nan,nan
281,45.5263157895,0.8566711896,nan,0.0000016381,57.8565391913,nan,nan,nan,nan,nan,nan,nan
282,45.5263157895,0.7426459408,nan,0.0000131611,48.8070639143,nan,nan,nan,nan,nan,nan,nan
283,45.5263157895,0.3123573061,nan,0.0022788502,26.4228422991,nan,nan,nan,nan,nan,nan,nan
284,45.5263157895,0.4211978791,nan,0.0009258102,30.3347805980,nan,nan,nan,nan,nan,nan,nan
285,45.5263157895,0.4776068713,nan,0.0005215425,32.8271032175,nan,nan,nan,nan,nan,nan,nan
286,45.5263157895,0.6860577843,nan,0.0000330937,44.8025530883,nan,nan,nan,nan,nan,nan,nan
287,45.5263157895,0.4005041881,nan,0.0011219833,29.5001362509,nan,nan,nan,nan,nan,nan,nan
288,45.5263157895,0.3043637818,nan,0.0024087969,26.1819981707,nan,nan,nan,nan,nan,nan,nan
289,45.5263157895,0.5116836455,nan,0.0003558864,34.4868863189,nan,nan,nan,nan,nan,nan,nan
290,45.5263157895,0.4854778643,nan,0.0004786128,33.2001565117,nan,nan,nan,nan,nan,nan,nan
291,45.5263157895,0.7665802597,nan,0.0000087139,50.5978564562,nan,nan,nan,nan,nan,nan,nan
292,45.5263157895,0.6292891812,nan,0.0000774638,41.1090107878,nan,nan,nan,nan,nan,nan,nan
293,45.5263157895,0.7829642121,nan,0.0000065208,51.8570132187,nan,nan,nan,nan,nan,nan,nan
294,45.5263157895,0.4357176889,nan,0.0008042799,30.9459279051,nan,nan,nan,nan,nan,nan,nan
295,45.5263157895,0.3768138785,nan,0.0013813190,28.5970602538,nan,nan,nan,nan,nan,nan,nan
296,45.5263157895,0.4627101534,nan,0.0006112207,32.1380196021,nan,nan,nan,nan,nan,nan,nan
297,45.5263157895,0.7059100456,nan,0.0000241507,46.1707044355,nan,nan,nan,nan,nan,nan,nan
298,45.5263157895,0.7197637374,nan,0.0000192799,47.1489560377,nan,nan,nan,nan,nan,nan,nan
299,45.5263157895,0.4355292058,nan,0.0008057755,30.9378596790,nan,nan,nan,nan,nan,nan,nan
300,45.5263157895,0.1036188120,nan,0.0060186841,22.2049845173,nan,nan,nan,nan,nan,nan,nan
301,45.5263157895,0.8772076575,nan,0.0000010900,59.6258352237,nan,nan,nan,nan,nan,nan,nan
302,45.5263157895,0.8524657272,nan,0.0000017785,57.4994766422,nan,nan,nan,nan,nan,nan,nan
303,45.5263157895,0.3627903331,nan,0.0015528042,28.0888331429,nan,nan,nan,nan,nan,nan,nan
304,45.5263157895,0.4025872587,nan,0.0011009765,29.5822194985,nan,nan,nan,nan,nan,nan,nan
305,45.5263157895,0.3927171316,nan,0.0012030619,29.1971203265,nan,nan,nan,nan,nan,nan,nan
306,45.5263157895,1.0187239916,nan,0.0000000504,72.9772364879,nan,nan,nan,nan,nan,nan,nan
307,45.5263157895,0.4365999803,nan,0.0007973073,30.9837425444,nan,nan,nan,nan,nan,nan,nan
308,45.5263157895,0.7283216487,nan,0.0000167382,47.7629125709,nan,nan,nan,nan,nan,nan,nan
309,45.5263157895,0.8979690349,nan,0.0000007149,61.4578165976,nan,nan,nan,nan,nan,nan,nan
310,45.5263157895,0.2715523809,nan,0.0029786331,25.2598299195,nan,nan,nan,nan,nan,nan,nan
311,45.5263157895,0.5738414309,nan,0.0001654248,37.8139930359,nan,nan,nan,nan,nan,nan,nan
312,45.5263157895,0.5345569314,nan,0.0002712570,35.6661911980,nan,nan,nan,nan,nan,nan,nan
313,45.5263157895,0.6097119905,nan,0.0001020853,39.9103682300,nan,nan,nan,nan,nan,nan,nan
314,45.5263157895,0.9170032174,nan,0.0000004813,63.1756659203,nan,nan,nan,nan,nan,nan,nan
315,45.5263157895,0.4151020435,nan,0.0009807366,30.0844759708,nan,nan,nan,nan,nan,nan,nan
316,45.5263157895,0.4021107369,nan,0.0011057567,29.5634040131,nan,nan,nan,nan,nan,nan,nan
317,45.5263157895,0.7427062953,nan,0.0000131477,48.8115071127,nan,nan,nan,nan,nan,nan,nan
318,45.5263157895,0.4528332210,nan,0.0006771159,31.6933697951,nan,nan,nan,nan,nan,nan,nan
319,45.5263157895,0.2686307444,nan,0.0030318708,25.1828931075,nan,nan,nan,nan,nan,nan,nan
320,45.5263157895,0.1321430019,nan,0.0055867428,22.5284132573,nan,nan,nan,nan,nan,nan,nan
321,45.5263157895,0.4901258026,nan,0.0004546361,33.4233607170,nan,nan,nan,nan,nan,nan,nan
322,45.5263157895,0.5115430652,nan,0.0003564675,34.4798002797,nan,nan,nan,nan,nan,nan,nan
323,45.5263157895,0.7425759500,nan,0.0000131768,48.8019117702,nan,nan,nan,nan,nan,nan,nan
324,45.5263157895,0.1827314904,nan,0.0046793273,23.2981657473,nan,nan,nan,nan,nan,nan,nan
325,45.5263157895,1.0406856289,nan,0.0000000300,75.2308858065,nan,nan,nan,nan,nan,nan,nan
326,45.5263157895,0.1016080734,nan,0.0060461875,22.1851839194,nan,nan,nan,nan,nan,nan,nan
327,45.5263157895,0.3896432070,nan,0.0012361837,29.0791698532,nan,nan,nan,nan,nan,nan,nan
328,45.5263157895,1.0183167681,nan,0.0000000509,72.9359095036,nan,nan,nan,nan,nan,nan,nan
329,45.5263157895,0.7787681805,nan,0.0000070276,51.5319573509,nan,nan,nan,nan,nan,nan,nan
330,45.5263157895,0.4868888858,nan,0.0004712281,33.2676883689,nan,nan,nan,nan,nan,nan,nan
331,45.5263157895,0.7386092690,nan,0.0000140905,48.5107241451,nan,nan,nan,nan,nan,nan,nan
332,45.5263157895,0.8569094738,nan,0.0000016305,57.8768240509,nan,nan,nan,nan,nan,nan,nan
333,45.5263157895,0.3405291192,nan,0.0018525611,27.3222745905,nan,nan,nan,nan,nan,nan,nan
334,45.5263157895,0.4982183184,nan,0.0004152274,33.8171397663,nan,nan,nan,nan,nan,nan,nan
335,45.5263157895,0.5315154788,nan,0.0002814260,35.5063581302,nan,nan,nan,nan,nan,nan,nan
336,45.5263157895,0.6150038814,nan,0.0000948293,40.2305754625,nan,nan,nan,nan,nan,nan,nan
337,45.5263157895,1.0035671420,nan,0.0000000716,71.4503661383,nan,nan,nan,nan,nan,nan,nan
338,45.5263157895,1.1206180943,nan,0.0000000041,83.8460318896,nan,nan,nan,nan,nan,nan,nan
339,45.5263157895,0.0233987284,nan,0.0067308027,21.7193314049,nan,nan,nan,nan,nan,nan,nan
340,45.5263157895,0.1057764097,nan,0.0059887061,22.2266699746,nan,nan,nan,nan,nan,nan,nan
341,45.5263157895,0.2268962257,nan,0.0038228429,24.1761355048,nan,nan,nan,nan,nan,nan,nan
342,45.5263157895,0.2781993009,nan,0.0028588949,25.4380181199,nan,nan,nan,nan,nan,nan,nan
343,45.5263157895,0.6964115695,nan,0.0000281115,45.5111524925,nan,nan,nan,nan,nan,nan,nan
344,45.5263157895,0.8016353417,nan,0.0000046506,53.3249462316,nan,nan,nan,nan,nan,nan,nan
345,45.5263157895,0.1378482639,nan,0.0054920469,22.6026576369,nan,nan,nan,nan,nan,nan,nan
346,45.5263157895,0.5333744824,nan,0.0002751730,35.6039415265,nan,nan,nan,nan,nan,nan,nan
347,45.5263157895,0.4957458784,nan,0.0004269592,33.6961363597,nan,nan,nan,nan,nan,nan,nan
348,45.5263157895,0.8142403067,nan,0.0000036848,54.3358376748,nan,nan,nan,nan,nan,nan,nan
349,45.5263157895,0.5807572954,nan,0.0001510732,38.2081266140,nan,nan,nan,nan,nan,nan,nan
350,45.5263157895,0.4754352550,nan,0.0005339163,32.7252681234,nan,nan,nan,nan,nan,nan,nan
351,45.5263157895,0.6378353294,nan,0.0000684804,41.6443346434,nan,nan,nan,nan,nan,nan,nan
352,45.5263157895,0.8700516627,nan,0.0000012576,59.0044829680,nan,nan,nan,nan,nan,nan,nan
353,45.5263157895,0.2560368572,nan,0.0032651782,24.8609311529,nan,nan,nan,nan,nan,nan,nan
354,45.5263157895,1.0445026870,nan,0.0000000274,75.6275666489,nan,nan,nan,nan,nan,nan,nan
355,45.5263157895,0.4362190841,nan,0.0008003118,30.9674079560,nan,nan,nan,nan,nan,nan,nan
356,45.5263157895,0.6081634288,nan,0.0001042990,39.8171981584,nan,nan,nan,nan,nan,nan,nan
357,45.5263157895,0.6444478419,nan,0.0000621788,42.0635737954,nan,nan,nan,nan,nan,nan,nan
358,45.5263157895,0.1760588512,nan,0.0048059193,23.1822352870,nan,nan,nan,nan,nan,nan,nan
359,45.5263157895,0.7359403329,nan,0.0000147377,48.3156939193,nan,nan,nan,nan,nan,nan,nan
360,45.5263157895,0.3090920294,nan,0.0023314746,26.3236931953,nan,nan,nan,nan,nan,nan,nan
361,45.5263157895,0.3393812655,nan,0.0018689232,27.2840854156,nan,nan,nan,nan,nan,nan,nan
362,45.5263157895,0.4871915934,nan,0.0004696559,33.2822019831,nan,nan,nan,nan,nan,nan,nan
363,45.5263157895,0.4250041593,nan,0.0008926982,30.4929534768,nan,nan,nan,nan,nan,nan,nan
364,45.5263157895,0.5475638913,nan,0.0002311965,36.3601869189,nan,nan,nan,nan,nan,nan,nan
365,45.5263157895,0.8857523761,nan,0.0000009174,60.3745464044,nan,nan,nan,nan,nan,nan,nan
366,45.5263157895,0.2120701262,nan,0.0041115513,23.8599428669,nan,nan,nan,nan,nan,nan,nan
367,45.5263157895,0.1888656357,nan,0.0045618312,23.4086078749,nan,nan,nan,nan,nan,nan,nan
368,45.5263157895,0.3653303004,nan,0.0015207466,28.1794315281,nan,nan,nan,nan,nan,nan,nan
369,45.5263157895,0.3313807919,nan,0.0019853868,27.0215486475,nan,nan,nan,nan,nan,nan,nan
370,45.5263157895,0.5243146645,nan,0.0003067864,35.1316389034,nan,nan,nan,nan,nan,nan,nan
371,45.5263157895,0.0108447432,nan,0.0067619320,21.6992920015,nan,nan,nan,nan,nan,nan,nan
372,45.5263157895,0.6173412219,nan,0.0000917719,40.3729011674,nan,nan,nan,nan,nan,nan,nan
373,45.5263157895,0.4947889185,nan,0.0004315721,33.6494661240,nan,nan,nan,nan,nan,nan,nan
374,45.5263157895,0.9067854556,nan,0.0000005958,62.2489524326,nan,nan,nan,nan,nan,nan,nan
375,45.5263157895,0.2032768087,nan,0.0042828599,23.6826613602,nan,nan,nan,nan,nan,nan,nan
376,45.5263157895,0.3093834899,nan,0.0023267513,26.3325002578,nan,nan,nan,nan,nan,nan,nan
377,45.5263157895,0.6297352589,nan,0.0000769702,41.1367712019,nan,nan,nan,nan,nan,nan,nan
378,45.5263157895,0.6498299446,nan,0.0000574375,42.4080482527,nan,nan,nan,nan,nan,nan,nan
379,45.5263157895,0.3994377526,nan,0.0011328487,29.4582809317,nan,nan,nan,nan,nan,nan,nan
380,45.5263157895,1.0141017356,nan,0.0000000561,72.5091344207,nan,nan,nan,nan,nan,nan,nan
381,45.5263157895,0.5765844419,nan,0.0001595974,37.9697424055,nan,nan,nan,nan,nan,nan,nan
382,45.5263157895,0.3743663526,nan,0.0014102794,28.5069483771,nan,nan,nan,nan,nan,nan,nan
383,45.5263157895,0.6048242952,nan,0.0001092165,39.6171167646,nan,nan,nan,nan,nan,nan,nan
384,45.5263157895,0.6129154661,nan,0.0000976366,40.1038715068,nan,nan,nan,nan,nan,nan,nan
385,45.5263157895,0.8859396320,nan,0.0000009139,60.3910368679,nan,nan,nan,nan,nan,nan,nan
386,45.5263157895,0.4860617223,nan,0.0004755459,33.2280759457,nan,nan,nan,nan,nan,nan,nan
387,45.5263157895,0.4966689140,nan,0.0004225481,33.7412389713,nan,nan,nan,nan,nan,nan,nan
388,45.5263157895,0.2844670348,nan,0.0027478601,25.6100537562,nan,nan,nan,nan,nan,nan,nan
389,45.5263157895,0.6491792017,nan,0.0000579930,42.3662435525,nan,nan,nan,nan,nan,nan,nan
390,45.5263157895,0.6014511617,nan,0.0001143896,39.4161348048,nan,nan,nan,nan,nan,nan,nan
391,45.5263157895,0.3335429227,nan,0.0019534974,27.0918716570,nan,nan,nan,nan,nan,nan,nan
392,45.5263157895,0.5416970507,nan,0.0002485960,36.0450581423,nan,nan,nan,nan,nan,nan,nan
393,45.5263157895,1.3624669126,nan,0.0000000000,113.8622129356,nan,nan,nan,nan,nan,nan,nan
394,45.5263157895,0.1122285509,nan,0.0058962653,22.2942298626,nan,nan,nan,nan,nan,nan,nan
395,45.5263157895,0.4271461601,nan,0.0008744597,30.5826019340,nan,nan,nan,nan,nan,nan,nan
396,45.5263157895,0.9328915845,nan,0.0000003437,64.6376497240,nan,nan,nan,nan,nan,nan,nan
397,45.5263157895,0.5488629334,nan,0.0002274872,36.4304296310,nan,nan,nan,nan,nan,nan,nan
398,45.5263157895,0.9899549589,nan,0.0000000977,70.0989268798,nan,nan,nan,nan,nan,nan,nan
399,45.5263157895,0.6785767911,nan,0.0000371768,44.2972762106,nan,nan,nan,nan,nan,nan,nan
400,45.5263157895,0.2179993370,nan,0.0039959597,23.9837889931,nan,nan,nan,nan,nan,nan,nan
401,45.5263157895,0.6767708405,nan,0.0000382284,44.1761434040,nan,nan,nan,nan,nan,nan,nan
402,45.5263157895,0.8756018415,nan,0.0000011257,59.4859526803,nan,nan,nan,nan,nan,nan,nan
403,45.5263157895,0.4866734480,nan,0.0004723496,33.2573645721,nan,nan,nan,nan,nan,nan,nan
404,45.5263157895,0.4378070752,nan,0.0007878428,31.0356040695,nan,nan,nan,nan,nan,nan,nan
405,45.5263157895,1.0876959769,nan,0.0000000095,80.2192303280,nan,nan,nan,nan,nan,nan,nan
406,45.5263157895,0.7394839723,nan,0.0000138842,48.5747984672,nan,nan,nan,nan,nan,nan,nan
407,45.5263157895,0.5450934268,nan,0.0002383928,36.2270689917,nan,nan,nan,nan,nan,nan,nan
408,45.5263157895,0.3273778982,nan,0.0020452284,26.8925818548,nan,nan,nan,nan,nan,nan,nan
409,45.5263157895,0.5768380211,nan,0.0001590677,37.9841788671,nan,nan,nan,nan,nan,nan,nan
410,45.5263157895,0.6757482370,nan,0.0000388356,44.1076985100,nan,nan,nan,nan,nan,nan,nan
411,45.5263157895,0.4334618335,nan,0.0008223191,30.8495964005,nan,nan,nan,nan,nan,nan,nan
412,45.5263157895,0.3085602676,nan,0.0023401049,26.3076466814,nan,nan,nan,nan,nan,nan,nan
413,45.5263157895,0.6526086696,nan,0.0000551184,42.5870367177,nan,nan,nan,nan,nan,nan,nan
414,45.5263157895,0.6442941251,nan,0.0000623192,42.0537781235,nan,nan,nan,nan,nan,nan,nan
415,45.5263157895,0.4337395153,nan,0.0008200821,30.8614267807,nan,nan,nan,nan,nan,nan,nan
416,45.5263157895,0.3203041003,nan,0.0021534908,26.6685697263,nan,nan,nan,nan,nan,nan,nan
417,45.5263157895,0.5425030991,nan,0.0002461416,36.0881494125,nan,nan,nan,nan,nan,nan,nan
418,45.5263157895,0.2241091391,nan,0.0038770027,24.1150389435,nan,nan,nan,nan,nan,nan,nan
419,45.5263157895,0.1684298665,nan,0.0049487358,23.0550572905,nan,nan,nan,nan,nan,nan,nan
420,45.5263157895,0.1679177676,nan,0.0049582390,23.0467254330,nan,nan,nan,nan,nan,nan,nan
421,45.5263157895,0.1945957019,nan,0.0044513082,23.5151233962,nan,nan,nan,nan,nan,nan,nan
422,45.5263157895,0.1949398412,nan,0.0044446508,23.5216235626,nan,nan,nan,nan,nan,nan,nan
423,45.5263157895,0.8925619741,nan,0.0000007986,60.9765037400,nan,nan,nan,nan,nan,nan,nan
424,45.5263157895,0.5589571701,nan,0.0002003541,36.9820175155,nan,nan,nan,nan,nan,nan,nan
425,45.5263157895,0.4033951278,nan,0.0010929065,29.6141699955,nan,nan,nan,nan,nan,nan,nan
426,45.5263157895,0.1231336341,nan,0.0057310440,22.4176626046,nan,nan,nan,nan,nan,nan,nan
427,45.5263157895,0.4658197856,nan,0.0005915575,32.2800306123,nan,nan,nan,nan,nan,nan,nan
428,45.5263157895,0.3378580583,nan,0.0018907711,27.2336105422,nan,nan,nan,nan,nan,nan,nan
429,45.5263157895,0.3422064218,nan,0.0018288099,27.3783142491,nan,nan,nan,nan,nan,nan,nan
430,45.5263157895,0.2141483234,nan,0.0040710308,23.9029560720,nan,nan,nan,nan,nan,nan,nan
431,45.5263157895,0.4760482131,nan,0.0005304001,32.7539642128,nan,nan,nan,nan,nan,nan,nan
432,45.5263157895,0.4415842804,nan,0.0007587823,31.1988278387,nan,nan,nan,nan,nan,nan,nan
433,45.5263157895,1.0262161473,nan,0.0000000423,73.7405730194,nan,nan,nan,nan,nan,nan,nan
434,45.5263157895,0.7493711843,nan,0.0000117370,49.3044228210,nan,nan,nan,nan,nan,nan,nan
435,45.5263157895,0.8074165493,nan,0.0000041816,53.7865968519,nan,nan,nan,nan,nan,nan,nan
436,45.5263157895,0.6955384891,nan,0.0000285037,45.4509835306,nan,nan,nan,nan,nan,nan,nan
437,45.5263157895,0.3634408912,nan,0.0015445512,28.1119767770,nan,nan,nan,nan,nan,nan,nan
438,45.5263157895,0.5116699603,nan,0.0003559429,34.4861964212,nan,nan,nan,nan,nan,nan,nan
439,45.5263157895,0.2810116569,nan,0.0028088404,25.5147293582,nan,nan,nan,nan,nan,nan,nan
440,45.5263157895,1.0623558632,nan,0.0000000178,77.5025249131,nan,nan,nan,nan,nan,nan,nan
441,45.5263157895,0.5267824741,nan,0.0002978877,35.2594748026,nan,nan,nan,nan,nan,nan,nan
442,45.5263157895,0.8014734156,nan,0.0000046644,53.3120643797,nan,nan,nan,nan,nan,nan,nan
443,45.5263157895,0.3383881016,nan,0.0018831510,27.2511485327,nan,nan,nan,nan,nan,nan,nan
444,45.5263157895,1.1502288383,nan,0.0000000019,87.2019455631,nan,nan,nan,nan,nan,nan,nan
445,45.5263157895,0.5041056380,nan,0.0003883530,34.1077335898,nan,nan,nan,nan,nan,nan,nan
446,45.5263157895,0.4669926909,nan,0.0005842724,32.3338460764,nan,nan,nan,nan,nan,nan,nan
447,45.5263157895,0.9055584457,nan,0.0000006112,62.1383768829,nan,nan,nan,nan,nan,nan,nan
448,45.5263157895,0.7509960042,nan,0.0000114149,49.4252683288,nan,nan,nan,nan,nan,nan,nan
449,45.5263157895,0.8953926702,nan,0.0000007537,61.2281114067,nan,nan,nan,nan,nan,nan,nan
450,45.5263157895,1.0288502762,nan,0.0000000397,74.0103013890,nan,nan,nan,nan,nan,nan,nan
451,45.5263157895,0.4334625390,nan,0.0008223134,30.8496264488,nan,nan,nan,nan,nan,nan,nan
452,45.5263157895,0.1890796037,nan,0.0045577163,23.4125271522,nan,nan,nan,nan,nan,nan,nan
453,45.5263157895,0.6336424020,nan,0.0000727650,41.3807759674,nan,nan,nan,nan,nan,nan,nan
454,45.5263157895,0.4818278124,nan,0.0004981512,33.0263881725,nan,nan,nan,nan,nan,nan,nan
455,45.5263157895,0.7822195807,nan,0.0000066082,51.7991989514,nan,nan,nan,nan,nan,nan,nan
456,45.5263157895,0.4873276728,nan,0.0004689506,33.2887294332,nan,nan,nan,nan,nan,nan,nan
457,45.5263157895,0.5192718339,nan,0.0003256634,34.8723104276,nan,nan,nan,nan,nan,nan,nan
458,45.5263157895,0.4812758700,nan,0.0005011609,33.0002278117,nan,nan,nan,nan,nan,nan,nan
459,45.5263157895,0.3513517998,nan,0.0017026327,27.6887903066,nan,nan,nan,nan,nan,nan,nan
460,45.5263157895,0.3645167085,nan,0.0015309671,28.1503414912,nan,nan,nan,nan,nan,nan,nan
461,45.5263157895,0.4702029162,nan,0.0005646975,32.4818416983,nan,nan,nan,nan,nan,nan,nan
462,45.5263157895,0.2266377220,nan,0.0038278627,24.1704364767,nan,nan,nan,nan,nan,nan,nan
463,45.5263157895,0.3155468524,nan,0.0022280686,26.5207143738,nan,nan,nan,nan,nan,nan,nan
464,45.5263157895,0.3330780656,nan,0.0019603278,27.0767130172,nan,nan,nan,nan,nan,nan,nan
465,45.5263157895,0.3275394715,nan,0.0020427929,26.8977566349,nan,nan,nan,nan,nan,nan,nan
466,45.5263157895,0.5852755754,nan,0.0001422914,38.4682143310,nan,nan,nan,nan,nan,nan,nan
467,45.5263157895,0.6713583732,nan,0.0000415425,43.8150711693,nan,nan,nan,nan,nan,nan,nan
468,45.5263157895,0.0825383829,nan,0.0062849535,22.0169793059,nan,nan,nan,nan,nan,nan,nan
469,45.5263157895,0.4191099828,nan,0.0009443586,30.2486306838,nan,nan,nan,nan,nan,nan,nan
470,45.5263157895,0.2890265809,nan,0.0026683013,25.7376513644,nan,nan,nan,nan,nan,nan,nan
471,45.5263157895,0.5665975503,nan,0.0001817058,37.4063110442,nan,nan,nan,nan,nan,nan,nan
472,45.5263157895,0.6477812590,nan,0.0000592027,42.2765815671,nan,nan,nan,nan,nan,nan,nan
473,45.5263157895,0.2834571326,nan,0.0027656226,25.5820708650,nan,nan,nan,nan,nan,nan,nan
474,45.5263157895,0.3850658113,nan,0.0012866858,28.9052749322,nan,nan,nan,nan,nan,nan,nan
475,45.5263157895,0.3540291519,nan,0.0016667641,27.7812585681,nan,nan,nan,nan,nan,nan,nan
476,45.5263157895,0.7871809703,nan,0.0000060458,52.1854632713,nan,nan,nan,nan,nan,nan,nan
477,45.5263157895,0.3227684293,nan,0.0021154145,26.7460453023,nan,nan,nan,nan,nan,nan,nan
478,45.5263157895,0.7847101994,nan,0.0000063201,51.9927934609,nan,nan,nan,nan,nan,nan,nan
479,45.5263157895,0.6778537590,nan,0.0000375946,44.2487399805,nan,nan,nan,nan,nan,nan,nan
480,45.5263157895,0.9660883585,nan,0.0000001669,67.7746816360,nan,nan,nan,nan,nan,nan,nan
481,45.5263157895,0.6280986225,nan,0.0000787949,41.0350175458,nan,nan,nan,nan,nan,nan,nan
482,45.5263157895,0.0864351500,nan,0.0062395411,22.0484735044,nan,nan,nan,nan,nan,nan,nan
483,45.5263157895,0.7239313146,nan,0.0000180010,47.4470225507,nan,nan,nan,nan,nan,nan,nan
484,45.5263157895,0.2890508034,nan,0.0026678814,25.7383347298,nan,nan,nan,nan,nan,nan,nan
485,45.5263157895,0.4924324288,nan,0.0004431051,33.5349325529,nan,nan,nan,nan,nan,nan,nan
486,45.5263157895,0.2089177391,nan,0.0041730054,23.7955104838,nan,nan,nan,nan,nan,nan,nan
487,45.5263157895,0.7569624055,nan,0.0000103008,49.8712997277,nan,nan,nan,nan,nan,nan,nan
488,45.5263157895,0.5847902255,nan,0.0001432129,38.4401777112,nan,nan,nan,nan,nan,nan,nan
489,45.5263157895,0.6086424819,nan,0.0001036097,39.8459949253,nan,nan,nan,nan,nan,nan,nan
490,45.5263157895,0.3493894935,nan,0.0017292306,27.6214707763,nan,nan,nan,nan,nan,nan,nan
491,45.5263157895,0.2785092559,nan,0.0028533601,25.4464341558,nan,nan,nan,nan,nan,nan,nan
492,45.5263157895,0.8025150304,nan,0.0000045762,53.3949751187,nan,nan,nan,nan,nan,nan,nan
493,45.5263157895,0.2595737318,nan,0.0031990683,24.9497648213,nan,nan,nan,nan,nan,nan,nan
494,45.5263157895,0.2849109213,nan,0.0027400689,25.6223851904,nan,nan,nan,nan,nan,nan,nan
495,45.5263157895,0.2826175362,nan,0.0027804277,25.5588838951,nan,nan,nan,nan,nan,nan,nan
496,45.5263157895,0.0904387254,nan,0.0061910325,22.0823691487,nan,nan,nan,nan,nan,nan,nan
497,45.5263157895,0.4577641838,nan,0.0006435558,31.9141380524,nan,nan,nan,nan,nan,nan,nan
498,45.5263157895,0.1064022987,nan,0.0059799209,22.2330456212,nan,nan,nan,nan,nan,nan,nan
499,45.5263157895,0.1824043080,nan,0.0046855663,23.2923790900,nan,nan,nan,nan,nan,nan,nan
500,45.5263157895,0.2324451496,nan,0.0037153005,24.3000605899,nan,nan,nan,nan,nan,nan,nan
501,45.5263157895,0.3033930570,nan,0.0024248326,26.1531823696,nan,nan,nan,nan,nan,nan,nan
502,45.5263157895,0.8117752225,nan,0.0000038576,54.1368822538,nan,nan,nan,nan,nan,nan,nan
503,45.5263157895,0.8009901244,nan,0.0000047058,53.2736324097,nan,nan,nan,nan,nan,nan,nan
504,45.5263157895,0.6262548727,nan,0.0000808964,40.9207095121,nan,nan,nan,nan,nan,nan,nan
505,45.5263157895,0.4551456653,nan,0.0006612110,31.7965995807,nan,nan,nan,nan,nan,nan,nan
506,45.5263157895,0.2403596326,nan,0.0035628021,24.4820829698,nan,nan,nan,nan,nan,nan,nan
507,45.5263157895,1.0917785087,nan,0.0000000086,80.6630053537,nan,nan,nan,nan,nan,nan,nan
508,45.5263157895,0.1070470167,nan,0.0059708299,22.2396530446,nan,nan,nan,nan,nan,nan,nan
509,45.5263157895,0.4726197574,nan,0.0005503081,32.5939412242,nan,nan,nan,nan,nan,nan,nan
510,45.5263157895,0.1712861179,nan,0.0048955314,23.1020016029,nan,nan,nan,nan,nan,nan,nan
511,45.5263157895,0.5960086227,nan,0.0001231896,39.0942596679,nan,nan,nan,nan,nan,nan,nan
512,45.5263157895,0.0664395630,nan,0.0064528325,21.9024961109,nan,nan,nan,nan,nan,nan,nan
513,45.5263157895,0.3520736861,nan,0.0016929136,27.7136519934,nan,nan,nan,nan,nan,nan,nan
514,45.5263157895,0.1765830238,nan,0.0047960272,23.1911836605,nan,nan,nan,nan,nan,nan,nan
515,45.5263157895,0.0968907227,nan,0.0061090298,22.1402775310,nan,nan,nan,nan,nan,nan,nan
516,45.5263157895,0.6601923026,nan,0.0000492099,43.0794783539,nan,nan,nan,nan,nan,nan,nan
517,45.5263157895,0.2856306248,nan,0.0027274572,25.6424205211,nan,nan,nan,nan,nan,nan,nan
518,45.5263157895,0.1387982778,nan,0.0054760446,22.6153302453,nan,nan,nan,nan,nan,nan,nan
519,45.5263157895,0.5885813789,nan,0.0001361506,38.6598055689,nan,nan,nan,nan,nan,nan,nan
520,45.5263157895,0.4879554505,nan,0.0004657076,33.3188666271,nan,nan,nan,nan,nan,nan,nan
521,45.5263157895,0.8331604105,nan,0.0000025803,55.8832823200,nan,nan,nan,nan,nan,nan,nan
522,45.5263157895,0.3610893063,nan,0.0015745200,28.0285181930,nan,nan,nan,nan,nan,nan,nan
523,45.5263157895,0.1339037144,nan,0.0055577809,22.5509857510,nan,nan,nan,nan,nan,nan,nan
524,45.5263157895,0.5482785608,nan,0.0002291495,36.3988100955,nan,nan,nan,nan,nan,nan,nan
525,45.5263157895,1.0496611218,nan,0.0000000242,76.1659929855,nan,nan,nan,nan,nan,nan,nan
526,45.5263157895,1.2401280704,nan,0.0000000002,97.9358661144,nan,nan,nan,nan,nan,nan,nan
527,45.5263157895,0.8375637281,nan,0.0000023721,56.2486052079,nan,nan,nan,nan,nan,nan,nan
528,45.5263157895,0.5747966822,nan,0.0001633749,37.8681469571,nan,nan,nan,nan,nan,nan,nan
529,45.5263157895,0.5068911877,nan,0.0003761460,34.2464355373,nan,nan,nan,nan,nan,nan,nan
530,45.5263157895,0.5750203436,nan,0.0001628981,37.8808397164,nan,nan,nan,nan,nan,nan,nan
531,45.5263157895,0.7191930602,nan,0.0000194613,47.1082771603,nan,nan,nan,nan,nan,nan,nan
532,45.5263157895,0.6845534988,nan,0.0000338805,44.7004992397,nan,nan,nan,nan,nan,nan,nan
533,45.5263157895,1.5200732560,nan,0.0000000000,136.6247854970,nan,nan,nan,nan,nan,nan,nan
534,45.5263157895,0.3551327330,nan,0.0016521213,27.8195808264,nan,nan,nan,nan,nan,nan,nan
535,45.5263157895,0.7778609670,nan,0.0000071418,51.4619112402,nan,nan,nan,nan,nan,nan,nan
536,45.5263157895,0.3423170333,nan,0.0018272503,27.3820196797,nan,nan,nan,nan,nan,nan,nan
537,45.5263157895,0.3767292806,nan,0.0013823131,28.5939356096,nan,nan,nan,nan,nan,nan,nan
538,45.5263157895,1.0392411047,nan,0.0000000310,75.0811512395,nan,nan,nan,nan,nan,nan,nan
539,45.5263157895,0.2901185148,nan,0.0026494060,25.7685149007,nan,nan,nan,nan,nan,nan,nan
540,45.5263157895,0.2078879001,nan,0.0041930748,23.7746738783,nan,nan,nan,nan,nan,nan,nan
541,45.5263157895,0.4443577866,nan,0.0007379745,31.3195863760,nan,nan,nan,nan,nan,nan,nan
542,45.5263157895,0.9003057812,nan,0.0000006813,61.6667378704,nan,nan,nan,nan,nan,nan,nan
543,45.5263157895,1.0150734671,nan,0.0000000549,72.6073633694,nan,nan,nan,nan,nan,nan,nan
544,45.5263157895,0.5281216573,nan,0.0002931500,35.3291016922,nan,nan,nan,nan,nan,nan,nan
545,45.5263157895,0.4723940015,nan,0.0005516396,32.5834453341,nan,nan,nan,nan,nan,nan,nan
546,45.5263157895,0.2794019720,nan,0.0028374441,25.4707268094,nan,nan,nan,nan,nan,nan,nan
547,45.5263157895,0.1981596393,nan,0.0043822734,23.5830052815,nan,nan,nan,nan,nan,nan,nan
548,45.5263157895,0.0923227504,nan,0.0061675692,22.0988597227,nan,nan,nan,nan,nan,nan,nan
549,45.5263157895,1.1437662045,nan,0.0000000023,86.4619186549,nan,nan,nan,nan,nan,nan,nan
550,45.5263157895,0.8687928767,nan,0.0000012895,58.8957180528,nan,nan,nan,nan,nan,nan,nan
551,45.5263157895,0.8808628718,nan,0.0000010127,59.9452120963,nan,nan,nan,nan,nan,nan,nan
552,45.5263157895,0.3216577909,nan,0.0021325276,26.7110534466,nan,nan,nan,nan,nan,nan,nan
553,45.5263157895,0.0418839293,nan,0.0066432821,21.7761730574,nan,nan,nan,nan,nan,nan,nan
554,45.5263157895,0.8030245915,nan,0.0000045336,53.4355751676,nan,nan,nan,nan,nan,nan,nan
555,45.5263157895,0.3153137527,nan,0.0022317588,26.5135274163,nan,nan,nan,nan,nan,nan,nan
556,45.5263157895,0.3361064940,nan,0.0019160843,27.1758537868,nan,nan,nan,nan,nan,nan,nan
557,45.5263157895,0.9379097976,nan,0.0000003087,65.1047099024,nan,nan,nan,nan,nan,nan,nan
558,45.5263157895,0.6022753129,nan,0.0001131062,39.4651348762,nan,nan,nan,nan,nan,nan,nan
559,45.5263157895,0.3083422187,nan,0.0023436487,26.3010749281,nan,nan,nan,nan,nan,nan,nan
560,45.5263157895,0.8015707991,nan,0.0000046561,53.3198113045,nan,nan,nan,nan,nan,nan,nan
561,45.5263157895,0.6499508719,nan,0.0000573347,42.4158214975,nan,nan,nan,nan,nan,nan,nan
562,45.5263157895,0.4784704979,nan,0.0005166860,32.8677329477,nan,nan,nan,nan,nan,nan,nan
563,45.5263157895,0.3679821749,nan,0.0014877477,28.2747070926,nan,nan,nan,nan,nan,nan,nan
564,45.5263157895,0.3569892840,nan,0.0016276747,27.8843237593,nan,nan,nan,nan,nan,nan,nan
565,45.5263157895,0.9626843322,nan,0.0000001800,67.4478779745,nan,nan,nan,nan,nan,nan,nan
566,45.5263157895,0.1819819574,nan,0.0046936156,23.2849248411,nan,nan,nan,nan,nan,nan,nan
567,45.5263157895,0.4067305838,nan,0.0010600410,29.7467735475,nan,nan,nan,nan,nan,nan,nan
568,45.5263157895,0.3953017458,nan,0.0011757028,29.2970244073,nan,nan,nan,nan,nan,nan,nan
569,45.5263157895,0.4284970523,nan,0.0008631026,30.6393759254,nan,nan,nan,nan,nan,nan,nan
570,45.5263157895,0.8911818262,nan,0.0000008215,60.8541223278,nan,nan,nan,nan,nan,nan,nan
571,45.5263157895,0.4843699553,nan,0.0004844767,33.1472713091,nan,nan,nan,nan,nan,nan,nan
572,45.5263157895,0.7390990514,nan,0.0000139746,48.5465925032,nan,nan,nan,nan,nan,nan,nan
573,45.5263157895,0.6498744294,nan,0.0000573996,42.4109075775,nan,nan,nan,nan,nan,nan,nan
574,45.5263157895,0.5776963192,nan,0.0001572863,38.0330903067,nan,nan,nan,nan,nan,nan,nan
575,45.5263157895,0.5859890703,nan,0.0001409460,38.5094728500,nan,nan,nan,nan,nan,nan,nan
576,45.5263157895,0.6114018690,nan,0.0000997168,40.0123155010,nan,nan,nan,nan,nan,nan,nan
577,45.5263157895,1.1284884222,nan,0.0000000034,84.7293311862,nan,nan,nan,nan,nan,nan,nan
578,45.5263157895,0.9875708528,nan,0.0000001032,69.8641592980,nan,nan,nan,nan,nan,nan,nan
579,45.5263157895,0.2436757888,nan,0.0034992973,24.5601916103,nan,nan,nan,nan,nan,nan,nan
580,45.5263157895,0.6348484954,nan,0.0000715088,41.4564074782,nan,nan,nan,nan,nan,nan,nan
581,45.5263157895,0.1463611073,nan,0.0053464192,22.7193699341,nan,nan,nan,nan,nan,nan,nan
582,45.5263157895,0.7388991734,nan,0.0000140218,48.5319518661,nan,nan,nan,nan,nan,nan,nan
583,45.5263157895,0.2091877657,nan,0.0041677425,23.8009912165,nan,nan,nan,nan,nan,nan,nan
584,45.5263157895,0.0549024129,nan,0.0065525506,21.8358961802,nan,nan,nan,nan,nan,nan,nan
585,45.5263157895,0.3007115702,nan,0.0024694094,26.0740690352,nan,nan,nan,nan,nan,nan,nan
586,45.5263157895,1.2337370599,nan,0.0000000002,97.1456833352,nan,nan,nan,nan,nan,nan,nan
587,45.5263157895,0.5455624133,nan,0.0002370122,36.2522927055,nan,nan,nan,nan,nan,nan,nan
588,45.5263157895,0.9461157396,nan,0.0000002586,65.8739490356,nan,nan,nan,nan,nan,nan,nan
589,45.5263157895,0.7699657462,nan,0.0000082114,50.8558232061,nan,nan,nan,nan,nan,nan,nan
590,45.5263157895,0.0653464091,nan,0.0064630371,21.8956334789,nan,nan,nan,nan,nan,nan,nan
591,45.5263157895,0.3959042102,nan,0.0011693897,29.3204074204,nan,nan,nan,nan,nan,nan,nan
592,45.5263157895,0.5037282788,nan,0.0003900315,34.0890033436,nan,nan,nan,nan,nan,nan,nan
593,45.5263157895,0.3727420389,nan,0.0014297251,28.4474746053,nan,nan,nan,nan,nan,nan,nan
594,45.5263157895,0.4452846267,nan,0.0007311202,31.3601123322,nan,nan,nan,nan,nan,nan,nan
595,45.5263157895,0.2134802861,nan,0.0040840561,23.8890829649,nan,nan,nan,nan,nan,nan,nan
596,45.5263157895,1.0649332475,nan,0.0000000167,77.7758723138,nan,nan,nan,nan,nan,nan,nan
597,45.5263157895,0.4208275733,nan,0.0009290799,30.3194694514,nan,nan,nan,nan,nan,nan,nan
598,45.5263157895,0.5969435685,nan,0.0001216370,39.1493414012,nan,nan,nan,nan,nan,nan,nan
599,45.5263157895,0.5463884296,nan,0.0002345972,36.2967723235,nan,nan,nan,nan,nan,nan,nan
600,45.5263157895,0.3690217703,nan,0.0014749427,28.3122483917,nan,nan,nan,nan,nan,nan,nan
601,45.5263157895,0.7346122315,nan,0.0000150698,48.2189114216,nan,nan,nan,nan,nan,nan,nan
602,45.5263157895,0.5006459255,nan,0.0004039667,33.9365443276,nan,nan,nan,nan,nan,nan,nan
603,45.5263157895,0.7122220520,nan,0.0000218071,46.6140181959,nan,nan,nan,nan,nan,nan,nan
604,45.5263157895,0.2083056760,nan,0.0041849338,23.7831140716,nan,nan,nan,nan,nan,nan,nan
605,45.5263157895,0.5515451806,nan,0.0002199884,36.5760012730,nan,nan,nan,nan,nan,nan,nan
606,45.5263157895,0.5215378369,nan,0.0003170644,34.9885248999,nan,nan,nan,nan,nan,nan,nan
607,45.5263157895,1.4235984397,nan,0.0000000000,122.3909328762,nan,nan,nan,nan,nan,nan,nan
608,45.5263157895,0.3146291436,nan,0.0022426161,26.4924506809,nan,nan,nan,nan,nan,nan,nan
609,45.5263157895,0.1377933017,nan,0.0054929707,22.6019271813,nan,nan,nan,nan,nan,nan,nan
610,45.5263157895,0.0759575131,nan,0.0063574918,21.9671419248,nan,nan,nan,nan,nan,nan,nan
611,45.5263157895,0.8866327514,nan,0.0000009011,60.4521064162,nan,nan,nan,nan,nan,nan,nan
612,45.5263157895,0.3592539962,nan,0.0015981720,27.9637649343,nan,nan,nan,nan,nan,nan,nan
613,45.5263157895,0.7459653393,nan,0.0000124395,49.0519773011,nan,nan,nan,nan,nan,nan,nan
614,45.5263157895,0.4587002196,nan,0.0006373353,31.9563205366,nan,nan,nan,nan,nan,nan,nan
615,45.5263157895,0.7292140207,nan,0.0000164917,47.8273572419,nan,nan,nan,nan,nan,nan,nan
616,45.5263157895,0.0279266630,nan,0.0067139287,21.7302327359,nan,nan,nan,nan,nan,nan,nan
617,45.5263157895,1.0054213798,nan,0.0000000686,71.6359095112,nan,nan,nan,nan,nan,nan,nan
618,45.5263157895,0.2937112195,nan,0.0025876780,25.8708976967,nan,nan,nan,nan,nan,nan,nan
619,45.5263157895,0.5531761452,nan,0.0002155326,36.6648700586,nan,nan,nan,nan,nan,nan,nan
620,45.5263157895,0.4371773934,nan,0.0007927692,31.0085323144,nan,nan,nan,nan,nan,nan,nan
621,45.5263157895,0.5807917860,nan,0.0001510044,38.2101042523,nan,nan,nan,nan,nan,nan,nan
622,45.5263157895,0.9017000670,nan,0.0000006620,61.7916595306,nan,nan,nan,nan,nan,nan,nan
623,45.5263157895,0.6633820802,nan,0.0000468993,43.2883336006,nan,nan,nan,nan,nan,nan,nan
624,45.5263157895,0.3259410420,nan,0.0020669610,26.8466771640,nan,nan,nan,nan,nan,nan,nan
625,45.5263157895,0.4143447588,nan,0.0009877250,30.0536396366,nan,nan,nan,nan,nan,nan,nan
626,45.5263157895,1.1122460860,nan,0.0000000051,82.9133243573,nan,nan,nan,nan,nan,nan,nan
627,45.5263157895,0.4024487718,nan,0.0011023642,29.5767489999,nan,nan,nan,nan,nan,nan,nan
628,45.5263157895,0.7137526050,nan,0.0000212710,46.7221183819,nan,nan,nan,nan,nan,nan,nan
629,45.5263157895,0.3069716236,nan,0.0023659879,26.2598748154,nan,nan,nan,nan,nan,nan,nan
630,45.5263157895,0.1932613505,nan,0.0044771018,23.4900302951,nan,nan,nan,nan,nan,nan,nan
631,45.5263157895,0.6304426633,nan,0.0000761932,41.1808355525,nan,nan,nan,nan,nan,nan,nan
632,45.5263157895,0.1858623344,nan,0.0046194770,23.3540719400,nan,nan,nan,nan,nan,nan,nan
633,45.5263157895,0.7843738173,nan,0.0000063583,51.9666101207,nan,nan,nan,nan,nan,nan,nan
634,45.5263157895,0.4575131339,nan,0.0006452322,31.9028393723,nan,nan,nan,nan,nan,nan,nan
635,45.5263157895,0.5003220144,nan,0.0004054545,33.9205782943,nan,nan,nan,nan,nan,nan,nan
636,45.5263157895,0.2701421698,nan,0.0030042851,25.2225885694,nan,nan,nan,nan,nan,nan,nan
637,45.5263157895,0.0985274109,nan,0.0060874974,22.1556120845,nan,nan,nan,nan,nan,nan,nan
638,45.5263157895,0.6909337928,nan,0.0000306555,45.1349167866,nan,nan,nan,nan,nan,nan,nan
639,45.5263157895,0.3894502053,nan,0.0012382845,29.0717955574,nan,nan,nan,nan,nan,nan,nan
640,45.5263157895,0.7303942713,nan,0.0000161707,47.9127149064,nan,nan,nan,nan,nan,nan,nan
641,45.5263157895,0.5504050673,nan,0.0002231497,36.5140366013,nan,nan,nan,nan,nan,nan,nan
642,45.5263157895,0.0723327560,nan,0.0063951583,21.9414869821,nan,nan,nan,nan,nan,nan,nan
643,45.5263157895,0.3025200382,nan,0.0024393006,26.1273468600,nan,nan,nan,nan,nan,nan,nan
644,45.5263157895,0.3541881300,nan,0.0016646496,27.7867716648,nan,nan,nan,nan,nan,nan,nan
645,45.5263157895,0.8121087217,nan,0.0000038337,54.1637629091,nan,nan,nan,nan,nan,nan,nan
646,45.5263157895,0.5078352532,nan,0.0003720814,34.2936200149,nan,nan,nan,nan,nan,nan,nan
647,45.5263157895,0.3875655601,nan,0.0012589308,28.9999813534,nan,nan,nan,nan,nan,nan,nan
648,45.5263157895,1.0765117358,nan,0.0000000126,79.0121476252,nan,nan,nan,nan,nan,nan,nan
649,45.5263157895,0.6411151377,nan,0.0000652871,41.8517281025,nan,nan,nan,nan,nan,nan,nan
650,45.5263157895,0.6937754628,nan,0.0000293108,45.3297171707,nan,nan,nan,nan,nan,nan,nan
651,45.5263157895,0.1864641756,nan,0.0046079426,23.3649293897,nan,nan,nan,nan,nan,nan,nan
652,45.5263157895,1.0972929315,nan,0.0000000075,81.2651110457,nan,nan,nan,nan,nan,nan,nan
653,45.5263157895,0.8609130921,nan,0.0000015071,58.2185049319,nan,nan,nan,nan,nan,nan,nan
654,45.5263157895,0.5540723435,nan,0.0002131171,36.7138160823,nan,nan,nan,nan,nan,nan,nan
655,45.5263157895,0.8069823894,nan,0.0000042152,53.7518104961,nan,nan,nan,nan,nan,nan,nan
656,45.5263157895,0.2750576178,nan,0.0029152438,25.3532512409,nan,nan,nan,nan,nan,nan,nan
657,45.5263157895,0.4790500338,nan,0.0005134475,32.8950393223,nan,nan,nan,nan,nan,nan,nan
658,45.5263157895,0.9583006397,nan,0.0000001982,67.0287484564,nan,nan,nan,nan,nan,nan,nan
659,45.5263157895,0.5878276774,nan,0.0001375299,38.6160275000,nan,nan,nan,nan,nan,nan,nan
660,45.5263157895,0.5794498800,nan,0.0001537004,38.1332494420,nan,nan,nan,nan,nan,nan,nan
661,45.5263157895,0.7438218015,nan,0.0000129012,48.8936948384,nan,nan,nan,nan,nan,nan,nan
662,45.5263157895,0.7888493285,nan,0.0000058669,52.3159094210,nan,nan,nan,nan,nan,nan,nan
663,45.5263157895,0.8583677692,nan,0.0000015845,58.0010919592,nan,nan,nan,nan,nan,nan,nan
664,45.5263157895,0.3528128559,nan,0.0016829985,27.7391626675,nan,nan,nan,nan,nan,nan,nan
665,45.5263157895,0.1997718287,nan,0.0043509853,23.6141238081,nan,nan,nan,nan,nan,nan,nan
666,45.5263157895,0.7202495268,nan,0.0000191267,47.1836098040,nan,nan,nan,nan,nan,nan,nan
667,45.5263157895,0.6686101344,nan,0.0000433225,43.6328607612,nan,nan,nan,nan,nan,nan,nan
668,45.5263157895,0.0760237096,nan,0.0063567886,21.9676222977,nan,nan,nan,nan,nan,nan,nan
669,45.5263157895,0.9738698911,nan,0.0000001404,68.5261515467,nan,nan,nan,nan,nan,nan,nan
670,45.5263157895,0.2525241979,nan,0.0033312471,24.7739315282,nan,nan,nan,nan,nan,nan,nan
671,45.5263157895,0.9662728369,nan,0.0000001662,67.7924259861,nan,nan,nan,nan,nan,nan,nan
672,45.5263157895,1.0601323491,nan,0.0000000188,77.2672485177,nan,nan,nan,nan,nan,nan,nan
673,45.5263157895,1.4559562452,nan,0.0000000000,127.0593092147,nan,nan,nan,nan,nan,nan,nan
674,45.5263157895,0.2376033196,nan,0.0036157729,24.4179885880,nan,nan,nan,nan,nan,nan,nan
675,45.5263157895,0.5493923047,nan,0.0002259903,36.4591026862,nan,nan,nan,nan,nan,nan,nan
676,45.5263157895,0.5341057079,nan,0.0002727457,35.6424201423,nan,nan,nan,nan,nan,nan,nan
677,45.5263157895,0.1235237799,nan,0.0057249355,22.4222940484,nan,nan,nan,nan,nan,nan,nan
678,45.5263157895,0.4229411207,nan,0.0009105331,30.4070428302,nan,nan,nan,nan,nan,nan,nan
679,45.5263157895,0.6340369664,nan,0.0000723519,41.4055021614,nan,nan,nan,nan,nan,nan,nan
680,45.5263157895,0.4009766465,nan,0.0011171936,29.5187154907,nan,nan,nan,nan,nan,nan,nan
681,45.5263157895,0.2890116045,nan,0.0026685609,25.7372288774,nan,nan,nan,nan,nan,nan,nan
682,45.5263157895,0.3807910554,nan,0.0013351304,28.7447630900,nan,nan,nan,nan,nan,nan,nan
683,45.5263157895,0.5884716852,nan,0.0001363506,38.6534305629,nan,nan,nan,nan,nan,nan,nan
684,45.5263157895,0.3281515937,nan,0.0020335812,26.9173848883,nan,nan,nan,nan,nan,nan,nan
685,45.5263157895,0.8538967938,nan,0.0000017295,57.6207801308,nan,nan,nan,nan,nan,nan,nan
686,45.5263157895,0.3711685454,nan,0.0014487344,28.3901122254,nan,nan,nan,nan,nan,nan,nan
687,45.5263157895,0.4230374066,nan,0.0009096948,30.4110429928,nan,nan,nan,nan,nan,nan,nan
688,45.5263157895,1.3469687051,nan,0.0000000000,111.7604252333,nan,nan,nan,nan,nan,nan,nan
689,45.5263157895,0.7773234846,nan,0.0000072103,51.4204512777,nan,nan,nan,nan,nan,nan,nan
690,45.5263157895,0.7460799382,nan,0.0000124152,49.0604525138,nan,nan,nan,nan,nan,nan,nan
691,45.5263157895,0.2529520330,nan,0.0033231790,24.7844625884,nan,nan,nan,nan,nan,nan,nan
692,45.5263157895,0.9288705723,nan,0.0000003745,64.2652398260,nan,nan,nan,nan,nan,nan,nan
693,45.5263157895,1.0674874935,nan,0.0000000157,78.0474299219,nan,nan,nan,nan,nan,nan,nan
694,45.5263157895,0.7792911263,nan,0.0000069625,51.5723717935,nan,nan,nan,nan,nan,nan,nan
695,45.5263157895,0.4489143459,nan,0.0007047503,31.5196475328,nan,nan,nan,nan,nan,nan,nan
696,45.5263157895,0.3773349699,nan,0.0013752059,28.6163226175,nan,nan,nan,nan,nan,nan,nan
697,45.5263157895,0.7482967956,nan,0.0000119546,49.2246615822,nan,nan,nan,nan,nan,nan,nan
698,45.5263157895,0.4836669277,nan,0.0004882276,33.1137764970,nan,nan,nan,nan,nan,nan,nan
699,45.5263157895,0.5527427247,nan,0.0002167091,36.6412276133,nan,nan,nan,nan,nan,nan,nan
700,45.5263157895,0.1595581791,nan,0.0051116841,22.9143599478,nan,nan,nan,nan,nan,nan,nan
701,45.5263157895,0.3804796604,nan,0.0013387079,28.7331417539,nan,nan,nan,nan,nan,nan,nan
702,45.5263157895,0.1711340417,nan,0.0048983725,23.0994819121,nan,nan,nan,nan,nan,nan,nan
703,45.5263157895,0.5375903944,nan,0.0002614251,35.8265277052,nan,nan,nan,nan,nan,nan,nan
704,45.5263157895,0.3035929348,nan,0.0024215263,26.1591080608,nan,nan,nan,nan,nan,nan,nan
705,45.5263157895,0.3678122066,nan,0.0014898483,28.2685795255,nan,nan,nan,nan,nan,nan,nan
706,45.5263157895,0.6185085337,nan,0.0000902779,40.4441867587,nan,nan,nan,nan,nan,nan,nan
707,45.5263157895,0.6917537998,nan,0.0000302618,45.1910459837,nan,nan,nan,nan,nan,nan,nan
708,45.5263157895,0.6479315578,nan,0.0000590716,42.2862120898,nan,nan,nan,nan,nan,nan,nan
709,45.5263157895,0.1619347467,nan,0.0050683994,22.9512917292,nan,nan,nan,nan,nan,nan,nan
710,45.5263157895,0.3943608839,nan,0.0011856105,29.2605798104,nan,nan,nan,nan,nan,nan,nan
711,45.5263157895,0.6958236801,nan,0.0000283751,45.4706292342,nan,nan,nan,nan,nan,nan,nan
712,45.5263157895,0.7543085055,nan,0.0000107834,49.6724586682,nan,nan,nan,nan,nan,nan,nan
713,45.5263157895,0.5158232252,nan,0.0003391227,34.6964316488,nan,nan,nan,nan,nan,nan,nan
714,45.5263157895,1.0190147771,nan,0.0000000500,73.0067570668,nan,nan,nan,nan,nan,nan,nan
715,45.5263157895,0.2871637746,nan,0.0027006779,25.6852721120,nan,nan,nan,nan,nan,nan,nan
716,45.5263157895,0.2834498180,nan,0.0027657514,25.5818685567,nan,nan,nan,nan,nan,nan,nan
717,45.5263157895,0.4949122496,nan,0.0004309753,33.6554757451,nan,nan,nan,nan,nan,nan,nan
718,45.5263157895,0.6587553157,nan,0.0000502837,42.9857238620,nan,nan,nan,nan,nan,nan,nan
719,45.5263157895,1.0166559556,nan,0.0000000529,72.7675362542,nan,nan,nan,nan,nan,nan,nan
720,45.5263157895,0.6007052649,nan,0.0001155621,39.3718461518,nan,nan,nan,nan,nan,nan,nan
721,45.5263157895,0.7126161165,nan,0.0000216679,46.6418277098,nan,nan,nan,nan,nan,nan,nan
722,45.5263157895,0.1415028168,nan,0.0054301377,22.6518915959,nan,nan,nan,nan,nan,nan,nan
723,45.5263157895,0.2474780581,nan,0.0034268185,24.6510889458,nan,nan,nan,nan,nan,nan,nan
724,45.5263157895,0.5117530697,nan,0.0003555997,34.4903864187,nan,nan,nan,nan,nan,nan,nan
725,45.5263157895,0.5019124914,nan,0.0003981919,33.9990759583,nan,nan,nan,nan,nan,nan,nan
726,45.5263157895,0.0981818185,nan,0.0060920683,22.1523523967,nan,nan,nan,nan,nan,nan,nan
727,45.5263157895,1.2232342791,nan,0.0000000003,95.8561347208,nan,nan,nan,nan,nan,nan,nan
728,45.5263157895,0.8159616543,nan,0.0000035685,54.4751301332,nan,nan,nan,nan,nan,nan,nan
729,45.5263157895,0.2521728466,nan,0.0033378770,24.7652966467,nan,nan,nan,nan,nan,nan,nan
730,45.5263157895,0.2365006090,nan,0.0036370084,24.3925569290,nan,nan,nan,nan,nan,nan,nan
731,45.5263157895,0.6622381374,nan,0.0000477165,43.2133146423,nan,nan,nan,nan,nan,nan,nan
732,45.5263157895,0.1584643689,nan,0.0051315095,22.8975486449,nan,nan,nan,nan,nan,nan,nan
733,45.5263157895,0.4209553639,nan,0.0009279505,30.3247517000,nan,nan,nan,nan,nan,nan,nan
734,45.5263157895,0.8376208753,nan,0.0000023695,56.2533593146,nan,nan,nan,nan,nan,nan,nan
735,45.5263157895,0.6413797133,nan,0.0000650353,41.8685052383,nan,nan,nan,nan,nan,nan,nan
736,45.5263157895,0.4953608061,nan,0.0004288105,33.6773456432,nan,nan,nan,nan,nan,nan,nan
737,45.5263157895,1.3478098738,nan,0.0000000000,111.8738730477,nan,nan,nan,nan,nan,nan,nan
738,45.5263157895,0.6962345005,nan,0.0000281907,45.4989434481,nan,nan,nan,nan,nan,nan,nan
739,45.5263157895,0.2173874121,nan,0.0040078856,23.9708468158,nan,nan,nan,nan,nan,nan,nan
740,45.5263157895,0.3166144243,nan,0.0022112106,26.5536988469,nan,nan,nan,nan,nan,nan,nan
741,45.5263157895,0.3033946949,nan,0.0024248055,26.1532309119,nan,nan,nan,nan,nan,nan,nan
742,45.5263157895,0.4842951991,nan,0.0004848744,33.1437073000,nan,nan,nan,nan,nan,nan,nan
743,45.5263157895,1.2533851479,nan,0.0000000001,99.5881997380,nan,nan,nan,nan,nan,nan,nan
744,45.5263157895,0.2832941724,nan,0.0027684935,25.5775649576,nan,nan,nan,nan,nan,nan,nan
745,45.5263157895,0.7539096849,nan,0.0000108577,49.6426387466,nan,nan,nan,nan,nan,nan,nan
746,45.5263157895,0.1085169342,nan,0.0059499467,22.2548692628,nan,nan,nan,nan,nan,nan,nan
747,45.5263157895,0.3305506552,nan,0.0019977116,26.9946720548,nan,nan,nan,nan,nan,nan,nan
748,45.5263157895,0.7600629498,nan,0.0000097622,50.1045042583,nan,nan,nan,nan,nan,nan,nan
749,45.5263157895,0.2120275508,nan,0.0041123814,23.8590661245,nan,nan,nan,nan,nan,nan,nan
750,45.5263157895,0.5541380451,nan,0.0002129410,36.7174075567,nan,nan,nan,nan,nan,nan,nan
751,45.5263157895,0.4900140195,nan,0.0004552011,33.4179672796,nan,nan,nan,nan,nan,nan,nan
752,45.5263157895,0.2616895668,nan,0.0031597307,25.0034992353,nan,nan,nan,nan,nan,nan,nan
753,45.5263157895,0.9895608989,nan,0.0000000986,70.0600833289,nan,nan,nan,nan,nan,nan,nan
754,45.5263157895,0.8145734411,nan,0.0000036620,54.3627717754,nan,nan,nan,nan,nan,nan,nan
755,45.5263157895,0.5806281281,nan,0.0001513310,38.2007214187,nan,nan,nan,nan,nan,nan,nan
756,45.5263157895,0.3201336383,nan,0.0021561388,26.6632329218,nan,nan,nan,nan,nan,nan,nan
757,45.5263157895,0.3364796078,nan,0.0019106752,27.1881314109,nan,nan,nan,nan,nan,nan,nan
758,45.5263157895,0.3662460077,nan,0.0015092975,28.2122515557,nan,nan,nan,nan,nan,nan,nan
759,45.5263157895,0.5595302238,nan,0.0001989007,37.0136378426,nan,nan,nan,nan,nan,nan,nan
760,45.5263157895,0.6786713013,nan,0.0000371225,44.3036244473,nan,nan,nan,nan,nan,nan,nan
761,45.5263157895,0.5107926085,nan,0.0003595832,34.4420065051,nan,nan,nan,nan,nan,nan,nan
762,45.5263157895,0.5722729909,nan,0.0001688389,37.7252755297,nan,nan,nan,nan,nan,nan,nan
763,45.5263157895,0.4529018749,nan,0.0006766394,31.6964268720,nan,nan,nan,nan,nan,nan,nan
764,45.5263157895,0.7154991776,nan,0.0000206740,46.8457637856,nan,nan,nan,nan,nan,nan,nan
765,45.5263157895,0.3890725707,nan,0.0012424023,29.0573774641,nan,nan,nan,nan,nan,nan,nan
766,45.5263157895,0.2892402353,nan,0.0026645992,25.7436810006,nan,nan,nan,nan,nan,nan,nan
767,45.5263157895,0.2094130165,nan,0.0041633520,23.8055686395,nan,nan,nan,nan,nan,nan,nan
768,45.5263157895,0.5270776149,nan,0.0002968380,35.2748043429,nan,nan,nan,nan,nan,nan,nan
769,45.5263157895,1.1116437787,nan,0.0000000052,82.8464966963,nan,nan,nan,nan,nan,nan,nan
770,45.5263157895,0.2581416475,nan,0.0032257843,24.9136467423,nan,nan,nan,nan,nan,nan,nan
771,45.5263157895,0.8904259365,nan,0.0000008342,60.7871771457,nan,nan,nan,nan,nan,nan,nan
772,45.5263157895,0.9069915829,nan,0.0000005933,62.2675431234,nan,nan,nan,nan,nan,nan,nan
773,45.5263157895,1.0074454517,nan,0.0000000655,71.8388446569,nan,nan,nan,nan,nan,nan,nan
774,45.5263157895,0.2302158967,nan,0.0037584531,24.2499085952,nan,nan,nan,nan,nan,nan,nan
775,45.5263157895,0.5070716231,nan,0.0003753663,34.2554468196,nan,nan,nan,nan,nan,nan,nan
776,45.5263157895,0.3719784165,nan,0.0014389292,28.4196056227,nan,nan,nan,nan,nan,nan,nan
777,45.5263157895,0.3495568139,nan,0.0017269525,27.6271959806,nan,nan,nan,nan,nan,nan,nan
778,45.5263157895,0.3498129169,nan,0.0017234693,27.6359644589,nan,nan,nan,nan,nan,nan,nan
779,45.5263157895,0.1707147282,nan,0.0049062014,23.0925462509,nan,nan,nan,nan,nan,nan,nan
780,45.5263157895,0.3074532200,nan,0.0023581258,26.2743303521,nan,nan,nan,nan,nan,nan,nan
781,45.5263157895,0.6387804173,nan,0.0000675463,41.7039848938,nan,nan,nan,nan,nan,nan,nan
782,45.5263157895,0.7989210095,nan,0.0000048872,53.1093599431,nan,nan,nan,nan,nan,nan,nan
783,45.5263157895,0.3312783980,nan,0.0019869046,27.0182298279,nan,nan,nan,nan,nan,nan,nan
784,45.5263157895,0.6391748282,nan,0.0000671598,41.7289051109,nan,nan,nan,nan,nan,nan,nan
785,45.5263157895,0.9854722739,nan,0.0000001082,69.6579842472,nan,nan,nan,nan,nan,nan,nan
786,45.5263157895,0.9440815016,nan,0.0000002702,65.6826211548,nan,nan,nan,nan,nan,nan,nan
787,45.5263157895,0.6450428768,nan,0.0000616380,42.1015150640,nan,nan,nan,nan,nan,nan,nan
788,45.5263157895,0.3020966741,nan,0.0024463324,26.1148453627,nan,nan,nan,nan,nan,nan,nan
789,45.5263157895,0.6873834770,nan,0.0000324140,44.8926795770,nan,nan,nan,nan,nan,nan,nan
790,45.5263157895,0.5406174024,nan,0.0002519160,35.9874422758,nan,nan,nan,nan,nan,nan,nan
791,45.5263157895,0.8700683203,nan,0.0000012572,59.0059233337,nan,nan,nan,nan,nan,nan,nan
792,45.5263157895,0.3976835263,nan,0.0011508857,29.3896780244,nan,nan,nan,nan,nan,nan,nan
793,45.5263157895,0.2117531434,nan,0.0041177316,23.8534196285,nan,nan,nan,nan,nan,nan,nan
794,45.5263157895,0.2006530890,nan,0.0043338689,23.6312422566,nan,nan,nan,nan,nan,nan,nan
795,45.5263157895,0.7080590905,nan,0.0000233282,46.3211888731,nan,nan,nan,nan,nan,nan,nan
796,45.5263157895,0.5301374612,nan,0.0002861379,35.4342462725,nan,nan,nan,nan,nan,nan,nan
797,45.5263157895,0.2247192045,nan,0.0038651408,24.1283467608,nan,nan,nan,nan,nan,nan,nan
798,45.5263157895,0.4920047935,nan,0.0004452247,33.5142075701,nan,nan,nan,nan,nan,nan,nan
799,45.5263157895,0.2387446366,nan,0.0035938196,24.4444372492,nan,nan,nan,nan,nan,nan,nan
800,45.5263157895,0.7627603279,nan,0.0000093150,50.3081731317,nan,nan,nan,nan,nan,nan,nan
801,45.5263157895,0.8354213169,nan,0.0000024714,56.0706147855,nan,nan,nan,nan,nan,nan,nan
802,45.5263157895,0.0994376751,nan,0.0060753967,22.1642535688,nan,nan,nan,nan,nan,nan,nan
803,45.5263157895,0.8036735162,nan,0.0000044799,53.4873171347,nan,nan,nan,nan,nan,nan,nan
804,45.5263157895,0.5052601583,nan,0.0003832546,34.1651268000,nan,nan,nan,nan,nan,nan,nan
805,45.5263157895,0.6905869282,nan,0.0000308234,45.1111943962,nan,nan,nan,nan,nan,nan,nan
806,45.5263157895,0.3103440610,nan,0.0023112208,26.3615855665,nan,nan,nan,nan,nan,nan,nan
807,45.5263157895,0.2421386999,nan,0.0035287007,24.5238518179,nan,nan,nan,nan,nan,nan,nan
808,45.5263157895,0.3340870457,nan,0.0019455203,27.1096423919,nan,nan,nan,nan,nan,nan,nan
809,45.5263157895,0.7317209214,nan,0.0000158167,48.0088279087,nan,nan,nan,nan,nan,nan,nan
810,45.5263157895,0.0563077153,nan,0.0065413587,21.8433203498,nan,nan,nan,nan,nan,nan,nan
811,45.5263157895,0.3484769418,nan,0.0017416886,27.5902950125,nan,nan,nan,nan,nan,nan,nan
812,45.5263157895,0.4270815412,nan,0.0008750058,30.5798907575,nan,nan,nan,nan,nan,nan,nan
813,45.5263157895,0.6634050514,nan,0.0000468831,43.2898413851,nan,nan,nan,nan,nan,nan,nan
814,45.5263157895,0.7440941081,nan,0.0000128417,48.9137767487,nan,nan,nan,nan,nan,nan,nan
815,45.5263157895,0.4514666805,nan,0.0006866545,31.6326172954,nan,nan,nan,nan,nan,nan,nan
816,45.5263157895,0.3677977113,nan,0.0014900275,28.2680570857,nan,nan,nan,nan,nan,nan,nan
817,45.5263157895,0.7537017097,nan,0.0000108966,49.6270947367,nan,nan,nan,nan,nan,nan,nan
818,45.5263157895,0.0410064035,nan,0.0066485444,21.7727342445,nan,nan,nan,nan,nan,nan,nan
819,45.5263157895,0.2574530770,nan,0.0032386552,24.8963528510,nan,nan,nan,nan,nan,nan,nan
820,45.5263157895,0.1785520728,nan,0.0047587844,23.2250396982,nan,nan,nan,nan,nan,nan,nan
821,45.5263157895,0.2304022088,nan,0.0037548438,24.2540812884,nan,nan,nan,nan,nan,nan,nan
822,45.5263157895,0.4026053676,nan,0.0011007951,29.5829349730,nan,nan,nan,nan,nan,nan,nan
823,45.5263157895,0.4654442840,nan,0.0005939049,32.2628308452,nan,nan,nan,nan,nan,nan,nan
824,45.5263157895,0.3441671852,nan,0.0018012835,27.4441793090,nan,nan,nan,nan,nan,nan,nan
825,45.5263157895,0.5794290690,nan,0.0001537426,38.1320589609,nan,nan,nan,nan,nan,nan,nan
826,45.5263157895,0.3906120218,nan,0.0012256761,29.1162428725,nan,nan,nan,nan,nan,nan,nan
827,45.5263157895,1.1441562784,nan,0.0000000022,86.5064652782,nan,nan,nan,nan,nan,nan,nan
828,45.5263157895,0.4640677136,nan,0.0006025738,32.1998979054,nan,nan,nan,nan,nan,nan,nan
829,45.5263157895,0.5429381666,nan,0.0002448254,36.1114351392,nan,nan,nan,nan,nan,nan,nan
830,45.5263157895,0.3990391782,nan,0.0011369289,29.4426668538,nan,nan,nan,nan,nan,nan,nan
831,45.5263157895,0.5499398193,nan,0.0002244508,36.4887880152,nan,nan,nan,nan,nan,nan,nan
832,45.5263157895,0.9785901866,nan,0.0000001263,68.9849807697,nan,nan,nan,nan,nan,nan,nan
833,45.5263157895,0.2020900636,nan,0.0043059406,23.6593196885,nan,nan,nan,nan,nan,nan,nan
834,45.5263157895,0.3965571149,nan,0.0011625753,29.3457890018,nan,nan,nan,nan,nan,nan,nan
835,45.5263157895,0.6114802008,nan,0.0000996082,40.0170480671,nan,nan,nan,nan,nan,nan,nan
836,45.5263157895,0.2315996145,nan,0.0037316589,24.2809805778,nan,nan,nan,nan,nan,nan,nan
837,45.5263157895,0.8351114335,nan,0.0000024860,56.0449081884,nan,nan,nan,nan,nan,nan,nan
838,45.5263157895,0.2998268367,nan,0.0024842066,26.0481228784,nan,nan,nan,nan,nan,nan,nan
839,45.5263157895,0.5165365126,nan,0.0003363015,34.7327115466,nan,nan,nan,nan,nan,nan,nan
840,45.5263157895,0.7046651911,nan,0.0000246391,46.0837475521,nan,nan,nan,nan,nan,nan,nan
841,45.5263157895,0.2173745479,nan,0.0040081363,23.9705751366,nan,nan,nan,nan,nan,nan,nan
842,45.5263157895,0.7937431046,nan,0.0000053701,52.7001649571,nan,nan,nan,nan,nan,nan,nan
843,45.5263157895,0.0415075402,nan,0.0066455526,21.7746890156,nan,nan,nan,nan,nan,nan,nan
844,45.5263157895,0.4724328723,nan,0.0005514102,32.5852521591,nan,nan,nan,nan,nan,nan,nan
845,45.5263157895,0.4211291903,nan,0.0009264160,30.3319394681,nan,nan,nan,nan,nan,nan,nan
846,45.5263157895,0.0807975109,nan,0.0063046556,22.0033863401,nan,nan,nan,nan,nan,nan,nan
847,45.5263157895,0.2839900716,nan,0.0027562428,25.5968252097,nan,nan,nan,nan,nan,nan,nan
848,45.5263157895,0.8659591500,nan,0.0000013641,58.6514566851,nan,nan,nan,nan,nan,nan,nan
849,45.5263157895,0.7947990200,nan,0.0000052682,52.7833914237,nan,nan,nan,nan,nan,nan,nan
850,45.5263157895,0.4800236077,nan,0.0005080439,32.9409874641,nan,nan,nan,nan,nan,nan,nan
851,45.5263157895,0.2849587138,nan,0.0027392306,25.6237140607,nan,nan,nan,nan,nan,nan,nan
852,45.5263157895,0.3952953345,nan,0.0011757701,29.2967757639,nan,nan,nan,nan,nan,nan,nan
853,45.5263157895,0.2007693910,nan,0.0043316094,23.6335071383,nan,nan,nan,nan,nan,nan,nan
854,45.5263157895,0.2414849832,nan,0.0035412228,24.5084675101,nan,nan,nan,nan,nan,nan,nan
855,45.5263157895,0.5998308378,nan,0.0001169500,39.3199969595,nan,nan,nan,nan,nan,nan,nan
856,45.5263157895,0.2762015085,nan,0.0028946751,25.3840016963,nan,nan,nan,nan,nan,nan,nan
857,45.5263157895,1.2275665868,nan,0.0000000002,96.3867048045,nan,nan,nan,nan,nan,nan,nan
858,45.5263157895,0.4272830490,nan,0.0008733038,30.5883466710,nan,nan,nan,nan,nan,nan,nan
859,45.5263157895,0.3045063580,nan,0.0024064462,26.1862384011,nan,nan,nan,nan,nan,nan,nan
860,45.5263157895,0.5705680564,nan,0.0001726189,37.6291172633,nan,nan,nan,nan,nan,nan,nan
861,45.5263157895,1.0660430171,nan,0.0000000162,77.8937775168,nan,nan,nan,nan,nan,nan,nan
862,45.5263157895,0.3119271230,nan,0.0022857465,26.4097193567,nan,nan,nan,nan,nan,nan,nan
863,45.5263157895,0.3430795174,nan,0.0018165211,27.4075956359,nan,nan,nan,nan,nan,nan,nan
864,45.5263157895,0.5295862951,nan,0.0002880410,35.4054569417,nan,nan,nan,nan,nan,nan,nan
865,45.5263157895,0.3837025844,nan,0.0013020002,28.8538896481,nan,nan,nan,nan,nan,nan,nan
866,45.5263157895,0.3421569910,nan,0.0018295072,27.3766587357,nan,nan,nan,nan,nan,nan,nan
867,45.5263157895,0.4764289557,nan,0.0005282253,32.7718078797,nan,nan,nan,nan,nan,nan,nan
868,45.5263157895,0.1808291780,nan,0.0047155588,23.2646683241,nan,nan,nan,nan,nan,nan,nan
869,45.5263157895,1.0682602315,nan,0.0000000154,78.1297147375,nan,nan,nan,nan,nan,nan,nan
870,45.5263157895,1.0349503143,nan,0.0000000344,74.6376286741,nan,nan,nan,nan,nan,nan,nan
871,45.5263157895,0.7961306856,nan,0.0000051422,52.8885126631,nan,nan,nan,nan,nan,nan,nan
872,45.5263157895,0.6743640921,nan,0.0000396714,44.0152224749,nan,nan,nan,nan,nan,nan,nan
873,45.5263157895,0.9710477285,nan,0.0000001495,68.2529045218,nan,nan,nan,nan,nan,nan,nan
874,45.5263157895,0.3925740890,nan,0.0012045891,29.1916107000,nan,nan,nan,nan,nan,nan,nan
875,45.5263157895,0.2640979209,nan,0.0031151559,25.0652021363,nan,nan,nan,nan,nan,nan,nan
876,45.5263157895,0.5690075317,nan,0.0001761425,37.5413592959,nan,nan,nan,nan,nan,nan,nan
877,45.5263157895,0.1058598599,nan,0.0059875371,22.2275178355,nan,nan,nan,nan,nan,nan,nan
878,45.5263157895,0.1851243824,nan,0.0046336074,23.3408076856,nan,nan,nan,nan,nan,nan,nan
879,45.5263157895,0.4743521370,nan,0.0005401753,32.6746530215,nan,nan,nan,nan,nan,nan,nan
880,45.5263157895,0.2020391079,nan,0.0043069313,23.6583205690,nan,nan,nan,nan,nan,nan,nan
881,45.5263157895,0.5999310976,nan,0.0001167901,39.3259379733,nan,nan,nan,nan,nan,nan,nan
882,45.5263157895,0.4431563177,nan,0.0007469336,31.2671800445,nan,nan,nan,nan,nan,nan,nan
883,45.5263157895,0.6170637207,nan,0.0000921303,40.3559748127,nan,nan,nan,nan,nan,nan,nan
884,45.5263157895,0.6386132735,nan,0.0000677107,41.6934288961,nan,nan,nan,nan,nan,nan,nan
885,45.5263157895,0.8864423252,nan,0.0000009046,60.4353234619,nan,nan,nan,nan,nan,nan,nan
886,45.5263157895,0.5528231008,nan,0.0002164905,36.6456105877,nan,nan,nan,nan,nan,nan,nan
887,45.5263157895,0.5437738640,nan,0.0002423139,36.1562166450,nan,nan,nan,nan,nan,nan,nan
888,45.5263157895,0.0612869773,nan,0.0064995586,21.8711613718,nan,nan,nan,nan,nan,nan,nan
889,45.5263157895,0.3944070864,nan,0.0011851225,29.2623674184,nan,nan,nan,nan,nan,nan,nan
890,45.5263157895,0.6107890828,nan,0.0001005700,39.9753140926,nan,nan,nan,nan,nan,nan,nan
891,45.5263157895,0.6398543794,nan,0.0000664986,41.7718781422,nan,nan,nan,nan,nan,nan,nan
892,45.5263157895,0.2501284917,nan,0.0033765279,24.7152965523,nan,nan,nan,nan,nan,nan,nan
893,45.5263157895,0.3147830681,nan,0.0022401725,26.4971854218,nan,nan,nan,nan,nan,nan,nan
894,45.5263157895,0.2855089165,nan,0.0027295882,25.6390287588,nan,nan,nan,nan,nan,nan,nan
895,45.5263157895,0.4788151175,nan,0.0005147583,32.8839665650,nan,nan,nan,nan,nan,nan,nan
896,45.5263157895,0.8137318781,nan,0.0000037198,54.2947525282,nan,nan,nan,nan,nan,nan,nan
897,45.5263157895,0.2228727368,nan,0.0039010533,24.0881811354,nan,nan,nan,nan,nan,nan,nan
898,45.5263157895,0.7358284977,nan,0.0000147654,48.3075373208,nan,nan,nan,nan,nan,nan,nan
899,45.5263157895,0.2491444472,nan,0.0033951764,24.6913766208,nan,nan,nan,nan,nan,nan,nan
900,45.5263157895,0.1559406755,nan,0.0051770110,22.8592091538,nan,nan,nan,nan,nan,nan,nan
901,45.5263157895,0.4369332977,nan,0.0007946852,30.9980486185,nan,nan,nan,nan,nan,nan,nan
902,45.5263157895,0.2942891848,nan,0.0025778119,25.8874878044,nan,nan,nan,nan,nan,nan,nan
903,45.5263157895,1.0279122854,nan,0.0000000406,73.9141728435,nan,nan,nan,nan,nan,nan,nan
904,45.5263157895,0.6353394366,nan,0.0000710030,41.4872351985,nan,nan,nan,nan,nan,nan,nan
905,45.5263157895,0.0782260516,nan,0.0063330852,21.9838466850,nan,nan,nan,nan,nan,nan,nan
906,45.5263157895,0.1856339501,nan,0.0046238516,23.3499611362,nan,nan,nan,nan,nan,nan,nan
907,45.5263157895,0.2731284028,nan,0.0029500656,25.3016832665,nan,nan,nan,nan,nan,nan,nan
908,45.5263157895,0.6387543983,nan,0.0000675719,41.7023414759,nan,nan,nan,nan,nan,nan,nan
909,45.5263157895,0.5342709861,nan,0.0002721996,35.6511248491,nan,nan,nan,nan,nan,nan,nan
910,45.5263157895,0.6729251831,nan,0.0000405575,43.9192919110,nan,nan,nan,nan,nan,nan,nan
911,45.5263157895,0.5269066841,nan,0.0002974456,35.2659251783,nan,nan,nan,nan,nan,nan,nan
912,45.5263157895,0.7176978335,nan,0.0000199441,47.0018502862,nan,nan,nan,nan,nan,nan,nan
913,45.5263157895,0.2377572225,nan,0.0036128110,24.4215475883,nan,nan,nan,nan,nan,nan,nan
914,45.5263157895,0.6389200800,nan,0.0000674092,41.7128074677,nan,nan,nan,nan,nan,nan,nan
915,45.5263157895,0.8898939327,nan,0.0000008433,60.7400949733,nan,nan,nan,nan,nan,nan,nan
916,45.5263157895,0.5555030117,nan,0.0002093091,36.7921191699,nan,nan,nan,nan,nan,nan,nan
917,45.5263157895,0.4832784891,nan,0.0004903102,33.0952910702,nan,nan,nan,nan,nan,nan,nan
918,45.5263157895,0.7668805226,nan,0.0000086682,50.6206891466,nan,nan,nan,nan,nan,nan,nan
919,45.5263157895,0.9663449509,nan,0.0000001660,67.7993633178,nan,nan,nan,nan,nan,nan,nan
920,45.5263157895,0.5921320509,nan,0.0001298132,38.8668101131,nan,nan,nan,nan,nan,nan,nan
921,45.5263157895,0.6119997801,nan,0.0000988905,40.0484550646,nan,nan,nan,nan,nan,nan,nan
922,45.5263157895,0.4876530941,nan,0.0004672672,33.3043467358,nan,nan,nan,nan,nan,nan,nan
923,45.5263157895,0.3815530736,nan,0.0013264038,28.7732425581,nan,nan,nan,nan,nan,nan,nan
924,45.5263157895,0.4788707865,nan,0.0005144474,32.8865900194,nan,nan,nan,nan,nan,nan,nan
925,45.5263157895,0.6044963980,nan,0.0001097102,39.5975294829,nan,nan,nan,nan,nan,nan,nan
926,45.5263157895,0.6405808712,nan,0.0000657980,41.8178708958,nan,nan,nan,nan,nan,nan,nan
927,45.5263157895,0.6514434937,nan,0.0000560804,42.5118887117,nan,nan,nan,nan,nan,nan,nan
928,45.5263157895,0.2116299368,nan,0.0041201338,23.8508868172,nan,nan,nan,nan,nan,nan,nan
929,45.5263157895,0.5314605436,nan,0.0002816126,35.5034797223,nan,nan,nan,nan,nan,nan,nan
930,45.5263157895,0.5242660588,nan,0.0003069639,35.1291271921,nan,nan,nan,nan,nan,nan,nan
931,45.5263157895,0.6511661648,nan,0.0000563116,42.4940225009,nan,nan,nan,nan,nan,nan,nan
932,45.5263157895,0.2143125583,nan,0.0040678287,23.9063734778,nan,nan,nan,nan,nan,nan,nan
933,45.5263157895,0.5367626131,nan,0.0002640777,35.7826830734,nan,nan,nan,nan,nan,nan,nan
934,45.5263157895,0.7161376151,nan,0.0000204596,46.8910374563,nan,nan,nan,nan,nan,nan,nan
935,45.5263157895,0.8491416911,nan,0.0000018974,57.2185147553,nan,nan,nan,nan,nan,nan,nan
936,45.5263157895,0.4430940388,nan,0.0007474003,31.2644674626,nan,nan,nan,nan,nan,nan,nan
937,45.5263157895,0.6004522228,nan,0.0001159622,39.3568341166,nan,nan,nan,nan,nan,nan,nan
938,45.5263157895,1.1672755036,nan,0.0000000012,89.1742684014,nan,nan,nan,nan,nan,nan,nan
939,45.5263157895,0.5623058854,nan,0.0001919879,37.1672611798,nan,nan,nan,nan,nan,nan,nan
940,45.5263157895,1.0688982970,nan,0.0000000151,78.1977045970,nan,nan,nan,nan,nan,nan,nan
941,45.5263157895,0.3118532952,nan,0.0022869312,26.4074690510,nan,nan,nan,nan,nan,nan,nan
942,45.5263157895,0.4156233529,nan,0.0009759472,30.1057367402,nan,nan,nan,nan,nan,nan,nan
943,45.5263157895,0.1393627008,nan,0.0054665066,22.6229011980,nan,nan,nan,nan,nan,nan,nan
944,45.5263157895,0.5077943806,nan,0.0003722567,34.2915753482,nan,nan,nan,nan,nan,nan,nan
945,45.5263157895,0.4990179760,nan,0.0004114900,33.8564066660,nan,nan,nan,nan,nan,nan,nan
946,45.5263157895,0.4606428718,nan,0.0006245762,32.0441457223,nan,nan,nan,nan,nan,nan,nan
947,45.5263157895,0.7920828335,nan,0.0000055341,52.5695310367,nan,nan,nan,nan,nan,nan,nan
948,45.5263157895,0.5076511327,nan,0.0003728713,34.2844106512,nan,nan,nan,nan,nan,nan,nan
949,45.5263157895,0.3044684190,nan,0.0024070716,26.1851098929,nan,nan,nan,nan,nan,nan,nan
950,45.5263157895,0.3785068798,nan,0.0013615257,28.6597416048,nan,nan,nan,nan,nan,nan,nan
951,45.5263157895,1.5960947852,nan,0.0000000000,148.5092816847,nan,nan,nan,nan,nan,nan,nan
952,45.5263157895,0.1222482432,nan,0.0057448576,22.4072073168,nan,nan,nan,nan,nan,nan,nan
953,45.5263157895,0.3302134256,nan,0.0020027312,26.9837734419,nan,nan,nan,nan,nan,nan,nan
954,45.5263157895,1.2666317339,nan,0.0000000001,101.2570632786,nan,nan,nan,nan,nan,nan,nan
955,45.5263157895,0.5011138382,nan,0.0004018253,33.9596269438,nan,nan,nan,nan,nan,nan,nan
956,45.5263157895,0.6654861687,nan,0.0000454291,43.4266618597,nan,nan,nan,nan,nan,nan,nan
957,45.5263157895,0.1454809363,nan,0.0053617020,22.7069732430,nan,nan,nan,nan,nan,nan,nan
958,45.5263157895,0.4973234325,nan,0.0004194428,33.7732726088,nan,nan,nan,nan,nan,nan,nan
959,45.5263157895,0.3584472601,nan,0.0016086413,27.9354078387,nan,nan,nan,nan,nan,nan,nan
960,45.5263157895,0.5101135076,nan,0.0003624220,34.4078548853,nan,nan,nan,nan,nan,nan,nan
961,45.5263157895,0.5469103338,nan,0.0002330821,36.3249112616,nan,nan,nan,nan,nan,nan,nan
962,45.5263157895,0.5646323267,nan,0.0001863538,37.2966169200,nan,nan,nan,nan,nan,nan,nan
963,45.5263157895,0.4742119807,nan,0.0005409895,32.6681119605,nan,nan,nan,nan,nan,nan,nan
964,45.5263157895,1.1795411636,nan,0.0000000009,90.6116676146,nan,nan,nan,nan,nan,nan,nan
965,45.5263157895,0.7612001744,nan,0.0000095713,50.1902823985,nan,nan,nan,nan,nan,nan,nan
966,45.5263157895,0.3399015873,nan,0.0018614954,27.3013803204,nan,nan,nan,nan,nan,nan,nan
967,45.5263157895,0.5780703310,nan,0.0001565155,38.0544270692,nan,nan,nan,nan,nan,nan,nan
968,45.5263157895,0.3210467641,nan,0.0021419757,26.6918546638,nan,nan,nan,nan,nan,nan,nan
969,45.5263157895,0.4811327823,nan,0.0005019436,32.9934508751,nan,nan,nan,nan,nan,nan,nan
970,45.5263157895,0.7460052376,nan,0.0000124310,49.0549278461,nan,nan,nan,nan,nan,nan,nan
971,45.5263157895,0.8064638863,nan,0.0000042557,53.7102911896,nan,nan,nan,nan,nan,nan,nan
972,45.5263157895,0.3733041049,nan,0.0014229758,28.4680247468,nan,nan,nan,nan,nan,nan,nan
973,45.5263157895,0.2204399412,nan,0.0039484119,24.0357754889,nan,nan,nan,nan,nan,nan,nan
974,45.5263157895,0.3470239033,nan,0.0017616412,27.5408254565,nan,nan,nan,nan,nan,nan,nan
975,45.5263157895,0.4501651012,nan,0.0006958368,31.5749263092,nan,nan,nan,nan,nan,nan,nan
976,45.5263157895,0.3084558949,nan,0.0023418008,26.3045004133,nan,nan,nan,nan,nan,nan,nan
977,45.5263157895,0.7070659649,nan,0.0000237051,46.2515885942,nan,nan,nan,nan,nan,nan,nan
978,45.5263157895,0.5051929962,nan,0.0003835496,34.1617844020,nan,nan,nan,nan,nan,nan,nan
979,45.5263157895,0.6771089099,nan,0.0000380295,44.1987941970,nan,nan,nan,nan,nan,nan,nan
980,45.5263157895,0.3468342060,nan,0.0017642566,27.5343826033,nan,nan,nan,nan,nan,nan,nan
981,45.5263157895,0.3861783556,nan,0.0012742809,28.9473482868,nan,nan,nan,nan,nan,nan,nan
982,45.5263157895,0.5425914336,nan,0.0002458739,36.0928757242,nan,nan,nan,nan,nan,nan,nan
983,45.5263157895,0.1543828840,nan,0.0052049245,22.8358556855,nan,nan,nan,nan,nan,nan,nan
984,45.5263157895,0.7385279362,nan,0.0000141099,48.5047702185,nan,nan,nan,nan,nan,nan,nan
985,45.5263157895,1.1102584733,nan,0.0000000054,82.6929328395,nan,nan,nan,nan,nan,nan,nan
986,45.5263157895,0.3250088864,nan,0.0020811307,26.8170064046,nan,nan,nan,nan,nan,nan,nan
987,45.5263157895,0.8450355700,nan,0.0000020545,56.8729879002,nan,nan,nan,nan,nan,nan,nan
988,45.5263157895,0.3662014585,nan,0.0015098531,28.2106529243,nan,nan,nan,nan,nan,nan,nan
989,45.5263157895,0.3866973330,nan,0.0012685229,28.9670167752,nan,nan,nan,nan,nan,nan,nan
990,45.5263157895,0.9006383540,nan,0.0000006766,61.6965170383,nan,nan,nan,nan,nan,nan,nan
991,45.5263157895,0.4520907296,nan,0.0006822857,31.6603375878,nan,nan,nan,nan,nan,nan,nan
992,45.5263157895,0.5876252180,nan,0.0001379025,38.6042775448,nan,nan,nan,nan,nan,nan,nan
993,45.5263157895,0.7516286593,nan,0.0000112917,49.4723938247,nan,nan,nan,nan,nan,nan,nan
994,45.5263157895,0.1573130911,nan,0.0051523089,22.8799810471,nan,nan,nan,nan,nan,nan,nan
995,45.5263157895,0.4499639960,nan,0.0006972640,31.5660276532,nan,nan,nan,nan,nan,nan,nan
996,45.5263157895,0.4275102292,nan,0.0008713879,30.5978847427,nan,nan,nan,nan,nan,nan,nan
997,45.5263157895,0.5234288965,nan,0.0003100342,35.0859037060,nan,nan,nan,nan,nan,nan,nan
998,45.5263157895,1.0166204364,nan,0.0000000529,72.7639383688,nan,nan,nan,nan,nan,nan,nan
999,45.5263157895,0.7070095071,nan,0.0000237267,46.2476348975,nan,nan,nan,nan,nan,nan,nan
1000,45.5263157895,0.5366030072,nan,0.0002645917,35.7742372118,nan,nan,nan,nan,nan,nan,nan
1001,45.5263157895,0.7384905584,nan,0.0000141188,48.5020342232,nan,nan,nan,nan,nan,nan,nan
1002,45.5263157895,0.4149966966,nan,0.0009817066,30.0801828582,nan,nan,nan,nan,nan,nan,nan
1003,45.5263157895,0.5759183379,nan,0.0001609959,37.9318513273,nan,nan,nan,nan,nan,nan,nan
1004,45.5263157895,0.5752122983,nan,0.0001624899,37.8917371275,nan,nan,nan,nan,nan,nan,nan
1005,45.5263157895,0.6130447420,nan,0.0000974608,40.1117019464,nan,nan,nan,nan,nan,nan,nan
1006,45.5263157895,1.1175315888,nan,0.0000000045,83.5013436258,nan,nan,nan,nan,nan,nan,nan
1007,45.5263157895,0.4764757992,nan,0.0005279582,32.7740042203,nan,nan,nan,nan,nan,nan,nan
1008,45.5263157895,0.1254737420,nan,0.0056942098,22.4456653910,nan,nan,nan,nan,nan,nan,nan
1009,45.5263157895,0.5897999027,nan,0.0001339460,38.7307030208,nan,nan,nan,nan,nan,nan,nan
1010,45.5263157895,0.3879249860,nan,0.0012549748,29.0136499121,nan,nan,nan,nan,nan,nan,nan
1011,45.5263157895,1.1042486591,nan,0.0000000063,82.0289865235,nan,nan,nan,nan,nan,nan,nan
1012,45.5263157895,0.3211997790,nan,0.0021396074,26.6966589881,nan,nan,nan,nan,nan,nan,nan
1013,45.5263157895,0.3390746272,nan,0.0018733090,27.2739057200,nan,nan,nan,nan,nan,nan,nan
1014,45.5263157895,0.3879112949,nan,0.0012551253,29.0131290218,nan,nan,nan,nan,nan,nan,nan
1015,45.5263157895,0.3439738820,nan,0.0018039858,27.4376689628,nan,nan,nan,nan,nan,nan,nan
1016,45.5263157895,0.3919773617,nan,0.0012109750,29.1686483224,nan,nan,nan,nan,nan,nan,nan
1017,45.5263157895,0.7337436098,nan,0.0000152908,48.1557086002,nan,nan,nan,nan,nan,nan,nan
1018,45.5263157895,0.4311039551,nan,0.0008415014,30.7494514109,nan,nan,nan,nan,nan,nan,nan
1019,45.5263157895,0.1195749741,nan,0.0057861478,22.3761048076,nan,nan,nan,nan,nan,nan,nan
1020,45.5263157895,0.9242910767,nan,0.0000004128,63.8430967397,nan,nan,nan,nan,nan,nan,nan
1021,45.5263157895,0.3285322200,nan,0.0020278654,26.9296087991,nan,nan,nan,nan,nan,nan,nan
1022,45.5263157895,0.4021409895,nan,0.0011054528,29.5645978653,nan,nan,nan,nan,nan,nan,nan
1023,45.5263157895,0.0369607459,nan,0.0066713899,21.7578367426,nan,nan,nan,nan,nan,nan,nan
1024,45.5263157895,1.2083552825,nan,0.0000000004,94.0484467918,nan,nan,nan,nan,nan,nan,nan
1025,45.5263157895,0.2897135148,nan,0.0026564070,25.7570537663,nan,nan,nan,nan,nan,nan,nan
1026,45.5263157895,0.1139579810,nan,0.0058707968,22.3130294931,nan,nan,nan,nan,nan,nan,nan
1027,45.5263157895,0.9302218005,nan,0.0000003639,64.3902027281,nan,nan,nan,nan,nan,nan,nan
1028,45.5263157895,1.0757369066,nan,0.0000000128,78.9289922012,nan,nan,nan,nan,nan,nan,nan
1029,45.5263157895,0.7630594007,nan,0.0000092666,50.3308001501,nan,nan,nan,nan,nan,nan,nan
1030,45.5263157895,0.7168924420,nan,0.0000202087,46.9446176126,nan,nan,nan,nan,nan,nan,nan
1031,45.5263157895,0.2136561459,nan,0.0040806272,23.8927307684,nan,nan,nan,nan,nan,nan,nan
1032,45.5263157895,0.1633150376,nan,0.0050431325,22.9729961836,nan,nan,nan,nan,nan,nan,nan
1033,45.5263157895,0.2012186589,nan,0.0043228794,23.6422687775,nan,nan,nan,nan,nan,nan,nan
1034,45.5263157895,0.7493776616,nan,0.0000117357,49.3049040422,nan,nan,nan,nan,nan,nan,nan
1035,45.5263157895,0.2735346561,nan,0.0029427192,25.3125117660,nan,nan,nan,nan,nan,nan,nan
1036,45.5263157895,1.1877466284,nan,0.0000000007,91.5817827339,nan,nan,nan,nan,nan,nan,nan
1037,45.5263157895,0.7279332748,nan,0.0000168465,47.7348903222,nan,nan,nan,nan,nan,nan,nan
1038,45.5263157895,0.9896915561,nan,0.0000000983,70.0729608214,nan,nan,nan,nan,nan,nan,nan
1039,45.5263157895,0.8632494306,nan,0.0000014392,58.4186430744,nan,nan,nan,nan,nan,nan,nan
1040,45.5263157895,0.7788679054,nan,0.0000070151,51.5396621888,nan,nan,nan,nan,nan,nan,nan
1041,45.5263157895,0.7001180399,nan,0.0000265006,45.7674407164,nan,nan,nan,nan,nan,nan,nan
1042,45.5263157895,0.1031977368,nan,0.0060244786,22.2008053651,nan,nan,nan,nan,nan,nan,nan
1043,45.5263157895,0.5644994855,nan,0.0001866717,37.2892160171,nan,nan,nan,nan,nan,nan,nan
1044,45.5263157895,0.2106853550,nan,0.0041385495,23.8315184160,nan,nan,nan,nan,nan,nan,nan
1045,45.5263157895,0.9279597567,nan,0.0000003818,64.1811108756,nan,nan,nan,nan,nan,nan,nan
1046,45.5263157895,0.3378824971,nan,0.0018904193,27.2344185553,nan,nan,nan,nan,nan,nan,nan
1047,45.5263157895,0.5663163379,nan,0.0001823648,37.3905906824,nan,nan,nan,nan,nan,nan,nan
1048,45.5263157895,1.0583408171,nan,0.0000000196,77.0780458433,nan,nan,nan,nan,nan,nan,nan
1049,45.5263157895,0.3484901548,nan,0.0017415078,27.5907458199,nan,nan,nan,nan,nan,nan,nan
1050,45.5263157895,0.3171453418,nan,0.0022028531,26.5701446143,nan,nan,nan,nan,nan,nan,nan
1051,45.5263157895,0.6985388405,nan,0.0000271764,45.6580760784,nan,nan,nan,nan,nan,nan,nan
1052,45.5263157895,0.7281968858,nan,0.0000167729,47.7539089237,nan,nan,nan,nan,nan,nan,nan
1053,45.5263157895,0.3135874446,nan,0.0022591914,26.4604697071,nan,nan,nan,nan,nan,nan,nan
1054,45.5263157895,0.3483010392,nan,0.0017440964,27.5842951255,nan,nan,nan,nan,nan,nan,nan
1055,45.5263157895,0.3153522185,nan,0.0022311496,26.5147130279,nan,nan,nan,nan,nan,nan,nan
1056,45.5263157895,0.2151395875,nan,0.0040517041,23.9236228043,nan,nan,nan,nan,nan,nan,nan
1057,45.5263157895,0.2531443477,nan,0.0033195543,24.7892022708,nan,nan,nan,nan,nan,nan,nan
1058,45.5263157895,0.3406114563,nan,0.0018513908,27.3250189909,nan,nan,nan,nan,nan,nan,nan
1059,45.5263157895,0.5007840514,nan,0.0004033336,33.9433559386,nan,nan,nan,nan,nan,nan,nan
1060,45.5263157895,0.4283513124,nan,0.0008643224,30.6332421414,nan,nan,nan,nan,nan,nan,nan
1061,45.5263157895,0.4080447662,nan,0.0010472914,29.7993246367,nan,nan,nan,nan,nan,nan,nan
1062,45.5263157895,1.0516002144,nan,0.0000000231,76.3690885086,nan,nan,nan,nan,nan,nan,nan
1063,45.5263157895,0.8009732275,nan,0.0000047073,53.2722891705,nan,nan,nan,nan,nan,nan,nan
1064,45.5263157895,0.7148520061,nan,0.0000208934,46.7999126462,nan,nan,nan,nan,nan,nan,nan
1065,45.5263157895,0.6744052542,nan,0.0000396463,44.0179697752,nan,nan,nan,nan,nan,nan,nan
1066,45.5263157895,0.7354129026,nan,0.0000148688,48.2772373162,nan,nan,nan,nan,nan,nan,nan
1067,45.5263157895,0.5414692102,nan,0.0002492935,36.0328896151,nan,nan,nan,nan,nan,nan,nan
1068,45.5263157895,0.2472428323,nan,0.0034312913,24.6454241106,nan,nan,nan,nan,nan,nan,nan
1069,45.5263157895,0.8269138581,nan,0.0000029051,55.3683921622,nan,nan,nan,nan,nan,nan,nan
1070,45.5263157895,0.8030761179,nan,0.0000045293,53.4396820667,nan,nan,nan,nan,nan,nan,nan
1071,45.5263157895,0.6194344519,nan,0.0000891081,40.5008282227,nan,nan,nan,nan,nan,nan,nan
1072,45.5263157895,0.0210914283,nan,0.0067382520,21.7145275129,nan,nan,nan,nan,nan,nan,nan
1073,45.5263157895,0.7027726536,nan,0.0000253989,45.9518468862,nan,nan,nan,nan,nan,nan,nan
1074,45.5263157895,0.7189749724,nan,0.0000195311,47.0927401362,nan,nan,nan,nan,nan,nan,nan
1075,45.5263157895,0.7819889663,nan,0.0000066354,51.7813050588,nan,nan,nan,nan,nan,nan,nan
1076,45.5263157895,0.7482106524,nan,0.0000119722,49.2182714618,nan,nan,nan,nan,nan,nan,nan
1077,45.5263157895,0.7861310797,nan,0.0000061610,52.1035179685,nan,nan,nan,nan,nan,nan,nan
1078,45.5263157895,0.4997450083,nan,0.0004081161,33.8921628732,nan,nan,nan,nan,nan,nan,nan
1079,45.5263157895,0.2158776955,nan,0.0040373142,23.9390745278,nan,nan,nan,nan,nan,nan,nan
1080,45.5263157895,0.3607681417,nan,0.0015786423,28.0171626834,nan,nan,nan,nan,nan,nan,nan
1081,45.5263157895,0.4408031567,nan,0.0007647234,31.1649563788,nan,nan,nan,nan,nan,nan,nan
1082,45.5263157895,0.4062655737,nan,0.0010645792,29.7282201449,nan,nan,nan,nan,nan,nan,nan
1083,45.5263157895,0.9022081677,nan,0.0000006551,61.8372318911,nan,nan,nan,nan,nan,nan,nan
1084,45.5263157895,0.3698969047,nan,0.0014642208,28.3439342166,nan,nan,nan,nan,nan,nan,nan
1085,45.5263157895,0.5909963254,nan,0.0001318117,38.8004595575,nan,nan,nan,nan,nan,nan,nan
1086,45.5263157895,1.1038306081,nan,0.0000000063,81.9829377480,nan,nan,nan,nan,nan,nan,nan
1087,45.5263157895,0.4695674624,nan,0.0005685302,32.4524646377,nan,nan,nan,nan,nan,nan,nan
1088,45.5263157895,0.2641229031,nan,0.0031146947,25.0658451999,nan,nan,nan,nan,nan,nan,nan
1089,45.5263157895,0.3103657324,nan,0.0023108711,26.3622428155,nan,nan,nan,nan,nan,nan,nan
1090,45.5263157895,0.5492489173,nan,0.0002263949,36.4513334250,nan,nan,nan,nan,nan,nan,nan
1091,45.5263157895,0.6604742319,nan,0.0000490016,43.0978968646,nan,nan,nan,nan,nan,nan,nan
1092,45.5263157895,0.2099465355,nan,0.0041529524,23.8164304915,nan,nan,nan,nan,nan,nan,nan
1093,45.5263157895,0.4013928064,nan,0.0011129870,29.5350992591,nan,nan,nan,nan,nan,nan,nan
1094,45.5263157895,0.4213502437,nan,0.0009244673,30.3410844387,nan,nan,nan,nan,nan,nan,nan
1095,45.5263157895,0.5294145142,nan,0.0002886363,35.3964904445,nan,nan,nan,nan,nan,nan,nan
1096,45.5263157895,0.6612248607,nan,0.0000484510,43.1469745804,nan,nan,nan,nan,nan,nan,nan
1097,45.5263157895,0.0853161025,nan,0.0062527662,22.0392780935,nan,nan,nan,nan,nan,nan,nan
1098,45.5263157895,0.5120402102,nan,0.0003544159,34.5048680684,nan,nan,nan,nan,nan,nan,nan
1099,45.5263157895,0.2993334724,nan,0.0024924773,26.0336879635,nan,nan,nan,nan,nan,nan,nan
1100,45.5263157895,0.1886249914,nan,0.0045664580,23.4042053520,nan,nan,nan,nan,nan,nan,nan
1101,45.5263157895,0.4054276952,nan,0.0010727921,29.6948441494,nan,nan,nan,nan,nan,nan,nan
1102,45.5263157895,0.6762867258,nan,0.0000385148,44.1437275284,nan,nan,nan,nan,nan,nan,nan
1103,45.5263157895,0.7497336851,nan,0.0000116644,49.3313606564,nan,nan,nan,nan,nan,nan,nan
1104,45.5263157895,0.9209022020,nan,0.0000004434,63.5320716222,nan,nan,nan,nan,nan,nan,nan
1105,45.5263157895,0.2397327224,nan,0.0035748358,24.4674389990,nan,nan,nan,nan,nan,nan,nan
1106,45.5263157895,0.5410295478,nan,0.0002506442,36.0094227963,nan,nan,nan,nan,nan,nan,nan
1107,45.5263157895,0.6911173198,nan,0.0000305670,45.1474732705,nan,nan,nan,nan,nan,nan,nan
1108,45.5263157895,0.4748478017,nan,0.0005373037,32.6978013274,nan,nan,nan,nan,nan,nan,nan
1109,45.5263157895,0.5442281130,nan,0.0002409580,36.1805873016,nan,nan,nan,nan,nan,nan,nan
1110,45.5263157895,0.6226300375,nan,0.0000851731,40.6969742274,nan,nan,nan,nan,nan,nan,nan
1111,45.5263157895,0.6443378791,nan,0.0000622793,42.0565661252,nan,nan,nan,nan,nan,nan,nan
1112,45.5263157895,0.7208592073,nan,0.0000189359,47.2271349630,nan,nan,nan,nan,nan,nan,nan
1113,45.5263157895,0.3051312572,nan,0.0023961573,26.2048467735,nan,nan,nan,nan,nan,nan,nan
1114,45.5263157895,0.2814575226,nan,0.0028009393,25.5269630382,nan,nan,nan,nan,nan,nan,nan
1115,45.5263157895,0.8351713751,nan,0.0000024832,56.0498799316,nan,nan,nan,nan,nan,nan,nan
1116,45.5263157895,0.7954124664,nan,0.0000052098,52.8317944584,nan,nan,nan,nan,nan,nan,nan
1117,45.5263157895,0.6509424537,nan,0.0000564987,42.4796161090,nan,nan,nan,nan,nan,nan,nan
1118,45.5263157895,0.4810273587,nan,0.0005025209,32.9884590960,nan,nan,nan,nan,nan,nan,nan
1119,45.5263157895,0.9560896522,nan,0.0000002081,66.8180911528,nan,nan,nan,nan,nan,nan,nan
1120,45.5263157895,0.2237471816,nan,0.0038840421,24.1071606714,nan,nan,nan,nan,nan,nan,nan
1121,45.5263157895,0.0345136675,nan,0.0066840733,21.7495879320,nan,nan,nan,nan,nan,nan,nan
1122,45.5263157895,0.2513455297,nan,0.0033535033,24.7450126016,nan,nan,nan,nan,nan,nan,nan
1123,45.5263157895,0.6249084708,nan,0.0000824622,40.8374516101,nan,nan,nan,nan,nan,nan,nan
1124,45.5263157895,0.4516918568,nan,0.0006850756,31.6426151512,nan,nan,nan,nan,nan,nan,nan
1125,45.5263157895,0.7024453872,nan,0.0000255325,45.9290745705,nan,nan,nan,nan,nan,nan,nan
1126,45.5263157895,0.9094603795,nan,0.0000005636,62.4905384354,nan,nan,nan,nan,nan,nan,nan
1127,45.5263157895,0.2930862295,nan,0.0025983670,25.8529950806,nan,nan,nan,nan,nan,nan,nan
1128,45.5263157895,0.2178954067,nan,0.0039979851,23.9815882674,nan,nan,nan,nan,nan,nan,nan
1129,45.5263157895,0.8495762015,nan,0.0000018814,57.2551780711,nan,nan,nan,nan,nan,nan,nan
1130,45.5263157895,0.3967019902,nan,0.0011610671,29.3514267751,nan,nan,nan,nan,nan,nan,nan
1131,45.5263157895,0.3441816137,nan,0.0018010819,27.4446654006,nan,nan,nan,nan,nan,nan,nan
1132,45.5263157895,0.4399004790,nan,0.0007716334,31.1258899500,nan,nan,nan,nan,nan,nan,nan
1133,45.5263157895,0.5111685969,nan,0.0003580194,34.4609346162,nan,nan,nan,nan,nan,nan,nan
1134,45.5263157895,0.5215994674,nan,0.0003168332,34.9916928746,nan,nan,nan,nan,nan,nan,nan
1135,45.5263157895,0.2039252814,nan,0.0042702425,23.6954746327,nan,nan,nan,nan,nan,nan,nan
1136,45.5263157895,0.6133786454,nan,0.0000970078,40.1319347480,nan,nan,nan,nan,nan,nan,nan
1137,45.5263157895,0.3990128681,nan,0.0011371986,29.4416367185,nan,nan,nan,nan,nan,nan,nan
1138,45.5263157895,0.1184528330,nan,0.0058032899,22.3632573454,nan,nan,nan,nan,nan,nan,nan
1139,45.5263157895,0.5467843112,nan,0.0002334472,36.3181141391,nan,nan,nan,nan,nan,nan,nan
1140,45.5263157895,0.8052059117,nan,0.0000043554,53.6096711940,nan,nan,nan,nan,nan,nan,nan
1141,45.5263157895,1.1368261635,nan,0.0000000027,85.6719432930,nan,nan,nan,nan,nan,nan,nan
1142,45.5263157895,0.1811890424,nan,0.0047087130,23.2709777766,nan,nan,nan,nan,nan,nan,nan
1143,45.5263157895,0.6548449736,nan,0.0000533132,42.7316494966,nan,nan,nan,nan,nan,nan,nan
1144,45.5263157895,0.2301152692,nan,0.0037604028,24.2476563438,nan,nan,nan,nan,nan,nan,nan
1145,45.5263157895,0.3277663991,nan,0.0020393751,26.9050289318,nan,nan,nan,nan,nan,nan,nan
1146,45.5263157895,0.8188534871,nan,0.0000033808,54.7098119964,nan,nan,nan,nan,nan,nan,nan
1147,45.5263157895,1.8620933770,nan,0.0000000000,194.7365104340,nan,nan,nan,nan,nan,nan,nan
1148,45.5263157895,0.5113197637,nan,0.0003573923,34.4685486912,nan,nan,nan,nan,nan,nan,nan
1149,45.5263157895,0.5902768054,nan,0.0001330917,38.7584912571,nan,nan,nan,nan,nan,nan,nan
1150,45.5263157895,0.9474870019,nan,0.0000002510,66.0031576742,nan,nan,nan,nan,nan,nan,nan
1151,45.5263157895,0.5824020017,nan,0.0001478235,38.3025644269,nan,nan,nan,nan,nan,nan,nan
1152,45.5263157895,0.8177596041,nan,0.0000034507,54.6209405163,nan,nan,nan,nan,nan,nan,nan
1153,45.5263157895,0.3499735964,nan,0.0017212862,27.6414691463,nan,nan,nan,nan,nan,nan,nan
1154,45.5263157895,0.4467113527,nan,0.0007206654,31.4226634751,nan,nan,nan,nan,nan,nan,nan
1155,45.5263157895,0.5087709307,nan,0.0003680889,34.3404733049,nan,nan,nan,nan,nan,nan,nan
1156,45.5263157895,0.3063482312,nan,0.0023761851,26.2411973487,nan,nan,nan,nan,nan,nan,nan
1157,45.5263157895,0.9043257667,nan,0.0000006270,62.0274436824,nan,nan,nan,nan,nan,nan,nan
1158,45.5263157895,0.2090437246,nan,0.0041705500,23.7980667171,nan,nan,nan,nan,nan,nan,nan
1159,45.5263157895,0.1668089237,nan,0.0049787774,23.0287728845,nan,nan,nan,nan,nan,nan,nan
1160,45.5263157895,0.7511370535,nan,0.0000113874,49.4357713817,nan,nan,nan,nan,nan,nan,nan
1161,45.5263157895,0.6868752967,nan,0.0000326730,44.8581103178,nan,nan,nan,nan,nan,nan,nan
1162,45.5263157895,0.0074360967,nan,0.0067664086,21.6964177782,nan,nan,nan,nan,nan,nan,nan
1163,45.5263157895,0.1774828195,nan,0.0047790244,23.2066075005,nan,nan,nan,nan,nan,nan,nan
1164,45.5263157895,0.2440007595,nan,0.0034930882,24.5679044850,nan,nan,nan,nan,nan,nan,nan
1165,45.5263157895,0.4631519591,nan,0.0006083959,32.1581371138,nan,nan,nan,nan,nan,nan,nan
1166,45.5263157895,0.2087187879,nan,0.0041768829,23.7914769730,nan,nan,nan,nan,nan,nan,nan
1167,45.5263157895,0.4682277027,nan,0.0005766788,32.3906597882,nan,nan,nan,nan,nan,nan,nan
1168,45.5263157895,0.3561448038,nan,0.0016387655,27.8548319199,nan,nan,nan,nan,nan,nan,nan
1169,45.5263157895,0.4382764449,nan,0.0007841860,31.0558093276,nan,nan,nan,nan,nan,nan,nan
1170,45.5263157895,0.3509147619,nan,0.0017085339,27.6737639709,nan,nan,nan,nan,nan,nan,nan
1171,45.5263157895,0.1498660181,nan,0.0052850749,22.7694885219,nan,nan,nan,nan,nan,nan,nan
1172,45.5263157895,0.4137695664,nan,0.0009930574,30.0302562699,nan,nan,nan,nan,nan,nan,nan
1173,45.5263157895,0.8013991199,nan,0.0000046707,53.3061547569,nan,nan,nan,nan,nan,nan,nan
1174,45.5263157895,0.2735637836,nan,0.0029421928,25.3132887765,nan,nan,nan,nan,nan,nan,nan
1175,45.5263157895,0.7891239719,nan,0.0000058379,52.3374102443,nan,nan,nan,nan,nan,nan,nan
1176,45.5263157895,0.1598657280,nan,0.0051060987,22.9191079865,nan,nan,nan,nan,nan,nan,nan
1177,45.5263157895,1.0683813972,nan,0.0000000153,78.1426225239,nan,nan,nan,nan,nan,nan,nan
1178,45.5263157895,0.8815392576,nan,0.0000009990,60.0044597697,nan,nan,nan,nan,nan,nan,nan
1179,45.5263157895,0.2396871268,nan,0.0035757114,24.4663754480,nan,nan,nan,nan,nan,nan,nan
1180,45.5263157895,0.7054981258,nan,0.0000243113,46.1419133115,nan,nan,nan,nan,nan,nan,nan
1181,45.5263157895,0.1155608559,nan,0.0058469390,22.3307143456,nan,nan,nan,nan,nan,nan,nan
1182,45.5263157895,0.2352664541,nan,0.0036608030,24.3642363772,nan,nan,nan,nan,nan,nan,nan
1183,45.5263157895,0.4953446303,nan,0.0004288884,33.6765566248,nan,nan,nan,nan,nan,nan,nan
1184,45.5263157895,0.4883686238,nan,0.0004635832,33.3387230063,nan,nan,nan,nan,nan,nan,nan
1185,45.5263157895,0.6669433616,nan,0.0000444353,43.5227224652,nan,nan,nan,nan,nan,nan,nan
1186,45.5263157895,0.8714692652,nan,0.0000012226,59.1271619766,nan,nan,nan,nan,nan,nan,nan
1187,45.5263157895,0.4516954129,nan,0.0006850507,31.6427730812,nan,nan,nan,nan,nan,nan,nan
1188,45.5263157895,0.4796497210,nan,0.0005101137,32.9233305434,nan,nan,nan,nan,nan,nan,nan
1189,45.5263157895,0.4814602893,nan,0.0005001537,33.0089653255,nan,nan,nan,nan,nan,nan,nan
1190,45.5263157895,0.5381562195,nan,0.0002596249,35.8565369668,nan,nan,nan,nan,nan,nan,nan
1191,45.5263157895,0.4796695359,nan,0.0005100038,32.9242659579,nan,nan,nan,nan,nan,nan,nan
1192,45.5263157895,0.7846459104,nan,0.0000063273,51.9877884488,nan,nan,nan,nan,nan,nan,nan
1193,45.5263157895,1.0414710778,nan,0.0000000294,75.3123915398,nan,nan,nan,nan,nan,nan,nan
1194,45.5263157895,0.4363416053,nan,0.0007993444,30.9726606508,nan,nan,nan,nan,nan,nan,nan
1195,45.5263157895,0.7120626241,nan,0.0000218637,46.6027716521,nan,nan,nan,nan,nan,nan,nan
1196,45.5263157895,0.4888623686,nan,0.0004610549,33.3624739130,nan,nan,nan,nan,nan,nan,nan
1197,45.5263157895,0.3097721989,nan,0.0023204601,26.3442590116,nan,nan,nan,nan,nan,nan,nan
1198,45.5263157895,0.7958703320,nan,0.0000051666,52.8679463743,nan,nan,nan,nan,nan,nan,nan
1199,45.5263157895,0.8123987028,nan,0.0000038132,54.1871450354,nan,nan,nan,nan,nan,nan,nan
1200,45.5263157895,1.3980995982,nan,0.0000000000,118.7872369387,nan,nan,nan,nan,nan,nan,nan
1201,45.5263157895,1.3110615920,nan,0.0000000000,106.9847697370,nan,nan,nan,nan,nan,nan,nan
1202,45.5263157895,0.6310468275,nan,0.0000755352,41.2185088642,nan,nan,nan,nan,nan,nan,nan
1203,45.5263157895,0.1765964546,nan,0.0047957736,23.1914132995,nan,nan,nan,nan,nan,nan,nan
1204,45.5263157895,0.2348295521,nan,0.0036692333,24.3542467383,nan,nan,nan,nan,nan,nan,nan
1205,45.5263157895,0.0915141310,nan,0.0061776889,22.0917396762,nan,nan,nan,nan,nan,nan,nan
1206,45.5263157895,0.2388243600,nan,0.0035922871,24.4462895562,nan,nan,nan,nan,nan,nan,nan
1207,45.5263157895,0.4947226697,nan,0.0004318930,33.6462386090,nan,nan,nan,nan,nan,nan,nan
1208,45.5263157895,0.7221026656,nan,0.0000185523,47.3160216088,nan,nan,nan,nan,nan,nan,nan
1209,45.5263157895,0.6310742571,nan,0.0000755054,41.2202201357,nan,nan,nan,nan,nan,nan,nan
1210,45.5263157895,0.1128858643,nan,0.0058866190,22.3013407133,nan,nan,nan,nan,nan,nan,nan
1211,45.5263157895,0.2729560965,nan,0.0029531836,25.2970954579,nan,nan,nan,nan,nan,nan,nan
1212,45.5263157895,1.3084462407,nan,0.0000000000,106.6420506251,nan,nan,nan,nan,nan,nan,nan
1213,45.5263157895,0.1204641576,nan,0.0057724841,22.3863725614,nan,nan,nan,nan,nan,nan,nan
1214,45.5263157895,0.4511580452,nan,0.0006888232,31.6189220856,nan,nan,nan,nan,nan,nan,nan
1215,45.5263157895,0.6434273630,nan,0.0000631163,41.9985877496,nan,nan,nan,nan,nan,nan,nan
1216,45.5263157895,0.3541083947,nan,0.0016657099,27.7840062613,nan,nan,nan,nan,nan,nan,nan
1217,45.5263157895,1.0770754982,nan,0.0000000124,79.0726894028,nan,nan,nan,nan,nan,nan,nan
1218,45.5263157895,0.3954919062,nan,0.0011737075,29.3044010571,nan,nan,nan,nan,nan,nan,nan
1219,45.5263157895,0.7387861827,nan,0.0000140486,48.5236773235,nan,nan,nan,nan,nan,nan,nan
1220,45.5263157895,0.4304818433,nan,0.0008466187,30.7231213307,nan,nan,nan,nan,nan,nan,nan
1221,45.5263157895,0.2086209045,nan,0.0041787906,23.7894939318,nan,nan,nan,nan,nan,nan,nan
1222,45.5263157895,0.1218950990,nan,0.0057503482,22.4030585458,nan,nan,nan,nan,nan,nan,nan
1223,45.5263157895,0.4080545412,nan,0.0010471970,29.7997161596,nan,nan,nan,nan,nan,nan,nan
1224,45.5263157895,1.0003023776,nan,0.0000000772,71.1245251415,nan,nan,nan,nan,nan,nan,nan
1225,45.5263157895,0.3855769182,nan,0.0012809765,28.9245882657,nan,nan,nan,nan,nan,nan,nan
1226,45.5263157895,0.1715533622,nan,0.0048905365,23.1064349808,nan,nan,nan,nan,nan,nan,nan
1227,45.5263157895,0.2875819879,nan,0.0026933937,25.6970016626,nan,nan,nan,nan,nan,nan,nan
1228,45.5263157895,0.6815495225,nan,0.0000355027,44.4973845355,nan,nan,nan,nan,nan,nan,nan
1229,45.5263157895,0.5683473431,nan,0.0001776517,37.5043063339,nan,nan,nan,nan,nan,nan,nan
1230,45.5263157895,0.5867345141,nan,0.0001395522,38.5526334137,nan,nan,nan,nan,nan,nan,nan
1231,45.5263157895,0.2421659605,nan,0.0035281787,24.5244942773,nan,nan,nan,nan,nan,nan,nan
1232,45.5263157895,0.5112474717,nan,0.0003576920,34.4649071508,nan,nan,nan,nan,nan,nan,nan
1233,45.5263157895,0.2639859407,nan,0.0031172236,25.0623204275,nan,nan,nan,nan,nan,nan,nan
1234,45.5263157895,0.7064762288,nan,0.0000239315,46.2103056644,nan,nan,nan,nan,nan,nan,nan
1235,45.5263157895,0.2365078214,nan,0.0036368695,24.3927228789,nan,nan,nan,nan,nan,nan,nan
1236,45.5263157895,1.2637043816,nan,0.0000000001,100.8867275330,nan,nan,nan,nan,nan,nan,nan
1237,45.5263157895,0.7841258321,nan,0.0000063866,51.9473147319,nan,nan,nan,nan,nan,nan,nan
1238,45.5263157895,0.6757426997,nan,0.0000388389,44.1073281693,nan,nan,nan,nan,nan,nan,nan
1239,45.5263157895,1.1933448932,nan,0.0000000006,92.2475767215,nan,nan,nan,nan,nan,nan,nan
1240,45.5263157895,0.4865824712,nan,0.0004728238,33.2530063545,nan,nan,nan,nan,nan,nan,nan
1241,45.5263157895,0.6295528933,nan,0.0000771717,41.1254197644,nan,nan,nan,nan,nan,nan,nan
1242,45.5263157895,0.5992796700,nan,0.0001178323,39.2873548877,nan,nan,nan,nan,nan,nan,nan
1243,45.5263157895,0.3160186027,nan,0.0022206106,26.5352759482,nan,nan,nan,nan,nan,nan,nan
1244,45.5263157895,0.8227242021,nan,0.0000031439,55.0252541018,nan,nan,nan,nan,nan,nan,nan
1245,45.5263157895,1.1716682600,nan,0.0000000011,89.6872955064,nan,nan,nan,nan,nan,nan,nan
1246,45.5263157895,0.7838741990,nan,0.0000064154,51.9277418378,nan,nan,nan,nan,nan,nan,nan
1247,45.5263157895,0.8447021133,nan,0.0000020678,56.8450025213,nan,nan,nan,nan,nan,nan,nan
1248,45.5263157895,0.4054730109,nan,0.0010723468,29.6966474616,nan,nan,nan,nan,nan,nan,nan
1249,45.5263157895,0.6176747661,nan,0.0000913428,40.3932561332,nan,nan,nan,nan,nan,nan,nan
1250,45.5263157895,0.7063134982,nan,0.0000239943,46.1989202999,nan,nan,nan,nan,nan,nan,nan
1251,45.5263157895,0.6404109522,nan,0.0000659613,41.8071089063,nan,nan,nan,nan,nan,nan,nan
1252,45.5263157895,0.9031764968,nan,0.0000006421,61.9241551042,nan,nan,nan,nan,nan,nan,nan
1253,45.5263157895,0.4570629000,nan,0.0006482474,31.8825920578,nan,nan,nan,nan,nan,nan,nan
1254,45.5263157895,0.4085256580,nan,0.0010426541,29.8185974354,nan,nan,nan,nan,nan,nan,nan
1255,45.5263157895,0.3380527214,nan,0.0018879704,27.2400482769,nan,nan,nan,nan,nan,nan,nan
1256,45.5263157895,0.8045279458,nan,0.0000044101,53.5555098205,nan,nan,nan,nan,nan,nan,nan
1257,45.5263157895,0.6348209766,nan,0.0000715372,41.4546802047,nan,nan,nan,nan,nan,nan,nan
1258,45.5263157895,0.4949980413,nan,0.0004305606,33.6596570622,nan,nan,nan,nan,nan,nan,nan
1259,45.5263157895,0.5438826058,nan,0.0002419887,36.1620488071,nan,nan,nan,nan,nan,nan,nan
1260,45.5263157895,0.9137780777,nan,0.0000005150,62.8820177135,nan,nan,nan,nan,nan,nan,nan
1261,45.5263157895,0.7183776416,nan,0.0000197233,47.0502095923,nan,nan,nan,nan,nan,nan,nan
1262,45.5263157895,0.5050969072,nan,0.0003839721,34.1570032065,nan,nan,nan,nan,nan,nan,nan
1263,45.5263157895,1.0059573671,nan,0.0000000678,71.6896076671,nan,nan,nan,nan,nan,nan,nan
1264,45.5263157895,0.6277470897,nan,0.0000791918,41.0131970096,nan,nan,nan,nan,nan,nan,nan
1265,45.5263157895,0.5126159770,nan,0.0003520521,34.5339311755,nan,nan,nan,nan,nan,nan,nan
1266,45.5263157895,0.9703891256,nan,0.0000001517,68.1892533526,nan,nan,nan,nan,nan,nan,nan
1267,45.5263157895,0.6626720610,nan,0.0000474050,43.2417555526,nan,nan,nan,nan,nan,nan,nan
1268,45.5263157895,0.4703285589,nan,0.0005639421,32.4876549459,nan,nan,nan,nan,nan,nan,nan
1269,45.5263157895,0.6230868181,nan,0.0000846234,40.7250953545,nan,nan,nan,nan,nan,nan,nan
1270,45.5263157895,0.6582453395,nan,0.0000506699,42.9525009967,nan,nan,nan,nan,nan,nan,nan
1271,45.5263157895,0.9046018279,nan,0.0000006234,62.0522740758,nan,nan,nan,nan,nan,nan,nan
1272,45.5263157895,0.7835265091,nan,0.0000064555,51.9007078257,nan,nan,nan,nan,nan,nan,nan
1273,45.5263157895,0.4345830581,nan,0.0008133150,30.8974123859,nan,nan,nan,nan,nan,nan,nan
1274,45.5263157895,0.1706447395,nan,0.0049075075,23.0913902856,nan,nan,nan,nan,nan,nan,nan
1275,45.5263157895,0.4464016552,nan,0.0007229249,31.4090683027,nan,nan,nan,nan,nan,nan,nan
1276,45.5263157895,0.9233406866,nan,0.0000004211,63.7557544111,nan,nan,nan,nan,nan,nan,nan
1277,45.5263157895,0.2104451631,nan,0.0041432321,23.8266073873,nan,nan,nan,nan,nan,nan,nan
1278,45.5263157895,0.6512274453,nan,0.0000562604,42.4979696727,nan,nan,nan,nan,nan,nan,nan
1279,45.5263157895,0.6432797616,nan,0.0000632529,41.9891968803,nan,nan,nan,nan,nan,nan,nan
1280,45.5263157895,0.6150448288,nan,0.0000947750,40.2330641100,nan,nan,nan,nan,nan,nan,nan
1281,45.5263157895,0.4006949985,nan,0.0011200471,29.5076371162,nan,nan,nan,nan,nan,nan,nan
1282,45.5263157895,0.4156983125,nan,0.0009752600,30.1087960807,nan,nan,nan,nan,nan,nan,nan
1283,45.5263157895,0.0774282605,nan,0.0063417409,21.9779150614,nan,nan,nan,nan,nan,nan,nan
1284,45.5263157895,0.9929238875,nan,0.0000000914,70.3920874259,nan,nan,nan,nan,nan,nan,nan
1285,45.5263157895,0.3473287259,nan,0.0017574437,27.5511859094,nan,nan,nan,nan,nan,nan,nan
1286,45.5263157895,0.3758897988,nan,0.0013922051,28.5629677844,nan,nan,nan,nan,nan,nan,nan
1287,45.5263157895,0.0945852103,nan,0.0061388647,22.1191194046,nan,nan,nan,nan,nan,nan,nan
1288,45.5263157895,1.0154150181,nan,0.0000000544,72.6419122723,nan,nan,nan,nan,nan,nan,nan
1289,45.5263157895,0.6332413798,nan,0.0000731870,41.3556611124,nan,nan,nan,nan,nan,nan,nan
1290,45.5263157895,0.8269823218,nan,0.0000029013,55.3740141297,nan,nan,nan,nan,nan,nan,nan
1291,45.5263157895,0.1237177795,nan,0.0057218931,22.4246025725,nan,nan,nan,nan,nan,nan,nan
1292,45.5263157895,0.4567538868,nan,0.0006503232,31.8687072541,nan,nan,nan,nan,nan,nan,nan
1293,45.5263157895,0.7795469456,nan,0.0000069308,51.5921521347,nan,nan,nan,nan,nan,nan,nan
1294,45.5263157895,0.1759187717,nan,0.0048085612,23.1798485086,nan,nan,nan,nan,nan,nan,nan
1295,45.5263157895,0.3908801970,nan,0.0012227787,29.1265214955,nan,nan,nan,nan,nan,nan,nan
1296,45.5263157895,0.7073499094,nan,0.0000235968,46.2714778702,nan,nan,nan,nan,nan,nan,nan
1297,45.5263157895,0.5147514997,nan,0.0003433985,34.6420163247,nan,nan,nan,nan,nan,nan,nan
1298,45.5263157895,0.2195272379,nan,0.0039661895,24.0162654430,nan,nan,nan,nan,nan,nan,nan
1299,45.5263157895,0.6193635832,nan,0.0000891972,40.4964899096,nan,nan,nan,nan,nan,nan,nan
1300,45.5263157895,0.1936402641,nan,0.0044697804,23.4971381020,nan,nan,nan,nan,nan,nan,nan
1301,45.5263157895,0.3902965579,nan,0.0012290906,29.1041609398,nan,nan,nan,nan,nan,nan,nan
1302,45.5263157895,0.4161187072,nan,0.0009714123,30.1259641030,nan,nan,nan,nan,nan,nan,nan
1303,45.5263157895,1.2501828238,nan,0.0000000001,99.1874331464,nan,nan,nan,nan,nan,nan,nan
1304,45.5263157895,0.8440207830,nan,0.0000020951,56.7878567149,nan,nan,nan,nan,nan,nan,nan
1305,45.5263157895,0.8260718054,nan,0.0000029517,55.2992847487,nan,nan,nan,nan,nan,nan,nan
1306,45.5263157895,0.9610157242,nan,0.0000001867,67.2881114106,nan,nan,nan,nan,nan,nan,nan
1307,45.5263157895,0.6931987950,nan,0.0000295793,45.2901200786,nan,nan,nan,nan,nan,nan,nan
1308,45.5263157895,0.1419298452,nan,0.0054228427,22.6577299413,nan,nan,nan,nan,nan,nan,nan
1309,45.5263157895,0.6042538111,nan,0.0001100767,39.5830452513,nan,nan,nan,nan,nan,nan,nan
1310,45.5263157895,0.7200004204,nan,0.0000192051,47.1658368388,nan,nan,nan,nan,nan,nan,nan
1311,45.5263157895,0.1490723229,nan,0.0052990334,22.7580334718,nan,nan,nan,nan,nan,nan,nan
1312,45.5263157895,0.8080206868,nan,0.0000041352,53.8350340288,nan,nan,nan,nan,nan,nan,nan
1313,45.5263157895,0.5905321524,nan,0.0001326362,38.7733792372,nan,nan,nan,nan,nan,nan,nan
1314,45.5263157895,0.5296845442,nan,0.0002877010,35.4105866045,nan,nan,nan,nan,nan,nan,nan
1315,45.5263157895,0.5074350210,nan,0.0003738001,34.2736054768,nan,nan,nan,nan,nan,nan,nan
1316,45.5263157895,0.1237724649,nan,0.0057210350,22.4252539735,nan,nan,nan,nan,nan,nan,nan
1317,45.5263157895,0.2456270070,nan,0.0034620562,24.6066589047,nan,nan,nan,nan,nan,nan,nan
1318,45.5263157895,0.1860724644,nan,0.0046154508,23.3578587143,nan,nan,nan,nan,nan,nan,nan
1319,45.5263157895,0.6359626171,nan,0.0000703655,41.5264015264,nan,nan,nan,nan,nan,nan,nan
1320,45.5263157895,0.4155972982,nan,0.0009761862,30.1046734999,nan,nan,nan,nan,nan,nan,nan
1321,45.5263157895,0.4647207945,nan,0.0005984486,32.2297313103,nan,nan,nan,nan,nan,nan,nan
1322,45.5263157895,0.4363786019,nan,0.0007990525,30.9742470504,nan,nan,nan,nan,nan,nan,nan
1323,45.5263157895,0.4220996325,nan,0.0009178838,30.3721229207,nan,nan,nan,nan,nan,nan,nan
1324,45.5263157895,0.6386698490,nan,0.0000676550,41.6970016182,nan,nan,nan,nan,nan,nan,nan
1325,45.5263157895,0.3279406805,nan,0.0020367524,26.9106175607,nan,nan,nan,nan,nan,nan,nan
1326,45.5263157895,0.6941256659,nan,0.0000291489,45.3537803140,nan,nan,nan,nan,nan,nan,nan
1327,45.5263157895,0.5156479218,nan,0.0003398190,34.6875229991,nan,nan,nan,nan,nan,nan,nan
1328,45.5263157895,0.2767648020,nan,0.0028845681,25.3991920041,nan,nan,nan,nan,nan,nan,nan
1329,45.5263157895,0.4693118260,nan,0.0005700779,32.4406579447,nan,nan,nan,nan,nan,nan,nan
1330,45.5263157895,0.2185170322,nan,0.0039858715,23.9947670922,nan,nan,nan,nan,nan,nan,nan
1331,45.5263157895,0.7981057854,nan,0.0000049605,53.0447557584,nan,nan,nan,nan,nan,nan,nan
1332,45.5263157895,0.8849379330,nan,0.0000009326,60.3028646658,nan,nan,nan,nan,nan,nan,nan
1333,45.5263157895,0.5954760297,nan,0.0001240817,39.0629215250,nan,nan,nan,nan,nan,nan,nan
1334,45.5263157895,0.4060005083,nan,0.0010671724,29.7176539747,nan,nan,nan,nan,nan,nan,nan
1335,45.5263157895,0.3838191523,nan,0.0013006857,28.8582763016,nan,nan,nan,nan,nan,nan,nan
1336,45.5263157895,0.8626320858,nan,0.0000014569,58.3657057809,nan,nan,nan,nan,nan,nan,nan
1337,45.5263157895,0.3322160199,nan,0.0019730318,27.0486592238,nan,nan,nan,nan,nan,nan,nan
1338,45.5263157895,0.8297384668,nan,0.0000027538,55.6007309257,nan,nan,nan,nan,nan,nan,nan
1339,45.5263157895,0.8037021044,nan,0.0000044775,53.4895975920,nan,nan,nan,nan,nan,nan,nan
1340,45.5263157895,0.9632989302,nan,0.0000001775,67.5067957473,nan,nan,nan,nan,nan,nan,nan
1341,45.5263157895,0.4024004320,nan,0.0011028489,29.5748399357,nan,nan,nan,nan,nan,nan,nan
1342,45.5263157895,0.4497764203,nan,0.0006985972,31.5577313025,nan,nan,nan,nan,nan,nan,nan
1343,45.5263157895,0.6111001456,nan,0.0001001361,39.9940920472,nan,nan,nan,nan,nan,nan,nan
1344,45.5263157895,0.3298343754,nan,0.0020083820,26.9715367678,nan,nan,nan,nan,nan,nan,nan
1345,45.5263157895,0.3538371951,nan,0.0016693196,27.7746051718,nan,nan,nan,nan,nan,nan,nan
1346,45.5263157895,0.3249329824,nan,0.0020822870,26.8145941621,nan,nan,nan,nan,nan,nan,nan
1347,45.5263157895,0.3680145527,nan,0.0014873478,28.2758746782,nan,nan,nan,nan,nan,nan,nan
1348,45.5263157895,0.1188801310,nan,0.0057967758,22.3681349923,nan,nan,nan,nan,nan,nan,nan
1349,45.5263157895,0.6968680065,nan,0.0000279085,45.5426387099,nan,nan,nan,nan,nan,nan,nan
1350,45.5263157895,0.4709440049,nan,0.0005602536,32.5161532689,nan,nan,nan,nan,nan,nan,nan
1351,45.5263157895,0.6154149060,nan,0.0000942852,40.2555638749,nan,nan,nan,nan,nan,nan,nan
1352,45.5263157895,0.2153289640,nan,0.0040480120,23.9275821262,nan,nan,nan,nan,nan,nan,nan
1353,45.5263157895,0.7530892593,nan,0.0000110120,49.5813456945,nan,nan,nan,nan,nan,nan,nan
1354,45.5263157895,0.8435844899,nan,0.0000021129,56.7512877367,nan,nan,nan,nan,nan,nan,nan
1355,45.5263157895,0.4882648641,nan,0.0004641160,33.3337348948,nan,nan,nan,nan,nan,nan,nan
1356,45.5263157895,0.5667993988,nan,0.0001812341,37.4175996849,nan,nan,nan,nan,nan,nan,nan
1357,45.5263157895,0.4380968012,nan,0.0007855840,31.0480734888,nan,nan,nan,nan,nan,nan,nan
1358,45.5263157895,0.8870814723,nan,0.0000008930,60.4916683305,nan,nan,nan,nan,nan,nan,nan
1359,45.5263157895,0.2956744483,nan,0.0025542383,25.9273858055,nan,nan,nan,nan,nan,nan,nan
1360,45.5263157895,0.5091097983,nan,0.0003666517,34.3574634471,nan,nan,nan,nan,nan,nan,nan
1361,45.5263157895,0.4321259876,nan,0.0008331455,30.7927915166,nan,nan,nan,nan,nan,nan,nan
1362,45.5263157895,1.0600141063,nan,0.0000000188,77.2547509418,nan,nan,nan,nan,nan,nan,nan
1363,45.5263157895,0.1898903183,nan,0.0045421157,23.4274180340,nan,nan,nan,nan,nan,nan,nan
1364,45.5263157895,0.2697183394,nan,0.0030120110,25.2114344211,nan,nan,nan,nan,nan,nan,nan
1365,45.5263157895,1.3485807189,nan,0.0000000000,111.9778995836,nan,nan,nan,nan,nan,nan,nan
1366,45.5263157895,0.8268652049,nan,0.0000029078,55.3643972343,nan,nan,nan,nan,nan,nan,nan
1367,45.5263157895,0.2882762071,nan,0.0026813218,25.7165106025,nan,nan,nan,nan,nan,nan,nan
1368,45.5263157895,0.5135394667,nan,0.0003482879,34.5806156897,nan,nan,nan,nan,nan,nan,nan
1369,45.5263157895,0.7493221742,nan,0.0000117469,49.3007818433,nan,nan,nan,nan,nan,nan,nan
1370,45.5263157895,0.4124735294,nan,0.0010051504,29.9776893190,nan,nan,nan,nan,nan,nan,nan
1371,45.5263157895,0.9725145218,nan,0.0000001447,68.3948215849,nan,nan,nan,nan,nan,nan,nan
1372,45.5263157895,0.2910830263,nan,0.0026327673,25.7958752296,nan,nan,nan,nan,nan,nan,nan
1373,45.5263157895,0.2350512462,nan,0.0036649552,24.3593133519,nan,nan,nan,nan,nan,nan,nan
1374,45.5263157895,0.5706515970,nan,0.0001724320,37.6338221555,nan,nan,nan,nan,nan,nan,nan
1375,45.5263157895,0.6480185900,nan,0.0000589958,42.2917897863,nan,nan,nan,nan,nan,nan,nan
1376,45.5263157895,0.2918362807,nan,0.0026198070,25.8173070082,nan,nan,nan,nan,nan,nan,nan
1377,45.5263157895,0.5080343432,nan,0.0003712289,34.3035819424,nan,nan,nan,nan,nan,nan,nan
1378,45.5263157895,1.0064257015,nan,0.0000000670,71.7365517944,nan,nan,nan,nan,nan,nan,nan
1379,45.5263157895,0.2165282051,nan,0.0040246331,23.9527370402,nan,nan,nan,nan,nan,nan,nan
1380,45.5263157895,0.4477951483,nan,0.0007128012,31.4703156403,nan,nan,nan,nan,nan,nan,nan
1381,45.5263157895,0.7007384685,nan,0.0000262393,45.8104760773,nan,nan,nan,nan,nan,nan,nan
1382,45.5263157895,0.9197631375,nan,0.0000004542,63.4277909650,nan,nan,nan,nan,nan,nan,nan
1383,45.5263157895,0.6784898585,nan,0.0000372268,44.2914377556,nan,nan,nan,nan,nan,nan,nan
1384,45.5263157895,0.5784604286,nan,0.0001557150,38.0766964530,nan,nan,nan,nan,nan,nan,nan
1385,45.5263157895,0.4598298808,nan,0.0006298911,32.0073453862,nan,nan,nan,nan,nan,nan,nan
1386,45.5263157895,0.6164020324,nan,0.0000929898,40.3156459459,nan,nan,nan,nan,nan,nan,nan
1387,45.5263157895,0.8473022433,nan,0.0000019663,57.0635161947,nan,nan,nan,nan,nan,nan,nan
1388,45.5263157895,0.6439212715,nan,0.0000626610,42.0300277186,nan,nan,nan,nan,nan,nan,nan
1389,45.5263157895,0.5375840872,nan,0.0002614452,35.8261933800,nan,nan,nan,nan,nan,nan,nan
1390,45.5263157895,0.7573620571,nan,0.0000102299,49.9013047556,nan,nan,nan,nan,nan,nan,nan
1391,45.5263157895,0.4764519854,nan,0.0005280940,32.7728876413,nan,nan,nan,nan,nan,nan,nan
1392,45.5263157895,0.2571198092,nan,0.0032448905,24.8879994746,nan,nan,nan,nan,nan,nan,nan
1393,45.5263157895,0.1738987435,nan,0.0048465819,23.1456444399,nan,nan,nan,nan,nan,nan,nan
1394,45.5263157895,0.5923257563,nan,0.0001294750,38.8781395596,nan,nan,nan,nan,nan,nan,nan
1395,45.5263157895,0.5414954154,nan,0.0002492132,36.0342889223,nan,nan,nan,nan,nan,nan,nan
1396,45.5263157895,0.3123704448,nan,0.0022786397,26.4232433901,nan,nan,nan,nan,nan,nan,nan
1397,45.5263157895,0.2872934692,nan,0.0026984180,25.6889077739,nan,nan,nan,nan,nan,nan,nan
1398,45.5263157895,0.5720896143,nan,0.0001692420,37.7149190975,nan,nan,nan,nan,nan,nan,nan
1399,45.5263157895,1.0540839142,nan,0.0000000217,76.6297812985,nan,nan,nan,nan,nan,nan,nan
1400,45.5263157895,0.7946769126,nan,0.0000052799,52.7737612598,nan,nan,nan,nan,nan,nan,nan
1401,45.5263157895,0.1482499923,nan,0.0053134545,22.7462303456,nan,nan,nan,nan,nan,nan,nan
1402,45.5263157895,0.6715573688,nan,0.0000414162,43.8282942257,nan,nan,nan,nan,nan,nan,nan
1403,45.5263157895,0.4578339773,nan,0.0006430903,31.9172802777,nan,nan,nan,nan,nan,nan,nan
1404,45.5263157895,0.5447851686,nan,0.0002393039,36.2105018138,nan,nan,nan,nan,nan,nan,nan
1405,45.5263157895,0.0406974700,nan,0.0066503711,21.7715412188,nan,nan,nan,nan,nan,nan,nan
1406,45.5263157895,1.0667018803,nan,0.0000000160,77.9638361370,nan,nan,nan,nan,nan,nan,nan
1407,45.5263157895,1.2785095559,nan,0.0000000001,102.7686484753,nan,nan,nan,nan,nan,nan,nan
1408,45.5263157895,1.1526038241,nan,0.0000000018,87.4749666557,nan,nan,nan,nan,nan,nan,nan
1409,45.5263157895,0.7465101023,nan,0.0000123246,49.0922772979,nan,nan,nan,nan,nan,nan,nan
1410,45.5263157895,0.5915430512,nan,0.0001308464,38.8323838231,nan,nan,nan,nan,nan,nan,nan
1411,45.5263157895,0.8915705048,nan,0.0000008150,60.8885680307,nan,nan,nan,nan,nan,nan,nan
1412,45.5263157895,0.3232776219,nan,0.0021075947,26.7621289488,nan,nan,nan,nan,nan,nan,nan
1413,45.5263157895,0.7600005208,nan,0.0000097728,50.0997991642,nan,nan,nan,nan,nan,nan,nan
1414,45.5263157895,0.7171201964,nan,0.0000201336,46.9607956614,nan,nan,nan,nan,nan,nan,nan
1415,45.5263157895,0.8929800851,nan,0.0000007918,61.0136167545,nan,nan,nan,nan,nan,nan,nan
1416,45.5263157895,0.5630171784,nan,0.0001902500,37.2067531746,nan,nan,nan,nan,nan,nan,nan
1417,45.5263157895,0.9119953288,nan,0.0000005345,62.7201501060,nan,nan,nan,nan,nan,nan,nan
1418,45.5263157895,0.6239606962,nan,0.0000835804,40.7789529755,nan,nan,nan,nan,nan,nan,nan
1419,45.5263157895,0.5157431712,nan,0.0003394405,34.6923630450,nan,nan,nan,nan,nan,nan,nan
1420,45.5263157895,0.3144410489,nan,0.0022456041,26.4866680504,nan,nan,nan,nan,nan,nan,nan
1421,45.5263157895,0.6664330700,nan,0.0000447810,43.4890588902,nan,nan,nan,nan,nan,nan,nan
1422,45.5263157895,0.9150713354,nan,0.0000005012,62.9996422362,nan,nan,nan,nan,nan,nan,nan
1423,45.5263157895,0.7227985924,nan,0.0000183407,47.3658367884,nan,nan,nan,nan,nan,nan,nan
1424,45.5263157895,0.2833220804,nan,0.0027680017,25.5783364383,nan,nan,nan,nan,nan,nan,nan
1425,45.5263157895,0.4038757526,nan,0.0010881257,29.6332091577,nan,nan,nan,nan,nan,nan,nan
1426,45.5263157895,0.5136473190,nan,0.0003478505,34.5860734353,nan,nan,nan,nan,nan,nan,nan
1427,45.5263157895,0.5362246687,nan,0.0002658137,35.7542268762,nan,nan,nan,nan,nan,nan,nan
1428,45.5263157895,0.1794343630,nan,0.0047420555,23.2403336905,nan,nan,nan,nan,nan,nan,nan
1429,45.5263157895,0.7285479860,nan,0.0000166753,47.7792504440,nan,nan,nan,nan,nan,nan,nan
1430,45.5263157895,0.5719324947,nan,0.0001695880,37.7060482484,nan,nan,nan,nan,nan,nan,nan
1431,45.5263157895,0.3728991866,nan,0.0014278359,28.4532170375,nan,nan,nan,nan,nan,nan,nan
1432,45.5263157895,0.7621309076,nan,0.0000094176,50.2605823792,nan,nan,nan,nan,nan,nan,nan
1433,45.5263157895,0.1177814973,nan,0.0058134909,22.3556300393,nan,nan,nan,nan,nan,nan,nan
1434,45.5263157895,0.5898338811,nan,0.0001338850,38.7326821208,nan,nan,nan,nan,nan,nan,nan
1435,45.5263157895,0.0613726228,nan,0.0064988106,21.8716612182,nan,nan,nan,nan,nan,nan,nan
1436,45.5263157895,0.4769727988,nan,0.0005251314,32.7973204660,nan,nan,nan,nan,nan,nan,nan
1437,45.5263157895,0.6366011415,nan,0.0000697176,41.5665726808,nan,nan,nan,nan,nan,nan,nan
1438,45.5263157895,0.2486296296,nan,0.0034049436,24.6789007305,nan,nan,nan,nan,nan,nan,nan
1439,45.5263157895,0.7892943787,nan,0.0000058200,52.3507545825,nan,nan,nan,nan,nan,nan,nan
1440,45.5263157895,0.3809041982,nan,0.0013338322,28.7489880033,nan,nan,nan,nan,nan,nan,nan
1441,45.5263157895,0.2916751378,nan,0.0026225771,25.8127173971,nan,nan,nan,nan,nan,nan,nan
1442,45.5263157895,0.3632397138,nan,0.0015471003,28.1048153786,nan,nan,nan,nan,nan,nan,nan
1443,45.5263157895,0.1463341726,nan,0.0053468876,22.7189894483,nan,nan,nan,nan,nan,nan,nan
1444,45.5263157895,0.2940596011,nan,0.0025817288,25.8808937903,nan,nan,nan,nan,nan,nan,nan
1445,45.5263157895,1.0911032674,nan,0.0000000087,80.5894893651,nan,nan,nan,nan,nan,nan,nan
1446,45.5263157895,0.7220657436,nan,0.0000185636,47.3133800538,nan,nan,nan,nan,nan,nan,nan
1447,45.5263157895,1.9275562660,nan,0.0000000000,207.2220670327,nan,nan,nan,nan,nan,nan,nan
1448,45.5263157895,0.3308821851,nan,0.0019927841,27.0053974832,nan,nan,nan,nan,nan,nan,nan
1449,45.5263157895,0.2773902238,nan,0.0028733633,25.4160945727,nan,nan,nan,nan,nan,nan,nan
1450,45.5263157895,0.1309676488,nan,0.0056059418,22.5135141221,nan,nan,nan,nan,nan,nan,nan
1451,45.5263157895,0.7670876158,nan,0.0000086369,50.6364422948,nan,nan,nan,nan,nan,nan,nan
1452,45.5263157895,0.2082160639,nan,0.0041866801,23.7813022161,nan,nan,nan,nan,nan,nan,nan
1453,45.5263157895,1.1390904146,nan,0.0000000026,85.9291428230,nan,nan,nan,nan,nan,nan,nan
1454,45.5263157895,0.2966121346,nan,0.0025383407,25.9545008860,nan,nan,nan,nan,nan,nan,nan
1455,45.5263157895,0.6059950799,nan,0.0001074696,39.6871429046,nan,nan,nan,nan,nan,nan,nan
1456,45.5263157895,0.2930802780,nan,0.0025984689,25.8528247887,nan,nan,nan,nan,nan,nan,nan
1457,45.5263157895,0.6104705572,nan,0.0001010161,39.9560956946,nan,nan,nan,nan,nan,nan,nan
1458,45.5263157895,0.8053800627,nan,0.0000043415,53.6235912665,nan,nan,nan,nan,nan,nan,nan
1459,45.5263157895,0.5838912713,nan,0.0001449335,38.3883113512,nan,nan,nan,nan,nan,nan,nan
1460,45.5263157895,0.2548380815,nan,0.0032876810,24.8311032313,nan,nan,nan,nan,nan,nan,nan
1461,45.5263157895,0.1250048704,nan,0.0057016273,22.4400117381,nan,nan,nan,nan,nan,nan,nan
1462,45.5263157895,0.5134957957,nan,0.0003484652,34.5784060956,nan,nan,nan,nan,nan,nan,nan
1463,45.5263157895,0.1029163246,nan,0.0060283408,22.1980220048,nan,nan,nan,nan,nan,nan,nan
1464,45.5263157895,1.3453691289,nan,0.0000000000,111.5448901443,nan,nan,nan,nan,nan,nan,nan
1465,45.5263157895,0.4006754314,nan,0.0011202455,29.5068677559,nan,nan,nan,nan,nan,nan,nan
1466,45.5263157895,0.4508729981,nan,0.0006908310,31.6062820167,nan,nan,nan,nan,nan,nan,nan
1467,45.5263157895,0.8638491019,nan,0.0000014223,58.4701017202,nan,nan,nan,nan,nan,nan,nan
1468,45.5263157895,0.2352186345,nan,0.0036617256,24.3631420771,nan,nan,nan,nan,nan,nan,nan
1469,45.5263157895,0.2864904987,nan,0.0027124233,25.6664253147,nan,nan,nan,nan,nan,nan,nan
1470,45.5263157895,0.1366555937,nan,0.0055120438,22.5868733707,nan,nan,nan,nan,nan,nan,nan
1471,45.5263157895,0.6287018724,nan,0.0000781179,41.0724917399,nan,nan,nan,nan,nan,nan,nan
1472,45.5263157895,0.5045860264,nan,0.0003862248,34.1315983208,nan,nan,nan,nan,nan,nan,nan
1473,45.5263157895,0.3840928872,nan,0.0012976027,28.8685827449,nan,nan,nan,nan,nan,nan,nan
1474,45.5263157895,0.7930029120,nan,0.0000054427,52.6418905704,nan,nan,nan,nan,nan,nan,nan
1475,45.5263157895,0.7751140363,nan,0.0000074984,51.2503262567,nan,nan,nan,nan,nan,nan,nan
1476,45.5263157895,0.2676240401,nan,0.0030502968,25.1565790275,nan,nan,nan,nan,nan,nan,nan
1477,45.5263157895,0.3036845856,nan,0.0024200110,26.1618265183,nan,nan,nan,nan,nan,nan,nan
1478,45.5263157895,0.5911533853,nan,0.0001315338,38.8096274871,nan,nan,nan,nan,nan,nan,nan
1479,45.5263157895,0.4564977521,nan,0.0006520478,31.8572056588,nan,nan,nan,nan,nan,nan,nan
1480,45.5263157895,0.0706328463,nan,0.0064122515,21.9298945006,nan,nan,nan,nan,nan,nan,nan
1481,45.5263157895,0.1561336809,nan,0.0051735432,22.8621191671,nan,nan,nan,nan,nan,nan,nan
1482,45.5263157895,0.7294576541,nan,0.0000164249,47.8449657177,nan,nan,nan,nan,nan,nan,nan
1483,45.5263157895,0.7525086421,nan,0.0000111224,49.5380094438,nan,nan,nan,nan,nan,nan,nan
1484,45.5263157895,0.6053647776,nan,0.0001084070,39.6494266050,nan,nan,nan,nan,nan,nan,nan
1485,45.5263157895,0.6788303407,nan,0.0000370313,44.3143091336,nan,nan,nan,nan,nan,nan,nan
1486,45.5263157895,0.7235851803,nan,0.0000181042,47.4222003088,nan,nan,nan,nan,nan,nan,nan
1487,45.5263157895,0.5487922554,nan,0.0002276877,36.4266035313,nan,nan,nan,nan,nan,nan,nan
1488,45.5263157895,1.2343605426,nan,0.0000000002,97.2225879030,nan,nan,nan,nan,nan,nan,nan
1489,45.5263157895,0.7382359404,nan,0.0000141795,48.4834003122,nan,nan,nan,nan,nan,nan,nan
1490,45.5263157895,0.1909154396,nan,0.0045223693,23.4463397630,nan,nan,nan,nan,nan,nan,nan
1491,45.5263157895,0.5428726707,nan,0.0002450232,36.1079284498,nan,nan,nan,nan,nan,nan,nan
1492,45.5263157895,0.2286551465,nan,0.0037887082,24.2150883765,nan,nan,nan,nan,nan,nan,nan
1493,45.5263157895,0.3261553767,nan,0.0020637108,26.8535117077,nan,nan,nan,nan,nan,nan,nan
1494,45.5263157895,0.2242508818,nan,0.0038742464,24.1181276056,nan,nan,nan,nan,nan,nan,nan
1495,45.5263157895,0.3323699152,nan,0.0019707602,27.0536620646,nan,nan,nan,nan,nan,nan,nan
1496,45.5263157895,0.6289337531,nan,0.0000778591,41.0869060165,nan,nan,nan,nan,nan,nan,nan
1497,45.5263157895,0.4646636118,nan,0.0005988089,32.2271174438,nan,nan,nan,nan,nan,nan,nan
1498,45.5263157895,0.4327191245,nan,0.0008283251,30.8179917975,nan,nan,nan,nan,nan,nan,nan
1499,45.5263157895,0.4229981791,nan,0.0009100362,30.4094131870,nan,nan,nan,nan,nan,nan,nan
1500,45.5263157895,0.6253534782,nan,0.0000819417,40.8649495292,nan,nan,nan,nan,nan,nan,nan
1501,45.5263157895,0.1739130135,nan,0.0048463138,23.1458846587,nan,nan,nan,nan,nan,nan,nan
1502,45.5263157895,0.5431826009,nan,0.0002440885,36.1245260984,nan,nan,nan,nan,nan,nan,nan
1503,45.5263157895,0.2234871745,nan,0.0038890995,24.1015094122,nan,nan,nan,nan,nan,nan,nan
1504,45.5263157895,1.0430231688,nan,0.0000000284,75.4736352189,nan,nan,nan,nan,nan,nan,nan
1505,45.5263157895,1.0480625935,nan,0.0000000251,75.9988537555,nan,nan,nan,nan,nan,nan,nan
1506,45.5263157895,0.5391292258,nan,0.0002565537,35.9082166293,nan,nan,nan,nan,nan,nan,nan
1507,45.5263157895,0.4683609122,nan,0.0005758645,32.3967968774,nan,nan,nan,nan,nan,nan,nan
1508,45.5263157895,0.5911078059,nan,0.0001316144,38.8069666611,nan,nan,nan,nan,nan,nan,nan
1509,45.5263157895,0.7313694473,nan,0.0000159098,47.9833470893,nan,nan,nan,nan,nan,nan,nan
1510,45.5263157895,0.3979420121,nan,0.0011482151,29.3997674054,nan,nan,nan,nan,nan,nan,nan
1511,45.5263157895,0.4778338501,nan,0.0005202626,32.8377743190,nan,nan,nan,nan,nan,nan,nan
1512,45.5263157895,0.2950132397,nan,0.0025654774,25.9083180918,nan,nan,nan,nan,nan,nan,nan
1513,45.5263157895,0.7115534710,nan,0.0000220451,46.5668715461,nan,nan,nan,nan,nan,nan,nan
1514,45.5263157895,0.7532017580,nan,0.0000109907,49.5897463322,nan,nan,nan,nan,nan,nan,nan
1515,45.5263157895,0.1957501129,nan,0.0044289684,23.5369742239,nan,nan,nan,nan,nan,nan,nan
1516,45.5263157895,0.4144145125,nan,0.0009870797,30.0564775873,nan,nan,nan,nan,nan,nan,nan
1517,45.5263157895,0.3508942674,nan,0.0017088110,27.6730597893,nan,nan,nan,nan,nan,nan,nan
1518,45.5263157895,0.1379364714,nan,0.0054905638,22.6038305454,nan,nan,nan,nan,nan,nan,nan
1519,45.5263157895,1.0519302090,nan,0.0000000229,76.4036892254,nan,nan,nan,nan,nan,nan,nan
1520,45.5263157895,0.3064330551,nan,0.0023747962,26.2437364896,nan,nan,nan,nan,nan,nan,nan
1521,45.5263157895,0.0579015021,nan,0.0065283419,21.8519711106,nan,nan,nan,nan,nan,nan,nan
1522,45.5263157895,0.2143479035,nan,0.0040671395,23.9071092918,nan,nan,nan,nan,nan,nan,nan
1523,45.5263157895,0.6766795563,nan,0.0000382822,44.1700292946,nan,nan,nan,nan,nan,nan,nan
1524,45.5263157895,0.6454038867,nan,0.0000613119,42.1245515227,nan,nan,nan,nan,nan,nan,nan
1525,45.5263157895,0.8601630176,nan,0.0000015295,58.1543680862,nan,nan,nan,nan,nan,nan,nan
1526,45.5263157895,0.5073841907,nan,0.0003740189,34.2710647405,nan,nan,nan,nan,nan,nan,nan
1527,45.5263157895,0.6948828676,nan,0.0000288015,45.4058513350,nan,nan,nan,nan,nan,nan,nan
1528,45.5263157895,0.3023980324,nan,0.0024413259,26.1237423312,nan,nan,nan,nan,nan,nan,nan
1529,45.5263157895,0.2788437646,nan,0.0028473919,25.4555275749,nan,nan,nan,nan,nan,nan,nan
1530,45.5263157895,0.4576752434,nan,0.0006441493,31.9101345070,nan,nan,nan,nan,nan,nan,nan
1531,45.5263157895,0.4892911273,nan,0.0004588684,33.3831185420,nan,nan,nan,nan,nan,nan,nan
1532,45.5263157895,1.0606199960,nan,0.0000000185,77.3188049408,nan,nan,nan,nan,nan,nan,nan
1533,45.5263157895,0.4786009459,nan,0.0005159556,32.8738764222,nan,nan,nan,nan,nan,nan,nan
1534,45.5263157895,0.7950921357,nan,0.0000052402,52.8065145279,nan,nan,nan,nan,nan,nan,nan
1535,45.5263157895,0.4462822936,nan,0.0007237972,31.4038310951,nan,nan,nan,nan,nan,nan,nan
1536,45.5263157895,0.7446506162,nan,0.0000127208,48.9548410289,nan,nan,nan,nan,nan,nan,nan
1537,45.5263157895,0.5501096138,nan,0.0002239752,36.4980000908,nan,nan,nan,nan,nan,nan,nan
1538,45.5263157895,0.5335778676,nan,0.0002744961,35.6146387048,nan,nan,nan,nan,nan,nan,nan
1539,45.5263157895,0.7755910194,nan,0.0000074353,51.2870117608,nan,nan,nan,nan,nan,nan,nan
1540,45.5263157895,0.4536312034,nan,0.0006715940,31.7289321225,nan,nan,nan,nan,nan,nan,nan
1541,45.5263157895,0.1294956216,nan,0.0056298328,22.4950450653,nan,nan,nan,nan,nan,nan,nan
1542,45.5263157895,0.4592050737,nan,0.0006339999,31.9791081627,nan,nan,nan,nan,nan,nan,nan
1543,45.5263157895,0.9001510813,nan,0.0000006835,61.6528895729,nan,nan,nan,nan,nan,nan,nan
1544,45.5263157895,0.4484925466,nan,0.0007077761,31.5010408057,nan,nan,nan,nan,nan,nan,nan
1545,45.5263157895,0.3743173800,nan,0.0014108630,28.5051514147,nan,nan,nan,nan,nan,nan,nan
1546,45.5263157895,0.6722713945,nan,0.0000409659,43.8757733088,nan,nan,nan,nan,nan,nan,nan
1547,45.5263157895,0.2772051729,nan,0.0028766767,25.4110893738,nan,nan,nan,nan,nan,nan,nan
1548,45.5263157895,0.7825358836,nan,0.0000065709,51.8237503445,nan,nan,nan,nan,nan,nan,nan
1549,45.5263157895,0.4062370103,nan,0.0010648584,29.7270812009,nan,nan,nan,nan,nan,nan,nan
1550,45.5263157895,0.6837387999,nan,0.0000343137,44.6453234234,nan,nan,nan,nan,nan,nan,nan
1551,45.5263157895,0.2830566946,nan,0.0027726795,25.5710033264,nan,nan,nan,nan,nan,nan,nan
1552,45.5263157895,0.8598779942,nan,0.0000015382,58.1300113941,nan,nan,nan,nan,nan,nan,nan
1553,45.5263157895,0.5992506590,nan,0.0001178789,39.2856376008,nan,nan,nan,nan,nan,nan,nan
1554,45.5263157895,1.1478934674,nan,0.0000000020,86.9340365842,nan,nan,nan,nan,nan,nan,nan
1555,45.5263157895,0.2369068553,nan,0.0036291823,24.4019121420,nan,nan,nan,nan,nan,nan,nan
1556,45.5263157895,0.4170142026,nan,0.0009632537,30.1625930321,nan,nan,nan,nan,nan,nan,nan
1557,45.5263157895,0.3386288664,nan,0.0018796959,27.2591241505,nan,nan,nan,nan,nan,nan,nan
1558,45.5263157895,0.4305834859,nan,0.0008457810,30.7274205811,nan,nan,nan,nan,nan,nan,nan
1559,45.5263157895,0.2184684164,nan,0.0039868188,23.9937350339,nan,nan,nan,nan,nan,nan,nan
1560,45.5263157895,0.7290493681,nan,0.0000165369,47.8154604468,nan,nan,nan,nan,nan,nan,nan
1561,45.5263157895,0.3129634733,nan,0.0022691516,26.4413649223,nan,nan,nan,nan,nan,nan,nan
1562,45.5263157895,0.7408466068,nan,0.0000135682,48.6747685955,nan,nan,nan,nan,nan,nan,nan
1563,45.5263157895,0.4861836846,nan,0.0004749072,33.2339123545,nan,nan,nan,nan,nan,nan,nan
1564,45.5263157895,0.2679669184,nan,0.0030440164,25.1655301915,nan,nan,nan,nan,nan,nan,nan
1565,45.5263157895,0.4941123771,nan,0.0004348578,33.6165269952,nan,nan,nan,nan,nan,nan,nan
1566,45.5263157895,0.4667278479,nan,0.0005859111,32.3216824773,nan,nan,nan,nan,nan,nan,nan
1567,45.5263157895,0.5081291249,nan,0.0003708236,34.3083259592,nan,nan,nan,nan,nan,nan,nan
1568,45.5263157895,0.6579536700,nan,0.0000508919,42.9335116723,nan,nan,nan,nan,nan,nan,nan
1569,45.5263157895,1.4287798998,nan,0.0000000000,123.1313103737,nan,nan,nan,nan,nan,nan,nan
1570,45.5263157895,0.4573149746,nan,0.0006465579,31.8939255205,nan,nan,nan,nan,nan,nan,nan
1571,45.5263157895,0.4135749082,nan,0.0009948669,30.0223502842,nan,nan,nan,nan,nan,nan,nan
1572,45.5263157895,0.5840266379,nan,0.0001446733,38.3961163216,nan,nan,nan,nan,nan,nan,nan
1573,45.5263157895,0.0555121414,nan,0.0065477276,21.8390939369,nan,nan,nan,nan,nan,nan,nan
1574,45.5263157895,0.7452273596,nan,0.0000125967,48.9974313738,nan,nan,nan,nan,nan,nan,nan
1575,45.5263157895,0.3583309763,nan,0.0016101540,27.9313257624,nan,nan,nan,nan,nan,nan,nan
1576,45.5263157895,0.8695206820,nan,0.0000012710,58.9585842734,nan,nan,nan,nan,nan,nan,nan
1577,45.5263157895,0.3639966793,nan,0.0015375235,28.1317823410,nan,nan,nan,nan,nan,nan,nan
1578,45.5263157895,0.5090308882,nan,0.0003669859,34.3535060277,nan,nan,nan,nan,nan,nan,nan
1579,45.5263157895,0.4231583214,nan,0.0009086429,30.4160676581,nan,nan,nan,nan,nan,nan,nan
1580,45.5263157895,0.5128631804,nan,0.0003510412,34.5464194977,nan,nan,nan,nan,nan,nan,nan
1581,45.5263157895,0.3666655143,nan,0.0015040715,28.2273150573,nan,nan,nan,nan,nan,nan,nan
1582,45.5263157895,0.2635705288,nan,0.0031248984,25.0516410316,nan,nan,nan,nan,nan,nan,nan
1583,45.5263157895,0.5496881748,nan,0.0002251573,36.4751405375,nan,nan,nan,nan,nan,nan,nan
1584,45.5263157895,0.6610209095,nan,0.0000486000,43.1336342101,nan,nan,nan,nan,nan,nan,nan
1585,45.5263157895,0.5837527873,nan,0.0001452002,38.3803285421,nan,nan,nan,nan,nan,nan,nan
1586,45.5263157895,0.3480114330,nan,0.0017480652,27.5744236185,nan,nan,nan,nan,nan,nan,nan
1587,45.5263157895,0.5826018456,nan,0.0001474328,38.3140578080,nan,nan,nan,nan,nan,nan,nan
1588,45.5263157895,0.3431135238,nan,0.0018160434,27.4087376592,nan,nan,nan,nan,nan,nan,nan
1589,45.5263157895,0.4304499374,nan,0.0008468818,30.7217719932,nan,nan,nan,nan,nan,nan,nan
1590,45.5263157895,0.7960211930,nan,0.0000051524,52.8798626034,nan,nan,nan,nan,nan,nan,nan
1591,45.5263157895,0.2839970926,nan,0.0027561194,25.5970197737,nan,nan,nan,nan,nan,nan,nan
1592,45.5263157895,0.8467373176,nan,0.0000019879,57.0159820661,nan,nan,nan,nan,nan,nan,nan
1593,45.5263157895,0.5398037923,nan,0.0002544427,35.9441008359,nan,nan,nan,nan,nan,nan,nan
1594,45.5263157895,0.9387229172,nan,0.0000003033,65.1806291501,nan,nan,nan,nan,nan,nan,nan
1595,45.5263157895,0.3369975941,nan,0.0019031810,27.2051991353,nan,nan,nan,nan,nan,nan,nan
1596,45.5263157895,0.6947995797,nan,0.0000288395,45.4001209967,nan,nan,nan,nan,nan,nan,nan
1597,45.5263157895,0.7359308277,nan,0.0000147401,48.3150006232,nan,nan,nan,nan,nan,nan,nan
1598,45.5263157895,0.2837940924,nan,0.0027596905,25.5913962756,nan,nan,nan,nan,nan,nan,nan
1599,45.5263157895,0.3188643977,nan,0.0021759121,26.6235864589,nan,nan,nan,nan,nan,nan,nan
1600,45.5263157895,0.6770429438,nan,0.0000380682,44.1943735371,nan,nan,nan,nan,nan,nan,nan
1601,45.5263157895,0.1864386877,nan,0.0046084313,23.3644688562,nan,nan,nan,nan,nan,nan,nan
1602,45.5263157895,0.4995990770,nan,0.0004087915,33.8849815726,nan,nan,nan,nan,nan,nan,nan
1603,45.5263157895,0.3216004489,nan,0.0021334132,26.7092501548,nan,nan,nan,nan,nan,nan,nan
1604,45.5263157895,1.0355971475,nan,0.0000000339,74.7043699554,nan,nan,nan,nan,nan,nan,nan
1605,45.5263157895,1.4425466597,nan,0.0000000000,125.1117213867,nan,nan,nan,nan,nan,nan,nan
1606,45.5263157895,0.7878420489,nan,0.0000059743,52.2371183274,nan,nan,nan,nan,nan,nan,nan
1607,45.5263157895,0.9618420455,nan,0.0000001833,67.3671951506,nan,nan,nan,nan,nan,nan,nan
1608,45.5263157895,0.7162459400,nan,0.0000204234,46.8987231979,nan,nan,nan,nan,nan,nan,nan
1609,45.5263157895,0.6436692822,nan,0.0000628929,42.0139841610,nan,nan,nan,nan,nan,nan,nan
1610,45.5263157895,0.5663995646,nan,0.0001821695,37.3952424007,nan,nan,nan,nan,nan,nan,nan
1611,45.5263157895,0.8505790540,nan,0.0000018451,57.3398699706,nan,nan,nan,nan,nan,nan,nan
1612,45.5263157895,1.1004618598,nan,0.0000000069,81.6125131949,nan,nan,nan,nan,nan,nan,nan
1613,45.5263157895,0.2668756523,nan,0.0030640214,25.1370821120,nan,nan,nan,nan,nan,nan,nan
1614,45.5263157895,0.6250885441,nan,0.0000822512,40.8485763117,nan,nan,nan,nan,nan,nan,nan
1615,45.5263157895,0.9509609030,nan,0.0000002327,66.3313409570,nan,nan,nan,nan,nan,nan,nan
1616,45.5263157895,0.5895782905,nan,0.0001343446,38.7177978557,nan,nan,nan,nan,nan,nan,nan
1617,45.5263157895,0.1074642351,nan,0.0059649244,22.2439505485,nan,nan,nan,nan,nan,nan,nan
1618,45.5263157895,0.6862810709,nan,0.0000329783,44.8177207214,nan,nan,nan,nan,nan,nan,nan
1619,45.5263157895,0.7512476143,nan,0.0000113658,49.4440055485,nan,nan,nan,nan,nan,nan,nan
1620,45.5263157895,0.5484223866,nan,0.0002287395,36.4065891200,nan,nan,nan,nan,nan,nan,nan
1621,45.5263157895,0.4352654893,nan,0.0008078715,30.9265769569,nan,nan,nan,nan,nan,nan,nan
1622,45.5263157895,0.6326962502,nan,0.0000737641,41.3215471439,nan,nan,nan,nan,nan,nan,nan
1623,45.5263157895,0.7030694742,nan,0.0000252784,45.9725100028,nan,nan,nan,nan,nan,nan,nan
1624,45.5263157895,0.0770569775,nan,0.0063457424,21.9751756215,nan,nan,nan,nan,nan,nan,nan
1625,45.5263157895,0.2916625637,nan,0.0026227933,25.8123593756,nan,nan,nan,nan,nan,nan,nan
1626,45.5263157895,0.2648177593,nan,0.0031018756,25.0837561790,nan,nan,nan,nan,nan,nan,nan
1627,45.5263157895,1.1480645107,nan,0.0000000020,86.9536395469,nan,nan,nan,nan,nan,nan,nan
1628,45.5263157895,0.5667139595,nan,0.0001814337,37.4128208787,nan,nan,nan,nan,nan,nan,nan
1629,45.5263157895,0.5065198409,nan,0.0003777548,34.2279000480,nan,nan,nan,nan,nan,nan,nan
1630,45.5263157895,0.3161867373,nan,0.0022179558,26.5404711261,nan,nan,nan,nan,nan,nan,nan
1631,45.5263157895,0.4735159955,nan,0.0005450471,32.6356596058,nan,nan,nan,nan,nan,nan,nan
1632,45.5263157895,0.1546963776,nan,0.0051993179,22.8405362398,nan,nan,nan,nan,nan,nan,nan
1633,45.5263157895,0.1706389766,nan,0.0049076150,23.0912951246,nan,nan,nan,nan,nan,nan,nan
1634,45.5263157895,0.6557049441,nan,0.0000526333,42.7873941789,nan,nan,nan,nan,nan,nan,nan
1635,45.5263157895,0.8634412850,nan,0.0000014338,58.4351024251,nan,nan,nan,nan,nan,nan,nan
1636,45.5263157895,0.3721669493,nan,0.0014366531,28.4264808684,nan,nan,nan,nan,nan,nan,nan
1637,45.5263157895,0.1384345064,nan,0.0054821797,22.6104673048,nan,nan,nan,nan,nan,nan,nan
1638,45.5263157895,0.3613988848,nan,0.0015705531,28.0394737720,nan,nan,nan,nan,nan,nan,nan
1639,45.5263157895,0.1224052907,nan,0.0057424124,22.4090562445,nan,nan,nan,nan,nan,nan,nan
1640,45.5263157895,0.1817273411,nan,0.0046984656,23.2804394928,nan,nan,nan,nan,nan,nan,nan
1641,45.5263157895,0.2097199706,nan,0.0041573688,23.8118144515,nan,nan,nan,nan,nan,nan,nan
1642,45.5263157895,0.8427361806,nan,0.0000021477,56.6802396191,nan,nan,nan,nan,nan,nan,nan
1643,45.5263157895,0.6559314919,nan,0.0000524555,42.8020917505,nan,nan,nan,nan,nan,nan,nan
1644,45.5263157895,1.1828798779,nan,0.0000000008,91.0055721222,nan,nan,nan,nan,nan,nan,nan
1645,45.5263157895,0.5659104337,nan,0.0001833195,37.3679137779,nan,nan,nan,nan,nan,nan,nan
1646,45.5263157895,0.6179649635,nan,0.0000909709,40.4109748960,nan,nan,nan,nan,nan,nan,nan
1647,45.5263157895,0.1343114069,nan,0.0055510409,22.5562557042,nan,nan,nan,nan,nan,nan,nan
1648,45.5263157895,0.3678105181,nan,0.0014898692,28.2685186681,nan,nan,nan,nan,nan,nan,nan
1649,45.5263157895,0.5472034699,nan,0.0002322348,36.3407279377,nan,nan,nan,nan,nan,nan,nan
1650,45.5263157895,1.0739331549,nan,0.0000000134,78.7356475421,nan,nan,nan,nan,nan,nan,nan
1651,45.5263157895,0.3010356288,nan,0.0024640006,26.0835919884,nan,nan,nan,nan,nan,nan,nan
1652,45.5263157895,0.2610263209,nan,0.0031720443,24.9866075255,nan,nan,nan,nan,nan,nan,nan
1653,45.5263157895,0.2412805834,nan,0.0035451401,24.5036659214,nan,nan,nan,nan,nan,nan,nan
1654,45.5263157895,0.7427343617,nan,0.0000131414,48.8135734370,nan,nan,nan,nan,nan,nan,nan
1655,45.5263157895,0.8052796982,nan,0.0000043495,53.6155686556,nan,nan,nan,nan,nan,nan,nan
1656,45.5263157895,0.5355592312,nan,0.0002679744,35.7190666782,nan,nan,nan,nan,nan,nan,nan
1657,45.5263157895,0.2283218994,nan,0.0037951725,24.2076848476,nan,nan,nan,nan,nan,nan,nan
1658,45.5263157895,0.7604632284,nan,0.0000096946,50.1346814588,nan,nan,nan,nan,nan,nan,nan
1659,45.5263157895,0.6543286820,nan,0.0000537252,42.6982183567,nan,nan,nan,nan,nan,nan,nan
1660,45.5263157895,0.4684690976,nan,0.0005752038,32.4017823923,nan,nan,nan,nan,nan,nan,nan
1661,45.5263157895,0.6007701807,nan,0.0001154596,39.3756983962,nan,nan,nan,nan,nan,nan,nan
1662,45.5263157895,0.4796738615,nan,0.0005099798,32.9244701626,nan,nan,nan,nan,nan,nan,nan
1663,45.5263157895,0.8506568062,nan,0.0000018423,57.3464404621,nan,nan,nan,nan,nan,nan,nan
1664,45.5263157895,0.1806472891,nan,0.0047190175,23.2614841411,nan,nan,nan,nan,nan,nan,nan
1665,45.5263157895,0.7715267788,nan,0.0000079888,50.9751597098,nan,nan,nan,nan,nan,nan,nan
1666,45.5263157895,0.7782094856,nan,0.0000070977,51.4888106054,nan,nan,nan,nan,nan,nan,nan
1667,45.5263157895,0.7861630171,nan,0.0000061574,52.1060090839,nan,nan,nan,nan,nan,nan,nan
1668,45.5263157895,0.8821919008,nan,0.0000009859,60.0616715300,nan,nan,nan,nan,nan,nan,nan
1669,45.5263157895,0.7703600281,nan,0.0000081547,50.8859417453,nan,nan,nan,nan,nan,nan,nan
1670,45.5263157895,0.7527789718,nan,0.0000110709,49.5581821563,nan,nan,nan,nan,nan,nan,nan
1671,45.5263157895,0.5733519135,nan,0.0001664839,37.7862773982,nan,nan,nan,nan,nan,nan,nan
1672,45.5263157895,0.3807555962,nan,0.0013355375,28.7434392588,nan,nan,nan,nan,nan,nan,nan
1673,45.5263157895,0.4531154064,nan,0.0006751592,31.7059381977,nan,nan,nan,nan,nan,nan,nan
1674,45.5263157895,0.4357064852,nan,0.0008043687,30.9454482217,nan,nan,nan,nan,nan,nan,nan
1675,45.5263157895,0.7656327748,nan,0.0000088596,50.5258670674,nan,nan,nan,nan,nan,nan,nan
1676,45.5263157895,0.3016268601,nan,0.0024541477,26.1009930779,nan,nan,nan,nan,nan,nan,nan
1677,45.5263157895,0.5038362276,nan,0.0003895507,34.0943599313,nan,nan,nan,nan,nan,nan,nan
1678,45.5263157895,0.3529775496,nan,0.0016807944,27.7448540817,nan,nan,nan,nan,nan,nan,nan
1679,45.5263157895,0.0545922561,nan,0.0065549845,21.8342833176,nan,nan,nan,nan,nan,nan,nan
1680,45.5263157895,0.7444114779,nan,0.0000127726,48.9371913852,nan,nan,nan,nan,nan,nan,nan
1681,45.5263157895,0.0233604393,nan,0.0067309326,21.7192475519,nan,nan,nan,nan,nan,nan,nan
1682,45.5263157895,0.4979687859,nan,0.0004163993,33.8048996634,nan,nan,nan,nan,nan,nan,nan
1683,45.5263157895,0.4929527670,nan,0.0004405371,33.5601749858,nan,nan,nan,nan,nan,nan,nan
1684,45.5263157895,0.3275247171,nan,0.0020430152,26.8972839816,nan,nan,nan,nan,nan,nan,nan
1685,45.5263157895,0.9354258735,nan,0.0000003256,64.8732053200,nan,nan,nan,nan,nan,nan,nan
1686,45.5263157895,0.2080918486,nan,0.0041891007,23.7787920332,nan,nan,nan,nan,nan,nan,nan
1687,45.5263157895,0.5334569809,nan,0.0002748983,35.6082800891,nan,nan,nan,nan,nan,nan,nan
1688,45.5263157895,0.8116544082,nan,0.0000038662,54.1271471682,nan,nan,nan,nan,nan,nan,nan
1689,45.5263157895,0.3552967823,nan,0.0016499516,27.8252878475,nan,nan,nan,nan,nan,nan,nan
1690,45.5263157895,0.7112740260,nan,0.0000221453,46.5471791190,nan,nan,nan,nan,nan,nan,nan
1691,45.5263157895,0.5734199762,nan,0.0001663363,37.7901295516,nan,nan,nan,nan,nan,nan,nan
1692,45.5263157895,0.8301627427,nan,0.0000027317,55.6356993847,nan,nan,nan,nan,nan,nan,nan
1693,45.5263157895,0.4922702849,nan,0.0004439078,33.5270722328,nan,nan,nan,nan,nan,nan,nan
1694,45.5263157895,0.1627148905,nan,0.0050541297,22.9635361334,nan,nan,nan,nan,nan,nan,nan
1695,45.5263157895,1.1204276630,nan,0.0000000041,83.8247373279,nan,nan,nan,nan,nan,nan,nan
1696,45.5263157895,0.4436713348,nan,0.0007430830,31.2896266847,nan,nan,nan,nan,nan,nan,nan
1697,45.5263157895,0.6882603471,nan,0.0000319713,44.9523902697,nan,nan,nan,nan,nan,nan,nan
1698,45.5263157895,0.4858103471,nan,0.0004768644,33.2160512850,nan,nan,nan,nan,nan,nan,nan
1699,45.5263157895,1.3489195938,nan,0.0000000000,112.0236503095,nan,nan,nan,nan,nan,nan,nan
1700,45.5263157895,0.4389561817,nan,0.0007789132,31.0851094012,nan,nan,nan,nan,nan,nan,nan
1701,45.5263157895,0.4068297911,nan,0.0010590746,29.7507346026,nan,nan,nan,nan,nan,nan,nan
1702,45.5263157895,0.4121763913,nan,0.0010079382,29.9656610889,nan,nan,nan,nan,nan,nan,nan
1703,45.5263157895,0.4920393458,nan,0.0004450531,33.5158814359,nan,nan,nan,nan,nan,nan,nan
1704,45.5263157895,0.3344955109,nan,0.0019395447,27.1230019690,nan,nan,nan,nan,nan,nan,nan
1705,45.5263157895,0.7248837647,nan,0.0000177199,47.5153876412,nan,nan,nan,nan,nan,nan,nan
1706,45.5263157895,0.4564830915,nan,0.0006521466,31.8565475325,nan,nan,nan,nan,nan,nan,nan
1707,45.5263157895,0.3033286915,nan,0.0024258978,26.1512749992,nan,nan,nan,nan,nan,nan,nan
1708,45.5263157895,0.7895564056,nan,0.0000057926,52.3712792934,nan,nan,nan,nan,nan,nan,nan
1709,45.5263157895,0.4227864280,nan,0.0009118810,30.4006181225,nan,nan,nan,nan,nan,nan,nan
1710,45.5263157895,0.1930493474,nan,0.0044811970,23.4860596330,nan,nan,nan,nan,nan,nan,nan
1711,45.5263157895,0.5717654519,nan,0.0001699566,37.6966198601,nan,nan,nan,nan,nan,nan,nan
1712,45.5263157895,0.7071993748,nan,0.0000236541,46.2609324642,nan,nan,nan,nan,nan,nan,nan
1713,45.5263157895,0.1960326742,nan,0.0044234970,23.5423425875,nan,nan,nan,nan,nan,nan,nan
1714,45.5263157895,0.2527535245,nan,0.0033269218,24.7795740948,nan,nan,nan,nan,nan,nan,nan
1715,45.5263157895,0.5254015490,nan,0.0003028401,35.1878658204,nan,nan,nan,nan,nan,nan,nan
1716,45.5263157895,0.7063340556,nan,0.0000239863,46.2003584406,nan,nan,nan,nan,nan,nan,nan
1717,45.5263157895,0.5597775453,nan,0.0001982762,37.0272948845,nan,nan,nan,nan,nan,nan,nan
1718,45.5263157895,0.6277883502,nan,0.0000791451,41.0157575074,nan,nan,nan,nan,nan,nan,nan
1719,45.5263157895,0.3736508465,nan,0.0014188230,28.4807179391,nan,nan,nan,nan,nan,nan,nan
1720,45.5263157895,0.8463289499,nan,0.0000020037,56.9816411509,nan,nan,nan,nan,nan,nan,nan
1721,45.5263157895,0.3180597491,nan,0.0021884997,26.5985350667,nan,nan,nan,nan,nan,nan,nan
1722,45.5263157895,0.2890897180,nan,0.0026672070,25.7394327136,nan,nan,nan,nan,nan,nan,nan
1723,45.5263157895,0.4857463138,nan,0.0004772007,33.2129892328,nan,nan,nan,nan,nan,nan,nan
1724,45.5263157895,0.4738838963,nan,0.0005428992,32.6528080246,nan,nan,nan,nan,nan,nan,nan
1725,45.5263157895,0.1629993277,nan,0.0050489198,22.9680152711,nan,nan,nan,nan,nan,nan,nan
1726,45.5263157895,0.3254366774,nan,0.0020746210,26.8306123829,nan,nan,nan,nan,nan,nan,nan
1727,45.5263157895,0.4635921777,nan,0.0006055916,32.1782017640,nan,nan,nan,nan,nan,nan,nan
1728,45.5263157895,0.3141012262,nan,0.0022510079,26.4762297303,nan,nan,nan,nan,nan,nan,nan
1729,45.5263157895,0.8233019224,nan,0.0000031100,55.0724648228,nan,nan,nan,nan,nan,nan,nan
1730,45.5263157895,0.7716677161,nan,0.0000079690,50.9859460520,nan,nan,nan,nan,nan,nan,nan
1731,45.5263157895,0.2719928583,nan,0.0029706381,25.2715025939,nan,nan,nan,nan,nan,nan,nan
1732,45.5263157895,0.2980867971,nan,0.0025134368,25.9973202434,nan,nan,nan,nan,nan,nan,nan
1733,45.5263157895,0.7511007685,nan,0.0000113944,49.4330692751,nan,nan,nan,nan,nan,nan,nan
1734,45.5263157895,0.3224594291,nan,0.0021201678,26.7362976108,nan,nan,nan,nan,nan,nan,nan
1735,45.5263157895,0.2225421193,nan,0.0039074867,24.0810248706,nan,nan,nan,nan,nan,nan,nan
1736,45.5263157895,0.8571461331,nan,0.0000016229,57.8969762538,nan,nan,nan,nan,nan,nan,nan
1737,45.5263157895,0.3293552470,nan,0.0020155382,26.9560897579,nan,nan,nan,nan,nan,nan,nan
1738,45.5263157895,0.4549278134,nan,0.0006626967,31.7868516558,nan,nan,nan,nan,nan,nan,nan
1739,45.5263157895,0.4021546878,nan,0.0011053152,29.5651384685,nan,nan,nan,nan,nan,nan,nan
1740,45.5263157895,0.5784235452,nan,0.0001557905,38.0745902478,nan,nan,nan,nan,nan,nan,nan
1741,45.5263157895,0.3407804851,nan,0.0018489897,27.3306550449,nan,nan,nan,nan,nan,nan,nan
1742,45.5263157895,0.6399556352,nan,0.0000664005,41.7782852638,nan,nan,nan,nan,nan,nan,nan
1743,45.5263157895,0.0882679507,nan,0.0062175644,22.0637970689,nan,nan,nan,nan,nan,nan,nan
1744,45.5263157895,0.2489083941,nan,0.0033996539,24.6856529441,nan,nan,nan,nan,nan,nan,nan
1745,45.5263157895,1.0175580498,nan,0.0000000518,72.8589559540,nan,nan,nan,nan,nan,nan,nan
1746,45.5263157895,0.8526242416,nan,0.0000017730,57.5129028342,nan,nan,nan,nan,nan,nan,nan
1747,45.5263157895,0.4935429978,nan,0.0004376389,33.5888408200,nan,nan,nan,nan,nan,nan,nan
1748,45.5263157895,0.3457212753,nan,0.0017796495,27.4966553050,nan,nan,nan,nan,nan,nan,nan
1749,45.5263157895,0.8036556125,nan,0.0000044814,53.4858890114,nan,nan,nan,nan,nan,nan,nan
1750,45.5263157895,0.3922630980,nan,0.0012079142,29.1796391745,nan,nan,nan,nan,nan,nan,nan
1751,45.5263157895,0.3565052851,nan,0.0016340253,27.8674123488,nan,nan,nan,nan,nan,nan,nan
1752,45.5263157895,0.2016087477,nan,0.0043152976,23.6498924459,nan,nan,nan,nan,nan,nan,nan
1753,45.5263157895,0.1382348885,nan,0.0054855423,22.6078042991,nan,nan,nan,nan,nan,nan,nan
1754,45.5263157895,0.5827458761,nan,0.0001471518,38.3223437473,nan,nan,nan,nan,nan,nan,nan
1755,45.5263157895,0.8064338591,nan,0.0000042581,53.7078875868,nan,nan,nan,nan,nan,nan,nan
1756,45.5263157895,1.2148543418,nan,0.0000000003,94.8352687230,nan,nan,nan,nan,nan,nan,nan
1757,45.5263157895,0.3018133837,nan,0.0024510434,26.1064900323,nan,nan,nan,nan,nan,nan,nan
1758,45.5263157895,0.6098380052,nan,0.0001019070,39.9179605698,nan,nan,nan,nan,nan,nan,nan
1759,45.5263157895,1.0312500367,nan,0.0000000375,74.2566427893,nan,nan,nan,nan,nan,nan,nan
1760,45.5263157895,1.1196999046,nan,0.0000000042,83.7433912606,nan,nan,nan,nan,nan,nan,nan
1761,45.5263157895,0.2520228972,nan,0.0033407077,24.7616151813,nan,nan,nan,nan,nan,nan,nan
1762,45.5263157895,1.2054166776,nan,0.0000000004,93.6940868274,nan,nan,nan,nan,nan,nan,nan
1763,45.5263157895,1.0521144236,nan,0.0000000228,76.4230093631,nan,nan,nan,nan,nan,nan,nan
1764,45.5263157895,0.2775119100,nan,0.0028711853,25.4193877565,nan,nan,nan,nan,nan,nan,nan
1765,45.5263157895,0.4757073209,nan,0.0005323533,32.7380004526,nan,nan,nan,nan,nan,nan,nan
1766,45.5263157895,0.3702150853,nan,0.0014603355,28.3554734306,nan,nan,nan,nan,nan,nan,nan
1767,45.5263157895,0.5715660810,nan,0.0001703974,37.6853704370,nan,nan,nan,nan,nan,nan,nan
1768,45.5263157895,0.6600072684,nan,0.0000493470,43.0673943777,nan,nan,nan,nan,nan,nan,nan
1769,45.5263157895,0.2961337064,nan,0.0025464460,25.9406552720,nan,nan,nan,nan,nan,nan,nan
1770,45.5263157895,0.1734988079,nan,0.0048540918,23.1389201533,nan,nan,nan,nan,nan,nan,nan
1771,45.5263157895,0.1925190318,nan,0.0044914373,23.4761466083,nan,nan,nan,nan,nan,nan,nan
1772,45.5263157895,0.3795451979,nan,0.0013494831,28.6983253845,nan,nan,nan,nan,nan,nan,nan
1773,45.5263157895,0.2228679518,nan,0.0039011464,24.0880774854,nan,nan,nan,nan,nan,nan,nan
1774,45.5263157895,0.8634040952,nan,0.0000014349,58.4319115867,nan,nan,nan,nan,nan,nan,nan
1775,45.5263157895,0.6360820228,nan,0.0000702440,41.5339105212,nan,nan,nan,nan,nan,nan,nan
1776,45.5263157895,0.4113360185,nan,0.0010158532,29.9316902592,nan,nan,nan,nan,nan,nan,nan
1777,45.5263157895,0.9335616273,nan,0.0000003389,64.6998653064,nan,nan,nan,nan,nan,nan,nan
1778,45.5263157895,0.5577695501,nan,0.0002033953,36.9165910819,nan,nan,nan,nan,nan,nan,nan
1779,45.5263157895,0.1835224718,nan,0.0046642317,23.3121988497,nan,nan,nan,nan,nan,nan,nan
1780,45.5263157895,0.2135579289,nan,0.0040825423,23.8906931084,nan,nan,nan,nan,nan,nan,nan
1781,45.5263157895,0.3285981356,nan,0.0020268765,26.9317271574,nan,nan,nan,nan,nan,nan,nan
1782,45.5263157895,0.4423992730,nan,0.0007526217,31.2342329146,nan,nan,nan,nan,nan,nan,nan
1783,45.5263157895,0.1412107603,nan,0.0054351197,22.6479088878,nan,nan,nan,nan,nan,nan,nan
1784,45.5263157895,0.1506202219,nan,0.0052717755,22.7804308981,nan,nan,nan,nan,nan,nan,nan
1785,45.5263157895,0.3977559116,nan,0.0011501374,29.3925027418,nan,nan,nan,nan,nan,nan,nan
1786,45.5263157895,0.1101444592,nan,0.0059265737,22.2719630714,nan,nan,nan,nan,nan,nan,nan
1787,45.5263157895,0.8736131945,nan,0.0000011714,59.3130828054,nan,nan,nan,nan,nan,nan,nan
1788,45.5263157895,1.1835238740,nan,0.0000000008,91.0816815478,nan,nan,nan,nan,nan,nan,nan
1789,45.5263157895,0.5255756718,nan,0.0003022119,35.1968845760,nan,nan,nan,nan,nan,nan,nan
1790,45.5263157895,0.9917381247,nan,0.0000000939,70.2748947865,nan,nan,nan,nan,nan,nan,nan
1791,45.5263157895,0.6888313317,nan,0.0000316861,44.9913132095,nan,nan,nan,nan,nan,nan,nan
1792,45.5263157895,0.5165546927,nan,0.0003362299,34.7336369052,nan,nan,nan,nan,nan,nan,nan
1793,45.5263157895,0.4701607385,nan,0.0005649512,32.4798905666,nan,nan,nan,nan,nan,nan,nan
1794,45.5263157895,0.4318663824,nan,0.0008352620,30.7817728688,nan,nan,nan,nan,nan,nan,nan
1795,45.5263157895,0.6418811121,nan,0.0000645607,41.9003189983,nan,nan,nan,nan,nan,nan,nan
1796,45.5263157895,0.0709073082,nan,0.0064095166,21.9317472187,nan,nan,nan,nan,nan,nan,nan
1797,45.5263157895,0.6524596306,nan,0.0000552406,42.5774168373,nan,nan,nan,nan,nan,nan,nan
1798,45.5263157895,0.3365856169,nan,0.0019091400,27.1916222533,nan,nan,nan,nan,nan,nan,nan
1799,45.5263157895,0.0641483917,nan,0.0064740412,21.8882454086,nan,nan,nan,nan,nan,nan,nan
1800,45.5263157895,0.0210668790,nan,0.0067383271,21.7144791224,nan,nan,nan,nan,nan,nan,nan
1801,45.5263157895,0.0927922826,nan,0.0061616592,22.1030232586,nan,nan,nan,nan,nan,nan,nan
1802,45.5263157895,0.1579086467,nan,0.0051415581,22.8890525038,nan,nan,nan,nan,nan,nan,nan
1803,45.5263157895,0.5036977282,nan,0.0003901676,34.0874875876,nan,nan,nan,nan,nan,nan,nan
1804,45.5263157895,0.1431742879,nan,0.0054015127,22.6748459805,nan,nan,nan,nan,nan,nan,nan
1805,45.5263157895,0.0915327388,nan,0.0061774568,22.0919028058,nan,nan,nan,nan,nan,nan,nan
1806,45.5263157895,0.6044962500,nan,0.0001097104,39.5975206433,nan,nan,nan,nan,nan,nan,nan
1807,45.5263157895,0.5063828428,nan,0.0003783498,34.2210653784,nan,nan,nan,nan,nan,nan,nan
1808,45.5263157895,0.6425627694,nan,0.0000639203,41.9436106899,nan,nan,nan,nan,nan,nan,nan
1809,45.5263157895,0.1451122269,nan,0.0053680892,22.7018027738,nan,nan,nan,nan,nan,nan,nan
1810,45.5263157895,0.1581028604,nan,0.0051380482,22.8920182858,nan,nan,nan,nan,nan,nan,nan
1811,45.5263157895,0.8235270741,nan,0.0000030968,55.0908731162,nan,nan,nan,nan,nan,nan,nan
1812,45.5263157895,0.2381612841,nan,0.0036050371,24.4309026548,nan,nan,nan,nan,nan,nan,nan
1813,45.5263157895,0.2079975459,nan,0.0041909383,23.7768873497,nan,nan,nan,nan,nan,nan,nan
1814,45.5263157895,0.4839998183,nan,0.0004864486,33.1296304618,nan,nan,nan,nan,nan,nan,nan
1815,45.5263157895,0.4323061855,nan,0.0008316788,30.8004437698,nan,nan,nan,nan,nan,nan,nan
1816,45.5263157895,0.8129953509,nan,0.0000037711,54.2352814304,nan,nan,nan,nan,nan,nan,nan
1817,45.5263157895,0.5409833789,nan,0.0002507864,36.0069596712,nan,nan,nan,nan,nan,nan,nan
1818,45.5263157895,0.9245851800,nan,0.0000004102,63.8701438032,nan,nan,nan,nan,nan,nan,nan
1819,45.5263157895,0.6666960586,nan,0.0000446025,43.5064047893,nan,nan,nan,nan,nan,nan,nan
1820,45.5263157895,0.6599682588,nan,0.0000493759,43.0648472262,nan,nan,nan,nan,nan,nan,nan
1821,45.5263157895,0.9982153434,nan,0.0000000810,70.9167933319,nan,nan,nan,nan,nan,nan,nan
1822,45.5263157895,0.1034953490,nan,0.0060203850,22.2037573606,nan,nan,nan,nan,nan,nan,nan
1823,45.5263157895,0.3027900463,nan,0.0024348212,26.1353292100,nan,nan,nan,nan,nan,nan,nan
1824,45.5263157895,0.3156316260,nan,0.0022267274,26.5233294610,nan,nan,nan,nan,nan,nan,nan
1825,45.5263157895,0.7626566463,nan,0.0000093318,50.3003309667,nan,nan,nan,nan,nan,nan,nan
1826,45.5263157895,0.6336620945,nan,0.0000727443,41.3820096627,nan,nan,nan,nan,nan,nan,nan
1827,45.5263157895,0.4558485441,nan,0.0006564350,31.8280826896,nan,nan,nan,nan,nan,nan,nan
1828,45.5263157895,0.7376669653,nan,0.0000143160,48.4417841589,nan,nan,nan,nan,nan,nan,nan
1829,45.5263157895,0.2945984181,nan,0.0025725405,25.8963777514,nan,nan,nan,nan,nan,nan,nan
1830,45.5263157895,1.0484429087,nan,0.0000000249,76.0385953535,nan,nan,nan,nan,nan,nan,nan
1831,45.5263157895,0.9229404784,nan,0.0000004247,63.7190019758,nan,nan,nan,nan,nan,nan,nan
1832,45.5263157895,0.4564387445,nan,0.0006524456,31.8545568848,nan,nan,nan,nan,nan,nan,nan
1833,45.5263157895,0.1918954108,nan,0.0045034724,23.4645249124,nan,nan,nan,nan,nan,nan,nan
1834,45.5263157895,0.7146199045,nan,0.0000209726,46.7834788702,nan,nan,nan,nan,nan,nan,nan
1835,45.5263157895,0.3675837310,nan,0.0014926751,28.2603472356,nan,nan,nan,nan,nan,nan,nan
1836,45.5263157895,0.3139681014,nan,0.0022531268,26.4721436691,nan,nan,nan,nan,nan,nan,nan
1837,45.5263157895,1.0155571662,nan,0.0000000542,72.6562944597,nan,nan,nan,nan,nan,nan,nan
1838,45.5263157895,0.7461039911,nan,0.0000124101,49.0622315217,nan,nan,nan,nan,nan,nan,nan
1839,45.5263157895,0.8239648242,nan,0.0000030714,55.1266779898,nan,nan,nan,nan,nan,nan,nan
1840,45.5263157895,0.4924892431,nan,0.0004428241,33.5376873882,nan,nan,nan,nan,nan,nan,nan
1841,45.5263157895,0.5299151380,nan,0.0002869043,35.4226298945,nan,nan,nan,nan,nan,nan,nan
1842,45.5263157895,0.7826512012,nan,0.0000065574,51.8327037897,nan,nan,nan,nan,nan,nan,nan
1843,45.5263157895,0.6106291720,nan,0.0001007937,39.9656645210,nan,nan,nan,nan,nan,nan,nan
1844,45.5263157895,0.2826680223,nan,0.0027795365,25.5602761852,nan,nan,nan,nan,nan,nan,nan
1845,45.5263157895,0.6359124217,nan,0.0000704167,41.5232453466,nan,nan,nan,nan,nan,nan,nan
1846,45.5263157895,1.1539199070,nan,0.0000000017,87.6265059861,nan,nan,nan,nan,nan,nan,nan
1847,45.5263157895,0.9133081557,nan,0.0000005201,62.8393191936,nan,nan,nan,nan,nan,nan,nan
1848,45.5263157895,0.2847277437,nan,0.0027432829,25.6172940399,nan,nan,nan,nan,nan,nan,nan
1849,45.5263157895,0.5407146883,nan,0.0002516153,35.9926291894,nan,nan,nan,nan,nan,nan,nan
1850,45.5263157895,0.9339008626,nan,0.0000003364,64.7313816798,nan,nan,nan,nan,nan,nan,nan
1851,45.5263157895,0.1867211971,nan,0.0046030140,23.3695770293,nan,nan,nan,nan,nan,nan,nan
1852,45.5263157895,0.2648961989,nan,0.0031004297,25.0857810858,nan,nan,nan,nan,nan,nan,nan
1853,45.5263157895,0.5189799646,nan,0.0003267850,34.8573789798,nan,nan,nan,nan,nan,nan,nan
1854,45.5263157895,0.4818131578,nan,0.0004982309,33.0256931993,nan,nan,nan,nan,nan,nan,nan
1855,45.5263157895,0.9958098106,nan,0.0000000855,70.6779069792,nan,nan,nan,nan,nan,nan,nan
1856,45.5263157895,0.3611145149,nan,0.0015741967,28.0294099338,nan,nan,nan,nan,nan,nan,nan
1857,45.5263157895,0.9114579717,nan,0.0000005406,62.6714228992,nan,nan,nan,nan,nan,nan,nan
1858,45.5263157895,0.1340168332,nan,0.0055559121,22.5524463254,nan,nan,nan,nan,nan,nan,nan
1859,45.5263157895,0.1727988036,nan,0.0048672219,23.1271885579,nan,nan,nan,nan,nan,nan,nan
1860,45.5263157895,0.8648110293,nan,0.0000013955,58.5527219363,nan,nan,nan,nan,nan,nan,nan
1861,45.5263157895,0.4839420262,nan,0.0004867571,33.1268773072,nan,nan,nan,nan,nan,nan,nan
1862,45.5263157895,0.1552321382,nan,0.0051897237,22.8485576474,nan,nan,nan,nan,nan,nan,nan
1863,45.5263157895,0.7087406592,nan,0.0000230727,46.3690120575,nan,nan,nan,nan,nan,nan,nan
1864,45.5263157895,0.2219185765,nan,0.0039196225,24.0675575771,nan,nan,nan,nan,nan,nan,nan
1865,45.5263157895,1.0721367818,nan,0.0000000140,78.5434215423,nan,nan,nan,nan,nan,nan,nan
1866,45.5263157895,0.6268775838,nan,0.0000801811,40.9592778950,nan,nan,nan,nan,nan,nan,nan
1867,45.5263157895,0.8129458639,nan,0.0000037746,54.2312875508,nan,nan,nan,nan,nan,nan,nan
1868,45.5263157895,1.2752457702,nan,0.0000000001,102.3518665871,nan,nan,nan,nan,nan,nan,nan
1869,45.5263157895,0.1710723193,nan,0.0048995254,23.0984599062,nan,nan,nan,nan,nan,nan,nan
1870,45.5263157895,0.6607998009,nan,0.0000487621,43.1191763011,nan,nan,nan,nan,nan,nan,nan
1871,45.5263157895,0.5567395884,nan,0.0002060647,36.8599646289,nan,nan,nan,nan,nan,nan,nan
1872,45.5263157895,0.5939945684,nan,0.0001265931,38.9759010692,nan,nan,nan,nan,nan,nan,nan
1873,45.5263157895,0.4316042493,nan,0.0008374032,30.7706537540,nan,nan,nan,nan,nan,nan,nan
1874,45.5263157895,0.7115773981,nan,0.0000220366,46.5685580492,nan,nan,nan,nan,nan,nan,nan
1875,45.5263157895,0.3681552074,nan,0.0014856113,28.2809480790,nan,nan,nan,nan,nan,nan,nan
1876,45.5263157895,0.8035495902,nan,0.0000044901,53.4774326215,nan,nan,nan,nan,nan,nan,nan
1877,45.5263157895,1.2359670364,nan,0.0000000002,97.4209256784,nan,nan,nan,nan,nan,nan,nan
1878,45.5263157895,0.4100265053,nan,0.0010282778,29.8788955766,nan,nan,nan,nan,nan,nan,nan
1879,45.5263157895,0.1521721216,nan,0.0052443029,22.8031222950,nan,nan,nan,nan,nan,nan,nan
1880,45.5263157895,0.3911100704,nan,0.0012202989,29.1353377953,nan,nan,nan,nan,nan,nan,nan
1881,45.5263157895,0.4643676361,nan,0.0006006765,32.2135933785,nan,nan,nan,nan,nan,nan,nan
1882,45.5263157895,0.2312138326,nan,0.0037391263,24.2722986522,nan,nan,nan,nan,nan,nan,nan
1883,45.5263157895,0.5347836914,nan,0.0002705114,35.6781449170,nan,nan,nan,nan,nan,nan,nan
1884,45.5263157895,0.4336219270,nan,0.0008210288,30.8564161010,nan,nan,nan,nan,nan,nan,nan
1885,45.5263157895,0.3645866512,nan,0.0015300867,28.1528397083,nan,nan,nan,nan,nan,nan,nan
1886,45.5263157895,0.5543052328,nan,0.0002124933,36.7265485552,nan,nan,nan,nan,nan,nan,nan
1887,45.5263157895,0.4004843009,nan,0.0011221852,29.4993546816,nan,nan,nan,nan,nan,nan,nan
1888,45.5263157895,1.1404450587,nan,0.0000000025,86.0832674714,nan,nan,nan,nan,nan,nan,nan
1889,45.5263157895,0.6172323232,nan,0.0000919124,40.3662579047,nan,nan,nan,nan,nan,nan,nan
1890,45.5263157895,0.8518376387,nan,0.0000018004,57.4463024021,nan,nan,nan,nan,nan,nan,nan
1891,45.5263157895,0.7857095047,nan,0.0000062078,52.0706447796,nan,nan,nan,nan,nan,nan,nan
1892,45.5263157895,0.8690510483,nan,0.0000012829,58.9180122266,nan,nan,nan,nan,nan,nan,nan
1893,45.5263157895,0.7050824024,nan,0.0000244744,46.1128736556,nan,nan,nan,nan,nan,nan,nan
1894,45.5263157895,0.6469612773,nan,0.0000599228,42.2240805610,nan,nan,nan,nan,nan,nan,nan
1895,45.5263157895,0.2228039216,nan,0.0039023923,24.0866907295,nan,nan,nan,nan,nan,nan,nan
1896,45.5263157895,0.2257787523,nan,0.0038445482,24.1515468647,nan,nan,nan,nan,nan,nan,nan
1897,45.5263157895,0.8773392358,nan,0.0000010871,59.6373085463,nan,nan,nan,nan,nan,nan,nan
1898,45.5263157895,0.4682773606,nan,0.0005763752,32.3929473665,nan,nan,nan,nan,nan,nan,nan
1899,45.5263157895,0.2275566968,nan,0.0038100209,24.1907263800,nan,nan,nan,nan,nan,nan,nan
1900,45.5263157895,0.7407700152,nan,0.0000135858,48.6691444679,nan,nan,nan,nan,nan,nan,nan
1901,45.5263157895,0.6028275868,nan,0.0001122533,39.4980085885,nan,nan,nan,nan,nan,nan,nan
1902,45.5263157895,0.1598505226,nan,0.0051063749,22.9188730225,nan,nan,nan,nan,nan,nan,nan
1903,45.5263157895,0.5384600520,nan,0.0002586626,35.8726643524,nan,nan,nan,nan,nan,nan,nan
1904,45.5263157895,0.7416525279,nan,0.0000133845,48.7339832963,nan,nan,nan,nan,nan,nan,nan
1905,45.5263157895,0.2950124281,nan,0.0025654912,25.9082947157,nan,nan,nan,nan,nan,nan,nan
1906,45.5263157895,0.8598296779,nan,0.0000015396,58.1258833414,nan,nan,nan,nan,nan,nan,nan
1907,45.5263157895,0.5157168916,nan,0.0003395449,34.6910275716,nan,nan,nan,nan,nan,nan,nan
1908,45.5263157895,0.8287114006,nan,0.0000028079,55.5161562130,nan,nan,nan,nan,nan,nan,nan
1909,45.5263157895,0.2153480651,nan,0.0040476396,23.9279816730,nan,nan,nan,nan,nan,nan,nan
1910,45.5263157895,0.0370552565,nan,0.0066708829,21.7581668431,nan,nan,nan,nan,nan,nan,nan
1911,45.5263157895,0.1514951342,nan,0.0052563049,22.7931945253,nan,nan,nan,nan,nan,nan,nan
1912,45.5263157895,0.6755249546,nan,0.0000389694,44.0927677643,nan,nan,nan,nan,nan,nan,nan
1913,45.5263157895,0.7171431352,nan,0.0000201260,46.9624253526,nan,nan,nan,nan,nan,nan,nan
1914,45.5263157895,0.0517901507,nan,0.0065763773,21.8201327704,nan,nan,nan,nan,nan,nan,nan
1915,45.5263157895,0.5127866183,nan,0.0003513540,34.5425510506,nan,nan,nan,nan,nan,nan,nan
1916,45.5263157895,0.1982410554,nan,0.0043806942,23.5845706330,nan,nan,nan,nan,nan,nan,nan
1917,45.5263157895,0.7304729932,nan,0.0000161495,47.9184131920,nan,nan,nan,nan,nan,nan,nan
1918,45.5263157895,0.5876804704,nan,0.0001378008,38.6074837698,nan,nan,nan,nan,nan,nan,nan
1919,45.5263157895,0.4637423065,nan,0.0006046375,32.1850488914,nan,nan,nan,nan,nan,nan,nan
1920,45.5263157895,0.0769228249,nan,0.0063471840,21.9741890943,nan,nan,nan,nan,nan,nan,nan
1921,45.5263157895,0.3154050048,nan,0.0022303138,26.5163402681,nan,nan,nan,nan,nan,nan,nan
1922,45.5263157895,0.3631403130,nan,0.0015483608,28.1012784572,nan,nan,nan,nan,nan,nan,nan
1923,45.5263157895,0.1297604904,nan,0.0056255467,22.4983526359,nan,nan,nan,nan,nan,nan,nan
1924,45.5263157895,0.9583385863,nan,0.0000001980,67.0323682275,nan,nan,nan,nan,nan,nan,nan
1925,45.5263157895,0.0896389138,nan,0.0062008710,22.0754729992,nan,nan,nan,nan,nan,nan,nan
1926,45.5263157895,0.9003051976,nan,0.0000006813,61.6666856255,nan,nan,nan,nan,nan,nan,nan
1927,45.5263157895,0.4456852082,nan,0.0007281730,31.3776542680,nan,nan,nan,nan,nan,nan,nan
1928,45.5263157895,0.2111395970,nan,0.0041296937,23.8408215385,nan,nan,nan,nan,nan,nan,nan
1929,45.5263157895,0.4114979031,nan,0.0010143250,29.9382287265,nan,nan,nan,nan,nan,nan,nan
1930,45.5263157895,0.4300189130,nan,0.0008504419,30.7035534790,nan,nan,nan,nan,nan,nan,nan
1931,45.5263157895,0.4947089020,nan,0.0004319597,33.6455679283,nan,nan,nan,nan,nan,nan,nan
1932,45.5263157895,0.2989483433,nan,0.0024989429,26.0224366001,nan,nan,nan,nan,nan,nan,nan
1933,45.5263157895,0.2655593241,nan,0.0030882156,25.1029239078,nan,nan,nan,nan,nan,nan,nan
1934,45.5263157895,0.6146444980,nan,0.0000953073,40.2087404988,nan,nan,nan,nan,nan,nan,nan
1935,45.5263157895,0.4816187816,nan,0.0004992893,33.0164771779,nan,nan,nan,nan,nan,nan,nan
1936,45.5263157895,0.8455230166,nan,0.0000020352,56.9139171069,nan,nan,nan,nan,nan,nan,nan
1937,45.5263157895,0.2299510230,nan,0.0037635853,24.2439823213,nan,nan,nan,nan,nan,nan,nan
1938,45.5263157895,0.2227429176,nan,0.0039035793,24.0853698919,nan,nan,nan,nan,nan,nan,nan
1939,45.5263157895,0.9568263911,nan,0.0000002047,66.8882308266,nan,nan,nan,nan,nan,nan,nan
1940,45.5263157895,0.6606201522,nan,0.0000488941,43.1074330094,nan,nan,nan,nan,nan,nan,nan
1941,45.5263157895,0.7562245698,nan,0.0000104329,49.8159468207,nan,nan,nan,nan,nan,nan,nan
1942,45.5263157895,0.2835934791,nan,0.0027632216,25.5858429180,nan,nan,nan,nan,nan,nan,nan
1943,45.5263157895,0.8247343235,nan,0.0000030271,55.1896644834,nan,nan,nan,nan,nan,nan,nan
1944,45.5263157895,0.4134087019,nan,0.0009964138,30.0156028554,nan,nan,nan,nan,nan,nan,nan
1945,45.5263157895,0.5418969115,nan,0.0002479855,36.0557366109,nan,nan,nan,nan,nan,nan,nan
1946,45.5263157895,0.8527197256,nan,0.0000017697,57.5209915703,nan,nan,nan,nan,nan,nan,nan
1947,45.5263157895,1.1863648013,nan,0.0000000007,91.4179335574,nan,nan,nan,nan,nan,nan,nan
1948,45.5263157895,0.4532693511,nan,0.0006740936,31.7127981802,nan,nan,nan,nan,nan,nan,nan
1949,45.5263157895,0.2961175429,nan,0.0025467201,25.9401879008,nan,nan,nan,nan,nan,nan,nan
1950,45.5263157895,0.6046935093,nan,0.0001094132,39.6093028399,nan,nan,nan,nan,nan,nan,nan
1951,45.5263157895,0.6800280222,nan,0.0000363509,44.3948542310,nan,nan,nan,nan,nan,nan,nan
1952,45.5263157895,0.6106199454,nan,0.0001008067,39.9651078342,nan,nan,nan,nan,nan,nan,nan
1953,45.5263157895,0.3851986704,nan,0.0012852000,28.9102928081,nan,nan,nan,nan,nan,nan,nan
1954,45.5263157895,0.8328816350,nan,0.0000025940,55.8602194823,nan,nan,nan,nan,nan,nan,nan
1955,45.5263157895,0.6091763133,nan,0.0001028463,39.8781116690,nan,nan,nan,nan,nan,nan,nan
1956,45.5263157895,0.1677080006,nan,0.0049621285,23.0433199645,nan,nan,nan,nan,nan,nan,nan
1957,45.5263157895,0.0945055942,nan,0.0061398845,22.1183980025,nan,nan,nan,nan,nan,nan,nan
1958,45.5263157895,0.2622791981,nan,0.0031487975,25.0185526923,nan,nan,nan,nan,nan,nan,nan
1959,45.5263157895,0.8648369037,nan,0.0000013948,58.5549455914,nan,nan,nan,nan,nan,nan,nan
1960,45.5263157895,0.4213697303,nan,0.0009242957,30.3418908315,nan,nan,nan,nan,nan,nan,nan
1961,45.5263157895,0.3643905700,nan,0.0015325557,28.1458373039,nan,nan,nan,nan,nan,nan,nan
1962,45.5263157895,1.1805120563,nan,0.0000000008,90.7260977229,nan,nan,nan,nan,nan,nan,nan
1963,45.5263157895,0.7847079164,nan,0.0000063203,51.9926157186,nan,nan,nan,nan,nan,nan,nan
1964,45.5263157895,0.5070537084,nan,0.0003754437,34.2545519793,nan,nan,nan,nan,nan,nan,nan
1965,45.5263157895,0.4366516271,nan,0.0007969006,30.9859585132,nan,nan,nan,nan,nan,nan,nan
1966,45.5263157895,0.9331180658,nan,0.0000003421,64.6586741458,nan,nan,nan,nan,nan,nan,nan
1967,45.5263157895,0.6677476715,nan,0.0000438951,43.5758353918,nan,nan,nan,nan,nan,nan,nan
1968,45.5263157895,0.9910168319,nan,0.0000000954,70.2036767844,nan,nan,nan,nan,nan,nan,nan
1969,45.5263157895,0.7237053915,nan,0.0000180683,47.4308196156,nan,nan,nan,nan,nan,nan,nan
1970,45.5263157895,0.2422289023,nan,0.0035269736,24.5259779244,nan,nan,nan,nan,nan,nan,nan
1971,45.5263157895,0.1713520716,nan,0.0048942989,23.1030950708,nan,nan,nan,nan,nan,nan,nan
1972,45.5263157895,0.4124690107,nan,0.0010051928,29.9775063373,nan,nan,nan,nan,nan,nan,nan
1973,45.5263157895,0.9339994718,nan,0.0000003357,64.7405450784,nan,nan,nan,nan,nan,nan,nan
1974,45.5263157895,0.4776751204,nan,0.0005211574,32.8303113155,nan,nan,nan,nan,nan,nan,nan
1975,45.5263157895,0.4289905100,nan,0.0008589819,30.6601599250,nan,nan,nan,nan,nan,nan,nan
1976,45.5263157895,0.2632865140,nan,0.0031301493,25.0443494244,nan,nan,nan,nan,nan,nan,nan
1977,45.5263157895,0.2835715688,nan,0.0027636073,25.5852366405,nan,nan,nan,nan,nan,nan,nan
1978,45.5263157895,0.2131835301,nan,0.0040898423,23.8829343754,nan,nan,nan,nan,nan,nan,nan
1979,45.5263157895,0.3941525646,nan,0.0011878121,29.2525224308,nan,nan,nan,nan,nan,nan,nan
1980,45.5263157895,1.0409282810,nan,0.0000000298,75.2560590533,nan,nan,nan,nan,nan,nan,nan
1981,45.5263157895,0.2569703676,nan,0.0032476878,24.8842572849,nan,nan,nan,nan,nan,nan,nan
1982,45.5263157895,0.4066404211,nan,0.0010609198,29.7431744655,nan,nan,nan,nan,nan,nan,nan
1983,45.5263157895,1.0066338338,nan,0.0000000667,71.7574213479,nan,nan,nan,nan,nan,nan,nan
1984,45.5263157895,0.3410397217,nan,0.0018453109,27.3393044895,nan,nan,nan,nan,nan,nan,nan
1985,45.5263157895,0.4854922294,nan,0.0004785372,33.2008430284,nan,nan,nan,nan,nan,nan,nan
1986,45.5263157895,0.4197070034,nan,0.0009390268,30.2732202805,nan,nan,nan,nan,nan,nan,nan
1987,45.5263157895,0.6527709188,nan,0.0000549856,42.5975118054,nan,nan,nan,nan,nan,nan,nan
1988,45.5263157895,0.2424234263,nan,0.0035232498,24.5305656708,nan,nan,nan,nan,nan,nan,nan
1989,45.5263157895,0.4243239841,nan,0.0008985490,30.4645821502,nan,nan,nan,nan,nan,nan,nan
1990,45.5263157895,0.3085462577,nan,0.0023403325,26.3072242973,nan,nan,nan,nan,nan,nan,nan
1991,45.5263157895,0.3729729324,nan,0.0014269499,28.4559126780,nan,nan,nan,nan,nan,nan,nan
1992,45.5263157895,0.3982883054,nan,0.0011446443,29.4132945897,nan,nan,nan,nan,nan,nan,nan
1993,45.5263157895,0.2468069222,nan,0.0034395840,24.6349407609,nan,nan,nan,nan,nan,nan,nan
1994,45.5263157895,0.3697876976,nan,0.0014655559,28.3399760099,nan,nan,nan,nan,nan,nan,nan
1995,45.5263157895,0.5812618678,nan,0.0001500697,38.2370699219,nan,nan,nan,nan,nan,nan,nan
1996,45.5263157895,0.2536528142,nan,0.0033099762,24.8017512991,nan,nan,nan,nan,nan,nan,nan
1997,45.5263157895,0.6565882245,nan,0.0000519430,42.8447272567,nan,nan,nan,nan,nan,nan,nan
1998,45.5263157895,0.4795046499,nan,0.0005109186,32.9164832771,nan,nan,nan,nan,nan,nan,nan
1999,45.5263157895,0.4686120391,nan,0.0005743318,32.4083713644,nan,nan,nan,nan,nan,nan,nan
2000,45.5263157895,0.2370159301,nan,0.0036270816,24.4044267410,nan,nan,nan,nan,nan,nan,nan
2001,45.5263157895,0.7467818113,nan,0.0000122676,49.1123887232,nan,nan,nan,nan,nan,nan,nan
2002,45.5263157895,0.3607603922,nan,0.0015787418,28.0168888071,nan,nan,nan,nan,nan,nan,nan
2003,45.5263157895,1.0230510007,nan,0.0000000455,73.4173992725,nan,nan,nan,nan,nan,nan,nan
2004,45.5263157895,0.4121871804,nan,0.0010078368,29.9660976812,nan,nan,nan,nan,nan,nan,nan
2005,45.5263157895,0.1173160520,nan,0.0058205392,22.3503677971,nan,nan,nan,nan,nan,nan,nan
2006,45.5263157895,0.9424643406,nan,0.0000002798,65.5308195942,nan,nan,nan,nan,nan,nan,nan
2007,45.5263157895,0.5859791265,nan,0.0001409647,38.5088974862,nan,nan,nan,nan,nan,nan,nan
2008,45.5263157895,0.7900153957,nan,0.0000057448,52.4072489372,nan,nan,nan,nan,nan,nan,nan
2009,45.5263157895,0.7839643862,nan,0.0000064051,51.9347561780,nan,nan,nan,nan,nan,nan,nan
2010,45.5263157895,0.3928530816,nan,0.0012016117,29.2023586581,nan,nan,nan,nan,nan,nan,nan
2011,45.5263157895,0.6230816071,nan,0.0000846297,40.7247744284,nan,nan,nan,nan,nan,nan,nan
2012,45.5263157895,0.7138406959,nan,0.0000212405,46.7283472628,nan,nan,nan,nan,nan,nan,nan
2013,45.5263157895,0.6875303156,nan,0.0000323395,44.9026731962,nan,nan,nan,nan,nan,nan,nan
2014,45.5263157895,0.3540814582,nan,0.0016660682,27.7830721867,nan,nan,nan,nan,nan,nan,nan
2015,45.5263157895,0.5360522783,nan,0.0002663720,35.7451139017,nan,nan,nan,nan,nan,nan,nan
2016,45.5263157895,0.1031641603,nan,0.0060249398,22.2004728650,nan,nan,nan,nan,nan,nan,nan
2017,45.5263157895,0.3570252866,nan,0.0016272030,27.8855826561,nan,nan,nan,nan,nan,nan,nan
2018,45.5263157895,0.4201050753,nan,0.0009354842,30.2896355093,nan,nan,nan,nan,nan,nan,nan
2019,45.5263157895,1.0040878152,nan,0.0000000708,71.5024318855,nan,nan,nan,nan,nan,nan,nan
2020,45.5263157895,0.7314223269,nan,0.0000158958,47.9871799041,nan,nan,nan,nan,nan,nan,nan
2021,45.5263157895,0.7679605712,nan,0.0000085057,50.7028937069,nan,nan,nan,nan,nan,nan,nan
2022,45.5263157895,0.3647742985,nan,0.0015277263,28.1595445078,nan,nan,nan,nan,nan,nan,nan
2023,45.5263157895,0.3438359164,nan,0.0018059160,27.4330246282,nan,nan,nan,nan,nan,nan,nan
2024,45.5263157895,0.5167789607,nan,0.0003353471,34.7450547747,nan,nan,nan,nan,nan,nan,nan
2025,45.5263157895,0.6568022782,nan,0.0000517770,42.8586331282,nan,nan,nan,nan,nan,nan,nan
2026,45.5263157895,0.3116214508,nan,0.0022906536,26.4004058502,nan,nan,nan,nan,nan,nan,nan
2027,45.5263157895,0.3632737083,nan,0.0015466693,28.1060252126,nan,nan,nan,nan,nan,nan,nan
2028,45.5263157895,0.3180165385,nan,0.0021891768,26.5971915960,nan,nan,nan,nan,nan,nan,nan
2029,45.5263157895,0.5525992444,nan,0.0002170998,36.6334051273,nan,nan,nan,nan,nan,nan,nan
2030,45.5263157895,1.0651459265,nan,0.0000000166,77.7984582904,nan,nan,nan,nan,nan,nan,nan
2031,45.5263157895,0.8013970827,nan,0.0000046709,53.3059927147,nan,nan,nan,nan,nan,nan,nan
2032,45.5263157895,1.3395099015,nan,0.0000000000,110.7576107777,nan,nan,nan,nan,nan,nan,nan
2033,45.5263157895,0.4324753156,nan,0.0008303039,30.8076289695,nan,nan,nan,nan,nan,nan,nan
2034,45.5263157895,0.6625651982,nan,0.0000474816,43.2347496261,nan,nan,nan,nan,nan,nan,nan
2035,45.5263157895,1.2330099492,nan,0.0000000002,97.0560464645,nan,nan,nan,nan,nan,nan,nan
2036,45.5263157895,0.8529266608,nan,0.0000017626,57.5385248211,nan,nan,nan,nan,nan,nan,nan
2037,45.5263157895,0.3951680880,nan,0.0011771067,29.2918417503,nan,nan,nan,nan,nan,nan,nan
2038,45.5263157895,0.5602308675,nan,0.0001971359,37.0523431637,nan,nan,nan,nan,nan,nan,nan
2039,45.5263157895,0.9242047353,nan,0.0000004135,63.8351580656,nan,nan,nan,nan,nan,nan,nan
2040,45.5263157895,0.5215761249,nan,0.0003169208,34.9904929650,nan,nan,nan,nan,nan,nan,nan
2041,45.5263157895,0.6014828767,nan,0.0001143400,39.4180191645,nan,nan,nan,nan,nan,nan,nan
2042,45.5263157895,0.5565299311,nan,0.0002066117,36.8484508706,nan,nan,nan,nan,nan,nan,nan
2043,45.5263157895,0.6630721890,nan,0.0000471194,43.2679981568,nan,nan,nan,nan,nan,nan,nan
2044,45.5263157895,0.5750443033,nan,0.0001628471,37.8821997271,nan,nan,nan,nan,nan,nan,nan
2045,45.5263157895,0.6937171185,nan,0.0000293379,45.3257094162,nan,nan,nan,nan,nan,nan,nan
2046,45.5263157895,0.4083080885,nan,0.0010447503,29.8098750021,nan,nan,nan,nan,nan,nan,nan
2047,45.5263157895,0.5202395607,nan,0.0003219676,34.9218784485,nan,nan,nan,nan,nan,nan,nan
2048,45.5263157895,0.4769992676,nan,0.0005249811,32.7985629143,nan,nan,nan,nan,nan,nan,nan
2049,45.5263157895,0.5800739924,nan,0.0001524414,38.1689716795,nan,nan,nan,nan,nan,nan,nan
2050,45.5263157895,0.3837568065,nan,0.0013013886,28.8559299532,nan,nan,nan,nan,nan,nan,nan
2051,45.5263157895,0.6825325448,nan,0.0000349643,44.5637519329,nan,nan,nan,nan,nan,nan,nan
2052,45.5263157895,0.5828864912,nan,0.0001468779,38.3304352069,nan,nan,nan,nan,nan,nan,nan
2053,45.5263157895,0.3102862130,nan,0.0023121546,26.3598313813,nan,nan,nan,nan,nan,nan,nan
2054,45.5263157895,0.7100905100,nan,0.0000225743,46.4638641825,nan,nan,nan,nan,nan,nan,nan
2055,45.5263157895,0.1286244806,nan,0.0056438894,22.4842150647,nan,nan,nan,nan,nan,nan,nan
2056,45.5263157895,0.0898161977,nan,0.0061986966,22.0769962088,nan,nan,nan,nan,nan,nan,nan
2057,45.5263157895,0.1379157013,nan,0.0054909131,22.6035542930,nan,nan,nan,nan,nan,nan,nan
2058,45.5263157895,0.4273567586,nan,0.0008726818,30.5914407748,nan,nan,nan,nan,nan,nan,nan
2059,45.5263157895,0.5484531149,nan,0.0002286519,36.4082513751,nan,nan,nan,nan,nan,nan,nan
2060,45.5263157895,0.3214324608,nan,0.0021360090,26.7039691388,nan,nan,nan,nan,nan,nan,nan
2061,45.5263157895,0.5686918593,nan,0.0001768627,37.5236367864,nan,nan,nan,nan,nan,nan,nan
2062,45.5263157895,0.6150607545,nan,0.0000947538,40.2340320728,nan,nan,nan,nan,nan,nan,nan
2063,45.5263157895,0.1634194789,nan,0.0050412170,22.9746460951,nan,nan,nan,nan,nan,nan,nan
2064,45.5263157895,0.4227552818,nan,0.0009121526,30.3993248451,nan,nan,nan,nan,nan,nan,nan
2065,45.5263157895,0.6159564307,nan,0.0000935726,40.2885120007,nan,nan,nan,nan,nan,nan,nan
2066,45.5263157895,0.6022142543,nan,0.0001132009,39.4615022880,nan,nan,nan,nan,nan,nan,nan
2067,45.5263157895,0.5895324665,nan,0.0001344272,38.7151299970,nan,nan,nan,nan,nan,nan,nan
2068,45.5263157895,0.7008870674,nan,0.0000261771,45.8207892325,nan,nan,nan,nan,nan,nan,nan
2069,45.5263157895,0.6517002366,nan,0.0000558671,42.5284356171,nan,nan,nan,nan,nan,nan,nan
2070,45.5263157895,0.5129273968,nan,0.0003507790,34.5496646124,nan,nan,nan,nan,nan,nan,nan
2071,45.5263157895,0.7796065639,nan,0.0000069235,51.5967628552,nan,nan,nan,nan,nan,nan,nan
2072,45.5263157895,0.4086712663,nan,0.0010412529,29.8244375607,nan,nan,nan,nan,nan,nan,nan
2073,45.5263157895,0.5600764016,nan,0.0001975238,37.0438058496,nan,nan,nan,nan,nan,nan,nan
2074,45.5263157895,0.7543836692,nan,0.0000107694,49.6780804803,nan,nan,nan,nan,nan,nan,nan
2075,45.5263157895,0.7427758473,nan,0.0000131322,48.8166278689,nan,nan,nan,nan,nan,nan,nan
2076,45.5263157895,0.3218346362,nan,0.0021297975,26.7166169422,nan,nan,nan,nan,nan,nan,nan
2077,45.5263157895,0.3413728253,nan,0.0018405905,27.3504283227,nan,nan,nan,nan,nan,nan,nan
2078,45.5263157895,0.4298114593,nan,0.0008521594,30.6947914501,nan,nan,nan,nan,nan,nan,nan
2079,45.5263157895,0.1523159637,nan,0.0052417494,22.8052374825,nan,nan,nan,nan,nan,nan,nan
2080,45.5263157895,0.2563962733,nan,0.0032584406,24.8699018657,nan,nan,nan,nan,nan,nan,nan
2081,45.5263157895,0.3378962477,nan,0.0018902214,27.2348732137,nan,nan,nan,nan,nan,nan,nan
2082,45.5263157895,0.7521028601,nan,0.0000112002,49.5077427550,nan,nan,nan,nan,nan,nan,nan
2083,45.5263157895,0.9053258216,nan,0.0000006141,62.1174304524,nan,nan,nan,nan,nan,nan,nan
2084,45.5263157895,0.5518803390,nan,0.0002190664,36.5942417713,nan,nan,nan,nan,nan,nan,nan
2085,45.5263157895,0.5487277661,nan,0.0002278708,36.4231128873,nan,nan,nan,nan,nan,nan,nan
2086,45.5263157895,0.1180585510,nan,0.0058092860,22.3587724148,nan,nan,nan,nan,nan,nan,nan
2087,45.5263157895,0.5812464549,nan,0.0001501003,38.2361854294,nan,nan,nan,nan,nan,nan,nan
2088,45.5263157895,0.5780840270,nan,0.0001564873,38.0552086653,nan,nan,nan,nan,nan,nan,nan
2089,45.5263157895,1.1003584334,nan,0.0000000069,81.6011587361,nan,nan,nan,nan,nan,nan,nan
2090,45.5263157895,0.5335696261,nan,0.0002745235,35.6142051584,nan,nan,nan,nan,nan,nan,nan
2091,45.5263157895,0.3391661831,nan,0.0018719989,27.2769441865,nan,nan,nan,nan,nan,nan,nan
2092,45.5263157895,0.4672701882,nan,0.0005825593,32.3465983780,nan,nan,nan,nan,nan,nan,nan
2093,45.5263157895,0.5390898431,nan,0.0002566774,35.9061230402,nan,nan,nan,nan,nan,nan,nan
2094,45.5263157895,1.1025573302,nan,0.0000000065,81.8427939753,nan,nan,nan,nan,nan,nan,nan
2095,45.5263157895,0.4542702896,nan,0.0006671970,31.7574590865,nan,nan,nan,nan,nan,nan,nan
2096,45.5263157895,0.8570031510,nan,0.0000016275,57.8848002461,nan,nan,nan,nan,nan,nan,nan
2097,45.5263157895,1.0351667976,nan,0.0000000342,74.6599610491,nan,nan,nan,nan,nan,nan,nan
2098,45.5263157895,1.2629508559,nan,0.0000000001,100.7915408635,nan,nan,nan,nan,nan,nan,nan
2099,45.5263157895,0.4189792112,nan,0.0009455295,30.2432493184,nan,nan,nan,nan,nan,nan,nan
2100,45.5263157895,0.5417486863,nan,0.0002484382,36.0478166238,nan,nan,nan,nan,nan,nan,nan
2101,45.5263157895,1.0013247167,nan,0.0000000754,71.2264440208,nan,nan,nan,nan,nan,nan,nan
2102,45.5263157895,0.4924430951,nan,0.0004430523,33.5354497207,nan,nan,nan,nan,nan,nan,nan
2103,45.5263157895,0.4393627056,nan,0.0007757728,31.1026546753,nan,nan,nan,nan,nan,nan,nan
2104,45.5263157895,0.6725289625,nan,0.0000408046,43.8929128619,nan,nan,nan,nan,nan,nan,nan
2105,45.5263157895,0.0970509799,nan,0.0061069343,22.1417674925,nan,nan,nan,nan,nan,nan,nan
2106,45.5263157895,0.7815941135,nan,0.0000066824,51.7506799772,nan,nan,nan,nan,nan,nan,nan
2107,45.5263157895,0.7665103899,nan,0.0000087246,50.5925446950,nan,nan,nan,nan,nan,nan,nan
2108,45.5263157895,0.5214880849,nan,0.0003172512,34.9859677943,nan,nan,nan,nan,nan,nan,nan
2109,45.5263157895,0.3035801860,nan,0.0024217371,26.1587299847,nan,nan,nan,nan,nan,nan,nan
2110,45.5263157895,0.3389292063,nan,0.0018753912,27.2690813424,nan,nan,nan,nan,nan,nan,nan
2111,45.5263157895,0.1647180768,nan,0.0050173567,22.9952502431,nan,nan,nan,nan,nan,nan,nan
2112,45.5263157895,0.7226103511,nan,0.0000183977,47.3523574657,nan,nan,nan,nan,nan,nan,nan
2113,45.5263157895,0.7244629306,nan,0.0000178436,47.4851696854,nan,nan,nan,nan,nan,nan,nan
2114,45.5263157895,0.5445092149,nan,0.0002401221,36.1956788994,nan,nan,nan,nan,nan,nan,nan
2115,45.5263157895,0.0811015437,nan,0.0063012411,22.0057390452,nan,nan,nan,nan,nan,nan,nan
2116,45.5263157895,0.3704846311,nan,0.0014570496,28.3652567314,nan,nan,nan,nan,nan,nan,nan
2117,45.5263157895,0.1293124755,nan,0.0056327931,22.4927620301,nan,nan,nan,nan,nan,nan,nan
2118,45.5263157895,0.5047608038,nan,0.0003854529,34.1402866445,nan,nan,nan,nan,nan,nan,nan
2119,45.5263157895,0.9433998118,nan,0.0000002742,65.6185992521,nan,nan,nan,nan,nan,nan,nan
2120,45.5263157895,0.8229899226,nan,0.0000031283,55.0469643297,nan,nan,nan,nan,nan,nan,nan
2121,45.5263157895,0.7324166079,nan,0.0000156340,48.0592997819,nan,nan,nan,nan,nan,nan,nan
2122,45.5263157895,0.2171134867,nan,0.0040132247,23.9650652883,nan,nan,nan,nan,nan,nan,nan
2123,45.5263157895,0.2721940764,nan,0.0029669886,25.2768412819,nan,nan,nan,nan,nan,nan,nan
2124,45.5263157895,0.3918190663,nan,0.0012126730,29.1625629902,nan,nan,nan,nan,nan,nan,nan
2125,45.5263157895,0.1487575907,nan,0.0053045577,22.7535082003,nan,nan,nan,nan,nan,nan,nan
2126,45.5263157895,0.2906513588,nan,0.0026402079,25.7836186944,nan,nan,nan,nan,nan,nan,nan
2127,45.5263157895,0.7885362489,nan,0.0000059001,52.2914088561,nan,nan,nan,nan,nan,nan,nan
2128,45.5263157895,0.1448865806,nan,0.0053719937,22.6986450772,nan,nan,nan,nan,nan,nan,nan
2129,45.5263157895,0.0372001764,nan,0.0066701029,21.7586746738,nan,nan,nan,nan,nan,nan,nan
2130,45.5263157895,0.1684301150,nan,0.0049487312,23.0550613399,nan,nan,nan,nan,nan,nan,nan
2131,45.5263157895,1.0719535265,nan,0.0000000140,78.5238301684,nan,nan,nan,nan,nan,nan,nan
2132,45.5263157895,1.1036475111,nan,0.0000000064,81.9627749826,nan,nan,nan,nan,nan,nan,nan
2133,45.5263157895,0.2982720320,nan,0.0025103171,26.0027141154,nan,nan,nan,nan,nan,nan,nan
2134,45.5263157895,0.0705064475,nan,0.0064135078,21.9290437179,nan,nan,nan,nan,nan,nan,nan
2135,45.5263157895,1.0993430769,nan,0.0000000071,81.4897473769,nan,nan,nan,nan,nan,nan,nan
2136,45.5263157895,0.0976974189,nan,0.0060984532,22.1478030488,nan,nan,nan,nan,nan,nan,nan
2137,45.5263157895,0.4450291132,nan,0.0007330049,31.3489314725,nan,nan,nan,nan,nan,nan,nan
2138,45.5263157895,0.7289001199,nan,0.0000165780,47.8046790375,nan,nan,nan,nan,nan,nan,nan
2139,45.5263157895,0.4958971839,nan,0.0004262335,33.7035238121,nan,nan,nan,nan,nan,nan,nan
2140,45.5263157895,0.4536883185,nan,0.0006712001,31.7314799162,nan,nan,nan,nan,nan,nan,nan
2141,45.5263157895,0.5825453124,nan,0.0001475433,38.3108060738,nan,nan,nan,nan,nan,nan,nan
2142,45.5263157895,0.7967838253,nan,0.0000050814,52.9401366661,nan,nan,nan,nan,nan,nan,nan
2143,45.5263157895,0.4888104008,nan,0.0004613205,33.3599729264,nan,nan,nan,nan,nan,nan,nan
2144,45.5263157895,0.9970104963,nan,0.0000000832,70.7970702999,nan,nan,nan,nan,nan,nan,nan
2145,45.5263157895,0.7737085451,nan,0.0000076871,51.1423611510,nan,nan,nan,nan,nan,nan,nan
2146,45.5263157895,1.0087530158,nan,0.0000000635,71.9701626679,nan,nan,nan,nan,nan,nan,nan
2147,45.5263157895,0.5160544289,nan,0.0003382061,34.7081857689,nan,nan,nan,nan,nan,nan,nan
2148,45.5263157895,0.5542499105,nan,0.0002126413,36.7235234935,nan,nan,nan,nan,nan,nan,nan
2149,45.5263157895,1.2455396003,nan,0.0000000001,98.6081906711,nan,nan,nan,nan,nan,nan,nan
2150,45.5263157895,0.4602587814,nan,0.0006270827,32.0267514943,nan,nan,nan,nan,nan,nan,nan
2151,45.5263157895,0.1051763656,nan,0.0059970912,22.2205934915,nan,nan,nan,nan,nan,nan,nan
2152,45.5263157895,0.9177787817,nan,0.0000004735,63.2464377080,nan,nan,nan,nan,nan,nan,nan
2153,45.5263157895,0.9326866798,nan,0.0000003453,64.6186327462,nan,nan,nan,nan,nan,nan,nan
2154,45.5263157895,0.5379966882,nan,0.0002601314,35.8480727719,nan,nan,nan,nan,nan,nan,nan
2155,45.5263157895,1.4154085176,nan,0.0000000000,121.2262524886,nan,nan,nan,nan,nan,nan,nan
2156,45.5263157895,0.7308391587,nan,0.0000160512,47.9449262996,nan,nan,nan,nan,nan,nan,nan
2157,45.5263157895,1.6963642936,nan,0.0000000000,165.0862119321,nan,nan,nan,nan,nan,nan,nan
2158,45.5263157895,0.3632502358,nan,0.0015469669,28.1051898375,nan,nan,nan,nan,nan,nan,nan
2159,45.5263157895,0.7195895839,nan,0.0000193351,47.1365385927,nan,nan,nan,nan,nan,nan,nan
2160,45.5263157895,0.9904037525,nan,0.0000000968,70.1431848037,nan,nan,nan,nan,nan,nan,nan
2161,45.5263157895,0.4615138027,nan,0.0006189218,32.0836420325,nan,nan,nan,nan,nan,nan,nan
2162,45.5263157895,0.7140631325,nan,0.0000211637,46.7440791602,nan,nan,nan,nan,nan,nan,nan
2163,45.5263157895,0.7348132238,nan,0.0000150191,48.2335468851,nan,nan,nan,nan,nan,nan,nan
2164,45.5263157895,0.7826101515,nan,0.0000065622,51.8295164711,nan,nan,nan,nan,nan,nan,nan
2165,45.5263157895,0.8464910508,nan,0.0000019974,56.9952707063,nan,nan,nan,nan,nan,nan,nan
2166,45.5263157895,0.3931953700,nan,0.0011979658,29.2155556381,nan,nan,nan,nan,nan,nan,nan
2167,45.5263157895,0.5471431732,nan,0.0002324088,36.3374738224,nan,nan,nan,nan,nan,nan,nan
2168,45.5263157895,0.8982182083,nan,0.0000007112,61.4800681404,nan,nan,nan,nan,nan,nan,nan
2169,45.5263157895,0.3130644803,nan,0.0022675376,26.4444549362,nan,nan,nan,nan,nan,nan,nan
2170,45.5263157895,0.0364806113,nan,0.0066739462,21.7561729926,nan,nan,nan,nan,nan,nan,nan
2171,45.5263157895,0.7315496852,nan,0.0000158620,47.9964122420,nan,nan,nan,nan,nan,nan,nan
2172,45.5263157895,0.3650535539,nan,0.0015242180,28.1695290389,nan,nan,nan,nan,nan,nan,nan
2173,45.5263157895,1.0293145282,nan,0.0000000393,74.0579125049,nan,nan,nan,nan,nan,nan,nan
2174,45.5263157895,0.5421311758,nan,0.0002472716,36.0682583382,nan,nan,nan,nan,nan,nan,nan
2175,45.5263157895,0.7806675398,nan,0.0000067938,51.6788759494,nan,nan,nan,nan,nan,nan,nan
2176,45.5263157895,0.3493919424,nan,0.0017291973,27.6215545501,nan,nan,nan,nan,nan,nan,nan
2177,45.5263157895,0.3977343460,nan,0.0011503603,29.3916611270,nan,nan,nan,nan,nan,nan,nan
2178,45.5263157895,0.5749800492,nan,0.0001629839,37.8785526438,nan,nan,nan,nan,nan,nan,nan
2179,45.5263157895,0.1991851245,nan,0.0043623755,23.6027695641,nan,nan,nan,nan,nan,nan,nan
2180,45.5263157895,0.3377324604,nan,0.0018925794,27.2294588742,nan,nan,nan,nan,nan,nan,nan
2181,45.5263157895,0.8225979434,nan,0.0000031514,55.0149408550,nan,nan,nan,nan,nan,nan,nan
2182,45.5263157895,0.5200864392,nan,0.0003225500,34.9140291521,nan,nan,nan,nan,nan,nan,nan
2183,45.5263157895,0.5842482791,nan,0.0001442481,38.4088996861,nan,nan,nan,nan,nan,nan,nan
2184,45.5263157895,0.5811013175,nan,0.0001503884,38.2278576562,nan,nan,nan,nan,nan,nan,nan
2185,45.5263157895,0.6117463608,nan,0.0000992400,40.0331332454,nan,nan,nan,nan,nan,nan,nan
2186,45.5263157895,0.2996289853,nan,0.0024875217,26.0423312136,nan,nan,nan,nan,nan,nan,nan
2187,45.5263157895,0.4523391556,nan,0.0006805525,31.6713835149,nan,nan,nan,nan,nan,nan,nan
2188,45.5263157895,1.1947099894,nan,0.0000000006,92.4104083048,nan,nan,nan,nan,nan,nan,nan
2189,45.5263157895,1.2765273083,nan,0.0000000001,102.5153885115,nan,nan,nan,nan,nan,nan,nan
2190,45.5263157895,0.6008932364,nan,0.0001152656,39.3830019561,nan,nan,nan,nan,nan,nan,nan
2191,45.5263157895,0.5437180007,nan,0.0002424811,36.1532209808,nan,nan,nan,nan,nan,nan,nan
2192,45.5263157895,0.9668911202,nan,0.0000001640,67.8519216438,nan,nan,nan,nan,nan,nan,nan
2193,45.5263157895,0.8687848476,nan,0.0000012897,58.8950248222,nan,nan,nan,nan,nan,nan,nan
2194,45.5263157895,0.4890891500,nan,0.0004598973,33.3733910927,nan,nan,nan,nan,nan,nan,nan
2195,45.5263157895,0.3486427595,nan,0.0017394207,27.5959537278,nan,nan,nan,nan,nan,nan,nan
2196,45.5263157895,0.9127485808,nan,0.0000005262,62.7885036522,nan,nan,nan,nan,nan,nan,nan
2197,45.5263157895,0.4097708640,nan,0.0010307162,29.8686090348,nan,nan,nan,nan,nan,nan,nan
2198,45.5263157895,1.2382753417,nan,0.0000000002,97.7063681463,nan,nan,nan,nan,nan,nan,nan
2199,45.5263157895,0.6711058499,nan,0.0000417033,43.7982969801,nan,nan,nan,nan,nan,nan,nan
2200,45.5263157895,0.7123333558,nan,0.0000217677,46.6218714305,nan,nan,nan,nan,nan,nan,nan
2201,45.5263157895,0.9540618895,nan,0.0000002175,66.6253258069,nan,nan,nan,nan,nan,nan,nan
2202,45.5263157895,0.4389560866,nan,0.0007789139,31.0851052965,nan,nan,nan,nan,nan,nan,nan
2203,45.5263157895,0.6758274581,nan,0.0000387883,44.1129971721,nan,nan,nan,nan,nan,nan,nan
2204,45.5263157895,0.4759061520,nan,0.0005312134,32.7473101703,nan,nan,nan,nan,nan,nan,nan
2205,45.5263157895,0.3706656698,nan,0.0014548454,28.3718316858,nan,nan,nan,nan,nan,nan,nan
2206,45.5263157895,0.4923954242,nan,0.0004432882,33.5331384340,nan,nan,nan,nan,nan,nan,nan
2207,45.5263157895,0.2698812336,nan,0.0030090408,25.2157192807,nan,nan,nan,nan,nan,nan,nan
2208,45.5263157895,0.6095956188,nan,0.0001022502,39.9033582982,nan,nan,nan,nan,nan,nan,nan
2209,45.5263157895,0.1813288205,nan,0.0047060529,23.2734319247,nan,nan,nan,nan,nan,nan,nan
2210,45.5263157895,0.3392097642,nan,0.0018713754,27.2783908078,nan,nan,nan,nan,nan,nan,nan
2211,45.5263157895,0.7756323364,nan,0.0000074299,51.2901905942,nan,nan,nan,nan,nan,nan,nan
2212,45.5263157895,1.3416742226,nan,0.0000000000,111.0480145958,nan,nan,nan,nan,nan,nan,nan
2213,45.5263157895,0.6242462708,nan,0.0000832421,40.7965697411,nan,nan,nan,nan,nan,nan,nan
2214,45.5263157895,0.2100556445,nan,0.0041508255,23.8186552892,nan,nan,nan,nan,nan,nan,nan
2215,45.5263157895,1.0425856807,nan,0.0000000287,75.4281607374,nan,nan,nan,nan,nan,nan,nan
2216,45.5263157895,0.5115817922,nan,0.0003563074,34.4817521387,nan,nan,nan,nan,nan,nan,nan
2217,45.5263157895,0.9044135707,nan,0.0000006258,62.0353403997,nan,nan,nan,nan,nan,nan,nan
2218,45.5263157895,0.4669819899,nan,0.0005843386,32.3333544686,nan,nan,nan,nan,nan,nan,nan
2219,45.5263157895,0.5829226658,nan,0.0001468075,38.3325171370,nan,nan,nan,nan,nan,nan,nan
2220,45.5263157895,0.4905230258,nan,0.0004526331,33.4425365096,nan,nan,nan,nan,nan,nan,nan
2221,45.5263157895,0.9882637076,nan,0.0000001016,69.9323267563,nan,nan,nan,nan,nan,nan,nan
2222,45.5263157895,0.6958097001,nan,0.0000283814,45.4696660121,nan,nan,nan,nan,nan,nan,nan
2223,45.5263157895,0.3594811719,nan,0.0015952318,27.9717619423,nan,nan,nan,nan,nan,nan,nan
2224,45.5263157895,0.5013024965,nan,0.0004009646,33.9689398497,nan,nan,nan,nan,nan,nan,nan
2225,45.5263157895,0.2518361777,nan,0.0033442335,24.7570340683,nan,nan,nan,nan,nan,nan,nan
2226,45.5263157895,0.8301074383,nan,0.0000027346,55.6311402098,nan,nan,nan,nan,nan,nan,nan
2227,45.5263157895,0.3723844176,nan,0.0014340306,28.4344157091,nan,nan,nan,nan,nan,nan,nan
2228,45.5263157895,0.4302542953,nan,0.0008484963,30.7135003059,nan,nan,nan,nan,nan,nan,nan
2229,45.5263157895,0.6493556150,nan,0.0000578419,42.3775724053,nan,nan,nan,nan,nan,nan,nan
2230,45.5263157895,0.1387039436,nan,0.0054776365,22.6140679281,nan,nan,nan,nan,nan,nan,nan
2231,45.5263157895,1.0656900682,nan,0.0000000164,77.8562656477,nan,nan,nan,nan,nan,nan,nan
2232,45.5263157895,0.6944776952,nan,0.0000289869,45.3779813866,nan,nan,nan,nan,nan,nan,nan
2233,45.5263157895,1.2869626578,nan,0.0000000000,103.8531342859,nan,nan,nan,nan,nan,nan,nan
2234,45.5263157895,0.1227950507,nan,0.0057363345,22.4136553292,nan,nan,nan,nan,nan,nan,nan
2235,45.5263157895,0.6505631872,nan,0.0000568172,42.4552038650,nan,nan,nan,nan,nan,nan,nan
2236,45.5263157895,0.3248190730,nan,0.0020840229,26.8109751760,nan,nan,nan,nan,nan,nan,nan
2237,45.5263157895,0.3807331611,nan,0.0013357950,28.7426017309,nan,nan,nan,nan,nan,nan,nan
2238,45.5263157895,1.1167668166,nan,0.0000000046,83.4160863745,nan,nan,nan,nan,nan,nan,nan
2239,45.5263157895,0.9632439077,nan,0.0000001778,67.5015195226,nan,nan,nan,nan,nan,nan,nan
2240,45.5263157895,0.5685347368,nan,0.0001772222,37.5148193295,nan,nan,nan,nan,nan,nan,nan
2241,45.5263157895,1.0030513065,nan,0.0000000725,71.3988112029,nan,nan,nan,nan,nan,nan,nan
2242,45.5263157895,0.2245867288,nan,0.0038677163,24.1254538426,nan,nan,nan,nan,nan,nan,nan
2243,45.5263157895,0.6652957893,nan,0.0000455604,43.4141275035,nan,nan,nan,nan,nan,nan,nan
2244,45.5263157895,0.4394692894,nan,0.0007749510,31.1072574902,nan,nan,nan,nan,nan,nan,nan
2245,45.5263157895,0.7485970390,nan,0.0000118934,49.2469395541,nan,nan,nan,nan,nan,nan,nan
2246,45.5263157895,0.2592647772,nan,0.0032048259,24.9419556097,nan,nan,nan,nan,nan,nan,nan
2247,45.5263157895,0.7381702781,nan,0.0000141952,48.4785959529,nan,nan,nan,nan,nan,nan,nan
2248,45.5263157895,0.4922403585,nan,0.0004440561,33.5256217638,nan,nan,nan,nan,nan,nan,nan
2249,45.5263157895,0.4905463958,nan,0.0004525155,33.4436651790,nan,nan,nan,nan,nan,nan,nan
2250,45.5263157895,0.2855439880,nan,0.0027289740,25.6400059773,nan,nan,nan,nan,nan,nan,nan
2251,45.5263157895,0.4434851442,nan,0.0007444733,31.2815086454,nan,nan,nan,nan,nan,nan,nan
2252,45.5263157895,0.3696748393,nan,0.0014669365,28.3358867130,nan,nan,nan,nan,nan,nan,nan
2253,45.5263157895,1.0414149566,nan,0.0000000295,75.3065657877,nan,nan,nan,nan,nan,nan,nan
2254,45.5263157895,0.9804584791,nan,0.0000001211,69.1672082010,nan,nan,nan,nan,nan,nan,nan
2255,45.5263157895,0.3283548447,nan,0.0020305278,26.9239105533,nan,nan,nan,nan,nan,nan,nan
2256,45.5263157895,0.6664796315,nan,0.0000447494,43.4921294315,nan,nan,nan,nan,nan,nan,nan
2257,45.5263157895,0.3747619508,nan,0.0014055708,28.5214728903,nan,nan,nan,nan,nan,nan,nan
2258,45.5263157895,0.9068056313,nan,0.0000005956,62.2507718978,nan,nan,nan,nan,nan,nan,nan
2259,45.5263157895,0.1688453414,nan,0.0049410176,23.0618360236,nan,nan,nan,nan,nan,nan,nan
2260,45.5263157895,0.6326958294,nan,0.0000737646,41.3215208227,nan,nan,nan,nan,nan,nan,nan
2261,45.5263157895,0.0082779781,nan,0.0067654604,21.6970264291,nan,nan,nan,nan,nan,nan,nan
2262,45.5263157895,0.4954195525,nan,0.0004285277,33.6802113865,nan,nan,nan,nan,nan,nan,nan
2263,45.5263157895,0.8180905629,nan,0.0000034294,54.6478162066,nan,nan,nan,nan,nan,nan,nan
2264,45.5263157895,0.5329227692,nan,0.0002766815,35.5801982097,nan,nan,nan,nan,nan,nan,nan
2265,45.5263157895,0.5704181611,nan,0.0001729547,37.6206771166,nan,nan,nan,nan,nan,nan,nan
2266,45.5263157895,0.4591785925,nan,0.0006341745,31.9779122470,nan,nan,nan,nan,nan,nan,nan
2267,45.5263157895,0.8623518861,nan,0.0000014650,58.3416913669,nan,nan,nan,nan,nan,nan,nan
2268,45.5263157895,0.3496314352,nan,0.0017259372,27.6297501995,nan,nan,nan,nan,nan,nan,nan
2269,45.5263157895,0.2442665041,nan,0.0034880127,24.5742194479,nan,nan,nan,nan,nan,nan,nan
2270,45.5263157895,0.6684870266,nan,0.0000434039,43.6247163901,nan,nan,nan,nan,nan,nan,nan
2271,45.5263157895,0.5934999773,nan,0.0001274413,38.9468980328,nan,nan,nan,nan,nan,nan,nan
2272,45.5263157895,0.3505515975,nan,0.0017134475,27.6612920303,nan,nan,nan,nan,nan,nan,nan
2273,45.5263157895,1.0067513553,nan,0.0000000665,71.7692072299,nan,nan,nan,nan,nan,nan,nan
2274,45.5263157895,1.0335356732,nan,0.0000000355,74.4918114405,nan,nan,nan,nan,nan,nan,nan
2275,45.5263157895,0.8665425285,nan,0.0000013484,58.7016764082,nan,nan,nan,nan,nan,nan,nan
2276,45.5263157895,0.6020980543,nan,0.0001133812,39.4545901768,nan,nan,nan,nan,nan,nan,nan
2277,45.5263157895,1.0874832285,nan,0.0000000096,80.1961506933,nan,nan,nan,nan,nan,nan,nan
2278,45.5263157895,0.7034240180,nan,0.0000251350,45.9972031328,nan,nan,nan,nan,nan,nan,nan
2279,45.5263157895,0.3746412002,nan,0.0014070069,28.5170378398,nan,nan,nan,nan,nan,nan,nan
2280,45.5263157895,1.0874871398,nan,0.0000000096,80.1965749686,nan,nan,nan,nan,nan,nan,nan
2281,45.5263157895,0.6123234605,nan,0.0000984457,40.0680342701,nan,nan,nan,nan,nan,nan,nan
2282,45.5263157895,0.4176299673,nan,0.0009576733,30.1878264226,nan,nan,nan,nan,nan,nan,nan
2283,45.5263157895,0.1669240023,nan,0.0049766484,23.0306304236,nan,nan,nan,nan,nan,nan,nan
2284,45.5263157895,0.1787554271,nan,0.0047549309,23.2285579340,nan,nan,nan,nan,nan,nan,nan
2285,45.5263157895,0.7442755298,nan,0.0000128022,48.9271602805,nan,nan,nan,nan,nan,nan,nan
2286,45.5263157895,0.7592268853,nan,0.0000099048,50.0415250510,nan,nan,nan,nan,nan,nan,nan
2287,45.5263157895,0.5307291343,nan,0.0002841067,35.4651853040,nan,nan,nan,nan,nan,nan,nan
2288,45.5263157895,0.1761637714,nan,0.0048039400,23.1840242602,nan,nan,nan,nan,nan,nan,nan
2289,45.5263157895,0.6053034532,nan,0.0001084986,39.6457591820,nan,nan,nan,nan,nan,nan,nan
2290,45.5263157895,0.7331749221,nan,0.0000154370,48.1143708111,nan,nan,nan,nan,nan,nan,nan
2291,45.5263157895,0.9000772358,nan,0.0000006845,61.6462799870,nan,nan,nan,nan,nan,nan,nan
2292,45.5263157895,0.3776676163,nan,0.0013713133,28.6286331798,nan,nan,nan,nan,nan,nan,nan
2293,45.5263157895,0.4640701831,nan,0.0006025581,32.2000106353,nan,nan,nan,nan,nan,nan,nan
2294,45.5263157895,0.7621770591,nan,0.0000094101,50.2640705557,nan,nan,nan,nan,nan,nan,nan
2295,45.5263157895,0.2507711074,nan,0.0033643651,24.7309688373,nan,nan,nan,nan,nan,nan,nan
2296,45.5263157895,0.8993989591,nan,0.0000006941,61.5855961804,nan,nan,nan,nan,nan,nan,nan
2297,45.5263157895,0.3332336651,nan,0.0019580399,27.0817846060,nan,nan,nan,nan,nan,nan,nan
2298,45.5263157895,0.6645288276,nan,0.0000460928,43.3636685636,nan,nan,nan,nan,nan,nan,nan
2299,45.5263157895,0.7112597656,nan,0.0000221505,46.5461744068,nan,nan,nan,nan,nan,nan,nan
2300,45.5263157895,0.5599205402,nan,0.0001979159,37.0351938299,nan,nan,nan,nan,nan,nan,nan
2301,45.5263157895,1.0216105263,nan,0.0000000471,73.2706571979,nan,nan,nan,nan,nan,nan,nan
2302,45.5263157895,0.3300218263,nan,0.0020055863,26.9775863580,nan,nan,nan,nan,nan,nan,nan
2303,45.5263157895,0.3414907754,nan,0.0018389208,27.3543698575,nan,nan,nan,nan,nan,nan,nan
2304,45.5263157895,0.3453334166,nan,0.0017850335,27.4835362182,nan,nan,nan,nan,nan,nan,nan
2305,45.5263157895,0.6042723804,nan,0.0001100486,39.5841537634,nan,nan,nan,nan,nan,nan,nan
2306,45.5263157895,0.9171104818,nan,0.0000004802,63.1854503858,nan,nan,nan,nan,nan,nan,nan
2307,45.5263157895,0.4903718043,nan,0.0004533948,33.4352344916,nan,nan,nan,nan,nan,nan,nan
2308,45.5263157895,0.3574939128,nan,0.0016210706,27.9019808263,nan,nan,nan,nan,nan,nan,nan
2309,45.5263157895,0.5884710913,nan,0.0001363516,38.6533960494,nan,nan,nan,nan,nan,nan,nan
2310,45.5263157895,0.5664792487,nan,0.0001819828,37.3996967697,nan,nan,nan,nan,nan,nan,nan
2311,45.5263157895,0.6263819972,nan,0.0000807499,40.9285799603,nan,nan,nan,nan,nan,nan,nan
2312,45.5263157895,0.4214480978,nan,0.0009236056,30.3451342172,nan,nan,nan,nan,nan,nan,nan
2313,45.5263157895,0.4374857383,nan,0.0007903539,31.0217839617,nan,nan,nan,nan,nan,nan,nan
2314,45.5263157895,1.0903450135,nan,0.0000000089,80.5069905880,nan,nan,nan,nan,nan,nan,nan
2315,45.5263157895,0.4031396872,nan,0.0010954535,29.6040605083,nan,nan,nan,nan,nan,nan,nan
2316,45.5263157895,0.1517877780,nan,0.0052511201,22.7974805185,nan,nan,nan,nan,nan,nan,nan
2317,45.5263157895,0.6680017242,nan,0.0000437258,43.5926253832,nan,nan,nan,nan,nan,nan,nan
2318,45.5263157895,0.4148089607,nan,0.0009834369,30.0725349668,nan,nan,nan,nan,nan,nan,nan
2319,45.5263157895,1.0601470777,nan,0.0000000188,77.2688053461,nan,nan,nan,nan,nan,nan,nan
2320,45.5263157895,0.6206177247,nan,0.0000876327,40.5733382689,nan,nan,nan,nan,nan,nan,nan
2321,45.5263157895,0.3434097540,nan,0.0018118863,27.4186906912,nan,nan,nan,nan,nan,nan,nan
2322,45.5263157895,0.4267047572,nan,0.0008781950,30.5640905732,nan,nan,nan,nan,nan,nan,nan
2323,45.5263157895,0.2445173141,nan,0.0034832240,24.5801859236,nan,nan,nan,nan,nan,nan,nan
2324,45.5263157895,0.2133775413,nan,0.0040860595,23.8869531761,nan,nan,nan,nan,nan,nan,nan
2325,45.5263157895,0.0619804189,nan,0.0064934742,21.8752288323,nan,nan,nan,nan,nan,nan,nan
2326,45.5263157895,0.8497884529,nan,0.0000018737,57.2730944390,nan,nan,nan,nan,nan,nan,nan
2327,45.5263157895,0.1065290805,nan,0.0059781365,22.2343417459,nan,nan,nan,nan,nan,nan,nan
2328,45.5263157895,0.6490152976,nan,0.0000581337,42.3557208222,nan,nan,nan,nan,nan,nan,nan
2329,45.5263157895,0.1591312410,nan,0.0051194297,22.9077841430,nan,nan,nan,nan,nan,nan,nan
2330,45.5263157895,0.0826075911,nan,0.0062841627,22.0175257793,nan,nan,nan,nan,nan,nan,nan
2331,45.5263157895,0.3942482215,nan,0.0011868008,29.2562217145,nan,nan,nan,nan,nan,nan,nan
2332,45.5263157895,0.4557789790,nan,0.0006569065,31.8249645538,nan,nan,nan,nan,nan,nan,nan
2333,45.5263157895,0.1067966239,nan,0.0059743656,22.2370820637,nan,nan,nan,nan,nan,nan,nan
2334,45.5263157895,0.7597600562,nan,0.0000098137,50.0816797051,nan,nan,nan,nan,nan,nan,nan
2335,45.5263157895,0.0923084460,nan,0.0061677488,22.0987332168,nan,nan,nan,nan,nan,nan,nan
2336,45.5263157895,0.5019991479,nan,0.0003977993,34.0033601453,nan,nan,nan,nan,nan,nan,nan
2337,45.5263157895,1.1272164103,nan,0.0000000035,84.5861456118,nan,nan,nan,nan,nan,nan,nan
2338,45.5263157895,0.9543154101,nan,0.0000002163,66.6494035019,nan,nan,nan,nan,nan,nan,nan
2339,45.5263157895,0.7029581800,nan,0.0000253235,45.9647612387,nan,nan,nan,nan,nan,nan,nan
2340,45.5263157895,0.2280123073,nan,0.0038011791,24.2008166794,nan,nan,nan,nan,nan,nan,nan
2341,45.5263157895,0.5960755171,nan,0.0001230779,39.0981977968,nan,nan,nan,nan,nan,nan,nan
2342,45.5263157895,0.5017936575,nan,0.0003987308,33.9932021809,nan,nan,nan,nan,nan,nan,nan
2343,45.5263157895,0.4584388285,nan,0.0006390676,31.9445321253,nan,nan,nan,nan,nan,nan,nan
2344,45.5263157895,0.5741457926,nan,0.0001647693,37.8312375940,nan,nan,nan,nan,nan,nan,nan
2345,45.5263157895,0.2640927960,nan,0.0031152505,25.0650702238,nan,nan,nan,nan,nan,nan,nan
2346,45.5263157895,0.2641884424,nan,0.0031134848,25.0675325326,nan,nan,nan,nan,nan,nan,nan
2347,45.5263157895,0.4238106581,nan,0.0009029837,30.4432009788,nan,nan,nan,nan,nan,nan,nan
2348,45.5263157895,0.2334463682,nan,0.0036959449,24.3227450820,nan,nan,nan,nan,nan,nan,nan
2349,45.5263157895,0.1199433707,nan,0.0057804953,22.3803494490,nan,nan,nan,nan,nan,nan,nan
2350,45.5263157895,0.9150947002,nan,0.0000005010,63.0017688671,nan,nan,nan,nan,nan,nan,nan
2351,45.5263157895,0.6953716440,nan,0.0000285792,45.4394940118,nan,nan,nan,nan,nan,nan,nan
2352,45.5263157895,0.2705349542,nan,0.0029971318,25.2329415553,nan,nan,nan,nan,nan,nan,nan
2353,45.5263157895,0.0483150484,nan,0.0066014061,21.8036355215,nan,nan,nan,nan,nan,nan,nan
2354,45.5263157895,0.8932615985,nan,0.0000007873,61.0386148303,nan,nan,nan,nan,nan,nan,nan
2355,45.5263157895,0.3935339478,nan,0.0011943673,29.2286210496,nan,nan,nan,nan,nan,nan,nan
2356,45.5263157895,0.3720894175,nan,0.0014375888,28.4236530783,nan,nan,nan,nan,nan,nan,nan
2357,45.5263157895,0.6703018131,nan,0.0000422189,43.7449305118,nan,nan,nan,nan,nan,nan,nan
2358,45.5263157895,0.3945459250,nan,0.0011836572,29.2677404657,nan,nan,nan,nan,nan,nan,nan
2359,45.5263157895,0.3015185208,nan,0.0024559517,26.0978018453,nan,nan,nan,nan,nan,nan,nan
2360,45.5263157895,0.4271203561,nan,0.0008746777,30.5815192423,nan,nan,nan,nan,nan,nan,nan
2361,45.5263157895,0.8044191844,nan,0.0000044189,53.5468253982,nan,nan,nan,nan,nan,nan,nan
2362,45.5263157895,0.8716071840,nan,0.0000012192,59.1391082745,nan,nan,nan,nan,nan,nan,nan
2363,45.5263157895,0.1186098380,nan,0.0058008983,22.3650474978,nan,nan,nan,nan,nan,nan,nan
2364,45.5263157895,0.2424851085,nan,0.0035220692,24.5320211966,nan,nan,nan,nan,nan,nan,nan
2365,45.5263157895,0.8331633949,nan,0.0000025802,55.8835292540,nan,nan,nan,nan,nan,nan,nan
2366,45.5263157895,0.1314373541,nan,0.0055982823,22.5194520207,nan,nan,nan,nan,nan,nan,nan
2367,45.5263157895,0.5810100923,nan,0.0001505697,38.2226243717,nan,nan,nan,nan,nan,nan,nan
2368,45.5263157895,0.5787018941,nan,0.0001552212,38.0904885721,nan,nan,nan,nan,nan,nan,nan
2369,45.5263157895,1.1180358311,nan,0.0000000044,83.5575892969,nan,nan,nan,nan,nan,nan,nan
2370,45.5263157895,0.6149005476,nan,0.0000949665,40.2242959070,nan,nan,nan,nan,nan,nan,nan
2371,45.5263157895,0.4577082013,nan,0.0006439293,31.9116179743,nan,nan,nan,nan,nan,nan,nan
2372,45.5263157895,0.5869710568,nan,0.0001391124,38.5663406883,nan,nan,nan,nan,nan,nan,nan
2373,45.5263157895,0.1404317757,nan,0.0054483789,22.6373269518,nan,nan,nan,nan,nan,nan,nan
2374,45.5263157895,0.3753166416,nan,0.0013989865,28.5418648008,nan,nan,nan,nan,nan,nan,nan
2375,45.5263157895,0.4853728554,nan,0.0004791661,33.1951387216,nan,nan,nan,nan,nan,nan,nan
2376,45.5263157895,0.2961329909,nan,0.0025464581,25.9406345829,nan,nan,nan,nan,nan,nan,nan
2377,45.5263157895,0.3846661974,nan,0.0012911620,28.8901927512,nan,nan,nan,nan,nan,nan,nan
2378,45.5263157895,0.5371645462,nan,0.0002627869,35.8039634611,nan,nan,nan,nan,nan,nan,nan
2379,45.5263157895,0.9789573179,nan,0.0000001253,69.0207617259,nan,nan,nan,nan,nan,nan,nan
2380,45.5263157895,0.6283783538,nan,0.0000784804,41.0523900494,nan,nan,nan,nan,nan,nan,nan
2381,45.5263157895,0.5528062443,nan,0.0002165364,36.6446913359,nan,nan,nan,nan,nan,nan,nan
2382,45.5263157895,0.7199935348,nan,0.0000192073,47.1653456661,nan,nan,nan,nan,nan,nan,nan
2383,45.5263157895,0.0687879681,nan,0.0064303848,21.9176303933,nan,nan,nan,nan,nan,nan,nan
2384,45.5263157895,0.1211996387,nan,0.0057611292,22.3949238788,nan,nan,nan,nan,nan,nan,nan
2385,45.5263157895,0.8629428947,nan,0.0000014480,58.3923528232,nan,nan,nan,nan,nan,nan,nan
2386,45.5263157895,0.2587750889,nan,0.0032139584,24.9295974896,nan,nan,nan,nan,nan,nan,nan
2387,45.5263157895,0.8768409221,nan,0.0000010980,59.5938659702,nan,nan,nan,nan,nan,nan,nan
2388,45.5263157895,0.5401474122,nan,0.0002533729,35.9623975587,nan,nan,nan,nan,nan,nan,nan
2389,45.5263157895,0.2996457921,nan,0.0024872400,26.0428230443,nan,nan,nan,nan,nan,nan,nan
2390,45.5263157895,0.2673126108,nan,0.0030560053,25.1484589659,nan,nan,nan,nan,nan,nan,nan
2391,45.5263157895,1.3070335465,nan,0.0000000000,106.4572186054,nan,nan,nan,nan,nan,nan,nan
2392,45.5263157895,0.5754761653,nan,0.0001619301,37.9067230904,nan,nan,nan,nan,nan,nan,nan
2393,45.5263157895,0.7045485966,nan,0.0000246853,46.0756110641,nan,nan,nan,nan,nan,nan,nan
2394,45.5263157895,0.2313617929,nan,0.0037362620,24.2756267222,nan,nan,nan,nan,nan,nan,nan
2395,45.5263157895,0.9582428503,nan,0.0000001985,67.0232361378,nan,nan,nan,nan,nan,nan,nan
2396,45.5263157895,0.7114996474,nan,0.0000220644,46.5630779924,nan,nan,nan,nan,nan,nan,nan
2397,45.5263157895,0.6894335870,nan,0.0000313877,45.0324033604,nan,nan,nan,nan,nan,nan,nan
2398,45.5263157895,0.4231445975,nan,0.0009087622,30.4154972836,nan,nan,nan,nan,nan,nan,nan
2399,45.5263157895,0.9577442138,nan,0.0000002006,66.9756870276,nan,nan,nan,nan,nan,nan,nan
2400,45.5263157895,0.2488742709,nan,0.0034003013,24.6848260012,nan,nan,nan,nan,nan,nan,nan
2401,45.5263157895,0.9429838097,nan,0.0000002767,65.5795528927,nan,nan,nan,nan,nan,nan,nan
2402,45.5263157895,0.3967748028,nan,0.0011603096,29.3542610420,nan,nan,nan,nan,nan,nan,nan
2403,45.5263157895,0.7168938183,nan,0.0000202082,46.9447153654,nan,nan,nan,nan,nan,nan,nan
2404,45.5263157895,0.7066781132,nan,0.0000238537,46.2244341113,nan,nan,nan,nan,nan,nan,nan
2405,45.5263157895,0.7663585759,nan,0.0000087478,50.5810049284,nan,nan,nan,nan,nan,nan,nan
2406,45.5263157895,0.4414574525,nan,0.0007597445,31.1933241226,nan,nan,nan,nan,nan,nan,nan
2407,45.5263157895,0.2431009083,nan,0.0035102876,24.5465729505,nan,nan,nan,nan,nan,nan,nan
2408,45.5263157895,1.3006455099,nan,0.0000000000,105.6239635347,nan,nan,nan,nan,nan,nan,nan
2409,45.5263157895,0.5840541085,nan,0.0001446205,38.3977004475,nan,nan,nan,nan,nan,nan,nan
2410,45.5263157895,1.0142546540,nan,0.0000000559,72.5245860756,nan,nan,nan,nan,nan,nan,nan
2411,45.5263157895,0.7646000549,nan,0.0000090209,50.4475046457,nan,nan,nan,nan,nan,nan,nan
2412,45.5263157895,0.3115170543,nan,0.0022923308,26.3972271244,nan,nan,nan,nan,nan,nan,nan
2413,45.5263157895,0.4089188436,nan,0.0010388737,29.8343723599,nan,nan,nan,nan,nan,nan,nan
2414,45.5263157895,0.6226061975,nan,0.0000852019,40.6955071235,nan,nan,nan,nan,nan,nan,nan
2415,45.5263157895,0.1800760811,nan,0.0047298725,23.2515056357,nan,nan,nan,nan,nan,nan,nan
2416,45.5263157895,0.3781957543,nan,0.0013651485,28.6482011349,nan,nan,nan,nan,nan,nan,nan
2417,45.5263157895,0.5647483882,nan,0.0001860765,37.3030844351,nan,nan,nan,nan,nan,nan,nan
2418,45.5263157895,0.2147096422,nan,0.0040600866,23.9146470198,nan,nan,nan,nan,nan,nan,nan
2419,45.5263157895,0.2348016096,nan,0.0036697726,24.3536084827,nan,nan,nan,nan,nan,nan,nan
2420,45.5263157895,0.6964121115,nan,0.0000281113,45.5111898664,nan,nan,nan,nan,nan,nan,nan
2421,45.5263157895,0.6857723032,nan,0.0000332417,44.7831679583,nan,nan,nan,nan,nan,nan,nan
2422,45.5263157895,0.6900472183,nan,0.0000310863,45.0743071985,nan,nan,nan,nan,nan,nan,nan
2423,45.5263157895,0.7905767719,nan,0.0000056869,52.4512711366,nan,nan,nan,nan,nan,nan,nan
2424,45.5263157895,0.1938218058,nan,0.0044662718,23.5005485442,nan,nan,nan,nan,nan,nan,nan
2425,45.5263157895,0.6277603179,nan,0.0000791768,41.0140178898,nan,nan,nan,nan,nan,nan,nan
2426,45.5263157895,1.0363540116,nan,0.0000000332,74.7825182219,nan,nan,nan,nan,nan,nan,nan
2427,45.5263157895,0.2193080850,nan,0.0039704588,24.0115930532,nan,nan,nan,nan,nan,nan,nan
2428,45.5263157895,0.7475889251,nan,0.0000120999,49.1721737468,nan,nan,nan,nan,nan,nan,nan
2429,45.5263157895,0.4074289362,nan,0.0010532519,29.7746775768,nan,nan,nan,nan,nan,nan,nan
2430,45.5263157895,0.4480630282,nan,0.0007108678,31.4821118345,nan,nan,nan,nan,nan,nan,nan
2431,45.5263157895,0.4345254009,nan,0.0008137761,30.8949504648,nan,nan,nan,nan,nan,nan,nan
2432,45.5263157895,0.3111468353,nan,0.0022982839,26.3859632124,nan,nan,nan,nan,nan,nan,nan
2433,45.5263157895,0.6742386198,nan,0.0000397480,44.0068490845,nan,nan,nan,nan,nan,nan,nan
2434,45.5263157895,0.0592561566,nan,0.0065170089,21.8595168753,nan,nan,nan,nan,nan,nan,nan
2435,45.5263157895,0.7082186107,nan,0.0000232682,46.3323776313,nan,nan,nan,nan,nan,nan,nan
2436,45.5263157895,0.2016196763,nan,0.0043150852,23.6501062448,nan,nan,nan,nan,nan,nan,nan
2437,45.5263157895,0.6299062978,nan,0.0000767817,41.1474206366,nan,nan,nan,nan,nan,nan,nan
2438,45.5263157895,0.4889627924,nan,0.0004605420,33.3673076440,nan,nan,nan,nan,nan,nan,nan
2439,45.5263157895,0.3033178594,nan,0.0024260771,26.1509540472,nan,nan,nan,nan,nan,nan,nan
2440,45.5263157895,1.2572263034,nan,0.0000000001,100.0702898262,nan,nan,nan,nan,nan,nan,nan
2441,45.5263157895,0.3503851883,nan,0.0017157020,27.6555815205,nan,nan,nan,nan,nan,nan,nan
2442,45.5263157895,0.1765867857,nan,0.0047959561,23.1912479792,nan,nan,nan,nan,nan,nan,nan
2443,45.5263157895,1.4839606629,nan,0.0000000000,131.1857011828,nan,nan,nan,nan,nan,nan,nan
2444,45.5263157895,0.6728757640,nan,0.0000405882,43.9160008875,nan,nan,nan,nan,nan,nan,nan
2445,45.5263157895,0.4709305968,nan,0.0005603338,32.5155320034,nan,nan,nan,nan,nan,nan,nan
2446,45.5263157895,1.1018860340,nan,0.0000000067,81.7689737050,nan,nan,nan,nan,nan,nan,nan
2447,45.5263157895,0.1836961433,nan,0.0046609149,23.3152882690,nan,nan,nan,nan,nan,nan,nan
2448,45.5263157895,0.5332280237,nan,0.0002756614,35.5962410049,nan,nan,nan,nan,nan,nan,nan
2449,45.5263157895,0.4536863824,nan,0.0006712134,31.7313935449,nan,nan,nan,nan,nan,nan,nan
2450,45.5263157895,0.2022498875,nan,0.0043028330,23.6624551155,nan,nan,nan,nan,nan,nan,nan
2451,45.5263157895,0.0459968113,nan,0.0066171697,21.7932772566,nan,nan,nan,nan,nan,nan,nan
2452,45.5263157895,0.4538148908,nan,0.0006703279,31.7371272173,nan,nan,nan,nan,nan,nan,nan
2453,45.5263157895,0.9036125183,nan,0.0000006363,61.9633260442,nan,nan,nan,nan,nan,nan,nan
2454,45.5263157895,0.3613091907,nan,0.0015717018,28.0362986327,nan,nan,nan,nan,nan,nan,nan
2455,45.5263157895,0.4347462513,nan,0.0008120107,30.9043824270,nan,nan,nan,nan,nan,nan,nan
2456,45.5263157895,0.2125629974,nan,0.0041019414,23.8701054388,nan,nan,nan,nan,nan,nan,nan
2457,45.5263157895,0.2789385343,nan,0.0028457020,25.4581058474,nan,nan,nan,nan,nan,nan,nan
2458,45.5263157895,0.4074188130,nan,0.0010533501,29.7742727382,nan,nan,nan,nan,nan,nan,nan
2459,45.5263157895,1.1815402974,nan,0.0000000008,90.8473912826,nan,nan,nan,nan,nan,nan,nan
2460,45.5263157895,0.5784787320,nan,0.0001556775,38.0777417038,nan,nan,nan,nan,nan,nan,nan
2461,45.5263157895,0.3224226988,nan,0.0021207332,26.7351395513,nan,nan,nan,nan,nan,nan,nan
2462,45.5263157895,0.6177399888,nan,0.0000912591,40.3972377405,nan,nan,nan,nan,nan,nan,nan
2463,45.5263157895,0.5720732658,nan,0.0001692780,37.7139959583,nan,nan,nan,nan,nan,nan,nan
2464,45.5263157895,0.1442039674,nan,0.0053837849,22.6891229920,nan,nan,nan,nan,nan,nan,nan
2465,45.5263157895,0.3329509351,nan,0.0019621983,27.0725711282,nan,nan,nan,nan,nan,nan,nan
2466,45.5263157895,0.4484503894,nan,0.0007080791,31.4991821105,nan,nan,nan,nan,nan,nan,nan
2467,45.5263157895,0.2213157683,nan,0.0039313575,24.0545746219,nan,nan,nan,nan,nan,nan,nan
2468,45.5263157895,0.5458120537,nan,0.0002362801,36.2657282168,nan,nan,nan,nan,nan,nan,nan
2469,45.5263157895,0.4304485547,nan,0.0008468932,30.7217135196,nan,nan,nan,nan,nan,nan,nan
2470,45.5263157895,0.5826282825,nan,0.0001473812,38.3155785430,nan,nan,nan,nan,nan,nan,nan
2471,45.5263157895,0.3150956068,nan,0.0022352153,26.5068064070,nan,nan,nan,nan,nan,nan,nan
2472,45.5263157895,0.3548912145,nan,0.0016553188,27.8111836435,nan,nan,nan,nan,nan,nan,nan
2473,45.5263157895,1.1956476687,nan,0.0000000006,92.5223663133,nan,nan,nan,nan,nan,nan,nan
2474,45.5263157895,0.5282780762,nan,0.0002926007,35.3372459546,nan,nan,nan,nan,nan,nan,nan
2475,45.5263157895,0.3871349586,nan,0.0012636817,28.9836230185,nan,nan,nan,nan,nan,nan,nan
2476,45.5263157895,0.2484829283,nan,0.0034077283,24.6753504317,nan,nan,nan,nan,nan,nan,nan
2477,45.5263157895,0.2564586542,nan,0.0032572717,24.8714601399,nan,nan,nan,nan,nan,nan,nan
2478,45.5263157895,0.0912240416,nan,0.0061813013,22.0892008992,nan,nan,nan,nan,nan,nan,nan
2479,45.5263157895,0.7920802862,nan,0.0000055344,52.5693308228,nan,nan,nan,nan,nan,nan,nan
2480,45.5263157895,0.4498036375,nan,0.0006984037,31.5589348849,nan,nan,nan,nan,nan,nan,nan
2481,45.5263157895,0.6067002218,nan,0.0001064294,39.7293847573,nan,nan,nan,nan,nan,nan,nan
2482,45.5263157895,0.9136877986,nan,0.0000005160,62.8738129491,nan,nan,nan,nan,nan,nan,nan
2483,45.5263157895,0.1895429327,nan,0.0045488022,23.4210294668,nan,nan,nan,nan,nan,nan,nan
2484,45.5263157895,0.8665930399,nan,0.0000013471,58.7060262594,nan,nan,nan,nan,nan,nan,nan
2485,45.5263157895,0.9796306009,nan,0.0000001234,69.0864159539,nan,nan,nan,nan,nan,nan,nan
2486,45.5263157895,0.9491206790,nan,0.0000002423,66.1573409091,nan,nan,nan,nan,nan,nan,nan
2487,45.5263157895,1.0197965893,nan,0.0000000491,73.0861691792,nan,nan,nan,nan,nan,nan,nan
2488,45.5263157895,0.2582276003,nan,0.0032241788,24.9158087967,nan,nan,nan,nan,nan,nan,nan
2489,45.5263157895,0.3050326244,nan,0.0023977798,26.2019070888,nan,nan,nan,nan,nan,nan,nan
2490,45.5263157895,0.3927538263,nan,0.0012026703,29.1985340420,nan,nan,nan,nan,nan,nan,nan
2491,45.5263157895,0.4649680468,nan,0.0005968927,32.2410371809,nan,nan,nan,nan,nan,nan,nan
2492,45.5263157895,0.3909769556,nan,0.0012217344,29.1302318202,nan,nan,nan,nan,nan,nan,nan
2493,45.5263157895,1.1323925490,nan,0.0000000030,85.1698289960,nan,nan,nan,nan,nan,nan,nan
2494,45.5263157895,0.7413197425,nan,0.0000134601,48.7095241007,nan,nan,nan,nan,nan,nan,nan
2495,45.5263157895,0.4445879502,nan,0.0007362677,31.3296422380,nan,nan,nan,nan,nan,nan,nan
2496,45.5263157895,0.4271839425,nan,0.0008741405,30.5841873392,nan,nan,nan,nan,nan,nan,nan
2497,45.5263157895,0.0380432304,nan,0.0066655058,21.7616688731,nan,nan,nan,nan,nan,nan,nan
2498,45.5263157895,0.4261703439,nan,0.0008827334,30.5417046124,nan,nan,nan,nan,nan,nan,nan
2499,45.5263157895,0.3154925931,nan,0.0022289273,26.5190409629,nan,nan,nan,nan,nan,nan,nan
2500,45.5263157895,0.4401069599,nan,0.0007700485,31.1348189301,nan,nan,nan,nan,nan,nan,nan
2501,45.5263157895,0.4726113045,nan,0.0005503579,32.5935481411,nan,nan,nan,nan,nan,nan,nan
2502,45.5263157895,0.5787401153,nan,0.0001551432,38.0926722385,nan,nan,nan,nan,nan,nan,nan
2503,45.5263157895,0.1917984979,nan,0.0045053421,23.4627223004,nan,nan,nan,nan,nan,nan,nan
2504,45.5263157895,0.5696633091,nan,0.0001746543,37.5782079628,nan,nan,nan,nan,nan,nan,nan
2505,45.5263157895,0.4964180961,nan,0.0004237430,33.7289747322,nan,nan,nan,nan,nan,nan,nan
2506,45.5263157895,0.8277800058,nan,0.0000028579,55.4395517094,nan,nan,nan,nan,nan,nan,nan
2507,45.5263157895,0.6180585280,nan,0.0000908513,40.4166895243,nan,nan,nan,nan,nan,nan,nan
2508,45.5263157895,0.7119553085,nan,0.0000219018,46.5952027178,nan,nan,nan,nan,nan,nan,nan
2509,45.5263157895,0.5060707519,nan,0.0003797080,34.2055025541,nan,nan,nan,nan,nan,nan,nan
2510,45.5263157895,0.4361975986,nan,0.0008004815,30.9664869880,nan,nan,nan,nan,nan,nan,nan
2511,45.5263157895,0.5684835930,nan,0.0001773393,37.5119497588,nan,nan,nan,nan,nan,nan,nan
2512,45.5263157895,1.0184615413,nan,0.0000000507,72.9505998595,nan,nan,nan,nan,nan,nan,nan
2513,45.5263157895,0.1868196545,nan,0.0046011256,23.3713591275,nan,nan,nan,nan,nan,nan,nan
2514,45.5263157895,0.8188188595,nan,0.0000033830,54.7069968555,nan,nan,nan,nan,nan,nan,nan
2515,45.5263157895,0.4961083235,nan,0.0004252226,33.7138364721,nan,nan,nan,nan,nan,nan,nan
2516,45.5263157895,0.7864223905,nan,0.0000061288,52.1262440065,nan,nan,nan,nan,nan,nan,nan
2517,45.5263157895,0.1307332758,nan,0.0056097572,22.5105593173,nan,nan,nan,nan,nan,nan,nan
2518,45.5263157895,0.1174414563,nan,0.0058186422,22.3517835113,nan,nan,nan,nan,nan,nan,nan
2519,45.5263157895,0.2547635464,nan,0.0032890817,24.8292533469,nan,nan,nan,nan,nan,nan,nan
2520,45.5263157895,0.6446935524,nan,0.0000619550,42.0792367447,nan,nan,nan,nan,nan,nan,nan
2521,45.5263157895,0.8464616234,nan,0.0000019986,56.9927962379,nan,nan,nan,nan,nan,nan,nan
2522,45.5263157895,0.1668059568,nan,0.0049788323,23.0287250129,nan,nan,nan,nan,nan,nan,nan
2523,45.5263157895,0.3436973400,nan,0.0018078560,27.4283616412,nan,nan,nan,nan,nan,nan,nan
2524,45.5263157895,0.9509659519,nan,0.0000002327,66.3318188246,nan,nan,nan,nan,nan,nan,nan
2525,45.5263157895,0.5021470386,nan,0.0003971300,34.0106734082,nan,nan,nan,nan,nan,nan,nan
2526,45.5263157895,0.1193941397,nan,0.0057889179,22.3740261022,nan,nan,nan,nan,nan,nan,nan
2527,45.5263157895,0.3175373505,nan,0.0021966934,26.5823055005,nan,nan,nan,nan,nan,nan,nan
2528,45.5263157895,0.5723248728,nan,0.0001687250,37.7282062403,nan,nan,nan,nan,nan,nan,nan
2529,45.5263157895,0.6850514127,nan,0.0000336182,44.7342535472,nan,nan,nan,nan,nan,nan,nan
2530,45.5263157895,0.7641058366,nan,0.0000090990,50.4100415627,nan,nan,nan,nan,nan,nan,nan
2531,45.5263157895,0.5261942373,nan,0.0002999889,35.2289479559,nan,nan,nan,nan,nan,nan,nan
2532,45.5263157895,0.6004513538,nan,0.0001159636,39.3567825707,nan,nan,nan,nan,nan,nan,nan
2533,45.5263157895,0.4875997998,nan,0.0004675426,33.3017883622,nan,nan,nan,nan,nan,nan,nan
2534,45.5263157895,0.5035464177,nan,0.0003908425,34.0799817489,nan,nan,nan,nan,nan,nan,nan
2535,45.5263157895,0.6288574863,nan,0.0000779442,41.0821644838,nan,nan,nan,nan,nan,nan,nan
2536,45.5263157895,0.2416633018,nan,0.0035378061,24.5126597956,nan,nan,nan,nan,nan,nan,nan
2537,45.5263157895,0.7661008009,nan,0.0000087874,50.5614161253,nan,nan,nan,nan,nan,nan,nan
2538,45.5263157895,1.2431475673,nan,0.0000000001,98.3106393065,nan,nan,nan,nan,nan,nan,nan
2539,45.5263157895,0.0507310215,nan,0.0065841824,21.8149814573,nan,nan,nan,nan,nan,nan,nan
2540,45.5263157895,1.0084069314,nan,0.0000000640,71.9353887320,nan,nan,nan,nan,nan,nan,nan
2541,45.5263157895,0.7963213883,nan,0.0000051244,52.9035813139,nan,nan,nan,nan,nan,nan,nan
2542,45.5263157895,0.5718125786,nan,0.0001698525,37.6992795454,nan,nan,nan,nan,nan,nan,nan
2543,45.5263157895,0.6271324200,nan,0.0000798901,40.9750727267,nan,nan,nan,nan,nan,nan,nan
2544,45.5263157895,0.2639417977,nan,0.0031180388,25.0611847892,nan,nan,nan,nan,nan,nan,nan
2545,45.5263157895,0.4062351807,nan,0.0010648763,29.7270082487,nan,nan,nan,nan,nan,nan,nan
2546,45.5263157895,0.7037332770,nan,0.0000250106,46.0187526100,nan,nan,nan,nan,nan,nan,nan
2547,45.5263157895,0.6435436327,nan,0.0000630088,42.0059867445,nan,nan,nan,nan,nan,nan,nan
2548,45.5263157895,0.6623119714,nan,0.0000476634,43.2181526487,nan,nan,nan,nan,nan,nan,nan
2549,45.5263157895,0.0488655722,nan,0.0065975526,21.8061714147,nan,nan,nan,nan,nan,nan,nan
2550,45.5263157895,1.1929946720,nan,0.0000000006,92.2058320921,nan,nan,nan,nan,nan,nan,nan
2551,45.5263157895,0.8006809868,nan,0.0000047325,53.2490617222,nan,nan,nan,nan,nan,nan,nan
2552,45.5263157895,0.4449754159,nan,0.0007334014,31.3465825956,nan,nan,nan,nan,nan,nan,nan
2553,45.5263157895,0.4601051401,nan,0.0006280876,32.0197977036,nan,nan,nan,nan,nan,nan,nan
2554,45.5263157895,0.5094209476,nan,0.0003653361,34.3730739748,nan,nan,nan,nan,nan,nan,nan
2555,45.5263157895,1.0578754320,nan,0.0000000198,77.0289500063,nan,nan,nan,nan,nan,nan,nan
2556,45.5263157895,0.5377938774,nan,0.0002607765,35.8373159967,nan,nan,nan,nan,nan,nan,nan
2557,45.5263157895,0.6293143222,nan,0.0000774359,41.1105748373,nan,nan,nan,nan,nan,nan,nan
2558,45.5263157895,0.6210701386,nan,0.0000870743,40.6010990126,nan,nan,nan,nan,nan,nan,nan
2559,45.5263157895,0.9532562371,nan,0.0000002214,66.5488534805,nan,nan,nan,nan,nan,nan,nan
2560,45.5263157895,0.2691460107,nan,0.0030224558,25.1964004203,nan,nan,nan,nan,nan,nan,nan
2561,45.5263157895,0.4719583418,nan,0.0005542166,32.5632049551,nan,nan,nan,nan,nan,nan,nan
2562,45.5263157895,0.5184113129,nan,0.0003289794,34.8283123978,nan,nan,nan,nan,nan,nan,nan
2563,45.5263157895,0.3649811256,nan,0.0015251274,28.1669386819,nan,nan,nan,nan,nan,nan,nan
2564,45.5263157895,0.8081976511,nan,0.0000041217,53.8492292464,nan,nan,nan,nan,nan,nan,nan
2565,45.5263157895,1.0205988116,nan,0.0000000482,73.1677187881,nan,nan,nan,nan,nan,nan,nan
2566,45.5263157895,0.1907303196,nan,0.0045259368,23.4429151503,nan,nan,nan,nan,nan,nan,nan
2567,45.5263157895,0.4830320464,nan,0.0004916351,33.0835709150,nan,nan,nan,nan,nan,nan,nan
2568,45.5263157895,0.8789421003,nan,0.0000010526,59.7772150715,nan,nan,nan,nan,nan,nan,nan
2569,45.5263157895,0.2369561554,nan,0.0036282328,24.4030485558,nan,nan,nan,nan,nan,nan,nan
2570,45.5263157895,0.5577292690,nan,0.0002034991,36.9143744624,nan,nan,nan,nan,nan,nan,nan
2571,45.5263157895,0.3438621737,nan,0.0018055485,27.4339083803,nan,nan,nan,nan,nan,nan,nan
2572,45.5263157895,0.4570616781,nan,0.0006482556,31.8825371358,nan,nan,nan,nan,nan,nan,nan
2573,45.5263157895,0.2543089428,nan,0.0032976287,24.8179824685,nan,nan,nan,nan,nan,nan,nan
2574,45.5263157895,0.1653030860,nan,0.0050065823,23.0045864232,nan,nan,nan,nan,nan,nan,nan
2575,45.5263157895,0.7596492197,nan,0.0000098326,50.0733299200,nan,nan,nan,nan,nan,nan,nan
2576,45.5263157895,0.7921380338,nan,0.0000055286,52.5738698506,nan,nan,nan,nan,nan,nan,nan
2577,45.5263157895,0.4922897021,nan,0.0004438116,33.5280133913,nan,nan,nan,nan,nan,nan,nan
2578,45.5263157895,0.5047101131,nan,0.0003856767,34.1377664570,nan,nan,nan,nan,nan,nan,nan
2579,45.5263157895,0.3262977371,nan,0.0020615536,26.8580537122,nan,nan,nan,nan,nan,nan,nan
2580,45.5263157895,0.3204354269,nan,0.0021514521,26.6726832578,nan,nan,nan,nan,nan,nan,nan
2581,45.5263157895,0.2737639824,nan,0.0029385754,25.3186315810,nan,nan,nan,nan,nan,nan,nan
2582,45.5263157895,0.4322786658,nan,0.0008319027,30.7992749139,nan,nan,nan,nan,nan,nan,nan
2583,45.5263157895,0.0926613971,nan,0.0061633091,22.1018604843,nan,nan,nan,nan,nan,nan,nan
2584,45.5263157895,0.3822891631,nan,0.0013180115,28.8008079178,nan,nan,nan,nan,nan,nan,nan
2585,45.5263157895,0.4673709872,nan,0.0005819380,32.3512324745,nan,nan,nan,nan,nan,nan,nan
2586,45.5263157895,0.5036006977,nan,0.0003906003,34.0826740705,nan,nan,nan,nan,nan,nan,nan
2587,45.5263157895,0.2375882281,nan,0.0036160633,24.4176397230,nan,nan,nan,nan,nan,nan,nan
2588,45.5263157895,0.2147169093,nan,0.0040599449,23.9147985812,nan,nan,nan,nan,nan,nan,nan
2589,45.5263157895,0.5875619281,nan,0.0001380192,38.6006052863,nan,nan,nan,nan,nan,nan,nan
2590,45.5263157895,0.6128628711,nan,0.0000977083,40.1006862275,nan,nan,nan,nan,nan,nan,nan
2591,45.5263157895,0.6519649810,nan,0.0000556480,42.5455051604,nan,nan,nan,nan,nan,nan,nan
2592,45.5263157895,0.3350307160,nan,0.0019317317,27.1405319147,nan,nan,nan,nan,nan,nan,nan
2593,45.5263157895,0.0073872486,nan,0.0067664605,21.6963844966,nan,nan,nan,nan,nan,nan,nan
2594,45.5263157895,0.3936388806,nan,0.0011932536,29.2326726317,nan,nan,nan,nan,nan,nan,nan
2595,45.5263157895,0.7059985057,nan,0.0000241163,46.1768895770,nan,nan,nan,nan,nan,nan,nan
2596,45.5263157895,0.7690855007,nan,0.0000083394,50.7886392499,nan,nan,nan,nan,nan,nan,nan
2597,45.5263157895,0.7616333589,nan,0.0000094995,50.2229907518,nan,nan,nan,nan,nan,nan,nan
2598,45.5263157895,0.2497400781,nan,0.0033838853,24.7058436346,nan,nan,nan,nan,nan,nan,nan
2599,45.5263157895,0.3584396043,nan,0.0016087409,27.9351390474,nan,nan,nan,nan,nan,nan,nan
2600,45.5263157895,0.2544662357,nan,0.0032946707,24.8218798793,nan,nan,nan,nan,nan,nan,nan
2601,45.5263157895,0.1198751392,nan,0.0057815431,22.3795622882,nan,nan,nan,nan,nan,nan,nan
2602,45.5263157895,0.8952263227,nan,0.0000007563,61.2133031419,nan,nan,nan,nan,nan,nan,nan
2603,45.5263157895,0.4292527758,nan,0.0008567979,30.6712162235,nan,nan,nan,nan,nan,nan,nan
2604,45.5263157895,0.8755923403,nan,0.0000011259,59.4851258094,nan,nan,nan,nan,nan,nan,nan
2605,45.5263157895,0.3307278992,nan,0.0019950764,27.0004047727,nan,nan,nan,nan,nan,nan,nan
2606,45.5263157895,0.4667737000,nan,0.0005856272,32.3237878511,nan,nan,nan,nan,nan,nan,nan
2607,45.5263157895,0.5314213594,nan,0.0002817457,35.5014267952,nan,nan,nan,nan,nan,nan,nan
2608,45.5263157895,0.0858824815,nan,0.0062460910,22.0439169084,nan,nan,nan,nan,nan,nan,nan
2609,45.5263157895,0.3624568846,nan,0.0015570455,28.0769870339,nan,nan,nan,nan,nan,nan,nan
2610,45.5263157895,0.6983690133,nan,0.0000272500,45.6463299423,nan,nan,nan,nan,nan,nan,nan
2611,45.5263157895,0.5553598209,nan,0.0002096876,36.7842728321,nan,nan,nan,nan,nan,nan,nan
2612,45.5263157895,0.7994517882,nan,0.0000048401,53.1514586775,nan,nan,nan,nan,nan,nan,nan
2613,45.5263157895,0.7799479025,nan,0.0000068815,51.6231680087,nan,nan,nan,nan,nan,nan,nan
2614,45.5263157895,0.4074587978,nan,0.0010529623,29.7758718402,nan,nan,nan,nan,nan,nan,nan
2615,45.5263157895,0.7860809595,nan,0.0000061665,52.0996088068,nan,nan,nan,nan,nan,nan,nan
2616,45.5263157895,0.3960574372,nan,0.0011677879,29.3263602842,nan,nan,nan,nan,nan,nan,nan
2617,45.5263157895,0.3249666361,nan,0.0020817743,26.8156636127,nan,nan,nan,nan,nan,nan,nan
2618,45.5263157895,0.0665600471,nan,0.0064516982,21.9032595692,nan,nan,nan,nan,nan,nan,nan
2619,45.5263157895,0.1979638978,nan,0.0043860699,23.5792445176,nan,nan,nan,nan,nan,nan,nan
2620,45.5263157895,0.2923501344,nan,0.0026109830,25.8319596030,nan,nan,nan,nan,nan,nan,nan
2621,45.5263157895,0.4837029194,nan,0.0004880350,33.1154900747,nan,nan,nan,nan,nan,nan,nan
2622,45.5263157895,0.4072300388,nan,0.0010551822,29.7667252910,nan,nan,nan,nan,nan,nan,nan
2623,45.5263157895,0.8145012842,nan,0.0000036670,54.3569368985,nan,nan,nan,nan,nan,nan,nan
2624,45.5263157895,0.5892126337,nan,0.0001350046,38.6965153062,nan,nan,nan,nan,nan,nan,nan
2625,45.5263157895,0.2072222010,nan,0.0042060453,23.7612605557,nan,nan,nan,nan,nan,nan,nan
2626,45.5263157895,0.4886082833,nan,0.0004623546,33.3502484483,nan,nan,nan,nan,nan,nan,nan
2627,45.5263157895,0.4204351872,nan,0.0009325540,30.3032602792,nan,nan,nan,nan,nan,nan,nan
2628,45.5263157895,0.2312264199,nan,0.0037388826,24.2725816938,nan,nan,nan,nan,nan,nan,nan
2629,45.5263157895,0.9071674324,nan,0.0000005911,62.2834064333,nan,nan,nan,nan,nan,nan,nan
2630,45.5263157895,0.2009865492,nan,0.0043273899,23.6377396797,nan,nan,nan,nan,nan,nan,nan
2631,45.5263157895,0.6138938166,nan,0.0000963125,40.1631733979,nan,nan,nan,nan,nan,nan,nan
2632,45.5263157895,0.1321364288,nan,0.0055868504,22.5283295585,nan,nan,nan,nan,nan,nan,nan
2633,45.5263157895,0.9430626913,nan,0.0000002763,65.5869554526,nan,nan,nan,nan,nan,nan,nan
2634,45.5263157895,0.2044658908,nan,0.0042597211,23.7061883215,nan,nan,nan,nan,nan,nan,nan
2635,45.5263157895,0.7958899763,nan,0.0000051648,52.8694979063,nan,nan,nan,nan,nan,nan,nan
2636,45.5263157895,0.6348005653,nan,0.0000715583,41.4533990987,nan,nan,nan,nan,nan,nan,nan
2637,45.5263157895,0.9238591157,nan,0.0000004165,63.8033875321,nan,nan,nan,nan,nan,nan,nan
2638,45.5263157895,0.3584015647,nan,0.0016092356,27.9338035676,nan,nan,nan,nan,nan,nan,nan
2639,45.5263157895,1.1951578733,nan,0.0000000006,92.4638740739,nan,nan,nan,nan,nan,nan,nan
2640,45.5263157895,0.6592813944,nan,0.0000498882,43.0200231476,nan,nan,nan,nan,nan,nan,nan
2641,45.5263157895,0.5320085533,nan,0.0002797559,35.5322070101,nan,nan,nan,nan,nan,nan,nan
2642,45.5263157895,0.6001498103,nan,0.0001164421,39.3389015520,nan,nan,nan,nan,nan,nan,nan
2643,45.5263157895,0.5838520768,nan,0.0001450090,38.3860518196,nan,nan,nan,nan,nan,nan,nan
2644,45.5263157895,0.7817422802,nan,0.0000066647,51.7621700549,nan,nan,nan,nan,nan,nan,nan
2645,45.5263157895,0.2047820475,nan,0.0042535670,23.7124672129,nan,nan,nan,nan,nan,nan,nan
2646,45.5263157895,0.4701317262,nan,0.0005651258,32.4785485688,nan,nan,nan,nan,nan,nan,nan
2647,45.5263157895,0.2580407173,nan,0.0032276699,24.9111088793,nan,nan,nan,nan,nan,nan,nan
2648,45.5263157895,0.8126170687,nan,0.0000037977,54.2047581981,nan,nan,nan,nan,nan,nan,nan
2649,45.5263157895,0.8166894682,nan,0.0000035204,54.5341151862,nan,nan,nan,nan,nan,nan,nan
2650,45.5263157895,0.6048274376,nan,0.0001092118,39.6173045311,nan,nan,nan,nan,nan,nan,nan
2651,45.5263157895,0.6324089760,nan,0.0000740699,41.3035816637,nan,nan,nan,nan,nan,nan,nan
2652,45.5263157895,0.3102133162,nan,0.0023133315,26.3576213331,nan,nan,nan,nan,nan,nan,nan
2653,45.5263157895,0.8585749259,nan,0.0000015781,58.0187621331,nan,nan,nan,nan,nan,nan,nan
2654,45.5263157895,0.5407576051,nan,0.0002514828,35.9949176502,nan,nan,nan,nan,nan,nan,nan
2655,45.5263157895,0.7596442353,nan,0.0000098334,50.0729544580,nan,nan,nan,nan,nan,nan,nan
2656,45.5263157895,0.3546252102,nan,0.0016588450,27.8019418557,nan,nan,nan,nan,nan,nan,nan
2657,45.5263157895,1.0360849132,nan,0.0000000335,74.7547264413,nan,nan,nan,nan,nan,nan,nan
2658,45.5263157895,0.1299544364,nan,0.0056224048,22.5007789084,nan,nan,nan,nan,nan,nan,nan
2659,45.5263157895,0.7657953755,nan,0.0000088344,50.5382149517,nan,nan,nan,nan,nan,nan,nan
2660,45.5263157895,0.8907601408,nan,0.0000008286,60.8167687412,nan,nan,nan,nan,nan,nan,nan
2661,45.5263157895,0.7861161781,nan,0.0000061626,52.1023556801,nan,nan,nan,nan,nan,nan,nan
2662,45.5263157895,0.6207845599,nan,0.0000874264,40.5835731133,nan,nan,nan,nan,nan,nan,nan
2663,45.5263157895,0.6993417722,nan,0.0000268309,45.7136503137,nan,nan,nan,nan,nan,nan,nan
2664,45.5263157895,0.2776932800,nan,0.0028679403,25.4242988788,nan,nan,nan,nan,nan,nan,nan
2665,45.5263157895,0.9551989884,nan,0.0000002122,66.7333706923,nan,nan,nan,nan,nan,nan,nan
2666,45.5263157895,0.6759645722,nan,0.0000387064,44.1221694796,nan,nan,nan,nan,nan,nan,nan
2667,45.5263157895,0.7041953405,nan,0.0000248258,46.0509676100,nan,nan,nan,nan,nan,nan,nan
2668,45.5263157895,0.5832144915,nan,0.0001462407,38.3493171512,nan,nan,nan,nan,nan,nan,nan
2669,45.5263157895,0.6160612193,nan,0.0000934353,40.2948910812,nan,nan,nan,nan,nan,nan,nan
2670,45.5263157895,0.6999503008,nan,0.0000265717,45.7558123350,nan,nan,nan,nan,nan,nan,nan
2671,45.5263157895,0.1078317201,nan,0.0059597085,22.2477498539,nan,nan,nan,nan,nan,nan,nan
2672,45.5263157895,0.4383891413,nan,0.0007833099,31.0606639153,nan,nan,nan,nan,nan,nan,nan
2673,45.5263157895,0.4853055116,nan,0.0004795213,33.1919213192,nan,nan,nan,nan,nan,nan,nan
2674,45.5263157895,0.7128790212,nan,0.0000215755,46.6603898489,nan,nan,nan,nan,nan,nan,nan
2675,45.5263157895,0.4962721579,nan,0.0004244395,33.7218416872,nan,nan,nan,nan,nan,nan,nan
2676,45.5263157895,0.1265270457,nan,0.0056774791,22.4584445761,nan,nan,nan,nan,nan,nan,nan
2677,45.5263157895,0.1256905416,nan,0.0056907737,22.4482868336,nan,nan,nan,nan,nan,nan,nan
2678,45.5263157895,0.6135689335,nan,0.0000967504,40.1434702214,nan,nan,nan,nan,nan,nan,nan
2679,45.5263157895,0.5663319186,nan,0.0001823282,37.3914614680,nan,nan,nan,nan,nan,nan,nan
2680,45.5263157895,0.8750312901,nan,0.0000011386,59.4363146984,nan,nan,nan,nan,nan,nan,nan
2681,45.5263157895,0.6608652482,nan,0.0000487141,43.1234552769,nan,nan,nan,nan,nan,nan,nan
2682,45.5263157895,0.7876293403,nan,0.0000059972,52.2204929929,nan,nan,nan,nan,nan,nan,nan
2683,45.5263157895,0.4534720483,nan,0.0006726925,31.7218342489,nan,nan,nan,nan,nan,nan,nan
2684,45.5263157895,0.9163010168,nan,0.0000004885,63.1116411698,nan,nan,nan,nan,nan,nan,nan
2685,45.5263157895,0.6259538731,nan,0.0000812441,40.9020806902,nan,nan,nan,nan,nan,nan,nan
2686,45.5263157895,0.8165728774,nan,0.0000035280,54.5246625928,nan,nan,nan,nan,nan,nan,nan
2687,45.5263157895,0.8005201512,nan,0.0000047465,53.2362820947,nan,nan,nan,nan,nan,nan,nan
2688,45.5263157895,0.3402806425,nan,0.0018560956,27.3139966401,nan,nan,nan,nan,nan,nan,nan
2689,45.5263157895,0.8974185870,nan,0.0000007230,61.4086830617,nan,nan,nan,nan,nan,nan,nan
2690,45.5263157895,0.4734577613,nan,0.0005453877,32.6329464607,nan,nan,nan,nan,nan,nan,nan
2691,45.5263157895,0.2380280812,nan,0.0036075994,24.4278168816,nan,nan,nan,nan,nan,nan,nan
2692,45.5263157895,0.7661037121,nan,0.0000087869,50.5616373144,nan,nan,nan,nan,nan,nan,nan
2693,45.5263157895,0.6562305328,nan,0.0000522216,42.8215002995,nan,nan,nan,nan,nan,nan,nan
2694,45.5263157895,0.8330573290,nan,0.0000025854,55.8747535667,nan,nan,nan,nan,nan,nan,nan
2695,45.5263157895,0.7371110795,nan,0.0000144505,48.4011568798,nan,nan,nan,nan,nan,nan,nan
2696,45.5263157895,0.1844999056,nan,0.0046455539,23.3296249786,nan,nan,nan,nan,nan,nan,nan
2697,45.5263157895,0.5148754980,nan,0.0003429015,34.6483062761,nan,nan,nan,nan,nan,nan,nan
2698,45.5263157895,0.7371307694,nan,0.0000144458,48.4025954042,nan,nan,nan,nan,nan,nan,nan
2699,45.5263157895,0.2963410534,nan,0.0025429317,25.9466530635,nan,nan,nan,nan,nan,nan,nan
2700,45.5263157895,0.7087795505,nan,0.0000230582,46.3717423294,nan,nan,nan,nan,nan,nan,nan
2701,45.5263157895,1.2215497872,nan,0.0000000003,95.6503527135,nan,nan,nan,nan,nan,nan,nan
2702,45.5263157895,0.5022918659,nan,0.0003964754,34.0178373108,nan,nan,nan,nan,nan,nan,nan
2703,45.5263157895,0.5390751940,nan,0.0002567235,35.9053443303,nan,nan,nan,nan,nan,nan,nan
2704,45.5263157895,0.8474067181,nan,0.0000019623,57.0723104707,nan,nan,nan,nan,nan,nan,nan
2705,45.5263157895,0.2998478337,nan,0.0024838549,26.0487377459,nan,nan,nan,nan,nan,nan,nan
2706,45.5263157895,0.9104786482,nan,0.0000005517,62.5826935324,nan,nan,nan,nan,nan,nan,nan
2707,45.5263157895,0.7120354786,nan,0.0000218733,46.6008569822,nan,nan,nan,nan,nan,nan,nan
2708,45.5263157895,0.9621976937,nan,0.0000001819,67.4012540127,nan,nan,nan,nan,nan,nan,nan
2709,45.5263157895,0.8743895310,nan,0.0000011533,59.3805209457,nan,nan,nan,nan,nan,nan,nan
2710,45.5263157895,0.8526585578,nan,0.0000017718,57.5158097542,nan,nan,nan,nan,nan,nan,nan
2711,45.5263157895,0.7649794677,nan,0.0000089613,50.4762818664,nan,nan,nan,nan,nan,nan,nan
2712,45.5263157895,0.1404734402,nan,0.0054476708,22.6378914274,nan,nan,nan,nan,nan,nan,nan
2713,45.5263157895,0.6247963166,nan,0.0000825938,40.8305245103,nan,nan,nan,nan,nan,nan,nan
2714,45.5263157895,0.6915894119,nan,0.0000303404,45.1797882682,nan,nan,nan,nan,nan,nan,nan
2715,45.5263157895,1.1114501557,nan,0.0000000052,82.8250215042,nan,nan,nan,nan,nan,nan,nan
2716,45.5263157895,0.2869258521,nan,0.0027048259,25.6786068860,nan,nan,nan,nan,nan,nan,nan
2717,45.5263157895,0.5920663922,nan,0.0001299281,38.8629707234,nan,nan,nan,nan,nan,nan,nan
2718,45.5263157895,0.9929960234,nan,0.0000000912,70.3992214361,nan,nan,nan,nan,nan,nan,nan
2719,45.5263157895,0.5308388602,nan,0.0002837313,35.4709268066,nan,nan,nan,nan,nan,nan,nan
2720,45.5263157895,0.9580122223,nan,0.0000001995,67.0012407212,nan,nan,nan,nan,nan,nan,nan
2721,45.5263157895,0.6775844281,nan,0.0000377514,44.2306735810,nan,nan,nan,nan,nan,nan,nan
2722,45.5263157895,0.9553475790,nan,0.0000002115,66.7474991346,nan,nan,nan,nan,nan,nan,nan
2723,45.5263157895,0.3595657530,nan,0.0015941381,27.9747406670,nan,nan,nan,nan,nan,nan,nan
2724,45.5263157895,0.9982163186,nan,0.0000000810,70.9168902947,nan,nan,nan,nan,nan,nan,nan
2725,45.5263157895,0.3478374165,nan,0.0017504527,27.5684961115,nan,nan,nan,nan,nan,nan,nan
2726,45.5263157895,0.4864008650,nan,0.0004737717,33.2443090293,nan,nan,nan,nan,nan,nan,nan
2727,45.5263157895,1.0053984291,nan,0.0000000686,71.6336108323,nan,nan,nan,nan,nan,nan,nan
2728,45.5263157895,0.3618446443,nan,0.0015648527,28.0552653789,nan,nan,nan,nan,nan,nan,nan
2729,45.5263157895,0.9189126559,nan,0.0000004624,63.3500154216,nan,nan,nan,nan,nan,nan,nan
2730,45.5263157895,0.6395661251,nan,0.0000667783,41.7536440322,nan,nan,nan,nan,nan,nan,nan
2731,45.5263157895,0.9167116147,nan,0.0000004843,63.1490723216,nan,nan,nan,nan,nan,nan,nan
2732,45.5263157895,0.1428160089,nan,0.0054076644,22.6699026511,nan,nan,nan,nan,nan,nan,nan
2733,45.5263157895,0.2020439927,nan,0.0043068363,23.6584163368,nan,nan,nan,nan,nan,nan,nan
2734,45.5263157895,0.8988567126,nan,0.0000007019,61.5371161253,nan,nan,nan,nan,nan,nan,nan
2735,45.5263157895,0.2453265446,nan,0.0034677845,24.5994790051,nan,nan,nan,nan,nan,nan,nan
2736,45.5263157895,0.7936374837,nan,0.0000053804,52.6918461865,nan,nan,nan,nan,nan,nan,nan
2737,45.5263157895,0.8834605218,nan,0.0000009609,60.1730040455,nan,nan,nan,nan,nan,nan,nan
2738,45.5263157895,0.4318926244,nan,0.0008350479,30.7828863766,nan,nan,nan,nan,nan,nan,nan
2739,45.5263157895,0.5068255517,nan,0.0003764299,34.2431583635,nan,nan,nan,nan,nan,nan,nan
2740,45.5263157895,0.2140633819,nan,0.0040726870,23.9011896509,nan,nan,nan,nan,nan,nan,nan
2741,45.5263157895,0.3882860108,nan,0.0012510100,29.0273922441,nan,nan,nan,nan,nan,nan,nan
2742,45.5263157895,0.0746816322,nan,0.0063709380,21.9579662392,nan,nan,nan,nan,nan,nan,nan
2743,45.5263157895,0.5799260929,nan,0.0001527389,38.1605028428,nan,nan,nan,nan,nan,nan,nan
2744,45.5263157895,0.4465989034,nan,0.0007214851,31.4177260423,nan,nan,nan,nan,nan,nan,nan
2745,45.5263157895,0.5396549926,nan,0.0002549071,35.9361813749,nan,nan,nan,nan,nan,nan,nan
2746,45.5263157895,0.9134432425,nan,0.0000005186,62.8515912975,nan,nan,nan,nan,nan,nan,nan
2747,45.5263157895,0.8440933056,nan,0.0000020922,56.7939372350,nan,nan,nan,nan,nan,nan,nan
2748,45.5263157895,0.4705615630,nan,0.0005625434,32.4984397819,nan,nan,nan,nan,nan,nan,nan
2749,45.5263157895,0.1101738821,nan,0.0059261488,22.2722744791,nan,nan,nan,nan,nan,nan,nan
2750,45.5263157895,0.4544790275,nan,0.0006657658,31.7667853896,nan,nan,nan,nan,nan,nan,nan
2751,45.5263157895,0.0691701176,nan,0.0064266645,21.9201437023,nan,nan,nan,nan,nan,nan,nan
2752,45.5263157895,0.2420675371,nan,0.0035300633,24.5221750518,nan,nan,nan,nan,nan,nan,nan
2753,45.5263157895,0.6602051219,nan,0.0000492004,43.0803156677,nan,nan,nan,nan,nan,nan,nan
2754,45.5263157895,0.0611002801,nan,0.0065011858,21.8700742253,nan,nan,nan,nan,nan,nan,nan
2755,45.5263157895,0.8984256740,nan,0.0000007082,61.4985999049,nan,nan,nan,nan,nan,nan,nan
2756,45.5263157895,0.9131800675,nan,0.0000005215,62.8276845806,nan,nan,nan,nan,nan,nan,nan
2757,45.5263157895,0.5591727746,nan,0.0001998062,36.9939104157,nan,nan,nan,nan,nan,nan,nan
2758,45.5263157895,0.4473021465,nan,0.0007163702,31.4486248611,nan,nan,nan,nan,nan,nan,nan
2759,45.5263157895,0.8802796310,nan,0.0000010247,59.8941605194,nan,nan,nan,nan,nan,nan,nan
2760,45.5263157895,0.3364849297,nan,0.0019105981,27.1883066303,nan,nan,nan,nan,nan,nan,nan
2761,45.5263157895,0.8828983397,nan,0.0000009719,60.1236476201,nan,nan,nan,nan,nan,nan,nan
2762,45.5263157895,0.3772199683,nan,0.0013765534,28.6120692088,nan,nan,nan,nan,nan,nan,nan
2763,45.5263157895,0.3905856567,nan,0.0012259612,29.1152327343,nan,nan,nan,nan,nan,nan,nan
2764,45.5263157895,0.2490220636,nan,0.0033974976,24.6884084477,nan,nan,nan,nan,nan,nan,nan
2765,45.5263157895,0.4278649605,nan,0.0008684027,30.6127883033,nan,nan,nan,nan,nan,nan,nan
2766,45.5263157895,0.5111790622,nan,0.0003579759,34.4614616681,nan,nan,nan,nan,nan,nan,nan
2767,45.5263157895,0.4745747336,nan,0.0005388842,32.6850455889,nan,nan,nan,nan,nan,nan,nan
2768,45.5263157895,0.5044493514,nan,0.0003868293,34.1248062290,nan,nan,nan,nan,nan,nan,nan
2769,45.5263157895,0.4318781476,nan,0.0008351660,30.7822720834,nan,nan,nan,nan,nan,nan,nan
2770,45.5263157895,0.3644983356,nan,0.0015311984,28.1496853287,nan,nan,nan,nan,nan,nan,nan
2771,45.5263157895,0.5092748934,nan,0.0003659531,34.3657451484,nan,nan,nan,nan,nan,nan,nan
2772,45.5263157895,0.4601095517,nan,0.0006280587,32.0199973357,nan,nan,nan,nan,nan,nan,nan
2773,45.5263157895,0.1692910252,nan,0.0049327301,23.0691265019,nan,nan,nan,nan,nan,nan,nan
2774,45.5263157895,0.5225754031,nan,0.0003131909,35.0419092994,nan,nan,nan,nan,nan,nan,nan
2775,45.5263157895,0.7382672238,nan,0.0000141720,48.4856893944,nan,nan,nan,nan,nan,nan,nan
2776,45.5263157895,0.6047753845,nan,0.0001092900,39.6141943450,nan,nan,nan,nan,nan,nan,nan
2777,45.5263157895,0.5650784366,nan,0.0001852898,37.3214837289,nan,nan,nan,nan,nan,nan,nan
2778,45.5263157895,0.0740097904,nan,0.0063779365,21.9531980776,nan,nan,nan,nan,nan,nan,nan
2779,45.5263157895,0.5428347473,nan,0.0002451377,36.1058981995,nan,nan,nan,nan,nan,nan,nan
2780,45.5263157895,0.6668752920,nan,0.0000444812,43.5182304479,nan,nan,nan,nan,nan,nan,nan
2781,45.5263157895,0.1833987816,nan,0.0046665934,23.3100003506,nan,nan,nan,nan,nan,nan,nan
2782,45.5263157895,0.6954862069,nan,0.0000285274,45.4473828984,nan,nan,nan,nan,nan,nan,nan
2783,45.5263157895,0.1325162491,nan,0.0055806233,22.5331729575,nan,nan,nan,nan,nan,nan,nan
2784,45.5263157895,0.2611911671,nan,0.0031689823,24.9908017998,nan,nan,nan,nan,nan,nan,nan
2785,45.5263157895,0.3651097610,nan,0.0015235126,28.1715396115,nan,nan,nan,nan,nan,nan,nan
2786,45.5263157895,0.5157782209,nan,0.0003393013,34.6941443060,nan,nan,nan,nan,nan,nan,nan
2787,45.5263157895,0.4282296720,nan,0.0008653416,30.6281242641,nan,nan,nan,nan,nan,nan,nan
2788,45.5263157895,0.5110260110,nan,0.0003586117,34.4537548533,nan,nan,nan,nan,nan,nan,nan
2789,45.5263157895,0.3722706856,nan,0.0014354017,28.4302653422,nan,nan,nan,nan,nan,nan,nan
2790,45.5263157895,0.5191897828,nan,0.0003259784,34.8681119967,nan,nan,nan,nan,nan,nan,nan
2791,45.5263157895,0.8412745857,nan,0.0000022090,56.5579976593,nan,nan,nan,nan,nan,nan,nan
2792,45.5263157895,0.4545082645,nan,0.0006655655,31.7680920315,nan,nan,nan,nan,nan,nan,nan
2793,45.5263157895,0.3740457502,nan,0.0014141033,28.4951887940,nan,nan,nan,nan,nan,nan,nan
2794,45.5263157895,0.3682793003,nan,0.0014840804,28.2854257357,nan,nan,nan,nan,nan,nan,nan
2795,45.5263157895,0.2376780522,nan,0.0036143346,24.4197164845,nan,nan,nan,nan,nan,nan,nan
2796,45.5263157895,0.3145978820,nan,0.0022431125,26.4914893553,nan,nan,nan,nan,nan,nan,nan
2797,45.5263157895,0.2204828669,nan,0.0039475759,24.0366950994,nan,nan,nan,nan,nan,nan,nan
2798,45.5263157895,0.3488286656,nan,0.0017368802,27.6023012367,nan,nan,nan,nan,nan,nan,nan
2799,45.5263157895,0.6262570532,nan,0.0000808939,40.9208444945,nan,nan,nan,nan,nan,nan,nan
2800,45.5263157895,0.6843994618,nan,0.0000339620,44.6900619031,nan,nan,nan,nan,nan,nan,nan
2801,45.5263157895,0.4173446757,nan,0.0009602558,30.1761307674,nan,nan,nan,nan,nan,nan,nan
2802,45.5263157895,0.5266937196,nan,0.0002982039,35.2548666215,nan,nan,nan,nan,nan,nan,nan
2803,45.5263157895,0.4301705650,nan,0.0008491880,30.7099613798,nan,nan,nan,nan,nan,nan,nan
2804,45.5263157895,0.5218879057,nan,0.0003157531,35.0065244340,nan,nan,nan,nan,nan,nan,nan
2805,45.5263157895,0.6271705851,nan,0.0000798465,40.9774387746,nan,nan,nan,nan,nan,nan,nan
2806,45.5263157895,0.5107747701,nan,0.0003596575,34.4411088273,nan,nan,nan,nan,nan,nan,nan
2807,45.5263157895,0.8100154741,nan,0.0000039854,53.9952291104,nan,nan,nan,nan,nan,nan,nan
2808,45.5263157895,0.7536437543,nan,0.0000109075,49.6227639505,nan,nan,nan,nan,nan,nan,nan
2809,45.5263157895,0.3949440923,nan,0.0011794621,29.2831601810,nan,nan,nan,nan,nan,nan,nan
2810,45.5263157895,0.4744384745,nan,0.0005396742,32.6786833490,nan,nan,nan,nan,nan,nan,nan
2811,45.5263157895,0.1098390290,nan,0.0059309800,22.2687354401,nan,nan,nan,nan,nan,nan,nan
2812,45.5263157895,0.8001848218,nan,0.0000047757,53.2096459931,nan,nan,nan,nan,nan,nan,nan
2813,45.5263157895,0.4121435112,nan,0.0010082470,29.9643306331,nan,nan,nan,nan,nan,nan,nan
2814,45.5263157895,0.7553464417,nan,0.0000105922,49.7501405896,nan,nan,nan,nan,nan,nan,nan
2815,45.5263157895,0.5437333832,nan,0.0002424351,36.1540458337,nan,nan,nan,nan,nan,nan,nan
2816,45.5263157895,0.4494289297,nan,0.0007010724,31.5423713129,nan,nan,nan,nan,nan,nan,nan
2817,45.5263157895,0.6085486819,nan,0.0001037444,39.8403546180,nan,nan,nan,nan,nan,nan,nan
2818,45.5263157895,0.6539461419,nan,0.0000540323,42.6734652350,nan,nan,nan,nan,nan,nan,nan
2819,45.5263157895,0.7552433455,nan,0.0000106110,49.7424197373,nan,nan,nan,nan,nan,nan,nan
2820,45.5263157895,0.7657936808,nan,0.0000088347,50.5380862411,nan,nan,nan,nan,nan,nan,nan
2821,45.5263157895,0.4363844755,nan,0.0007990061,30.9744989239,nan,nan,nan,nan,nan,nan,nan
2822,45.5263157895,0.2106059390,nan,0.0041400978,23.8298940265,nan,nan,nan,nan,nan,nan,nan
2823,45.5263157895,0.7503908397,nan,0.0000115339,49.3802283085,nan,nan,nan,nan,nan,nan,nan
2824,45.5263157895,0.5425164278,nan,0.0002461012,36.0888625082,nan,nan,nan,nan,nan,nan,nan
2825,45.5263157895,0.7057717073,nan,0.0000242045,46.1610333755,nan,nan,nan,nan,nan,nan,nan
2826,45.5263157895,0.3044463035,nan,0.0024074362,26.1844521281,nan,nan,nan,nan,nan,nan,nan
2827,45.5263157895,0.1808682506,nan,0.0047148157,23.2653527609,nan,nan,nan,nan,nan,nan,nan
2828,45.5263157895,0.7030812999,nan,0.0000252736,45.9733334325,nan,nan,nan,nan,nan,nan,nan
2829,45.5263157895,0.0411174042,nan,0.0066478848,21.7731651417,nan,nan,nan,nan,nan,nan,nan
2830,45.5263157895,0.1506009619,nan,0.0052721156,22.7801507701,nan,nan,nan,nan,nan,nan,nan
2831,45.5263157895,0.5446375259,nan,0.0002397414,36.2025702056,nan,nan,nan,nan,nan,nan,nan
2832,45.5263157895,0.7307007436,nan,0.0000160883,47.9349024297,nan,nan,nan,nan,nan,nan,nan
2833,45.5263157895,0.3856993508,nan,0.0012796115,28.9292185221,nan,nan,nan,nan,nan,nan,nan
2834,45.5263157895,0.6377858947,nan,0.0000685296,41.6412169874,nan,nan,nan,nan,nan,nan,nan
2835,45.5263157895,0.6741737657,nan,0.0000397876,44.0025216657,nan,nan,nan,nan,nan,nan,nan
2836,45.5263157895,0.3869537521,nan,0.0012656847,28.9767445965,nan,nan,nan,nan,nan,nan,nan
2837,45.5263157895,0.2339692260,nan,0.0036858437,24.3346307969,nan,nan,nan,nan,nan,nan,nan
2838,45.5263157895,0.6210693388,nan,0.0000870753,40.6010499166,nan,nan,nan,nan,nan,nan,nan
2839,45.5263157895,0.1680226109,nan,0.0049562943,23.0484291357,nan,nan,nan,nan,nan,nan,nan
2840,45.5263157895,0.5991584394,nan,0.0001180272,39.2801792771,nan,nan,nan,nan,nan,nan,nan
2841,45.5263157895,0.5557537901,nan,0.0002086476,36.8058658676,nan,nan,nan,nan,nan,nan,nan
2842,45.5263157895,1.1947301850,nan,0.0000000006,92.4128186962,nan,nan,nan,nan,nan,nan,nan
2843,45.5263157895,1.1800126090,nan,0.0000000009,90.6672205558,nan,nan,nan,nan,nan,nan,nan
2844,45.5263157895,0.6988058109,nan,0.0000270611,45.6765470057,nan,nan,nan,nan,nan,nan,nan
2845,45.5263157895,0.4661539185,nan,0.0005894748,32.2953473520,nan,nan,nan,nan,nan,nan,nan
2846,45.5263157895,0.7847580080,nan,0.0000063146,51.9965157157,nan,nan,nan,nan,nan,nan,nan
2847,45.5263157895,0.8058260233,nan,0.0000043060,53.6592513107,nan,nan,nan,nan,nan,nan,nan
2848,45.5263157895,0.4016524835,nan,0.0011103678,29.5453312179,nan,nan,nan,nan,nan,nan,nan
2849,45.5263157895,0.1743277294,nan,0.0048385199,23.1528746541,nan,nan,nan,nan,nan,nan,nan
2850,45.5263157895,0.7825049792,nan,0.0000065745,51.8213511040,nan,nan,nan,nan,nan,nan,nan
2851,45.5263157895,0.7051812493,nan,0.0000244356,46.1197768608,nan,nan,nan,nan,nan,nan,nan
2852,45.5263157895,0.3009653157,nan,0.0024651736,26.0815248446,nan,nan,nan,nan,nan,nan,nan
2853,45.5263157895,0.8526779641,nan,0.0000017711,57.5174537142,nan,nan,nan,nan,nan,nan,nan
2854,45.5263157895,0.7092642591,nan,0.0000228782,46.4057829162,nan,nan,nan,nan,nan,nan,nan
2855,45.5263157895,1.3215319277,nan,0.0000000000,108.3637829952,nan,nan,nan,nan,nan,nan,nan
2856,45.5263157895,0.8924844294,nan,0.0000007999,60.9696225404,nan,nan,nan,nan,nan,nan,nan
2857,45.5263157895,0.7473334770,nan,0.0000121528,49.1532449394,nan,nan,nan,nan,nan,nan,nan
2858,45.5263157895,0.1963921357,nan,0.0044165349,23.5491833499,nan,nan,nan,nan,nan,nan,nan
2859,45.5263157895,0.5411406193,nan,0.0002503024,36.0153493656,nan,nan,nan,nan,nan,nan,nan
2860,45.5263157895,1.0593305438,nan,0.0000000191,77.1825301146,nan,nan,nan,nan,nan,nan,nan
2861,45.5263157895,0.2754046859,nan,0.0029089968,25.3625675359,nan,nan,nan,nan,nan,nan,nan
2862,45.5263157895,0.9543445055,nan,0.0000002162,66.6521672031,nan,nan,nan,nan,nan,nan,nan
2863,45.5263157895,1.3422348834,nan,0.0000000000,111.1233205384,nan,nan,nan,nan,nan,nan,nan
2864,45.5263157895,0.5526164733,nan,0.0002170529,36.6343443292,nan,nan,nan,nan,nan,nan,nan
2865,45.5263157895,0.1344351708,nan,0.0055489924,22.5578587355,nan,nan,nan,nan,nan,nan,nan
2866,45.5263157895,0.2303092224,nan,0.0037566451,24.2519983134,nan,nan,nan,nan,nan,nan,nan
2867,45.5263157895,0.1432332763,nan,0.0054004990,22.6756610763,nan,nan,nan,nan,nan,nan,nan
2868,45.5263157895,0.7041203214,nan,0.0000248557,46.0457358251,nan,nan,nan,nan,nan,nan,nan
2869,45.5263157895,0.2301632946,nan,0.0037594723,24.2487311268,nan,nan,nan,nan,nan,nan,nan
2870,45.5263157895,0.9005044686,nan,0.0000006785,61.6845273544,nan,nan,nan,nan,nan,nan,nan
2871,45.5263157895,0.5404739908,nan,0.0002523598,35.9797978463,nan,nan,nan,nan,nan,nan,nan
2872,45.5263157895,0.2035266372,nan,0.0042779994,23.6875928491,nan,nan,nan,nan,nan,nan,nan
2873,45.5263157895,0.8847042405,nan,0.0000009371,60.2823090134,nan,nan,nan,nan,nan,nan,nan
2874,45.5263157895,0.2134511801,nan,0.0040846237,23.8884795241,nan,nan,nan,nan,nan,nan,nan
2875,45.5263157895,0.4627582096,nan,0.0006109129,32.1402068802,nan,nan,nan,nan,nan,nan,nan
2876,45.5263157895,0.4812156991,nan,0.0005014899,32.9973777439,nan,nan,nan,nan,nan,nan,nan
2877,45.5263157895,0.8102106913,nan,0.0000039711,54.0109279555,nan,nan,nan,nan,nan,nan,nan
2878,45.5263157895,0.1862932807,nan,0.0046112187,23.3618427526,nan,nan,nan,nan,nan,nan,nan
2879,45.5263157895,1.3267164217,nan,0.0000000000,109.0507426606,nan,nan,nan,nan,nan,nan,nan
2880,45.5263157895,0.1975185439,nan,0.0043947057,23.5707020532,nan,nan,nan,nan,nan,nan,nan
2881,45.5263157895,0.9339019584,nan,0.0000003364,64.7314835034,nan,nan,nan,nan,nan,nan,nan
2882,45.5263157895,0.3776193306,nan,0.0013718779,28.6268455400,nan,nan,nan,nan,nan,nan,nan
2883,45.5263157895,0.4347776414,nan,0.0008117600,30.9057234144,nan,nan,nan,nan,nan,nan,nan
2884,45.5263157895,0.4668176256,nan,0.0005853552,32.3258049618,nan,nan,nan,nan,nan,nan,nan
2885,45.5263157895,0.6072582948,nan,0.0001056124,39.7628517797,nan,nan,nan,nan,nan,nan,nan
2886,45.5263157895,0.3518891621,nan,0.0016953946,27.7072920717,nan,nan,nan,nan,nan,nan,nan
2887,45.5263157895,0.6102667510,nan,0.0001013024,39.9438042943,nan,nan,nan,nan,nan,nan,nan
2888,45.5263157895,0.6098923213,nan,0.0001018302,39.9212335874,nan,nan,nan,nan,nan,nan,nan
2889,45.5263157895,0.5669664675,nan,0.0001808445,37.4269463097,nan,nan,nan,nan,nan,nan,nan
2890,45.5263157895,0.7844501237,nan,0.0000063496,51.9725486610,nan,nan,nan,nan,nan,nan,nan
2891,45.5263157895,0.3024470865,nan,0.0024405115,26.1251914042,nan,nan,nan,nan,nan,nan,nan
2892,45.5263157895,0.6551472366,nan,0.0000530734,42.7512341999,nan,nan,nan,nan,nan,nan,nan
2893,45.5263157895,0.2877171072,nan,0.0026910421,25.7007950357,nan,nan,nan,nan,nan,nan,nan
2894,45.5263157895,0.7426492831,nan,0.0000131604,48.8073099643,nan,nan,nan,nan,nan,nan,nan
2895,45.5263157895,0.5204957105,nan,0.0003209952,34.9350144190,nan,nan,nan,nan,nan,nan,nan
2896,45.5263157895,0.5663534362,nan,0.0001822777,37.3926641030,nan,nan,nan,nan,nan,nan,nan
2897,45.5263157895,0.5968170095,nan,0.0001218462,39.1418801265,nan,nan,nan,nan,nan,nan,nan
2898,45.5263157895,0.4055274341,nan,0.0010718121,29.6988134699,nan,nan,nan,nan,nan,nan,nan
2899,45.5263157895,0.4549470743,nan,0.0006625653,31.7877133034,nan,nan,nan,nan,nan,nan,nan
2900,45.5263157895,0.0076118366,nan,0.0067662192,21.6965393589,nan,nan,nan,nan,nan,nan,nan
2901,45.5263157895,1.2277898275,nan,0.0000000002,96.4140963495,nan,nan,nan,nan,nan,nan,nan
2902,45.5263157895,0.5780124136,nan,0.0001566346,38.0511220560,nan,nan,nan,nan,nan,nan,nan
2903,45.5263157895,0.3972633961,nan,0.0011552358,29.3732934526,nan,nan,nan,nan,nan,nan,nan
2904,45.5263157895,0.2268731901,nan,0.0038232902,24.1756273882,nan,nan,nan,nan,nan,nan,nan
2905,45.5263157895,0.5457082181,nan,0.0002365844,36.2601390795,nan,nan,nan,nan,nan,nan,nan
2906,45.5263157895,0.7404845002,nan,0.0000136515,48.6481842793,nan,nan,nan,nan,nan,nan,nan
2907,45.5263157895,0.3102781987,nan,0.0023122839,26.3595883831,nan,nan,nan,nan,nan,nan,nan
2908,45.5263157895,0.5401515614,nan,0.0002533601,35.9626185603,nan,nan,nan,nan,nan,nan,nan
2909,45.5263157895,0.4435659189,nan,0.0007438699,31.2850300526,nan,nan,nan,nan,nan,nan,nan
2910,45.5263157895,0.4544618069,nan,0.0006658838,31.7660158143,nan,nan,nan,nan,nan,nan,nan
2911,45.5263157895,0.3063010067,nan,0.0023769585,26.2397840259,nan,nan,nan,nan,nan,nan,nan
2912,45.5263157895,0.6916122380,nan,0.0000303295,45.1813512956,nan,nan,nan,nan,nan,nan,nan
2913,45.5263157895,0.3532263312,nan,0.0016774684,27.7534564924,nan,nan,nan,nan,nan,nan,nan
2914,45.5263157895,0.6766985322,nan,0.0000382710,44.1713002032,nan,nan,nan,nan,nan,nan,nan
2915,45.5263157895,0.2867855694,nan,0.0027072729,25.6746795980,nan,nan,nan,nan,nan,nan,nan
2916,45.5263157895,0.0774648685,nan,0.0063413454,21.9781858912,nan,nan,nan,nan,nan,nan,nan
2917,45.5263157895,0.3141750916,nan,0.0022498327,26.4784976740,nan,nan,nan,nan,nan,nan,nan
2918,45.5263157895,0.8011699547,nan,0.0000046904,53.2879300022,nan,nan,nan,nan,nan,nan,nan
2919,45.5263157895,0.4275594877,nan,0.0008709729,30.5999535217,nan,nan,nan,nan,nan,nan,nan
2920,45.5263157895,0.9135916905,nan,0.0000005170,62.8650793371,nan,nan,nan,nan,nan,nan,nan
2921,45.5263157895,0.1315798537,nan,0.0055959552,22.5212577374,nan,nan,nan,nan,nan,nan,nan
2922,45.5263157895,0.5566371133,nan,0.0002063319,36.8543364489,nan,nan,nan,nan,nan,nan,nan
2923,45.5263157895,1.0383728288,nan,0.0000000317,74.9912503655,nan,nan,nan,nan,nan,nan,nan
2924,45.5263157895,0.0810710141,nan,0.0063015845,22.0055023921,nan,nan,nan,nan,nan,nan,nan
2925,45.5263157895,0.3638005551,nan,0.0015400010,28.1247899225,nan,nan,nan,nan,nan,nan,nan
2926,45.5263157895,0.5577924154,nan,0.0002033364,36.9178494083,nan,nan,nan,nan,nan,nan,nan
2927,45.5263157895,0.4652534035,nan,0.0005951010,32.2540930100,nan,nan,nan,nan,nan,nan,nan
2928,45.5263157895,0.3203818993,nan,0.0021522829,26.6710064098,nan,nan,nan,nan,nan,nan,nan
2929,45.5263157895,0.3725747557,nan,0.0014317380,28.4413645076,nan,nan,nan,nan,nan,nan,nan
2930,45.5263157895,0.7481061727,nan,0.0000119936,49.2105221318,nan,nan,nan,nan,nan,nan,nan
2931,45.5263157895,0.6021716424,nan,0.0001132670,39.4589673761,nan,nan,nan,nan,nan,nan,nan
2932,45.5263157895,1.0771083010,nan,0.0000000124,79.0762130408,nan,nan,nan,nan,nan,nan,nan
2933,45.5263157895,1.0045838494,nan,0.0000000700,71.5520593444,nan,nan,nan,nan,nan,nan,nan
2934,45.5263157895,0.5611578058,nan,0.0001948218,37.1036252197,nan,nan,nan,nan,nan,nan,nan
2935,45.5263157895,0.5394290290,nan,0.0002556137,35.9241593175,nan,nan,nan,nan,nan,nan,nan
2936,45.5263157895,0.6434318921,nan,0.0000631121,41.9988759426,nan,nan,nan,nan,nan,nan,nan
2937,45.5263157895,0.9254346820,nan,0.0000004029,63.9483169251,nan,nan,nan,nan,nan,nan,nan
2938,45.5263157895,0.4155197188,nan,0.0009768979,30.1015080295,nan,nan,nan,nan,nan,nan,nan
2939,45.5263157895,0.3752605114,nan,0.0013996518,28.5397999093,nan,nan,nan,nan,nan,nan,nan
2940,45.5263157895,0.1543422861,nan,0.0052056501,22.8352502523,nan,nan,nan,nan,nan,nan,nan
2941,45.5263157895,0.9550836995,nan,0.0000002127,66.7224102077,nan,nan,nan,nan,nan,nan,nan
2942,45.5263157895,0.2218664831,nan,0.0039206365,24.0664342026,nan,nan,nan,nan,nan,nan,nan
2943,45.5263157895,0.5225701916,nan,0.0003132102,35.0416408900,nan,nan,nan,nan,nan,nan,nan
2944,45.5263157895,0.8179079917,nan,0.0000034411,54.6329890491,nan,nan,nan,nan,nan,nan,nan
2945,45.5263157895,1.5052651893,nan,0.0000000000,134.3783978805,nan,nan,nan,nan,nan,nan,nan
2946,45.5263157895,0.8045791088,nan,0.0000044060,53.5595955118,nan,nan,nan,nan,nan,nan,nan
2947,45.5263157895,0.4227543123,nan,0.0009121611,30.3992845882,nan,nan,nan,nan,nan,nan,nan
2948,45.5263157895,0.9905724424,nan,0.0000000964,70.1598254853,nan,nan,nan,nan,nan,nan,nan
2949,45.5263157895,0.3119549064,nan,0.0022853008,26.4105663458,nan,nan,nan,nan,nan,nan,nan
2950,45.5263157895,1.0563448615,nan,0.0000000206,76.8676371397,nan,nan,nan,nan,nan,nan,nan
2951,45.5263157895,0.3566851409,nan,0.0016316635,27.8736939686,nan,nan,nan,nan,nan,nan,nan
2952,45.5263157895,0.5703877034,nan,0.0001730230,37.6189624120,nan,nan,nan,nan,nan,nan,nan
2953,45.5263157895,0.6579292522,nan,0.0000509105,42.9319223228,nan,nan,nan,nan,nan,nan,nan
2954,45.5263157895,0.2642054565,nan,0.0031131707,25.0679706357,nan,nan,nan,nan,nan,nan,nan
2955,45.5263157895,1.1991443770,nan,0.0000000005,92.9406571343,nan,nan,nan,nan,nan,nan,nan
2956,45.5263157895,0.7581876838,nan,0.0000100848,49.9633421015,nan,nan,nan,nan,nan,nan,nan
2957,45.5263157895,0.0974074758,nan,0.0061022628,22.1450909235,nan,nan,nan,nan,nan,nan,nan
2958,45.5263157895,0.6040696831,nan,0.0001103556,39.5720553874,nan,nan,nan,nan,nan,nan,nan
2959,45.5263157895,0.5700040738,nan,0.0001738852,37.5973728395,nan,nan,nan,nan,nan,nan,nan
2960,45.5263157895,0.2739062292,nan,0.0029360063,25.3224302057,nan,nan,nan,nan,nan,nan,nan
2961,45.5263157895,1.4244979144,nan,0.0000000000,122.5192624794,nan,nan,nan,nan,nan,nan,nan
2962,45.5263157895,0.6091567898,nan,0.0001028742,39.8769365780,nan,nan,nan,nan,nan,nan,nan
2963,45.5263157895,0.8300601349,nan,0.0000027370,55.6272408707,nan,nan,nan,nan,nan,nan,nan
2964,45.5263157895,1.0981623156,nan,0.0000000073,81.3603182200,nan,nan,nan,nan,nan,nan,nan
2965,45.5263157895,0.2337062012,nan,0.0036909246,24.3286482834,nan,nan,nan,nan,nan,nan,nan
2966,45.5263157895,0.2398796533,nan,0.0035720147,24.4708676636,nan,nan,nan,nan,nan,nan,nan
2967,45.5263157895,0.3808153380,nan,0.0013348517,28.7456697305,nan,nan,nan,nan,nan,nan,nan
2968,45.5263157895,0.7846181030,nan,0.0000063305,51.9856237200,nan,nan,nan,nan,nan,nan,nan
2969,45.5263157895,0.3012907059,nan,0.0024597473,26.0910951483,nan,nan,nan,nan,nan,nan,nan
2970,45.5263157895,0.7270052886,nan,0.0000171080,47.6679950568,nan,nan,nan,nan,nan,nan,nan
2971,45.5263157895,0.3765521939,nan,0.0013843958,28.5873971758,nan,nan,nan,nan,nan,nan,nan
2972,45.5263157895,0.5628603313,nan,0.0001906321,37.1980404365,nan,nan,nan,nan,nan,nan,nan
2973,45.5263157895,0.5165286559,nan,0.0003363325,34.7323116584,nan,nan,nan,nan,nan,nan,nan
2974,45.5263157895,1.1605082221,nan,0.0000000014,88.3877547129,nan,nan,nan,nan,nan,nan,nan
2975,45.5263157895,0.4825564259,nan,0.0004942004,33.0609688675,nan,nan,nan,nan,nan,nan,nan
2976,45.5263157895,0.3887398958,nan,0.0012460378,29.0446877147,nan,nan,nan,nan,nan,nan,nan
2977,45.5263157895,0.6094351058,nan,0.0001024780,39.8936916283,nan,nan,nan,nan,nan,nan,nan
2978,45.5263157895,0.4853296885,nan,0.0004793937,33.1930763372,nan,nan,nan,nan,nan,nan,nan
2979,45.5263157895,0.2703363168,nan,0.0030007485,25.2277039713,nan,nan,nan,nan,nan,nan,nan
2980,45.5263157895,0.8310083269,nan,0.0000026882,55.7054459113,nan,nan,nan,nan,nan,nan,nan
2981,45.5263157895,0.5220209200,nan,0.0003152560,35.0133668661,nan,nan,nan,nan,nan,nan,nan
2982,45.5263157895,1.0433173485,nan,0.0000000282,75.5042244786,nan,nan,nan,nan,nan,nan,nan
2983,45.5263157895,0.3751756705,nan,0.0014006578,28.5366794203,nan,nan,nan,nan,nan,nan,nan
2984,45.5263157895,0.1665357004,nan,0.0049838299,23.0243678727,nan,nan,nan,nan,nan,nan,nan
2985,45.5263157895,0.5681760114,nan,0.0001780452,37.4946975203,nan,nan,nan,nan,nan,nan,nan
2986,45.5263157895,0.4745558594,nan,0.0005389936,32.6841641974,nan,nan,nan,nan,nan,nan,nan
2987,45.5263157895,0.9202711853,nan,0.0000004493,63.4742862215,nan,nan,nan,nan,nan,nan,nan
2988,45.5263157895,0.2856007247,nan,0.0027279807,25.6415871277,nan,nan,nan,nan,nan,nan,nan
2989,45.5263157895,0.3687612768,nan,0.0014781444,28.3028314867,nan,nan,nan,nan,nan,nan,nan
2990,45.5263157895,0.6150038048,nan,0.0000948294,40.2305708022,nan,nan,nan,nan,nan,nan,nan
2991,45.5263157895,0.5640086912,nan,0.0001878500,37.2618880288,nan,nan,nan,nan,nan,nan,nan
2992,45.5263157895,0.9365997700,nan,0.0000003175,64.9825360623,nan,nan,nan,nan,nan,nan,nan
2993,45.5263157895,0.7476283878,nan,0.0000120918,49.1750985334,nan,nan,nan,nan,nan,nan,nan
2994,45.5263157895,0.7761064511,nan,0.0000073677,51.3266801913,nan,nan,nan,nan,nan,nan,nan
2995,45.5263157895,0.4117707515,nan,0.0010117530,29.9492549021,nan,nan,nan,nan,nan,nan,nan
2996,45.5263157895,0.3039009288,nan,0.0024164361,26.1682467889,nan,nan,nan,nan,nan,nan,nan
2997,45.5263157895,0.5367433509,nan,0.0002641397,35.7816636396,nan,nan,nan,nan,nan,nan,nan
2998,45.5263157895,0.3813179256,nan,0.0013290925,28.7644480244,nan,nan,nan,nan,nan,nan,nan
2999,45.5263157895,1.3002049556,nan,0.0000000000,105.5666506078,nan,nan,nan,nan,nan,nan,nan
3000,45.5263157895,1.1325763821,nan,0.0000000030,85.1906087771,nan,nan,nan,nan,nan,nan,nan
3001,45.5263157895,0.7525952127,nan,0.0000111059,49.5444687700,nan,nan,nan,nan,nan,nan,nan
3002,45.5263157895,0.5883741715,nan,0.0001365286,38.6477644341,nan,nan,nan,nan,nan,nan,nan
3003,45.5263157895,0.3662686114,nan,0.0015090156,28.2130627535,nan,nan,nan,nan,nan,nan,nan
3004,45.5263157895,0.3656273321,nan,0.0015170265,28.1900683414,nan,nan,nan,nan,nan,nan,nan
3005,45.5263157895,0.8153607095,nan,0.0000036087,54.4264673586,nan,nan,nan,nan,nan,nan,nan
3006,45.5263157895,0.4897855359,nan,0.0004563576,33.4069470328,nan,nan,nan,nan,nan,nan,nan
3007,45.5263157895,0.0718335116,nan,0.0064002165,21.9380533394,nan,nan,nan,nan,nan,nan,nan
3008,45.5263157895,0.3629272397,nan,0.0015510650,28.0937001021,nan,nan,nan,nan,nan,nan,nan
3009,45.5263157895,0.7532347329,nan,0.0000109845,49.5922089144,nan,nan,nan,nan,nan,nan,nan
3010,45.5263157895,0.8030066920,nan,0.0000045351,53.4341485507,nan,nan,nan,nan,nan,nan,nan
3011,45.5263157895,0.9291093206,nan,0.0000003726,64.2873060745,nan,nan,nan,nan,nan,nan,nan
3012,45.5263157895,0.3309505241,nan,0.0019917693,27.0076096996,nan,nan,nan,nan,nan,nan,nan
3013,45.5263157895,1.1240783520,nan,0.0000000038,84.2336081221,nan,nan,nan,nan,nan,nan,nan
3014,45.5263157895,0.2828909521,nan,0.0027756026,25.5664270930,nan,nan,nan,nan,nan,nan,nan
3015,45.5263157895,0.5250193880,nan,0.0003042228,35.1680823071,nan,nan,nan,nan,nan,nan,nan
3016,45.5263157895,0.4030542888,nan,0.0010963060,29.6006821769,nan,nan,nan,nan,nan,nan,nan
3017,45.5263157895,0.5985201839,nan,0.0001190577,39.2424254468,nan,nan,nan,nan,nan,nan,nan
3018,45.5263157895,0.6889040152,nan,0.0000316499,44.9962702569,nan,nan,nan,nan,nan,nan,nan
3019,45.5263157895,0.7361177783,nan,0.0000146939,48.3286383281,nan,nan,nan,nan,nan,nan,nan
3020,45.5263157895,0.3546169958,nan,0.0016589540,27.8016565730,nan,nan,nan,nan,nan,nan,nan
3021,45.5263157895,0.3032247080,nan,0.0024276191,26.1481944794,nan,nan,nan,nan,nan,nan,nan
3022,45.5263157895,0.4350325110,nan,0.0008097268,30.9166151016,nan,nan,nan,nan,nan,nan,nan
3023,45.5263157895,0.4168826711,nan,0.0009644489,30.1572079165,nan,nan,nan,nan,nan,nan,nan
3024,45.5263157895,0.3899054001,nan,0.0012333338,29.0891937952,nan,nan,nan,nan,nan,nan,nan
3025,45.5263157895,0.7763576517,nan,0.0000073350,51.3460226880,nan,nan,nan,nan,nan,nan,nan
3026,45.5263157895,0.3046281401,nan,0.0024044393,26.1898618099,nan,nan,nan,nan,nan,nan,nan
3027,45.5263157895,0.4856411258,nan,0.0004777536,33.2079600593,nan,nan,nan,nan,nan,nan,nan
3028,45.5263157895,0.6047723868,nan,0.0001092945,39.6140152398,nan,nan,nan,nan,nan,nan,nan
3029,45.5263157895,0.1847167211,nan,0.0046414073,23.3335032104,nan,nan,nan,nan,nan,nan,nan
3030,45.5263157895,0.2961292233,nan,0.0025465220,25.9405256411,nan,nan,nan,nan,nan,nan,nan
3031,45.5263157895,0.6226903136,nan,0.0000851004,40.7006838486,nan,nan,nan,nan,nan,nan,nan
3032,45.5263157895,0.4516935228,nan,0.0006850639,31.6426891398,nan,nan,nan,nan,nan,nan,nan
3033,45.5263157895,0.9223694130,nan,0.0000004299,63.6665872051,nan,nan,nan,nan,nan,nan,nan
3034,45.5263157895,0.9662013789,nan,0.0000001665,67.7855522746,nan,nan,nan,nan,nan,nan,nan
3035,45.5263157895,0.9198761588,nan,0.0000004531,63.4381321312,nan,nan,nan,nan,nan,nan,nan
3036,45.5263157895,0.4165897581,nan,0.0009671143,30.1452217767,nan,nan,nan,nan,nan,nan,nan
3037,45.5263157895,0.3154502516,nan,0.0022295975,26.5177353116,nan,nan,nan,nan,nan,nan,nan
3038,45.5263157895,0.6866098807,nan,0.0000328090,44.8400655729,nan,nan,nan,nan,nan,nan,nan
3039,45.5263157895,0.4876779517,nan,0.0004671389,33.3055401153,nan,nan,nan,nan,nan,nan,nan
3040,45.5263157895,0.5317422104,nan,0.0002806570,35.5182412532,nan,nan,nan,nan,nan,nan,nan
3041,45.5263157895,0.2572961716,nan,0.0032415904,24.8924186393,nan,nan,nan,nan,nan,nan,nan
3042,45.5263157895,0.6611339432,nan,0.0000485174,43.1410271836,nan,nan,nan,nan,nan,nan,nan
3043,45.5263157895,0.7229985325,nan,0.0000182803,47.3801577349,nan,nan,nan,nan,nan,nan,nan
3044,45.5263157895,0.2821610892,nan,0.0027884909,25.5463076201,nan,nan,nan,nan,nan,nan,nan
3045,45.5263157895,0.1442449706,nan,0.0053830775,22.6896936739,nan,nan,nan,nan,nan,nan,nan
3046,45.5263157895,0.2546207783,nan,0.0032917652,24.8257115283,nan,nan,nan,nan,nan,nan,nan
3047,45.5263157895,0.5890720393,nan,0.0001352591,38.6883357741,nan,nan,nan,nan,nan,nan,nan
3048,45.5263157895,0.1623042538,nan,0.0050616444,22.9570837099,nan,nan,nan,nan,nan,nan,nan
3049,45.5263157895,0.5707490233,nan,0.0001722142,37.6393099592,nan,nan,nan,nan,nan,nan,nan
3050,45.5263157895,0.1975006010,nan,0.0043950535,23.5703582945,nan,nan,nan,nan,nan,nan,nan
3051,45.5263157895,0.6078186945,nan,0.0001047975,39.7964897961,nan,nan,nan,nan,nan,nan,nan
3052,45.5263157895,0.3976772022,nan,0.0011509511,29.3894312610,nan,nan,nan,nan,nan,nan,nan
3053,45.5263157895,1.0483379330,nan,0.0000000250,76.0276243057,nan,nan,nan,nan,nan,nan,nan
3054,45.5263157895,1.0573261154,nan,0.0000000201,76.9710280534,nan,nan,nan,nan,nan,nan,nan
3055,45.5263157895,0.3008923086,nan,0.0024663920,26.0793790212,nan,nan,nan,nan,nan,nan,nan
3056,45.5263157895,0.2712859569,nan,0.0029834729,25.2527789997,nan,nan,nan,nan,nan,nan,nan
3057,45.5263157895,0.7565170284,nan,0.0000103803,49.8378806909,nan,nan,nan,nan,nan,nan,nan
3058,45.5263157895,0.3792938319,nan,0.0013523918,28.6889747973,nan,nan,nan,nan,nan,nan,nan
3059,45.5263157895,0.6471147304,nan,0.0000597874,42.2339005669,nan,nan,nan,nan,nan,nan,nan
3060,45.5263157895,0.1767451795,nan,0.0047929651,23.1939573659,nan,nan,nan,nan,nan,nan,nan
3061,45.5263157895,0.5016366323,nan,0.0003994438,33.9854428384,nan,nan,nan,nan,nan,nan,nan
3062,45.5263157895,0.7437509254,nan,0.0000129167,48.8884691360,nan,nan,nan,nan,nan,nan,nan
3063,45.5263157895,0.2898683165,nan,0.0026537300,25.7614325919,nan,nan,nan,nan,nan,nan,nan
3064,45.5263157895,0.3584617930,nan,0.0016084523,27.9359181038,nan,nan,nan,nan,nan,nan,nan
3065,45.5263157895,0.9299751325,nan,0.0000003658,64.3673768515,nan,nan,nan,nan,nan,nan,nan
3066,45.5263157895,0.1182041367,nan,0.0058070736,22.3604266721,nan,nan,nan,nan,nan,nan,nan
3067,45.5263157895,0.8606768460,nan,0.0000015142,58.1982980328,nan,nan,nan,nan,nan,nan,nan
3068,45.5263157895,0.4767739402,nan,0.0005262610,32.7879882457,nan,nan,nan,nan,nan,nan,nan
3069,45.5263157895,0.8981553744,nan,0.0000007121,61.4744563880,nan,nan,nan,nan,nan,nan,nan
3070,45.5263157895,0.8650308408,nan,0.0000013894,58.5716147292,nan,nan,nan,nan,nan,nan,nan
3071,45.5263157895,0.7771334791,nan,0.0000072347,51.4058017223,nan,nan,nan,nan,nan,nan,nan
3072,45.5263157895,0.5336081691,nan,0.0002743953,35.6162327877,nan,nan,nan,nan,nan,nan,nan
3073,45.5263157895,0.6508709631,nan,0.0000565586,42.4750133710,nan,nan,nan,nan,nan,nan,nan
3074,45.5263157895,0.4899686443,nan,0.0004554306,33.4157783210,nan,nan,nan,nan,nan,nan,nan
3075,45.5263157895,0.5452415319,nan,0.0002379561,36.2350322118,nan,nan,nan,nan,nan,nan,nan
3076,45.5263157895,0.2407962165,nan,0.0035544269,24.4923040787,nan,nan,nan,nan,nan,nan,nan
3077,45.5263157895,0.5631124996,nan,0.0001900181,37.2120493962,nan,nan,nan,nan,nan,nan,nan
3078,45.5263157895,0.9269399637,nan,0.0000003902,64.0870155960,nan,nan,nan,nan,nan,nan,nan
3079,45.5263157895,0.5436532897,nan,0.0002426749,36.1497512552,nan,nan,nan,nan,nan,nan,nan
3080,45.5263157895,0.3463023229,nan,0.0017716026,27.5163368959,nan,nan,nan,nan,nan,nan,nan
3081,45.5263157895,0.2930702443,nan,0.0025986407,25.8525376974,nan,nan,nan,nan,nan,nan,nan
3082,45.5263157895,1.1808901463,nan,0.0000000008,90.7706855599,nan,nan,nan,nan,nan,nan,nan
3083,45.5263157895,0.7593607003,nan,0.0000098819,50.0516003569,nan,nan,nan,nan,nan,nan,nan
3084,45.5263157895,0.2427057687,nan,0.0035178464,24.5372312281,nan,nan,nan,nan,nan,nan,nan
3085,45.5263157895,0.3191794355,nan,0.0021709948,26.6334121589,nan,nan,nan,nan,nan,nan,nan
3086,45.5263157895,0.4025392357,nan,0.0011014576,29.5803222800,nan,nan,nan,nan,nan,nan,nan
3087,45.5263157895,1.0612923774,nan,0.0000000182,77.3899319233,nan,nan,nan,nan,nan,nan,nan
3088,45.5263157895,0.4916333644,nan,0.0004470724,33.4962214225,nan,nan,nan,nan,nan,nan,nan
3089,45.5263157895,0.2411023767,nan,0.0035485563,24.4994830105,nan,nan,nan,nan,nan,nan,nan
3090,45.5263157895,0.2621275162,nan,0.0031516088,25.0146769201,nan,nan,nan,nan,nan,nan,nan
3091,45.5263157895,1.1114132992,nan,0.0000000052,82.8209340907,nan,nan,nan,nan,nan,nan,nan
3092,45.5263157895,1.0444859048,nan,0.0000000274,75.6258193521,nan,nan,nan,nan,nan,nan,nan
3093,45.5263157895,0.8231244833,nan,0.0000031204,55.0579610984,nan,nan,nan,nan,nan,nan,nan
3094,45.5263157895,0.3668538554,nan,0.0015017292,28.2340836459,nan,nan,nan,nan,nan,nan,nan
3095,45.5263157895,0.6536764616,nan,0.0000542497,42.6560238050,nan,nan,nan,nan,nan,nan,nan
3096,45.5263157895,0.8717076087,nan,0.0000012168,59.1478081060,nan,nan,nan,nan,nan,nan,nan
3097,45.5263157895,0.2959896991,nan,0.0025488882,25.9364921803,nan,nan,nan,nan,nan,nan,nan
3098,45.5263157895,0.6172731779,nan,0.0000918597,40.3687500660,nan,nan,nan,nan,nan,nan,nan
3099,45.5263157895,0.6767618714,nan,0.0000382336,44.1755426254,nan,nan,nan,nan,nan,nan,nan
3100,45.5263157895,0.2992673291,nan,0.0024935871,26.0317545708,nan,nan,nan,nan,nan,nan,nan
3101,45.5263157895,0.2715290800,nan,0.0029790562,25.2592129783,nan,nan,nan,nan,nan,nan,nan
3102,45.5263157895,0.7424935222,nan,0.0000131952,48.7958447524,nan,nan,nan,nan,nan,nan,nan
3103,45.5263157895,0.0470784162,nan,0.0066099083,21.7980456407,nan,nan,nan,nan,nan,nan,nan
3104,45.5263157895,0.6085652766,nan,0.0001037205,39.8413524165,nan,nan,nan,nan,nan,nan,nan
3105,45.5263157895,0.5521059242,nan,0.0002184477,36.6065252561,nan,nan,nan,nan,nan,nan,nan
3106,45.5263157895,1.0281160223,nan,0.0000000404,73.9350449381,nan,nan,nan,nan,nan,nan,nan
3107,45.5263157895,0.8250142457,nan,0.0000030112,55.2125920204,nan,nan,nan,nan,nan,nan,nan
3108,45.5263157895,1.1324050088,nan,0.0000000030,85.1712372940,nan,nan,nan,nan,nan,nan,nan
3109,45.5263157895,0.8118682131,nan,0.0000038509,54.1443763388,nan,nan,nan,nan,nan,nan,nan
3110,45.5263157895,0.4523399033,nan,0.0006805473,31.6714167695,nan,nan,nan,nan,nan,nan,nan
3111,45.5263157895,0.5394873113,nan,0.0002554313,35.9272596516,nan,nan,nan,nan,nan,nan,nan
3112,45.5263157895,0.3622934130,nan,0.0015591275,28.0711835778,nan,nan,nan,nan,nan,nan,nan
3113,45.5263157895,1.9717259088,nan,0.0000000000,215.8941759783,nan,nan,nan,nan,nan,nan,nan
3114,45.5263157895,0.6631679158,nan,0.0000470514,43.2742788372,nan,nan,nan,nan,nan,nan,nan
3115,45.5263157895,1.1357945107,nan,0.0000000028,85.5549288502,nan,nan,nan,nan,nan,nan,nan
3116,45.5263157895,0.5224174077,nan,0.0003137781,35.0337732296,nan,nan,nan,nan,nan,nan,nan
3117,45.5263157895,1.5497339826,nan,0.0000000000,141.1915546131,nan,nan,nan,nan,nan,nan,nan
3118,45.5263157895,0.2754836654,nan,0.0029075760,25.3646892377,nan,nan,nan,nan,nan,nan,nan
3119,45.5263157895,0.4376547321,nan,0.0007890326,31.0290507879,nan,nan,nan,nan,nan,nan,nan
3120,45.5263157895,0.4567289663,nan,0.0006504909,31.8675879253,nan,nan,nan,nan,nan,nan,nan
3121,45.5263157895,0.4289338975,nan,0.0008594539,30.6577742210,nan,nan,nan,nan,nan,nan,nan
3122,45.5263157895,0.5265060728,nan,0.0002988735,35.2451265002,nan,nan,nan,nan,nan,nan,nan
3123,45.5263157895,0.5881580935,nan,0.0001369237,38.6352124035,nan,nan,nan,nan,nan,nan,nan
3124,45.5263157895,0.6199090310,nan,0.0000885137,40.5298931716,nan,nan,nan,nan,nan,nan,nan
3125,45.5263157895,0.4043703660,nan,0.0010832217,29.6528265135,nan,nan,nan,nan,nan,nan,nan
3126,45.5263157895,0.8516937686,nan,0.0000018055,57.4341279076,nan,nan,nan,nan,nan,nan,nan
3127,45.5263157895,0.7418139522,nan,0.0000133480,48.7458517425,nan,nan,nan,nan,nan,nan,nan
3128,45.5263157895,0.4778454645,nan,0.0005201971,32.8383204893,nan,nan,nan,nan,nan,nan,nan
3129,45.5263157895,0.3068799276,nan,0.0023674864,26.2571250890,nan,nan,nan,nan,nan,nan,nan
3130,45.5263157895,0.3024589059,nan,0.0024403153,26.1255405895,nan,nan,nan,nan,nan,nan,nan
3131,45.5263157895,0.4438399406,nan,0.0007418257,31.2969810033,nan,nan,nan,nan,nan,nan,nan
3132,45.5263157895,0.3178054331,nan,0.0021924865,26.5906307419,nan,nan,nan,nan,nan,nan,nan
3133,45.5263157895,0.9999963248,nan,0.0000000777,71.0940347558,nan,nan,nan,nan,nan,nan,nan
3134,45.5263157895,0.3620144477,nan,0.0015626848,28.0612860892,nan,nan,nan,nan,nan,nan,nan
3135,45.5263157895,0.7620360665,nan,0.0000094332,50.2534148609,nan,nan,nan,nan,nan,nan,nan
3136,45.5263157895,0.5565730342,nan,0.0002064991,36.8508176078,nan,nan,nan,nan,nan,nan,nan
3137,45.5263157895,0.1853247044,nan,0.0046297730,23.3444030528,nan,nan,nan,nan,nan,nan,nan
3138,45.5263157895,0.4171981059,nan,0.0009615846,30.1701252319,nan,nan,nan,nan,nan,nan,nan
3139,45.5263157895,0.6175560024,nan,0.0000914954,40.3860071433,nan,nan,nan,nan,nan,nan,nan
3140,45.5263157895,0.7259358936,nan,0.0000174140,47.5910136928,nan,nan,nan,nan,nan,nan,nan
3141,45.5263157895,0.4786110909,nan,0.0005158989,32.8743542744,nan,nan,nan,nan,nan,nan,nan
3142,45.5263157895,0.5227969350,nan,0.0003123689,35.0533214319,nan,nan,nan,nan,nan,nan,nan
3143,45.5263157895,0.4326053406,nan,0.0008292482,30.8131548006,nan,nan,nan,nan,nan,nan,nan
3144,45.5263157895,0.2243779719,nan,0.0038717752,24.1208986662,nan,nan,nan,nan,nan,nan,nan
3145,45.5263157895,0.1630470716,nan,0.0050480449,22.9687678918,nan,nan,nan,nan,nan,nan,nan
3146,45.5263157895,0.1335335574,nan,0.0055638894,22.5462150946,nan,nan,nan,nan,nan,nan,nan
3147,45.5263157895,1.2550503771,nan,0.0000000001,99.7970127695,nan,nan,nan,nan,nan,nan,nan
3148,45.5263157895,0.1455393766,nan,0.0053606889,22.7077939849,nan,nan,nan,nan,nan,nan,nan
3149,45.5263157895,0.7528723690,nan,0.0000110531,49.5651534097,nan,nan,nan,nan,nan,nan,nan
3150,45.5263157895,0.8853134915,nan,0.0000009256,60.3359104398,nan,nan,nan,nan,nan,nan,nan
3151,45.5263157895,0.5757720916,nan,0.0001613044,37.9235381211,nan,nan,nan,nan,nan,nan,nan
3152,45.5263157895,0.3469148758,nan,0.0017631441,27.5371220250,nan,nan,nan,nan,nan,nan,nan
3153,45.5263157895,0.7032429453,nan,0.0000252081,45.9845902681,nan,nan,nan,nan,nan,nan,nan
3154,45.5263157895,1.1098240803,nan,0.0000000054,82.6448195990,nan,nan,nan,nan,nan,nan,nan
3155,45.5263157895,0.9120164532,nan,0.0000005343,62.7220662422,nan,nan,nan,nan,nan,nan,nan
3156,45.5263157895,0.2304945214,nan,0.0037530556,24.2561500167,nan,nan,nan,nan,nan,nan,nan
3157,45.5263157895,0.4259200517,nan,0.0008848650,30.5312299651,nan,nan,nan,nan,nan,nan,nan
3158,45.5263157895,0.5570196851,nan,0.0002053358,36.8753535838,nan,nan,nan,nan,nan,nan,nan
3159,45.5263157895,0.7163831954,nan,0.0000203776,46.9084632795,nan,nan,nan,nan,nan,nan,nan
3160,45.5263157895,0.4836040260,nan,0.0004885644,33.1107820419,nan,nan,nan,nan,nan,nan,nan
3161,45.5263157895,0.3626481077,nan,0.0015546123,28.0837790812,nan,nan,nan,nan,nan,nan,nan
3162,45.5263157895,0.4472059965,nan,0.0007170679,31.4443973440,nan,nan,nan,nan,nan,nan,nan
3163,45.5263157895,0.4101454675,nan,0.0010271445,29.8836846224,nan,nan,nan,nan,nan,nan,nan
3164,45.5263157895,0.3691561045,nan,0.0014732935,28.3171072479,nan,nan,nan,nan,nan,nan,nan
3165,45.5263157895,0.8179770105,nan,0.0000034367,54.6385938800,nan,nan,nan,nan,nan,nan,nan
3166,45.5263157895,0.3003878746,nan,0.0024748181,26.0645671527,nan,nan,nan,nan,nan,nan,nan
3167,45.5263157895,0.1746258519,nan,0.0048329133,23.1579099341,nan,nan,nan,nan,nan,nan,nan
3168,45.5263157895,0.7894394060,nan,0.0000058048,52.3621137941,nan,nan,nan,nan,nan,nan,nan
3169,45.5263157895,1.1410289994,nan,0.0000000024,86.1497627581,nan,nan,nan,nan,nan,nan,nan
3170,45.5263157895,1.2701957656,nan,0.0000000001,101.7091202172,nan,nan,nan,nan,nan,nan,nan
3171,45.5263157895,0.7807472479,nan,0.0000067841,51.6850494587,nan,nan,nan,nan,nan,nan,nan
3172,45.5263157895,0.8104840872,nan,0.0000039510,54.0329201836,nan,nan,nan,nan,nan,nan,nan
3173,45.5263157895,0.4665010833,nan,0.0005873171,32.3112732991,nan,nan,nan,nan,nan,nan,nan
3174,45.5263157895,0.8850747224,nan,0.0000009301,60.3148992497,nan,nan,nan,nan,nan,nan,nan
3175,45.5263157895,0.1607545477,nan,0.0050899298,22.9328821093,nan,nan,nan,nan,nan,nan,nan
3176,45.5263157895,0.5871407289,nan,0.0001387977,38.5761763841,nan,nan,nan,nan,nan,nan,nan
3177,45.5263157895,0.6700674222,nan,0.0000423703,43.7293854842,nan,nan,nan,nan,nan,nan,nan
3178,45.5263157895,0.7956183130,nan,0.0000051903,52.8480449676,nan,nan,nan,nan,nan,nan,nan
3179,45.5263157895,0.9727746162,nan,0.0000001439,68.4200093023,nan,nan,nan,nan,nan,nan,nan
3180,45.5263157895,0.2064064498,nan,0.0042219361,23.7448834189,nan,nan,nan,nan,nan,nan,nan
3181,45.5263157895,0.1337419312,nan,0.0055604520,22.5488990062,nan,nan,nan,nan,nan,nan,nan
3182,45.5263157895,0.4546808936,nan,0.0006643839,31.7758088007,nan,nan,nan,nan,nan,nan,nan
3183,45.5263157895,1.0010291397,nan,0.0000000759,71.1969665295,nan,nan,nan,nan,nan,nan,nan
3184,45.5263157895,0.1126801897,nan,0.0058896418,22.2991111772,nan,nan,nan,nan,nan,nan,nan
3185,45.5263157895,0.1631722708,nan,0.0050457502,22.9707425575,nan,nan,nan,nan,nan,nan,nan
3186,45.5263157895,0.2676508261,nan,0.0030498060,25.1572778834,nan,nan,nan,nan,nan,nan,nan
3187,45.5263157895,0.3334619468,nan,0.0019546862,27.0892295469,nan,nan,nan,nan,nan,nan,nan
3188,45.5263157895,0.6715166581,nan,0.0000414420,43.8255887159,nan,nan,nan,nan,nan,nan,nan
3189,45.5263157895,0.3026671634,nan,0.0024368593,26.1316954792,nan,nan,nan,nan,nan,nan,nan
3190,45.5263157895,0.5352301405,nan,0.0002690485,35.7016946725,nan,nan,nan,nan,nan,nan,nan
3191,45.5263157895,0.8410457173,nan,0.0000022188,56.5388755575,nan,nan,nan,nan,nan,nan,nan
3192,45.5263157895,0.8006732993,nan,0.0000047332,53.2484508281,nan,nan,nan,nan,nan,nan,nan
3193,45.5263157895,0.7765773448,nan,0.0000073064,51.3629443150,nan,nan,nan,nan,nan,nan,nan
3194,45.5263157895,0.4939714198,nan,0.0004355450,33.6096698965,nan,nan,nan,nan,nan,nan,nan
3195,45.5263157895,0.3616001633,nan,0.0015679775,28.0466018744,nan,nan,nan,nan,nan,nan,nan
3196,45.5263157895,0.7679994951,nan,0.0000084999,50.7058584727,nan,nan,nan,nan,nan,nan,nan
3197,45.5263157895,0.3037349412,nan,0.0024191787,26.1633204726,nan,nan,nan,nan,nan,nan,nan
3198,45.5263157895,0.1648680628,nan,0.0050145958,22.9976406681,nan,nan,nan,nan,nan,nan,nan
3199,45.5263157895,0.3049266653,nan,0.0023995234,26.1987501244,nan,nan,nan,nan,nan,nan,nan
3200,45.5263157895,0.5218187858,nan,0.0003160116,35.0029695163,nan,nan,nan,nan,nan,nan,nan
3201,45.5263157895,0.5295121154,nan,0.0002882979,35.4015846027,nan,nan,nan,nan,nan,nan,nan
3202,45.5263157895,0.6056455676,nan,0.0001079885,39.6662237124,nan,nan,nan,nan,nan,nan,nan
3203,45.5263157895,0.8661310673,nan,0.0000013595,58.6662524928,nan,nan,nan,nan,nan,nan,nan
3204,45.5263157895,0.2675858580,nan,0.0030509965,25.1555829684,nan,nan,nan,nan,nan,nan,nan
3205,45.5263157895,0.9799987679,nan,0.0000001224,69.1223366317,nan,nan,nan,nan,nan,nan,nan
3206,45.5263157895,0.1308367899,nan,0.0056080727,22.5118636846,nan,nan,nan,nan,nan,nan,nan
3207,45.5263157895,0.4668666584,nan,0.0005850518,32.3280568319,nan,nan,nan,nan,nan,nan,nan
3208,45.5263157895,0.3914531588,nan,0.0012166044,29.1485060127,nan,nan,nan,nan,nan,nan,nan
3209,45.5263157895,0.5590228666,nan,0.0002001870,36.9856408851,nan,nan,nan,nan,nan,nan,nan
3210,45.5263157895,0.3528100363,nan,0.0016830363,27.7390652531,nan,nan,nan,nan,nan,nan,nan
3211,45.5263157895,0.4885011088,nan,0.0004629037,33.3450936194,nan,nan,nan,nan,nan,nan,nan
3212,45.5263157895,0.5177623214,nan,0.0003314989,34.7951788274,nan,nan,nan,nan,nan,nan,nan
3213,45.5263157895,0.6265684331,nan,0.0000805355,40.9401253920,nan,nan,nan,nan,nan,nan,nan
3214,45.5263157895,0.3145574038,nan,0.0022437555,26.4902447567,nan,nan,nan,nan,nan,nan,nan
3215,45.5263157895,0.7650881244,nan,0.0000089443,50.4845257873,nan,nan,nan,nan,nan,nan,nan
3216,45.5263157895,0.0650958474,nan,0.0064653542,21.8940767957,nan,nan,nan,nan,nan,nan,nan
3217,45.5263157895,1.1812891428,nan,0.0000000008,90.8177546295,nan,nan,nan,nan,nan,nan,nan
3218,45.5263157895,0.3792123117,nan,0.0013533360,28.6859436741,nan,nan,nan,nan,nan,nan,nan
3219,45.5263157895,0.5475149615,nan,0.0002313372,36.3575444581,nan,nan,nan,nan,nan,nan,nan
3220,45.5263157895,0.4620898523,nan,0.0006152042,32.1098072773,nan,nan,nan,nan,nan,nan,nan
3221,45.5263157895,0.4876239887,nan,0.0004674176,33.3029495070,nan,nan,nan,nan,nan,nan,nan
3222,45.5263157895,0.7978668283,nan,0.0000049822,53.0258317884,nan,nan,nan,nan,nan,nan,nan
3223,45.5263157895,0.6575864399,nan,0.0000511727,42.9096150918,nan,nan,nan,nan,nan,nan,nan
3224,45.5263157895,0.0733558680,nan,0.0063846940,21.9485991478,nan,nan,nan,nan,nan,nan,nan
3225,45.5263157895,0.7892831045,nan,0.0000058212,52.3498716231,nan,nan,nan,nan,nan,nan,nan
3226,45.5263157895,0.8966873949,nan,0.0000007339,61.3434634626,nan,nan,nan,nan,nan,nan,nan
3227,45.5263157895,1.0924873581,nan,0.0000000084,80.7402301173,nan,nan,nan,nan,nan,nan,nan
3228,45.5263157895,0.4267122696,nan,0.0008781313,30.5644054597,nan,nan,nan,nan,nan,nan,nan
3229,45.5263157895,0.7893907343,nan,0.0000058099,52.3583013658,nan,nan,nan,nan,nan,nan,nan
3230,45.5263157895,0.3587211371,nan,0.0016050821,27.9450274608,nan,nan,nan,nan,nan,nan,nan
3231,45.5263157895,0.3579674777,nan,0.0016148887,27.9185740235,nan,nan,nan,nan,nan,nan,nan
3232,45.5263157895,0.7793963866,nan,0.0000069494,51.5805098778,nan,nan,nan,nan,nan,nan,nan
3233,45.5263157895,0.4019930134,nan,0.0011069400,29.5587591818,nan,nan,nan,nan,nan,nan,nan
3234,45.5263157895,0.7433148377,nan,0.0000130127,48.8563274603,nan,nan,nan,nan,nan,nan,nan
3235,45.5263157895,1.0104118934,nan,0.0000000611,72.1370120460,nan,nan,nan,nan,nan,nan,nan
3236,45.5263157895,0.3920486149,nan,0.0012102112,29.1713883159,nan,nan,nan,nan,nan,nan,nan
3237,45.5263157895,0.4109734434,nan,0.0010192822,29.9170554592,nan,nan,nan,nan,nan,nan,nan
3238,45.5263157895,0.5396751844,nan,0.0002548440,35.9372559005,nan,nan,nan,nan,nan,nan,nan
3239,45.5263157895,0.9373182476,nan,0.0000003126,65.0495201591,nan,nan,nan,nan,nan,nan,nan
3240,45.5263157895,0.9530702163,nan,0.0000002223,66.5312057667,nan,nan,nan,nan,nan,nan,nan
3241,45.5263157895,0.7944584430,nan,0.0000053009,52.7565351112,nan,nan,nan,nan,nan,nan,nan
3242,45.5263157895,0.2323390859,nan,0.0037173518,24.2976633207,nan,nan,nan,nan,nan,nan,nan
3243,45.5263157895,0.0778724322,nan,0.0063369315,21.9812098787,nan,nan,nan,nan,nan,nan,nan
3244,45.5263157895,0.4617689964,nan,0.0006172727,32.0952293159,nan,nan,nan,nan,nan,nan,nan
3245,45.5263157895,0.3852924605,nan,0.0012841519,28.9138361735,nan,nan,nan,nan,nan,nan,nan
3246,45.5263157895,0.4994607783,nan,0.0004094324,33.8781778445,nan,nan,nan,nan,nan,nan,nan
3247,45.5263157895,0.2196290676,nan,0.0039642058,24.0184380887,nan,nan,nan,nan,nan,nan,nan
3248,45.5263157895,0.3605066298,nan,0.0015820041,28.0079239158,nan,nan,nan,nan,nan,nan,nan
3249,45.5263157895,0.8593847097,nan,0.0000015531,58.0878771387,nan,nan,nan,nan,nan,nan,nan
3250,45.5263157895,0.2753300750,nan,0.0029103393,25.3605637595,nan,nan,nan,nan,nan,nan,nan
3251,45.5263157895,0.5414514088,nan,0.0002493481,36.0319390961,nan,nan,nan,nan,nan,nan,nan
3252,45.5263157895,0.8158600573,nan,0.0000035753,54.4669005434,nan,nan,nan,nan,nan,nan,nan
3253,45.5263157895,0.1285483972,nan,0.0056451141,22.4832727263,nan,nan,nan,nan,nan,nan,nan
3254,45.5263157895,0.3646313592,nan,0.0015295241,28.1544368455,nan,nan,nan,nan,nan,nan,nan
3255,45.5263157895,0.1276361870,nan,0.0056597616,22.4720185794,nan,nan,nan,nan,nan,nan,nan
3256,45.5263157895,0.7904776735,nan,0.0000056971,52.4434976900,nan,nan,nan,nan,nan,nan,nan
3257,45.5263157895,0.3902986045,nan,0.0012290685,29.1042392917,nan,nan,nan,nan,nan,nan,nan
3258,45.5263157895,0.5595588562,nan,0.0001988283,37.0152186078,nan,nan,nan,nan,nan,nan,nan
3259,45.5263157895,0.3958155349,nan,0.0011703174,29.3169634601,nan,nan,nan,nan,nan,nan,nan
3260,45.5263157895,0.4540778995,nan,0.0006685183,31.7488670530,nan,nan,nan,nan,nan,nan,nan
3261,45.5263157895,0.8835239553,nan,0.0000009597,60.1785751522,nan,nan,nan,nan,nan,nan,nan
3262,45.5263157895,0.3597152686,nan,0.0015922058,27.9800079573,nan,nan,nan,nan,nan,nan,nan
3263,45.5263157895,0.2574655819,nan,0.0032384213,24.8966665002,nan,nan,nan,nan,nan,nan,nan
3264,45.5263157895,0.5151463863,nan,0.0003418178,34.6620527420,nan,nan,nan,nan,nan,nan,nan
3265,45.5263157895,0.5303896038,nan,0.0002852708,35.4474267087,nan,nan,nan,nan,nan,nan,nan
3266,45.5263157895,0.5425790382,nan,0.0002459115,36.0922124679,nan,nan,nan,nan,nan,nan,nan
3267,45.5263157895,0.4223111700,nan,0.0009160318,30.3808946126,nan,nan,nan,nan,nan,nan,nan
3268,45.5263157895,0.3684982047,nan,0.0014813824,28.2933282220,nan,nan,nan,nan,nan,nan,nan
3269,45.5263157895,0.6403322047,nan,0.0000660371,41.8021223402,nan,nan,nan,nan,nan,nan,nan
3270,45.5263157895,0.0972630935,nan,0.0061041565,22.1437434284,nan,nan,nan,nan,nan,nan,nan
3271,45.5263157895,0.4678477523,nan,0.0005790066,32.3731648545,nan,nan,nan,nan,nan,nan,nan
3272,45.5263157895,0.4084817311,nan,0.0010430771,29.8168360106,nan,nan,nan,nan,nan,nan,nan
3273,45.5263157895,0.3676698506,nan,0.0014916091,28.2634496338,nan,nan,nan,nan,nan,nan,nan
3274,45.5263157895,0.5746804841,nan,0.0001636231,37.8615547095,nan,nan,nan,nan,nan,nan,nan
3275,45.5263157895,0.3915260280,nan,0.0012158208,29.1513043476,nan,nan,nan,nan,nan,nan,nan
3276,45.5263157895,0.2572788197,nan,0.0032419150,24.8919837111,nan,nan,nan,nan,nan,nan,nan
3277,45.5263157895,0.2286928758,nan,0.0037879765,24.2159272746,nan,nan,nan,nan,nan,nan,nan
3278,45.5263157895,0.8118948995,nan,0.0000038490,54.1465271542,nan,nan,nan,nan,nan,nan,nan
3279,45.5263157895,0.5651713299,nan,0.0001850690,37.3266642496,nan,nan,nan,nan,nan,nan,nan
3280,45.5263157895,0.4817952320,nan,0.0004983285,33.0248431168,nan,nan,nan,nan,nan,nan,nan
3281,45.5263157895,0.4505718813,nan,0.0006929568,31.5929381738,nan,nan,nan,nan,nan,nan,nan
3282,45.5263157895,0.5787753765,nan,0.0001550713,38.0946869290,nan,nan,nan,nan,nan,nan,nan
3283,45.5263157895,0.6575809451,nan,0.0000511769,42.9092576398,nan,nan,nan,nan,nan,nan,nan
3284,45.5263157895,0.1219756489,nan,0.0057490968,22.4040037794,nan,nan,nan,nan,nan,nan,nan
3285,45.5263157895,0.5399382560,nan,0.0002540236,35.9512592151,nan,nan,nan,nan,nan,nan,nan
3286,45.5263157895,0.7597078597,nan,0.0000098226,50.0777473699,nan,nan,nan,nan,nan,nan,nan
3287,45.5263157895,1.0334089884,nan,0.0000000357,74.4787630153,nan,nan,nan,nan,nan,nan,nan
3288,45.5263157895,0.2996722869,nan,0.0024867960,26.0435984405,nan,nan,nan,nan,nan,nan,nan
3289,45.5263157895,0.5724569022,nan,0.0001684354,37.7356655446,nan,nan,nan,nan,nan,nan,nan
3290,45.5263157895,0.3541933323,nan,0.0016645804,27.7869521157,nan,nan,nan,nan,nan,nan,nan
3291,45.5263157895,0.9295240459,nan,0.0000003693,64.3256506417,nan,nan,nan,nan,nan,nan,nan
3292,45.5263157895,0.6861553301,nan,0.0000330432,44.8091786597,nan,nan,nan,nan,nan,nan,nan
3293,45.5263157895,0.9730005904,nan,0.0000001432,68.4418983466,nan,nan,nan,nan,nan,nan,nan
3294,45.5263157895,0.4515424658,nan,0.0006861228,31.6359816074,nan,nan,nan,nan,nan,nan,nan
3295,45.5263157895,0.5669990212,nan,0.0001807687,37.4287678474,nan,nan,nan,nan,nan,nan,nan
3296,45.5263157895,0.8721985941,nan,0.0000012049,59.1903570306,nan,nan,nan,nan,nan,nan,nan
3297,45.5263157895,0.8639647570,nan,0.0000014190,58.4800304272,nan,nan,nan,nan,nan,nan,nan
3298,45.5263157895,0.2967922770,nan,0.0025352920,25.9597200598,nan,nan,nan,nan,nan,nan,nan
3299,45.5263157895,0.6091490383,nan,0.0001028852,39.8764700375,nan,nan,nan,nan,nan,nan,nan
3300,45.5263157895,0.1365370672,nan,0.0055140254,22.5853123590,nan,nan,nan,nan,nan,nan,nan
3301,45.5263157895,0.2620443183,nan,0.0031531512,25.0125520184,nan,nan,nan,nan,nan,nan,nan
3302,45.5263157895,0.4922239630,nan,0.0004441373,33.5248271476,nan,nan,nan,nan,nan,nan,nan
3303,45.5263157895,0.5895403243,nan,0.0001344130,38.7155874618,nan,nan,nan,nan,nan,nan,nan
3304,45.5263157895,0.1266696445,nan,0.0056752069,22.4601829975,nan,nan,nan,nan,nan,nan,nan
3305,45.5263157895,0.3187927468,nan,0.0021770314,26.6213531156,nan,nan,nan,nan,nan,nan,nan
3306,45.5263157895,0.7444277431,nan,0.0000127691,48.9383916548,nan,nan,nan,nan,nan,nan,nan
3307,45.5263157895,0.3673020807,nan,0.0014961646,28.2502061426,nan,nan,nan,nan,nan,nan,nan
3308,45.5263157895,0.6316366771,nan,0.0000748975,41.2553249540,nan,nan,nan,nan,nan,nan,nan
3309,45.5263157895,0.5888041531,nan,0.0001357452,38.6727561202,nan,nan,nan,nan,nan,nan,nan
3310,45.5263157895,0.0587926606,nan,0.0065209142,21.8569151263,nan,nan,nan,nan,nan,nan,nan
3311,45.5263157895,0.4835367744,nan,0.0004889246,33.1075809429,nan,nan,nan,nan,nan,nan,nan
3312,45.5263157895,0.3355692901,nan,0.0019238885,27.1582009578,nan,nan,nan,nan,nan,nan,nan
3313,45.5263157895,0.6207198448,nan,0.0000875064,40.5796027039,nan,nan,nan,nan,nan,nan,nan
3314,45.5263157895,0.3329758804,nan,0.0019618312,27.0733837146,nan,nan,nan,nan,nan,nan,nan
3315,45.5263157895,0.9090749781,nan,0.0000005681,62.4556862733,nan,nan,nan,nan,nan,nan,nan
3316,45.5263157895,0.4430882036,nan,0.0007474440,31.2642133239,nan,nan,nan,nan,nan,nan,nan
3317,45.5263157895,0.4068805044,nan,0.0010585808,29.7527598167,nan,nan,nan,nan,nan,nan,nan
3318,45.5263157895,0.3731275435,nan,0.0014250936,28.4615659543,nan,nan,nan,nan,nan,nan,nan
3319,45.5263157895,0.7112740819,nan,0.0000221453,46.5471830617,nan,nan,nan,nan,nan,nan,nan
3320,45.5263157895,0.2887348517,nan,0.0026733599,25.7294256519,nan,nan,nan,nan,nan,nan,nan
3321,45.5263157895,0.7036071263,nan,0.0000250613,46.0099611401,nan,nan,nan,nan,nan,nan,nan
3322,45.5263157895,0.8579039590,nan,0.0000015990,57.9615453142,nan,nan,nan,nan,nan,nan,nan
3323,45.5263157895,0.4362833856,nan,0.0007998040,30.9701644848,nan,nan,nan,nan,nan,nan,nan
3324,45.5263157895,0.1521805126,nan,0.0052441540,22.8032456281,nan,nan,nan,nan,nan,nan,nan
3325,45.5263157895,0.5516148367,nan,0.0002197966,36.5797912721,nan,nan,nan,nan,nan,nan,nan
3326,45.5263157895,0.8914719824,nan,0.0000008166,60.8798352780,nan,nan,nan,nan,nan,nan,nan
3327,45.5263157895,0.4592770389,nan,0.0006335256,31.9823585325,nan,nan,nan,nan,nan,nan,nan
3328,45.5263157895,0.3748213091,nan,0.0014048652,28.5236535932,nan,nan,nan,nan,nan,nan,nan
3329,45.5263157895,0.8170152134,nan,0.0000034990,54.5605322455,nan,nan,nan,nan,nan,nan,nan
3330,45.5263157895,0.3249159717,nan,0.0020825462,26.8140536378,nan,nan,nan,nan,nan,nan,nan
3331,45.5263157895,0.2580984398,nan,0.0032265915,24.9125601708,nan,nan,nan,nan,nan,nan,nan
3332,45.5263157895,0.9146907961,nan,0.0000005052,62.9650138231,nan,nan,nan,nan,nan,nan,nan
3333,45.5263157895,0.7555611730,nan,0.0000105530,49.7662252074,nan,nan,nan,nan,nan,nan,nan
3334,45.5263157895,0.2174582501,nan,0.0040065050,23.9723431430,nan,nan,nan,nan,nan,nan,nan
3335,45.5263157895,0.6493030302,nan,0.0000578869,42.3741952063,nan,nan,nan,nan,nan,nan,nan
3336,45.5263157895,0.4599709662,nan,0.0006289662,32.0137269320,nan,nan,nan,nan,nan,nan,nan
3337,45.5263157895,0.5548467793,nan,0.0002110485,36.7561768885,nan,nan,nan,nan,nan,nan,nan
3338,45.5263157895,0.2569013622,nan,0.0032489797,24.8825300572,nan,nan,nan,nan,nan,nan,nan
3339,45.5263157895,0.2682313552,nan,0.0030391760,25.1724415218,nan,nan,nan,nan,nan,nan,nan
3340,45.5263157895,0.5012804773,nan,0.0004010650,33.9678527151,nan,nan,nan,nan,nan,nan,nan
3341,45.5263157895,0.2295092203,nan,0.0037721479,24.2341128733,nan,nan,nan,nan,nan,nan,nan
3342,45.5263157895,0.9091745131,nan,0.0000005669,62.4646858644,nan,nan,nan,nan,nan,nan,nan
3343,45.5263157895,0.2639291319,nan,0.0031182728,25.0608589791,nan,nan,nan,nan,nan,nan,nan
3344,45.5263157895,0.1530044437,nan,0.0052295104,22.8153896528,nan,nan,nan,nan,nan,nan,nan
3345,45.5263157895,1.0339769735,nan,0.0000000352,74.5372776827,nan,nan,nan,nan,nan,nan,nan
3346,45.5263157895,0.2516306612,nan,0.0033481154,24.7519957652,nan,nan,nan,nan,nan,nan,nan
3347,45.5263157895,0.5704902226,nan,0.0001727932,37.6247343980,nan,nan,nan,nan,nan,nan,nan
3348,45.5263157895,0.8147563323,nan,0.0000036496,54.3775633941,nan,nan,nan,nan,nan,nan,nan
3349,45.5263157895,0.3546144025,nan,0.0016589884,27.8015665126,nan,nan,nan,nan,nan,nan,nan
3350,45.5263157895,0.1748261595,nan,0.0048291445,23.1612980346,nan,nan,nan,nan,nan,nan,nan
3351,45.5263157895,0.2181049632,nan,0.0039939013,23.9860267248,nan,nan,nan,nan,nan,nan,nan
3352,45.5263157895,0.2523779606,nan,0.0033340061,24.7703360847,nan,nan,nan,nan,nan,nan,nan
3353,45.5263157895,0.5725062756,nan,0.0001683273,37.7384554626,nan,nan,nan,nan,nan,nan,nan
3354,45.5263157895,0.4540934067,nan,0.0006684117,31.7495594613,nan,nan,nan,nan,nan,nan,nan
3355,45.5263157895,0.6747922815,nan,0.0000394111,44.0438096300,nan,nan,nan,nan,nan,nan,nan
3356,45.5263157895,0.2178011944,nan,0.0039998212,23.9795942410,nan,nan,nan,nan,nan,nan,nan
3357,45.5263157895,0.4273522650,nan,0.0008727197,30.5912521312,nan,nan,nan,nan,nan,nan,nan
3358,45.5263157895,0.3555566689,nan,0.0016465183,27.8343343840,nan,nan,nan,nan,nan,nan,nan
3359,45.5263157895,0.5937403859,nan,0.0001270284,38.9609926291,nan,nan,nan,nan,nan,nan,nan
3360,45.5263157895,0.4439205969,nan,0.0007412249,31.3005001049,nan,nan,nan,nan,nan,nan,nan
3361,45.5263157895,0.2125157471,nan,0.0041028627,23.8691301401,nan,nan,nan,nan,nan,nan,nan
3362,45.5263157895,0.6892649976,nan,0.0000314710,45.0208973090,nan,nan,nan,nan,nan,nan,nan
3363,45.5263157895,0.5031137511,nan,0.0003927777,34.0585317325,nan,nan,nan,nan,nan,nan,nan
3364,45.5263157895,0.4180991618,nan,0.0009534372,30.2070789201,nan,nan,nan,nan,nan,nan,nan
3365,45.5263157895,1.0068541240,nan,0.0000000664,71.7795147493,nan,nan,nan,nan,nan,nan,nan
3366,45.5263157895,0.5633043353,nan,0.0001895522,37.2227109049,nan,nan,nan,nan,nan,nan,nan
3367,45.5263157895,0.8276987720,nan,0.0000028623,55.4328746212,nan,nan,nan,nan,nan,nan,nan
3368,45.5263157895,0.2651746741,nan,0.0030952984,25.0929747978,nan,nan,nan,nan,nan,nan,nan
3369,45.5263157895,0.6444176449,nan,0.0000622064,42.0616492893,nan,nan,nan,nan,nan,nan,nan
3370,45.5263157895,0.8372651872,nan,0.0000023857,56.2237747977,nan,nan,nan,nan,nan,nan,nan
3371,45.5263157895,0.3347133523,nan,0.0019363624,27.1301336431,nan,nan,nan,nan,nan,nan,nan
3372,45.5263157895,0.8809769884,nan,0.0000010104,59.9552048393,nan,nan,nan,nan,nan,nan,nan
3373,45.5263157895,0.8963028253,nan,0.0000007397,61.3091829805,nan,nan,nan,nan,nan,nan,nan
3374,45.5263157895,1.1113691623,nan,0.0000000052,82.8160394610,nan,nan,nan,nan,nan,nan,nan
3375,45.5263157895,0.4861958942,nan,0.0004748433,33.2344967152,nan,nan,nan,nan,nan,nan,nan
3376,45.5263157895,0.1383766579,nan,0.0054831545,22.6096951737,nan,nan,nan,nan,nan,nan,nan
3377,45.5263157895,1.1751410542,nan,0.0000000010,90.0942671084,nan,nan,nan,nan,nan,nan,nan
3378,45.5263157895,0.4511707714,nan,0.0006887337,31.6194866017,nan,nan,nan,nan,nan,nan,nan
3379,45.5263157895,1.0598199484,nan,0.0000000189,77.2342326445,nan,nan,nan,nan,nan,nan,nan
3380,45.5263157895,0.8335029328,nan,0.0000025635,55.9116296058,nan,nan,nan,nan,nan,nan,nan
3381,45.5263157895,0.2758713046,nan,0.0029006066,25.3751117251,nan,nan,nan,nan,nan,nan,nan
3382,45.5263157895,0.5571138562,nan,0.0002050912,36.8805292651,nan,nan,nan,nan,nan,nan,nan
3383,45.5263157895,0.1500286642,nan,0.0052822098,22.7718435539,nan,nan,nan,nan,nan,nan,nan
3384,45.5263157895,0.6393919961,nan,0.0000669479,41.7426331904,nan,nan,nan,nan,nan,nan,nan
3385,45.5263157895,0.8173170321,nan,0.0000034794,54.5850184877,nan,nan,nan,nan,nan,nan,nan
3386,45.5263157895,0.3258902117,nan,0.0020677322,26.8450569974,nan,nan,nan,nan,nan,nan,nan
3387,45.5263157895,0.4586447053,nan,0.0006377029,31.9538163386,nan,nan,nan,nan,nan,nan,nan
3388,45.5263157895,0.3291330338,nan,0.0020188621,26.9489333945,nan,nan,nan,nan,nan,nan,nan
3389,45.5263157895,0.1631659900,nan,0.0050458653,22.9706434594,nan,nan,nan,nan,nan,nan,nan
3390,45.5263157895,0.6710637868,nan,0.0000417301,43.7955035032,nan,nan,nan,nan,nan,nan,nan
3391,45.5263157895,0.9359596261,nan,0.0000003219,64.9228990399,nan,nan,nan,nan,nan,nan,nan
3392,45.5263157895,0.1437052942,nan,0.0053923793,22.6821956574,nan,nan,nan,nan,nan,nan,nan
3393,45.5263157895,0.7136709544,nan,0.0000212993,46.7163455956,nan,nan,nan,nan,nan,nan,nan
3394,45.5263157895,0.4189512420,nan,0.0009457800,30.2420985852,nan,nan,nan,nan,nan,nan,nan
3395,45.5263157895,0.7052552728,nan,0.0000244065,46.1249471118,nan,nan,nan,nan,nan,nan,nan
3396,45.5263157895,0.1412638260,nan,0.0054342149,22.6486319108,nan,nan,nan,nan,nan,nan,nan
3397,45.5263157895,0.5403204538,nan,0.0002528357,35.9716159769,nan,nan,nan,nan,nan,nan,nan
3398,45.5263157895,0.3530344153,nan,0.0016800338,27.7468198521,nan,nan,nan,nan,nan,nan,nan
3399,45.5263157895,0.1263147061,nan,0.0056808593,22.4558596318,nan,nan,nan,nan,nan,nan,nan
3400,45.5263157895,0.2842192862,nan,0.0027522130,25.6031796470,nan,nan,nan,nan,nan,nan,nan
3401,45.5263157895,0.3688114038,nan,0.0014775279,28.3046430659,nan,nan,nan,nan,nan,nan,nan
3402,45.5263157895,0.6499349859,nan,0.0000573482,42.4148002553,nan,nan,nan,nan,nan,nan,nan
3403,45.5263157895,0.4071834089,nan,0.0010556352,29.7648615091,nan,nan,nan,nan,nan,nan,nan
3404,45.5263157895,0.0863273002,nan,0.0062408221,22.0475819806,nan,nan,nan,nan,nan,nan,nan
3405,45.5263157895,0.5374746909,nan,0.0002617945,35.8203951762,nan,nan,nan,nan,nan,nan,nan
3406,45.5263157895,0.1703546018,nan,0.0049129197,23.0866033783,nan,nan,nan,nan,nan,nan,nan
3407,45.5263157895,0.3142795516,nan,0.0022481713,26.4817059155,nan,nan,nan,nan,nan,nan,nan
3408,45.5263157895,0.1398948457,nan,0.0054574934,22.6300677852,nan,nan,nan,nan,nan,nan,nan
3409,45.5263157895,0.5549111741,nan,0.0002108773,36.7597019274,nan,nan,nan,nan,nan,nan,nan
3410,45.5263157895,0.2360142025,nan,0.0036463830,24.3813772222,nan,nan,nan,nan,nan,nan,nan
3411,45.5263157895,0.8898318349,nan,0.0000008444,60.7346012019,nan,nan,nan,nan,nan,nan,nan
3412,45.5263157895,0.8780868588,nan,0.0000010709,59.7025327603,nan,nan,nan,nan,nan,nan,nan
3413,45.5263157895,0.1602480727,nan,0.0050991481,22.9250237058,nan,nan,nan,nan,nan,nan,nan
3414,45.5263157895,0.8675770111,nan,0.0000013210,58.7908136224,nan,nan,nan,nan,nan,nan,nan
3415,45.5263157895,0.4467522219,nan,0.0007203676,31.4244582787,nan,nan,nan,nan,nan,nan,nan
3416,45.5263157895,0.5703781283,nan,0.0001730444,37.6184233748,nan,nan,nan,nan,nan,nan,nan
3417,45.5263157895,0.1920244996,nan,0.0045009818,23.4669274444,nan,nan,nan,nan,nan,nan,nan
3418,45.5263157895,0.7513308214,nan,0.0000113496,49.4502033206,nan,nan,nan,nan,nan,nan,nan
3419,45.5263157895,0.5181064067,nan,0.0003301611,34.8127404809,nan,nan,nan,nan,nan,nan,nan
3420,45.5263157895,0.1413237288,nan,0.0054331933,22.6494484213,nan,nan,nan,nan,nan,nan,nan
3421,45.5263157895,0.8650213444,nan,0.0000013897,58.5707984113,nan,nan,nan,nan,nan,nan,nan
3422,45.5263157895,0.1293667132,nan,0.0056319167,22.4934377954,nan,nan,nan,nan,nan,nan,nan
3423,45.5263157895,0.7014971025,nan,0.0000259230,45.8631505534,nan,nan,nan,nan,nan,nan,nan
3424,45.5263157895,0.9810812947,nan,0.0000001195,69.2280342016,nan,nan,nan,nan,nan,nan,nan
3425,45.5263157895,1.1116086561,nan,0.0000000052,82.8426008816,nan,nan,nan,nan,nan,nan,nan
3426,45.5263157895,0.7687491169,nan,0.0000083888,50.7629856857,nan,nan,nan,nan,nan,nan,nan
3427,45.5263157895,0.8494882077,nan,0.0000018846,57.2477517453,nan,nan,nan,nan,nan,nan,nan
3428,45.5263157895,0.7687342116,nan,0.0000083910,50.7618492290,nan,nan,nan,nan,nan,nan,nan
3429,45.5263157895,0.4352921404,nan,0.0008076595,30.9277168678,nan,nan,nan,nan,nan,nan,nan
3430,45.5263157895,0.6746793491,nan,0.0000394796,44.0362681488,nan,nan,nan,nan,nan,nan,nan
3431,45.5263157895,0.4722451846,nan,0.0005525188,32.5765292934,nan,nan,nan,nan,nan,nan,nan
3432,45.5263157895,0.5859372383,nan,0.0001410433,38.5064738951,nan,nan,nan,nan,nan,nan,nan
3433,45.5263157895,0.3349813463,nan,0.0019324516,27.1389136813,nan,nan,nan,nan,nan,nan,nan
3434,45.5263157895,0.2592715424,nan,0.0032046998,24.9421265054,nan,nan,nan,nan,nan,nan,nan
3435,45.5263157895,0.0687664994,nan,0.0064305932,21.9174896189,nan,nan,nan,nan,nan,nan,nan
3436,45.5263157895,0.2229173814,nan,0.0039001847,24.0891483019,nan,nan,nan,nan,nan,nan,nan
3437,45.5263157895,0.5439426151,nan,0.0002418094,36.1652677983,nan,nan,nan,nan,nan,nan,nan
3438,45.5263157895,0.5366910667,nan,0.0002643080,35.7788967379,nan,nan,nan,nan,nan,nan,nan
3439,45.5263157895,0.6380328044,nan,0.0000682843,41.6567910749,nan,nan,nan,nan,nan,nan,nan
3440,45.5263157895,0.5610571203,nan,0.0001950720,37.0980507119,nan,nan,nan,nan,nan,nan,nan
3441,45.5263157895,0.1387322815,nan,0.0054771583,22.6144470349,nan,nan,nan,nan,nan,nan,nan
3442,45.5263157895,0.4912669055,nan,0.0004489015,33.4784894828,nan,nan,nan,nan,nan,nan,nan
3443,45.5263157895,0.6922073868,nan,0.0000300461,45.2221229224,nan,nan,nan,nan,nan,nan,nan
3444,45.5263157895,0.3539535490,nan,0.0016677703,27.7786376640,nan,nan,nan,nan,nan,nan,nan
3445,45.5263157895,0.4066552455,nan,0.0010607753,29.7437661638,nan,nan,nan,nan,nan,nan,nan
3446,45.5263157895,0.6548203917,nan,0.0000533328,42.7300571530,nan,nan,nan,nan,nan,nan,nan
3447,45.5263157895,0.8044902155,nan,0.0000044132,53.5524969815,nan,nan,nan,nan,nan,nan,nan
3448,45.5263157895,0.7944061790,nan,0.0000053059,52.7524148561,nan,nan,nan,nan,nan,nan,nan
3449,45.5263157895,0.3897217885,nan,0.0012353291,29.0821733956,nan,nan,nan,nan,nan,nan,nan
3450,45.5263157895,0.4250731949,nan,0.0008921059,30.4958356594,nan,nan,nan,nan,nan,nan,nan
3451,45.5263157895,0.9813021472,nan,0.0000001189,69.2496127303,nan,nan,nan,nan,nan,nan,nan
3452,45.5263157895,0.3322731913,nan,0.0019721877,27.0505174814,nan,nan,nan,nan,nan,nan,nan
3453,45.5263157895,0.9350098915,nan,0.0000003285,64.8344963176,nan,nan,nan,nan,nan,nan,nan
3454,45.5263157895,0.1461800001,nan,0.0053495679,22.7168129360,nan,nan,nan,nan,nan,nan,nan
3455,45.5263157895,0.8894798667,nan,0.0000008505,60.7034700523,nan,nan,nan,nan,nan,nan,nan
3456,45.5263157895,0.5778781990,nan,0.0001569111,38.0434644975,nan,nan,nan,nan,nan,nan,nan
3457,45.5263157895,0.3752724655,nan,0.0013995101,28.5402396469,nan,nan,nan,nan,nan,nan,nan
3458,45.5263157895,0.5130140792,nan,0.0003504253,34.5540456752,nan,nan,nan,nan,nan,nan,nan
3459,45.5263157895,0.1275338342,nan,0.0056614009,22.4707609121,nan,nan,nan,nan,nan,nan,nan
3460,45.5263157895,0.3886871987,nan,0.0012466144,29.0426786155,nan,nan,nan,nan,nan,nan,nan
3461,45.5263157895,0.5370270866,nan,0.0002632277,35.7966838299,nan,nan,nan,nan,nan,nan,nan
3462,45.5263157895,0.7117239965,nan,0.0000219842,46.5788922949,nan,nan,nan,nan,nan,nan,nan
3463,45.5263157895,0.3891488765,nan,0.0012415695,29.0602896765,nan,nan,nan,nan,nan,nan,nan
3464,45.5263157895,0.3904167673,nan,0.0012277887,29.1087636613,nan,nan,nan,nan,nan,nan,nan
3465,45.5263157895,0.2639882487,nan,0.0031171810,25.0623798102,nan,nan,nan,nan,nan,nan,nan
3466,45.5263157895,0.6431283365,nan,0.0000633933,41.9795650037,nan,nan,nan,nan,nan,nan,nan
3467,45.5263157895,0.7681967834,nan,0.0000084705,50.7208879353,nan,nan,nan,nan,nan,nan,nan
3468,45.5263157895,0.5373465447,nan,0.0002622041,35.8136047209,nan,nan,nan,nan,nan,nan,nan
3469,45.5263157895,0.6887757427,nan,0.0000317138,44.9875223684,nan,nan,nan,nan,nan,nan,nan
3470,45.5263157895,0.7367222845,nan,0.0000145453,48.3727600464,nan,nan,nan,nan,nan,nan,nan
3471,45.5263157895,0.3755273259,nan,0.0013964911,28.5496181468,nan,nan,nan,nan,nan,nan,nan
3472,45.5263157895,0.2550914937,nan,0.0032829202,24.8373967711,nan,nan,nan,nan,nan,nan,nan
3473,45.5263157895,0.6084213017,nan,0.0001039275,39.8326965126,nan,nan,nan,nan,nan,nan,nan
3474,45.5263157895,0.7750618985,nan,0.0000075053,51.2463176511,nan,nan,nan,nan,nan,nan,nan
3475,45.5263157895,0.3498879441,nan,0.0017224497,27.6385344798,nan,nan,nan,nan,nan,nan,nan
3476,45.5263157895,0.5933712581,nan,0.0001276629,38.9393539118,nan,nan,nan,nan,nan,nan,nan
3477,45.5263157895,0.6182344123,nan,0.0000906268,40.4274343691,nan,nan,nan,nan,nan,nan,nan
3478,45.5263157895,0.5780676967,nan,0.0001565209,38.0542767372,nan,nan,nan,nan,nan,nan,nan
3479,45.5263157895,0.1314526007,nan,0.0055980334,22.5196451261,nan,nan,nan,nan,nan,nan,nan
3480,45.5263157895,0.3807638122,nan,0.0013354431,28.7437459832,nan,nan,nan,nan,nan,nan,nan
3481,45.5263157895,0.2165661393,nan,0.0040238937,23.9535350534,nan,nan,nan,nan,nan,nan,nan
3482,45.5263157895,0.3550201358,nan,0.0016536114,27.8156652941,nan,nan,nan,nan,nan,nan,nan
3483,45.5263157895,0.5181158007,nan,0.0003301247,34.8132201044,nan,nan,nan,nan,nan,nan,nan
3484,45.5263157895,0.3947718165,nan,0.0011812759,29.2764865640,nan,nan,nan,nan,nan,nan,nan
3485,45.5263157895,0.8650000957,nan,0.0000013903,58.5689718979,nan,nan,nan,nan,nan,nan,nan
3486,45.5263157895,0.9637988858,nan,0.0000001756,67.5547516393,nan,nan,nan,nan,nan,nan,nan
3487,45.5263157895,0.8339943186,nan,0.0000025396,55.9523175843,nan,nan,nan,nan,nan,nan,nan
3488,45.5263157895,0.1796619790,nan,0.0047377357,23.2442917161,nan,nan,nan,nan,nan,nan,nan
3489,45.5263157895,0.3754112850,nan,0.0013978652,28.5453472025,nan,nan,nan,nan,nan,nan,nan
3490,45.5263157895,0.2420771652,nan,0.0035298789,24.5224018826,nan,nan,nan,nan,nan,nan,nan
3491,45.5263157895,0.4101729215,nan,0.0010268831,29.8847900354,nan,nan,nan,nan,nan,nan,nan
3492,45.5263157895,0.1256658415,nan,0.0056911654,22.4479879390,nan,nan,nan,nan,nan,nan,nan
3493,45.5263157895,0.4572731002,nan,0.0006468384,31.8920423795,nan,nan,nan,nan,nan,nan,nan
3494,45.5263157895,0.2700170225,nan,0.0030065656,25.2192931546,nan,nan,nan,nan,nan,nan,nan
3495,45.5263157895,0.5617182537,nan,0.0001934339,37.1346733077,nan,nan,nan,nan,nan,nan,nan
3496,45.5263157895,0.3050017970,nan,0.0023982870,26.2009884982,nan,nan,nan,nan,nan,nan,nan
3497,45.5263157895,0.8297649549,nan,0.0000027524,55.6029135165,nan,nan,nan,nan,nan,nan,nan
3498,45.5263157895,0.1129846120,nan,0.0058851663,22.3024126174,nan,nan,nan,nan,nan,nan,nan
3499,45.5263157895,1.3813778634,nan,0.0000000000,116.4599258665,nan,nan,nan,nan,nan,nan,nan
3500,45.5263157895,0.9223460883,nan,0.0000004301,63.6644470658,nan,nan,nan,nan,nan,nan,nan
3501,45.5263157895,0.5125611540,nan,0.0003522766,34.5311624310,nan,nan,nan,nan,nan,nan,nan
3502,45.5263157895,0.4872233997,nan,0.0004694910,33.2837275014,nan,nan,nan,nan,nan,nan,nan
3503,45.5263157895,0.2476299011,nan,0.0034239321,24.6547486190,nan,nan,nan,nan,nan,nan,nan
3504,45.5263157895,0.7161293228,nan,0.0000204623,46.8904491563,nan,nan,nan,nan,nan,nan,nan
3505,45.5263157895,0.1493417781,nan,0.0052942989,22.7619154676,nan,nan,nan,nan,nan,nan,nan
3506,45.5263157895,0.5562199633,nan,0.0002074227,36.8314364361,nan,nan,nan,nan,nan,nan,nan
3507,45.5263157895,0.2630469325,nan,0.0031345812,25.0382047833,nan,nan,nan,nan,nan,nan,nan
3508,45.5263157895,0.9349646920,nan,0.0000003288,64.8302913480,nan,nan,nan,nan,nan,nan,nan
3509,45.5263157895,0.3540787655,nan,0.0016661040,27.7829788169,nan,nan,nan,nan,nan,nan,nan
3510,45.5263157895,0.1492036187,nan,0.0052967270,22.7599241390,nan,nan,nan,nan,nan,nan,nan
3511,45.5263157895,0.6574088779,nan,0.0000513090,42.8980655556,nan,nan,nan,nan,nan,nan,nan
3512,45.5263157895,0.3666656831,nan,0.0015040694,28.2273211212,nan,nan,nan,nan,nan,nan,nan
3513,45.5263157895,0.6580904212,nan,0.0000507877,42.9424138819,nan,nan,nan,nan,nan,nan,nan
3514,45.5263157895,0.6437536671,nan,0.0000628151,42.0193560350,nan,nan,nan,nan,nan,nan,nan
3515,45.5263157895,0.2985689203,nan,0.0025053209,26.0113663345,nan,nan,nan,nan,nan,nan,nan
3516,45.5263157895,0.4236497333,nan,0.0009043773,30.4365035181,nan,nan,nan,nan,nan,nan,nan
3517,45.5263157895,0.2176051841,nan,0.0040036413,23.9754484447,nan,nan,nan,nan,nan,nan,nan
3518,45.5263157895,0.6484029529,nan,0.0000586620,42.3164318465,nan,nan,nan,nan,nan,nan,nan
3519,45.5263157895,0.7076259118,nan,0.0000234919,46.2908186142,nan,nan,nan,nan,nan,nan,nan
3520,45.5263157895,0.3259171354,nan,0.0020673237,26.8459151329,nan,nan,nan,nan,nan,nan,nan
3521,45.5263157895,1.2731826843,nan,0.0000000001,102.0889712965,nan,nan,nan,nan,nan,nan,nan
3522,45.5263157895,0.3667107725,nan,0.0015035085,28.2289412191,nan,nan,nan,nan,nan,nan,nan
3523,45.5263157895,0.7611296297,nan,0.0000095831,50.1849575854,nan,nan,nan,nan,nan,nan,nan
3524,45.5263157895,0.2581209467,nan,0.0032261710,24.9131261443,nan,nan,nan,nan,nan,nan,nan
3525,45.5263157895,0.6804051994,nan,0.0000361389,44.4202496009,nan,nan,nan,nan,nan,nan,nan
3526,45.5263157895,0.5759930660,nan,0.0001608385,37.9360999911,nan,nan,nan,nan,nan,nan,nan
3527,45.5263157895,0.3801581921,nan,0.0013424080,28.7211546120,nan,nan,nan,nan,nan,nan,nan
3528,45.5263157895,0.4114997900,nan,0.0010143072,29.9383049515,nan,nan,nan,nan,nan,nan,nan
3529,45.5263157895,0.7138418174,nan,0.0000212401,46.7284265704,nan,nan,nan,nan,nan,nan,nan
3530,45.5263157895,0.7300489475,nan,0.0000162640,47.8877259966,nan,nan,nan,nan,nan,nan,nan
3531,45.5263157895,0.3300109772,nan,0.0020057481,26.9772361319,nan,nan,nan,nan,nan,nan,nan
3532,45.5263157895,0.4014457385,nan,0.0011124527,29.5371843774,nan,nan,nan,nan,nan,nan,nan
3533,45.5263157895,0.4686976693,nan,0.0005738099,32.4123195184,nan,nan,nan,nan,nan,nan,nan
3534,45.5263157895,0.6814538388,nan,0.0000355555,44.4909297760,nan,nan,nan,nan,nan,nan,nan
3535,45.5263157895,0.5910226293,nan,0.0001317651,38.8019947965,nan,nan,nan,nan,nan,nan,nan
3536,45.5263157895,0.4076833608,nan,0.0010507864,29.7848557011,nan,nan,nan,nan,nan,nan,nan
3537,45.5263157895,0.6498703050,nan,0.0000574032,42.4106424694,nan,nan,nan,nan,nan,nan,nan
3538,45.5263157895,1.4437425136,nan,0.0000000000,125.2846615528,nan,nan,nan,nan,nan,nan,nan
3539,45.5263157895,1.5200155362,nan,0.0000000000,136.6159860019,nan,nan,nan,nan,nan,nan,nan
3540,45.5263157895,1.0909729738,nan,0.0000000088,80.5753091438,nan,nan,nan,nan,nan,nan,nan
3541,45.5263157895,1.2707748761,nan,0.0000000001,101.7826957397,nan,nan,nan,nan,nan,nan,nan
3542,45.5263157895,0.1921506310,nan,0.0044985479,23.4692765200,nan,nan,nan,nan,nan,nan,nan
3543,45.5263157895,0.3332896444,nan,0.0019572172,27.0836097764,nan,nan,nan,nan,nan,nan,nan
3544,45.5263157895,0.4496025442,nan,0.0006998349,31.5500440163,nan,nan,nan,nan,nan,nan,nan
3545,45.5263157895,0.4209626410,nan,0.0009278863,30.3250525517,nan,nan,nan,nan,nan,nan,nan
3546,45.5263157895,1.1492559395,nan,0.0000000020,87.0902693452,nan,nan,nan,nan,nan,nan,nan
3547,45.5263157895,0.8604689857,nan,0.0000015204,58.1805237329,nan,nan,nan,nan,nan,nan,nan
3548,45.5263157895,0.5993584120,nan,0.0001177059,39.2920163927,nan,nan,nan,nan,nan,nan,nan
3549,45.5263157895,0.0481854483,nan,0.0066023071,21.8030427873,nan,nan,nan,nan,nan,nan,nan
3550,45.5263157895,0.2765160517,nan,0.0028890296,25.3924800880,nan,nan,nan,nan,nan,nan,nan
3551,45.5263157895,0.2158969871,nan,0.0040369381,23.9394791055,nan,nan,nan,nan,nan,nan,nan
3552,45.5263157895,0.6377595004,nan,0.0000685559,41.6395525047,nan,nan,nan,nan,nan,nan,nan
3553,45.5263157895,0.7304389182,nan,0.0000161587,47.9159465937,nan,nan,nan,nan,nan,nan,nan
3554,45.5263157895,0.2318643445,nan,0.0037265360,24.2869467708,nan,nan,nan,nan,nan,nan,nan
3555,45.5263157895,0.8399274520,nan,0.0000022670,56.4455197759,nan,nan,nan,nan,nan,nan,nan
3556,45.5263157895,0.4130285345,nan,0.0009999586,30.0001796730,nan,nan,nan,nan,nan,nan,nan
3557,45.5263157895,0.6886635919,nan,0.0000317697,44.9798753040,nan,nan,nan,nan,nan,nan,nan
3558,45.5263157895,0.7678569718,nan,0.0000085212,50.6950034554,nan,nan,nan,nan,nan,nan,nan
3559,45.5263157895,0.6642490122,nan,0.0000462884,43.3452740371,nan,nan,nan,nan,nan,nan,nan
3560,45.5263157895,0.3916224833,nan,0.0012147840,29.1550092506,nan,nan,nan,nan,nan,nan,nan
3561,45.5263157895,0.6685278739,nan,0.0000433769,43.6274185353,nan,nan,nan,nan,nan,nan,nan
3562,45.5263157895,0.6190830282,nan,0.0000895505,40.4793203376,nan,nan,nan,nan,nan,nan,nan
3563,45.5263157895,0.4125779741,nan,0.0010041719,29.9819193639,nan,nan,nan,nan,nan,nan,nan
3564,45.5263157895,0.6532494582,nan,0.0000545956,42.6284225432,nan,nan,nan,nan,nan,nan,nan
3565,45.5263157895,0.4842098063,nan,0.0004853291,33.1396368726,nan,nan,nan,nan,nan,nan,nan
3566,45.5263157895,0.4952966520,nan,0.0004291196,33.6742165001,nan,nan,nan,nan,nan,nan,nan
3567,45.5263157895,0.4540204187,nan,0.0006689135,31.7463007111,nan,nan,nan,nan,nan,nan,nan
3568,45.5263157895,0.2502214819,nan,0.0033747671,24.7175618944,nan,nan,nan,nan,nan,nan,nan
3569,45.5263157895,0.3550773568,nan,0.0016528540,27.8176549779,nan,nan,nan,nan,nan,nan,nan
3570,45.5263157895,0.8196727547,nan,0.0000033293,54.7764516887,nan,nan,nan,nan,nan,nan,nan
3571,45.5263157895,0.5968887024,nan,0.0001217277,39.1461065747,nan,nan,nan,nan,nan,nan,nan
3572,45.5263157895,0.3627497724,nan,0.0015533197,28.0873915891,nan,nan,nan,nan,nan,nan,nan
3573,45.5263157895,0.6266847786,nan,0.0000804020,40.9473321008,nan,nan,nan,nan,nan,nan,nan
3574,45.5263157895,0.4959782364,nan,0.0004258452,33.7074821163,nan,nan,nan,nan,nan,nan,nan
3575,45.5263157895,0.6440512093,nan,0.0000625417,42.0383030391,nan,nan,nan,nan,nan,nan,nan
3576,45.5263157895,0.3326986240,nan,0.0019659136,27.0643556393,nan,nan,nan,nan,nan,nan,nan
3577,45.5263157895,0.4019479210,nan,0.0011073935,29.5569804112,nan,nan,nan,nan,nan,nan,nan
3578,45.5263157895,1.1864546446,nan,0.0000000007,91.4285807619,nan,nan,nan,nan,nan,nan,nan
3579,45.5263157895,1.0276233858,nan,0.0000000409,73.8845833706,nan,nan,nan,nan,nan,nan,nan
3580,45.5263157895,0.6526770467,nan,0.0000550624,42.5914509391,nan,nan,nan,nan,nan,nan,nan
3581,45.5263157895,0.6794758393,nan,0.0000366632,44.3577015366,nan,nan,nan,nan,nan,nan,nan
3582,45.5263157895,0.6085374659,nan,0.0001037605,39.8396802458,nan,nan,nan,nan,nan,nan,nan
3583,45.5263157895,0.1964246398,nan,0.0044159052,23.5498025505,nan,nan,nan,nan,nan,nan,nan
3584,45.5263157895,0.8170124894,nan,0.0000034992,54.5603112905,nan,nan,nan,nan,nan,nan,nan
3585,45.5263157895,0.1743561203,nan,0.0048379861,23.1533537990,nan,nan,nan,nan,nan,nan,nan
3586,45.5263157895,0.4922979219,nan,0.0004437709,33.5284118154,nan,nan,nan,nan,nan,nan,nan
3587,45.5263157895,0.7771369360,nan,0.0000072342,51.4060682208,nan,nan,nan,nan,nan,nan,nan
3588,45.5263157895,0.4571515234,nan,0.0006476530,31.8865759070,nan,nan,nan,nan,nan,nan,nan
3589,45.5263157895,0.6670549114,nan,0.0000443600,43.5300848120,nan,nan,nan,nan,nan,nan,nan
3590,45.5263157895,0.8572576884,nan,0.0000016194,57.9064774601,nan,nan,nan,nan,nan,nan,nan
3591,45.5263157895,0.5885646785,nan,0.0001361810,38.6588349225,nan,nan,nan,nan,nan,nan,nan
3592,45.5263157895,0.0189557948,nan,0.0067444541,21.7105319615,nan,nan,nan,nan,nan,nan,nan
3593,45.5263157895,0.7966165612,nan,0.0000050969,52.9269120547,nan,nan,nan,nan,nan,nan,nan
3594,45.5263157895,0.2845535978,nan,0.0027463400,25.6124569948,nan,nan,nan,nan,nan,nan,nan
3595,45.5263157895,0.6484573777,nan,0.0000586149,42.3199222986,nan,nan,nan,nan,nan,nan,nan
3596,45.5263157895,0.3664651012,nan,0.0015065667,28.2201165018,nan,nan,nan,nan,nan,nan,nan
3597,45.5263157895,0.6883729030,nan,0.0000319149,44.9600604023,nan,nan,nan,nan,nan,nan,nan
3598,45.5263157895,1.0308558943,nan,0.0000000379,74.2161430530,nan,nan,nan,nan,nan,nan,nan
3599,45.5263157895,0.5925179887,nan,0.0001291402,38.8893865726,nan,nan,nan,nan,nan,nan,nan
3600,45.5263157895,0.5125065439,nan,0.0003525003,34.5284047397,nan,nan,nan,nan,nan,nan,nan
3601,45.5263157895,1.1953940546,nan,0.0000000006,92.4920762323,nan,nan,nan,nan,nan,nan,nan
3602,45.5263157895,0.3779825440,nan,0.0013676349,28.6402981695,nan,nan,nan,nan,nan,nan,nan
3603,45.5263157895,0.7079228803,nan,0.0000233796,46.3116371060,nan,nan,nan,nan,nan,nan,nan
3604,45.5263157895,0.2758198307,nan,0.0029015316,25.3737268858,nan,nan,nan,nan,nan,nan,nan
3605,45.5263157895,0.6661890283,nan,0.0000449472,43.4729688835,nan,nan,nan,nan,nan,nan,nan
3606,45.5263157895,0.4107742482,nan,0.0010211697,29.9090208253,nan,nan,nan,nan,nan,nan,nan
3607,45.5263157895,0.3566241222,nan,0.0016324645,27.8715624782,nan,nan,nan,nan,nan,nan,nan
3608,45.5263157895,0.2875587721,nan,0.0026937978,25.6963500777,nan,nan,nan,nan,nan,nan,nan
3609,45.5263157895,0.7242756197,nan,0.0000178989,47.4717255860,nan,nan,nan,nan,nan,nan,nan
3610,45.5263157895,0.6840708397,nan,0.0000341366,44.6678028894,nan,nan,nan,nan,nan,nan,nan
3611,45.5263157895,0.3231179152,nan,0.0021100456,26.7570815897,nan,nan,nan,nan,nan,nan,nan
3612,45.5263157895,0.7865774565,nan,0.0000061117,52.1383446628,nan,nan,nan,nan,nan,nan,nan
3613,45.5263157895,0.6853352432,nan,0.0000334695,44.7535059862,nan,nan,nan,nan,nan,nan,nan
3614,45.5263157895,0.5837694175,nan,0.0001451681,38.3812870771,nan,nan,nan,nan,nan,nan,nan
3615,45.5263157895,0.2967947897,nan,0.0025352495,25.9597928797,nan,nan,nan,nan,nan,nan,nan
3616,45.5263157895,0.0735825770,nan,0.0063823573,21.9501888574,nan,nan,nan,nan,nan,nan,nan
3617,45.5263157895,0.6186898299,nan,0.0000900478,40.4552704626,nan,nan,nan,nan,nan,nan,nan
3618,45.5263157895,0.4078472923,nan,0.0010492000,29.7914171154,nan,nan,nan,nan,nan,nan,nan
3619,45.5263157895,0.5057582564,nan,0.0003810720,34.1899293319,nan,nan,nan,nan,nan,nan,nan
3620,45.5263157895,0.5911530697,nan,0.0001315343,38.8096090583,nan,nan,nan,nan,nan,nan,nan
3621,45.5263157895,0.4652547212,nan,0.0005950928,32.2541533168,nan,nan,nan,nan,nan,nan,nan
3622,45.5263157895,0.5969145237,nan,0.0001216850,39.1476289265,nan,nan,nan,nan,nan,nan,nan
3623,45.5263157895,0.4809726555,nan,0.0005028206,32.9858693568,nan,nan,nan,nan,nan,nan,nan
3624,45.5263157895,0.5094941493,nan,0.0003650272,34.3767479541,nan,nan,nan,nan,nan,nan,nan
3625,45.5263157895,0.2180446046,nan,0.0039950775,23.9847478699,nan,nan,nan,nan,nan,nan,nan
3626,45.5263157895,0.9046121406,nan,0.0000006233,62.0532018036,nan,nan,nan,nan,nan,nan,nan
3627,45.5263157895,0.7119939107,nan,0.0000218881,46.5979251823,nan,nan,nan,nan,nan,nan,nan
3628,45.5263157895,0.3038432061,nan,0.0024173897,26.1665333381,nan,nan,nan,nan,nan,nan,nan
3629,45.5263157895,1.3800941688,nan,0.0000000000,116.2824390672,nan,nan,nan,nan,nan,nan,nan
3630,45.5263157895,0.5267247353,nan,0.0002980934,35.2564768853,nan,nan,nan,nan,nan,nan,nan
3631,45.5263157895,0.4311552629,nan,0.0008410804,30.7516246733,nan,nan,nan,nan,nan,nan,nan
3632,45.5263157895,0.4105507672,nan,0.0010232903,29.9000113246,nan,nan,nan,nan,nan,nan,nan
3633,45.5263157895,0.6074613682,nan,0.0001053165,39.7750376266,nan,nan,nan,nan,nan,nan,nan
3634,45.5263157895,0.4461909664,nan,0.0007244652,31.3998249119,nan,nan,nan,nan,nan,nan,nan
3635,45.5263157895,0.2073738671,nan,0.0042030904,23.7643126651,nan,nan,nan,nan,nan,nan,nan
3636,45.5263157895,0.5106583250,nan,0.0003601430,34.4352497962,nan,nan,nan,nan,nan,nan,nan
3637,45.5263157895,1.1188743699,nan,0.0000000043,83.6511811615,nan,nan,nan,nan,nan,nan,nan
3638,45.5263157895,0.1297604617,nan,0.0056255472,22.4983522766,nan,nan,nan,nan,nan,nan,nan
3639,45.5263157895,0.6722067845,nan,0.0000410065,43.8714749654,nan,nan,nan,nan,nan,nan,nan
3640,45.5263157895,0.6083577990,nan,0.0001040189,39.8288793300,nan,nan,nan,nan,nan,nan,nan
3641,45.5263157895,1.0157717904,nan,0.0000000540,72.6780134722,nan,nan,nan,nan,nan,nan,nan
3642,45.5263157895,0.5424634974,nan,0.0002462617,36.0860307885,nan,nan,nan,nan,nan,nan,nan
3643,45.5263157895,0.4775422818,nan,0.0005219071,32.8240675719,nan,nan,nan,nan,nan,nan,nan
3644,45.5263157895,0.5364548281,nan,0.0002650698,35.7663983043,nan,nan,nan,nan,nan,nan,nan
3645,45.5263157895,1.1929860938,nan,0.0000000006,92.2048097591,nan,nan,nan,nan,nan,nan,nan
3646,45.5263157895,0.4403831547,nan,0.0007679325,31.1467692464,nan,nan,nan,nan,nan,nan,nan
3647,45.5263157895,0.4302263486,nan,0.0008487272,30.7123190385,nan,nan,nan,nan,nan,nan,nan
3648,45.5263157895,0.7844571186,nan,0.0000063488,51.9730930720,nan,nan,nan,nan,nan,nan,nan
3649,45.5263157895,0.2074864527,nan,0.0042008969,23.7665797901,nan,nan,nan,nan,nan,nan,nan
3650,45.5263157895,0.2260403791,nan,0.0038394653,24.1572925821,nan,nan,nan,nan,nan,nan,nan
3651,45.5263157895,0.3351534504,nan,0.0019299427,27.1445559341,nan,nan,nan,nan,nan,nan,nan
3652,45.5263157895,0.8713158015,nan,0.0000012263,59.1138714713,nan,nan,nan,nan,nan,nan,nan
3653,45.5263157895,0.8476942804,nan,0.0000019514,57.0965220218,nan,nan,nan,nan,nan,nan,nan
3654,45.5263157895,0.5677843546,nan,0.0001789475,37.4727432524,nan,nan,nan,nan,nan,nan,nan
3655,45.5263157895,0.1485381996,nan,0.0053084050,22.7503595076,nan,nan,nan,nan,nan,nan,nan
3656,45.5263157895,0.7930700408,nan,0.0000054360,52.6471732530,nan,nan,nan,nan,nan,nan,nan
3657,45.5263157895,0.5368979943,nan,0.0002636423,35.7898490331,nan,nan,nan,nan,nan,nan,nan
3658,45.5263157895,0.7450571193,nan,0.0000126332,48.9848562795,nan,nan,nan,nan,nan,nan,nan
3659,45.5263157895,1.0268905932,nan,0.0000000416,73.8095676902,nan,nan,nan,nan,nan,nan,nan
3660,45.5263157895,0.7456803744,nan,0.0000125000,49.0309083291,nan,nan,nan,nan,nan,nan,nan
3661,45.5263157895,0.6177891352,nan,0.0000911961,40.4002382307,nan,nan,nan,nan,nan,nan,nan
3662,45.5263157895,0.5380473513,nan,0.0002599704,35.8507605091,nan,nan,nan,nan,nan,nan,nan
3663,45.5263157895,0.5038186619,nan,0.0003896289,34.0934882139,nan,nan,nan,nan,nan,nan,nan
3664,45.5263157895,0.1482136919,nan,0.0053140901,22.7457108452,nan,nan,nan,nan,nan,nan,nan
3665,45.5263157895,0.1087946242,nan,0.0059459773,22.2577675273,nan,nan,nan,nan,nan,nan,nan
3666,45.5263157895,0.7922635631,nan,0.0000055160,52.5837377700,nan,nan,nan,nan,nan,nan,nan
3667,45.5263157895,0.4679478963,nan,0.0005783923,32.3777746121,nan,nan,nan,nan,nan,nan,nan
3668,45.5263157895,0.4818673383,nan,0.0004979362,33.0282627475,nan,nan,nan,nan,nan,nan,nan
3669,45.5263157895,0.7166772698,nan,0.0000202799,46.9293381179,nan,nan,nan,nan,nan,nan,nan
3670,45.5263157895,0.2750311857,nan,0.0029157197,25.3525422183,nan,nan,nan,nan,nan,nan,nan
3671,45.5263157895,0.3242310210,nan,0.0020929975,26.7923128461,nan,nan,nan,nan,nan,nan,nan
3672,45.5263157895,0.4633474530,nan,0.0006071493,32.1670451039,nan,nan,nan,nan,nan,nan,nan
3673,45.5263157895,0.3066664477,nan,0.0023709770,26.2507266151,nan,nan,nan,nan,nan,nan,nan
3674,45.5263157895,0.4359147970,nan,0.0008027182,30.9543691316,nan,nan,nan,nan,nan,nan,nan
3675,45.5263157895,0.6236367912,nan,0.0000839657,40.7589815748,nan,nan,nan,nan,nan,nan,nan
3676,45.5263157895,0.3712786733,nan,0.0014473985,28.3941189594,nan,nan,nan,nan,nan,nan,nan
3677,45.5263157895,0.5926108511,nan,0.0001289787,38.8948210435,nan,nan,nan,nan,nan,nan,nan
3678,45.5263157895,0.2688711411,nan,0.0030274769,25.1891916504,nan,nan,nan,nan,nan,nan,nan
3679,45.5263157895,0.7343452785,nan,0.0000151374,48.1994792463,nan,nan,nan,nan,nan,nan,nan
3680,45.5263157895,0.4710957168,nan,0.0005593474,32.5231841318,nan,nan,nan,nan,nan,nan,nan
3681,45.5263157895,0.8200641934,nan,0.0000033050,54.8083154475,nan,nan,nan,nan,nan,nan,nan
3682,45.5263157895,0.4884279722,nan,0.0004632787,33.3415765872,nan,nan,nan,nan,nan,nan,nan
3683,45.5263157895,0.7525336803,nan,0.0000111176,49.5398775534,nan,nan,nan,nan,nan,nan,nan
3684,45.5263157895,0.1462765144,nan,0.0053478902,22.7181751922,nan,nan,nan,nan,nan,nan,nan
3685,45.5263157895,0.5599064823,nan,0.0001979513,37.0344171892,nan,nan,nan,nan,nan,nan,nan
3686,45.5263157895,0.5698943643,nan,0.0001741325,37.5912014196,nan,nan,nan,nan,nan,nan,nan
3687,45.5263157895,0.4237196866,nan,0.0009037713,30.4394145593,nan,nan,nan,nan,nan,nan,nan
3688,45.5263157895,0.1333776696,nan,0.0055664588,22.5442099993,nan,nan,nan,nan,nan,nan,nan
3689,45.5263157895,0.6362181997,nan,0.0000701056,41.5424759442,nan,nan,nan,nan,nan,nan,nan
3690,45.5263157895,0.6403631543,nan,0.0000660073,41.8040821045,nan,nan,nan,nan,nan,nan,nan
3691,45.5263157895,0.6939202342,nan,0.0000292438,45.3396632004,nan,nan,nan,nan,nan,nan,nan
3692,45.5263157895,0.2641148148,nan,0.0031148440,25.0656369934,nan,nan,nan,nan,nan,nan,nan
3693,45.5263157895,1.3156987277,nan,0.0000000000,107.5941361291,nan,nan,nan,nan,nan,nan,nan
3694,45.5263157895,0.3954795668,nan,0.0011738369,29.3039222787,nan,nan,nan,nan,nan,nan,nan
3695,45.5263157895,0.7435789321,nan,0.0000129545,48.8757901502,nan,nan,nan,nan,nan,nan,nan
3696,45.5263157895,0.2703935003,nan,0.0029997072,25.2292113615,nan,nan,nan,nan,nan,nan,nan
3697,45.5263157895,0.3865885621,nan,0.0012697282,28.9628922951,nan,nan,nan,nan,nan,nan,nan
3698,45.5263157895,0.7233994738,nan,0.0000181598,47.4088877592,nan,nan,nan,nan,nan,nan,nan
3699,45.5263157895,0.1124624955,nan,0.0058928368,22.2967558495,nan,nan,nan,nan,nan,nan,nan
3700,45.5263157895,1.1582082565,nan,0.0000000015,88.1215040861,nan,nan,nan,nan,nan,nan,nan
3701,45.5263157895,0.7276504168,nan,0.0000169259,47.7144908897,nan,nan,nan,nan,nan,nan,nan
3702,45.5263157895,0.8806691509,nan,0.0000010167,59.9282517237,nan,nan,nan,nan,nan,nan,nan
3703,45.5263157895,0.1036595772,nan,0.0060181221,22.2053900275,nan,nan,nan,nan,nan,nan,nan
3704,45.5263157895,0.0291751649,nan,0.0067087519,21.7335826647,nan,nan,nan,nan,nan,nan,nan
3705,45.5263157895,0.5233327429,nan,0.0003103885,35.0809436972,nan,nan,nan,nan,nan,nan,nan
3706,45.5263157895,0.9825994409,nan,0.0000001154,69.3764653068,nan,nan,nan,nan,nan,nan,nan
3707,45.5263157895,0.3273802388,nan,0.0020451931,26.8926567993,nan,nan,nan,nan,nan,nan,nan
3708,45.5263157895,0.3865165711,nan,0.0012705264,28.9601631164,nan,nan,nan,nan,nan,nan,nan
3709,45.5263157895,0.4746252309,nan,0.0005385916,32.6874038874,nan,nan,nan,nan,nan,nan,nan
3710,45.5263157895,0.6501661981,nan,0.0000571523,42.4296663691,nan,nan,nan,nan,nan,nan,nan
3711,45.5263157895,0.8133556789,nan,0.0000037460,54.2643693764,nan,nan,nan,nan,nan,nan,nan
3712,45.5263157895,0.4907954039,nan,0.0004512638,33.4556945809,nan,nan,nan,nan,nan,nan,nan
3713,45.5263157895,0.2222958503,nan,0.0039122794,24.0757013578,nan,nan,nan,nan,nan,nan,nan
3714,45.5263157895,0.1425237369,nan,0.0054126764,22.6658793720,nan,nan,nan,nan,nan,nan,nan
3715,45.5263157895,0.4984916706,nan,0.0004139467,33.8305554279,nan,nan,nan,nan,nan,nan,nan
3716,45.5263157895,0.2530850409,nan,0.0033206720,24.7877402382,nan,nan,nan,nan,nan,nan,nan
3717,45.5263157895,0.6631446540,nan,0.0000470679,43.2727525343,nan,nan,nan,nan,nan,nan,nan
3718,45.5263157895,0.3295325448,nan,0.0020128883,26.9618031465,nan,nan,nan,nan,nan,nan,nan
3719,45.5263157895,0.3048573906,nan,0.0024006637,26.1966867450,nan,nan,nan,nan,nan,nan,nan
3720,45.5263157895,0.6334017717,nan,0.0000730179,41.3657040509,nan,nan,nan,nan,nan,nan,nan
3721,45.5263157895,1.4667706173,nan,0.0000000000,128.6433145589,nan,nan,nan,nan,nan,nan,nan
3722,45.5263157895,0.2481109176,nan,0.0034147924,24.6663569939,nan,nan,nan,nan,nan,nan,nan
3723,45.5263157895,1.1518375331,nan,0.0000000018,87.3868136500,nan,nan,nan,nan,nan,nan,nan
3724,45.5263157895,0.5088594320,nan,0.0003677131,34.3449094714,nan,nan,nan,nan,nan,nan,nan
3725,45.5263157895,0.9062368826,nan,0.0000006026,62.1994973774,nan,nan,nan,nan,nan,nan,nan
3726,45.5263157895,0.7699005083,nan,0.0000082208,50.8508413028,nan,nan,nan,nan,nan,nan,nan
3727,45.5263157895,0.2174679638,nan,0.0040063156,23.9725483669,nan,nan,nan,nan,nan,nan,nan
3728,45.5263157895,0.3395359013,nan,0.0018667138,27.2892225230,nan,nan,nan,nan,nan,nan,nan
3729,45.5263157895,0.6105935411,nan,0.0001008436,39.9635147783,nan,nan,nan,nan,nan,nan,nan
3730,45.5263157895,0.7971428364,nan,0.0000050483,52.9685311453,nan,nan,nan,nan,nan,nan,nan
3731,45.5263157895,0.3516710570,nan,0.0016983300,27.6997790941,nan,nan,nan,nan,nan,nan,nan
3732,45.5263157895,0.4062845677,nan,0.0010643936,29.7289775644,nan,nan,nan,nan,nan,nan,nan
3733,45.5263157895,0.4272080409,nan,0.0008739370,30.5851986200,nan,nan,nan,nan,nan,nan,nan
3734,45.5263157895,0.7591746731,nan,0.0000099138,50.0375943347,nan,nan,nan,nan,nan,nan,nan
3735,45.5263157895,0.7045420632,nan,0.0000246879,46.0751551720,nan,nan,nan,nan,nan,nan,nan
3736,45.5263157895,0.8437751324,nan,0.0000021051,56.7672645361,nan,nan,nan,nan,nan,nan,nan
3737,45.5263157895,1.8346068161,nan,0.0000000000,189.6247379103,nan,nan,nan,nan,nan,nan,nan
3738,45.5263157895,0.7299389555,nan,0.0000162938,47.8797690961,nan,nan,nan,nan,nan,nan,nan
3739,45.5263157895,0.3753997161,nan,0.0013980022,28.5449214768,nan,nan,nan,nan,nan,nan,nan
3740,45.5263157895,0.6739844348,nan,0.0000399035,43.9898908918,nan,nan,nan,nan,nan,nan,nan
3741,45.5263157895,0.4619444162,nan,0.0006161411,32.1031981688,nan,nan,nan,nan,nan,nan,nan
3742,45.5263157895,0.1863998897,nan,0.0046091751,23.3637679457,nan,nan,nan,nan,nan,nan,nan
3743,45.5263157895,0.7042549804,nan,0.0000248020,46.0551272590,nan,nan,nan,nan,nan,nan,nan
3744,45.5263157895,0.7904800350,nan,0.0000056968,52.4436829209,nan,nan,nan,nan,nan,nan,nan
3745,45.5263157895,0.4867267145,nan,0.0004720721,33.2599166741,nan,nan,nan,nan,nan,nan,nan
3746,45.5263157895,0.6559646123,nan,0.0000524295,42.8042409061,nan,nan,nan,nan,nan,nan,nan
3747,45.5263157895,0.8168345313,nan,0.0000035108,54.5458780959,nan,nan,nan,nan,nan,nan,nan
3748,45.5263157895,0.3714313619,nan,0.0014455476,28.3996761574,nan,nan,nan,nan,nan,nan,nan
3749,45.5263157895,0.4315047570,nan,0.0008382170,30.7664353059,nan,nan,nan,nan,nan,nan,nan
3750,45.5263157895,1.2141454191,nan,0.0000000003,94.7492331004,nan,nan,nan,nan,nan,nan,nan
3751,45.5263157895,0.6589641885,nan,0.0000501264,42.9993386225,nan,nan,nan,nan,nan,nan,nan
3752,45.5263157895,0.1159132817,nan,0.0058416611,22.3346364029,nan,nan,nan,nan,nan,nan,nan
3753,45.5263157895,0.8142349218,nan,0.0000036852,54.3354023929,nan,nan,nan,nan,nan,nan,nan
3754,45.5263157895,0.3917660069,nan,0.0012132425,29.1605237922,nan,nan,nan,nan,nan,nan,nan
3755,45.5263157895,0.2316105842,nan,0.0037314466,24.2812276631,nan,nan,nan,nan,nan,nan,nan
3756,45.5263157895,0.1554963479,nan,0.0051849864,22.8525237712,nan,nan,nan,nan,nan,nan,nan
3757,45.5263157895,0.4795603106,nan,0.0005106096,32.9191101784,nan,nan,nan,nan,nan,nan,nan
3758,45.5263157895,0.1032750555,nan,0.0060234160,22.2015714533,nan,nan,nan,nan,nan,nan,nan
3759,45.5263157895,0.6794682602,nan,0.0000366675,44.3571917983,nan,nan,nan,nan,nan,nan,nan
3760,45.5263157895,0.8263792775,nan,0.0000029346,55.3245107450,nan,nan,nan,nan,nan,nan,nan
3761,45.5263157895,0.5116601475,nan,0.0003559835,34.4857017498,nan,nan,nan,nan,nan,nan,nan
3762,45.5263157895,0.6470595442,nan,0.0000598361,42.2303687323,nan,nan,nan,nan,nan,nan,nan
3763,45.5263157895,0.6460325011,nan,0.0000607478,42.1646953907,nan,nan,nan,nan,nan,nan,nan
3764,45.5263157895,0.9765651039,nan,0.0000001322,68.7878594762,nan,nan,nan,nan,nan,nan,nan
3765,45.5263157895,0.1911629018,nan,0.0045175993,23.4509229432,nan,nan,nan,nan,nan,nan,nan
3766,45.5263157895,0.3502376152,nan,0.0017177028,27.6505196993,nan,nan,nan,nan,nan,nan,nan
3767,45.5263157895,0.8208486743,nan,0.0000032567,54.8722200298,nan,nan,nan,nan,nan,nan,nan
3768,45.5263157895,0.2815546102,nan,0.0027992201,25.5296295454,nan,nan,nan,nan,nan,nan,nan
3769,45.5263157895,0.4904326446,nan,0.0004530882,33.4381720061,nan,nan,nan,nan,nan,nan,nan
3770,45.5263157895,0.2808214851,nan,0.0028122133,25.5095174159,nan,nan,nan,nan,nan,nan,nan
3771,45.5263157895,0.6060903501,nan,0.0001073286,39.6928471877,nan,nan,nan,nan,nan,nan,nan
3772,45.5263157895,0.5989255720,nan,0.0001184023,39.2664000625,nan,nan,nan,nan,nan,nan,nan
3773,45.5263157895,0.4476960389,nan,0.0007135176,31.4659531398,nan,nan,nan,nan,nan,nan,nan
3774,45.5263157895,0.5403066208,nan,0.0002528786,35.9708789455,nan,nan,nan,nan,nan,nan,nan
3775,45.5263157895,0.2682857090,nan,0.0030381814,25.1738629722,nan,nan,nan,nan,nan,nan,nan
3776,45.5263157895,0.1458211216,nan,0.0053558012,22.7117555429,nan,nan,nan,nan,nan,nan,nan
3777,45.5263157895,0.4726846247,nan,0.0005499259,32.5969579949,nan,nan,nan,nan,nan,nan,nan
3778,45.5263157895,0.1931405400,nan,0.0044794356,23.4877670591,nan,nan,nan,nan,nan,nan,nan
3779,45.5263157895,0.5097610193,nan,0.0003639027,34.3901466448,nan,nan,nan,nan,nan,nan,nan
3780,45.5263157895,0.5646833459,nan,0.0001862319,37.2994597958,nan,nan,nan,nan,nan,nan,nan
3781,45.5263157895,0.2862399998,nan,0.0027167992,25.6594246538,nan,nan,nan,nan,nan,nan,nan
3782,45.5263157895,0.8204251322,nan,0.0000032827,54.8377101602,nan,nan,nan,nan,nan,nan,nan
3783,45.5263157895,0.5607601976,nan,0.0001958115,37.0816173401,nan,nan,nan,nan,nan,nan,nan
3784,45.5263157895,0.6888178099,nan,0.0000316928,44.9903910777,nan,nan,nan,nan,nan,nan,nan
3785,45.5263157895,1.0345537718,nan,0.0000000347,74.5967337366,nan,nan,nan,nan,nan,nan,nan
3786,45.5263157895,0.3666916424,nan,0.0015037465,28.2282538345,nan,nan,nan,nan,nan,nan,nan
3787,45.5263157895,0.3494922397,nan,0.0017278315,27.6249861148,nan,nan,nan,nan,nan,nan,nan
3788,45.5263157895,0.6878198239,nan,0.0000321930,44.9223830581,nan,nan,nan,nan,nan,nan,nan
3789,45.5263157895,0.3054391809,nan,0.0023910957,26.2140304441,nan,nan,nan,nan,nan,nan,nan
3790,45.5263157895,0.5775578140,nan,0.0001575726,38.0251923704,nan,nan,nan,nan,nan,nan,nan
3791,45.5263157895,0.3129789950,nan,0.0022689035,26.4418396978,nan,nan,nan,nan,nan,nan,nan
3792,45.5263157895,0.5751732661,nan,0.0001625728,37.8895209424,nan,nan,nan,nan,nan,nan,nan
3793,45.5263157895,0.5765763289,nan,0.0001596144,37.9692806321,nan,nan,nan,nan,nan,nan,nan
3794,45.5263157895,0.3112154539,nan,0.0022971799,26.3880499039,nan,nan,nan,nan,nan,nan,nan
3795,45.5263157895,0.5536580365,nan,0.0002142309,36.6911786235,nan,nan,nan,nan,nan,nan,nan
3796,45.5263157895,0.2902830300,nan,0.0026465645,25.7731751780,nan,nan,nan,nan,nan,nan,nan
3797,45.5263157895,0.1671304845,nan,0.0049728269,23.0339666153,nan,nan,nan,nan,nan,nan,nan
3798,45.5263157895,0.4980380732,nan,0.0004160737,33.8082977303,nan,nan,nan,nan,nan,nan,nan
3799,45.5263157895,0.4793820257,nan,0.0005115997,32.9106971364,nan,nan,nan,nan,nan,nan,nan
3800,45.5263157895,0.4027104040,nan,0.0010997436,29.5870855785,nan,nan,nan,nan,nan,nan,nan
3801,45.5263157895,0.4485197183,nan,0.0007075809,31.5022388853,nan,nan,nan,nan,nan,nan,nan
3802,45.5263157895,0.2539343350,nan,0.0033046767,24.8087102802,nan,nan,nan,nan,nan,nan,nan
3803,45.5263157895,1.2384124002,nan,0.0000000002,97.7233336669,nan,nan,nan,nan,nan,nan,nan
3804,45.5263157895,1.0023347638,nan,0.0000000737,71.3272413910,nan,nan,nan,nan,nan,nan,nan
3805,45.5263157895,0.0588668026,nan,0.0065202915,21.8573299133,nan,nan,nan,nan,nan,nan,nan
3806,45.5263157895,0.4332241205,nan,0.0008242378,30.8394749717,nan,nan,nan,nan,nan,nan,nan
3807,45.5263157895,0.2029502385,nan,0.0042892126,23.6762243133,nan,nan,nan,nan,nan,nan,nan
3808,45.5263157895,0.7069110340,nan,0.0000237644,46.2407396733,nan,nan,nan,nan,nan,nan,nan
3809,45.5263157895,0.2165105868,nan,0.0040249765,23.9523664565,nan,nan,nan,nan,nan,nan,nan
3810,45.5263157895,0.5662132647,nan,0.0001826068,37.3848306620,nan,nan,nan,nan,nan,nan,nan
3811,45.5263157895,1.1098092633,nan,0.0000000054,82.6431788064,nan,nan,nan,nan,nan,nan,nan
3812,45.5263157895,0.4766811863,nan,0.0005267885,32.7836367573,nan,nan,nan,nan,nan,nan,nan
3813,45.5263157895,0.5441642333,nan,0.0002411482,36.1771588770,nan,nan,nan,nan,nan,nan,nan
3814,45.5263157895,1.2754716827,nan,0.0000000001,102.3806804949,nan,nan,nan,nan,nan,nan,nan
3815,45.5263157895,0.3207454349,nan,0.0021466437,26.6824003996,nan,nan,nan,nan,nan,nan,nan
3816,45.5263157895,0.4791779191,nan,0.0005127351,32.9010695029,nan,nan,nan,nan,nan,nan,nan
3817,45.5263157895,0.7109685555,nan,0.0000222553,46.5256616786,nan,nan,nan,nan,nan,nan,nan
3818,45.5263157895,0.4903540056,nan,0.0004534845,33.4343751980,nan,nan,nan,nan,nan,nan,nan
3819,45.5263157895,0.5167690728,nan,0.0003353860,34.7445512591,nan,nan,nan,nan,nan,nan,nan
3820,45.5263157895,0.2948704727,nan,0.0025679072,25.9042067205,nan,nan,nan,nan,nan,nan,nan
3821,45.5263157895,0.8684476381,nan,0.0000012984,58.8659158147,nan,nan,nan,nan,nan,nan,nan
3822,45.5263157895,0.5031855988,nan,0.0003924558,34.0620923780,nan,nan,nan,nan,nan,nan,nan
3823,45.5263157895,0.3665687264,nan,0.0015052762,28.2238380731,nan,nan,nan,nan,nan,nan,nan
3824,45.5263157895,0.8011438138,nan,0.0000046926,53.2858514450,nan,nan,nan,nan,nan,nan,nan
3825,45.5263157895,0.9354287674,nan,0.0000003256,64.8734746669,nan,nan,nan,nan,nan,nan,nan
3826,45.5263157895,0.3369735233,nan,0.0019035288,27.2044054088,nan,nan,nan,nan,nan,nan,nan
3827,45.5263157895,0.5306326504,nan,0.0002844371,35.4601376921,nan,nan,nan,nan,nan,nan,nan
3828,45.5263157895,0.5917304900,nan,0.0001305168,38.8433356089,nan,nan,nan,nan,nan,nan,nan
3829,45.5263157895,0.3322747266,nan,0.0019721651,27.0505673892,nan,nan,nan,nan,nan,nan,nan
3830,45.5263157895,0.3775536945,nan,0.0013726456,28.6244159261,nan,nan,nan,nan,nan,nan,nan
3831,45.5263157895,0.8566916244,nan,0.0000016375,57.8582785548,nan,nan,nan,nan,nan,nan,nan
3832,45.5263157895,0.6238474915,nan,0.0000837149,40.7719717822,nan,nan,nan,nan,nan,nan,nan
3833,45.5263157895,0.5234300516,nan,0.0003100300,35.0859632968,nan,nan,nan,nan,nan,nan,nan
3834,45.5263157895,0.3268761987,nan,0.0020528016,26.8765302371,nan,nan,nan,nan,nan,nan,nan
3835,45.5263157895,1.2680275979,nan,0.0000000001,101.4339589822,nan,nan,nan,nan,nan,nan,nan
3836,45.5263157895,0.3887635569,nan,0.0012457790,29.0455898924,nan,nan,nan,nan,nan,nan,nan
3837,45.5263157895,0.6341661056,nan,0.0000722171,41.4135983317,nan,nan,nan,nan,nan,nan,nan
3838,45.5263157895,0.6906754609,nan,0.0000307805,45.1172480801,nan,nan,nan,nan,nan,nan,nan
3839,45.5263157895,0.6647662948,nan,0.0000459274,43.3792853733,nan,nan,nan,nan,nan,nan,nan
3840,45.5263157895,0.5567223006,nan,0.0002061097,36.8590150652,nan,nan,nan,nan,nan,nan,nan
3841,45.5263157895,0.4056149849,nan,0.0010709523,29.7022985576,nan,nan,nan,nan,nan,nan,nan
3842,45.5263157895,0.6567170220,nan,0.0000518431,42.8530939572,nan,nan,nan,nan,nan,nan,nan
3843,45.5263157895,0.5232252571,nan,0.0003107849,35.0754002218,nan,nan,nan,nan,nan,nan,nan
3844,45.5263157895,0.0965006483,nan,0.0061141187,22.1366613464,nan,nan,nan,nan,nan,nan,nan
3845,45.5263157895,0.3703999445,nan,0.0014580814,28.3621822103,nan,nan,nan,nan,nan,nan,nan
3846,45.5263157895,0.4161845994,nan,0.0009708102,30.1286565994,nan,nan,nan,nan,nan,nan,nan
3847,45.5263157895,0.3516202927,nan,0.0016990137,27.6980311169,nan,nan,nan,nan,nan,nan,nan
3848,45.5263157895,0.5522765912,nan,0.0002179806,36.6158217435,nan,nan,nan,nan,nan,nan,nan
3849,45.5263157895,0.8229713499,nan,0.0000031294,55.0454466532,nan,nan,nan,nan,nan,nan,nan
3850,45.5263157895,0.6512227850,nan,0.0000562643,42.4976694871,nan,nan,nan,nan,nan,nan,nan
3851,45.5263157895,0.7126730807,nan,0.0000216479,46.6458490270,nan,nan,nan,nan,nan,nan,nan
3852,45.5263157895,1.3915245875,nan,0.0000000000,117.8687394559,nan,nan,nan,nan,nan,nan,nan
3853,45.5263157895,0.7078484923,nan,0.0000234077,46.3064214244,nan,nan,nan,nan,nan,nan,nan
3854,45.5263157895,0.3966142043,nan,0.0011619808,29.3480103655,nan,nan,nan,nan,nan,nan,nan
3855,45.5263157895,0.6904318374,nan,0.0000308987,45.1005915038,nan,nan,nan,nan,nan,nan,nan
3856,45.5263157895,0.4008502957,nan,0.0011184731,29.5137446143,nan,nan,nan,nan,nan,nan,nan
3857,45.5263157895,0.2612272463,nan,0.0031683123,24.9917201437,nan,nan,nan,nan,nan,nan,nan
3858,45.5263157895,0.4709444979,nan,0.0005602507,32.5161761110,nan,nan,nan,nan,nan,nan,nan
3859,45.5263157895,0.7266504818,nan,0.0000172090,47.6424412021,nan,nan,nan,nan,nan,nan,nan
3860,45.5263157895,0.6339087547,nan,0.0000724859,41.3974657886,nan,nan,nan,nan,nan,nan,nan
3861,45.5263157895,0.6828963623,nan,0.0000347669,44.5883392173,nan,nan,nan,nan,nan,nan,nan
3862,45.5263157895,0.3835004551,nan,0.0013042816,28.8462863845,nan,nan,nan,nan,nan,nan,nan
3863,45.5263157895,0.3828125496,nan,0.0013120667,28.8204407424,nan,nan,nan,nan,nan,nan,nan
3864,45.5263157895,0.6343512734,nan,0.0000720243,41.4252100506,nan,nan,nan,nan,nan,nan,nan
3865,45.5263157895,0.4639018683,nan,0.0006036249,32.1923287081,nan,nan,nan,nan,nan,nan,nan
3866,45.5263157895,0.4593201719,nan,0.0006332414,31.9843069197,nan,nan,nan,nan,nan,nan,nan
3867,45.5263157895,0.9365396299,nan,0.0000003179,64.9769315305,nan,nan,nan,nan,nan,nan,nan
3868,45.5263157895,0.4995275331,nan,0.0004091229,33.8814616704,nan,nan,nan,nan,nan,nan,nan
3869,45.5263157895,1.2869818109,nan,0.0000000000,103.8555997729,nan,nan,nan,nan,nan,nan,nan
3870,45.5263157895,0.7618195110,nan,0.0000094688,50.2370523003,nan,nan,nan,nan,nan,nan,nan
3871,45.5263157895,0.4881207174,nan,0.0004648569,33.3268070145,nan,nan,nan,nan,nan,nan,nan
3872,45.5263157895,0.6804094715,nan,0.0000361365,44.4205373236,nan,nan,nan,nan,nan,nan,nan
3873,45.5263157895,0.2263445883,nan,0.0038335559,24.1639819758,nan,nan,nan,nan,nan,nan,nan
3874,45.5263157895,0.6486481043,nan,0.0000584500,42.3321566091,nan,nan,nan,nan,nan,nan,nan
3875,45.5263157895,0.3586235268,nan,0.0016063500,27.9415981535,nan,nan,nan,nan,nan,nan,nan
3876,45.5263157895,0.5287135606,nan,0.0002910762,35.3599332204,nan,nan,nan,nan,nan,nan,nan
3877,45.5263157895,0.2703082832,nan,0.0030012591,25.2269651096,nan,nan,nan,nan,nan,nan,nan
3878,45.5263157895,0.5117465673,nan,0.0003556265,34.4900585716,nan,nan,nan,nan,nan,nan,nan
3879,45.5263157895,0.4627997677,nan,0.0006106469,32.1420985882,nan,nan,nan,nan,nan,nan,nan
3880,45.5263157895,0.8830044623,nan,0.0000009698,60.1329621439,nan,nan,nan,nan,nan,nan,nan
3881,45.5263157895,0.6528481442,nan,0.0000549225,42.6024985420,nan,nan,nan,nan,nan,nan,nan
3882,45.5263157895,0.4393977200,nan,0.0007755027,31.1041666473,nan,nan,nan,nan,nan,nan,nan
3883,45.5263157895,0.0064802638,nan,0.0067673603,21.6958070122,nan,nan,nan,nan,nan,nan,nan
3884,45.5263157895,0.7185064567,nan,0.0000196817,47.0593783161,nan,nan,nan,nan,nan,nan,nan
3885,45.5263157895,0.4048358142,nan,0.0010786215,29.6713094086,nan,nan,nan,nan,nan,nan,nan
3886,45.5263157895,0.4243444964,nan,0.0008983722,30.4654370761,nan,nan,nan,nan,nan,nan,nan
3887,45.5263157895,0.6730877678,nan,0.0000404565,43.9301208231,nan,nan,nan,nan,nan,nan,nan
3888,45.5263157895,0.6341864561,nan,0.0000721959,41.4148743282,nan,nan,nan,nan,nan,nan,nan
3889,45.5263157895,0.5846264766,nan,0.0001435250,38.4307239621,nan,nan,nan,nan,nan,nan,nan
3890,45.5263157895,0.1761016018,nan,0.0048051128,23.1829640889,nan,nan,nan,nan,nan,nan,nan
3891,45.5263157895,0.2005646362,nan,0.0043355873,23.6295206063,nan,nan,nan,nan,nan,nan,nan
3892,45.5263157895,1.0292612774,nan,0.0000000393,74.0524502938,nan,nan,nan,nan,nan,nan,nan
3893,45.5263157895,0.7466718473,nan,0.0000122907,49.1042484841,nan,nan,nan,nan,nan,nan,nan
3894,45.5263157895,0.5924917939,nan,0.0001291858,38.8878537697,nan,nan,nan,nan,nan,nan,nan
3895,45.5263157895,0.3564069090,nan,0.0016353180,27.8639778414,nan,nan,nan,nan,nan,nan,nan
3896,45.5263157895,0.2086402982,nan,0.0041784126,23.7898867580,nan,nan,nan,nan,nan,nan,nan
3897,45.5263157895,0.5430603052,nan,0.0002444570,36.1179756668,nan,nan,nan,nan,nan,nan,nan
3898,45.5263157895,1.1979266725,nan,0.0000000005,92.7948493515,nan,nan,nan,nan,nan,nan,nan
3899,45.5263157895,0.6027755021,nan,0.0001123335,39.4949069790,nan,nan,nan,nan,nan,nan,nan
3900,45.5263157895,0.5552594819,nan,0.0002099532,36.7787758458,nan,nan,nan,nan,nan,nan,nan
3901,45.5263157895,0.1130771007,nan,0.0058838048,22.3034174437,nan,nan,nan,nan,nan,nan,nan
3902,45.5263157895,0.5335357682,nan,0.0002746361,35.6124241174,nan,nan,nan,nan,nan,nan,nan
3903,45.5263157895,0.4307726429,nan,0.0008442238,30.7354242376,nan,nan,nan,nan,nan,nan,nan
3904,45.5263157895,0.8564502100,nan,0.0000016452,57.8377325751,nan,nan,nan,nan,nan,nan,nan
3905,45.5263157895,0.4464186484,nan,0.0007228008,31.4098140239,nan,nan,nan,nan,nan,nan,nan
3906,45.5263157895,0.6523415537,nan,0.0000553376,42.5697970258,nan,nan,nan,nan,nan,nan,nan
3907,45.5263157895,0.5854600228,nan,0.0001419425,38.4788752780,nan,nan,nan,nan,nan,nan,nan
3908,45.5263157895,0.4641138150,nan,0.0006022818,32.2020024665,nan,nan,nan,nan,nan,nan,nan
3909,45.5263157895,0.3760864797,nan,0.0013898832,28.5702168902,nan,nan,nan,nan,nan,nan,nan
3910,45.5263157895,0.1823552606,nan,0.0046865014,23.2915125307,nan,nan,nan,nan,nan,nan,nan
3911,45.5263157895,0.1064768130,nan,0.0059788723,22.2338072113,nan,nan,nan,nan,nan,nan,nan
3912,45.5263157895,0.1897492020,nan,0.0045448323,23.4248214122,nan,nan,nan,nan,nan,nan,nan
3913,45.5263157895,0.8170745689,nan,0.0000034951,54.5653469680,nan,nan,nan,nan,nan,nan,nan
3914,45.5263157895,1.0468165355,nan,0.0000000259,75.8687477545,nan,nan,nan,nan,nan,nan,nan
3915,45.5263157895,0.3988829396,nan,0.0011385312,29.4365505590,nan,nan,nan,nan,nan,nan,nan
3916,45.5263157895,0.2559247972,nan,0.0032672797,24.8581368501,nan,nan,nan,nan,nan,nan,nan
3917,45.5263157895,0.5239805533,nan,0.0003080081,35.1143783801,nan,nan,nan,nan,nan,nan,nan
3918,45.5263157895,0.2506102146,nan,0.0033674092,24.7270411063,nan,nan,nan,nan,nan,nan,nan
3919,45.5263157895,0.7351709701,nan,0.0000149293,48.2596066299,nan,nan,nan,nan,nan,nan,nan
3920,45.5263157895,0.2903795773,nan,0.0026448976,25.7759113579,nan,nan,nan,nan,nan,nan,nan
3921,45.5263157895,1.2736355506,nan,0.0000000001,102.1466421588,nan,nan,nan,nan,nan,nan,nan
3922,45.5263157895,0.4833578364,nan,0.0004898842,33.0990659029,nan,nan,nan,nan,nan,nan,nan
3923,45.5263157895,0.4570654997,nan,0.0006482300,31.8827089080,nan,nan,nan,nan,nan,nan,nan
3924,45.5263157895,0.1213715950,nan,0.0057584675,22.3969308165,nan,nan,nan,nan,nan,nan,nan
3925,45.5263157895,0.8139923850,nan,0.0000037019,54.3158003367,nan,nan,nan,nan,nan,nan,nan
3926,45.5263157895,0.8735277194,nan,0.0000011734,59.3056615399,nan,nan,nan,nan,nan,nan,nan
3927,45.5263157895,0.3016699125,nan,0.0024534310,26.1022615497,nan,nan,nan,nan,nan,nan,nan
3928,45.5263157895,0.9496179079,nan,0.0000002396,66.2043219897,nan,nan,nan,nan,nan,nan,nan
3929,45.5263157895,0.4331935923,nan,0.0008244844,30.8381755379,nan,nan,nan,nan,nan,nan,nan
3930,45.5263157895,0.3003763191,nan,0.0024750113,26.0642281417,nan,nan,nan,nan,nan,nan,nan
3931,45.5263157895,0.3199255491,nan,0.0021593737,26.6567220014,nan,nan,nan,nan,nan,nan,nan
3932,45.5263157895,0.2583665509,nan,0.0032215839,24.9193055074,nan,nan,nan,nan,nan,nan,nan
3933,45.5263157895,0.4582416539,nan,0.0006403768,31.9356443154,nan,nan,nan,nan,nan,nan,nan
3934,45.5263157895,0.5258918943,nan,0.0003010737,35.2132711973,nan,nan,nan,nan,nan,nan,nan
3935,45.5263157895,0.5700327455,nan,0.0001738207,37.5989858883,nan,nan,nan,nan,nan,nan,nan
3936,45.5263157895,0.2230086763,nan,0.0038984084,24.0911266983,nan,nan,nan,nan,nan,nan,nan
3937,45.5263157895,0.2349563500,nan,0.0036667863,24.3571439928,nan,nan,nan,nan,nan,nan,nan
3938,45.5263157895,0.2341361739,nan,0.0036826194,24.3384315866,nan,nan,nan,nan,nan,nan,nan
3939,45.5263157895,0.2585270681,nan,0.0032185871,24.9233473223,nan,nan,nan,nan,nan,nan,nan
3940,45.5263157895,0.6133550004,nan,0.0000970398,40.1305016180,nan,nan,nan,nan,nan,nan,nan
3941,45.5263157895,0.8239989968,nan,0.0000030694,55.1294738793,nan,nan,nan,nan,nan,nan,nan
3942,45.5263157895,0.6851147534,nan,0.0000335850,44.7385492925,nan,nan,nan,nan,nan,nan,nan
3943,45.5263157895,0.3964971938,nan,0.0011631995,29.3434578055,nan,nan,nan,nan,nan,nan,nan
3944,45.5263157895,0.5790306666,nan,0.0001545512,38.1092769294,nan,nan,nan,nan,nan,nan,nan
3945,45.5263157895,0.3248296491,nan,0.0020838617,26.8113111316,nan,nan,nan,nan,nan,nan,nan
3946,45.5263157895,0.6041269302,nan,0.0001102688,39.5754718748,nan,nan,nan,nan,nan,nan,nan
3947,45.5263157895,0.1970957963,nan,0.0044029005,23.5626112939,nan,nan,nan,nan,nan,nan,nan
3948,45.5263157895,1.1046837856,nan,0.0000000062,82.0769350081,nan,nan,nan,nan,nan,nan,nan
3949,45.5263157895,0.8528058983,nan,0.0000017667,57.5282923059,nan,nan,nan,nan,nan,nan,nan
3950,45.5263157895,0.5647555766,nan,0.0001860593,37.3034850528,nan,nan,nan,nan,nan,nan,nan
3951,45.5263157895,0.0973893512,nan,0.0061025006,22.1449216579,nan,nan,nan,nan,nan,nan,nan
3952,45.5263157895,0.1619278204,nan,0.0050685259,22.9511832885,nan,nan,nan,nan,nan,nan,nan
3953,45.5263157895,0.1273162525,nan,0.0056648827,22.4680907682,nan,nan,nan,nan,nan,nan,nan
3954,45.5263157895,1.1037994724,nan,0.0000000063,81.9795088173,nan,nan,nan,nan,nan,nan,nan
3955,45.5263157895,0.3818810802,nan,0.0013226596,28.7855192044,nan,nan,nan,nan,nan,nan,nan
3956,45.5263157895,0.5435040458,nan,0.0002431224,36.1417505699,nan,nan,nan,nan,nan,nan,nan
3957,45.5263157895,0.7133012843,nan,0.0000214278,46.6902178995,nan,nan,nan,nan,nan,nan,nan
3958,45.5263157895,1.3565068198,nan,0.0000000000,113.0510436259,nan,nan,nan,nan,nan,nan,nan
3959,45.5263157895,0.4763425745,nan,0.0005287181,32.7677583136,nan,nan,nan,nan,nan,nan,nan
3960,45.5263157895,0.3097171490,nan,0.0023213505,26.3425927954,nan,nan,nan,nan,nan,nan,nan
3961,45.5263157895,0.7850940938,nan,0.0000062767,52.0226890124,nan,nan,nan,nan,nan,nan,nan
3962,45.5263157895,0.9145108650,nan,0.0000005071,62.9486455043,nan,nan,nan,nan,nan,nan,nan
3963,45.5263157895,0.8645988634,nan,0.0000014014,58.5344909127,nan,nan,nan,nan,nan,nan,nan
3964,45.5263157895,0.3789787187,nan,0.0013560441,28.6772617689,nan,nan,nan,nan,nan,nan,nan
3965,45.5263157895,0.6070232528,nan,0.0001059558,39.7487527581,nan,nan,nan,nan,nan,nan,nan
3966,45.5263157895,0.4484508955,nan,0.0007080755,31.4992044229,nan,nan,nan,nan,nan,nan,nan
3967,45.5263157895,0.1056917564,nan,0.0059898913,22.2258105848,nan,nan,nan,nan,nan,nan,nan
3968,45.5263157895,0.1428091297,nan,0.0054077825,22.6698078589,nan,nan,nan,nan,nan,nan,nan
3969,45.5263157895,0.5934125205,nan,0.0001275918,38.9417720827,nan,nan,nan,nan,nan,nan,nan
3970,45.5263157895,0.6192332100,nan,0.0000893612,40.4885102716,nan,nan,nan,nan,nan,nan,nan
3971,45.5263157895,0.4854784322,nan,0.0004786099,33.2001836513,nan,nan,nan,nan,nan,nan,nan
3972,45.5263157895,0.5740898741,nan,0.0001648896,37.8280686617,nan,nan,nan,nan,nan,nan,nan
3973,45.5263157895,0.7549094680,nan,0.0000106723,49.7174230751,nan,nan,nan,nan,nan,nan,nan
3974,45.5263157895,1.1727392492,nan,0.0000000010,89.8126725943,nan,nan,nan,nan,nan,nan,nan
3975,45.5263157895,0.2545687897,nan,0.0032927425,24.8244222847,nan,nan,nan,nan,nan,nan,nan
3976,45.5263157895,0.8276442003,nan,0.0000028652,55.4283894206,nan,nan,nan,nan,nan,nan,nan
3977,45.5263157895,0.2645190631,nan,0.0031073838,25.0760509681,nan,nan,nan,nan,nan,nan,nan
3978,45.5263157895,0.8494736460,nan,0.0000018852,57.2465228724,nan,nan,nan,nan,nan,nan,nan
3979,45.5263157895,0.7484223301,nan,0.0000119290,49.2339751019,nan,nan,nan,nan,nan,nan,nan
3980,45.5263157895,0.2336839271,nan,0.0036913549,24.3281419723,nan,nan,nan,nan,nan,nan,nan
3981,45.5263157895,0.3064728013,nan,0.0023741456,26.2449265104,nan,nan,nan,nan,nan,nan,nan
3982,45.5263157895,0.1168527083,nan,0.0058275360,22.3451503481,nan,nan,nan,nan,nan,nan,nan
3983,45.5263157895,0.7770888506,nan,0.0000072404,51.4023613633,nan,nan,nan,nan,nan,nan,nan
3984,45.5263157895,0.1794402933,nan,0.0047419430,23.2404367473,nan,nan,nan,nan,nan,nan,nan
3985,45.5263157895,0.6886386373,nan,0.0000317821,44.9781739279,nan,nan,nan,nan,nan,nan,nan
3986,45.5263157895,0.1389387920,nan,0.0054736722,22.6172121288,nan,nan,nan,nan,nan,nan,nan
3987,45.5263157895,0.1242875456,nan,0.0057129393,22.4314038673,nan,nan,nan,nan,nan,nan,nan
3988,45.5263157895,0.3588865587,nan,0.0016029348,27.9508413245,nan,nan,nan,nan,nan,nan,nan
3989,45.5263157895,0.6778941745,nan,0.0000375712,44.2514516376,nan,nan,nan,nan,nan,nan,nan
3990,45.5263157895,0.7739261562,nan,0.0000076576,51.1590642754,nan,nan,nan,nan,nan,nan,nan
3991,45.5263157895,0.4859236785,nan,0.0004762696,33.2214717681,nan,nan,nan,nan,nan,nan,nan
3992,45.5263157895,0.6210440268,nan,0.0000871065,40.5994961964,nan,nan,nan,nan,nan,nan,nan
3993,45.5263157895,0.1633427116,nan,0.0050426250,22.9734332588,nan,nan,nan,nan,nan,nan,nan
3994,45.5263157895,0.6058095698,nan,0.0001077448,39.6760381288,nan,nan,nan,nan,nan,nan,nan
3995,45.5263157895,0.1272638535,nan,0.0056657206,22.4674484243,nan,nan,nan,nan,nan,nan,nan
3996,45.5263157895,0.4173492730,nan,0.0009602141,30.1763191704,nan,nan,nan,nan,nan,nan,nan
3997,45.5263157895,0.9430137340,nan,0.0000002765,65.5823610305,nan,nan,nan,nan,nan,nan,nan
3998,45.5263157895,0.8738604070,nan,0.0000011656,59.3345508419,nan,nan,nan,nan,nan,nan,nan
3999,45.5263157895,0.1809718955,nan,0.0047128443,23.2671690445,nan,nan,nan,nan,nan,nan,nan
4000,45.5263157895,0.2238508468,nan,0.0038820259,24.1094156987,nan,nan,nan,nan,nan,nan,nan
4001,45.5263157895,0.7523176973,nan,0.0000111590,49.5237650773,nan,nan,nan,nan,nan,nan,nan
4002,45.5263157895,0.4101152703,nan,0.0010274321,29.8824688456,nan,nan,nan,nan,nan,nan,nan
4003,45.5263157895,0.2570983500,nan,0.0032452922,24.8874619775,nan,nan,nan,nan,nan,nan,nan
4004,45.5263157895,0.4519033635,nan,0.0006835951,31.6520106885,nan,nan,nan,nan,nan,nan,nan
4005,45.5263157895,1.0421456738,nan,0.0000000290,75.3824440009,nan,nan,nan,nan,nan,nan,nan
4006,45.5263157895,0.2150000078,nan,0.0040544254,23.9207068570,nan,nan,nan,nan,nan,nan,nan
4007,45.5263157895,0.9714387606,nan,0.0000001482,68.2907168795,nan,nan,nan,nan,nan,nan,nan
4008,45.5263157895,0.8897548429,nan,0.0000008457,60.7277902819,nan,nan,nan,nan,nan,nan,nan
4009,45.5263157895,0.5379582065,nan,0.0002602537,35.8460314414,nan,nan,nan,nan,nan,nan,nan
4010,45.5263157895,0.6347910449,nan,0.0000715682,41.4528015654,nan,nan,nan,nan,nan,nan,nan
4011,45.5263157895,0.8355105676,nan,0.0000024672,56.0780204466,nan,nan,nan,nan,nan,nan,nan
4012,45.5263157895,0.6376292510,nan,0.0000686857,41.6313397023,nan,nan,nan,nan,nan,nan,nan
4013,45.5263157895,1.0956496391,nan,0.0000000078,81.0853616720,nan,nan,nan,nan,nan,nan,nan
4014,45.5263157895,1.0075838584,nan,0.0000000653,71.8527365787,nan,nan,nan,nan,nan,nan,nan
4015,45.5263157895,0.7521431685,nan,0.0000111924,49.5107485553,nan,nan,nan,nan,nan,nan,nan
4016,45.5263157895,0.8072716465,nan,0.0000041928,53.7749846320,nan,nan,nan,nan,nan,nan,nan
4017,45.5263157895,0.5681114478,nan,0.0001781937,37.4910773565,nan,nan,nan,nan,nan,nan,nan
4018,45.5263157895,0.0792238630,nan,0.0063221494,21.9913524630,nan,nan,nan,nan,nan,nan,nan
4019,45.5263157895,0.1680357929,nan,0.0049560498,23.0486434205,nan,nan,nan,nan,nan,nan,nan
4020,45.5263157895,0.5916903992,nan,0.0001305872,38.8409928635,nan,nan,nan,nan,nan,nan,nan
4021,45.5263157895,0.1838047106,nan,0.0046588410,23.3172210685,nan,nan,nan,nan,nan,nan,nan
4022,45.5263157895,1.2133278584,nan,0.0000000003,94.6500764365,nan,nan,nan,nan,nan,nan,nan
4023,45.5263157895,0.3314551238,nan,0.0019842854,27.0239585649,nan,nan,nan,nan,nan,nan,nan
4024,45.5263157895,0.4246077468,nan,0.0008961046,30.4764127842,nan,nan,nan,nan,nan,nan,nan
4025,45.5263157895,0.7969610225,nan,0.0000050651,52.9541497116,nan,nan,nan,nan,nan,nan,nan
4026,45.5263157895,0.2937869048,nan,0.0025863850,25.8730683071,nan,nan,nan,nan,nan,nan,nan
4027,45.5263157895,0.5386902875,nan,0.0002579353,35.8848913832,nan,nan,nan,nan,nan,nan,nan
4028,45.5263157895,0.2368466147,nan,0.0036303426,24.4005238655,nan,nan,nan,nan,nan,nan,nan
4029,45.5263157895,0.4961197510,nan,0.0004251680,33.7143947544,nan,nan,nan,nan,nan,nan,nan
4030,45.5263157895,0.0295663939,nan,0.0067070832,21.7346630373,nan,nan,nan,nan,nan,nan,nan
4031,45.5263157895,0.2601819734,nan,0.0031877434,24.9651665115,nan,nan,nan,nan,nan,nan,nan
4032,45.5263157895,0.8269321650,nan,0.0000029041,55.3698954047,nan,nan,nan,nan,nan,nan,nan
4033,45.5263157895,0.5148569728,nan,0.0003429757,34.6473664668,nan,nan,nan,nan,nan,nan,nan
4034,45.5263157895,0.4865071153,nan,0.0004732170,33.2493970765,nan,nan,nan,nan,nan,nan,nan
4035,45.5263157895,0.4910494597,nan,0.0004499897,33.4679742271,nan,nan,nan,nan,nan,nan,nan
4036,45.5263157895,0.3072044221,nan,0.0023621857,26.2668595915,nan,nan,nan,nan,nan,nan,nan
4037,45.5263157895,0.4122420389,nan,0.0010073218,29.9683177621,nan,nan,nan,nan,nan,nan,nan
4038,45.5263157895,0.2640071197,nan,0.0031168325,25.0628653554,nan,nan,nan,nan,nan,nan,nan
4039,45.5263157895,0.5943790008,nan,0.0001259372,38.9984613103,nan,nan,nan,nan,nan,nan,nan
4040,45.5263157895,0.4639739128,nan,0.0006031681,32.1956164897,nan,nan,nan,nan,nan,nan,nan
4041,45.5263157895,1.1082890143,nan,0.0000000057,82.4749494215,nan,nan,nan,nan,nan,nan,nan
4042,45.5263157895,0.1632884346,nan,0.0050436204,22.9725760931,nan,nan,nan,nan,nan,nan,nan
4043,45.5263157895,0.6809279929,nan,0.0000358470,44.4554729923,nan,nan,nan,nan,nan,nan,nan
4044,45.5263157895,1.0658559245,nan,0.0000000163,77.8738914983,nan,nan,nan,nan,nan,nan,nan
4045,45.5263157895,0.5590591335,nan,0.0002000948,36.9876413058,nan,nan,nan,nan,nan,nan,nan
4046,45.5263157895,0.7210633902,nan,0.0000188724,47.2417199666,nan,nan,nan,nan,nan,nan,nan
4047,45.5263157895,0.4593978260,nan,0.0006327301,31.9878151534,nan,nan,nan,nan,nan,nan,nan
4048,45.5263157895,0.6714766988,nan,0.0000414674,43.8229333035,nan,nan,nan,nan,nan,nan,nan
4049,45.5263157895,0.2935499311,nan,0.0025904344,25.8662739371,nan,nan,nan,nan,nan,nan,nan
4050,45.5263157895,0.3193307328,nan,0.0021686355,26.6381344672,nan,nan,nan,nan,nan,nan,nan
4051,45.5263157895,0.8142613564,nan,0.0000036834,54.3375392261,nan,nan,nan,nan,nan,nan,nan
4052,45.5263157895,0.7942639351,nan,0.0000053196,52.7412023758,nan,nan,nan,nan,nan,nan,nan
4053,45.5263157895,0.7391649807,nan,0.0000139591,48.5514225652,nan,nan,nan,nan,nan,nan,nan
4054,45.5263157895,0.2396762558,nan,0.0035759201,24.4661219046,nan,nan,nan,nan,nan,nan,nan
4055,45.5263157895,0.7072229230,nan,0.0000236451,46.2625819351,nan,nan,nan,nan,nan,nan,nan
4056,45.5263157895,0.6970075659,nan,0.0000278467,45.5522700665,nan,nan,nan,nan,nan,nan,nan
4057,45.5263157895,0.6669093818,nan,0.0000444582,43.5204800246,nan,nan,nan,nan,nan,nan,nan
4058,45.5263157895,0.4819617323,nan,0.0004974231,33.0327401544,nan,nan,nan,nan,nan,nan,nan
4059,45.5263157895,0.1081848546,nan,0.0059546834,22.2514132150,nan,nan,nan,nan,nan,nan,nan
4060,45.5263157895,0.5019773719,nan,0.0003978979,34.0022834981,nan,nan,nan,nan,nan,nan,nan
4061,45.5263157895,0.6120197267,nan,0.0000988630,40.0496613169,nan,nan,nan,nan,nan,nan,nan
4062,45.5263157895,0.6069484581,nan,0.0001060653,39.7442673530,nan,nan,nan,nan,nan,nan,nan
4063,45.5263157895,0.4685120905,nan,0.0005749414,32.4037639615,nan,nan,nan,nan,nan,nan,nan
4064,45.5263157895,0.6028752992,nan,0.0001121799,39.5008500763,nan,nan,nan,nan,nan,nan,nan
4065,45.5263157895,0.2906094021,nan,0.0026409317,25.7824283837,nan,nan,nan,nan,nan,nan,nan
4066,45.5263157895,0.6753813440,nan,0.0000390556,44.0831672684,nan,nan,nan,nan,nan,nan,nan
4067,45.5263157895,0.4054441073,nan,0.0010726308,29.6954972366,nan,nan,nan,nan,nan,nan,nan
4068,45.5263157895,1.0836908379,nan,0.0000000105,79.7855099137,nan,nan,nan,nan,nan,nan,nan
4069,45.5263157895,0.3143325859,nan,0.0022473281,26.4833351520,nan,nan,nan,nan,nan,nan,nan
4070,45.5263157895,0.1478825367,nan,0.0053198849,22.7409776097,nan,nan,nan,nan,nan,nan,nan
4071,45.5263157895,0.4437690552,nan,0.0007423541,31.2938887489,nan,nan,nan,nan,nan,nan,nan
4072,45.5263157895,0.3136035523,nan,0.0022589346,26.4609634052,nan,nan,nan,nan,nan,nan,nan
4073,45.5263157895,0.6507438409,nan,0.0000566653,42.4668301955,nan,nan,nan,nan,nan,nan,nan
4074,45.5263157895,0.3499438115,nan,0.0017216907,27.6404485589,nan,nan,nan,nan,nan,nan,nan
4075,45.5263157895,0.9506078364,nan,0.0000002345,66.2979306425,nan,nan,nan,nan,nan,nan,nan
4076,45.5263157895,1.0228338650,nan,0.0000000458,73.3952660683,nan,nan,nan,nan,nan,nan,nan
4077,45.5263157895,0.1389694088,nan,0.0054731551,22.6176224312,nan,nan,nan,nan,nan,nan,nan
4078,45.5263157895,0.3041788753,nan,0.0024118472,26.1765020392,nan,nan,nan,nan,nan,nan,nan
4079,45.5263157895,0.4159403650,nan,0.0009730432,30.1186788364,nan,nan,nan,nan,nan,nan,nan
4080,45.5263157895,0.2907859909,nan,0.0026378862,25.7874393819,nan,nan,nan,nan,nan,nan,nan
4081,45.5263157895,0.3633413399,nan,0.0015458123,28.1084325020,nan,nan,nan,nan,nan,nan,nan
4082,45.5263157895,0.4547868328,nan,0.0006636596,31.7805459126,nan,nan,nan,nan,nan,nan,nan
4083,45.5263157895,0.9769092473,nan,0.0000001312,68.8213290800,nan,nan,nan,nan,nan,nan,nan
4084,45.5263157895,0.4670333865,nan,0.0005840209,32.3357157471,nan,nan,nan,nan,nan,nan,nan
4085,45.5263157895,0.7642912376,nan,0.0000090697,50.4240925730,nan,nan,nan,nan,nan,nan,nan
4086,45.5263157895,0.5111599379,nan,0.0003580553,34.4604985466,nan,nan,nan,nan,nan,nan,nan
4087,45.5263157895,0.1993048971,nan,0.0043600506,23.6050847166,nan,nan,nan,nan,nan,nan,nan
4088,45.5263157895,0.6705156407,nan,0.0000420812,43.7591165810,nan,nan,nan,nan,nan,nan,nan
4089,45.5263157895,0.2354601114,nan,0.0036570674,24.3686703328,nan,nan,nan,nan,nan,nan,nan
4090,45.5263157895,0.0449169822,nan,0.0066242558,21.7886290406,nan,nan,nan,nan,nan,nan,nan
4091,45.5263157895,0.4262902154,nan,0.0008817138,30.5467234125,nan,nan,nan,nan,nan,nan,nan
4092,45.5263157895,0.1776211935,nan,0.0047764073,23.2089865054,nan,nan,nan,nan,nan,nan,nan
4093,45.5263157895,0.8056705637,nan,0.0000043184,53.6468181247,nan,nan,nan,nan,nan,nan,nan
4094,45.5263157895,0.8051878174,nan,0.0000043569,53.6082250769,nan,nan,nan,nan,nan,nan,nan
4095,45.5263157895,0.6541295888,nan,0.0000538848,42.6853337481,nan,nan,nan,nan,nan,nan,nan
4096,45.5263157895,0.2010571425,nan,0.0043260182,23.6391165874,nan,nan,nan,nan,nan,nan,nan
4097,45.5263157895,0.6856448308,nan,0.0000333080,44.7745147933,nan,nan,nan,nan,nan,nan,nan
4098,45.5263157895,0.3596811254,nan,0.0015926469,27.9788049284,nan,nan,nan,nan,nan,nan,nan
4099,45.5263157895,0.7086641302,nan,0.0000231013,46.3636399686,nan,nan,nan,nan,nan,nan,nan
4100,45.5263157895,0.5928333629,nan,0.0001285924,38.9078463315,nan,nan,nan,nan,nan,nan,nan
4101,45.5263157895,0.3417473038,nan,0.0018352925,27.3629470303,nan,nan,nan,nan,nan,nan,nan
4102,45.5263157895,0.4392344721,nan,0.0007767623,31.0971184288,nan,nan,nan,nan,nan,nan,nan
4103,45.5263157895,1.0787655750,nan,0.0000000119,79.2543777934,nan,nan,nan,nan,nan,nan,nan
4104,45.5263157895,0.2480541133,nan,0.0034158714,24.6649849425,nan,nan,nan,nan,nan,nan,nan
4105,45.5263157895,0.3120255269,nan,0.0022841680,26.4127195943,nan,nan,nan,nan,nan,nan,nan
4106,45.5263157895,0.4677427801,nan,0.0005796510,32.3683339197,nan,nan,nan,nan,nan,nan,nan
4107,45.5263157895,0.4243004193,nan,0.0008987523,30.4636000450,nan,nan,nan,nan,nan,nan,nan
4108,45.5263157895,0.4051488956,nan,0.0010755351,29.6837539921,nan,nan,nan,nan,nan,nan,nan
4109,45.5263157895,0.3998096198,nan,0.0011290514,29.4728630468,nan,nan,nan,nan,nan,nan,nan
4110,45.5263157895,0.7499853592,nan,0.0000116143,49.3500706265,nan,nan,nan,nan,nan,nan,nan
4111,45.5263157895,0.4506788341,nan,0.0006922012,31.5976766972,nan,nan,nan,nan,nan,nan,nan
4112,45.5263157895,0.7398738891,nan,0.0000137931,48.6033857370,nan,nan,nan,nan,nan,nan,nan
4113,45.5263157895,0.6629563020,nan,0.0000472020,43.2603959956,nan,nan,nan,nan,nan,nan,nan
4114,45.5263157895,0.1852370990,nan,0.0046314500,23.3428302314,nan,nan,nan,nan,nan,nan,nan
4115,45.5263157895,0.3093533379,nan,0.0023272397,26.3315887647,nan,nan,nan,nan,nan,nan,nan
4116,45.5263157895,0.4572788897,nan,0.0006467996,31.8923027293,nan,nan,nan,nan,nan,nan,nan
4117,45.5263157895,0.3079093004,nan,0.0023506928,26.2880412413,nan,nan,nan,nan,nan,nan,nan
4118,45.5263157895,0.0879871643,nan,0.0062209566,22.0614282901,nan,nan,nan,nan,nan,nan,nan
4119,45.5263157895,0.6809370589,nan,0.0000358419,44.4560840568,nan,nan,nan,nan,nan,nan,nan
4120,45.5263157895,0.2004784014,nan,0.0043372626,23.6278428718,nan,nan,nan,nan,nan,nan,nan
4121,45.5263157895,0.4124481982,nan,0.0010053879,29.9766635618,nan,nan,nan,nan,nan,nan,nan
4122,45.5263157895,0.6160452178,nan,0.0000934562,40.2939169039,nan,nan,nan,nan,nan,nan,nan
4123,45.5263157895,0.6574641252,nan,0.0000512666,42.9016587844,nan,nan,nan,nan,nan,nan,nan
4124,45.5263157895,0.9421376531,nan,0.0000002818,65.5001858207,nan,nan,nan,nan,nan,nan,nan
4125,45.5263157895,0.2955824776,nan,0.0025558002,25.9247309891,nan,nan,nan,nan,nan,nan,nan
4126,45.5263157895,0.9103285425,nan,0.0000005535,62.5691021214,nan,nan,nan,nan,nan,nan,nan
4127,45.5263157895,0.5991402532,nan,0.0001180564,39.2791029700,nan,nan,nan,nan,nan,nan,nan
4128,45.5263157895,0.6425295300,nan,0.0000639514,41.9414985927,nan,nan,nan,nan,nan,nan,nan
4129,45.5263157895,0.5482463330,nan,0.0002292415,36.3970672898,nan,nan,nan,nan,nan,nan,nan
4130,45.5263157895,0.0649668259,nan,0.0064665441,21.8932775848,nan,nan,nan,nan,nan,nan,nan
4131,45.5263157895,0.5562202928,nan,0.0002074219,36.8314545168,nan,nan,nan,nan,nan,nan,nan
4132,45.5263157895,0.7319566577,nan,0.0000157546,48.0259250550,nan,nan,nan,nan,nan,nan,nan
4133,45.5263157895,0.9441029628,nan,0.0000002701,65.6846374819,nan,nan,nan,nan,nan,nan,nan
4134,45.5263157895,1.0168946273,nan,0.0000000526,72.7917156177,nan,nan,nan,nan,nan,nan,nan
4135,45.5263157895,0.5353905662,nan,0.0002685244,35.7101618523,nan,nan,nan,nan,nan,nan,nan
4136,45.5263157895,0.6375260517,nan,0.0000687886,41.6248337400,nan,nan,nan,nan,nan,nan,nan
4137,45.5263157895,0.5859773188,nan,0.0001409681,38.5087928946,nan,nan,nan,nan,nan,nan,nan
4138,45.5263157895,0.5536611494,nan,0.0002142225,36.6913486464,nan,nan,nan,nan,nan,nan,nan
4139,45.5263157895,0.4133903748,nan,0.0009965844,30.0148590012,nan,nan,nan,nan,nan,nan,nan
4140,45.5263157895,0.7395732791,nan,0.0000138633,48.5813447630,nan,nan,nan,nan,nan,nan,nan
4141,45.5263157895,0.6169024859,nan,0.0000923391,40.3461437504,nan,nan,nan,nan,nan,nan,nan
4142,45.5263157895,0.2142993043,nan,0.0040680871,23.9060975902,nan,nan,nan,nan,nan,nan,nan
4143,45.5263157895,0.4641233457,nan,0.0006022215,32.2024375739,nan,nan,nan,nan,nan,nan,nan
4144,45.5263157895,0.6230422781,nan,0.0000846769,40.7223523859,nan,nan,nan,nan,nan,nan,nan
4145,45.5263157895,0.6254221641,nan,0.0000818616,40.8691955442,nan,nan,nan,nan,nan,nan,nan
4146,45.5263157895,0.1166529528,nan,0.0058305463,22.3429074884,nan,nan,nan,nan,nan,nan,nan
4147,45.5263157895,0.8387292106,nan,0.0000023197,56.3456274815,nan,nan,nan,nan,nan,nan,nan
4148,45.5263157895,0.5811551443,nan,0.0001502815,38.2309459120,nan,nan,nan,nan,nan,nan,nan
4149,45.5263157895,0.4427205157,nan,0.0007502039,31.2482066359,nan,nan,nan,nan,nan,nan,nan
4150,45.5263157895,0.6487933222,nan,0.0000583247,42.3414741852,nan,nan,nan,nan,nan,nan,nan
4151,45.5263157895,0.6935545682,nan,0.0000294134,45.3145454122,nan,nan,nan,nan,nan,nan,nan
4152,45.5263157895,0.3994327808,nan,0.0011328995,29.4580860660,nan,nan,nan,nan,nan,nan,nan
4153,45.5263157895,0.7111645189,nan,0.0000221847,46.5394643264,nan,nan,nan,nan,nan,nan,nan
4154,45.5263157895,0.2527519621,nan,0.0033269512,24.7795356337,nan,nan,nan,nan,nan,nan,nan
4155,45.5263157895,0.8955662539,nan,0.0000007510,61.2435668227,nan,nan,nan,nan,nan,nan,nan
4156,45.5263157895,0.2561707643,nan,0.0032626675,24.8642718623,nan,nan,nan,nan,nan,nan,nan
4157,45.5263157895,0.9779334829,nan,0.0000001282,68.9210118373,nan,nan,nan,nan,nan,nan,nan
4158,45.5263157895,0.2552764122,nan,0.0032794474,24.8419932697,nan,nan,nan,nan,nan,nan,nan
4159,45.5263157895,1.0924796758,nan,0.0000000084,80.7393929094,nan,nan,nan,nan,nan,nan,nan
4160,45.5263157895,0.7581496467,nan,0.0000100914,49.9604824992,nan,nan,nan,nan,nan,nan,nan
4161,45.5263157895,0.2274893670,nan,0.0038113278,24.1892369828,nan,nan,nan,nan,nan,nan,nan
4162,45.5263157895,0.5340694926,nan,0.0002728655,35.6405131577,nan,nan,nan,nan,nan,nan,nan
4163,45.5263157895,0.2313256140,nan,0.0037369624,24.2748127501,nan,nan,nan,nan,nan,nan,nan
4164,45.5263157895,0.5618289183,nan,0.0001931609,37.1408077092,nan,nan,nan,nan,nan,nan,nan
4165,45.5263157895,0.3301165893,nan,0.0020041739,26.9806459698,nan,nan,nan,nan,nan,nan,nan
4166,45.5263157895,0.3532979462,nan,0.0016765118,27.7559339506,nan,nan,nan,nan,nan,nan,nan
4167,45.5263157895,0.3884626664,nan,0.0012490731,29.0341213368,nan,nan,nan,nan,nan,nan,nan
4168,45.5263157895,0.3918127963,nan,0.0012127403,29.1623220047,nan,nan,nan,nan,nan,nan,nan
4169,45.5263157895,0.1617851916,nan,0.0050711315,22.9489512859,nan,nan,nan,nan,nan,nan,nan
4170,45.5263157895,0.5767185628,nan,0.0001593171,37.9773772066,nan,nan,nan,nan,nan,nan,nan
4171,45.5263157895,0.8529484176,nan,0.0000017618,57.5403684910,nan,nan,nan,nan,nan,nan,nan
4172,45.5263157895,1.2960959939,nan,0.0000000000,105.0330547257,nan,nan,nan,nan,nan,nan,nan
4173,45.5263157895,0.5587665425,nan,0.0002008396,36.9715062378,nan,nan,nan,nan,nan,nan,nan
4174,45.5263157895,0.1937243689,nan,0.0044681550,23.4987176910,nan,nan,nan,nan,nan,nan,nan
4175,45.5263157895,0.5848917891,nan,0.0001430197,38.4460426588,nan,nan,nan,nan,nan,nan,nan
4176,45.5263157895,0.4991596045,nan,0.0004108310,33.8633679534,nan,nan,nan,nan,nan,nan,nan
4177,45.5263157895,0.2440735812,nan,0.0034916972,24.5696342711,nan,nan,nan,nan,nan,nan,nan
4178,45.5263157895,0.2861888429,nan,0.0027176932,25.6579957439,nan,nan,nan,nan,nan,nan,nan
4179,45.5263157895,0.5726512353,nan,0.0001680100,37.7466480262,nan,nan,nan,nan,nan,nan,nan
4180,45.5263157895,0.2341693897,nan,0.0036819780,24.3391881149,nan,nan,nan,nan,nan,nan,nan
4181,45.5263157895,0.4927183363,nan,0.0004416926,33.5487990291,nan,nan,nan,nan,nan,nan,nan
4182,45.5263157895,0.9937808518,nan,0.0000000896,70.4768724921,nan,nan,nan,nan,nan,nan,nan
4183,45.5263157895,0.0800705598,nan,0.0063127743,21.9977973611,nan,nan,nan,nan,nan,nan,nan
4184,45.5263157895,0.3203264485,nan,0.0021531438,26.6692696170,nan,nan,nan,nan,nan,nan,nan
4185,45.5263157895,0.5607157650,nan,0.0001959224,37.0791589484,nan,nan,nan,nan,nan,nan,nan
4186,45.5263157895,0.1123154580,nan,0.0058949923,22.2951676067,nan,nan,nan,nan,nan,nan,nan
4187,45.5263157895,0.5145190270,nan,0.0003443319,34.6302280369,nan,nan,nan,nan,nan,nan,nan
4188,45.5263157895,0.6218216826,nan,0.0000861537,40.6472602382,nan,nan,nan,nan,nan,nan,nan
4189,45.5263157895,0.2988290220,nan,0.0025009478,26.0189536707,nan,nan,nan,nan,nan,nan,nan
4190,45.5263157895,0.4382993852,nan,0.0007840076,31.0567974145,nan,nan,nan,nan,nan,nan,nan
4191,45.5263157895,0.2309649602,nan,0.0037439448,24.2667056451,nan,nan,nan,nan,nan,nan,nan
4192,45.5263157895,0.4095667951,nan,0.0010326657,29.8604023546,nan,nan,nan,nan,nan,nan,nan
4193,45.5263157895,0.5979855168,nan,0.0001199270,39.2108305076,nan,nan,nan,nan,nan,nan,nan
4194,45.5263157895,0.7242990294,nan,0.0000178920,47.4734056014,nan,nan,nan,nan,nan,nan,nan
4195,45.5263157895,0.8558496230,nan,0.0000016647,57.7866441484,nan,nan,nan,nan,nan,nan,nan
4196,45.5263157895,0.1790975515,nan,0.0047484446,23.2344862144,nan,nan,nan,nan,nan,nan,nan
4197,45.5263157895,0.7532645271,nan,0.0000109788,49.5944340570,nan,nan,nan,nan,nan,nan,nan
4198,45.5263157895,0.6690168811,nan,0.0000430548,43.6597804904,nan,nan,nan,nan,nan,nan,nan
4199,45.5263157895,0.4853040548,nan,0.0004795289,33.1918517269,nan,nan,nan,nan,nan,nan,nan
4200,45.5263157895,0.3743538987,nan,0.0014104278,28.5064913804,nan,nan,nan,nan,nan,nan,nan
4201,45.5263157895,0.6300791694,nan,0.0000765916,41.1581871722,nan,nan,nan,nan,nan,nan,nan
4202,45.5263157895,1.4135540377,nan,0.0000000000,120.9634771160,nan,nan,nan,nan,nan,nan,nan
4203,45.5263157895,0.3749500354,nan,0.0014033358,28.5283839447,nan,nan,nan,nan,nan,nan,nan
4204,45.5263157895,0.4224718750,nan,0.0009146267,30.3875614498,nan,nan,nan,nan,nan,nan,nan
4205,45.5263157895,0.1385289087,nan,0.0054805885,22.6117280390,nan,nan,nan,nan,nan,nan,nan
4206,45.5263157895,0.1349149283,nan,0.0055410403,22.5640868946,nan,nan,nan,nan,nan,nan,nan
4207,45.5263157895,0.4633416292,nan,0.0006071864,32.1667796791,nan,nan,nan,nan,nan,nan,nan
4208,45.5263157895,0.6457470935,nan,0.0000610033,42.1464640899,nan,nan,nan,nan,nan,nan,nan
4209,45.5263157895,0.6628080154,nan,0.0000473078,43.2506703882,nan,nan,nan,nan,nan,nan,nan
4210,45.5263157895,1.0937524699,nan,0.0000000082,80.8781828310,nan,nan,nan,nan,nan,nan,nan
4211,45.5263157895,0.6810939393,nan,0.0000357548,44.4666594343,nan,nan,nan,nan,nan,nan,nan
4212,45.5263157895,0.5152620031,nan,0.0003413562,34.6679220564,nan,nan,nan,nan,nan,nan,nan
4213,45.5263157895,0.2784161489,nan,0.0028550222,25.4439050731,nan,nan,nan,nan,nan,nan,nan
4214,45.5263157895,0.2531719495,nan,0.0033190341,24.7898828309,nan,nan,nan,nan,nan,nan,nan
4215,45.5263157895,0.6923900533,nan,0.0000299596,45.2346439303,nan,nan,nan,nan,nan,nan,nan
4216,45.5263157895,0.6882568657,nan,0.0000319731,44.9521530520,nan,nan,nan,nan,nan,nan,nan
4217,45.5263157895,0.2992014681,nan,0.0024946925,26.0298298625,nan,nan,nan,nan,nan,nan,nan
4218,45.5263157895,0.5714218784,nan,0.0001707168,37.6772363554,nan,nan,nan,nan,nan,nan,nan
4219,45.5263157895,0.7398075457,nan,0.0000138085,48.5985205993,nan,nan,nan,nan,nan,nan,nan
4220,45.5263157895,0.6421242513,nan,0.0000643316,41.9157552809,nan,nan,nan,nan,nan,nan,nan
4221,45.5263157895,0.1185876636,nan,0.0058012362,22.3647945218,nan,nan,nan,nan,nan,nan,nan
4222,45.5263157895,0.4465115988,nan,0.0007221221,31.4138935337,nan,nan,nan,nan,nan,nan,nan
4223,45.5263157895,0.8669545866,nan,0.0000013375,58.7371688452,nan,nan,nan,nan,nan,nan,nan
4224,45.5263157895,0.4114338471,nan,0.0010149295,29.9356412124,nan,nan,nan,nan,nan,nan,nan
4225,45.5263157895,0.0737200582,nan,0.0063809372,21.9511553202,nan,nan,nan,nan,nan,nan,nan
4226,45.5263157895,0.5068239472,nan,0.0003764369,34.2430782570,nan,nan,nan,nan,nan,nan,nan
4227,45.5263157895,0.4969462015,nan,0.0004212302,33.7548048197,nan,nan,nan,nan,nan,nan,nan
4228,45.5263157895,0.0115096366,nan,0.0067608612,21.6999797757,nan,nan,nan,nan,nan,nan,nan
4229,45.5263157895,0.8417847351,nan,0.0000021874,56.6006400241,nan,nan,nan,nan,nan,nan,nan
4230,45.5263157895,0.3277016730,nan,0.0020403496,26.9029541483,nan,nan,nan,nan,nan,nan,nan
4231,45.5263157895,0.3496737708,nan,0.0017253613,27.6311995509,nan,nan,nan,nan,nan,nan,nan
4232,45.5263157895,0.3883581048,nan,0.0012502193,29.0301380427,nan,nan,nan,nan,nan,nan,nan
4233,45.5263157895,0.4466791641,nan,0.0007209000,31.4212500067,nan,nan,nan,nan,nan,nan,nan
4234,45.5263157895,0.0966918870,nan,0.0061116259,22.1384323720,nan,nan,nan,nan,nan,nan,nan
4235,45.5263157895,0.2907259996,nan,0.0026389207,25.7857366831,nan,nan,nan,nan,nan,nan,nan
4236,45.5263157895,0.1769202881,nan,0.0047896574,23.1969555375,nan,nan,nan,nan,nan,nan,nan
4237,45.5263157895,0.6964341445,nan,0.0000281015,45.5127092779,nan,nan,nan,nan,nan,nan,nan
4238,45.5263157895,0.6075864851,nan,0.0001051345,39.7825475895,nan,nan,nan,nan,nan,nan,nan
4239,45.5263157895,0.2440116158,nan,0.0034928808,24.5681623284,nan,nan,nan,nan,nan,nan,nan
4240,45.5263157895,0.7851050196,nan,0.0000062755,52.0235400696,nan,nan,nan,nan,nan,nan,nan
4241,45.5263157895,0.6339618978,nan,0.0000724303,41.4007966219,nan,nan,nan,nan,nan,nan,nan
4242,45.5263157895,0.5252528606,nan,0.0003033775,35.1801668587,nan,nan,nan,nan,nan,nan,nan
4243,45.5263157895,0.3528764643,nan,0.0016821470,27.7413605009,nan,nan,nan,nan,nan,nan,nan
4244,45.5263157895,0.4729321578,nan,0.0005484697,32.6084738202,nan,nan,nan,nan,nan,nan,nan
4245,45.5263157895,1.2047659037,nan,0.0000000004,93.6157300215,nan,nan,nan,nan,nan,nan,nan
4246,45.5263157895,0.2305681351,nan,0.0037516297,24.2578003059,nan,nan,nan,nan,nan,nan,nan
4247,45.5263157895,0.2737728621,nan,0.0029384150,25.3188686480,nan,nan,nan,nan,nan,nan,nan
4248,45.5263157895,0.1847170965,nan,0.0046414001,23.3335099299,nan,nan,nan,nan,nan,nan,nan
4249,45.5263157895,0.6010467811,nan,0.0001150240,39.3921172163,nan,nan,nan,nan,nan,nan,nan
4250,45.5263157895,0.3163108685,nan,0.0022159969,26.5443084459,nan,nan,nan,nan,nan,nan,nan
4251,45.5263157895,0.0331758232,nan,0.0066906439,21.7453208401,nan,nan,nan,nan,nan,nan,nan
4252,45.5263157895,0.7181781509,nan,0.0000197879,47.0360136566,nan,nan,nan,nan,nan,nan,nan
4253,45.5263157895,0.8696815257,nan,0.0000012669,58.9724848155,nan,nan,nan,nan,nan,nan,nan
4254,45.5263157895,0.7065896648,nan,0.0000238878,46.2182437338,nan,nan,nan,nan,nan,nan,nan
4255,45.5263157895,0.1420119451,nan,0.0054214387,22.6588544616,nan,nan,nan,nan,nan,nan,nan
4256,45.5263157895,0.2505163771,nan,0.0033691849,24.7247515170,nan,nan,nan,nan,nan,nan,nan
4257,45.5263157895,0.3013104410,nan,0.0024594183,26.0916759297,nan,nan,nan,nan,nan,nan,nan
4258,45.5263157895,0.5505443474,nan,0.0002227615,36.5215994302,nan,nan,nan,nan,nan,nan,nan
4259,45.5263157895,0.1631206136,nan,0.0050466971,22.9699276230,nan,nan,nan,nan,nan,nan,nan
4260,45.5263157895,0.5751479858,nan,0.0001626265,37.8880856504,nan,nan,nan,nan,nan,nan,nan
4261,45.5263157895,0.4017924579,nan,0.0011089579,29.5508493660,nan,nan,nan,nan,nan,nan,nan
4262,45.5263157895,0.8318325712,nan,0.0000026464,55.7735017118,nan,nan,nan,nan,nan,nan,nan
4263,45.5263157895,0.5180000321,nan,0.0003305742,34.8073099987,nan,nan,nan,nan,nan,nan,nan
4264,45.5263157895,0.6818686880,nan,0.0000353271,44.5189218946,nan,nan,nan,nan,nan,nan,nan
4265,45.5263157895,0.3771233447,nan,0.0013776863,28.6084965391,nan,nan,nan,nan,nan,nan,nan
4266,45.5263157895,0.2470213161,nan,0.0034355048,24.6400944427,nan,nan,nan,nan,nan,nan,nan
4267,45.5263157895,0.7357111303,nan,0.0000147946,48.2989785913,nan,nan,nan,nan,nan,nan,nan
4268,45.5263157895,0.3856380870,nan,0.0012802944,28.9269014092,nan,nan,nan,nan,nan,nan,nan
4269,45.5263157895,0.6548906868,nan,0.0000532769,42.7346108297,nan,nan,nan,nan,nan,nan,nan
4270,45.5263157895,0.5109273185,nan,0.0003590222,34.4487864864,nan,nan,nan,nan,nan,nan,nan
4271,45.5263157895,0.6427057232,nan,0.0000637867,41.9526955314,nan,nan,nan,nan,nan,nan,nan
4272,45.5263157895,0.4238955297,nan,0.0009022493,30.4467342555,nan,nan,nan,nan,nan,nan,nan
4273,45.5263157895,0.8106150105,nan,0.0000039414,54.0434544542,nan,nan,nan,nan,nan,nan,nan
4274,45.5263157895,0.2090455647,nan,0.0041705141,23.7981040641,nan,nan,nan,nan,nan,nan,nan
4275,45.5263157895,0.3076701715,nan,0.0023545885,26.2808498659,nan,nan,nan,nan,nan,nan,nan
4276,45.5263157895,0.8111920242,nan,0.0000038995,54.0899023641,nan,nan,nan,nan,nan,nan,nan
4277,45.5263157895,0.7639336698,nan,0.0000091264,50.3969966370,nan,nan,nan,nan,nan,nan,nan
4278,45.5263157895,0.2054545448,nan,0.0042404741,23.7258558414,nan,nan,nan,nan,nan,nan,nan
4279,45.5263157895,1.1025166223,nan,0.0000000065,81.8383161581,nan,nan,nan,nan,nan,nan,nan
4280,45.5263157895,0.7153986340,nan,0.0000207079,46.8386376579,nan,nan,nan,nan,nan,nan,nan
4281,45.5263157895,0.1735298747,nan,0.0048535086,23.1394419299,nan,nan,nan,nan,nan,nan,nan
4282,45.5263157895,0.3658519806,nan,0.0015142170,28.1981189233,nan,nan,nan,nan,nan,nan,nan
4283,45.5263157895,0.3948581562,nan,0.0011803666,29.2798308185,nan,nan,nan,nan,nan,nan,nan
4284,45.5263157895,0.8220926056,nan,0.0000031815,54.9736792209,nan,nan,nan,nan,nan,nan,nan
4285,45.5263157895,0.5062744184,nan,0.0003788212,34.2156575449,nan,nan,nan,nan,nan,nan,nan
4286,45.5263157895,0.2894660520,nan,0.0026606890,25.7500588014,nan,nan,nan,nan,nan,nan,nan
4287,45.5263157895,1.3405833069,nan,0.0000000000,110.9015783822,nan,nan,nan,nan,nan,nan,nan
4288,45.5263157895,0.4284737663,nan,0.0008632974,30.6383957423,nan,nan,nan,nan,nan,nan,nan
4289,45.5263157895,0.6883343316,nan,0.0000319343,44.9574318093,nan,nan,nan,nan,nan,nan,nan
4290,45.5263157895,1.0000490390,nan,0.0000000776,71.0992857111,nan,nan,nan,nan,nan,nan,nan
4291,45.5263157895,0.2133329368,nan,0.0040869292,23.8860288970,nan,nan,nan,nan,nan,nan,nan
4292,45.5263157895,0.9992796514,nan,0.0000000790,71.0226735488,nan,nan,nan,nan,nan,nan,nan
4293,45.5263157895,0.7841231997,nan,0.0000063869,51.9471099374,nan,nan,nan,nan,nan,nan,nan
4294,45.5263157895,0.8441449900,nan,0.0000020901,56.7982709409,nan,nan,nan,nan,nan,nan,nan
4295,45.5263157895,0.2047094602,nan,0.0042549800,23.7110247524,nan,nan,nan,nan,nan,nan,nan
4296,45.5263157895,0.3966563140,nan,0.0011615425,29.3496490750,nan,nan,nan,nan,nan,nan,nan
4297,45.5263157895,0.7251993008,nan,0.0000176276,47.5380563819,nan,nan,nan,nan,nan,nan,nan
4298,45.5263157895,0.8890574998,nan,0.0000008578,60.6661287461,nan,nan,nan,nan,nan,nan,nan
4299,45.5263157895,0.2383813969,nan,0.0036008036,24.4360056261,nan,nan,nan,nan,nan,nan,nan
4300,45.5263157895,0.5942824631,nan,0.0001261016,38.9927946476,nan,nan,nan,nan,nan,nan,nan
4301,45.5263157895,0.4611441002,nan,0.0006213171,32.0668669373,nan,nan,nan,nan,nan,nan,nan
4302,45.5263157895,0.2897350305,nan,0.0026560349,25.7576622323,nan,nan,nan,nan,nan,nan,nan
4303,45.5263157895,1.0451257667,nan,0.0000000270,75.6924592073,nan,nan,nan,nan,nan,nan,nan
4304,45.5263157895,0.3661791299,nan,0.0015101317,28.2098517470,nan,nan,nan,nan,nan,nan,nan
4305,45.5263157895,0.3149661527,nan,0.0022372678,26.5028202009,nan,nan,nan,nan,nan,nan,nan
4306,45.5263157895,0.1947275568,nan,0.0044487577,23.5176125174,nan,nan,nan,nan,nan,nan,nan
4307,45.5263157895,0.7643244981,nan,0.0000090644,50.4266136563,nan,nan,nan,nan,nan,nan,nan
4308,45.5263157895,0.4738858266,nan,0.0005428879,32.6528980356,nan,nan,nan,nan,nan,nan,nan
4309,45.5263157895,1.3107798798,nan,0.0000000000,106.9478203667,nan,nan,nan,nan,nan,nan,nan
4310,45.5263157895,0.1902048140,nan,0.0045360601,23.4332119973,nan,nan,nan,nan,nan,nan,nan
4311,45.5263157895,0.5355228676,nan,0.0002680929,35.7171465869,nan,nan,nan,nan,nan,nan,nan
4312,45.5263157895,0.3959991963,nan,0.0011683965,29.3240973512,nan,nan,nan,nan,nan,nan,nan
4313,45.5263157895,0.1545724980,nan,0.0052015341,22.8386855275,nan,nan,nan,nan,nan,nan,nan
4314,45.5263157895,0.4365360590,nan,0.0007978109,30.9810002902,nan,nan,nan,nan,nan,nan,nan
4315,45.5263157895,0.6193424927,nan,0.0000892237,40.4951989279,nan,nan,nan,nan,nan,nan,nan
4316,45.5263157895,0.4249270906,nan,0.0008933597,30.4897364861,nan,nan,nan,nan,nan,nan,nan
4317,45.5263157895,0.4082478972,nan,0.0010453307,29.8074627452,nan,nan,nan,nan,nan,nan,nan
4318,45.5263157895,0.4078156220,nan,0.0010495064,29.7901492907,nan,nan,nan,nan,nan,nan,nan
4319,45.5263157895,0.8068209850,nan,0.0000042278,53.7388830750,nan,nan,nan,nan,nan,nan,nan
4320,45.5263157895,0.5532800310,nan,0.0002152514,36.6705396738,nan,nan,nan,nan,nan,nan,nan
4321,45.5263157895,0.7045192917,nan,0.0000246970,46.0735662463,nan,nan,nan,nan,nan,nan,nan
4322,45.5263157895,0.3724786409,nan,0.0014328954,28.4378551322,nan,nan,nan,nan,nan,nan,nan
4323,45.5263157895,0.5231012582,nan,0.0003112428,35.0690065406,nan,nan,nan,nan,nan,nan,nan
4324,45.5263157895,0.0747534343,nan,0.0063701867,21.9584784195,nan,nan,nan,nan,nan,nan,nan
4325,45.5263157895,0.4947134932,nan,0.0004319374,33.6457915850,nan,nan,nan,nan,nan,nan,nan
4326,45.5263157895,0.0272681196,nan,0.0067165682,21.7285257225,nan,nan,nan,nan,nan,nan,nan
4327,45.5263157895,0.2657658774,nan,0.0030844146,25.1082725289,nan,nan,nan,nan,nan,nan,nan
4328,45.5263157895,0.4306177719,nan,0.0008454986,30.7288710308,nan,nan,nan,nan,nan,nan,nan
4329,45.5263157895,0.1671742513,nan,0.0049720166,23.0346743059,nan,nan,nan,nan,nan,nan,nan
4330,45.5263157895,0.6770208497,nan,0.0000380812,44.1928930209,nan,nan,nan,nan,nan,nan,nan
4331,45.5263157895,1.1816820793,nan,0.0000000008,90.8641246014,nan,nan,nan,nan,nan,nan,nan
4332,45.5263157895,0.2485350191,nan,0.0034067394,24.6766108299,nan,nan,nan,nan,nan,nan,nan
4333,45.5263157895,0.2409986144,nan,0.0035505457,24.4970489222,nan,nan,nan,nan,nan,nan,nan
4334,45.5263157895,0.4064876383,nan,0.0010624102,29.7370775908,nan,nan,nan,nan,nan,nan,nan
4335,45.5263157895,0.7740435631,nan,0.0000076417,51.1680780313,nan,nan,nan,nan,nan,nan,nan
4336,45.5263157895,0.7525884062,nan,0.0000111072,49.5439608828,nan,nan,nan,nan,nan,nan,nan
4337,45.5263157895,0.5295565037,nan,0.0002881442,35.4039016985,nan,nan,nan,nan,nan,nan,nan
4338,45.5263157895,0.4906582219,nan,0.0004519531,33.4490666537,nan,nan,nan,nan,nan,nan,nan
4339,45.5263157895,0.6231228450,nan,0.0000845802,40.7273141994,nan,nan,nan,nan,nan,nan,nan
4340,45.5263157895,0.6475455147,nan,0.0000594090,42.2614806359,nan,nan,nan,nan,nan,nan,nan
4341,45.5263157895,0.4730129670,nan,0.0005479949,32.6122345815,nan,nan,nan,nan,nan,nan,nan
4342,45.5263157895,0.9486975500,nan,0.0000002445,66.1173809199,nan,nan,nan,nan,nan,nan,nan
4343,45.5263157895,0.2576084551,nan,0.0032357494,24.9002511692,nan,nan,nan,nan,nan,nan,nan
4344,45.5263157895,0.5037975027,nan,0.0003897231,34.0924382070,nan,nan,nan,nan,nan,nan,nan
4345,45.5263157895,0.1588242171,nan,0.0051249940,22.9030663535,nan,nan,nan,nan,nan,nan,nan
4346,45.5263157895,0.5228366077,nan,0.0003122220,35.0553656760,nan,nan,nan,nan,nan,nan,nan
4347,45.5263157895,1.1681020270,nan,0.0000000012,89.2706479347,nan,nan,nan,nan,nan,nan,nan
4348,45.5263157895,0.8588882183,nan,0.0000015684,58.0454937696,nan,nan,nan,nan,nan,nan,nan
4349,45.5263157895,0.1902099713,nan,0.0045359608,23.4333070918,nan,nan,nan,nan,nan,nan,nan
4350,45.5263157895,0.4549561313,nan,0.0006625035,31.7881184885,nan,nan,nan,nan,nan,nan,nan
4351,45.5263157895,0.4357854827,nan,0.0008037425,30.9488307625,nan,nan,nan,nan,nan,nan,nan
4352,45.5263157895,0.6230920455,nan,0.0000846171,40.7254172948,nan,nan,nan,nan,nan,nan,nan
4353,45.5263157895,0.2307656754,nan,0.0037478039,24.2622314566,nan,nan,nan,nan,nan,nan,nan
4354,45.5263157895,0.5947056239,nan,0.0001253822,39.0176406978,nan,nan,nan,nan,nan,nan,nan
4355,45.5263157895,0.4128201955,nan,0.0010019052,29.9917335919,nan,nan,nan,nan,nan,nan,nan
4356,45.5263157895,0.3832152799,nan,0.0013075051,28.8355662018,nan,nan,nan,nan,nan,nan,nan
4357,45.5263157895,0.8027508065,nan,0.0000045564,53.4137576738,nan,nan,nan,nan,nan,nan,nan
4358,45.5263157895,0.3185043857,nan,0.0021815390,26.6123701338,nan,nan,nan,nan,nan,nan,nan
4359,45.5263157895,0.6098991871,nan,0.0001018205,39.9216473339,nan,nan,nan,nan,nan,nan,nan
4360,45.5263157895,0.8526106834,nan,0.0000017735,57.5117543552,nan,nan,nan,nan,nan,nan,nan
4361,45.5263157895,0.6545162520,nan,0.0000535752,42.7103608687,nan,nan,nan,nan,nan,nan,nan
4362,45.5263157895,0.2051222575,nan,0.0042469438,23.7192348172,nan,nan,nan,nan,nan,nan,nan
4363,45.5263157895,1.1038223630,nan,0.0000000063,81.9820297152,nan,nan,nan,nan,nan,nan,nan
4364,45.5263157895,1.3755516151,nan,0.0000000000,115.6557210686,nan,nan,nan,nan,nan,nan,nan
4365,45.5263157895,0.4822534906,nan,0.0004958400,33.0465848161,nan,nan,nan,nan,nan,nan,nan
4366,45.5263157895,0.5489877626,nan,0.0002271335,36.4371883972,nan,nan,nan,nan,nan,nan,nan
4367,45.5263157895,0.1643528133,nan,0.0050240759,22.9894380513,nan,nan,nan,nan,nan,nan,nan
4368,45.5263157895,0.3352245402,nan,0.0019289069,27.1468873989,nan,nan,nan,nan,nan,nan,nan
4369,45.5263157895,0.6347916488,nan,0.0000715675,41.4528394649,nan,nan,nan,nan,nan,nan,nan
4370,45.5263157895,0.3070790601,nan,0.0023642328,26.2630976192,nan,nan,nan,nan,nan,nan,nan
4371,45.5263157895,0.4547906040,nan,0.0006636339,31.7807145642,nan,nan,nan,nan,nan,nan,nan
4372,45.5263157895,0.8301057489,nan,0.0000027346,55.6310009459,nan,nan,nan,nan,nan,nan,nan
4373,45.5263157895,0.7399738134,nan,0.0000137698,48.6107142860,nan,nan,nan,nan,nan,nan,nan
4374,45.5263157895,0.7081714907,nan,0.0000232859,46.3290723647,nan,nan,nan,nan,nan,nan,nan
4375,45.5263157895,0.2681903989,nan,0.0030399255,25.1713706329,nan,nan,nan,nan,nan,nan,nan
4376,45.5263157895,0.1453439270,nan,0.0053640765,22.7050503835,nan,nan,nan,nan,nan,nan,nan
4377,45.5263157895,0.2216158514,nan,0.0039255154,24.0610331634,nan,nan,nan,nan,nan,nan,nan
4378,45.5263157895,1.1097098734,nan,0.0000000055,82.6321732536,nan,nan,nan,nan,nan,nan,nan
4379,45.5263157895,0.5535036882,nan,0.0002146471,36.6827495374,nan,nan,nan,nan,nan,nan,nan
4380,45.5263157895,0.5672597201,nan,0.0001801624,37.4433590431,nan,nan,nan,nan,nan,nan,nan
4381,45.5263157895,0.5050715963,nan,0.0003840835,34.1557439387,nan,nan,nan,nan,nan,nan,nan
4382,45.5263157895,0.2288668889,nan,0.0037846017,24.2197982194,nan,nan,nan,nan,nan,nan,nan
4383,45.5263157895,0.5375705372,nan,0.0002614884,35.8254751392,nan,nan,nan,nan,nan,nan,nan
4384,45.5263157895,0.1517588193,nan,0.0052516334,22.7970560208,nan,nan,nan,nan,nan,nan,nan
4385,45.5263157895,0.4106265282,nan,0.0010225711,29.9030650215,nan,nan,nan,nan,nan,nan,nan
4386,45.5263157895,0.0858770618,nan,0.0062461551,22.0438723720,nan,nan,nan,nan,nan,nan,nan
4387,45.5263157895,0.1609604686,nan,0.0050861781,22.9360843593,nan,nan,nan,nan,nan,nan,nan
4388,45.5263157895,0.2833832893,nan,0.0027669233,25.5800287461,nan,nan,nan,nan,nan,nan,nan
4389,45.5263157895,0.2100911652,nan,0.0041501330,23.8193798291,nan,nan,nan,nan,nan,nan,nan
4390,45.5263157895,0.4714134642,nan,0.0005574530,32.5379171199,nan,nan,nan,nan,nan,nan,nan
4391,45.5263157895,0.1291596282,nan,0.0056352616,22.4908592030,nan,nan,nan,nan,nan,nan,nan
4392,45.5263157895,0.5416967359,nan,0.0002485970,36.0450413234,nan,nan,nan,nan,nan,nan,nan
4393,45.5263157895,0.4032384926,nan,0.0010944678,29.6079701242,nan,nan,nan,nan,nan,nan,nan
4394,45.5263157895,0.3472502560,nan,0.0017585236,27.5485179532,nan,nan,nan,nan,nan,nan,nan
4395,45.5263157895,0.8127640172,nan,0.0000037874,54.2166136175,nan,nan,nan,nan,nan,nan,nan
4396,45.5263157895,0.5226512947,nan,0.0003129091,35.0458182723,nan,nan,nan,nan,nan,nan,nan
4397,45.5263157895,0.6051532817,nan,0.0001087231,39.6367799678,nan,nan,nan,nan,nan,nan,nan
4398,45.5263157895,0.2262707598,nan,0.0038349900,24.1623576865,nan,nan,nan,nan,nan,nan,nan
4399,45.5263157895,0.1299993605,nan,0.0056216766,22.5013414366,nan,nan,nan,nan,nan,nan,nan
4400,45.5263157895,0.4335218912,nan,0.0008218349,30.8521544537,nan,nan,nan,nan,nan,nan,nan
4401,45.5263157895,0.1327458388,nan,0.0055768537,22.5361074957,nan,nan,nan,nan,nan,nan,nan
4402,45.5263157895,0.6572335695,nan,0.0000514438,42.8866657149,nan,nan,nan,nan,nan,nan,nan
4403,45.5263157895,0.3373541847,nan,0.0018980321,27.2169643575,nan,nan,nan,nan,nan,nan,nan
4404,45.5263157895,0.7937191928,nan,0.0000053724,52.6982815510,nan,nan,nan,nan,nan,nan,nan
4405,45.5263157895,0.3684383834,nan,0.0014821194,28.2911681886,nan,nan,nan,nan,nan,nan,nan
4406,45.5263157895,0.1248047143,nan,0.0057047881,22.4376048088,nan,nan,nan,nan,nan,nan,nan
4407,45.5263157895,0.3268470297,nan,0.0020532424,26.8755977605,nan,nan,nan,nan,nan,nan,nan
4408,45.5263157895,0.9037989771,nan,0.0000006339,61.9800828408,nan,nan,nan,nan,nan,nan,nan
4409,45.5263157895,0.7133207953,nan,0.0000214210,46.6915965584,nan,nan,nan,nan,nan,nan,nan
4410,45.5263157895,0.2536204139,nan,0.0033105863,24.8009508900,nan,nan,nan,nan,nan,nan,nan
4411,45.5263157895,0.5707012862,nan,0.0001723209,37.6366209172,nan,nan,nan,nan,nan,nan,nan
4412,45.5263157895,0.7789601836,nan,0.0000070036,51.5467925856,nan,nan,nan,nan,nan,nan,nan
4413,45.5263157895,0.5500928131,nan,0.0002240222,36.4970884521,nan,nan,nan,nan,nan,nan,nan
4414,45.5263157895,0.7322426418,nan,0.0000156795,48.0466740180,nan,nan,nan,nan,nan,nan,nan
4415,45.5263157895,1.0746797018,nan,0.0000000131,78.8156301167,nan,nan,nan,nan,nan,nan,nan
4416,45.5263157895,0.5174785663,nan,0.0003326055,34.7807052659,nan,nan,nan,nan,nan,nan,nan
4417,45.5263157895,0.6559000023,nan,0.0000524802,42.8000485108,nan,nan,nan,nan,nan,nan,nan
4418,45.5263157895,0.3772931581,nan,0.0013756958,28.6147760267,nan,nan,nan,nan,nan,nan,nan
4419,45.5263157895,1.0421988188,nan,0.0000000289,75.3879647340,nan,nan,nan,nan,nan,nan,nan
4420,45.5263157895,0.8579055497,nan,0.0000015989,57.9616809111,nan,nan,nan,nan,nan,nan,nan
4421,45.5263157895,0.7432365595,nan,0.0000130300,48.8505600266,nan,nan,nan,nan,nan,nan,nan
4422,45.5263157895,0.2478348124,nan,0.0034200378,24.6596909467,nan,nan,nan,nan,nan,nan,nan
4423,45.5263157895,0.6062985976,nan,0.0001070208,39.7053191513,nan,nan,nan,nan,nan,nan,nan
4424,45.5263157895,0.1839695308,nan,0.0046556920,23.3201575434,nan,nan,nan,nan,nan,nan,nan
4425,45.5263157895,0.6338446869,nan,0.0000725529,41.3934506107,nan,nan,nan,nan,nan,nan,nan
4426,45.5263157895,0.8670627464,nan,0.0000013346,58.7464879857,nan,nan,nan,nan,nan,nan,nan
4427,45.5263157895,0.1286317234,nan,0.0056437728,22.4843048015,nan,nan,nan,nan,nan,nan,nan
4428,45.5263157895,0.5197127505,nan,0.0003239751,34.8948830257,nan,nan,nan,nan,nan,nan,nan
4429,45.5263157895,1.0517905733,nan,0.0000000230,76.3890467421,nan,nan,nan,nan,nan,nan,nan
4430,45.5263157895,0.7877903909,nan,0.0000059799,52.2330803109,nan,nan,nan,nan,nan,nan,nan
4431,45.5263157895,0.2250260247,nan,0.0038591765,24.1350535588,nan,nan,nan,nan,nan,nan,nan
4432,45.5263157895,0.6137682255,nan,0.0000964816,40.1555554254,nan,nan,nan,nan,nan,nan,nan
4433,45.5263157895,0.1769863798,nan,0.0047884087,23.1980879301,nan,nan,nan,nan,nan,nan,nan
4434,45.5263157895,0.4060688352,nan,0.0010665035,29.7203769877,nan,nan,nan,nan,nan,nan,nan
4435,45.5263157895,0.4474233550,nan,0.0007154915,31.4539554654,nan,nan,nan,nan,nan,nan,nan
4436,45.5263157895,0.6373520418,nan,0.0000689626,41.6138661099,nan,nan,nan,nan,nan,nan,nan
4437,45.5263157895,0.5789516501,nan,0.0001547120,38.1047603841,nan,nan,nan,nan,nan,nan,nan
4438,45.5263157895,1.1711582502,nan,0.0000000011,89.6276312953,nan,nan,nan,nan,nan,nan,nan
4439,45.5263157895,0.5809970773,nan,0.0001505956,38.2218778104,nan,nan,nan,nan,nan,nan,nan
4440,45.5263157895,0.7396240061,nan,0.0000138514,48.5850634704,nan,nan,nan,nan,nan,nan,nan
4441,45.5263157895,0.2958169470,nan,0.0025518193,25.9315008210,nan,nan,nan,nan,nan,nan,nan
4442,45.5263157895,0.6174117352,nan,0.0000916811,40.3772034034,nan,nan,nan,nan,nan,nan,nan
4443,45.5263157895,1.0497888036,nan,0.0000000241,76.1793543277,nan,nan,nan,nan,nan,nan,nan
4444,45.5263157895,0.0789906283,nan,0.0063247165,21.9895893561,nan,nan,nan,nan,nan,nan,nan
4445,45.5263157895,0.9439253842,nan,0.0000002711,65.6679550106,nan,nan,nan,nan,nan,nan,nan
4446,45.5263157895,0.5828957503,nan,0.0001468599,38.3309680748,nan,nan,nan,nan,nan,nan,nan
4447,45.5263157895,0.1388595711,nan,0.0054750099,22.6161508980,nan,nan,nan,nan,nan,nan,nan
4448,45.5263157895,0.3151282089,nan,0.0022346985,26.5078105672,nan,nan,nan,nan,nan,nan,nan
4449,45.5263157895,0.0237493144,nan,0.0067296028,21.7201056753,nan,nan,nan,nan,nan,nan,nan
4450,45.5263157895,0.4744425734,nan,0.0005396504,32.6788747061,nan,nan,nan,nan,nan,nan,nan
4451,45.5263157895,0.8078175039,nan,0.0000041507,53.8187395742,nan,nan,nan,nan,nan,nan,nan
4452,45.5263157895,0.1896419699,nan,0.0045468962,23.4228495912,nan,nan,nan,nan,nan,nan,nan
4453,45.5263157895,0.5736723488,nan,0.0001657900,37.8044171788,nan,nan,nan,nan,nan,nan,nan
4454,45.5263157895,0.3833754010,nan,0.0013056945,28.8415844042,nan,nan,nan,nan,nan,nan,nan
4455,45.5263157895,0.4689439820,nan,0.0005723108,32.4236803516,nan,nan,nan,nan,nan,nan,nan
4456,45.5263157895,0.4114501143,nan,0.0010147760,29.9362982797,nan,nan,nan,nan,nan,nan,nan
4457,45.5263157895,0.8309395258,nan,0.0000026917,55.6997682767,nan,nan,nan,nan,nan,nan,nan
4458,45.5263157895,0.1409189194,nan,0.0054400921,22.6439374733,nan,nan,nan,nan,nan,nan,nan
4459,45.5263157895,0.1069339258,nan,0.0059724276,22.2384910923,nan,nan,nan,nan,nan,nan,nan
4460,45.5263157895,0.4603791912,nan,0.0006262961,32.0322028838,nan,nan,nan,nan,nan,nan,nan
4461,45.5263157895,0.3002302567,nan,0.0024774539,26.0599441458,nan,nan,nan,nan,nan,nan,nan
4462,45.5263157895,0.8850176053,nan,0.0000009311,60.3098739213,nan,nan,nan,nan,nan,nan,nan
4463,45.5263157895,0.6076663392,nan,0.0001050185,39.7873415402,nan,nan,nan,nan,nan,nan,nan
4464,45.5263157895,0.8699930809,nan,0.0000012591,58.9994176825,nan,nan,nan,nan,nan,nan,nan
4465,45.5263157895,0.4767997525,nan,0.0005261142,32.7891993668,nan,nan,nan,nan,nan,nan,nan
4466,45.5263157895,0.4891234985,nan,0.0004597222,33.3750450641,nan,nan,nan,nan,nan,nan,nan
4467,45.5263157895,0.3945232762,nan,0.0011838962,29.2668638272,nan,nan,nan,nan,nan,nan,nan
4468,45.5263157895,0.4151968860,nan,0.0009798640,30.0883419505,nan,nan,nan,nan,nan,nan,nan
4469,45.5263157895,0.1265628791,nan,0.0056769083,22.4588812337,nan,nan,nan,nan,nan,nan,nan
4470,45.5263157895,0.7166224100,nan,0.0000202981,46.9254432421,nan,nan,nan,nan,nan,nan,nan
4471,45.5263157895,0.3443276074,nan,0.0017990428,27.4495850638,nan,nan,nan,nan,nan,nan,nan
4472,45.5263157895,0.8351611205,nan,0.0000024837,56.0490293618,nan,nan,nan,nan,nan,nan,nan
4473,45.5263157895,0.3641492965,nan,0.0015355974,28.1372262554,nan,nan,nan,nan,nan,nan,nan
4474,45.5263157895,0.3417158324,nan,0.0018357374,27.3618944132,nan,nan,nan,nan,nan,nan,nan
4475,45.5263157895,0.6282510606,nan,0.0000786234,41.0444836237,nan,nan,nan,nan,nan,nan,nan
4476,45.5263157895,0.7604955994,nan,0.0000096892,50.1371226296,nan,nan,nan,nan,nan,nan,nan
4477,45.5263157895,0.2642683667,nan,0.0031120096,25.0695907872,nan,nan,nan,nan,nan,nan,nan
4478,45.5263157895,0.5406674786,nan,0.0002517612,35.9901120276,nan,nan,nan,nan,nan,nan,nan
4479,45.5263157895,1.0332252251,nan,0.0000000358,74.4598384474,nan,nan,nan,nan,nan,nan,nan
4480,45.5263157895,0.8046663086,nan,0.0000043989,53.5665595861,nan,nan,nan,nan,nan,nan,nan
4481,45.5263157895,0.3338187665,nan,0.0019494510,27.1008768707,nan,nan,nan,nan,nan,nan,nan
4482,45.5263157895,0.3833817190,nan,0.0013056230,28.8418219222,nan,nan,nan,nan,nan,nan,nan
4483,45.5263157895,0.2165770942,nan,0.0040236801,23.9537655359,nan,nan,nan,nan,nan,nan,nan
4484,45.5263157895,0.3739463256,nan,0.0014152905,28.4915440126,nan,nan,nan,nan,nan,nan,nan
4485,45.5263157895,0.2561862650,nan,0.0032623769,24.8646586875,nan,nan,nan,nan,nan,nan,nan
4486,45.5263157895,0.2497538408,nan,0.0033836246,24.7061783265,nan,nan,nan,nan,nan,nan,nan
4487,45.5263157895,0.9372994907,nan,0.0000003128,65.0477707758,nan,nan,nan,nan,nan,nan,nan
4488,45.5263157895,0.3387983349,nan,0.0018772662,27.2647414503,nan,nan,nan,nan,nan,nan,nan
4489,45.5263157895,0.3842303828,nan,0.0012960560,28.8737624325,nan,nan,nan,nan,nan,nan,nan
4490,45.5263157895,0.1016055654,nan,0.0060462215,22.1851594675,nan,nan,nan,nan,nan,nan,nan
4491,45.5263157895,0.2453904410,nan,0.0034665661,24.6010051371,nan,nan,nan,nan,nan,nan,nan
4492,45.5263157895,0.4053477211,nan,0.0010735785,29.6916621272,nan,nan,nan,nan,nan,nan,nan
4493,45.5263157895,0.4237564726,nan,0.0009034527,30.4409455695,nan,nan,nan,nan,nan,nan,nan
4494,45.5263157895,0.6096466652,nan,0.0001021778,39.9064330334,nan,nan,nan,nan,nan,nan,nan
4495,45.5263157895,0.1533401176,nan,0.0052235333,22.8203562998,nan,nan,nan,nan,nan,nan,nan
4496,45.5263157895,0.4146536005,nan,0.0009848705,30.0662086357,nan,nan,nan,nan,nan,nan,nan
4497,45.5263157895,0.8045876684,nan,0.0000044053,53.5602790780,nan,nan,nan,nan,nan,nan,nan
4498,45.5263157895,0.5624441993,nan,0.0001916489,37.1749365891,nan,nan,nan,nan,nan,nan,nan
4499,45.5263157895,0.6140504219,nan,0.0000961020,40.1726748256,nan,nan,nan,nan,nan,nan,nan
4500,45.5263157895,0.1733877271,nan,0.0048561766,23.1370552975,nan,nan,nan,nan,nan,nan,nan
4501,45.5263157895,0.5032137501,nan,0.0003923297,34.0634876512,nan,nan,nan,nan,nan,nan,nan
4502,45.5263157895,0.2489526913,nan,0.0033988135,24.6867266167,nan,nan,nan,nan,nan,nan,nan
4503,45.5263157895,0.0416960968,nan,0.0066444177,21.7754307619,nan,nan,nan,nan,nan,nan,nan
4504,45.5263157895,0.0691892458,nan,0.0064264778,21.9202698764,nan,nan,nan,nan,nan,nan,nan
4505,45.5263157895,0.7123607673,nan,0.0000217580,46.6238056899,nan,nan,nan,nan,nan,nan,nan
4506,45.5263157895,1.1394813330,nan,0.0000000025,85.9736004526,nan,nan,nan,nan,nan,nan,nan
4507,45.5263157895,0.5834547185,nan,0.0001457755,38.3631531158,nan,nan,nan,nan,nan,nan,nan
4508,45.5263157895,0.3947491955,nan,0.0011815142,29.2756104907,nan,nan,nan,nan,nan,nan,nan
4509,45.5263157895,0.8899526723,nan,0.0000008423,60.7452920070,nan,nan,nan,nan,nan,nan,nan
4510,45.5263157895,1.0319355722,nan,0.0000000369,74.3271218277,nan,nan,nan,nan,nan,nan,nan
4511,45.5263157895,0.2657097380,nan,0.0030854475,25.1068184024,nan,nan,nan,nan,nan,nan,nan
4512,45.5263157895,0.8600203792,nan,0.0000015338,58.1421778829,nan,nan,nan,nan,nan,nan,nan
4513,45.5263157895,0.4408789183,nan,0.0007641456,31.1682389231,nan,nan,nan,nan,nan,nan,nan
4514,45.5263157895,0.1391961993,nan,0.0054693226,22.6206645637,nan,nan,nan,nan,nan,nan,nan
4515,45.5263157895,0.3113794430,nan,0.0022945426,26.3930387120,nan,nan,nan,nan,nan,nan,nan
4516,45.5263157895,0.8142517349,nan,0.0000036840,54.3367614694,nan,nan,nan,nan,nan,nan,nan
4517,45.5263157895,1.0168846810,nan,0.0000000526,72.7907078551,nan,nan,nan,nan,nan,nan,nan
4518,45.5263157895,0.3816537065,nan,0.0013252543,28.7770079107,nan,nan,nan,nan,nan,nan,nan
4519,45.5263157895,0.4983149998,nan,0.0004147741,33.8218838691,nan,nan,nan,nan,nan,nan,nan
4520,45.5263157895,0.1789729165,nan,0.0047508080,23.2323252239,nan,nan,nan,nan,nan,nan,nan
4521,45.5263157895,0.9524437348,nan,0.0000002253,66.4717974665,nan,nan,nan,nan,nan,nan,nan
4522,45.5263157895,0.4644406768,nan,0.0006002152,32.2169300248,nan,nan,nan,nan,nan,nan,nan
4523,45.5263157895,0.2566587431,nan,0.0032535232,24.8764609608,nan,nan,nan,nan,nan,nan,nan
4524,45.5263157895,0.7370272534,nan,0.0000144709,48.3950331001,nan,nan,nan,nan,nan,nan,nan
4525,45.5263157895,0.5979699998,nan,0.0001199523,39.2099139945,nan,nan,nan,nan,nan,nan,nan
4526,45.5263157895,0.5269490705,nan,0.0002972948,35.2681267084,nan,nan,nan,nan,nan,nan,nan
4527,45.5263157895,0.9994968604,nan,0.0000000786,71.0442961721,nan,nan,nan,nan,nan,nan,nan
4528,45.5263157895,0.4052230349,nan,0.0010748052,29.6867023664,nan,nan,nan,nan,nan,nan,nan
4529,45.5263157895,1.1858522444,nan,0.0000000007,91.3572067701,nan,nan,nan,nan,nan,nan,nan
4530,45.5263157895,0.2294016208,nan,0.0037742337,24.2317121263,nan,nan,nan,nan,nan,nan,nan
4531,45.5263157895,1.2744081059,nan,0.0000000001,102.2450723817,nan,nan,nan,nan,nan,nan,nan
4532,45.5263157895,0.6447303718,nan,0.0000619215,42.0815843392,nan,nan,nan,nan,nan,nan,nan
4533,45.5263157895,0.4021126416,nan,0.0011057376,29.5634791720,nan,nan,nan,nan,nan,nan,nan
4534,45.5263157895,0.4132622283,nan,0.0009977785,30.0096587954,nan,nan,nan,nan,nan,nan,nan
4535,45.5263157895,0.5525971300,nan,0.0002171056,36.6332898630,nan,nan,nan,nan,nan,nan,nan
4536,45.5263157895,0.8696369561,nan,0.0000012681,58.9686327278,nan,nan,nan,nan,nan,nan,nan
4537,45.5263157895,0.4838404251,nan,0.0004872998,33.1220379519,nan,nan,nan,nan,nan,nan,nan
4538,45.5263157895,0.6369219050,nan,0.0000693942,41.5867681700,nan,nan,nan,nan,nan,nan,nan
4539,45.5263157895,0.3882014072,nan,0.0012519383,29.0241706596,nan,nan,nan,nan,nan,nan,nan
4540,45.5263157895,0.4134922425,nan,0.0009956360,30.0189939819,nan,nan,nan,nan,nan,nan,nan
4541,45.5263157895,0.7128307541,nan,0.0000215924,46.6569814751,nan,nan,nan,nan,nan,nan,nan
4542,45.5263157895,0.9581169300,nan,0.0000001990,67.0112262246,nan,nan,nan,nan,nan,nan,nan
4543,45.5263157895,0.3915181514,nan,0.0012159055,29.1510018429,nan,nan,nan,nan,nan,nan,nan
4544,45.5263157895,0.3134460768,nan,0.0022614459,26.4561379119,nan,nan,nan,nan,nan,nan,nan
4545,45.5263157895,0.8087041397,nan,0.0000040833,53.8898747651,nan,nan,nan,nan,nan,nan,nan
4546,45.5263157895,0.4837769226,nan,0.0004876392,33.1190137961,nan,nan,nan,nan,nan,nan,nan
4547,45.5263157895,0.3566159105,nan,0.0016325723,27.8712756547,nan,nan,nan,nan,nan,nan,nan
4548,45.5263157895,0.1878642539,nan,0.0045810756,23.3903253853,nan,nan,nan,nan,nan,nan,nan
4549,45.5263157895,0.3290769768,nan,0.0020197012,26.9471288580,nan,nan,nan,nan,nan,nan,nan
4550,45.5263157895,1.1209957239,nan,0.0000000041,83.8882703566,nan,nan,nan,nan,nan,nan,nan
4551,45.5263157895,0.4205354215,nan,0.0009316656,30.3073994186,nan,nan,nan,nan,nan,nan,nan
4552,45.5263157895,0.8816582723,nan,0.0000009966,60.0148895793,nan,nan,nan,nan,nan,nan,nan
4553,45.5263157895,0.5054162888,nan,0.0003825693,34.1728985639,nan,nan,nan,nan,nan,nan,nan
4554,45.5263157895,0.8308435113,nan,0.0000026966,55.6918457248,nan,nan,nan,nan,nan,nan,nan
4555,45.5263157895,0.4328197543,nan,0.0008275094,30.8222706842,nan,nan,nan,nan,nan,nan,nan
4556,45.5263157895,0.3439064997,nan,0.0018049283,27.4354004365,nan,nan,nan,nan,nan,nan,nan
4557,45.5263157895,0.4475113294,nan,0.0007148542,31.4578253904,nan,nan,nan,nan,nan,nan,nan
4558,45.5263157895,0.9262024390,nan,0.0000003964,64.0190304553,nan,nan,nan,nan,nan,nan,nan
4559,45.5263157895,0.8912288633,nan,0.0000008207,60.8582900708,nan,nan,nan,nan,nan,nan,nan
4560,45.5263157895,0.2279951709,nan,0.0038015116,24.2004367916,nan,nan,nan,nan,nan,nan,nan
4561,45.5263157895,0.1937534618,nan,0.0044675927,23.4992642538,nan,nan,nan,nan,nan,nan,nan
4562,45.5263157895,0.4757027973,nan,0.0005323793,32.7377886940,nan,nan,nan,nan,nan,nan,nan
4563,45.5263157895,0.4764038661,nan,0.0005283684,32.7706315979,nan,nan,nan,nan,nan,nan,nan
4564,45.5263157895,0.2493989935,nan,0.0033903498,24.6975548845,nan,nan,nan,nan,nan,nan,nan
4565,45.5263157895,0.5226787989,nan,0.0003128070,35.0472350816,nan,nan,nan,nan,nan,nan,nan
4566,45.5263157895,0.1964584509,nan,0.0044152503,23.5504467588,nan,nan,nan,nan,nan,nan,nan
4567,45.5263157895,0.5525188901,nan,0.0002173189,36.6290251442,nan,nan,nan,nan,nan,nan,nan
4568,45.5263157895,0.5795883590,nan,0.0001534203,38.1411721706,nan,nan,nan,nan,nan,nan,nan
4569,45.5263157895,0.7564198155,nan,0.0000103978,49.8305889414,nan,nan,nan,nan,nan,nan,nan
4570,45.5263157895,0.2810000484,nan,0.0028090462,25.5144111073,nan,nan,nan,nan,nan,nan,nan
4571,45.5263157895,0.3202671688,nan,0.0021540644,26.6674132356,nan,nan,nan,nan,nan,nan,nan
4572,45.5263157895,0.1040312805,nan,0.0060129902,22.2090950176,nan,nan,nan,nan,nan,nan,nan
4573,45.5263157895,0.5377162235,nan,0.0002610238,35.8331984384,nan,nan,nan,nan,nan,nan,nan
4574,45.5263157895,0.3802845786,nan,0.0013409525,28.7258661724,nan,nan,nan,nan,nan,nan,nan
4575,45.5263157895,0.5278434064,nan,0.0002941291,35.3146200711,nan,nan,nan,nan,nan,nan,nan
4576,45.5263157895,0.9369386407,nan,0.0000003152,65.0141226779,nan,nan,nan,nan,nan,nan,nan
4577,45.5263157895,0.8247096960,nan,0.0000030286,55.1876477023,nan,nan,nan,nan,nan,nan,nan
4578,45.5263157895,0.7688726391,nan,0.0000083707,50.7724045093,nan,nan,nan,nan,nan,nan,nan
4579,45.5263157895,0.3930245055,nan,0.0011997848,29.2089664714,nan,nan,nan,nan,nan,nan,nan
4580,45.5263157895,0.5405907924,nan,0.0002519983,35.9860236964,nan,nan,nan,nan,nan,nan,nan
4581,45.5263157895,0.9447924708,nan,0.0000002661,65.7494429528,nan,nan,nan,nan,nan,nan,nan
4582,45.5263157895,0.3642344539,nan,0.0015345234,28.1402648587,nan,nan,nan,nan,nan,nan,nan
4583,45.5263157895,0.5127391526,nan,0.0003515481,34.5401530442,nan,nan,nan,nan,nan,nan,nan
4584,45.5263157895,0.3829155832,nan,0.0013108986,28.8243088659,nan,nan,nan,nan,nan,nan,nan
4585,45.5263157895,0.6433792214,nan,0.0000631608,41.9955245918,nan,nan,nan,nan,nan,nan,nan
4586,45.5263157895,0.6583323860,nan,0.0000506038,42.9581698662,nan,nan,nan,nan,nan,nan,nan
4587,45.5263157895,0.2516194683,nan,0.0033483269,24.7517214898,nan,nan,nan,nan,nan,nan,nan
4588,45.5263157895,1.0644781327,nan,0.0000000169,77.7275556573,nan,nan,nan,nan,nan,nan,nan
4589,45.5263157895,0.7723985734,nan,0.0000078670,51.0419128345,nan,nan,nan,nan,nan,nan,nan
4590,45.5263157895,1.1329813142,nan,0.0000000030,85.2363928177,nan,nan,nan,nan,nan,nan,nan
4591,45.5263157895,0.7981530730,nan,0.0000049562,53.0485013337,nan,nan,nan,nan,nan,nan,nan
4592,45.5263157895,0.9125390324,nan,0.0000005285,62.7694825070,nan,nan,nan,nan,nan,nan,nan
4593,45.5263157895,0.8481276588,nan,0.0000019351,57.1330264475,nan,nan,nan,nan,nan,nan,nan
4594,45.5263157895,1.4569212316,nan,0.0000000000,127.2001688273,nan,nan,nan,nan,nan,nan,nan
4595,45.5263157895,0.7909200933,nan,0.0000056517,52.4782095033,nan,nan,nan,nan,nan,nan,nan
4596,45.5263157895,0.5710261750,nan,0.0001715961,37.6549264896,nan,nan,nan,nan,nan,nan,nan
4597,45.5263157895,0.3796093404,nan,0.0013487416,28.7007124361,nan,nan,nan,nan,nan,nan,nan
4598,45.5263157895,0.6742171624,nan,0.0000397611,44.0054172809,nan,nan,nan,nan,nan,nan,nan
4599,45.5263157895,1.1725030098,nan,0.0000000011,89.7850068294,nan,nan,nan,nan,nan,nan,nan
4600,45.5263157895,0.5469186022,nan,0.0002330581,36.3253572812,nan,nan,nan,nan,nan,nan,nan
4601,45.5263157895,0.1754953165,nan,0.0048165435,23.1726451058,nan,nan,nan,nan,nan,nan,nan
4602,45.5263157895,0.4057935385,nan,0.0010692005,29.7094085118,nan,nan,nan,nan,nan,nan,nan
4603,45.5263157895,0.3305211883,nan,0.0019981499,26.9937192889,nan,nan,nan,nan,nan,nan,nan
4604,45.5263157895,0.4453222549,nan,0.0007308429,31.3617594335,nan,nan,nan,nan,nan,nan,nan
4605,45.5263157895,0.4565954619,nan,0.0006513895,31.8615924933,nan,nan,nan,nan,nan,nan,nan
4606,45.5263157895,0.1386825179,nan,0.0054779980,22.6137813453,nan,nan,nan,nan,nan,nan,nan
4607,45.5263157895,0.6134161450,nan,0.0000969570,40.1342077260,nan,nan,nan,nan,nan,nan,nan
4608,45.5263157895,0.1457082930,nan,0.0053577591,22.7101681483,nan,nan,nan,nan,nan,nan,nan
4609,45.5263157895,1.1988654771,nan,0.0000000005,92.9072484044,nan,nan,nan,nan,nan,nan,nan
4610,45.5263157895,0.1692147579,nan,0.0049341488,23.0678775393,nan,nan,nan,nan,nan,nan,nan
4611,45.5263157895,0.8033124968,nan,0.0000045097,53.4585260351,nan,nan,nan,nan,nan,nan,nan
4612,45.5263157895,0.4769656425,nan,0.0005251720,32.7969845621,nan,nan,nan,nan,nan,nan,nan
4613,45.5263157895,0.0815756151,nan,0.0062958946,22.0094254858,nan,nan,nan,nan,nan,nan,nan
4614,45.5263157895,0.2552103693,nan,0.0032806876,24.8403512609,nan,nan,nan,nan,nan,nan,nan
4615,45.5263157895,0.5680510550,nan,0.0001783326,37.4876914376,nan,nan,nan,nan,nan,nan,nan
4616,45.5263157895,0.3977860370,nan,0.0011498261,29.3936784896,nan,nan,nan,nan,nan,nan,nan
4617,45.5263157895,0.2716546105,nan,0.0029767768,25.2625372935,nan,nan,nan,nan,nan,nan,nan
4618,45.5263157895,0.7482029822,nan,0.0000119737,49.2177025179,nan,nan,nan,nan,nan,nan,nan
4619,45.5263157895,0.4484486661,nan,0.0007080915,31.4991061350,nan,nan,nan,nan,nan,nan,nan
4620,45.5263157895,0.3132811534,nan,0.0022640776,26.4510868356,nan,nan,nan,nan,nan,nan,nan
4621,45.5263157895,0.4686592649,nan,0.0005740439,32.4105487169,nan,nan,nan,nan,nan,nan,nan
4622,45.5263157895,0.4342952824,nan,0.0008156188,30.8851278680,nan,nan,nan,nan,nan,nan,nan
4623,45.5263157895,0.5665727088,nan,0.0001817640,37.4049220326,nan,nan,nan,nan,nan,nan,nan
4624,45.5263157895,0.2785492292,nan,0.0028526466,25.4475202244,nan,nan,nan,nan,nan,nan,nan
4625,45.5263157895,0.6778962339,nan,0.0000375700,44.2515898115,nan,nan,nan,nan,nan,nan,nan
4626,45.5263157895,0.3867679827,nan,0.0012677405,28.9696963724,nan,nan,nan,nan,nan,nan,nan
4627,45.5263157895,0.1872208615,nan,0.0045934279,23.3786309245,nan,nan,nan,nan,nan,nan,nan
4628,45.5263157895,0.0865352648,nan,0.0062383508,22.0493021008,nan,nan,nan,nan,nan,nan,nan
4629,45.5263157895,0.3831421691,nan,0.0013083324,28.8328191564,nan,nan,nan,nan,nan,nan,nan
4630,45.5263157895,0.4444751248,nan,0.0007371040,31.3247122268,nan,nan,nan,nan,nan,nan,nan
4631,45.5263157895,0.4270587961,nan,0.0008751981,30.5789365575,nan,nan,nan,nan,nan,nan,nan
4632,45.5263157895,0.4383490907,nan,0.0007836211,31.0589385236,nan,nan,nan,nan,nan,nan,nan
4633,45.5263157895,0.4323470583,nan,0.0008313464,30.8021799179,nan,nan,nan,nan,nan,nan,nan
4634,45.5263157895,0.1782154820,nan,0.0047651598,23.2192252817,nan,nan,nan,nan,nan,nan,nan
4635,45.5263157895,0.7814735159,nan,0.0000066968,51.7413294672,nan,nan,nan,nan,nan,nan,nan
4636,45.5263157895,0.4459231003,nan,0.0007264271,31.3880794325,nan,nan,nan,nan,nan,nan,nan
4637,45.5263157895,0.9450626502,nan,0.0000002646,65.7748496858,nan,nan,nan,nan,nan,nan,nan
4638,45.5263157895,0.8605155267,nan,0.0000015190,58.1845031113,nan,nan,nan,nan,nan,nan,nan
4639,45.5263157895,0.4102497292,nan,0.0010261520,29.8878830348,nan,nan,nan,nan,nan,nan,nan
4640,45.5263157895,0.1774309203,nan,0.0047800059,23.2057157052,nan,nan,nan,nan,nan,nan,nan
4641,45.5263157895,0.3234318939,nan,0.0021052288,26.7670069578,nan,nan,nan,nan,nan,nan,nan
4642,45.5263157895,0.9413156213,nan,0.0000002869,65.4231509409,nan,nan,nan,nan,nan,nan,nan
4643,45.5263157895,0.7393124987,nan,0.0000139244,48.5622315019,nan,nan,nan,nan,nan,nan,nan
4644,45.5263157895,1.0071481833,nan,0.0000000659,71.8090142904,nan,nan,nan,nan,nan,nan,nan
4645,45.5263157895,0.5351103323,nan,0.0002694404,35.6953729491,nan,nan,nan,nan,nan,nan,nan
4646,45.5263157895,0.3976909340,nan,0.0011508091,29.3899670751,nan,nan,nan,nan,nan,nan,nan
4647,45.5263157895,0.3762296011,nan,0.0013881953,28.5754943640,nan,nan,nan,nan,nan,nan,nan
4648,45.5263157895,1.1717826343,nan,0.0000000011,89.7006793634,nan,nan,nan,nan,nan,nan,nan
4649,45.5263157895,0.9377728002,nan,0.0000003096,65.0919253350,nan,nan,nan,nan,nan,nan,nan
4650,45.5263157895,0.2737453143,nan,0.0029389127,25.3181332067,nan,nan,nan,nan,nan,nan,nan
4651,45.5263157895,0.6864931741,nan,0.0000328690,44.8321333234,nan,nan,nan,nan,nan,nan,nan
4652,45.5263157895,0.0948080963,nan,0.0061360060,22.1211422612,nan,nan,nan,nan,nan,nan,nan
4653,45.5263157895,0.5944545880,nan,0.0001258085,39.0028988558,nan,nan,nan,nan,nan,nan,nan
4654,45.5263157895,0.6926660425,nan,0.0000298293,45.2535681867,nan,nan,nan,nan,nan,nan,nan
4655,45.5263157895,0.6858421396,nan,0.0000332054,44.7879093303,nan,nan,nan,nan,nan,nan,nan
4656,45.5263157895,1.1571628066,nan,0.0000000016,88.0006572593,nan,nan,nan,nan,nan,nan,nan
4657,45.5263157895,0.0255080924,nan,0.0067233131,21.7241666430,nan,nan,nan,nan,nan,nan,nan
4658,45.5263157895,0.1852681133,nan,0.0046308563,23.3433869597,nan,nan,nan,nan,nan,nan,nan
4659,45.5263157895,0.2119521641,nan,0.0041138513,23.8575141487,nan,nan,nan,nan,nan,nan,nan
4660,45.5263157895,0.4507233456,nan,0.0006918869,31.5996491085,nan,nan,nan,nan,nan,nan,nan
4661,45.5263157895,0.5471131424,nan,0.0002324956,36.3358532415,nan,nan,nan,nan,nan,nan,nan
4662,45.5263157895,0.1744432268,nan,0.0048363482,23.1548243644,nan,nan,nan,nan,nan,nan,nan
4663,45.5263157895,0.6524114191,nan,0.0000552802,42.5743054553,nan,nan,nan,nan,nan,nan,nan
4664,45.5263157895,0.9478617994,nan,0.0000002490,66.0385064670,nan,nan,nan,nan,nan,nan,nan
4665,45.5263157895,0.2586084195,nan,0.0032170686,24.9253967201,nan,nan,nan,nan,nan,nan,nan
4666,45.5263157895,0.1088239922,nan,0.0059455571,22.2580744835,nan,nan,nan,nan,nan,nan,nan
4667,45.5263157895,0.2973582371,nan,0.0025257256,25.9761382789,nan,nan,nan,nan,nan,nan,nan
4668,45.5263157895,0.3223348651,nan,0.0021220857,26.7323708090,nan,nan,nan,nan,nan,nan,nan
4669,45.5263157895,0.3271406970,nan,0.0020488070,26.8849896055,nan,nan,nan,nan,nan,nan,nan
4670,45.5263157895,0.6288943334,nan,0.0000779031,41.0844552093,nan,nan,nan,nan,nan,nan,nan
4671,45.5263157895,0.4467651307,nan,0.0007202736,31.4250252137,nan,nan,nan,nan,nan,nan,nan
4672,45.5263157895,0.8278060522,nan,0.0000028565,55.4416927621,nan,nan,nan,nan,nan,nan,nan
4673,45.5263157895,0.3778332760,nan,0.0013693775,28.6347680207,nan,nan,nan,nan,nan,nan,nan
4674,45.5263157895,0.8384713524,nan,0.0000023312,56.3241498883,nan,nan,nan,nan,nan,nan,nan
4675,45.5263157895,0.8518681495,nan,0.0000017993,57.4488845384,nan,nan,nan,nan,nan,nan,nan
4676,45.5263157895,0.5693163454,nan,0.0001754403,37.5587064139,nan,nan,nan,nan,nan,nan,nan
4677,45.5263157895,0.5875497273,nan,0.0001380417,38.5998974084,nan,nan,nan,nan,nan,nan,nan
4678,45.5263157895,0.4034293133,nan,0.0010925659,29.6155234362,nan,nan,nan,nan,nan,nan,nan
4679,45.5263157895,0.7702705853,nan,0.0000081675,50.8791079810,nan,nan,nan,nan,nan,nan,nan
4680,45.5263157895,0.8532601358,nan,0.0000017511,57.5667886653,nan,nan,nan,nan,nan,nan,nan
4681,45.5263157895,0.8303138800,nan,0.0000027239,55.6481603845,nan,nan,nan,nan,nan,nan,nan
4682,45.5263157895,0.2843914622,nan,0.0027491876,25.6079562503,nan,nan,nan,nan,nan,nan,nan
4683,45.5263157895,1.0746379790,nan,0.0000000131,78.8111585806,nan,nan,nan,nan,nan,nan,nan
4684,45.5263157895,1.0131154375,nan,0.0000000574,72.4095307773,nan,nan,nan,nan,nan,nan,nan
4685,45.5263157895,0.5579579361,nan,0.0002029103,36.9269598996,nan,nan,nan,nan,nan,nan,nan
4686,45.5263157895,0.4406526610,nan,0.0007658721,31.1584375146,nan,nan,nan,nan,nan,nan,nan
4687,45.5263157895,0.2679942218,nan,0.0030435164,25.1662434724,nan,nan,nan,nan,nan,nan,nan
4688,45.5263157895,0.8889261367,nan,0.0000008601,60.6545186636,nan,nan,nan,nan,nan,nan,nan
4689,45.5263157895,0.9800630198,nan,0.0000001222,69.1286068540,nan,nan,nan,nan,nan,nan,nan
4690,45.5263157895,0.7696576243,nan,0.0000082560,50.8322971905,nan,nan,nan,nan,nan,nan,nan
4691,45.5263157895,1.2432404900,nan,0.0000000001,98.3221873489,nan,nan,nan,nan,nan,nan,nan
4692,45.5263157895,0.5428666105,nan,0.0002450415,36.1076040023,nan,nan,nan,nan,nan,nan,nan
4693,45.5263157895,0.8235627226,nan,0.0000030947,55.0937881883,nan,nan,nan,nan,nan,nan,nan
4694,45.5263157895,0.1706961017,nan,0.0049065490,23.0922385605,nan,nan,nan,nan,nan,nan,nan
4695,45.5263157895,0.5197954698,nan,0.0003236592,34.8991199824,nan,nan,nan,nan,nan,nan,nan
4696,45.5263157895,0.5887924836,nan,0.0001357664,38.6720776162,nan,nan,nan,nan,nan,nan,nan
4697,45.5263157895,0.1328762336,nan,0.0055747110,22.5377764573,nan,nan,nan,nan,nan,nan,nan
4698,45.5263157895,0.2701161109,nan,0.0030047599,25.2219022494,nan,nan,nan,nan,nan,nan,nan
4699,45.5263157895,0.1752237461,nan,0.0048216594,23.1680347027,nan,nan,nan,nan,nan,nan,nan
4700,45.5263157895,0.5133087161,nan,0.0003492253,34.5689427116,nan,nan,nan,nan,nan,nan,nan
4701,45.5263157895,0.8370446607,nan,0.0000023958,56.2054388240,nan,nan,nan,nan,nan,nan,nan
4702,45.5263157895,0.5549019340,nan,0.0002109019,36.7591960865,nan,nan,nan,nan,nan,nan,nan
4703,45.5263157895,0.1933083212,nan,0.0044761944,23.4909106205,nan,nan,nan,nan,nan,nan,nan
4704,45.5263157895,0.2279762932,nan,0.0038018779,24.2000183373,nan,nan,nan,nan,nan,nan,nan
4705,45.5263157895,0.6747210912,nan,0.0000394543,44.0390554845,nan,nan,nan,nan,nan,nan,nan
4706,45.5263157895,0.6913246016,nan,0.0000304673,45.1616590737,nan,nan,nan,nan,nan,nan,nan
4707,45.5263157895,0.4610383871,nan,0.0006220034,32.0620727610,nan,nan,nan,nan,nan,nan,nan
4708,45.5263157895,0.6184962584,nan,0.0000902935,40.4434364150,nan,nan,nan,nan,nan,nan,nan
4709,45.5263157895,1.2157304411,nan,0.0000000003,94.9416635824,nan,nan,nan,nan,nan,nan,nan
4710,45.5263157895,0.3243497330,nan,0.0020911840,26.7960775053,nan,nan,nan,nan,nan,nan,nan
4711,45.5263157895,0.3606385002,nan,0.0015803083,28.0125818202,nan,nan,nan,nan,nan,nan,nan
4712,45.5263157895,0.1326008850,nan,0.0055792341,22.5342541442,nan,nan,nan,nan,nan,nan,nan
4713,45.5263157895,0.0939014577,nan,0.0061475999,22.1129440314,nan,nan,nan,nan,nan,nan,nan
4714,45.5263157895,0.3859832307,nan,0.0012764505,28.9399602781,nan,nan,nan,nan,nan,nan,nan
4715,45.5263157895,0.1344258233,nan,0.0055491471,22.5577376113,nan,nan,nan,nan,nan,nan,nan
4716,45.5263157895,0.4634919211,nan,0.0006062293,32.1736304801,nan,nan,nan,nan,nan,nan,nan
4717,45.5263157895,0.2333972615,nan,0.0036968939,24.3216301664,nan,nan,nan,nan,nan,nan,nan
4718,45.5263157895,0.3429370755,nan,0.0018185225,27.4028133255,nan,nan,nan,nan,nan,nan,nan
4719,45.5263157895,0.3409965150,nan,0.0018459237,27.3378624299,nan,nan,nan,nan,nan,nan,nan
4720,45.5263157895,0.9332718138,nan,0.0000003410,64.6729496398,nan,nan,nan,nan,nan,nan,nan
4721,45.5263157895,0.1476329167,nan,0.0053242484,22.7374168765,nan,nan,nan,nan,nan,nan,nan
4722,45.5263157895,0.2885664193,nan,0.0026762826,25.7246803130,nan,nan,nan,nan,nan,nan,nan
4723,45.5263157895,0.1783025408,nan,0.0047635112,23.2207281048,nan,nan,nan,nan,nan,nan,nan
4724,45.5263157895,0.3792566311,nan,0.0013528226,28.6875914959,nan,nan,nan,nan,nan,nan,nan
4725,45.5263157895,0.2794618482,nan,0.0028363780,25.4723589910,nan,nan,nan,nan,nan,nan,nan
4726,45.5263157895,0.0828360695,nan,0.0062815480,22.0193331703,nan,nan,nan,nan,nan,nan,nan
4727,45.5263157895,0.5363392635,nan,0.0002654431,35.7602862873,nan,nan,nan,nan,nan,nan,nan
4728,45.5263157895,0.2874793106,nan,0.0026951812,25.6941202824,nan,nan,nan,nan,nan,nan,nan
4729,45.5263157895,0.5778208872,nan,0.0001570292,38.0401951464,nan,nan,nan,nan,nan,nan,nan
4730,45.5263157895,0.3576274552,nan,0.0016193258,27.9066577471,nan,nan,nan,nan,nan,nan,nan
4731,45.5263157895,0.3493171232,nan,0.0017302166,27.6189953433,nan,nan,nan,nan,nan,nan,nan
4732,45.5263157895,0.7193548622,nan,0.0000194097,47.1198073597,nan,nan,nan,nan,nan,nan,nan
4733,45.5263157895,0.7308696873,nan,0.0000160430,47.9471374130,nan,nan,nan,nan,nan,nan,nan
4734,45.5263157895,0.3080332169,nan,0.0023486754,26.2917700408,nan,nan,nan,nan,nan,nan,nan
4735,45.5263157895,0.2621434467,nan,0.0031513135,25.0150838694,nan,nan,nan,nan,nan,nan,nan
4736,45.5263157895,0.6149322731,nan,0.0000949243,40.2262237359,nan,nan,nan,nan,nan,nan,nan
4737,45.5263157895,0.7377945634,nan,0.0000142853,48.4511141427,nan,nan,nan,nan,nan,nan,nan
4738,45.5263157895,0.2643414825,nan,0.0031106602,25.0714742625,nan,nan,nan,nan,nan,nan,nan
4739,45.5263157895,0.6712158736,nan,0.0000416332,43.8056046575,nan,nan,nan,nan,nan,nan,nan
4740,45.5263157895,0.1962144566,nan,0.0044199765,23.5458004210,nan,nan,nan,nan,nan,nan,nan
4741,45.5263157895,0.4285386271,nan,0.0008627548,30.6411260810,nan,nan,nan,nan,nan,nan,nan
4742,45.5263157895,0.3345859960,nan,0.0019382225,27.1259636890,nan,nan,nan,nan,nan,nan,nan
4743,45.5263157895,0.7376947514,nan,0.0000143093,48.4438157405,nan,nan,nan,nan,nan,nan,nan
4744,45.5263157895,1.1321854998,nan,0.0000000031,85.1464290680,nan,nan,nan,nan,nan,nan,nan
4745,45.5263157895,0.5498364726,nan,0.0002247407,36.4831824273,nan,nan,nan,nan,nan,nan,nan
4746,45.5263157895,0.2291604014,nan,0.0037789103,24.2263342224,nan,nan,nan,nan,nan,nan,nan
4747,45.5263157895,0.0838722429,nan,0.0062696117,22.0275935613,nan,nan,nan,nan,nan,nan,nan
4748,45.5263157895,0.4078381611,nan,0.0010492883,29.7910515648,nan,nan,nan,nan,nan,nan,nan
4749,45.5263157895,0.6938996475,nan,0.0000292533,45.3382487317,nan,nan,nan,nan,nan,nan,nan
4750,45.5263157895,0.2675405023,nan,0.0030518277,25.1543999597,nan,nan,nan,nan,nan,nan,nan
4751,45.5263157895,0.4041818048,nan,0.0010850894,29.6453449212,nan,nan,nan,nan,nan,nan,nan
4752,45.5263157895,0.7840054549,nan,0.0000064004,51.9379505779,nan,nan,nan,nan,nan,nan,nan
4753,45.5263157895,0.8405969318,nan,0.0000022380,56.5013945722,nan,nan,nan,nan,nan,nan,nan
4754,45.5263157895,0.6774587933,nan,0.0000378247,44.2222486415,nan,nan,nan,nan,nan,nan,nan
4755,45.5263157895,0.1012546239,nan,0.0060509782,22.1817441008,nan,nan,nan,nan,nan,nan,nan
4756,45.5263157895,0.1171415086,nan,0.0058231773,22.3483998990,nan,nan,nan,nan,nan,nan,nan
4757,45.5263157895,0.7236015943,nan,0.0000180993,47.4233771290,nan,nan,nan,nan,nan,nan,nan
4758,45.5263157895,0.5135416950,nan,0.0003482789,34.5807284345,nan,nan,nan,nan,nan,nan,nan
4759,45.5263157895,0.7505658061,nan,0.0000114994,49.3932465819,nan,nan,nan,nan,nan,nan,nan
4760,45.5263157895,0.5855844447,nan,0.0001417076,38.4860687200,nan,nan,nan,nan,nan,nan,nan
4761,45.5263157895,0.6230249762,nan,0.0000846976,40.7212869105,nan,nan,nan,nan,nan,nan,nan
4762,45.5263157895,0.2087632049,nan,0.0041760173,23.7923771381,nan,nan,nan,nan,nan,nan,nan
4763,45.5263157895,0.1598149832,nan,0.0051070206,22.9183239326,nan,nan,nan,nan,nan,nan,nan
4764,45.5263157895,0.3860359015,nan,0.0012758646,28.9419541790,nan,nan,nan,nan,nan,nan,nan
4765,45.5263157895,0.8103800240,nan,0.0000039586,54.0245483533,nan,nan,nan,nan,nan,nan,nan
4766,45.5263157895,0.6086776224,nan,0.0001035593,39.8481081934,nan,nan,nan,nan,nan,nan,nan
4767,45.5263157895,0.6400361962,nan,0.0000663226,41.7833836271,nan,nan,nan,nan,nan,nan,nan
4768,45.5263157895,0.3515646620,nan,0.0016997632,27.6961158655,nan,nan,nan,nan,nan,nan,nan
4769,45.5263157895,0.3931321596,nan,0.0011986385,29.2131176735,nan,nan,nan,nan,nan,nan,nan
4770,45.5263157895,0.2462442000,nan,0.0034502968,24.6214354676,nan,nan,nan,nan,nan,nan,nan
4771,45.5263157895,0.8173237012,nan,0.0000034789,54.5855596501,nan,nan,nan,nan,nan,nan,nan
4772,45.5263157895,0.4367824484,nan,0.0007958711,30.9915727505,nan,nan,nan,nan,nan,nan,nan
4773,45.5263157895,0.6238897498,nan,0.0000836647,40.7745776485,nan,nan,nan,nan,nan,nan,nan
4774,45.5263157895,0.6756283774,nan,0.0000389074,44.0996829544,nan,nan,nan,nan,nan,nan,nan
4775,45.5263157895,0.2278499161,nan,0.0038043303,24.1972178877,nan,nan,nan,nan,nan,nan,nan
4776,45.5263157895,0.3920546292,nan,0.0012101467,29.1716196151,nan,nan,nan,nan,nan,nan,nan
4777,45.5263157895,0.4364835412,nan,0.0007982248,30.9787475609,nan,nan,nan,nan,nan,nan,nan
4778,45.5263157895,0.1706236657,nan,0.0049079007,23.0910423162,nan,nan,nan,nan,nan,nan,nan
4779,45.5263157895,0.3022029865,nan,0.0024445656,26.1179829828,nan,nan,nan,nan,nan,nan,nan
4780,45.5263157895,0.7273324109,nan,0.0000170154,47.6915662564,nan,nan,nan,nan,nan,nan,nan
4781,45.5263157895,0.2614503287,nan,0.0031641705,24.9974012366,nan,nan,nan,nan,nan,nan,nan
4782,45.5263157895,0.4450256946,nan,0.0007330301,31.3487819236,nan,nan,nan,nan,nan,nan,nan
4783,45.5263157895,0.6460463560,nan,0.0000607354,42.1655806232,nan,nan,nan,nan,nan,nan,nan
4784,45.5263157895,0.6739004020,nan,0.0000399550,43.9842859950,nan,nan,nan,nan,nan,nan,nan
4785,45.5263157895,0.6720946329,nan,0.0000410770,43.8640147829,nan,nan,nan,nan,nan,nan,nan
4786,45.5263157895,0.1910814871,nan,0.0045191687,23.4494144175,nan,nan,nan,nan,nan,nan,nan
4787,45.5263157895,0.1912595493,nan,0.0045157360,23.4527145634,nan,nan,nan,nan,nan,nan,nan
4788,45.5263157895,0.3168391753,nan,0.0022076706,26.5606573419,nan,nan,nan,nan,nan,nan,nan
4789,45.5263157895,0.7417024380,nan,0.0000133732,48.7376525677,nan,nan,nan,nan,nan,nan,nan
4790,45.5263157895,0.3484915602,nan,0.0017414885,27.5907937721,nan,nan,nan,nan,nan,nan,nan
4791,45.5263157895,0.1728562266,nan,0.0048661455,23.1281491145,nan,nan,nan,nan,nan,nan,nan
4792,45.5263157895,0.3931343308,nan,0.0011986154,29.2132014072,nan,nan,nan,nan,nan,nan,nan
4793,45.5263157895,1.0365532031,nan,0.0000000331,74.8030949250,nan,nan,nan,nan,nan,nan,nan
4794,45.5263157895,0.2567112504,nan,0.0032525397,24.8777739330,nan,nan,nan,nan,nan,nan,nan
4795,45.5263157895,0.3863779447,nan,0.0012720643,28.9549092462,nan,nan,nan,nan,nan,nan,nan
4796,45.5263157895,0.7205808814,nan,0.0000190228,47.2072606028,nan,nan,nan,nan,nan,nan,nan
4797,45.5263157895,0.5961273285,nan,0.0001229915,39.1012482856,nan,nan,nan,nan,nan,nan,nan
4798,45.5263157895,0.5854696810,nan,0.0001419243,38.4794336103,nan,nan,nan,nan,nan,nan,nan
4799,45.5263157895,0.5577976615,nan,0.0002033228,36.9181381159,nan,nan,nan,nan,nan,nan,nan
4800,45.5263157895,0.3899603218,nan,0.0012327374,29.0912943817,nan,nan,nan,nan,nan,nan,nan
4801,45.5263157895,0.7823784367,nan,0.0000065894,51.8115280765,nan,nan,nan,nan,nan,nan,nan
4802,45.5263157895,0.6430705913,nan,0.0000634469,41.9758925464,nan,nan,nan,nan,nan,nan,nan
4803,45.5263157895,0.2619681988,nan,0.0031545626,25.0106084985,nan,nan,nan,nan,nan,nan,nan
4804,45.5263157895,0.3679934668,nan,0.0014876082,28.2751142785,nan,nan,nan,nan,nan,nan,nan
4805,45.5263157895,0.7501710487,nan,0.0000115774,49.3638792629,nan,nan,nan,nan,nan,nan,nan
4806,45.5263157895,0.4722187654,nan,0.0005526750,32.5753017313,nan,nan,nan,nan,nan,nan,nan
4807,45.5263157895,0.0240709065,nan,0.0067284864,21.7208262049,nan,nan,nan,nan,nan,nan,nan
4808,45.5263157895,0.7256286694,nan,0.0000175028,47.5689191734,nan,nan,nan,nan,nan,nan,nan
4809,45.5263157895,0.4433617629,nan,0.0007453957,31.2761310450,nan,nan,nan,nan,nan,nan,nan
4810,45.5263157895,1.0158951802,nan,0.0000000538,72.6905020827,nan,nan,nan,nan,nan,nan,nan
4811,45.5263157895,0.6749176130,nan,0.0000393353,44.0521806061,nan,nan,nan,nan,nan,nan,nan
4812,45.5263157895,0.8956284031,nan,0.0000007500,61.2491011550,nan,nan,nan,nan,nan,nan,nan
4813,45.5263157895,0.7729463574,nan,0.0000077913,51.0838957351,nan,nan,nan,nan,nan,nan,nan
4814,45.5263157895,0.6844309606,nan,0.0000339454,44.6921960259,nan,nan,nan,nan,nan,nan,nan
4815,45.5263157895,0.5507961581,nan,0.0002220610,36.5352775358,nan,nan,nan,nan,nan,nan,nan
4816,45.5263157895,0.1206547179,nan,0.0057695467,22.3885830972,nan,nan,nan,nan,nan,nan,nan
4817,45.5263157895,0.4791364903,nan,0.0005129658,32.8991158280,nan,nan,nan,nan,nan,nan,nan
4818,45.5263157895,0.7782883001,nan,0.0000070878,51.4948953678,nan,nan,nan,nan,nan,nan,nan
4819,45.5263157895,0.5391332388,nan,0.0002565411,35.9084299690,nan,nan,nan,nan,nan,nan,nan
4820,45.5263157895,0.1849307443,nan,0.0046373129,23.3373360389,nan,nan,nan,nan,nan,nan,nan
4821,45.5263157895,0.2202264660,nan,0.0039525695,24.0312048483,nan,nan,nan,nan,nan,nan,nan
4822,45.5263157895,0.1315796499,nan,0.0055959585,22.5212551529,nan,nan,nan,nan,nan,nan,nan
4823,45.5263157895,0.2130614423,nan,0.0040922228,23.8804073202,nan,nan,nan,nan,nan,nan,nan
4824,45.5263157895,0.6716677855,nan,0.0000413463,43.8356330272,nan,nan,nan,nan,nan,nan,nan
4825,45.5263157895,0.4840317732,nan,0.0004862781,33.1311528998,nan,nan,nan,nan,nan,nan,nan
4826,45.5263157895,0.1870189744,nan,0.0045973019,23.3749697788,nan,nan,nan,nan,nan,nan,nan
4827,45.5263157895,0.4266301807,nan,0.0008788272,30.5609649346,nan,nan,nan,nan,nan,nan,nan
4828,45.5263157895,0.3425666630,nan,0.0018237333,27.3903866264,nan,nan,nan,nan,nan,nan,nan
4829,45.5263157895,0.8382778849,nan,0.0000023399,56.3080399531,nan,nan,nan,nan,nan,nan,nan
4830,45.5263157895,0.6446418459,nan,0.0000620020,42.0759401840,nan,nan,nan,nan,nan,nan,nan
4831,45.5263157895,0.2678423221,nan,0.0030462980,25.1622761384,nan,nan,nan,nan,nan,nan,nan
4832,45.5263157895,0.6222778916,nan,0.0000855991,40.6753091169,nan,nan,nan,nan,nan,nan,nan
4833,45.5263157895,0.3967499738,nan,0.0011605679,29.3532945005,nan,nan,nan,nan,nan,nan,nan
4834,45.5263157895,0.4775305476,nan,0.0005219734,32.8235161207,nan,nan,nan,nan,nan,nan,nan
4835,45.5263157895,0.1329653593,nan,0.0055732456,22.5389181612,nan,nan,nan,nan,nan,nan,nan
4836,45.5263157895,0.5950439790,nan,0.0001248096,39.0375202794,nan,nan,nan,nan,nan,nan,nan
4837,45.5263157895,0.4086663026,nan,0.0010413007,29.8242384386,nan,nan,nan,nan,nan,nan,nan
4838,45.5263157895,0.1818250409,nan,0.0046966048,23.2821598293,nan,nan,nan,nan,nan,nan,nan
4839,45.5263157895,0.5755831780,nan,0.0001617036,37.9128027174,nan,nan,nan,nan,nan,nan,nan
4840,45.5263157895,0.5565563681,nan,0.0002065427,36.8499024670,nan,nan,nan,nan,nan,nan,nan
4841,45.5263157895,0.4473951479,nan,0.0007156959,31.4527148184,nan,nan,nan,nan,nan,nan,nan
4842,45.5263157895,0.3834136022,nan,0.0013052627,28.8430205890,nan,nan,nan,nan,nan,nan,nan
4843,45.5263157895,0.4560228914,nan,0.0006552545,31.8358996396,nan,nan,nan,nan,nan,nan,nan
4844,45.5263157895,0.8847652280,nan,0.0000009359,60.2876729625,nan,nan,nan,nan,nan,nan,nan
4845,45.5263157895,0.5630722722,nan,0.0001901160,37.2098141731,nan,nan,nan,nan,nan,nan,nan
4846,45.5263157895,0.7340412253,nan,0.0000152147,48.1773552015,nan,nan,nan,nan,nan,nan,nan
4847,45.5263157895,0.6807712359,nan,0.0000359343,44.4449085470,nan,nan,nan,nan,nan,nan,nan
4848,45.5263157895,0.4872954871,nan,0.0004691173,33.2871853847,nan,nan,nan,nan,nan,nan,nan
4849,45.5263157895,0.4685508358,nan,0.0005747050,32.4055499133,nan,nan,nan,nan,nan,nan,nan
4850,45.5263157895,0.5257299095,nan,0.0003016563,35.2048759080,nan,nan,nan,nan,nan,nan,nan
4851,45.5263157895,0.3509608054,nan,0.0017079116,27.6753461511,nan,nan,nan,nan,nan,nan,nan
4852,45.5263157895,0.5317330606,nan,0.0002806880,35.5177616088,nan,nan,nan,nan,nan,nan,nan
4853,45.5263157895,0.2160138346,nan,0.0040346602,23.9419303712,nan,nan,nan,nan,nan,nan,nan
4854,45.5263157895,1.1908539016,nan,0.0000000006,91.9509335599,nan,nan,nan,nan,nan,nan,nan
4855,45.5263157895,0.2829886058,nan,0.0027738802,25.5691230317,nan,nan,nan,nan,nan,nan,nan
4856,45.5263157895,0.7990827814,nan,0.0000048728,53.1221878776,nan,nan,nan,nan,nan,nan,nan
4857,45.5263157895,0.2052001634,nan,0.0042454271,23.7207861599,nan,nan,nan,nan,nan,nan,nan
4858,45.5263157895,0.5810766734,nan,0.0001504373,38.2264438248,nan,nan,nan,nan,nan,nan,nan
4859,45.5263157895,0.2767426012,nan,0.0028849662,25.3985927196,nan,nan,nan,nan,nan,nan,nan
4860,45.5263157895,0.3568891045,nan,0.0016289879,27.8808214706,nan,nan,nan,nan,nan,nan,nan
4861,45.5263157895,1.7700583947,nan,0.0000000000,177.9241260857,nan,nan,nan,nan,nan,nan,nan
4862,45.5263157895,0.3893035170,nan,0.0012398829,29.0661933083,nan,nan,nan,nan,nan,nan,nan
4863,45.5263157895,0.3860776562,nan,0.0012754002,28.9435350358,nan,nan,nan,nan,nan,nan,nan
4864,45.5263157895,0.1167991118,nan,0.0058283441,22.3445481817,nan,nan,nan,nan,nan,nan,nan
4865,45.5263157895,0.4626105968,nan,0.0006118586,32.1334890094,nan,nan,nan,nan,nan,nan,nan
4866,45.5263157895,0.6289061705,nan,0.0000778899,41.0851911288,nan,nan,nan,nan,nan,nan,nan
4867,45.5263157895,0.2879861071,nan,0.0026863634,25.7083523998,nan,nan,nan,nan,nan,nan,nan
4868,45.5263157895,0.3174760795,nan,0.0021976556,26.5804037453,nan,nan,nan,nan,nan,nan,nan
4869,45.5263157895,0.9030363893,nan,0.0000006439,61.9115723270,nan,nan,nan,nan,nan,nan,nan
4870,45.5263157895,0.4710099458,nan,0.0005598596,32.5192089200,nan,nan,nan,nan,nan,nan,nan
4871,45.5263157895,0.3459192020,nan,0.0017769059,27.5033558229,nan,nan,nan,nan,nan,nan,nan
4872,45.5263157895,0.4920644069,nan,0.0004449287,33.5170955861,nan,nan,nan,nan,nan,nan,nan
4873,45.5263157895,0.6717684736,nan,0.0000412826,43.8423262847,nan,nan,nan,nan,nan,nan,nan
4874,45.5263157895,0.2345779236,nan,0.0036740902,24.3485018894,nan,nan,nan,nan,nan,nan,nan
4875,45.5263157895,0.6428063011,nan,0.0000636929,41.9590885798,nan,nan,nan,nan,nan,nan,nan
4876,45.5263157895,0.8144297597,nan,0.0000036718,54.3511536837,nan,nan,nan,nan,nan,nan,nan
4877,45.5263157895,0.3779973307,nan,0.0013674624,28.6408461156,nan,nan,nan,nan,nan,nan,nan
4878,45.5263157895,0.1228669001,nan,0.0057352126,22.4145047596,nan,nan,nan,nan,nan,nan,nan
4879,45.5263157895,0.3725133199,nan,0.0014324777,28.4391212369,nan,nan,nan,nan,nan,nan,nan
4880,45.5263157895,0.6680164280,nan,0.0000437160,43.5935973338,nan,nan,nan,nan,nan,nan,nan
4881,45.5263157895,0.7961512196,nan,0.0000051403,52.8901350082,nan,nan,nan,nan,nan,nan,nan
4882,45.5263157895,0.6592453430,nan,0.0000499152,43.0176717827,nan,nan,nan,nan,nan,nan,nan
4883,45.5263157895,0.4965707024,nan,0.0004230156,33.7364359674,nan,nan,nan,nan,nan,nan,nan
4884,45.5263157895,0.6406395604,nan,0.0000657417,41.8215887069,nan,nan,nan,nan,nan,nan,nan
4885,45.5263157895,0.9084222321,nan,0.0000005759,62.3966921740,nan,nan,nan,nan,nan,nan,nan
4886,45.5263157895,0.6737269394,nan,0.0000400616,43.9727184758,nan,nan,nan,nan,nan,nan,nan
4887,45.5263157895,0.1874414168,nan,0.0045891947,23.3826352005,nan,nan,nan,nan,nan,nan,nan
4888,45.5263157895,0.4999042694,nan,0.0004073800,33.9000025644,nan,nan,nan,nan,nan,nan,nan
4889,45.5263157895,0.8826624297,nan,0.0000009766,60.1029455577,nan,nan,nan,nan,nan,nan,nan
4890,45.5263157895,0.4215231041,nan,0.0009229456,30.3482390641,nan,nan,nan,nan,nan,nan,nan
4891,45.5263157895,1.1126155562,nan,0.0000000051,82.9543363077,nan,nan,nan,nan,nan,nan,nan
4892,45.5263157895,0.3022986256,nan,0.0024429768,26.1208065607,nan,nan,nan,nan,nan,nan,nan
4893,45.5263157895,0.2933373681,nan,0.0025940693,25.8601841995,nan,nan,nan,nan,nan,nan,nan
4894,45.5263157895,0.9726113961,nan,0.0000001444,68.4042021563,nan,nan,nan,nan,nan,nan,nan
4895,45.5263157895,0.3460080556,nan,0.0017756750,27.5063650975,nan,nan,nan,nan,nan,nan,nan
4896,45.5263157895,0.2323751835,nan,0.0037166537,24.2984790799,nan,nan,nan,nan,nan,nan,nan
4897,45.5263157895,0.3936203673,nan,0.0011934500,29.2319577313,nan,nan,nan,nan,nan,nan,nan
4898,45.5263157895,0.4205494301,nan,0.0009315415,30.3079779803,nan,nan,nan,nan,nan,nan,nan
4899,45.5263157895,0.0574426713,nan,0.0065321244,21.8494555128,nan,nan,nan,nan,nan,nan,nan
4900,45.5263157895,0.6100191756,nan,0.0001016511,39.9288788157,nan,nan,nan,nan,nan,nan,nan
4901,45.5263157895,0.6634098434,nan,0.0000468797,43.2901559246,nan,nan,nan,nan,nan,nan,nan
4902,45.5263157895,0.5798540183,nan,0.0001528841,38.1563765896,nan,nan,nan,nan,nan,nan,nan
4903,45.5263157895,0.1391176661,nan,0.0054706502,22.6196105607,nan,nan,nan,nan,nan,nan,nan
4904,45.5263157895,1.0986728155,nan,0.0000000072,81.4162593264,nan,nan,nan,nan,nan,nan,nan
4905,45.5263157895,0.7960769718,nan,0.0000051472,52.8842690546,nan,nan,nan,nan,nan,nan,nan
4906,45.5263157895,0.4050010381,nan,0.0010769919,29.6778756279,nan,nan,nan,nan,nan,nan,nan
4907,45.5263157895,0.8106822954,nan,0.0000039365,54.0488689558,nan,nan,nan,nan,nan,nan,nan
4908,45.5263157895,0.8808848323,nan,0.0000010122,59.9471349883,nan,nan,nan,nan,nan,nan,nan
4909,45.5263157895,0.7963151801,nan,0.0000051250,52.9030907014,nan,nan,nan,nan,nan,nan,nan
4910,45.5263157895,0.8902812813,nan,0.0000008367,60.7743723713,nan,nan,nan,nan,nan,nan,nan
4911,45.5263157895,0.8495672688,nan,0.0000018817,57.2544241444,nan,nan,nan,nan,nan,nan,nan
4912,45.5263157895,0.5444788086,nan,0.0002402124,36.1940460903,nan,nan,nan,nan,nan,nan,nan
4913,45.5263157895,0.8638930043,nan,0.0000014211,58.4738704762,nan,nan,nan,nan,nan,nan,nan
4914,45.5263157895,0.4152951958,nan,0.0009789601,30.0923502152,nan,nan,nan,nan,nan,nan,nan
4915,45.5263157895,0.5956287335,nan,0.0001238254,39.0719038134,nan,nan,nan,nan,nan,nan,nan
4916,45.5263157895,0.1640645142,nan,0.0050293750,22.9848598021,nan,nan,nan,nan,nan,nan,nan
4917,45.5263157895,0.9102416011,nan,0.0000005545,62.5612309947,nan,nan,nan,nan,nan,nan,nan
4918,45.5263157895,0.2698523724,nan,0.0030095670,25.2149599069,nan,nan,nan,nan,nan,nan,nan
4919,45.5263157895,0.6457755442,nan,0.0000609778,42.1482810948,nan,nan,nan,nan,nan,nan,nan
4920,45.5263157895,0.3699854750,nan,0.0014631386,28.3471453156,nan,nan,nan,nan,nan,nan,nan
4921,45.5263157895,0.1342093285,nan,0.0055527297,22.5549346801,nan,nan,nan,nan,nan,nan,nan
4922,45.5263157895,0.2024967333,nan,0.0042980329,23.6673026885,nan,nan,nan,nan,nan,nan,nan
4923,45.5263157895,0.2024769356,nan,0.0042984179,23.6669136784,nan,nan,nan,nan,nan,nan,nan
4924,45.5263157895,0.5875993027,nan,0.0001379503,38.6027738186,nan,nan,nan,nan,nan,nan,nan
4925,45.5263157895,0.5323706437,nan,0.0002785348,35.5512047058,nan,nan,nan,nan,nan,nan,nan
4926,45.5263157895,0.3478963160,nan,0.0017496444,27.5705020600,nan,nan,nan,nan,nan,nan,nan
4927,45.5263157895,0.4763644901,nan,0.0005285930,32.7687856496,nan,nan,nan,nan,nan,nan,nan
4928,45.5263157895,0.1462056966,nan,0.0053491213,22.7171755407,nan,nan,nan,nan,nan,nan,nan
4929,45.5263157895,0.8759987678,nan,0.0000011167,59.5205046714,nan,nan,nan,nan,nan,nan,nan
4930,45.5263157895,0.4976857840,nan,0.0004177317,33.7910253618,nan,nan,nan,nan,nan,nan,nan
4931,45.5263157895,0.4019691860,nan,0.0011071796,29.5578192295,nan,nan,nan,nan,nan,nan,nan
4932,45.5263157895,0.6360051259,nan,0.0000703222,41.5290745869,nan,nan,nan,nan,nan,nan,nan
4933,45.5263157895,0.9420080591,nan,0.0000002826,65.4880366692,nan,nan,nan,nan,nan,nan,nan
4934,45.5263157895,0.3688579242,nan,0.0014769560,28.3063245257,nan,nan,nan,nan,nan,nan,nan
4935,45.5263157895,0.4714764157,nan,0.0005570784,32.5408371900,nan,nan,nan,nan,nan,nan,nan
4936,45.5263157895,0.8568025431,nan,0.0000016339,57.8677204488,nan,nan,nan,nan,nan,nan,nan
4937,45.5263157895,0.5657449211,nan,0.0001837100,37.3586717280,nan,nan,nan,nan,nan,nan,nan
4938,45.5263157895,0.4410733743,nan,0.0007626641,31.1766667903,nan,nan,nan,nan,nan,nan,nan
4939,45.5263157895,0.3856187053,nan,0.0012805105,28.9261684352,nan,nan,nan,nan,nan,nan,nan
4940,45.5263157895,0.6309572136,nan,0.0000756324,41.2129185737,nan,nan,nan,nan,nan,nan,nan
4941,45.5263157895,0.4925602895,nan,0.0004424729,33.5411327688,nan,nan,nan,nan,nan,nan,nan
4942,45.5263157895,0.2447454017,nan,0.0034788706,24.5856172634,nan,nan,nan,nan,nan,nan,nan
4943,45.5263157895,1.1959713932,nan,0.0000000006,92.5610394411,nan,nan,nan,nan,nan,nan,nan
4944,45.5263157895,0.7520696681,nan,0.0000112066,49.5052677462,nan,nan,nan,nan,nan,nan,nan
4945,45.5263157895,1.0154858400,nan,0.0000000543,72.6490776025,nan,nan,nan,nan,nan,nan,nan
4946,45.5263157895,0.6348797252,nan,0.0000714765,41.4583677723,nan,nan,nan,nan,nan,nan,nan
4947,45.5263157895,0.5366795967,nan,0.0002643450,35.7782897732,nan,nan,nan,nan,nan,nan,nan
4948,45.5263157895,0.4014231776,nan,0.0011126804,29.5362956165,nan,nan,nan,nan,nan,nan,nan
4949,45.5263157895,1.2742409519,nan,0.0000000001,102.2237703782,nan,nan,nan,nan,nan,nan,nan
4950,45.5263157895,0.6262449989,nan,0.0000809078,40.9200982777,nan,nan,nan,nan,nan,nan,nan
4951,45.5263157895,0.2654866841,nan,0.0030895527,25.1010439249,nan,nan,nan,nan,nan,nan,nan
4952,45.5263157895,1.0564557583,nan,0.0000000205,76.8793170127,nan,nan,nan,nan,nan,nan,nan
4953,45.5263157895,0.7767358717,nan,0.0000072859,51.3751577049,nan,nan,nan,nan,nan,nan,nan
4954,45.5263157895,0.6556346957,nan,0.0000526885,42.7828377755,nan,nan,nan,nan,nan,nan,nan
4955,45.5263157895,0.7824425679,nan,0.0000065819,51.8165061405,nan,nan,nan,nan,nan,nan,nan
4956,45.5263157895,0.6210085784,nan,0.0000871501,40.5973203860,nan,nan,nan,nan,nan,nan,nan
4957,45.5263157895,1.0883315731,nan,0.0000000094,80.2882091763,nan,nan,nan,nan,nan,nan,nan
4958,45.5263157895,0.5136719510,nan,0.0003477507,34.5873200768,nan,nan,nan,nan,nan,nan,nan
4959,45.5263157895,0.2385207409,nan,0.0035981241,24.4392385758,nan,nan,nan,nan,nan,nan,nan
4960,45.5263157895,0.9920430800,nan,0.0000000932,70.3050208714,nan,nan,nan,nan,nan,nan,nan
4961,45.5263157895,0.8301226868,nan,0.0000027338,55.6323972367,nan,nan,nan,nan,nan,nan,nan
4962,45.5263157895,1.0448791170,nan,0.0000000271,75.6667664072,nan,nan,nan,nan,nan,nan,nan
4963,45.5263157895,0.3924012932,nan,0.0012064358,29.1849577734,nan,nan,nan,nan,nan,nan,nan
4964,45.5263157895,0.6845646656,nan,0.0000338746,44.7012559830,nan,nan,nan,nan,nan,nan,nan
4965,45.5263157895,0.3393312360,nan,0.0018696384,27.2824239099,nan,nan,nan,nan,nan,nan,nan
4966,45.5263157895,0.2480856159,nan,0.0034152729,24.6657458172,nan,nan,nan,nan,nan,nan,nan
4967,45.5263157895,0.7378973161,nan,0.0000142606,48.4586286187,nan,nan,nan,nan,nan,nan,nan
4968,45.5263157895,0.6280655169,nan,0.0000788322,41.0329620658,nan,nan,nan,nan,nan,nan,nan
4969,45.5263157895,0.2748928225,nan,0.0029182118,25.3488318468,nan,nan,nan,nan,nan,nan,nan
4970,45.5263157895,0.3472408946,nan,0.0017586525,27.5481997096,nan,nan,nan,nan,nan,nan,nan
4971,45.5263157895,0.4249248897,nan,0.0008933786,30.4896446216,nan,nan,nan,nan,nan,nan,nan
4972,45.5263157895,0.4527259717,nan,0.0006778608,31.6885950445,nan,nan,nan,nan,nan,nan,nan
4973,45.5263157895,0.6151080908,nan,0.0000946911,40.2369093073,nan,nan,nan,nan,nan,nan,nan
4974,45.5263157895,1.0183651229,nan,0.0000000508,72.9408159016,nan,nan,nan,nan,nan,nan,nan
4975,45.5263157895,0.5399273268,nan,0.0002540576,35.9506773122,nan,nan,nan,nan,nan,nan,nan
4976,45.5263157895,1.1838290683,nan,0.0000000008,91.1177650433,nan,nan,nan,nan,nan,nan,nan
4977,45.5263157895,0.7348674987,nan,0.0000150055,48.2374996695,nan,nan,nan,nan,nan,nan,nan
4978,45.5263157895,0.5686038315,nan,0.0001770640,37.5186965076,nan,nan,nan,nan,nan,nan,nan
4979,45.5263157895,0.2214135036,nan,0.0039294547,24.0566771540,nan,nan,nan,nan,nan,nan,nan
4980,45.5263157895,0.5781983336,nan,0.0001562524,38.0617326285,nan,nan,nan,nan,nan,nan,nan
4981,45.5263157895,0.3577757992,nan,0.0016173890,27.9118551303,nan,nan,nan,nan,nan,nan,nan
4982,45.5263157895,0.4403653961,nan,0.0007680685,31.1460006443,nan,nan,nan,nan,nan,nan,nan
4983,45.5263157895,0.4328653898,nan,0.0008271397,30.8242114882,nan,nan,nan,nan,nan,nan,nan
4984,45.5263157895,0.3682543141,nan,0.0014843886,28.2845240339,nan,nan,nan,nan,nan,nan,nan
4985,45.5263157895,0.0626649005,nan,0.0064874058,21.8792893554,nan,nan,nan,nan,nan,nan,nan
4986,45.5263157895,0.2045440450,nan,0.0042581999,23.7077395519,nan,nan,nan,nan,nan,nan,nan
4987,45.5263157895,0.2856458884,nan,0.0027271900,25.6428459898,nan,nan,nan,nan,nan,nan,nan
4988,45.5263157895,0.3862510757,nan,0.0012734730,28.9501026566,nan,nan,nan,nan,nan,nan,nan
4989,45.5263157895,0.7315509709,nan,0.0000158617,47.9965054516,nan,nan,nan,nan,nan,nan,nan
4990,45.5263157895,0.2412654068,nan,0.0035454310,24.5033095683,nan,nan,nan,nan,nan,nan,nan
4991,45.5263157895,0.0887349076,nan,0.0062119029,22.0677534111,nan,nan,nan,nan,nan,nan,nan
4992,45.5263157895,0.3365965028,nan,0.0019089824,27.1919807849,nan,nan,nan,nan,nan,nan,nan
4993,45.5263157895,0.4954158674,nan,0.0004285454,33.6800316118,nan,nan,nan,nan,nan,nan,nan
4994,45.5263157895,0.5188961062,nan,0.0003271078,34.8530905259,nan,nan,nan,nan,nan,nan,nan
4995,45.5263157895,0.4150751446,nan,0.0009809842,30.0833796766,nan,nan,nan,nan,nan,nan,nan
4996,45.5263157895,0.8356600171,nan,0.0000024601,56.0904229419,nan,nan,nan,nan,nan,nan,nan
4997,45.5263157895,0.2015818552,nan,0.0043158204,23.6493663944,nan,nan,nan,nan,nan,nan,nan
4998,45.5263157895,0.4905854155,nan,0.0004523192,33.4455497863,nan,nan,nan,nan,nan,nan,nan
4999,45.5263157895,0.4444659991,nan,0.0007371717,31.3243135277,nan,nan,nan,nan,nan,nan,nan
