sample_id,distance_km,r_i,eta_point_i,T_i,loss_total_db_i,chi_line_i,chi_tot_i,X_tot_i,I_AB_i,chi_BE_i,SKR_i,SKR_clipped_i
0,51.3157894737,0.4474091665,nan,0.0005047938,32.9688599692,nan,nan,nan,nan,nan,nan,nan
1,51.3157894737,1.1653219837,nan,0.0000000083,80.7862098329,nan,nan,nan,nan,nan,nan,nan
2,51.3157894737,0.1384411857,nan,0.0027822866,25.5559812965,nan,nan,nan,nan,nan,nan,nan
3,51.3157894737,0.4944953169,nan,0.0003317626,34.7917253992,nan,nan,nan,nan,nan,nan,nan
4,51.3157894737,0.7295484117,nan,0.0000216572,46.6439676723,nan,nan,nan,nan,nan,nan,nan
5,51.3157894737,0.5028833302,nan,0.0003064965,35.1357442956,nan,nan,nan,nan,nan,nan,nan
6,51.3157894737,1.0249131769,nan,0.0000001565,68.0559226666,nan,nan,nan,nan,nan,nan,nan
7,51.3157894737,0.3141377868,nan,0.0013168249,28.8047198539,nan,nan,nan,nan,nan,nan,nan
8,51.3157894737,0.2595659134,nan,0.0017687690,27.5232888645,nan,nan,nan,nan,nan,nan,nan
9,51.3157894737,0.1574126321,nan,0.0026397168,25.7844266741,nan,nan,nan,nan,nan,nan,nan
10,51.3157894737,0.4086352870,nan,0.0006909197,31.6057245376,nan,nan,nan,nan,nan,nan,nan
11,51.3157894737,0.3754336604,nan,0.0008836044,30.5374213877,nan,nan,nan,nan,nan,nan,nan
12,51.3157894737,0.3558456865,nan,0.0010115944,29.9499358211,nan,nan,nan,nan,nan,nan,nan
13,51.3157894737,0.9803644902,nan,0.0000003664,64.3607354765,nan,nan,nan,nan,nan,nan,nan
14,51.3157894737,0.4066288945,nan,0.0007016854,31.5385758889,nan,nan,nan,nan,nan,nan,nan
15,51.3157894737,0.8285575842,nan,0.0000049985,53.0115633620,nan,nan,nan,nan,nan,nan,nan
16,51.3157894737,0.5557951638,nan,0.0001802864,37.4403703396,nan,nan,nan,nan,nan,nan,nan
17,51.3157894737,0.6474080161,nan,0.0000633824,41.9803164622,nan,nan,nan,nan,nan,nan,nan
18,51.3157894737,0.3968746354,nan,0.0007556357,31.2168753196,nan,nan,nan,nan,nan,nan,nan
19,51.3157894737,0.2388573976,nan,0.0019492454,27.1013347998,nan,nan,nan,nan,nan,nan,nan
20,51.3157894737,0.7403052800,nan,0.0000186369,47.2962663807,nan,nan,nan,nan,nan,nan,nan
21,51.3157894737,0.3532243446,nan,0.0010295030,29.8737237906,nan,nan,nan,nan,nan,nan,nan
22,51.3157894737,0.3587867436,nan,0.0009917176,30.0361196138,nan,nan,nan,nan,nan,nan,nan
23,51.3157894737,0.8135738544,nan,0.0000063161,51.9954989075,nan,nan,nan,nan,nan,nan,nan
24,51.3157894737,0.8742644507,nan,0.0000023842,56.2265393212,nan,nan,nan,nan,nan,nan,nan
25,51.3157894737,0.7530485378,nan,0.0000155544,48.0814802840,nan,nan,nan,nan,nan,nan,nan
26,51.3157894737,1.0127353241,nan,0.0000001982,67.0293598964,nan,nan,nan,nan,nan,nan,nan
27,51.3157894737,0.3496260001,nan,0.0010543791,29.7700320877,nan,nan,nan,nan,nan,nan,nan
28,51.3157894737,0.6668406454,nan,0.0000497397,43.0329689744,nan,nan,nan,nan,nan,nan,nan
29,51.3157894737,0.5854168199,nan,0.0001308570,38.8320319658,nan,nan,nan,nan,nan,nan,nan
30,51.3157894737,0.4412712466,nan,0.0005315231,32.7447782844,nan,nan,nan,nan,nan,nan,nan
31,51.3157894737,1.0418660906,nan,0.0000001121,69.5056158410,nan,nan,nan,nan,nan,nan,nan
32,51.3157894737,0.6335266138,nan,0.0000750310,41.2475899273,nan,nan,nan,nan,nan,nan,nan
33,51.3157894737,0.2739963618,nan,0.0016450412,27.8382320761,nan,nan,nan,nan,nan,nan,nan
34,51.3157894737,1.1759696536,nan,0.0000000066,81.8187465051,nan,nan,nan,nan,nan,nan,nan
35,51.3157894737,0.7889942455,nan,0.0000091850,50.3692184435,nan,nan,nan,nan,nan,nan,nan
36,51.3157894737,0.4858246309,nan,0.0003595633,34.4422463852,nan,nan,nan,nan,nan,nan,nan
37,51.3157894737,0.9748683147,nan,0.0000004059,63.9163160688,nan,nan,nan,nan,nan,nan,nan
38,51.3157894737,0.3158957537,nan,0.0013031404,28.8500880261,nan,nan,nan,nan,nan,nan,nan
39,51.3157894737,0.8267635423,nan,0.0000051417,52.8889218350,nan,nan,nan,nan,nan,nan,nan
40,51.3157894737,1.5592120822,nan,0.0000000000,125.2935935949,nan,nan,nan,nan,nan,nan,nan
41,51.3157894737,0.6119715288,nan,0.0000967933,40.1415480533,nan,nan,nan,nan,nan,nan,nan
42,51.3157894737,0.5247872847,nan,0.0002476502,36.0616135250,nan,nan,nan,nan,nan,nan,nan
43,51.3157894737,0.7790536516,nan,0.0000106517,49.7257969183,nan,nan,nan,nan,nan,nan,nan
44,51.3157894737,0.4140242867,nan,0.0006625627,31.7877300261,nan,nan,nan,nan,nan,nan,nan
45,51.3157894737,0.4189682384,nan,0.0006372620,31.9568197873,nan,nan,nan,nan,nan,nan,nan
46,51.3157894737,0.7167983474,nan,0.0000258032,45.8832698032,nan,nan,nan,nan,nan,nan,nan
47,51.3157894737,0.4719420370,nan,0.0004077859,33.8956776486,nan,nan,nan,nan,nan,nan,nan
48,51.3157894737,0.6745265977,nan,0.0000451027,43.4579760471,nan,nan,nan,nan,nan,nan,nan
49,51.3157894737,0.6741727647,nan,0.0000453075,43.4383024268,nan,nan,nan,nan,nan,nan,nan
50,51.3157894737,0.9725646727,nan,0.0000004236,63.7307934844,nan,nan,nan,nan,nan,nan,nan
51,51.3157894737,0.6101574507,nan,0.0000988502,40.0502246587,nan,nan,nan,nan,nan,nan,nan
52,51.3157894737,0.7349604358,nan,0.0000200865,46.9709504521,nan,nan,nan,nan,nan,nan,nan
53,51.3157894737,0.2256693272,nan,0.0020648853,26.8510406370,nan,nan,nan,nan,nan,nan,nan
54,51.3157894737,0.5841740632,nan,0.0001326728,38.7721814600,nan,nan,nan,nan,nan,nan,nan
55,51.3157894737,0.2352056068,nan,0.0019812564,27.0305932053,nan,nan,nan,nan,nan,nan,nan
56,51.3157894737,0.9822006490,nan,0.0000003540,64.5097683291,nan,nan,nan,nan,nan,nan,nan
57,51.3157894737,0.4822640772,nan,0.0003714890,34.3005409960,nan,nan,nan,nan,nan,nan,nan
58,51.3157894737,0.4000005626,nan,0.0007380551,31.3191123999,nan,nan,nan,nan,nan,nan,nan
59,51.3157894737,0.7796979129,nan,0.0000105506,49.7672484866,nan,nan,nan,nan,nan,nan,nan
60,51.3157894737,0.3268777500,nan,0.0012191910,29.1392824020,nan,nan,nan,nan,nan,nan,nan
61,51.3157894737,0.3872307185,nan,0.0008116043,30.9065566344,nan,nan,nan,nan,nan,nan,nan
62,51.3157894737,0.8348121553,nan,0.0000045277,53.4412252874,nan,nan,nan,nan,nan,nan,nan
63,51.3157894737,0.7261099109,nan,0.0000227118,46.4374869606,nan,nan,nan,nan,nan,nan,nan
64,51.3157894737,0.2364828282,nan,0.0019700578,27.0552102443,nan,nan,nan,nan,nan,nan,nan
65,51.3157894737,0.0528634313,nan,0.0032419694,24.8919108278,nan,nan,nan,nan,nan,nan,nan
66,51.3157894737,0.9087693976,nan,0.0000013277,58.7688973867,nan,nan,nan,nan,nan,nan,nan
67,51.3157894737,0.1946838182,nan,0.0023338131,26.3193392901,nan,nan,nan,nan,nan,nan,nan
68,51.3157894737,0.3804682777,nan,0.0008524034,30.6935481832,nan,nan,nan,nan,nan,nan,nan
69,51.3157894737,1.0561652669,nan,0.0000000842,70.7470272101,nan,nan,nan,nan,nan,nan,nan
70,51.3157894737,1.1192374063,nan,0.0000000228,76.4264390767,nan,nan,nan,nan,nan,nan,nan
71,51.3157894737,0.4666811316,nan,0.0004272946,33.6927262773,nan,nan,nan,nan,nan,nan,nan
72,51.3157894737,0.8501165073,nan,0.0000035430,54.5063104003,nan,nan,nan,nan,nan,nan,nan
73,51.3157894737,0.4948632256,nan,0.0003306213,34.8066921387,nan,nan,nan,nan,nan,nan,nan
74,51.3157894737,0.8415774964,nan,0.0000040648,53.9096435596,nan,nan,nan,nan,nan,nan,nan
75,51.3157894737,0.1355634581,nan,0.0028029096,25.5239091324,nan,nan,nan,nan,nan,nan,nan
76,51.3157894737,0.1992268750,nan,0.0022949054,26.3923520900,nan,nan,nan,nan,nan,nan,nan
77,51.3157894737,0.8519035051,nan,0.0000034420,54.6319462339,nan,nan,nan,nan,nan,nan,nan
78,51.3157894737,1.2499555446,nan,0.0000000012,89.2549731257,nan,nan,nan,nan,nan,nan,nan
79,51.3157894737,0.8260193928,nan,0.0000052022,52.8381300936,nan,nan,nan,nan,nan,nan,nan
80,51.3157894737,0.0998502948,nan,0.0030322345,25.1823721270,nan,nan,nan,nan,nan,nan,nan
81,51.3157894737,0.4216594587,nan,0.0006237759,32.0497139484,nan,nan,nan,nan,nan,nan,nan
82,51.3157894737,1.0624407220,nan,0.0000000742,71.2972314665,nan,nan,nan,nan,nan,nan,nan
83,51.3157894737,0.8360020245,nan,0.0000044429,53.5233330625,nan,nan,nan,nan,nan,nan,nan
84,51.3157894737,0.8164493313,nan,0.0000060408,52.1890385190,nan,nan,nan,nan,nan,nan,nan
85,51.3157894737,0.1471303243,nan,0.0027183509,25.6569448307,nan,nan,nan,nan,nan,nan,nan
86,51.3157894737,0.8030160017,nan,0.0000074288,51.2907875235,nan,nan,nan,nan,nan,nan,nan
87,51.3157894737,1.0135049059,nan,0.0000001953,67.0938674578,nan,nan,nan,nan,nan,nan,nan
88,51.3157894737,0.1595179787,nan,0.0026232519,25.8115999896,nan,nan,nan,nan,nan,nan,nan
89,51.3157894737,0.2779301384,nan,0.0016117339,27.9270666532,nan,nan,nan,nan,nan,nan,nan
90,51.3157894737,0.5374898007,nan,0.0002179326,36.6167785882,nan,nan,nan,nan,nan,nan,nan
91,51.3157894737,0.7454267172,nan,0.0000173372,47.6102147979,nan,nan,nan,nan,nan,nan,nan
92,51.3157894737,0.2861421476,nan,0.0015428971,28.1166304057,nan,nan,nan,nan,nan,nan,nan
93,51.3157894737,1.4768690149,nan,0.0000000000,114.9161560745,nan,nan,nan,nan,nan,nan,nan
94,51.3157894737,1.3002962848,nan,0.0000000003,94.5762038617,nan,nan,nan,nan,nan,nan,nan
95,51.3157894737,0.4171587619,nan,0.0006464429,31.8946984284,nan,nan,nan,nan,nan,nan,nan
96,51.3157894737,0.6557096154,nan,0.0000571983,42.4261677050,nan,nan,nan,nan,nan,nan,nan
97,51.3157894737,0.1411378912,nan,0.0027627064,25.5866526385,nan,nan,nan,nan,nan,nan,nan
98,51.3157894737,0.3482137941,nan,0.0010642337,29.7296298063,nan,nan,nan,nan,nan,nan,nan
99,51.3157894737,1.1602224576,nan,0.0000000093,80.2950474748,nan,nan,nan,nan,nan,nan,nan
100,51.3157894737,0.7079362967,nan,0.0000290904,45.3625065610,nan,nan,nan,nan,nan,nan,nan
101,51.3157894737,1.3785788269,nan,0.0000000000,103.2719673086,nan,nan,nan,nan,nan,nan,nan
102,51.3157894737,0.3316338954,nan,0.0011836897,29.2676211540,nan,nan,nan,nan,nan,nan,nan
103,51.3157894737,0.9510624810,nan,0.0000006280,62.0204716814,nan,nan,nan,nan,nan,nan,nan
104,51.3157894737,0.9757045622,nan,0.0000003996,63.9837723188,nan,nan,nan,nan,nan,nan,nan
105,51.3157894737,0.6532173832,nan,0.0000589968,42.2917164585,nan,nan,nan,nan,nan,nan,nan
106,51.3157894737,0.8245681884,nan,0.0000053220,52.7392111674,nan,nan,nan,nan,nan,nan,nan
107,51.3157894737,0.1523173742,nan,0.0026790636,25.7201697272,nan,nan,nan,nan,nan,nan,nan
108,51.3157894737,0.2831103229,nan,0.0015681960,28.0459964447,nan,nan,nan,nan,nan,nan,nan
109,51.3157894737,0.5609373775,nan,0.0001707367,37.6767321376,nan,nan,nan,nan,nan,nan,nan
110,51.3157894737,0.2272757304,nan,0.0020508024,26.8807617927,nan,nan,nan,nan,nan,nan,nan
111,51.3157894737,0.7287943194,nan,0.0000218847,46.5986004924,nan,nan,nan,nan,nan,nan,nan
112,51.3157894737,0.6245800885,nan,0.0000834865,40.7838361771,nan,nan,nan,nan,nan,nan,nan
113,51.3157894737,0.7383342171,nan,0.0000191601,47.1760202280,nan,nan,nan,nan,nan,nan,nan
114,51.3157894737,0.1064552750,nan,0.0029938745,25.2376640901,nan,nan,nan,nan,nan,nan,nan
115,51.3157894737,0.7804237015,nan,0.0000104376,49.8139868972,nan,nan,nan,nan,nan,nan,nan
116,51.3157894737,0.6343724172,nan,0.0000742715,41.2917772936,nan,nan,nan,nan,nan,nan,nan
117,51.3157894737,0.4367868383,nan,0.0005516916,32.5830359238,nan,nan,nan,nan,nan,nan,nan
118,51.3157894737,0.8832455285,nan,0.0000020518,56.8787214357,nan,nan,nan,nan,nan,nan,nan
119,51.3157894737,0.9417241805,nan,0.0000007431,61.2896955955,nan,nan,nan,nan,nan,nan,nan
120,51.3157894737,0.4825967851,nan,0.0003703618,34.3137378137,nan,nan,nan,nan,nan,nan,nan
121,51.3157894737,0.8167413352,nan,0.0000060135,52.2087309301,nan,nan,nan,nan,nan,nan,nan
122,51.3157894737,0.7202826998,nan,0.0000246047,46.0898111954,nan,nan,nan,nan,nan,nan,nan
123,51.3157894737,0.6179902798,nan,0.0000902298,40.4464993658,nan,nan,nan,nan,nan,nan,nan
124,51.3157894737,0.3270543893,nan,0.0012178631,29.1440153699,nan,nan,nan,nan,nan,nan,nan
125,51.3157894737,0.3292961475,nan,0.0012010729,29.2043062678,nan,nan,nan,nan,nan,nan,nan
126,51.3157894737,0.5193730586,nan,0.0002612731,35.8290535678,nan,nan,nan,nan,nan,nan,nan
127,51.3157894737,0.3532269048,nan,0.0010294854,29.8737979482,nan,nan,nan,nan,nan,nan,nan
128,51.3157894737,0.2268452829,nan,0.0020545765,26.8727769399,nan,nan,nan,nan,nan,nan,nan
129,51.3157894737,0.4363834674,nan,0.0005535325,32.5685689271,nan,nan,nan,nan,nan,nan,nan
130,51.3157894737,0.8238092373,nan,0.0000053857,52.6875483911,nan,nan,nan,nan,nan,nan,nan
131,51.3157894737,0.7728867353,nan,0.0000116660,49.3307678015,nan,nan,nan,nan,nan,nan,nan
132,51.3157894737,0.3298149653,nan,0.0011972039,29.2183187815,nan,nan,nan,nan,nan,nan,nan
133,51.3157894737,0.1167626055,nan,0.0029301610,25.3310851120,nan,nan,nan,nan,nan,nan,nan
134,51.3157894737,0.3664801869,nan,0.0009408168,30.2649492830,nan,nan,nan,nan,nan,nan,nan
135,51.3157894737,0.2230278637,nan,0.0020880306,26.8026313181,nan,nan,nan,nan,nan,nan,nan
136,51.3157894737,0.3120286729,nan,0.0013333291,28.7506264670,nan,nan,nan,nan,nan,nan,nan
137,51.3157894737,0.6376750969,nan,0.0000713692,41.4648887372,nan,nan,nan,nan,nan,nan,nan
138,51.3157894737,0.7426297284,nan,0.0000180365,47.4384865146,nan,nan,nan,nan,nan,nan,nan
139,51.3157894737,0.4422126200,nan,0.0005273582,32.7789430549,nan,nan,nan,nan,nan,nan,nan
140,51.3157894737,0.2706301313,nan,0.0016736984,27.7632280038,nan,nan,nan,nan,nan,nan,nan
141,51.3157894737,0.0826567445,nan,0.0031223571,25.0551743117,nan,nan,nan,nan,nan,nan,nan
142,51.3157894737,0.3781984277,nan,0.0008663834,30.6228990103,nan,nan,nan,nan,nan,nan,nan
143,51.3157894737,0.7924796799,nan,0.0000087161,50.5967670382,nan,nan,nan,nan,nan,nan,nan
144,51.3157894737,0.5144150324,nan,0.0002742697,35.6182222900,nan,nan,nan,nan,nan,nan,nan
145,51.3157894737,0.8505163922,nan,0.0000035201,54.5344014106,nan,nan,nan,nan,nan,nan,nan
146,51.3157894737,0.4220782275,nan,0.0006216955,32.0642227228,nan,nan,nan,nan,nan,nan,nan
147,51.3157894737,0.7778255527,nan,0.0000108471,49.6468771223,nan,nan,nan,nan,nan,nan,nan
148,51.3157894737,0.9235661601,nan,0.0000010258,59.8895407033,nan,nan,nan,nan,nan,nan,nan
149,51.3157894737,0.2086984050,nan,0.0022130773,26.5500341924,nan,nan,nan,nan,nan,nan,nan
150,51.3157894737,1.3924865465,nan,0.0000000000,104.8704822971,nan,nan,nan,nan,nan,nan,nan
151,51.3157894737,0.6303434620,nan,0.0000779502,41.0818252113,nan,nan,nan,nan,nan,nan,nan
152,51.3157894737,1.1421539670,nan,0.0000000139,78.5722584440,nan,nan,nan,nan,nan,nan,nan
153,51.3157894737,0.6114146407,nan,0.0000974208,40.1134843955,nan,nan,nan,nan,nan,nan,nan
154,51.3157894737,0.1572483085,nan,0.0026409969,25.7823210957,nan,nan,nan,nan,nan,nan,nan
155,51.3157894737,0.6655855718,nan,0.0000505355,42.9640341625,nan,nan,nan,nan,nan,nan,nan
156,51.3157894737,1.0167658241,nan,0.0000001833,67.3677510692,nan,nan,nan,nan,nan,nan,nan
157,51.3157894737,0.2315682342,nan,0.0020131571,26.9612234251,nan,nan,nan,nan,nan,nan,nan
158,51.3157894737,0.6485673610,nan,0.0000624851,42.0422368710,nan,nan,nan,nan,nan,nan,nan
159,51.3157894737,0.3102103873,nan,0.0013476319,28.7042870470,nan,nan,nan,nan,nan,nan,nan
160,51.3157894737,0.4547624837,nan,0.0004740866,33.2414232371,nan,nan,nan,nan,nan,nan,nan
161,51.3157894737,1.0333749407,nan,0.0000001325,68.7765148864,nan,nan,nan,nan,nan,nan,nan
162,51.3157894737,0.9957615844,nan,0.0000002742,65.6191578023,nan,nan,nan,nan,nan,nan,nan
163,51.3157894737,0.4089606464,nan,0.0006891845,31.6166448612,nan,nan,nan,nan,nan,nan,nan
164,51.3157894737,0.9591258199,nan,0.0000005423,62.6573251230,nan,nan,nan,nan,nan,nan,nan
165,51.3157894737,0.3986676879,nan,0.0007455177,31.2754202661,nan,nan,nan,nan,nan,nan,nan
166,51.3157894737,1.0572339453,nan,0.0000000824,70.8404920052,nan,nan,nan,nan,nan,nan,nan
167,51.3157894737,0.3314973701,nan,0.0011847014,29.2639111229,nan,nan,nan,nan,nan,nan,nan
168,51.3157894737,0.9965052412,nan,0.0000002704,65.6804383837,nan,nan,nan,nan,nan,nan,nan
169,51.3157894737,0.4617551049,nan,0.0004461929,33.5047733857,nan,nan,nan,nan,nan,nan,nan
170,51.3157894737,0.1742091449,nan,0.0025053286,26.0113530085,nan,nan,nan,nan,nan,nan,nan
171,51.3157894737,0.5716110669,nan,0.0001522525,38.1743557866,nan,nan,nan,nan,nan,nan,nan
172,51.3157894737,0.4365571024,nan,0.0005527395,32.5747947347,nan,nan,nan,nan,nan,nan,nan
173,51.3157894737,0.5336987590,nan,0.0002264807,36.4496889050,nan,nan,nan,nan,nan,nan,nan
174,51.3157894737,1.0447297389,nan,0.0000001059,69.7528626247,nan,nan,nan,nan,nan,nan,nan
175,51.3157894737,0.8662660869,nan,0.0000027218,55.6513778449,nan,nan,nan,nan,nan,nan,nan
176,51.3157894737,0.4451522629,nan,0.0005145052,32.8861026085,nan,nan,nan,nan,nan,nan,nan
177,51.3157894737,0.1601610610,nan,0.0026181995,25.8199727221,nan,nan,nan,nan,nan,nan,nan
178,51.3157894737,0.9776702281,nan,0.0000003853,64.1425632638,nan,nan,nan,nan,nan,nan,nan
179,51.3157894737,1.1284059509,nan,0.0000000187,77.2796832961,nan,nan,nan,nan,nan,nan,nan
180,51.3157894737,0.4417983975,nan,0.0005291879,32.7639008511,nan,nan,nan,nan,nan,nan,nan
181,51.3157894737,1.0696329991,nan,0.0000000641,71.9318611888,nan,nan,nan,nan,nan,nan,nan
182,51.3157894737,1.4650779754,nan,0.0000000000,113.4766264684,nan,nan,nan,nan,nan,nan,nan
183,51.3157894737,0.5193773311,nan,0.0002612621,35.8292361279,nan,nan,nan,nan,nan,nan,nan
184,51.3157894737,0.6752396928,nan,0.0000446925,43.4976567801,nan,nan,nan,nan,nan,nan,nan
185,51.3157894737,0.5410047165,nan,0.0002102440,36.7727636365,nan,nan,nan,nan,nan,nan,nan
186,51.3157894737,0.8482948467,nan,0.0000036488,54.3785114132,nan,nan,nan,nan,nan,nan,nan
187,51.3157894737,0.5874853230,nan,0.0001278812,38.9319344038,nan,nan,nan,nan,nan,nan,nan
188,51.3157894737,0.5047970730,nan,0.0003009504,35.2150505024,nan,nan,nan,nan,nan,nan,nan
189,51.3157894737,0.8509385176,nan,0.0000034962,54.5640692249,nan,nan,nan,nan,nan,nan,nan
190,51.3157894737,0.6908219246,nan,0.0000365149,44.3752994872,nan,nan,nan,nan,nan,nan,nan
191,51.3157894737,0.2271426516,nan,0.0020519692,26.8782915345,nan,nan,nan,nan,nan,nan,nan
192,51.3157894737,0.3491611885,nan,0.0010576170,29.7567159289,nan,nan,nan,nan,nan,nan,nan
193,51.3157894737,0.6162262823,nan,0.0000921126,40.3568113306,nan,nan,nan,nan,nan,nan,nan
194,51.3157894737,0.2643967409,nan,0.0017271067,27.6268083550,nan,nan,nan,nan,nan,nan,nan
195,51.3157894737,0.2610899126,nan,0.0017556023,27.5557386957,nan,nan,nan,nan,nan,nan,nan
196,51.3157894737,0.3433739125,nan,0.0010983949,29.5924149541,nan,nan,nan,nan,nan,nan,nan
197,51.3157894737,0.9476091475,nan,0.0000006684,61.7493810054,nan,nan,nan,nan,nan,nan,nan
198,51.3157894737,0.3323013968,nan,0.0011787501,29.2857824668,nan,nan,nan,nan,nan,nan,nan
199,51.3157894737,0.7362061435,nan,0.0000197399,47.0465584624,nan,nan,nan,nan,nan,nan,nan
200,51.3157894737,0.8847662356,nan,0.0000019999,56.9898166112,nan,nan,nan,nan,nan,nan,nan
201,51.3157894737,1.1572220615,nan,0.0000000100,80.0070784704,nan,nan,nan,nan,nan,nan,nan
202,51.3157894737,0.7666809303,nan,0.0000127748,48.9364435018,nan,nan,nan,nan,nan,nan,nan
203,51.3157894737,0.3959556687,nan,0.0007608564,31.1869732970,nan,nan,nan,nan,nan,nan,nan
204,51.3157894737,0.3952399370,nan,0.0007649389,31.1637327087,nan,nan,nan,nan,nan,nan,nan
205,51.3157894737,0.3338893062,nan,0.0011670423,29.3291341584,nan,nan,nan,nan,nan,nan,nan
206,51.3157894737,1.1134498554,nan,0.0000000258,75.8914514300,nan,nan,nan,nan,nan,nan,nan
207,51.3157894737,1.0429687939,nan,0.0000001096,69.6007419803,nan,nan,nan,nan,nan,nan,nan
208,51.3157894737,0.3168506312,nan,0.0012957351,28.8748377297,nan,nan,nan,nan,nan,nan,nan
209,51.3157894737,0.5064015971,nan,0.0002963619,35.2817766913,nan,nan,nan,nan,nan,nan,nan
210,51.3157894737,0.2695821105,nan,0.0016826479,27.7400675722,nan,nan,nan,nan,nan,nan,nan
211,51.3157894737,0.4102855213,nan,0.0006821497,31.6612033231,nan,nan,nan,nan,nan,nan,nan
212,51.3157894737,0.6020904340,nan,0.0001084569,39.6474300471,nan,nan,nan,nan,nan,nan,nan
213,51.3157894737,0.5081022989,nan,0.0002915590,35.3527356901,nan,nan,nan,nan,nan,nan,nan
214,51.3157894737,0.7534665253,nan,0.0000154616,48.1074647428,nan,nan,nan,nan,nan,nan,nan
215,51.3157894737,0.4060720042,nan,0.0007046935,31.5199973412,nan,nan,nan,nan,nan,nan,nan
216,51.3157894737,0.8584031611,nan,0.0000030966,55.0911516908,nan,nan,nan,nan,nan,nan,nan
217,51.3157894737,0.5335961627,nan,0.0002267157,36.4451835607,nan,nan,nan,nan,nan,nan,nan
218,51.3157894737,1.0421316909,nan,0.0000001115,69.5285189166,nan,nan,nan,nan,nan,nan,nan
219,51.3157894737,0.6525758071,nan,0.0000594677,42.2571881991,nan,nan,nan,nan,nan,nan,nan
220,51.3157894737,0.9386891178,nan,0.0000007846,61.0537500905,nan,nan,nan,nan,nan,nan,nan
221,51.3157894737,0.7140809168,nan,0.0000267739,45.7228901231,nan,nan,nan,nan,nan,nan,nan
222,51.3157894737,0.8967589085,nan,0.0000016320,57.8726940114,nan,nan,nan,nan,nan,nan,nan
223,51.3157894737,0.9977817837,nan,0.0000002639,65.7857386543,nan,nan,nan,nan,nan,nan,nan
224,51.3157894737,0.2164639208,nan,0.0021454458,26.6848244537,nan,nan,nan,nan,nan,nan,nan
225,51.3157894737,0.1720457990,nan,0.0025230016,25.9808247791,nan,nan,nan,nan,nan,nan,nan
226,51.3157894737,0.2347636638,nan,0.0019851318,27.0221065461,nan,nan,nan,nan,nan,nan,nan
227,51.3157894737,0.1674128938,nan,0.0025605065,25.9167411130,nan,nan,nan,nan,nan,nan,nan
228,51.3157894737,0.4512958543,nan,0.0004883859,33.1123684320,nan,nan,nan,nan,nan,nan,nan
229,51.3157894737,1.1135269028,nan,0.0000000257,75.8985551418,nan,nan,nan,nan,nan,nan,nan
230,51.3157894737,0.6010934394,nan,0.0001096977,39.5980244103,nan,nan,nan,nan,nan,nan,nan
231,51.3157894737,0.6222201968,nan,0.0000858496,40.6626169904,nan,nan,nan,nan,nan,nan,nan
232,51.3157894737,0.7293241073,nan,0.0000217247,46.6304682801,nan,nan,nan,nan,nan,nan,nan
233,51.3157894737,0.8044112317,nan,0.0000072721,51.3833834927,nan,nan,nan,nan,nan,nan,nan
234,51.3157894737,0.3214107401,nan,0.0012606452,28.9940712471,nan,nan,nan,nan,nan,nan,nan
235,51.3157894737,1.1944103649,nan,0.0000000043,83.6294043485,nan,nan,nan,nan,nan,nan,nan
236,51.3157894737,0.7026857134,nan,0.0000312101,45.0570469711,nan,nan,nan,nan,nan,nan,nan
237,51.3157894737,0.9498908565,nan,0.0000006414,61.9283863436,nan,nan,nan,nan,nan,nan,nan
238,51.3157894737,0.2481081244,nan,0.0018683331,27.2854568115,nan,nan,nan,nan,nan,nan,nan
239,51.3157894737,0.2675829128,nan,0.0016997544,27.6961381970,nan,nan,nan,nan,nan,nan,nan
240,51.3157894737,1.1874166052,nan,0.0000000051,82.9393563353,nan,nan,nan,nan,nan,nan,nan
241,51.3157894737,0.7175006266,nan,0.0000255575,45.9248174224,nan,nan,nan,nan,nan,nan,nan
242,51.3157894737,0.1206329008,nan,0.0029050853,25.3684110663,nan,nan,nan,nan,nan,nan,nan
243,51.3157894737,0.8773049831,nan,0.0000022664,56.4465821249,nan,nan,nan,nan,nan,nan,nan
244,51.3157894737,0.8615606383,nan,0.0000029407,55.3155000378,nan,nan,nan,nan,nan,nan,nan
245,51.3157894737,0.5725608198,nan,0.0001506922,38.2190930041,nan,nan,nan,nan,nan,nan,nan
246,51.3157894737,0.9752294859,nan,0.0000004031,63.9454429331,nan,nan,nan,nan,nan,nan,nan
247,51.3157894737,0.1536220571,nan,0.0026690578,25.7364201887,nan,nan,nan,nan,nan,nan,nan
248,51.3157894737,0.8554570545,nan,0.0000032489,54.8825709778,nan,nan,nan,nan,nan,nan,nan
249,51.3157894737,0.7744125221,nan,0.0000114072,49.4282091259,nan,nan,nan,nan,nan,nan,nan
250,51.3157894737,1.4113416023,nan,0.0000000000,107.0634709558,nan,nan,nan,nan,nan,nan,nan
251,51.3157894737,0.4137066204,nan,0.0006642117,31.7769346212,nan,nan,nan,nan,nan,nan,nan
252,51.3157894737,1.0401408232,nan,0.0000001160,69.3569869856,nan,nan,nan,nan,nan,nan,nan
253,51.3157894737,0.9803647157,nan,0.0000003664,64.3607537624,nan,nan,nan,nan,nan,nan,nan
254,51.3157894737,0.9630052924,nan,0.0000005052,62.9656630543,nan,nan,nan,nan,nan,nan,nan
255,51.3157894737,0.8932561997,nan,0.0000017324,57.6135920991,nan,nan,nan,nan,nan,nan,nan
256,51.3157894737,0.7998890528,nan,0.0000077914,51.0838528803,nan,nan,nan,nan,nan,nan,nan
257,51.3157894737,0.2807711337,nan,0.0015878089,27.9920176836,nan,nan,nan,nan,nan,nan,nan
258,51.3157894737,0.8746174582,nan,0.0000023703,56.2520468839,nan,nan,nan,nan,nan,nan,nan
259,51.3157894737,0.2428590975,nan,0.0019142044,27.1801169281,nan,nan,nan,nan,nan,nan,nan
260,51.3157894737,0.6535794315,nan,0.0000587325,42.3112162292,nan,nan,nan,nan,nan,nan,nan
261,51.3157894737,0.2757335653,nan,0.0016303074,27.8773050543,nan,nan,nan,nan,nan,nan,nan
262,51.3157894737,1.0185305972,nan,0.0000001772,67.5163438801,nan,nan,nan,nan,nan,nan,nan
263,51.3157894737,0.7375364333,nan,0.0000193756,47.1274427412,nan,nan,nan,nan,nan,nan,nan
264,51.3157894737,1.3448503768,nan,0.0000000001,99.4625116801,nan,nan,nan,nan,nan,nan,nan
265,51.3157894737,0.4908695240,nan,0.0003431764,34.6448264606,nan,nan,nan,nan,nan,nan,nan
266,51.3157894737,0.7394237695,nan,0.0000188693,47.2424492146,nan,nan,nan,nan,nan,nan,nan
267,51.3157894737,0.6706278897,nan,0.0000474048,43.2417768972,nan,nan,nan,nan,nan,nan,nan
268,51.3157894737,0.6344297772,nan,0.0000742202,41.2947761088,nan,nan,nan,nan,nan,nan,nan
269,51.3157894737,0.9774358560,nan,0.0000003869,64.1236132328,nan,nan,nan,nan,nan,nan,nan
270,51.3157894737,0.4715821331,nan,0.0004090986,33.8817204311,nan,nan,nan,nan,nan,nan,nan
271,51.3157894737,0.3824664672,nan,0.0008402152,30.7560947621,nan,nan,nan,nan,nan,nan,nan
272,51.3157894737,0.2372729574,nan,0.0019631313,27.0705064301,nan,nan,nan,nan,nan,nan,nan
273,51.3157894737,0.5732173486,nan,0.0001496214,38.2500619597,nan,nan,nan,nan,nan,nan,nan
274,51.3157894737,0.4424477888,nan,0.0005263214,32.7874893767,nan,nan,nan,nan,nan,nan,nan
275,51.3157894737,0.7687234735,nan,0.0000123997,49.0658752222,nan,nan,nan,nan,nan,nan,nan
276,51.3157894737,0.3471282732,nan,0.0010718436,29.6986858607,nan,nan,nan,nan,nan,nan,nan
277,51.3157894737,0.1983248719,nan,0.0023026500,26.3777206026,nan,nan,nan,nan,nan,nan,nan
278,51.3157894737,0.8347750270,nan,0.0000045304,53.4386651218,nan,nan,nan,nan,nan,nan,nan
279,51.3157894737,0.5469052117,nan,0.0001978372,37.0369214235,nan,nan,nan,nan,nan,nan,nan
280,51.3157894737,0.6137174272,nan,0.0000948485,40.2296973732,nan,nan,nan,nan,nan,nan,nan
281,51.3157894737,0.8024527228,nan,0.0000074930,51.2534508339,nan,nan,nan,nan,nan,nan,nan
282,51.3157894737,0.4449568559,nan,0.0005153524,32.8789571728,nan,nan,nan,nan,nan,nan,nan
283,51.3157894737,0.3798339297,nan,0.0008562959,30.6737611536,nan,nan,nan,nan,nan,nan,nan
284,51.3157894737,0.7238420000,nan,0.0000234324,46.3018381244,nan,nan,nan,nan,nan,nan,nan
285,51.3157894737,1.0226030349,nan,0.0000001637,67.8602323884,nan,nan,nan,nan,nan,nan,nan
286,51.3157894737,0.7227951400,nan,0.0000237719,46.2393674328,nan,nan,nan,nan,nan,nan,nan
287,51.3157894737,0.3449574797,nan,0.0010871520,29.6370972875,nan,nan,nan,nan,nan,nan,nan
288,51.3157894737,0.3518414226,nan,0.0010390235,29.8337461422,nan,nan,nan,nan,nan,nan,nan
289,51.3157894737,0.5751228149,nan,0.0001465498,38.3401469167,nan,nan,nan,nan,nan,nan,nan
290,51.3157894737,0.5042022481,nan,0.0003026657,35.1903682027,nan,nan,nan,nan,nan,nan,nan
291,51.3157894737,1.0171930242,nan,0.0000001818,67.4036972135,nan,nan,nan,nan,nan,nan,nan
292,51.3157894737,1.0134356354,nan,0.0000001955,67.0880590737,nan,nan,nan,nan,nan,nan,nan
293,51.3157894737,0.2216685819,nan,0.0020999337,26.7779441499,nan,nan,nan,nan,nan,nan,nan
294,51.3157894737,0.2972290494,nan,0.0014516473,28.3813888792,nan,nan,nan,nan,nan,nan,nan
295,51.3157894737,0.8231759697,nan,0.0000054394,52.6444777661,nan,nan,nan,nan,nan,nan,nan
296,51.3157894737,0.1621734644,nan,0.0026023200,25.8463930848,nan,nan,nan,nan,nan,nan,nan
297,51.3157894737,0.3264740763,nan,0.0012222285,29.1284758319,nan,nan,nan,nan,nan,nan,nan
298,51.3157894737,0.4553389253,nan,0.0004717393,33.2629794296,nan,nan,nan,nan,nan,nan,nan
299,51.3157894737,0.6323070970,nan,0.0000761380,41.1839832879,nan,nan,nan,nan,nan,nan,nan
300,51.3157894737,0.4553213860,nan,0.0004718106,33.2623231382,nan,nan,nan,nan,nan,nan,nan
301,51.3157894737,0.8672444451,nan,0.0000026783,55.7214453238,nan,nan,nan,nan,nan,nan,nan
302,51.3157894737,0.7622095892,nan,0.0000136323,48.6543161039,nan,nan,nan,nan,nan,nan,nan
303,51.3157894737,0.2290095675,nan,0.0020355983,26.9130792598,nan,nan,nan,nan,nan,nan,nan
304,51.3157894737,0.4696041084,nan,0.0004163702,33.8052035067,nan,nan,nan,nan,nan,nan,nan
305,51.3157894737,0.8166477438,nan,0.0000060222,52.2024184586,nan,nan,nan,nan,nan,nan,nan
306,51.3157894737,0.4589165338,nan,0.0004573639,33.3973809078,nan,nan,nan,nan,nan,nan,nan
307,51.3157894737,0.3770589575,nan,0.0008734552,30.5875936778,nan,nan,nan,nan,nan,nan,nan
308,51.3157894737,0.3552014353,nan,0.0010159791,29.9311524068,nan,nan,nan,nan,nan,nan,nan
309,51.3157894737,0.8628116359,nan,0.0000028810,55.4046169705,nan,nan,nan,nan,nan,nan,nan
310,51.3157894737,0.9825572515,nan,0.0000003517,64.5387447779,nan,nan,nan,nan,nan,nan,nan
311,51.3157894737,0.5950913378,nan,0.0001174265,39.3023376363,nan,nan,nan,nan,nan,nan,nan
312,51.3157894737,0.6985390651,nan,0.0000329805,44.8174308518,nan,nan,nan,nan,nan,nan,nan
313,51.3157894737,0.1121302240,nan,0.0029593594,25.2880228311,nan,nan,nan,nan,nan,nan,nan
314,51.3157894737,0.3059745266,nan,0.0013812127,28.5973943370,nan,nan,nan,nan,nan,nan,nan
315,51.3157894737,0.7217491187,nan,0.0000241155,46.1770378562,nan,nan,nan,nan,nan,nan,nan
316,51.3157894737,1.7847189624,nan,0.0000000000,156.6209462258,nan,nan,nan,nan,nan,nan,nan
317,51.3157894737,0.1882925455,nan,0.0023880872,26.2194982395,nan,nan,nan,nan,nan,nan,nan
318,51.3157894737,0.6636829607,nan,0.0000517633,42.8597831579,nan,nan,nan,nan,nan,nan,nan
319,51.3157894737,0.3595870320,nan,0.0009863488,30.0596948233,nan,nan,nan,nan,nan,nan,nan
320,51.3157894737,0.3171905575,nan,0.0012931037,28.8836665451,nan,nan,nan,nan,nan,nan,nan
321,51.3157894737,0.2499353931,nan,0.0018523966,27.3226603031,nan,nan,nan,nan,nan,nan,nan
322,51.3157894737,1.6118422878,nan,0.0000000000,132.2238268481,nan,nan,nan,nan,nan,nan,nan
323,51.3157894737,0.1285797168,nan,0.0028517405,25.4489000213,nan,nan,nan,nan,nan,nan,nan
324,51.3157894737,0.0829277534,nan,0.0031210507,25.0569918144,nan,nan,nan,nan,nan,nan,nan
325,51.3157894737,0.8222853650,nan,0.0000055157,52.5839613171,nan,nan,nan,nan,nan,nan,nan
326,51.3157894737,0.3047581751,nan,0.0013909216,28.5669733715,nan,nan,nan,nan,nan,nan,nan
327,51.3157894737,0.4079933994,nan,0.0006943515,31.5842059975,nan,nan,nan,nan,nan,nan,nan
328,51.3157894737,0.9065511354,nan,0.0000013796,58.6024689205,nan,nan,nan,nan,nan,nan,nan
329,51.3157894737,0.5102321552,nan,0.0002856315,35.4419388305,nan,nan,nan,nan,nan,nan,nan
330,51.3157894737,0.5842997132,nan,0.0001324882,38.7782268716,nan,nan,nan,nan,nan,nan,nan
331,51.3157894737,1.0175949086,nan,0.0000001804,67.4375271091,nan,nan,nan,nan,nan,nan,nan
332,51.3157894737,0.5223898651,nan,0.0002536100,35.9583359239,nan,nan,nan,nan,nan,nan,nan
333,51.3157894737,0.6633787567,nan,0.0000519620,42.8431426201,nan,nan,nan,nan,nan,nan,nan
334,51.3157894737,0.5204870117,nan,0.0002584221,35.8767030312,nan,nan,nan,nan,nan,nan,nan
335,51.3157894737,0.4917597021,nan,0.0003403462,34.6807910374,nan,nan,nan,nan,nan,nan,nan
336,51.3157894737,0.8305888793,nan,0.0000048409,53.1507472455,nan,nan,nan,nan,nan,nan,nan
337,51.3157894737,0.2102647524,nan,0.0021994686,26.5768223751,nan,nan,nan,nan,nan,nan,nan
338,51.3157894737,0.5875415343,nan,0.0001278011,38.9346541980,nan,nan,nan,nan,nan,nan,nan
339,51.3157894737,0.7979376779,nan,0.0000080258,50.9551277422,nan,nan,nan,nan,nan,nan,nan
340,51.3157894737,1.1806104846,nan,0.0000000059,82.2717455100,nan,nan,nan,nan,nan,nan,nan
341,51.3157894737,0.7109603669,nan,0.0000279288,45.5394765580,nan,nan,nan,nan,nan,nan,nan
342,51.3157894737,0.5299957730,nan,0.0002350914,36.2876316905,nan,nan,nan,nan,nan,nan,nan
343,51.3157894737,0.3870087827,nan,0.0008129230,30.8995058689,nan,nan,nan,nan,nan,nan,nan
344,51.3157894737,0.9279479821,nan,0.0000009495,60.2249040838,nan,nan,nan,nan,nan,nan,nan
345,51.3157894737,0.5621202276,nan,0.0001686005,37.7314123865,nan,nan,nan,nan,nan,nan,nan
346,51.3157894737,0.5636972421,nan,0.0001657870,37.8044945483,nan,nan,nan,nan,nan,nan,nan
347,51.3157894737,0.2124566954,nan,0.0021803947,26.6146488291,nan,nan,nan,nan,nan,nan,nan
348,51.3157894737,0.5093065302,nan,0.0002881957,35.4031253536,nan,nan,nan,nan,nan,nan,nan
349,51.3157894737,0.8404291068,nan,0.0000041401,53.8298627583,nan,nan,nan,nan,nan,nan,nan
350,51.3157894737,0.0642843182,nan,0.0032018858,24.9459416067,nan,nan,nan,nan,nan,nan,nan
351,51.3157894737,0.6313654254,nan,0.0000770025,41.1349528537,nan,nan,nan,nan,nan,nan,nan
352,51.3157894737,0.3926474438,nan,0.0007798469,31.0799065811,nan,nan,nan,nan,nan,nan,nan
353,51.3157894737,0.2061054045,nan,0.0022355625,26.5061318132,nan,nan,nan,nan,nan,nan,nan
354,51.3157894737,0.9151184395,nan,0.0000011892,59.2475109687,nan,nan,nan,nan,nan,nan,nan
355,51.3157894737,0.7237928838,nan,0.0000234482,46.2989051044,nan,nan,nan,nan,nan,nan,nan
356,51.3157894737,1.1420166052,nan,0.0000000139,78.5592657517,nan,nan,nan,nan,nan,nan,nan
357,51.3157894737,0.0572393364,nan,0.0032274853,24.9113573087,nan,nan,nan,nan,nan,nan,nan
358,51.3157894737,1.4632494648,nan,0.0000000000,113.2544317434,nan,nan,nan,nan,nan,nan,nan
359,51.3157894737,0.8822923835,nan,0.0000020849,56.8091877282,nan,nan,nan,nan,nan,nan,nan
360,51.3157894737,0.2697892198,nan,0.0016808783,27.7446373409,nan,nan,nan,nan,nan,nan,nan
361,51.3157894737,0.1321544557,nan,0.0028269655,25.4867949207,nan,nan,nan,nan,nan,nan,nan
362,51.3157894737,1.5006540185,nan,0.0000000000,117.8554036356,nan,nan,nan,nan,nan,nan,nan
363,51.3157894737,0.6855952125,nan,0.0000390961,44.0786633226,nan,nan,nan,nan,nan,nan,nan
364,51.3157894737,0.9499666564,nan,0.0000006406,61.9343404685,nan,nan,nan,nan,nan,nan,nan
365,51.3157894737,0.8937944160,nan,0.0000017166,57.6533384741,nan,nan,nan,nan,nan,nan,nan
366,51.3157894737,0.4931009560,nan,0.0003361163,34.7351038765,nan,nan,nan,nan,nan,nan,nan
367,51.3157894737,0.9714936490,nan,0.0000004320,63.6446898875,nan,nan,nan,nan,nan,nan,nan
368,51.3157894737,0.7293890354,nan,0.0000217051,46.6343754427,nan,nan,nan,nan,nan,nan,nan
369,51.3157894737,0.9036592388,nan,0.0000014501,58.3861159433,nan,nan,nan,nan,nan,nan,nan
370,51.3157894737,0.4395987971,nan,0.0005389814,32.6842620399,nan,nan,nan,nan,nan,nan,nan
371,51.3157894737,0.9961586812,nan,0.0000002722,65.6518745803,nan,nan,nan,nan,nan,nan,nan
372,51.3157894737,0.2028206497,nan,0.0022639603,26.4513119336,nan,nan,nan,nan,nan,nan,nan
373,51.3157894737,0.3632679064,nan,0.0009618759,30.1688096000,nan,nan,nan,nan,nan,nan,nan
374,51.3157894737,0.6042453738,nan,0.0001058157,39.7544992692,nan,nan,nan,nan,nan,nan,nan
375,51.3157894737,0.1945929130,nan,0.0023345890,26.3178956584,nan,nan,nan,nan,nan,nan,nan
376,51.3157894737,0.6487018869,nan,0.0000623817,42.0494291107,nan,nan,nan,nan,nan,nan,nan
377,51.3157894737,1.6944123490,nan,0.0000000000,143.5640467376,nan,nan,nan,nan,nan,nan,nan
378,51.3157894737,0.6956262589,nan,0.0000342770,44.6499680574,nan,nan,nan,nan,nan,nan,nan
379,51.3157894737,0.8781103224,nan,0.0000022361,56.5049934442,nan,nan,nan,nan,nan,nan,nan
380,51.3157894737,0.9968783134,nan,0.0000002685,65.7111985545,nan,nan,nan,nan,nan,nan,nan
381,51.3157894737,0.4978778848,nan,0.0003213843,34.9297530704,nan,nan,nan,nan,nan,nan,nan
382,51.3157894737,0.1805379461,nan,0.0024530864,26.1028715492,nan,nan,nan,nan,nan,nan,nan
383,51.3157894737,0.0541821697,nan,0.0032377199,24.8976071971,nan,nan,nan,nan,nan,nan,nan
384,51.3157894737,1.3415188392,nan,0.0000000001,99.0913949908,nan,nan,nan,nan,nan,nan,nan
385,51.3157894737,0.7083253896,nan,0.0000289385,45.3852338167,nan,nan,nan,nan,nan,nan,nan
386,51.3157894737,1.0096819157,nan,0.0000002102,66.7739053649,nan,nan,nan,nan,nan,nan,nan
387,51.3157894737,1.1406024142,nan,0.0000000144,78.4255927384,nan,nan,nan,nan,nan,nan,nan
388,51.3157894737,0.5955957795,nan,0.0001167596,39.3270732093,nan,nan,nan,nan,nan,nan,nan
389,51.3157894737,0.3567787882,nan,0.0010052633,29.9772016572,nan,nan,nan,nan,nan,nan,nan
390,51.3157894737,0.9381214221,nan,0.0000007926,61.0097027529,nan,nan,nan,nan,nan,nan,nan
391,51.3157894737,0.9543186854,nan,0.0000005920,62.2769984430,nan,nan,nan,nan,nan,nan,nan
392,51.3157894737,0.3460455883,nan,0.0010794636,29.6679198104,nan,nan,nan,nan,nan,nan,nan
393,51.3157894737,0.9667082223,nan,0.0000004719,63.2611403052,nan,nan,nan,nan,nan,nan,nan
394,51.3157894737,0.5871071541,nan,0.0001284209,38.9136434449,nan,nan,nan,nan,nan,nan,nan
395,51.3157894737,0.6309156397,nan,0.0000774184,41.1115596657,nan,nan,nan,nan,nan,nan,nan
396,51.3157894737,0.7768104521,nan,0.0000110110,49.5817397602,nan,nan,nan,nan,nan,nan,nan
397,51.3157894737,0.5127874851,nan,0.0002786469,35.5494583206,nan,nan,nan,nan,nan,nan,nan
398,51.3157894737,0.4079027491,nan,0.0006948371,31.5811698024,nan,nan,nan,nan,nan,nan,nan
399,51.3157894737,0.9830872046,nan,0.0000003482,64.5818267776,nan,nan,nan,nan,nan,nan,nan
400,51.3157894737,0.8061300621,nan,0.0000070832,51.4976784146,nan,nan,nan,nan,nan,nan,nan
401,51.3157894737,0.4357855738,nan,0.0005562692,32.5471501202,nan,nan,nan,nan,nan,nan,nan
402,51.3157894737,1.2447180001,nan,0.0000000013,88.7135089074,nan,nan,nan,nan,nan,nan,nan
403,51.3157894737,0.4883227981,nan,0.0003513745,34.5422976918,nan,nan,nan,nan,nan,nan,nan
404,51.3157894737,0.7910143808,nan,0.0000089105,50.5009809097,nan,nan,nan,nan,nan,nan,nan
405,51.3157894737,0.3655763882,nan,0.0009467137,30.2378133839,nan,nan,nan,nan,nan,nan,nan
406,51.3157894737,1.2703534200,nan,0.0000000007,91.3855862222,nan,nan,nan,nan,nan,nan,nan
407,51.3157894737,0.3429842026,nan,0.0011011714,29.5814505884,nan,nan,nan,nan,nan,nan,nan
408,51.3157894737,0.6982925061,nan,0.0000330885,44.8032283659,nan,nan,nan,nan,nan,nan,nan
409,51.3157894737,0.7047239612,nan,0.0000303714,45.1753524017,nan,nan,nan,nan,nan,nan,nan
410,51.3157894737,0.5709859967,nan,0.0001532868,38.1449533073,nan,nan,nan,nan,nan,nan,nan
411,51.3157894737,0.6853119230,nan,0.0000392405,44.0626504487,nan,nan,nan,nan,nan,nan,nan
412,51.3157894737,0.4863015507,nan,0.0003579887,34.4613069998,nan,nan,nan,nan,nan,nan,nan
413,51.3157894737,1.0900878345,nan,0.0000000421,73.7603517909,nan,nan,nan,nan,nan,nan,nan
414,51.3157894737,0.4500051283,nan,0.0004937906,33.0645720334,nan,nan,nan,nan,nan,nan,nan
415,51.3157894737,0.6173083752,nan,0.0000909537,40.4117982038,nan,nan,nan,nan,nan,nan,nan
416,51.3157894737,0.7541031107,nan,0.0000153212,48.1470664203,nan,nan,nan,nan,nan,nan,nan
417,51.3157894737,0.9255400011,nan,0.0000009907,60.0404107794,nan,nan,nan,nan,nan,nan,nan
418,51.3157894737,0.4247063315,nan,0.0006087503,32.1556083163,nan,nan,nan,nan,nan,nan,nan
419,51.3157894737,0.1679873138,nan,0.0025558827,25.9245908592,nan,nan,nan,nan,nan,nan,nan
420,51.3157894737,0.1669333925,nan,0.0025643605,25.9102092442,nan,nan,nan,nan,nan,nan,nan
421,51.3157894737,0.9473534830,nan,0.0000006715,61.7293505851,nan,nan,nan,nan,nan,nan,nan
422,51.3157894737,1.1146952765,nan,0.0000000251,76.0063390565,nan,nan,nan,nan,nan,nan,nan
423,51.3157894737,0.6331473049,nan,0.0000753739,41.2277929785,nan,nan,nan,nan,nan,nan,nan
424,51.3157894737,0.4458689037,nan,0.0005114068,32.9123350478,nan,nan,nan,nan,nan,nan,nan
425,51.3157894737,0.1871775608,nan,0.0023974940,26.2024247906,nan,nan,nan,nan,nan,nan,nan
426,51.3157894737,0.8826422443,nan,0.0000020727,56.8347019344,nan,nan,nan,nan,nan,nan,nan
427,51.3157894737,0.9946780465,nan,0.0000002799,65.5299521158,nan,nan,nan,nan,nan,nan,nan
428,51.3157894737,0.5401063094,nan,0.0002121878,36.7327965547,nan,nan,nan,nan,nan,nan,nan
429,51.3157894737,0.5760497175,nan,0.0001450749,38.3840771982,nan,nan,nan,nan,nan,nan,nan
430,51.3157894737,1.6889189242,nan,0.0000000000,142.7918384004,nan,nan,nan,nan,nan,nan,nan
431,51.3157894737,0.3817827965,nan,0.0008443728,30.7346575725,nan,nan,nan,nan,nan,nan,nan
432,51.3157894737,1.5236744079,nan,0.0000000000,120.7452628181,nan,nan,nan,nan,nan,nan,nan
433,51.3157894737,0.2112650831,nan,0.0021907680,26.5940360506,nan,nan,nan,nan,nan,nan,nan
434,51.3157894737,0.5266894809,nan,0.0002430023,36.1438968734,nan,nan,nan,nan,nan,nan,nan
435,51.3157894737,0.5842252158,nan,0.0001325976,38.7746424115,nan,nan,nan,nan,nan,nan,nan
436,51.3157894737,0.8288846097,nan,0.0000049728,53.0339478688,nan,nan,nan,nan,nan,nan,nan
437,51.3157894737,1.1640635767,nan,0.0000000086,80.6648041057,nan,nan,nan,nan,nan,nan,nan
438,51.3157894737,0.0853315426,nan,0.0031092989,25.0733752963,nan,nan,nan,nan,nan,nan,nan
439,51.3157894737,0.9972617667,nan,0.0000002665,65.7428267482,nan,nan,nan,nan,nan,nan,nan
440,51.3157894737,0.6372673995,nan,0.0000717221,41.4434700495,nan,nan,nan,nan,nan,nan,nan
441,51.3157894737,0.4991244380,nan,0.0003176246,34.9808586940,nan,nan,nan,nan,nan,nan,nan
442,51.3157894737,0.9344582300,nan,0.0000008460,60.7261228803,nan,nan,nan,nan,nan,nan,nan
443,51.3157894737,0.3910261426,nan,0.0007892660,31.0277658827,nan,nan,nan,nan,nan,nan,nan
444,51.3157894737,0.4443690079,nan,0.0005179072,32.8574804403,nan,nan,nan,nan,nan,nan,nan
445,51.3157894737,0.5231624005,nan,0.0002516771,35.9915636305,nan,nan,nan,nan,nan,nan,nan
446,51.3157894737,0.5277363085,nan,0.0002404746,36.1893075962,nan,nan,nan,nan,nan,nan,nan
447,51.3157894737,0.9501017546,nan,0.0000006390,61.9449537031,nan,nan,nan,nan,nan,nan,nan
448,51.3157894737,0.7894674082,nan,0.0000091200,50.4000498097,nan,nan,nan,nan,nan,nan,nan
449,51.3157894737,1.2512206925,nan,0.0000000012,89.3861095822,nan,nan,nan,nan,nan,nan,nan
450,51.3157894737,0.6523892239,nan,0.0000596053,42.2471531162,nan,nan,nan,nan,nan,nan,nan
451,51.3157894737,1.2890235607,nan,0.0000000005,93.3662199931,nan,nan,nan,nan,nan,nan,nan
452,51.3157894737,1.1489387015,nan,0.0000000120,79.2159700540,nan,nan,nan,nan,nan,nan,nan
453,51.3157894737,0.7048876594,nan,0.0000303049,45.1848688838,nan,nan,nan,nan,nan,nan,nan
454,51.3157894737,0.1700248664,nan,0.0025394205,25.9526537509,nan,nan,nan,nan,nan,nan,nan
455,51.3157894737,1.4885270107,nan,0.0000000000,116.3508835010,nan,nan,nan,nan,nan,nan,nan
456,51.3157894737,0.2608660837,nan,0.0017575347,27.5509608047,nan,nan,nan,nan,nan,nan,nan
457,51.3157894737,0.3682182915,nan,0.0009295389,30.3173245325,nan,nan,nan,nan,nan,nan,nan
458,51.3157894737,0.8086036449,nan,0.0000068193,51.6625929599,nan,nan,nan,nan,nan,nan,nan
459,51.3157894737,0.4482123274,nan,0.0005013705,32.9984125287,nan,nan,nan,nan,nan,nan,nan
460,51.3157894737,0.4693415453,nan,0.0004173428,33.7950710287,nan,nan,nan,nan,nan,nan,nan
461,51.3157894737,0.8493574741,nan,0.0000035867,54.4530266632,nan,nan,nan,nan,nan,nan,nan
462,51.3157894737,0.3588775092,nan,0.0009911079,30.0387907574,nan,nan,nan,nan,nan,nan,nan
463,51.3157894737,0.5751067601,nan,0.0001465755,38.3393866314,nan,nan,nan,nan,nan,nan,nan
464,51.3157894737,0.8864545060,nan,0.0000019438,57.1133788670,nan,nan,nan,nan,nan,nan,nan
465,51.3157894737,0.9732170036,nan,0.0000004185,63.7832836838,nan,nan,nan,nan,nan,nan,nan
466,51.3157894737,0.8243423354,nan,0.0000053409,52.7238320496,nan,nan,nan,nan,nan,nan,nan
467,51.3157894737,1.3313347970,nan,0.0000000002,97.9626991696,nan,nan,nan,nan,nan,nan,nan
468,51.3157894737,0.4053764242,nan,0.0007084630,31.4968279924,nan,nan,nan,nan,nan,nan,nan
469,51.3157894737,0.5287717517,nan,0.0002379954,36.2343139245,nan,nan,nan,nan,nan,nan,nan
470,51.3157894737,0.8872723953,nan,0.0000019172,57.1733245015,nan,nan,nan,nan,nan,nan,nan
471,51.3157894737,0.6091461247,nan,0.0001000131,39.9994316953,nan,nan,nan,nan,nan,nan,nan
472,51.3157894737,0.6704522763,nan,0.0000475109,43.2320681668,nan,nan,nan,nan,nan,nan,nan
473,51.3157894737,1.0152189598,nan,0.0000001889,67.2377197570,nan,nan,nan,nan,nan,nan,nan
474,51.3157894737,0.2622734642,nan,0.0017453914,27.5810716903,nan,nan,nan,nan,nan,nan,nan
475,51.3157894737,0.2473155087,nan,0.0018752516,27.2694046315,nan,nan,nan,nan,nan,nan,nan
476,51.3157894737,1.5159547625,nan,0.0000000000,119.7712346604,nan,nan,nan,nan,nan,nan,nan
477,51.3157894737,1.5934508426,nan,0.0000000000,129.7757109316,nan,nan,nan,nan,nan,nan,nan
478,51.3157894737,0.4746316122,nan,0.0003980778,34.0003204301,nan,nan,nan,nan,nan,nan,nan
479,51.3157894737,1.6340876432,nan,0.0000000000,135.2228036940,nan,nan,nan,nan,nan,nan,nan
480,51.3157894737,1.1976609815,nan,0.0000000040,83.9515216271,nan,nan,nan,nan,nan,nan,nan
481,51.3157894737,1.4953464428,nan,0.0000000000,117.1954118024,nan,nan,nan,nan,nan,nan,nan
482,51.3157894737,0.6410580117,nan,0.0000684992,41.6431455763,nan,nan,nan,nan,nan,nan,nan
483,51.3157894737,0.7529319934,nan,0.0000155803,48.0742378201,nan,nan,nan,nan,nan,nan,nan
484,51.3157894737,1.1068606296,nan,0.0000000296,75.2857637537,nan,nan,nan,nan,nan,nan,nan
485,51.3157894737,0.4580196221,nan,0.0004609368,33.3635866270,nan,nan,nan,nan,nan,nan,nan
486,51.3157894737,1.0259887141,nan,0.0000001532,68.1471824933,nan,nan,nan,nan,nan,nan,nan
487,51.3157894737,0.4596010146,nan,0.0004546513,33.4232159657,nan,nan,nan,nan,nan,nan,nan
488,51.3157894737,0.9141323079,nan,0.0000012098,59.1729523954,nan,nan,nan,nan,nan,nan,nan
489,51.3157894737,0.7505823141,nan,0.0000161122,47.9284618929,nan,nan,nan,nan,nan,nan,nan
490,51.3157894737,0.3942386283,nan,0.0007706745,31.1312902797,nan,nan,nan,nan,nan,nan,nan
491,51.3157894737,0.5343469838,nan,0.0002250000,36.4781747987,nan,nan,nan,nan,nan,nan,nan
492,51.3157894737,0.7181265816,nan,0.0000253403,45.9618841981,nan,nan,nan,nan,nan,nan,nan
493,51.3157894737,1.2857096673,nan,0.0000000005,93.0125363034,nan,nan,nan,nan,nan,nan,nan
494,51.3157894737,0.7253670407,nan,0.0000229456,46.3930070964,nan,nan,nan,nan,nan,nan,nan
495,51.3157894737,0.7542654767,nan,0.0000152856,48.1571725316,nan,nan,nan,nan,nan,nan,nan
496,51.3157894737,0.4623628139,nan,0.0004438281,33.5278518059,nan,nan,nan,nan,nan,nan,nan
497,51.3157894737,0.7405019501,nan,0.0000185854,47.3082821252,nan,nan,nan,nan,nan,nan,nan
498,51.3157894737,0.5126858083,nan,0.0002789222,35.5451697651,nan,nan,nan,nan,nan,nan,nan
499,51.3157894737,1.1887777645,nan,0.0000000049,83.0733365279,nan,nan,nan,nan,nan,nan,nan
500,51.3157894737,0.4377993310,nan,0.0005470905,32.6194086040,nan,nan,nan,nan,nan,nan,nan
501,51.3157894737,0.0913431141,nan,0.0030786369,25.1164153452,nan,nan,nan,nan,nan,nan,nan
502,51.3157894737,0.3675543569,nan,0.0009338372,30.2972883319,nan,nan,nan,nan,nan,nan,nan
503,51.3157894737,0.1603184879,nan,0.0026169610,25.8220275477,nan,nan,nan,nan,nan,nan,nan
504,51.3157894737,0.4749471480,nan,0.0003969505,34.0126362266,nan,nan,nan,nan,nan,nan,nan
505,51.3157894737,1.3717689896,nan,0.0000000001,102.4951644531,nan,nan,nan,nan,nan,nan,nan
506,51.3157894737,1.4324728850,nan,0.0000000000,109.5565513297,nan,nan,nan,nan,nan,nan,nan
507,51.3157894737,0.3757828997,nan,0.0008814174,30.5481838329,nan,nan,nan,nan,nan,nan,nan
508,51.3157894737,0.6600926173,nan,0.0000541518,42.6638749418,nan,nan,nan,nan,nan,nan,nan
509,51.3157894737,0.6095993789,nan,0.0000994905,40.0221854832,nan,nan,nan,nan,nan,nan,nan
510,51.3157894737,0.5873973487,nan,0.0001280065,38.9276782774,nan,nan,nan,nan,nan,nan,nan
511,51.3157894737,0.2262407865,nan,0.0020598760,26.8615892308,nan,nan,nan,nan,nan,nan,nan
512,51.3157894737,1.2887836039,nan,0.0000000005,93.3405791629,nan,nan,nan,nan,nan,nan,nan
513,51.3157894737,1.0815364393,nan,0.0000000502,72.9916800387,nan,nan,nan,nan,nan,nan,nan
514,51.3157894737,0.3604467719,nan,0.0009806002,30.0850803977,nan,nan,nan,nan,nan,nan,nan
515,51.3157894737,0.2833872752,nan,0.0015658793,28.0524172529,nan,nan,nan,nan,nan,nan,nan
516,51.3157894737,0.9787378386,nan,0.0000003777,64.2289423215,nan,nan,nan,nan,nan,nan,nan
517,51.3157894737,1.2672960181,nan,0.0000000008,91.0640164892,nan,nan,nan,nan,nan,nan,nan
518,51.3157894737,0.3459711549,nan,0.0010799886,29.6658082389,nan,nan,nan,nan,nan,nan,nan
519,51.3157894737,0.8575682268,nan,0.0000031391,55.0319659373,nan,nan,nan,nan,nan,nan,nan
520,51.3157894737,0.4899192131,nan,0.0003462179,34.6065049446,nan,nan,nan,nan,nan,nan,nan
521,51.3157894737,0.3216147190,nan,0.0012590863,28.9994448462,nan,nan,nan,nan,nan,nan,nan
522,51.3157894737,1.0550765103,nan,0.0000000861,70.6519044388,nan,nan,nan,nan,nan,nan,nan
523,51.3157894737,0.5566610515,nan,0.0001786481,37.4800171610,nan,nan,nan,nan,nan,nan,nan
524,51.3157894737,1.2975340393,nan,0.0000000004,94.2787291239,nan,nan,nan,nan,nan,nan,nan
525,51.3157894737,0.6264999291,nan,0.0000816057,40.8827928874,nan,nan,nan,nan,nan,nan,nan
526,51.3157894737,1.0516441542,nan,0.0000000922,70.3526730414,nan,nan,nan,nan,nan,nan,nan
527,51.3157894737,0.9310690296,nan,0.0000008985,60.4647500770,nan,nan,nan,nan,nan,nan,nan
528,51.3157894737,0.9000220253,nan,0.0000015435,58.1149929251,nan,nan,nan,nan,nan,nan,nan
529,51.3157894737,0.7478399091,nan,0.0000167537,47.7589020571,nan,nan,nan,nan,nan,nan,nan
530,51.3157894737,0.2205377779,nan,0.0021098314,26.7575225461,nan,nan,nan,nan,nan,nan,nan
531,51.3157894737,1.0601242709,nan,0.0000000777,71.0937525109,nan,nan,nan,nan,nan,nan,nan
532,51.3157894737,0.3700370518,nan,0.0009178257,30.3723978018,nan,nan,nan,nan,nan,nan,nan
533,51.3157894737,0.6571759192,nan,0.0000561628,42.5055132938,nan,nan,nan,nan,nan,nan,nan
534,51.3157894737,0.3386359211,nan,0.0011324096,29.4599646888,nan,nan,nan,nan,nan,nan,nan
535,51.3157894737,0.6115719589,nan,0.0000972432,40.1214096293,nan,nan,nan,nan,nan,nan,nan
536,51.3157894737,0.4379359225,nan,0.0005464719,32.6243220044,nan,nan,nan,nan,nan,nan,nan
537,51.3157894737,0.2253128311,nan,0.0020680100,26.8444736864,nan,nan,nan,nan,nan,nan,nan
538,51.3157894737,0.9254017463,nan,0.0000009932,60.0298327238,nan,nan,nan,nan,nan,nan,nan
539,51.3157894737,0.3124725553,nan,0.0013298479,28.7619803852,nan,nan,nan,nan,nan,nan,nan
540,51.3157894737,0.8091378407,nan,0.0000067635,51.6982748680,nan,nan,nan,nan,nan,nan,nan
541,51.3157894737,0.6385245559,nan,0.0000706389,41.5095600749,nan,nan,nan,nan,nan,nan,nan
542,51.3157894737,0.2082290699,nan,0.0022171512,26.5420468005,nan,nan,nan,nan,nan,nan,nan
543,51.3157894737,0.3593225365,nan,0.0009881213,30.0518973490,nan,nan,nan,nan,nan,nan,nan
544,51.3157894737,0.7215163270,nan,0.0000241926,46.1631788137,nan,nan,nan,nan,nan,nan,nan
545,51.3157894737,0.2358229122,nan,0.0019758436,27.0424743024,nan,nan,nan,nan,nan,nan,nan
546,51.3157894737,0.7728381542,nan,0.0000116744,49.3276684536,nan,nan,nan,nan,nan,nan,nan
547,51.3157894737,0.3117201668,nan,0.0013357510,28.7427448822,nan,nan,nan,nan,nan,nan,nan
548,51.3157894737,0.2583099920,nan,0.0017796348,27.4966910771,nan,nan,nan,nan,nan,nan,nan
549,51.3157894737,0.8325441948,nan,0.0000046935,53.2850496690,nan,nan,nan,nan,nan,nan,nan
550,51.3157894737,0.2929445893,nan,0.0014866641,28.2778715732,nan,nan,nan,nan,nan,nan,nan
551,51.3157894737,0.9781773174,nan,0.0000003816,64.1835793790,nan,nan,nan,nan,nan,nan,nan
552,51.3157894737,0.5606009245,nan,0.0001713484,37.6611999641,nan,nan,nan,nan,nan,nan,nan
553,51.3157894737,0.5391923960,nan,0.0002141801,36.6922083750,nan,nan,nan,nan,nan,nan,nan
554,51.3157894737,0.3769980112,nan,0.0008738345,30.5857083438,nan,nan,nan,nan,nan,nan,nan
555,51.3157894737,0.4986809171,nan,0.0003189583,34.9626606579,nan,nan,nan,nan,nan,nan,nan
556,51.3157894737,0.5005522958,nan,0.0003133606,35.0395557177,nan,nan,nan,nan,nan,nan,nan
557,51.3157894737,0.2337254442,nan,0.0019942367,27.0022328717,nan,nan,nan,nan,nan,nan,nan
558,51.3157894737,1.4698997979,nan,0.0000000000,114.0639007590,nan,nan,nan,nan,nan,nan,nan
559,51.3157894737,1.2063467834,nan,0.0000000033,84.8165656471,nan,nan,nan,nan,nan,nan,nan
560,51.3157894737,0.5311679207,nan,0.0002323375,36.3388063951,nan,nan,nan,nan,nan,nan,nan
561,51.3157894737,0.3340118919,nan,0.0011661409,29.3324895489,nan,nan,nan,nan,nan,nan,nan
562,51.3157894737,1.3410568571,nan,0.0000000001,99.0400057729,nan,nan,nan,nan,nan,nan,nan
563,51.3157894737,0.4346683537,nan,0.0005614090,32.5072064517,nan,nan,nan,nan,nan,nan,nan
564,51.3157894737,0.2718466084,nan,0.0016633265,27.7902248322,nan,nan,nan,nan,nan,nan,nan
565,51.3157894737,0.2513962715,nan,0.0018396694,27.3526020659,nan,nan,nan,nan,nan,nan,nan
566,51.3157894737,0.8996159401,nan,0.0000015543,58.0847911937,nan,nan,nan,nan,nan,nan,nan
567,51.3157894737,0.8881227205,nan,0.0000018899,57.2357065876,nan,nan,nan,nan,nan,nan,nan
568,51.3157894737,0.8633289480,nan,0.0000028566,55.4415066854,nan,nan,nan,nan,nan,nan,nan
569,51.3157894737,0.5913257253,nan,0.0001225080,39.1183565449,nan,nan,nan,nan,nan,nan,nan
570,51.3157894737,0.8490467592,nan,0.0000036048,54.4312284847,nan,nan,nan,nan,nan,nan,nan
571,51.3157894737,1.3995153122,nan,0.0000000000,105.6845047876,nan,nan,nan,nan,nan,nan,nan
572,51.3157894737,0.6787903872,nan,0.0000426986,43.6958673730,nan,nan,nan,nan,nan,nan,nan
573,51.3157894737,0.6627440373,nan,0.0000523788,42.8084470281,nan,nan,nan,nan,nan,nan,nan
574,51.3157894737,0.8349307782,nan,0.0000045192,53.4494056559,nan,nan,nan,nan,nan,nan,nan
575,51.3157894737,0.8393285065,nan,0.0000042136,53.7535050771,nan,nan,nan,nan,nan,nan,nan
576,51.3157894737,0.4041319260,nan,0.0007152413,31.4554744618,nan,nan,nan,nan,nan,nan,nan
577,51.3157894737,1.3211047592,nan,0.0000000002,96.8376379831,nan,nan,nan,nan,nan,nan,nan
578,51.3157894737,0.6668146932,nan,0.0000497560,43.0315422239,nan,nan,nan,nan,nan,nan,nan
579,51.3157894737,0.6966696798,nan,0.0000338075,44.7098752010,nan,nan,nan,nan,nan,nan,nan
580,51.3157894737,0.2295588811,nan,0.0020307807,26.9233697338,nan,nan,nan,nan,nan,nan,nan
581,51.3157894737,1.0239289479,nan,0.0000001595,67.9724949682,nan,nan,nan,nan,nan,nan,nan
582,51.3157894737,1.1485651111,nan,0.0000000121,79.1804250932,nan,nan,nan,nan,nan,nan,nan
583,51.3157894737,0.3566609703,nan,0.0010060614,29.9737549676,nan,nan,nan,nan,nan,nan,nan
584,51.3157894737,0.2788391784,nan,0.0016040664,27.9477767164,nan,nan,nan,nan,nan,nan,nan
585,51.3157894737,0.6152675260,nan,0.0000931500,40.3081731272,nan,nan,nan,nan,nan,nan,nan
586,51.3157894737,0.5474540217,nan,0.0001967144,37.0616378462,nan,nan,nan,nan,nan,nan,nan
587,51.3157894737,0.1841521758,nan,0.0024229179,26.1566130589,nan,nan,nan,nan,nan,nan,nan
588,51.3157894737,0.3532393062,nan,0.0010294003,29.8741571663,nan,nan,nan,nan,nan,nan,nan
589,51.3157894737,1.5679032331,nan,0.0000000000,126.4220347064,nan,nan,nan,nan,nan,nan,nan
590,51.3157894737,0.4320431655,nan,0.0005736202,32.4137557321,nan,nan,nan,nan,nan,nan,nan
591,51.3157894737,0.8269041013,nan,0.0000051304,52.8985208297,nan,nan,nan,nan,nan,nan,nan
592,51.3157894737,0.0512610632,nan,0.0032469980,24.8851797543,nan,nan,nan,nan,nan,nan,nan
593,51.3157894737,0.3666432003,nan,0.0009397556,30.2698508329,nan,nan,nan,nan,nan,nan,nan
594,51.3157894737,1.0915578178,nan,0.0000000408,73.8931012501,nan,nan,nan,nan,nan,nan,nan
595,51.3157894737,0.7325444175,nan,0.0000207746,46.8246787113,nan,nan,nan,nan,nan,nan,nan
596,51.3157894737,1.2223463330,nan,0.0000000023,86.4265080480,nan,nan,nan,nan,nan,nan,nan
597,51.3157894737,0.8219450052,nan,0.0000055452,52.5608513722,nan,nan,nan,nan,nan,nan,nan
598,51.3157894737,0.6324382907,nan,0.0000760183,41.1908200577,nan,nan,nan,nan,nan,nan,nan
599,51.3157894737,0.8576920798,nan,0.0000031328,55.0407418072,nan,nan,nan,nan,nan,nan,nan
600,51.3157894737,0.6504266099,nan,0.0000610693,42.1417722787,nan,nan,nan,nan,nan,nan,nan
601,51.3157894737,0.5217570349,nan,0.0002552023,35.9311540081,nan,nan,nan,nan,nan,nan,nan
602,51.3157894737,0.6419086634,nan,0.0000677935,41.6881188501,nan,nan,nan,nan,nan,nan,nan
603,51.3157894737,0.5620700675,nan,0.0001686906,37.7290912482,nan,nan,nan,nan,nan,nan,nan
604,51.3157894737,0.8813357290,nan,0.0000021186,56.7394741341,nan,nan,nan,nan,nan,nan,nan
605,51.3157894737,0.2510542000,nan,0.0018426484,27.3455752846,nan,nan,nan,nan,nan,nan,nan
606,51.3157894737,1.5835096750,nan,0.0000000000,128.4642209493,nan,nan,nan,nan,nan,nan,nan
607,51.3157894737,0.4363615140,nan,0.0005536328,32.5677819483,nan,nan,nan,nan,nan,nan,nan
608,51.3157894737,0.3748568599,nan,0.0008872238,30.5196683285,nan,nan,nan,nan,nan,nan,nan
609,51.3157894737,0.2606440100,nan,0.0017594525,27.5462244652,nan,nan,nan,nan,nan,nan,nan
610,51.3157894737,1.0733721336,nan,0.0000000594,72.2634996214,nan,nan,nan,nan,nan,nan,nan
611,51.3157894737,0.9795989958,nan,0.0000003716,64.2986867560,nan,nan,nan,nan,nan,nan,nan
612,51.3157894737,0.7128916977,nan,0.0000272089,45.6528970036,nan,nan,nan,nan,nan,nan,nan
613,51.3157894737,0.9945056264,nan,0.0000002808,65.5157661171,nan,nan,nan,nan,nan,nan,nan
614,51.3157894737,1.0382423253,nan,0.0000001204,69.1937216819,nan,nan,nan,nan,nan,nan,nan
615,51.3157894737,0.1369405326,nan,0.0027930764,25.5391718103,nan,nan,nan,nan,nan,nan,nan
616,51.3157894737,0.6324026951,nan,0.0000760508,41.1889649586,nan,nan,nan,nan,nan,nan,nan
617,51.3157894737,0.4394387834,nan,0.0005396990,32.6784842200,nan,nan,nan,nan,nan,nan,nan
618,51.3157894737,0.6162442440,nan,0.0000920932,40.3577232664,nan,nan,nan,nan,nan,nan,nan
619,51.3157894737,0.2450162862,nan,0.0018953379,27.2231334554,nan,nan,nan,nan,nan,nan,nan
620,51.3157894737,0.1370319690,nan,0.0027924212,25.5401907456,nan,nan,nan,nan,nan,nan,nan
621,51.3157894737,0.6384644545,nan,0.0000706904,41.5063974941,nan,nan,nan,nan,nan,nan,nan
622,51.3157894737,0.7867837031,nan,0.0000094942,50.2254260754,nan,nan,nan,nan,nan,nan,nan
623,51.3157894737,0.4107724983,nan,0.0006795763,31.6776179604,nan,nan,nan,nan,nan,nan,nan
624,51.3157894737,1.0456529855,nan,0.0000001039,69.8327214285,nan,nan,nan,nan,nan,nan,nan
625,51.3157894737,0.9805014080,nan,0.0000003654,64.3718387793,nan,nan,nan,nan,nan,nan,nan
626,51.3157894737,0.1747974314,nan,0.0025005059,26.0197211920,nan,nan,nan,nan,nan,nan,nan
627,51.3157894737,0.2068923435,nan,0.0022287445,26.5193970636,nan,nan,nan,nan,nan,nan,nan
628,51.3157894737,0.7337334999,nan,0.0000204333,46.8966080116,nan,nan,nan,nan,nan,nan,nan
629,51.3157894737,0.7621388279,nan,0.0000136463,48.6498646625,nan,nan,nan,nan,nan,nan,nan
630,51.3157894737,0.4323976174,nan,0.0005719604,32.4263400771,nan,nan,nan,nan,nan,nan,nan
631,51.3157894737,0.6450133181,nan,0.0000652714,41.8527697772,nan,nan,nan,nan,nan,nan,nan
632,51.3157894737,0.7093068603,nan,0.0000285587,45.4426183198,nan,nan,nan,nan,nan,nan,nan
633,51.3157894737,0.4770806394,nan,0.0003893923,34.0961259018,nan,nan,nan,nan,nan,nan,nan
634,51.3157894737,1.3096339568,nan,0.0000000003,95.5865300680,nan,nan,nan,nan,nan,nan,nan
635,51.3157894737,0.2214729861,nan,0.0021016460,26.7744042786,nan,nan,nan,nan,nan,nan,nan
636,51.3157894737,1.2018689932,nan,0.0000000037,84.3698224254,nan,nan,nan,nan,nan,nan,nan
637,51.3157894737,0.7148124356,nan,0.0000265094,45.7660031105,nan,nan,nan,nan,nan,nan,nan
638,51.3157894737,0.4827851239,nan,0.0003697250,34.3212123145,nan,nan,nan,nan,nan,nan,nan
639,51.3157894737,0.2674825020,nan,0.0017006148,27.6939405156,nan,nan,nan,nan,nan,nan,nan
640,51.3157894737,1.3403359032,nan,0.0000000001,98.9598451388,nan,nan,nan,nan,nan,nan,nan
641,51.3157894737,0.7248664343,nan,0.0000231044,46.3630588418,nan,nan,nan,nan,nan,nan,nan
642,51.3157894737,0.5323422232,nan,0.0002296048,36.3901895018,nan,nan,nan,nan,nan,nan,nan
643,51.3157894737,0.8633472937,nan,0.0000028557,55.4428153357,nan,nan,nan,nan,nan,nan,nan
644,51.3157894737,0.5188168834,nan,0.0002627059,35.8053016499,nan,nan,nan,nan,nan,nan,nan
645,51.3157894737,0.1658713230,nan,0.0025728776,25.8958087753,nan,nan,nan,nan,nan,nan,nan
646,51.3157894737,0.8191519971,nan,0.0000057922,52.3715745218,nan,nan,nan,nan,nan,nan,nan
647,51.3157894737,0.1583398964,nan,0.0026324796,25.7963498381,nan,nan,nan,nan,nan,nan,nan
648,51.3157894737,1.1981643557,nan,0.0000000040,84.0014820387,nan,nan,nan,nan,nan,nan,nan
649,51.3157894737,0.7784311680,nan,0.0000107503,49.6857793376,nan,nan,nan,nan,nan,nan,nan
650,51.3157894737,0.3885875008,nan,0.0008035725,30.9497494082,nan,nan,nan,nan,nan,nan,nan
651,51.3157894737,1.0423944238,nan,0.0000001109,69.5511805353,nan,nan,nan,nan,nan,nan,nan
652,51.3157894737,0.9279251278,nan,0.0000009499,60.2231507788,nan,nan,nan,nan,nan,nan,nan
653,51.3157894737,0.7231090369,nan,0.0000236696,46.2580894554,nan,nan,nan,nan,nan,nan,nan
654,51.3157894737,0.7951795593,nan,0.0000083681,50.7737254372,nan,nan,nan,nan,nan,nan,nan
655,51.3157894737,0.4876655508,nan,0.0003535147,34.5159248474,nan,nan,nan,nan,nan,nan,nan
656,51.3157894737,0.5320121438,nan,0.0002303703,36.3757348923,nan,nan,nan,nan,nan,nan,nan
657,51.3157894737,0.0404585384,nan,0.0032769893,24.8452497499,nan,nan,nan,nan,nan,nan,nan
658,51.3157894737,0.7141731966,nan,0.0000267404,45.7283262953,nan,nan,nan,nan,nan,nan,nan
659,51.3157894737,1.2183093013,nan,0.0000000025,86.0182670519,nan,nan,nan,nan,nan,nan,nan
660,51.3157894737,0.2616406165,nan,0.0017508496,27.5675117081,nan,nan,nan,nan,nan,nan,nan
661,51.3157894737,1.4256795597,nan,0.0000000000,108.7509959773,nan,nan,nan,nan,nan,nan,nan
662,51.3157894737,0.5515247645,nan,0.0001885493,37.2457498638,nan,nan,nan,nan,nan,nan,nan
663,51.3157894737,0.2980352862,nan,0.0014450944,28.4010379035,nan,nan,nan,nan,nan,nan,nan
664,51.3157894737,0.4477208299,nan,0.0005034634,32.9803213778,nan,nan,nan,nan,nan,nan,nan
665,51.3157894737,0.6998861008,nan,0.0000323958,44.8951131429,nan,nan,nan,nan,nan,nan,nan
666,51.3157894737,0.3221384801,nan,0.0012550879,29.0132585033,nan,nan,nan,nan,nan,nan,nan
667,51.3157894737,0.4115213485,nan,0.0006756320,31.7028979252,nan,nan,nan,nan,nan,nan,nan
668,51.3157894737,0.6438720779,nan,0.0000661888,41.7921526117,nan,nan,nan,nan,nan,nan,nan
669,51.3157894737,0.2286925206,nan,0.0020383787,26.9071512314,nan,nan,nan,nan,nan,nan,nan
670,51.3157894737,0.4357926124,nan,0.0005562369,32.5474020967,nan,nan,nan,nan,nan,nan,nan
671,51.3157894737,0.2131460698,nan,0.0021743892,26.6266271701,nan,nan,nan,nan,nan,nan,nan
672,51.3157894737,0.8335235368,nan,0.0000046212,53.3524362620,nan,nan,nan,nan,nan,nan,nan
673,51.3157894737,0.4998994613,nan,0.0003153045,35.0126977183,nan,nan,nan,nan,nan,nan,nan
674,51.3157894737,0.4538303952,nan,0.0004779004,33.2066257943,nan,nan,nan,nan,nan,nan,nan
675,51.3157894737,0.5765146110,nan,0.0001443398,38.4061375560,nan,nan,nan,nan,nan,nan,nan
676,51.3157894737,1.0909340217,nan,0.0000000413,73.8367461938,nan,nan,nan,nan,nan,nan,nan
677,51.3157894737,0.7405771247,nan,0.0000185657,47.3128758380,nan,nan,nan,nan,nan,nan,nan
678,51.3157894737,0.4584547053,nan,0.0004592010,33.3799715784,nan,nan,nan,nan,nan,nan,nan
679,51.3157894737,0.6532244968,nan,0.0000589916,42.2920994876,nan,nan,nan,nan,nan,nan,nan
680,51.3157894737,0.6972293437,nan,0.0000335580,44.7420451545,nan,nan,nan,nan,nan,nan,nan
681,51.3157894737,0.5911575873,nan,0.0001227391,39.1101690876,nan,nan,nan,nan,nan,nan,nan
682,51.3157894737,1.1629834953,nan,0.0000000088,80.5607079619,nan,nan,nan,nan,nan,nan,nan
683,51.3157894737,0.6107896831,nan,0.0000981291,40.0820211415,nan,nan,nan,nan,nan,nan,nan
684,51.3157894737,0.3456901524,nan,0.0010819718,29.6578407179,nan,nan,nan,nan,nan,nan,nan
685,51.3157894737,0.7557137775,nan,0.0000149713,48.2474158723,nan,nan,nan,nan,nan,nan,nan
686,51.3157894737,0.6351601132,nan,0.0000735702,41.3329824153,nan,nan,nan,nan,nan,nan,nan
687,51.3157894737,0.4579126535,nan,0.0004613642,33.3595606603,nan,nan,nan,nan,nan,nan,nan
688,51.3157894737,0.8505539894,nan,0.0000035180,54.5370432145,nan,nan,nan,nan,nan,nan,nan
689,51.3157894737,0.5486236334,nan,0.0001943392,37.1143963516,nan,nan,nan,nan,nan,nan,nan
690,51.3157894737,0.7184603074,nan,0.0000252252,45.9816595476,nan,nan,nan,nan,nan,nan,nan
691,51.3157894737,0.6904494697,nan,0.0000366937,44.3540860485,nan,nan,nan,nan,nan,nan,nan
692,51.3157894737,1.6605497541,nan,0.0000000000,138.8442446958,nan,nan,nan,nan,nan,nan,nan
693,51.3157894737,0.7470579599,nan,0.0000169408,47.7106696868,nan,nan,nan,nan,nan,nan,nan
694,51.3157894737,0.4974645227,nan,0.0003226388,34.9128346920,nan,nan,nan,nan,nan,nan,nan
695,51.3157894737,0.9074071001,nan,0.0000013594,58.6666403614,nan,nan,nan,nan,nan,nan,nan
696,51.3157894737,0.6602389498,nan,0.0000540525,42.6718386725,nan,nan,nan,nan,nan,nan,nan
697,51.3157894737,0.2344282555,nan,0.0019880731,27.0156764221,nan,nan,nan,nan,nan,nan,nan
698,51.3157894737,0.7776410458,nan,0.0000108767,49.6350312375,nan,nan,nan,nan,nan,nan,nan
699,51.3157894737,0.3416123392,nan,0.0011109759,29.5429535472,nan,nan,nan,nan,nan,nan,nan
700,51.3157894737,0.3472259437,nan,0.0010711576,29.7014660762,nan,nan,nan,nan,nan,nan,nan
701,51.3157894737,1.0061416883,nan,0.0000002250,66.4786963223,nan,nan,nan,nan,nan,nan,nan
702,51.3157894737,1.1723906888,nan,0.0000000071,81.4706268017,nan,nan,nan,nan,nan,nan,nan
703,51.3157894737,0.3962476982,nan,0.0007591948,31.1964679934,nan,nan,nan,nan,nan,nan,nan
704,51.3157894737,0.7874200197,nan,0.0000094042,50.2667757858,nan,nan,nan,nan,nan,nan,nan
705,51.3157894737,1.0104949619,nan,0.0000002069,66.8418505172,nan,nan,nan,nan,nan,nan,nan
706,51.3157894737,0.5225468141,nan,0.0002532164,35.9650824887,nan,nan,nan,nan,nan,nan,nan
707,51.3157894737,0.6221834908,nan,0.0000858868,40.6607351927,nan,nan,nan,nan,nan,nan,nan
708,51.3157894737,0.4958946245,nan,0.0003274379,34.8487098896,nan,nan,nan,nan,nan,nan,nan
709,51.3157894737,0.8057832478,nan,0.0000071210,51.4745969214,nan,nan,nan,nan,nan,nan,nan
710,51.3157894737,0.8567635576,nan,0.0000031805,54.9749805470,nan,nan,nan,nan,nan,nan,nan
711,51.3157894737,0.0942477113,nan,0.0030631838,25.1382694518,nan,nan,nan,nan,nan,nan,nan
712,51.3157894737,0.6346432561,nan,0.0000740297,41.3059393116,nan,nan,nan,nan,nan,nan,nan
713,51.3157894737,0.2940512778,nan,0.0014775884,28.3044652044,nan,nan,nan,nan,nan,nan,nan
714,51.3157894737,0.6265591611,nan,0.0000815483,40.8858508233,nan,nan,nan,nan,nan,nan,nan
715,51.3157894737,0.7534763648,nan,0.0000154594,48.1080765999,nan,nan,nan,nan,nan,nan,nan
716,51.3157894737,0.2932350918,nan,0.0014842797,28.2848425352,nan,nan,nan,nan,nan,nan,nan
717,51.3157894737,0.4216839375,nan,0.0006236542,32.0505616479,nan,nan,nan,nan,nan,nan,nan
718,51.3157894737,1.1709755351,nan,0.0000000074,81.3332724487,nan,nan,nan,nan,nan,nan,nan
719,51.3157894737,1.3737699276,nan,0.0000000001,102.7230103827,nan,nan,nan,nan,nan,nan,nan
720,51.3157894737,0.6638252970,nan,0.0000516705,42.8675718689,nan,nan,nan,nan,nan,nan,nan
721,51.3157894737,0.4344871401,nan,0.0005622459,32.5007373142,nan,nan,nan,nan,nan,nan,nan
722,51.3157894737,0.4400912300,nan,0.0005367776,32.7020562585,nan,nan,nan,nan,nan,nan,nan
723,51.3157894737,0.7765076251,nan,0.0000110603,49.5623244538,nan,nan,nan,nan,nan,nan,nan
724,51.3157894737,0.7462920458,nan,0.0000171259,47.6634757331,nan,nan,nan,nan,nan,nan,nan
725,51.3157894737,0.5842477441,nan,0.0001325645,38.7757263174,nan,nan,nan,nan,nan,nan,nan
726,51.3157894737,0.5642710550,nan,0.0001647731,37.8311374769,nan,nan,nan,nan,nan,nan,nan
727,51.3157894737,0.4999941394,nan,0.0003150220,35.0165906403,nan,nan,nan,nan,nan,nan,nan
728,51.3157894737,0.6537438826,nan,0.0000586128,42.3200770959,nan,nan,nan,nan,nan,nan,nan
729,51.3157894737,0.3657218735,nan,0.0009457630,30.2421769119,nan,nan,nan,nan,nan,nan,nan
730,51.3157894737,0.6680193091,nan,0.0000490024,43.0978262200,nan,nan,nan,nan,nan,nan,nan
731,51.3157894737,0.0111624080,nan,0.0033230960,24.7845711867,nan,nan,nan,nan,nan,nan,nan
732,51.3157894737,0.6230750295,nan,0.0000849870,40.7064732322,nan,nan,nan,nan,nan,nan,nan
733,51.3157894737,1.1232763375,nan,0.0000000209,76.8014455250,nan,nan,nan,nan,nan,nan,nan
734,51.3157894737,0.7984768848,nan,0.0000079604,50.9906655677,nan,nan,nan,nan,nan,nan,nan
735,51.3157894737,0.4729394420,nan,0.0004041649,33.9344135339,nan,nan,nan,nan,nan,nan,nan
736,51.3157894737,0.4958247958,nan,0.0003276527,34.8458623841,nan,nan,nan,nan,nan,nan,nan
737,51.3157894737,0.6232384394,nan,0.0000848230,40.7148637119,nan,nan,nan,nan,nan,nan,nan
738,51.3157894737,0.2317311040,nan,0.0020117285,26.9643062634,nan,nan,nan,nan,nan,nan,nan
739,51.3157894737,0.3595076180,nan,0.0009868808,30.0573530476,nan,nan,nan,nan,nan,nan,nan
740,51.3157894737,1.0329749107,nan,0.0000001336,68.7423143230,nan,nan,nan,nan,nan,nan,nan
741,51.3157894737,0.6395444429,nan,0.0000697706,41.5632731124,nan,nan,nan,nan,nan,nan,nan
742,51.3157894737,0.5323586464,nan,0.0002295668,36.3909089322,nan,nan,nan,nan,nan,nan,nan
743,51.3157894737,0.4062700712,nan,0.0007036226,31.5266021596,nan,nan,nan,nan,nan,nan,nan
744,51.3157894737,0.4107839392,nan,0.0006795159,31.6780038370,nan,nan,nan,nan,nan,nan,nan
745,51.3157894737,0.6008125049,nan,0.0001100495,39.5841177311,nan,nan,nan,nan,nan,nan,nan
746,51.3157894737,1.0067682613,nan,0.0000002223,66.5308682205,nan,nan,nan,nan,nan,nan,nan
747,51.3157894737,0.9428360140,nan,0.0000007284,61.3763216613,nan,nan,nan,nan,nan,nan,nan
748,51.3157894737,1.0053917597,nan,0.0000002282,66.4162962185,nan,nan,nan,nan,nan,nan,nan
749,51.3157894737,0.4595449432,nan,0.0004548730,33.4210981462,nan,nan,nan,nan,nan,nan,nan
750,51.3157894737,0.4382498340,nan,0.0005450521,32.6356197283,nan,nan,nan,nan,nan,nan,nan
751,51.3157894737,0.6253816986,nan,0.0000826967,40.8251173094,nan,nan,nan,nan,nan,nan,nan
752,51.3157894737,0.5367951306,nan,0.0002194789,36.5860718432,nan,nan,nan,nan,nan,nan,nan
753,51.3157894737,0.6425045766,nan,0.0000673029,41.7196601287,nan,nan,nan,nan,nan,nan,nan
754,51.3157894737,0.7759413979,nan,0.0000111531,49.5260421117,nan,nan,nan,nan,nan,nan,nan
755,51.3157894737,0.2872765099,nan,0.0015334678,28.1432532761,nan,nan,nan,nan,nan,nan,nan
756,51.3157894737,0.4420599172,nan,0.0005280322,32.7733961041,nan,nan,nan,nan,nan,nan,nan
757,51.3157894737,0.2138331976,nan,0.0021684003,26.6386054138,nan,nan,nan,nan,nan,nan,nan
758,51.3157894737,0.7543712360,nan,0.0000152625,48.1637564682,nan,nan,nan,nan,nan,nan,nan
759,51.3157894737,0.4446806197,nan,0.0005165518,32.8688614538,nan,nan,nan,nan,nan,nan,nan
760,51.3157894737,0.8702797500,nan,0.0000025472,55.9393335783,nan,nan,nan,nan,nan,nan,nan
761,51.3157894737,0.5590469943,nan,0.0001741973,37.5895855350,nan,nan,nan,nan,nan,nan,nan
762,51.3157894737,1.3484593586,nan,0.0000000001,99.8655817217,nan,nan,nan,nan,nan,nan,nan
763,51.3157894737,0.7594963642,nan,0.0000141777,48.4839315036,nan,nan,nan,nan,nan,nan,nan
764,51.3157894737,0.7916047163,nan,0.0000088317,50.5395494441,nan,nan,nan,nan,nan,nan,nan
765,51.3157894737,0.5161100809,nan,0.0002697695,35.6900717978,nan,nan,nan,nan,nan,nan,nan
766,51.3157894737,0.8326015772,nan,0.0000046892,53.2889958355,nan,nan,nan,nan,nan,nan,nan
767,51.3157894737,0.0970765591,nan,0.0030477428,25.1602167955,nan,nan,nan,nan,nan,nan,nan
768,51.3157894737,1.0181236769,nan,0.0000001786,67.4820583857,nan,nan,nan,nan,nan,nan,nan
769,51.3157894737,0.6741978681,nan,0.0000452929,43.4396978690,nan,nan,nan,nan,nan,nan,nan
770,51.3157894737,0.9407741201,nan,0.0000007558,61.2157554038,nan,nan,nan,nan,nan,nan,nan
771,51.3157894737,0.5048731418,nan,0.0003007316,35.2182090972,nan,nan,nan,nan,nan,nan,nan
772,51.3157894737,0.3338911266,nan,0.0011670289,29.3291839755,nan,nan,nan,nan,nan,nan,nan
773,51.3157894737,0.6639731576,nan,0.0000515743,42.8756646544,nan,nan,nan,nan,nan,nan,nan
774,51.3157894737,0.1708260626,nan,0.0025329219,25.9637819598,nan,nan,nan,nan,nan,nan,nan
775,51.3157894737,0.9288511636,nan,0.0000009345,60.2942281921,nan,nan,nan,nan,nan,nan,nan
776,51.3157894737,0.6360675270,nan,0.0000727694,41.3805139987,nan,nan,nan,nan,nan,nan,nan
777,51.3157894737,0.3409375120,nan,0.0011158161,29.5240737305,nan,nan,nan,nan,nan,nan,nan
778,51.3157894737,1.1196457237,nan,0.0000000226,76.4642886161,nan,nan,nan,nan,nan,nan,nan
779,51.3157894737,0.9154898100,nan,0.0000011815,59.2756102317,nan,nan,nan,nan,nan,nan,nan
780,51.3157894737,0.4052259640,nan,0.0007092802,31.4918215232,nan,nan,nan,nan,nan,nan,nan
781,51.3157894737,0.8659493386,nan,0.0000027361,55.6287102390,nan,nan,nan,nan,nan,nan,nan
782,51.3157894737,0.3666337888,nan,0.0009398168,30.2695677839,nan,nan,nan,nan,nan,nan,nan
783,51.3157894737,0.2238331717,nan,0.0020809761,26.8173290547,nan,nan,nan,nan,nan,nan,nan
784,51.3157894737,0.1150696545,nan,0.0029409363,25.3151437516,nan,nan,nan,nan,nan,nan,nan
785,51.3157894737,1.0660589467,nan,0.0000000689,71.6159554403,nan,nan,nan,nan,nan,nan,nan
786,51.3157894737,0.5014998322,nan,0.0003105560,35.0786008099,nan,nan,nan,nan,nan,nan,nan
787,51.3157894737,0.8663486714,nan,0.0000027181,55.6572892533,nan,nan,nan,nan,nan,nan,nan
788,51.3157894737,0.6194912611,nan,0.0000886540,40.5230182910,nan,nan,nan,nan,nan,nan,nan
789,51.3157894737,0.7219576589,nan,0.0000240466,46.1894569370,nan,nan,nan,nan,nan,nan,nan
790,51.3157894737,0.1455137130,nan,0.0027304288,25.6376914286,nan,nan,nan,nan,nan,nan,nan
791,51.3157894737,0.5615812900,nan,0.0001695710,37.7064842246,nan,nan,nan,nan,nan,nan,nan
792,51.3157894737,0.8577387208,nan,0.0000031304,55.0440469801,nan,nan,nan,nan,nan,nan,nan
793,51.3157894737,0.9400090702,nan,0.0000007663,61.1562686891,nan,nan,nan,nan,nan,nan,nan
794,51.3157894737,0.5831990864,nan,0.0001341122,38.7253168752,nan,nan,nan,nan,nan,nan,nan
795,51.3157894737,0.4298759994,nan,0.0005838429,32.3370397223,nan,nan,nan,nan,nan,nan,nan
796,51.3157894737,0.2797429769,nan,0.0015964543,27.9684349775,nan,nan,nan,nan,nan,nan,nan
797,51.3157894737,0.6141948034,nan,0.0000943226,40.2538438852,nan,nan,nan,nan,nan,nan,nan
798,51.3157894737,0.7714808037,nan,0.0000119093,49.2411523494,nan,nan,nan,nan,nan,nan,nan
799,51.3157894737,1.0047179436,nan,0.0000002312,66.3602692976,nan,nan,nan,nan,nan,nan,nan
800,51.3157894737,0.2219627928,nan,0.0020973578,26.7832746792,nan,nan,nan,nan,nan,nan,nan
801,51.3157894737,0.5312547215,nan,0.0002321346,36.3426005557,nan,nan,nan,nan,nan,nan,nan
802,51.3157894737,0.8605395649,nan,0.0000029903,55.2428587918,nan,nan,nan,nan,nan,nan,nan
803,51.3157894737,1.3544130461,nan,0.0000000001,100.5329016930,nan,nan,nan,nan,nan,nan,nan
804,51.3157894737,0.3249746754,nan,0.0012335439,29.0884539373,nan,nan,nan,nan,nan,nan,nan
805,51.3157894737,1.1205192230,nan,0.0000000222,76.5453055596,nan,nan,nan,nan,nan,nan,nan
806,51.3157894737,0.1867292151,nan,0.0024012710,26.1955882247,nan,nan,nan,nan,nan,nan,nan
807,51.3157894737,1.1216408857,nan,0.0000000216,76.6494330707,nan,nan,nan,nan,nan,nan,nan
808,51.3157894737,0.5510872713,nan,0.0001894132,37.2258969059,nan,nan,nan,nan,nan,nan,nan
809,51.3157894737,0.0781189203,nan,0.0031436683,25.0256328426,nan,nan,nan,nan,nan,nan,nan
810,51.3157894737,0.2753016443,nan,0.0016339670,27.8675670746,nan,nan,nan,nan,nan,nan,nan
811,51.3157894737,0.3727849782,nan,0.0009003003,30.4561259132,nan,nan,nan,nan,nan,nan,nan
812,51.3157894737,0.2018774954,nan,0.0022720948,26.4357355687,nan,nan,nan,nan,nan,nan,nan
813,51.3157894737,1.2216064348,nan,0.0000000023,86.3515846158,nan,nan,nan,nan,nan,nan,nan
814,51.3157894737,0.3243487194,nan,0.0012382830,29.0718009360,nan,nan,nan,nan,nan,nan,nan
815,51.3157894737,0.6812514510,nan,0.0000413631,43.8338665971,nan,nan,nan,nan,nan,nan,nan
816,51.3157894737,0.8619334210,nan,0.0000029228,55.3420422064,nan,nan,nan,nan,nan,nan,nan
817,51.3157894737,0.9059402093,nan,0.0000013942,58.5567053048,nan,nan,nan,nan,nan,nan,nan
818,51.3157894737,0.6601598584,nan,0.0000541061,42.6675341259,nan,nan,nan,nan,nan,nan,nan
819,51.3157894737,0.8940642855,nan,0.0000017087,57.6732769720,nan,nan,nan,nan,nan,nan,nan
820,51.3157894737,0.3434911266,nan,0.0010975605,29.5957151902,nan,nan,nan,nan,nan,nan,nan
821,51.3157894737,0.4145237349,nan,0.0006599758,31.8047199139,nan,nan,nan,nan,nan,nan,nan
822,51.3157894737,1.3705093033,nan,0.0000000001,102.3518963196,nan,nan,nan,nan,nan,nan,nan
823,51.3157894737,0.3240958786,nan,0.0012401998,29.0650835155,nan,nan,nan,nan,nan,nan,nan
824,51.3157894737,0.5536964216,nan,0.0001843091,37.3445324542,nan,nan,nan,nan,nan,nan,nan
825,51.3157894737,1.4418808993,nan,0.0000000000,110.6785349802,nan,nan,nan,nan,nan,nan,nan
826,51.3157894737,0.5286054026,nan,0.0002383923,36.2270774376,nan,nan,nan,nan,nan,nan,nan
827,51.3157894737,0.6694544911,nan,0.0000481177,43.1769546127,nan,nan,nan,nan,nan,nan,nan
828,51.3157894737,0.5192129541,nan,0.0002616849,35.8222135463,nan,nan,nan,nan,nan,nan,nan
829,51.3157894737,1.2304373210,nan,0.0000000019,87.2488017346,nan,nan,nan,nan,nan,nan,nan
830,51.3157894737,0.5867111434,nan,0.0001289881,38.8945022626,nan,nan,nan,nan,nan,nan,nan
831,51.3157894737,0.5338103903,nan,0.0002262251,36.4545920002,nan,nan,nan,nan,nan,nan,nan
832,51.3157894737,0.3383006507,nan,0.0011348377,29.4506625316,nan,nan,nan,nan,nan,nan,nan
833,51.3157894737,0.9497935353,nan,0.0000006426,61.9207424051,nan,nan,nan,nan,nan,nan,nan
834,51.3157894737,0.4043062156,nan,0.0007142894,31.4612582252,nan,nan,nan,nan,nan,nan,nan
835,51.3157894737,0.4561627648,nan,0.0004683996,33.2938349353,nan,nan,nan,nan,nan,nan,nan
836,51.3157894737,0.6798692582,nan,0.0000421085,43.7563009047,nan,nan,nan,nan,nan,nan,nan
837,51.3157894737,1.5066727861,nan,0.0000000000,118.6066848577,nan,nan,nan,nan,nan,nan,nan
838,51.3157894737,0.9978400686,nan,0.0000002636,65.7905497425,nan,nan,nan,nan,nan,nan,nan
839,51.3157894737,0.4060053002,nan,0.0007050544,31.5177737321,nan,nan,nan,nan,nan,nan,nan
840,51.3157894737,0.5902588618,nan,0.0001239811,39.0664456076,nan,nan,nan,nan,nan,nan,nan
841,51.3157894737,0.9545672334,nan,0.0000005893,62.2966156003,nan,nan,nan,nan,nan,nan,nan
842,51.3157894737,0.5258277529,nan,0.0002450990,36.1065838865,nan,nan,nan,nan,nan,nan,nan
843,51.3157894737,0.8717601778,nan,0.0000024855,56.0458840820,nan,nan,nan,nan,nan,nan,nan
844,51.3157894737,0.3303166235,nan,0.0011934689,29.2318889933,nan,nan,nan,nan,nan,nan,nan
845,51.3157894737,0.4600860464,nan,0.0004527363,33.4415465220,nan,nan,nan,nan,nan,nan,nan
846,51.3157894737,0.6997205291,nan,0.0000324672,44.8855566413,nan,nan,nan,nan,nan,nan,nan
847,51.3157894737,0.4189284631,nan,0.0006374628,31.9554513437,nan,nan,nan,nan,nan,nan,nan
848,51.3157894737,0.2494109999,nan,0.0018569682,27.3119554053,nan,nan,nan,nan,nan,nan,nan
849,51.3157894737,0.4026399623,nan,0.0007234247,31.4060668821,nan,nan,nan,nan,nan,nan,nan
850,51.3157894737,0.2637572820,nan,0.0017326088,27.6129948886,nan,nan,nan,nan,nan,nan,nan
851,51.3157894737,0.6382785384,nan,0.0000708498,41.4966163430,nan,nan,nan,nan,nan,nan,nan
852,51.3157894737,0.6033308566,nan,0.0001069298,39.7090139244,nan,nan,nan,nan,nan,nan,nan
853,51.3157894737,0.3937165824,nan,0.0007736760,31.1144088908,nan,nan,nan,nan,nan,nan,nan
854,51.3157894737,0.5218163818,nan,0.0002550526,35.9337017202,nan,nan,nan,nan,nan,nan,nan
855,51.3157894737,0.7176523795,nan,0.0000255047,45.9338006832,nan,nan,nan,nan,nan,nan,nan
856,51.3157894737,0.7596981994,nan,0.0000141365,48.4965852147,nan,nan,nan,nan,nan,nan,nan
857,51.3157894737,0.0657991456,nan,0.0031960191,24.9539063423,nan,nan,nan,nan,nan,nan,nan
858,51.3157894737,0.3978804139,nan,0.0007499491,31.2496822158,nan,nan,nan,nan,nan,nan,nan
859,51.3157894737,0.5433783305,nan,0.0002051786,36.8786799581,nan,nan,nan,nan,nan,nan,nan
860,51.3157894737,0.3701310339,nan,0.0009172229,30.3752510750,nan,nan,nan,nan,nan,nan,nan
861,51.3157894737,0.1987701308,nan,0.0022988282,26.3849348270,nan,nan,nan,nan,nan,nan,nan
862,51.3157894737,0.8229321550,nan,0.0000054602,52.6279040288,nan,nan,nan,nan,nan,nan,nan
863,51.3157894737,1.0218934217,nan,0.0000001660,67.8002110225,nan,nan,nan,nan,nan,nan,nan
864,51.3157894737,0.5407353314,nan,0.0002108253,36.7607725744,nan,nan,nan,nan,nan,nan,nan
865,51.3157894737,0.1264385956,nan,0.0028663523,25.4267042783,nan,nan,nan,nan,nan,nan,nan
866,51.3157894737,1.3002926238,nan,0.0000000003,94.5758091782,nan,nan,nan,nan,nan,nan,nan
867,51.3157894737,0.3218349096,nan,0.0012574046,29.0052493840,nan,nan,nan,nan,nan,nan,nan
868,51.3157894737,0.2166599914,nan,0.0021437335,26.6882920284,nan,nan,nan,nan,nan,nan,nan
869,51.3157894737,1.2041864390,nan,0.0000000035,84.6008217684,nan,nan,nan,nan,nan,nan,nan
870,51.3157894737,0.6509222118,nan,0.0000606966,42.1683529699,nan,nan,nan,nan,nan,nan,nan
871,51.3157894737,0.9867221521,nan,0.0000003252,64.8779575613,nan,nan,nan,nan,nan,nan,nan
872,51.3157894737,0.6030595347,nan,0.0001072622,39.6955325465,nan,nan,nan,nan,nan,nan,nan
873,51.3157894737,0.5127981852,nan,0.0002786179,35.5499096841,nan,nan,nan,nan,nan,nan,nan
874,51.3157894737,0.3862415148,nan,0.0008174926,30.8751616468,nan,nan,nan,nan,nan,nan,nan
875,51.3157894737,0.1814236402,nan,0.0024457148,26.1159419437,nan,nan,nan,nan,nan,nan,nan
876,51.3157894737,1.2303848450,nan,0.0000000019,87.2434509297,nan,nan,nan,nan,nan,nan,nan
877,51.3157894737,0.8012921247,nan,0.0000076268,51.1766044058,nan,nan,nan,nan,nan,nan,nan
878,51.3157894737,0.5891672044,nan,0.0001255039,39.0134261140,nan,nan,nan,nan,nan,nan,nan
879,51.3157894737,0.5730642282,nan,0.0001498706,38.2428359544,nan,nan,nan,nan,nan,nan,nan
880,51.3157894737,0.5405731891,nan,0.0002111758,36.7535580861,nan,nan,nan,nan,nan,nan,nan
881,51.3157894737,1.4088107761,nan,0.0000000000,106.7673880337,nan,nan,nan,nan,nan,nan,nan
882,51.3157894737,0.3048304413,nan,0.0013903440,28.5687773347,nan,nan,nan,nan,nan,nan,nan
883,51.3157894737,0.5069698978,nan,0.0002947500,35.3054614187,nan,nan,nan,nan,nan,nan,nan
884,51.3157894737,1.5223538168,nan,0.0000000000,120.5782831594,nan,nan,nan,nan,nan,nan,nan
885,51.3157894737,1.0893075133,nan,0.0000000428,73.6899567903,nan,nan,nan,nan,nan,nan,nan
886,51.3157894737,1.0907559853,nan,0.0000000415,73.8206679718,nan,nan,nan,nan,nan,nan,nan
887,51.3157894737,0.4675608727,nan,0.0004239841,33.7265045423,nan,nan,nan,nan,nan,nan,nan
888,51.3157894737,0.6129495494,nan,0.0000956997,40.1908965053,nan,nan,nan,nan,nan,nan,nan
889,51.3157894737,0.8114773859,nan,0.0000065241,51.8548260324,nan,nan,nan,nan,nan,nan,nan
890,51.3157894737,0.5591452268,nan,0.0001740161,37.5941067423,nan,nan,nan,nan,nan,nan,nan
891,51.3157894737,0.5817085324,nan,0.0001363383,38.6538224481,nan,nan,nan,nan,nan,nan,nan
892,51.3157894737,0.6135196557,nan,0.0000950671,40.2196992939,nan,nan,nan,nan,nan,nan,nan
893,51.3157894737,0.5561684131,nan,0.0001795787,37.4574528564,nan,nan,nan,nan,nan,nan,nan
894,51.3157894737,0.2868299038,nan,0.0015371778,28.1327589945,nan,nan,nan,nan,nan,nan,nan
895,51.3157894737,0.9433522842,nan,0.0000007217,61.4165807651,nan,nan,nan,nan,nan,nan,nan
896,51.3157894737,0.7991478913,nan,0.0000078797,51.0349237987,nan,nan,nan,nan,nan,nan,nan
897,51.3157894737,0.5815340941,nan,0.0001366008,38.6454675740,nan,nan,nan,nan,nan,nan,nan
898,51.3157894737,0.4609989443,nan,0.0004491485,33.4761000899,nan,nan,nan,nan,nan,nan,nan
899,51.3157894737,0.5213169694,nan,0.0002563143,35.9122714877,nan,nan,nan,nan,nan,nan,nan
900,51.3157894737,0.9496601010,nan,0.0000006441,61.9102633059,nan,nan,nan,nan,nan,nan,nan
901,51.3157894737,1.0822338094,nan,0.0000000495,73.0541369355,nan,nan,nan,nan,nan,nan,nan
902,51.3157894737,1.1281955240,nan,0.0000000188,77.2600218175,nan,nan,nan,nan,nan,nan,nan
903,51.3157894737,0.9329072700,nan,0.0000008697,60.6063950567,nan,nan,nan,nan,nan,nan,nan
904,51.3157894737,1.5628010560,nan,0.0000000000,125.7588118320,nan,nan,nan,nan,nan,nan,nan
905,51.3157894737,0.5678969915,nan,0.0001584847,38.0001268746,nan,nan,nan,nan,nan,nan,nan
906,51.3157894737,0.6496906983,nan,0.0000616263,42.1023406887,nan,nan,nan,nan,nan,nan,nan
907,51.3157894737,0.8938539237,nan,0.0000017149,57.6577344966,nan,nan,nan,nan,nan,nan,nan
908,51.3157894737,1.0887341324,nan,0.0000000433,73.6382628692,nan,nan,nan,nan,nan,nan,nan
909,51.3157894737,1.3474487701,nan,0.0000000001,99.7526040813,nan,nan,nan,nan,nan,nan,nan
910,51.3157894737,0.5523444095,nan,0.0001869396,37.2829872244,nan,nan,nan,nan,nan,nan,nan
911,51.3157894737,0.6411521841,nan,0.0000684208,41.6481214336,nan,nan,nan,nan,nan,nan,nan
912,51.3157894737,0.3442375130,nan,0.0010922557,29.6167568209,nan,nan,nan,nan,nan,nan,nan
913,51.3157894737,0.3950194335,nan,0.0007661995,31.1565812623,nan,nan,nan,nan,nan,nan,nan
914,51.3157894737,0.4062482894,nan,0.0007037403,31.5258756567,nan,nan,nan,nan,nan,nan,nan
915,51.3157894737,0.7250876185,nan,0.0000230341,46.3762883851,nan,nan,nan,nan,nan,nan,nan
916,51.3157894737,1.4612362326,nan,0.0000000000,113.0101139181,nan,nan,nan,nan,nan,nan,nan
917,51.3157894737,0.4291994540,nan,0.0005870607,32.3131702164,nan,nan,nan,nan,nan,nan,nan
918,51.3157894737,0.6197851421,nan,0.0000883482,40.5380220448,nan,nan,nan,nan,nan,nan,nan
919,51.3157894737,0.7245197706,nan,0.0000232149,46.3423322678,nan,nan,nan,nan,nan,nan,nan
920,51.3157894737,1.1787619100,nan,0.0000000062,82.0910875524,nan,nan,nan,nan,nan,nan,nan
921,51.3157894737,0.4338920020,nan,0.0005650006,32.4795106483,nan,nan,nan,nan,nan,nan,nan
922,51.3157894737,1.0389691978,nan,0.0000001187,69.2561950718,nan,nan,nan,nan,nan,nan,nan
923,51.3157894737,0.4136472913,nan,0.0006645200,31.7749193379,nan,nan,nan,nan,nan,nan,nan
924,51.3157894737,0.7780047005,nan,0.0000108184,49.6583816552,nan,nan,nan,nan,nan,nan,nan
925,51.3157894737,0.0349610746,nan,0.0032896006,24.8285682509,nan,nan,nan,nan,nan,nan,nan
926,51.3157894737,1.2865237011,nan,0.0000000005,93.0993310677,nan,nan,nan,nan,nan,nan,nan
927,51.3157894737,0.8266310829,nan,0.0000051524,52.8798774718,nan,nan,nan,nan,nan,nan,nan
928,51.3157894737,1.3541440970,nan,0.0000000001,100.5026925558,nan,nan,nan,nan,nan,nan,nan
929,51.3157894737,0.4155804202,nan,0.0006545256,31.8407335915,nan,nan,nan,nan,nan,nan,nan
930,51.3157894737,0.3402015962,nan,0.0011211074,29.5035277373,nan,nan,nan,nan,nan,nan,nan
931,51.3157894737,1.0833896016,nan,0.0000000483,73.1577398058,nan,nan,nan,nan,nan,nan,nan
932,51.3157894737,1.0056341964,nan,0.0000002272,66.4364637717,nan,nan,nan,nan,nan,nan,nan
933,51.3157894737,1.0520280961,nan,0.0000000915,70.3860960941,nan,nan,nan,nan,nan,nan,nan
934,51.3157894737,0.3197590654,nan,0.0012733018,28.9506863250,nan,nan,nan,nan,nan,nan,nan
935,51.3157894737,0.4584985574,nan,0.0004590263,33.3816238917,nan,nan,nan,nan,nan,nan,nan
936,51.3157894737,0.2497388469,nan,0.0018541099,27.3186453770,nan,nan,nan,nan,nan,nan,nan
937,51.3157894737,0.8537818544,nan,0.0000033386,54.7642913761,nan,nan,nan,nan,nan,nan,nan
938,51.3157894737,0.1194657399,nan,0.0029127114,25.3570254605,nan,nan,nan,nan,nan,nan,nan
939,51.3157894737,0.4732160627,nan,0.0004031651,33.9451711666,nan,nan,nan,nan,nan,nan,nan
940,51.3157894737,0.3023888581,nan,0.0014099160,28.5080675578,nan,nan,nan,nan,nan,nan,nan
941,51.3157894737,0.1087034805,nan,0.0029803695,25.2572989692,nan,nan,nan,nan,nan,nan,nan
942,51.3157894737,0.6316277792,nan,0.0000767608,41.1486055397,nan,nan,nan,nan,nan,nan,nan
943,51.3157894737,0.8399915171,nan,0.0000041692,53.7994914846,nan,nan,nan,nan,nan,nan,nan
944,51.3157894737,0.7523096699,nan,0.0000157196,48.0355836517,nan,nan,nan,nan,nan,nan,nan
945,51.3157894737,0.2849308895,nan,0.0015529876,28.0883200968,nan,nan,nan,nan,nan,nan,nan
946,51.3157894737,0.4652326168,nan,0.0004327879,33.6372493339,nan,nan,nan,nan,nan,nan,nan
947,51.3157894737,0.7256997492,nan,0.0000228406,46.4129225723,nan,nan,nan,nan,nan,nan,nan
948,51.3157894737,0.9832281878,nan,0.0000003473,64.5932918090,nan,nan,nan,nan,nan,nan,nan
949,51.3157894737,1.3371698671,nan,0.0000000001,98.6083379515,nan,nan,nan,nan,nan,nan,nan
950,51.3157894737,0.4577705567,nan,0.0004619326,33.3542140456,nan,nan,nan,nan,nan,nan,nan
951,51.3157894737,1.2507307526,nan,0.0000000012,89.3353099305,nan,nan,nan,nan,nan,nan,nan
952,51.3157894737,1.4649945351,nan,0.0000000000,113.4664809788,nan,nan,nan,nan,nan,nan,nan
953,51.3157894737,1.3733404223,nan,0.0000000001,102.6740745699,nan,nan,nan,nan,nan,nan,nan
954,51.3157894737,0.5959098188,nan,0.0001163461,39.3424829745,nan,nan,nan,nan,nan,nan,nan
955,51.3157894737,0.6435446691,nan,0.0000664541,41.7747822254,nan,nan,nan,nan,nan,nan,nan
956,51.3157894737,0.8646292750,nan,0.0000027962,55.5343319526,nan,nan,nan,nan,nan,nan,nan
957,51.3157894737,0.9016405499,nan,0.0000015012,58.2355038643,nan,nan,nan,nan,nan,nan,nan
958,51.3157894737,0.6373449673,nan,0.0000716549,41.4475440650,nan,nan,nan,nan,nan,nan,nan
959,51.3157894737,0.1804548792,nan,0.0024537770,26.1016490190,nan,nan,nan,nan,nan,nan,nan
960,51.3157894737,0.7660730950,nan,0.0000128884,48.8979932957,nan,nan,nan,nan,nan,nan,nan
961,51.3157894737,1.7526690720,nan,0.0000000000,151.9087916733,nan,nan,nan,nan,nan,nan,nan
962,51.3157894737,0.7170494466,nan,0.0000257151,45.8981204004,nan,nan,nan,nan,nan,nan,nan
963,51.3157894737,0.2487389348,nan,0.0018628294,27.2982691014,nan,nan,nan,nan,nan,nan,nan
964,51.3157894737,0.7677648327,nan,0.0000125745,49.0050849021,nan,nan,nan,nan,nan,nan,nan
965,51.3157894737,0.3008741563,nan,0.0014221152,28.4706520745,nan,nan,nan,nan,nan,nan,nan
966,51.3157894737,0.1634319089,nan,0.0025923379,25.8630839786,nan,nan,nan,nan,nan,nan,nan
967,51.3157894737,0.3617548611,nan,0.0009718916,30.1238216725,nan,nan,nan,nan,nan,nan,nan
968,51.3157894737,0.9010007424,nan,0.0000015178,58.1878394403,nan,nan,nan,nan,nan,nan,nan
969,51.3157894737,0.2573547472,nan,0.0017879081,27.4765480960,nan,nan,nan,nan,nan,nan,nan
970,51.3157894737,1.0463260861,nan,0.0000001025,69.8909879884,nan,nan,nan,nan,nan,nan,nan
971,51.3157894737,0.4508673537,nan,0.0004901753,33.0964854784,nan,nan,nan,nan,nan,nan,nan
972,51.3157894737,0.3361981833,nan,0.0011501273,29.3925409095,nan,nan,nan,nan,nan,nan,nan
973,51.3157894737,0.5664687091,nan,0.0001609374,37.9334304372,nan,nan,nan,nan,nan,nan,nan
974,51.3157894737,0.6853058607,nan,0.0000392436,44.0623078556,nan,nan,nan,nan,nan,nan,nan
975,51.3157894737,0.8320022301,nan,0.0000047339,53.2477924832,nan,nan,nan,nan,nan,nan,nan
976,51.3157894737,0.7911490951,nan,0.0000088925,50.5097796781,nan,nan,nan,nan,nan,nan,nan
977,51.3157894737,0.4045128831,nan,0.0007131617,31.4681196970,nan,nan,nan,nan,nan,nan,nan
978,51.3157894737,0.6156019819,nan,0.0000927869,40.3251315729,nan,nan,nan,nan,nan,nan,nan
979,51.3157894737,0.3041012215,nan,0.0013961775,28.5505937773,nan,nan,nan,nan,nan,nan,nan
980,51.3157894737,1.0003317801,nan,0.0000002514,65.9964914377,nan,nan,nan,nan,nan,nan,nan
981,51.3157894737,0.3572677186,nan,0.0010019551,29.9915172684,nan,nan,nan,nan,nan,nan,nan
982,51.3157894737,0.0281391574,nan,0.0033027256,24.8112750615,nan,nan,nan,nan,nan,nan,nan
983,51.3157894737,0.4462179453,nan,0.0005099027,32.9251270331,nan,nan,nan,nan,nan,nan,nan
984,51.3157894737,0.8679697805,nan,0.0000026464,55.7734434582,nan,nan,nan,nan,nan,nan,nan
985,51.3157894737,0.3788250281,nan,0.0008625098,30.6423593734,nan,nan,nan,nan,nan,nan,nan
986,51.3157894737,0.7183711237,nan,0.0000252559,45.9763739476,nan,nan,nan,nan,nan,nan,nan
987,51.3157894737,0.2367369012,nan,0.0019678304,27.0601232558,nan,nan,nan,nan,nan,nan,nan
988,51.3157894737,0.4843923369,nan,0.0003643245,34.3851165772,nan,nan,nan,nan,nan,nan,nan
989,51.3157894737,0.4344590142,nan,0.0005623758,32.4997334935,nan,nan,nan,nan,nan,nan,nan
990,51.3157894737,1.2326059766,nan,0.0000000018,87.4701336772,nan,nan,nan,nan,nan,nan,nan
991,51.3157894737,0.6962626054,nan,0.0000339900,44.6864925941,nan,nan,nan,nan,nan,nan,nan
992,51.3157894737,0.9628399379,nan,0.0000005067,62.9524951737,nan,nan,nan,nan,nan,nan,nan
993,51.3157894737,0.4956963294,nan,0.0003280481,34.8406247750,nan,nan,nan,nan,nan,nan,nan
994,51.3157894737,0.5655073871,nan,0.0001626060,37.8886349879,nan,nan,nan,nan,nan,nan,nan
995,51.3157894737,1.1051186551,nan,0.0000000307,75.1262457595,nan,nan,nan,nan,nan,nan,nan
996,51.3157894737,0.9492090051,nan,0.0000006494,61.8748480392,nan,nan,nan,nan,nan,nan,nan
997,51.3157894737,0.7476936550,nan,0.0000167885,47.7498769116,nan,nan,nan,nan,nan,nan,nan
998,51.3157894737,0.7945407816,nan,0.0000084493,50.7318031714,nan,nan,nan,nan,nan,nan,nan
999,51.3157894737,0.6487055161,nan,0.0000623789,42.0496231614,nan,nan,nan,nan,nan,nan,nan
1000,51.3157894737,0.4743302318,nan,0.0003991568,33.9885648457,nan,nan,nan,nan,nan,nan,nan
1001,51.3157894737,0.8665940443,nan,0.0000027072,55.6748564156,nan,nan,nan,nan,nan,nan,nan
1002,51.3157894737,0.6340562324,nan,0.0000745547,41.2752518712,nan,nan,nan,nan,nan,nan,nan
1003,51.3157894737,0.3324675931,nan,0.0011775219,29.2903100464,nan,nan,nan,nan,nan,nan,nan
1004,51.3157894737,0.8495597079,nan,0.0000035750,54.4672186783,nan,nan,nan,nan,nan,nan,nan
1005,51.3157894737,0.7292025497,nan,0.0000217613,46.6231542840,nan,nan,nan,nan,nan,nan,nan
1006,51.3157894737,0.6846317728,nan,0.0000395892,44.0242323668,nan,nan,nan,nan,nan,nan,nan
1007,51.3157894737,0.4168573895,nan,0.0006479808,31.8843783161,nan,nan,nan,nan,nan,nan,nan
1008,51.3157894737,0.7337766713,nan,0.0000204210,46.8992217238,nan,nan,nan,nan,nan,nan,nan
1009,51.3157894737,0.5570451481,nan,0.0001779253,37.4976239111,nan,nan,nan,nan,nan,nan,nan
1010,51.3157894737,0.7820091729,nan,0.0000101947,49.9162385938,nan,nan,nan,nan,nan,nan,nan
1011,51.3157894737,0.6003429279,nan,0.0001106398,39.5608876073,nan,nan,nan,nan,nan,nan,nan
1012,51.3157894737,0.8554419835,nan,0.0000032497,54.8815058265,nan,nan,nan,nan,nan,nan,nan
1013,51.3157894737,0.3444209094,nan,0.0010909544,29.6219340579,nan,nan,nan,nan,nan,nan,nan
1014,51.3157894737,0.4292583006,nan,0.0005867803,32.3152449071,nan,nan,nan,nan,nan,nan,nan
1015,51.3157894737,0.7935665753,nan,0.0000085745,50.6679325160,nan,nan,nan,nan,nan,nan,nan
1016,51.3157894737,0.8441936590,nan,0.0000038978,54.0918035456,nan,nan,nan,nan,nan,nan,nan
1017,51.3157894737,1.3347244419,nan,0.0000000001,98.3374099595,nan,nan,nan,nan,nan,nan,nan
1018,51.3157894737,0.1475027924,nan,0.0027155567,25.6614112312,nan,nan,nan,nan,nan,nan,nan
1019,51.3157894737,0.7169049041,nan,0.0000257658,45.8895711777,nan,nan,nan,nan,nan,nan,nan
1020,51.3157894737,0.4661617327,nan,0.0004292582,33.6728137221,nan,nan,nan,nan,nan,nan,nan
1021,51.3157894737,0.2010780798,nan,0.0022789823,26.4225904013,nan,nan,nan,nan,nan,nan,nan
1022,51.3157894737,0.4909280979,nan,0.0003429896,34.6471909158,nan,nan,nan,nan,nan,nan,nan
1023,51.3157894737,0.8283655507,nan,0.0000050137,52.9984230563,nan,nan,nan,nan,nan,nan,nan
1024,51.3157894737,0.4175665923,nan,0.0006443657,31.9086760360,nan,nan,nan,nan,nan,nan,nan
1025,51.3157894737,0.4984021041,nan,0.0003197990,34.9512290763,nan,nan,nan,nan,nan,nan,nan
1026,51.3157894737,0.0742311091,nan,0.0031610690,25.0016602972,nan,nan,nan,nan,nan,nan,nan
1027,51.3157894737,0.5510357047,nan,0.0001895153,37.2235579165,nan,nan,nan,nan,nan,nan,nan
1028,51.3157894737,0.1631272284,nan,0.0025947582,25.8590310285,nan,nan,nan,nan,nan,nan,nan
1029,51.3157894737,0.9128778554,nan,0.0000012365,59.0782240076,nan,nan,nan,nan,nan,nan,nan
1030,51.3157894737,0.2188621852,nan,0.0021244885,26.7274560635,nan,nan,nan,nan,nan,nan,nan
1031,51.3157894737,0.6447965379,nan,0.0000654448,41.8412471333,nan,nan,nan,nan,nan,nan,nan
1032,51.3157894737,0.6405795926,nan,0.0000688989,41.6178783643,nan,nan,nan,nan,nan,nan,nan
1033,51.3157894737,1.0039222485,nan,0.0000002347,66.2941570896,nan,nan,nan,nan,nan,nan,nan
1034,51.3157894737,0.6112249811,nan,0.0000976353,40.1039326252,nan,nan,nan,nan,nan,nan,nan
1035,51.3157894737,0.6578359710,nan,0.0000557020,42.5412887872,nan,nan,nan,nan,nan,nan,nan
1036,51.3157894737,0.7748054772,nan,0.0000113414,49.4533358039,nan,nan,nan,nan,nan,nan,nan
1037,51.3157894737,0.3724665409,nan,0.0009023206,30.4463912669,nan,nan,nan,nan,nan,nan,nan
1038,51.3157894737,0.3986825414,nan,0.0007454343,31.2759063613,nan,nan,nan,nan,nan,nan,nan
1039,51.3157894737,0.2802943426,nan,0.0015918162,27.9810707363,nan,nan,nan,nan,nan,nan,nan
1040,51.3157894737,0.4292892176,nan,0.0005866330,32.3163350279,nan,nan,nan,nan,nan,nan,nan
1041,51.3157894737,0.4743608492,nan,0.0003990471,33.9897587602,nan,nan,nan,nan,nan,nan,nan
1042,51.3157894737,1.1378751771,nan,0.0000000152,78.1682788624,nan,nan,nan,nan,nan,nan,nan
1043,51.3157894737,0.7309149951,nan,0.0000212505,46.7263036831,nan,nan,nan,nan,nan,nan,nan
1044,51.3157894737,0.9927157228,nan,0.0000002905,65.3686468979,nan,nan,nan,nan,nan,nan,nan
1045,51.3157894737,0.5418964032,nan,0.0002083292,36.8124979919,nan,nan,nan,nan,nan,nan,nan
1046,51.3157894737,0.5808000149,nan,0.0001377103,38.6103359039,nan,nan,nan,nan,nan,nan,nan
1047,51.3157894737,0.6725193573,nan,0.0000462753,43.3465085991,nan,nan,nan,nan,nan,nan,nan
1048,51.3157894737,0.3874500166,nan,0.0008103026,30.9135276050,nan,nan,nan,nan,nan,nan,nan
1049,51.3157894737,0.7460550991,nan,0.0000171835,47.6488854806,nan,nan,nan,nan,nan,nan,nan
1050,51.3157894737,0.3012174045,nan,0.0014193470,28.4791142332,nan,nan,nan,nan,nan,nan,nan
1051,51.3157894737,0.7080769386,nan,0.0000290354,45.3707201182,nan,nan,nan,nan,nan,nan,nan
1052,51.3157894737,1.4620085388,nan,0.0000000000,113.1037978082,nan,nan,nan,nan,nan,nan,nan
1053,51.3157894737,0.7065570535,nan,0.0000296344,45.2820452005,nan,nan,nan,nan,nan,nan,nan
1054,51.3157894737,0.6666259324,nan,0.0000498750,43.0211665938,nan,nan,nan,nan,nan,nan,nan
1055,51.3157894737,0.3103832619,nan,0.0013462692,28.7086810478,nan,nan,nan,nan,nan,nan,nan
1056,51.3157894737,0.5907212944,nan,0.0001233407,39.0889348254,nan,nan,nan,nan,nan,nan,nan
1057,51.3157894737,0.2624863568,nan,0.0017435561,27.5856407521,nan,nan,nan,nan,nan,nan,nan
1058,51.3157894737,0.9528044545,nan,0.0000006085,62.1575959605,nan,nan,nan,nan,nan,nan,nan
1059,51.3157894737,0.8829401685,nan,0.0000020623,56.8564366062,nan,nan,nan,nan,nan,nan,nan
1060,51.3157894737,1.1554257249,nan,0.0000000104,79.8350313506,nan,nan,nan,nan,nan,nan,nan
1061,51.3157894737,0.5458333707,nan,0.0002000451,36.9887216622,nan,nan,nan,nan,nan,nan,nan
1062,51.3157894737,0.8041994141,nan,0.0000072957,51.3693155428,nan,nan,nan,nan,nan,nan,nan
1063,51.3157894737,1.0842014409,nan,0.0000000475,73.2305781187,nan,nan,nan,nan,nan,nan,nan
1064,51.3157894737,1.3299311026,nan,0.0000000002,97.8078080767,nan,nan,nan,nan,nan,nan,nan
1065,51.3157894737,0.4600105595,nan,0.0004530340,33.4386924031,nan,nan,nan,nan,nan,nan,nan
1066,51.3157894737,0.5667640639,nan,0.0001604276,37.9472087130,nan,nan,nan,nan,nan,nan,nan
1067,51.3157894737,0.5830933647,nan,0.0001342691,38.7202398570,nan,nan,nan,nan,nan,nan,nan
1068,51.3157894737,1.3716696150,nan,0.0000000001,102.4838574384,nan,nan,nan,nan,nan,nan,nan
1069,51.3157894737,1.0697455848,nan,0.0000000639,71.9418298134,nan,nan,nan,nan,nan,nan,nan
1070,51.3157894737,1.0686697825,nan,0.0000000654,71.8466187948,nan,nan,nan,nan,nan,nan,nan
1071,51.3157894737,0.5484468339,nan,0.0001946967,37.1064140475,nan,nan,nan,nan,nan,nan,nan
1072,51.3157894737,0.5313301061,nan,0.0002319585,36.3458962132,nan,nan,nan,nan,nan,nan,nan
1073,51.3157894737,0.7878786642,nan,0.0000093399,50.2966007533,nan,nan,nan,nan,nan,nan,nan
1074,51.3157894737,0.3564559928,nan,0.0010074509,29.9677612187,nan,nan,nan,nan,nan,nan,nan
1075,51.3157894737,0.5003986493,nan,0.0003138173,35.0332314290,nan,nan,nan,nan,nan,nan,nan
1076,51.3157894737,0.3314717122,nan,0.0011848915,29.2632140503,nan,nan,nan,nan,nan,nan,nan
1077,51.3157894737,0.5234714623,nan,0.0002509071,36.0048706308,nan,nan,nan,nan,nan,nan,nan
1078,51.3157894737,0.5576153113,nan,0.0001768568,37.5237824165,nan,nan,nan,nan,nan,nan,nan
1079,51.3157894737,0.6999875426,nan,0.0000323521,44.9009693070,nan,nan,nan,nan,nan,nan,nan
1080,51.3157894737,1.0466566668,nan,0.0000001019,69.9196183683,nan,nan,nan,nan,nan,nan,nan
1081,51.3157894737,0.5624384528,nan,0.0001680296,37.7461429808,nan,nan,nan,nan,nan,nan,nan
1082,51.3157894737,0.1569031205,nan,0.0026436836,25.7779052163,nan,nan,nan,nan,nan,nan,nan
1083,51.3157894737,0.7085604038,nan,0.0000288472,45.3989672969,nan,nan,nan,nan,nan,nan,nan
1084,51.3157894737,0.8904833852,nan,0.0000018158,57.4092069918,nan,nan,nan,nan,nan,nan,nan
1085,51.3157894737,0.6714206419,nan,0.0000469285,43.2856358496,nan,nan,nan,nan,nan,nan,nan
1086,51.3157894737,1.4278492295,nan,0.0000000000,109.0078566090,nan,nan,nan,nan,nan,nan,nan
1087,51.3157894737,0.4457125652,nan,0.0005120816,32.9066086921,nan,nan,nan,nan,nan,nan,nan
1088,51.3157894737,0.1426017775,nan,0.0027519769,25.6035522284,nan,nan,nan,nan,nan,nan,nan
1089,51.3157894737,1.0390239448,nan,0.0000001186,69.2609022676,nan,nan,nan,nan,nan,nan,nan
1090,51.3157894737,1.2694528305,nan,0.0000000007,91.2907833315,nan,nan,nan,nan,nan,nan,nan
1091,51.3157894737,0.4302133391,nan,0.0005822432,32.3489557220,nan,nan,nan,nan,nan,nan,nan
1092,51.3157894737,0.4422052271,nan,0.0005273908,32.7786744643,nan,nan,nan,nan,nan,nan,nan
1093,51.3157894737,0.2897399706,nan,0.0015130611,28.2014352079,nan,nan,nan,nan,nan,nan,nan
1094,51.3157894737,0.7453370715,nan,0.0000173592,47.6047006746,nan,nan,nan,nan,nan,nan,nan
1095,51.3157894737,0.8956669074,nan,0.0000016627,57.7918069406,nan,nan,nan,nan,nan,nan,nan
1096,51.3157894737,1.1395156918,nan,0.0000000147,78.3229864096,nan,nan,nan,nan,nan,nan,nan
1097,51.3157894737,0.5562264454,nan,0.0001794688,37.4601098609,nan,nan,nan,nan,nan,nan,nan
1098,51.3157894737,0.2128615870,nan,0.0021768678,26.6216793493,nan,nan,nan,nan,nan,nan,nan
1099,51.3157894737,0.5403516866,nan,0.0002116554,36.7437059038,nan,nan,nan,nan,nan,nan,nan
1100,51.3157894737,0.4364860301,nan,0.0005530640,32.5722460863,nan,nan,nan,nan,nan,nan,nan
1101,51.3157894737,0.4494370706,nan,0.0004961831,33.0435802464,nan,nan,nan,nan,nan,nan,nan
1102,51.3157894737,0.5030218047,nan,0.0003060925,35.1414725339,nan,nan,nan,nan,nan,nan,nan
1103,51.3157894737,0.8708685564,nan,0.0000025225,55.9816897354,nan,nan,nan,nan,nan,nan,nan
1104,51.3157894737,0.5459632358,nan,0.0001997765,36.9945565083,nan,nan,nan,nan,nan,nan,nan
1105,51.3157894737,1.3325986830,nan,0.0000000002,98.1023040291,nan,nan,nan,nan,nan,nan,nan
1106,51.3157894737,0.7198072428,nan,0.0000247653,46.0615680970,nan,nan,nan,nan,nan,nan,nan
1107,51.3157894737,0.9272462763,nan,0.0000009614,60.1710912794,nan,nan,nan,nan,nan,nan,nan
1108,51.3157894737,0.4738168269,nan,0.0004010000,33.9685564200,nan,nan,nan,nan,nan,nan,nan
1109,51.3157894737,0.8471471140,nan,0.0000037169,54.2981339455,nan,nan,nan,nan,nan,nan,nan
1110,51.3157894737,0.5008265415,nan,0.0003125468,35.0508488921,nan,nan,nan,nan,nan,nan,nan
1111,51.3157894737,0.2831254405,nan,0.0015680696,28.0463467637,nan,nan,nan,nan,nan,nan,nan
1112,51.3157894737,1.0029631548,nan,0.0000002391,66.2145387213,nan,nan,nan,nan,nan,nan,nan
1113,51.3157894737,0.3998932280,nan,0.0007386542,31.3155884869,nan,nan,nan,nan,nan,nan,nan
1114,51.3157894737,0.7701749084,nan,0.0000121393,49.1580607024,nan,nan,nan,nan,nan,nan,nan
1115,51.3157894737,1.2702549824,nan,0.0000000007,91.3752206287,nan,nan,nan,nan,nan,nan,nan
1116,51.3157894737,0.5842129435,nan,0.0001326157,38.7740519722,nan,nan,nan,nan,nan,nan,nan
1117,51.3157894737,0.7777609294,nan,0.0000108574,49.6427277966,nan,nan,nan,nan,nan,nan,nan
1118,51.3157894737,0.3345577528,nan,0.0011621319,29.3474458248,nan,nan,nan,nan,nan,nan,nan
1119,51.3157894737,0.5310135412,nan,0.0002326987,36.3320598345,nan,nan,nan,nan,nan,nan,nan
1120,51.3157894737,1.1596483518,nan,0.0000000095,80.2398883553,nan,nan,nan,nan,nan,nan,nan
1121,51.3157894737,0.7711310306,nan,0.0000119705,49.2188830312,nan,nan,nan,nan,nan,nan,nan
1122,51.3157894737,0.1706331650,nan,0.0025344878,25.9610978874,nan,nan,nan,nan,nan,nan,nan
1123,51.3157894737,0.6289508636,nan,0.0000792580,41.0095695105,nan,nan,nan,nan,nan,nan,nan
1124,51.3157894737,0.2002008887,nan,0.0022865322,26.4082268563,nan,nan,nan,nan,nan,nan,nan
1125,51.3157894737,0.6132504157,nan,0.0000953654,40.2060934419,nan,nan,nan,nan,nan,nan,nan
1126,51.3157894737,0.9985522359,nan,0.0000002601,65.8493580029,nan,nan,nan,nan,nan,nan,nan
1127,51.3157894737,0.8922024207,nan,0.0000017637,57.5358421961,nan,nan,nan,nan,nan,nan,nan
1128,51.3157894737,0.0453242153,nan,0.0032643287,24.8620611142,nan,nan,nan,nan,nan,nan,nan
1129,51.3157894737,0.4255104771,nan,0.0006048275,32.1836847167,nan,nan,nan,nan,nan,nan,nan
1130,51.3157894737,0.1224495129,nan,0.0028931076,25.3863541394,nan,nan,nan,nan,nan,nan,nan
1131,51.3157894737,1.1875514077,nan,0.0000000051,82.9526181628,nan,nan,nan,nan,nan,nan,nan
1132,51.3157894737,0.3631539477,nan,0.0009626281,30.1654146313,nan,nan,nan,nan,nan,nan,nan
1133,51.3157894737,0.8614542491,nan,0.0000029458,55.3079272413,nan,nan,nan,nan,nan,nan,nan
1134,51.3157894737,0.1615798277,nan,0.0026070150,25.8385647765,nan,nan,nan,nan,nan,nan,nan
1135,51.3157894737,0.2707208169,nan,0.0016729246,27.7652363451,nan,nan,nan,nan,nan,nan,nan
1136,51.3157894737,0.7568372878,nan,0.0000147315,48.3175418176,nan,nan,nan,nan,nan,nan,nan
1137,51.3157894737,0.1239328876,nan,0.0028832305,25.4012063512,nan,nan,nan,nan,nan,nan,nan
1138,51.3157894737,1.1187917664,nan,0.0000000230,76.3851457817,nan,nan,nan,nan,nan,nan,nan
1139,51.3157894737,0.5092936621,nan,0.0002882315,35.4025862672,nan,nan,nan,nan,nan,nan,nan
1140,51.3157894737,0.4210800871,nan,0.0006266622,32.0296648322,nan,nan,nan,nan,nan,nan,nan
1141,51.3157894737,0.1511937721,nan,0.0026876414,25.7062867315,nan,nan,nan,nan,nan,nan,nan
1142,51.3157894737,0.5308620281,nan,0.0002330537,36.3254404603,nan,nan,nan,nan,nan,nan,nan
1143,51.3157894737,0.4220185099,nan,0.0006219919,32.0621528432,nan,nan,nan,nan,nan,nan,nan
1144,51.3157894737,0.8427440472,nan,0.0000039895,53.9907985303,nan,nan,nan,nan,nan,nan,nan
1145,51.3157894737,0.7454242641,nan,0.0000173378,47.6100639015,nan,nan,nan,nan,nan,nan,nan
1146,51.3157894737,0.4451114865,nan,0.0005146819,32.8846112779,nan,nan,nan,nan,nan,nan,nan
1147,51.3157894737,0.7456382187,nan,0.0000172853,47.6232269535,nan,nan,nan,nan,nan,nan,nan
1148,51.3157894737,0.6474339665,nan,0.0000633621,41.9817012484,nan,nan,nan,nan,nan,nan,nan
1149,51.3157894737,0.9541722851,nan,0.0000005935,62.2654459095,nan,nan,nan,nan,nan,nan,nan
1150,51.3157894737,0.6664270632,nan,0.0000500007,43.0102385398,nan,nan,nan,nan,nan,nan,nan
1151,51.3157894737,1.3505488297,nan,0.0000000001,100.0994427456,nan,nan,nan,nan,nan,nan,nan
1152,51.3157894737,1.1915896222,nan,0.0000000046,83.3506005262,nan,nan,nan,nan,nan,nan,nan
1153,51.3157894737,0.4933846682,nan,0.0003352269,34.7466116561,nan,nan,nan,nan,nan,nan,nan
1154,51.3157894737,0.6928659769,nan,0.0000355474,44.4919253651,nan,nan,nan,nan,nan,nan,nan
1155,51.3157894737,0.3619969184,nan,0.0009702852,30.1310061271,nan,nan,nan,nan,nan,nan,nan
1156,51.3157894737,0.4288492108,nan,0.0005887314,32.3008280245,nan,nan,nan,nan,nan,nan,nan
1157,51.3157894737,0.7804745031,nan,0.0000104298,49.8172599960,nan,nan,nan,nan,nan,nan,nan
1158,51.3157894737,0.3634355290,nan,0.0009607701,30.1738052345,nan,nan,nan,nan,nan,nan,nan
1159,51.3157894737,0.5083820426,nan,0.0002907749,35.3644305138,nan,nan,nan,nan,nan,nan,nan
1160,51.3157894737,0.8174656774,nan,0.0000059462,52.2576103935,nan,nan,nan,nan,nan,nan,nan
1161,51.3157894737,0.8808324322,nan,0.0000021366,56.7028283594,nan,nan,nan,nan,nan,nan,nan
1162,51.3157894737,1.0870539934,nan,0.0000000448,73.4869457416,nan,nan,nan,nan,nan,nan,nan
1163,51.3157894737,0.4469230696,nan,0.0005068740,32.9509998412,nan,nan,nan,nan,nan,nan,nan
1164,51.3157894737,0.3599313379,nan,0.0009840442,30.0698538182,nan,nan,nan,nan,nan,nan,nan
1165,51.3157894737,0.9054943644,nan,0.0000014050,58.5233273323,nan,nan,nan,nan,nan,nan,nan
1166,51.3157894737,0.7016717718,nan,0.0000316350,44.9983237576,nan,nan,nan,nan,nan,nan,nan
1167,51.3157894737,1.0733392609,nan,0.0000000594,72.2605789265,nan,nan,nan,nan,nan,nan,nan
1168,51.3157894737,0.2391382303,nan,0.0019467848,27.1068205328,nan,nan,nan,nan,nan,nan,nan
1169,51.3157894737,1.4591437715,nan,0.0000000000,112.7565406818,nan,nan,nan,nan,nan,nan,nan
1170,51.3157894737,1.1619024165,nan,0.0000000090,80.4566132724,nan,nan,nan,nan,nan,nan,nan
1171,51.3157894737,0.4398722130,nan,0.0005377570,32.6941395297,nan,nan,nan,nan,nan,nan,nan
1172,51.3157894737,1.0573919638,nan,0.0000000821,70.8543201222,nan,nan,nan,nan,nan,nan,nan
1173,51.3157894737,0.8386720474,nan,0.0000042579,53.7080091561,nan,nan,nan,nan,nan,nan,nan
1174,51.3157894737,0.7009514391,nan,0.0000319400,44.9566570841,nan,nan,nan,nan,nan,nan,nan
1175,51.3157894737,0.2793231825,nan,0.0015999885,27.9588312878,nan,nan,nan,nan,nan,nan,nan
1176,51.3157894737,0.4465239897,nan,0.0005085865,32.9363515212,nan,nan,nan,nan,nan,nan,nan
1177,51.3157894737,0.7612009327,nan,0.0000138328,48.5909031254,nan,nan,nan,nan,nan,nan,nan
1178,51.3157894737,0.5572393958,nan,0.0001775606,37.5065327649,nan,nan,nan,nan,nan,nan,nan
1179,51.3157894737,0.3735426699,nan,0.0008955045,30.4793223226,nan,nan,nan,nan,nan,nan,nan
1180,51.3157894737,0.5778138341,nan,0.0001423022,38.4678840988,nan,nan,nan,nan,nan,nan,nan
1181,51.3157894737,0.9536494841,nan,0.0000005992,62.2242059677,nan,nan,nan,nan,nan,nan,nan
1182,51.3157894737,0.2732679024,nan,0.0016512310,27.8219217598,nan,nan,nan,nan,nan,nan,nan
1183,51.3157894737,0.6442129281,nan,0.0000659137,41.8102455928,nan,nan,nan,nan,nan,nan,nan
1184,51.3157894737,0.5286144767,nan,0.0002383707,36.2274721199,nan,nan,nan,nan,nan,nan,nan
1185,51.3157894737,0.3411921287,nan,0.0011139885,29.5311927859,nan,nan,nan,nan,nan,nan,nan
1186,51.3157894737,0.5739593448,nan,0.0001484190,38.2851055599,nan,nan,nan,nan,nan,nan,nan
1187,51.3157894737,0.9122107312,nan,0.0000012509,59.0279004008,nan,nan,nan,nan,nan,nan,nan
1188,51.3157894737,0.2924853150,nan,0.0014904366,28.2668649419,nan,nan,nan,nan,nan,nan,nan
1189,51.3157894737,0.5419791696,nan,0.0002081522,36.8161894833,nan,nan,nan,nan,nan,nan,nan
1190,51.3157894737,0.5891219532,nan,0.0001255674,39.0112304977,nan,nan,nan,nan,nan,nan,nan
1191,51.3157894737,0.7230881301,nan,0.0000236764,46.2568422382,nan,nan,nan,nan,nan,nan,nan
1192,51.3157894737,0.2773818445,nan,0.0016163640,27.9146082038,nan,nan,nan,nan,nan,nan,nan
1193,51.3157894737,0.6804690582,nan,0.0000417836,43.7899408800,nan,nan,nan,nan,nan,nan,nan
1194,51.3157894737,0.1635257990,nan,0.0025915915,25.8643344689,nan,nan,nan,nan,nan,nan,nan
1195,51.3157894737,0.6071954161,nan,0.0001022893,39.9016990712,nan,nan,nan,nan,nan,nan,nan
1196,51.3157894737,1.1960843624,nan,0.0000000042,83.7951775427,nan,nan,nan,nan,nan,nan,nan
1197,51.3157894737,0.3455566262,nan,0.0010829148,29.6540570163,nan,nan,nan,nan,nan,nan,nan
1198,51.3157894737,0.1411956851,nan,0.0027622841,25.5873164956,nan,nan,nan,nan,nan,nan,nan
1199,51.3157894737,1.4390196370,nan,0.0000000000,110.3365219742,nan,nan,nan,nan,nan,nan,nan
1200,51.3157894737,0.5282512277,nan,0.0002392391,36.2116778334,nan,nan,nan,nan,nan,nan,nan
1201,51.3157894737,0.6165258919,nan,0.0000917904,40.3720263423,nan,nan,nan,nan,nan,nan,nan
1202,51.3157894737,0.6267326851,nan,0.0000813802,40.8948109292,nan,nan,nan,nan,nan,nan,nan
1203,51.3157894737,0.7237677728,nan,0.0000234563,46.2974056598,nan,nan,nan,nan,nan,nan,nan
1204,51.3157894737,0.3706224220,nan,0.0009140751,30.3901814094,nan,nan,nan,nan,nan,nan,nan
1205,51.3157894737,0.5943187678,nan,0.0001184542,39.2644952147,nan,nan,nan,nan,nan,nan,nan
1206,51.3157894737,0.6053108555,nan,0.0001045302,39.8075807640,nan,nan,nan,nan,nan,nan,nan
1207,51.3157894737,0.7672153094,nan,0.0000126757,48.9702724543,nan,nan,nan,nan,nan,nan,nan
1208,51.3157894737,0.9283696091,nan,0.0000009425,60.2572577938,nan,nan,nan,nan,nan,nan,nan
1209,51.3157894737,0.4367928222,nan,0.0005516644,32.5832506398,nan,nan,nan,nan,nan,nan,nan
1210,51.3157894737,0.8184403281,nan,0.0000058567,52.3234499341,nan,nan,nan,nan,nan,nan,nan
1211,51.3157894737,0.6361897499,nan,0.0000726621,41.3869214348,nan,nan,nan,nan,nan,nan,nan
1212,51.3157894737,0.5807103113,nan,0.0001378464,38.6060459221,nan,nan,nan,nan,nan,nan,nan
1213,51.3157894737,0.7985005775,nan,0.0000079575,50.9922276563,nan,nan,nan,nan,nan,nan,nan
1214,51.3157894737,0.8034769290,nan,0.0000073767,51.3213595369,nan,nan,nan,nan,nan,nan,nan
1215,51.3157894737,0.5151279745,nan,0.0002723696,35.6484133466,nan,nan,nan,nan,nan,nan,nan
1216,51.3157894737,0.6292650268,nan,0.0000789613,41.0258559540,nan,nan,nan,nan,nan,nan,nan
1217,51.3157894737,0.5196342665,nan,0.0002606023,35.8402175256,nan,nan,nan,nan,nan,nan,nan
1218,51.3157894737,0.5755371720,nan,0.0001458889,38.3597764342,nan,nan,nan,nan,nan,nan,nan
1219,51.3157894737,0.9014284520,nan,0.0000015067,58.2196991970,nan,nan,nan,nan,nan,nan,nan
1220,51.3157894737,0.8653526994,nan,0.0000027631,55.5860353808,nan,nan,nan,nan,nan,nan,nan
1221,51.3157894737,1.0079308678,nan,0.0000002174,66.6277599931,nan,nan,nan,nan,nan,nan,nan
1222,51.3157894737,0.5059895086,nan,0.0002975350,35.2646190842,nan,nan,nan,nan,nan,nan,nan
1223,51.3157894737,0.8649860108,nan,0.0000027798,55.5598225541,nan,nan,nan,nan,nan,nan,nan
1224,51.3157894737,0.2562243189,nan,0.0017977081,27.4528082940,nan,nan,nan,nan,nan,nan,nan
1225,51.3157894737,0.5202537892,nan,0.0002590169,35.8667183931,nan,nan,nan,nan,nan,nan,nan
1226,51.3157894737,0.4502794613,nan,0.0004926382,33.0747192064,nan,nan,nan,nan,nan,nan,nan
1227,51.3157894737,1.1440933281,nan,0.0000000133,78.7558657440,nan,nan,nan,nan,nan,nan,nan
1228,51.3157894737,0.7858910969,nan,0.0000096217,50.1674787309,nan,nan,nan,nan,nan,nan,nan
1229,51.3157894737,0.7357786662,nan,0.0000198582,47.0205982480,nan,nan,nan,nan,nan,nan,nan
1230,51.3157894737,0.5268825398,nan,0.0002425345,36.1522648089,nan,nan,nan,nan,nan,nan,nan
1231,51.3157894737,0.8443035108,nan,0.0000038909,54.0994648582,nan,nan,nan,nan,nan,nan,nan
1232,51.3157894737,0.7165684343,nan,0.0000258841,45.8696768047,nan,nan,nan,nan,nan,nan,nan
1233,51.3157894737,0.7217853889,nan,0.0000241035,46.1791975762,nan,nan,nan,nan,nan,nan,nan
1234,51.3157894737,0.6620077256,nan,0.0000528659,42.7682400711,nan,nan,nan,nan,nan,nan,nan
1235,51.3157894737,0.2647244290,nan,0.0017242887,27.6339000817,nan,nan,nan,nan,nan,nan,nan
1236,51.3157894737,0.3856257283,nan,0.0008211720,30.8556589368,nan,nan,nan,nan,nan,nan,nan
1237,51.3157894737,0.2769036042,nan,0.0016204059,27.9037617853,nan,nan,nan,nan,nan,nan,nan
1238,51.3157894737,0.6213749886,nan,0.0000867099,40.6193142211,nan,nan,nan,nan,nan,nan,nan
1239,51.3157894737,0.3002134416,nan,0.0014274501,28.4543907452,nan,nan,nan,nan,nan,nan,nan
1240,51.3157894737,0.2805935226,nan,0.0015893013,27.9879376058,nan,nan,nan,nan,nan,nan,nan
1241,51.3157894737,0.1766107224,nan,0.0024855965,26.0456936609,nan,nan,nan,nan,nan,nan,nan
1242,51.3157894737,0.3253207579,nan,0.0012309276,29.0976750532,nan,nan,nan,nan,nan,nan,nan
1243,51.3157894737,0.3633620266,nan,0.0009612549,30.1716143641,nan,nan,nan,nan,nan,nan,nan
1244,51.3157894737,1.5424058121,nan,0.0000000000,123.1294438458,nan,nan,nan,nan,nan,nan,nan
1245,51.3157894737,0.6855478969,nan,0.0000391202,44.0759883554,nan,nan,nan,nan,nan,nan,nan
1246,51.3157894737,0.5258989640,nan,0.0002449252,36.1096650046,nan,nan,nan,nan,nan,nan,nan
1247,51.3157894737,0.7648800420,nan,0.0000131141,48.8226130300,nan,nan,nan,nan,nan,nan,nan
1248,51.3157894737,0.3674837521,nan,0.0009342950,30.2951597680,nan,nan,nan,nan,nan,nan,nan
1249,51.3157894737,0.6114284629,nan,0.0000974052,40.1141806354,nan,nan,nan,nan,nan,nan,nan
1250,51.3157894737,0.6296340704,nan,0.0000786141,41.0449979173,nan,nan,nan,nan,nan,nan,nan
1251,51.3157894737,0.8254754869,nan,0.0000052468,52.8010351065,nan,nan,nan,nan,nan,nan,nan
1252,51.3157894737,0.8252407161,nan,0.0000052662,52.7850310868,nan,nan,nan,nan,nan,nan,nan
1253,51.3157894737,0.8165969131,nan,0.0000060270,52.1989903792,nan,nan,nan,nan,nan,nan,nan
1254,51.3157894737,0.3048052756,nan,0.0013905451,28.5681490814,nan,nan,nan,nan,nan,nan,nan
1255,51.3157894737,0.4583745893,nan,0.0004595203,33.3769532835,nan,nan,nan,nan,nan,nan,nan
1256,51.3157894737,0.2122078222,nan,0.0021825620,26.6103341050,nan,nan,nan,nan,nan,nan,nan
1257,51.3157894737,0.6008934195,nan,0.0001099481,39.5881224564,nan,nan,nan,nan,nan,nan,nan
1258,51.3157894737,0.8882287492,nan,0.0000018865,57.2434893489,nan,nan,nan,nan,nan,nan,nan
1259,51.3157894737,1.0318478634,nan,0.0000001366,68.6460292310,nan,nan,nan,nan,nan,nan,nan
1260,51.3157894737,0.8647707758,nan,0.0000027897,55.5444416384,nan,nan,nan,nan,nan,nan,nan
1261,51.3157894737,1.0301982858,nan,0.0000001411,68.5052948165,nan,nan,nan,nan,nan,nan,nan
1262,51.3157894737,0.3677290450,nan,0.0009327051,30.3025565287,nan,nan,nan,nan,nan,nan,nan
1263,51.3157894737,1.2923703958,nan,0.0000000004,93.7243513432,nan,nan,nan,nan,nan,nan,nan
1264,51.3157894737,0.7447207984,nan,0.0000175113,47.5668116877,nan,nan,nan,nan,nan,nan,nan
1265,51.3157894737,0.3214799774,nan,0.0012601160,28.9958948419,nan,nan,nan,nan,nan,nan,nan
1266,51.3157894737,0.4993367402,nan,0.0003169877,34.9895754092,nan,nan,nan,nan,nan,nan,nan
1267,51.3157894737,0.1018413092,nan,0.0030208812,25.1986635176,nan,nan,nan,nan,nan,nan,nan
1268,51.3157894737,1.2550304794,nan,0.0000000011,89.7818137030,nan,nan,nan,nan,nan,nan,nan
1269,51.3157894737,0.6274885404,nan,0.0000806516,40.9338695598,nan,nan,nan,nan,nan,nan,nan
1270,51.3157894737,1.5684863311,nan,0.0000000000,126.4979693844,nan,nan,nan,nan,nan,nan,nan
1271,51.3157894737,0.9527966140,nan,0.0000006086,62.1569782128,nan,nan,nan,nan,nan,nan,nan
1272,51.3157894737,0.0916237289,nan,0.0030771619,25.1184965803,nan,nan,nan,nan,nan,nan,nan
1273,51.3157894737,0.7647620660,nan,0.0000131366,48.8151654253,nan,nan,nan,nan,nan,nan,nan
1274,51.3157894737,0.9001940937,nan,0.0000015389,58.1277943029,nan,nan,nan,nan,nan,nan,nan
1275,51.3157894737,0.2817958669,nan,0.0015792073,28.0156086769,nan,nan,nan,nan,nan,nan,nan
1276,51.3157894737,1.2257496360,nan,0.0000000021,86.7717218799,nan,nan,nan,nan,nan,nan,nan
1277,51.3157894737,1.1260671686,nan,0.0000000197,77.0613642955,nan,nan,nan,nan,nan,nan,nan
1278,51.3157894737,1.1137578477,nan,0.0000000256,75.9198510499,nan,nan,nan,nan,nan,nan,nan
1279,51.3157894737,0.5842246016,nan,0.0001325985,38.7746128617,nan,nan,nan,nan,nan,nan,nan
1280,51.3157894737,0.6062789931,nan,0.0001033738,39.8558944251,nan,nan,nan,nan,nan,nan,nan
1281,51.3157894737,1.6208931763,nan,0.0000000000,133.4390080190,nan,nan,nan,nan,nan,nan,nan
1282,51.3157894737,0.2865821765,nan,0.0015392370,28.1269450348,nan,nan,nan,nan,nan,nan,nan
1283,51.3157894737,1.1571060872,nan,0.0000000100,79.9959627015,nan,nan,nan,nan,nan,nan,nan
1284,51.3157894737,0.7838220536,nan,0.0000099234,50.0334130346,nan,nan,nan,nan,nan,nan,nan
1285,51.3157894737,0.8688625282,nan,0.0000026077,55.8375032915,nan,nan,nan,nan,nan,nan,nan
1286,51.3157894737,0.4636754886,nan,0.0004387522,33.5778065518,nan,nan,nan,nan,nan,nan,nan
1287,51.3157894737,0.4360931250,nan,0.0005548602,32.5581640656,nan,nan,nan,nan,nan,nan,nan
1288,51.3157894737,0.4423899825,nan,0.0005265761,32.7853882008,nan,nan,nan,nan,nan,nan,nan
1289,51.3157894737,0.3922279043,nan,0.0007822772,31.0663934153,nan,nan,nan,nan,nan,nan,nan
1290,51.3157894737,0.2623705517,nan,0.0017445544,27.5831549013,nan,nan,nan,nan,nan,nan,nan
1291,51.3157894737,0.6871962159,nan,0.0000382888,44.1692851007,nan,nan,nan,nan,nan,nan,nan
1292,51.3157894737,0.3337310042,nan,0.0011682067,29.3248029837,nan,nan,nan,nan,nan,nan,nan
1293,51.3157894737,0.9159514823,nan,0.0000011720,59.3105581019,nan,nan,nan,nan,nan,nan,nan
1294,51.3157894737,0.4295596452,nan,0.0005853460,32.3258735676,nan,nan,nan,nan,nan,nan,nan
1295,51.3157894737,0.6959820594,nan,0.0000341163,44.6703858767,nan,nan,nan,nan,nan,nan,nan
1296,51.3157894737,0.5427537026,nan,0.0002065018,36.8507622383,nan,nan,nan,nan,nan,nan,nan
1297,51.3157894737,0.2849422738,nan,0.0015528927,28.0885856142,nan,nan,nan,nan,nan,nan,nan
1298,51.3157894737,0.5656902875,nan,0.0001622874,37.8971518246,nan,nan,nan,nan,nan,nan,nan
1299,51.3157894737,0.5651302585,nan,0.0001632645,37.8710825926,nan,nan,nan,nan,nan,nan,nan
1300,51.3157894737,0.2177972097,nan,0.0021337982,26.7084665614,nan,nan,nan,nan,nan,nan,nan
1301,51.3157894737,0.5708779988,nan,0.0001534661,38.1398765144,nan,nan,nan,nan,nan,nan,nan
1302,51.3157894737,0.2510743533,nan,0.0018424729,27.3459890030,nan,nan,nan,nan,nan,nan,nan
1303,51.3157894737,1.0137541695,nan,0.0000001943,67.1147717198,nan,nan,nan,nan,nan,nan,nan
1304,51.3157894737,0.7077400988,nan,0.0000291672,45.3510512462,nan,nan,nan,nan,nan,nan,nan
1305,51.3157894737,0.6753280546,nan,0.0000446419,43.5025766854,nan,nan,nan,nan,nan,nan,nan
1306,51.3157894737,0.2857500693,nan,0.0015461609,28.1074532410,nan,nan,nan,nan,nan,nan,nan
1307,51.3157894737,1.0098328521,nan,0.0000002096,66.7865147391,nan,nan,nan,nan,nan,nan,nan
1308,51.3157894737,0.5327093659,nan,0.0002287559,36.4062777799,nan,nan,nan,nan,nan,nan,nan
1309,51.3157894737,0.3360682056,nan,0.0011510761,29.3889597341,nan,nan,nan,nan,nan,nan,nan
1310,51.3157894737,1.2114246549,nan,0.0000000029,85.3252054229,nan,nan,nan,nan,nan,nan,nan
1311,51.3157894737,0.9639067510,nan,0.0000004969,63.0374901069,nan,nan,nan,nan,nan,nan,nan
1312,51.3157894737,0.8194157058,nan,0.0000057684,52.3894177816,nan,nan,nan,nan,nan,nan,nan
1313,51.3157894737,0.8583619974,nan,0.0000030987,55.0882323707,nan,nan,nan,nan,nan,nan,nan
1314,51.3157894737,0.8560883538,nan,0.0000032157,54.9272053088,nan,nan,nan,nan,nan,nan,nan
1315,51.3157894737,0.3446150592,nan,0.0010895777,29.6274178926,nan,nan,nan,nan,nan,nan,nan
1316,51.3157894737,0.5798124163,nan,0.0001392149,38.5631418627,nan,nan,nan,nan,nan,nan,nan
1317,51.3157894737,1.0403455199,nan,0.0000001155,69.3746082684,nan,nan,nan,nan,nan,nan,nan
1318,51.3157894737,0.9906808769,nan,0.0000003019,65.2017195359,nan,nan,nan,nan,nan,nan,nan
1319,51.3157894737,0.5363127217,nan,0.0002205580,36.5647713136,nan,nan,nan,nan,nan,nan,nan
1320,51.3157894737,0.6855493857,nan,0.0000391195,44.0760725228,nan,nan,nan,nan,nan,nan,nan
1321,51.3157894737,0.7422822499,nan,0.0000181251,47.4171976405,nan,nan,nan,nan,nan,nan,nan
1322,51.3157894737,1.1498546027,nan,0.0000000117,79.3031620587,nan,nan,nan,nan,nan,nan,nan
1323,51.3157894737,0.4660550536,nan,0.0004296624,33.6687266585,nan,nan,nan,nan,nan,nan,nan
1324,51.3157894737,0.6338569325,nan,0.0000747336,41.2648397171,nan,nan,nan,nan,nan,nan,nan
1325,51.3157894737,1.1808880982,nan,0.0000000059,82.2989008534,nan,nan,nan,nan,nan,nan,nan
1326,51.3157894737,0.1300309055,nan,0.0028417395,25.4641573540,nan,nan,nan,nan,nan,nan,nan
1327,51.3157894737,0.2270774201,nan,0.0020525412,26.8770812156,nan,nan,nan,nan,nan,nan,nan
1328,51.3157894737,0.5483940436,nan,0.0001948036,37.1040311277,nan,nan,nan,nan,nan,nan,nan
1329,51.3157894737,0.5464706108,nan,0.0001987300,37.0173663050,nan,nan,nan,nan,nan,nan,nan
1330,51.3157894737,0.8062884529,nan,0.0000070661,51.5082231123,nan,nan,nan,nan,nan,nan,nan
1331,51.3157894737,0.7636434960,nan,0.0000133518,48.7446097951,nan,nan,nan,nan,nan,nan,nan
1332,51.3157894737,0.5547754958,nan,0.0001822316,37.3937621024,nan,nan,nan,nan,nan,nan,nan
1333,51.3157894737,0.4276638956,nan,0.0005944107,32.2591341698,nan,nan,nan,nan,nan,nan,nan
1334,51.3157894737,0.9552419078,nan,0.0000005821,62.3498916322,nan,nan,nan,nan,nan,nan,nan
1335,51.3157894737,1.2033037603,nan,0.0000000035,84.5127848349,nan,nan,nan,nan,nan,nan,nan
1336,51.3157894737,0.7873572349,nan,0.0000094131,50.2626943495,nan,nan,nan,nan,nan,nan,nan
1337,51.3157894737,0.9925009806,nan,0.0000002917,65.3510143503,nan,nan,nan,nan,nan,nan,nan
1338,51.3157894737,0.4843277438,nan,0.0003645403,34.3825441649,nan,nan,nan,nan,nan,nan,nan
1339,51.3157894737,0.5385820519,nan,0.0002155192,36.6651407454,nan,nan,nan,nan,nan,nan,nan
1340,51.3157894737,0.9671384816,nan,0.0000004682,63.2955472363,nan,nan,nan,nan,nan,nan,nan
1341,51.3157894737,0.7841950422,nan,0.0000098683,50.0575548626,nan,nan,nan,nan,nan,nan,nan
1342,51.3157894737,0.5998538038,nan,0.0001112574,39.5367099607,nan,nan,nan,nan,nan,nan,nan
1343,51.3157894737,0.7216779207,nan,0.0000241390,46.1727986734,nan,nan,nan,nan,nan,nan,nan
1344,51.3157894737,0.5545352541,nan,0.0001826925,37.3827934057,nan,nan,nan,nan,nan,nan,nan
1345,51.3157894737,0.7821041752,nan,0.0000101804,49.9223722124,nan,nan,nan,nan,nan,nan,nan
1346,51.3157894737,0.2921167805,nan,0.0014934664,28.2580455073,nan,nan,nan,nan,nan,nan,nan
1347,51.3157894737,0.4906582009,nan,0.0003438509,34.6362983272,nan,nan,nan,nan,nan,nan,nan
1348,51.3157894737,0.6822417235,nan,0.0000408363,43.8895362515,nan,nan,nan,nan,nan,nan,nan
1349,51.3157894737,0.2453518117,nan,0.0018924052,27.2298586469,nan,nan,nan,nan,nan,nan,nan
1350,51.3157894737,0.4973922476,nan,0.0003228585,34.9098780216,nan,nan,nan,nan,nan,nan,nan
1351,51.3157894737,0.7014347523,nan,0.0000317350,44.9846089187,nan,nan,nan,nan,nan,nan,nan
1352,51.3157894737,1.1274272315,nan,0.0000000191,77.1882669101,nan,nan,nan,nan,nan,nan,nan
1353,51.3157894737,0.6005459542,nan,0.0001103842,39.5709291378,nan,nan,nan,nan,nan,nan,nan
1354,51.3157894737,1.0927614999,nan,0.0000000398,74.0019362464,nan,nan,nan,nan,nan,nan,nan
1355,51.3157894737,0.6304551970,nan,0.0000778461,41.0876296268,nan,nan,nan,nan,nan,nan,nan
1356,51.3157894737,0.8470161995,nan,0.0000037248,54.2889727742,nan,nan,nan,nan,nan,nan,nan
1357,51.3157894737,0.3557876703,nan,0.0010119888,29.9482429278,nan,nan,nan,nan,nan,nan,nan
1358,51.3157894737,0.3756136388,nan,0.0008824769,30.5429664887,nan,nan,nan,nan,nan,nan,nan
1359,51.3157894737,0.3468430787,nan,0.0010738479,29.6905722474,nan,nan,nan,nan,nan,nan,nan
1360,51.3157894737,0.8900427281,nan,0.0000018295,57.3767850143,nan,nan,nan,nan,nan,nan,nan
1361,51.3157894737,0.2728983731,nan,0.0016543734,27.8136646839,nan,nan,nan,nan,nan,nan,nan
1362,51.3157894737,0.3848562263,nan,0.0008257846,30.8313319772,nan,nan,nan,nan,nan,nan,nan
1363,51.3157894737,0.6624179643,nan,0.0000525940,42.7906359577,nan,nan,nan,nan,nan,nan,nan
1364,51.3157894737,0.3499016552,nan,0.0010524615,29.7779376341,nan,nan,nan,nan,nan,nan,nan
1365,51.3157894737,0.8794248333,nan,0.0000021875,56.6004511269,nan,nan,nan,nan,nan,nan,nan
1366,51.3157894737,0.3395492715,nan,0.0011258090,29.4853529509,nan,nan,nan,nan,nan,nan,nan
1367,51.3157894737,0.2215643404,nan,0.0021008463,26.7760572063,nan,nan,nan,nan,nan,nan,nan
1368,51.3157894737,0.1438194476,nan,0.0027429991,25.6177433958,nan,nan,nan,nan,nan,nan,nan
1369,51.3157894737,0.6473286172,nan,0.0000634442,41.9760798703,nan,nan,nan,nan,nan,nan,nan
1370,51.3157894737,0.7204574893,nan,0.0000245460,46.1001987672,nan,nan,nan,nan,nan,nan,nan
1371,51.3157894737,1.2832761183,nan,0.0000000005,92.7533942758,nan,nan,nan,nan,nan,nan,nan
1372,51.3157894737,1.1650766864,nan,0.0000000084,80.7625342176,nan,nan,nan,nan,nan,nan,nan
1373,51.3157894737,0.1073294878,nan,0.0029886497,25.2452499277,nan,nan,nan,nan,nan,nan,nan
1374,51.3157894737,0.6446542349,nan,0.0000655589,41.8336853409,nan,nan,nan,nan,nan,nan,nan
1375,51.3157894737,1.0837673994,nan,0.0000000480,73.1916290217,nan,nan,nan,nan,nan,nan,nan
1376,51.3157894737,0.5240798736,nan,0.0002493969,36.0310896128,nan,nan,nan,nan,nan,nan,nan
1377,51.3157894737,0.4002923250,nan,0.0007364282,31.3286961027,nan,nan,nan,nan,nan,nan,nan
1378,51.3157894737,0.9291882494,nan,0.0000009289,60.3201188002,nan,nan,nan,nan,nan,nan,nan
1379,51.3157894737,0.2292065459,nan,0.0020338708,26.9167664636,nan,nan,nan,nan,nan,nan,nan
1380,51.3157894737,0.8265930049,nan,0.0000051555,52.8772777678,nan,nan,nan,nan,nan,nan,nan
1381,51.3157894737,1.5702293398,nan,0.0000000000,126.7251246662,nan,nan,nan,nan,nan,nan,nan
1382,51.3157894737,1.3465197013,nan,0.0000000001,99.6488152016,nan,nan,nan,nan,nan,nan,nan
1383,51.3157894737,0.5883706927,nan,0.0001266251,38.9748036773,nan,nan,nan,nan,nan,nan,nan
1384,51.3157894737,0.7208250908,nan,0.0000244228,46.1220532685,nan,nan,nan,nan,nan,nan,nan
1385,51.3157894737,0.7634407764,nan,0.0000133911,48.7318340711,nan,nan,nan,nan,nan,nan,nan
1386,51.3157894737,0.5789036024,nan,0.0001406117,38.5197842426,nan,nan,nan,nan,nan,nan,nan
1387,51.3157894737,0.4607594940,nan,0.0004500875,33.4670301136,nan,nan,nan,nan,nan,nan,nan
1388,51.3157894737,0.6332447907,nan,0.0000752856,41.2328798328,nan,nan,nan,nan,nan,nan,nan
1389,51.3157894737,0.5533630712,nan,0.0001849548,37.3293438445,nan,nan,nan,nan,nan,nan,nan
1390,51.3157894737,0.2444466809,nan,0.0019003178,27.2117376748,nan,nan,nan,nan,nan,nan,nan
1391,51.3157894737,0.8132726680,nan,0.0000063456,51.9752668082,nan,nan,nan,nan,nan,nan,nan
1392,51.3157894737,0.8127432114,nan,0.0000063978,51.9397190447,nan,nan,nan,nan,nan,nan,nan
1393,51.3157894737,0.6389149816,nan,0.0000703054,41.5301118939,nan,nan,nan,nan,nan,nan,nan
1394,51.3157894737,0.5845614724,nan,0.0001321045,38.7908251217,nan,nan,nan,nan,nan,nan,nan
1395,51.3157894737,1.1022629697,nan,0.0000000326,74.8652899517,nan,nan,nan,nan,nan,nan,nan
1396,51.3157894737,1.0039577834,nan,0.0000002346,66.2971084653,nan,nan,nan,nan,nan,nan,nan
1397,51.3157894737,0.5290997238,nan,0.0002372145,36.2485880349,nan,nan,nan,nan,nan,nan,nan
1398,51.3157894737,0.3729260946,nan,0.0008994059,30.4604425313,nan,nan,nan,nan,nan,nan,nan
1399,51.3157894737,0.6038685680,nan,0.0001062735,39.7357496622,nan,nan,nan,nan,nan,nan,nan
1400,51.3157894737,0.7022423573,nan,0.0000313953,45.0313591371,nan,nan,nan,nan,nan,nan,nan
1401,51.3157894737,0.8310142261,nan,0.0000048085,53.1799354317,nan,nan,nan,nan,nan,nan,nan
1402,51.3157894737,0.6409239192,nan,0.0000686110,41.6360616965,nan,nan,nan,nan,nan,nan,nan
1403,51.3157894737,0.3087693670,nan,0.0013590154,28.6677563051,nan,nan,nan,nan,nan,nan,nan
1404,51.3157894737,0.3453706676,nan,0.0010842290,29.6487900079,nan,nan,nan,nan,nan,nan,nan
1405,51.3157894737,1.2170632618,nan,0.0000000026,85.8925375400,nan,nan,nan,nan,nan,nan,nan
1406,51.3157894737,1.0018349083,nan,0.0000002443,66.1209765066,nan,nan,nan,nan,nan,nan,nan
1407,51.3157894737,0.7515738586,nan,0.0000158858,47.9899220463,nan,nan,nan,nan,nan,nan,nan
1408,51.3157894737,0.4472006880,nan,0.0005056852,32.9611976734,nan,nan,nan,nan,nan,nan,nan
1409,51.3157894737,0.3493458527,nan,0.0010563299,29.7620041447,nan,nan,nan,nan,nan,nan,nan
1410,51.3157894737,0.7644698756,nan,0.0000131925,48.7967249941,nan,nan,nan,nan,nan,nan,nan
1411,51.3157894737,0.7302036393,nan,0.0000214614,46.6834254336,nan,nan,nan,nan,nan,nan,nan
1412,51.3157894737,0.7460384715,nan,0.0000171875,47.6478617905,nan,nan,nan,nan,nan,nan,nan
1413,51.3157894737,0.1520310795,nan,0.0026812527,25.7166224876,nan,nan,nan,nan,nan,nan,nan
1414,51.3157894737,0.1074608066,nan,0.0029878619,25.2463948297,nan,nan,nan,nan,nan,nan,nan
1415,51.3157894737,0.6669291365,nan,0.0000496840,43.0378342792,nan,nan,nan,nan,nan,nan,nan
1416,51.3157894737,0.3212592210,nan,0.0012618037,28.9900818684,nan,nan,nan,nan,nan,nan,nan
1417,51.3157894737,0.5222121164,nan,0.0002540565,35.9506977415,nan,nan,nan,nan,nan,nan,nan
1418,51.3157894737,0.8735762158,nan,0.0000024117,56.1768388024,nan,nan,nan,nan,nan,nan,nan
1419,51.3157894737,0.2237108035,nan,0.0020820482,26.8150922609,nan,nan,nan,nan,nan,nan,nan
1420,51.3157894737,0.3892974184,nan,0.0007993905,30.9724101464,nan,nan,nan,nan,nan,nan,nan
1421,51.3157894737,0.9017175468,nan,0.0000014993,58.2412422780,nan,nan,nan,nan,nan,nan,nan
1422,51.3157894737,0.6110204077,nan,0.0000978671,40.0936331030,nan,nan,nan,nan,nan,nan,nan
1423,51.3157894737,0.8217345107,nan,0.0000055634,52.5465639206,nan,nan,nan,nan,nan,nan,nan
1424,51.3157894737,0.7445419279,nan,0.0000175557,47.5558204997,nan,nan,nan,nan,nan,nan,nan
1425,51.3157894737,0.6255842601,nan,0.0000824982,40.8355572285,nan,nan,nan,nan,nan,nan,nan
1426,51.3157894737,0.8180418474,nan,0.0000058932,52.2965222269,nan,nan,nan,nan,nan,nan,nan
1427,51.3157894737,0.3261842594,nan,0.0012244116,29.1207255763,nan,nan,nan,nan,nan,nan,nan
1428,51.3157894737,0.5394323718,nan,0.0002136555,36.7028593293,nan,nan,nan,nan,nan,nan,nan
1429,51.3157894737,0.3722966494,nan,0.0009033996,30.4412011036,nan,nan,nan,nan,nan,nan,nan
1430,51.3157894737,0.7866274308,nan,0.0000095164,50.2152762007,nan,nan,nan,nan,nan,nan,nan
1431,51.3157894737,0.3373983888,nan,0.0011413858,29.4256752098,nan,nan,nan,nan,nan,nan,nan
1432,51.3157894737,0.7511978238,nan,0.0000159713,47.9666041798,nan,nan,nan,nan,nan,nan,nan
1433,51.3157894737,1.0220969711,nan,0.0000001653,67.8174235889,nan,nan,nan,nan,nan,nan,nan
1434,51.3157894737,0.9162835237,nan,0.0000011653,59.3357040957,nan,nan,nan,nan,nan,nan,nan
1435,51.3157894737,0.4850460629,nan,0.0003621454,34.4111705975,nan,nan,nan,nan,nan,nan,nan
1436,51.3157894737,1.0362640034,nan,0.0000001252,69.0239117740,nan,nan,nan,nan,nan,nan,nan
1437,51.3157894737,0.4632121167,nan,0.0004405390,33.5601563021,nan,nan,nan,nan,nan,nan,nan
1438,51.3157894737,0.3764653191,nan,0.0008771537,30.5692429548,nan,nan,nan,nan,nan,nan,nan
1439,51.3157894737,0.2368759847,nan,0.0019666112,27.0628149664,nan,nan,nan,nan,nan,nan,nan
1440,51.3157894737,0.9266195361,nan,0.0000009721,60.1230621883,nan,nan,nan,nan,nan,nan,nan
1441,51.3157894737,0.4137489240,nan,0.0006639920,31.7783717599,nan,nan,nan,nan,nan,nan,nan
1442,51.3157894737,0.3454764183,nan,0.0010834815,29.6517848934,nan,nan,nan,nan,nan,nan,nan
1443,51.3157894737,0.5063171992,nan,0.0002966018,35.2782615766,nan,nan,nan,nan,nan,nan,nan
1444,51.3157894737,0.9777402290,nan,0.0000003847,64.1482240359,nan,nan,nan,nan,nan,nan,nan
1445,51.3157894737,1.0280165025,nan,0.0000001472,68.3195038129,nan,nan,nan,nan,nan,nan,nan
1446,51.3157894737,0.7863367007,nan,0.0000095578,50.1963987173,nan,nan,nan,nan,nan,nan,nan
1447,51.3157894737,0.2937508134,nan,0.0014800504,28.2972350694,nan,nan,nan,nan,nan,nan,nan
1448,51.3157894737,0.9828434402,nan,0.0000003498,64.5620072887,nan,nan,nan,nan,nan,nan,nan
1449,51.3157894737,0.5657853883,nan,0.0001621220,37.9015813323,nan,nan,nan,nan,nan,nan,nan
1450,51.3157894737,0.5172021514,nan,0.0002669016,35.7364886025,nan,nan,nan,nan,nan,nan,nan
1451,51.3157894737,0.5502411045,nan,0.0001910934,37.1875438607,nan,nan,nan,nan,nan,nan,nan
1452,51.3157894737,0.8859196872,nan,0.0000019615,57.0742104862,nan,nan,nan,nan,nan,nan,nan
1453,51.3157894737,0.0859067461,nan,0.0031064433,25.0773657053,nan,nan,nan,nan,nan,nan,nan
1454,51.3157894737,0.3507088357,nan,0.0010468578,29.8011230029,nan,nan,nan,nan,nan,nan,nan
1455,51.3157894737,0.5906932517,nan,0.0001233795,39.0875705344,nan,nan,nan,nan,nan,nan,nan
1456,51.3157894737,0.3452773318,nan,0.0010848889,29.6461474833,nan,nan,nan,nan,nan,nan,nan
1457,51.3157894737,0.0994890460,nan,0.0030342747,25.1794509882,nan,nan,nan,nan,nan,nan,nan
1458,51.3157894737,0.3737287249,nan,0.0008943293,30.4850255800,nan,nan,nan,nan,nan,nan,nan
1459,51.3157894737,0.9220250049,nan,0.0000010539,59.7719686776,nan,nan,nan,nan,nan,nan,nan
1460,51.3157894737,0.4547234669,nan,0.0004742458,33.2399651886,nan,nan,nan,nan,nan,nan,nan
1461,51.3157894737,1.2700650556,nan,0.0000000007,91.3552234107,nan,nan,nan,nan,nan,nan,nan
1462,51.3157894737,0.3609994743,nan,0.0009769150,30.1014323495,nan,nan,nan,nan,nan,nan,nan
1463,51.3157894737,0.2907608047,nan,0.0015046337,28.2256920520,nan,nan,nan,nan,nan,nan,nan
1464,51.3157894737,0.8568315702,nan,0.0000031770,54.9797950068,nan,nan,nan,nan,nan,nan,nan
1465,51.3157894737,0.3027400357,nan,0.0014070939,28.5167692487,nan,nan,nan,nan,nan,nan,nan
1466,51.3157894737,0.7167973224,nan,0.0000258035,45.8832091948,nan,nan,nan,nan,nan,nan,nan
1467,51.3157894737,0.5763295384,nan,0.0001446321,38.3973532461,nan,nan,nan,nan,nan,nan,nan
1468,51.3157894737,0.0638009430,nan,0.0032037311,24.9434394602,nan,nan,nan,nan,nan,nan,nan
1469,51.3157894737,0.9159111688,nan,0.0000011729,59.3075057258,nan,nan,nan,nan,nan,nan,nan
1470,51.3157894737,0.3151260911,nan,0.0013091235,28.8301937826,nan,nan,nan,nan,nan,nan,nan
1471,51.3157894737,0.1371368227,nan,0.0027916695,25.5413600415,nan,nan,nan,nan,nan,nan,nan
1472,51.3157894737,1.2212508158,nan,0.0000000023,86.3155902639,nan,nan,nan,nan,nan,nan,nan
1473,51.3157894737,0.7364963601,nan,0.0000196599,47.0641916513,nan,nan,nan,nan,nan,nan,nan
1474,51.3157894737,0.2384675783,nan,0.0019526613,27.0937309140,nan,nan,nan,nan,nan,nan,nan
1475,51.3157894737,0.6552291578,nan,0.0000575412,42.4002077460,nan,nan,nan,nan,nan,nan,nan
1476,51.3157894737,0.4385206296,nan,0.0005438295,32.6453722657,nan,nan,nan,nan,nan,nan,nan
1477,51.3157894737,1.0713085059,nan,0.0000000619,72.0803241137,nan,nan,nan,nan,nan,nan,nan
1478,51.3157894737,0.4159739510,nan,0.0006525038,31.8541694352,nan,nan,nan,nan,nan,nan,nan
1479,51.3157894737,0.5504804510,nan,0.0001906169,37.1983863658,nan,nan,nan,nan,nan,nan,nan
1480,51.3157894737,1.1122715540,nan,0.0000000264,75.7828746994,nan,nan,nan,nan,nan,nan,nan
1481,51.3157894737,0.1063835398,nan,0.0029943017,25.2370443977,nan,nan,nan,nan,nan,nan,nan
1482,51.3157894737,0.5660284113,nan,0.0001616998,37.9129040226,nan,nan,nan,nan,nan,nan,nan
1483,51.3157894737,0.1907166155,nan,0.0023675708,26.2569701923,nan,nan,nan,nan,nan,nan,nan
1484,51.3157894737,0.8092211357,nan,0.0000067549,51.7038407447,nan,nan,nan,nan,nan,nan,nan
1485,51.3157894737,0.3718599470,nan,0.0009061767,30.4278708666,nan,nan,nan,nan,nan,nan,nan
1486,51.3157894737,0.9372728997,nan,0.0000008047,60.9439162476,nan,nan,nan,nan,nan,nan,nan
1487,51.3157894737,0.3953138996,nan,0.0007645163,31.1661323915,nan,nan,nan,nan,nan,nan,nan
1488,51.3157894737,0.5546142840,nan,0.0001825408,37.3864011375,nan,nan,nan,nan,nan,nan,nan
1489,51.3157894737,0.6891372119,nan,0.0000373299,44.2794373891,nan,nan,nan,nan,nan,nan,nan
1490,51.3157894737,1.3193926511,nan,0.0000000002,96.6502016538,nan,nan,nan,nan,nan,nan,nan
1491,51.3157894737,0.4475484912,nan,0.0005041987,32.9739826345,nan,nan,nan,nan,nan,nan,nan
1492,51.3157894737,0.7724050001,nan,0.0000117489,49.3000429966,nan,nan,nan,nan,nan,nan,nan
1493,51.3157894737,0.5417346060,nan,0.0002086756,36.8052832640,nan,nan,nan,nan,nan,nan,nan
1494,51.3157894737,1.5245145642,nan,0.0000000000,120.8515707930,nan,nan,nan,nan,nan,nan,nan
1495,51.3157894737,0.6353811214,nan,0.0000733744,41.3445528229,nan,nan,nan,nan,nan,nan,nan
1496,51.3157894737,0.3083408037,nan,0.0013624090,28.6569250567,nan,nan,nan,nan,nan,nan,nan
1497,51.3157894737,0.2008463811,nan,0.0022809773,26.4187903019,nan,nan,nan,nan,nan,nan,nan
1498,51.3157894737,0.7278129605,nan,0.0000221838,46.5396315055,nan,nan,nan,nan,nan,nan,nan
1499,51.3157894737,0.5528740686,nan,0.0001859054,37.3070798699,nan,nan,nan,nan,nan,nan,nan
1500,51.3157894737,0.8926357758,nan,0.0000017507,57.5678047899,nan,nan,nan,nan,nan,nan,nan
1501,51.3157894737,0.8295440625,nan,0.0000049214,53.0791137111,nan,nan,nan,nan,nan,nan,nan
1502,51.3157894737,0.4729475742,nan,0.0004041355,33.9347297010,nan,nan,nan,nan,nan,nan,nan
1503,51.3157894737,0.7799142377,nan,0.0000105168,49.7811745081,nan,nan,nan,nan,nan,nan,nan
1504,51.3157894737,0.6737976262,nan,0.0000455255,43.4174555634,nan,nan,nan,nan,nan,nan,nan
1505,51.3157894737,0.8370494098,nan,0.0000043695,53.5957062369,nan,nan,nan,nan,nan,nan,nan
1506,51.3157894737,0.3236556968,nan,0.0012435403,29.0534014597,nan,nan,nan,nan,nan,nan,nan
1507,51.3157894737,0.4831704914,nan,0.0003684245,34.3365153587,nan,nan,nan,nan,nan,nan,nan
1508,51.3157894737,0.7866604975,nan,0.0000095117,50.2174237156,nan,nan,nan,nan,nan,nan,nan
1509,51.3157894737,0.7508287523,nan,0.0000160556,47.9437295416,nan,nan,nan,nan,nan,nan,nan
1510,51.3157894737,0.2495552516,nan,0.0018557104,27.3148978810,nan,nan,nan,nan,nan,nan,nan
1511,51.3157894737,0.3469135184,nan,0.0010733527,29.6925755904,nan,nan,nan,nan,nan,nan,nan
1512,51.3157894737,0.9273636705,nan,0.0000009594,60.1800912099,nan,nan,nan,nan,nan,nan,nan
1513,51.3157894737,0.4582471707,nan,0.0004600284,33.3721540021,nan,nan,nan,nan,nan,nan,nan
1514,51.3157894737,0.4417812330,nan,0.0005292638,32.7632778392,nan,nan,nan,nan,nan,nan,nan
1515,51.3157894737,0.7968191355,nan,0.0000081630,50.8814845149,nan,nan,nan,nan,nan,nan,nan
1516,51.3157894737,0.3356492693,nan,0.0011541369,29.3774266162,nan,nan,nan,nan,nan,nan,nan
1517,51.3157894737,0.7445604288,nan,0.0000175511,47.5569572118,nan,nan,nan,nan,nan,nan,nan
1518,51.3157894737,0.1687784467,nan,0.0025495020,25.9354464887,nan,nan,nan,nan,nan,nan,nan
1519,51.3157894737,0.7194194538,nan,0.0000248969,46.0385465811,nan,nan,nan,nan,nan,nan,nan
1520,51.3157894737,0.3894410079,nan,0.0007985464,30.9769986270,nan,nan,nan,nan,nan,nan,nan
1521,51.3157894737,0.5526328653,nan,0.0001863758,37.2961053486,nan,nan,nan,nan,nan,nan,nan
1522,51.3157894737,0.0662811152,nan,0.0031941259,24.9564796965,nan,nan,nan,nan,nan,nan,nan
1523,51.3157894737,0.8179465220,nan,0.0000059019,52.2900824863,nan,nan,nan,nan,nan,nan,nan
1524,51.3157894737,0.4824616255,nan,0.0003708194,34.3083756155,nan,nan,nan,nan,nan,nan,nan
1525,51.3157894737,0.2388562756,nan,0.0019492552,27.1013128946,nan,nan,nan,nan,nan,nan,nan
1526,51.3157894737,0.7474168561,nan,0.0000168547,47.7328008904,nan,nan,nan,nan,nan,nan,nan
1527,51.3157894737,0.9511729680,nan,0.0000006267,62.0291614609,nan,nan,nan,nan,nan,nan,nan
1528,51.3157894737,0.4935837907,nan,0.0003346037,34.7546923416,nan,nan,nan,nan,nan,nan,nan
1529,51.3157894737,0.4810862553,nan,0.0003755003,34.2538965935,nan,nan,nan,nan,nan,nan,nan
1530,51.3157894737,0.1586964966,nan,0.0026296903,25.8009539594,nan,nan,nan,nan,nan,nan,nan
1531,51.3157894737,0.4706283650,nan,0.0004125927,33.8447848476,nan,nan,nan,nan,nan,nan,nan
1532,51.3157894737,0.0963423410,nan,0.0030517872,25.1544575426,nan,nan,nan,nan,nan,nan,nan
1533,51.3157894737,0.4433068139,nan,0.0005225470,32.8187463328,nan,nan,nan,nan,nan,nan,nan
1534,51.3157894737,0.5676796937,nan,0.0001588558,37.9899688063,nan,nan,nan,nan,nan,nan,nan
1535,51.3157894737,1.0613965024,nan,0.0000000758,71.2054509147,nan,nan,nan,nan,nan,nan,nan
1536,51.3157894737,0.4726137986,nan,0.0004053445,33.9217575604,nan,nan,nan,nan,nan,nan,nan
1537,51.3157894737,0.7593790584,nan,0.0000142018,48.4765787722,nan,nan,nan,nan,nan,nan,nan
1538,51.3157894737,0.2110971029,nan,0.0021922296,26.5911396938,nan,nan,nan,nan,nan,nan,nan
1539,51.3157894737,0.4362935934,nan,0.0005539432,32.5653474099,nan,nan,nan,nan,nan,nan,nan
1540,51.3157894737,1.0828602537,nan,0.0000000489,73.1102762946,nan,nan,nan,nan,nan,nan,nan
1541,51.3157894737,0.2657535380,nan,0.0017154461,27.6562293405,nan,nan,nan,nan,nan,nan,nan
1542,51.3157894737,0.1121567373,nan,0.0029591949,25.2882642963,nan,nan,nan,nan,nan,nan,nan
1543,51.3157894737,0.7476957450,nan,0.0000167880,47.7500058728,nan,nan,nan,nan,nan,nan,nan
1544,51.3157894737,0.6828982212,nan,0.0000404903,43.9264871988,nan,nan,nan,nan,nan,nan,nan
1545,51.3157894737,0.2103862266,nan,0.0021984124,26.5789083050,nan,nan,nan,nan,nan,nan,nan
1546,51.3157894737,1.3899717962,nan,0.0000000000,104.5802454158,nan,nan,nan,nan,nan,nan,nan
1547,51.3157894737,0.1145459877,nan,0.0029442452,25.3102602835,nan,nan,nan,nan,nan,nan,nan
1548,51.3157894737,0.5876908644,nan,0.0001275886,38.9418808407,nan,nan,nan,nan,nan,nan,nan
1549,51.3157894737,0.6175289973,nan,0.0000907189,40.4230211255,nan,nan,nan,nan,nan,nan,nan
1550,51.3157894737,0.3234624297,nan,0.0012450083,29.0482773704,nan,nan,nan,nan,nan,nan,nan
1551,51.3157894737,0.3603592533,nan,0.0009811844,30.0824934379,nan,nan,nan,nan,nan,nan,nan
1552,51.3157894737,1.1208841168,nan,0.0000000220,76.5791682796,nan,nan,nan,nan,nan,nan,nan
1553,51.3157894737,1.0634422159,nan,0.0000000727,71.3853421877,nan,nan,nan,nan,nan,nan,nan
1554,51.3157894737,0.2212859377,nan,0.0021032834,26.7710220474,nan,nan,nan,nan,nan,nan,nan
1555,51.3157894737,0.7195567685,nan,0.0000248502,46.0466969852,nan,nan,nan,nan,nan,nan,nan
1556,51.3157894737,0.8479445729,nan,0.0000036695,54.3539695711,nan,nan,nan,nan,nan,nan,nan
1557,51.3157894737,0.2990400134,nan,0.0014369447,28.4255995214,nan,nan,nan,nan,nan,nan,nan
1558,51.3157894737,0.5538322323,nan,0.0001840466,37.3507231077,nan,nan,nan,nan,nan,nan,nan
1559,51.3157894737,0.2024483854,nan,0.0022671721,26.4451551749,nan,nan,nan,nan,nan,nan,nan
1560,51.3157894737,1.0137332288,nan,0.0000001944,67.1130153501,nan,nan,nan,nan,nan,nan,nan
1561,51.3157894737,0.3812306441,nan,0.0008477401,30.7173725082,nan,nan,nan,nan,nan,nan,nan
1562,51.3157894737,0.5169757844,nan,0.0002674940,35.7268590864,nan,nan,nan,nan,nan,nan,nan
1563,51.3157894737,0.8242903316,nan,0.0000053453,52.7202915330,nan,nan,nan,nan,nan,nan,nan
1564,51.3157894737,0.3528624684,nan,0.0010319895,29.8632473585,nan,nan,nan,nan,nan,nan,nan
1565,51.3157894737,0.9216609711,nan,0.0000010607,59.7442260876,nan,nan,nan,nan,nan,nan,nan
1566,51.3157894737,1.2791431588,nan,0.0000000006,92.3144210866,nan,nan,nan,nan,nan,nan,nan
1567,51.3157894737,0.8282611512,nan,0.0000050219,52.9912805776,nan,nan,nan,nan,nan,nan,nan
1568,51.3157894737,0.5955934226,nan,0.0001167627,39.3269575871,nan,nan,nan,nan,nan,nan,nan
1569,51.3157894737,0.1682338764,nan,0.0025538956,25.9279685819,nan,nan,nan,nan,nan,nan,nan
1570,51.3157894737,0.5987114431,nan,0.0001127114,39.4803199089,nan,nan,nan,nan,nan,nan,nan
1571,51.3157894737,0.8489798464,nan,0.0000036087,54.4265352765,nan,nan,nan,nan,nan,nan,nan
1572,51.3157894737,0.9821562104,nan,0.0000003543,64.5061581218,nan,nan,nan,nan,nan,nan,nan
1573,51.3157894737,0.5771336570,nan,0.0001433659,38.4355406953,nan,nan,nan,nan,nan,nan,nan
1574,51.3157894737,0.7180075601,nan,0.0000253815,45.9548336712,nan,nan,nan,nan,nan,nan,nan
1575,51.3157894737,0.2487191218,nan,0.0018630023,27.2978661832,nan,nan,nan,nan,nan,nan,nan
1576,51.3157894737,0.7006519090,nan,0.0000320675,44.9393438739,nan,nan,nan,nan,nan,nan,nan
1577,51.3157894737,0.3949879248,nan,0.0007663798,31.1555596916,nan,nan,nan,nan,nan,nan,nan
1578,51.3157894737,0.8269869056,nan,0.0000051237,52.9041764422,nan,nan,nan,nan,nan,nan,nan
1579,51.3157894737,0.2781424505,nan,0.0016099421,27.9318975163,nan,nan,nan,nan,nan,nan,nan
1580,51.3157894737,0.4716605582,nan,0.0004088123,33.8847608719,nan,nan,nan,nan,nan,nan,nan
1581,51.3157894737,0.7793657457,nan,0.0000106026,49.7458726386,nan,nan,nan,nan,nan,nan,nan
1582,51.3157894737,1.1260908097,nan,0.0000000197,77.0635688418,nan,nan,nan,nan,nan,nan,nan
1583,51.3157894737,0.7310395595,nan,0.0000212138,46.7338163564,nan,nan,nan,nan,nan,nan,nan
1584,51.3157894737,0.5905181838,nan,0.0001236216,39.0790548783,nan,nan,nan,nan,nan,nan,nan
1585,51.3157894737,0.0965422933,nan,0.0030506883,25.1560216121,nan,nan,nan,nan,nan,nan,nan
1586,51.3157894737,0.2405203440,nan,0.0019346779,27.1339132093,nan,nan,nan,nan,nan,nan,nan
1587,51.3157894737,0.6788616100,nan,0.0000426594,43.6998539742,nan,nan,nan,nan,nan,nan,nan
1588,51.3157894737,1.2233212945,nan,0.0000000022,86.5253042867,nan,nan,nan,nan,nan,nan,nan
1589,51.3157894737,0.4972446057,nan,0.0003233077,34.9038395497,nan,nan,nan,nan,nan,nan,nan
1590,51.3157894737,0.3453102991,nan,0.0010846558,29.6470807700,nan,nan,nan,nan,nan,nan,nan
1591,51.3157894737,0.3502008992,nan,0.0010503821,29.7865268046,nan,nan,nan,nan,nan,nan,nan
1592,51.3157894737,0.7949695237,nan,0.0000083947,50.7599372880,nan,nan,nan,nan,nan,nan,nan
1593,51.3157894737,0.1424886338,nan,0.0027528086,25.6022397888,nan,nan,nan,nan,nan,nan,nan
1594,51.3157894737,0.7080686550,nan,0.0000290386,45.3702363073,nan,nan,nan,nan,nan,nan,nan
1595,51.3157894737,0.2697859558,nan,0.0016809062,27.7445652939,nan,nan,nan,nan,nan,nan,nan
1596,51.3157894737,0.9217721751,nan,0.0000010586,59.7526996449,nan,nan,nan,nan,nan,nan,nan
1597,51.3157894737,0.5718262976,nan,0.0001518977,38.1844874598,nan,nan,nan,nan,nan,nan,nan
1598,51.3157894737,0.4188319277,nan,0.0006379504,31.9521306451,nan,nan,nan,nan,nan,nan,nan
1599,51.3157894737,0.7267749590,nan,0.0000225043,46.4773461221,nan,nan,nan,nan,nan,nan,nan
1600,51.3157894737,0.4163069125,nan,0.0006507966,31.8655473530,nan,nan,nan,nan,nan,nan,nan
1601,51.3157894737,1.0192040404,nan,0.0000001749,67.5731158885,nan,nan,nan,nan,nan,nan,nan
1602,51.3157894737,0.1110078759,nan,0.0029662967,25.2778540684,nan,nan,nan,nan,nan,nan,nan
1603,51.3157894737,0.4060697551,nan,0.0007047057,31.5199223598,nan,nan,nan,nan,nan,nan,nan
1604,51.3157894737,0.3380355120,nan,0.0011367598,29.4433127731,nan,nan,nan,nan,nan,nan,nan
1605,51.3157894737,0.7635089954,nan,0.0000133779,48.7361329622,nan,nan,nan,nan,nan,nan,nan
1606,51.3157894737,0.2863679238,nan,0.0015410187,28.1219207831,nan,nan,nan,nan,nan,nan,nan
1607,51.3157894737,0.7317643119,nan,0.0000210012,46.7775529173,nan,nan,nan,nan,nan,nan,nan
1608,51.3157894737,0.0437374984,nan,0.0032686111,24.8563675252,nan,nan,nan,nan,nan,nan,nan
1609,51.3157894737,0.7443325610,nan,0.0000176078,47.5429587532,nan,nan,nan,nan,nan,nan,nan
1610,51.3157894737,0.4057086108,nan,0.0007066611,31.5078879282,nan,nan,nan,nan,nan,nan,nan
1611,51.3157894737,0.3490749492,nan,0.0010582183,29.7542472649,nan,nan,nan,nan,nan,nan,nan
1612,51.3157894737,0.5833441979,nan,0.0001338971,38.7322870083,nan,nan,nan,nan,nan,nan,nan
1613,51.3157894737,1.0499355717,nan,0.0000000954,70.2040860720,nan,nan,nan,nan,nan,nan,nan
1614,51.3157894737,1.0566438488,nan,0.0000000834,70.7888713799,nan,nan,nan,nan,nan,nan,nan
1615,51.3157894737,0.5344669125,nan,0.0002247269,36.4834488231,nan,nan,nan,nan,nan,nan,nan
1616,51.3157894737,1.2127323510,nan,0.0000000028,85.4565434942,nan,nan,nan,nan,nan,nan,nan
1617,51.3157894737,0.8185410313,nan,0.0000058476,52.3302571387,nan,nan,nan,nan,nan,nan,nan
1618,51.3157894737,0.4123220941,nan,0.0006714318,31.7299811708,nan,nan,nan,nan,nan,nan,nan
1619,51.3157894737,0.7705730710,nan,0.0000120687,49.1833799910,nan,nan,nan,nan,nan,nan,nan
1620,51.3157894737,0.0655373212,nan,0.0031970422,24.9525163365,nan,nan,nan,nan,nan,nan,nan
1621,51.3157894737,0.9119755273,nan,0.0000012560,59.0101669609,nan,nan,nan,nan,nan,nan,nan
1622,51.3157894737,0.5341257005,nan,0.0002255046,36.4684467039,nan,nan,nan,nan,nan,nan,nan
1623,51.3157894737,0.1726008880,nan,0.0025184763,25.9886212714,nan,nan,nan,nan,nan,nan,nan
1624,51.3157894737,0.4110599698,nan,0.0006780603,31.6873170393,nan,nan,nan,nan,nan,nan,nan
1625,51.3157894737,0.7838648645,nan,0.0000099170,50.0361833950,nan,nan,nan,nan,nan,nan,nan
1626,51.3157894737,0.9553135004,nan,0.0000005814,62.3555472101,nan,nan,nan,nan,nan,nan,nan
1627,51.3157894737,0.7143416565,nan,0.0000266793,45.7382520454,nan,nan,nan,nan,nan,nan,nan
1628,51.3157894737,0.1983647109,nan,0.0023023082,26.3783654222,nan,nan,nan,nan,nan,nan,nan
1629,51.3157894737,0.4889295682,nan,0.0003494076,34.5666768749,nan,nan,nan,nan,nan,nan,nan
1630,51.3157894737,0.7295540968,nan,0.0000216555,46.6443098715,nan,nan,nan,nan,nan,nan,nan
1631,51.3157894737,0.0903253138,nan,0.0030839543,25.1089206471,nan,nan,nan,nan,nan,nan,nan
1632,51.3157894737,0.2268637338,nan,0.0020544147,26.8731188936,nan,nan,nan,nan,nan,nan,nan
1633,51.3157894737,0.4973693099,nan,0.0003229282,34.9089397636,nan,nan,nan,nan,nan,nan,nan
1634,51.3157894737,0.7938542030,nan,0.0000085373,50.6867816670,nan,nan,nan,nan,nan,nan,nan
1635,51.3157894737,0.6048292905,nan,0.0001051096,39.7835778757,nan,nan,nan,nan,nan,nan,nan
1636,51.3157894737,0.5681832388,nan,0.0001579969,38.0135141268,nan,nan,nan,nan,nan,nan,nan
1637,51.3157894737,0.3199666484,nan,0.0012717078,28.9561265724,nan,nan,nan,nan,nan,nan,nan
1638,51.3157894737,0.6268485570,nan,0.0000812682,40.9007955012,nan,nan,nan,nan,nan,nan,nan
1639,51.3157894737,0.1644367107,nan,0.0025843396,25.8765041982,nan,nan,nan,nan,nan,nan,nan
1640,51.3157894737,0.6497334062,nan,0.0000615938,42.1046278287,nan,nan,nan,nan,nan,nan,nan
1641,51.3157894737,0.9192957593,nan,0.0000011055,59.5642451565,nan,nan,nan,nan,nan,nan,nan
1642,51.3157894737,0.7762488919,nan,0.0000111026,49.5457422057,nan,nan,nan,nan,nan,nan,nan
1643,51.3157894737,0.9928320612,nan,0.0000002899,65.3782010891,nan,nan,nan,nan,nan,nan,nan
1644,51.3157894737,0.2226687472,nan,0.0020911759,26.7960942799,nan,nan,nan,nan,nan,nan,nan
1645,51.3157894737,0.3222619397,nan,0.0012541463,29.0165179235,nan,nan,nan,nan,nan,nan,nan
1646,51.3157894737,0.2407629308,nan,0.0019325535,27.1386847242,nan,nan,nan,nan,nan,nan,nan
1647,51.3157894737,0.7241906009,nan,0.0000233203,46.3226608925,nan,nan,nan,nan,nan,nan,nan
1648,51.3157894737,0.5931033911,nan,0.0001200864,39.2050633558,nan,nan,nan,nan,nan,nan,nan
1649,51.3157894737,0.9638604383,nan,0.0000004973,63.0337983210,nan,nan,nan,nan,nan,nan,nan
1650,51.3157894737,0.3422329196,nan,0.0011065349,29.5603489160,nan,nan,nan,nan,nan,nan,nan
1651,51.3157894737,1.3393118749,nan,0.0000000001,98.8460613159,nan,nan,nan,nan,nan,nan,nan
1652,51.3157894737,0.3550050365,nan,0.0010173179,29.9254331443,nan,nan,nan,nan,nan,nan,nan
1653,51.3157894737,0.3857704587,nan,0.0008203062,30.8602399034,nan,nan,nan,nan,nan,nan,nan
1654,51.3157894737,0.5434927970,nan,0.0002049368,36.8837995472,nan,nan,nan,nan,nan,nan,nan
1655,51.3157894737,1.0097826750,nan,0.0000002098,66.7823226874,nan,nan,nan,nan,nan,nan,nan
1656,51.3157894737,0.4018735406,nan,0.0007276528,31.3807578582,nan,nan,nan,nan,nan,nan,nan
1657,51.3157894737,0.8209027319,nan,0.0000056362,52.4901424993,nan,nan,nan,nan,nan,nan,nan
1658,51.3157894737,0.5255952692,nan,0.0002456672,36.0965278531,nan,nan,nan,nan,nan,nan,nan
1659,51.3157894737,0.9696789866,nan,0.0000004468,63.4990207814,nan,nan,nan,nan,nan,nan,nan
1660,51.3157894737,0.7532075956,nan,0.0000155190,48.0913664987,nan,nan,nan,nan,nan,nan,nan
1661,51.3157894737,0.1605198628,nan,0.0026153758,25.8246589754,nan,nan,nan,nan,nan,nan,nan
1662,51.3157894737,0.8725179411,nan,0.0000024544,56.1004930701,nan,nan,nan,nan,nan,nan,nan
1663,51.3157894737,0.6578649649,nan,0.0000556819,42.5428611159,nan,nan,nan,nan,nan,nan,nan
1664,51.3157894737,0.4312923632,nan,0.0005771472,32.3871338649,nan,nan,nan,nan,nan,nan,nan
1665,51.3157894737,0.2128381540,nan,0.0021770720,26.6212720918,nan,nan,nan,nan,nan,nan,nan
1666,51.3157894737,0.7912558381,nan,0.0000088782,50.5167525939,nan,nan,nan,nan,nan,nan,nan
1667,51.3157894737,0.6586454223,nan,0.0000551415,42.5852113264,nan,nan,nan,nan,nan,nan,nan
1668,51.3157894737,0.6800526404,nan,0.0000420089,43.7665827766,nan,nan,nan,nan,nan,nan,nan
1669,51.3157894737,1.2097170627,nan,0.0000000031,85.1539190334,nan,nan,nan,nan,nan,nan,nan
1670,51.3157894737,0.1451082649,nan,0.0027334452,25.6328962978,nan,nan,nan,nan,nan,nan,nan
1671,51.3157894737,0.1981399062,nan,0.0023042370,26.3747285286,nan,nan,nan,nan,nan,nan,nan
1672,51.3157894737,0.4250514822,nan,0.0006070644,32.1676525458,nan,nan,nan,nan,nan,nan,nan
1673,51.3157894737,0.6903013370,nan,0.0000367650,44.3456522516,nan,nan,nan,nan,nan,nan,nan
1674,51.3157894737,0.5125575096,nan,0.0002792698,35.5397595646,nan,nan,nan,nan,nan,nan,nan
1675,51.3157894737,0.1492362480,nan,0.0027024971,25.6823475645,nan,nan,nan,nan,nan,nan,nan
1676,51.3157894737,0.4587919088,nan,0.0004578591,33.3926812360,nan,nan,nan,nan,nan,nan,nan
1677,51.3157894737,0.4905054940,nan,0.0003443390,34.6301380142,nan,nan,nan,nan,nan,nan,nan
1678,51.3157894737,0.6042602746,nan,0.0001057976,39.7552409656,nan,nan,nan,nan,nan,nan,nan
1679,51.3157894737,0.5080221028,nan,0.0002917841,35.3493842467,nan,nan,nan,nan,nan,nan,nan
1680,51.3157894737,0.6549585034,nan,0.0000577352,42.3855922660,nan,nan,nan,nan,nan,nan,nan
1681,51.3157894737,0.7371297760,nan,0.0000194863,47.1027015369,nan,nan,nan,nan,nan,nan,nan
1682,51.3157894737,0.3333515836,nan,0.0011710002,29.3144303955,nan,nan,nan,nan,nan,nan,nan
1683,51.3157894737,0.7443840139,nan,0.0000175950,47.5461192520,nan,nan,nan,nan,nan,nan,nan
1684,51.3157894737,0.2449806431,nan,0.0018956495,27.2224195775,nan,nan,nan,nan,nan,nan,nan
1685,51.3157894737,1.0020000092,nan,0.0000002435,66.1346612181,nan,nan,nan,nan,nan,nan,nan
1686,51.3157894737,1.2534672073,nan,0.0000000011,89.6192974325,nan,nan,nan,nan,nan,nan,nan
1687,51.3157894737,0.3974726514,nan,0.0007522511,31.2363715602,nan,nan,nan,nan,nan,nan,nan
1688,51.3157894737,0.5575568435,nan,0.0001769661,37.5210987331,nan,nan,nan,nan,nan,nan,nan
1689,51.3157894737,0.2992752349,nan,0.0014350394,28.4313618025,nan,nan,nan,nan,nan,nan,nan
1690,51.3157894737,0.8656686750,nan,0.0000027488,55.6086319729,nan,nan,nan,nan,nan,nan,nan
1691,51.3157894737,0.7039423773,nan,0.0000306906,45.1299463022,nan,nan,nan,nan,nan,nan,nan
1692,51.3157894737,0.3729208418,nan,0.0008994392,30.4602818246,nan,nan,nan,nan,nan,nan,nan
1693,51.3157894737,0.6426273806,nan,0.0000672022,41.7261637243,nan,nan,nan,nan,nan,nan,nan
1694,51.3157894737,1.1645164522,nan,0.0000000085,80.7084803665,nan,nan,nan,nan,nan,nan,nan
1695,51.3157894737,0.5186341731,nan,0.0002631780,35.7975044577,nan,nan,nan,nan,nan,nan,nan
1696,51.3157894737,0.9038561029,nan,0.0000014452,58.4008219302,nan,nan,nan,nan,nan,nan,nan
1697,51.3157894737,0.9160329299,nan,0.0000011704,59.3167253994,nan,nan,nan,nan,nan,nan,nan
1698,51.3157894737,0.5528582647,nan,0.0001859362,37.3063606597,nan,nan,nan,nan,nan,nan,nan
1699,51.3157894737,0.9843073704,nan,0.0000003403,64.6811079812,nan,nan,nan,nan,nan,nan,nan
1700,51.3157894737,1.3022468274,nan,0.0000000003,94.7866481141,nan,nan,nan,nan,nan,nan,nan
1701,51.3157894737,0.3825442396,nan,0.0008397430,30.7585358433,nan,nan,nan,nan,nan,nan,nan
1702,51.3157894737,0.6294664918,nan,0.0000787716,41.0363043604,nan,nan,nan,nan,nan,nan,nan
1703,51.3157894737,0.6152540460,nan,0.0000931646,40.3074898258,nan,nan,nan,nan,nan,nan,nan
1704,51.3157894737,1.0829063100,nan,0.0000000488,73.1144049635,nan,nan,nan,nan,nan,nan,nan
1705,51.3157894737,1.3065301279,nan,0.0000000003,95.2498901561,nan,nan,nan,nan,nan,nan,nan
1706,51.3157894737,0.3644911200,nan,0.0009538238,30.2053182794,nan,nan,nan,nan,nan,nan,nan
1707,51.3157894737,0.2196132339,nan,0.0021179202,26.7409041269,nan,nan,nan,nan,nan,nan,nan
1708,51.3157894737,0.7577574336,nan,0.0000145377,48.3750526549,nan,nan,nan,nan,nan,nan,nan
1709,51.3157894737,1.1009606877,nan,0.0000000335,74.7465119777,nan,nan,nan,nan,nan,nan,nan
1710,51.3157894737,0.9451208677,nan,0.0000006991,61.5546645876,nan,nan,nan,nan,nan,nan,nan
1711,51.3157894737,0.6862319580,nan,0.0000387732,44.1146795709,nan,nan,nan,nan,nan,nan,nan
1712,51.3157894737,0.3237140251,nan,0.0012430974,29.0549485233,nan,nan,nan,nan,nan,nan,nan
1713,51.3157894737,0.4928828192,nan,0.0003368015,34.7262604716,nan,nan,nan,nan,nan,nan,nan
1714,51.3157894737,0.3349580332,nan,0.0011591966,29.3584289315,nan,nan,nan,nan,nan,nan,nan
1715,51.3157894737,0.8674638259,nan,0.0000026686,55.7371677594,nan,nan,nan,nan,nan,nan,nan
1716,51.3157894737,0.6575455466,nan,0.0000559044,42.5255430225,nan,nan,nan,nan,nan,nan,nan
1717,51.3157894737,0.9263519878,nan,0.0000009767,60.1025690864,nan,nan,nan,nan,nan,nan,nan
1718,51.3157894737,0.6521894093,nan,0.0000597529,42.2364096043,nan,nan,nan,nan,nan,nan,nan
1719,51.3157894737,1.2761515148,nan,0.0000000006,91.9975611414,nan,nan,nan,nan,nan,nan,nan
1720,51.3157894737,0.4873951741,nan,0.0003543981,34.5050860564,nan,nan,nan,nan,nan,nan,nan
1721,51.3157894737,0.3696182317,nan,0.0009205150,30.3596913976,nan,nan,nan,nan,nan,nan,nan
1722,51.3157894737,0.4959265104,nan,0.0003273399,34.8500102825,nan,nan,nan,nan,nan,nan,nan
1723,51.3157894737,0.3176334888,nan,0.0012896786,28.8951850079,nan,nan,nan,nan,nan,nan,nan
1724,51.3157894737,0.8244837746,nan,0.0000053291,52.7334626437,nan,nan,nan,nan,nan,nan,nan
1725,51.3157894737,0.2023912400,nan,0.0022676650,26.4442110748,nan,nan,nan,nan,nan,nan,nan
1726,51.3157894737,0.4426305574,nan,0.0005255167,32.7941345738,nan,nan,nan,nan,nan,nan,nan
1727,51.3157894737,1.3163224040,nan,0.0000000002,96.3146943607,nan,nan,nan,nan,nan,nan,nan
1728,51.3157894737,0.2811782661,nan,0.0015843896,28.0013801457,nan,nan,nan,nan,nan,nan,nan
1729,51.3157894737,0.7289190519,nan,0.0000218469,46.6061012970,nan,nan,nan,nan,nan,nan,nan
1730,51.3157894737,0.6355775619,nan,0.0000732008,41.3548404530,nan,nan,nan,nan,nan,nan,nan
1731,51.3157894737,0.9214585783,nan,0.0000010644,59.7288067514,nan,nan,nan,nan,nan,nan,nan
1732,51.3157894737,1.1127252921,nan,0.0000000262,75.8246714940,nan,nan,nan,nan,nan,nan,nan
1733,51.3157894737,0.1046188432,nan,0.0030047390,25.2219325000,nan,nan,nan,nan,nan,nan,nan
1734,51.3157894737,0.7706277907,nan,0.0000120591,49.1868606673,nan,nan,nan,nan,nan,nan,nan
1735,51.3157894737,0.5020894505,nan,0.0003088208,35.1029347727,nan,nan,nan,nan,nan,nan,nan
1736,51.3157894737,0.2004344131,nan,0.0022845231,26.4120445114,nan,nan,nan,nan,nan,nan,nan
1737,51.3157894737,0.0938833425,nan,0.0030651448,25.1354901090,nan,nan,nan,nan,nan,nan,nan
1738,51.3157894737,0.9854804799,nan,0.0000003329,64.7766774497,nan,nan,nan,nan,nan,nan,nan
1739,51.3157894737,0.7000633188,nan,0.0000323196,44.9053443733,nan,nan,nan,nan,nan,nan,nan
1740,51.3157894737,1.1667046717,nan,0.0000000081,80.9197581884,nan,nan,nan,nan,nan,nan,nan
1741,51.3157894737,0.8294198461,nan,0.0000049311,53.0706033712,nan,nan,nan,nan,nan,nan,nan
1742,51.3157894737,1.3026001937,nan,0.0000000003,94.8248068807,nan,nan,nan,nan,nan,nan,nan
1743,51.3157894737,0.6576940590,nan,0.0000558008,42.5335939545,nan,nan,nan,nan,nan,nan,nan
1744,51.3157894737,0.7420900130,nan,0.0000181743,47.4054242384,nan,nan,nan,nan,nan,nan,nan
1745,51.3157894737,0.1462600225,nan,0.0027248631,25.6465531161,nan,nan,nan,nan,nan,nan,nan
1746,51.3157894737,0.1480447513,nan,0.0027114835,25.6679303988,nan,nan,nan,nan,nan,nan,nan
1747,51.3157894737,0.3851357149,nan,0.0008241074,30.8401620359,nan,nan,nan,nan,nan,nan,nan
1748,51.3157894737,0.9905840596,nan,0.0000003024,65.1937857918,nan,nan,nan,nan,nan,nan,nan
1749,51.3157894737,1.3493602380,nan,0.0000000001,99.9663665663,nan,nan,nan,nan,nan,nan,nan
1750,51.3157894737,0.4114076202,nan,0.0006762300,31.6990556545,nan,nan,nan,nan,nan,nan,nan
1751,51.3157894737,0.5997764442,nan,0.0001113554,39.5328878582,nan,nan,nan,nan,nan,nan,nan
1752,51.3157894737,0.3361902924,nan,0.0011501849,29.3923234575,nan,nan,nan,nan,nan,nan,nan
1753,51.3157894737,0.6048612047,nan,0.0001050711,39.7851679957,nan,nan,nan,nan,nan,nan,nan
1754,51.3157894737,0.3535766331,nan,0.0010270857,29.8839330575,nan,nan,nan,nan,nan,nan,nan
1755,51.3157894737,0.8824345650,nan,0.0000020799,56.8195553264,nan,nan,nan,nan,nan,nan,nan
1756,51.3157894737,0.6864951007,nan,0.0000386405,44.1295735640,nan,nan,nan,nan,nan,nan,nan
1757,51.3157894737,0.5125727113,nan,0.0002792286,35.5404005270,nan,nan,nan,nan,nan,nan,nan
1758,51.3157894737,0.9293082353,nan,0.0000009270,60.3293368566,nan,nan,nan,nan,nan,nan,nan
1759,51.3157894737,0.2323738705,nan,0.0020060908,26.9764940379,nan,nan,nan,nan,nan,nan,nan
1760,51.3157894737,0.4574589297,nan,0.0004631808,33.3424944508,nan,nan,nan,nan,nan,nan,nan
1761,51.3157894737,1.5965877332,nan,0.0000000000,130.1912636651,nan,nan,nan,nan,nan,nan,nan
1762,51.3157894737,0.3708230982,nan,0.0009127914,30.3962845006,nan,nan,nan,nan,nan,nan,nan
1763,51.3157894737,0.6467802290,nan,0.0000638729,41.9468330926,nan,nan,nan,nan,nan,nan,nan
1764,51.3157894737,0.7757198193,nan,0.0000111896,49.5118512114,nan,nan,nan,nan,nan,nan,nan
1765,51.3157894737,0.2819666981,nan,0.0015777748,28.0195499130,nan,nan,nan,nan,nan,nan,nan
1766,51.3157894737,0.4067959699,nan,0.0007007846,31.5441547399,nan,nan,nan,nan,nan,nan,nan
1767,51.3157894737,0.9187694117,nan,0.0000011158,59.5242561451,nan,nan,nan,nan,nan,nan,nan
1768,51.3157894737,0.6344313957,nan,0.0000742188,41.2948607258,nan,nan,nan,nan,nan,nan,nan
1769,51.3157894737,0.0792400519,nan,0.0031385026,25.0327750574,nan,nan,nan,nan,nan,nan,nan
1770,51.3157894737,0.4074907065,nan,0.0006970473,31.5673776222,nan,nan,nan,nan,nan,nan,nan
1771,51.3157894737,0.4359491773,nan,0.0005555194,32.5530080715,nan,nan,nan,nan,nan,nan,nan
1772,51.3157894737,0.5158369389,nan,0.0002704906,35.6784777782,nan,nan,nan,nan,nan,nan,nan
1773,51.3157894737,0.5467322364,nan,0.0001981921,37.0291364208,nan,nan,nan,nan,nan,nan,nan
1774,51.3157894737,0.9314602311,nan,0.0000008923,60.4948703757,nan,nan,nan,nan,nan,nan,nan
1775,51.3157894737,1.4971589082,nan,0.0000000000,117.4205249503,nan,nan,nan,nan,nan,nan,nan
1776,51.3157894737,0.2398847650,nan,0.0019402448,27.1214348144,nan,nan,nan,nan,nan,nan,nan
1777,51.3157894737,1.0696605774,nan,0.0000000641,71.9343029450,nan,nan,nan,nan,nan,nan,nan
1778,51.3157894737,1.0709655079,nan,0.0000000624,72.0499127481,nan,nan,nan,nan,nan,nan,nan
1779,51.3157894737,0.7213320895,nan,0.0000242537,46.1522136025,nan,nan,nan,nan,nan,nan,nan
1780,51.3157894737,0.1525858311,nan,0.0026770088,25.7235020680,nan,nan,nan,nan,nan,nan,nan
1781,51.3157894737,1.4090712621,nan,0.0000000000,106.7978377120,nan,nan,nan,nan,nan,nan,nan
1782,51.3157894737,0.5107653749,nan,0.0002841626,35.4643301598,nan,nan,nan,nan,nan,nan,nan
1783,51.3157894737,0.6767807437,nan,0.0000438172,43.5835541849,nan,nan,nan,nan,nan,nan,nan
1784,51.3157894737,0.5563560905,nan,0.0001792237,37.4660466655,nan,nan,nan,nan,nan,nan,nan
1785,51.3157894737,0.8015572279,nan,0.0000075960,51.1941477436,nan,nan,nan,nan,nan,nan,nan
1786,51.3157894737,0.1411757153,nan,0.0027624301,25.5870870787,nan,nan,nan,nan,nan,nan,nan
1787,51.3157894737,0.6672623013,nan,0.0000494748,43.0561577758,nan,nan,nan,nan,nan,nan,nan
1788,51.3157894737,1.1411172331,nan,0.0000000142,78.4742354217,nan,nan,nan,nan,nan,nan,nan
1789,51.3157894737,0.4267866111,nan,0.0005986389,32.2283503360,nan,nan,nan,nan,nan,nan,nan
1790,51.3157894737,0.5979934743,nan,0.0001136335,39.4449344734,nan,nan,nan,nan,nan,nan,nan
1791,51.3157894737,1.0468888517,nan,0.0000001014,69.9397324896,nan,nan,nan,nan,nan,nan,nan
1792,51.3157894737,0.3881068419,nan,0.0008064120,30.9344303452,nan,nan,nan,nan,nan,nan,nan
1793,51.3157894737,0.3832470187,nan,0.0008354843,30.7806170339,nan,nan,nan,nan,nan,nan,nan
1794,51.3157894737,0.7255270759,nan,0.0000228950,46.4025854349,nan,nan,nan,nan,nan,nan,nan
1795,51.3157894737,0.6152207910,nan,0.0000932008,40.3058041886,nan,nan,nan,nan,nan,nan,nan
1796,51.3157894737,0.2178535193,nan,0.0021333061,26.7094682740,nan,nan,nan,nan,nan,nan,nan
1797,51.3157894737,0.3419771633,nan,0.0011083640,29.5531760037,nan,nan,nan,nan,nan,nan,nan
1798,51.3157894737,0.9121567197,nan,0.0000012520,59.0238277385,nan,nan,nan,nan,nan,nan,nan
1799,51.3157894737,1.5782663666,nan,0.0000000000,127.7758307474,nan,nan,nan,nan,nan,nan,nan
1800,51.3157894737,1.1846736225,nan,0.0000000054,82.6698322163,nan,nan,nan,nan,nan,nan,nan
1801,51.3157894737,0.7393493454,nan,0.0000188890,47.2379085041,nan,nan,nan,nan,nan,nan,nan
1802,51.3157894737,1.4590379368,nan,0.0000000000,112.7437249213,nan,nan,nan,nan,nan,nan,nan
1803,51.3157894737,0.4177124153,nan,0.0006436241,31.9136771818,nan,nan,nan,nan,nan,nan,nan
1804,51.3157894737,0.7323542611,nan,0.0000208296,46.8131867912,nan,nan,nan,nan,nan,nan,nan
1805,51.3157894737,0.2618127383,nan,0.0017493647,27.5711964778,nan,nan,nan,nan,nan,nan,nan
1806,51.3157894737,0.4288194061,nan,0.0005888737,32.2997782086,nan,nan,nan,nan,nan,nan,nan
1807,51.3157894737,0.7623850079,nan,0.0000135977,48.6653530992,nan,nan,nan,nan,nan,nan,nan
1808,51.3157894737,0.6098540850,nan,0.0000991978,40.0349794585,nan,nan,nan,nan,nan,nan,nan
1809,51.3157894737,0.4641468110,nan,0.0004369404,33.5957778946,nan,nan,nan,nan,nan,nan,nan
1810,51.3157894737,0.2047539684,nan,0.0022472584,26.4834699118,nan,nan,nan,nan,nan,nan,nan
1811,51.3157894737,0.6854007173,nan,0.0000391952,44.0676688103,nan,nan,nan,nan,nan,nan,nan
1812,51.3157894737,0.6171891078,nan,0.0000910808,40.4057328275,nan,nan,nan,nan,nan,nan,nan
1813,51.3157894737,0.6703880804,nan,0.0000475497,43.2285197576,nan,nan,nan,nan,nan,nan,nan
1814,51.3157894737,0.7450028053,nan,0.0000174416,47.5841457894,nan,nan,nan,nan,nan,nan,nan
1815,51.3157894737,0.7133853375,nan,0.0000270275,45.6819365686,nan,nan,nan,nan,nan,nan,nan
1816,51.3157894737,0.2614725525,nan,0.0017522997,27.5639161631,nan,nan,nan,nan,nan,nan,nan
1817,51.3157894737,0.6386262998,nan,0.0000705519,41.5149146072,nan,nan,nan,nan,nan,nan,nan
1818,51.3157894737,0.4533264773,nan,0.0004799718,33.1878431309,nan,nan,nan,nan,nan,nan,nan
1819,51.3157894737,1.0236508549,nan,0.0000001604,67.9489371975,nan,nan,nan,nan,nan,nan,nan
1820,51.3157894737,1.0178129419,nan,0.0000001796,67.4558863891,nan,nan,nan,nan,nan,nan,nan
1821,51.3157894737,0.8091329224,nan,0.0000067640,51.6979462355,nan,nan,nan,nan,nan,nan,nan
1822,51.3157894737,0.4136782028,nan,0.0006643594,31.7759692995,nan,nan,nan,nan,nan,nan,nan
1823,51.3157894737,0.5225922037,nan,0.0002531026,35.9670339740,nan,nan,nan,nan,nan,nan,nan
1824,51.3157894737,0.9270854701,nan,0.0000009641,60.1587650652,nan,nan,nan,nan,nan,nan,nan
1825,51.3157894737,0.6759138674,nan,0.0000443077,43.5352106364,nan,nan,nan,nan,nan,nan,nan
1826,51.3157894737,0.9736803351,nan,0.0000004149,63.8205874843,nan,nan,nan,nan,nan,nan,nan
1827,51.3157894737,0.4194045013,nan,0.0006350621,31.9718377523,nan,nan,nan,nan,nan,nan,nan
1828,51.3157894737,0.3607184117,nan,0.0009787880,30.0931138260,nan,nan,nan,nan,nan,nan,nan
1829,51.3157894737,0.6318039051,nan,0.0000765989,41.1577742057,nan,nan,nan,nan,nan,nan,nan
1830,51.3157894737,0.5133176059,nan,0.0002772151,35.5718318239,nan,nan,nan,nan,nan,nan,nan
1831,51.3157894737,0.1215162435,nan,0.0028992774,25.3771022534,nan,nan,nan,nan,nan,nan,nan
1832,51.3157894737,0.4130008844,nan,0.0006678853,31.7529811557,nan,nan,nan,nan,nan,nan,nan
1833,51.3157894737,0.5863922929,nan,0.0001294464,38.8791000813,nan,nan,nan,nan,nan,nan,nan
1834,51.3157894737,0.3882752333,nan,0.0008054165,30.9397949652,nan,nan,nan,nan,nan,nan,nan
1835,51.3157894737,0.9292043843,nan,0.0000009287,60.3213583103,nan,nan,nan,nan,nan,nan,nan
1836,51.3157894737,0.3030358656,nan,0.0014047184,28.5241074024,nan,nan,nan,nan,nan,nan,nan
1837,51.3157894737,0.3336652430,nan,0.0011686906,29.3230043553,nan,nan,nan,nan,nan,nan,nan
1838,51.3157894737,0.4643477800,nan,0.0004361696,33.6034463673,nan,nan,nan,nan,nan,nan,nan
1839,51.3157894737,0.4887555260,nan,0.0003499709,34.5596809788,nan,nan,nan,nan,nan,nan,nan
1840,51.3157894737,1.4089053371,nan,0.0000000000,106.7784411509,nan,nan,nan,nan,nan,nan,nan
1841,51.3157894737,0.9350196811,nan,0.0000008376,60.7695140712,nan,nan,nan,nan,nan,nan,nan
1842,51.3157894737,0.4706188853,nan,0.0004126275,33.8444181155,nan,nan,nan,nan,nan,nan,nan
1843,51.3157894737,0.4270739175,nan,0.0005972519,32.2384248721,nan,nan,nan,nan,nan,nan,nan
1844,51.3157894737,0.4818349758,nan,0.0003729465,34.2835342942,nan,nan,nan,nan,nan,nan,nan
1845,51.3157894737,0.5492888618,nan,0.0001929988,37.1444539408,nan,nan,nan,nan,nan,nan,nan
1846,51.3157894737,0.4591952121,nan,0.0004562580,33.4078946611,nan,nan,nan,nan,nan,nan,nan
1847,51.3157894737,0.8877225047,nan,0.0000019027,57.2063382025,nan,nan,nan,nan,nan,nan,nan
1848,51.3157894737,0.1932685564,nan,0.0023458805,26.2969411362,nan,nan,nan,nan,nan,nan,nan
1849,51.3157894737,0.9944458689,nan,0.0000002811,65.5108500953,nan,nan,nan,nan,nan,nan,nan
1850,51.3157894737,0.6035407924,nan,0.0001066731,39.7194493553,nan,nan,nan,nan,nan,nan,nan
1851,51.3157894737,0.5103498632,nan,0.0002853067,35.4468796763,nan,nan,nan,nan,nan,nan,nan
1852,51.3157894737,1.4485156990,nan,0.0000000000,111.4742435269,nan,nan,nan,nan,nan,nan,nan
1853,51.3157894737,0.4972267861,nan,0.0003233619,34.9031108600,nan,nan,nan,nan,nan,nan,nan
1854,51.3157894737,0.4747900919,nan,0.0003975113,34.0065050783,nan,nan,nan,nan,nan,nan,nan
1855,51.3157894737,0.6116867740,nan,0.0000971137,40.1271949854,nan,nan,nan,nan,nan,nan,nan
1856,51.3157894737,0.4479373511,nan,0.0005025406,32.9882886734,nan,nan,nan,nan,nan,nan,nan
1857,51.3157894737,0.7231449367,nan,0.0000236579,46.2602311821,nan,nan,nan,nan,nan,nan,nan
1858,51.3157894737,0.6227132525,nan,0.0000853512,40.6879052533,nan,nan,nan,nan,nan,nan,nan
1859,51.3157894737,0.2716528501,nan,0.0016649774,27.7859166522,nan,nan,nan,nan,nan,nan,nan
1860,51.3157894737,0.6862606694,nan,0.0000387587,44.1163043662,nan,nan,nan,nan,nan,nan,nan
1861,51.3157894737,0.8946230826,nan,0.0000016926,57.7145813167,nan,nan,nan,nan,nan,nan,nan
1862,51.3157894737,0.7325662314,nan,0.0000207683,46.8259972112,nan,nan,nan,nan,nan,nan,nan
1863,51.3157894737,0.0965628336,nan,0.0030505753,25.1561824672,nan,nan,nan,nan,nan,nan,nan
1864,51.3157894737,0.3900558260,nan,0.0007949385,30.9966647752,nan,nan,nan,nan,nan,nan,nan
1865,51.3157894737,0.5029141029,nan,0.0003064067,35.1370171258,nan,nan,nan,nan,nan,nan,nan
1866,51.3157894737,0.7596710532,nan,0.0000141420,48.4948831348,nan,nan,nan,nan,nan,nan,nan
1867,51.3157894737,0.3960098440,nan,0.0007605479,31.1887341527,nan,nan,nan,nan,nan,nan,nan
1868,51.3157894737,0.1310649961,nan,0.0028345656,25.4751348196,nan,nan,nan,nan,nan,nan,nan
1869,51.3157894737,1.0685442946,nan,0.0000000655,71.8355191190,nan,nan,nan,nan,nan,nan,nan
1870,51.3157894737,0.3449754688,nan,0.0010870247,29.6376060617,nan,nan,nan,nan,nan,nan,nan
1871,51.3157894737,0.0972218740,nan,0.0030469394,25.1613618812,nan,nan,nan,nan,nan,nan,nan
1872,51.3157894737,0.3723585456,nan,0.0009030064,30.4430917486,nan,nan,nan,nan,nan,nan,nan
1873,51.3157894737,0.1592294229,nan,0.0026255155,25.8078541239,nan,nan,nan,nan,nan,nan,nan
1874,51.3157894737,0.8902820960,nan,0.0000018221,57.3943948440,nan,nan,nan,nan,nan,nan,nan
1875,51.3157894737,0.4648228807,nan,0.0004343513,33.6215883267,nan,nan,nan,nan,nan,nan,nan
1876,51.3157894737,1.2749843099,nan,0.0000000006,91.8741395481,nan,nan,nan,nan,nan,nan,nan
1877,51.3157894737,1.0677333382,nan,0.0000000666,71.7638199352,nan,nan,nan,nan,nan,nan,nan
1878,51.3157894737,0.9266531238,nan,0.0000009715,60.1256352938,nan,nan,nan,nan,nan,nan,nan
1879,51.3157894737,0.9286719423,nan,0.0000009375,60.2804665727,nan,nan,nan,nan,nan,nan,nan
1880,51.3157894737,0.8426514018,nan,0.0000039954,53.9843492064,nan,nan,nan,nan,nan,nan,nan
1881,51.3157894737,0.8269392303,nan,0.0000051275,52.9009201029,nan,nan,nan,nan,nan,nan,nan
1882,51.3157894737,0.9286884175,nan,0.0000009372,60.2817315177,nan,nan,nan,nan,nan,nan,nan
1883,51.3157894737,0.5614355072,nan,0.0001698343,37.6997452898,nan,nan,nan,nan,nan,nan,nan
1884,51.3157894737,0.4800501304,nan,0.0003790566,34.2129588065,nan,nan,nan,nan,nan,nan,nan
1885,51.3157894737,1.0837940513,nan,0.0000000479,73.1940201958,nan,nan,nan,nan,nan,nan,nan
1886,51.3157894737,0.7164348989,nan,0.0000259311,45.8617838963,nan,nan,nan,nan,nan,nan,nan
1887,51.3157894737,0.3072751220,nan,0.0013708636,28.6300574313,nan,nan,nan,nan,nan,nan,nan
1888,51.3157894737,0.9056819062,nan,0.0000014004,58.5373655426,nan,nan,nan,nan,nan,nan,nan
1889,51.3157894737,0.7654153372,nan,0.0000130124,48.8564197508,nan,nan,nan,nan,nan,nan,nan
1890,51.3157894737,0.7573579119,nan,0.0000146215,48.3500731415,nan,nan,nan,nan,nan,nan,nan
1891,51.3157894737,0.2776859545,nan,0.0016137954,27.9215151920,nan,nan,nan,nan,nan,nan,nan
1892,51.3157894737,0.9566618348,nan,0.0000005673,62.4621409539,nan,nan,nan,nan,nan,nan,nan
1893,51.3157894737,1.7493902698,nan,0.0000000000,151.4315788556,nan,nan,nan,nan,nan,nan,nan
1894,51.3157894737,0.3709982182,nan,0.0009116722,30.4016130792,nan,nan,nan,nan,nan,nan,nan
1895,51.3157894737,0.8313407963,nan,0.0000047837,53.2023555845,nan,nan,nan,nan,nan,nan,nan
1896,51.3157894737,0.2019215606,nan,0.0022717149,26.4364616821,nan,nan,nan,nan,nan,nan,nan
1897,51.3157894737,0.2784727592,nan,0.0016071556,27.9394206226,nan,nan,nan,nan,nan,nan,nan
1898,51.3157894737,0.5528080165,nan,0.0001860341,37.3040740819,nan,nan,nan,nan,nan,nan,nan
1899,51.3157894737,1.0712369766,nan,0.0000000620,72.0739812726,nan,nan,nan,nan,nan,nan,nan
1900,51.3157894737,0.4869695007,nan,0.0003557923,34.4880340519,nan,nan,nan,nan,nan,nan,nan
1901,51.3157894737,0.8853447344,nan,0.0000019806,57.0321294142,nan,nan,nan,nan,nan,nan,nan
1902,51.3157894737,0.6950843012,nan,0.0000345232,44.6188877380,nan,nan,nan,nan,nan,nan,nan
1903,51.3157894737,0.6333378602,nan,0.0000752015,41.2377369758,nan,nan,nan,nan,nan,nan,nan
1904,51.3157894737,0.8491127037,nan,0.0000036009,54.4358541479,nan,nan,nan,nan,nan,nan,nan
1905,51.3157894737,1.1500766506,nan,0.0000000117,79.3243111383,nan,nan,nan,nan,nan,nan,nan
1906,51.3157894737,0.2394051569,nan,0.0019444462,27.1120406544,nan,nan,nan,nan,nan,nan,nan
1907,51.3157894737,0.8051410011,nan,0.0000071914,51.4318800038,nan,nan,nan,nan,nan,nan,nan
1908,51.3157894737,0.5465225885,nan,0.0001986230,37.0197042462,nan,nan,nan,nan,nan,nan,nan
1909,51.3157894737,0.3835701393,nan,0.0008335309,30.7907831385,nan,nan,nan,nan,nan,nan,nan
1910,51.3157894737,0.4384335215,nan,0.0005442226,32.6422344580,nan,nan,nan,nan,nan,nan,nan
1911,51.3157894737,0.3532215201,nan,0.0010295224,29.8736419792,nan,nan,nan,nan,nan,nan,nan
1912,51.3157894737,0.6590573266,nan,0.0000548582,42.6075830406,nan,nan,nan,nan,nan,nan,nan
1913,51.3157894737,0.5175942628,nan,0.0002658778,35.7531788442,nan,nan,nan,nan,nan,nan,nan
1914,51.3157894737,1.0042876802,nan,0.0000002331,66.3245132921,nan,nan,nan,nan,nan,nan,nan
1915,51.3157894737,0.6341320004,nan,0.0000744867,41.2792111312,nan,nan,nan,nan,nan,nan,nan
1916,51.3157894737,0.8164288659,nan,0.0000060427,52.1876586231,nan,nan,nan,nan,nan,nan,nan
1917,51.3157894737,0.6067516857,nan,0.0001028132,39.8795118285,nan,nan,nan,nan,nan,nan,nan
1918,51.3157894737,0.1672011592,nan,0.0025622090,25.9138544891,nan,nan,nan,nan,nan,nan,nan
1919,51.3157894737,0.4186625730,nan,0.0006388065,31.9463069171,nan,nan,nan,nan,nan,nan,nan
1920,51.3157894737,0.1594590433,nan,0.0026237144,25.8108343676,nan,nan,nan,nan,nan,nan,nan
1921,51.3157894737,0.8674980657,nan,0.0000026671,55.7396219978,nan,nan,nan,nan,nan,nan,nan
1922,51.3157894737,0.4315981492,nan,0.0005757089,32.3979707574,nan,nan,nan,nan,nan,nan,nan
1923,51.3157894737,0.5041607007,nan,0.0003027858,35.1886452868,nan,nan,nan,nan,nan,nan,nan
1924,51.3157894737,0.2088219312,nan,0.0022120048,26.5521394403,nan,nan,nan,nan,nan,nan,nan
1925,51.3157894737,1.1173604080,nan,0.0000000237,76.2526272856,nan,nan,nan,nan,nan,nan,nan
1926,51.3157894737,0.5388050664,nan,0.0002150291,36.6750274395,nan,nan,nan,nan,nan,nan,nan
1927,51.3157894737,0.3358706055,nan,0.0011525193,29.3835180912,nan,nan,nan,nan,nan,nan,nan
1928,51.3157894737,0.2646959617,nan,0.0017245335,27.6332836503,nan,nan,nan,nan,nan,nan,nan
1929,51.3157894737,0.8231024756,nan,0.0000054457,52.6394813550,nan,nan,nan,nan,nan,nan,nan
1930,51.3157894737,0.9284414477,nan,0.0000009413,60.2627718332,nan,nan,nan,nan,nan,nan,nan
1931,51.3157894737,0.9727892987,nan,0.0000004218,63.7488641430,nan,nan,nan,nan,nan,nan,nan
1932,51.3157894737,0.7687076684,nan,0.0000124026,49.0648723528,nan,nan,nan,nan,nan,nan,nan
1933,51.3157894737,0.8460414602,nan,0.0000037837,54.2208071121,nan,nan,nan,nan,nan,nan,nan
1934,51.3157894737,0.5359401923,nan,0.0002213943,36.5483356727,nan,nan,nan,nan,nan,nan,nan
1935,51.3157894737,1.0304294829,nan,0.0000001404,68.5250058074,nan,nan,nan,nan,nan,nan,nan
1936,51.3157894737,0.3451355687,nan,0.0010858916,29.6421352599,nan,nan,nan,nan,nan,nan,nan
1937,51.3157894737,0.5874218227,nan,0.0001279717,38.9288622430,nan,nan,nan,nan,nan,nan,nan
1938,51.3157894737,1.0119469560,nan,0.0000002012,66.9633288809,nan,nan,nan,nan,nan,nan,nan
1939,51.3157894737,0.9072491680,nan,0.0000013631,58.6547956380,nan,nan,nan,nan,nan,nan,nan
1940,51.3157894737,0.8103887674,nan,0.0000066345,51.7819241882,nan,nan,nan,nan,nan,nan,nan
1941,51.3157894737,1.1618347169,nan,0.0000000090,80.4500978813,nan,nan,nan,nan,nan,nan,nan
1942,51.3157894737,0.7257224008,nan,0.0000228335,46.4142788000,nan,nan,nan,nan,nan,nan,nan
1943,51.3157894737,0.6977481401,nan,0.0000333281,44.7718892714,nan,nan,nan,nan,nan,nan,nan
1944,51.3157894737,0.8805662765,nan,0.0000021461,56.6834577129,nan,nan,nan,nan,nan,nan,nan
1945,51.3157894737,0.6329712649,nan,0.0000755334,41.2186091317,nan,nan,nan,nan,nan,nan,nan
1946,51.3157894737,1.2147783815,nan,0.0000000027,85.6623226520,nan,nan,nan,nan,nan,nan,nan
1947,51.3157894737,1.3196975022,nan,0.0000000002,96.6835578732,nan,nan,nan,nan,nan,nan,nan
1948,51.3157894737,0.6867458906,nan,0.0000385144,44.1437737395,nan,nan,nan,nan,nan,nan,nan
1949,51.3157894737,0.5925727903,nan,0.0001208049,39.1791554757,nan,nan,nan,nan,nan,nan,nan
1950,51.3157894737,0.1868243296,nan,0.0024004700,26.1970371897,nan,nan,nan,nan,nan,nan,nan
1951,51.3157894737,0.4780260068,nan,0.0003860787,34.1332415110,nan,nan,nan,nan,nan,nan,nan
1952,51.3157894737,0.4208877422,nan,0.0006276225,32.0230148935,nan,nan,nan,nan,nan,nan,nan
1953,51.3157894737,0.1545117697,nan,0.0026622068,25.7475821526,nan,nan,nan,nan,nan,nan,nan
1954,51.3157894737,1.2107959351,nan,0.0000000030,85.2621110084,nan,nan,nan,nan,nan,nan,nan
1955,51.3157894737,1.1430172298,nan,0.0000000136,78.6539482920,nan,nan,nan,nan,nan,nan,nan
1956,51.3157894737,1.0963133264,nan,0.0000000370,74.3237917743,nan,nan,nan,nan,nan,nan,nan
1957,51.3157894737,0.1783679939,nan,0.0024710859,26.0711216594,nan,nan,nan,nan,nan,nan,nan
1958,51.3157894737,0.1913832081,nan,0.0023619139,26.2673593067,nan,nan,nan,nan,nan,nan,nan
1959,51.3157894737,0.6826563701,nan,0.0000406175,43.9128704500,nan,nan,nan,nan,nan,nan,nan
1960,51.3157894737,1.0864131474,nan,0.0000000454,73.4292917851,nan,nan,nan,nan,nan,nan,nan
1961,51.3157894737,0.7159105688,nan,0.0000261168,45.8308065518,nan,nan,nan,nan,nan,nan,nan
1962,51.3157894737,0.7123606437,nan,0.0000274051,45.6216790916,nan,nan,nan,nan,nan,nan,nan
1963,51.3157894737,0.5471987866,nan,0.0001972359,37.0501398690,nan,nan,nan,nan,nan,nan,nan
1964,51.3157894737,0.2120512610,nan,0.0021839252,26.6076224125,nan,nan,nan,nan,nan,nan,nan
1965,51.3157894737,0.6202978308,nan,0.0000878170,40.5642139438,nan,nan,nan,nan,nan,nan,nan
1966,51.3157894737,0.5512815170,nan,0.0001890293,37.2347095994,nan,nan,nan,nan,nan,nan,nan
1967,51.3157894737,0.4257228698,nan,0.0006037944,32.1911092606,nan,nan,nan,nan,nan,nan,nan
1968,51.3157894737,0.2090064870,nan,0.0022104021,26.5552871520,nan,nan,nan,nan,nan,nan,nan
1969,51.3157894737,1.1175832691,nan,0.0000000236,76.2732490394,nan,nan,nan,nan,nan,nan,nan
1970,51.3157894737,1.0088401492,nan,0.0000002136,66.7036182035,nan,nan,nan,nan,nan,nan,nan
1971,51.3157894737,0.8217575146,nan,0.0000055614,52.5481251457,nan,nan,nan,nan,nan,nan,nan
1972,51.3157894737,0.7443550322,nan,0.0000176022,47.5443390191,nan,nan,nan,nan,nan,nan,nan
1973,51.3157894737,0.6000509598,nan,0.0001110081,39.5464530883,nan,nan,nan,nan,nan,nan,nan
1974,51.3157894737,0.6621942010,nan,0.0000527422,42.7784184635,nan,nan,nan,nan,nan,nan,nan
1975,51.3157894737,0.3585213295,nan,0.0009935020,30.0283126363,nan,nan,nan,nan,nan,nan,nan
1976,51.3157894737,0.4214704054,nan,0.0006247167,32.0431687147,nan,nan,nan,nan,nan,nan,nan
1977,51.3157894737,1.2313403924,nan,0.0000000018,87.3409210025,nan,nan,nan,nan,nan,nan,nan
1978,51.3157894737,1.0967577291,nan,0.0000000366,74.3641363103,nan,nan,nan,nan,nan,nan,nan
1979,51.3157894737,0.7752104979,nan,0.0000112739,49.4792474385,nan,nan,nan,nan,nan,nan,nan
1980,51.3157894737,0.6108031743,nan,0.0000981138,40.0827000064,nan,nan,nan,nan,nan,nan,nan
1981,51.3157894737,0.8483970522,nan,0.0000036428,54.3856743376,nan,nan,nan,nan,nan,nan,nan
1982,51.3157894737,1.0405659878,nan,0.0000001150,69.3935911298,nan,nan,nan,nan,nan,nan,nan
1983,51.3157894737,0.8371947376,nan,0.0000043594,53.6057554430,nan,nan,nan,nan,nan,nan,nan
1984,51.3157894737,0.4461078925,nan,0.0005103766,32.9210926323,nan,nan,nan,nan,nan,nan,nan
1985,51.3157894737,0.5396921070,nan,0.0002130889,36.7143926562,nan,nan,nan,nan,nan,nan,nan
1986,51.3157894737,1.1543199551,nan,0.0000000106,79.7292584350,nan,nan,nan,nan,nan,nan,nan
1987,51.3157894737,1.1544251044,nan,0.0000000106,79.7393121448,nan,nan,nan,nan,nan,nan,nan
1988,51.3157894737,0.5639042442,nan,0.0001654206,37.8141027884,nan,nan,nan,nan,nan,nan,nan
1989,51.3157894737,0.4548398687,nan,0.0004737710,33.2443154705,nan,nan,nan,nan,nan,nan,nan
1990,51.3157894737,0.2467435965,nan,0.0018802455,27.2578543456,nan,nan,nan,nan,nan,nan,nan
1991,51.3157894737,0.7418312495,nan,0.0000182407,47.3895813085,nan,nan,nan,nan,nan,nan,nan
1992,51.3157894737,0.6015840185,nan,0.0001090856,39.6223245268,nan,nan,nan,nan,nan,nan,nan
1993,51.3157894737,0.8990181365,nan,0.0000015702,58.0403558196,nan,nan,nan,nan,nan,nan,nan
1994,51.3157894737,0.7129485183,nan,0.0000271879,45.6562385847,nan,nan,nan,nan,nan,nan,nan
1995,51.3157894737,0.8836145497,nan,0.0000020391,56.9056625457,nan,nan,nan,nan,nan,nan,nan
1996,51.3157894737,0.4616054986,nan,0.0004467765,33.4990966161,nan,nan,nan,nan,nan,nan,nan
1997,51.3157894737,0.5036696317,nan,0.0003042081,35.1682921541,nan,nan,nan,nan,nan,nan,nan
1998,51.3157894737,0.3993452486,nan,0.0007417179,31.2976125850,nan,nan,nan,nan,nan,nan,nan
1999,51.3157894737,1.0650582418,nan,0.0000000703,71.5276955325,nan,nan,nan,nan,nan,nan,nan
2000,51.3157894737,1.4917440550,nan,0.0000000000,116.7488018554,nan,nan,nan,nan,nan,nan,nan
2001,51.3157894737,0.8248302620,nan,0.0000053002,52.7570619990,nan,nan,nan,nan,nan,nan,nan
2002,51.3157894737,0.4788502520,nan,0.0003832073,34.1656622654,nan,nan,nan,nan,nan,nan,nan
2003,51.3157894737,1.2439942519,nan,0.0000000014,88.6388671786,nan,nan,nan,nan,nan,nan,nan
2004,51.3157894737,1.2057613105,nan,0.0000000033,84.7580585814,nan,nan,nan,nan,nan,nan,nan
2005,51.3157894737,0.4211528006,nan,0.0006262995,32.0321795498,nan,nan,nan,nan,nan,nan,nan
2006,51.3157894737,0.5737324544,nan,0.0001487858,38.2743849443,nan,nan,nan,nan,nan,nan,nan
2007,51.3157894737,0.9954714811,nan,0.0000002757,65.5952645285,nan,nan,nan,nan,nan,nan,nan
2008,51.3157894737,0.4384397240,nan,0.0005441946,32.6424578619,nan,nan,nan,nan,nan,nan,nan
2009,51.3157894737,0.6628829962,nan,0.0000522873,42.8160400590,nan,nan,nan,nan,nan,nan,nan
2010,51.3157894737,0.4788916033,nan,0.0003830637,34.1672902568,nan,nan,nan,nan,nan,nan,nan
2011,51.3157894737,0.4737387673,nan,0.0004012808,33.9655161909,nan,nan,nan,nan,nan,nan,nan
2012,51.3157894737,0.6381168519,nan,0.0000709886,41.4881122570,nan,nan,nan,nan,nan,nan,nan
2013,51.3157894737,0.2395490316,nan,0.0019431858,27.1148567602,nan,nan,nan,nan,nan,nan,nan
2014,51.3157894737,0.7299512282,nan,0.0000215366,46.6682210243,nan,nan,nan,nan,nan,nan,nan
2015,51.3157894737,0.8342972066,nan,0.0000045649,53.4057274450,nan,nan,nan,nan,nan,nan,nan
2016,51.3157894737,0.6719584117,nan,0.0000466078,43.3154176712,nan,nan,nan,nan,nan,nan,nan
2017,51.3157894737,0.2848485684,nan,0.0015536742,28.0864004305,nan,nan,nan,nan,nan,nan,nan
2018,51.3157894737,0.8937306513,nan,0.0000017185,57.6486282932,nan,nan,nan,nan,nan,nan,nan
2019,51.3157894737,0.6836628047,nan,0.0000400907,43.9695669324,nan,nan,nan,nan,nan,nan,nan
2020,51.3157894737,1.0968037155,nan,0.0000000366,74.3683120694,nan,nan,nan,nan,nan,nan,nan
2021,51.3157894737,0.6025562899,nan,0.0001078812,39.6705436397,nan,nan,nan,nan,nan,nan,nan
2022,51.3157894737,0.4095176143,nan,0.0006862211,31.6353592106,nan,nan,nan,nan,nan,nan,nan
2023,51.3157894737,0.6002485530,nan,0.0001107587,39.5562210649,nan,nan,nan,nan,nan,nan,nan
2024,51.3157894737,0.7546298163,nan,0.0000152060,48.1798580259,nan,nan,nan,nan,nan,nan,nan
2025,51.3157894737,0.3880212355,nan,0.0008069184,30.9317039924,nan,nan,nan,nan,nan,nan,nan
2026,51.3157894737,0.1432828390,nan,0.0027469613,25.6114745687,nan,nan,nan,nan,nan,nan,nan
2027,51.3157894737,0.3311790867,nan,0.0011870615,29.2552678561,nan,nan,nan,nan,nan,nan,nan
2028,51.3157894737,0.7094329026,nan,0.0000285102,45.4499935535,nan,nan,nan,nan,nan,nan,nan
2029,51.3157894737,0.2503670146,nan,0.0018486350,27.3314883838,nan,nan,nan,nan,nan,nan,nan
2030,51.3157894737,1.0306973988,nan,0.0000001397,68.5478528955,nan,nan,nan,nan,nan,nan,nan
2031,51.3157894737,0.2794435297,nan,0.0015989751,27.9615830001,nan,nan,nan,nan,nan,nan,nan
2032,51.3157894737,1.0852691145,nan,0.0000000465,73.3264536680,nan,nan,nan,nan,nan,nan,nan
2033,51.3157894737,0.2063776996,nan,0.0022332040,26.5107160609,nan,nan,nan,nan,nan,nan,nan
2034,51.3157894737,0.3038338391,nan,0.0013983190,28.5439374325,nan,nan,nan,nan,nan,nan,nan
2035,51.3157894737,0.2123358460,nan,0.0021814472,26.6125530228,nan,nan,nan,nan,nan,nan,nan
2036,51.3157894737,0.5791134880,nan,0.0001402881,38.5297913600,nan,nan,nan,nan,nan,nan,nan
2037,51.3157894737,0.9810381899,nan,0.0000003618,64.4153840265,nan,nan,nan,nan,nan,nan,nan
2038,51.3157894737,0.5707872530,nan,0.0001536168,38.1356114651,nan,nan,nan,nan,nan,nan,nan
2039,51.3157894737,0.5528385943,nan,0.0001859745,37.3054655185,nan,nan,nan,nan,nan,nan,nan
2040,51.3157894737,0.5134032225,nan,0.0002769844,35.5754474207,nan,nan,nan,nan,nan,nan,nan
2041,51.3157894737,0.5544031248,nan,0.0001829463,37.3767628297,nan,nan,nan,nan,nan,nan,nan
2042,51.3157894737,1.3865909371,nan,0.0000000000,104.1908813703,nan,nan,nan,nan,nan,nan,nan
2043,51.3157894737,0.5039874666,nan,0.0003032869,35.1814630436,nan,nan,nan,nan,nan,nan,nan
2044,51.3157894737,0.2217106237,nan,0.0020995656,26.7787054277,nan,nan,nan,nan,nan,nan,nan
2045,51.3157894737,0.6781666589,nan,0.0000430430,43.6609730542,nan,nan,nan,nan,nan,nan,nan
2046,51.3157894737,0.1977879698,nan,0.0023072554,26.3690432470,nan,nan,nan,nan,nan,nan,nan
2047,51.3157894737,0.4001281650,nan,0.0007373432,31.3233029693,nan,nan,nan,nan,nan,nan,nan
2048,51.3157894737,1.1766254974,nan,0.0000000065,81.8826553105,nan,nan,nan,nan,nan,nan,nan
2049,51.3157894737,0.8390448481,nan,0.0000042327,53.7338417138,nan,nan,nan,nan,nan,nan,nan
2050,51.3157894737,0.3677680564,nan,0.0009324524,30.3037333686,nan,nan,nan,nan,nan,nan,nan
2051,51.3157894737,0.8270886059,nan,0.0000051155,52.9111234425,nan,nan,nan,nan,nan,nan,nan
2052,51.3157894737,0.3605131260,nan,0.0009801573,30.0870421800,nan,nan,nan,nan,nan,nan,nan
2053,51.3157894737,0.5124442499,nan,0.0002795771,35.5349846729,nan,nan,nan,nan,nan,nan,nan
2054,51.3157894737,0.8607121620,nan,0.0000029819,55.2551315998,nan,nan,nan,nan,nan,nan,nan
2055,51.3157894737,0.3569877827,nan,0.0010038484,29.9833184816,nan,nan,nan,nan,nan,nan,nan
2056,51.3157894737,0.7220729608,nan,0.0000240086,46.1963250042,nan,nan,nan,nan,nan,nan,nan
2057,51.3157894737,0.6322705344,nan,0.0000761714,41.1820781944,nan,nan,nan,nan,nan,nan,nan
2058,51.3157894737,0.2482799257,nan,0.0018668340,27.2889429890,nan,nan,nan,nan,nan,nan,nan
2059,51.3157894737,0.6572919973,nan,0.0000560815,42.5118022225,nan,nan,nan,nan,nan,nan,nan
2060,51.3157894737,0.3315045417,nan,0.0011846482,29.2641059705,nan,nan,nan,nan,nan,nan,nan
2061,51.3157894737,0.9336776964,nan,0.0000008579,60.6658437845,nan,nan,nan,nan,nan,nan,nan
2062,51.3157894737,0.3438703068,nan,0.0010948638,29.6063990324,nan,nan,nan,nan,nan,nan,nan
2063,51.3157894737,0.5885305768,nan,0.0001263993,38.9825521466,nan,nan,nan,nan,nan,nan,nan
2064,51.3157894737,0.1965846560,nan,0.0023175646,26.3496815695,nan,nan,nan,nan,nan,nan,nan
2065,51.3157894737,1.3562440903,nan,0.0000000001,100.7387306681,nan,nan,nan,nan,nan,nan,nan
2066,51.3157894737,0.9214784215,nan,0.0000010641,59.7303183624,nan,nan,nan,nan,nan,nan,nan
2067,51.3157894737,0.6330680616,nan,0.0000754456,41.2236586070,nan,nan,nan,nan,nan,nan,nan
2068,51.3157894737,0.2650667293,nan,0.0017213463,27.6413175022,nan,nan,nan,nan,nan,nan,nan
2069,51.3157894737,1.3437259127,nan,0.0000000001,99.3371481989,nan,nan,nan,nan,nan,nan,nan
2070,51.3157894737,0.7075788079,nan,0.0000292305,45.3416364275,nan,nan,nan,nan,nan,nan,nan
2071,51.3157894737,0.3214503988,nan,0.0012603420,28.9951157420,nan,nan,nan,nan,nan,nan,nan
2072,51.3157894737,1.1052557912,nan,0.0000000306,75.1387945523,nan,nan,nan,nan,nan,nan,nan
2073,51.3157894737,1.7674287344,nan,0.0000000000,154.0681434862,nan,nan,nan,nan,nan,nan,nan
2074,51.3157894737,0.7366691576,nan,0.0000196124,47.0746939365,nan,nan,nan,nan,nan,nan,nan
2075,51.3157894737,1.1915139797,nan,0.0000000046,83.3431331313,nan,nan,nan,nan,nan,nan,nan
2076,51.3157894737,0.8826463625,nan,0.0000020725,56.8350023195,nan,nan,nan,nan,nan,nan,nan
2077,51.3157894737,0.0500051849,nan,0.0032508354,24.8800502052,nan,nan,nan,nan,nan,nan,nan
2078,51.3157894737,1.8255713064,nan,0.0000000000,162.7521293014,nan,nan,nan,nan,nan,nan,nan
2079,51.3157894737,0.5113182162,nan,0.0002826461,35.4875703553,nan,nan,nan,nan,nan,nan,nan
2080,51.3157894737,0.7678751040,nan,0.0000125543,49.0120736437,nan,nan,nan,nan,nan,nan,nan
2081,51.3157894737,0.2826244901,nan,0.0015722629,28.0347482847,nan,nan,nan,nan,nan,nan,nan
2082,51.3157894737,0.4028360512,nan,0.0007223455,31.4125500072,nan,nan,nan,nan,nan,nan,nan
2083,51.3157894737,0.5908723870,nan,0.0001231321,39.0962866747,nan,nan,nan,nan,nan,nan,nan
2084,51.3157894737,1.0038330621,nan,0.0000002351,66.2867501134,nan,nan,nan,nan,nan,nan,nan
2085,51.3157894737,1.1940182182,nan,0.0000000044,83.5906045540,nan,nan,nan,nan,nan,nan,nan
2086,51.3157894737,0.3180969285,nan,0.0012860995,28.9072541442,nan,nan,nan,nan,nan,nan,nan
2087,51.3157894737,1.1181176472,nan,0.0000000233,76.3227129431,nan,nan,nan,nan,nan,nan,nan
2088,51.3157894737,1.0867449967,nan,0.0000000451,73.4591424593,nan,nan,nan,nan,nan,nan,nan
2089,51.3157894737,0.6368510210,nan,0.0000720840,41.4216095516,nan,nan,nan,nan,nan,nan,nan
2090,51.3157894737,0.5423382055,nan,0.0002073858,36.8322095427,nan,nan,nan,nan,nan,nan,nan
2091,51.3157894737,1.0650041288,nan,0.0000000704,71.5229252690,nan,nan,nan,nan,nan,nan,nan
2092,51.3157894737,0.9829733003,nan,0.0000003489,64.5725650655,nan,nan,nan,nan,nan,nan,nan
2093,51.3157894737,0.4846785701,nan,0.0003633691,34.3965199398,nan,nan,nan,nan,nan,nan,nan
2094,51.3157894737,0.7195358731,nan,0.0000248573,46.0454566273,nan,nan,nan,nan,nan,nan,nan
2095,51.3157894737,0.9563924566,nan,0.0000005701,62.4408329095,nan,nan,nan,nan,nan,nan,nan
2096,51.3157894737,0.1120650833,nan,0.0029597636,25.2874298195,nan,nan,nan,nan,nan,nan,nan
2097,51.3157894737,1.3854309345,nan,0.0000000000,104.0575074676,nan,nan,nan,nan,nan,nan,nan
2098,51.3157894737,1.3031235097,nan,0.0000000003,94.8813370782,nan,nan,nan,nan,nan,nan,nan
2099,51.3157894737,0.8577150933,nan,0.0000031316,55.0423726124,nan,nan,nan,nan,nan,nan,nan
2100,51.3157894737,1.0794424895,nan,0.0000000524,72.8043885672,nan,nan,nan,nan,nan,nan,nan
2101,51.3157894737,0.8554568628,nan,0.0000032490,54.8825574271,nan,nan,nan,nan,nan,nan,nan
2102,51.3157894737,0.5507913799,nan,0.0001899994,37.2124786826,nan,nan,nan,nan,nan,nan,nan
2103,51.3157894737,0.9104553184,nan,0.0000012895,58.8956604722,nan,nan,nan,nan,nan,nan,nan
2104,51.3157894737,0.1530982547,nan,0.0026730808,25.7298791817,nan,nan,nan,nan,nan,nan,nan
2105,51.3157894737,0.7605985268,nan,0.0000139538,48.5530710051,nan,nan,nan,nan,nan,nan,nan
2106,51.3157894737,0.6680925698,nan,0.0000489569,43.1018612856,nan,nan,nan,nan,nan,nan,nan
2107,51.3157894737,1.5372564076,nan,0.0000000000,122.4710865203,nan,nan,nan,nan,nan,nan,nan
2108,51.3157894737,0.3037817193,nan,0.0013987366,28.5426406241,nan,nan,nan,nan,nan,nan,nan
2109,51.3157894737,0.4374239488,nan,0.0005487931,32.6059135076,nan,nan,nan,nan,nan,nan,nan
2110,51.3157894737,0.7026309309,nan,0.0000312329,45.0538720112,nan,nan,nan,nan,nan,nan,nan
2111,51.3157894737,0.5157156925,nan,0.0002708112,35.6733332330,nan,nan,nan,nan,nan,nan,nan
2112,51.3157894737,0.3058531046,nan,0.0013821806,28.5943520813,nan,nan,nan,nan,nan,nan,nan
2113,51.3157894737,0.2499900869,nan,0.0018519199,27.3237781218,nan,nan,nan,nan,nan,nan,nan
2114,51.3157894737,0.8673275194,nan,0.0000026746,55.7273985706,nan,nan,nan,nan,nan,nan,nan
2115,51.3157894737,0.6122317203,nan,0.0000965013,40.1546689015,nan,nan,nan,nan,nan,nan,nan
2116,51.3157894737,0.5498568272,nan,0.0001918604,37.1701458777,nan,nan,nan,nan,nan,nan,nan
2117,51.3157894737,0.1178343495,nan,0.0029232783,25.3412983655,nan,nan,nan,nan,nan,nan,nan
2118,51.3157894737,0.6091086080,nan,0.0001000565,39.9975490858,nan,nan,nan,nan,nan,nan,nan
2119,51.3157894737,0.3236744848,nan,0.0012433976,29.0538997497,nan,nan,nan,nan,nan,nan,nan
2120,51.3157894737,0.4620416813,nan,0.0004450766,33.5156526262,nan,nan,nan,nan,nan,nan,nan
2121,51.3157894737,0.7831798638,nan,0.0000100187,49.9918741922,nan,nan,nan,nan,nan,nan,nan
2122,51.3157894737,0.3489578806,nan,0.0010590349,29.7508970755,nan,nan,nan,nan,nan,nan,nan
2123,51.3157894737,0.9041340009,nan,0.0000014383,58.4215867424,nan,nan,nan,nan,nan,nan,nan
2124,51.3157894737,0.5920005782,nan,0.0001215838,39.1512420283,nan,nan,nan,nan,nan,nan,nan
2125,51.3157894737,0.7333931879,nan,0.0000205305,46.8760100339,nan,nan,nan,nan,nan,nan,nan
2126,51.3157894737,0.8379619404,nan,0.0000043064,53.6588355829,nan,nan,nan,nan,nan,nan,nan
2127,51.3157894737,0.9742582042,nan,0.0000004105,63.8671380533,nan,nan,nan,nan,nan,nan,nan
2128,51.3157894737,0.1981095053,nan,0.0023044978,26.3742370217,nan,nan,nan,nan,nan,nan,nan
2129,51.3157894737,0.5591651159,nan,0.0001739794,37.5950222453,nan,nan,nan,nan,nan,nan,nan
2130,51.3157894737,1.2241823037,nan,0.0000000022,86.6126193850,nan,nan,nan,nan,nan,nan,nan
2131,51.3157894737,0.5407138788,nan,0.0002108717,36.7598179197,nan,nan,nan,nan,nan,nan,nan
2132,51.3157894737,0.2306561566,nan,0.0020211569,26.9439997965,nan,nan,nan,nan,nan,nan,nan
2133,51.3157894737,0.6608146113,nan,0.0000536638,42.7031846872,nan,nan,nan,nan,nan,nan,nan
2134,51.3157894737,0.2906528357,nan,0.0015055243,28.2231224468,nan,nan,nan,nan,nan,nan,nan
2135,51.3157894737,0.5551909903,nan,0.0001814369,37.4127436154,nan,nan,nan,nan,nan,nan,nan
2136,51.3157894737,0.5550170231,nan,0.0001817693,37.4047943294,nan,nan,nan,nan,nan,nan,nan
2137,51.3157894737,0.6555240827,nan,0.0000573305,42.4161407760,nan,nan,nan,nan,nan,nan,nan
2138,51.3157894737,0.2926053406,nan,0.0014894503,28.2697397065,nan,nan,nan,nan,nan,nan,nan
2139,51.3157894737,0.4942340021,nan,0.0003325752,34.7811017779,nan,nan,nan,nan,nan,nan,nan
2140,51.3157894737,0.6571335324,nan,0.0000561925,42.5032171232,nan,nan,nan,nan,nan,nan,nan
2141,51.3157894737,0.4006898851,nan,0.0007342152,31.3417663474,nan,nan,nan,nan,nan,nan,nan
2142,51.3157894737,0.1010577016,nan,0.0030253714,25.1922129738,nan,nan,nan,nan,nan,nan,nan
2143,51.3157894737,1.1982027189,nan,0.0000000040,84.0052904882,nan,nan,nan,nan,nan,nan,nan
2144,51.3157894737,0.9421513993,nan,0.0000007374,61.3229692217,nan,nan,nan,nan,nan,nan,nan
2145,51.3157894737,1.3717450070,nan,0.0000000001,102.4924355990,nan,nan,nan,nan,nan,nan,nan
2146,51.3157894737,0.8229938055,nan,0.0000054549,52.6320943644,nan,nan,nan,nan,nan,nan,nan
2147,51.3157894737,0.6974128677,nan,0.0000334765,44.7525999378,nan,nan,nan,nan,nan,nan,nan
2148,51.3157894737,0.1740877525,nan,0.0025063229,26.0096297825,nan,nan,nan,nan,nan,nan,nan
2149,51.3157894737,0.6454489819,nan,0.0000649241,41.8759386861,nan,nan,nan,nan,nan,nan,nan
2150,51.3157894737,0.8758840231,nan,0.0000023208,56.3436516078,nan,nan,nan,nan,nan,nan,nan
2151,51.3157894737,0.7422870778,nan,0.0000181239,47.4174933621,nan,nan,nan,nan,nan,nan,nan
2152,51.3157894737,0.4756030351,nan,0.0003946151,34.0382628086,nan,nan,nan,nan,nan,nan,nan
2153,51.3157894737,0.8858702443,nan,0.0000019631,57.0705906519,nan,nan,nan,nan,nan,nan,nan
2154,51.3157894737,0.4043906855,nan,0.0007138283,31.4640622451,nan,nan,nan,nan,nan,nan,nan
2155,51.3157894737,0.5173410865,nan,0.0002665385,35.7424009254,nan,nan,nan,nan,nan,nan,nan
2156,51.3157894737,0.9014720908,nan,0.0000015056,58.2229506780,nan,nan,nan,nan,nan,nan,nan
2157,51.3157894737,0.8338931255,nan,0.0000045942,53.3778876985,nan,nan,nan,nan,nan,nan,nan
2158,51.3157894737,1.3041681708,nan,0.0000000003,94.9942530671,nan,nan,nan,nan,nan,nan,nan
2159,51.3157894737,0.4930830786,nan,0.0003361724,34.7343789664,nan,nan,nan,nan,nan,nan,nan
2160,51.3157894737,0.6657347013,nan,0.0000504404,42.9722182351,nan,nan,nan,nan,nan,nan,nan
2161,51.3157894737,1.2105337544,nan,0.0000000030,85.2358099363,nan,nan,nan,nan,nan,nan,nan
2162,51.3157894737,0.8574118726,nan,0.0000031471,55.0208889593,nan,nan,nan,nan,nan,nan,nan
2163,51.3157894737,0.7826044793,nan,0.0000101049,49.9546856891,nan,nan,nan,nan,nan,nan,nan
2164,51.3157894737,0.6755104336,nan,0.0000445376,43.5127334402,nan,nan,nan,nan,nan,nan,nan
2165,51.3157894737,0.5042624945,nan,0.0003024916,35.1928667965,nan,nan,nan,nan,nan,nan,nan
2166,51.3157894737,0.5878156811,nan,0.0001274112,38.9479226070,nan,nan,nan,nan,nan,nan,nan
2167,51.3157894737,0.2268755794,nan,0.0020543108,26.8733384438,nan,nan,nan,nan,nan,nan,nan
2168,51.3157894737,1.2865533974,nan,0.0000000005,93.1024984166,nan,nan,nan,nan,nan,nan,nan
2169,51.3157894737,1.8450868732,nan,0.0000000000,165.7304475800,nan,nan,nan,nan,nan,nan,nan
2170,51.3157894737,0.9543750161,nan,0.0000005914,62.2814440024,nan,nan,nan,nan,nan,nan,nan
2171,51.3157894737,0.8903333951,nan,0.0000018205,57.3981694376,nan,nan,nan,nan,nan,nan,nan
2172,51.3157894737,1.0410226217,nan,0.0000001139,69.4329213924,nan,nan,nan,nan,nan,nan,nan
2173,51.3157894737,0.6571005117,nan,0.0000562156,42.5014284345,nan,nan,nan,nan,nan,nan,nan
2174,51.3157894737,0.7082201922,nan,0.0000289795,45.3790879027,nan,nan,nan,nan,nan,nan,nan
2175,51.3157894737,1.2428447489,nan,0.0000000014,88.5204064127,nan,nan,nan,nan,nan,nan,nan
2176,51.3157894737,1.3688464353,nan,0.0000000001,102.1629763136,nan,nan,nan,nan,nan,nan,nan
2177,51.3157894737,0.6907839110,nan,0.0000365331,44.3731338695,nan,nan,nan,nan,nan,nan,nan
2178,51.3157894737,0.8616246115,nan,0.0000029376,55.3200541107,nan,nan,nan,nan,nan,nan,nan
2179,51.3157894737,1.0972235882,nan,0.0000000363,74.4064464337,nan,nan,nan,nan,nan,nan,nan
2180,51.3157894737,0.6105235376,nan,0.0000984321,40.0686319982,nan,nan,nan,nan,nan,nan,nan
2181,51.3157894737,0.1844684153,nan,0.0024202674,26.1613664675,nan,nan,nan,nan,nan,nan,nan
2182,51.3157894737,0.8401739623,nan,0.0000041570,53.8121523070,nan,nan,nan,nan,nan,nan,nan
2183,51.3157894737,1.0277188952,nan,0.0000001481,68.2941916863,nan,nan,nan,nan,nan,nan,nan
2184,51.3157894737,0.4472073054,nan,0.0005056569,32.9614408305,nan,nan,nan,nan,nan,nan,nan
2185,51.3157894737,0.4635672260,nan,0.0004391692,33.5736811399,nan,nan,nan,nan,nan,nan,nan
2186,51.3157894737,0.8523986217,nan,0.0000034144,54.6668027333,nan,nan,nan,nan,nan,nan,nan
2187,51.3157894737,0.2870344893,nan,0.0015354779,28.1375642709,nan,nan,nan,nan,nan,nan,nan
2188,51.3157894737,1.2513632647,nan,0.0000000011,89.4008960095,nan,nan,nan,nan,nan,nan,nan
2189,51.3157894737,0.3735774285,nan,0.0008952849,30.4803875799,nan,nan,nan,nan,nan,nan,nan
2190,51.3157894737,0.5060348728,nan,0.0002974057,35.2665071657,nan,nan,nan,nan,nan,nan,nan
2191,51.3157894737,0.7777557426,nan,0.0000108583,49.6423947775,nan,nan,nan,nan,nan,nan,nan
2192,51.3157894737,1.2547152921,nan,0.0000000011,89.7490306953,nan,nan,nan,nan,nan,nan,nan
2193,51.3157894737,1.4020234140,nan,0.0000000000,105.9759761768,nan,nan,nan,nan,nan,nan,nan
2194,51.3157894737,0.2172927003,nan,0.0021382066,26.6995032953,nan,nan,nan,nan,nan,nan,nan
2195,51.3157894737,0.6739632633,nan,0.0000454291,43.4266587566,nan,nan,nan,nan,nan,nan,nan
2196,51.3157894737,0.4391596791,nan,0.0005409522,32.6684113189,nan,nan,nan,nan,nan,nan,nan
2197,51.3157894737,1.4170396659,nan,0.0000000000,107.7320525112,nan,nan,nan,nan,nan,nan,nan
2198,51.3157894737,0.9184466031,nan,0.0000011221,59.4997423421,nan,nan,nan,nan,nan,nan,nan
2199,51.3157894737,0.6311876458,nan,0.0000771666,41.1257045927,nan,nan,nan,nan,nan,nan,nan
2200,51.3157894737,0.7359537837,nan,0.0000198097,47.0312311011,nan,nan,nan,nan,nan,nan,nan
2201,51.3157894737,0.8100127337,nan,0.0000066730,51.7567651629,nan,nan,nan,nan,nan,nan,nan
2202,51.3157894737,0.8733473242,nan,0.0000024209,56.1603182638,nan,nan,nan,nan,nan,nan,nan
2203,51.3157894737,1.1398522250,nan,0.0000000146,78.3547507086,nan,nan,nan,nan,nan,nan,nan
2204,51.3157894737,0.9071525565,nan,0.0000013654,58.6475509184,nan,nan,nan,nan,nan,nan,nan
2205,51.3157894737,0.4970242633,nan,0.0003239790,34.8948310290,nan,nan,nan,nan,nan,nan,nan
2206,51.3157894737,0.5971538188,nan,0.0001147201,39.4036059758,nan,nan,nan,nan,nan,nan,nan
2207,51.3157894737,0.3879466023,nan,0.0008073600,30.9293276030,nan,nan,nan,nan,nan,nan,nan
2208,51.3157894737,0.9700684016,nan,0.0000004436,63.5302573010,nan,nan,nan,nan,nan,nan,nan
2209,51.3157894737,0.6958047317,nan,0.0000341963,44.6602085031,nan,nan,nan,nan,nan,nan,nan
2210,51.3157894737,0.4071690605,nan,0.0006987759,31.5566210290,nan,nan,nan,nan,nan,nan,nan
2211,51.3157894737,0.7793237025,nan,0.0000106092,49.7431677005,nan,nan,nan,nan,nan,nan,nan
2212,51.3157894737,1.1917520394,nan,0.0000000046,83.3666358980,nan,nan,nan,nan,nan,nan,nan
2213,51.3157894737,0.7003988281,nan,0.0000321757,44.9247212974,nan,nan,nan,nan,nan,nan,nan
2214,51.3157894737,0.7141197266,nan,0.0000267598,45.7251763092,nan,nan,nan,nan,nan,nan,nan
2215,51.3157894737,0.8287420200,nan,0.0000049840,53.0241866764,nan,nan,nan,nan,nan,nan,nan
2216,51.3157894737,0.7967068651,nan,0.0000081769,50.8740985453,nan,nan,nan,nan,nan,nan,nan
2217,51.3157894737,0.8920594623,nan,0.0000017679,57.5253015712,nan,nan,nan,nan,nan,nan,nan
2218,51.3157894737,0.3531035469,nan,0.0010303326,29.8702254541,nan,nan,nan,nan,nan,nan,nan
2219,51.3157894737,0.4399676099,nan,0.0005373302,32.6975873205,nan,nan,nan,nan,nan,nan,nan
2220,51.3157894737,0.5457193793,nan,0.0002002811,36.9836011775,nan,nan,nan,nan,nan,nan,nan
2221,51.3157894737,0.9506760518,nan,0.0000006324,61.9900871288,nan,nan,nan,nan,nan,nan,nan
2222,51.3157894737,0.8694248684,nan,0.0000025835,55.8778885516,nan,nan,nan,nan,nan,nan,nan
2223,51.3157894737,0.9178202771,nan,0.0000011344,59.4522044679,nan,nan,nan,nan,nan,nan,nan
2224,51.3157894737,0.1554702195,nan,0.0026548017,25.7596791980,nan,nan,nan,nan,nan,nan,nan
2225,51.3157894737,0.3142939746,nan,0.0013156064,28.8087402854,nan,nan,nan,nan,nan,nan,nan
2226,51.3157894737,0.4260629348,nan,0.0006021429,32.2030045811,nan,nan,nan,nan,nan,nan,nan
2227,51.3157894737,0.3857580845,nan,0.0008203802,30.8598481728,nan,nan,nan,nan,nan,nan,nan
2228,51.3157894737,0.4631916997,nan,0.0004406179,33.5593790104,nan,nan,nan,nan,nan,nan,nan
2229,51.3157894737,0.9389691221,nan,0.0000007806,61.0754854450,nan,nan,nan,nan,nan,nan,nan
2230,51.3157894737,0.7499893262,nan,0.0000162490,47.8917450771,nan,nan,nan,nan,nan,nan,nan
2231,51.3157894737,0.4085663829,nan,0.0006912875,31.6034129715,nan,nan,nan,nan,nan,nan,nan
2232,51.3157894737,0.4269038198,nan,0.0005980728,32.2324594883,nan,nan,nan,nan,nan,nan,nan
2233,51.3157894737,0.8399639668,nan,0.0000041710,53.7975798643,nan,nan,nan,nan,nan,nan,nan
2234,51.3157894737,1.1427582821,nan,0.0000000137,78.6294377525,nan,nan,nan,nan,nan,nan,nan
2235,51.3157894737,0.7630742383,nan,0.0000134625,48.7087429211,nan,nan,nan,nan,nan,nan,nan
2236,51.3157894737,0.1984113036,nan,0.0023019083,26.3791197206,nan,nan,nan,nan,nan,nan,nan
2237,51.3157894737,0.4564136214,nan,0.0004673862,33.3032415152,nan,nan,nan,nan,nan,nan,nan
2238,51.3157894737,1.0886766940,nan,0.0000000433,73.6330859494,nan,nan,nan,nan,nan,nan,nan
2239,51.3157894737,1.3350031039,nan,0.0000000001,98.3682576010,nan,nan,nan,nan,nan,nan,nan
2240,51.3157894737,0.4744779626,nan,0.0003986276,33.9943262661,nan,nan,nan,nan,nan,nan,nan
2241,51.3157894737,0.7017971399,nan,0.0000315822,45.0055799129,nan,nan,nan,nan,nan,nan,nan
2242,51.3157894737,0.3753187749,nan,0.0008843245,30.5338831888,nan,nan,nan,nan,nan,nan,nan
2243,51.3157894737,0.2658055045,nan,0.0017149998,27.6573592093,nan,nan,nan,nan,nan,nan,nan
2244,51.3157894737,0.3911158585,nan,0.0007887429,31.0306454404,nan,nan,nan,nan,nan,nan,nan
2245,51.3157894737,0.9761233034,nan,0.0000003965,64.0175721681,nan,nan,nan,nan,nan,nan,nan
2246,51.3157894737,0.7534581721,nan,0.0000154634,48.1069453239,nan,nan,nan,nan,nan,nan,nan
2247,51.3157894737,0.2712179874,nan,0.0016686841,27.7762588333,nan,nan,nan,nan,nan,nan,nan
2248,51.3157894737,0.3173473544,nan,0.0012918907,28.8877422068,nan,nan,nan,nan,nan,nan,nan
2249,51.3157894737,0.0784829819,nan,0.0031419981,25.0279408593,nan,nan,nan,nan,nan,nan,nan
2250,51.3157894737,0.3824739425,nan,0.0008401698,30.7563293713,nan,nan,nan,nan,nan,nan,nan
2251,51.3157894737,1.1552819399,nan,0.0000000104,79.8212717604,nan,nan,nan,nan,nan,nan,nan
2252,51.3157894737,0.9781019889,nan,0.0000003822,64.1774850486,nan,nan,nan,nan,nan,nan,nan
2253,51.3157894737,0.6115598235,nan,0.0000972568,40.1207982099,nan,nan,nan,nan,nan,nan,nan
2254,51.3157894737,0.4060210896,nan,0.0007049690,31.5183000466,nan,nan,nan,nan,nan,nan,nan
2255,51.3157894737,0.7816202694,nan,0.0000102538,49.8911376961,nan,nan,nan,nan,nan,nan,nan
2256,51.3157894737,1.0895458872,nan,0.0000000425,73.7114557907,nan,nan,nan,nan,nan,nan,nan
2257,51.3157894737,0.4453086395,nan,0.0005138279,32.8918231028,nan,nan,nan,nan,nan,nan,nan
2258,51.3157894737,0.3569171297,nan,0.0010043266,29.9812502126,nan,nan,nan,nan,nan,nan,nan
2259,51.3157894737,0.2279311827,nan,0.0020450551,26.8929498301,nan,nan,nan,nan,nan,nan,nan
2260,51.3157894737,0.2840624528,nan,0.0015602360,28.0680969732,nan,nan,nan,nan,nan,nan,nan
2261,51.3157894737,0.3800797699,nan,0.0008547861,30.6814256223,nan,nan,nan,nan,nan,nan,nan
2262,51.3157894737,0.6012680004,nan,0.0001094796,39.6066687388,nan,nan,nan,nan,nan,nan,nan
2263,51.3157894737,0.2254775384,nan,0.0020665664,26.8475064297,nan,nan,nan,nan,nan,nan,nan
2264,51.3157894737,0.3654985974,nan,0.0009472223,30.2354809289,nan,nan,nan,nan,nan,nan,nan
2265,51.3157894737,0.1324286792,nan,0.0028250457,25.4897451725,nan,nan,nan,nan,nan,nan,nan
2266,51.3157894737,0.7097754110,nan,0.0000283789,45.4700417454,nan,nan,nan,nan,nan,nan,nan
2267,51.3157894737,0.5253920432,nan,0.0002461648,36.0877410273,nan,nan,nan,nan,nan,nan,nan
2268,51.3157894737,0.8060187219,nan,0.0000070953,51.4902673099,nan,nan,nan,nan,nan,nan,nan
2269,51.3157894737,0.5341633700,nan,0.0002254186,36.4701024479,nan,nan,nan,nan,nan,nan,nan
2270,51.3157894737,0.2033634441,nan,0.0022592748,26.4603094752,nan,nan,nan,nan,nan,nan,nan
2271,51.3157894737,0.4824855174,nan,0.0003707385,34.3093233705,nan,nan,nan,nan,nan,nan,nan
2272,51.3157894737,0.1331462449,nan,0.0028200095,25.4974943323,nan,nan,nan,nan,nan,nan,nan
2273,51.3157894737,0.6791233316,nan,0.0000425157,43.7145071056,nan,nan,nan,nan,nan,nan,nan
2274,51.3157894737,0.9892830772,nan,0.0000003099,65.0872520015,nan,nan,nan,nan,nan,nan,nan
2275,51.3157894737,0.4877004529,nan,0.0003534008,34.5173244386,nan,nan,nan,nan,nan,nan,nan
2276,51.3157894737,0.6698595906,nan,0.0000478705,43.1993206626,nan,nan,nan,nan,nan,nan,nan
2277,51.3157894737,0.4219802932,nan,0.0006221816,32.0608283660,nan,nan,nan,nan,nan,nan,nan
2278,51.3157894737,0.7073908618,nan,0.0000293044,45.3306684270,nan,nan,nan,nan,nan,nan,nan
2279,51.3157894737,0.4192506823,nan,0.0006358372,31.9665408704,nan,nan,nan,nan,nan,nan,nan
2280,51.3157894737,0.8481932299,nan,0.0000036548,54.3713906057,nan,nan,nan,nan,nan,nan,nan
2281,51.3157894737,0.3361291017,nan,0.0011506315,29.3906373838,nan,nan,nan,nan,nan,nan,nan
2282,51.3157894737,0.4772166361,nan,0.0003889143,34.1014606412,nan,nan,nan,nan,nan,nan,nan
2283,51.3157894737,0.1951550362,nan,0.0023297894,26.3268334306,nan,nan,nan,nan,nan,nan,nan
2284,51.3157894737,0.2533843258,nan,0.0018223713,27.3936313761,nan,nan,nan,nan,nan,nan,nan
2285,51.3157894737,0.2086065967,nan,0.0022138743,26.5484703234,nan,nan,nan,nan,nan,nan,nan
2286,51.3157894737,1.6234912201,nan,0.0000000000,133.7890915006,nan,nan,nan,nan,nan,nan,nan
2287,51.3157894737,0.3660383295,nan,0.0009436970,30.2516743944,nan,nan,nan,nan,nan,nan,nan
2288,51.3157894737,0.1883626932,nan,0.0023874947,26.2205758114,nan,nan,nan,nan,nan,nan,nan
2289,51.3157894737,0.6603850316,nan,0.0000539537,42.6797905344,nan,nan,nan,nan,nan,nan,nan
2290,51.3157894737,0.4112855300,nan,0.0006768724,31.6949320683,nan,nan,nan,nan,nan,nan,nan
2291,51.3157894737,0.3002539585,nan,0.0014271227,28.4553868995,nan,nan,nan,nan,nan,nan,nan
2292,51.3157894737,0.4422533503,nan,0.0005271785,32.7804229166,nan,nan,nan,nan,nan,nan,nan
2293,51.3157894737,0.7051623636,nan,0.0000301937,45.2008436256,nan,nan,nan,nan,nan,nan,nan
2294,51.3157894737,0.8091129124,nan,0.0000067661,51.6966092360,nan,nan,nan,nan,nan,nan,nan
2295,51.3157894737,1.4964061877,nan,0.0000000000,117.3270016211,nan,nan,nan,nan,nan,nan,nan
2296,51.3157894737,1.1064925465,nan,0.0000000298,75.2520361314,nan,nan,nan,nan,nan,nan,nan
2297,51.3157894737,0.3237640558,nan,0.0012427175,29.0562757292,nan,nan,nan,nan,nan,nan,nan
2298,51.3157894737,0.4933766463,nan,0.0003352520,34.7462861866,nan,nan,nan,nan,nan,nan,nan
2299,51.3157894737,0.0789534566,nan,0.0031398294,25.0309395256,nan,nan,nan,nan,nan,nan,nan
2300,51.3157894737,1.0391354506,nan,0.0000001183,69.2704904009,nan,nan,nan,nan,nan,nan,nan
2301,51.3157894737,0.7162841127,nan,0.0000259844,45.8528731280,nan,nan,nan,nan,nan,nan,nan
2302,51.3157894737,0.9625796856,nan,0.0000005091,62.9317748098,nan,nan,nan,nan,nan,nan,nan
2303,51.3157894737,0.4163219020,nan,0.0006507198,31.8660597869,nan,nan,nan,nan,nan,nan,nan
2304,51.3157894737,0.6178615528,nan,0.0000903661,40.4399456729,nan,nan,nan,nan,nan,nan,nan
2305,51.3157894737,0.2975158421,nan,0.0014493150,28.3883722329,nan,nan,nan,nan,nan,nan,nan
2306,51.3157894737,1.0872071845,nan,0.0000000447,73.5007327191,nan,nan,nan,nan,nan,nan,nan
2307,51.3157894737,1.3577719303,nan,0.0000000001,100.9106908594,nan,nan,nan,nan,nan,nan,nan
2308,51.3157894737,0.2908953862,nan,0.0015035240,28.2288963685,nan,nan,nan,nan,nan,nan,nan
2309,51.3157894737,0.3618209269,nan,0.0009714530,30.1257820795,nan,nan,nan,nan,nan,nan,nan
2310,51.3157894737,0.5195887220,nan,0.0002607192,35.8382705589,nan,nan,nan,nan,nan,nan,nan
2311,51.3157894737,0.4570333946,nan,0.0004648894,33.3265040217,nan,nan,nan,nan,nan,nan,nan
2312,51.3157894737,0.4883430220,nan,0.0003513088,34.5431097694,nan,nan,nan,nan,nan,nan,nan
2313,51.3157894737,0.9754991201,nan,0.0000004011,63.9671948437,nan,nan,nan,nan,nan,nan,nan
2314,51.3157894737,0.5761951142,nan,0.0001448447,38.3909747060,nan,nan,nan,nan,nan,nan,nan
2315,51.3157894737,1.0858244097,nan,0.0000000460,73.3763559891,nan,nan,nan,nan,nan,nan,nan
2316,51.3157894737,0.5926807184,nan,0.0001206584,39.1844234345,nan,nan,nan,nan,nan,nan,nan
2317,51.3157894737,0.6306974729,nan,0.0000776208,41.1002189463,nan,nan,nan,nan,nan,nan,nan
2318,51.3157894737,0.6752945382,nan,0.0000446611,43.5007104458,nan,nan,nan,nan,nan,nan,nan
2319,51.3157894737,1.0169447601,nan,0.0000001827,67.3828055262,nan,nan,nan,nan,nan,nan,nan
2320,51.3157894737,0.2965908139,nan,0.0014568431,28.3658723225,nan,nan,nan,nan,nan,nan,nan
2321,51.3157894737,1.2287002547,nan,0.0000000020,87.0718010824,nan,nan,nan,nan,nan,nan,nan
2322,51.3157894737,0.5061224043,nan,0.0002971563,35.2701507554,nan,nan,nan,nan,nan,nan,nan
2323,51.3157894737,0.7975652665,nan,0.0000080712,50.9305971460,nan,nan,nan,nan,nan,nan,nan
2324,51.3157894737,0.0050483980,nan,0.0033261098,24.7806342211,nan,nan,nan,nan,nan,nan,nan
2325,51.3157894737,1.0563100261,nan,0.0000000840,70.7596820183,nan,nan,nan,nan,nan,nan,nan
2326,51.3157894737,1.1270826574,nan,0.0000000192,77.1561013228,nan,nan,nan,nan,nan,nan,nan
2327,51.3157894737,0.5851129067,nan,0.0001312991,38.8173838202,nan,nan,nan,nan,nan,nan,nan
2328,51.3157894737,0.8217892710,nan,0.0000055587,52.5502804535,nan,nan,nan,nan,nan,nan,nan
2329,51.3157894737,0.9544829517,nan,0.0000005902,62.2899629157,nan,nan,nan,nan,nan,nan,nan
2330,51.3157894737,0.2165943381,nan,0.0021443069,26.6871305750,nan,nan,nan,nan,nan,nan,nan
2331,51.3157894737,0.3112419535,nan,0.0013395091,28.7305432262,nan,nan,nan,nan,nan,nan,nan
2332,51.3157894737,0.7508529324,nan,0.0000160501,47.9452278547,nan,nan,nan,nan,nan,nan,nan
2333,51.3157894737,0.9108463658,nan,0.0000012808,58.9250968802,nan,nan,nan,nan,nan,nan,nan
2334,51.3157894737,0.5435808373,nan,0.0002047511,36.8877379473,nan,nan,nan,nan,nan,nan,nan
2335,51.3157894737,0.3933094900,nan,0.0007760219,31.1012604056,nan,nan,nan,nan,nan,nan,nan
2336,51.3157894737,0.2986091795,nan,0.0014404371,28.4150571220,nan,nan,nan,nan,nan,nan,nan
2337,51.3157894737,0.6982738750,nan,0.0000330967,44.8021553717,nan,nan,nan,nan,nan,nan,nan
2338,51.3157894737,0.4752634891,nan,0.0003958228,34.0249917372,nan,nan,nan,nan,nan,nan,nan
2339,51.3157894737,0.4165240802,nan,0.0006496847,31.8729733255,nan,nan,nan,nan,nan,nan,nan
2340,51.3157894737,0.4457004572,nan,0.0005121338,32.9061652869,nan,nan,nan,nan,nan,nan,nan
2341,51.3157894737,0.0667283382,nan,0.0031923577,24.9588844710,nan,nan,nan,nan,nan,nan,nan
2342,51.3157894737,0.5505079253,nan,0.0001905623,37.1996312674,nan,nan,nan,nan,nan,nan,nan
2343,51.3157894737,0.4796870487,nan,0.0003803090,34.1986343378,nan,nan,nan,nan,nan,nan,nan
2344,51.3157894737,0.5270551291,nan,0.0002421169,36.1597481299,nan,nan,nan,nan,nan,nan,nan
2345,51.3157894737,0.5563193273,nan,0.0001792931,37.4643630357,nan,nan,nan,nan,nan,nan,nan
2346,51.3157894737,1.0689058511,nan,0.0000000651,71.8675031487,nan,nan,nan,nan,nan,nan,nan
2347,51.3157894737,0.5816798684,nan,0.0001363814,38.6524493871,nan,nan,nan,nan,nan,nan,nan
2348,51.3157894737,0.4005190138,nan,0.0007351658,31.3361471535,nan,nan,nan,nan,nan,nan,nan
2349,51.3157894737,0.9853001907,nan,0.0000003340,64.7619824010,nan,nan,nan,nan,nan,nan,nan
2350,51.3157894737,0.5900024706,nan,0.0001243373,39.0539843364,nan,nan,nan,nan,nan,nan,nan
2351,51.3157894737,0.5998358528,nan,0.0001112801,39.5358230114,nan,nan,nan,nan,nan,nan,nan
2352,51.3157894737,0.6511943861,nan,0.0000604929,42.1829592177,nan,nan,nan,nan,nan,nan,nan
2353,51.3157894737,0.7232403925,nan,0.0000236269,46.2659264412,nan,nan,nan,nan,nan,nan,nan
2354,51.3157894737,0.8265652209,nan,0.0000051578,52.8753809469,nan,nan,nan,nan,nan,nan,nan
2355,51.3157894737,0.1497305736,nan,0.0026987564,25.6883631336,nan,nan,nan,nan,nan,nan,nan
2356,51.3157894737,0.2687185668,nan,0.0016900315,27.7210520370,nan,nan,nan,nan,nan,nan,nan
2357,51.3157894737,0.7379169285,nan,0.0000192726,47.1506046899,nan,nan,nan,nan,nan,nan,nan
2358,51.3157894737,0.8626915943,nan,0.0000028866,55.3960599486,nan,nan,nan,nan,nan,nan,nan
2359,51.3157894737,0.1239223645,nan,0.0028833009,25.4011003541,nan,nan,nan,nan,nan,nan,nan
2360,51.3157894737,0.5712713176,nan,0.0001528139,38.1583704025,nan,nan,nan,nan,nan,nan,nan
2361,51.3157894737,0.4325658022,nan,0.0005711741,32.4323148928,nan,nan,nan,nan,nan,nan,nan
2362,51.3157894737,0.1553649291,nan,0.0026556164,25.7583465893,nan,nan,nan,nan,nan,nan,nan
2363,51.3157894737,0.6540329916,nan,0.0000584028,42.3356601652,nan,nan,nan,nan,nan,nan,nan
2364,51.3157894737,0.5786629205,nan,0.0001409836,38.5083133001,nan,nan,nan,nan,nan,nan,nan
2365,51.3157894737,0.5222133999,nan,0.0002540532,35.9507528854,nan,nan,nan,nan,nan,nan,nan
2366,51.3157894737,1.3382640137,nan,0.0000000001,98.7297201066,nan,nan,nan,nan,nan,nan,nan
2367,51.3157894737,0.9120713747,nan,0.0000012539,59.0173929151,nan,nan,nan,nan,nan,nan,nan
2368,51.3157894737,0.5968406652,nan,0.0001151276,39.3882073026,nan,nan,nan,nan,nan,nan,nan
2369,51.3157894737,0.0809436012,nan,0.0031305280,25.0438240593,nan,nan,nan,nan,nan,nan,nan
2370,51.3157894737,0.7467205102,nan,0.0000170221,47.6898707585,nan,nan,nan,nan,nan,nan,nan
2371,51.3157894737,0.4590435358,nan,0.0004568597,33.4021715390,nan,nan,nan,nan,nan,nan,nan
2372,51.3157894737,0.5599516713,nan,0.0001725340,37.6312540999,nan,nan,nan,nan,nan,nan,nan
2373,51.3157894737,0.9002409924,nan,0.0000015377,58.1312838501,nan,nan,nan,nan,nan,nan,nan
2374,51.3157894737,0.1824785215,nan,0.0024369167,26.1315932414,nan,nan,nan,nan,nan,nan,nan
2375,51.3157894737,0.2928738342,nan,0.0014872450,28.2761747731,nan,nan,nan,nan,nan,nan,nan
2376,51.3157894737,0.4730815397,nan,0.0004036511,33.9399388460,nan,nan,nan,nan,nan,nan,nan
2377,51.3157894737,0.3083755718,nan,0.0013621335,28.6578031998,nan,nan,nan,nan,nan,nan,nan
2378,51.3157894737,0.5809967508,nan,0.0001374122,38.6197469292,nan,nan,nan,nan,nan,nan,nan
2379,51.3157894737,0.5598613068,nan,0.0001726995,37.6270889412,nan,nan,nan,nan,nan,nan,nan
2380,51.3157894737,0.4900732222,nan,0.0003457236,34.6127103116,nan,nan,nan,nan,nan,nan,nan
2381,51.3157894737,0.9787452752,nan,0.0000003776,64.2295443350,nan,nan,nan,nan,nan,nan,nan
2382,51.3157894737,0.6940192326,nan,0.0000350116,44.5578791018,nan,nan,nan,nan,nan,nan,nan
2383,51.3157894737,0.4000766692,nan,0.0007376304,31.3216116436,nan,nan,nan,nan,nan,nan,nan
2384,51.3157894737,0.1194962621,nan,0.0029125127,25.3573217818,nan,nan,nan,nan,nan,nan,nan
2385,51.3157894737,0.6064952525,nan,0.0001031170,39.8666972126,nan,nan,nan,nan,nan,nan,nan
2386,51.3157894737,0.8611317686,nan,0.0000029614,55.2849787898,nan,nan,nan,nan,nan,nan,nan
2387,51.3157894737,0.3201150613,nan,0.0012705688,28.9600182951,nan,nan,nan,nan,nan,nan,nan
2388,51.3157894737,0.9212441752,nan,0.0000010684,59.7124761320,nan,nan,nan,nan,nan,nan,nan
2389,51.3157894737,0.3035523165,nan,0.0014005753,28.5369354530,nan,nan,nan,nan,nan,nan,nan
2390,51.3157894737,1.1695829763,nan,0.0000000076,81.1982744731,nan,nan,nan,nan,nan,nan,nan
2391,51.3157894737,0.7393607405,nan,0.0000188860,47.2386037036,nan,nan,nan,nan,nan,nan,nan
2392,51.3157894737,0.8074920682,nan,0.0000069368,51.5884207530,nan,nan,nan,nan,nan,nan,nan
2393,51.3157894737,0.2548867743,nan,0.0018093163,27.4248550239,nan,nan,nan,nan,nan,nan,nan
2394,51.3157894737,1.4711192841,nan,0.0000000000,114.2127365005,nan,nan,nan,nan,nan,nan,nan
2395,51.3157894737,0.4273082789,nan,0.0005961221,32.2466479306,nan,nan,nan,nan,nan,nan,nan
2396,51.3157894737,0.8635849379,nan,0.0000028446,55.4597696703,nan,nan,nan,nan,nan,nan,nan
2397,51.3157894737,1.0920174131,nan,0.0000000404,73.9346428385,nan,nan,nan,nan,nan,nan,nan
2398,51.3157894737,0.7466493017,nan,0.0000170393,47.6854829854,nan,nan,nan,nan,nan,nan,nan
2399,51.3157894737,0.1687197503,nan,0.0025499759,25.9346393118,nan,nan,nan,nan,nan,nan,nan
2400,51.3157894737,0.5665397279,nan,0.0001608147,37.9367427932,nan,nan,nan,nan,nan,nan,nan
2401,51.3157894737,1.3391152855,nan,0.0000000001,98.8242275244,nan,nan,nan,nan,nan,nan,nan
2402,51.3157894737,0.5654210265,nan,0.0001627566,37.8846145315,nan,nan,nan,nan,nan,nan,nan
2403,51.3157894737,0.7821552985,nan,0.0000101726,49.9256731945,nan,nan,nan,nan,nan,nan,nan
2404,51.3157894737,0.6963657394,nan,0.0000339436,44.6924153697,nan,nan,nan,nan,nan,nan,nan
2405,51.3157894737,0.5682905259,nan,0.0001578144,38.0185335008,nan,nan,nan,nan,nan,nan,nan
2406,51.3157894737,1.0575780726,nan,0.0000000818,70.8706090843,nan,nan,nan,nan,nan,nan,nan
2407,51.3157894737,1.0632510996,nan,0.0000000730,71.3685214425,nan,nan,nan,nan,nan,nan,nan
2408,51.3157894737,0.3559146912,nan,0.0010111254,29.9519497168,nan,nan,nan,nan,nan,nan,nan
2409,51.3157894737,0.3425007840,nan,0.0011046210,29.5678672085,nan,nan,nan,nan,nan,nan,nan
2410,51.3157894737,1.4525689439,nan,0.0000000000,111.9621600834,nan,nan,nan,nan,nan,nan,nan
2411,51.3157894737,0.5935467130,nan,0.0001194888,39.2267275578,nan,nan,nan,nan,nan,nan,nan
2412,51.3157894737,0.7108211035,nan,0.0000279814,45.5313100909,nan,nan,nan,nan,nan,nan,nan
2413,51.3157894737,0.5813276154,nan,0.0001369121,38.6355813613,nan,nan,nan,nan,nan,nan,nan
2414,51.3157894737,1.0266709463,nan,0.0000001512,68.2051202411,nan,nan,nan,nan,nan,nan,nan
2415,51.3157894737,0.8717007864,nan,0.0000024879,56.0416059951,nan,nan,nan,nan,nan,nan,nan
2416,51.3157894737,0.8285352219,nan,0.0000050003,53.0100330183,nan,nan,nan,nan,nan,nan,nan
2417,51.3157894737,0.0648978441,nan,0.0031995250,24.9491448946,nan,nan,nan,nan,nan,nan,nan
2418,51.3157894737,0.5634212544,nan,0.0001662766,37.7916897916,nan,nan,nan,nan,nan,nan,nan
2419,51.3157894737,0.6185198107,nan,0.0000896711,40.4734730916,nan,nan,nan,nan,nan,nan,nan
2420,51.3157894737,0.6566163149,nan,0.0000565560,42.4752105317,nan,nan,nan,nan,nan,nan,nan
2421,51.3157894737,1.1719907234,nan,0.0000000072,81.4317893268,nan,nan,nan,nan,nan,nan,nan
2422,51.3157894737,0.5149750993,nan,0.0002727762,35.6419359709,nan,nan,nan,nan,nan,nan,nan
2423,51.3157894737,1.4775720291,nan,0.0000000000,115.0023523807,nan,nan,nan,nan,nan,nan,nan
2424,51.3157894737,0.9793378467,nan,0.0000003735,64.2775299676,nan,nan,nan,nan,nan,nan,nan
2425,51.3157894737,0.8866128037,nan,0.0000019387,57.1249766458,nan,nan,nan,nan,nan,nan,nan
2426,51.3157894737,1.0118935669,nan,0.0000002014,66.9588590686,nan,nan,nan,nan,nan,nan,nan
2427,51.3157894737,0.5931891676,nan,0.0001199705,39.2092537974,nan,nan,nan,nan,nan,nan,nan
2428,51.3157894737,0.5614049327,nan,0.0001698896,37.6983321817,nan,nan,nan,nan,nan,nan,nan
2429,51.3157894737,0.3975374617,nan,0.0007518849,31.2384862522,nan,nan,nan,nan,nan,nan,nan
2430,51.3157894737,0.4090458365,nan,0.0006887307,31.6195056193,nan,nan,nan,nan,nan,nan,nan
2431,51.3157894737,0.6958654165,nan,0.0000341689,44.6636910941,nan,nan,nan,nan,nan,nan,nan
2432,51.3157894737,0.7210377068,nan,0.0000243517,46.1346987628,nan,nan,nan,nan,nan,nan,nan
2433,51.3157894737,0.4902540425,nan,0.0003451439,34.6199984727,nan,nan,nan,nan,nan,nan,nan
2434,51.3157894737,0.6150248134,nan,0.0000934142,40.2958723070,nan,nan,nan,nan,nan,nan,nan
2435,51.3157894737,0.5406998085,nan,0.0002109021,36.7591918068,nan,nan,nan,nan,nan,nan,nan
2436,51.3157894737,0.6349163274,nan,0.0000737866,41.3202242405,nan,nan,nan,nan,nan,nan,nan
2437,51.3157894737,0.7827046842,nan,0.0000100898,49.9611601924,nan,nan,nan,nan,nan,nan,nan
2438,51.3157894737,0.6889231804,nan,0.0000374345,44.2672756455,nan,nan,nan,nan,nan,nan,nan
2439,51.3157894737,0.2727997811,nan,0.0016552121,27.8114635639,nan,nan,nan,nan,nan,nan,nan
2440,51.3157894737,0.5312296131,nan,0.0002321933,36.3415029747,nan,nan,nan,nan,nan,nan,nan
2441,51.3157894737,0.2895878920,nan,0.0015143181,28.1978289098,nan,nan,nan,nan,nan,nan,nan
2442,51.3157894737,0.8151914498,nan,0.0000061599,52.1042896072,nan,nan,nan,nan,nan,nan,nan
2443,51.3157894737,0.5344231051,nan,0.0002248266,36.4815221994,nan,nan,nan,nan,nan,nan,nan
2444,51.3157894737,0.8961478686,nan,0.0000016491,57.8274206112,nan,nan,nan,nan,nan,nan,nan
2445,51.3157894737,0.6941071726,nan,0.0000349711,44.5629128529,nan,nan,nan,nan,nan,nan,nan
2446,51.3157894737,0.3326280333,nan,0.0011763368,29.2946829809,nan,nan,nan,nan,nan,nan,nan
2447,51.3157894737,0.7194882287,nan,0.0000248735,46.0426285638,nan,nan,nan,nan,nan,nan,nan
2448,51.3157894737,1.1862972610,nan,0.0000000052,82.8292942093,nan,nan,nan,nan,nan,nan,nan
2449,51.3157894737,0.8066378569,nan,0.0000070283,51.5314916942,nan,nan,nan,nan,nan,nan,nan
2450,51.3157894737,0.2225093045,nan,0.0020925723,26.7931953310,nan,nan,nan,nan,nan,nan,nan
2451,51.3157894737,0.8264824318,nan,0.0000051645,52.8697292809,nan,nan,nan,nan,nan,nan,nan
2452,51.3157894737,1.1801662521,nan,0.0000000060,82.2283053828,nan,nan,nan,nan,nan,nan,nan
2453,51.3157894737,1.0877901598,nan,0.0000000441,73.5532175485,nan,nan,nan,nan,nan,nan,nan
2454,51.3157894737,0.5060154508,nan,0.0002974611,35.2656987940,nan,nan,nan,nan,nan,nan,nan
2455,51.3157894737,1.0111604520,nan,0.0000002043,66.8975056664,nan,nan,nan,nan,nan,nan,nan
2456,51.3157894737,0.6640680007,nan,0.0000515127,42.8808566164,nan,nan,nan,nan,nan,nan,nan
2457,51.3157894737,0.6889431173,nan,0.0000374248,44.2684083435,nan,nan,nan,nan,nan,nan,nan
2458,51.3157894737,0.8135355729,nan,0.0000063199,51.9929269464,nan,nan,nan,nan,nan,nan,nan
2459,51.3157894737,0.3378985410,nan,0.0011377535,29.4395181565,nan,nan,nan,nan,nan,nan,nan
2460,51.3157894737,0.4436035994,nan,0.0005212476,32.8295595423,nan,nan,nan,nan,nan,nan,nan
2461,51.3157894737,0.1233976646,nan,0.0028868042,25.3958266617,nan,nan,nan,nan,nan,nan,nan
2462,51.3157894737,1.0617302236,nan,0.0000000753,71.2347730830,nan,nan,nan,nan,nan,nan,nan
2463,51.3157894737,1.0812120632,nan,0.0000000506,72.9626425537,nan,nan,nan,nan,nan,nan,nan
2464,51.3157894737,0.5394888760,nan,0.0002135321,36.7053678733,nan,nan,nan,nan,nan,nan,nan
2465,51.3157894737,0.5763247546,nan,0.0001446397,38.3971262282,nan,nan,nan,nan,nan,nan,nan
2466,51.3157894737,0.9377617424,nan,0.0000007977,60.9818092098,nan,nan,nan,nan,nan,nan,nan
2467,51.3157894737,0.4578607512,nan,0.0004615718,33.3576075630,nan,nan,nan,nan,nan,nan,nan
2468,51.3157894737,0.2716728124,nan,0.0016648073,27.7863603662,nan,nan,nan,nan,nan,nan,nan
2469,51.3157894737,0.6090275020,nan,0.0001001503,39.9934795375,nan,nan,nan,nan,nan,nan,nan
2470,51.3157894737,0.1726513671,nan,0.0025180645,25.9893315309,nan,nan,nan,nan,nan,nan,nan
2471,51.3157894737,0.6309052558,nan,0.0000774280,41.1110198001,nan,nan,nan,nan,nan,nan,nan
2472,51.3157894737,0.6195208218,nan,0.0000886232,40.5245271510,nan,nan,nan,nan,nan,nan,nan
2473,51.3157894737,0.9406898951,nan,0.0000007570,61.2092040673,nan,nan,nan,nan,nan,nan,nan
2474,51.3157894737,0.1946443043,nan,0.0023341504,26.3187117012,nan,nan,nan,nan,nan,nan,nan
2475,51.3157894737,0.7239558917,nan,0.0000233957,46.3086400333,nan,nan,nan,nan,nan,nan,nan
2476,51.3157894737,0.3332949420,nan,0.0011714175,29.3128829498,nan,nan,nan,nan,nan,nan,nan
2477,51.3157894737,0.4063873062,nan,0.0007029893,31.5305130511,nan,nan,nan,nan,nan,nan,nan
2478,51.3157894737,0.3033054290,nan,0.0014025552,28.5308003007,nan,nan,nan,nan,nan,nan,nan
2479,51.3157894737,0.9383962917,nan,0.0000007887,61.0310264503,nan,nan,nan,nan,nan,nan,nan
2480,51.3157894737,0.9345357859,nan,0.0000008449,60.7321151469,nan,nan,nan,nan,nan,nan,nan
2481,51.3157894737,0.4597824280,nan,0.0004539343,33.4300697479,nan,nan,nan,nan,nan,nan,nan
2482,51.3157894737,0.1460869950,nan,0.0027261550,25.6444945148,nan,nan,nan,nan,nan,nan,nan
2483,51.3157894737,0.8643968374,nan,0.0000028069,55.5177287952,nan,nan,nan,nan,nan,nan,nan
2484,51.3157894737,0.2009972404,nan,0.0022796785,26.4212640489,nan,nan,nan,nan,nan,nan,nan
2485,51.3157894737,1.2384524272,nan,0.0000000016,88.0687777581,nan,nan,nan,nan,nan,nan,nan
2486,51.3157894737,1.1972412033,nan,0.0000000041,83.9098743904,nan,nan,nan,nan,nan,nan,nan
2487,51.3157894737,0.8420306651,nan,0.0000040354,53.9411562753,nan,nan,nan,nan,nan,nan,nan
2488,51.3157894737,0.4631469600,nan,0.0004407907,33.5576758521,nan,nan,nan,nan,nan,nan,nan
2489,51.3157894737,0.3968403558,nan,0.0007558300,31.2157586517,nan,nan,nan,nan,nan,nan,nan
2490,51.3157894737,0.7509552382,nan,0.0000160267,47.9515677208,nan,nan,nan,nan,nan,nan,nan
2491,51.3157894737,1.3803944691,nan,0.0000000000,103.4797338921,nan,nan,nan,nan,nan,nan,nan
2492,51.3157894737,0.3272357773,nan,0.0012165002,29.1488782607,nan,nan,nan,nan,nan,nan,nan
2493,51.3157894737,0.1399907009,nan,0.0027710656,25.5735319890,nan,nan,nan,nan,nan,nan,nan
2494,51.3157894737,0.4051021148,nan,0.0007099533,31.4877019256,nan,nan,nan,nan,nan,nan,nan
2495,51.3157894737,0.4977604103,nan,0.0003217404,34.9249435494,nan,nan,nan,nan,nan,nan,nan
2496,51.3157894737,0.8949196459,nan,0.0000016840,57.7365128205,nan,nan,nan,nan,nan,nan,nan
2497,51.3157894737,0.7845395445,nan,0.0000098178,50.0798631927,nan,nan,nan,nan,nan,nan,nan
2498,51.3157894737,0.7588946962,nan,0.0000143013,48.4462310667,nan,nan,nan,nan,nan,nan,nan
2499,51.3157894737,1.2183958798,nan,0.0000000025,86.0270079342,nan,nan,nan,nan,nan,nan,nan
2500,51.3157894737,1.2416995572,nan,0.0000000014,88.4024997630,nan,nan,nan,nan,nan,nan,nan
2501,51.3157894737,0.8871428179,nan,0.0000019214,57.1638236609,nan,nan,nan,nan,nan,nan,nan
2502,51.3157894737,1.7304698631,nan,0.0000000000,148.6954136741,nan,nan,nan,nan,nan,nan,nan
2503,51.3157894737,0.8150726565,nan,0.0000061712,52.0962928055,nan,nan,nan,nan,nan,nan,nan
2504,51.3157894737,0.7296763017,nan,0.0000216189,46.6516663920,nan,nan,nan,nan,nan,nan,nan
2505,51.3157894737,0.0773175787,nan,0.0031473202,25.0205907551,nan,nan,nan,nan,nan,nan,nan
2506,51.3157894737,0.2886945754,nan,0.0015217090,28.1766839074,nan,nan,nan,nan,nan,nan,nan
2507,51.3157894737,0.1912501386,nan,0.0023630437,26.2652824450,nan,nan,nan,nan,nan,nan,nan
2508,51.3157894737,0.2782857559,nan,0.0016087330,27.9351603340,nan,nan,nan,nan,nan,nan,nan
2509,51.3157894737,0.7208964242,nan,0.0000243989,46.1262954554,nan,nan,nan,nan,nan,nan,nan
2510,51.3157894737,0.7152709740,nan,0.0000263448,45.7930503485,nan,nan,nan,nan,nan,nan,nan
2511,51.3157894737,1.1464376495,nan,0.0000000127,78.9782316718,nan,nan,nan,nan,nan,nan,nan
2512,51.3157894737,0.1724049483,nan,0.0025200744,25.9858663125,nan,nan,nan,nan,nan,nan,nan
2513,51.3157894737,0.7179101438,nan,0.0000254152,45.9490638533,nan,nan,nan,nan,nan,nan,nan
2514,51.3157894737,0.6325641772,nan,0.0000759035,41.1973816013,nan,nan,nan,nan,nan,nan,nan
2515,51.3157894737,0.4738566678,nan,0.0004008567,33.9701083156,nan,nan,nan,nan,nan,nan,nan
2516,51.3157894737,0.9172744763,nan,0.0000011453,59.4108050816,nan,nan,nan,nan,nan,nan,nan
2517,51.3157894737,0.2618154148,nan,0.0017493416,27.5712537963,nan,nan,nan,nan,nan,nan,nan
2518,51.3157894737,0.7509045222,nan,0.0000160383,47.9484247521,nan,nan,nan,nan,nan,nan,nan
2519,51.3157894737,0.9005664750,nan,0.0000015291,58.1555068020,nan,nan,nan,nan,nan,nan,nan
2520,51.3157894737,0.2607952288,nan,0.0017581466,27.5494491859,nan,nan,nan,nan,nan,nan,nan
2521,51.3157894737,0.3968526184,nan,0.0007557605,31.2161580975,nan,nan,nan,nan,nan,nan,nan
2522,51.3157894737,0.6166376942,nan,0.0000916705,40.3777058892,nan,nan,nan,nan,nan,nan,nan
2523,51.3157894737,0.1763744042,nan,0.0024875433,26.0422934660,nan,nan,nan,nan,nan,nan,nan
2524,51.3157894737,0.0706280347,nan,0.0031764755,24.9805448404,nan,nan,nan,nan,nan,nan,nan
2525,51.3157894737,0.9004595218,nan,0.0000015320,58.1475461921,nan,nan,nan,nan,nan,nan,nan
2526,51.3157894737,0.6592368732,nan,0.0000547351,42.6173391471,nan,nan,nan,nan,nan,nan,nan
2527,51.3157894737,0.8334899737,nan,0.0000046237,53.3501255303,nan,nan,nan,nan,nan,nan,nan
2528,51.3157894737,0.8823971109,nan,0.0000020812,56.8168240876,nan,nan,nan,nan,nan,nan,nan
2529,51.3157894737,1.3433603416,nan,0.0000000001,99.2964144443,nan,nan,nan,nan,nan,nan,nan
2530,51.3157894737,0.6211757438,nan,0.0000869138,40.6091149050,nan,nan,nan,nan,nan,nan,nan
2531,51.3157894737,1.0292602090,nan,0.0000001437,68.4253636732,nan,nan,nan,nan,nan,nan,nan
2532,51.3157894737,0.7132383934,nan,0.0000270814,45.6732901034,nan,nan,nan,nan,nan,nan,nan
2533,51.3157894737,0.1806370143,nan,0.0024522626,26.1043303178,nan,nan,nan,nan,nan,nan,nan
2534,51.3157894737,0.8267968885,nan,0.0000051390,52.8911989493,nan,nan,nan,nan,nan,nan,nan
2535,51.3157894737,0.1657330777,nan,0.0025739843,25.8939411408,nan,nan,nan,nan,nan,nan,nan
2536,51.3157894737,0.0821171372,nan,0.0031249471,25.0515733377,nan,nan,nan,nan,nan,nan,nan
2537,51.3157894737,0.5454192394,nan,0.0002009035,36.9701240762,nan,nan,nan,nan,nan,nan,nan
2538,51.3157894737,0.5986865095,nan,0.0001127434,39.4790903279,nan,nan,nan,nan,nan,nan,nan
2539,51.3157894737,0.5815510696,nan,0.0001365752,38.6462805158,nan,nan,nan,nan,nan,nan,nan
2540,51.3157894737,0.9346076341,nan,0.0000008438,60.7376668608,nan,nan,nan,nan,nan,nan,nan
2541,51.3157894737,1.2089349369,nan,0.0000000031,85.0755463510,nan,nan,nan,nan,nan,nan,nan
2542,51.3157894737,1.8476398562,nan,0.0000000000,166.1224268168,nan,nan,nan,nan,nan,nan,nan
2543,51.3157894737,0.4961354278,nan,0.0003266982,34.8585325858,nan,nan,nan,nan,nan,nan,nan
2544,51.3157894737,1.2345555271,nan,0.0000000017,87.6694393481,nan,nan,nan,nan,nan,nan,nan
2545,51.3157894737,0.4777971116,nan,0.0003868790,34.1242481689,nan,nan,nan,nan,nan,nan,nan
2546,51.3157894737,0.4625259564,nan,0.0004431949,33.5340525376,nan,nan,nan,nan,nan,nan,nan
2547,51.3157894737,0.5695006489,nan,0.0001557681,38.0752146457,nan,nan,nan,nan,nan,nan,nan
2548,51.3157894737,0.9768202813,nan,0.0000003914,64.0738630838,nan,nan,nan,nan,nan,nan,nan
2549,51.3157894737,0.5620736693,nan,0.0001686841,37.7292579138,nan,nan,nan,nan,nan,nan,nan
2550,51.3157894737,0.6594779127,nan,0.0000545702,42.6304408388,nan,nan,nan,nan,nan,nan,nan
2551,51.3157894737,0.7388042940,nan,0.0000190341,47.2046682594,nan,nan,nan,nan,nan,nan,nan
2552,51.3157894737,1.7561755027,nan,0.0000000000,152.4201317999,nan,nan,nan,nan,nan,nan,nan
2553,51.3157894737,1.0039122138,nan,0.0000002348,66.2933236658,nan,nan,nan,nan,nan,nan,nan
2554,51.3157894737,0.3957167649,nan,0.0007622175,31.1792111144,nan,nan,nan,nan,nan,nan,nan
2555,51.3157894737,0.2681152204,nan,0.0016951953,27.7078026475,nan,nan,nan,nan,nan,nan,nan
2556,51.3157894737,0.5217851039,nan,0.0002551315,35.9323589486,nan,nan,nan,nan,nan,nan,nan
2557,51.3157894737,0.5566707904,nan,0.0001786297,37.4804634363,nan,nan,nan,nan,nan,nan,nan
2558,51.3157894737,0.4951703876,nan,0.0003296707,34.8191962642,nan,nan,nan,nan,nan,nan,nan
2559,51.3157894737,0.4422999943,nan,0.0005269728,32.7821178097,nan,nan,nan,nan,nan,nan,nan
2560,51.3157894737,0.3540365917,nan,0.0010239345,29.8972780345,nan,nan,nan,nan,nan,nan,nan
2561,51.3157894737,0.4268545330,nan,0.0005983108,32.2307314319,nan,nan,nan,nan,nan,nan,nan
2562,51.3157894737,0.8554037853,nan,0.0000032518,54.8788062369,nan,nan,nan,nan,nan,nan,nan
2563,51.3157894737,0.4963358791,nan,0.0003260834,34.8667129336,nan,nan,nan,nan,nan,nan,nan
2564,51.3157894737,0.3226996039,nan,0.0012508111,29.0280827106,nan,nan,nan,nan,nan,nan,nan
2565,51.3157894737,0.6603728422,nan,0.0000539619,42.6791269444,nan,nan,nan,nan,nan,nan,nan
2566,51.3157894737,0.9483098985,nan,0.0000006600,61.8043103479,nan,nan,nan,nan,nan,nan,nan
2567,51.3157894737,0.7145711219,nan,0.0000265964,45.7517760600,nan,nan,nan,nan,nan,nan,nan
2568,51.3157894737,0.7588951868,nan,0.0000143012,48.4462617971,nan,nan,nan,nan,nan,nan,nan
2569,51.3157894737,0.6284029359,nan,0.0000797777,40.9811841692,nan,nan,nan,nan,nan,nan,nan
2570,51.3157894737,0.8024704864,nan,0.0000074910,51.2546278813,nan,nan,nan,nan,nan,nan,nan
2571,51.3157894737,0.8835820915,nan,0.0000020402,56.9032924178,nan,nan,nan,nan,nan,nan,nan
2572,51.3157894737,0.6301555080,nan,0.0000781256,41.0720637111,nan,nan,nan,nan,nan,nan,nan
2573,51.3157894737,1.0542964189,nan,0.0000000874,70.5838100433,nan,nan,nan,nan,nan,nan,nan
2574,51.3157894737,1.4033686094,nan,0.0000000000,106.1325207852,nan,nan,nan,nan,nan,nan,nan
2575,51.3157894737,0.9304032366,nan,0.0000009092,60.4135171293,nan,nan,nan,nan,nan,nan,nan
2576,51.3157894737,0.2580495277,nan,0.0017818899,27.4911912771,nan,nan,nan,nan,nan,nan,nan
2577,51.3157894737,1.3129529708,nan,0.0000000003,95.9474001040,nan,nan,nan,nan,nan,nan,nan
2578,51.3157894737,0.7165842005,nan,0.0000258785,45.8706087964,nan,nan,nan,nan,nan,nan,nan
2579,51.3157894737,0.3369170502,nan,0.0011448873,29.4123725018,nan,nan,nan,nan,nan,nan,nan
2580,51.3157894737,0.6208609357,nan,0.0000872367,40.5930066450,nan,nan,nan,nan,nan,nan,nan
2581,51.3157894737,0.4761449591,nan,0.0003926934,34.0594635722,nan,nan,nan,nan,nan,nan,nan
2582,51.3157894737,0.1362304638,nan,0.0027981549,25.5312824023,nan,nan,nan,nan,nan,nan,nan
2583,51.3157894737,0.5314091854,nan,0.0002317739,36.3493539009,nan,nan,nan,nan,nan,nan,nan
2584,51.3157894737,1.3121868301,nan,0.0000000003,95.8640173202,nan,nan,nan,nan,nan,nan,nan
2585,51.3157894737,0.4470131402,nan,0.0005064881,32.9543077286,nan,nan,nan,nan,nan,nan,nan
2586,51.3157894737,0.0275220573,nan,0.0033037740,24.8098966515,nan,nan,nan,nan,nan,nan,nan
2587,51.3157894737,1.0682008859,nan,0.0000000660,71.8051505844,nan,nan,nan,nan,nan,nan,nan
2588,51.3157894737,0.4785059442,nan,0.0003844048,34.1521124568,nan,nan,nan,nan,nan,nan,nan
2589,51.3157894737,0.7791227221,nan,0.0000106408,49.7302392397,nan,nan,nan,nan,nan,nan,nan
2590,51.3157894737,1.0205601659,nan,0.0000001703,67.6875535977,nan,nan,nan,nan,nan,nan,nan
2591,51.3157894737,0.6611077061,nan,0.0000534668,42.7191549180,nan,nan,nan,nan,nan,nan,nan
2592,51.3157894737,0.7849044167,nan,0.0000097645,50.1035013614,nan,nan,nan,nan,nan,nan,nan
2593,51.3157894737,1.0966133213,nan,0.0000000367,74.3510246229,nan,nan,nan,nan,nan,nan,nan
2594,51.3157894737,0.8986341615,nan,0.0000015806,58.0118302611,nan,nan,nan,nan,nan,nan,nan
2595,51.3157894737,0.6186684478,nan,0.0000895149,40.4810486893,nan,nan,nan,nan,nan,nan,nan
2596,51.3157894737,0.2901081377,nan,0.0015100198,28.2101735985,nan,nan,nan,nan,nan,nan,nan
2597,51.3157894737,0.4633069116,nan,0.0004401730,33.5637656755,nan,nan,nan,nan,nan,nan,nan
2598,51.3157894737,1.2245900785,nan,0.0000000022,86.6539935212,nan,nan,nan,nan,nan,nan,nan
2599,51.3157894737,1.3107165284,nan,0.0000000003,95.7041347856,nan,nan,nan,nan,nan,nan,nan
2600,51.3157894737,0.5483664886,nan,0.0001948594,37.1027874024,nan,nan,nan,nan,nan,nan,nan
2601,51.3157894737,0.5887667372,nan,0.0001260666,38.9940010812,nan,nan,nan,nan,nan,nan,nan
2602,51.3157894737,0.9565305969,nan,0.0000005686,62.4517591655,nan,nan,nan,nan,nan,nan,nan
2603,51.3157894737,0.8850869307,nan,0.0000019892,57.0132695820,nan,nan,nan,nan,nan,nan,nan
2604,51.3157894737,0.9806967714,nan,0.0000003641,64.3876844248,nan,nan,nan,nan,nan,nan,nan
2605,51.3157894737,0.3193568672,nan,0.0012763930,28.9401558212,nan,nan,nan,nan,nan,nan,nan
2606,51.3157894737,0.5695384611,nan,0.0001557045,38.0769876973,nan,nan,nan,nan,nan,nan,nan
2607,51.3157894737,0.4823714617,nan,0.0003711249,34.3047993858,nan,nan,nan,nan,nan,nan,nan
2608,51.3157894737,0.8421409686,nan,0.0000040283,53.9488292145,nan,nan,nan,nan,nan,nan,nan
2609,51.3157894737,1.1822429901,nan,0.0000000057,82.4315247972,nan,nan,nan,nan,nan,nan,nan
2610,51.3157894737,0.6941148783,nan,0.0000349675,44.5633539675,nan,nan,nan,nan,nan,nan,nan
2611,51.3157894737,0.3334947773,nan,0.0011699455,29.3183436227,nan,nan,nan,nan,nan,nan,nan
2612,51.3157894737,0.3974843705,nan,0.0007521849,31.2367539151,nan,nan,nan,nan,nan,nan,nan
2613,51.3157894737,1.0442150227,nan,0.0000001069,69.7083716888,nan,nan,nan,nan,nan,nan,nan
2614,51.3157894737,0.4330419593,nan,0.0005689521,32.4492432330,nan,nan,nan,nan,nan,nan,nan
2615,51.3157894737,0.3641882087,nan,0.0009558140,30.1962658986,nan,nan,nan,nan,nan,nan,nan
2616,51.3157894737,0.2746528392,nan,0.0016394689,27.8529682156,nan,nan,nan,nan,nan,nan,nan
2617,51.3157894737,0.3453240452,nan,0.0010845586,29.6474699416,nan,nan,nan,nan,nan,nan,nan
2618,51.3157894737,0.5524739867,nan,0.0001866861,37.2888791610,nan,nan,nan,nan,nan,nan,nan
2619,51.3157894737,0.9816959732,nan,0.0000003574,64.4687780071,nan,nan,nan,nan,nan,nan,nan
2620,51.3157894737,0.4438672981,nan,0.0005200950,32.8391733750,nan,nan,nan,nan,nan,nan,nan
2621,51.3157894737,1.1562498190,nan,0.0000000102,79.9139268768,nan,nan,nan,nan,nan,nan,nan
2622,51.3157894737,0.8865742632,nan,0.0000019399,57.1221527587,nan,nan,nan,nan,nan,nan,nan
2623,51.3157894737,0.0637396875,nan,0.0032039640,24.9431237361,nan,nan,nan,nan,nan,nan,nan
2624,51.3157894737,0.9735168655,nan,0.0000004162,63.8074241599,nan,nan,nan,nan,nan,nan,nan
2625,51.3157894737,0.2932436012,nan,0.0014842099,28.2850468343,nan,nan,nan,nan,nan,nan,nan
2626,51.3157894737,0.2882859285,nan,0.0015250943,28.1670331078,nan,nan,nan,nan,nan,nan,nan
2627,51.3157894737,0.6470494469,nan,0.0000636621,41.9611879670,nan,nan,nan,nan,nan,nan,nan
2628,51.3157894737,1.0478347121,nan,0.0000000995,70.0217186749,nan,nan,nan,nan,nan,nan,nan
2629,51.3157894737,0.8485314816,nan,0.0000036349,54.3950969612,nan,nan,nan,nan,nan,nan,nan
2630,51.3157894737,0.4914826319,nan,0.0003412251,34.6695899264,nan,nan,nan,nan,nan,nan,nan
2631,51.3157894737,0.5353789350,nan,0.0002226591,36.5235952889,nan,nan,nan,nan,nan,nan,nan
2632,51.3157894737,1.5716185246,nan,0.0000000000,126.9063505083,nan,nan,nan,nan,nan,nan,nan
2633,51.3157894737,0.4446022307,nan,0.0005168925,32.8659976931,nan,nan,nan,nan,nan,nan,nan
2634,51.3157894737,0.8770106618,nan,0.0000022776,56.4252484675,nan,nan,nan,nan,nan,nan,nan
2635,51.3157894737,0.3016092562,nan,0.0014161894,28.4887865170,nan,nan,nan,nan,nan,nan,nan
2636,51.3157894737,0.7437643594,nan,0.0000177498,47.5080716085,nan,nan,nan,nan,nan,nan,nan
2637,51.3157894737,0.4085890660,nan,0.0006911664,31.6041738906,nan,nan,nan,nan,nan,nan,nan
2638,51.3157894737,1.1187275451,nan,0.0000000230,76.3791963545,nan,nan,nan,nan,nan,nan,nan
2639,51.3157894737,0.8927247002,nan,0.0000017481,57.5743654468,nan,nan,nan,nan,nan,nan,nan
2640,51.3157894737,0.7523660796,nan,0.0000157069,48.0390860800,nan,nan,nan,nan,nan,nan,nan
2641,51.3157894737,0.4999544348,nan,0.0003151405,35.0149579989,nan,nan,nan,nan,nan,nan,nan
2642,51.3157894737,0.5319570421,nan,0.0002304983,36.3733227966,nan,nan,nan,nan,nan,nan,nan
2643,51.3157894737,0.3919929035,nan,0.0007836406,31.0588305190,nan,nan,nan,nan,nan,nan,nan
2644,51.3157894737,0.4956391863,nan,0.0003282241,34.8382954743,nan,nan,nan,nan,nan,nan,nan
2645,51.3157894737,0.7584939277,nan,0.0000143842,48.4211356915,nan,nan,nan,nan,nan,nan,nan
2646,51.3157894737,1.1957086045,nan,0.0000000042,83.7579464867,nan,nan,nan,nan,nan,nan,nan
2647,51.3157894737,1.0836130731,nan,0.0000000481,73.1777842095,nan,nan,nan,nan,nan,nan,nan
2648,51.3157894737,0.6094914921,nan,0.0000996146,40.0167679144,nan,nan,nan,nan,nan,nan,nan
2649,51.3157894737,0.2607007782,nan,0.0017589622,27.5474348193,nan,nan,nan,nan,nan,nan,nan
2650,51.3157894737,0.5940450159,nan,0.0001188202,39.2510980565,nan,nan,nan,nan,nan,nan,nan
2651,51.3157894737,0.6302478480,nan,0.0000780394,41.0768590780,nan,nan,nan,nan,nan,nan,nan
2652,51.3157894737,0.3781487439,nan,0.0008666910,30.6213573680,nan,nan,nan,nan,nan,nan,nan
2653,51.3157894737,1.2865809218,nan,0.0000000005,93.1054341938,nan,nan,nan,nan,nan,nan,nan
2654,51.3157894737,0.3521529597,nan,0.0010368744,29.8427382868,nan,nan,nan,nan,nan,nan,nan
2655,51.3157894737,0.5940352725,nan,0.0001188332,39.2506213396,nan,nan,nan,nan,nan,nan,nan
2656,51.3157894737,0.9015277088,nan,0.0000015041,58.2270949381,nan,nan,nan,nan,nan,nan,nan
2657,51.3157894737,0.5364669516,nan,0.0002202126,36.5715791587,nan,nan,nan,nan,nan,nan,nan
2658,51.3157894737,1.1967476213,nan,0.0000000041,83.8609237385,nan,nan,nan,nan,nan,nan,nan
2659,51.3157894737,0.1285370521,nan,0.0028520333,25.4484540708,nan,nan,nan,nan,nan,nan,nan
2660,51.3157894737,0.8902159907,nan,0.0000018241,57.3895311285,nan,nan,nan,nan,nan,nan,nan
2661,51.3157894737,0.2850680820,nan,0.0015518436,28.0915205663,nan,nan,nan,nan,nan,nan,nan
2662,51.3157894737,1.3699784168,nan,0.0000000001,102.2915566669,nan,nan,nan,nan,nan,nan,nan
2663,51.3157894737,0.4836994680,nan,0.0003666451,34.3575412093,nan,nan,nan,nan,nan,nan,nan
2664,51.3157894737,0.7054046260,nan,0.0000300958,45.2149370055,nan,nan,nan,nan,nan,nan,nan
2665,51.3157894737,0.8419061076,nan,0.0000040434,53.9324930174,nan,nan,nan,nan,nan,nan,nan
2666,51.3157894737,0.9032526717,nan,0.0000014602,58.3557551156,nan,nan,nan,nan,nan,nan,nan
2667,51.3157894737,0.8928165246,nan,0.0000017454,57.5811407485,nan,nan,nan,nan,nan,nan,nan
2668,51.3157894737,0.3098718367,nan,0.0013503025,28.6956891675,nan,nan,nan,nan,nan,nan,nan
2669,51.3157894737,0.6119699743,nan,0.0000967950,40.1414696836,nan,nan,nan,nan,nan,nan,nan
2670,51.3157894737,0.4822759098,nan,0.0003714488,34.3010101748,nan,nan,nan,nan,nan,nan,nan
2671,51.3157894737,0.3244164785,nan,0.0012377696,29.0736020459,nan,nan,nan,nan,nan,nan,nan
2672,51.3157894737,0.7193732735,nan,0.0000249126,46.0358058713,nan,nan,nan,nan,nan,nan,nan
2673,51.3157894737,0.3493977190,nan,0.0010559686,29.7634899430,nan,nan,nan,nan,nan,nan,nan
2674,51.3157894737,0.5366016011,nan,0.0002199113,36.5775243196,nan,nan,nan,nan,nan,nan,nan
2675,51.3157894737,0.4889748518,nan,0.0003492611,34.5684975326,nan,nan,nan,nan,nan,nan,nan
2676,51.3157894737,0.4166905134,nan,0.0006488335,31.8786670929,nan,nan,nan,nan,nan,nan,nan
2677,51.3157894737,0.3375398330,nan,0.0011403580,29.4295879287,nan,nan,nan,nan,nan,nan,nan
2678,51.3157894737,0.6757075987,nan,0.0000444251,43.5237167435,nan,nan,nan,nan,nan,nan,nan
2679,51.3157894737,0.1804822341,nan,0.0024535496,26.1020515506,nan,nan,nan,nan,nan,nan,nan
2680,51.3157894737,0.5095020130,nan,0.0002876526,35.4113164538,nan,nan,nan,nan,nan,nan,nan
2681,51.3157894737,0.3315516836,nan,0.0011842989,29.2653868904,nan,nan,nan,nan,nan,nan,nan
2682,51.3157894737,0.4606279181,nan,0.0004506041,33.4620482636,nan,nan,nan,nan,nan,nan,nan
2683,51.3157894737,0.5396475245,nan,0.0002131860,36.7124126052,nan,nan,nan,nan,nan,nan,nan
2684,51.3157894737,1.0136655524,nan,0.0000001947,67.1073393319,nan,nan,nan,nan,nan,nan,nan
2685,51.3157894737,0.8385746685,nan,0.0000042646,53.7012633650,nan,nan,nan,nan,nan,nan,nan
2686,51.3157894737,0.3247729721,nan,0.0012350700,29.0830842648,nan,nan,nan,nan,nan,nan,nan
2687,51.3157894737,0.2697254809,nan,0.0016814228,27.7432305950,nan,nan,nan,nan,nan,nan,nan
2688,51.3157894737,1.0895761290,nan,0.0000000425,73.7141836407,nan,nan,nan,nan,nan,nan,nan
2689,51.3157894737,1.8700139011,nan,0.0000000000,169.5810730320,nan,nan,nan,nan,nan,nan,nan
2690,51.3157894737,0.5287711761,nan,0.0002379968,36.2342888808,nan,nan,nan,nan,nan,nan,nan
2691,51.3157894737,0.8999098150,nan,0.0000015464,58.1066461458,nan,nan,nan,nan,nan,nan,nan
2692,51.3157894737,0.1090510291,nan,0.0029782618,25.2603712427,nan,nan,nan,nan,nan,nan,nan
2693,51.3157894737,0.2981010751,nan,0.0014445602,28.4026436335,nan,nan,nan,nan,nan,nan,nan
2694,51.3157894737,0.1116735111,nan,0.0029621889,25.2838724468,nan,nan,nan,nan,nan,nan,nan
2695,51.3157894737,0.7635101570,nan,0.0000133776,48.7362061667,nan,nan,nan,nan,nan,nan,nan
2696,51.3157894737,0.8899620476,nan,0.0000018320,57.3708505854,nan,nan,nan,nan,nan,nan,nan
2697,51.3157894737,0.4280061294,nan,0.0005927669,32.2711604070,nan,nan,nan,nan,nan,nan,nan
2698,51.3157894737,0.5033361718,nan,0.0003051769,35.1544827815,nan,nan,nan,nan,nan,nan,nan
2699,51.3157894737,0.7847291661,nan,0.0000097901,50.0921464079,nan,nan,nan,nan,nan,nan,nan
2700,51.3157894737,0.5442063776,nan,0.0002034352,36.9157394149,nan,nan,nan,nan,nan,nan,nan
2701,51.3157894737,0.3678510570,nan,0.0009319149,30.3062376314,nan,nan,nan,nan,nan,nan,nan
2702,51.3157894737,0.6502067768,nan,0.0000612352,42.1299884723,nan,nan,nan,nan,nan,nan,nan
2703,51.3157894737,0.6643149750,nan,0.0000513525,42.8943801499,nan,nan,nan,nan,nan,nan,nan
2704,51.3157894737,0.3243316253,nan,0.0012384125,29.0713466194,nan,nan,nan,nan,nan,nan,nan
2705,51.3157894737,0.7722981846,nan,0.0000117673,49.2932329851,nan,nan,nan,nan,nan,nan,nan
2706,51.3157894737,0.1111263456,nan,0.0029655670,25.2789225646,nan,nan,nan,nan,nan,nan,nan
2707,51.3157894737,0.2604867678,nan,0.0017608107,27.5428732981,nan,nan,nan,nan,nan,nan,nan
2708,51.3157894737,0.3383390199,nan,0.0011345597,29.4517266227,nan,nan,nan,nan,nan,nan,nan
2709,51.3157894737,0.8144856617,nan,0.0000062276,52.0567953304,nan,nan,nan,nan,nan,nan,nan
2710,51.3157894737,0.6131865501,nan,0.0000954362,40.2028669246,nan,nan,nan,nan,nan,nan,nan
2711,51.3157894737,0.4463108199,nan,0.0005095030,32.9285324846,nan,nan,nan,nan,nan,nan,nan
2712,51.3157894737,0.9575384073,nan,0.0000005583,62.5315204715,nan,nan,nan,nan,nan,nan,nan
2713,51.3157894737,0.1419157552,nan,0.0027570138,25.5956106636,nan,nan,nan,nan,nan,nan,nan
2714,51.3157894737,0.5171934735,nan,0.0002669243,35.7361193730,nan,nan,nan,nan,nan,nan,nan
2715,51.3157894737,0.4558630781,nan,0.0004696124,33.2826041728,nan,nan,nan,nan,nan,nan,nan
2716,51.3157894737,0.3880215775,nan,0.0008069163,30.9317148816,nan,nan,nan,nan,nan,nan,nan
2717,51.3157894737,1.1072314541,nan,0.0000000294,75.3197540111,nan,nan,nan,nan,nan,nan,nan
2718,51.3157894737,0.4813745055,nan,0.0003745156,34.2653013200,nan,nan,nan,nan,nan,nan,nan
2719,51.3157894737,0.1877529545,nan,0.0023926420,26.2112228656,nan,nan,nan,nan,nan,nan,nan
2720,51.3157894737,0.3577663368,nan,0.0009985879,30.0061368979,nan,nan,nan,nan,nan,nan,nan
2721,51.3157894737,0.5365635588,nan,0.0002199964,36.5758444926,nan,nan,nan,nan,nan,nan,nan
2722,51.3157894737,0.1723584547,nan,0.0025204535,25.9852130646,nan,nan,nan,nan,nan,nan,nan
2723,51.3157894737,0.2470905857,nan,0.0018772154,27.2648588909,nan,nan,nan,nan,nan,nan,nan
2724,51.3157894737,0.9217027449,nan,0.0000010599,59.7474090634,nan,nan,nan,nan,nan,nan,nan
2725,51.3157894737,0.4020002597,nan,0.0007269526,31.3849390613,nan,nan,nan,nan,nan,nan,nan
2726,51.3157894737,0.1050041880,nan,0.0030024718,25.2252106285,nan,nan,nan,nan,nan,nan,nan
2727,51.3157894737,0.5101198531,nan,0.0002859416,35.4372259694,nan,nan,nan,nan,nan,nan,nan
2728,51.3157894737,0.3734648388,nan,0.0008959964,30.4769373682,nan,nan,nan,nan,nan,nan,nan
2729,51.3157894737,0.4661922008,nan,0.0004291429,33.6739811806,nan,nan,nan,nan,nan,nan,nan
2730,51.3157894737,0.5940872585,nan,0.0001187636,39.2531649631,nan,nan,nan,nan,nan,nan,nan
2731,51.3157894737,0.5680554148,nan,0.0001582146,38.0075351963,nan,nan,nan,nan,nan,nan,nan
2732,51.3157894737,0.4326778984,nan,0.0005706504,32.4362984484,nan,nan,nan,nan,nan,nan,nan
2733,51.3157894737,0.2690756611,nan,0.0016869772,27.7289079190,nan,nan,nan,nan,nan,nan,nan
2734,51.3157894737,0.6689407071,nan,0.0000484328,43.1486075847,nan,nan,nan,nan,nan,nan,nan
2735,51.3157894737,0.5661234793,nan,0.0001615350,37.9173346726,nan,nan,nan,nan,nan,nan,nan
2736,51.3157894737,0.6409688432,nan,0.0000685735,41.6384347919,nan,nan,nan,nan,nan,nan,nan
2737,51.3157894737,1.3598540342,nan,0.0000000001,101.1453484494,nan,nan,nan,nan,nan,nan,nan
2738,51.3157894737,0.3389770393,nan,0.0011299420,29.4694386307,nan,nan,nan,nan,nan,nan,nan
2739,51.3157894737,1.0752071382,nan,0.0000000572,72.4266802575,nan,nan,nan,nan,nan,nan,nan
2740,51.3157894737,1.0104273796,nan,0.0000002072,66.8362006610,nan,nan,nan,nan,nan,nan,nan
2741,51.3157894737,0.3721950344,nan,0.0009040453,30.4380979214,nan,nan,nan,nan,nan,nan,nan
2742,51.3157894737,0.6840355326,nan,0.0000398971,43.9905855611,nan,nan,nan,nan,nan,nan,nan
2743,51.3157894737,0.4639610778,nan,0.0004376537,33.5886937596,nan,nan,nan,nan,nan,nan,nan
2744,51.3157894737,0.5746556053,nan,0.0001472980,38.3180306940,nan,nan,nan,nan,nan,nan,nan
2745,51.3157894737,0.6904173280,nan,0.0000367092,44.3522559395,nan,nan,nan,nan,nan,nan,nan
2746,51.3157894737,0.4264843260,nan,0.0006001008,32.2177579476,nan,nan,nan,nan,nan,nan,nan
2747,51.3157894737,0.8062865672,nan,0.0000070663,51.5080975598,nan,nan,nan,nan,nan,nan,nan
2748,51.3157894737,1.0150204768,nan,0.0000001896,67.2210494791,nan,nan,nan,nan,nan,nan,nan
2749,51.3157894737,0.2493870335,nan,0.0018571771,27.3114667006,nan,nan,nan,nan,nan,nan,nan
2750,51.3157894737,0.2455008540,nan,0.0018911026,27.2328489929,nan,nan,nan,nan,nan,nan,nan
2751,51.3157894737,0.3803189417,nan,0.0008533188,30.6888869917,nan,nan,nan,nan,nan,nan,nan
2752,51.3157894737,0.5088876797,nan,0.0002893620,35.3855853964,nan,nan,nan,nan,nan,nan,nan
2753,51.3157894737,0.1339644501,nan,0.0028142444,25.5063818522,nan,nan,nan,nan,nan,nan,nan
2754,51.3157894737,0.4049293446,nan,0.0007108931,31.4819571901,nan,nan,nan,nan,nan,nan,nan
2755,51.3157894737,0.8057032475,nan,0.0000071297,51.4692740932,nan,nan,nan,nan,nan,nan,nan
2756,51.3157894737,0.1253842634,nan,0.0028734836,25.4159127405,nan,nan,nan,nan,nan,nan,nan
2757,51.3157894737,0.6754257092,nan,0.0000445860,43.5080147602,nan,nan,nan,nan,nan,nan,nan
2758,51.3157894737,0.2852866577,nan,0.0015500215,28.0966227799,nan,nan,nan,nan,nan,nan,nan
2759,51.3157894737,1.1832357008,nan,0.0000000056,82.5287938821,nan,nan,nan,nan,nan,nan,nan
2760,51.3157894737,0.4021680510,nan,0.0007260261,31.3904775210,nan,nan,nan,nan,nan,nan,nan
2761,51.3157894737,0.2856209962,nan,0.0015472358,28.1044348732,nan,nan,nan,nan,nan,nan,nan
2762,51.3157894737,0.7028711020,nan,0.0000311330,45.0677931398,nan,nan,nan,nan,nan,nan,nan
2763,51.3157894737,0.6592823366,nan,0.0000547040,42.6198099392,nan,nan,nan,nan,nan,nan,nan
2764,51.3157894737,1.4912200835,nan,0.0000000000,116.6839324069,nan,nan,nan,nan,nan,nan,nan
2765,51.3157894737,1.0695290311,nan,0.0000000642,71.9226565413,nan,nan,nan,nan,nan,nan,nan
2766,51.3157894737,0.9105583066,nan,0.0000012872,58.9034117580,nan,nan,nan,nan,nan,nan,nan
2767,51.3157894737,1.4047915018,nan,0.0000000000,106.2982720122,nan,nan,nan,nan,nan,nan,nan
2768,51.3157894737,0.4703439185,nan,0.0004136391,33.8337839825,nan,nan,nan,nan,nan,nan,nan
2769,51.3157894737,0.1296169285,nan,0.0028446004,25.4597873278,nan,nan,nan,nan,nan,nan,nan
2770,51.3157894737,0.4572723213,nan,0.0004639295,33.3354803776,nan,nan,nan,nan,nan,nan,nan
2771,51.3157894737,0.5268380366,nan,0.0002426423,36.1503355899,nan,nan,nan,nan,nan,nan,nan
2772,51.3157894737,0.5246645726,nan,0.0002479525,36.0563156718,nan,nan,nan,nan,nan,nan,nan
2773,51.3157894737,0.9523811562,nan,0.0000006132,62.1242515855,nan,nan,nan,nan,nan,nan,nan
2774,51.3157894737,0.4482155694,nan,0.0005013567,32.9985319280,nan,nan,nan,nan,nan,nan,nan
2775,51.3157894737,0.8410846723,nan,0.0000040970,53.8753926788,nan,nan,nan,nan,nan,nan,nan
2776,51.3157894737,0.7080908764,nan,0.0000290300,45.3715341876,nan,nan,nan,nan,nan,nan,nan
2777,51.3157894737,0.2652167897,nan,0.0017200567,27.6445722570,nan,nan,nan,nan,nan,nan,nan
2778,51.3157894737,0.8788841282,nan,0.0000022074,56.5611685534,nan,nan,nan,nan,nan,nan,nan
2779,51.3157894737,0.8343475942,nan,0.0000045612,53.4091999289,nan,nan,nan,nan,nan,nan,nan
2780,51.3157894737,0.1256260669,nan,0.0028718519,25.4183796488,nan,nan,nan,nan,nan,nan,nan
2781,51.3157894737,0.7782709730,nan,0.0000107758,49.6754861067,nan,nan,nan,nan,nan,nan,nan
2782,51.3157894737,0.9391413009,nan,0.0000007782,61.0888540734,nan,nan,nan,nan,nan,nan,nan
2783,51.3157894737,0.6255851105,nan,0.0000824973,40.8356010629,nan,nan,nan,nan,nan,nan,nan
2784,51.3157894737,0.3398571075,nan,0.0011235890,29.4939253592,nan,nan,nan,nan,nan,nan,nan
2785,51.3157894737,1.3688747709,nan,0.0000000001,102.1661936043,nan,nan,nan,nan,nan,nan,nan
2786,51.3157894737,0.1839659671,nan,0.0024244777,26.1538179970,nan,nan,nan,nan,nan,nan,nan
2787,51.3157894737,0.6404333913,nan,0.0000690214,41.6101606880,nan,nan,nan,nan,nan,nan,nan
2788,51.3157894737,0.5788966677,nan,0.0001406224,38.5194536662,nan,nan,nan,nan,nan,nan,nan
2789,51.3157894737,0.5724980221,nan,0.0001507949,38.2161326672,nan,nan,nan,nan,nan,nan,nan
2790,51.3157894737,0.5953501496,nan,0.0001170840,39.3150259709,nan,nan,nan,nan,nan,nan,nan
2791,51.3157894737,0.7129557100,nan,0.0000271853,45.6566615375,nan,nan,nan,nan,nan,nan,nan
2792,51.3157894737,1.0705670550,nan,0.0000000629,72.0145969001,nan,nan,nan,nan,nan,nan,nan
2793,51.3157894737,0.7312674182,nan,0.0000211468,46.7475622106,nan,nan,nan,nan,nan,nan,nan
2794,51.3157894737,0.4284811817,nan,0.0005904906,32.2878700195,nan,nan,nan,nan,nan,nan,nan
2795,51.3157894737,0.3274021308,nan,0.0012152509,29.1533404774,nan,nan,nan,nan,nan,nan,nan
2796,51.3157894737,0.9203982091,nan,0.0000010844,59.6480781091,nan,nan,nan,nan,nan,nan,nan
2797,51.3157894737,1.3488261963,nan,0.0000000001,99.9066130686,nan,nan,nan,nan,nan,nan,nan
2798,51.3157894737,0.6752357051,nan,0.0000446948,43.4974347634,nan,nan,nan,nan,nan,nan,nan
2799,51.3157894737,0.5392788523,nan,0.0002139910,36.6960450544,nan,nan,nan,nan,nan,nan,nan
2800,51.3157894737,0.0985529881,nan,0.0030395329,25.1719314879,nan,nan,nan,nan,nan,nan,nan
2801,51.3157894737,0.3209059771,nan,0.0012645067,28.9807886023,nan,nan,nan,nan,nan,nan,nan
2802,51.3157894737,0.4721796395,nan,0.0004069211,33.9048978538,nan,nan,nan,nan,nan,nan,nan
2803,51.3157894737,0.3499424181,nan,0.0010521782,29.7791072117,nan,nan,nan,nan,nan,nan,nan
2804,51.3157894737,0.6712712788,nan,0.0000470179,43.2773683541,nan,nan,nan,nan,nan,nan,nan
2805,51.3157894737,0.9834994882,nan,0.0000003455,64.6153591531,nan,nan,nan,nan,nan,nan,nan
2806,51.3157894737,0.5093992546,nan,0.0002879380,35.4070102893,nan,nan,nan,nan,nan,nan,nan
2807,51.3157894737,0.7601017146,nan,0.0000140543,48.5218930829,nan,nan,nan,nan,nan,nan,nan
2808,51.3157894737,0.5179369690,nan,0.0002649856,35.7677765973,nan,nan,nan,nan,nan,nan,nan
2809,51.3157894737,0.1273758543,nan,0.0028599774,25.4363740342,nan,nan,nan,nan,nan,nan,nan
2810,51.3157894737,0.2988312684,nan,0.0014386364,28.4204896699,nan,nan,nan,nan,nan,nan,nan
2811,51.3157894737,0.2015814062,nan,0.0022746466,26.4308607019,nan,nan,nan,nan,nan,nan,nan
2812,51.3157894737,1.1910701352,nan,0.0000000047,83.2993266195,nan,nan,nan,nan,nan,nan,nan
2813,51.3157894737,0.6623246543,nan,0.0000526558,42.7855407202,nan,nan,nan,nan,nan,nan,nan
2814,51.3157894737,0.4015177175,nan,0.0007296214,31.3690242826,nan,nan,nan,nan,nan,nan,nan
2815,51.3157894737,0.8880331360,nan,0.0000018927,57.2291315881,nan,nan,nan,nan,nan,nan,nan
2816,51.3157894737,0.4760175874,nan,0.0003931445,34.0544784391,nan,nan,nan,nan,nan,nan,nan
2817,51.3157894737,0.7789470572,nan,0.0000106686,49.7189419933,nan,nan,nan,nan,nan,nan,nan
2818,51.3157894737,0.6572782137,nan,0.0000560912,42.5110553886,nan,nan,nan,nan,nan,nan,nan
2819,51.3157894737,0.4326462751,nan,0.0005707981,32.4351745497,nan,nan,nan,nan,nan,nan,nan
2820,51.3157894737,0.4557267383,nan,0.0004701650,33.2774972980,nan,nan,nan,nan,nan,nan,nan
2821,51.3157894737,0.2026955590,nan,0.0022650397,26.4492418262,nan,nan,nan,nan,nan,nan,nan
2822,51.3157894737,0.2567457464,nan,0.0017931864,27.4637455503,nan,nan,nan,nan,nan,nan,nan
2823,51.3157894737,0.7892081128,nan,0.0000091556,50.3831517675,nan,nan,nan,nan,nan,nan,nan
2824,51.3157894737,0.6948111840,nan,0.0000346479,44.6032341994,nan,nan,nan,nan,nan,nan,nan
2825,51.3157894737,0.6751776208,nan,0.0000447280,43.4942010557,nan,nan,nan,nan,nan,nan,nan
2826,51.3157894737,0.8009245727,nan,0.0000076696,51.1522911523,nan,nan,nan,nan,nan,nan,nan
2827,51.3157894737,0.3922869976,nan,0.0007819346,31.0682959019,nan,nan,nan,nan,nan,nan,nan
2828,51.3157894737,0.5058933645,nan,0.0002978093,35.2606180793,nan,nan,nan,nan,nan,nan,nan
2829,51.3157894737,0.7756791231,nan,0.0000111963,49.5092452830,nan,nan,nan,nan,nan,nan,nan
2830,51.3157894737,0.5278606106,nan,0.0002401759,36.1947057836,nan,nan,nan,nan,nan,nan,nan
2831,51.3157894737,0.9260243481,nan,0.0000009823,60.0774813628,nan,nan,nan,nan,nan,nan,nan
2832,51.3157894737,0.1622222208,nan,0.0026019339,25.8470373244,nan,nan,nan,nan,nan,nan,nan
2833,51.3157894737,0.5413135868,nan,0.0002095791,36.7865197025,nan,nan,nan,nan,nan,nan,nan
2834,51.3157894737,0.2296927269,nan,0.0020296068,26.9258808786,nan,nan,nan,nan,nan,nan,nan
2835,51.3157894737,0.7464536046,nan,0.0000170867,47.6734265669,nan,nan,nan,nan,nan,nan,nan
2836,51.3157894737,0.1420339691,nan,0.0027561469,25.5969763832,nan,nan,nan,nan,nan,nan,nan
2837,51.3157894737,1.2942835060,nan,0.0000000004,93.9294862264,nan,nan,nan,nan,nan,nan,nan
2838,51.3157894737,0.6082524971,nan,0.0001010504,39.9546207393,nan,nan,nan,nan,nan,nan,nan
2839,51.3157894737,1.6655319076,nan,0.0000000000,139.5326340417,nan,nan,nan,nan,nan,nan,nan
2840,51.3157894737,0.5312359859,nan,0.0002321784,36.3417815506,nan,nan,nan,nan,nan,nan,nan
2841,51.3157894737,0.7016671646,nan,0.0000316369,44.9980571200,nan,nan,nan,nan,nan,nan,nan
2842,51.3157894737,1.0258101962,nan,0.0000001537,68.1320284832,nan,nan,nan,nan,nan,nan,nan
2843,51.3157894737,0.5972152137,nan,0.0001146403,39.4066258958,nan,nan,nan,nan,nan,nan,nan
2844,51.3157894737,0.1453280752,nan,0.0027318105,25.6354942635,nan,nan,nan,nan,nan,nan,nan
2845,51.3157894737,1.0714056383,nan,0.0000000618,72.0889379865,nan,nan,nan,nan,nan,nan,nan
2846,51.3157894737,0.9352900505,nan,0.0000008336,60.7904186844,nan,nan,nan,nan,nan,nan,nan
2847,51.3157894737,1.3927040911,nan,0.0000000000,104.8956148071,nan,nan,nan,nan,nan,nan,nan
2848,51.3157894737,0.2420378012,nan,0.0019213920,27.1638402782,nan,nan,nan,nan,nan,nan,nan
2849,51.3157894737,1.2723338678,nan,0.0000000007,91.5943016880,nan,nan,nan,nan,nan,nan,nan
2850,51.3157894737,1.0573541926,nan,0.0000000822,70.8510146001,nan,nan,nan,nan,nan,nan,nan
2851,51.3157894737,0.3460487882,nan,0.0010794411,29.6680105979,nan,nan,nan,nan,nan,nan,nan
2852,51.3157894737,0.4974074029,nan,0.0003228124,34.9104979691,nan,nan,nan,nan,nan,nan,nan
2853,51.3157894737,0.0636671175,nan,0.0032042397,24.9427500909,nan,nan,nan,nan,nan,nan,nan
2854,51.3157894737,1.0450695835,nan,0.0000001051,69.7822501582,nan,nan,nan,nan,nan,nan,nan
2855,51.3157894737,0.7347281217,nan,0.0000201518,46.9568644733,nan,nan,nan,nan,nan,nan,nan
2856,51.3157894737,0.9969322142,nan,0.0000002682,65.7156436800,nan,nan,nan,nan,nan,nan,nan
2857,51.3157894737,0.8049041334,nan,0.0000072175,51.4161342031,nan,nan,nan,nan,nan,nan,nan
2858,51.3157894737,0.5099419930,nan,0.0002864334,35.4297640474,nan,nan,nan,nan,nan,nan,nan
2859,51.3157894737,0.3998203496,nan,0.0007390611,31.3131963514,nan,nan,nan,nan,nan,nan,nan
2860,51.3157894737,0.6271828352,nan,0.0000809456,40.9180666067,nan,nan,nan,nan,nan,nan,nan
2861,51.3157894737,1.1758620835,nan,0.0000000066,81.8082677521,nan,nan,nan,nan,nan,nan,nan
2862,51.3157894737,1.0573682117,nan,0.0000000822,70.8522414579,nan,nan,nan,nan,nan,nan,nan
2863,51.3157894737,0.4804582662,nan,0.0003776527,34.2290738214,nan,nan,nan,nan,nan,nan,nan
2864,51.3157894737,0.8571318929,nan,0.0000031615,55.0010587715,nan,nan,nan,nan,nan,nan,nan
2865,51.3157894737,0.6686778532,nan,0.0000485947,43.1341136194,nan,nan,nan,nan,nan,nan,nan
2866,51.3157894737,0.4200705526,nan,0.0006317138,31.9947963769,nan,nan,nan,nan,nan,nan,nan
2867,51.3157894737,0.2253367292,nan,0.0020678005,26.8449135809,nan,nan,nan,nan,nan,nan,nan
2868,51.3157894737,0.6769921330,nan,0.0000436983,43.5953523194,nan,nan,nan,nan,nan,nan,nan
2869,51.3157894737,0.7312631092,nan,0.0000211480,46.7473022254,nan,nan,nan,nan,nan,nan,nan
2870,51.3157894737,0.2322301220,nan,0.0020073517,26.9737654043,nan,nan,nan,nan,nan,nan,nan
2871,51.3157894737,0.7388095837,nan,0.0000190327,47.2049907348,nan,nan,nan,nan,nan,nan,nan
2872,51.3157894737,0.9553632656,nan,0.0000005808,62.3594787413,nan,nan,nan,nan,nan,nan,nan
2873,51.3157894737,0.6431065692,nan,0.0000668105,41.7515531494,nan,nan,nan,nan,nan,nan,nan
2874,51.3157894737,0.5469210664,nan,0.0001978046,37.0376351106,nan,nan,nan,nan,nan,nan,nan
2875,51.3157894737,0.2046065563,nan,0.0022485331,26.4810070891,nan,nan,nan,nan,nan,nan,nan
2876,51.3157894737,0.6117696572,nan,0.0000970203,40.1313720185,nan,nan,nan,nan,nan,nan,nan
2877,51.3157894737,0.8317308779,nan,0.0000047543,53.2291476586,nan,nan,nan,nan,nan,nan,nan
2878,51.3157894737,0.7849192109,nan,0.0000097623,50.1044600343,nan,nan,nan,nan,nan,nan,nan
2879,51.3157894737,1.0690992111,nan,0.0000000648,71.8846126446,nan,nan,nan,nan,nan,nan,nan
2880,51.3157894737,0.2093560361,nan,0.0022073659,26.5612566122,nan,nan,nan,nan,nan,nan,nan
2881,51.3157894737,0.6505244631,nan,0.0000609955,42.1470188336,nan,nan,nan,nan,nan,nan,nan
2882,51.3157894737,0.1211146382,nan,0.0029019218,25.3731429414,nan,nan,nan,nan,nan,nan,nan
2883,51.3157894737,1.4618985172,nan,0.0000000000,113.0904486924,nan,nan,nan,nan,nan,nan,nan
2884,51.3157894737,0.6336391885,nan,0.0000749296,41.2534677473,nan,nan,nan,nan,nan,nan,nan
2885,51.3157894737,0.3803251901,nan,0.0008532805,30.6890819840,nan,nan,nan,nan,nan,nan,nan
2886,51.3157894737,0.0588550750,nan,0.0032218612,24.9189317563,nan,nan,nan,nan,nan,nan,nan
2887,51.3157894737,0.2280764777,nan,0.0020437810,26.8956563618,nan,nan,nan,nan,nan,nan,nan
2888,51.3157894737,0.6460273015,nan,0.0000644656,41.9067184947,nan,nan,nan,nan,nan,nan,nan
2889,51.3157894737,1.2740103280,nan,0.0000000007,91.7712367535,nan,nan,nan,nan,nan,nan,nan
2890,51.3157894737,0.6033675694,nan,0.0001068848,39.7108385694,nan,nan,nan,nan,nan,nan,nan
2891,51.3157894737,0.5803502420,nan,0.0001383938,38.5888327151,nan,nan,nan,nan,nan,nan,nan
2892,51.3157894737,0.8241107394,nan,0.0000053604,52.7080662830,nan,nan,nan,nan,nan,nan,nan
2893,51.3157894737,1.4403861521,nan,0.0000000000,110.4997790822,nan,nan,nan,nan,nan,nan,nan
2894,51.3157894737,0.3653858632,nan,0.0009479596,30.2321016336,nan,nan,nan,nan,nan,nan,nan
2895,51.3157894737,0.6677381951,nan,0.0000491774,43.0823471283,nan,nan,nan,nan,nan,nan,nan
2896,51.3157894737,0.8108028008,nan,0.0000065923,51.8096392562,nan,nan,nan,nan,nan,nan,nan
2897,51.3157894737,0.7044632923,nan,0.0000304775,45.1602032033,nan,nan,nan,nan,nan,nan,nan
2898,51.3157894737,0.5880907646,nan,0.0001270211,38.9612426231,nan,nan,nan,nan,nan,nan,nan
2899,51.3157894737,0.3700774698,nan,0.0009175664,30.3736247925,nan,nan,nan,nan,nan,nan,nan
2900,51.3157894737,0.4047844962,nan,0.0007116816,31.4771427796,nan,nan,nan,nan,nan,nan,nan
2901,51.3157894737,0.5738569604,nan,0.0001485844,38.2802673453,nan,nan,nan,nan,nan,nan,nan
2902,51.3157894737,0.9722746336,nan,0.0000004258,63.7074667110,nan,nan,nan,nan,nan,nan,nan
2903,51.3157894737,0.4186102769,nan,0.0006390710,31.9445090545,nan,nan,nan,nan,nan,nan,nan
2904,51.3157894737,0.7042059052,nan,0.0000305826,45.1452502745,nan,nan,nan,nan,nan,nan,nan
2905,51.3157894737,0.2578983199,nan,0.0017831993,27.4880010349,nan,nan,nan,nan,nan,nan,nan
2906,51.3157894737,0.1639007598,nan,0.0025886089,25.8693356692,nan,nan,nan,nan,nan,nan,nan
2907,51.3157894737,0.2230381074,nan,0.0020879409,26.8028179418,nan,nan,nan,nan,nan,nan,nan
2908,51.3157894737,0.4321140014,nan,0.0005732882,32.4162698365,nan,nan,nan,nan,nan,nan,nan
2909,51.3157894737,0.7598872673,nan,0.0000140979,48.5084415805,nan,nan,nan,nan,nan,nan,nan
2910,51.3157894737,0.5778778490,nan,0.0001422024,38.4709300814,nan,nan,nan,nan,nan,nan,nan
2911,51.3157894737,1.0414211241,nan,0.0000001131,69.4672589654,nan,nan,nan,nan,nan,nan,nan
2912,51.3157894737,0.4073545069,nan,0.0006977789,31.5628217435,nan,nan,nan,nan,nan,nan,nan
2913,51.3157894737,0.5932167784,nan,0.0001199333,39.2106027967,nan,nan,nan,nan,nan,nan,nan
2914,51.3157894737,0.4441976640,nan,0.0005186536,32.8512258692,nan,nan,nan,nan,nan,nan,nan
2915,51.3157894737,0.6511377282,nan,0.0000605352,42.1799181623,nan,nan,nan,nan,nan,nan,nan
2916,51.3157894737,0.2045812959,nan,0.0022487516,26.4805852421,nan,nan,nan,nan,nan,nan,nan
2917,51.3157894737,0.7113482314,nan,0.0000277829,45.5622296155,nan,nan,nan,nan,nan,nan,nan
2918,51.3157894737,0.5685799761,nan,0.0001573229,38.0320800384,nan,nan,nan,nan,nan,nan,nan
2919,51.3157894737,0.2631773699,nan,0.0017376020,27.6004969058,nan,nan,nan,nan,nan,nan,nan
2920,51.3157894737,1.2854049387,nan,0.0000000005,92.9800594672,nan,nan,nan,nan,nan,nan,nan
2921,51.3157894737,0.4141773052,nan,0.0006617694,31.7929331122,nan,nan,nan,nan,nan,nan,nan
2922,51.3157894737,1.3300122424,nan,0.0000000002,97.8167569842,nan,nan,nan,nan,nan,nan,nan
2923,51.3157894737,0.6278742822,nan,0.0000802819,40.9538209669,nan,nan,nan,nan,nan,nan,nan
2924,51.3157894737,0.3917139506,nan,0.0007852611,31.0498590680,nan,nan,nan,nan,nan,nan,nan
2925,51.3157894737,0.1494154397,nan,0.0027011420,25.6845258743,nan,nan,nan,nan,nan,nan,nan
2926,51.3157894737,0.6033250862,nan,0.0001069368,39.7087271428,nan,nan,nan,nan,nan,nan,nan
2927,51.3157894737,0.5316082786,nan,0.0002313097,36.3580614060,nan,nan,nan,nan,nan,nan,nan
2928,51.3157894737,0.3512053163,nan,0.0010434195,29.8154106188,nan,nan,nan,nan,nan,nan,nan
2929,51.3157894737,1.0351424783,nan,0.0000001280,68.9277903639,nan,nan,nan,nan,nan,nan,nan
2930,51.3157894737,0.2811578630,nan,0.0015845609,28.0009106269,nan,nan,nan,nan,nan,nan,nan
2931,51.3157894737,1.3803482752,nan,0.0000000000,103.4744444403,nan,nan,nan,nan,nan,nan,nan
2932,51.3157894737,1.2835745697,nan,0.0000000005,92.7851489181,nan,nan,nan,nan,nan,nan,nan
2933,51.3157894737,0.4257708293,nan,0.0006035613,32.1927862820,nan,nan,nan,nan,nan,nan,nan
2934,51.3157894737,0.8897501852,nan,0.0000018385,57.3552696901,nan,nan,nan,nan,nan,nan,nan
2935,51.3157894737,0.5980246714,nan,0.0001135933,39.4464711504,nan,nan,nan,nan,nan,nan,nan
2936,51.3157894737,0.9750597812,nan,0.0000004044,63.9317556452,nan,nan,nan,nan,nan,nan,nan
2937,51.3157894737,0.2486694855,nan,0.0018634353,27.2968569211,nan,nan,nan,nan,nan,nan,nan
2938,51.3157894737,0.7301658122,nan,0.0000214726,46.6811465211,nan,nan,nan,nan,nan,nan,nan
2939,51.3157894737,0.4068372982,nan,0.0007005619,31.5455350972,nan,nan,nan,nan,nan,nan,nan
2940,51.3157894737,1.1275051361,nan,0.0000000191,77.1955405881,nan,nan,nan,nan,nan,nan,nan
2941,51.3157894737,0.4318285765,nan,0.0005746267,32.4061420922,nan,nan,nan,nan,nan,nan,nan
2942,51.3157894737,0.5219034649,nan,0.0002548332,35.9374406527,nan,nan,nan,nan,nan,nan,nan
2943,51.3157894737,0.3902288307,nan,0.0007939252,31.0022043079,nan,nan,nan,nan,nan,nan,nan
2944,51.3157894737,0.5631526857,nan,0.0001667541,37.7792353233,nan,nan,nan,nan,nan,nan,nan
2945,51.3157894737,0.2227205338,nan,0.0020907224,26.7970363006,nan,nan,nan,nan,nan,nan,nan
2946,51.3157894737,0.4681057802,nan,0.0004219433,33.7474588106,nan,nan,nan,nan,nan,nan,nan
2947,51.3157894737,0.6852467590,nan,0.0000392738,44.0589680139,nan,nan,nan,nan,nan,nan,nan
2948,51.3157894737,1.4524448565,nan,0.0000000000,111.9472024368,nan,nan,nan,nan,nan,nan,nan
2949,51.3157894737,0.7785267211,nan,0.0000107351,49.6919200599,nan,nan,nan,nan,nan,nan,nan
2950,51.3157894737,0.5830594804,nan,0.0001343194,38.7186128416,nan,nan,nan,nan,nan,nan,nan
2951,51.3157894737,0.3605848987,nan,0.0009796784,30.0891645728,nan,nan,nan,nan,nan,nan,nan
2952,51.3157894737,0.7655929906,nan,0.0000129788,48.8676447718,nan,nan,nan,nan,nan,nan,nan
2953,51.3157894737,0.6019927094,nan,0.0001085779,39.6425836939,nan,nan,nan,nan,nan,nan,nan
2954,51.3157894737,0.3120049000,nan,0.0013335156,28.7500188489,nan,nan,nan,nan,nan,nan,nan
2955,51.3157894737,1.3901808256,nan,0.0000000000,104.6043501241,nan,nan,nan,nan,nan,nan,nan
2956,51.3157894737,0.9409357121,nan,0.0000007536,61.2283262849,nan,nan,nan,nan,nan,nan,nan
2957,51.3157894737,0.3795588030,nan,0.0008579877,30.6651895579,nan,nan,nan,nan,nan,nan,nan
2958,51.3157894737,0.9071796001,nan,0.0000013647,58.6495787907,nan,nan,nan,nan,nan,nan,nan
2959,51.3157894737,0.7030806817,nan,0.0000310460,45.0799450089,nan,nan,nan,nan,nan,nan,nan
2960,51.3157894737,0.6530929552,nan,0.0000590879,42.2850173373,nan,nan,nan,nan,nan,nan,nan
2961,51.3157894737,0.1577335209,nan,0.0026372149,25.7885448094,nan,nan,nan,nan,nan,nan,nan
2962,51.3157894737,0.1634967038,nan,0.0025918228,25.8639468822,nan,nan,nan,nan,nan,nan,nan
2963,51.3157894737,0.7914871597,nan,0.0000088474,50.5318667750,nan,nan,nan,nan,nan,nan,nan
2964,51.3157894737,0.6671278320,nan,0.0000495592,43.0487610819,nan,nan,nan,nan,nan,nan,nan
2965,51.3157894737,0.7697025616,nan,0.0000122235,49.1280411344,nan,nan,nan,nan,nan,nan,nan
2966,51.3157894737,0.7168116639,nan,0.0000257985,45.8840572378,nan,nan,nan,nan,nan,nan,nan
2967,51.3157894737,0.7132908852,nan,0.0000270621,45.6763786122,nan,nan,nan,nan,nan,nan,nan
2968,51.3157894737,0.2320027949,nan,0.0020093455,26.9694537586,nan,nan,nan,nan,nan,nan,nan
2969,51.3157894737,0.5374957527,nan,0.0002179194,36.6170418628,nan,nan,nan,nan,nan,nan,nan
2970,51.3157894737,0.6237733680,nan,0.0000842879,40.7423457783,nan,nan,nan,nan,nan,nan,nan
2971,51.3157894737,0.2458814650,nan,0.0018877767,27.2404937801,nan,nan,nan,nan,nan,nan,nan
2972,51.3157894737,0.4167086340,nan,0.0006487409,31.8792871469,nan,nan,nan,nan,nan,nan,nan
2973,51.3157894737,0.9546685285,nan,0.0000005882,62.3046120042,nan,nan,nan,nan,nan,nan,nan
2974,51.3157894737,0.3492100954,nan,0.0010572760,29.7581161962,nan,nan,nan,nan,nan,nan,nan
2975,51.3157894737,0.7502450165,nan,0.0000161898,47.9075734045,nan,nan,nan,nan,nan,nan,nan
2976,51.3157894737,0.4282001975,nan,0.0005918363,32.2779843505,nan,nan,nan,nan,nan,nan,nan
2977,51.3157894737,0.7229120854,nan,0.0000237337,46.2463415481,nan,nan,nan,nan,nan,nan,nan
2978,51.3157894737,0.6705591483,nan,0.0000474463,43.2379762462,nan,nan,nan,nan,nan,nan,nan
2979,51.3157894737,0.3624560353,nan,0.0009672425,30.1446463973,nan,nan,nan,nan,nan,nan,nan
2980,51.3157894737,0.6728233810,nan,0.0000460960,43.3633703197,nan,nan,nan,nan,nan,nan,nan
2981,51.3157894737,0.6877978091,nan,0.0000379893,44.2033922456,nan,nan,nan,nan,nan,nan,nan
2982,51.3157894737,0.4743987129,nan,0.0003989114,33.9912353476,nan,nan,nan,nan,nan,nan,nan
2983,51.3157894737,0.4952506876,nan,0.0003294226,34.8224664557,nan,nan,nan,nan,nan,nan,nan
2984,51.3157894737,1.2352226814,nan,0.0000000017,87.7377165547,nan,nan,nan,nan,nan,nan,nan
2985,51.3157894737,0.5050872350,nan,0.0003001165,35.2271014438,nan,nan,nan,nan,nan,nan,nan
2986,51.3157894737,0.6280740068,nan,0.0000800911,40.9641560147,nan,nan,nan,nan,nan,nan,nan
2987,51.3157894737,0.8680678922,nan,0.0000026421,55.7804802896,nan,nan,nan,nan,nan,nan,nan
2988,51.3157894737,0.7556010821,nan,0.0000149955,48.2403875786,nan,nan,nan,nan,nan,nan,nan
2989,51.3157894737,0.6395106080,nan,0.0000697993,41.5614897858,nan,nan,nan,nan,nan,nan,nan
2990,51.3157894737,0.8455001326,nan,0.0000038168,54.1829850661,nan,nan,nan,nan,nan,nan,nan
2991,51.3157894737,0.4369653456,nan,0.0005508784,32.5894424336,nan,nan,nan,nan,nan,nan,nan
2992,51.3157894737,0.9822856739,nan,0.0000003535,64.5166762296,nan,nan,nan,nan,nan,nan,nan
2993,51.3157894737,0.5698876416,nan,0.0001551184,38.0933667173,nan,nan,nan,nan,nan,nan,nan
2994,51.3157894737,0.1683996506,nan,0.0025525588,25.9302423719,nan,nan,nan,nan,nan,nan,nan
2995,51.3157894737,0.7755740104,nan,0.0000112137,49.5025151738,nan,nan,nan,nan,nan,nan,nan
2996,51.3157894737,0.3276253377,nan,0.0012135757,29.1593313056,nan,nan,nan,nan,nan,nan,nan
2997,51.3157894737,0.5644812421,nan,0.0001644030,37.8409035923,nan,nan,nan,nan,nan,nan,nan
2998,51.3157894737,1.4063244209,nan,0.0000000000,106.4770296647,nan,nan,nan,nan,nan,nan,nan
2999,51.3157894737,0.3840557075,nan,0.0008306008,30.8060764596,nan,nan,nan,nan,nan,nan,nan
3000,51.3157894737,1.0178960719,nan,0.0000001794,67.4628873154,nan,nan,nan,nan,nan,nan,nan
3001,51.3157894737,0.6812549998,nan,0.0000413612,43.8340659521,nan,nan,nan,nan,nan,nan,nan
3002,51.3157894737,0.1404022867,nan,0.0027680715,25.5782269587,nan,nan,nan,nan,nan,nan,nan
3003,51.3157894737,0.7135925872,nan,0.0000269517,45.6941345826,nan,nan,nan,nan,nan,nan,nan
3004,51.3157894737,0.7453302496,nan,0.0000173609,47.6042810885,nan,nan,nan,nan,nan,nan,nan
3005,51.3157894737,0.9944876649,nan,0.0000002809,65.5142884610,nan,nan,nan,nan,nan,nan,nan
3006,51.3157894737,0.9787487413,nan,0.0000003776,64.2298249346,nan,nan,nan,nan,nan,nan,nan
3007,51.3157894737,0.2364414747,nan,0.0019704204,27.0544110961,nan,nan,nan,nan,nan,nan,nan
3008,51.3157894737,0.8343139573,nan,0.0000045636,53.4068818024,nan,nan,nan,nan,nan,nan,nan
3009,51.3157894737,0.5869994469,nan,0.0001285750,38.9084361254,nan,nan,nan,nan,nan,nan,nan
3010,51.3157894737,0.1485662491,nan,0.0027075556,25.6742262053,nan,nan,nan,nan,nan,nan,nan
3011,51.3157894737,0.6297133075,nan,0.0000785397,41.0491093510,nan,nan,nan,nan,nan,nan,nan
3012,51.3157894737,0.2760521992,nan,0.0016276092,27.8844987588,nan,nan,nan,nan,nan,nan,nan
3013,51.3157894737,0.7047141963,nan,0.0000303754,45.1747847989,nan,nan,nan,nan,nan,nan,nan
3014,51.3157894737,0.4343561385,nan,0.0005628514,32.4960623894,nan,nan,nan,nan,nan,nan,nan
3015,51.3157894737,0.3480170715,nan,0.0010656106,29.7240147868,nan,nan,nan,nan,nan,nan,nan
3016,51.3157894737,0.5920003394,nan,0.0001215841,39.1512303812,nan,nan,nan,nan,nan,nan,nan
3017,51.3157894737,0.0124522705,nan,0.0033221675,24.7857847153,nan,nan,nan,nan,nan,nan,nan
3018,51.3157894737,0.2657885793,nan,0.0017151452,27.6569911942,nan,nan,nan,nan,nan,nan,nan
3019,51.3157894737,0.4962008804,nan,0.0003264974,34.8612033150,nan,nan,nan,nan,nan,nan,nan
3020,51.3157894737,0.2491177880,nan,0.0018595250,27.3059796973,nan,nan,nan,nan,nan,nan,nan
3021,51.3157894737,0.9064273715,nan,0.0000013825,58.5931954267,nan,nan,nan,nan,nan,nan,nan
3022,51.3157894737,0.9224045482,nan,0.0000010469,59.8009049920,nan,nan,nan,nan,nan,nan,nan
3023,51.3157894737,1.1096807171,nan,0.0000000279,75.5445450141,nan,nan,nan,nan,nan,nan,nan
3024,51.3157894737,0.9760788534,nan,0.0000003968,64.0139835687,nan,nan,nan,nan,nan,nan,nan
3025,51.3157894737,1.2238979506,nan,0.0000000022,86.5837762376,nan,nan,nan,nan,nan,nan,nan
3026,51.3157894737,0.2993755540,nan,0.0014342271,28.4338207347,nan,nan,nan,nan,nan,nan,nan
3027,51.3157894737,0.4893910947,nan,0.0003479172,34.5852408144,nan,nan,nan,nan,nan,nan,nan
3028,51.3157894737,0.7510922600,nan,0.0000159954,47.9600602930,nan,nan,nan,nan,nan,nan,nan
3029,51.3157894737,0.5805304024,nan,0.0001381197,38.5974439845,nan,nan,nan,nan,nan,nan,nan
3030,51.3157894737,1.0495486413,nan,0.0000000962,70.1704704826,nan,nan,nan,nan,nan,nan,nan
3031,51.3157894737,2.1501028764,nan,0.0000000000,216.4319222333,nan,nan,nan,nan,nan,nan,nan
3032,51.3157894737,0.1130533018,nan,0.0029536134,25.2964634683,nan,nan,nan,nan,nan,nan,nan
3033,51.3157894737,1.3207396853,nan,0.0000000002,96.7976502478,nan,nan,nan,nan,nan,nan,nan
3034,51.3157894737,0.2603591733,nan,0.0017619130,27.5401554856,nan,nan,nan,nan,nan,nan,nan
3035,51.3157894737,0.9939878089,nan,0.0000002836,65.4731771828,nan,nan,nan,nan,nan,nan,nan
3036,51.3157894737,1.7703971705,nan,0.0000000000,154.5046340247,nan,nan,nan,nan,nan,nan,nan
3037,51.3157894737,0.7696535241,nan,0.0000122323,49.1249256639,nan,nan,nan,nan,nan,nan,nan
3038,51.3157894737,1.2422529358,nan,0.0000000014,88.4594608363,nan,nan,nan,nan,nan,nan,nan
3039,51.3157894737,0.8407366492,nan,0.0000041198,53.8512175433,nan,nan,nan,nan,nan,nan,nan
3040,51.3157894737,0.8992390242,nan,0.0000015643,58.0567711662,nan,nan,nan,nan,nan,nan,nan
3041,51.3157894737,1.4325365089,nan,0.0000000000,109.5641141279,nan,nan,nan,nan,nan,nan,nan
3042,51.3157894737,0.4760984902,nan,0.0003928579,34.0576446936,nan,nan,nan,nan,nan,nan,nan
3043,51.3157894737,0.6044579452,nan,0.0001055582,39.7650818834,nan,nan,nan,nan,nan,nan,nan
3044,51.3157894737,0.4277302824,nan,0.0005940915,32.2614662704,nan,nan,nan,nan,nan,nan,nan
3045,51.3157894737,0.6477864036,nan,0.0000630883,42.0005137945,nan,nan,nan,nan,nan,nan,nan
3046,51.3157894737,0.2925307518,nan,0.0014900632,28.2679530697,nan,nan,nan,nan,nan,nan,nan
3047,51.3157894737,0.2545622685,nan,0.0018121346,27.4180954347,nan,nan,nan,nan,nan,nan,nan
3048,51.3157894737,0.3112662183,nan,0.0013393183,28.7311618899,nan,nan,nan,nan,nan,nan,nan
3049,51.3157894737,0.4497996155,nan,0.0004946552,33.0569745077,nan,nan,nan,nan,nan,nan,nan
3050,51.3157894737,0.5199517749,nan,0.0002597888,35.8537953694,nan,nan,nan,nan,nan,nan,nan
3051,51.3157894737,1.2146947489,nan,0.0000000027,85.6539044614,nan,nan,nan,nan,nan,nan,nan
3052,51.3157894737,0.7246664569,nan,0.0000231681,46.3511012296,nan,nan,nan,nan,nan,nan,nan
3053,51.3157894737,0.5029224009,nan,0.0003063825,35.1373603613,nan,nan,nan,nan,nan,nan,nan
3054,51.3157894737,0.8904546683,nan,0.0000018167,57.4070936095,nan,nan,nan,nan,nan,nan,nan
3055,51.3157894737,0.5344955578,nan,0.0002246617,36.4847087195,nan,nan,nan,nan,nan,nan,nan
3056,51.3157894737,0.2823678030,nan,0.0015744130,28.0288132460,nan,nan,nan,nan,nan,nan,nan
3057,51.3157894737,1.2240817100,nan,0.0000000022,86.6024149657,nan,nan,nan,nan,nan,nan,nan
3058,51.3157894737,0.5365018718,nan,0.0002201344,36.5731208420,nan,nan,nan,nan,nan,nan,nan
3059,51.3157894737,0.5102621476,nan,0.0002855487,35.4431976636,nan,nan,nan,nan,nan,nan,nan
3060,51.3157894737,1.2077601769,nan,0.0000000032,84.9579259276,nan,nan,nan,nan,nan,nan,nan
3061,51.3157894737,0.2582595980,nan,0.0017800711,27.4956265520,nan,nan,nan,nan,nan,nan,nan
3062,51.3157894737,0.6426141839,nan,0.0000672130,41.7254647814,nan,nan,nan,nan,nan,nan,nan
3063,51.3157894737,1.3311099209,nan,0.0000000002,97.9378740577,nan,nan,nan,nan,nan,nan,nan
3064,51.3157894737,0.4563215153,nan,0.0004677581,33.2997871296,nan,nan,nan,nan,nan,nan,nan
3065,51.3157894737,0.5868643777,nan,0.0001287684,38.9019072986,nan,nan,nan,nan,nan,nan,nan
3066,51.3157894737,0.4455441849,nan,0.0005128090,32.9004435344,nan,nan,nan,nan,nan,nan,nan
3067,51.3157894737,0.5198862267,nan,0.0002599566,35.8509916016,nan,nan,nan,nan,nan,nan,nan
3068,51.3157894737,0.5300399735,nan,0.0002349871,36.2895593672,nan,nan,nan,nan,nan,nan,nan
3069,51.3157894737,1.4282115120,nan,0.0000000000,109.0507845089,nan,nan,nan,nan,nan,nan,nan
3070,51.3157894737,0.2816754472,nan,0.0015802173,28.0128319292,nan,nan,nan,nan,nan,nan,nan
3071,51.3157894737,0.6648589724,nan,0.0000510013,42.9241856116,nan,nan,nan,nan,nan,nan,nan
3072,51.3157894737,0.7464203194,nan,0.0000170947,47.6713762682,nan,nan,nan,nan,nan,nan,nan
3073,51.3157894737,0.2812410386,nan,0.0015838626,28.0028248854,nan,nan,nan,nan,nan,nan,nan
3074,51.3157894737,0.1761147608,nan,0.0024896810,26.0385629557,nan,nan,nan,nan,nan,nan,nan
3075,51.3157894737,0.3862134283,nan,0.0008176602,30.8742714301,nan,nan,nan,nan,nan,nan,nan
3076,51.3157894737,1.1134682536,nan,0.0000000257,75.8931476875,nan,nan,nan,nan,nan,nan,nan
3077,51.3157894737,0.9472940691,nan,0.0000006722,61.7246964963,nan,nan,nan,nan,nan,nan,nan
3078,51.3157894737,0.7243044770,nan,0.0000232838,46.3294651713,nan,nan,nan,nan,nan,nan,nan
3079,51.3157894737,1.3246663520,nan,0.0000000002,97.2283355401,nan,nan,nan,nan,nan,nan,nan
3080,51.3157894737,0.7906055064,nan,0.0000089654,50.4742848220,nan,nan,nan,nan,nan,nan,nan
3081,51.3157894737,0.6113567671,nan,0.0000974862,40.1105694074,nan,nan,nan,nan,nan,nan,nan
3082,51.3157894737,0.7034333698,nan,0.0000309001,45.1004028485,nan,nan,nan,nan,nan,nan,nan
3083,51.3157894737,0.8351484604,nan,0.0000045036,53.4644203046,nan,nan,nan,nan,nan,nan,nan
3084,51.3157894737,1.2679790384,nan,0.0000000008,91.1357870325,nan,nan,nan,nan,nan,nan,nan
3085,51.3157894737,0.0943509448,nan,0.0030626270,25.1390588733,nan,nan,nan,nan,nan,nan,nan
3086,51.3157894737,0.1733744578,nan,0.0025121591,25.9995286742,nan,nan,nan,nan,nan,nan,nan
3087,51.3157894737,0.9119194283,nan,0.0000012572,59.0059379966,nan,nan,nan,nan,nan,nan,nan
3088,51.3157894737,0.4213340314,nan,0.0006253960,32.0384491341,nan,nan,nan,nan,nan,nan,nan
3089,51.3157894737,0.2175013210,nan,0.0021363838,26.7032071718,nan,nan,nan,nan,nan,nan,nan
3090,51.3157894737,0.8318397064,nan,0.0000047461,53.2366246149,nan,nan,nan,nan,nan,nan,nan
3091,51.3157894737,0.7308547674,nan,0.0000212683,46.7226717141,nan,nan,nan,nan,nan,nan,nan
3092,51.3157894737,0.6390522243,nan,0.0000701885,41.5373392954,nan,nan,nan,nan,nan,nan,nan
3093,51.3157894737,0.2983076215,nan,0.0014428835,28.4076871914,nan,nan,nan,nan,nan,nan,nan
3094,51.3157894737,0.5363165006,nan,0.0002205496,36.5649380909,nan,nan,nan,nan,nan,nan,nan
3095,51.3157894737,0.7391803499,nan,0.0000189339,47.2275995845,nan,nan,nan,nan,nan,nan,nan
3096,51.3157894737,0.7622779254,nan,0.0000136188,48.6586153753,nan,nan,nan,nan,nan,nan,nan
3097,51.3157894737,0.5223411351,nan,0.0002537323,35.9562416460,nan,nan,nan,nan,nan,nan,nan
3098,51.3157894737,1.0465368967,nan,0.0000001021,69.9092444685,nan,nan,nan,nan,nan,nan,nan
3099,51.3157894737,0.5724268924,nan,0.0001509114,38.2127799442,nan,nan,nan,nan,nan,nan,nan
3100,51.3157894737,0.2085356238,nan,0.0022144905,26.5472618416,nan,nan,nan,nan,nan,nan,nan
3101,51.3157894737,1.3781754536,nan,0.0000000000,103.2258461500,nan,nan,nan,nan,nan,nan,nan
3102,51.3157894737,0.5188728675,nan,0.0002625614,35.8076913374,nan,nan,nan,nan,nan,nan,nan
3103,51.3157894737,0.3236875005,nan,0.0012432988,29.0542449649,nan,nan,nan,nan,nan,nan,nan
3104,51.3157894737,0.9018860064,nan,0.0000014949,58.2537989526,nan,nan,nan,nan,nan,nan,nan
3105,51.3157894737,0.3597120658,nan,0.0009855115,30.0633829028,nan,nan,nan,nan,nan,nan,nan
3106,51.3157894737,0.4281334498,nan,0.0005921562,32.2756369741,nan,nan,nan,nan,nan,nan,nan
3107,51.3157894737,0.3322801042,nan,0.0011789075,29.2852025716,nan,nan,nan,nan,nan,nan,nan
3108,51.3157894737,0.7355932709,nan,0.0000199097,47.0093441285,nan,nan,nan,nan,nan,nan,nan
3109,51.3157894737,0.2401895097,nan,0.0019375755,27.1274137466,nan,nan,nan,nan,nan,nan,nan
3110,51.3157894737,1.2043631727,nan,0.0000000035,84.6184567185,nan,nan,nan,nan,nan,nan,nan
3111,51.3157894737,0.4215152429,nan,0.0006244935,32.0447207715,nan,nan,nan,nan,nan,nan,nan
3112,51.3157894737,0.7787973045,nan,0.0000106922,49.7093132314,nan,nan,nan,nan,nan,nan,nan
3113,51.3157894737,1.1651492901,nan,0.0000000084,80.7695412645,nan,nan,nan,nan,nan,nan,nan
3114,51.3157894737,0.5117338775,nan,0.0002815101,35.5050605104,nan,nan,nan,nan,nan,nan,nan
3115,51.3157894737,0.4613028707,nan,0.0004479588,33.4876191565,nan,nan,nan,nan,nan,nan,nan
3116,51.3157894737,1.2101125173,nan,0.0000000030,85.1935649043,nan,nan,nan,nan,nan,nan,nan
3117,51.3157894737,0.5883786405,nan,0.0001266138,38.9751888012,nan,nan,nan,nan,nan,nan,nan
3118,51.3157894737,0.8849749964,nan,0.0000019929,57.0050826640,nan,nan,nan,nan,nan,nan,nan
3119,51.3157894737,0.3342500252,nan,0.0011643911,29.3390112370,nan,nan,nan,nan,nan,nan,nan
3120,51.3157894737,1.1504335341,nan,0.0000000116,79.3583113475,nan,nan,nan,nan,nan,nan,nan
3121,51.3157894737,0.3566689728,nan,0.0010060072,29.9739890400,nan,nan,nan,nan,nan,nan,nan
3122,51.3157894737,0.6440389244,nan,0.0000660540,41.8010079384,nan,nan,nan,nan,nan,nan,nan
3123,51.3157894737,0.3937309168,nan,0.0007735935,31.1148721206,nan,nan,nan,nan,nan,nan,nan
3124,51.3157894737,0.4195137586,nan,0.0006345120,31.9756013055,nan,nan,nan,nan,nan,nan,nan
3125,51.3157894737,0.3918057108,nan,0.0007847278,31.0528094721,nan,nan,nan,nan,nan,nan,nan
3126,51.3157894737,0.3923837723,nan,0.0007813737,31.0714121500,nan,nan,nan,nan,nan,nan,nan
3127,51.3157894737,0.2479062604,nan,0.0018700948,27.2813637130,nan,nan,nan,nan,nan,nan,nan
3128,51.3157894737,0.6249635232,nan,0.0000831079,40.8035755495,nan,nan,nan,nan,nan,nan,nan
3129,51.3157894737,0.5276695227,nan,0.0002406352,36.1864077573,nan,nan,nan,nan,nan,nan,nan
3130,51.3157894737,0.4846096595,nan,0.0003635989,34.3937739595,nan,nan,nan,nan,nan,nan,nan
3131,51.3157894737,0.5803819214,nan,0.0001383456,38.5903467245,nan,nan,nan,nan,nan,nan,nan
3132,51.3157894737,0.4988946579,nan,0.0003183150,34.9714285876,nan,nan,nan,nan,nan,nan,nan
3133,51.3157894737,0.1594823781,nan,0.0026235313,25.8111374733,nan,nan,nan,nan,nan,nan,nan
3134,51.3157894737,0.8105140186,nan,0.0000066217,51.7903069009,nan,nan,nan,nan,nan,nan,nan
3135,51.3157894737,0.8056607971,nan,0.0000071344,51.4664498702,nan,nan,nan,nan,nan,nan,nan
3136,51.3157894737,0.3916339119,nan,0.0007857265,31.0472861210,nan,nan,nan,nan,nan,nan,nan
3137,51.3157894737,0.3909391796,nan,0.0007897733,31.0249753181,nan,nan,nan,nan,nan,nan,nan
3138,51.3157894737,0.2128189117,nan,0.0021772396,26.6209377007,nan,nan,nan,nan,nan,nan,nan
3139,51.3157894737,0.9372776809,nan,0.0000008046,60.9442867639,nan,nan,nan,nan,nan,nan,nan
3140,51.3157894737,0.6885368124,nan,0.0000376242,44.2453310126,nan,nan,nan,nan,nan,nan,nan
3141,51.3157894737,0.7080902743,nan,0.0000290302,45.3714990158,nan,nan,nan,nan,nan,nan,nan
3142,51.3157894737,1.2027708995,nan,0.0000000036,84.4596696872,nan,nan,nan,nan,nan,nan,nan
3143,51.3157894737,0.9297441592,nan,0.0000009198,60.3628373447,nan,nan,nan,nan,nan,nan,nan
3144,51.3157894737,0.5506367887,nan,0.0001903062,37.2054711016,nan,nan,nan,nan,nan,nan,nan
3145,51.3157894737,0.8291650887,nan,0.0000049509,53.0531534121,nan,nan,nan,nan,nan,nan,nan
3146,51.3157894737,0.4914814568,nan,0.0003412289,34.6695424363,nan,nan,nan,nan,nan,nan,nan
3147,51.3157894737,0.1520890831,nan,0.0026808094,25.7173406186,nan,nan,nan,nan,nan,nan,nan
3148,51.3157894737,0.7852994192,nan,0.0000097071,50.1291040059,nan,nan,nan,nan,nan,nan,nan
3149,51.3157894737,0.3326716650,nan,0.0011760147,29.2958725663,nan,nan,nan,nan,nan,nan,nan
3150,51.3157894737,0.5656909392,nan,0.0001622863,37.8971821749,nan,nan,nan,nan,nan,nan,nan
3151,51.3157894737,0.5257834435,nan,0.0002452072,36.1046669482,nan,nan,nan,nan,nan,nan,nan
3152,51.3157894737,0.2680069243,nan,0.0016961226,27.7054276632,nan,nan,nan,nan,nan,nan,nan
3153,51.3157894737,0.8555630695,nan,0.0000032433,54.8900641685,nan,nan,nan,nan,nan,nan,nan
3154,51.3157894737,0.9506410449,nan,0.0000006328,61.9873351867,nan,nan,nan,nan,nan,nan,nan
3155,51.3157894737,0.2292463896,nan,0.0020335213,26.9175126791,nan,nan,nan,nan,nan,nan,nan
3156,51.3157894737,0.5235645399,nan,0.0002506756,36.0088797411,nan,nan,nan,nan,nan,nan,nan
3157,51.3157894737,0.8066818017,nan,0.0000070236,51.5344189155,nan,nan,nan,nan,nan,nan,nan
3158,51.3157894737,0.4378888997,nan,0.0005466848,32.6226303501,nan,nan,nan,nan,nan,nan,nan
3159,51.3157894737,0.5566537507,nan,0.0001786618,37.4796826155,nan,nan,nan,nan,nan,nan,nan
3160,51.3157894737,0.1238069108,nan,0.0028840727,25.3999380074,nan,nan,nan,nan,nan,nan,nan
3161,51.3157894737,0.6820716569,nan,0.0000409263,43.8799698998,nan,nan,nan,nan,nan,nan,nan
3162,51.3157894737,0.5890771341,nan,0.0001256303,39.0090560093,nan,nan,nan,nan,nan,nan,nan
3163,51.3157894737,0.7529128404,nan,0.0000155846,48.0730476960,nan,nan,nan,nan,nan,nan,nan
3164,51.3157894737,0.7599039347,nan,0.0000140946,48.5094869303,nan,nan,nan,nan,nan,nan,nan
3165,51.3157894737,0.3866429137,nan,0.0008150999,30.8878913372,nan,nan,nan,nan,nan,nan,nan
3166,51.3157894737,0.1318274503,nan,0.0028292512,25.4832848738,nan,nan,nan,nan,nan,nan,nan
3167,51.3157894737,0.5602788552,nan,0.0001719357,37.6463406095,nan,nan,nan,nan,nan,nan,nan
3168,51.3157894737,1.2317584980,nan,0.0000000018,87.3835936344,nan,nan,nan,nan,nan,nan,nan
3169,51.3157894737,1.2897834398,nan,0.0000000005,93.4474494167,nan,nan,nan,nan,nan,nan,nan
3170,51.3157894737,0.4556026561,nan,0.0004706683,33.2728508977,nan,nan,nan,nan,nan,nan,nan
3171,51.3157894737,0.3355577250,nan,0.0011548063,29.3749083766,nan,nan,nan,nan,nan,nan,nan
3172,51.3157894737,0.5165828916,nan,0.0002685248,35.7101557539,nan,nan,nan,nan,nan,nan,nan
3173,51.3157894737,0.7335584205,nan,0.0000204833,46.8860098259,nan,nan,nan,nan,nan,nan,nan
3174,51.3157894737,0.6614165496,nan,0.0000532600,42.7359909956,nan,nan,nan,nan,nan,nan,nan
3175,51.3157894737,0.9426037329,nan,0.0000007314,61.3582154703,nan,nan,nan,nan,nan,nan,nan
3176,51.3157894737,0.5484161511,nan,0.0001947588,37.1050290163,nan,nan,nan,nan,nan,nan,nan
3177,51.3157894737,0.4964825690,nan,0.0003256341,34.8727014074,nan,nan,nan,nan,nan,nan,nan
3178,51.3157894737,1.0821819485,nan,0.0000000496,73.0494908457,nan,nan,nan,nan,nan,nan,nan
3179,51.3157894737,1.1147641272,nan,0.0000000250,76.0126941697,nan,nan,nan,nan,nan,nan,nan
3180,51.3157894737,0.7392135179,nan,0.0000189251,47.2296226811,nan,nan,nan,nan,nan,nan,nan
3181,51.3157894737,0.1193775209,nan,0.0029132856,25.3561694252,nan,nan,nan,nan,nan,nan,nan
3182,51.3157894737,0.8536552040,nan,0.0000033455,54.7553585752,nan,nan,nan,nan,nan,nan,nan
3183,51.3157894737,0.7881852929,nan,0.0000092970,50.3165501280,nan,nan,nan,nan,nan,nan,nan
3184,51.3157894737,1.1318089872,nan,0.0000000174,77.5981634299,nan,nan,nan,nan,nan,nan,nan
3185,51.3157894737,0.2144364265,nan,0.0021631403,26.6491531540,nan,nan,nan,nan,nan,nan,nan
3186,51.3157894737,0.6397813041,nan,0.0000695703,41.5757599342,nan,nan,nan,nan,nan,nan,nan
3187,51.3157894737,0.4851690881,nan,0.0003617364,34.4160776844,nan,nan,nan,nan,nan,nan,nan
3188,51.3157894737,1.0597460474,nan,0.0000000783,71.0605715766,nan,nan,nan,nan,nan,nan,nan
3189,51.3157894737,0.5647181924,nan,0.0001639866,37.8519176318,nan,nan,nan,nan,nan,nan,nan
3190,51.3157894737,0.8049406713,nan,0.0000072135,51.4185627549,nan,nan,nan,nan,nan,nan,nan
3191,51.3157894737,0.7898576175,nan,0.0000090667,50.4254899380,nan,nan,nan,nan,nan,nan,nan
3192,51.3157894737,1.1844733805,nan,0.0000000054,82.6501811560,nan,nan,nan,nan,nan,nan,nan
3193,51.3157894737,0.3412608870,nan,0.0011134953,29.5331161793,nan,nan,nan,nan,nan,nan,nan
3194,51.3157894737,0.9187480217,nan,0.0000011162,59.5226315368,nan,nan,nan,nan,nan,nan,nan
3195,51.3157894737,0.3169340590,nan,0.0012950890,28.8770036947,nan,nan,nan,nan,nan,nan,nan
3196,51.3157894737,1.2706627901,nan,0.0000000007,91.4181685072,nan,nan,nan,nan,nan,nan,nan
3197,51.3157894737,0.7074257832,nan,0.0000292907,45.3327061207,nan,nan,nan,nan,nan,nan,nan
3198,51.3157894737,0.8726897359,nan,0.0000024474,56.1128802944,nan,nan,nan,nan,nan,nan,nan
3199,51.3157894737,0.7225386172,nan,0.0000238557,46.2240735078,nan,nan,nan,nan,nan,nan,nan
3200,51.3157894737,0.1735009786,nan,0.0025111246,26.0013173096,nan,nan,nan,nan,nan,nan,nan
3201,51.3157894737,0.5842797108,nan,0.0001325176,38.7772644039,nan,nan,nan,nan,nan,nan,nan
3202,51.3157894737,0.1490368426,nan,0.0027040040,25.6799266297,nan,nan,nan,nan,nan,nan,nan
3203,51.3157894737,0.3708335842,nan,0.0009127244,30.3966034980,nan,nan,nan,nan,nan,nan,nan
3204,51.3157894737,0.5162211196,nan,0.0002694768,35.6947868102,nan,nan,nan,nan,nan,nan,nan
3205,51.3157894737,0.7150303241,nan,0.0000264311,45.7788532504,nan,nan,nan,nan,nan,nan,nan
3206,51.3157894737,0.7003492638,nan,0.0000321969,44.9218581841,nan,nan,nan,nan,nan,nan,nan
3207,51.3157894737,0.3471304742,nan,0.0010718281,29.6987485058,nan,nan,nan,nan,nan,nan,nan
3208,51.3157894737,0.4774431817,nan,0.0003881190,34.1103507404,nan,nan,nan,nan,nan,nan,nan
3209,51.3157894737,0.4514173700,nan,0.0004878794,33.1168753469,nan,nan,nan,nan,nan,nan,nan
3210,51.3157894737,0.4236709189,nan,0.0006138276,32.1195362006,nan,nan,nan,nan,nan,nan,nan
3211,51.3157894737,0.1198827324,nan,0.0029099931,25.3610803879,nan,nan,nan,nan,nan,nan,nan
3212,51.3157894737,0.8318783530,nan,0.0000047432,53.2392800264,nan,nan,nan,nan,nan,nan,nan
3213,51.3157894737,1.1766141303,nan,0.0000000065,81.8815473374,nan,nan,nan,nan,nan,nan,nan
3214,51.3157894737,1.0716497908,nan,0.0000000615,72.1105933418,nan,nan,nan,nan,nan,nan,nan
3215,51.3157894737,0.4078835601,nan,0.0006949400,31.5805271837,nan,nan,nan,nan,nan,nan,nan
3216,51.3157894737,0.4378423156,nan,0.0005468957,32.6209546599,nan,nan,nan,nan,nan,nan,nan
3217,51.3157894737,0.7502628907,nan,0.0000161857,47.9086800985,nan,nan,nan,nan,nan,nan,nan
3218,51.3157894737,1.2748547559,nan,0.0000000007,91.8604473814,nan,nan,nan,nan,nan,nan,nan
3219,51.3157894737,1.8745647354,nan,0.0000000000,170.2896925927,nan,nan,nan,nan,nan,nan,nan
3220,51.3157894737,0.5424684371,nan,0.0002071084,36.8380230740,nan,nan,nan,nan,nan,nan,nan
3221,51.3157894737,1.0576129818,nan,0.0000000818,70.8736647963,nan,nan,nan,nan,nan,nan,nan
3222,51.3157894737,0.5763456775,nan,0.0001446066,38.3981191643,nan,nan,nan,nan,nan,nan,nan
3223,51.3157894737,0.5689290508,nan,0.0001567319,38.0484263167,nan,nan,nan,nan,nan,nan,nan
3224,51.3157894737,0.0668419376,nan,0.0031919069,24.9594979066,nan,nan,nan,nan,nan,nan,nan
3225,51.3157894737,0.6661798926,nan,0.0000501573,42.9966608560,nan,nan,nan,nan,nan,nan,nan
3226,51.3157894737,0.0356965116,nan,0.0032880183,24.8306577876,nan,nan,nan,nan,nan,nan,nan
3227,51.3157894737,0.5201087490,nan,0.0002593874,35.8605112596,nan,nan,nan,nan,nan,nan,nan
3228,51.3157894737,0.3971978384,nan,0.0007538052,31.2274085575,nan,nan,nan,nan,nan,nan,nan
3229,51.3157894737,1.0958939151,nan,0.0000000373,74.2857311739,nan,nan,nan,nan,nan,nan,nan
3230,51.3157894737,1.2115151065,nan,0.0000000029,85.3342852997,nan,nan,nan,nan,nan,nan,nan
3231,51.3157894737,0.7160187587,nan,0.0000260784,45.8371965203,nan,nan,nan,nan,nan,nan,nan
3232,51.3157894737,0.8515730995,nan,0.0000034604,54.6086968381,nan,nan,nan,nan,nan,nan,nan
3233,51.3157894737,0.7041735081,nan,0.0000305959,45.1433685501,nan,nan,nan,nan,nan,nan,nan
3234,51.3157894737,0.7240443614,nan,0.0000233672,46.3139244240,nan,nan,nan,nan,nan,nan,nan
3235,51.3157894737,0.2783897784,nan,0.0016078555,27.9375298083,nan,nan,nan,nan,nan,nan,nan
3236,51.3157894737,0.2507716568,nan,0.0018451095,27.3397785988,nan,nan,nan,nan,nan,nan,nan
3237,51.3157894737,0.2857420351,nan,0.0015462278,28.1072653206,nan,nan,nan,nan,nan,nan,nan
3238,51.3157894737,0.4584362323,nan,0.0004592746,33.3792755796,nan,nan,nan,nan,nan,nan,nan
3239,51.3157894737,0.5461503826,nan,0.0001993899,37.0029674813,nan,nan,nan,nan,nan,nan,nan
3240,51.3157894737,0.6180245550,nan,0.0000901936,40.4482445993,nan,nan,nan,nan,nan,nan,nan
3241,51.3157894737,0.5294822976,nan,0.0002363061,36.2652498152,nan,nan,nan,nan,nan,nan,nan
3242,51.3157894737,0.6642390326,nan,0.0000514017,42.8902212400,nan,nan,nan,nan,nan,nan,nan
3243,51.3157894737,0.8043458465,nan,0.0000072794,51.3790405096,nan,nan,nan,nan,nan,nan,nan
3244,51.3157894737,0.0419992502,nan,0.0032731319,24.8503649887,nan,nan,nan,nan,nan,nan,nan
3245,51.3157894737,0.6985974243,nan,0.0000329550,44.8207932485,nan,nan,nan,nan,nan,nan,nan
3246,51.3157894737,0.6025324253,nan,0.0001079106,39.6693591503,nan,nan,nan,nan,nan,nan,nan
3247,51.3157894737,0.5430325503,nan,0.0002059102,36.8632213222,nan,nan,nan,nan,nan,nan,nan
3248,51.3157894737,0.3126971673,nan,0.0013280879,28.7677318624,nan,nan,nan,nan,nan,nan,nan
3249,51.3157894737,0.7790896619,nan,0.0000106461,49.7281128974,nan,nan,nan,nan,nan,nan,nan
3250,51.3157894737,0.3552742225,nan,0.0010154831,29.9332728278,nan,nan,nan,nan,nan,nan,nan
3251,51.3157894737,1.2395520196,nan,0.0000000015,88.1816890830,nan,nan,nan,nan,nan,nan,nan
3252,51.3157894737,0.3274404239,nan,0.0012149634,29.1543679630,nan,nan,nan,nan,nan,nan,nan
3253,51.3157894737,0.7900466577,nan,0.0000090410,50.4378191863,nan,nan,nan,nan,nan,nan,nan
3254,51.3157894737,1.2976581424,nan,0.0000000004,94.2920804879,nan,nan,nan,nan,nan,nan,nan
3255,51.3157894737,1.2817162882,nan,0.0000000006,92.5875525834,nan,nan,nan,nan,nan,nan,nan
3256,51.3157894737,0.1907057222,nan,0.0023676632,26.2568007195,nan,nan,nan,nan,nan,nan,nan
3257,51.3157894737,1.5262865593,nan,0.0000000000,121.0759814317,nan,nan,nan,nan,nan,nan,nan
3258,51.3157894737,0.4568828626,nan,0.0004654949,33.3208510433,nan,nan,nan,nan,nan,nan,nan
3259,51.3157894737,0.1338936136,nan,0.0028147445,25.5056102402,nan,nan,nan,nan,nan,nan,nan
3260,51.3157894737,0.2917545359,nan,0.0014964467,28.2493875255,nan,nan,nan,nan,nan,nan,nan
3261,51.3157894737,0.4297521123,nan,0.0005844312,32.3326659691,nan,nan,nan,nan,nan,nan,nan
3262,51.3157894737,1.1188827487,nan,0.0000000229,76.3935749153,nan,nan,nan,nan,nan,nan,nan
3263,51.3157894737,1.4531476747,nan,0.0000000000,112.0319379988,nan,nan,nan,nan,nan,nan,nan
3264,51.3157894737,0.4418270377,nan,0.0005290613,32.7649404430,nan,nan,nan,nan,nan,nan,nan
3265,51.3157894737,0.7566057975,nan,0.0000147806,48.3030843330,nan,nan,nan,nan,nan,nan,nan
3266,51.3157894737,0.5121579289,nan,0.0002803549,35.5229184763,nan,nan,nan,nan,nan,nan,nan
3267,51.3157894737,0.8727836406,nan,0.0000024436,56.1196523137,nan,nan,nan,nan,nan,nan,nan
3268,51.3157894737,1.3541888573,nan,0.0000000001,100.5077197423,nan,nan,nan,nan,nan,nan,nan
3269,51.3157894737,0.8912545988,nan,0.0000017923,57.4659890791,nan,nan,nan,nan,nan,nan,nan
3270,51.3157894737,1.2471797738,nan,0.0000000013,88.9677247254,nan,nan,nan,nan,nan,nan,nan
3271,51.3157894737,0.1679830174,nan,0.0025559173,25.9245320452,nan,nan,nan,nan,nan,nan,nan
3272,51.3157894737,0.4175479745,nan,0.0006444604,31.9080376469,nan,nan,nan,nan,nan,nan,nan
3273,51.3157894737,0.4371123420,nan,0.0005502094,32.5947200221,nan,nan,nan,nan,nan,nan,nan
3274,51.3157894737,0.7008590184,nan,0.0000319793,44.9513142570,nan,nan,nan,nan,nan,nan,nan
3275,51.3157894737,0.2794725224,nan,0.0015987310,27.9622460890,nan,nan,nan,nan,nan,nan,nan
3276,51.3157894737,0.9918845861,nan,0.0000002951,65.3004233655,nan,nan,nan,nan,nan,nan,nan
3277,51.3157894737,0.5789797834,nan,0.0001404942,38.5234160501,nan,nan,nan,nan,nan,nan,nan
3278,51.3157894737,0.6395489528,nan,0.0000697668,41.5635108214,nan,nan,nan,nan,nan,nan,nan
3279,51.3157894737,0.9024184571,nan,0.0000014813,58.2935024088,nan,nan,nan,nan,nan,nan,nan
3280,51.3157894737,0.7310197508,nan,0.0000212196,46.7326215744,nan,nan,nan,nan,nan,nan,nan
3281,51.3157894737,0.4417409621,nan,0.0005294420,32.7618162458,nan,nan,nan,nan,nan,nan,nan
3282,51.3157894737,0.3170714073,nan,0.0012940258,28.8805708036,nan,nan,nan,nan,nan,nan,nan
3283,51.3157894737,0.7852670054,nan,0.0000097118,50.1270025700,nan,nan,nan,nan,nan,nan,nan
3284,51.3157894737,0.7962359817,nan,0.0000082354,50.8431318180,nan,nan,nan,nan,nan,nan,nan
3285,51.3157894737,0.4471977388,nan,0.0005056978,32.9610893044,nan,nan,nan,nan,nan,nan,nan
3286,51.3157894737,0.7619571649,nan,0.0000136822,48.6384385547,nan,nan,nan,nan,nan,nan,nan
3287,51.3157894737,1.1689858216,nan,0.0000000077,81.1404344871,nan,nan,nan,nan,nan,nan,nan
3288,51.3157894737,0.5393287628,nan,0.0002138819,36.6982602170,nan,nan,nan,nan,nan,nan,nan
3289,51.3157894737,1.0376477336,nan,0.0000001218,69.1426503810,nan,nan,nan,nan,nan,nan,nan
3290,51.3157894737,1.4390760463,nan,0.0000000000,110.3432580837,nan,nan,nan,nan,nan,nan,nan
3291,51.3157894737,0.4866250789,nan,0.0003569236,34.4742478927,nan,nan,nan,nan,nan,nan,nan
3292,51.3157894737,1.2827393534,nan,0.0000000005,92.6963022891,nan,nan,nan,nan,nan,nan,nan
3293,51.3157894737,0.8068983595,nan,0.0000070003,51.5488464910,nan,nan,nan,nan,nan,nan,nan
3294,51.3157894737,0.4916474905,nan,0.0003407019,34.6762538941,nan,nan,nan,nan,nan,nan,nan
3295,51.3157894737,0.7176901150,nan,0.0000254916,45.9360347933,nan,nan,nan,nan,nan,nan,nan
3296,51.3157894737,1.1288560381,nan,0.0000000185,77.3217501389,nan,nan,nan,nan,nan,nan,nan
3297,51.3157894737,0.3863457874,nan,0.0008168706,30.8784671946,nan,nan,nan,nan,nan,nan,nan
3298,51.3157894737,0.3369737049,nan,0.0011444749,29.4139372673,nan,nan,nan,nan,nan,nan,nan
3299,51.3157894737,1.1341930882,nan,0.0000000165,77.8218605336,nan,nan,nan,nan,nan,nan,nan
3300,51.3157894737,0.1283900652,nan,0.0028530417,25.4469188421,nan,nan,nan,nan,nan,nan,nan
3301,51.3157894737,0.5744665984,nan,0.0001476016,38.3090888528,nan,nan,nan,nan,nan,nan,nan
3302,51.3157894737,0.6539576714,nan,0.0000584575,42.3315997083,nan,nan,nan,nan,nan,nan,nan
3303,51.3157894737,0.6168024412,nan,0.0000914939,40.3860769101,nan,nan,nan,nan,nan,nan,nan
3304,51.3157894737,1.2641685029,nan,0.0000000008,90.7358809082,nan,nan,nan,nan,nan,nan,nan
3305,51.3157894737,0.6413692248,nan,0.0000682403,41.6595921851,nan,nan,nan,nan,nan,nan,nan
3306,51.3157894737,0.5091522525,nan,0.0002886248,35.3966630624,nan,nan,nan,nan,nan,nan,nan
3307,51.3157894737,0.7317496991,nan,0.0000210055,46.7766706469,nan,nan,nan,nan,nan,nan,nan
3308,51.3157894737,0.6720608040,nan,0.0000465469,43.3210909061,nan,nan,nan,nan,nan,nan,nan
3309,51.3157894737,0.6540743895,nan,0.0000583728,42.3378920895,nan,nan,nan,nan,nan,nan,nan
3310,51.3157894737,0.2383033369,nan,0.0019541005,27.0905309426,nan,nan,nan,nan,nan,nan,nan
3311,51.3157894737,0.6559823641,nan,0.0000570044,42.4409133283,nan,nan,nan,nan,nan,nan,nan
3312,51.3157894737,0.4416261200,nan,0.0005299503,32.7576488949,nan,nan,nan,nan,nan,nan,nan
3313,51.3157894737,0.9406128799,nan,0.0000007580,61.2032140594,nan,nan,nan,nan,nan,nan,nan
3314,51.3157894737,0.5810248064,nan,0.0001373697,38.6210892541,nan,nan,nan,nan,nan,nan,nan
3315,51.3157894737,0.6236436098,nan,0.0000844175,40.7356772392,nan,nan,nan,nan,nan,nan,nan
3316,51.3157894737,1.1219609296,nan,0.0000000215,76.6791630269,nan,nan,nan,nan,nan,nan,nan
3317,51.3157894737,0.2897681734,nan,0.0015128281,28.2021042003,nan,nan,nan,nan,nan,nan,nan
3318,51.3157894737,0.9542342458,nan,0.0000005929,62.2703350465,nan,nan,nan,nan,nan,nan,nan
3319,51.3157894737,0.6263860748,nan,0.0000817162,40.8769158107,nan,nan,nan,nan,nan,nan,nan
3320,51.3157894737,0.7165223230,nan,0.0000259003,45.8669511251,nan,nan,nan,nan,nan,nan,nan
3321,51.3157894737,0.9153001968,nan,0.0000011854,59.2612619588,nan,nan,nan,nan,nan,nan,nan
3322,51.3157894737,0.5059613840,nan,0.0002976152,35.2634486103,nan,nan,nan,nan,nan,nan,nan
3323,51.3157894737,0.2298239855,nan,0.0020284556,26.9283449185,nan,nan,nan,nan,nan,nan,nan
3324,51.3157894737,0.4261390588,nan,0.0006017736,32.2056686765,nan,nan,nan,nan,nan,nan,nan
3325,51.3157894737,1.0323117292,nan,0.0000001353,68.6856450482,nan,nan,nan,nan,nan,nan,nan
3326,51.3157894737,0.5337514420,nan,0.0002263600,36.4520027293,nan,nan,nan,nan,nan,nan,nan
3327,51.3157894737,0.4541326597,nan,0.0004766612,33.2179022779,nan,nan,nan,nan,nan,nan,nan
3328,51.3157894737,0.6610484448,nan,0.0000535066,42.7159252965,nan,nan,nan,nan,nan,nan,nan
3329,51.3157894737,0.5033427966,nan,0.0003051577,35.1547570426,nan,nan,nan,nan,nan,nan,nan
3330,51.3157894737,0.5629186053,nan,0.0001671712,37.7683850803,nan,nan,nan,nan,nan,nan,nan
3331,51.3157894737,0.4033600352,nan,0.0007194673,31.4298896679,nan,nan,nan,nan,nan,nan,nan
3332,51.3157894737,0.6975563613,nan,0.0000334129,44.7608544560,nan,nan,nan,nan,nan,nan,nan
3333,51.3157894737,0.2638481260,nan,0.0017318269,27.6149552265,nan,nan,nan,nan,nan,nan,nan
3334,51.3157894737,0.2202180766,nan,0.0021126288,26.7517680423,nan,nan,nan,nan,nan,nan,nan
3335,51.3157894737,0.8246129405,nan,0.0000053183,52.7422590020,nan,nan,nan,nan,nan,nan,nan
3336,51.3157894737,0.4215355031,nan,0.0006243927,32.0454221327,nan,nan,nan,nan,nan,nan,nan
3337,51.3157894737,0.3599601538,nan,0.0009838515,30.0707044976,nan,nan,nan,nan,nan,nan,nan
3338,51.3157894737,0.5013709378,nan,0.0003109363,35.0732850864,nan,nan,nan,nan,nan,nan,nan
3339,51.3157894737,0.7475739995,nan,0.0000168171,47.7424944547,nan,nan,nan,nan,nan,nan,nan
3340,51.3157894737,1.0358429356,nan,0.0000001262,68.9878114375,nan,nan,nan,nan,nan,nan,nan
3341,51.3157894737,1.1362204073,nan,0.0000000158,78.0124546967,nan,nan,nan,nan,nan,nan,nan
3342,51.3157894737,0.3777895072,nan,0.0008689171,30.6102166625,nan,nan,nan,nan,nan,nan,nan
3343,51.3157894737,0.4309370485,nan,0.0005788218,32.3745514334,nan,nan,nan,nan,nan,nan,nan
3344,51.3157894737,0.9124866627,nan,0.0000012449,59.0487104134,nan,nan,nan,nan,nan,nan,nan
3345,51.3157894737,0.3691262227,nan,0.0009236803,30.3447830845,nan,nan,nan,nan,nan,nan,nan
3346,51.3157894737,1.0908850437,nan,0.0000000414,73.8323227951,nan,nan,nan,nan,nan,nan,nan
3347,51.3157894737,1.3290655829,nan,0.0000000002,97.7123841660,nan,nan,nan,nan,nan,nan,nan
3348,51.3157894737,0.9273347996,nan,0.0000009599,60.1778777451,nan,nan,nan,nan,nan,nan,nan
3349,51.3157894737,0.0684733070,nan,0.0031853537,24.9684233524,nan,nan,nan,nan,nan,nan,nan
3350,51.3157894737,0.7448904639,nan,0.0000174693,47.5772397132,nan,nan,nan,nan,nan,nan,nan
3351,51.3157894737,0.4117107292,nan,0.0006746370,31.7092984685,nan,nan,nan,nan,nan,nan,nan
3352,51.3157894737,0.1903262242,nan,0.0023708808,26.2509027596,nan,nan,nan,nan,nan,nan,nan
3353,51.3157894737,0.7119315755,nan,0.0000275647,45.5964735297,nan,nan,nan,nan,nan,nan,nan
3354,51.3157894737,0.9145969591,nan,0.0000012000,59.2080732353,nan,nan,nan,nan,nan,nan,nan
3355,51.3157894737,0.6014975466,nan,0.0001091933,39.6180398132,nan,nan,nan,nan,nan,nan,nan
3356,51.3157894737,0.3517099243,nan,0.0010399314,29.8299530091,nan,nan,nan,nan,nan,nan,nan
3357,51.3157894737,0.6078445598,nan,0.0001015269,39.9341867809,nan,nan,nan,nan,nan,nan,nan
3358,51.3157894737,0.2592545517,nan,0.0017714615,27.5166827455,nan,nan,nan,nan,nan,nan,nan
3359,51.3157894737,0.3454272968,nan,0.0010838287,29.6503936454,nan,nan,nan,nan,nan,nan,nan
3360,51.3157894737,0.6943685854,nan,0.0000348507,44.5778801262,nan,nan,nan,nan,nan,nan,nan
3361,51.3157894737,1.1013229189,nan,0.0000000333,74.7795359921,nan,nan,nan,nan,nan,nan,nan
3362,51.3157894737,0.8419383333,nan,0.0000040414,53.9347342643,nan,nan,nan,nan,nan,nan,nan
3363,51.3157894737,0.4499755851,nan,0.0004939148,33.0634796480,nan,nan,nan,nan,nan,nan,nan
3364,51.3157894737,0.6432613541,nan,0.0000666844,41.7597583803,nan,nan,nan,nan,nan,nan,nan
3365,51.3157894737,0.3704969663,nan,0.0009148781,30.3863676668,nan,nan,nan,nan,nan,nan,nan
3366,51.3157894737,0.3580279819,nan,0.0009968237,30.0138166300,nan,nan,nan,nan,nan,nan,nan
3367,51.3157894737,0.6203929930,nan,0.0000877187,40.5690779309,nan,nan,nan,nan,nan,nan,nan
3368,51.3157894737,0.3593314328,nan,0.0009880617,30.0521595237,nan,nan,nan,nan,nan,nan,nan
3369,51.3157894737,0.6603672566,nan,0.0000539657,42.6788228675,nan,nan,nan,nan,nan,nan,nan
3370,51.3157894737,0.5282392091,nan,0.0002392679,36.2111554451,nan,nan,nan,nan,nan,nan,nan
3371,51.3157894737,0.4474032533,nan,0.0005048191,32.9686425880,nan,nan,nan,nan,nan,nan,nan
3372,51.3157894737,0.4774628955,nan,0.0003880499,34.1111245500,nan,nan,nan,nan,nan,nan,nan
3373,51.3157894737,1.0401667568,nan,0.0000001159,69.3592192805,nan,nan,nan,nan,nan,nan,nan
3374,51.3157894737,0.8827951767,nan,0.0000020674,56.8458579951,nan,nan,nan,nan,nan,nan,nan
3375,51.3157894737,0.6466295473,nan,0.0000639911,41.9388012777,nan,nan,nan,nan,nan,nan,nan
3376,51.3157894737,0.6255072755,nan,0.0000825736,40.8315890792,nan,nan,nan,nan,nan,nan,nan
3377,51.3157894737,0.2190895148,nan,0.0021225007,26.7315216591,nan,nan,nan,nan,nan,nan,nan
3378,51.3157894737,0.4340227548,nan,0.0005643946,32.4841716671,nan,nan,nan,nan,nan,nan,nan
3379,51.3157894737,0.2755625945,nan,0.0016317557,27.8734485491,nan,nan,nan,nan,nan,nan,nan
3380,51.3157894737,0.3967667855,nan,0.0007562472,31.2133624006,nan,nan,nan,nan,nan,nan,nan
3381,51.3157894737,0.5496273224,nan,0.0001923198,37.1597609955,nan,nan,nan,nan,nan,nan,nan
3382,51.3157894737,1.2664890535,nan,0.0000000008,90.9792723531,nan,nan,nan,nan,nan,nan,nan
3383,51.3157894737,0.3508062339,nan,0.0010461828,29.8039243010,nan,nan,nan,nan,nan,nan,nan
3384,51.3157894737,0.6616915199,nan,0.0000530764,42.7509872091,nan,nan,nan,nan,nan,nan,nan
3385,51.3157894737,0.9298895979,nan,0.0000009175,60.3740177456,nan,nan,nan,nan,nan,nan,nan
3386,51.3157894737,0.1482569908,nan,0.0027098859,25.6704899759,nan,nan,nan,nan,nan,nan,nan
3387,51.3157894737,0.6297976048,nan,0.0000784606,41.0534839161,nan,nan,nan,nan,nan,nan,nan
3388,51.3157894737,0.5293745785,nan,0.0002365616,36.2605572293,nan,nan,nan,nan,nan,nan,nan
3389,51.3157894737,0.4890872611,nan,0.0003488978,34.5730177563,nan,nan,nan,nan,nan,nan,nan
3390,51.3157894737,1.9129430692,nan,0.0000000000,176.3347540386,nan,nan,nan,nan,nan,nan,nan
3391,51.3157894737,0.4688871611,nan,0.0004190299,33.7775495551,nan,nan,nan,nan,nan,nan,nan
3392,51.3157894737,1.3095365737,nan,0.0000000003,95.5759556995,nan,nan,nan,nan,nan,nan,nan
3393,51.3157894737,0.6202205317,nan,0.0000878969,40.5602635405,nan,nan,nan,nan,nan,nan,nan
3394,51.3157894737,0.5599901560,nan,0.0001724635,37.6330281749,nan,nan,nan,nan,nan,nan,nan
3395,51.3157894737,0.4778056479,nan,0.0003868492,34.1245834851,nan,nan,nan,nan,nan,nan,nan
3396,51.3157894737,0.4977774005,nan,0.0003216889,34.9256390755,nan,nan,nan,nan,nan,nan,nan
3397,51.3157894737,0.6904315603,nan,0.0000367023,44.3530662993,nan,nan,nan,nan,nan,nan,nan
3398,51.3157894737,0.7374886341,nan,0.0000193886,47.1245339024,nan,nan,nan,nan,nan,nan,nan
3399,51.3157894737,0.2943146988,nan,0.0014754313,28.3108100870,nan,nan,nan,nan,nan,nan,nan
3400,51.3157894737,0.4272966373,nan,0.0005961782,32.2462393534,nan,nan,nan,nan,nan,nan,nan
3401,51.3157894737,0.6771477351,nan,0.0000436110,43.6040392125,nan,nan,nan,nan,nan,nan,nan
3402,51.3157894737,0.3602796764,nan,0.0009817159,30.0801417777,nan,nan,nan,nan,nan,nan,nan
3403,51.3157894737,0.0758437486,nan,0.0031539484,25.0114542071,nan,nan,nan,nan,nan,nan,nan
3404,51.3157894737,0.4174705531,nan,0.0006448544,31.9053832343,nan,nan,nan,nan,nan,nan,nan
3405,51.3157894737,0.9536342546,nan,0.0000005994,62.2230049631,nan,nan,nan,nan,nan,nan,nan
3406,51.3157894737,0.5136587195,nan,0.0002762968,35.5862406962,nan,nan,nan,nan,nan,nan,nan
3407,51.3157894737,0.4049577957,nan,0.0007107383,31.4829030415,nan,nan,nan,nan,nan,nan,nan
3408,51.3157894737,0.2245854261,nan,0.0020743848,26.8311067650,nan,nan,nan,nan,nan,nan,nan
3409,51.3157894737,0.2513051266,nan,0.0018404631,27.3507288387,nan,nan,nan,nan,nan,nan,nan
3410,51.3157894737,0.4821920062,nan,0.0003717335,34.2976835165,nan,nan,nan,nan,nan,nan,nan
3411,51.3157894737,0.8446873751,nan,0.0000038670,54.1262443045,nan,nan,nan,nan,nan,nan,nan
3412,51.3157894737,0.1466013075,nan,0.0027223122,25.6506207707,nan,nan,nan,nan,nan,nan,nan
3413,51.3157894737,0.5100363011,nan,0.0002861725,35.4337203120,nan,nan,nan,nan,nan,nan,nan
3414,51.3157894737,0.7007810961,nan,0.0000320125,44.9468101299,nan,nan,nan,nan,nan,nan,nan
3415,51.3157894737,0.9896828599,nan,0.0000003076,65.1199740548,nan,nan,nan,nan,nan,nan,nan
3416,51.3157894737,0.4362743968,nan,0.0005540310,32.5646593971,nan,nan,nan,nan,nan,nan,nan
3417,51.3157894737,0.2753300733,nan,0.0016337261,27.8682075551,nan,nan,nan,nan,nan,nan,nan
3418,51.3157894737,0.5328808598,nan,0.0002283602,36.4137965162,nan,nan,nan,nan,nan,nan,nan
3419,51.3157894737,0.6000111868,nan,0.0001110584,39.5444873111,nan,nan,nan,nan,nan,nan,nan
3420,51.3157894737,1.9364804913,nan,0.0000000000,180.1033115299,nan,nan,nan,nan,nan,nan,nan
3421,51.3157894737,0.3326775607,nan,0.0011759712,29.2960333220,nan,nan,nan,nan,nan,nan,nan
3422,51.3157894737,1.1253631787,nan,0.0000000200,76.9957381875,nan,nan,nan,nan,nan,nan,nan
3423,51.3157894737,1.5508452405,nan,0.0000000000,124.2132358624,nan,nan,nan,nan,nan,nan,nan
3424,51.3157894737,1.1700821547,nan,0.0000000075,81.2466473903,nan,nan,nan,nan,nan,nan,nan
3425,51.3157894737,1.3401554597,nan,0.0000000001,98.9397889772,nan,nan,nan,nan,nan,nan,nan
3426,51.3157894737,0.9293141138,nan,0.0000009269,60.3297885133,nan,nan,nan,nan,nan,nan,nan
3427,51.3157894737,0.9965738722,nan,0.0000002700,65.6860962055,nan,nan,nan,nan,nan,nan,nan
3428,51.3157894737,0.9544269557,nan,0.0000005908,62.2855432594,nan,nan,nan,nan,nan,nan,nan
3429,51.3157894737,1.2787029599,nan,0.0000000006,92.2677504741,nan,nan,nan,nan,nan,nan,nan
3430,51.3157894737,0.5353569382,nan,0.0002227088,36.5226261977,nan,nan,nan,nan,nan,nan,nan
3431,51.3157894737,0.9280738525,nan,0.0000009474,60.2345612444,nan,nan,nan,nan,nan,nan,nan
3432,51.3157894737,0.4972494210,nan,0.0003232930,34.9040364649,nan,nan,nan,nan,nan,nan,nan
3433,51.3157894737,1.1043868530,nan,0.0000000312,75.0593079620,nan,nan,nan,nan,nan,nan,nan
3434,51.3157894737,0.9247726203,nan,0.0000010042,59.9817176092,nan,nan,nan,nan,nan,nan,nan
3435,51.3157894737,0.1338113396,nan,0.0028153250,25.5047145573,nan,nan,nan,nan,nan,nan,nan
3436,51.3157894737,0.5633723400,nan,0.0001663634,37.7894210180,nan,nan,nan,nan,nan,nan,nan
3437,51.3157894737,1.1447548510,nan,0.0000000131,78.8185666841,nan,nan,nan,nan,nan,nan,nan
3438,51.3157894737,0.9369857125,nan,0.0000008088,60.9216640249,nan,nan,nan,nan,nan,nan,nan
3439,51.3157894737,0.5582561072,nan,0.0001756623,37.5532136880,nan,nan,nan,nan,nan,nan,nan
3440,51.3157894737,0.3892655628,nan,0.0007995779,30.9713924124,nan,nan,nan,nan,nan,nan,nan
3441,51.3157894737,0.2575813702,nan,0.0017859447,27.4813200221,nan,nan,nan,nan,nan,nan,nan
3442,51.3157894737,0.7937531095,nan,0.0000085504,50.6801559045,nan,nan,nan,nan,nan,nan,nan
3443,51.3157894737,0.3109980578,nan,0.0013414276,28.7243274793,nan,nan,nan,nan,nan,nan,nan
3444,51.3157894737,0.5069072809,nan,0.0002949273,35.3028504592,nan,nan,nan,nan,nan,nan,nan
3445,51.3157894737,0.9199237100,nan,0.0000010935,59.6119836313,nan,nan,nan,nan,nan,nan,nan
3446,51.3157894737,0.6996751953,nan,0.0000324867,44.8829404543,nan,nan,nan,nan,nan,nan,nan
3447,51.3157894737,0.6645608104,nan,0.0000511936,42.9078463534,nan,nan,nan,nan,nan,nan,nan
3448,51.3157894737,0.3378611461,nan,0.0011380249,29.4384824453,nan,nan,nan,nan,nan,nan,nan
3449,51.3157894737,1.3397407557,nan,0.0000000001,98.8937052735,nan,nan,nan,nan,nan,nan,nan
3450,51.3157894737,1.4618408059,nan,0.0000000000,113.0834468812,nan,nan,nan,nan,nan,nan,nan
3451,51.3157894737,0.6844537839,nan,0.0000396809,44.0141850695,nan,nan,nan,nan,nan,nan,nan
3452,51.3157894737,0.9270333404,nan,0.0000009650,60.1547696566,nan,nan,nan,nan,nan,nan,nan
3453,51.3157894737,1.0024204892,nan,0.0000002416,66.1695237783,nan,nan,nan,nan,nan,nan,nan
3454,51.3157894737,0.5807224517,nan,0.0001378280,38.6066264830,nan,nan,nan,nan,nan,nan,nan
3455,51.3157894737,0.3952982179,nan,0.0007646059,31.1656235670,nan,nan,nan,nan,nan,nan,nan
3456,51.3157894737,0.9839295446,nan,0.0000003427,64.6503521615,nan,nan,nan,nan,nan,nan,nan
3457,51.3157894737,0.3180003342,nan,0.0012868451,28.9047371206,nan,nan,nan,nan,nan,nan,nan
3458,51.3157894737,0.5639333729,nan,0.0001653691,37.8154551185,nan,nan,nan,nan,nan,nan,nan
3459,51.3157894737,0.7230221664,nan,0.0000236979,46.2529073416,nan,nan,nan,nan,nan,nan,nan
3460,51.3157894737,0.4847391805,nan,0.0003631671,34.3989354927,nan,nan,nan,nan,nan,nan,nan
3461,51.3157894737,0.6436422065,nan,0.0000663750,41.7799560545,nan,nan,nan,nan,nan,nan,nan
3462,51.3157894737,0.4901115218,nan,0.0003456007,34.6142537933,nan,nan,nan,nan,nan,nan,nan
3463,51.3157894737,0.0546440603,nan,0.0032362079,24.8996358317,nan,nan,nan,nan,nan,nan,nan
3464,51.3157894737,0.7198031244,nan,0.0000247667,46.0613235352,nan,nan,nan,nan,nan,nan,nan
3465,51.3157894737,0.7568764502,nan,0.0000147232,48.3199881049,nan,nan,nan,nan,nan,nan,nan
3466,51.3157894737,0.8611445404,nan,0.0000029608,55.2858874981,nan,nan,nan,nan,nan,nan,nan
3467,51.3157894737,0.4895016370,nan,0.0003475610,34.5896897675,nan,nan,nan,nan,nan,nan,nan
3468,51.3157894737,0.2581320554,nan,0.0017811753,27.4929332740,nan,nan,nan,nan,nan,nan,nan
3469,51.3157894737,0.5747631059,nan,0.0001471256,38.3231178254,nan,nan,nan,nan,nan,nan,nan
3470,51.3157894737,0.3612913987,nan,0.0009749718,30.1100792624,nan,nan,nan,nan,nan,nan,nan
3471,51.3157894737,0.5821046790,nan,0.0001357436,38.6728056170,nan,nan,nan,nan,nan,nan,nan
3472,51.3157894737,0.0459552849,nan,0.0032625844,24.8643824408,nan,nan,nan,nan,nan,nan,nan
3473,51.3157894737,1.1591936314,nan,0.0000000096,80.1962191122,nan,nan,nan,nan,nan,nan,nan
3474,51.3157894737,0.6091048722,nan,0.0001000608,39.9973616247,nan,nan,nan,nan,nan,nan,nan
3475,51.3157894737,0.8620033922,nan,0.0000029194,55.3470254546,nan,nan,nan,nan,nan,nan,nan
3476,51.3157894737,0.2605552417,nan,0.0017602192,27.5443323722,nan,nan,nan,nan,nan,nan,nan
3477,51.3157894737,0.6767485035,nan,0.0000438354,43.5817551088,nan,nan,nan,nan,nan,nan,nan
3478,51.3157894737,1.0955318893,nan,0.0000000376,74.2528899866,nan,nan,nan,nan,nan,nan,nan
3479,51.3157894737,1.1812575844,nan,0.0000000058,82.3350528977,nan,nan,nan,nan,nan,nan,nan
3480,51.3157894737,0.1918294742,nan,0.0023581233,26.2743349730,nan,nan,nan,nan,nan,nan,nan
3481,51.3157894737,0.2435832323,nan,0.0019078692,27.1945141369,nan,nan,nan,nan,nan,nan,nan
3482,51.3157894737,0.7831763228,nan,0.0000100193,49.9916452450,nan,nan,nan,nan,nan,nan,nan
3483,51.3157894737,1.0063825805,nan,0.0000002239,66.4987504470,nan,nan,nan,nan,nan,nan,nan
3484,51.3157894737,0.5137902593,nan,0.0002759434,35.5917996048,nan,nan,nan,nan,nan,nan,nan
3485,51.3157894737,1.3281631306,nan,0.0000000002,97.6129551381,nan,nan,nan,nan,nan,nan,nan
3486,51.3157894737,0.9225990904,nan,0.0000010433,59.8157415128,nan,nan,nan,nan,nan,nan,nan
3487,51.3157894737,0.4172357656,nan,0.0006460503,31.8973365292,nan,nan,nan,nan,nan,nan,nan
3488,51.3157894737,0.9770789470,nan,0.0000003895,64.0947643504,nan,nan,nan,nan,nan,nan,nan
3489,51.3157894737,0.4177183518,nan,0.0006435939,31.9138808184,nan,nan,nan,nan,nan,nan,nan
3490,51.3157894737,0.5574088775,nan,0.0001772430,37.5143083289,nan,nan,nan,nan,nan,nan,nan
3491,51.3157894737,0.5626505938,nan,0.0001676499,37.7559676249,nan,nan,nan,nan,nan,nan,nan
3492,51.3157894737,1.0217365718,nan,0.0000001665,67.7869498270,nan,nan,nan,nan,nan,nan,nan
3493,51.3157894737,1.7076629381,nan,0.0000000000,145.4370829403,nan,nan,nan,nan,nan,nan,nan
3494,51.3157894737,0.4913868994,nan,0.0003415292,34.6657212311,nan,nan,nan,nan,nan,nan,nan
3495,51.3157894737,0.5571200576,nan,0.0001777846,37.5010591412,nan,nan,nan,nan,nan,nan,nan
3496,51.3157894737,0.5905251251,nan,0.0001236120,39.0793924681,nan,nan,nan,nan,nan,nan,nan
3497,51.3157894737,0.2318135250,nan,0.0020110056,26.9658671810,nan,nan,nan,nan,nan,nan,nan
3498,51.3157894737,0.4996822575,nan,0.0003159534,35.0037696640,nan,nan,nan,nan,nan,nan,nan
3499,51.3157894737,0.9190568833,nan,0.0000011102,59.5460937986,nan,nan,nan,nan,nan,nan,nan
3500,51.3157894737,0.8356011919,nan,0.0000044713,53.4956601530,nan,nan,nan,nan,nan,nan,nan
3501,51.3157894737,0.8122730439,nan,0.0000064444,51.9081715226,nan,nan,nan,nan,nan,nan,nan
3502,51.3157894737,0.5668753538,nan,0.0001602359,37.9524022592,nan,nan,nan,nan,nan,nan,nan
3503,51.3157894737,0.4346584618,nan,0.0005614546,32.5068532497,nan,nan,nan,nan,nan,nan,nan
3504,51.3157894737,0.8370498747,nan,0.0000043694,53.5957383763,nan,nan,nan,nan,nan,nan,nan
3505,51.3157894737,0.7305705655,nan,0.0000213524,46.7055373135,nan,nan,nan,nan,nan,nan,nan
3506,51.3157894737,0.4802995904,nan,0.0003781981,34.2228069569,nan,nan,nan,nan,nan,nan,nan
3507,51.3157894737,0.9093315729,nan,0.0000013149,58.8111405799,nan,nan,nan,nan,nan,nan,nan
3508,51.3157894737,0.4602177033,nan,0.0004522176,33.4465255281,nan,nan,nan,nan,nan,nan,nan
3509,51.3157894737,0.3900112299,nan,0.0007951998,30.9952372290,nan,nan,nan,nan,nan,nan,nan
3510,51.3157894737,1.0826583578,nan,0.0000000491,73.0921796412,nan,nan,nan,nan,nan,nan,nan
3511,51.3157894737,0.9913307213,nan,0.0000002982,65.2549915929,nan,nan,nan,nan,nan,nan,nan
3512,51.3157894737,0.7727066031,nan,0.0000116969,49.3192768077,nan,nan,nan,nan,nan,nan,nan
3513,51.3157894737,0.6122804462,nan,0.0000964467,40.1571266624,nan,nan,nan,nan,nan,nan,nan
3514,51.3157894737,0.5972435839,nan,0.0001146035,39.4080214874,nan,nan,nan,nan,nan,nan,nan
3515,51.3157894737,0.8075408950,nan,0.0000069316,51.5916766578,nan,nan,nan,nan,nan,nan,nan
3516,51.3157894737,0.9184049204,nan,0.0000011229,59.4965776233,nan,nan,nan,nan,nan,nan,nan
3517,51.3157894737,0.1540477475,nan,0.0026657827,25.7417526127,nan,nan,nan,nan,nan,nan,nan
3518,51.3157894737,0.4141650611,nan,0.0006618329,31.7925167026,nan,nan,nan,nan,nan,nan,nan
3519,51.3157894737,0.7681090362,nan,0.0000125115,49.0269030872,nan,nan,nan,nan,nan,nan,nan
3520,51.3157894737,0.7572505011,nan,0.0000146441,48.3433597083,nan,nan,nan,nan,nan,nan,nan
3521,51.3157894737,0.5198823630,nan,0.0002599665,35.8508263437,nan,nan,nan,nan,nan,nan,nan
3522,51.3157894737,0.8686112750,nan,0.0000026185,55.8194676950,nan,nan,nan,nan,nan,nan,nan
3523,51.3157894737,0.3861629622,nan,0.0008179614,30.8726720449,nan,nan,nan,nan,nan,nan,nan
3524,51.3157894737,0.9655187165,nan,0.0000004824,63.1660983908,nan,nan,nan,nan,nan,nan,nan
3525,51.3157894737,0.3903117858,nan,0.0007934396,31.0048613681,nan,nan,nan,nan,nan,nan,nan
3526,51.3157894737,0.2728878783,nan,0.0016544626,27.8134303430,nan,nan,nan,nan,nan,nan,nan
3527,51.3157894737,0.5042841049,nan,0.0003024292,35.1937631140,nan,nan,nan,nan,nan,nan,nan
3528,51.3157894737,0.8147430992,nan,0.0000062028,52.0741141468,nan,nan,nan,nan,nan,nan,nan
3529,51.3157894737,0.3146783000,nan,0.0013126103,28.8186417936,nan,nan,nan,nan,nan,nan,nan
3530,51.3157894737,1.4344377559,nan,0.0000000000,109.7902665480,nan,nan,nan,nan,nan,nan,nan
3531,51.3157894737,1.4088149891,nan,0.0000000000,106.7678804768,nan,nan,nan,nan,nan,nan,nan
3532,51.3157894737,1.2608761140,nan,0.0000000009,90.3913303944,nan,nan,nan,nan,nan,nan,nan
3533,51.3157894737,1.1127442078,nan,0.0000000261,75.8264143185,nan,nan,nan,nan,nan,nan,nan
3534,51.3157894737,0.8933203945,nan,0.0000017305,57.6183315111,nan,nan,nan,nan,nan,nan,nan
3535,51.3157894737,0.2073697595,nan,0.0022246057,26.5274696013,nan,nan,nan,nan,nan,nan,nan
3536,51.3157894737,1.0988345741,nan,0.0000000351,74.5528986351,nan,nan,nan,nan,nan,nan,nan
3537,51.3157894737,0.2264739277,nan,0.0020578321,26.8659005226,nan,nan,nan,nan,nan,nan,nan
3538,51.3157894737,0.2207326653,nan,0.0021081259,26.7610345776,nan,nan,nan,nan,nan,nan,nan
3539,51.3157894737,0.6910152625,nan,0.0000364224,44.3863157355,nan,nan,nan,nan,nan,nan,nan
3540,51.3157894737,0.6008269372,nan,0.0001100314,39.5848319915,nan,nan,nan,nan,nan,nan,nan
3541,51.3157894737,2.0442397386,nan,0.0000000000,197.9501089983,nan,nan,nan,nan,nan,nan,nan
3542,51.3157894737,0.6786237342,nan,0.0000427904,43.6865408438,nan,nan,nan,nan,nan,nan,nan
3543,51.3157894737,0.7394224436,nan,0.0000188696,47.2423683149,nan,nan,nan,nan,nan,nan,nan
3544,51.3157894737,1.2176624300,nan,0.0000000025,85.9529794040,nan,nan,nan,nan,nan,nan,nan
3545,51.3157894737,0.7496817692,nan,0.0000163203,47.8727131912,nan,nan,nan,nan,nan,nan,nan
3546,51.3157894737,0.9366790509,nan,0.0000008132,60.8979104632,nan,nan,nan,nan,nan,nan,nan
3547,51.3157894737,0.7334190926,nan,0.0000205231,46.8775776205,nan,nan,nan,nan,nan,nan,nan
3548,51.3157894737,0.2895951750,nan,0.0015142579,28.1980015724,nan,nan,nan,nan,nan,nan,nan
3549,51.3157894737,0.2997754422,nan,0.0014309911,28.4436306950,nan,nan,nan,nan,nan,nan,nan
3550,51.3157894737,0.7306608118,nan,0.0000213256,46.7109774949,nan,nan,nan,nan,nan,nan,nan
3551,51.3157894737,1.0995090007,nan,0.0000000346,74.6142740398,nan,nan,nan,nan,nan,nan,nan
3552,51.3157894737,0.2814679348,nan,0.0015819583,28.0080497274,nan,nan,nan,nan,nan,nan,nan
3553,51.3157894737,0.4533180213,nan,0.0004800066,33.1875281270,nan,nan,nan,nan,nan,nan,nan
3554,51.3157894737,0.0794293116,nan,0.0031376241,25.0339908693,nan,nan,nan,nan,nan,nan,nan
3555,51.3157894737,1.1537123436,nan,0.0000000108,79.6711805643,nan,nan,nan,nan,nan,nan,nan
3556,51.3157894737,0.1334347064,nan,0.0028179797,25.5006213958,nan,nan,nan,nan,nan,nan,nan
3557,51.3157894737,0.6976965326,nan,0.0000333509,44.7689195109,nan,nan,nan,nan,nan,nan,nan
3558,51.3157894737,0.4305177007,nan,0.0005808025,32.3597149093,nan,nan,nan,nan,nan,nan,nan
3559,51.3157894737,0.3244834405,nan,0.0012372623,29.0753823368,nan,nan,nan,nan,nan,nan,nan
3560,51.3157894737,0.9605634442,nan,0.0000005283,62.7714401727,nan,nan,nan,nan,nan,nan,nan
3561,51.3157894737,1.1005256094,nan,0.0000000338,74.7068611006,nan,nan,nan,nan,nan,nan,nan
3562,51.3157894737,0.8283806267,nan,0.0000050125,52.9994545517,nan,nan,nan,nan,nan,nan,nan
3563,51.3157894737,0.8690237268,nan,0.0000026007,55.8490773001,nan,nan,nan,nan,nan,nan,nan
3564,51.3157894737,0.9099053505,nan,0.0000013019,58.8542827740,nan,nan,nan,nan,nan,nan,nan
3565,51.3157894737,0.7188999986,nan,0.0000250742,46.0077281597,nan,nan,nan,nan,nan,nan,nan
3566,51.3157894737,0.3970155074,nan,0.0007548375,31.2214652982,nan,nan,nan,nan,nan,nan,nan
3567,51.3157894737,0.9644957612,nan,0.0000004915,63.0844582937,nan,nan,nan,nan,nan,nan,nan
3568,51.3157894737,0.3726476712,nan,0.0009011711,30.4519273999,nan,nan,nan,nan,nan,nan,nan
3569,51.3157894737,0.6322707464,nan,0.0000761712,41.1820892367,nan,nan,nan,nan,nan,nan,nan
3570,51.3157894737,0.8345748035,nan,0.0000045448,53.4248607678,nan,nan,nan,nan,nan,nan,nan
3571,51.3157894737,0.4153140220,nan,0.0006558967,31.8316455570,nan,nan,nan,nan,nan,nan,nan
3572,51.3157894737,0.2389194535,nan,0.0019487017,27.1025464281,nan,nan,nan,nan,nan,nan,nan
3573,51.3157894737,0.4104699485,nan,0.0006811743,31.6674175396,nan,nan,nan,nan,nan,nan,nan
3574,51.3157894737,0.8701375750,nan,0.0000025532,55.9291104593,nan,nan,nan,nan,nan,nan,nan
3575,51.3157894737,0.4214437038,nan,0.0006248497,32.0422445130,nan,nan,nan,nan,nan,nan,nan
3576,51.3157894737,0.8827844613,nan,0.0000020677,56.8450762636,nan,nan,nan,nan,nan,nan,nan
3577,51.3157894737,1.5157810047,nan,0.0000000000,119.7493681348,nan,nan,nan,nan,nan,nan,nan
3578,51.3157894737,0.5326262179,nan,0.0002289479,36.4026332351,nan,nan,nan,nan,nan,nan,nan
3579,51.3157894737,0.8268528294,nan,0.0000051345,52.8950192030,nan,nan,nan,nan,nan,nan,nan
3580,51.3157894737,0.8792898336,nan,0.0000021925,56.5906410240,nan,nan,nan,nan,nan,nan,nan
3581,51.3157894737,0.9294019616,nan,0.0000009254,60.3365383284,nan,nan,nan,nan,nan,nan,nan
3582,51.3157894737,0.5721767271,nan,0.0001513216,38.2009916570,nan,nan,nan,nan,nan,nan,nan
3583,51.3157894737,0.2966850614,nan,0.0014560753,28.3681615188,nan,nan,nan,nan,nan,nan,nan
3584,51.3157894737,1.1758938367,nan,0.0000000066,81.8113608324,nan,nan,nan,nan,nan,nan,nan
3585,51.3157894737,0.3465403010,nan,0.0010759781,29.6819657609,nan,nan,nan,nan,nan,nan,nan
3586,51.3157894737,0.6664353769,nan,0.0000499954,43.0106953205,nan,nan,nan,nan,nan,nan,nan
3587,51.3157894737,0.5747969032,nan,0.0001470714,38.3247173777,nan,nan,nan,nan,nan,nan,nan
3588,51.3157894737,0.4967059565,nan,0.0003249508,34.8818244204,nan,nan,nan,nan,nan,nan,nan
3589,51.3157894737,0.5401219575,nan,0.0002121538,36.7334921118,nan,nan,nan,nan,nan,nan,nan
3590,51.3157894737,0.6024777977,nan,0.0001079780,39.6666479585,nan,nan,nan,nan,nan,nan,nan
3591,51.3157894737,0.7004631933,nan,0.0000321482,44.9284397036,nan,nan,nan,nan,nan,nan,nan
3592,51.3157894737,0.9833450279,nan,0.0000003465,64.6027947317,nan,nan,nan,nan,nan,nan,nan
3593,51.3157894737,1.2743008566,nan,0.0000000007,91.8019232767,nan,nan,nan,nan,nan,nan,nan
3594,51.3157894737,0.4335202290,nan,0.0005667264,32.4662655879,nan,nan,nan,nan,nan,nan,nan
3595,51.3157894737,0.9018888264,nan,0.0000014949,58.2540091664,nan,nan,nan,nan,nan,nan,nan
3596,51.3157894737,0.6981861472,nan,0.0000331352,44.7971033569,nan,nan,nan,nan,nan,nan,nan
3597,51.3157894737,0.3535656821,nan,0.0010271608,29.8836155445,nan,nan,nan,nan,nan,nan,nan
3598,51.3157894737,0.4421647211,nan,0.0005275695,32.7772029139,nan,nan,nan,nan,nan,nan,nan
3599,51.3157894737,0.7275813644,nan,0.0000222550,46.5257267884,nan,nan,nan,nan,nan,nan,nan
3600,51.3157894737,0.0650640698,nan,0.0031988818,24.9500180610,nan,nan,nan,nan,nan,nan,nan
3601,51.3157894737,0.3373941373,nan,0.0011414167,29.4255576272,nan,nan,nan,nan,nan,nan,nan
3602,51.3157894737,0.6882302275,nan,0.0000377752,44.2279266695,nan,nan,nan,nan,nan,nan,nan
3603,51.3157894737,0.4609731026,nan,0.0004492498,33.4751210227,nan,nan,nan,nan,nan,nan,nan
3604,51.3157894737,0.7087736537,nan,0.0000287645,45.4114329258,nan,nan,nan,nan,nan,nan,nan
3605,51.3157894737,0.5998887472,nan,0.0001112132,39.5384365713,nan,nan,nan,nan,nan,nan,nan
3606,51.3157894737,0.3062914018,nan,0.0013786882,28.6053394523,nan,nan,nan,nan,nan,nan,nan
3607,51.3157894737,0.3937077126,nan,0.0007737270,31.1141222639,nan,nan,nan,nan,nan,nan,nan
3608,51.3157894737,1.1169878717,nan,0.0000000239,76.2181650679,nan,nan,nan,nan,nan,nan,nan
3609,51.3157894737,0.7523201093,nan,0.0000157173,48.0362318064,nan,nan,nan,nan,nan,nan,nan
3610,51.3157894737,0.8580242308,nan,0.0000031158,55.0642833710,nan,nan,nan,nan,nan,nan,nan
3611,51.3157894737,0.2216143135,nan,0.0021004088,26.7769616894,nan,nan,nan,nan,nan,nan,nan
3612,51.3157894737,0.5240442711,nan,0.0002494851,36.0295545071,nan,nan,nan,nan,nan,nan,nan
3613,51.3157894737,0.3393289302,nan,0.0011273994,29.4792218440,nan,nan,nan,nan,nan,nan,nan
3614,51.3157894737,0.4159337395,nan,0.0006527102,31.8527959537,nan,nan,nan,nan,nan,nan,nan
3615,51.3157894737,0.5330943932,nan,0.0002278683,36.4231617842,nan,nan,nan,nan,nan,nan,nan
3616,51.3157894737,1.1948669394,nan,0.0000000043,83.6745949402,nan,nan,nan,nan,nan,nan,nan
3617,51.3157894737,0.8814283092,nan,0.0000021153,56.7462173247,nan,nan,nan,nan,nan,nan,nan
3618,51.3157894737,0.5389681185,nan,0.0002146714,36.6822584915,nan,nan,nan,nan,nan,nan,nan
3619,51.3157894737,0.7957016602,nan,0.0000083023,50.8080155749,nan,nan,nan,nan,nan,nan,nan
3620,51.3157894737,0.4369816905,nan,0.0005508040,32.5900291724,nan,nan,nan,nan,nan,nan,nan
3621,51.3157894737,0.9680799589,nan,0.0000004602,63.3708890421,nan,nan,nan,nan,nan,nan,nan
3622,51.3157894737,0.9148130122,nan,0.0000011955,59.2244098240,nan,nan,nan,nan,nan,nan,nan
3623,51.3157894737,1.1226394540,nan,0.0000000212,76.7422217279,nan,nan,nan,nan,nan,nan,nan
3624,51.3157894737,0.8095547816,nan,0.0000067203,51.7261411728,nan,nan,nan,nan,nan,nan,nan
3625,51.3157894737,1.1782041425,nan,0.0000000063,82.0366339775,nan,nan,nan,nan,nan,nan,nan
3626,51.3157894737,0.3965519536,nan,0.0007574662,31.2063676976,nan,nan,nan,nan,nan,nan,nan
3627,51.3157894737,0.5091941291,nan,0.0002885083,35.3984169722,nan,nan,nan,nan,nan,nan,nan
3628,51.3157894737,0.4406228833,nan,0.0005344056,32.7212902716,nan,nan,nan,nan,nan,nan,nan
3629,51.3157894737,1.2660060393,nan,0.0000000008,90.9285742116,nan,nan,nan,nan,nan,nan,nan
3630,51.3157894737,0.2115238289,nan,0.0021885164,26.5985019578,nan,nan,nan,nan,nan,nan,nan
3631,51.3157894737,0.3434130096,nan,0.0010981166,29.5935156298,nan,nan,nan,nan,nan,nan,nan
3632,51.3157894737,0.5172981578,nan,0.0002666506,35.7405739418,nan,nan,nan,nan,nan,nan,nan
3633,51.3157894737,1.1090483190,nan,0.0000000283,75.4864561569,nan,nan,nan,nan,nan,nan,nan
3634,51.3157894737,0.8709790718,nan,0.0000025179,55.9896429512,nan,nan,nan,nan,nan,nan,nan
3635,51.3157894737,0.4111764654,nan,0.0006774466,31.6912494643,nan,nan,nan,nan,nan,nan,nan
3636,51.3157894737,1.0775770901,nan,0.0000000545,72.6378478655,nan,nan,nan,nan,nan,nan,nan
3637,51.3157894737,0.2952124222,nan,0.0014680890,28.3324761175,nan,nan,nan,nan,nan,nan,nan
3638,51.3157894737,0.4943981206,nan,0.0003320647,34.7877732721,nan,nan,nan,nan,nan,nan,nan
3639,51.3157894737,1.2033980794,nan,0.0000000035,84.5221889657,nan,nan,nan,nan,nan,nan,nan
3640,51.3157894737,0.9535987048,nan,0.0000005998,62.2202015695,nan,nan,nan,nan,nan,nan,nan
3641,51.3157894737,0.7128522990,nan,0.0000272234,45.6505801526,nan,nan,nan,nan,nan,nan,nan
3642,51.3157894737,0.3054844201,nan,0.0013851213,28.5851220670,nan,nan,nan,nan,nan,nan,nan
3643,51.3157894737,0.5372699446,nan,0.0002184210,36.6070558814,nan,nan,nan,nan,nan,nan,nan
3644,51.3157894737,0.2622354063,nan,0.0017457195,27.5802552931,nan,nan,nan,nan,nan,nan,nan
3645,51.3157894737,0.4588684091,nan,0.0004575551,33.3955659465,nan,nan,nan,nan,nan,nan,nan
3646,51.3157894737,0.9360696878,nan,0.0000008221,60.8507333443,nan,nan,nan,nan,nan,nan,nan
3647,51.3157894737,0.4206677971,nan,0.0006287218,32.0154144922,nan,nan,nan,nan,nan,nan,nan
3648,51.3157894737,0.6276024687,nan,0.0000805423,40.9397608903,nan,nan,nan,nan,nan,nan,nan
3649,51.3157894737,0.6209680852,nan,0.0000871267,40.5984884006,nan,nan,nan,nan,nan,nan,nan
3650,51.3157894737,0.7303104329,nan,0.0000214296,46.6898599246,nan,nan,nan,nan,nan,nan,nan
3651,51.3157894737,1.0093029138,nan,0.0000002117,66.7422515406,nan,nan,nan,nan,nan,nan,nan
3652,51.3157894737,0.9563728853,nan,0.0000005703,62.4392850389,nan,nan,nan,nan,nan,nan,nan
3653,51.3157894737,0.6736083872,nan,0.0000456358,43.4069437783,nan,nan,nan,nan,nan,nan,nan
3654,51.3157894737,1.4359456602,nan,0.0000000000,109.9698461272,nan,nan,nan,nan,nan,nan,nan
3655,51.3157894737,0.6254408665,nan,0.0000826387,40.8281664416,nan,nan,nan,nan,nan,nan,nan
3656,51.3157894737,0.4298554115,nan,0.0005839407,32.3363127924,nan,nan,nan,nan,nan,nan,nan
3657,51.3157894737,0.4643791882,nan,0.0004360492,33.6046451279,nan,nan,nan,nan,nan,nan,nan
3658,51.3157894737,0.2999873360,nan,0.0014292776,28.4488341756,nan,nan,nan,nan,nan,nan,nan
3659,51.3157894737,0.4491487213,nan,0.0004974008,33.0329349304,nan,nan,nan,nan,nan,nan,nan
3660,51.3157894737,0.6247599110,nan,0.0000833088,40.7930919898,nan,nan,nan,nan,nan,nan,nan
3661,51.3157894737,0.7553534027,nan,0.0000150489,48.2249446705,nan,nan,nan,nan,nan,nan,nan
3662,51.3157894737,1.0969860742,nan,0.0000000364,74.3848727455,nan,nan,nan,nan,nan,nan,nan
3663,51.3157894737,0.3707121236,nan,0.0009135011,30.3929090603,nan,nan,nan,nan,nan,nan,nan
3664,51.3157894737,0.5758424592,nan,0.0001454036,38.3742480560,nan,nan,nan,nan,nan,nan,nan
3665,51.3157894737,0.3314065463,nan,0.0011853746,29.2614438679,nan,nan,nan,nan,nan,nan,nan
3666,51.3157894737,0.2818580620,nan,0.0015786857,28.0170432975,nan,nan,nan,nan,nan,nan,nan
3667,51.3157894737,0.8856255960,nan,0.0000019712,57.0526823623,nan,nan,nan,nan,nan,nan,nan
3668,51.3157894737,0.7774942681,nan,0.0000109003,49.6256096986,nan,nan,nan,nan,nan,nan,nan
3669,51.3157894737,0.5998603426,nan,0.0001112491,39.5370330450,nan,nan,nan,nan,nan,nan,nan
3670,51.3157894737,0.5077712791,nan,0.0002924889,35.3389056247,nan,nan,nan,nan,nan,nan,nan
3671,51.3157894737,0.8727036611,nan,0.0000024469,56.1138844740,nan,nan,nan,nan,nan,nan,nan
3672,51.3157894737,0.8197478906,nan,0.0000057387,52.4119025717,nan,nan,nan,nan,nan,nan,nan
3673,51.3157894737,0.7259681632,nan,0.0000227562,46.4289961723,nan,nan,nan,nan,nan,nan,nan
3674,51.3157894737,0.3109667485,nan,0.0013416740,28.7235299086,nan,nan,nan,nan,nan,nan,nan
3675,51.3157894737,0.4844331062,nan,0.0003641883,34.3867403854,nan,nan,nan,nan,nan,nan,nan
3676,51.3157894737,0.1809494169,nan,0.0024496635,26.1089356979,nan,nan,nan,nan,nan,nan,nan
3677,51.3157894737,0.7144157647,nan,0.0000266525,45.7426192848,nan,nan,nan,nan,nan,nan,nan
3678,51.3157894737,0.6232841431,nan,0.0000847772,40.7172108164,nan,nan,nan,nan,nan,nan,nan
3679,51.3157894737,0.5199886239,nan,0.0002596945,35.8553717158,nan,nan,nan,nan,nan,nan,nan
3680,51.3157894737,0.9423880680,nan,0.0000007343,61.3414085380,nan,nan,nan,nan,nan,nan,nan
3681,51.3157894737,0.6061074721,nan,0.0001035779,39.8473292125,nan,nan,nan,nan,nan,nan,nan
3682,51.3157894737,0.7624024339,nan,0.0000135942,48.6664496473,nan,nan,nan,nan,nan,nan,nan
3683,51.3157894737,0.5097685152,nan,0.0002869136,35.4224885110,nan,nan,nan,nan,nan,nan,nan
3684,51.3157894737,0.6391001584,nan,0.0000701477,41.5398639395,nan,nan,nan,nan,nan,nan,nan
3685,51.3157894737,0.7480024053,nan,0.0000167150,47.7689315766,nan,nan,nan,nan,nan,nan,nan
3686,51.3157894737,1.0813739538,nan,0.0000000504,72.9771335712,nan,nan,nan,nan,nan,nan,nan
3687,51.3157894737,0.4355426399,nan,0.0005573839,32.5384557735,nan,nan,nan,nan,nan,nan,nan
3688,51.3157894737,0.8891360829,nan,0.0000018577,57.3101281955,nan,nan,nan,nan,nan,nan,nan
3689,51.3157894737,0.4150207727,nan,0.0006574083,31.8216483106,nan,nan,nan,nan,nan,nan,nan
3690,51.3157894737,0.6221023302,nan,0.0000859691,40.6565747406,nan,nan,nan,nan,nan,nan,nan
3691,51.3157894737,0.9763174631,nan,0.0000003951,64.0332492634,nan,nan,nan,nan,nan,nan,nan
3692,51.3157894737,1.5074517251,nan,0.0000000000,118.7041360760,nan,nan,nan,nan,nan,nan,nan
3693,51.3157894737,0.5162549374,nan,0.0002693877,35.6962230101,nan,nan,nan,nan,nan,nan,nan
3694,51.3157894737,1.1774468255,nan,0.0000000064,81.9627404344,nan,nan,nan,nan,nan,nan,nan
3695,51.3157894737,0.5548060528,nan,0.0001821731,37.3951575836,nan,nan,nan,nan,nan,nan,nan
3696,51.3157894737,0.5447837860,nan,0.0002022267,36.9416151506,nan,nan,nan,nan,nan,nan,nan
3697,51.3157894737,0.3963973923,nan,0.0007583440,31.2013377048,nan,nan,nan,nan,nan,nan,nan
3698,51.3157894737,0.5467887792,nan,0.0001980760,37.0316809395,nan,nan,nan,nan,nan,nan,nan
3699,51.3157894737,0.6197276286,nan,0.0000884080,40.5350851939,nan,nan,nan,nan,nan,nan,nan
3700,51.3157894737,0.0542607194,nan,0.0032374637,24.8979509637,nan,nan,nan,nan,nan,nan,nan
3701,51.3157894737,0.2258566561,nan,0.0020632433,26.8544955863,nan,nan,nan,nan,nan,nan,nan
3702,51.3157894737,0.2996574101,nan,0.0014319459,28.4407337856,nan,nan,nan,nan,nan,nan,nan
3703,51.3157894737,0.3024454189,nan,0.0014094613,28.5094683681,nan,nan,nan,nan,nan,nan,nan
3704,51.3157894737,0.2063219424,nan,0.0022336870,26.5097768584,nan,nan,nan,nan,nan,nan,nan
3705,51.3157894737,1.0221542557,nan,0.0000001651,67.8222683184,nan,nan,nan,nan,nan,nan,nan
3706,51.3157894737,0.8384027536,nan,0.0000042763,53.6893561249,nan,nan,nan,nan,nan,nan,nan
3707,51.3157894737,0.5302392287,nan,0.0002345173,36.2982513200,nan,nan,nan,nan,nan,nan,nan
3708,51.3157894737,0.3332125166,nan,0.0011720249,29.3106315665,nan,nan,nan,nan,nan,nan,nan
3709,51.3157894737,0.5613269660,nan,0.0001700306,37.6947290276,nan,nan,nan,nan,nan,nan,nan
3710,51.3157894737,0.6499889243,nan,0.0000614000,42.1183147975,nan,nan,nan,nan,nan,nan,nan
3711,51.3157894737,0.8453073287,nan,0.0000038287,54.1695199338,nan,nan,nan,nan,nan,nan,nan
3712,51.3157894737,0.0392484650,nan,0.0032799201,24.8413673844,nan,nan,nan,nan,nan,nan,nan
3713,51.3157894737,0.8613984249,nan,0.0000029485,55.3039540400,nan,nan,nan,nan,nan,nan,nan
3714,51.3157894737,0.4255123358,nan,0.0006048185,32.1837496765,nan,nan,nan,nan,nan,nan,nan
3715,51.3157894737,0.1732305308,nan,0.0025133354,25.9974955662,nan,nan,nan,nan,nan,nan,nan
3716,51.3157894737,0.8911442131,nan,0.0000017956,57.4578586808,nan,nan,nan,nan,nan,nan,nan
3717,51.3157894737,1.0697583667,nan,0.0000000639,71.9429616212,nan,nan,nan,nan,nan,nan,nan
3718,51.3157894737,0.4930056923,nan,0.0003364154,34.7312413385,nan,nan,nan,nan,nan,nan,nan
3719,51.3157894737,0.8567804601,nan,0.0000031797,54.9761769969,nan,nan,nan,nan,nan,nan,nan
3720,51.3157894737,0.3890205143,nan,0.0008010200,30.9635663391,nan,nan,nan,nan,nan,nan,nan
3721,51.3157894737,0.4285442458,nan,0.0005901889,32.2900896609,nan,nan,nan,nan,nan,nan,nan
3722,51.3157894737,0.5868723414,nan,0.0001287570,38.9022921975,nan,nan,nan,nan,nan,nan,nan
3723,51.3157894737,0.7404130064,nan,0.0000186087,47.3028476270,nan,nan,nan,nan,nan,nan,nan
3724,51.3157894737,0.2813170600,nan,0.0015832245,28.0045749911,nan,nan,nan,nan,nan,nan,nan
3725,51.3157894737,0.2368258149,nan,0.0019670510,27.0618438374,nan,nan,nan,nan,nan,nan,nan
3726,51.3157894737,0.2791061972,nan,0.0016018163,27.9538729907,nan,nan,nan,nan,nan,nan,nan
3727,51.3157894737,0.4342671179,nan,0.0005632632,32.4928864094,nan,nan,nan,nan,nan,nan,nan
3728,51.3157894737,1.0070819685,nan,0.0000002210,66.5570015086,nan,nan,nan,nan,nan,nan,nan
3729,51.3157894737,1.3393976936,nan,0.0000000001,98.8555935975,nan,nan,nan,nan,nan,nan,nan
3730,51.3157894737,1.1658191858,nan,0.0000000083,80.8342142220,nan,nan,nan,nan,nan,nan,nan
3731,51.3157894737,1.1854497010,nan,0.0000000053,82.7460255374,nan,nan,nan,nan,nan,nan,nan
3732,51.3157894737,0.5683512180,nan,0.0001577112,38.0213733712,nan,nan,nan,nan,nan,nan,nan
3733,51.3157894737,0.4536136981,nan,0.0004787903,33.1985462084,nan,nan,nan,nan,nan,nan,nan
3734,51.3157894737,0.2985366988,nan,0.0014410249,28.4132850443,nan,nan,nan,nan,nan,nan,nan
3735,51.3157894737,0.0603509213,nan,0.0032165228,24.9261337158,nan,nan,nan,nan,nan,nan,nan
3736,51.3157894737,0.3724087424,nan,0.0009026876,30.4446252608,nan,nan,nan,nan,nan,nan,nan
3737,51.3157894737,0.5572512104,nan,0.0001775385,37.5070747255,nan,nan,nan,nan,nan,nan,nan
3738,51.3157894737,0.5684055321,nan,0.0001576190,38.0239150636,nan,nan,nan,nan,nan,nan,nan
3739,51.3157894737,0.2538056681,nan,0.0018187086,27.4023688640,nan,nan,nan,nan,nan,nan,nan
3740,51.3157894737,0.0927833055,nan,0.0030710260,25.1271650804,nan,nan,nan,nan,nan,nan,nan
3741,51.3157894737,0.4674063227,nan,0.0004245642,33.7205658405,nan,nan,nan,nan,nan,nan,nan
3742,51.3157894737,0.8960265428,nan,0.0000016526,57.8184349946,nan,nan,nan,nan,nan,nan,nan
3743,51.3157894737,0.7025622679,nan,0.0000312616,45.0498929586,nan,nan,nan,nan,nan,nan,nan
3744,51.3157894737,0.4882755243,nan,0.0003515281,34.5403995763,nan,nan,nan,nan,nan,nan,nan
3745,51.3157894737,0.8116023234,nan,0.0000065115,51.8631990677,nan,nan,nan,nan,nan,nan,nan
3746,51.3157894737,0.7020547536,nan,0.0000314739,45.0204943936,nan,nan,nan,nan,nan,nan,nan
3747,51.3157894737,0.4211458383,nan,0.0006263342,32.0319387488,nan,nan,nan,nan,nan,nan,nan
3748,51.3157894737,0.6413953067,nan,0.0000682186,41.6609708931,nan,nan,nan,nan,nan,nan,nan
3749,51.3157894737,0.6660822823,nan,0.0000502192,42.9913002855,nan,nan,nan,nan,nan,nan,nan
3750,51.3157894737,0.1528372621,nan,0.0026750824,25.7266284334,nan,nan,nan,nan,nan,nan,nan
3751,51.3157894737,0.4814754566,nan,0.0003741711,34.2692971193,nan,nan,nan,nan,nan,nan,nan
3752,51.3157894737,0.1477822135,nan,0.0027134578,25.6647693477,nan,nan,nan,nan,nan,nan,nan
3753,51.3157894737,0.1732920290,nan,0.0025128328,25.9983640791,nan,nan,nan,nan,nan,nan,nan
3754,51.3157894737,0.2647082217,nan,0.0017244281,27.6335491209,nan,nan,nan,nan,nan,nan,nan
3755,51.3157894737,0.4566418673,nan,0.0004664655,33.3118047717,nan,nan,nan,nan,nan,nan,nan
3756,51.3157894737,0.7127774713,nan,0.0000272510,45.6461802463,nan,nan,nan,nan,nan,nan,nan
3757,51.3157894737,0.8903399744,nan,0.0000018203,57.3986535611,nan,nan,nan,nan,nan,nan,nan
3758,51.3157894737,1.0008692520,nan,0.0000002488,66.0409817762,nan,nan,nan,nan,nan,nan,nan
3759,51.3157894737,0.3249083447,nan,0.0012340457,29.0866877353,nan,nan,nan,nan,nan,nan,nan
3760,51.3157894737,0.3507509201,nan,0.0010465661,29.8023333062,nan,nan,nan,nan,nan,nan,nan
3761,51.3157894737,0.8773492109,nan,0.0000022648,56.4497885695,nan,nan,nan,nan,nan,nan,nan
3762,51.3157894737,0.2219246527,nan,0.0020976918,26.7825832513,nan,nan,nan,nan,nan,nan,nan
3763,51.3157894737,0.7635307366,nan,0.0000133736,48.7375030928,nan,nan,nan,nan,nan,nan,nan
3764,51.3157894737,0.8274127698,nan,0.0000050895,52.9332723673,nan,nan,nan,nan,nan,nan,nan
3765,51.3157894737,1.0094170532,nan,0.0000002113,66.7517830801,nan,nan,nan,nan,nan,nan,nan
3766,51.3157894737,0.5496006499,nan,0.0001923732,37.1585543696,nan,nan,nan,nan,nan,nan,nan
3767,51.3157894737,0.9388856536,nan,0.0000007818,61.0690055073,nan,nan,nan,nan,nan,nan,nan
3768,51.3157894737,1.0653088742,nan,0.0000000700,71.5497929020,nan,nan,nan,nan,nan,nan,nan
3769,51.3157894737,0.8217371523,nan,0.0000055632,52.5467432001,nan,nan,nan,nan,nan,nan,nan
3770,51.3157894737,0.5892067947,nan,0.0001254484,39.0153472026,nan,nan,nan,nan,nan,nan,nan
3771,51.3157894737,0.2384353834,nan,0.0019529434,27.0931034740,nan,nan,nan,nan,nan,nan,nan
3772,51.3157894737,0.7360274694,nan,0.0000197893,47.0357059377,nan,nan,nan,nan,nan,nan,nan
3773,51.3157894737,0.3583178817,nan,0.0009948710,30.0223323012,nan,nan,nan,nan,nan,nan,nan
3774,51.3157894737,0.7547091487,nan,0.0000151887,48.1847991000,nan,nan,nan,nan,nan,nan,nan
3775,51.3157894737,1.5467470639,nan,0.0000000000,123.6862028549,nan,nan,nan,nan,nan,nan,nan
3776,51.3157894737,1.0231524235,nan,0.0000001619,67.9067302978,nan,nan,nan,nan,nan,nan,nan
3777,51.3157894737,0.6489833982,nan,0.0000621658,42.0644845810,nan,nan,nan,nan,nan,nan,nan
3778,51.3157894737,0.4892323993,nan,0.0003484291,34.5788556295,nan,nan,nan,nan,nan,nan,nan
3779,51.3157894737,0.2545992148,nan,0.0018118137,27.4188646032,nan,nan,nan,nan,nan,nan,nan
3780,51.3157894737,0.5786117658,nan,0.0001410628,38.5058758790,nan,nan,nan,nan,nan,nan,nan
3781,51.3157894737,0.8909262525,nan,0.0000018023,57.4418078914,nan,nan,nan,nan,nan,nan,nan
3782,51.3157894737,0.6878792785,nan,0.0000379489,44.2080134448,nan,nan,nan,nan,nan,nan,nan
3783,51.3157894737,0.6504520567,nan,0.0000610501,42.1431365746,nan,nan,nan,nan,nan,nan,nan
3784,51.3157894737,1.0748002433,nan,0.0000000577,72.3904722430,nan,nan,nan,nan,nan,nan,nan
3785,51.3157894737,0.7086306943,nan,0.0000288199,45.4030757428,nan,nan,nan,nan,nan,nan,nan
3786,51.3157894737,0.7041924719,nan,0.0000305881,45.1444700189,nan,nan,nan,nan,nan,nan,nan
3787,51.3157894737,0.6128635887,nan,0.0000957953,40.1865559576,nan,nan,nan,nan,nan,nan,nan
3788,51.3157894737,0.7964299602,nan,0.0000082113,50.8558862007,nan,nan,nan,nan,nan,nan,nan
3789,51.3157894737,0.5447972105,nan,0.0002021987,36.9422170795,nan,nan,nan,nan,nan,nan,nan
3790,51.3157894737,0.5801674192,nan,0.0001386725,38.5800969404,nan,nan,nan,nan,nan,nan,nan
3791,51.3157894737,0.4443502734,nan,0.0005179888,32.8567964567,nan,nan,nan,nan,nan,nan,nan
3792,51.3157894737,0.7031930495,nan,0.0000309994,45.0864618298,nan,nan,nan,nan,nan,nan,nan
3793,51.3157894737,1.1311788114,nan,0.0000000176,77.5391141739,nan,nan,nan,nan,nan,nan,nan
3794,51.3157894737,1.1875934574,nan,0.0000000051,82.9567553104,nan,nan,nan,nan,nan,nan,nan
3795,51.3157894737,0.8875686218,nan,0.0000019076,57.1950496190,nan,nan,nan,nan,nan,nan,nan
3796,51.3157894737,0.5106655341,nan,0.0002844372,35.4601357797,nan,nan,nan,nan,nan,nan,nan
3797,51.3157894737,0.6320981647,nan,0.0000763291,41.1730983542,nan,nan,nan,nan,nan,nan,nan
3798,51.3157894737,0.1366169476,nan,0.0027953929,25.5355714035,nan,nan,nan,nan,nan,nan,nan
3799,51.3157894737,0.5369994489,nan,0.0002190232,36.5950992403,nan,nan,nan,nan,nan,nan,nan
3800,51.3157894737,0.7345201716,nan,0.0000202104,46.9442595779,nan,nan,nan,nan,nan,nan,nan
3801,51.3157894737,0.2836151906,nan,0.0015639736,28.0577059490,nan,nan,nan,nan,nan,nan,nan
3802,51.3157894737,0.7230051906,nan,0.0000237034,46.2518947541,nan,nan,nan,nan,nan,nan,nan
3803,51.3157894737,1.7681848116,nan,0.0000000000,154.1792499335,nan,nan,nan,nan,nan,nan,nan
3804,51.3157894737,0.6156984087,nan,0.0000926825,40.3300225819,nan,nan,nan,nan,nan,nan,nan
3805,51.3157894737,0.9938261312,nan,0.0000002845,65.4598842564,nan,nan,nan,nan,nan,nan,nan
3806,51.3157894737,0.5692572423,nan,0.0001561779,38.0638039178,nan,nan,nan,nan,nan,nan,nan
3807,51.3157894737,1.9452694965,nan,0.0000000000,181.5224295288,nan,nan,nan,nan,nan,nan,nan
3808,51.3157894737,0.5376817945,nan,0.0002175068,36.6252724238,nan,nan,nan,nan,nan,nan,nan
3809,51.3157894737,0.6596313586,nan,0.0000544655,42.6387838983,nan,nan,nan,nan,nan,nan,nan
3810,51.3157894737,0.3362167274,nan,0.0011499920,29.3930519535,nan,nan,nan,nan,nan,nan,nan
3811,51.3157894737,0.8730326791,nan,0.0000024335,56.1376154892,nan,nan,nan,nan,nan,nan,nan
3812,51.3157894737,0.3872412722,nan,0.0008115416,30.9068920209,nan,nan,nan,nan,nan,nan,nan
3813,51.3157894737,0.8215321352,nan,0.0000055811,52.5328310336,nan,nan,nan,nan,nan,nan,nan
3814,51.3157894737,0.2380520386,nan,0.0019563029,27.0856391145,nan,nan,nan,nan,nan,nan,nan
3815,51.3157894737,0.1419001958,nan,0.0027571278,25.5954309919,nan,nan,nan,nan,nan,nan,nan
3816,51.3157894737,0.7582162783,nan,0.0000144419,48.4037576412,nan,nan,nan,nan,nan,nan,nan
3817,51.3157894737,0.8540891259,nan,0.0000033220,54.7859691606,nan,nan,nan,nan,nan,nan,nan
3818,51.3157894737,0.6564549523,nan,0.0000566699,42.4664775283,nan,nan,nan,nan,nan,nan,nan
3819,51.3157894737,0.6957274562,nan,0.0000342312,44.6557742527,nan,nan,nan,nan,nan,nan,nan
3820,51.3157894737,0.8237606862,nan,0.0000053898,52.6842450887,nan,nan,nan,nan,nan,nan,nan
3821,51.3157894737,0.2982952208,nan,0.0014429842,28.4073842857,nan,nan,nan,nan,nan,nan,nan
3822,51.3157894737,0.6801958652,nan,0.0000419313,43.7746150514,nan,nan,nan,nan,nan,nan,nan
3823,51.3157894737,0.8409888052,nan,0.0000041032,53.8687323422,nan,nan,nan,nan,nan,nan,nan
3824,51.3157894737,0.7868177653,nan,0.0000094893,50.2276386825,nan,nan,nan,nan,nan,nan,nan
3825,51.3157894737,1.0845917856,nan,0.0000000471,73.2656194729,nan,nan,nan,nan,nan,nan,nan
3826,51.3157894737,0.4878276776,nan,0.0003529858,34.5224270536,nan,nan,nan,nan,nan,nan,nan
3827,51.3157894737,0.6234570858,nan,0.0000846039,40.7260938429,nan,nan,nan,nan,nan,nan,nan
3828,51.3157894737,0.9630850104,nan,0.0000005044,62.9720121481,nan,nan,nan,nan,nan,nan,nan
3829,51.3157894737,0.6943548029,nan,0.0000348571,44.5770908618,nan,nan,nan,nan,nan,nan,nan
3830,51.3157894737,0.6953858680,nan,0.0000343860,44.6361790452,nan,nan,nan,nan,nan,nan,nan
3831,51.3157894737,0.1952124165,nan,0.0023292992,26.3277472408,nan,nan,nan,nan,nan,nan,nan
3832,51.3157894737,1.0501677206,nan,0.0000000950,70.2242606075,nan,nan,nan,nan,nan,nan,nan
3833,51.3157894737,0.4786719277,nan,0.0003838271,34.1586433048,nan,nan,nan,nan,nan,nan,nan
3834,51.3157894737,0.3057503303,nan,0.0013830001,28.5917779972,nan,nan,nan,nan,nan,nan,nan
3835,51.3157894737,0.5299020676,nan,0.0002353127,36.2835455327,nan,nan,nan,nan,nan,nan,nan
3836,51.3157894737,0.4325254111,nan,0.0005713629,32.4308797748,nan,nan,nan,nan,nan,nan,nan
3837,51.3157894737,0.3945632290,nan,0.0007688120,31.1417982583,nan,nan,nan,nan,nan,nan,nan
3838,51.3157894737,0.5343011408,nan,0.0002251045,36.4761591076,nan,nan,nan,nan,nan,nan,nan
3839,51.3157894737,0.5071281476,nan,0.0002943024,35.3120614668,nan,nan,nan,nan,nan,nan,nan
3840,51.3157894737,0.9723529228,nan,0.0000004252,63.7137625298,nan,nan,nan,nan,nan,nan,nan
3841,51.3157894737,1.0116142582,nan,0.0000002025,66.9354788109,nan,nan,nan,nan,nan,nan,nan
3842,51.3157894737,0.6517051948,nan,0.0000601120,42.2103884221,nan,nan,nan,nan,nan,nan,nan
3843,51.3157894737,0.5965887016,nan,0.0001154563,39.3758234339,nan,nan,nan,nan,nan,nan,nan
3844,51.3157894737,0.8511325011,nan,0.0000034852,54.5777077550,nan,nan,nan,nan,nan,nan,nan
3845,51.3157894737,0.9048869211,nan,0.0000014198,58.4778780298,nan,nan,nan,nan,nan,nan,nan
3846,51.3157894737,0.7138646995,nan,0.0000268525,45.7101556066,nan,nan,nan,nan,nan,nan,nan
3847,51.3157894737,0.3733044056,nan,0.0008970109,30.4720228411,nan,nan,nan,nan,nan,nan,nan
3848,51.3157894737,0.4709329437,nan,0.0004114744,33.8565717538,nan,nan,nan,nan,nan,nan,nan
3849,51.3157894737,1.6714256798,nan,0.0000000000,140.3496680848,nan,nan,nan,nan,nan,nan,nan
3850,51.3157894737,0.4509553415,nan,0.0004898075,33.0997456214,nan,nan,nan,nan,nan,nan,nan
3851,51.3157894737,0.7553348487,nan,0.0000150529,48.2237880295,nan,nan,nan,nan,nan,nan,nan
3852,51.3157894737,0.5372279189,nan,0.0002185145,36.6051978339,nan,nan,nan,nan,nan,nan,nan
3853,51.3157894737,0.1898079119,nan,0.0023752720,26.2428665600,nan,nan,nan,nan,nan,nan,nan
3854,51.3157894737,0.2960093519,nan,0.0014615830,28.3517653054,nan,nan,nan,nan,nan,nan,nan
3855,51.3157894737,0.8000208088,nan,0.0000077758,51.0925557755,nan,nan,nan,nan,nan,nan,nan
3856,51.3157894737,0.5612288868,nan,0.0001702081,37.6901971124,nan,nan,nan,nan,nan,nan,nan
3857,51.3157894737,0.1888600607,nan,0.0023832919,26.2282277135,nan,nan,nan,nan,nan,nan,nan
3858,51.3157894737,0.4812239293,nan,0.0003750297,34.2593428572,nan,nan,nan,nan,nan,nan,nan
3859,51.3157894737,0.6102700934,nan,0.0000987214,40.0558872957,nan,nan,nan,nan,nan,nan,nan
3860,51.3157894737,0.0859082139,nan,0.0031064360,25.0773759230,nan,nan,nan,nan,nan,nan,nan
3861,51.3157894737,0.6072675052,nan,0.0001022044,39.9053051882,nan,nan,nan,nan,nan,nan,nan
3862,51.3157894737,1.0473298666,nan,0.0000001005,69.9779499076,nan,nan,nan,nan,nan,nan,nan
3863,51.3157894737,0.5766653899,nan,0.0001441021,38.4132962473,nan,nan,nan,nan,nan,nan,nan
3864,51.3157894737,0.4731665587,nan,0.0004033439,33.9432455145,nan,nan,nan,nan,nan,nan,nan
3865,51.3157894737,0.4907747401,nan,0.0003434788,34.6410009137,nan,nan,nan,nan,nan,nan,nan
3866,51.3157894737,0.7534359909,nan,0.0000154683,48.1055660658,nan,nan,nan,nan,nan,nan,nan
3867,51.3157894737,0.8859840873,nan,0.0000019593,57.0789256754,nan,nan,nan,nan,nan,nan,nan
3868,51.3157894737,1.6519549539,nan,0.0000000000,137.6615806001,nan,nan,nan,nan,nan,nan,nan
3869,51.3157894737,0.6699524928,nan,0.0000478140,43.2044518355,nan,nan,nan,nan,nan,nan,nan
3870,51.3157894737,0.6226506637,nan,0.0000854143,40.6846940259,nan,nan,nan,nan,nan,nan,nan
3871,51.3157894737,0.5730515516,nan,0.0001498912,38.2422378141,nan,nan,nan,nan,nan,nan,nan
3872,51.3157894737,0.5265486118,nan,0.0002433440,36.1377930031,nan,nan,nan,nan,nan,nan,nan
3873,51.3157894737,0.6308491565,nan,0.0000774800,41.1081033260,nan,nan,nan,nan,nan,nan,nan
3874,51.3157894737,0.5403388427,nan,0.0002116833,36.7431347463,nan,nan,nan,nan,nan,nan,nan
3875,51.3157894737,0.1820925189,nan,0.0024401383,26.1258554964,nan,nan,nan,nan,nan,nan,nan
3876,51.3157894737,0.8001946022,nan,0.0000077553,51.1040375786,nan,nan,nan,nan,nan,nan,nan
3877,51.3157894737,0.5885159221,nan,0.0001264200,38.9818418478,nan,nan,nan,nan,nan,nan,nan
3878,51.3157894737,0.9075072543,nan,0.0000013570,58.6741528836,nan,nan,nan,nan,nan,nan,nan
3879,51.3157894737,0.4601059530,nan,0.0004526579,33.4422992604,nan,nan,nan,nan,nan,nan,nan
3880,51.3157894737,0.1458978106,nan,0.0027275665,25.6422464978,nan,nan,nan,nan,nan,nan,nan
3881,51.3157894737,0.3560815507,nan,0.0010099919,29.9568211263,nan,nan,nan,nan,nan,nan,nan
3882,51.3157894737,0.8842513467,nan,0.0000020174,56.9521798499,nan,nan,nan,nan,nan,nan,nan
3883,51.3157894737,0.3355059343,nan,0.0011551852,29.3734840044,nan,nan,nan,nan,nan,nan,nan
3884,51.3157894737,0.2718467069,nan,0.0016633257,27.7902270235,nan,nan,nan,nan,nan,nan,nan
3885,51.3157894737,0.6098392438,nan,0.0000992148,40.0342338303,nan,nan,nan,nan,nan,nan,nan
3886,51.3157894737,0.0810551630,nan,0.0031300005,25.0445559037,nan,nan,nan,nan,nan,nan,nan
3887,51.3157894737,0.8354730086,nan,0.0000044804,53.4868133836,nan,nan,nan,nan,nan,nan,nan
3888,51.3157894737,1.0075184985,nan,0.0000002191,66.5933801774,nan,nan,nan,nan,nan,nan,nan
3889,51.3157894737,0.4350904031,nan,0.0005594633,32.5222837157,nan,nan,nan,nan,nan,nan,nan
3890,51.3157894737,0.9006323435,nan,0.0000015274,58.1604099157,nan,nan,nan,nan,nan,nan,nan
3891,51.3157894737,0.4970433199,nan,0.0003239209,34.8956099836,nan,nan,nan,nan,nan,nan,nan
3892,51.3157894737,0.7495557103,nan,0.0000163497,47.8649148354,nan,nan,nan,nan,nan,nan,nan
3893,51.3157894737,0.6566125617,nan,0.0000565587,42.4750073800,nan,nan,nan,nan,nan,nan,nan
3894,51.3157894737,0.5537846886,nan,0.0001841384,37.3485557503,nan,nan,nan,nan,nan,nan,nan
3895,51.3157894737,0.5820075673,nan,0.0001358892,38.6681508638,nan,nan,nan,nan,nan,nan,nan
3896,51.3157894737,1.2607943219,nan,0.0000000009,90.3827823375,nan,nan,nan,nan,nan,nan,nan
3897,51.3157894737,0.5803286939,nan,0.0001384266,38.5878029396,nan,nan,nan,nan,nan,nan,nan
3898,51.3157894737,0.5616009872,nan,0.0001695354,37.7073948752,nan,nan,nan,nan,nan,nan,nan
3899,51.3157894737,0.2092421022,nan,0.0022083557,26.5593097901,nan,nan,nan,nan,nan,nan,nan
3900,51.3157894737,0.2603839047,nan,0.0017616993,27.5406821695,nan,nan,nan,nan,nan,nan,nan
3901,51.3157894737,0.2753424058,nan,0.0016336216,27.8684854160,nan,nan,nan,nan,nan,nan,nan
3902,51.3157894737,0.5758439651,nan,0.0001454012,38.3743194591,nan,nan,nan,nan,nan,nan,nan
3903,51.3157894737,0.8465012333,nan,0.0000037558,54.2529501965,nan,nan,nan,nan,nan,nan,nan
3904,51.3157894737,0.5021035504,nan,0.0003087794,35.1035170389,nan,nan,nan,nan,nan,nan,nan
3905,51.3157894737,0.8951624194,nan,0.0000016771,57.7544719030,nan,nan,nan,nan,nan,nan,nan
3906,51.3157894737,0.4788865586,nan,0.0003830812,34.1670916402,nan,nan,nan,nan,nan,nan,nan
3907,51.3157894737,0.6853306810,nan,0.0000392310,44.0637105346,nan,nan,nan,nan,nan,nan,nan
3908,51.3157894737,0.9256098731,nan,0.0000009895,60.0457573803,nan,nan,nan,nan,nan,nan,nan
3909,51.3157894737,0.2878269432,nan,0.0015288997,28.1562099266,nan,nan,nan,nan,nan,nan,nan
3910,51.3157894737,0.8092859686,nan,0.0000067481,51.7081733622,nan,nan,nan,nan,nan,nan,nan
3911,51.3157894737,1.0373091678,nan,0.0000001226,69.1135831108,nan,nan,nan,nan,nan,nan,nan
3912,51.3157894737,0.8316906926,nan,0.0000047573,53.2263870127,nan,nan,nan,nan,nan,nan,nan
3913,51.3157894737,1.3711390602,nan,0.0000000001,102.4235039911,nan,nan,nan,nan,nan,nan,nan
3914,51.3157894737,0.7595849842,nan,0.0000141596,48.4894869645,nan,nan,nan,nan,nan,nan,nan
3915,51.3157894737,0.7221759878,nan,0.0000239747,46.2024628389,nan,nan,nan,nan,nan,nan,nan
3916,51.3157894737,0.3064895066,nan,0.0013771109,28.6103108116,nan,nan,nan,nan,nan,nan,nan
3917,51.3157894737,0.6389645879,nan,0.0000702631,41.5327240562,nan,nan,nan,nan,nan,nan,nan
3918,51.3157894737,0.4488273380,nan,0.0004987606,33.0210781781,nan,nan,nan,nan,nan,nan,nan
3919,51.3157894737,0.4237905217,nan,0.0006132396,32.1236984349,nan,nan,nan,nan,nan,nan,nan
3920,51.3157894737,0.4962309300,nan,0.0003264052,34.8624295792,nan,nan,nan,nan,nan,nan,nan
3921,51.3157894737,0.9138172259,nan,0.0000012164,59.1491470425,nan,nan,nan,nan,nan,nan,nan
3922,51.3157894737,0.9961413091,nan,0.0000002722,65.6504430249,nan,nan,nan,nan,nan,nan,nan
3923,51.3157894737,0.3434512697,nan,0.0010978442,29.5945928676,nan,nan,nan,nan,nan,nan,nan
3924,51.3157894737,0.7032356624,nan,0.0000309818,45.0889334640,nan,nan,nan,nan,nan,nan,nan
3925,51.3157894737,0.5986977266,nan,0.0001127290,39.4796434838,nan,nan,nan,nan,nan,nan,nan
3926,51.3157894737,1.0450782830,nan,0.0000001051,69.7830025610,nan,nan,nan,nan,nan,nan,nan
3927,51.3157894737,0.8345480402,nan,0.0000045467,53.4230158300,nan,nan,nan,nan,nan,nan,nan
3928,51.3157894737,0.8068370285,nan,0.0000070069,51.5447600858,nan,nan,nan,nan,nan,nan,nan
3929,51.3157894737,0.7027121607,nan,0.0000311991,45.0585798308,nan,nan,nan,nan,nan,nan,nan
3930,51.3157894737,0.4641025217,nan,0.0004371104,33.5940883787,nan,nan,nan,nan,nan,nan,nan
3931,51.3157894737,0.4591801343,nan,0.0004563178,33.4073256530,nan,nan,nan,nan,nan,nan,nan
3932,51.3157894737,0.3689965303,nan,0.0009245158,30.3408566251,nan,nan,nan,nan,nan,nan,nan
3933,51.3157894737,0.5229234611,nan,0.0002522736,35.9812812611,nan,nan,nan,nan,nan,nan,nan
3934,51.3157894737,0.2350552473,nan,0.0019825749,27.0277040350,nan,nan,nan,nan,nan,nan,nan
3935,51.3157894737,0.5338400176,nan,0.0002261573,36.4558934674,nan,nan,nan,nan,nan,nan,nan
3936,51.3157894737,0.4461708713,nan,0.0005101053,32.9234012348,nan,nan,nan,nan,nan,nan,nan
3937,51.3157894737,1.3250091685,nan,0.0000000002,97.2659975866,nan,nan,nan,nan,nan,nan,nan
3938,51.3157894737,0.6381142342,nan,0.0000709909,41.4879745980,nan,nan,nan,nan,nan,nan,nan
3939,51.3157894737,0.4491247257,nan,0.0004975023,33.0320493672,nan,nan,nan,nan,nan,nan,nan
3940,51.3157894737,0.8378783455,nan,0.0000043122,53.6530495574,nan,nan,nan,nan,nan,nan,nan
3941,51.3157894737,0.5694678609,nan,0.0001558233,38.0736772811,nan,nan,nan,nan,nan,nan,nan
3942,51.3157894737,0.2339660676,nan,0.0019921264,27.0068309939,nan,nan,nan,nan,nan,nan,nan
3943,51.3157894737,0.7178564010,nan,0.0000254338,45.9458810902,nan,nan,nan,nan,nan,nan,nan
3944,51.3157894737,0.9405840477,nan,0.0000007584,61.2009717002,nan,nan,nan,nan,nan,nan,nan
3945,51.3157894737,0.3619220757,nan,0.0009707817,30.1287842203,nan,nan,nan,nan,nan,nan,nan
3946,51.3157894737,0.2690969683,nan,0.0016867950,27.7293769993,nan,nan,nan,nan,nan,nan,nan
3947,51.3157894737,0.4001599181,nan,0.0007371662,31.3243459759,nan,nan,nan,nan,nan,nan,nan
3948,51.3157894737,1.4032051128,nan,0.0000000000,106.1134860892,nan,nan,nan,nan,nan,nan,nan
3949,51.3157894737,0.9572290453,nan,0.0000005614,62.5070275785,nan,nan,nan,nan,nan,nan,nan
3950,51.3157894737,0.8037601811,nan,0.0000073449,51.3401556338,nan,nan,nan,nan,nan,nan,nan
3951,51.3157894737,0.5104743564,nan,0.0002849636,35.4521065841,nan,nan,nan,nan,nan,nan,nan
3952,51.3157894737,0.7174828448,nan,0.0000255637,45.9237649219,nan,nan,nan,nan,nan,nan,nan
3953,51.3157894737,0.8863803626,nan,0.0000019463,57.1079474210,nan,nan,nan,nan,nan,nan,nan
3954,51.3157894737,0.7268534305,nan,0.0000224799,46.4820516805,nan,nan,nan,nan,nan,nan,nan
3955,51.3157894737,0.4990469592,nan,0.0003178573,34.9776784983,nan,nan,nan,nan,nan,nan,nan
3956,51.3157894737,1.9117131300,nan,0.0000000000,176.1391071797,nan,nan,nan,nan,nan,nan,nan
3957,51.3157894737,0.7928465809,nan,0.0000086681,50.6207792190,nan,nan,nan,nan,nan,nan,nan
3958,51.3157894737,0.5399942834,nan,0.0002124312,36.7278175926,nan,nan,nan,nan,nan,nan,nan
3959,51.3157894737,1.2990822926,nan,0.0000000004,94.4453867258,nan,nan,nan,nan,nan,nan,nan
3960,51.3157894737,1.1111792351,nan,0.0000000270,75.6823245337,nan,nan,nan,nan,nan,nan,nan
3961,51.3157894737,1.4974144501,nan,0.0000000000,117.4522860709,nan,nan,nan,nan,nan,nan,nan
3962,51.3157894737,0.9993197210,nan,0.0000002563,65.9127815803,nan,nan,nan,nan,nan,nan,nan
3963,51.3157894737,0.8506232103,nan,0.0000035141,54.5419073977,nan,nan,nan,nan,nan,nan,nan
3964,51.3157894737,0.2961866760,nan,0.0014601368,28.3560644576,nan,nan,nan,nan,nan,nan,nan
3965,51.3157894737,0.7014055585,nan,0.0000317474,44.9829199795,nan,nan,nan,nan,nan,nan,nan
3966,51.3157894737,2.0730253443,nan,0.0000000000,202.8824337950,nan,nan,nan,nan,nan,nan,nan
3967,51.3157894737,0.8340827956,nan,0.0000045804,53.3909536018,nan,nan,nan,nan,nan,nan,nan
3968,51.3157894737,0.3214742668,nan,0.0012601596,28.9957444198,nan,nan,nan,nan,nan,nan,nan
3969,51.3157894737,0.4515110982,nan,0.0004874889,33.1203524827,nan,nan,nan,nan,nan,nan,nan
3970,51.3157894737,0.5825479489,nan,0.0001350808,38.6940623699,nan,nan,nan,nan,nan,nan,nan
3971,51.3157894737,0.8166156719,nan,0.0000060252,52.2002554674,nan,nan,nan,nan,nan,nan,nan
3972,51.3157894737,0.7030799630,nan,0.0000310463,45.0799033284,nan,nan,nan,nan,nan,nan,nan
3973,51.3157894737,0.3507527900,nan,0.0010465532,29.8023870867,nan,nan,nan,nan,nan,nan,nan
3974,51.3157894737,1.0455646114,nan,0.0000001041,69.8250741830,nan,nan,nan,nan,nan,nan,nan
3975,51.3157894737,0.5406922045,nan,0.0002109185,36.7588534386,nan,nan,nan,nan,nan,nan,nan
3976,51.3157894737,0.8942037477,nan,0.0000017047,57.6835830963,nan,nan,nan,nan,nan,nan,nan
3977,51.3157894737,0.4856924953,nan,0.0003600005,34.4369687787,nan,nan,nan,nan,nan,nan,nan
3978,51.3157894737,0.6172162690,nan,0.0000910518,40.4071140147,nan,nan,nan,nan,nan,nan,nan
3979,51.3157894737,0.9054839298,nan,0.0000014052,58.5225463509,nan,nan,nan,nan,nan,nan,nan
3980,51.3157894737,0.5602701604,nan,0.0001719515,37.6459395776,nan,nan,nan,nan,nan,nan,nan
3981,51.3157894737,0.3964135755,nan,0.0007582520,31.2018642729,nan,nan,nan,nan,nan,nan,nan
3982,51.3157894737,0.6487266454,nan,0.0000623627,42.0507529500,nan,nan,nan,nan,nan,nan,nan
3983,51.3157894737,1.3645058798,nan,0.0000000001,101.6709315345,nan,nan,nan,nan,nan,nan,nan
3984,51.3157894737,0.5250818468,nan,0.0002469258,36.0743357596,nan,nan,nan,nan,nan,nan,nan
3985,51.3157894737,0.3504426157,nan,0.0010487041,29.7934701738,nan,nan,nan,nan,nan,nan,nan
3986,51.3157894737,0.2726542847,nan,0.0016564500,27.8082167448,nan,nan,nan,nan,nan,nan,nan
3987,51.3157894737,0.2258232905,nan,0.0020635358,26.8538800062,nan,nan,nan,nan,nan,nan,nan
3988,51.3157894737,0.2858417756,nan,0.0015453973,28.1095986234,nan,nan,nan,nan,nan,nan,nan
3989,51.3157894737,0.7777028556,nan,0.0000108668,49.6389992946,nan,nan,nan,nan,nan,nan,nan
3990,51.3157894737,0.8340262879,nan,0.0000045845,53.3870606104,nan,nan,nan,nan,nan,nan,nan
3991,51.3157894737,0.5844371662,nan,0.0001322866,38.7848416596,nan,nan,nan,nan,nan,nan,nan
3992,51.3157894737,0.5615518429,nan,0.0001696242,37.7051228613,nan,nan,nan,nan,nan,nan,nan
3993,51.3157894737,0.1327743108,nan,0.0028226222,25.4934724577,nan,nan,nan,nan,nan,nan,nan
3994,51.3157894737,0.0810308578,nan,0.0031301155,25.0443963747,nan,nan,nan,nan,nan,nan,nan
3995,51.3157894737,1.9776574788,nan,0.0000000000,186.8079056288,nan,nan,nan,nan,nan,nan,nan
3996,51.3157894737,0.3786795012,nan,0.0008634085,30.6378368397,nan,nan,nan,nan,nan,nan,nan
3997,51.3157894737,0.8292486175,nan,0.0000049444,53.0588742411,nan,nan,nan,nan,nan,nan,nan
3998,51.3157894737,0.5318956236,nan,0.0002306410,36.3706344799,nan,nan,nan,nan,nan,nan,nan
3999,51.3157894737,1.0410714560,nan,0.0000001138,69.4371285656,nan,nan,nan,nan,nan,nan,nan
4000,51.3157894737,0.4390518193,nan,0.0005414370,32.6645203759,nan,nan,nan,nan,nan,nan,nan
4001,51.3157894737,0.5006633318,nan,0.0003130309,35.0441273224,nan,nan,nan,nan,nan,nan,nan
4002,51.3157894737,0.2499054289,nan,0.0018526578,27.3220480074,nan,nan,nan,nan,nan,nan,nan
4003,51.3157894737,1.0959677536,nan,0.0000000372,74.2924307840,nan,nan,nan,nan,nan,nan,nan
4004,51.3157894737,0.4803687878,nan,0.0003779602,34.2255396345,nan,nan,nan,nan,nan,nan,nan
4005,51.3157894737,0.4499899092,nan,0.0004938546,33.0640092862,nan,nan,nan,nan,nan,nan,nan
4006,51.3157894737,1.0119975426,nan,0.0000002010,66.9675642866,nan,nan,nan,nan,nan,nan,nan
4007,51.3157894737,0.9992236357,nan,0.0000002568,65.9048385740,nan,nan,nan,nan,nan,nan,nan
4008,51.3157894737,1.0984191346,nan,0.0000000354,74.5151109507,nan,nan,nan,nan,nan,nan,nan
4009,51.3157894737,0.0262630935,nan,0.0033058412,24.8071800862,nan,nan,nan,nan,nan,nan,nan
4010,51.3157894737,0.6955439703,nan,0.0000343143,44.6452473789,nan,nan,nan,nan,nan,nan,nan
4011,51.3157894737,0.8854947983,nan,0.0000019756,57.0431100016,nan,nan,nan,nan,nan,nan,nan
4012,51.3157894737,0.2238587222,nan,0.0020807523,26.8177962532,nan,nan,nan,nan,nan,nan,nan
4013,51.3157894737,0.4395338857,nan,0.0005392724,32.6819179470,nan,nan,nan,nan,nan,nan,nan
4014,51.3157894737,0.7132979320,nan,0.0000270596,45.6767932535,nan,nan,nan,nan,nan,nan,nan
4015,51.3157894737,0.0539673188,nan,0.0032384191,24.8966694844,nan,nan,nan,nan,nan,nan,nan
4016,51.3157894737,1.2751013276,nan,0.0000000006,91.8865079960,nan,nan,nan,nan,nan,nan,nan
4017,51.3157894737,1.1521382456,nan,0.0000000112,79.5208655572,nan,nan,nan,nan,nan,nan,nan
4018,51.3157894737,0.6878193410,nan,0.0000379786,44.2046135497,nan,nan,nan,nan,nan,nan,nan
4019,51.3157894737,0.8818111638,nan,0.0000021018,56.7741106201,nan,nan,nan,nan,nan,nan,nan
4020,51.3157894737,0.7384618215,nan,0.0000191258,47.1837950416,nan,nan,nan,nan,nan,nan,nan
4021,51.3157894737,1.4867971519,nan,0.0000000000,116.1372742702,nan,nan,nan,nan,nan,nan,nan
4022,51.3157894737,0.0470373589,nan,0.0032595391,24.8684380827,nan,nan,nan,nan,nan,nan,nan
4023,51.3157894737,0.4863209396,nan,0.0003579248,34.4620822974,nan,nan,nan,nan,nan,nan,nan
4024,51.3157894737,0.5133918160,nan,0.0002770151,35.5749656882,nan,nan,nan,nan,nan,nan,nan
4025,51.3157894737,0.6436933739,nan,0.0000663335,41.7826705234,nan,nan,nan,nan,nan,nan,nan
4026,51.3157894737,0.3632717825,nan,0.0009618503,30.1689250919,nan,nan,nan,nan,nan,nan,nan
4027,51.3157894737,0.4646037490,nan,0.0004351893,33.6132183487,nan,nan,nan,nan,nan,nan,nan
4028,51.3157894737,1.1144986942,nan,0.0000000252,75.9881961159,nan,nan,nan,nan,nan,nan,nan
4029,51.3157894737,1.1324202140,nan,0.0000000172,77.6554688011,nan,nan,nan,nan,nan,nan,nan
4030,51.3157894737,0.6374537522,nan,0.0000715606,41.4532585121,nan,nan,nan,nan,nan,nan,nan
4031,51.3157894737,0.4203850884,nan,0.0006301369,32.0056511207,nan,nan,nan,nan,nan,nan,nan
4032,51.3157894737,0.4716745005,nan,0.0004087614,33.8853014486,nan,nan,nan,nan,nan,nan,nan
4033,51.3157894737,0.4613678541,nan,0.0004477047,33.4900830752,nan,nan,nan,nan,nan,nan,nan
4034,51.3157894737,0.2540730644,nan,0.0018163848,27.4079215257,nan,nan,nan,nan,nan,nan,nan
4035,51.3157894737,0.2417383084,nan,0.0019240136,27.1579186896,nan,nan,nan,nan,nan,nan,nan
4036,51.3157894737,0.9758221413,nan,0.0000003987,63.9932615639,nan,nan,nan,nan,nan,nan,nan
4037,51.3157894737,0.3882740185,nan,0.0008054236,30.9397562555,nan,nan,nan,nan,nan,nan,nan
4038,51.3157894737,0.4064937923,nan,0.0007024143,31.5340663550,nan,nan,nan,nan,nan,nan,nan
4039,51.3157894737,0.5219281699,nan,0.0002547709,35.9385014821,nan,nan,nan,nan,nan,nan,nan
4040,51.3157894737,0.3631269858,nan,0.0009628061,30.1646115596,nan,nan,nan,nan,nan,nan,nan
4041,51.3157894737,0.6693568129,nan,0.0000481774,43.1715637189,nan,nan,nan,nan,nan,nan,nan
4042,51.3157894737,0.3890452453,nan,0.0008008744,30.9643559439,nan,nan,nan,nan,nan,nan,nan
4043,51.3157894737,0.6693943984,nan,0.0000481544,43.1736379845,nan,nan,nan,nan,nan,nan,nan
4044,51.3157894737,0.6100984560,nan,0.0000989177,40.0472593673,nan,nan,nan,nan,nan,nan,nan
4045,51.3157894737,0.7227380959,nan,0.0000237905,46.2359659791,nan,nan,nan,nan,nan,nan,nan
4046,51.3157894737,0.6105487096,nan,0.0000984034,40.0698980874,nan,nan,nan,nan,nan,nan,nan
4047,51.3157894737,0.4380051291,nan,0.0005461586,32.6268120605,nan,nan,nan,nan,nan,nan,nan
4048,51.3157894737,0.2397818871,nan,0.0019411459,27.1194181305,nan,nan,nan,nan,nan,nan,nan
4049,51.3157894737,1.4087245333,nan,0.0000000000,106.7573078811,nan,nan,nan,nan,nan,nan,nan
4050,51.3157894737,1.1751499190,nan,0.0000000067,81.7389178636,nan,nan,nan,nan,nan,nan,nan
4051,51.3157894737,0.7516077230,nan,0.0000158781,47.9920225509,nan,nan,nan,nan,nan,nan,nan
4052,51.3157894737,0.9493507680,nan,0.0000006477,61.8859759367,nan,nan,nan,nan,nan,nan,nan
4053,51.3157894737,0.8674526018,nan,0.0000026691,55.7363632613,nan,nan,nan,nan,nan,nan,nan
4054,51.3157894737,0.7208282243,nan,0.0000244217,46.1222396064,nan,nan,nan,nan,nan,nan,nan
4055,51.3157894737,0.3169335206,nan,0.0012950932,28.8769897152,nan,nan,nan,nan,nan,nan,nan
4056,51.3157894737,0.5917779311,nan,0.0001218881,39.1403882844,nan,nan,nan,nan,nan,nan,nan
4057,51.3157894737,0.9657438912,nan,0.0000004804,63.1840808703,nan,nan,nan,nan,nan,nan,nan
4058,51.3157894737,0.6992028174,nan,0.0000326912,44.8556899646,nan,nan,nan,nan,nan,nan,nan
4059,51.3157894737,1.4187152920,nan,0.0000000000,107.9291787896,nan,nan,nan,nan,nan,nan,nan
4060,51.3157894737,1.1353880376,nan,0.0000000161,77.9341596708,nan,nan,nan,nan,nan,nan,nan
4061,51.3157894737,0.5932011560,nan,0.0001199544,39.2098395154,nan,nan,nan,nan,nan,nan,nan
4062,51.3157894737,0.1970713512,nan,0.0023133970,26.3574982896,nan,nan,nan,nan,nan,nan,nan
4063,51.3157894737,0.9499173610,nan,0.0000006411,61.9304682298,nan,nan,nan,nan,nan,nan,nan
4064,51.3157894737,0.3757204442,nan,0.0008818083,30.5462584115,nan,nan,nan,nan,nan,nan,nan
4065,51.3157894737,0.3148013775,nan,0.0013116515,28.8218152608,nan,nan,nan,nan,nan,nan,nan
4066,51.3157894737,0.7264068261,nan,0.0000226189,46.4552778013,nan,nan,nan,nan,nan,nan,nan
4067,51.3157894737,0.7627233836,nan,0.0000135312,48.6866502691,nan,nan,nan,nan,nan,nan,nan
4068,51.3157894737,0.7893323484,nan,0.0000091385,50.3912473861,nan,nan,nan,nan,nan,nan,nan
4069,51.3157894737,0.8235164503,nan,0.0000054105,52.6676308326,nan,nan,nan,nan,nan,nan,nan
4070,51.3157894737,1.0214758726,nan,0.0000001673,67.7649130140,nan,nan,nan,nan,nan,nan,nan
4071,51.3157894737,0.4710503794,nan,0.0004110438,33.8611184572,nan,nan,nan,nan,nan,nan,nan
4072,51.3157894737,0.0438712518,nan,0.0032682558,24.8568395746,nan,nan,nan,nan,nan,nan,nan
4073,51.3157894737,0.3742726168,nan,0.0008908992,30.5017142576,nan,nan,nan,nan,nan,nan,nan
4074,51.3157894737,0.6354916359,nan,0.0000732767,41.3503400965,nan,nan,nan,nan,nan,nan,nan
4075,51.3157894737,0.4147614817,nan,0.0006587468,31.8128146786,nan,nan,nan,nan,nan,nan,nan
4076,51.3157894737,1.5302889631,nan,0.0000000000,121.5838250433,nan,nan,nan,nan,nan,nan,nan
4077,51.3157894737,0.9466771509,nan,0.0000006798,61.6763886064,nan,nan,nan,nan,nan,nan,nan
4078,51.3157894737,1.2651983212,nan,0.0000000008,90.8438380647,nan,nan,nan,nan,nan,nan,nan
4079,51.3157894737,0.2443312269,nan,0.0019013273,27.2094311099,nan,nan,nan,nan,nan,nan,nan
4080,51.3157894737,0.1584868487,nan,0.0026313306,25.7982458975,nan,nan,nan,nan,nan,nan,nan
4081,51.3157894737,1.1902848188,nan,0.0000000048,83.2218578867,nan,nan,nan,nan,nan,nan,nan
4082,51.3157894737,0.1659673964,nan,0.0025721082,25.8971076097,nan,nan,nan,nan,nan,nan,nan
4083,51.3157894737,0.7258446382,nan,0.0000227950,46.4215983069,nan,nan,nan,nan,nan,nan,nan
4084,51.3157894737,0.5768779807,nan,0.0001437675,38.4233928526,nan,nan,nan,nan,nan,nan,nan
4085,51.3157894737,0.4501906460,nan,0.0004930111,33.0714333769,nan,nan,nan,nan,nan,nan,nan
4086,51.3157894737,0.2062702427,nan,0.0022341348,26.5089062328,nan,nan,nan,nan,nan,nan,nan
4087,51.3157894737,0.7276438972,nan,0.0000222358,46.5294807355,nan,nan,nan,nan,nan,nan,nan
4088,51.3157894737,1.1796260845,nan,0.0000000061,82.1755062795,nan,nan,nan,nan,nan,nan,nan
4089,51.3157894737,0.1173052670,nan,0.0029266820,25.3362446787,nan,nan,nan,nan,nan,nan,nan
4090,51.3157894737,0.3119349719,nan,0.0013340645,28.7482318031,nan,nan,nan,nan,nan,nan,nan
4091,51.3157894737,0.9769663309,nan,0.0000003903,64.0856638126,nan,nan,nan,nan,nan,nan,nan
4092,51.3157894737,1.3517329412,nan,0.0000000001,100.2321348210,nan,nan,nan,nan,nan,nan,nan
4093,51.3157894737,0.5953392161,nan,0.0001170984,39.3144898392,nan,nan,nan,nan,nan,nan,nan
4094,51.3157894737,0.6341309754,nan,0.0000744876,41.2791575673,nan,nan,nan,nan,nan,nan,nan
4095,51.3157894737,1.3483203718,nan,0.0000000001,99.8500387733,nan,nan,nan,nan,nan,nan,nan
4096,51.3157894737,0.3987072896,nan,0.0007452953,31.2767163053,nan,nan,nan,nan,nan,nan,nan
4097,51.3157894737,0.7695132768,nan,0.0000122574,49.1160165199,nan,nan,nan,nan,nan,nan,nan
4098,51.3157894737,1.5933494424,nan,0.0000000000,129.7622919117,nan,nan,nan,nan,nan,nan,nan
4099,51.3157894737,0.8576435822,nan,0.0000031352,55.0373052561,nan,nan,nan,nan,nan,nan,nan
4100,51.3157894737,1.3255267531,nan,0.0000000002,97.3228784044,nan,nan,nan,nan,nan,nan,nan
4101,51.3157894737,0.7571909947,nan,0.0000146567,48.3396408245,nan,nan,nan,nan,nan,nan,nan
4102,51.3157894737,0.7526535770,nan,0.0000156425,48.0569406504,nan,nan,nan,nan,nan,nan,nan
4103,51.3157894737,0.7027308869,nan,0.0000311913,45.0596652184,nan,nan,nan,nan,nan,nan,nan
4104,51.3157894737,0.3826522827,nan,0.0008390874,30.7619278793,nan,nan,nan,nan,nan,nan,nan
4105,51.3157894737,0.9968131327,nan,0.0000002688,65.7058235025,nan,nan,nan,nan,nan,nan,nan
4106,51.3157894737,0.7135315174,nan,0.0000269740,45.6905398461,nan,nan,nan,nan,nan,nan,nan
4107,51.3157894737,0.8558416200,nan,0.0000032287,54.9097567016,nan,nan,nan,nan,nan,nan,nan
4108,51.3157894737,1.2786469239,nan,0.0000000006,92.2618106107,nan,nan,nan,nan,nan,nan,nan
4109,51.3157894737,0.7966829478,nan,0.0000081799,50.8725252308,nan,nan,nan,nan,nan,nan,nan
4110,51.3157894737,1.1220911138,nan,0.0000000214,76.6912587166,nan,nan,nan,nan,nan,nan,nan
4111,51.3157894737,0.5136230072,nan,0.0002763929,35.5847317320,nan,nan,nan,nan,nan,nan,nan
4112,51.3157894737,0.7495013546,nan,0.0000163623,47.8615526471,nan,nan,nan,nan,nan,nan,nan
4113,51.3157894737,0.9216821860,nan,0.0000010603,59.7458425532,nan,nan,nan,nan,nan,nan,nan
4114,51.3157894737,0.7270006734,nan,0.0000224343,46.4908825069,nan,nan,nan,nan,nan,nan,nan
4115,51.3157894737,0.2521877841,nan,0.0018327793,27.3688981928,nan,nan,nan,nan,nan,nan,nan
4116,51.3157894737,0.2448253930,nan,0.0018970067,27.2193113793,nan,nan,nan,nan,nan,nan,nan
4117,51.3157894737,0.5117428654,nan,0.0002814856,35.5054388612,nan,nan,nan,nan,nan,nan,nan
4118,51.3157894737,0.3189510009,nan,0.0012795160,28.9295428250,nan,nan,nan,nan,nan,nan,nan
4119,51.3157894737,1.5985810019,nan,0.0000000000,130.4557458256,nan,nan,nan,nan,nan,nan,nan
4120,51.3157894737,0.4759356074,nan,0.0003934350,34.0512705801,nan,nan,nan,nan,nan,nan,nan
4121,51.3157894737,0.5806171139,nan,0.0001379879,38.6015895604,nan,nan,nan,nan,nan,nan,nan
4122,51.3157894737,0.4589873365,nan,0.0004570828,33.4000514832,nan,nan,nan,nan,nan,nan,nan
4123,51.3157894737,1.4886589445,nan,0.0000000000,116.3671854391,nan,nan,nan,nan,nan,nan,nan
4124,51.3157894737,0.7774071591,nan,0.0000109144,49.6200190944,nan,nan,nan,nan,nan,nan,nan
4125,51.3157894737,0.6187332342,nan,0.0000894468,40.4843512375,nan,nan,nan,nan,nan,nan,nan
4126,51.3157894737,0.3365136703,nan,0.0011478261,29.4012390828,nan,nan,nan,nan,nan,nan,nan
4127,51.3157894737,0.9078510288,nan,0.0000013490,58.6999456273,nan,nan,nan,nan,nan,nan,nan
4128,51.3157894737,0.3590538297,nan,0.0009899240,30.0439816499,nan,nan,nan,nan,nan,nan,nan
4129,51.3157894737,0.5100000955,nan,0.0002862727,35.4322013835,nan,nan,nan,nan,nan,nan,nan
4130,51.3157894737,0.1832363400,nan,0.0024305841,26.1428934957,nan,nan,nan,nan,nan,nan,nan
4131,51.3157894737,0.3199278756,nan,0.0012720055,28.9551101617,nan,nan,nan,nan,nan,nan,nan
4132,51.3157894737,0.6544128366,nan,0.0000581280,42.3561444923,nan,nan,nan,nan,nan,nan,nan
4133,51.3157894737,0.2974552133,nan,0.0014498079,28.3868953668,nan,nan,nan,nan,nan,nan,nan
4134,51.3157894737,0.2652538663,nan,0.0017197382,27.6453767222,nan,nan,nan,nan,nan,nan,nan
4135,51.3157894737,0.4668208006,nan,0.0004267677,33.6980846813,nan,nan,nan,nan,nan,nan,nan
4136,51.3157894737,1.0730781482,nan,0.0000000597,72.2373826346,nan,nan,nan,nan,nan,nan,nan
4137,51.3157894737,0.6615849775,nan,0.0000531474,42.7451759015,nan,nan,nan,nan,nan,nan,nan
4138,51.3157894737,0.3749078929,nan,0.0008869032,30.5212379366,nan,nan,nan,nan,nan,nan,nan
4139,51.3157894737,0.6714903951,nan,0.0000468868,43.2894974448,nan,nan,nan,nan,nan,nan,nan
4140,51.3157894737,0.8075633749,nan,0.0000069292,51.5931757465,nan,nan,nan,nan,nan,nan,nan
4141,51.3157894737,0.7460206227,nan,0.0000171919,47.6467629473,nan,nan,nan,nan,nan,nan,nan
4142,51.3157894737,1.0351085804,nan,0.0000001281,68.9248867463,nan,nan,nan,nan,nan,nan,nan
4143,51.3157894737,1.8236544576,nan,0.0000000000,162.4613167997,nan,nan,nan,nan,nan,nan,nan
4144,51.3157894737,0.5754557820,nan,0.0001460186,38.3559195820,nan,nan,nan,nan,nan,nan,nan
4145,51.3157894737,0.1416271381,nan,0.0027591283,25.5922811024,nan,nan,nan,nan,nan,nan,nan
4146,51.3157894737,0.3826884210,nan,0.0008388682,30.7630626633,nan,nan,nan,nan,nan,nan,nan
4147,51.3157894737,0.8238934132,nan,0.0000053786,52.6932759926,nan,nan,nan,nan,nan,nan,nan
4148,51.3157894737,0.6171439890,nan,0.0000911289,40.4034386072,nan,nan,nan,nan,nan,nan,nan
4149,51.3157894737,0.2968167686,nan,0.0014550028,28.3713618065,nan,nan,nan,nan,nan,nan,nan
4150,51.3157894737,0.4933733522,nan,0.0003352623,34.7461525350,nan,nan,nan,nan,nan,nan,nan
4151,51.3157894737,0.8131588023,nan,0.0000063568,51.9676198856,nan,nan,nan,nan,nan,nan,nan
4152,51.3157894737,0.3320883924,nan,0.0011803252,29.2799830641,nan,nan,nan,nan,nan,nan,nan
4153,51.3157894737,0.3576409350,nan,0.0009994342,30.0024581453,nan,nan,nan,nan,nan,nan,nan
4154,51.3157894737,0.5059325786,nan,0.0002976974,35.2622498679,nan,nan,nan,nan,nan,nan,nan
4155,51.3157894737,0.1668591206,nan,0.0025649570,25.9091991864,nan,nan,nan,nan,nan,nan,nan
4156,51.3157894737,0.8219270243,nan,0.0000055467,52.5596307630,nan,nan,nan,nan,nan,nan,nan
4157,51.3157894737,0.4224717305,nan,0.0006197450,32.0778693713,nan,nan,nan,nan,nan,nan,nan
4158,51.3157894737,0.8804871073,nan,0.0000021490,56.6776969687,nan,nan,nan,nan,nan,nan,nan
4159,51.3157894737,0.2956259574,nan,0.0014647116,28.3424789345,nan,nan,nan,nan,nan,nan,nan
4160,51.3157894737,0.4318715360,nan,0.0005744251,32.4076659941,nan,nan,nan,nan,nan,nan,nan
4161,51.3157894737,0.5508455648,nan,0.0001898919,37.2149353412,nan,nan,nan,nan,nan,nan,nan
4162,51.3157894737,1.0791392595,nan,0.0000000528,72.7772967686,nan,nan,nan,nan,nan,nan,nan
4163,51.3157894737,0.0744852005,nan,0.0031599562,25.0031893623,nan,nan,nan,nan,nan,nan,nan
4164,51.3157894737,0.6306236732,nan,0.0000776894,41.0963835923,nan,nan,nan,nan,nan,nan,nan
4165,51.3157894737,0.3245766474,nan,0.0012365563,29.0778610096,nan,nan,nan,nan,nan,nan,nan
4166,51.3157894737,0.5634673141,nan,0.0001661948,37.7938263427,nan,nan,nan,nan,nan,nan,nan
4167,51.3157894737,0.3349893947,nan,0.0011589668,29.3592900036,nan,nan,nan,nan,nan,nan,nan
4168,51.3157894737,0.2565497696,nan,0.0017948856,27.4596321886,nan,nan,nan,nan,nan,nan,nan
4169,51.3157894737,1.4261982014,nan,0.0000000000,108.8123605735,nan,nan,nan,nan,nan,nan,nan
4170,51.3157894737,0.7362732670,nan,0.0000197213,47.0506361796,nan,nan,nan,nan,nan,nan,nan
4171,51.3157894737,0.3990843963,nan,0.0007431792,31.2890643246,nan,nan,nan,nan,nan,nan,nan
4172,51.3157894737,0.8085291573,nan,0.0000068271,51.6576194073,nan,nan,nan,nan,nan,nan,nan
4173,51.3157894737,0.2446964732,nan,0.0018981338,27.2167318391,nan,nan,nan,nan,nan,nan,nan
4174,51.3157894737,0.9700631596,nan,0.0000004436,63.5298367354,nan,nan,nan,nan,nan,nan,nan
4175,51.3157894737,0.2643605082,nan,0.0017274183,27.6260247616,nan,nan,nan,nan,nan,nan,nan
4176,51.3157894737,0.7227659457,nan,0.0000237814,46.2376265864,nan,nan,nan,nan,nan,nan,nan
4177,51.3157894737,0.4897172764,nan,0.0003468669,34.5983714438,nan,nan,nan,nan,nan,nan,nan
4178,51.3157894737,0.7404458590,nan,0.0000186001,47.3048548569,nan,nan,nan,nan,nan,nan,nan
4179,51.3157894737,1.4320925800,nan,0.0000000000,109.5113525634,nan,nan,nan,nan,nan,nan,nan
4180,51.3157894737,0.4608052583,nan,0.0004499080,33.4687632207,nan,nan,nan,nan,nan,nan,nan
4181,51.3157894737,0.8081669638,nan,0.0000068652,51.6334422586,nan,nan,nan,nan,nan,nan,nan
4182,51.3157894737,0.5279086081,nan,0.0002400606,36.1967905631,nan,nan,nan,nan,nan,nan,nan
4183,51.3157894737,0.2935874505,nan,0.0014813896,28.2933071636,nan,nan,nan,nan,nan,nan,nan
4184,51.3157894737,0.7953377178,nan,0.0000083481,50.7841104519,nan,nan,nan,nan,nan,nan,nan
4185,51.3157894737,0.6567931176,nan,0.0000564315,42.4847816438,nan,nan,nan,nan,nan,nan,nan
4186,51.3157894737,0.7417952304,nan,0.0000182500,47.3873764667,nan,nan,nan,nan,nan,nan,nan
4187,51.3157894737,0.5647517978,nan,0.0001639276,37.8534800735,nan,nan,nan,nan,nan,nan,nan
4188,51.3157894737,1.0974252297,nan,0.0000000361,74.4247654887,nan,nan,nan,nan,nan,nan,nan
4189,51.3157894737,0.4457267712,nan,0.0005120202,32.9071289443,nan,nan,nan,nan,nan,nan,nan
4190,51.3157894737,0.3925291116,nan,0.0007805319,31.0760936848,nan,nan,nan,nan,nan,nan,nan
4191,51.3157894737,1.0650186030,nan,0.0000000704,71.5242011979,nan,nan,nan,nan,nan,nan,nan
4192,51.3157894737,0.6467221793,nan,0.0000639184,41.9437386367,nan,nan,nan,nan,nan,nan,nan
4193,51.3157894737,0.4832511049,nan,0.0003681529,34.3397181008,nan,nan,nan,nan,nan,nan,nan
4194,51.3157894737,0.4318872803,nan,0.0005743512,32.4082245307,nan,nan,nan,nan,nan,nan,nan
4195,51.3157894737,0.5257925256,nan,0.0002451851,36.1050598486,nan,nan,nan,nan,nan,nan,nan
4196,51.3157894737,0.3777620428,nan,0.0008690874,30.6093653720,nan,nan,nan,nan,nan,nan,nan
4197,51.3157894737,0.0932728504,nan,0.0030684159,25.1308577146,nan,nan,nan,nan,nan,nan,nan
4198,51.3157894737,0.6157051514,nan,0.0000926752,40.3303646179,nan,nan,nan,nan,nan,nan,nan
4199,51.3157894737,0.1446092579,nan,0.0027371505,25.6270131922,nan,nan,nan,nan,nan,nan,nan
4200,51.3157894737,0.9220875862,nan,0.0000010528,59.7767390399,nan,nan,nan,nan,nan,nan,nan
4201,51.3157894737,0.9244282256,nan,0.0000010103,59.9553925215,nan,nan,nan,nan,nan,nan,nan
4202,51.3157894737,0.7498960869,nan,0.0000162706,47.8859745183,nan,nan,nan,nan,nan,nan,nan
4203,51.3157894737,0.9476066448,nan,0.0000006685,61.7491849053,nan,nan,nan,nan,nan,nan,nan
4204,51.3157894737,0.1156287729,nan,0.0029373909,25.3203826205,nan,nan,nan,nan,nan,nan,nan
4205,51.3157894737,0.7636445386,nan,0.0000133516,48.7446755107,nan,nan,nan,nan,nan,nan,nan
4206,51.3157894737,1.1058171027,nan,0.0000000303,75.1901743390,nan,nan,nan,nan,nan,nan,nan
4207,51.3157894737,1.2139186239,nan,0.0000000028,85.5758100725,nan,nan,nan,nan,nan,nan,nan
4208,51.3157894737,0.3298376948,nan,0.0011970345,29.2189331808,nan,nan,nan,nan,nan,nan,nan
4209,51.3157894737,0.1169271342,nan,0.0029291075,25.3326468847,nan,nan,nan,nan,nan,nan,nan
4210,51.3157894737,1.2838412859,nan,0.0000000005,92.8135333022,nan,nan,nan,nan,nan,nan,nan
4211,51.3157894737,0.3498145503,nan,0.0010530673,29.7754388652,nan,nan,nan,nan,nan,nan,nan
4212,51.3157894737,0.3956171494,nan,0.0007627855,31.1759759205,nan,nan,nan,nan,nan,nan,nan
4213,51.3157894737,0.5778949308,nan,0.0001421758,38.4717429279,nan,nan,nan,nan,nan,nan,nan
4214,51.3157894737,0.4414292742,nan,0.0005308223,32.7505083672,nan,nan,nan,nan,nan,nan,nan
4215,51.3157894737,1.0150704580,nan,0.0000001894,67.2252470155,nan,nan,nan,nan,nan,nan,nan
4216,51.3157894737,1.6558930327,nan,0.0000000000,138.2027009920,nan,nan,nan,nan,nan,nan,nan
4217,51.3157894737,1.5131190181,nan,0.0000000000,119.4146868889,nan,nan,nan,nan,nan,nan,nan
4218,51.3157894737,0.4044212469,nan,0.0007136616,31.4650768892,nan,nan,nan,nan,nan,nan,nan
4219,51.3157894737,0.4027575706,nan,0.0007227773,31.4099548863,nan,nan,nan,nan,nan,nan,nan
4220,51.3157894737,0.2758048280,nan,0.0016297038,27.8789132050,nan,nan,nan,nan,nan,nan,nan
4221,51.3157894737,0.6493520575,nan,0.0000618841,42.0842107734,nan,nan,nan,nan,nan,nan,nan
4222,51.3157894737,1.4115399782,nan,0.0000000000,107.0867017231,nan,nan,nan,nan,nan,nan,nan
4223,51.3157894737,0.6823357844,nan,0.0000407866,43.8948282655,nan,nan,nan,nan,nan,nan,nan
4224,51.3157894737,1.4240526551,nan,0.0000000000,108.5586500949,nan,nan,nan,nan,nan,nan,nan
4225,51.3157894737,0.7116396743,nan,0.0000276737,45.5793345813,nan,nan,nan,nan,nan,nan,nan
4226,51.3157894737,1.0178249474,nan,0.0000001796,67.4568974188,nan,nan,nan,nan,nan,nan,nan
4227,51.3157894737,0.8053785112,nan,0.0000071653,51.4476732044,nan,nan,nan,nan,nan,nan,nan
4228,51.3157894737,0.5555194985,nan,0.0001808106,37.4277613792,nan,nan,nan,nan,nan,nan,nan
4229,51.3157894737,0.2718830894,nan,0.0016630158,27.7910363273,nan,nan,nan,nan,nan,nan,nan
4230,51.3157894737,0.0760557914,nan,0.0031530018,25.0127577795,nan,nan,nan,nan,nan,nan,nan
4231,51.3157894737,0.9584912934,nan,0.0000005487,62.6070128045,nan,nan,nan,nan,nan,nan,nan
4232,51.3157894737,0.2781040993,nan,0.0016102657,27.9310246132,nan,nan,nan,nan,nan,nan,nan
4233,51.3157894737,0.1886777664,nan,0.0023848327,26.2254207892,nan,nan,nan,nan,nan,nan,nan
4234,51.3157894737,0.6471417503,nan,0.0000635900,41.9661110305,nan,nan,nan,nan,nan,nan,nan
4235,51.3157894737,0.1983330567,nan,0.0023025798,26.3778530691,nan,nan,nan,nan,nan,nan,nan
4236,51.3157894737,0.9501298905,nan,0.0000006387,61.9471642334,nan,nan,nan,nan,nan,nan,nan
4237,51.3157894737,0.3350791686,nan,0.0011583091,29.3617553182,nan,nan,nan,nan,nan,nan,nan
4238,51.3157894737,0.8041287042,nan,0.0000073036,51.3646201505,nan,nan,nan,nan,nan,nan,nan
4239,51.3157894737,0.5587088504,nan,0.0001748224,37.5740283907,nan,nan,nan,nan,nan,nan,nan
4240,51.3157894737,0.4115398412,nan,0.0006755348,31.7035227968,nan,nan,nan,nan,nan,nan,nan
4241,51.3157894737,0.3575808228,nan,0.0009998399,30.0006951722,nan,nan,nan,nan,nan,nan,nan
4242,51.3157894737,0.4694560289,nan,0.0004169185,33.7994883202,nan,nan,nan,nan,nan,nan,nan
4243,51.3157894737,0.3361425652,nan,0.0011505332,29.3910083358,nan,nan,nan,nan,nan,nan,nan
4244,51.3157894737,1.0066540515,nan,0.0000002228,66.5213560523,nan,nan,nan,nan,nan,nan,nan
4245,51.3157894737,0.9527655281,nan,0.0000006089,62.1545290024,nan,nan,nan,nan,nan,nan,nan
4246,51.3157894737,0.7976884234,nan,0.0000080562,50.9387081619,nan,nan,nan,nan,nan,nan,nan
4247,51.3157894737,1.0711713812,nan,0.0000000621,72.0681650014,nan,nan,nan,nan,nan,nan,nan
4248,51.3157894737,0.2108812148,nan,0.0021941076,26.5874207087,nan,nan,nan,nan,nan,nan,nan
4249,51.3157894737,1.1333131078,nan,0.0000000168,77.7392378395,nan,nan,nan,nan,nan,nan,nan
4250,51.3157894737,0.2333581304,nan,0.0019974582,26.9952229977,nan,nan,nan,nan,nan,nan,nan
4251,51.3157894737,0.9025678491,nan,0.0000014775,58.3046464209,nan,nan,nan,nan,nan,nan,nan
4252,51.3157894737,0.3943898198,nan,0.0007698066,31.1361835693,nan,nan,nan,nan,nan,nan,nan
4253,51.3157894737,0.7778840889,nan,0.0000108377,49.6506359109,nan,nan,nan,nan,nan,nan,nan
4254,51.3157894737,0.0713341333,nan,0.0031735114,24.9845994106,nan,nan,nan,nan,nan,nan,nan
4255,51.3157894737,0.3805626865,nan,0.0008518251,30.6964958943,nan,nan,nan,nan,nan,nan,nan
4256,51.3157894737,0.8381247484,nan,0.0000042953,53.6701060203,nan,nan,nan,nan,nan,nan,nan
4257,51.3157894737,1.4988103946,nan,0.0000000000,117.6258835120,nan,nan,nan,nan,nan,nan,nan
4258,51.3157894737,0.3839095827,nan,0.0008314819,30.8014720994,nan,nan,nan,nan,nan,nan,nan
4259,51.3157894737,0.7602404133,nan,0.0000140262,48.5305951837,nan,nan,nan,nan,nan,nan,nan
4260,51.3157894737,0.6053601923,nan,0.0001044710,39.8100409664,nan,nan,nan,nan,nan,nan,nan
4261,51.3157894737,0.8645445927,nan,0.0000028001,55.5282825208,nan,nan,nan,nan,nan,nan,nan
4262,51.3157894737,0.9703426388,nan,0.0000004413,63.5522625428,nan,nan,nan,nan,nan,nan,nan
4263,51.3157894737,0.9155295839,nan,0.0000011807,59.2786203548,nan,nan,nan,nan,nan,nan,nan
4264,51.3157894737,0.5656274531,nan,0.0001623968,37.8942255992,nan,nan,nan,nan,nan,nan,nan
4265,51.3157894737,0.3175756144,nan,0.0012901259,28.8936790595,nan,nan,nan,nan,nan,nan,nan
4266,51.3157894737,0.4596878004,nan,0.0004543082,33.4264943856,nan,nan,nan,nan,nan,nan,nan
4267,51.3157894737,0.6042130368,nan,0.0001058549,39.7528897384,nan,nan,nan,nan,nan,nan,nan
4268,51.3157894737,1.3315417940,nan,0.0000000002,97.9855542609,nan,nan,nan,nan,nan,nan,nan
4269,51.3157894737,0.1409727528,nan,0.0027639124,25.5847572628,nan,nan,nan,nan,nan,nan,nan
4270,51.3157894737,0.7927601714,nan,0.0000086794,50.6151230600,nan,nan,nan,nan,nan,nan,nan
4271,51.3157894737,0.3856540936,nan,0.0008210022,30.8565566115,nan,nan,nan,nan,nan,nan,nan
4272,51.3157894737,0.6761882722,nan,0.0000441519,43.5505067542,nan,nan,nan,nan,nan,nan,nan
4273,51.3157894737,0.4916464256,nan,0.0003407053,34.6762108424,nan,nan,nan,nan,nan,nan,nan
4274,51.3157894737,0.8194834119,nan,0.0000057624,52.3939999000,nan,nan,nan,nan,nan,nan,nan
4275,51.3157894737,0.6332637153,nan,0.0000752685,41.2338674162,nan,nan,nan,nan,nan,nan,nan
4276,51.3157894737,0.3973984793,nan,0.0007526704,31.2339518261,nan,nan,nan,nan,nan,nan,nan
4277,51.3157894737,0.2991474996,nan,0.0014360739,28.4282320711,nan,nan,nan,nan,nan,nan,nan
4278,51.3157894737,0.3676076228,nan,0.0009334919,30.2988944425,nan,nan,nan,nan,nan,nan,nan
4279,51.3157894737,1.1051924703,nan,0.0000000307,75.1330001046,nan,nan,nan,nan,nan,nan,nan
4280,51.3157894737,0.8531297650,nan,0.0000033742,54.7183130122,nan,nan,nan,nan,nan,nan,nan
4281,51.3157894737,0.8861927628,nan,0.0000019524,57.0942066730,nan,nan,nan,nan,nan,nan,nan
4282,51.3157894737,0.2735254209,nan,0.0016490421,27.8276826341,nan,nan,nan,nan,nan,nan,nan
4283,51.3157894737,1.0654967556,nan,0.0000000697,71.5663611696,nan,nan,nan,nan,nan,nan,nan
4284,51.3157894737,0.5568488254,nan,0.0001782944,37.4886230718,nan,nan,nan,nan,nan,nan,nan
4285,51.3157894737,1.4144724531,nan,0.0000000000,107.4304926726,nan,nan,nan,nan,nan,nan,nan
4286,51.3157894737,0.5708704685,nan,0.0001534786,38.1395225662,nan,nan,nan,nan,nan,nan,nan
4287,51.3157894737,0.7190240062,nan,0.0000250318,46.0150832863,nan,nan,nan,nan,nan,nan,nan
4288,51.3157894737,0.9905953771,nan,0.0000003024,65.1947131727,nan,nan,nan,nan,nan,nan,nan
4289,51.3157894737,0.4361695229,nan,0.0005545106,32.5609012248,nan,nan,nan,nan,nan,nan,nan
4290,51.3157894737,0.7791389293,nan,0.0000106383,49.7312816721,nan,nan,nan,nan,nan,nan,nan
4291,51.3157894737,0.4566517151,nan,0.0004664258,33.3121743337,nan,nan,nan,nan,nan,nan,nan
4292,51.3157894737,1.2244165439,nan,0.0000000022,86.6363844446,nan,nan,nan,nan,nan,nan,nan
4293,51.3157894737,0.9354681024,nan,0.0000008310,60.8041887526,nan,nan,nan,nan,nan,nan,nan
4294,51.3157894737,0.6738776215,nan,0.0000454789,43.4219000102,nan,nan,nan,nan,nan,nan,nan
4295,51.3157894737,0.7284767006,nan,0.0000219811,46.5795062896,nan,nan,nan,nan,nan,nan,nan
4296,51.3157894737,0.5190252989,nan,0.0002621682,35.8141992001,nan,nan,nan,nan,nan,nan,nan
4297,51.3157894737,0.5424044529,nan,0.0002072447,36.8351666467,nan,nan,nan,nan,nan,nan,nan
4298,51.3157894737,0.7744533280,nan,0.0000114004,49.4308177742,nan,nan,nan,nan,nan,nan,nan
4299,51.3157894737,0.3678027522,nan,0.0009322277,30.3047801283,nan,nan,nan,nan,nan,nan,nan
4300,51.3157894737,0.5951321338,nan,0.0001173725,39.3043373023,nan,nan,nan,nan,nan,nan,nan
4301,51.3157894737,0.7196229412,nan,0.0000248278,46.0506252719,nan,nan,nan,nan,nan,nan,nan
4302,51.3157894737,0.9908849537,nan,0.0000003007,65.2184452673,nan,nan,nan,nan,nan,nan,nan
4303,51.3157894737,0.9729078810,nan,0.0000004209,63.7584055209,nan,nan,nan,nan,nan,nan,nan
4304,51.3157894737,0.6798922028,nan,0.0000420960,43.7575872066,nan,nan,nan,nan,nan,nan,nan
4305,51.3157894737,0.4070759819,nan,0.0006992766,31.5535098621,nan,nan,nan,nan,nan,nan,nan
4306,51.3157894737,0.6295199631,nan,0.0000787213,41.0390780631,nan,nan,nan,nan,nan,nan,nan
4307,51.3157894737,0.9818912583,nan,0.0000003561,64.4846367549,nan,nan,nan,nan,nan,nan,nan
4308,51.3157894737,0.1779036349,nan,0.0024749261,26.0643776303,nan,nan,nan,nan,nan,nan,nan
4309,51.3157894737,1.3816154697,nan,0.0000000000,103.6196098672,nan,nan,nan,nan,nan,nan,nan
4310,51.3157894737,0.9054816955,nan,0.0000014053,58.5223791188,nan,nan,nan,nan,nan,nan,nan
4311,51.3157894737,0.5594307174,nan,0.0001734902,37.6072511613,nan,nan,nan,nan,nan,nan,nan
4312,51.3157894737,0.5868323860,nan,0.0001288142,38.9003611403,nan,nan,nan,nan,nan,nan,nan
4313,51.3157894737,0.3770640875,nan,0.0008734233,30.5877523843,nan,nan,nan,nan,nan,nan,nan
4314,51.3157894737,0.0754923480,nan,0.0031555117,25.0093019876,nan,nan,nan,nan,nan,nan,nan
4315,51.3157894737,0.3530115984,nan,0.0010309644,29.8675634079,nan,nan,nan,nan,nan,nan,nan
4316,51.3157894737,1.0715028198,nan,0.0000000617,72.0975570020,nan,nan,nan,nan,nan,nan,nan
4317,51.3157894737,1.6258376123,nan,0.0000000000,134.1057511329,nan,nan,nan,nan,nan,nan,nan
4318,51.3157894737,0.1553654150,nan,0.0026556126,25.7583527372,nan,nan,nan,nan,nan,nan,nan
4319,51.3157894737,0.5770374611,nan,0.0001435169,38.4309695397,nan,nan,nan,nan,nan,nan,nan
4320,51.3157894737,0.6249144139,nan,0.0000831563,40.8010467012,nan,nan,nan,nan,nan,nan,nan
4321,51.3157894737,0.8747591063,nan,0.0000023647,56.2622849855,nan,nan,nan,nan,nan,nan,nan
4322,51.3157894737,1.0551141187,nan,0.0000000860,70.6551885682,nan,nan,nan,nan,nan,nan,nan
4323,51.3157894737,0.3608668952,nan,0.0009777982,30.0975076326,nan,nan,nan,nan,nan,nan,nan
4324,51.3157894737,0.8303747911,nan,0.0000048573,53.1360617706,nan,nan,nan,nan,nan,nan,nan
4325,51.3157894737,0.2996917148,nan,0.0014316684,28.4415756218,nan,nan,nan,nan,nan,nan,nan
4326,51.3157894737,0.3862193559,nan,0.0008176248,30.8744593049,nan,nan,nan,nan,nan,nan,nan
4327,51.3157894737,0.4199376564,nan,0.0006323809,31.9902125424,nan,nan,nan,nan,nan,nan,nan
4328,51.3157894737,0.2995585834,nan,0.0014327456,28.4383091283,nan,nan,nan,nan,nan,nan,nan
4329,51.3157894737,1.1911708836,nan,0.0000000047,83.3092688248,nan,nan,nan,nan,nan,nan,nan
4330,51.3157894737,0.4592079310,nan,0.0004562076,33.4083746639,nan,nan,nan,nan,nan,nan,nan
4331,51.3157894737,0.5013933503,nan,0.0003108702,35.0742092987,nan,nan,nan,nan,nan,nan,nan
4332,51.3157894737,0.5308654122,nan,0.0002330457,36.3255882837,nan,nan,nan,nan,nan,nan,nan
4333,51.3157894737,0.4123313047,nan,0.0006713836,31.7302930040,nan,nan,nan,nan,nan,nan,nan
4334,51.3157894737,1.0091861369,nan,0.0000002122,66.7325008760,nan,nan,nan,nan,nan,nan,nan
4335,51.3157894737,0.6551260501,nan,0.0000576151,42.3946391573,nan,nan,nan,nan,nan,nan,nan
4336,51.3157894737,0.8365179005,nan,0.0000044066,53.5589681058,nan,nan,nan,nan,nan,nan,nan
4337,51.3157894737,0.3544620695,nan,0.0010210245,29.9096381859,nan,nan,nan,nan,nan,nan,nan
4338,51.3157894737,0.9114921983,nan,0.0000012666,58.9737403452,nan,nan,nan,nan,nan,nan,nan
4339,51.3157894737,0.2478028990,nan,0.0018709969,27.2792692058,nan,nan,nan,nan,nan,nan,nan
4340,51.3157894737,0.8358270296,nan,0.0000044553,53.5112500163,nan,nan,nan,nan,nan,nan,nan
4341,51.3157894737,0.4702737931,nan,0.0004138974,33.8310729403,nan,nan,nan,nan,nan,nan,nan
4342,51.3157894737,0.7062912697,nan,0.0000297402,45.2665582642,nan,nan,nan,nan,nan,nan,nan
4343,51.3157894737,0.6470779961,nan,0.0000636398,41.9627105831,nan,nan,nan,nan,nan,nan,nan
4344,51.3157894737,0.0944173519,nan,0.0030622686,25.1395671453,nan,nan,nan,nan,nan,nan,nan
4345,51.3157894737,0.8507067546,nan,0.0000035093,54.5477786254,nan,nan,nan,nan,nan,nan,nan
4346,51.3157894737,0.3018535320,nan,0.0014142225,28.4948225237,nan,nan,nan,nan,nan,nan,nan
4347,51.3157894737,0.4312346858,nan,0.0005774188,32.3850906776,nan,nan,nan,nan,nan,nan,nan
4348,51.3157894737,0.4028847619,nan,0.0007220776,31.4141609802,nan,nan,nan,nan,nan,nan,nan
4349,51.3157894737,0.7200291252,nan,0.0000246902,46.0747460118,nan,nan,nan,nan,nan,nan,nan
4350,51.3157894737,0.7744144234,nan,0.0000114069,49.4283306722,nan,nan,nan,nan,nan,nan,nan
4351,51.3157894737,0.8964044214,nan,0.0000016419,57.8464254285,nan,nan,nan,nan,nan,nan,nan
4352,51.3157894737,1.3009844964,nan,0.0000000003,94.6504187739,nan,nan,nan,nan,nan,nan,nan
4353,51.3157894737,0.4283388176,nan,0.0005911721,32.2828605074,nan,nan,nan,nan,nan,nan,nan
4354,51.3157894737,0.4112048888,nan,0.0006772969,31.6922090976,nan,nan,nan,nan,nan,nan,nan
4355,51.3157894737,0.1406831104,nan,0.0027660254,25.5814382986,nan,nan,nan,nan,nan,nan,nan
4356,51.3157894737,0.2700919023,nan,0.0016782930,27.7513222491,nan,nan,nan,nan,nan,nan,nan
4357,51.3157894737,0.9762023128,nan,0.0000003959,64.0239512666,nan,nan,nan,nan,nan,nan,nan
4358,51.3157894737,1.0265510880,nan,0.0000001515,68.1949386038,nan,nan,nan,nan,nan,nan,nan
4359,51.3157894737,0.7680744816,nan,0.0000125178,49.0247123126,nan,nan,nan,nan,nan,nan,nan
4360,51.3157894737,0.5399600453,nan,0.0002125056,36.7262961013,nan,nan,nan,nan,nan,nan,nan
4361,51.3157894737,0.6798607904,nan,0.0000421131,43.7558261979,nan,nan,nan,nan,nan,nan,nan
4362,51.3157894737,0.3822028570,nan,0.0008418167,30.7478244161,nan,nan,nan,nan,nan,nan,nan
4363,51.3157894737,0.7801598002,nan,0.0000104786,49.7969874447,nan,nan,nan,nan,nan,nan,nan
4364,51.3157894737,0.3058496488,nan,0.0013822081,28.5942655129,nan,nan,nan,nan,nan,nan,nan
4365,51.3157894737,0.9022257743,nan,0.0000014862,58.2791318252,nan,nan,nan,nan,nan,nan,nan
4366,51.3157894737,0.5199065864,nan,0.0002599045,35.8518624331,nan,nan,nan,nan,nan,nan,nan
4367,51.3157894737,0.8348239835,nan,0.0000045268,53.4420409185,nan,nan,nan,nan,nan,nan,nan
4368,51.3157894737,0.6449347642,nan,0.0000653342,41.8485939053,nan,nan,nan,nan,nan,nan,nan
4369,51.3157894737,1.5709790967,nan,0.0000000000,126.8229139895,nan,nan,nan,nan,nan,nan,nan
4370,51.3157894737,0.7328822768,nan,0.0000206771,46.8451043439,nan,nan,nan,nan,nan,nan,nan
4371,51.3157894737,1.0159600350,nan,0.0000001862,67.2999905291,nan,nan,nan,nan,nan,nan,nan
4372,51.3157894737,0.5566934412,nan,0.0001785870,37.4815014119,nan,nan,nan,nan,nan,nan,nan
4373,51.3157894737,0.3275516749,nan,0.0012141284,29.1573537564,nan,nan,nan,nan,nan,nan,nan
4374,51.3157894737,0.7964214556,nan,0.0000082123,50.8553269474,nan,nan,nan,nan,nan,nan,nan
4375,51.3157894737,0.4723854859,nan,0.0004061730,33.9128895449,nan,nan,nan,nan,nan,nan,nan
4376,51.3157894737,0.7818836361,nan,0.0000102138,49.9081347275,nan,nan,nan,nan,nan,nan,nan
4377,51.3157894737,1.1358099160,nan,0.0000000159,77.9738355026,nan,nan,nan,nan,nan,nan,nan
4378,51.3157894737,0.4546892952,nan,0.0004743852,33.2386883047,nan,nan,nan,nan,nan,nan,nan
4379,51.3157894737,0.3412497588,nan,0.0011135751,29.5328048601,nan,nan,nan,nan,nan,nan,nan
4380,51.3157894737,0.3453494183,nan,0.0010843792,29.6481883340,nan,nan,nan,nan,nan,nan,nan
4381,51.3157894737,1.1398869010,nan,0.0000000146,78.3580242070,nan,nan,nan,nan,nan,nan,nan
4382,51.3157894737,0.5306165099,nan,0.0002336298,36.3147181913,nan,nan,nan,nan,nan,nan,nan
4383,51.3157894737,0.5093070397,nan,0.0002881943,35.4031467001,nan,nan,nan,nan,nan,nan,nan
4384,51.3157894737,0.7556856032,nan,0.0000149773,48.2456586682,nan,nan,nan,nan,nan,nan,nan
4385,51.3157894737,0.3355088574,nan,0.0011551638,29.3735643895,nan,nan,nan,nan,nan,nan,nan
4386,51.3157894737,0.8489476292,nan,0.0000036105,54.4242757196,nan,nan,nan,nan,nan,nan,nan
4387,51.3157894737,0.1723347586,nan,0.0025206467,25.9848801957,nan,nan,nan,nan,nan,nan,nan
4388,51.3157894737,0.5419608029,nan,0.0002081915,36.8153702545,nan,nan,nan,nan,nan,nan,nan
4389,51.3157894737,0.3819764527,nan,0.0008431938,30.7407259351,nan,nan,nan,nan,nan,nan,nan
4390,51.3157894737,0.8423690264,nan,0.0000040136,53.9646966063,nan,nan,nan,nan,nan,nan,nan
4391,51.3157894737,0.2236402490,nan,0.0020826663,26.8138031417,nan,nan,nan,nan,nan,nan,nan
4392,51.3157894737,0.3388583334,nan,0.0011308003,29.4661406956,nan,nan,nan,nan,nan,nan,nan
4393,51.3157894737,0.3478632285,nan,0.0010666880,29.7196259025,nan,nan,nan,nan,nan,nan,nan
4394,51.3157894737,0.7728262435,nan,0.0000116764,49.3269086104,nan,nan,nan,nan,nan,nan,nan
4395,51.3157894737,0.3450103576,nan,0.0010867777,29.6385928801,nan,nan,nan,nan,nan,nan,nan
4396,51.3157894737,0.3042179903,nan,0.0013952427,28.5535025281,nan,nan,nan,nan,nan,nan,nan
4397,51.3157894737,0.3390904718,nan,0.0011291220,29.4725911450,nan,nan,nan,nan,nan,nan,nan
4398,51.3157894737,0.6872536313,nan,0.0000382601,44.1725389515,nan,nan,nan,nan,nan,nan,nan
4399,51.3157894737,0.4108708714,nan,0.0006790572,31.6809362274,nan,nan,nan,nan,nan,nan,nan
4400,51.3157894737,0.2987323474,nan,0.0014394383,28.4180694457,nan,nan,nan,nan,nan,nan,nan
4401,51.3157894737,0.1777693922,nan,0.0024760355,26.0624312862,nan,nan,nan,nan,nan,nan,nan
4402,51.3157894737,0.6967936344,nan,0.0000337521,44.7169979696,nan,nan,nan,nan,nan,nan,nan
4403,51.3157894737,0.2262616219,nan,0.0020596933,26.8619743402,nan,nan,nan,nan,nan,nan,nan
4404,51.3157894737,0.7056079007,nan,0.0000300140,45.2267660760,nan,nan,nan,nan,nan,nan,nan
4405,51.3157894737,0.1987749607,nan,0.0022987867,26.3850131716,nan,nan,nan,nan,nan,nan,nan
4406,51.3157894737,0.6633987844,nan,0.0000519489,42.8442379369,nan,nan,nan,nan,nan,nan,nan
4407,51.3157894737,0.6175989061,nan,0.0000906447,40.4265781881,nan,nan,nan,nan,nan,nan,nan
4408,51.3157894737,0.2847859459,nan,0.0015541966,28.0849404942,nan,nan,nan,nan,nan,nan,nan
4409,51.3157894737,0.3389564511,nan,0.0011300908,29.4688665589,nan,nan,nan,nan,nan,nan,nan
4410,51.3157894737,0.5096580403,nan,0.0002872198,35.4178565708,nan,nan,nan,nan,nan,nan,nan
4411,51.3157894737,1.1150144842,nan,0.0000000249,76.0358061831,nan,nan,nan,nan,nan,nan,nan
4412,51.3157894737,0.6747180999,nan,0.0000449922,43.4686281818,nan,nan,nan,nan,nan,nan,nan
4413,51.3157894737,0.3909760774,nan,0.0007895581,31.0261592610,nan,nan,nan,nan,nan,nan,nan
4414,51.3157894737,0.8843725274,nan,0.0000020132,56.9610357861,nan,nan,nan,nan,nan,nan,nan
4415,51.3157894737,0.3755748060,nan,0.0008827201,30.5417698332,nan,nan,nan,nan,nan,nan,nan
4416,51.3157894737,1.1415509072,nan,0.0000000141,78.5152283173,nan,nan,nan,nan,nan,nan,nan
4417,51.3157894737,0.5288833554,nan,0.0002377294,36.2391701756,nan,nan,nan,nan,nan,nan,nan
4418,51.3157894737,0.2346400899,nan,0.0019862155,27.0197364278,nan,nan,nan,nan,nan,nan,nan
4419,51.3157894737,0.8751671386,nan,0.0000023487,56.2917862760,nan,nan,nan,nan,nan,nan,nan
4420,51.3157894737,0.4130959687,nan,0.0006673895,31.7562060178,nan,nan,nan,nan,nan,nan,nan
4421,51.3157894737,0.5473470137,nan,0.0001969329,37.0568166296,nan,nan,nan,nan,nan,nan,nan
4422,51.3157894737,0.8993669885,nan,0.0000015609,58.0662827398,nan,nan,nan,nan,nan,nan,nan
4423,51.3157894737,0.7426982394,nan,0.0000180190,47.4426851411,nan,nan,nan,nan,nan,nan,nan
4424,51.3157894737,0.7348588429,nan,0.0000201150,46.9647899824,nan,nan,nan,nan,nan,nan,nan
4425,51.3157894737,0.9526571868,nan,0.0000006101,62.1459935827,nan,nan,nan,nan,nan,nan,nan
4426,51.3157894737,0.3043423046,nan,0.0013942477,28.5566004770,nan,nan,nan,nan,nan,nan,nan
4427,51.3157894737,0.2874076486,nan,0.0015323791,28.1463378825,nan,nan,nan,nan,nan,nan,nan
4428,51.3157894737,0.4857909161,nan,0.0003596748,34.4408996489,nan,nan,nan,nan,nan,nan,nan
4429,51.3157894737,0.9654285014,nan,0.0000004832,63.1588949874,nan,nan,nan,nan,nan,nan,nan
4430,51.3157894737,1.2157772540,nan,0.0000000027,85.7629111608,nan,nan,nan,nan,nan,nan,nan
4431,51.3157894737,0.5560285111,nan,0.0001798437,37.4510486013,nan,nan,nan,nan,nan,nan,nan
4432,51.3157894737,0.2172834740,nan,0.0021382872,26.6993395746,nan,nan,nan,nan,nan,nan,nan
4433,51.3157894737,0.2829113276,nan,0.0015698614,28.0413868849,nan,nan,nan,nan,nan,nan,nan
4434,51.3157894737,0.3119088754,nan,0.0013342693,28.7475649968,nan,nan,nan,nan,nan,nan,nan
4435,51.3157894737,1.0505857810,nan,0.0000000942,70.2606028355,nan,nan,nan,nan,nan,nan,nan
4436,51.3157894737,0.4541596926,nan,0.0004765505,33.2189111542,nan,nan,nan,nan,nan,nan,nan
4437,51.3157894737,0.3801303387,nan,0.0008544757,30.6830028073,nan,nan,nan,nan,nan,nan,nan
4438,51.3157894737,0.4251334124,nan,0.0006066647,32.1705129961,nan,nan,nan,nan,nan,nan,nan
4439,51.3157894737,1.5679888880,nan,0.0000000000,126.4331874474,nan,nan,nan,nan,nan,nan,nan
4440,51.3157894737,0.7803784945,nan,0.0000104446,49.8110744298,nan,nan,nan,nan,nan,nan,nan
4441,51.3157894737,1.1432964379,nan,0.0000000136,78.6803828467,nan,nan,nan,nan,nan,nan,nan
4442,51.3157894737,0.5000657535,nan,0.0003148085,35.0195357237,nan,nan,nan,nan,nan,nan,nan
4443,51.3157894737,0.3258644096,nan,0.0012268232,29.1121802414,nan,nan,nan,nan,nan,nan,nan
4444,51.3157894737,1.2687368996,nan,0.0000000008,91.2154673685,nan,nan,nan,nan,nan,nan,nan
4445,51.3157894737,0.6026057569,nan,0.0001078202,39.6729990167,nan,nan,nan,nan,nan,nan,nan
4446,51.3157894737,0.8017898291,nan,0.0000075691,51.2095450593,nan,nan,nan,nan,nan,nan,nan
4447,51.3157894737,0.6428535526,nan,0.0000670171,41.7381448924,nan,nan,nan,nan,nan,nan,nan
4448,51.3157894737,0.2400973954,nan,0.0019383823,27.1256057043,nan,nan,nan,nan,nan,nan,nan
4449,51.3157894737,0.3953444971,nan,0.0007643416,31.1671252442,nan,nan,nan,nan,nan,nan,nan
4450,51.3157894737,0.7380657794,nan,0.0000192324,47.1596689981,nan,nan,nan,nan,nan,nan,nan
4451,51.3157894737,0.7782515183,nan,0.0000107789,49.6742361991,nan,nan,nan,nan,nan,nan,nan
4452,51.3157894737,0.7903035279,nan,0.0000090062,50.4545770884,nan,nan,nan,nan,nan,nan,nan
4453,51.3157894737,0.2722256086,nan,0.0016600987,27.7986607924,nan,nan,nan,nan,nan,nan,nan
4454,51.3157894737,1.1318622283,nan,0.0000000174,77.6031537924,nan,nan,nan,nan,nan,nan,nan
4455,51.3157894737,0.5955947022,nan,0.0001167610,39.3270203616,nan,nan,nan,nan,nan,nan,nan
4456,51.3157894737,0.8765627626,nan,0.0000022947,56.3927966762,nan,nan,nan,nan,nan,nan,nan
4457,51.3157894737,0.9981257711,nan,0.0000002622,65.8141369640,nan,nan,nan,nan,nan,nan,nan
4458,51.3157894737,1.2237021236,nan,0.0000000022,86.5639165956,nan,nan,nan,nan,nan,nan,nan
4459,51.3157894737,0.2131047380,nan,0.0021747494,26.6259078990,nan,nan,nan,nan,nan,nan,nan
4460,51.3157894737,0.8146571476,nan,0.0000062111,52.0683312407,nan,nan,nan,nan,nan,nan,nan
4461,51.3157894737,0.3902799219,nan,0.0007936261,31.0038406983,nan,nan,nan,nan,nan,nan,nan
4462,51.3157894737,0.4106034206,nan,0.0006804690,31.6719165950,nan,nan,nan,nan,nan,nan,nan
4463,51.3157894737,0.0756535388,nan,0.0031547954,25.0102879800,nan,nan,nan,nan,nan,nan,nan
4464,51.3157894737,0.7785093859,nan,0.0000107379,49.6908059562,nan,nan,nan,nan,nan,nan,nan
4465,51.3157894737,0.4680641109,nan,0.0004220991,33.7458555622,nan,nan,nan,nan,nan,nan,nan
4466,51.3157894737,0.3528257789,nan,0.0010322418,29.8621857923,nan,nan,nan,nan,nan,nan,nan
4467,51.3157894737,0.1023122075,nan,0.0030181693,25.2025640546,nan,nan,nan,nan,nan,nan,nan
4468,51.3157894737,0.4769147450,nan,0.0003899761,34.0896204434,nan,nan,nan,nan,nan,nan,nan
4469,51.3157894737,0.5331921387,nan,0.0002276434,36.4274500205,nan,nan,nan,nan,nan,nan,nan
4470,51.3157894737,0.9144595255,nan,0.0000012029,59.1976833900,nan,nan,nan,nan,nan,nan,nan
4471,51.3157894737,1.3716418539,nan,0.0000000001,102.4806988877,nan,nan,nan,nan,nan,nan,nan
4472,51.3157894737,0.1544786680,nan,0.0026624621,25.7471657086,nan,nan,nan,nan,nan,nan,nan
4473,51.3157894737,0.7304693677,nan,0.0000213824,46.6994377669,nan,nan,nan,nan,nan,nan,nan
4474,51.3157894737,0.5599952284,nan,0.0001724542,37.6332620145,nan,nan,nan,nan,nan,nan,nan
4475,51.3157894737,0.3970924611,nan,0.0007544017,31.2239733439,nan,nan,nan,nan,nan,nan,nan
4476,51.3157894737,0.6432606104,nan,0.0000666850,41.7597189512,nan,nan,nan,nan,nan,nan,nan
4477,51.3157894737,0.9215912709,nan,0.0000010620,59.7389155804,nan,nan,nan,nan,nan,nan,nan
4478,51.3157894737,0.5040380868,nan,0.0003031404,35.1835614880,nan,nan,nan,nan,nan,nan,nan
4479,51.3157894737,0.0957933217,nan,0.0030547946,25.1501798130,nan,nan,nan,nan,nan,nan,nan
4480,51.3157894737,0.5685036164,nan,0.0001574525,38.0285056599,nan,nan,nan,nan,nan,nan,nan
4481,51.3157894737,0.6652892278,nan,0.0000507250,42.9477766108,nan,nan,nan,nan,nan,nan,nan
4482,51.3157894737,0.2783635732,nan,0.0016080766,27.9369328081,nan,nan,nan,nan,nan,nan,nan
4483,51.3157894737,0.2059343609,nan,0.0022370437,26.5032553151,nan,nan,nan,nan,nan,nan,nan
4484,51.3157894737,0.9682139938,nan,0.0000004590,63.3816212107,nan,nan,nan,nan,nan,nan,nan
4485,51.3157894737,0.5999942267,nan,0.0001110798,39.5436491013,nan,nan,nan,nan,nan,nan,nan
4486,51.3157894737,0.6267973629,nan,0.0000813177,40.8981512810,nan,nan,nan,nan,nan,nan,nan
4487,51.3157894737,0.7717046959,nan,0.0000118702,49.2554124442,nan,nan,nan,nan,nan,nan,nan
4488,51.3157894737,0.6235445433,nan,0.0000845165,40.7305869503,nan,nan,nan,nan,nan,nan,nan
4489,51.3157894737,0.7345213699,nan,0.0000202100,46.9443321999,nan,nan,nan,nan,nan,nan,nan
4490,51.3157894737,0.4626026392,nan,0.0004428975,33.5369678611,nan,nan,nan,nan,nan,nan,nan
4491,51.3157894737,0.3324662916,nan,0.0011775315,29.2902745798,nan,nan,nan,nan,nan,nan,nan
4492,51.3157894737,0.9740980232,nan,0.0000004117,63.8542317908,nan,nan,nan,nan,nan,nan,nan
4493,51.3157894737,1.0033234705,nan,0.0000002374,66.2444410315,nan,nan,nan,nan,nan,nan,nan
4494,51.3157894737,0.1589918258,nan,0.0026273777,25.8047749082,nan,nan,nan,nan,nan,nan,nan
4495,51.3157894737,1.0152645166,nan,0.0000001887,67.2415464584,nan,nan,nan,nan,nan,nan,nan
4496,51.3157894737,1.0983365354,nan,0.0000000354,74.5075995799,nan,nan,nan,nan,nan,nan,nan
4497,51.3157894737,1.1219221364,nan,0.0000000215,76.6755589368,nan,nan,nan,nan,nan,nan,nan
4498,51.3157894737,0.5871681080,nan,0.0001283338,38.9165908102,nan,nan,nan,nan,nan,nan,nan
4499,51.3157894737,1.1583356053,nan,0.0000000097,80.1138653081,nan,nan,nan,nan,nan,nan,nan
4500,51.3157894737,1.2270083208,nan,0.0000000020,86.8996416807,nan,nan,nan,nan,nan,nan,nan
4501,51.3157894737,0.5486532922,nan,0.0001942793,37.1157356714,nan,nan,nan,nan,nan,nan,nan
4502,51.3157894737,0.5073718763,nan,0.0002936141,35.3222306103,nan,nan,nan,nan,nan,nan,nan
4503,51.3157894737,1.1261233339,nan,0.0000000196,77.0666018190,nan,nan,nan,nan,nan,nan,nan
4504,51.3157894737,0.1795604556,nan,0.0024612054,26.0885213705,nan,nan,nan,nan,nan,nan,nan
4505,51.3157894737,1.3336263953,nan,0.0000000002,98.2159203702,nan,nan,nan,nan,nan,nan,nan
4506,51.3157894737,0.6199138323,nan,0.0000882146,40.5445944317,nan,nan,nan,nan,nan,nan,nan
4507,51.3157894737,0.4361266425,nan,0.0005547068,32.5593648604,nan,nan,nan,nan,nan,nan,nan
4508,51.3157894737,0.1849506680,nan,0.0024162223,26.1686310611,nan,nan,nan,nan,nan,nan,nan
4509,51.3157894737,0.4321837465,nan,0.0005729615,32.4187456288,nan,nan,nan,nan,nan,nan,nan
4510,51.3157894737,1.1057657620,nan,0.0000000303,75.1854737668,nan,nan,nan,nan,nan,nan,nan
4511,51.3157894737,0.8691585762,nan,0.0000025949,55.8587611138,nan,nan,nan,nan,nan,nan,nan
4512,51.3157894737,0.3852145443,nan,0.0008236347,30.8426537090,nan,nan,nan,nan,nan,nan,nan
4513,51.3157894737,0.4935175608,nan,0.0003348109,34.7520042689,nan,nan,nan,nan,nan,nan,nan
4514,51.3157894737,0.3271983269,nan,0.0012167815,29.1478740181,nan,nan,nan,nan,nan,nan,nan
4515,51.3157894737,0.5111918671,nan,0.0002829921,35.4822566917,nan,nan,nan,nan,nan,nan,nan
4516,51.3157894737,1.3594223750,nan,0.0000000001,101.0966697251,nan,nan,nan,nan,nan,nan,nan
4517,51.3157894737,0.3153531065,nan,0.0013073574,28.8360565890,nan,nan,nan,nan,nan,nan,nan
4518,51.3157894737,0.2066651984,nan,0.0022307131,26.5155628968,nan,nan,nan,nan,nan,nan,nan
4519,51.3157894737,0.7139580409,nan,0.0000268185,45.7156526428,nan,nan,nan,nan,nan,nan,nan
4520,51.3157894737,0.4665947433,nan,0.0004276207,33.6894128011,nan,nan,nan,nan,nan,nan,nan
4521,51.3157894737,0.4014385270,nan,0.0007300600,31.3664143319,nan,nan,nan,nan,nan,nan,nan
4522,51.3157894737,0.6484142205,nan,0.0000626030,42.0340512586,nan,nan,nan,nan,nan,nan,nan
4523,51.3157894737,0.6077130319,nan,0.0001016810,39.9276013711,nan,nan,nan,nan,nan,nan,nan
4524,51.3157894737,0.0583013033,nan,0.0032238054,24.9163117727,nan,nan,nan,nan,nan,nan,nan
4525,51.3157894737,0.4386683583,nan,0.0005431634,32.6506951823,nan,nan,nan,nan,nan,nan,nan
4526,51.3157894737,0.3075563310,nan,0.0013686304,28.6371380718,nan,nan,nan,nan,nan,nan,nan
4527,51.3157894737,0.6930853297,nan,0.0000354449,44.5044614517,nan,nan,nan,nan,nan,nan,nan
4528,51.3157894737,0.3554721600,nan,0.0010141352,29.9390413166,nan,nan,nan,nan,nan,nan,nan
4529,51.3157894737,0.1078485309,nan,0.0029855315,25.2497834405,nan,nan,nan,nan,nan,nan,nan
4530,51.3157894737,0.6468110188,nan,0.0000638488,41.9484745217,nan,nan,nan,nan,nan,nan,nan
4531,51.3157894737,0.3747595276,nan,0.0008878354,30.5166753004,nan,nan,nan,nan,nan,nan,nan
4532,51.3157894737,0.2244103748,nan,0.0020759187,26.8278964983,nan,nan,nan,nan,nan,nan,nan
4533,51.3157894737,0.5262247851,nan,0.0002441312,36.1237678040,nan,nan,nan,nan,nan,nan,nan
4534,51.3157894737,0.4024897029,nan,0.0007242523,31.4011011343,nan,nan,nan,nan,nan,nan,nan
4535,51.3157894737,0.6305952194,nan,0.0000777158,41.0949049774,nan,nan,nan,nan,nan,nan,nan
4536,51.3157894737,1.0354656261,nan,0.0000001272,68.9554753030,nan,nan,nan,nan,nan,nan,nan
4537,51.3157894737,0.9499202229,nan,0.0000006411,61.9306930327,nan,nan,nan,nan,nan,nan,nan
4538,51.3157894737,0.2426227276,nan,0.0019162727,27.1754267948,nan,nan,nan,nan,nan,nan,nan
4539,51.3157894737,0.9807793222,nan,0.0000003635,64.3943809525,nan,nan,nan,nan,nan,nan,nan
4540,51.3157894737,0.8733700426,nan,0.0000024199,56.1619577973,nan,nan,nan,nan,nan,nan,nan
4541,51.3157894737,0.5003374910,nan,0.0003139992,35.0307146181,nan,nan,nan,nan,nan,nan,nan
4542,51.3157894737,0.7475184717,nan,0.0000168303,47.7390689233,nan,nan,nan,nan,nan,nan,nan
4543,51.3157894737,0.1966001053,nan,0.0023174323,26.3499293992,nan,nan,nan,nan,nan,nan,nan
4544,51.3157894737,0.4786455558,nan,0.0003839189,34.1576055169,nan,nan,nan,nan,nan,nan,nan
4545,51.3157894737,0.1777849215,nan,0.0024759072,26.0626563644,nan,nan,nan,nan,nan,nan,nan
4546,51.3157894737,0.7381393106,nan,0.0000192126,47.1641473762,nan,nan,nan,nan,nan,nan,nan
4547,51.3157894737,0.1248198649,nan,0.0028772836,25.4101733285,nan,nan,nan,nan,nan,nan,nan
4548,51.3157894737,0.6999390084,nan,0.0000323730,44.8981673529,nan,nan,nan,nan,nan,nan,nan
4549,51.3157894737,0.4382006591,nan,0.0005452743,32.6338493790,nan,nan,nan,nan,nan,nan,nan
4550,51.3157894737,0.7646572814,nan,0.0000131566,48.8085515483,nan,nan,nan,nan,nan,nan,nan
4551,51.3157894737,0.4767484145,nan,0.0003905620,34.0831001757,nan,nan,nan,nan,nan,nan,nan
4552,51.3157894737,0.9124035750,nan,0.0000012467,59.0424434941,nan,nan,nan,nan,nan,nan,nan
4553,51.3157894737,0.2293003129,nan,0.0020330484,26.9185227935,nan,nan,nan,nan,nan,nan,nan
4554,51.3157894737,0.5088704214,nan,0.0002894101,35.3848629911,nan,nan,nan,nan,nan,nan,nan
4555,51.3157894737,0.2534276307,nan,0.0018219948,27.3945287258,nan,nan,nan,nan,nan,nan,nan
4556,51.3157894737,0.0262150115,nan,0.0033059183,24.8070788783,nan,nan,nan,nan,nan,nan,nan
4557,51.3157894737,0.5674984178,nan,0.0001591660,37.9814976575,nan,nan,nan,nan,nan,nan,nan
4558,51.3157894737,0.2638361138,nan,0.0017319303,27.6146959760,nan,nan,nan,nan,nan,nan,nan
4559,51.3157894737,0.0907363191,nan,0.0030818132,25.1119369409,nan,nan,nan,nan,nan,nan,nan
4560,51.3157894737,0.5983785269,nan,0.0001131382,39.4639066490,nan,nan,nan,nan,nan,nan,nan
4561,51.3157894737,0.9937214775,nan,0.0000002850,65.4512809404,nan,nan,nan,nan,nan,nan,nan
4562,51.3157894737,0.9005025755,nan,0.0000015308,58.1507505941,nan,nan,nan,nan,nan,nan,nan
4563,51.3157894737,0.1149139512,nan,0.0029419214,25.3136893892,nan,nan,nan,nan,nan,nan,nan
4564,51.3157894737,1.1115331646,nan,0.0000000268,75.7148935459,nan,nan,nan,nan,nan,nan,nan
4565,51.3157894737,0.5723375236,nan,0.0001510578,38.2085681138,nan,nan,nan,nan,nan,nan,nan
4566,51.3157894737,0.4419879946,nan,0.0005283498,32.7707841758,nan,nan,nan,nan,nan,nan,nan
4567,51.3157894737,0.7274683835,nan,0.0000222898,46.5189451882,nan,nan,nan,nan,nan,nan,nan
4568,51.3157894737,1.2172125309,nan,0.0000000026,85.9075924462,nan,nan,nan,nan,nan,nan,nan
4569,51.3157894737,0.2218291014,nan,0.0020985284,26.7808515658,nan,nan,nan,nan,nan,nan,nan
4570,51.3157894737,0.8934564238,nan,0.0000017265,57.6283754946,nan,nan,nan,nan,nan,nan,nan
4571,51.3157894737,0.3850831743,nan,0.0008244225,30.8385015941,nan,nan,nan,nan,nan,nan,nan
4572,51.3157894737,0.3712405444,nan,0.0009101247,30.4089908061,nan,nan,nan,nan,nan,nan,nan
4573,51.3157894737,0.8828259910,nan,0.0000020663,56.8481060594,nan,nan,nan,nan,nan,nan,nan
4574,51.3157894737,0.5181005579,nan,0.0002645606,35.7747481930,nan,nan,nan,nan,nan,nan,nan
4575,51.3157894737,1.1676043455,nan,0.0000000079,81.0067398721,nan,nan,nan,nan,nan,nan,nan
4576,51.3157894737,0.3838253695,nan,0.0008319899,30.7988193659,nan,nan,nan,nan,nan,nan,nan
4577,51.3157894737,1.3149191200,nan,0.0000000002,96.1616102082,nan,nan,nan,nan,nan,nan,nan
4578,51.3157894737,0.8215271479,nan,0.0000055815,52.5324926420,nan,nan,nan,nan,nan,nan,nan
4579,51.3157894737,0.3114917012,nan,0.0013375459,28.7369132041,nan,nan,nan,nan,nan,nan,nan
4580,51.3157894737,0.8409776705,nan,0.0000041040,53.8679588126,nan,nan,nan,nan,nan,nan,nan
4581,51.3157894737,1.0466258944,nan,0.0000001019,69.9169528948,nan,nan,nan,nan,nan,nan,nan
4582,51.3157894737,0.6249910392,nan,0.0000830808,40.8049925506,nan,nan,nan,nan,nan,nan,nan
4583,51.3157894737,0.1741359341,nan,0.0025059283,26.0103135993,nan,nan,nan,nan,nan,nan,nan
4584,51.3157894737,0.7856874390,nan,0.0000096510,50.1542667060,nan,nan,nan,nan,nan,nan,nan
4585,51.3157894737,0.5276494446,nan,0.0002406835,36.1855360386,nan,nan,nan,nan,nan,nan,nan
4586,51.3157894737,0.1654160121,nan,0.0025765207,25.8896636554,nan,nan,nan,nan,nan,nan,nan
4587,51.3157894737,0.4669644496,nan,0.0004262263,33.7035974618,nan,nan,nan,nan,nan,nan,nan
4588,51.3157894737,1.1199175187,nan,0.0000000224,76.4894907376,nan,nan,nan,nan,nan,nan,nan
4589,51.3157894737,1.1204079300,nan,0.0000000222,76.5349796035,nan,nan,nan,nan,nan,nan,nan
4590,51.3157894737,0.7945368190,nan,0.0000084498,50.7315432171,nan,nan,nan,nan,nan,nan,nan
4591,51.3157894737,1.1555703602,nan,0.0000000104,79.8488740592,nan,nan,nan,nan,nan,nan,nan
4592,51.3157894737,0.3967695392,nan,0.0007562315,31.2134520831,nan,nan,nan,nan,nan,nan,nan
4593,51.3157894737,0.5600310198,nan,0.0001723887,37.6349120586,nan,nan,nan,nan,nan,nan,nan
4594,51.3157894737,0.4747117167,nan,0.0003977914,34.0034462386,nan,nan,nan,nan,nan,nan,nan
4595,51.3157894737,0.2889883124,nan,0.0015192773,28.1836294592,nan,nan,nan,nan,nan,nan,nan
4596,51.3157894737,0.5878477545,nan,0.0001273657,38.9494753305,nan,nan,nan,nan,nan,nan,nan
4597,51.3157894737,0.3587191092,nan,0.0009921722,30.0341296404,nan,nan,nan,nan,nan,nan,nan
4598,51.3157894737,0.5789469267,nan,0.0001405449,38.5218495980,nan,nan,nan,nan,nan,nan,nan
4599,51.3157894737,0.6708986561,nan,0.0000472416,43.2567511479,nan,nan,nan,nan,nan,nan,nan
4600,51.3157894737,1.0047013512,nan,0.0000002313,66.3588901451,nan,nan,nan,nan,nan,nan,nan
4601,51.3157894737,0.7469347906,nan,0.0000169704,47.7030769686,nan,nan,nan,nan,nan,nan,nan
4602,51.3157894737,0.3085769758,nan,0.0013605384,28.6628920502,nan,nan,nan,nan,nan,nan,nan
4603,51.3157894737,1.0045512617,nan,0.0000002319,66.3464157702,nan,nan,nan,nan,nan,nan,nan
4604,51.3157894737,1.1288780782,nan,0.0000000185,77.3238105223,nan,nan,nan,nan,nan,nan,nan
4605,51.3157894737,0.8149521441,nan,0.0000061828,52.0881814717,nan,nan,nan,nan,nan,nan,nan
4606,51.3157894737,0.1721097558,nan,0.0025224805,25.9817217916,nan,nan,nan,nan,nan,nan,nan
4607,51.3157894737,0.4093774855,nan,0.0006869659,31.6306484076,nan,nan,nan,nan,nan,nan,nan
4608,51.3157894737,0.8111105715,nan,0.0000065611,51.8302504354,nan,nan,nan,nan,nan,nan,nan
4609,51.3157894737,0.3226639259,nan,0.0012510828,29.0271393688,nan,nan,nan,nan,nan,nan,nan
4610,51.3157894737,0.3797320288,nan,0.0008569223,30.6705856914,nan,nan,nan,nan,nan,nan,nan
4611,51.3157894737,0.1019298528,nan,0.0030203721,25.1993955556,nan,nan,nan,nan,nan,nan,nan
4612,51.3157894737,1.0159920859,nan,0.0000001861,67.3026847232,nan,nan,nan,nan,nan,nan,nan
4613,51.3157894737,0.6692675171,nan,0.0000482321,43.1666361485,nan,nan,nan,nan,nan,nan,nan
4614,51.3157894737,0.3553070323,nan,0.0010152596,29.9342287793,nan,nan,nan,nan,nan,nan,nan
4615,51.3157894737,0.8555340982,nan,0.0000032449,54.8880163644,nan,nan,nan,nan,nan,nan,nan
4616,51.3157894737,0.8147324251,nan,0.0000062038,52.0733959528,nan,nan,nan,nan,nan,nan,nan
4617,51.3157894737,0.8704776115,nan,0.0000025389,55.9535636469,nan,nan,nan,nan,nan,nan,nan
4618,51.3157894737,1.0137934952,nan,0.0000001942,67.1180702058,nan,nan,nan,nan,nan,nan,nan
4619,51.3157894737,1.3967371311,nan,0.0000000000,105.3622613038,nan,nan,nan,nan,nan,nan,nan
4620,51.3157894737,0.4601117833,nan,0.0004526349,33.4425197281,nan,nan,nan,nan,nan,nan,nan
4621,51.3157894737,0.5190864340,nan,0.0002620107,35.8168098249,nan,nan,nan,nan,nan,nan,nan
4622,51.3157894737,1.0360069635,nan,0.0000001258,69.0018726483,nan,nan,nan,nan,nan,nan,nan
4623,51.3157894737,0.2164128670,nan,0.0021458917,26.6839220681,nan,nan,nan,nan,nan,nan,nan
4624,51.3157894737,0.1849049676,nan,0.0024166058,26.1679418168,nan,nan,nan,nan,nan,nan,nan
4625,51.3157894737,0.8273414530,nan,0.0000050952,52.9283988057,nan,nan,nan,nan,nan,nan,nan
4626,51.3157894737,0.2064048991,nan,0.0022329684,26.5111743162,nan,nan,nan,nan,nan,nan,nan
4627,51.3157894737,0.8577091160,nan,0.0000031319,55.0419490394,nan,nan,nan,nan,nan,nan,nan
4628,51.3157894737,1.1597723864,nan,0.0000000094,80.2518030544,nan,nan,nan,nan,nan,nan,nan
4629,51.3157894737,0.5146842285,nan,0.0002735510,35.6296170211,nan,nan,nan,nan,nan,nan,nan
4630,51.3157894737,1.3055798842,nan,0.0000000003,95.1469882005,nan,nan,nan,nan,nan,nan,nan
4631,51.3157894737,0.3977392674,nan,0.0007507454,31.2450731887,nan,nan,nan,nan,nan,nan,nan
4632,51.3157894737,0.2413242434,nan,0.0019276386,27.1497439528,nan,nan,nan,nan,nan,nan,nan
4633,51.3157894737,0.6444907887,nan,0.0000656901,41.8250021031,nan,nan,nan,nan,nan,nan,nan
4634,51.3157894737,0.7498947708,nan,0.0000162709,47.8858930752,nan,nan,nan,nan,nan,nan,nan
4635,51.3157894737,0.6711372911,nan,0.0000470982,43.2699534904,nan,nan,nan,nan,nan,nan,nan
4636,51.3157894737,1.1669077655,nan,0.0000000081,80.9393876565,nan,nan,nan,nan,nan,nan,nan
4637,51.3157894737,0.3674525968,nan,0.0009344971,30.2942206399,nan,nan,nan,nan,nan,nan,nan
4638,51.3157894737,0.8604420667,nan,0.0000029951,55.2359271135,nan,nan,nan,nan,nan,nan,nan
4639,51.3157894737,0.2928976417,nan,0.0014870495,28.2767456628,nan,nan,nan,nan,nan,nan,nan
4640,51.3157894737,0.2045603859,nan,0.0022489323,26.4802360847,nan,nan,nan,nan,nan,nan,nan
4641,51.3157894737,0.2370196987,nan,0.0019653514,27.0655979672,nan,nan,nan,nan,nan,nan,nan
4642,51.3157894737,0.2963528317,nan,0.0014587823,28.3600951936,nan,nan,nan,nan,nan,nan,nan
4643,51.3157894737,0.2676777739,nan,0.0016989417,27.6982151742,nan,nan,nan,nan,nan,nan,nan
4644,51.3157894737,0.2312511809,nan,0.0020159379,26.9552284340,nan,nan,nan,nan,nan,nan,nan
4645,51.3157894737,0.8274883268,nan,0.0000050834,52.9384361629,nan,nan,nan,nan,nan,nan,nan
4646,51.3157894737,0.5679033337,nan,0.0001584739,38.0004234145,nan,nan,nan,nan,nan,nan,nan
4647,51.3157894737,0.3245552334,nan,0.0012367185,29.0772914784,nan,nan,nan,nan,nan,nan,nan
4648,51.3157894737,0.3692223312,nan,0.0009230615,30.3476936857,nan,nan,nan,nan,nan,nan,nan
4649,51.3157894737,0.7886305048,nan,0.0000092352,50.3455297087,nan,nan,nan,nan,nan,nan,nan
4650,51.3157894737,0.3542736004,nan,0.0010223130,29.9041613021,nan,nan,nan,nan,nan,nan,nan
4651,51.3157894737,0.5217525324,nan,0.0002552137,35.9309607310,nan,nan,nan,nan,nan,nan,nan
4652,51.3157894737,0.2277544628,nan,0.0020466047,26.8896602645,nan,nan,nan,nan,nan,nan,nan
4653,51.3157894737,0.4473277884,nan,0.0005051416,32.9658686179,nan,nan,nan,nan,nan,nan,nan
4654,51.3157894737,0.1585136603,nan,0.0026311209,25.7985920259,nan,nan,nan,nan,nan,nan,nan
4655,51.3157894737,0.4410917028,nan,0.0005323202,32.7382705315,nan,nan,nan,nan,nan,nan,nan
4656,51.3157894737,1.1052069984,nan,0.0000000307,75.1343295286,nan,nan,nan,nan,nan,nan,nan
4657,51.3157894737,0.3449272280,nan,0.0010873662,29.6362417549,nan,nan,nan,nan,nan,nan,nan
4658,51.3157894737,1.3181496613,nan,0.0000000002,96.5142765298,nan,nan,nan,nan,nan,nan,nan
4659,51.3157894737,0.4835975384,nan,0.0003669874,34.3534878920,nan,nan,nan,nan,nan,nan,nan
4660,51.3157894737,0.4016791344,nan,0.0007287279,31.3743458454,nan,nan,nan,nan,nan,nan,nan
4661,51.3157894737,0.8647841500,nan,0.0000027891,55.5453972593,nan,nan,nan,nan,nan,nan,nan
4662,51.3157894737,0.2453263748,nan,0.0018926275,27.2293484704,nan,nan,nan,nan,nan,nan,nan
4663,51.3157894737,0.3194976158,nan,0.0012753109,28.9438394318,nan,nan,nan,nan,nan,nan,nan
4664,51.3157894737,0.4091224258,nan,0.0006883229,31.6220780682,nan,nan,nan,nan,nan,nan,nan
4665,51.3157894737,0.1704016361,nan,0.0025363663,25.9578803183,nan,nan,nan,nan,nan,nan,nan
4666,51.3157894737,1.1085784785,nan,0.0000000286,75.4433206235,nan,nan,nan,nan,nan,nan,nan
4667,51.3157894737,0.9599232547,nan,0.0000005345,62.7206022342,nan,nan,nan,nan,nan,nan,nan
4668,51.3157894737,0.5638993584,nan,0.0001654293,37.8138759675,nan,nan,nan,nan,nan,nan,nan
4669,51.3157894737,1.1755577590,nan,0.0000000066,81.7786277404,nan,nan,nan,nan,nan,nan,nan
4670,51.3157894737,0.6204871657,nan,0.0000876215,40.5738920835,nan,nan,nan,nan,nan,nan,nan
4671,51.3157894737,0.1747215667,nan,0.0025011282,26.0186404446,nan,nan,nan,nan,nan,nan,nan
4672,51.3157894737,0.4863757321,nan,0.0003577442,34.4642734386,nan,nan,nan,nan,nan,nan,nan
4673,51.3157894737,0.8492087656,nan,0.0000035953,54.4425930318,nan,nan,nan,nan,nan,nan,nan
4674,51.3157894737,1.2862139475,nan,0.0000000005,93.0662976636,nan,nan,nan,nan,nan,nan,nan
4675,51.3157894737,1.0684903963,nan,0.0000000656,71.8307520993,nan,nan,nan,nan,nan,nan,nan
4676,51.3157894737,0.5246360493,nan,0.0002480228,36.0550844146,nan,nan,nan,nan,nan,nan,nan
4677,51.3157894737,0.1745744826,nan,0.0025023344,26.0165464699,nan,nan,nan,nan,nan,nan,nan
4678,51.3157894737,0.0636521412,nan,0.0032042965,24.9426730353,nan,nan,nan,nan,nan,nan,nan
4679,51.3157894737,0.9391927719,nan,0.0000007775,61.0928509651,nan,nan,nan,nan,nan,nan,nan
4680,51.3157894737,1.1995914481,nan,0.0000000039,84.1432375257,nan,nan,nan,nan,nan,nan,nan
4681,51.3157894737,0.4130652897,nan,0.0006675495,31.7551654350,nan,nan,nan,nan,nan,nan,nan
4682,51.3157894737,0.9033487964,nan,0.0000014578,58.3629320887,nan,nan,nan,nan,nan,nan,nan
4683,51.3157894737,1.2031904420,nan,0.0000000035,84.5014873722,nan,nan,nan,nan,nan,nan,nan
4684,51.3157894737,0.5548745923,nan,0.0001820418,37.3982879407,nan,nan,nan,nan,nan,nan,nan
4685,51.3157894737,0.7401361969,nan,0.0000186813,47.2859386645,nan,nan,nan,nan,nan,nan,nan
4686,51.3157894737,0.5513116959,nan,0.0001889697,37.2360790606,nan,nan,nan,nan,nan,nan,nan
4687,51.3157894737,0.3487435175,nan,0.0010605312,29.7447655144,nan,nan,nan,nan,nan,nan,nan
4688,51.3157894737,0.3364074175,nan,0.0011486008,29.3983087071,nan,nan,nan,nan,nan,nan,nan
4689,51.3157894737,0.9317530610,nan,0.0000008877,60.5174249625,nan,nan,nan,nan,nan,nan,nan
4690,51.3157894737,0.5378055406,nan,0.0002172327,36.6307485915,nan,nan,nan,nan,nan,nan,nan
4691,51.3157894737,0.6343865438,nan,0.0000742589,41.2925158143,nan,nan,nan,nan,nan,nan,nan
4692,51.3157894737,0.1895182606,nan,0.0023777242,26.2383852718,nan,nan,nan,nan,nan,nan,nan
4693,51.3157894737,0.4337045551,nan,0.0005658703,32.4728310929,nan,nan,nan,nan,nan,nan,nan
4694,51.3157894737,0.2121189198,nan,0.0021833361,26.6087940386,nan,nan,nan,nan,nan,nan,nan
4695,51.3157894737,0.9414343582,nan,0.0000007469,61.2671316684,nan,nan,nan,nan,nan,nan,nan
4696,51.3157894737,0.9288021518,nan,0.0000009353,60.2904645293,nan,nan,nan,nan,nan,nan,nan
4697,51.3157894737,0.3954440313,nan,0.0007637733,31.1703555506,nan,nan,nan,nan,nan,nan,nan
4698,51.3157894737,0.4944016764,nan,0.0003320536,34.7879178395,nan,nan,nan,nan,nan,nan,nan
4699,51.3157894737,0.2172589203,nan,0.0021385018,26.6989038987,nan,nan,nan,nan,nan,nan,nan
4700,51.3157894737,0.5243333959,nan,0.0002487698,36.0420240126,nan,nan,nan,nan,nan,nan,nan
4701,51.3157894737,0.9776066311,nan,0.0000003857,64.1374207108,nan,nan,nan,nan,nan,nan,nan
4702,51.3157894737,0.3532606647,nan,0.0010292536,29.8747758674,nan,nan,nan,nan,nan,nan,nan
4703,51.3157894737,0.5274976941,nan,0.0002410489,36.1789486545,nan,nan,nan,nan,nan,nan,nan
4704,51.3157894737,0.6344797762,nan,0.0000741756,41.2973903102,nan,nan,nan,nan,nan,nan,nan
4705,51.3157894737,0.2203739050,nan,0.0021112653,26.7545718440,nan,nan,nan,nan,nan,nan,nan
4706,51.3157894737,0.7380834933,nan,0.0000192276,47.1607478129,nan,nan,nan,nan,nan,nan,nan
4707,51.3157894737,1.1132878806,nan,0.0000000258,75.8765190981,nan,nan,nan,nan,nan,nan,nan
4708,51.3157894737,0.8909206356,nan,0.0000018024,57.4413943116,nan,nan,nan,nan,nan,nan,nan
4709,51.3157894737,0.2870175498,nan,0.0015356186,28.1371662659,nan,nan,nan,nan,nan,nan,nan
4710,51.3157894737,0.4134404477,nan,0.0006655956,31.7678955788,nan,nan,nan,nan,nan,nan,nan
4711,51.3157894737,0.6169057909,nan,0.0000913833,40.3913293997,nan,nan,nan,nan,nan,nan,nan
4712,51.3157894737,0.7334922068,nan,0.0000205022,46.8820023332,nan,nan,nan,nan,nan,nan,nan
4713,51.3157894737,1.3878881141,nan,0.0000000000,104.3401605391,nan,nan,nan,nan,nan,nan,nan
4714,51.3157894737,0.8612639164,nan,0.0000029550,55.2943816785,nan,nan,nan,nan,nan,nan,nan
4715,51.3157894737,0.7642706422,nan,0.0000132308,48.7841552397,nan,nan,nan,nan,nan,nan,nan
4716,51.3157894737,1.0082458467,nan,0.0000002161,66.6540297861,nan,nan,nan,nan,nan,nan,nan
4717,51.3157894737,0.4410344094,nan,0.0005325747,32.7361944345,nan,nan,nan,nan,nan,nan,nan
4718,51.3157894737,0.4157019037,nan,0.0006539010,31.8448798867,nan,nan,nan,nan,nan,nan,nan
4719,51.3157894737,0.4386453781,nan,0.0005432670,32.6498670473,nan,nan,nan,nan,nan,nan,nan
4720,51.3157894737,0.9957119228,nan,0.0000002745,65.6150671116,nan,nan,nan,nan,nan,nan,nan
4721,51.3157894737,0.7059384614,nan,0.0000298813,45.2460095926,nan,nan,nan,nan,nan,nan,nan
4722,51.3157894737,0.7537049275,nan,0.0000154089,48.1222916860,nan,nan,nan,nan,nan,nan,nan
4723,51.3157894737,1.0388162578,nan,0.0000001190,69.2430464919,nan,nan,nan,nan,nan,nan,nan
4724,51.3157894737,0.8998313598,nan,0.0000015485,58.1008108715,nan,nan,nan,nan,nan,nan,nan
4725,51.3157894737,1.0900304601,nan,0.0000000421,73.7551741530,nan,nan,nan,nan,nan,nan,nan
4726,51.3157894737,0.9326643885,nan,0.0000008734,60.5876637546,nan,nan,nan,nan,nan,nan,nan
4727,51.3157894737,0.3027275758,nan,0.0014071940,28.5164603338,nan,nan,nan,nan,nan,nan,nan
4728,51.3157894737,1.2559967325,nan,0.0000000010,89.8823666092,nan,nan,nan,nan,nan,nan,nan
4729,51.3157894737,0.5124009851,nan,0.0002796945,35.5331609637,nan,nan,nan,nan,nan,nan,nan
4730,51.3157894737,0.2174327462,nan,0.0021369830,26.7019892916,nan,nan,nan,nan,nan,nan,nan
4731,51.3157894737,1.2597689798,nan,0.0000000009,90.2756716977,nan,nan,nan,nan,nan,nan,nan
4732,51.3157894737,1.1124855870,nan,0.0000000263,75.8025885399,nan,nan,nan,nan,nan,nan,nan
4733,51.3157894737,1.0861934925,nan,0.0000000456,73.4095383356,nan,nan,nan,nan,nan,nan,nan
4734,51.3157894737,0.4553294659,nan,0.0004717777,33.2626254706,nan,nan,nan,nan,nan,nan,nan
4735,51.3157894737,0.5997208936,nan,0.0001114258,39.5301435781,nan,nan,nan,nan,nan,nan,nan
4736,51.3157894737,0.9432192298,nan,0.0000007234,61.4062029634,nan,nan,nan,nan,nan,nan,nan
4737,51.3157894737,0.6660210060,nan,0.0000502581,42.9879355142,nan,nan,nan,nan,nan,nan,nan
4738,51.3157894737,0.8588806675,nan,0.0000030725,55.1250266561,nan,nan,nan,nan,nan,nan,nan
4739,51.3157894737,0.1616089751,nan,0.0026067846,25.8389484680,nan,nan,nan,nan,nan,nan,nan
4740,51.3157894737,0.2999856303,nan,0.0014292914,28.4487922744,nan,nan,nan,nan,nan,nan,nan
4741,51.3157894737,0.1080682717,nan,0.0029842078,25.2517093822,nan,nan,nan,nan,nan,nan,nan
4742,51.3157894737,0.3172635127,nan,0.0012925392,28.8855626360,nan,nan,nan,nan,nan,nan,nan
4743,51.3157894737,0.1565426745,nan,0.0026464856,25.7733045907,nan,nan,nan,nan,nan,nan,nan
4744,51.3157894737,0.6085113187,nan,0.0001007490,39.9675925229,nan,nan,nan,nan,nan,nan,nan
4745,51.3157894737,0.8376233458,nan,0.0000043297,53.6354033392,nan,nan,nan,nan,nan,nan,nan
4746,51.3157894737,0.7117320563,nan,0.0000276391,45.5847580149,nan,nan,nan,nan,nan,nan,nan
4747,51.3157894737,0.2224597460,nan,0.0020930063,26.7922946968,nan,nan,nan,nan,nan,nan,nan
4748,51.3157894737,0.6979045006,nan,0.0000332592,44.7808884089,nan,nan,nan,nan,nan,nan,nan
4749,51.3157894737,0.6057073700,nan,0.0001040553,39.8273588961,nan,nan,nan,nan,nan,nan,nan
4750,51.3157894737,0.0798041869,nan,0.0031358785,25.0364077182,nan,nan,nan,nan,nan,nan,nan
4751,51.3157894737,0.2411013211,nan,0.0019295904,27.1453487308,nan,nan,nan,nan,nan,nan,nan
4752,51.3157894737,0.5798474618,nan,0.0001391613,38.5648151854,nan,nan,nan,nan,nan,nan,nan
4753,51.3157894737,0.7459276064,nan,0.0000172146,47.6410369082,nan,nan,nan,nan,nan,nan,nan
4754,51.3157894737,0.8740037510,nan,0.0000023946,56.2077083862,nan,nan,nan,nan,nan,nan,nan
4755,51.3157894737,1.1850272618,nan,0.0000000054,82.7045453455,nan,nan,nan,nan,nan,nan,nan
4756,51.3157894737,0.5313434507,nan,0.0002319274,36.3464796608,nan,nan,nan,nan,nan,nan,nan
4757,51.3157894737,1.0372546424,nan,0.0000001228,69.1089027779,nan,nan,nan,nan,nan,nan,nan
4758,51.3157894737,0.2602002952,nan,0.0017632857,27.5367731951,nan,nan,nan,nan,nan,nan,nan
4759,51.3157894737,0.8671945632,nan,0.0000026805,55.7178709859,nan,nan,nan,nan,nan,nan,nan
4760,51.3157894737,0.1147810601,nan,0.0029427613,25.3124496782,nan,nan,nan,nan,nan,nan,nan
4761,51.3157894737,0.4298111047,nan,0.0005841510,32.3347484983,nan,nan,nan,nan,nan,nan,nan
4762,51.3157894737,0.5975279405,nan,0.0001142349,39.4220133040,nan,nan,nan,nan,nan,nan,nan
4763,51.3157894737,0.5529976869,nan,0.0001856647,37.3127062585,nan,nan,nan,nan,nan,nan,nan
4764,51.3157894737,0.6376333216,nan,0.0000714053,41.4626934025,nan,nan,nan,nan,nan,nan,nan
4765,51.3157894737,0.9417214269,nan,0.0000007431,61.2894811875,nan,nan,nan,nan,nan,nan,nan
4766,51.3157894737,0.4301670209,nan,0.0005824627,32.3473190440,nan,nan,nan,nan,nan,nan,nan
4767,51.3157894737,0.5163129577,nan,0.0002692348,35.6986872857,nan,nan,nan,nan,nan,nan,nan
4768,51.3157894737,0.7674069155,nan,0.0000126404,48.9824078957,nan,nan,nan,nan,nan,nan,nan
4769,51.3157894737,0.8368991594,nan,0.0000043799,53.5853184861,nan,nan,nan,nan,nan,nan,nan
4770,51.3157894737,0.1259018861,nan,0.0028699878,25.4211994412,nan,nan,nan,nan,nan,nan,nan
4771,51.3157894737,1.0806728687,nan,0.0000000511,72.9143943849,nan,nan,nan,nan,nan,nan,nan
4772,51.3157894737,0.1934719696,nan,0.0023441477,26.3001502434,nan,nan,nan,nan,nan,nan,nan
4773,51.3157894737,0.8771425594,nan,0.0000022726,56.4348080712,nan,nan,nan,nan,nan,nan,nan
4774,51.3157894737,0.7567396096,nan,0.0000147522,48.3114408813,nan,nan,nan,nan,nan,nan,nan
4775,51.3157894737,0.5737400744,nan,0.0001487735,38.2747449186,nan,nan,nan,nan,nan,nan,nan
4776,51.3157894737,0.4395273333,nan,0.0005393018,32.6816813423,nan,nan,nan,nan,nan,nan,nan
4777,51.3157894737,0.3575211946,nan,0.0010002426,29.9989466883,nan,nan,nan,nan,nan,nan,nan
4778,51.3157894737,0.6939098146,nan,0.0000350621,44.5516168282,nan,nan,nan,nan,nan,nan,nan
4779,51.3157894737,0.4620209187,nan,0.0004451574,33.5148641940,nan,nan,nan,nan,nan,nan,nan
4780,51.3157894737,0.4264381569,nan,0.0006003243,32.2161407979,nan,nan,nan,nan,nan,nan,nan
4781,51.3157894737,0.8322487910,nan,0.0000047155,53.2647391990,nan,nan,nan,nan,nan,nan,nan
4782,51.3157894737,1.3023379356,nan,0.0000000003,94.7964855599,nan,nan,nan,nan,nan,nan,nan
4783,51.3157894737,0.7803748677,nan,0.0000104452,49.8108407860,nan,nan,nan,nan,nan,nan,nan
4784,51.3157894737,0.8677311002,nan,0.0000026569,55.7563280066,nan,nan,nan,nan,nan,nan,nan
4785,51.3157894737,0.7011105122,nan,0.0000318724,44.9658547357,nan,nan,nan,nan,nan,nan,nan
4786,51.3157894737,0.8886142845,nan,0.0000018742,57.2717964949,nan,nan,nan,nan,nan,nan,nan
4787,51.3157894737,0.4905664853,nan,0.0003441440,34.6325982180,nan,nan,nan,nan,nan,nan,nan
4788,51.3157894737,0.7005753982,nan,0.0000321002,44.9349226522,nan,nan,nan,nan,nan,nan,nan
4789,51.3157894737,0.9016478289,nan,0.0000015011,58.2360463281,nan,nan,nan,nan,nan,nan,nan
4790,51.3157894737,0.3821604589,nan,0.0008420745,30.7464947780,nan,nan,nan,nan,nan,nan,nan
4791,51.3157894737,0.5778565441,nan,0.0001422356,38.4699163028,nan,nan,nan,nan,nan,nan,nan
4792,51.3157894737,0.8965478807,nan,0.0000016379,57.8570549423,nan,nan,nan,nan,nan,nan,nan
4793,51.3157894737,0.5553114635,nan,0.0001812070,37.4182500123,nan,nan,nan,nan,nan,nan,nan
4794,51.3157894737,0.2830936690,nan,0.0015683354,28.0456105452,nan,nan,nan,nan,nan,nan,nan
4795,51.3157894737,0.6626973083,nan,0.0000524096,42.8058940070,nan,nan,nan,nan,nan,nan,nan
4796,51.3157894737,0.7725247213,nan,0.0000117282,49.3076769455,nan,nan,nan,nan,nan,nan,nan
4797,51.3157894737,1.1633482982,nan,0.0000000087,80.5958560552,nan,nan,nan,nan,nan,nan,nan
4798,51.3157894737,0.5077300310,nan,0.0002926050,35.3371829112,nan,nan,nan,nan,nan,nan,nan
4799,51.3157894737,1.2833034438,nan,0.0000000005,92.7563013512,nan,nan,nan,nan,nan,nan,nan
4800,51.3157894737,0.8111397033,nan,0.0000065581,51.8322017806,nan,nan,nan,nan,nan,nan,nan
4801,51.3157894737,0.3785997589,nan,0.0008639012,30.6353594350,nan,nan,nan,nan,nan,nan,nan
4802,51.3157894737,0.8866416635,nan,0.0000019377,57.1270912999,nan,nan,nan,nan,nan,nan,nan
4803,51.3157894737,1.1490877976,nan,0.0000000119,79.2301589321,nan,nan,nan,nan,nan,nan,nan
4804,51.3157894737,1.0268816238,nan,0.0000001506,68.2230196158,nan,nan,nan,nan,nan,nan,nan
4805,51.3157894737,0.3156475088,nan,0.0013050688,28.8436660419,nan,nan,nan,nan,nan,nan,nan
4806,51.3157894737,0.2446444041,nan,0.0018985890,27.2156903822,nan,nan,nan,nan,nan,nan,nan
4807,51.3157894737,0.2117022455,nan,0.0021869635,26.6015846061,nan,nan,nan,nan,nan,nan,nan
4808,51.3157894737,1.2073588320,nan,0.0000000032,84.9177685249,nan,nan,nan,nan,nan,nan,nan
4809,51.3157894737,0.7070850266,nan,0.0000294251,45.3128270428,nan,nan,nan,nan,nan,nan,nan
4810,51.3157894737,0.3945502089,nan,0.0007688867,31.1413766063,nan,nan,nan,nan,nan,nan,nan
4811,51.3157894737,0.4752736872,nan,0.0003957865,34.0253901884,nan,nan,nan,nan,nan,nan,nan
4812,51.3157894737,0.4419927225,nan,0.0005283290,32.7709558584,nan,nan,nan,nan,nan,nan,nan
4813,51.3157894737,0.6431501318,nan,0.0000667750,41.7538622281,nan,nan,nan,nan,nan,nan,nan
4814,51.3157894737,0.2240909216,nan,0.0020787178,26.8220445516,nan,nan,nan,nan,nan,nan,nan
4815,51.3157894737,0.5530951329,nan,0.0001854752,37.3171423294,nan,nan,nan,nan,nan,nan,nan
4816,51.3157894737,0.6435565254,nan,0.0000664445,41.7754110958,nan,nan,nan,nan,nan,nan,nan
4817,51.3157894737,0.9471506248,nan,0.0000006740,61.7134612322,nan,nan,nan,nan,nan,nan,nan
4818,51.3157894737,0.2717219517,nan,0.0016643886,27.7874527583,nan,nan,nan,nan,nan,nan,nan
4819,51.3157894737,0.7604061569,nan,0.0000139927,48.5409962119,nan,nan,nan,nan,nan,nan,nan
4820,51.3157894737,0.4628129598,nan,0.0004420825,33.5449663313,nan,nan,nan,nan,nan,nan,nan
4821,51.3157894737,0.5705432036,nan,0.0001540230,38.1241445354,nan,nan,nan,nan,nan,nan,nan
4822,51.3157894737,0.5963935890,nan,0.0001157114,39.3662373807,nan,nan,nan,nan,nan,nan,nan
4823,51.3157894737,0.7106199092,nan,0.0000280575,45.5195148149,nan,nan,nan,nan,nan,nan,nan
4824,51.3157894737,0.6220370345,nan,0.0000860354,40.6532279512,nan,nan,nan,nan,nan,nan,nan
4825,51.3157894737,0.6102212794,nan,0.0000987772,40.0534332512,nan,nan,nan,nan,nan,nan,nan
4826,51.3157894737,0.8245081868,nan,0.0000053271,52.7351250348,nan,nan,nan,nan,nan,nan,nan
4827,51.3157894737,0.9053545129,nan,0.0000014084,58.5128608258,nan,nan,nan,nan,nan,nan,nan
4828,51.3157894737,0.2125479342,nan,0.0021796000,26.6162319186,nan,nan,nan,nan,nan,nan,nan
4829,51.3157894737,0.8814177706,nan,0.0000021157,56.7454497024,nan,nan,nan,nan,nan,nan,nan
4830,51.3157894737,0.2862905048,nan,0.0015416627,28.1201062304,nan,nan,nan,nan,nan,nan,nan
4831,51.3157894737,0.3326718996,nan,0.0011760129,29.2958789649,nan,nan,nan,nan,nan,nan,nan
4832,51.3157894737,0.8432855553,nan,0.0000039550,54.0285088634,nan,nan,nan,nan,nan,nan,nan
4833,51.3157894737,0.1817350917,nan,0.0024431192,26.1205534373,nan,nan,nan,nan,nan,nan,nan
4834,51.3157894737,0.5720961144,nan,0.0001514539,38.1971941368,nan,nan,nan,nan,nan,nan,nan
4835,51.3157894737,0.5830629687,nan,0.0001343142,38.7187803381,nan,nan,nan,nan,nan,nan,nan
4836,51.3157894737,0.2314284440,nan,0.0020143832,26.9585791865,nan,nan,nan,nan,nan,nan,nan
4837,51.3157894737,0.6501119196,nan,0.0000613069,42.1249050448,nan,nan,nan,nan,nan,nan,nan
4838,51.3157894737,1.2210349491,nan,0.0000000023,86.2937462490,nan,nan,nan,nan,nan,nan,nan
4839,51.3157894737,1.1556121886,nan,0.0000000103,79.8528776869,nan,nan,nan,nan,nan,nan,nan
4840,51.3157894737,0.4536011285,nan,0.0004788420,33.1980776675,nan,nan,nan,nan,nan,nan,nan
4841,51.3157894737,0.7823625460,nan,0.0000101413,49.9390571769,nan,nan,nan,nan,nan,nan,nan
4842,51.3157894737,0.4502040818,nan,0.0004929546,33.0719304075,nan,nan,nan,nan,nan,nan,nan
4843,51.3157894737,1.1414513123,nan,0.0000000141,78.5058127583,nan,nan,nan,nan,nan,nan,nan
4844,51.3157894737,0.5482637581,nan,0.0001950675,37.0981511068,nan,nan,nan,nan,nan,nan,nan
4845,51.3157894737,0.6157384318,nan,0.0000926392,40.3320528808,nan,nan,nan,nan,nan,nan,nan
4846,51.3157894737,0.2236784847,nan,0.0020823313,26.8145017042,nan,nan,nan,nan,nan,nan,nan
4847,51.3157894737,0.1887397494,nan,0.0023843089,26.2263748811,nan,nan,nan,nan,nan,nan,nan
4848,51.3157894737,0.4941959843,nan,0.0003326935,34.7795566576,nan,nan,nan,nan,nan,nan,nan
4849,51.3157894737,0.4284332862,nan,0.0005907198,32.2861844862,nan,nan,nan,nan,nan,nan,nan
4850,51.3157894737,0.4720275193,nan,0.0004074746,33.8989942642,nan,nan,nan,nan,nan,nan,nan
4851,51.3157894737,0.9548939135,nan,0.0000005858,62.3224073321,nan,nan,nan,nan,nan,nan,nan
4852,51.3157894737,0.6216860734,nan,0.0000863924,40.6352452045,nan,nan,nan,nan,nan,nan,nan
4853,51.3157894737,0.5344424830,nan,0.0002247825,36.4823744070,nan,nan,nan,nan,nan,nan,nan
4854,51.3157894737,0.3981547530,nan,0.0007484029,31.2586452565,nan,nan,nan,nan,nan,nan,nan
4855,51.3157894737,0.7873233632,nan,0.0000094178,50.2604925942,nan,nan,nan,nan,nan,nan,nan
4856,51.3157894737,1.0814675854,nan,0.0000000503,72.9855156422,nan,nan,nan,nan,nan,nan,nan
4857,51.3157894737,0.8710870967,nan,0.0000025134,55.9974179215,nan,nan,nan,nan,nan,nan,nan
4858,51.3157894737,0.5672867774,nan,0.0001595287,37.9716110128,nan,nan,nan,nan,nan,nan,nan
4859,51.3157894737,0.4132360480,nan,0.0006666597,31.7609582875,nan,nan,nan,nan,nan,nan,nan
4860,51.3157894737,1.0838084332,nan,0.0000000479,73.1953105544,nan,nan,nan,nan,nan,nan,nan
4861,51.3157894737,0.8014132134,nan,0.0000076127,51.1846167850,nan,nan,nan,nan,nan,nan,nan
4862,51.3157894737,0.5945664350,nan,0.0001181239,39.2766211802,nan,nan,nan,nan,nan,nan,nan
4863,51.3157894737,0.9865657911,nan,0.0000003262,64.8651965005,nan,nan,nan,nan,nan,nan,nan
4864,51.3157894737,0.6532604192,nan,0.0000589653,42.2940337893,nan,nan,nan,nan,nan,nan,nan
4865,51.3157894737,0.4921346559,nan,0.0003391596,34.6959594246,nan,nan,nan,nan,nan,nan,nan
4866,51.3157894737,1.0082381822,nan,0.0000002161,66.6533904495,nan,nan,nan,nan,nan,nan,nan
4867,51.3157894737,0.3539334335,nan,0.0010246408,29.8942835393,nan,nan,nan,nan,nan,nan,nan
4868,51.3157894737,0.1420749428,nan,0.0027558463,25.5974500178,nan,nan,nan,nan,nan,nan,nan
4869,51.3157894737,0.1876668214,nan,0.0023933686,26.2099041117,nan,nan,nan,nan,nan,nan,nan
4870,51.3157894737,0.6860355152,nan,0.0000388726,44.1035645774,nan,nan,nan,nan,nan,nan,nan
4871,51.3157894737,0.9310754424,nan,0.0000008984,60.4652437189,nan,nan,nan,nan,nan,nan,nan
4872,51.3157894737,0.4777596351,nan,0.0003870102,34.1227761246,nan,nan,nan,nan,nan,nan,nan
4873,51.3157894737,0.4383437572,nan,0.0005446278,32.6390016283,nan,nan,nan,nan,nan,nan,nan
4874,51.3157894737,1.0663924304,nan,0.0000000685,71.6453865225,nan,nan,nan,nan,nan,nan,nan
4875,51.3157894737,0.5690070481,nan,0.0001566001,38.0520801146,nan,nan,nan,nan,nan,nan,nan
4876,51.3157894737,0.8583600046,nan,0.0000030988,55.0880910456,nan,nan,nan,nan,nan,nan,nan
4877,51.3157894737,0.0628171783,nan,0.0032074464,24.9384059135,nan,nan,nan,nan,nan,nan,nan
4878,51.3157894737,0.4552635226,nan,0.0004720459,33.2601581600,nan,nan,nan,nan,nan,nan,nan
4879,51.3157894737,0.5545276016,nan,0.0001827072,37.3824440929,nan,nan,nan,nan,nan,nan,nan
4880,51.3157894737,0.4968053368,nan,0.0003246471,34.8858843832,nan,nan,nan,nan,nan,nan,nan
4881,51.3157894737,0.7525640041,nan,0.0000156625,48.0513771300,nan,nan,nan,nan,nan,nan,nan
4882,51.3157894737,0.9466437806,nan,0.0000006802,61.6737764438,nan,nan,nan,nan,nan,nan,nan
4883,51.3157894737,0.5749887106,nan,0.0001467643,38.3337969869,nan,nan,nan,nan,nan,nan,nan
4884,51.3157894737,0.2696580516,nan,0.0016819990,27.7417427652,nan,nan,nan,nan,nan,nan,nan
4885,51.3157894737,0.7903891379,nan,0.0000089946,50.4601634012,nan,nan,nan,nan,nan,nan,nan
4886,51.3157894737,1.3245694980,nan,0.0000000002,97.2176968678,nan,nan,nan,nan,nan,nan,nan
4887,51.3157894737,0.4686013462,nan,0.0004200938,33.7665370382,nan,nan,nan,nan,nan,nan,nan
4888,51.3157894737,0.5638460896,nan,0.0001655235,37.8114031187,nan,nan,nan,nan,nan,nan,nan
4889,51.3157894737,1.4727401763,nan,0.0000000000,114.4107556716,nan,nan,nan,nan,nan,nan,nan
4890,51.3157894737,0.8244027698,nan,0.0000053359,52.7279468278,nan,nan,nan,nan,nan,nan,nan
4891,51.3157894737,1.1086917696,nan,0.0000000285,75.4537200685,nan,nan,nan,nan,nan,nan,nan
4892,51.3157894737,1.8876646546,nan,0.0000000000,172.3392039002,nan,nan,nan,nan,nan,nan,nan
4893,51.3157894737,0.5584523639,nan,0.0001752978,37.5622344301,nan,nan,nan,nan,nan,nan,nan
4894,51.3157894737,0.2866586723,nan,0.0015386010,28.1287397886,nan,nan,nan,nan,nan,nan,nan
4895,51.3157894737,0.6775498181,nan,0.0000433861,43.6264958728,nan,nan,nan,nan,nan,nan,nan
4896,51.3157894737,0.9969154083,nan,0.0000002683,65.7142576982,nan,nan,nan,nan,nan,nan,nan
4897,51.3157894737,1.3140557166,nan,0.0000000002,96.0675034142,nan,nan,nan,nan,nan,nan,nan
4898,51.3157894737,0.2291398903,nan,0.0020344553,26.9155183908,nan,nan,nan,nan,nan,nan,nan
4899,51.3157894737,0.6308314276,nan,0.0000774965,41.1071816940,nan,nan,nan,nan,nan,nan,nan
4900,51.3157894737,0.1827466518,nan,0.0024346772,26.1355860829,nan,nan,nan,nan,nan,nan,nan
4901,51.3157894737,0.3755550968,nan,0.0008828435,30.5411625286,nan,nan,nan,nan,nan,nan,nan
4902,51.3157894737,0.6820098489,nan,0.0000409591,43.8764937582,nan,nan,nan,nan,nan,nan,nan
4903,51.3157894737,0.8278618507,nan,0.0000050536,52.9639708795,nan,nan,nan,nan,nan,nan,nan
4904,51.3157894737,0.9052454660,nan,0.0000014110,58.5047008707,nan,nan,nan,nan,nan,nan,nan
4905,51.3157894737,0.4127844165,nan,0.0006690149,31.7456422609,nan,nan,nan,nan,nan,nan,nan
4906,51.3157894737,0.4712308811,nan,0.0004103827,33.8681090892,nan,nan,nan,nan,nan,nan,nan
4907,51.3157894737,0.6375469550,nan,0.0000714800,41.4581552160,nan,nan,nan,nan,nan,nan,nan
4908,51.3157894737,1.4951699468,nan,0.0000000000,117.1735052061,nan,nan,nan,nan,nan,nan,nan
4909,51.3157894737,1.3060130528,nan,0.0000000003,95.1938866948,nan,nan,nan,nan,nan,nan,nan
4910,51.3157894737,0.8493827873,nan,0.0000035853,54.4548028616,nan,nan,nan,nan,nan,nan,nan
4911,51.3157894737,0.4980865037,nan,0.0003207527,34.9382969541,nan,nan,nan,nan,nan,nan,nan
4912,51.3157894737,0.3410707241,nan,0.0011148597,29.5277976578,nan,nan,nan,nan,nan,nan,nan
4913,51.3157894737,0.6325714267,nan,0.0000758969,41.1977595094,nan,nan,nan,nan,nan,nan,nan
4914,51.3157894737,0.7084570432,nan,0.0000288873,45.3929266644,nan,nan,nan,nan,nan,nan,nan
4915,51.3157894737,0.3582283767,nan,0.0009954736,30.0197023938,nan,nan,nan,nan,nan,nan,nan
4916,51.3157894737,0.8231173617,nan,0.0000054444,52.6404933344,nan,nan,nan,nan,nan,nan,nan
4917,51.3157894737,0.2225594302,nan,0.0020921333,26.7941064777,nan,nan,nan,nan,nan,nan,nan
4918,51.3157894737,1.3293130548,nan,0.0000000002,97.7396616585,nan,nan,nan,nan,nan,nan,nan
4919,51.3157894737,0.1427955813,nan,0.0027505511,25.6058027452,nan,nan,nan,nan,nan,nan,nan
4920,51.3157894737,1.0447820442,nan,0.0000001057,69.7573850143,nan,nan,nan,nan,nan,nan,nan
4921,51.3157894737,0.1749581442,nan,0.0024991871,26.0220122273,nan,nan,nan,nan,nan,nan,nan
4922,51.3157894737,1.0064064574,nan,0.0000002238,66.5007384525,nan,nan,nan,nan,nan,nan,nan
4923,51.3157894737,0.3952168888,nan,0.0007650706,31.1629850140,nan,nan,nan,nan,nan,nan,nan
4924,51.3157894737,0.5849848252,nan,0.0001314858,38.8112127855,nan,nan,nan,nan,nan,nan,nan
4925,51.3157894737,0.5361255639,nan,0.0002209778,36.5565126528,nan,nan,nan,nan,nan,nan,nan
4926,51.3157894737,1.0140942268,nan,0.0000001931,67.1432986760,nan,nan,nan,nan,nan,nan,nan
4927,51.3157894737,0.5073630425,nan,0.0002936390,35.3218619468,nan,nan,nan,nan,nan,nan,nan
4928,51.3157894737,0.4649336632,nan,0.0004339282,33.6258213029,nan,nan,nan,nan,nan,nan,nan
4929,51.3157894737,0.1006020017,nan,0.0030279696,25.1884848240,nan,nan,nan,nan,nan,nan,nan
4930,51.3157894737,0.6495430722,nan,0.0000617385,42.0944360110,nan,nan,nan,nan,nan,nan,nan
4931,51.3157894737,0.5052272709,nan,0.0002997147,35.2329198820,nan,nan,nan,nan,nan,nan,nan
4932,51.3157894737,0.7094498803,nan,0.0000285037,45.4509870857,nan,nan,nan,nan,nan,nan,nan
4933,51.3157894737,0.5464706777,nan,0.0001987298,37.0173693122,nan,nan,nan,nan,nan,nan,nan
4934,51.3157894737,1.0284614902,nan,0.0000001460,68.3573647531,nan,nan,nan,nan,nan,nan,nan
4935,51.3157894737,0.5700692482,nan,0.0001548143,38.1018893503,nan,nan,nan,nan,nan,nan,nan
4936,51.3157894737,0.3890481385,nan,0.0008008574,30.9644483217,nan,nan,nan,nan,nan,nan,nan
4937,51.3157894737,1.2647915087,nan,0.0000000008,90.8011808048,nan,nan,nan,nan,nan,nan,nan
4938,51.3157894737,0.0226180078,nan,0.0033112825,24.8000376662,nan,nan,nan,nan,nan,nan,nan
4939,51.3157894737,0.8565674937,nan,0.0000031907,54.9611037890,nan,nan,nan,nan,nan,nan,nan
4940,51.3157894737,1.1682356024,nan,0.0000000078,81.0678110167,nan,nan,nan,nan,nan,nan,nan
4941,51.3157894737,0.4154222786,nan,0.0006553393,31.8353379644,nan,nan,nan,nan,nan,nan,nan
4942,51.3157894737,0.9059189631,nan,0.0000013947,58.5551143443,nan,nan,nan,nan,nan,nan,nan
4943,51.3157894737,0.9203784909,nan,0.0000010848,59.6465778019,nan,nan,nan,nan,nan,nan,nan
4944,51.3157894737,0.5778804614,nan,0.0001421984,38.4710543895,nan,nan,nan,nan,nan,nan,nan
4945,51.3157894737,0.2537272436,nan,0.0018193902,27.4007414453,nan,nan,nan,nan,nan,nan,nan
4946,51.3157894737,0.3964099733,nan,0.0007582725,31.2017470620,nan,nan,nan,nan,nan,nan,nan
4947,51.3157894737,0.3269510251,nan,0.0012186401,29.1412454625,nan,nan,nan,nan,nan,nan,nan
4948,51.3157894737,0.9865997339,nan,0.0000003260,64.8679664970,nan,nan,nan,nan,nan,nan,nan
4949,51.3157894737,1.4711211184,nan,0.0000000000,114.2129604670,nan,nan,nan,nan,nan,nan,nan
4950,51.3157894737,0.6120907892,nan,0.0000966593,40.1475613791,nan,nan,nan,nan,nan,nan,nan
4951,51.3157894737,1.0045882040,nan,0.0000002318,66.3494859738,nan,nan,nan,nan,nan,nan,nan
4952,51.3157894737,0.1140763741,nan,0.0029472027,25.3058999942,nan,nan,nan,nan,nan,nan,nan
4953,51.3157894737,1.2209017134,nan,0.0000000024,86.2802657825,nan,nan,nan,nan,nan,nan,nan
4954,51.3157894737,0.6598172944,nan,0.0000543388,42.6488961020,nan,nan,nan,nan,nan,nan,nan
4955,51.3157894737,0.8114968570,nan,0.0000065221,51.8561308530,nan,nan,nan,nan,nan,nan,nan
4956,51.3157894737,0.2346639652,nan,0.0019860061,27.0201942535,nan,nan,nan,nan,nan,nan,nan
4957,51.3157894737,0.4825127879,nan,0.0003706461,34.3104052079,nan,nan,nan,nan,nan,nan,nan
4958,51.3157894737,0.4089391651,nan,0.0006892990,31.6159235950,nan,nan,nan,nan,nan,nan,nan
4959,51.3157894737,0.5923252445,nan,0.0001211413,39.1670764472,nan,nan,nan,nan,nan,nan,nan
4960,51.3157894737,0.7986466415,nan,0.0000079399,51.0018588375,nan,nan,nan,nan,nan,nan,nan
4961,51.3157894737,0.6897978823,nan,0.0000370084,44.3170021624,nan,nan,nan,nan,nan,nan,nan
4962,51.3157894737,1.5100126167,nan,0.0000000000,119.0248811804,nan,nan,nan,nan,nan,nan,nan
4963,51.3157894737,0.2963734718,nan,0.0014586141,28.3605960576,nan,nan,nan,nan,nan,nan,nan
4964,51.3157894737,0.5484092313,nan,0.0001947728,37.1047166653,nan,nan,nan,nan,nan,nan,nan
4965,51.3157894737,0.9346988256,nan,0.0000008424,60.7447138544,nan,nan,nan,nan,nan,nan,nan
4966,51.3157894737,0.4556520197,nan,0.0004704680,33.2746992232,nan,nan,nan,nan,nan,nan,nan
4967,51.3157894737,0.3360321909,nan,0.0011513390,29.3879676964,nan,nan,nan,nan,nan,nan,nan
4968,51.3157894737,0.8672279434,nan,0.0000026790,55.7202628595,nan,nan,nan,nan,nan,nan,nan
4969,51.3157894737,0.0871043638,nan,0.0031004442,25.0857607903,nan,nan,nan,nan,nan,nan,nan
4970,51.3157894737,0.3037638093,nan,0.0013988801,28.5421950529,nan,nan,nan,nan,nan,nan,nan
4971,51.3157894737,0.9989597753,nan,0.0000002580,65.8830302080,nan,nan,nan,nan,nan,nan,nan
4972,51.3157894737,1.1935122943,nan,0.0000000044,83.5405664044,nan,nan,nan,nan,nan,nan,nan
4973,51.3157894737,0.1486478066,nan,0.0027069405,25.6752128304,nan,nan,nan,nan,nan,nan,nan
4974,51.3157894737,0.4553000215,nan,0.0004718974,33.2615237458,nan,nan,nan,nan,nan,nan,nan
4975,51.3157894737,0.2987043276,nan,0.0014396655,28.4173840537,nan,nan,nan,nan,nan,nan,nan
4976,51.3157894737,0.2270841726,nan,0.0020524820,26.8772064869,nan,nan,nan,nan,nan,nan,nan
4977,51.3157894737,1.0403529051,nan,0.0000001155,69.3752440931,nan,nan,nan,nan,nan,nan,nan
4978,51.3157894737,0.6096688824,nan,0.0000994105,40.0256761304,nan,nan,nan,nan,nan,nan,nan
4979,51.3157894737,1.0590019314,nan,0.0000000795,70.9953263628,nan,nan,nan,nan,nan,nan,nan
4980,51.3157894737,0.3998397220,nan,0.0007389529,31.3138321834,nan,nan,nan,nan,nan,nan,nan
4981,51.3157894737,0.4996239662,nan,0.0003161277,35.0013742933,nan,nan,nan,nan,nan,nan,nan
4982,51.3157894737,1.1615690831,nan,0.0000000091,80.4245370361,nan,nan,nan,nan,nan,nan,nan
4983,51.3157894737,1.2714894446,nan,0.0000000007,91.5052695077,nan,nan,nan,nan,nan,nan,nan
4984,51.3157894737,0.5524120855,nan,0.0001868072,37.2860643099,nan,nan,nan,nan,nan,nan,nan
4985,51.3157894737,0.9667511261,nan,0.0000004716,63.2645705392,nan,nan,nan,nan,nan,nan,nan
4986,51.3157894737,0.3414385009,nan,0.0011122217,29.5380864262,nan,nan,nan,nan,nan,nan,nan
4987,51.3157894737,0.9649733868,nan,0.0000004872,63.1225658074,nan,nan,nan,nan,nan,nan,nan
4988,51.3157894737,0.1504610587,nan,0.0026932153,25.6972893125,nan,nan,nan,nan,nan,nan,nan
4989,51.3157894737,0.7671031991,nan,0.0000126965,48.9631733259,nan,nan,nan,nan,nan,nan,nan
4990,51.3157894737,0.2351323624,nan,0.0019818987,27.0291855749,nan,nan,nan,nan,nan,nan,nan
4991,51.3157894737,0.5165782825,nan,0.0002685369,35.7099598804,nan,nan,nan,nan,nan,nan,nan
4992,51.3157894737,0.3252211671,nan,0.0012316802,29.0950205152,nan,nan,nan,nan,nan,nan,nan
4993,51.3157894737,0.3593361015,nan,0.0009880304,30.0522971123,nan,nan,nan,nan,nan,nan,nan
4994,51.3157894737,0.5409339193,nan,0.0002103967,36.7696116798,nan,nan,nan,nan,nan,nan,nan
4995,51.3157894737,0.3448522838,nan,0.0010878969,29.6341226233,nan,nan,nan,nan,nan,nan,nan
4996,51.3157894737,0.4861539797,nan,0.0003584753,34.4554071514,nan,nan,nan,nan,nan,nan,nan
4997,51.3157894737,0.1365759232,nan,0.0027956863,25.5351155548,nan,nan,nan,nan,nan,nan,nan
4998,51.3157894737,0.8646728570,nan,0.0000027942,55.5374455358,nan,nan,nan,nan,nan,nan,nan
4999,51.3157894737,0.7034611292,nan,0.0000308886,45.1020134804,nan,nan,nan,nan,nan,nan,nan
0,54.2105263158,0.6195581986,nan,0.0000836815,40.7737039920,nan,nan,nan,nan,nan,nan,nan
1,54.2105263158,0.4185966455,nan,0.0005133650,32.8957372658,nan,nan,nan,nan,nan,nan,nan
2,54.2105263158,0.8877070284,nan,0.0000024713,56.0707264728,nan,nan,nan,nan,nan,nan,nan
3,54.2105263158,0.4443142089,nan,0.0004233771,33.7327264686,nan,nan,nan,nan,nan,nan,nan
4,54.2105263158,0.6796659345,nan,0.0000423979,43.7265585440,nan,nan,nan,nan,nan,nan,nan
5,54.2105263158,0.5386397945,nan,0.0001891249,37.2325136465,nan,nan,nan,nan,nan,nan,nan
6,54.2105263158,0.8408587163,nan,0.0000050081,53.0032842544,nan,nan,nan,nan,nan,nan,nan
7,54.2105263158,0.8317546761,nan,0.0000057193,52.4266010894,nan,nan,nan,nan,nan,nan,nan
8,54.2105263158,0.2649366793,nan,0.0012764697,28.9398947960,nan,nan,nan,nan,nan,nan,nan
9,54.2105263158,1.5170527113,nan,0.0000000000,113.5191607240,nan,nan,nan,nan,nan,nan,nan
10,54.2105263158,0.5329515542,nan,0.0001994202,37.0023087200,nan,nan,nan,nan,nan,nan,nan
11,54.2105263158,0.3846112187,nan,0.0006506313,31.8666506129,nan,nan,nan,nan,nan,nan,nan
12,54.2105263158,0.9731259542,nan,0.0000006174,62.0943440268,nan,nan,nan,nan,nan,nan,nan
13,54.2105263158,1.1427428326,nan,0.0000000269,75.7057136094,nan,nan,nan,nan,nan,nan,nan
14,54.2105263158,0.8834435206,nan,0.0000026396,55.7846485448,nan,nan,nan,nan,nan,nan,nan
15,54.2105263158,0.9925263981,nan,0.0000004426,63.5399870291,nan,nan,nan,nan,nan,nan,nan
16,54.2105263158,0.2247319259,nan,0.0015135668,28.1999840796,nan,nan,nan,nan,nan,nan,nan
17,54.2105263158,0.3824902622,nan,0.0006598828,31.8053321776,nan,nan,nan,nan,nan,nan,nan
18,54.2105263158,1.1380894660,nan,0.0000000295,75.3029927823,nan,nan,nan,nan,nan,nan,nan
19,54.2105263158,0.8265098517,nan,0.0000061699,52.0972424451,nan,nan,nan,nan,nan,nan,nan
20,54.2105263158,0.6837267375,nan,0.0000404021,43.9359647070,nan,nan,nan,nan,nan,nan,nan
21,54.2105263158,1.0160194635,nan,0.0000002932,65.3290363889,nan,nan,nan,nan,nan,nan,nan
22,54.2105263158,1.7141265146,nan,0.0000000000,137.7335701298,nan,nan,nan,nan,nan,nan,nan
23,54.2105263158,0.2674040161,nan,0.0012620353,28.9892848974,nan,nan,nan,nan,nan,nan,nan
24,54.2105263158,0.1626907638,nan,0.0018629832,27.2979105627,nan,nan,nan,nan,nan,nan,nan
25,54.2105263158,0.6310004116,nan,0.0000738817,41.3146299931,nan,nan,nan,nan,nan,nan,nan
26,54.2105263158,1.2090230315,nan,0.0000000069,81.6213879736,nan,nan,nan,nan,nan,nan,nan
27,54.2105263158,0.4031851464,nan,0.0005730315,32.4182149947,nan,nan,nan,nan,nan,nan,nan
28,54.2105263158,0.2056544732,nan,0.0016249332,27.8916449782,nan,nan,nan,nan,nan,nan,nan
29,54.2105263158,0.7712872758,nan,0.0000133148,48.7566536681,nan,nan,nan,nan,nan,nan,nan
30,54.2105263158,0.3677663935,nan,0.0007262633,31.3890588260,nan,nan,nan,nan,nan,nan,nan
31,54.2105263158,0.2203956724,nan,0.0015390460,28.1274839496,nan,nan,nan,nan,nan,nan,nan
32,54.2105263158,0.8745708002,nan,0.0000030243,55.1937390666,nan,nan,nan,nan,nan,nan,nan
33,54.2105263158,0.7251444987,nan,0.0000243026,46.1434780015,nan,nan,nan,nan,nan,nan,nan
34,54.2105263158,0.9203301860,nan,0.0000014772,58.3055892714,nan,nan,nan,nan,nan,nan,nan
35,54.2105263158,0.0831856859,nan,0.0022048207,26.5662672773,nan,nan,nan,nan,nan,nan,nan
36,54.2105263158,0.8022887383,nan,0.0000087028,50.6034248761,nan,nan,nan,nan,nan,nan,nan
37,54.2105263158,0.7560718819,nan,0.0000163040,47.8770499056,nan,nan,nan,nan,nan,nan,nan
38,54.2105263158,1.6090892453,nan,0.0000000000,124.4577804072,nan,nan,nan,nan,nan,nan,nan
39,54.2105263158,1.2696548285,nan,0.0000000019,87.3268191857,nan,nan,nan,nan,nan,nan,nan
40,54.2105263158,1.4982548612,nan,0.0000000000,111.3647142744,nan,nan,nan,nan,nan,nan,nan
41,54.2105263158,0.8570283336,nan,0.0000039418,54.0431003107,nan,nan,nan,nan,nan,nan,nan
42,54.2105263158,0.5212331270,nan,0.0002220337,36.5358111236,nan,nan,nan,nan,nan,nan,nan
43,54.2105263158,0.7372039684,nan,0.0000208411,46.8107832510,nan,nan,nan,nan,nan,nan,nan
44,54.2105263158,1.3240683901,nan,0.0000000005,92.6862780347,nan,nan,nan,nan,nan,nan,nan
45,54.2105263158,1.2121446920,nan,0.0000000064,81.9082776662,nan,nan,nan,nan,nan,nan,nan
46,54.2105263158,0.4118701847,nan,0.0005388771,32.6851028446,nan,nan,nan,nan,nan,nan,nan
47,54.2105263158,0.6174207083,nan,0.0000856296,40.6737590610,nan,nan,nan,nan,nan,nan,nan
48,54.2105263158,0.9448101041,nan,0.0000009918,60.0358944592,nan,nan,nan,nan,nan,nan,nan
49,54.2105263158,1.1938007456,nan,0.0000000095,80.2330803225,nan,nan,nan,nan,nan,nan,nan
50,54.2105263158,0.5359462561,nan,0.0001939457,37.1231987463,nan,nan,nan,nan,nan,nan,nan
51,54.2105263158,0.8779234949,nan,0.0000028732,55.4163179121,nan,nan,nan,nan,nan,nan,nan
52,54.2105263158,0.9327622387,nan,0.0000012082,59.1786081730,nan,nan,nan,nan,nan,nan,nan
53,54.2105263158,0.5063387712,nan,0.0002536329,35.9579433864,nan,nan,nan,nan,nan,nan,nan
54,54.2105263158,0.5693640985,nan,0.0001406548,38.5184551687,nan,nan,nan,nan,nan,nan,nan
55,54.2105263158,0.7433385206,nan,0.0000192554,47.1544856035,nan,nan,nan,nan,nan,nan,nan
56,54.2105263158,0.3672419277,nan,0.0007286963,31.3745343405,nan,nan,nan,nan,nan,nan,nan
57,54.2105263158,0.5375492359,nan,0.0001910650,37.1881878487,nan,nan,nan,nan,nan,nan,nan
58,54.2105263158,1.3699014925,nan,0.0000000002,97.3761856684,nan,nan,nan,nan,nan,nan,nan
59,54.2105263158,0.2742319854,nan,0.0012222595,29.1283658367,nan,nan,nan,nan,nan,nan,nan
60,54.2105263158,1.3229044463,nan,0.0000000006,92.5692671559,nan,nan,nan,nan,nan,nan,nan
61,54.2105263158,1.2484768755,nan,0.0000000029,85.3020631984,nan,nan,nan,nan,nan,nan,nan
62,54.2105263158,0.2886023589,nan,0.0011395650,29.4326090368,nan,nan,nan,nan,nan,nan,nan
63,54.2105263158,0.9540733189,nan,0.0000008506,60.7025623618,nan,nan,nan,nan,nan,nan,nan
64,54.2105263158,0.7030230878,nan,0.0000320023,44.9481866353,nan,nan,nan,nan,nan,nan,nan
65,54.2105263158,1.4129344038,nan,0.0000000001,101.9257318151,nan,nan,nan,nan,nan,nan,nan
66,54.2105263158,0.6055893077,nan,0.0000971218,40.1268313622,nan,nan,nan,nan,nan,nan,nan
67,54.2105263158,0.6881047228,nan,0.0000383431,44.1631332859,nan,nan,nan,nan,nan,nan,nan
68,54.2105263158,0.3843489137,nan,0.0006517711,31.8590486928,nan,nan,nan,nan,nan,nan,nan
69,54.2105263158,1.1835958337,nan,0.0000000117,79.3122785748,nan,nan,nan,nan,nan,nan,nan
70,54.2105263158,0.4548677203,nan,0.0003898770,34.0907233908,nan,nan,nan,nan,nan,nan,nan
71,54.2105263158,0.6232370859,nan,0.0000804167,40.9465355466,nan,nan,nan,nan,nan,nan,nan
72,54.2105263158,1.1473296235,nan,0.0000000245,76.1042908836,nan,nan,nan,nan,nan,nan,nan
73,54.2105263158,0.1377321986,nan,0.0019874874,27.0169562385,nan,nan,nan,nan,nan,nan,nan
74,54.2105263158,0.2726964061,nan,0.0012311814,29.0967796370,nan,nan,nan,nan,nan,nan,nan
75,54.2105263158,0.9882942514,nan,0.0000004762,63.2221758055,nan,nan,nan,nan,nan,nan,nan
76,54.2105263158,1.2320573747,nan,0.0000000042,83.7558303681,nan,nan,nan,nan,nan,nan,nan
77,54.2105263158,0.7121819016,nan,0.0000285855,45.4385473895,nan,nan,nan,nan,nan,nan,nan
78,54.2105263158,1.3364987774,nan,0.0000000004,93.9423584282,nan,nan,nan,nan,nan,nan,nan
79,54.2105263158,0.5426730327,nan,0.0001820862,37.3972301257,nan,nan,nan,nan,nan,nan,nan
80,54.2105263158,0.5136840056,nan,0.0002376394,36.2408154703,nan,nan,nan,nan,nan,nan,nan
81,54.2105263158,0.5028122707,nan,0.0002616019,35.8235908741,nan,nan,nan,nan,nan,nan,nan
82,54.2105263158,0.9017484226,nan,0.0000019849,57.0226907855,nan,nan,nan,nan,nan,nan,nan
83,54.2105263158,0.5010355994,nan,0.0002656892,35.7562612123,nan,nan,nan,nan,nan,nan,nan
84,54.2105263158,0.1248132681,nan,0.0020464577,26.8899722969,nan,nan,nan,nan,nan,nan,nan
85,54.2105263158,0.2862621391,nan,0.0011529229,29.3819973183,nan,nan,nan,nan,nan,nan,nan
86,54.2105263158,0.1158682967,nan,0.0020847717,26.8094150375,nan,nan,nan,nan,nan,nan,nan
87,54.2105263158,0.4243299170,nan,0.0004922683,33.0779810880,nan,nan,nan,nan,nan,nan,nan
88,54.2105263158,1.2585234943,nan,0.0000000024,86.2583157963,nan,nan,nan,nan,nan,nan,nan
89,54.2105263158,0.7139007694,nan,0.0000279815,45.5312869246,nan,nan,nan,nan,nan,nan,nan
90,54.2105263158,1.3717426125,nan,0.0000000002,97.5679344541,nan,nan,nan,nan,nan,nan,nan
91,54.2105263158,0.5248124388,nan,0.0002149219,36.6771926226,nan,nan,nan,nan,nan,nan,nan
92,54.2105263158,1.0074922598,nan,0.0000003408,64.6748022561,nan,nan,nan,nan,nan,nan,nan
93,54.2105263158,0.3886031946,nan,0.0006334339,31.9829870459,nan,nan,nan,nan,nan,nan,nan
94,54.2105263158,0.3599518469,nan,0.0007629914,31.1748035467,nan,nan,nan,nan,nan,nan,nan
95,54.2105263158,0.7205904307,nan,0.0000257374,45.8943613133,nan,nan,nan,nan,nan,nan,nan
96,54.2105263158,0.4971283763,nan,0.0002748505,35.6090346207,nan,nan,nan,nan,nan,nan,nan
97,54.2105263158,0.3366703190,nan,0.0008782288,30.5639234129,nan,nan,nan,nan,nan,nan,nan
98,54.2105263158,1.0457247263,nan,0.0000001717,67.6514499082,nan,nan,nan,nan,nan,nan,nan
99,54.2105263158,0.0458837105,nan,0.0022978435,26.3867955841,nan,nan,nan,nan,nan,nan,nan
100,54.2105263158,0.4540721733,nan,0.0003923339,34.0634421080,nan,nan,nan,nan,nan,nan,nan
101,54.2105263158,1.1775993947,nan,0.0000000133,78.7749225560,nan,nan,nan,nan,nan,nan,nan
102,54.2105263158,0.5559829740,nan,0.0001603401,37.9495779371,nan,nan,nan,nan,nan,nan,nan
103,54.2105263158,1.2374844787,nan,0.0000000037,84.2646246947,nan,nan,nan,nan,nan,nan,nan
104,54.2105263158,0.3325518021,nan,0.0008994697,30.4601347943,nan,nan,nan,nan,nan,nan,nan
105,54.2105263158,0.5970476852,nan,0.0001062038,39.7385975264,nan,nan,nan,nan,nan,nan,nan
106,54.2105263158,0.0805147115,nan,0.0022131224,26.5499456676,nan,nan,nan,nan,nan,nan,nan
107,54.2105263158,0.6452060698,nan,0.0000630949,42.0000563882,nan,nan,nan,nan,nan,nan,nan
108,54.2105263158,0.4435834015,nan,0.0004257700,33.7082490013,nan,nan,nan,nan,nan,nan,nan
109,54.2105263158,0.5598595453,nan,0.0001544193,38.1129836422,nan,nan,nan,nan,nan,nan,nan
110,54.2105263158,0.2287341966,nan,0.0014899917,28.2681615577,nan,nan,nan,nan,nan,nan,nan
111,54.2105263158,1.1871829612,nan,0.0000000109,79.6350429326,nan,nan,nan,nan,nan,nan,nan
112,54.2105263158,0.4551106310,nan,0.0003891291,34.0990629760,nan,nan,nan,nan,nan,nan,nan
113,54.2105263158,0.4297787746,nan,0.0004727705,33.2534962694,nan,nan,nan,nan,nan,nan,nan
114,54.2105263158,0.2766215754,nan,0.0012084053,29.1778736237,nan,nan,nan,nan,nan,nan,nan
115,54.2105263158,0.5565580134,nan,0.0001594504,37.9737449040,nan,nan,nan,nan,nan,nan,nan
116,54.2105263158,0.7925301650,nan,0.0000099673,50.0142057014,nan,nan,nan,nan,nan,nan,nan
117,54.2105263158,0.4665036485,nan,0.0003552025,34.4952398510,nan,nan,nan,nan,nan,nan,nan
118,54.2105263158,1.2921685453,nan,0.0000000011,89.5168641002,nan,nan,nan,nan,nan,nan,nan
119,54.2105263158,0.0787129109,nan,0.0022185856,26.5392380232,nan,nan,nan,nan,nan,nan,nan
120,54.2105263158,0.1827809946,nan,0.0017546078,27.5581993436,nan,nan,nan,nan,nan,nan,nan
121,54.2105263158,0.9476254833,nan,0.0000009467,60.2378232937,nan,nan,nan,nan,nan,nan,nan
122,54.2105263158,0.8502283648,nan,0.0000043618,53.6033880996,nan,nan,nan,nan,nan,nan,nan
123,54.2105263158,1.1395234526,nan,0.0000000287,75.4269194164,nan,nan,nan,nan,nan,nan,nan
124,54.2105263158,0.9865320062,nan,0.0000004909,63.0902437279,nan,nan,nan,nan,nan,nan,nan
125,54.2105263158,0.4553663382,nan,0.0003883429,34.1078467319,nan,nan,nan,nan,nan,nan,nan
126,54.2105263158,0.5020849637,nan,0.0002632692,35.7959994800,nan,nan,nan,nan,nan,nan,nan
127,54.2105263158,0.3801750364,nan,0.0006700718,31.7387867511,nan,nan,nan,nan,nan,nan,nan
128,54.2105263158,0.8701546921,nan,0.0000032345,54.9018699868,nan,nan,nan,nan,nan,nan,nan
129,54.2105263158,0.7602912010,nan,0.0000154198,48.1192022977,nan,nan,nan,nan,nan,nan,nan
130,54.2105263158,1.1163940712,nan,0.0000000452,73.4472113729,nan,nan,nan,nan,nan,nan,nan
131,54.2105263158,0.3631801795,nan,0.0007476950,31.2627550512,nan,nan,nan,nan,nan,nan,nan
132,54.2105263158,0.7527866998,nan,0.0000170237,47.6894477571,nan,nan,nan,nan,nan,nan,nan
133,54.2105263158,1.2135236571,nan,0.0000000063,82.0352456142,nan,nan,nan,nan,nan,nan,nan
134,54.2105263158,0.5327198015,nan,0.0001998489,36.9929817484,nan,nan,nan,nan,nan,nan,nan
135,54.2105263158,1.3016465540,nan,0.0000000009,90.4504325732,nan,nan,nan,nan,nan,nan,nan
136,54.2105263158,0.8580765214,nan,0.0000038804,54.1111936976,nan,nan,nan,nan,nan,nan,nan
137,54.2105263158,0.4256402342,nan,0.0004875305,33.1199824229,nan,nan,nan,nan,nan,nan,nan
138,54.2105263158,1.0543296405,nan,0.0000001467,68.3367771397,nan,nan,nan,nan,nan,nan,nan
139,54.2105263158,0.5386014385,nan,0.0001891928,37.2309531319,nan,nan,nan,nan,nan,nan,nan
140,54.2105263158,0.5149449203,nan,0.0002349748,36.2897867677,nan,nan,nan,nan,nan,nan,nan
141,54.2105263158,0.9563514729,nan,0.0000008189,60.8675224371,nan,nan,nan,nan,nan,nan,nan
142,54.2105263158,0.8443994652,nan,0.0000047541,53.2292743426,nan,nan,nan,nan,nan,nan,nan
143,54.2105263158,0.5850977735,nan,0.0001200947,39.2047616362,nan,nan,nan,nan,nan,nan,nan
144,54.2105263158,1.0324518621,nan,0.0000002185,66.6054303802,nan,nan,nan,nan,nan,nan,nan
145,54.2105263158,0.5229226036,nan,0.0002186541,36.6024235168,nan,nan,nan,nan,nan,nan,nan
146,54.2105263158,1.1453001936,nan,0.0000000255,75.9277418427,nan,nan,nan,nan,nan,nan,nan
147,54.2105263158,0.5395031422,nan,0.0001876001,37.2676685566,nan,nan,nan,nan,nan,nan,nan
148,54.2105263158,0.6889148120,nan,0.0000379723,44.2053278341,nan,nan,nan,nan,nan,nan,nan
149,54.2105263158,1.2238092987,nan,0.0000000050,82.9868766483,nan,nan,nan,nan,nan,nan,nan
150,54.2105263158,0.6699110618,nan,0.0000475483,43.2286513272,nan,nan,nan,nan,nan,nan,nan
151,54.2105263158,0.5583528788,nan,0.0001566990,38.0493387277,nan,nan,nan,nan,nan,nan,nan
152,54.2105263158,0.9756668384,nan,0.0000005913,62.2820464842,nan,nan,nan,nan,nan,nan,nan
153,54.2105263158,0.8568523841,nan,0.0000039521,54.0316783218,nan,nan,nan,nan,nan,nan,nan
154,54.2105263158,0.2817974656,nan,0.0011785309,29.2865902650,nan,nan,nan,nan,nan,nan,nan
155,54.2105263158,0.8454786899,nan,0.0000046791,53.2983464157,nan,nan,nan,nan,nan,nan,nan
156,54.2105263158,0.5286161291,nan,0.0002075628,36.8285040174,nan,nan,nan,nan,nan,nan,nan
157,54.2105263158,0.8218859400,nan,0.0000065938,51.8086139248,nan,nan,nan,nan,nan,nan,nan
158,54.2105263158,0.1847077992,nan,0.0017439081,27.5847640341,nan,nan,nan,nan,nan,nan,nan
159,54.2105263158,0.9286412038,nan,0.0000012918,58.8879098167,nan,nan,nan,nan,nan,nan,nan
160,54.2105263158,0.2363413618,nan,0.0014450784,28.4010858033,nan,nan,nan,nan,nan,nan,nan
161,54.2105263158,0.3569196286,nan,0.0007775146,31.0929145150,nan,nan,nan,nan,nan,nan,nan
162,54.2105263158,0.3220616017,nan,0.0009546446,30.2015828063,nan,nan,nan,nan,nan,nan,nan
163,54.2105263158,1.8074935235,nan,0.0000000000,150.2433741631,nan,nan,nan,nan,nan,nan,nan
164,54.2105263158,0.3952068382,nan,0.0006056075,32.1780878435,nan,nan,nan,nan,nan,nan,nan
165,54.2105263158,0.2967919396,nan,0.0010932037,29.6129889232,nan,nan,nan,nan,nan,nan,nan
166,54.2105263158,0.3127353999,nan,0.0010049117,29.9787208153,nan,nan,nan,nan,nan,nan,nan
167,54.2105263158,0.6702418164,nan,0.0000473651,43.2454150491,nan,nan,nan,nan,nan,nan,nan
168,54.2105263158,0.9689629776,nan,0.0000006625,61.7878773739,nan,nan,nan,nan,nan,nan,nan
169,54.2105263158,0.2026572346,nan,0.0016422142,27.8457019042,nan,nan,nan,nan,nan,nan,nan
170,54.2105263158,0.6031733020,nan,0.0000996218,40.0164562669,nan,nan,nan,nan,nan,nan,nan
171,54.2105263158,1.0789208215,nan,0.0000000928,70.3264627928,nan,nan,nan,nan,nan,nan,nan
172,54.2105263158,0.2329119191,nan,0.0014653388,28.3406195970,nan,nan,nan,nan,nan,nan,nan
173,54.2105263158,0.5559387410,nan,0.0001604087,37.9477200118,nan,nan,nan,nan,nan,nan,nan
174,54.2105263158,0.6644718095,nan,0.0000506505,42.9541665411,nan,nan,nan,nan,nan,nan,nan
175,54.2105263158,0.8662583190,nan,0.0000034312,54.6455856954,nan,nan,nan,nan,nan,nan,nan
176,54.2105263158,0.8581321371,nan,0.0000038772,54.1148089953,nan,nan,nan,nan,nan,nan,nan
177,54.2105263158,0.4214932840,nan,0.0005026317,32.9875010984,nan,nan,nan,nan,nan,nan,nan
178,54.2105263158,0.6163392621,nan,0.0000866298,40.6233251232,nan,nan,nan,nan,nan,nan,nan
179,54.2105263158,0.6484579834,nan,0.0000608258,42.1591217389,nan,nan,nan,nan,nan,nan,nan
180,54.2105263158,0.4427983724,nan,0.0004283512,33.6820006163,nan,nan,nan,nan,nan,nan,nan
181,54.2105263158,0.8831762145,nan,0.0000026505,55.7667586920,nan,nan,nan,nan,nan,nan,nan
182,54.2105263158,0.9571553517,nan,0.0000008080,60.9258254153,nan,nan,nan,nan,nan,nan,nan
183,54.2105263158,0.1161091536,nan,0.0020837685,26.8115052377,nan,nan,nan,nan,nan,nan,nan
184,54.2105263158,0.9378628044,nan,0.0000011117,59.5401963080,nan,nan,nan,nan,nan,nan,nan
185,54.2105263158,0.7489993827,nan,0.0000178888,47.4741909481,nan,nan,nan,nan,nan,nan,nan
186,54.2105263158,0.5755372789,nan,0.0001322669,38.7854869098,nan,nan,nan,nan,nan,nan,nan
187,54.2105263158,0.5641015063,nan,0.0001481460,38.2931003539,nan,nan,nan,nan,nan,nan,nan
188,54.2105263158,0.1594207594,nan,0.0018799979,27.2584264502,nan,nan,nan,nan,nan,nan,nan
189,54.2105263158,0.4142786417,nan,0.0005296479,32.7601274203,nan,nan,nan,nan,nan,nan,nan
190,54.2105263158,0.6057416459,nan,0.0000969660,40.1338058034,nan,nan,nan,nan,nan,nan,nan
191,54.2105263158,0.5407471203,nan,0.0001854205,37.3184220908,nan,nan,nan,nan,nan,nan,nan
192,54.2105263158,0.3393306972,nan,0.0008646394,30.6316495772,nan,nan,nan,nan,nan,nan,nan
193,54.2105263158,0.5233628092,nan,0.0002177802,36.6198154853,nan,nan,nan,nan,nan,nan,nan
194,54.2105263158,1.1209786294,nan,0.0000000413,73.8363707015,nan,nan,nan,nan,nan,nan,nan
195,54.2105263158,0.5345146046,nan,0.0001965477,37.0653208510,nan,nan,nan,nan,nan,nan,nan
196,54.2105263158,0.8392087733,nan,0.0000051306,52.8983021701,nan,nan,nan,nan,nan,nan,nan
197,54.2105263158,0.4715727261,nan,0.0003408256,34.6746784890,nan,nan,nan,nan,nan,nan,nan
198,54.2105263158,0.3431948774,nan,0.0008450888,30.7309767208,nan,nan,nan,nan,nan,nan,nan
199,54.2105263158,1.1108593271,nan,0.0000000504,72.9795337600,nan,nan,nan,nan,nan,nan,nan
200,54.2105263158,0.1655529417,nan,0.0018479353,27.3331323705,nan,nan,nan,nan,nan,nan,nan
201,54.2105263158,0.8762748160,nan,0.0000029466,55.3067582600,nan,nan,nan,nan,nan,nan,nan
202,54.2105263158,1.2746195717,nan,0.0000000017,87.8064408850,nan,nan,nan,nan,nan,nan,nan
203,54.2105263158,0.7750676735,nan,0.0000126534,48.9779339208,nan,nan,nan,nan,nan,nan,nan
204,54.2105263158,0.5296016297,nan,0.0002056891,36.8678867269,nan,nan,nan,nan,nan,nan,nan
205,54.2105263158,0.9478089274,nan,0.0000009438,60.2510015225,nan,nan,nan,nan,nan,nan,nan
206,54.2105263158,0.2222017465,nan,0.0015284428,28.1575079556,nan,nan,nan,nan,nan,nan,nan
207,54.2105263158,0.3644367197,nan,0.0007417881,31.2972014012,nan,nan,nan,nan,nan,nan,nan
208,54.2105263158,1.1970127591,nan,0.0000000089,80.5245500503,nan,nan,nan,nan,nan,nan,nan
209,54.2105263158,0.1496854391,nan,0.0019294561,27.1456508713,nan,nan,nan,nan,nan,nan,nan
210,54.2105263158,0.3297393895,nan,0.0009141134,30.3899991909,nan,nan,nan,nan,nan,nan,nan
211,54.2105263158,0.5023931420,nan,0.0002625617,35.8076857411,nan,nan,nan,nan,nan,nan,nan
212,54.2105263158,0.7094746862,nan,0.0000295601,45.2929388392,nan,nan,nan,nan,nan,nan,nan
213,54.2105263158,0.2929068053,nan,0.0011151201,29.5267836426,nan,nan,nan,nan,nan,nan,nan
214,54.2105263158,0.2653488714,nan,0.0012740563,28.9481138305,nan,nan,nan,nan,nan,nan,nan
215,54.2105263158,0.8863057692,nan,0.0000025255,55.9765502269,nan,nan,nan,nan,nan,nan,nan
216,54.2105263158,1.1799243261,nan,0.0000000126,78.9829395500,nan,nan,nan,nan,nan,nan,nan
217,54.2105263158,0.4013073870,nan,0.0005805953,32.3612646015,nan,nan,nan,nan,nan,nan,nan
218,54.2105263158,0.2207441389,nan,0.0015370013,28.1332576278,nan,nan,nan,nan,nan,nan,nan
219,54.2105263158,0.5350362715,nan,0.0001955964,37.0863924316,nan,nan,nan,nan,nan,nan,nan
220,54.2105263158,0.5889400239,nan,0.0001154723,39.3752211745,nan,nan,nan,nan,nan,nan,nan
221,54.2105263158,0.8607509058,nan,0.0000037279,54.2853090568,nan,nan,nan,nan,nan,nan,nan
222,54.2105263158,1.3256637704,nan,0.0000000005,92.8468293042,nan,nan,nan,nan,nan,nan,nan
223,54.2105263158,0.6991756856,nan,0.0000335421,44.7441024290,nan,nan,nan,nan,nan,nan,nan
224,54.2105263158,0.8878442376,nan,0.0000024661,56.0799561130,nan,nan,nan,nan,nan,nan,nan
225,54.2105263158,0.3974663821,nan,0.0005962653,32.2456043306,nan,nan,nan,nan,nan,nan,nan
226,54.2105263158,0.9926782495,nan,0.0000004414,63.5514156429,nan,nan,nan,nan,nan,nan,nan
227,54.2105263158,1.2273226397,nan,0.0000000047,83.3137838953,nan,nan,nan,nan,nan,nan,nan
228,54.2105263158,0.5317559206,nan,0.0002016400,36.9542338074,nan,nan,nan,nan,nan,nan,nan
229,54.2105263158,0.9436051130,nan,0.0000010117,59.9496530343,nan,nan,nan,nan,nan,nan,nan
230,54.2105263158,0.3919208730,nan,0.0006193566,32.0805924434,nan,nan,nan,nan,nan,nan,nan
231,54.2105263158,0.6519579208,nan,0.0000584626,42.3312180882,nan,nan,nan,nan,nan,nan,nan
232,54.2105263158,1.3972516445,nan,0.0000000001,100.2513150390,nan,nan,nan,nan,nan,nan,nan
233,54.2105263158,1.0974546796,nan,0.0000000652,71.8565522032,nan,nan,nan,nan,nan,nan,nan
234,54.2105263158,0.1273436101,nan,0.0020352354,26.9138535927,nan,nan,nan,nan,nan,nan,nan
235,54.2105263158,1.0322286198,nan,0.0000002194,66.5879518629,nan,nan,nan,nan,nan,nan,nan
236,54.2105263158,0.8894494109,nan,0.0000024054,56.1880378329,nan,nan,nan,nan,nan,nan,nan
237,54.2105263158,0.8398911909,nan,0.0000050796,52.9416976787,nan,nan,nan,nan,nan,nan,nan
238,54.2105263158,0.4420112949,nan,0.0004309500,33.6557307043,nan,nan,nan,nan,nan,nan,nan
239,54.2105263158,1.2152041180,nan,0.0000000060,82.1901700997,nan,nan,nan,nan,nan,nan,nan
240,54.2105263158,0.2304617515,nan,0.0014798019,28.2979641016,nan,nan,nan,nan,nan,nan,nan
241,54.2105263158,0.1732222069,nan,0.0018069423,27.4305571009,nan,nan,nan,nan,nan,nan,nan
242,54.2105263158,0.5351251026,nan,0.0001954347,37.0899826290,nan,nan,nan,nan,nan,nan,nan
243,54.2105263158,0.5478213058,nan,0.0001734091,37.6092807701,nan,nan,nan,nan,nan,nan,nan
244,54.2105263158,0.1869671192,nan,0.0017313026,27.6162701231,nan,nan,nan,nan,nan,nan,nan
245,54.2105263158,0.3129895110,nan,0.0010035278,29.9847058200,nan,nan,nan,nan,nan,nan,nan
246,54.2105263158,1.2828357134,nan,0.0000000014,88.6043032399,nan,nan,nan,nan,nan,nan,nan
247,54.2105263158,0.5463756393,nan,0.0001758113,37.5495322243,nan,nan,nan,nan,nan,nan,nan
248,54.2105263158,0.6999572012,nan,0.0000332241,44.7854664648,nan,nan,nan,nan,nan,nan,nan
249,54.2105263158,0.9064358898,nan,0.0000018434,57.3438338288,nan,nan,nan,nan,nan,nan,nan
250,54.2105263158,0.4932288107,nan,0.0002842331,35.4632528949,nan,nan,nan,nan,nan,nan,nan
251,54.2105263158,0.4894152404,nan,0.0002936430,35.3218032350,nan,nan,nan,nan,nan,nan,nan
252,54.2105263158,1.1372428541,nan,0.0000000300,75.2299013958,nan,nan,nan,nan,nan,nan,nan
253,54.2105263158,0.5935768525,nan,0.0001100924,39.5824267092,nan,nan,nan,nan,nan,nan,nan
254,54.2105263158,1.0891749473,nan,0.0000000764,71.1697663905,nan,nan,nan,nan,nan,nan,nan
255,54.2105263158,1.0372110728,nan,0.0000002005,66.9789523603,nan,nan,nan,nan,nan,nan,nan
256,54.2105263158,1.3604292459,nan,0.0000000002,96.3937670942,nan,nan,nan,nan,nan,nan,nan
257,54.2105263158,1.0289971996,nan,0.0000002325,66.3353773020,nan,nan,nan,nan,nan,nan,nan
258,54.2105263158,1.2803984211,nan,0.0000000015,88.3670817775,nan,nan,nan,nan,nan,nan,nan
259,54.2105263158,0.7162588944,nan,0.0000271714,45.6588828421,nan,nan,nan,nan,nan,nan,nan
260,54.2105263158,0.5896177593,nan,0.0001146726,39.4054050492,nan,nan,nan,nan,nan,nan,nan
261,54.2105263158,0.1073911642,nan,0.0021190293,26.7386303626,nan,nan,nan,nan,nan,nan,nan
262,54.2105263158,1.3586592519,nan,0.0000000002,96.2109518924,nan,nan,nan,nan,nan,nan,nan
263,54.2105263158,0.4467216035,nan,0.0004155616,33.8136458567,nan,nan,nan,nan,nan,nan,nan
264,54.2105263158,0.2969527275,nan,0.0010922999,29.6165811948,nan,nan,nan,nan,nan,nan,nan
265,54.2105263158,0.8834103739,nan,0.0000026409,55.7824298568,nan,nan,nan,nan,nan,nan,nan
266,54.2105263158,0.1802364333,nan,0.0017686638,27.5235471774,nan,nan,nan,nan,nan,nan,nan
267,54.2105263158,1.3491158953,nan,0.0000000003,95.2293854573,nan,nan,nan,nan,nan,nan,nan
268,54.2105263158,0.5814628867,nan,0.0001246082,39.0445350573,nan,nan,nan,nan,nan,nan,nan
269,54.2105263158,1.5255132150,nan,0.0000000000,114.4976506586,nan,nan,nan,nan,nan,nan,nan
270,54.2105263158,0.3598785127,nan,0.0007633409,31.1728148345,nan,nan,nan,nan,nan,nan,nan
271,54.2105263158,0.4325490943,nan,0.0004630633,33.3435961452,nan,nan,nan,nan,nan,nan,nan
272,54.2105263158,0.8968873775,nan,0.0000021422,56.6914252955,nan,nan,nan,nan,nan,nan,nan
273,54.2105263158,0.3082104257,nan,0.0010296830,29.8729644255,nan,nan,nan,nan,nan,nan,nan
274,54.2105263158,0.5069454166,nan,0.0002522812,35.9811505903,nan,nan,nan,nan,nan,nan,nan
275,54.2105263158,0.7343153782,nan,0.0000216275,46.6499358022,nan,nan,nan,nan,nan,nan,nan
276,54.2105263158,1.3507497919,nan,0.0000000003,95.3969433046,nan,nan,nan,nan,nan,nan,nan
277,54.2105263158,0.6614426842,nan,0.0000524532,42.8022817770,nan,nan,nan,nan,nan,nan,nan
278,54.2105263158,0.5488237629,nan,0.0001717590,37.6508050047,nan,nan,nan,nan,nan,nan,nan
279,54.2105263158,0.6669624743,nan,0.0000492088,43.0795752392,nan,nan,nan,nan,nan,nan,nan
280,54.2105263158,1.0244068699,nan,0.0000002525,65.9779574598,nan,nan,nan,nan,nan,nan,nan
281,54.2105263158,0.2485317687,nan,0.0013730234,28.6232206461,nan,nan,nan,nan,nan,nan,nan
282,54.2105263158,0.9975606343,nan,0.0000004055,63.9198103231,nan,nan,nan,nan,nan,nan,nan
283,54.2105263158,0.3733590786,nan,0.0007006096,31.5452389528,nan,nan,nan,nan,nan,nan,nan
284,54.2105263158,0.2327045409,nan,0.0014665634,28.3369917222,nan,nan,nan,nan,nan,nan,nan
285,54.2105263158,0.4049399645,nan,0.0005660205,32.4716785240,nan,nan,nan,nan,nan,nan,nan
286,54.2105263158,0.4472192996,nan,0.0004139587,33.8304297196,nan,nan,nan,nan,nan,nan,nan
287,54.2105263158,0.4321454070,nan,0.0004644692,33.3304306558,nan,nan,nan,nan,nan,nan,nan
288,54.2105263158,0.8519664342,nan,0.0000042507,53.7154430780,nan,nan,nan,nan,nan,nan,nan
289,54.2105263158,0.5997550113,nan,0.0001032512,39.8610502494,nan,nan,nan,nan,nan,nan,nan
290,54.2105263158,0.9146281722,nan,0.0000016184,57.9091180458,nan,nan,nan,nan,nan,nan,nan
291,54.2105263158,0.1386942397,nan,0.0019829349,27.0269155362,nan,nan,nan,nan,nan,nan,nan
292,54.2105263158,0.4979670886,nan,0.0002728638,35.6405400636,nan,nan,nan,nan,nan,nan,nan
293,54.2105263158,0.5853604502,nan,0.0001197739,39.2163794061,nan,nan,nan,nan,nan,nan,nan
294,54.2105263158,0.8944733111,nan,0.0000022245,56.5275835179,nan,nan,nan,nan,nan,nan,nan
295,54.2105263158,0.7685255698,nan,0.0000138176,48.5956892315,nan,nan,nan,nan,nan,nan,nan
296,54.2105263158,0.2522187257,nan,0.0013512576,28.6926185586,nan,nan,nan,nan,nan,nan,nan
297,54.2105263158,0.3140976670,nan,0.0009975018,30.0108630733,nan,nan,nan,nan,nan,nan,nan
298,54.2105263158,0.3914875963,nan,0.0006211839,32.0677981378,nan,nan,nan,nan,nan,nan,nan
299,54.2105263158,0.4625923432,nan,0.0003665964,34.3581184634,nan,nan,nan,nan,nan,nan,nan
300,54.2105263158,0.2036084958,nan,0.0016367375,27.8602097626,nan,nan,nan,nan,nan,nan,nan
301,54.2105263158,0.6498547521,nan,0.0000598730,42.2276908551,nan,nan,nan,nan,nan,nan,nan
302,54.2105263158,0.4686746634,nan,0.0003489915,34.5718520115,nan,nan,nan,nan,nan,nan,nan
303,54.2105263158,0.9819727077,nan,0.0000005309,62.7500071247,nan,nan,nan,nan,nan,nan,nan
304,54.2105263158,1.5285314114,nan,0.0000000000,114.8480418458,nan,nan,nan,nan,nan,nan,nan
305,54.2105263158,0.7114198406,nan,0.0000288569,45.3975032362,nan,nan,nan,nan,nan,nan,nan
306,54.2105263158,0.9545405197,nan,0.0000008440,60.7363598865,nan,nan,nan,nan,nan,nan,nan
307,54.2105263158,0.6241669278,nan,0.0000796089,40.9903818695,nan,nan,nan,nan,nan,nan,nan
308,54.2105263158,0.9285705833,nan,0.0000012933,58.8829395244,nan,nan,nan,nan,nan,nan,nan
309,54.2105263158,1.6478361971,nan,0.0000000000,129.2567618162,nan,nan,nan,nan,nan,nan,nan
310,54.2105263158,0.4093117889,nan,0.0005487961,32.6058897001,nan,nan,nan,nan,nan,nan,nan
311,54.2105263158,0.8455882217,nan,0.0000046716,53.3053615787,nan,nan,nan,nan,nan,nan,nan
312,54.2105263158,1.1642976724,nan,0.0000000174,77.5927241338,nan,nan,nan,nan,nan,nan,nan
313,54.2105263158,0.5329136883,nan,0.0001994902,37.0007845155,nan,nan,nan,nan,nan,nan,nan
314,54.2105263158,0.9037861232,nan,0.0000019222,57.1620898289,nan,nan,nan,nan,nan,nan,nan
315,54.2105263158,1.5245989716,nan,0.0000000000,114.3916510110,nan,nan,nan,nan,nan,nan,nan
316,54.2105263158,0.2775938397,nan,0.0012027792,29.1981408012,nan,nan,nan,nan,nan,nan,nan
317,54.2105263158,0.9925329304,nan,0.0000004425,63.5404786229,nan,nan,nan,nan,nan,nan,nan
318,54.2105263158,0.7135112148,nan,0.0000281174,45.5102492424,nan,nan,nan,nan,nan,nan,nan
319,54.2105263158,0.8123309725,nan,0.0000075555,51.2173466327,nan,nan,nan,nan,nan,nan,nan
320,54.2105263158,1.0747323005,nan,0.0000001004,69.9843059035,nan,nan,nan,nan,nan,nan,nan
321,54.2105263158,0.7293039246,nan,0.0000230548,46.3723868331,nan,nan,nan,nan,nan,nan,nan
322,54.2105263158,0.3832790259,nan,0.0006564330,31.8280960763,nan,nan,nan,nan,nan,nan,nan
323,54.2105263158,0.6936891288,nan,0.0000358507,44.4550190802,nan,nan,nan,nan,nan,nan,nan
324,54.2105263158,0.5808142681,nan,0.0001254282,39.0160494489,nan,nan,nan,nan,nan,nan,nan
325,54.2105263158,0.1632281406,nan,0.0018601688,27.3044763671,nan,nan,nan,nan,nan,nan,nan
326,54.2105263158,0.1943151544,nan,0.0016898948,27.7214034212,nan,nan,nan,nan,nan,nan,nan
327,54.2105263158,1.9140110732,nan,0.0000000000,165.3303828937,nan,nan,nan,nan,nan,nan,nan
328,54.2105263158,0.5851235741,nan,0.0001200632,39.2059025258,nan,nan,nan,nan,nan,nan,nan
329,54.2105263158,0.6715836255,nan,0.0000466283,43.3135077179,nan,nan,nan,nan,nan,nan,nan
330,54.2105263158,1.1621277451,nan,0.0000000182,77.4011525331,nan,nan,nan,nan,nan,nan,nan
331,54.2105263158,0.3643307181,nan,0.0007422854,31.2942908865,nan,nan,nan,nan,nan,nan,nan
332,54.2105263158,0.2029659390,nan,0.0016404377,27.8504025191,nan,nan,nan,nan,nan,nan,nan
333,54.2105263158,0.3232803957,nan,0.0009481577,30.2311943396,nan,nan,nan,nan,nan,nan,nan
334,54.2105263158,0.7854663015,nan,0.0000109844,49.5922188621,nan,nan,nan,nan,nan,nan,nan
335,54.2105263158,0.3869493300,nan,0.0006405245,31.9346425348,nan,nan,nan,nan,nan,nan,nan
336,54.2105263158,1.0418565962,nan,0.0000001843,67.3452187840,nan,nan,nan,nan,nan,nan,nan
337,54.2105263158,0.6136958439,nan,0.0000891164,40.5004221106,nan,nan,nan,nan,nan,nan,nan
338,54.2105263158,0.2830467412,nan,0.0011713497,29.3131343933,nan,nan,nan,nan,nan,nan,nan
339,54.2105263158,0.8783916010,nan,0.0000028527,55.4474627390,nan,nan,nan,nan,nan,nan,nan
340,54.2105263158,0.7175726290,nan,0.0000267291,45.7301514251,nan,nan,nan,nan,nan,nan,nan
341,54.2105263158,0.3601784132,nan,0.0007619123,31.1809502540,nan,nan,nan,nan,nan,nan,nan
342,54.2105263158,0.2354213462,nan,0.0014505152,28.3847772659,nan,nan,nan,nan,nan,nan,nan
343,54.2105263158,1.0369578412,nan,0.0000002014,66.9590341883,nan,nan,nan,nan,nan,nan,nan
344,54.2105263158,1.0218570809,nan,0.0000002642,65.7801162088,nan,nan,nan,nan,nan,nan,nan
345,54.2105263158,0.6742334533,nan,0.0000452024,43.4483808045,nan,nan,nan,nan,nan,nan,nan
346,54.2105263158,1.3421899495,nan,0.0000000004,94.5213880808,nan,nan,nan,nan,nan,nan,nan
347,54.2105263158,0.8009711898,nan,0.0000088645,50.5234480977,nan,nan,nan,nan,nan,nan,nan
348,54.2105263158,0.3691120180,nan,0.0007200423,31.4264197720,nan,nan,nan,nan,nan,nan,nan
349,54.2105263158,0.9021283016,nan,0.0000019730,57.0486542873,nan,nan,nan,nan,nan,nan,nan
350,54.2105263158,0.9563156898,nan,0.0000008194,60.8649283417,nan,nan,nan,nan,nan,nan,nan
351,54.2105263158,0.1288289729,nan,0.0020285714,26.9280970560,nan,nan,nan,nan,nan,nan,nan
352,54.2105263158,0.4282252124,nan,0.0004782749,33.2032242567,nan,nan,nan,nan,nan,nan,nan
353,54.2105263158,0.3469407232,nan,0.0008263533,30.8283423901,nan,nan,nan,nan,nan,nan,nan
354,54.2105263158,0.3257689400,nan,0.0009349739,30.2920049241,nan,nan,nan,nan,nan,nan,nan
355,54.2105263158,1.4648077859,nan,0.0000000000,107.5981288883,nan,nan,nan,nan,nan,nan,nan
356,54.2105263158,0.4067996468,nan,0.0005586513,32.5285919103,nan,nan,nan,nan,nan,nan,nan
357,54.2105263158,0.1107376515,nan,0.0021057521,26.7659276452,nan,nan,nan,nan,nan,nan,nan
358,54.2105263158,1.0112455816,nan,0.0000003190,64.9620854242,nan,nan,nan,nan,nan,nan,nan
359,54.2105263158,0.6624161127,nan,0.0000518679,42.8510147612,nan,nan,nan,nan,nan,nan,nan
360,54.2105263158,1.1032514216,nan,0.0000000583,72.3404939706,nan,nan,nan,nan,nan,nan,nan
361,54.2105263158,1.2163020600,nan,0.0000000059,82.2915077121,nan,nan,nan,nan,nan,nan,nan
362,54.2105263158,0.9772151114,nan,0.0000005759,62.3966633673,nan,nan,nan,nan,nan,nan,nan
363,54.2105263158,0.6428944327,nan,0.0000647519,41.8874733703,nan,nan,nan,nan,nan,nan,nan
364,54.2105263158,0.1279377774,nan,0.0020325764,26.9195312465,nan,nan,nan,nan,nan,nan,nan
365,54.2105263158,0.4837454788,nan,0.0003080671,35.1135474093,nan,nan,nan,nan,nan,nan,nan
366,54.2105263158,0.3940643223,nan,0.0006103661,32.1440962295,nan,nan,nan,nan,nan,nan,nan
367,54.2105263158,0.4596223091,nan,0.0003754247,34.2547718386,nan,nan,nan,nan,nan,nan,nan
368,54.2105263158,0.6836797612,nan,0.0000404247,43.9335350722,nan,nan,nan,nan,nan,nan,nan
369,54.2105263158,1.6383329994,nan,0.0000000000,128.0691146879,nan,nan,nan,nan,nan,nan,nan
370,54.2105263158,0.4215551198,nan,0.0005024042,32.9894669627,nan,nan,nan,nan,nan,nan,nan
371,54.2105263158,0.3733550999,nan,0.0007006277,31.5451270002,nan,nan,nan,nan,nan,nan,nan
372,54.2105263158,1.0531910503,nan,0.0000001498,68.2457711943,nan,nan,nan,nan,nan,nan,nan
373,54.2105263158,0.8374259865,nan,0.0000052661,52.7851007550,nan,nan,nan,nan,nan,nan,nan
374,54.2105263158,0.5034750933,nan,0.0002600896,35.8487709671,nan,nan,nan,nan,nan,nan,nan
375,54.2105263158,0.3638731460,nan,0.0007444342,31.2817369855,nan,nan,nan,nan,nan,nan,nan
376,54.2105263158,0.8290765191,nan,0.0000059454,52.2581592477,nan,nan,nan,nan,nan,nan,nan
377,54.2105263158,0.8322903394,nan,0.0000056750,52.4603570656,nan,nan,nan,nan,nan,nan,nan
378,54.2105263158,0.5538226000,nan,0.0001637190,37.8590093132,nan,nan,nan,nan,nan,nan,nan
379,54.2105263158,0.1111252363,nan,0.0021041933,26.7691436322,nan,nan,nan,nan,nan,nan,nan
380,54.2105263158,0.9032898512,nan,0.0000019373,57.1281107112,nan,nan,nan,nan,nan,nan,nan
381,54.2105263158,0.6007515586,nan,0.0001021818,39.9062645839,nan,nan,nan,nan,nan,nan,nan
382,54.2105263158,1.3592486081,nan,0.0000000002,96.2717974098,nan,nan,nan,nan,nan,nan,nan
383,54.2105263158,0.7130545862,nan,0.0000282774,45.4856039726,nan,nan,nan,nan,nan,nan,nan
384,54.2105263158,0.1651833870,nan,0.0018498862,27.3285499001,nan,nan,nan,nan,nan,nan,nan
385,54.2105263158,0.5559827717,nan,0.0001603404,37.9495694379,nan,nan,nan,nan,nan,nan,nan
386,54.2105263158,0.4686425325,nan,0.0003490828,34.5707155460,nan,nan,nan,nan,nan,nan,nan
387,54.2105263158,1.4179424069,nan,0.0000000001,102.4643876015,nan,nan,nan,nan,nan,nan,nan
388,54.2105263158,0.8201198910,nan,0.0000067627,51.6988056229,nan,nan,nan,nan,nan,nan,nan
389,54.2105263158,0.7080137897,nan,0.0000300982,45.2145957928,nan,nan,nan,nan,nan,nan,nan
390,54.2105263158,1.3032700742,nan,0.0000000009,90.6110353686,nan,nan,nan,nan,nan,nan,nan
391,54.2105263158,0.0825565215,nan,0.0022067979,26.5623743702,nan,nan,nan,nan,nan,nan,nan
392,54.2105263158,1.2660614168,nan,0.0000000020,86.9808506340,nan,nan,nan,nan,nan,nan,nan
393,54.2105263158,0.1332758205,nan,0.0020082915,26.9717325041,nan,nan,nan,nan,nan,nan,nan
394,54.2105263158,0.4398330542,nan,0.0004382003,33.5832737586,nan,nan,nan,nan,nan,nan,nan
395,54.2105263158,0.7737215756,nan,0.0000128854,48.8990171727,nan,nan,nan,nan,nan,nan,nan
396,54.2105263158,0.8492639018,nan,0.0000044246,53.5413075903,nan,nan,nan,nan,nan,nan,nan
397,54.2105263158,0.7781550423,nan,0.0000121354,49.1594563005,nan,nan,nan,nan,nan,nan,nan
398,54.2105263158,0.7700217889,nan,0.0000135431,48.6828233858,nan,nan,nan,nan,nan,nan,nan
399,54.2105263158,0.4852045807,nan,0.0003043051,35.1669083040,nan,nan,nan,nan,nan,nan,nan
400,54.2105263158,1.2034131967,nan,0.0000000077,81.1076985983,nan,nan,nan,nan,nan,nan,nan
401,54.2105263158,1.1610541466,nan,0.0000000186,77.3065030668,nan,nan,nan,nan,nan,nan,nan
402,54.2105263158,0.9392865618,nan,0.0000010861,59.6414832127,nan,nan,nan,nan,nan,nan,nan
403,54.2105263158,0.5542480594,nan,0.0001630490,37.8768176466,nan,nan,nan,nan,nan,nan,nan
404,54.2105263158,0.9725390959,nan,0.0000006236,62.0510611206,nan,nan,nan,nan,nan,nan,nan
405,54.2105263158,0.1851410865,nan,0.0017414955,27.5907763310,nan,nan,nan,nan,nan,nan,nan
406,54.2105263158,0.3617103527,nan,0.0007546379,31.2226136486,nan,nan,nan,nan,nan,nan,nan
407,54.2105263158,0.2194850496,nan,0.0015443867,28.1124393356,nan,nan,nan,nan,nan,nan,nan
408,54.2105263158,0.5604747197,nan,0.0001534963,38.1390195791,nan,nan,nan,nan,nan,nan,nan
409,54.2105263158,0.6451360837,nan,0.0000631445,41.9966419034,nan,nan,nan,nan,nan,nan,nan
410,54.2105263158,0.6816740804,nan,0.0000414004,43.8299570792,nan,nan,nan,nan,nan,nan,nan
411,54.2105263158,0.8267172827,nan,0.0000061514,52.1102286517,nan,nan,nan,nan,nan,nan,nan
412,54.2105263158,0.5816965103,nan,0.0001243139,39.0548030251,nan,nan,nan,nan,nan,nan,nan
413,54.2105263158,0.5105981405,nan,0.0002442600,36.1214764937,nan,nan,nan,nan,nan,nan,nan
414,54.2105263158,0.9192367531,nan,0.0000015034,58.2293687874,nan,nan,nan,nan,nan,nan,nan
415,54.2105263158,0.6287627690,nan,0.0000757171,41.2080628930,nan,nan,nan,nan,nan,nan,nan
416,54.2105263158,1.1413352351,nan,0.0000000276,75.5837200951,nan,nan,nan,nan,nan,nan,nan
417,54.2105263158,0.2386455059,nan,0.0014314590,28.4422107923,nan,nan,nan,nan,nan,nan,nan
418,54.2105263158,0.4178940361,nan,0.0005159914,32.8735749603,nan,nan,nan,nan,nan,nan,nan
419,54.2105263158,0.8146321065,nan,0.0000073129,51.3591062551,nan,nan,nan,nan,nan,nan,nan
420,54.2105263158,0.7871654973,nan,0.0000107315,49.6933795749,nan,nan,nan,nan,nan,nan,nan
421,54.2105263158,1.2282690703,nan,0.0000000046,83.4020080239,nan,nan,nan,nan,nan,nan,nan
422,54.2105263158,0.6231506032,nan,0.0000804922,40.9424608346,nan,nan,nan,nan,nan,nan,nan
423,54.2105263158,0.7223306255,nan,0.0000251804,45.9893670496,nan,nan,nan,nan,nan,nan,nan
424,54.2105263158,0.9703750173,nan,0.0000006469,61.8916796157,nan,nan,nan,nan,nan,nan,nan
425,54.2105263158,0.6374583960,nan,0.0000687967,41.6243258679,nan,nan,nan,nan,nan,nan,nan
426,54.2105263158,0.2070208089,nan,0.0016170319,27.9128140304,nan,nan,nan,nan,nan,nan,nan
427,54.2105263158,1.4483874228,nan,0.0000000000,105.7802899975,nan,nan,nan,nan,nan,nan,nan
428,54.2105263158,1.1592003356,nan,0.0000000193,77.1432765366,nan,nan,nan,nan,nan,nan,nan
429,54.2105263158,0.5646557055,nan,0.0001473420,38.3167330880,nan,nan,nan,nan,nan,nan,nan
430,54.2105263158,0.7789705004,nan,0.0000120018,49.2075225169,nan,nan,nan,nan,nan,nan,nan
431,54.2105263158,0.3928544577,nan,0.0006154306,32.1082088358,nan,nan,nan,nan,nan,nan,nan
432,54.2105263158,0.6229634916,nan,0.0000806557,40.9336468429,nan,nan,nan,nan,nan,nan,nan
433,54.2105263158,0.3895225159,nan,0.0006295135,32.0099496634,nan,nan,nan,nan,nan,nan,nan
434,54.2105263158,0.4009025699,nan,0.0005822343,32.3490219926,nan,nan,nan,nan,nan,nan,nan
435,54.2105263158,0.1583685708,nan,0.0018854312,27.2458931851,nan,nan,nan,nan,nan,nan,nan
436,54.2105263158,0.9265550143,nan,0.0000013362,58.7412435072,nan,nan,nan,nan,nan,nan,nan
437,54.2105263158,0.7883457356,nan,0.0000105590,49.7637738826,nan,nan,nan,nan,nan,nan,nan
438,54.2105263158,0.9545058917,nan,0.0000008445,60.7338543095,nan,nan,nan,nan,nan,nan,nan
439,54.2105263158,0.7840467161,nan,0.0000111999,49.5078732531,nan,nan,nan,nan,nan,nan,nan
440,54.2105263158,0.8058610078,nan,0.0000082776,50.8209314042,nan,nan,nan,nan,nan,nan,nan
441,54.2105263158,0.3198800643,nan,0.0009663041,30.1488616868,nan,nan,nan,nan,nan,nan,nan
442,54.2105263158,0.4421244982,nan,0.0004305756,33.6595061413,nan,nan,nan,nan,nan,nan,nan
443,54.2105263158,0.3430544955,nan,0.0008457951,30.7273484508,nan,nan,nan,nan,nan,nan,nan
444,54.2105263158,0.1326750061,nan,0.0020110599,26.9657498616,nan,nan,nan,nan,nan,nan,nan
445,54.2105263158,0.3010273952,nan,0.0010694809,29.7082695461,nan,nan,nan,nan,nan,nan,nan
446,54.2105263158,1.8333526957,nan,0.0000000000,153.8261609292,nan,nan,nan,nan,nan,nan,nan
447,54.2105263158,0.1492378141,nan,0.0019316848,27.1406373784,nan,nan,nan,nan,nan,nan,nan
448,54.2105263158,0.4709511248,nan,0.0003425650,34.6525696552,nan,nan,nan,nan,nan,nan,nan
449,54.2105263158,0.7074467877,nan,0.0000303094,45.1842331216,nan,nan,nan,nan,nan,nan,nan
450,54.2105263158,0.6577241896,nan,0.0000547421,42.6167857585,nan,nan,nan,nan,nan,nan,nan
451,54.2105263158,0.4996324445,nan,0.0002689518,35.7032560042,nan,nan,nan,nan,nan,nan,nan
452,54.2105263158,0.4256575294,nan,0.0004874681,33.1205376818,nan,nan,nan,nan,nan,nan,nan
453,54.2105263158,0.3129453560,nan,0.0010037682,29.9836654995,nan,nan,nan,nan,nan,nan,nan
454,54.2105263158,0.4239641401,nan,0.0004935965,33.0662796202,nan,nan,nan,nan,nan,nan,nan
455,54.2105263158,0.6020071571,nan,0.0001008477,39.9633398554,nan,nan,nan,nan,nan,nan,nan
456,54.2105263158,1.1143528120,nan,0.0000000470,73.2744557940,nan,nan,nan,nan,nan,nan,nan
457,54.2105263158,0.1019759059,nan,0.0021398123,26.6962431906,nan,nan,nan,nan,nan,nan,nan
458,54.2105263158,0.5901688762,nan,0.0001140256,39.4299755435,nan,nan,nan,nan,nan,nan,nan
459,54.2105263158,0.4642791960,nan,0.0003616502,34.4171131855,nan,nan,nan,nan,nan,nan,nan
460,54.2105263158,0.6068887036,nan,0.0000957993,40.1863777963,nan,nan,nan,nan,nan,nan,nan
461,54.2105263158,0.3951503884,nan,0.0006058420,32.1764060492,nan,nan,nan,nan,nan,nan,nan
462,54.2105263158,1.0887780688,nan,0.0000000770,71.1369776190,nan,nan,nan,nan,nan,nan,nan
463,54.2105263158,0.3801919335,nan,0.0006699971,31.7392709444,nan,nan,nan,nan,nan,nan,nan
464,54.2105263158,0.7022524695,nan,0.0000323056,44.9072191830,nan,nan,nan,nan,nan,nan,nan
465,54.2105263158,0.4254505468,nan,0.0004882144,33.1138940568,nan,nan,nan,nan,nan,nan,nan
466,54.2105263158,1.1203625491,nan,0.0000000418,73.7839815099,nan,nan,nan,nan,nan,nan,nan
467,54.2105263158,0.7504233292,nan,0.0000175590,47.5549945411,nan,nan,nan,nan,nan,nan,nan
468,54.2105263158,0.5902981207,nan,0.0001138743,39.4357410065,nan,nan,nan,nan,nan,nan,nan
469,54.2105263158,0.9019177230,nan,0.0000019796,57.0342605581,nan,nan,nan,nan,nan,nan,nan
470,54.2105263158,0.2713005148,nan,0.0012393040,29.0682216065,nan,nan,nan,nan,nan,nan,nan
471,54.2105263158,0.6558076604,nan,0.0000559553,42.5215911827,nan,nan,nan,nan,nan,nan,nan
472,54.2105263158,1.0612747794,nan,0.0000001290,68.8940349835,nan,nan,nan,nan,nan,nan,nan
473,54.2105263158,0.1709629862,nan,0.0018191158,27.4013964479,nan,nan,nan,nan,nan,nan,nan
474,54.2105263158,0.2548423016,nan,0.0013357872,28.7426271421,nan,nan,nan,nan,nan,nan,nan
475,54.2105263158,0.3976146345,nan,0.0005956556,32.2500477390,nan,nan,nan,nan,nan,nan,nan
476,54.2105263158,1.2342895819,nan,0.0000000040,83.9648287392,nan,nan,nan,nan,nan,nan,nan
477,54.2105263158,0.3515111449,nan,0.0008037886,30.9485817261,nan,nan,nan,nan,nan,nan,nan
478,54.2105263158,0.5390417660,nan,0.0001884137,37.2488745965,nan,nan,nan,nan,nan,nan,nan
479,54.2105263158,0.7904793569,nan,0.0000102534,49.8913012336,nan,nan,nan,nan,nan,nan,nan
480,54.2105263158,0.7942450578,nan,0.0000097337,50.1172248375,nan,nan,nan,nan,nan,nan,nan
481,54.2105263158,0.6937118747,nan,0.0000358409,44.4562128172,nan,nan,nan,nan,nan,nan,nan
482,54.2105263158,0.5762555170,nan,0.0001313184,38.8167437280,nan,nan,nan,nan,nan,nan,nan
483,54.2105263158,0.3721008260,nan,0.0007063347,31.5098944820,nan,nan,nan,nan,nan,nan,nan
484,54.2105263158,1.3053978903,nan,0.0000000008,90.8218294093,nan,nan,nan,nan,nan,nan,nan
485,54.2105263158,1.1649490020,nan,0.0000000172,77.6502968041,nan,nan,nan,nan,nan,nan,nan
486,54.2105263158,0.6875665557,nan,0.0000385911,44.1351297724,nan,nan,nan,nan,nan,nan,nan
487,54.2105263158,0.4128631078,nan,0.0005350595,32.7159795439,nan,nan,nan,nan,nan,nan,nan
488,54.2105263158,0.9493789135,nan,0.0000009196,60.3638909382,nan,nan,nan,nan,nan,nan,nan
489,54.2105263158,1.2586698045,nan,0.0000000024,86.2722988007,nan,nan,nan,nan,nan,nan,nan
490,54.2105263158,0.4250452919,nan,0.0004896778,33.1008958011,nan,nan,nan,nan,nan,nan,nan
491,54.2105263158,1.0402886112,nan,0.0000001896,67.2214102043,nan,nan,nan,nan,nan,nan,nan
492,54.2105263158,1.2155073168,nan,0.0000000060,82.2181454713,nan,nan,nan,nan,nan,nan,nan
493,54.2105263158,1.1298832139,nan,0.0000000347,74.5968201052,nan,nan,nan,nan,nan,nan,nan
494,54.2105263158,0.6684774333,nan,0.0000483494,43.1560866066,nan,nan,nan,nan,nan,nan,nan
495,54.2105263158,1.2784577195,nan,0.0000000015,88.1785180735,nan,nan,nan,nan,nan,nan,nan
496,54.2105263158,0.2093884872,nan,0.0016033077,27.9498311757,nan,nan,nan,nan,nan,nan,nan
497,54.2105263158,0.3017762475,nan,0.0010653058,29.7252570240,nan,nan,nan,nan,nan,nan,nan
498,54.2105263158,0.9740998433,nan,0.0000006073,62.1662298196,nan,nan,nan,nan,nan,nan,nan
499,54.2105263158,0.3235804190,nan,0.0009465638,30.2385008958,nan,nan,nan,nan,nan,nan,nan
500,54.2105263158,0.8836329259,nan,0.0000026319,55.7973280752,nan,nan,nan,nan,nan,nan,nan
501,54.2105263158,0.0761635820,nan,0.0022261250,26.5245045357,nan,nan,nan,nan,nan,nan,nan
502,54.2105263158,0.3041382040,nan,0.0010521761,29.7791154835,nan,nan,nan,nan,nan,nan,nan
503,54.2105263158,0.8158788334,nan,0.0000071844,51.4360784464,nan,nan,nan,nan,nan,nan,nan
504,54.2105263158,0.6013098960,nan,0.0001015867,39.9316299135,nan,nan,nan,nan,nan,nan,nan
505,54.2105263158,0.1334253743,nan,0.0020076010,26.9732259217,nan,nan,nan,nan,nan,nan,nan
506,54.2105263158,0.1678348560,nan,0.0018358381,27.3616563118,nan,nan,nan,nan,nan,nan,nan
507,54.2105263158,0.8141587330,nan,0.0000073622,51.3299114740,nan,nan,nan,nan,nan,nan,nan
508,54.2105263158,0.3163105034,nan,0.0009855136,30.0633738782,nan,nan,nan,nan,nan,nan,nan
509,54.2105263158,0.5982660110,nan,0.0001048665,39.7936335818,nan,nan,nan,nan,nan,nan,nan
510,54.2105263158,0.5467954763,nan,0.0001751109,37.5668674725,nan,nan,nan,nan,nan,nan,nan
511,54.2105263158,0.4166660625,nan,0.0005206033,32.8349311162,nan,nan,nan,nan,nan,nan,nan
512,54.2105263158,0.9283256921,nan,0.0000012985,58.8657069532,nan,nan,nan,nan,nan,nan,nan
513,54.2105263158,1.1932795506,nan,0.0000000096,80.1858595086,nan,nan,nan,nan,nan,nan,nan
514,54.2105263158,0.6608900822,nan,0.0000527880,42.7746488220,nan,nan,nan,nan,nan,nan,nan
515,54.2105263158,0.4698605019,nan,0.0003456329,34.6138497802,nan,nan,nan,nan,nan,nan,nan
516,54.2105263158,0.3247572391,nan,0.0009403237,30.2672261874,nan,nan,nan,nan,nan,nan,nan
517,54.2105263158,0.7420228821,nan,0.0000195860,47.0805325329,nan,nan,nan,nan,nan,nan,nan
518,54.2105263158,0.7463508619,nan,0.0000185169,47.3243081123,nan,nan,nan,nan,nan,nan,nan
519,54.2105263158,0.8814960121,nan,0.0000027199,55.6544333900,nan,nan,nan,nan,nan,nan,nan
520,54.2105263158,0.2935687895,nan,0.0011113756,29.5413912939,nan,nan,nan,nan,nan,nan,nan
521,54.2105263158,0.5798043428,nan,0.0001267138,38.9717598905,nan,nan,nan,nan,nan,nan,nan
522,54.2105263158,0.7972044428,nan,0.0000093422,50.2955315876,nan,nan,nan,nan,nan,nan,nan
523,54.2105263158,0.2211592481,nan,0.0015345649,28.1401474762,nan,nan,nan,nan,nan,nan,nan
524,54.2105263158,0.5810795662,nan,0.0001250922,39.0276967693,nan,nan,nan,nan,nan,nan,nan
525,54.2105263158,0.2985741334,nan,0.0010831995,29.6529155295,nan,nan,nan,nan,nan,nan,nan
526,54.2105263158,0.8931309635,nan,0.0000022716,56.4366711267,nan,nan,nan,nan,nan,nan,nan
527,54.2105263158,0.5953878122,nan,0.0001080489,39.6637969038,nan,nan,nan,nan,nan,nan,nan
528,54.2105263158,1.3256354814,nan,0.0000000005,92.8439807397,nan,nan,nan,nan,nan,nan,nan
529,54.2105263158,0.9978512999,nan,0.0000004035,63.9417995231,nan,nan,nan,nan,nan,nan,nan
530,54.2105263158,0.1512996249,nan,0.0019213852,27.1638555649,nan,nan,nan,nan,nan,nan,nan
531,54.2105263158,0.7838870563,nan,0.0000112243,49.4983965610,nan,nan,nan,nan,nan,nan,nan
532,54.2105263158,1.0920169614,nan,0.0000000724,71.4049154132,nan,nan,nan,nan,nan,nan,nan
533,54.2105263158,1.1154786013,nan,0.0000000460,73.3696940981,nan,nan,nan,nan,nan,nan,nan
534,54.2105263158,0.8094897451,nan,0.0000078653,51.0428716153,nan,nan,nan,nan,nan,nan,nan
535,54.2105263158,1.2783276457,nan,0.0000000015,88.1658900442,nan,nan,nan,nan,nan,nan,nan
536,54.2105263158,0.5682289975,nan,0.0001422437,38.4696697514,nan,nan,nan,nan,nan,nan,nan
537,54.2105263158,0.4864981607,nan,0.0003009989,35.2143511201,nan,nan,nan,nan,nan,nan,nan
538,54.2105263158,0.7001353498,nan,0.0000331520,44.7949020175,nan,nan,nan,nan,nan,nan,nan
539,54.2105263158,0.8133274330,nan,0.0000074496,51.2786832949,nan,nan,nan,nan,nan,nan,nan
540,54.2105263158,0.8359225806,nan,0.0000053829,52.6898274211,nan,nan,nan,nan,nan,nan,nan
541,54.2105263158,0.8534935591,nan,0.0000041552,53.8140882906,nan,nan,nan,nan,nan,nan,nan
542,54.2105263158,0.6806649414,nan,0.0000418990,43.7779585939,nan,nan,nan,nan,nan,nan,nan
543,54.2105263158,1.4149916278,nan,0.0000000001,102.1467726894,nan,nan,nan,nan,nan,nan,nan
544,54.2105263158,1.4303103676,nan,0.0000000000,103.8028892213,nan,nan,nan,nan,nan,nan,nan
545,54.2105263158,1.4207436689,nan,0.0000000001,102.7665248679,nan,nan,nan,nan,nan,nan,nan
546,54.2105263158,1.1651380374,nan,0.0000000171,77.6670121900,nan,nan,nan,nan,nan,nan,nan
547,54.2105263158,0.4942779868,nan,0.0002816851,35.5023618040,nan,nan,nan,nan,nan,nan,nan
548,54.2105263158,0.3618606588,nan,0.0007539263,31.2267110345,nan,nan,nan,nan,nan,nan,nan
549,54.2105263158,0.4228399811,nan,0.0004976935,33.0303805171,nan,nan,nan,nan,nan,nan,nan
550,54.2105263158,0.5191098487,nan,0.0002263392,36.4524024601,nan,nan,nan,nan,nan,nan,nan
551,54.2105263158,1.1132824653,nan,0.0000000480,73.1839974968,nan,nan,nan,nan,nan,nan,nan
552,54.2105263158,0.3549606991,nan,0.0007869766,31.0403816694,nan,nan,nan,nan,nan,nan,nan
553,54.2105263158,0.9337152156,nan,0.0000011896,59.2460156746,nan,nan,nan,nan,nan,nan,nan
554,54.2105263158,0.6893897108,nan,0.0000377565,44.2300867812,nan,nan,nan,nan,nan,nan,nan
555,54.2105263158,0.5799633930,nan,0.0001265106,38.9787297795,nan,nan,nan,nan,nan,nan,nan
556,54.2105263158,0.4618598933,nan,0.0003687594,34.3325695880,nan,nan,nan,nan,nan,nan,nan
557,54.2105263158,0.6085599565,nan,0.0000941206,40.2631538515,nan,nan,nan,nan,nan,nan,nan
558,54.2105263158,1.5146935162,nan,0.0000000000,113.2472869991,nan,nan,nan,nan,nan,nan,nan
559,54.2105263158,1.3485604113,nan,0.0000000003,95.1724664538,nan,nan,nan,nan,nan,nan,nan
560,54.2105263158,0.7869541490,nan,0.0000107627,49.6807850876,nan,nan,nan,nan,nan,nan,nan
561,54.2105263158,1.7013592406,nan,0.0000000000,136.0748144317,nan,nan,nan,nan,nan,nan,nan
562,54.2105263158,0.8820043264,nan,0.0000026987,55.6883926353,nan,nan,nan,nan,nan,nan,nan
563,54.2105263158,0.6295057513,nan,0.0000751034,41.2434049728,nan,nan,nan,nan,nan,nan,nan
564,54.2105263158,0.3382149557,nan,0.0008703260,30.6031804563,nan,nan,nan,nan,nan,nan,nan
565,54.2105263158,1.4149084932,nan,0.0000000001,102.1378339123,nan,nan,nan,nan,nan,nan,nan
566,54.2105263158,0.1011614015,nan,0.0021428617,26.6900586378,nan,nan,nan,nan,nan,nan,nan
567,54.2105263158,0.3301276392,nan,0.0009120853,30.3996456571,nan,nan,nan,nan,nan,nan,nan
568,54.2105263158,1.1126482604,nan,0.0000000486,73.1304401513,nan,nan,nan,nan,nan,nan,nan
569,54.2105263158,0.0751374853,nan,0.0022290961,26.5187120971,nan,nan,nan,nan,nan,nan,nan
570,54.2105263158,0.6124623889,nan,0.0000902972,40.4432557613,nan,nan,nan,nan,nan,nan,nan
571,54.2105263158,0.6046670412,nan,0.0000980698,40.0846452724,nan,nan,nan,nan,nan,nan,nan
572,54.2105263158,0.6510547070,nan,0.0000590647,42.2867166876,nan,nan,nan,nan,nan,nan,nan
573,54.2105263158,0.2192730284,nan,0.0015456297,28.1089454781,nan,nan,nan,nan,nan,nan,nan
574,54.2105263158,0.6779153326,nan,0.0000432845,43.6366712517,nan,nan,nan,nan,nan,nan,nan
575,54.2105263158,0.8272227785,nan,0.0000061068,52.1418889227,nan,nan,nan,nan,nan,nan,nan
576,54.2105263158,0.8549582352,nan,0.0000040655,53.9088666110,nan,nan,nan,nan,nan,nan,nan
577,54.2105263158,0.2797217351,nan,0.0011904887,29.2427471686,nan,nan,nan,nan,nan,nan,nan
578,54.2105263158,0.9350657444,nan,0.0000011637,59.3416620800,nan,nan,nan,nan,nan,nan,nan
579,54.2105263158,0.6076303035,nan,0.0000950513,40.2204200963,nan,nan,nan,nan,nan,nan,nan
580,54.2105263158,0.3585102735,nan,0.0007698773,31.1357850451,nan,nan,nan,nan,nan,nan,nan
581,54.2105263158,0.1662493912,nan,0.0018442524,27.3417963357,nan,nan,nan,nan,nan,nan,nan
582,54.2105263158,0.3754307940,nan,0.0006912426,31.6036952653,nan,nan,nan,nan,nan,nan,nan
583,54.2105263158,1.1083258013,nan,0.0000000529,72.7662349260,nan,nan,nan,nan,nan,nan,nan
584,54.2105263158,1.4401262886,nan,0.0000000000,104.8735261236,nan,nan,nan,nan,nan,nan,nan
585,54.2105263158,0.2267073129,nan,0.0015019370,28.2334828619,nan,nan,nan,nan,nan,nan,nan
586,54.2105263158,0.0603214952,nan,0.0022678369,26.4438818972,nan,nan,nan,nan,nan,nan,nan
587,54.2105263158,0.8042920860,nan,0.0000084620,50.7252839485,nan,nan,nan,nan,nan,nan,nan
588,54.2105263158,0.7046554294,nan,0.0000313681,45.0351141479,nan,nan,nan,nan,nan,nan,nan
589,54.2105263158,0.4876066402,nan,0.0002981875,35.2551063866,nan,nan,nan,nan,nan,nan,nan
590,54.2105263158,0.3537482866,nan,0.0007928638,31.0080139991,nan,nan,nan,nan,nan,nan,nan
591,54.2105263158,0.5109100270,nan,0.0002435844,36.1335051398,nan,nan,nan,nan,nan,nan,nan
592,54.2105263158,0.3807885187,nan,0.0006673628,31.7563801921,nan,nan,nan,nan,nan,nan,nan
593,54.2105263158,0.9189119909,nan,0.0000015112,58.2067479855,nan,nan,nan,nan,nan,nan,nan
594,54.2105263158,1.0641425110,nan,0.0000001223,69.1252073814,nan,nan,nan,nan,nan,nan,nan
595,54.2105263158,0.7967732830,nan,0.0000093983,50.2695121316,nan,nan,nan,nan,nan,nan,nan
596,54.2105263158,0.4584173211,nan,0.0003790501,34.2130335379,nan,nan,nan,nan,nan,nan,nan
597,54.2105263158,0.4728791209,nan,0.0003371911,34.7212393837,nan,nan,nan,nan,nan,nan,nan
598,54.2105263158,0.2361033456,nan,0.0014464851,28.3968605035,nan,nan,nan,nan,nan,nan,nan
599,54.2105263158,0.1281370460,nan,0.0020316826,26.9214413419,nan,nan,nan,nan,nan,nan,nan
600,54.2105263158,0.4336582685,nan,0.0004592156,33.3798334284,nan,nan,nan,nan,nan,nan,nan
601,54.2105263158,1.0111203115,nan,0.0000003197,64.9524797804,nan,nan,nan,nan,nan,nan,nan
602,54.2105263158,0.6009240352,nan,0.0001019977,39.9140976816,nan,nan,nan,nan,nan,nan,nan
603,54.2105263158,1.1828357169,nan,0.0000000119,79.2440105946,nan,nan,nan,nan,nan,nan,nan
604,54.2105263158,1.3301931599,nan,0.0000000005,93.3037050526,nan,nan,nan,nan,nan,nan,nan
605,54.2105263158,0.4864378406,nan,0.0003011524,35.2121360200,nan,nan,nan,nan,nan,nan,nan
606,54.2105263158,0.5332877699,nan,0.0001987995,37.0158470988,nan,nan,nan,nan,nan,nan,nan
607,54.2105263158,0.6387213629,nan,0.0000678381,41.6852630288,nan,nan,nan,nan,nan,nan,nan
608,54.2105263158,0.7680536404,nan,0.0000139052,48.5682412261,nan,nan,nan,nan,nan,nan,nan
609,54.2105263158,0.6185188436,nan,0.0000846240,40.7250623425,nan,nan,nan,nan,nan,nan,nan
610,54.2105263158,0.6144464806,nan,0.0000884043,40.5352681555,nan,nan,nan,nan,nan,nan,nan
611,54.2105263158,0.2933862075,nan,0.0011124080,29.5373590417,nan,nan,nan,nan,nan,nan,nan
612,54.2105263158,0.2886892463,nan,0.0011390699,29.4344961270,nan,nan,nan,nan,nan,nan,nan
613,54.2105263158,0.6050238125,nan,0.0000977022,40.1009569485,nan,nan,nan,nan,nan,nan,nan
614,54.2105263158,1.7881245768,nan,0.0000000000,147.5933497857,nan,nan,nan,nan,nan,nan,nan
615,54.2105263158,0.8019064913,nan,0.0000087494,50.5802084049,nan,nan,nan,nan,nan,nan,nan
616,54.2105263158,1.0519692231,nan,0.0000001532,68.1482222901,nan,nan,nan,nan,nan,nan,nan
617,54.2105263158,0.4096240816,nan,0.0005475790,32.6155323072,nan,nan,nan,nan,nan,nan,nan
618,54.2105263158,1.2734619411,nan,0.0000000017,87.6944389767,nan,nan,nan,nan,nan,nan,nan
619,54.2105263158,0.5144887936,nan,0.0002359360,36.2720578110,nan,nan,nan,nan,nan,nan,nan
620,54.2105263158,0.0351892766,nan,0.0023149570,26.3545707028,nan,nan,nan,nan,nan,nan,nan
621,54.2105263158,0.3487619710,nan,0.0008173223,30.8760662858,nan,nan,nan,nan,nan,nan,nan
622,54.2105263158,0.2987151412,nan,0.0010824093,29.6560848049,nan,nan,nan,nan,nan,nan,nan
623,54.2105263158,1.0585821597,nan,0.0000001356,68.6775500043,nan,nan,nan,nan,nan,nan,nan
624,54.2105263158,0.3579830844,nan,0.0007724039,31.1215551698,nan,nan,nan,nan,nan,nan,nan
625,54.2105263158,0.8938238267,nan,0.0000022472,56.4835791157,nan,nan,nan,nan,nan,nan,nan
626,54.2105263158,0.2564523283,nan,0.0013263025,28.7735740590,nan,nan,nan,nan,nan,nan,nan
627,54.2105263158,0.6813585929,nan,0.0000415557,43.8136924441,nan,nan,nan,nan,nan,nan,nan
628,54.2105263158,0.2421105721,nan,0.0014109733,28.5048121063,nan,nan,nan,nan,nan,nan,nan
629,54.2105263158,0.9548581017,nan,0.0000008396,60.7593434207,nan,nan,nan,nan,nan,nan,nan
630,54.2105263158,0.3128371726,nan,0.0010043574,29.9811172511,nan,nan,nan,nan,nan,nan,nan
631,54.2105263158,0.3867186134,nan,0.0006415175,31.9279148925,nan,nan,nan,nan,nan,nan,nan
632,54.2105263158,0.4494634505,nan,0.0004067857,33.9063430516,nan,nan,nan,nan,nan,nan,nan
633,54.2105263158,0.2627977826,nan,0.0012890056,28.8974520311,nan,nan,nan,nan,nan,nan,nan
634,54.2105263158,0.3589959221,nan,0.0007675537,31.1489123068,nan,nan,nan,nan,nan,nan,nan
635,54.2105263158,0.5336420793,nan,0.0001981471,37.0301233529,nan,nan,nan,nan,nan,nan,nan
636,54.2105263158,0.8259300160,nan,0.0000062216,52.0609592598,nan,nan,nan,nan,nan,nan,nan
637,54.2105263158,0.7455234844,nan,0.0000187172,47.2775953827,nan,nan,nan,nan,nan,nan,nan
638,54.2105263158,0.4923174624,nan,0.0002864607,35.4293494928,nan,nan,nan,nan,nan,nan,nan
639,54.2105263158,0.4038798602,nan,0.0005702493,32.4393526988,nan,nan,nan,nan,nan,nan,nan
640,54.2105263158,1.3137279588,nan,0.0000000007,91.6503840806,nan,nan,nan,nan,nan,nan,nan
641,54.2105263158,0.8120491197,nan,0.0000075858,51.2000110387,nan,nan,nan,nan,nan,nan,nan
642,54.2105263158,1.1063480690,nan,0.0000000550,72.6000692103,nan,nan,nan,nan,nan,nan,nan
643,54.2105263158,0.4249902063,nan,0.0004898770,33.0991299301,nan,nan,nan,nan,nan,nan,nan
644,54.2105263158,0.5663097992,nan,0.0001449637,38.3874075151,nan,nan,nan,nan,nan,nan,nan
645,54.2105263158,1.0542260775,nan,0.0000001469,68.3284954039,nan,nan,nan,nan,nan,nan,nan
646,54.2105263158,0.1734607911,nan,0.0018056522,27.4336590894,nan,nan,nan,nan,nan,nan,nan
647,54.2105263158,1.0827637389,nan,0.0000000863,70.6415655670,nan,nan,nan,nan,nan,nan,nan
648,54.2105263158,0.4428620983,nan,0.0004281412,33.6841296229,nan,nan,nan,nan,nan,nan,nan
649,54.2105263158,0.7296663086,nan,0.0000229488,46.3923925726,nan,nan,nan,nan,nan,nan,nan
650,54.2105263158,0.7728522649,nan,0.0000130373,48.8481260491,nan,nan,nan,nan,nan,nan,nan
651,54.2105263158,0.9689636395,nan,0.0000006625,61.7879260022,nan,nan,nan,nan,nan,nan,nan
652,54.2105263158,0.4154996687,nan,0.0005250092,32.7983311288,nan,nan,nan,nan,nan,nan,nan
653,54.2105263158,0.9370856601,nan,0.0000011259,59.4849750521,nan,nan,nan,nan,nan,nan,nan
654,54.2105263158,1.0293779284,nan,0.0000002309,66.3650944495,nan,nan,nan,nan,nan,nan,nan
655,54.2105263158,1.2922353310,nan,0.0000000011,89.5234183655,nan,nan,nan,nan,nan,nan,nan
656,54.2105263158,0.9097495038,nan,0.0000017491,57.5718636158,nan,nan,nan,nan,nan,nan,nan
657,54.2105263158,0.6210241548,nan,0.0000823673,40.8424501970,nan,nan,nan,nan,nan,nan,nan
658,54.2105263158,0.6504616109,nan,0.0000594630,42.2575285737,nan,nan,nan,nan,nan,nan,nan
659,54.2105263158,0.5514154893,nan,0.0001675516,37.7585147186,nan,nan,nan,nan,nan,nan,nan
660,54.2105263158,0.9691533541,nan,0.0000006604,61.8018635121,nan,nan,nan,nan,nan,nan,nan
661,54.2105263158,0.0450440258,nan,0.0022993464,26.3839558917,nan,nan,nan,nan,nan,nan,nan
662,54.2105263158,0.6533660475,nan,0.0000575344,42.4007204127,nan,nan,nan,nan,nan,nan,nan
663,54.2105263158,0.1893599494,nan,0.0017178853,27.6500582702,nan,nan,nan,nan,nan,nan,nan
664,54.2105263158,0.5751843851,nan,0.0001327351,38.7701437860,nan,nan,nan,nan,nan,nan,nan
665,54.2105263158,0.7839324306,nan,0.0000112174,49.5010895824,nan,nan,nan,nan,nan,nan,nan
666,54.2105263158,0.3568598777,nan,0.0007778023,31.0913078678,nan,nan,nan,nan,nan,nan,nan
667,54.2105263158,0.3480911967,nan,0.0008206425,30.8584600995,nan,nan,nan,nan,nan,nan,nan
668,54.2105263158,0.5735705327,nan,0.0001348933,38.7000973427,nan,nan,nan,nan,nan,nan,nan
669,54.2105263158,0.1029823933,nan,0.0021360163,26.7039544102,nan,nan,nan,nan,nan,nan,nan
670,54.2105263158,1.1412110959,nan,0.0000000277,75.5729684767,nan,nan,nan,nan,nan,nan,nan
671,54.2105263158,0.4556855537,nan,0.0003873630,34.1188190174,nan,nan,nan,nan,nan,nan,nan
672,54.2105263158,0.4546074453,nan,0.0003906796,34.0817926258,nan,nan,nan,nan,nan,nan,nan
673,54.2105263158,0.6786028010,nan,0.0000429344,43.6719425398,nan,nan,nan,nan,nan,nan,nan
674,54.2105263158,0.2871812706,nan,0.0011476710,29.4018258462,nan,nan,nan,nan,nan,nan,nan
675,54.2105263158,0.3071736475,nan,0.0010353921,29.8489515244,nan,nan,nan,nan,nan,nan,nan
676,54.2105263158,0.6126803633,nan,0.0000900876,40.4533497001,nan,nan,nan,nan,nan,nan,nan
677,54.2105263158,0.7125615683,nan,0.0000284511,45.4590125121,nan,nan,nan,nan,nan,nan,nan
678,54.2105263158,1.2100167725,nan,0.0000000067,81.7126349062,nan,nan,nan,nan,nan,nan,nan
679,54.2105263158,0.4923508807,nan,0.0002863788,35.4305915851,nan,nan,nan,nan,nan,nan,nan
680,54.2105263158,1.0698441787,nan,0.0000001100,69.5866925140,nan,nan,nan,nan,nan,nan,nan
681,54.2105263158,1.0675959879,nan,0.0000001147,69.4044307353,nan,nan,nan,nan,nan,nan,nan
682,54.2105263158,0.8798586539,nan,0.0000027892,55.5451793857,nan,nan,nan,nan,nan,nan,nan
683,54.2105263158,1.2666662938,nan,0.0000000020,87.0390182662,nan,nan,nan,nan,nan,nan,nan
684,54.2105263158,1.3946120954,nan,0.0000000001,99.9713445034,nan,nan,nan,nan,nan,nan,nan
685,54.2105263158,0.5275527878,nan,0.0002095997,36.7860934129,nan,nan,nan,nan,nan,nan,nan
686,54.2105263158,0.6989238756,nan,0.0000336451,44.7307845361,nan,nan,nan,nan,nan,nan,nan
687,54.2105263158,0.8761823062,nan,0.0000029508,55.3006168464,nan,nan,nan,nan,nan,nan,nan
688,54.2105263158,0.1500471887,nan,0.0019276520,27.1497135807,nan,nan,nan,nan,nan,nan,nan
689,54.2105263158,0.2561274975,nan,0.0013282155,28.7673145756,nan,nan,nan,nan,nan,nan,nan
690,54.2105263158,0.3760414542,nan,0.0006884956,31.6209879964,nan,nan,nan,nan,nan,nan,nan
691,54.2105263158,0.5184636561,nan,0.0002276624,36.4270860945,nan,nan,nan,nan,nan,nan,nan
692,54.2105263158,0.4854601088,nan,0.0003036498,35.1762698751,nan,nan,nan,nan,nan,nan,nan
693,54.2105263158,1.0321121067,nan,0.0000002198,66.5788311088,nan,nan,nan,nan,nan,nan,nan
694,54.2105263158,0.7744209594,nan,0.0000127644,48.9400022338,nan,nan,nan,nan,nan,nan,nan
695,54.2105263158,1.0746041456,nan,0.0000001006,69.9738581461,nan,nan,nan,nan,nan,nan,nan
696,54.2105263158,0.5806085275,nan,0.0001256892,39.0070205480,nan,nan,nan,nan,nan,nan,nan
697,54.2105263158,0.1240367204,nan,0.0020498685,26.8827399708,nan,nan,nan,nan,nan,nan,nan
698,54.2105263158,0.7627825397,nan,0.0000149183,48.2628202716,nan,nan,nan,nan,nan,nan,nan
699,54.2105263158,0.6172147699,nan,0.0000858193,40.6641481328,nan,nan,nan,nan,nan,nan,nan
700,54.2105263158,0.4671576989,nan,0.0003533229,34.5182827290,nan,nan,nan,nan,nan,nan,nan
701,54.2105263158,0.5804633231,nan,0.0001258737,39.0006502092,nan,nan,nan,nan,nan,nan,nan
702,54.2105263158,0.2594427336,nan,0.0013087075,28.8315741500,nan,nan,nan,nan,nan,nan,nan
703,54.2105263158,0.2871050798,nan,0.0011481061,29.4001797426,nan,nan,nan,nan,nan,nan,nan
704,54.2105263158,1.0492507567,nan,0.0000001610,67.9315926475,nan,nan,nan,nan,nan,nan,nan
705,54.2105263158,0.4518533039,nan,0.0003992450,33.9876054758,nan,nan,nan,nan,nan,nan,nan
706,54.2105263158,0.5174031311,nan,0.0002298473,36.3856058897,nan,nan,nan,nan,nan,nan,nan
707,54.2105263158,0.5756050504,nan,0.0001321772,38.7884345647,nan,nan,nan,nan,nan,nan,nan
708,54.2105263158,0.7392608750,nan,0.0000202969,46.9257067941,nan,nan,nan,nan,nan,nan,nan
709,54.2105263158,0.4524876914,nan,0.0003972602,34.0092494484,nan,nan,nan,nan,nan,nan,nan
710,54.2105263158,0.5949480099,nan,0.0001085422,39.6440127366,nan,nan,nan,nan,nan,nan,nan
711,54.2105263158,1.1256839416,nan,0.0000000377,74.2374489215,nan,nan,nan,nan,nan,nan,nan
712,54.2105263158,1.1056543030,nan,0.0000000557,72.5418509162,nan,nan,nan,nan,nan,nan,nan
713,54.2105263158,0.6288838779,nan,0.0000756167,41.2138209220,nan,nan,nan,nan,nan,nan,nan
714,54.2105263158,0.5698167214,nan,0.0001400253,38.5379357331,nan,nan,nan,nan,nan,nan,nan
715,54.2105263158,0.4335671440,nan,0.0004595309,33.3768528245,nan,nan,nan,nan,nan,nan,nan
716,54.2105263158,0.4018223976,nan,0.0005785145,32.3768576870,nan,nan,nan,nan,nan,nan,nan
717,54.2105263158,1.4636808790,nan,0.0000000000,107.4727140977,nan,nan,nan,nan,nan,nan,nan
718,54.2105263158,0.5293004501,nan,0.0002062603,36.8558431145,nan,nan,nan,nan,nan,nan,nan
719,54.2105263158,1.0424369155,nan,0.0000001823,67.3910885477,nan,nan,nan,nan,nan,nan,nan
720,54.2105263158,0.7168748474,nan,0.0000269632,45.6922812169,nan,nan,nan,nan,nan,nan,nan
721,54.2105263158,0.9564728988,nan,0.0000008173,60.8763259442,nan,nan,nan,nan,nan,nan,nan
722,54.2105263158,0.4151518407,nan,0.0005263278,32.7874367027,nan,nan,nan,nan,nan,nan,nan
723,54.2105263158,0.7097898962,nan,0.0000294451,45.3098638201,nan,nan,nan,nan,nan,nan,nan
724,54.2105263158,0.6362481956,nan,0.0000697261,41.5660485103,nan,nan,nan,nan,nan,nan,nan
725,54.2105263158,0.5852271962,nan,0.0001199365,39.2104851390,nan,nan,nan,nan,nan,nan,nan
726,54.2105263158,0.7318675759,nan,0.0000223145,46.5141304136,nan,nan,nan,nan,nan,nan,nan
727,54.2105263158,1.0447367152,nan,0.0000001749,67.5731227170,nan,nan,nan,nan,nan,nan,nan
728,54.2105263158,0.3707170923,nan,0.0007126620,31.4711638411,nan,nan,nan,nan,nan,nan,nan
729,54.2105263158,0.3695197224,nan,0.0007181635,31.4377666882,nan,nan,nan,nan,nan,nan,nan
730,54.2105263158,0.7402784742,nan,0.0000200323,46.9826812544,nan,nan,nan,nan,nan,nan,nan
731,54.2105263158,0.5032658352,nan,0.0002605663,35.8408178161,nan,nan,nan,nan,nan,nan,nan
732,54.2105263158,1.2250417382,nan,0.0000000049,83.1014445627,nan,nan,nan,nan,nan,nan,nan
733,54.2105263158,0.3133918104,nan,0.0010013385,29.9941910642,nan,nan,nan,nan,nan,nan,nan
734,54.2105263158,0.6271948693,nan,0.0000770261,41.1336190808,nan,nan,nan,nan,nan,nan,nan
735,54.2105263158,0.4808754341,nan,0.0003155689,35.0090587012,nan,nan,nan,nan,nan,nan,nan
736,54.2105263158,0.4235603369,nan,0.0004950655,33.0533734577,nan,nan,nan,nan,nan,nan,nan
737,54.2105263158,0.5426189858,nan,0.0001821791,37.3950146903,nan,nan,nan,nan,nan,nan,nan
738,54.2105263158,0.3455744601,nan,0.0008331619,30.7927059406,nan,nan,nan,nan,nan,nan,nan
739,54.2105263158,1.0760699239,nan,0.0000000979,70.0934297296,nan,nan,nan,nan,nan,nan,nan
740,54.2105263158,0.9125479832,nan,0.0000016730,57.7650960018,nan,nan,nan,nan,nan,nan,nan
741,54.2105263158,1.3126370559,nan,0.0000000007,91.5415750796,nan,nan,nan,nan,nan,nan,nan
742,54.2105263158,1.0477378745,nan,0.0000001655,67.8112780989,nan,nan,nan,nan,nan,nan,nan
743,54.2105263158,0.3816538151,nan,0.0006635530,31.7812436748,nan,nan,nan,nan,nan,nan,nan
744,54.2105263158,0.8643619949,nan,0.0000035308,54.5212734874,nan,nan,nan,nan,nan,nan,nan
745,54.2105263158,1.2520455229,nan,0.0000000027,85.6408493974,nan,nan,nan,nan,nan,nan,nan
746,54.2105263158,0.6027419442,nan,0.0001000738,39.9967964160,nan,nan,nan,nan,nan,nan,nan
747,54.2105263158,1.0344406554,nan,0.0000002108,66.7613086322,nan,nan,nan,nan,nan,nan,nan
748,54.2105263158,0.3611547131,nan,0.0007572719,31.2074816319,nan,nan,nan,nan,nan,nan,nan
749,54.2105263158,1.1137378727,nan,0.0000000476,73.2224746905,nan,nan,nan,nan,nan,nan,nan
750,54.2105263158,0.9220156784,nan,0.0000014377,58.4232593370,nan,nan,nan,nan,nan,nan,nan
751,54.2105263158,0.5107387999,nan,0.0002439551,36.1269004427,nan,nan,nan,nan,nan,nan,nan
752,54.2105263158,0.0954705723,nan,0.0021635950,26.6482402277,nan,nan,nan,nan,nan,nan,nan
753,54.2105263158,0.3195908647,nan,0.0009678544,30.1418996776,nan,nan,nan,nan,nan,nan,nan
754,54.2105263158,0.8565113013,nan,0.0000039723,54.0095432053,nan,nan,nan,nan,nan,nan,nan
755,54.2105263158,0.5225810306,nan,0.0002193341,36.5889385394,nan,nan,nan,nan,nan,nan,nan
756,54.2105263158,0.5271529529,nan,0.0002103697,36.7701685143,nan,nan,nan,nan,nan,nan,nan
757,54.2105263158,0.3793794031,nan,0.0006735949,31.7160121017,nan,nan,nan,nan,nan,nan,nan
758,54.2105263158,0.8092485836,nan,0.0000078921,51.0280906145,nan,nan,nan,nan,nan,nan,nan
759,54.2105263158,0.6311170573,nan,0.0000737871,41.3201956592,nan,nan,nan,nan,nan,nan,nan
760,54.2105263158,0.5962967927,nan,0.0001070352,39.7047333034,nan,nan,nan,nan,nan,nan,nan
761,54.2105263158,1.0897621570,nan,0.0000000755,71.2183017431,nan,nan,nan,nan,nan,nan,nan
762,54.2105263158,0.3289196154,nan,0.0009184027,30.3696685770,nan,nan,nan,nan,nan,nan,nan
763,54.2105263158,0.8839169694,nan,0.0000026204,55.8163481732,nan,nan,nan,nan,nan,nan,nan
764,54.2105263158,0.2567087461,nan,0.0013247927,28.7785208632,nan,nan,nan,nan,nan,nan,nan
765,54.2105263158,0.2440365462,nan,0.0013995873,28.5400001655,nan,nan,nan,nan,nan,nan,nan
766,54.2105263158,1.3927631102,nan,0.0000000001,99.7755444027,nan,nan,nan,nan,nan,nan,nan
767,54.2105263158,0.5392443675,nan,0.0001880561,37.2571254870,nan,nan,nan,nan,nan,nan,nan
768,54.2105263158,0.1260077390,nan,0.0020411806,26.9011855850,nan,nan,nan,nan,nan,nan,nan
769,54.2105263158,0.1679938896,nan,0.0018349917,27.3636588779,nan,nan,nan,nan,nan,nan,nan
770,54.2105263158,1.0966917712,nan,0.0000000662,71.7930517192,nan,nan,nan,nan,nan,nan,nan
771,54.2105263158,0.7924872174,nan,0.0000099733,50.0116285772,nan,nan,nan,nan,nan,nan,nan
772,54.2105263158,0.2333187136,nan,0.0014629364,28.3477455063,nan,nan,nan,nan,nan,nan,nan
773,54.2105263158,0.2805700541,nan,0.0011855979,29.2606257553,nan,nan,nan,nan,nan,nan,nan
774,54.2105263158,0.5673951125,nan,0.0001434203,38.4338926914,nan,nan,nan,nan,nan,nan,nan
775,54.2105263158,0.2602936277,nan,0.0013037066,28.8482012242,nan,nan,nan,nan,nan,nan,nan
776,54.2105263158,0.3097117640,nan,0.0010214377,29.9078813500,nan,nan,nan,nan,nan,nan,nan
777,54.2105263158,0.5483839449,nan,0.0001724814,37.6325772614,nan,nan,nan,nan,nan,nan,nan
778,54.2105263158,0.3940012084,nan,0.0006106296,32.1422213798,nan,nan,nan,nan,nan,nan,nan
779,54.2105263158,0.3734695712,nan,0.0007001082,31.5483484365,nan,nan,nan,nan,nan,nan,nan
780,54.2105263158,0.6680824474,nan,0.0000485722,43.1361214398,nan,nan,nan,nan,nan,nan,nan
781,54.2105263158,0.5545028169,nan,0.0001626489,37.8874875484,nan,nan,nan,nan,nan,nan,nan
782,54.2105263158,0.7980215471,nan,0.0000092366,50.3448807254,nan,nan,nan,nan,nan,nan,nan
783,54.2105263158,0.1738126317,nan,0.0018037480,27.4382414361,nan,nan,nan,nan,nan,nan,nan
784,54.2105263158,0.5670891492,nan,0.0001438541,38.4207788779,nan,nan,nan,nan,nan,nan,nan
785,54.2105263158,0.5443171989,nan,0.0001792779,37.4647322260,nan,nan,nan,nan,nan,nan,nan
786,54.2105263158,0.7449341155,nan,0.0000188610,47.2443521250,nan,nan,nan,nan,nan,nan,nan
787,54.2105263158,0.7087828806,nan,0.0000298139,45.2558193408,nan,nan,nan,nan,nan,nan,nan
788,54.2105263158,0.8984022913,nan,0.0000020920,56.7944688256,nan,nan,nan,nan,nan,nan,nan
789,54.2105263158,0.9556622189,nan,0.0000008284,60.8175721060,nan,nan,nan,nan,nan,nan,nan
790,54.2105263158,1.2424289560,nan,0.0000000034,84.7301313877,nan,nan,nan,nan,nan,nan,nan
791,54.2105263158,0.2718413462,nan,0.0012361555,29.0792687798,nan,nan,nan,nan,nan,nan,nan
792,54.2105263158,1.1992145297,nan,0.0000000085,80.7248019212,nan,nan,nan,nan,nan,nan,nan
793,54.2105263158,1.1289670794,nan,0.0000000353,74.5183030432,nan,nan,nan,nan,nan,nan,nan
794,54.2105263158,0.6657723505,nan,0.0000498931,43.0195918266,nan,nan,nan,nan,nan,nan,nan
795,54.2105263158,0.2762379120,nan,0.0012106272,29.1698957180,nan,nan,nan,nan,nan,nan,nan
796,54.2105263158,0.7186595329,nan,0.0000263681,45.7892140346,nan,nan,nan,nan,nan,nan,nan
797,54.2105263158,1.1112383704,nan,0.0000000500,73.0114877523,nan,nan,nan,nan,nan,nan,nan
798,54.2105263158,0.7860689521,nan,0.0000108941,49.6280721693,nan,nan,nan,nan,nan,nan,nan
799,54.2105263158,1.0762548553,nan,0.0000000975,70.1085272521,nan,nan,nan,nan,nan,nan,nan
800,54.2105263158,0.2060013042,nan,0.0016229289,27.8970051780,nan,nan,nan,nan,nan,nan,nan
801,54.2105263158,0.2037041769,nan,0.0016361862,27.8616727961,nan,nan,nan,nan,nan,nan,nan
802,54.2105263158,0.5615118746,nan,0.0001519505,38.1829800803,nan,nan,nan,nan,nan,nan,nan
803,54.2105263158,1.0382922167,nan,0.0000001966,67.0640458135,nan,nan,nan,nan,nan,nan,nan
804,54.2105263158,1.0115846789,nan,0.0000003171,64.9880932288,nan,nan,nan,nan,nan,nan,nan
805,54.2105263158,0.3883381821,nan,0.0006345668,31.9752264438,nan,nan,nan,nan,nan,nan,nan
806,54.2105263158,0.2111918676,nan,0.0015928284,27.9783100636,nan,nan,nan,nan,nan,nan,nan
807,54.2105263158,1.3274375068,nan,0.0000000005,93.0255578266,nan,nan,nan,nan,nan,nan,nan
808,54.2105263158,0.0627423493,nan,0.0022620473,26.4549831917,nan,nan,nan,nan,nan,nan,nan
809,54.2105263158,0.9981482532,nan,0.0000004014,63.9642710455,nan,nan,nan,nan,nan,nan,nan
810,54.2105263158,0.9027635769,nan,0.0000019534,57.0920978854,nan,nan,nan,nan,nan,nan,nan
811,54.2105263158,0.3005489279,nan,0.0010721516,29.6974379036,nan,nan,nan,nan,nan,nan,nan
812,54.2105263158,1.0121448027,nan,0.0000003140,65.0310723638,nan,nan,nan,nan,nan,nan,nan
813,54.2105263158,0.4595945259,nan,0.0003755080,34.2538082442,nan,nan,nan,nan,nan,nan,nan
814,54.2105263158,0.4275293594,nan,0.0004807545,33.1807664160,nan,nan,nan,nan,nan,nan,nan
815,54.2105263158,0.7489302960,nan,0.0000179049,47.4702744663,nan,nan,nan,nan,nan,nan,nan
816,54.2105263158,1.1430175540,nan,0.0000000267,75.7295407796,nan,nan,nan,nan,nan,nan,nan
817,54.2105263158,1.1850363489,nan,0.0000000114,79.4417758874,nan,nan,nan,nan,nan,nan,nan
818,54.2105263158,0.3788124280,nan,0.0006761122,31.6998119881,nan,nan,nan,nan,nan,nan,nan
819,54.2105263158,0.7641690315,nan,0.0000146455,48.3429520004,nan,nan,nan,nan,nan,nan,nan
820,54.2105263158,0.8604667773,nan,0.0000037439,54.2667850306,nan,nan,nan,nan,nan,nan,nan
821,54.2105263158,1.1803072496,nan,0.0000000125,79.0172401950,nan,nan,nan,nan,nan,nan,nan
822,54.2105263158,1.0988641038,nan,0.0000000635,71.9739821369,nan,nan,nan,nan,nan,nan,nan
823,54.2105263158,0.5032504976,nan,0.0002606013,35.8402350225,nan,nan,nan,nan,nan,nan,nan
824,54.2105263158,0.1934419742,nan,0.0016948463,27.7086967635,nan,nan,nan,nan,nan,nan,nan
825,54.2105263158,0.5198322242,nan,0.0002248671,36.4807410625,nan,nan,nan,nan,nan,nan,nan
826,54.2105263158,1.6565065824,nan,0.0000000000,130.3463593078,nan,nan,nan,nan,nan,nan,nan
827,54.2105263158,0.7321161562,nan,0.0000222438,46.5279009694,nan,nan,nan,nan,nan,nan,nan
828,54.2105263158,1.0874572579,nan,0.0000000789,71.0279432476,nan,nan,nan,nan,nan,nan,nan
829,54.2105263158,0.2927225425,nan,0.0011161631,29.5227235179,nan,nan,nan,nan,nan,nan,nan
830,54.2105263158,0.8500655571,nan,0.0000043723,53.5929035310,nan,nan,nan,nan,nan,nan,nan
831,54.2105263158,1.0592723112,nan,0.0000001339,68.7329850225,nan,nan,nan,nan,nan,nan,nan
832,54.2105263158,1.2138199256,nan,0.0000000062,82.0625434406,nan,nan,nan,nan,nan,nan,nan
833,54.2105263158,0.9798735865,nan,0.0000005503,62.5938938222,nan,nan,nan,nan,nan,nan,nan
834,54.2105263158,0.2157955585,nan,0.0015659844,28.0521257590,nan,nan,nan,nan,nan,nan,nan
835,54.2105263158,0.1196341916,nan,0.0020689043,26.8425958836,nan,nan,nan,nan,nan,nan,nan
836,54.2105263158,1.2152426049,nan,0.0000000060,82.1937208011,nan,nan,nan,nan,nan,nan,nan
837,54.2105263158,0.7434898150,nan,0.0000192176,47.1629984352,nan,nan,nan,nan,nan,nan,nan
838,54.2105263158,0.6629450277,nan,0.0000515522,42.8775241937,nan,nan,nan,nan,nan,nan,nan
839,54.2105263158,1.2516961089,nan,0.0000000027,85.6076351393,nan,nan,nan,nan,nan,nan,nan
840,54.2105263158,0.5004293195,nan,0.0002670951,35.7333401889,nan,nan,nan,nan,nan,nan,nan
841,54.2105263158,1.2361349341,nan,0.0000000039,84.1378938635,nan,nan,nan,nan,nan,nan,nan
842,54.2105263158,0.6018639921,nan,0.0001009991,39.9568259998,nan,nan,nan,nan,nan,nan,nan
843,54.2105263158,0.5705338875,nan,0.0001390326,38.5688339370,nan,nan,nan,nan,nan,nan,nan
844,54.2105263158,0.2048478814,nan,0.0016295908,27.8792144169,nan,nan,nan,nan,nan,nan,nan
845,54.2105263158,0.5224068528,nan,0.0002196815,36.5820655824,nan,nan,nan,nan,nan,nan,nan
846,54.2105263158,0.5603779110,nan,0.0001536413,38.1349204512,nan,nan,nan,nan,nan,nan,nan
847,54.2105263158,0.3647225174,nan,0.0007404483,31.3050528686,nan,nan,nan,nan,nan,nan,nan
848,54.2105263158,0.5583159507,nan,0.0001567552,38.0477809740,nan,nan,nan,nan,nan,nan,nan
849,54.2105263158,0.5727627522,nan,0.0001359843,38.6651114115,nan,nan,nan,nan,nan,nan,nan
850,54.2105263158,0.8168694338,nan,0.0000070838,51.4973219797,nan,nan,nan,nan,nan,nan,nan
851,54.2105263158,0.1976446337,nan,0.0016709433,27.7703829474,nan,nan,nan,nan,nan,nan,nan
852,54.2105263158,0.5471980272,nan,0.0001744415,37.5835015514,nan,nan,nan,nan,nan,nan,nan
853,54.2105263158,1.0168941857,nan,0.0000002886,65.3964616158,nan,nan,nan,nan,nan,nan,nan
854,54.2105263158,0.3249419306,nan,0.0009393460,30.2717438947,nan,nan,nan,nan,nan,nan,nan
855,54.2105263158,0.2087411441,nan,0.0016070640,27.9396683063,nan,nan,nan,nan,nan,nan,nan
856,54.2105263158,0.9922978148,nan,0.0000004443,63.5227867537,nan,nan,nan,nan,nan,nan,nan
857,54.2105263158,0.9636042548,nan,0.0000007252,61.3953293575,nan,nan,nan,nan,nan,nan,nan
858,54.2105263158,0.7858736450,nan,0.0000109233,49.6164497984,nan,nan,nan,nan,nan,nan,nan
859,54.2105263158,0.8384856300,nan,0.0000051852,52.8523556229,nan,nan,nan,nan,nan,nan,nan
860,54.2105263158,0.9978984542,nan,0.0000004031,63.9453674045,nan,nan,nan,nan,nan,nan,nan
861,54.2105263158,0.5189911003,nan,0.0002265819,36.4477477879,nan,nan,nan,nan,nan,nan,nan
862,54.2105263158,0.5327525713,nan,0.0001997883,36.9943003356,nan,nan,nan,nan,nan,nan,nan
863,54.2105263158,0.3397165340,nan,0.0008626773,30.6415164933,nan,nan,nan,nan,nan,nan,nan
864,54.2105263158,0.5066873439,nan,0.0002528556,35.9712746091,nan,nan,nan,nan,nan,nan,nan
865,54.2105263158,0.9073505418,nan,0.0000018169,57.4066929015,nan,nan,nan,nan,nan,nan,nan
866,54.2105263158,0.1966553076,nan,0.0016765860,27.7557416717,nan,nan,nan,nan,nan,nan,nan
867,54.2105263158,1.1617348458,nan,0.0000000183,77.3665039409,nan,nan,nan,nan,nan,nan,nan
868,54.2105263158,0.4603695566,nan,0.0003731891,34.2807103344,nan,nan,nan,nan,nan,nan,nan
869,54.2105263158,1.1112489170,nan,0.0000000500,73.0123770039,nan,nan,nan,nan,nan,nan,nan
870,54.2105263158,0.7419891583,nan,0.0000195946,47.0786386252,nan,nan,nan,nan,nan,nan,nan
871,54.2105263158,0.6471909446,nan,0.0000617014,42.0970496371,nan,nan,nan,nan,nan,nan,nan
872,54.2105263158,0.6343598074,nan,0.0000711978,41.4753355202,nan,nan,nan,nan,nan,nan,nan
873,54.2105263158,0.8297359932,nan,0.0000058890,52.2995859335,nan,nan,nan,nan,nan,nan,nan
874,54.2105263158,1.1742417681,nan,0.0000000142,78.4752365362,nan,nan,nan,nan,nan,nan,nan
875,54.2105263158,1.9235634336,nan,0.0000000000,166.7258298884,nan,nan,nan,nan,nan,nan,nan
876,54.2105263158,0.6675290850,nan,0.0000488858,43.1081708548,nan,nan,nan,nan,nan,nan,nan
877,54.2105263158,1.0687513348,nan,0.0000001123,69.4980470101,nan,nan,nan,nan,nan,nan,nan
878,54.2105263158,0.2500645000,nan,0.0013639719,28.6519456674,nan,nan,nan,nan,nan,nan,nan
879,54.2105263158,0.3920047171,nan,0.0006190034,32.0830699367,nan,nan,nan,nan,nan,nan,nan
880,54.2105263158,1.1686863453,nan,0.0000000159,77.9812763386,nan,nan,nan,nan,nan,nan,nan
881,54.2105263158,0.7494237732,nan,0.0000177899,47.4982573553,nan,nan,nan,nan,nan,nan,nan
882,54.2105263158,0.5064707109,nan,0.0002533385,35.9629883568,nan,nan,nan,nan,nan,nan,nan
883,54.2105263158,0.2767230228,nan,0.0012078180,29.1799849850,nan,nan,nan,nan,nan,nan,nan
884,54.2105263158,0.5948513454,nan,0.0001086509,39.6396663332,nan,nan,nan,nan,nan,nan,nan
885,54.2105263158,0.3181389383,nan,0.0009756538,30.1070426822,nan,nan,nan,nan,nan,nan,nan
886,54.2105263158,0.9617393331,nan,0.0000007483,61.2592301335,nan,nan,nan,nan,nan,nan,nan
887,54.2105263158,0.9255316705,nan,0.0000013585,58.6694202463,nan,nan,nan,nan,nan,nan,nan
888,54.2105263158,0.2339447362,nan,0.0014592389,28.3587361276,nan,nan,nan,nan,nan,nan,nan
889,54.2105263158,0.1825628394,nan,0.0017558163,27.5552093201,nan,nan,nan,nan,nan,nan,nan
890,54.2105263158,0.6889158630,nan,0.0000379718,44.2053826124,nan,nan,nan,nan,nan,nan,nan
891,54.2105263158,0.1533887286,nan,0.0019108614,27.1877080557,nan,nan,nan,nan,nan,nan,nan
892,54.2105263158,0.1225480693,nan,0.0020563629,26.8690024993,nan,nan,nan,nan,nan,nan,nan
893,54.2105263158,1.2046598264,nan,0.0000000075,81.2216440268,nan,nan,nan,nan,nan,nan,nan
894,54.2105263158,0.6980345841,nan,0.0000340111,44.6837897430,nan,nan,nan,nan,nan,nan,nan
895,54.2105263158,0.8629699766,nan,0.0000036056,54.4301951664,nan,nan,nan,nan,nan,nan,nan
896,54.2105263158,0.4672400368,nan,0.0003530867,34.5211858799,nan,nan,nan,nan,nan,nan,nan
897,54.2105263158,0.4136999649,nan,0.0005318558,32.7420611934,nan,nan,nan,nan,nan,nan,nan
898,54.2105263158,0.7849212781,nan,0.0000110667,49.5598177778,nan,nan,nan,nan,nan,nan,nan
899,54.2105263158,1.0558109140,nan,0.0000001427,68.4553213792,nan,nan,nan,nan,nan,nan,nan
900,54.2105263158,0.2636482782,nan,0.0012840185,28.9142872110,nan,nan,nan,nan,nan,nan,nan
901,54.2105263158,0.3697405004,nan,0.0007171473,31.4439164751,nan,nan,nan,nan,nan,nan,nan
902,54.2105263158,1.2899662640,nan,0.0000000012,89.3009258468,nan,nan,nan,nan,nan,nan,nan
903,54.2105263158,0.9260000720,nan,0.0000013483,58.7022850375,nan,nan,nan,nan,nan,nan,nan
904,54.2105263158,0.5807617435,nan,0.0001254948,39.0137441087,nan,nan,nan,nan,nan,nan,nan
905,54.2105263158,0.7850928342,nan,0.0000110408,49.5700141728,nan,nan,nan,nan,nan,nan,nan
906,54.2105263158,0.5069323445,nan,0.0002523103,35.9806502226,nan,nan,nan,nan,nan,nan,nan
907,54.2105263158,0.3987661024,nan,0.0005909332,32.2846161995,nan,nan,nan,nan,nan,nan,nan
908,54.2105263158,0.2888393284,nan,0.0011382150,29.4377570738,nan,nan,nan,nan,nan,nan,nan
909,54.2105263158,1.3267049063,nan,0.0000000005,92.9517090195,nan,nan,nan,nan,nan,nan,nan
910,54.2105263158,0.2654632153,nan,0.0012733869,28.9503961045,nan,nan,nan,nan,nan,nan,nan
911,54.2105263158,0.8670529208,nan,0.0000033902,54.6977567588,nan,nan,nan,nan,nan,nan,nan
912,54.2105263158,0.5333750832,nan,0.0001986386,37.0193643466,nan,nan,nan,nan,nan,nan,nan
913,54.2105263158,0.9081899266,nan,0.0000017929,57.4644353971,nan,nan,nan,nan,nan,nan,nan
914,54.2105263158,0.2592427838,nan,0.0013098830,28.8276749367,nan,nan,nan,nan,nan,nan,nan
915,54.2105263158,0.5852525789,nan,0.0001199055,39.2116077960,nan,nan,nan,nan,nan,nan,nan
916,54.2105263158,0.3801638167,nan,0.0006701214,31.7384652599,nan,nan,nan,nan,nan,nan,nan
917,54.2105263158,0.3234719665,nan,0.0009471398,30.2358589341,nan,nan,nan,nan,nan,nan,nan
918,54.2105263158,0.2625283648,nan,0.0012905860,28.8921304417,nan,nan,nan,nan,nan,nan,nan
919,54.2105263158,0.7168393357,nan,0.0000269752,45.6903549094,nan,nan,nan,nan,nan,nan,nan
920,54.2105263158,0.3686908784,nan,0.0007219860,31.4147121688,nan,nan,nan,nan,nan,nan,nan
921,54.2105263158,0.2720404572,nan,0.0012349969,29.0833414512,nan,nan,nan,nan,nan,nan,nan
922,54.2105263158,0.3725505660,nan,0.0007042853,31.5225139457,nan,nan,nan,nan,nan,nan,nan
923,54.2105263158,0.7917713301,nan,0.0000100724,49.9686915501,nan,nan,nan,nan,nan,nan,nan
924,54.2105263158,0.6479627128,nan,0.0000611668,42.1348439409,nan,nan,nan,nan,nan,nan,nan
925,54.2105263158,1.3752244438,nan,0.0000000002,97.9312682940,nan,nan,nan,nan,nan,nan,nan
926,54.2105263158,0.5451874798,nan,0.0001778056,37.5005452254,nan,nan,nan,nan,nan,nan,nan
927,54.2105263158,0.8872711860,nan,0.0000024880,56.0414182062,nan,nan,nan,nan,nan,nan,nan
928,54.2105263158,0.3462555061,nan,0.0008297644,30.8104520808,nan,nan,nan,nan,nan,nan,nan
929,54.2105263158,0.4919452054,nan,0.0002873744,35.4155191722,nan,nan,nan,nan,nan,nan,nan
930,54.2105263158,0.4859915408,nan,0.0003022905,35.1957553915,nan,nan,nan,nan,nan,nan,nan
931,54.2105263158,0.6402174987,nan,0.0000667174,41.7576074474,nan,nan,nan,nan,nan,nan,nan
932,54.2105263158,0.7187944265,nan,0.0000263236,45.7965504596,nan,nan,nan,nan,nan,nan,nan
933,54.2105263158,0.3086555136,nan,0.0010272359,29.8832981188,nan,nan,nan,nan,nan,nan,nan
934,54.2105263158,0.5007130331,nan,0.0002664365,35.7440627920,nan,nan,nan,nan,nan,nan,nan
935,54.2105263158,1.0006268462,nan,0.0000003844,64.1520975289,nan,nan,nan,nan,nan,nan,nan
936,54.2105263158,1.0617032700,nan,0.0000001280,68.9285364032,nan,nan,nan,nan,nan,nan,nan
937,54.2105263158,0.7019292645,nan,0.0000324336,44.8900504819,nan,nan,nan,nan,nan,nan,nan
938,54.2105263158,0.8180263644,nan,0.0000069680,51.5689434818,nan,nan,nan,nan,nan,nan,nan
939,54.2105263158,0.9210716250,nan,0.0000014597,58.3573250103,nan,nan,nan,nan,nan,nan,nan
940,54.2105263158,0.1953667133,nan,0.0016839212,27.7367823052,nan,nan,nan,nan,nan,nan,nan
941,54.2105263158,0.1445725820,nan,0.0019546612,27.0892850193,nan,nan,nan,nan,nan,nan,nan
942,54.2105263158,0.4280962999,nan,0.0004787336,33.1990609822,nan,nan,nan,nan,nan,nan,nan
943,54.2105263158,0.6227502425,nan,0.0000808425,40.9236048766,nan,nan,nan,nan,nan,nan,nan
944,54.2105263158,0.2362934481,nan,0.0014453616,28.4002348873,nan,nan,nan,nan,nan,nan,nan
945,54.2105263158,0.5630914115,nan,0.0001496206,38.2500869122,nan,nan,nan,nan,nan,nan,nan
946,54.2105263158,1.1260643720,nan,0.0000000374,74.2699504586,nan,nan,nan,nan,nan,nan,nan
947,54.2105263158,1.1140869740,nan,0.0000000473,73.2519808405,nan,nan,nan,nan,nan,nan,nan
948,54.2105263158,0.4454479061,nan,0.0004196838,33.7707784491,nan,nan,nan,nan,nan,nan,nan
949,54.2105263158,0.4816288621,nan,0.0003135864,35.0364279296,nan,nan,nan,nan,nan,nan,nan
950,54.2105263158,0.4364377879,nan,0.0004496709,33.4710519368,nan,nan,nan,nan,nan,nan,nan
951,54.2105263158,0.7766840016,nan,0.0000123798,49.0728756475,nan,nan,nan,nan,nan,nan,nan
952,54.2105263158,0.7839771288,nan,0.0000112105,49.5037426218,nan,nan,nan,nan,nan,nan,nan
953,54.2105263158,1.0551463199,nan,0.0000001445,68.4021141343,nan,nan,nan,nan,nan,nan,nan
954,54.2105263158,0.2747650053,nan,0.0012191660,29.1393715523,nan,nan,nan,nan,nan,nan,nan
955,54.2105263158,0.6883417656,nan,0.0000382342,44.1754747976,nan,nan,nan,nan,nan,nan,nan
956,54.2105263158,1.2524160537,nan,0.0000000027,85.6760811517,nan,nan,nan,nan,nan,nan,nan
957,54.2105263158,0.7266267545,nan,0.0000238512,46.2249010255,nan,nan,nan,nan,nan,nan,nan
958,54.2105263158,0.4975230861,nan,0.0002739142,35.6238548677,nan,nan,nan,nan,nan,nan,nan
959,54.2105263158,1.0344355301,nan,0.0000002108,66.7609065372,nan,nan,nan,nan,nan,nan,nan
960,54.2105263158,0.7876873132,nan,0.0000106549,49.7244897519,nan,nan,nan,nan,nan,nan,nan
961,54.2105263158,0.8069576049,nan,0.0000081510,50.8878955036,nan,nan,nan,nan,nan,nan,nan
962,54.2105263158,0.4194191229,nan,0.0005103019,32.9217281467,nan,nan,nan,nan,nan,nan,nan
963,54.2105263158,0.3590802592,nan,0.0007671506,31.1511937918,nan,nan,nan,nan,nan,nan,nan
964,54.2105263158,0.5846888790,nan,0.0001205955,39.1866873264,nan,nan,nan,nan,nan,nan,nan
965,54.2105263158,0.7082412492,nan,0.0000300138,45.2267830165,nan,nan,nan,nan,nan,nan,nan
966,54.2105263158,0.1289528278,nan,0.0020280132,26.9292922343,nan,nan,nan,nan,nan,nan,nan
967,54.2105263158,1.4915132680,nan,0.0000000000,110.5986362313,nan,nan,nan,nan,nan,nan,nan
968,54.2105263158,0.8441641554,nan,0.0000047706,53.2142259374,nan,nan,nan,nan,nan,nan,nan
969,54.2105263158,0.9355716317,nan,0.0000011541,59.3775255689,nan,nan,nan,nan,nan,nan,nan
970,54.2105263158,0.3930590014,nan,0.0006145726,32.1142682780,nan,nan,nan,nan,nan,nan,nan
971,54.2105263158,0.7442269941,nan,0.0000190349,47.2045019634,nan,nan,nan,nan,nan,nan,nan
972,54.2105263158,0.2945880680,nan,0.0011056182,29.5639480476,nan,nan,nan,nan,nan,nan,nan
973,54.2105263158,0.6430725300,nan,0.0000646229,41.8961327377,nan,nan,nan,nan,nan,nan,nan
974,54.2105263158,0.0809796051,nan,0.0022116948,26.5527479873,nan,nan,nan,nan,nan,nan,nan
975,54.2105263158,0.9992205816,nan,0.0000003940,64.0454740011,nan,nan,nan,nan,nan,nan,nan
976,54.2105263158,0.7282012970,nan,0.0000233799,46.3115767663,nan,nan,nan,nan,nan,nan,nan
977,54.2105263158,0.6436844932,nan,0.0000641814,41.9259057329,nan,nan,nan,nan,nan,nan,nan
978,54.2105263158,0.6858011195,nan,0.0000394147,44.0434201171,nan,nan,nan,nan,nan,nan,nan
979,54.2105263158,0.3351387398,nan,0.0008860992,30.5251767532,nan,nan,nan,nan,nan,nan,nan
980,54.2105263158,1.1601027480,nan,0.0000000190,77.2227004256,nan,nan,nan,nan,nan,nan,nan
981,54.2105263158,0.4303343773,nan,0.0004708126,33.2715195947,nan,nan,nan,nan,nan,nan,nan
982,54.2105263158,0.1090770335,nan,0.0021123814,26.7522766506,nan,nan,nan,nan,nan,nan,nan
983,54.2105263158,0.5841391706,nan,0.0001212716,39.1624086752,nan,nan,nan,nan,nan,nan,nan
984,54.2105263158,0.7001358356,nan,0.0000331518,44.7949277536,nan,nan,nan,nan,nan,nan,nan
985,54.2105263158,0.3678196422,nan,0.0007260166,31.3905346528,nan,nan,nan,nan,nan,nan,nan
986,54.2105263158,0.5793842712,nan,0.0001272518,38.9533607842,nan,nan,nan,nan,nan,nan,nan
987,54.2105263158,0.5652838833,nan,0.0001464351,38.3435487300,nan,nan,nan,nan,nan,nan,nan
988,54.2105263158,1.0693224543,nan,0.0000001111,69.5443617186,nan,nan,nan,nan,nan,nan,nan
989,54.2105263158,0.9854730218,nan,0.0000004999,63.0110758668,nan,nan,nan,nan,nan,nan,nan
990,54.2105263158,0.6591920332,nan,0.0000538284,42.6898830050,nan,nan,nan,nan,nan,nan,nan
991,54.2105263158,0.4274451888,nan,0.0004810550,33.1780523996,nan,nan,nan,nan,nan,nan,nan
992,54.2105263158,0.0662709026,nan,0.0022532266,26.4719512814,nan,nan,nan,nan,nan,nan,nan
993,54.2105263158,0.5375691240,nan,0.0001910295,37.1889953918,nan,nan,nan,nan,nan,nan,nan
994,54.2105263158,1.1521525601,nan,0.0000000223,76.5251212077,nan,nan,nan,nan,nan,nan,nan
995,54.2105263158,0.2852081084,nan,0.0011589542,29.3593373205,nan,nan,nan,nan,nan,nan,nan
996,54.2105263158,0.7073986135,nan,0.0000303274,45.1816545487,nan,nan,nan,nan,nan,nan,nan
997,54.2105263158,0.6918473062,nan,0.0000366565,44.3584883174,nan,nan,nan,nan,nan,nan,nan
998,54.2105263158,0.7168505338,nan,0.0000269714,45.6909623307,nan,nan,nan,nan,nan,nan,nan
999,54.2105263158,1.7039082477,nan,0.0000000000,136.4049907843,nan,nan,nan,nan,nan,nan,nan
1000,54.2105263158,0.1480307071,nan,0.0019376740,27.1271928339,nan,nan,nan,nan,nan,nan,nan
1001,54.2105263158,0.3682563913,nan,0.0007239945,31.4026476034,nan,nan,nan,nan,nan,nan,nan
1002,54.2105263158,0.4363546944,nan,0.0004499542,33.4683164631,nan,nan,nan,nan,nan,nan,nan
1003,54.2105263158,0.5835089823,nan,0.0001220505,39.1346037873,nan,nan,nan,nan,nan,nan,nan
1004,54.2105263158,1.0028199313,nan,0.0000003699,64.3186792162,nan,nan,nan,nan,nan,nan,nan
1005,54.2105263158,0.7909405790,nan,0.0000101885,49.9189142450,nan,nan,nan,nan,nan,nan,nan
1006,54.2105263158,0.1716594400,nan,0.0018153715,27.4103447827,nan,nan,nan,nan,nan,nan,nan
1007,54.2105263158,0.7155192539,nan,0.0000274232,45.6188160226,nan,nan,nan,nan,nan,nan,nan
1008,54.2105263158,1.2756248649,nan,0.0000000016,87.9037870685,nan,nan,nan,nan,nan,nan,nan
1009,54.2105263158,1.3863653636,nan,0.0000000001,99.1000656246,nan,nan,nan,nan,nan,nan,nan
1010,54.2105263158,0.8319046419,nan,0.0000057068,52.4360493040,nan,nan,nan,nan,nan,nan,nan
1011,54.2105263158,1.0323325317,nan,0.0000002190,66.5960870600,nan,nan,nan,nan,nan,nan,nan
1012,54.2105263158,0.4694788631,nan,0.0003467111,34.6003219705,nan,nan,nan,nan,nan,nan,nan
1013,54.2105263158,0.5769802790,nan,0.0001303670,38.8483242206,nan,nan,nan,nan,nan,nan,nan
1014,54.2105263158,1.1686964237,nan,0.0000000159,77.9821703248,nan,nan,nan,nan,nan,nan,nan
1015,54.2105263158,0.4595212207,nan,0.0003757279,34.2512661060,nan,nan,nan,nan,nan,nan,nan
1016,54.2105263158,0.8150952165,nan,0.0000072649,51.3876845661,nan,nan,nan,nan,nan,nan,nan
1017,54.2105263158,1.6068270965,nan,0.0000000000,124.1811528819,nan,nan,nan,nan,nan,nan,nan
1018,54.2105263158,0.8537160458,nan,0.0000041415,53.8284747420,nan,nan,nan,nan,nan,nan,nan
1019,54.2105263158,0.2928332317,nan,0.0011155365,29.5251621823,nan,nan,nan,nan,nan,nan,nan
1020,54.2105263158,0.3812708241,nan,0.0006652377,31.7702317806,nan,nan,nan,nan,nan,nan,nan
1021,54.2105263158,0.9386030180,nan,0.0000010983,59.5928362287,nan,nan,nan,nan,nan,nan,nan
1022,54.2105263158,0.1826240128,nan,0.0017554775,27.5560473977,nan,nan,nan,nan,nan,nan,nan
1023,54.2105263158,1.1578601467,nan,0.0000000198,77.0254374661,nan,nan,nan,nan,nan,nan,nan
1024,54.2105263158,0.5020753425,nan,0.0002632913,35.7956347540,nan,nan,nan,nan,nan,nan,nan
1025,54.2105263158,0.5519084016,nan,0.0001667609,37.7790574789,nan,nan,nan,nan,nan,nan,nan
1026,54.2105263158,0.8480829182,nan,0.0000045026,53.4653866569,nan,nan,nan,nan,nan,nan,nan
1027,54.2105263158,0.2517371253,nan,0.0013540992,28.6834952273,nan,nan,nan,nan,nan,nan,nan
1028,54.2105263158,0.9946886215,nan,0.0000004263,63.7028856748,nan,nan,nan,nan,nan,nan,nan
1029,54.2105263158,0.3688068050,nan,0.0007214507,31.4179335665,nan,nan,nan,nan,nan,nan,nan
1030,54.2105263158,0.2779721804,nan,0.0012005917,29.2060467810,nan,nan,nan,nan,nan,nan,nan
1031,54.2105263158,0.3698792008,nan,0.0007165093,31.4477818753,nan,nan,nan,nan,nan,nan,nan
1032,54.2105263158,0.1986145395,nan,0.0016654022,27.7848085846,nan,nan,nan,nan,nan,nan,nan
1033,54.2105263158,0.7300170968,nan,0.0000228467,46.4117676804,nan,nan,nan,nan,nan,nan,nan
1034,54.2105263158,0.6719198255,nan,0.0000464452,43.3305902954,nan,nan,nan,nan,nan,nan,nan
1035,54.2105263158,0.4992670234,nan,0.0002698065,35.6894765017,nan,nan,nan,nan,nan,nan,nan
1036,54.2105263158,1.3568561223,nan,0.0000000002,96.0249605009,nan,nan,nan,nan,nan,nan,nan
1037,54.2105263158,0.3797362667,nan,0.0006720133,31.7262212276,nan,nan,nan,nan,nan,nan,nan
1038,54.2105263158,0.7173681259,nan,0.0000267976,45.7190487324,nan,nan,nan,nan,nan,nan,nan
1039,54.2105263158,0.5538358299,nan,0.0001636981,37.8595628671,nan,nan,nan,nan,nan,nan,nan
1040,54.2105263158,0.3370084444,nan,0.0008764958,30.5725014357,nan,nan,nan,nan,nan,nan,nan
1041,54.2105263158,0.2613441516,nan,0.0012975363,28.8688047727,nan,nan,nan,nan,nan,nan,nan
1042,54.2105263158,0.5628257939,nan,0.0001500103,38.2387888480,nan,nan,nan,nan,nan,nan,nan
1043,54.2105263158,1.1485995988,nan,0.0000000239,76.2149316135,nan,nan,nan,nan,nan,nan,nan
1044,54.2105263158,0.4307598722,nan,0.0004693169,33.2853381623,nan,nan,nan,nan,nan,nan,nan
1045,54.2105263158,0.8104618869,nan,0.0000077580,51.1024999880,nan,nan,nan,nan,nan,nan,nan
1046,54.2105263158,1.0691661798,nan,0.0000001114,69.5316862272,nan,nan,nan,nan,nan,nan,nan
1047,54.2105263158,0.7849669892,nan,0.0000110598,49.5625343912,nan,nan,nan,nan,nan,nan,nan
1048,54.2105263158,0.2726319566,nan,0.0012315561,29.0954578411,nan,nan,nan,nan,nan,nan,nan
1049,54.2105263158,0.6912770578,nan,0.0000369092,44.3286536888,nan,nan,nan,nan,nan,nan,nan
1050,54.2105263158,0.6154825426,nan,0.0000874292,40.5834346126,nan,nan,nan,nan,nan,nan,nan
1051,54.2105263158,0.3062681737,nan,0.0010403881,29.8280463755,nan,nan,nan,nan,nan,nan,nan
1052,54.2105263158,0.8002454559,nan,0.0000089548,50.4794516634,nan,nan,nan,nan,nan,nan,nan
1053,54.2105263158,0.6372501660,nan,0.0000689558,41.6142905895,nan,nan,nan,nan,nan,nan,nan
1054,54.2105263158,1.2678536148,nan,0.0000000019,87.1532775747,nan,nan,nan,nan,nan,nan,nan
1055,54.2105263158,0.6697058172,nan,0.0000476623,43.2182530441,nan,nan,nan,nan,nan,nan,nan
1056,54.2105263158,0.8799753935,nan,0.0000027842,55.5529621590,nan,nan,nan,nan,nan,nan,nan
1057,54.2105263158,0.4919187301,nan,0.0002874395,35.4145359474,nan,nan,nan,nan,nan,nan,nan
1058,54.2105263158,0.9708989007,nan,0.0000006412,61.9302301532,nan,nan,nan,nan,nan,nan,nan
1059,54.2105263158,0.1322248070,nan,0.0020131286,26.9612848046,nan,nan,nan,nan,nan,nan,nan
1060,54.2105263158,1.0596899180,nan,0.0000001328,68.7665460940,nan,nan,nan,nan,nan,nan,nan
1061,54.2105263158,0.7728275899,nan,0.0000130416,48.8466823647,nan,nan,nan,nan,nan,nan,nan
1062,54.2105263158,0.8107120860,nan,0.0000077306,51.1178581347,nan,nan,nan,nan,nan,nan,nan
1063,54.2105263158,0.4324674259,nan,0.0004633475,33.3409316899,nan,nan,nan,nan,nan,nan,nan
1064,54.2105263158,0.3613791962,nan,0.0007562071,31.2135922763,nan,nan,nan,nan,nan,nan,nan
1065,54.2105263158,0.9738397834,nan,0.0000006100,62.1470269077,nan,nan,nan,nan,nan,nan,nan
1066,54.2105263158,0.5067946829,nan,0.0002526166,35.9753816644,nan,nan,nan,nan,nan,nan,nan
1067,54.2105263158,0.3524175710,nan,0.0007993526,30.9726162736,nan,nan,nan,nan,nan,nan,nan
1068,54.2105263158,0.2991254957,nan,0.0010801109,29.6653164533,nan,nan,nan,nan,nan,nan,nan
1069,54.2105263158,0.5128327911,nan,0.0002394515,36.2078243758,nan,nan,nan,nan,nan,nan,nan
1070,54.2105263158,0.9023214424,nan,0.0000019670,57.0618590527,nan,nan,nan,nan,nan,nan,nan
1071,54.2105263158,0.6562220689,nan,0.0000556910,42.5421512915,nan,nan,nan,nan,nan,nan,nan
1072,54.2105263158,0.3273407563,nan,0.0009266899,30.3306559295,nan,nan,nan,nan,nan,nan,nan
1073,54.2105263158,1.0565537590,nan,0.0000001408,68.5148332716,nan,nan,nan,nan,nan,nan,nan
1074,54.2105263158,0.3346459775,nan,0.0008886386,30.5127483996,nan,nan,nan,nan,nan,nan,nan
1075,54.2105263158,0.8984937895,nan,0.0000020890,56.8006980836,nan,nan,nan,nan,nan,nan,nan
1076,54.2105263158,1.0177434300,nan,0.0000002843,65.4619788120,nan,nan,nan,nan,nan,nan,nan
1077,54.2105263158,0.6957621083,nan,0.0000349625,44.5639737699,nan,nan,nan,nan,nan,nan,nan
1078,54.2105263158,0.2184319749,nan,0.0015505582,28.0951193890,nan,nan,nan,nan,nan,nan,nan
1079,54.2105263158,1.1063581602,nan,0.0000000549,72.6009163005,nan,nan,nan,nan,nan,nan,nan
1080,54.2105263158,0.2226731586,nan,0.0015256731,28.1653852423,nan,nan,nan,nan,nan,nan,nan
1081,54.2105263158,0.4223361902,nan,0.0004995370,33.0143234835,nan,nan,nan,nan,nan,nan,nan
1082,54.2105263158,0.4404070419,nan,0.0004362815,33.6023319240,nan,nan,nan,nan,nan,nan,nan
1083,54.2105263158,0.9023693462,nan,0.0000019656,57.0651346156,nan,nan,nan,nan,nan,nan,nan
1084,54.2105263158,0.6492105917,nan,0.0000603108,42.1960497746,nan,nan,nan,nan,nan,nan,nan
1085,54.2105263158,1.1793356011,nan,0.0000000128,78.9302259248,nan,nan,nan,nan,nan,nan,nan
1086,54.2105263158,1.1217261026,nan,0.0000000407,73.8999719691,nan,nan,nan,nan,nan,nan,nan
1087,54.2105263158,0.8531138370,nan,0.0000041787,53.7895433962,nan,nan,nan,nan,nan,nan,nan
1088,54.2105263158,0.5073425473,nan,0.0002513994,35.9963579610,nan,nan,nan,nan,nan,nan,nan
1089,54.2105263158,0.6027371022,nan,0.0001000789,39.9965758144,nan,nan,nan,nan,nan,nan,nan
1090,54.2105263158,0.2780465604,nan,0.0012001617,29.2076023340,nan,nan,nan,nan,nan,nan,nan
1091,54.2105263158,0.8403638899,nan,0.0000050445,52.9717778062,nan,nan,nan,nan,nan,nan,nan
1092,54.2105263158,0.4722341797,nan,0.0003389817,34.6982369961,nan,nan,nan,nan,nan,nan,nan
1093,54.2105263158,1.7440880107,nan,0.0000000000,141.6752444399,nan,nan,nan,nan,nan,nan,nan
1094,54.2105263158,0.3425318100,nan,0.0008484275,30.7138524157,nan,nan,nan,nan,nan,nan,nan
1095,54.2105263158,0.6595202911,nan,0.0000536259,42.7062523809,nan,nan,nan,nan,nan,nan,nan
1096,54.2105263158,0.9972337982,nan,0.0000004078,63.8950924885,nan,nan,nan,nan,nan,nan,nan
1097,54.2105263158,0.4180193981,nan,0.0005155222,32.8775264888,nan,nan,nan,nan,nan,nan,nan
1098,54.2105263158,0.4624924204,nan,0.0003668909,34.3546306184,nan,nan,nan,nan,nan,nan,nan
1099,54.2105263158,1.1098263005,nan,0.0000000514,72.8925035522,nan,nan,nan,nan,nan,nan,nan
1100,54.2105263158,1.1710007279,nan,0.0000000152,78.1867731462,nan,nan,nan,nan,nan,nan,nan
1101,54.2105263158,0.6131717217,nan,0.0000896166,40.4761167302,nan,nan,nan,nan,nan,nan,nan
1102,54.2105263158,0.6606683756,nan,0.0000529228,42.7635688771,nan,nan,nan,nan,nan,nan,nan
1103,54.2105263158,0.7748568601,nan,0.0000126895,48.9655655985,nan,nan,nan,nan,nan,nan,nan
1104,54.2105263158,1.3726494529,nan,0.0000000002,97.6624752252,nan,nan,nan,nan,nan,nan,nan
1105,54.2105263158,0.9450049871,nan,0.0000009886,60.0498526768,nan,nan,nan,nan,nan,nan,nan
1106,54.2105263158,0.5710337643,nan,0.0001383441,38.5903936298,nan,nan,nan,nan,nan,nan,nan
1107,54.2105263158,0.2691829398,nan,0.0012516473,29.0251804510,nan,nan,nan,nan,nan,nan,nan
1108,54.2105263158,0.5546297196,nan,0.0001624499,37.8928044004,nan,nan,nan,nan,nan,nan,nan
1109,54.2105263158,1.0798330355,nan,0.0000000912,70.4011583993,nan,nan,nan,nan,nan,nan,nan
1110,54.2105263158,0.4056112201,nan,0.0005633533,32.4921912486,nan,nan,nan,nan,nan,nan,nan
1111,54.2105263158,1.8341015871,nan,0.0000000000,153.9306828030,nan,nan,nan,nan,nan,nan,nan
1112,54.2105263158,0.7654012117,nan,0.0000144069,48.4142882403,nan,nan,nan,nan,nan,nan,nan
1113,54.2105263158,0.6156846368,nan,0.0000872401,40.5928394776,nan,nan,nan,nan,nan,nan,nan
1114,54.2105263158,0.6985702560,nan,0.0000337902,44.7120902291,nan,nan,nan,nan,nan,nan,nan
1115,54.2105263158,1.1675400643,nan,0.0000000163,77.8796481515,nan,nan,nan,nan,nan,nan,nan
1116,54.2105263158,0.9132400851,nan,0.0000016546,57.8129770984,nan,nan,nan,nan,nan,nan,nan
1117,54.2105263158,1.0921987249,nan,0.0000000721,71.4199755548,nan,nan,nan,nan,nan,nan,nan
1118,54.2105263158,0.0604280306,nan,0.0022675866,26.4443611920,nan,nan,nan,nan,nan,nan,nan
1119,54.2105263158,0.7355848967,nan,0.0000212787,46.7205490547,nan,nan,nan,nan,nan,nan,nan
1120,54.2105263158,0.3235462314,nan,0.0009467454,30.2376679707,nan,nan,nan,nan,nan,nan,nan
1121,54.2105263158,0.6151592052,nan,0.0000877325,40.5683939111,nan,nan,nan,nan,nan,nan,nan
1122,54.2105263158,1.1515561014,nan,0.0000000225,76.4729803329,nan,nan,nan,nan,nan,nan,nan
1123,54.2105263158,0.1445929566,nan,0.0019545619,27.0895057244,nan,nan,nan,nan,nan,nan,nan
1124,54.2105263158,0.3909708849,nan,0.0006233675,32.0525586872,nan,nan,nan,nan,nan,nan,nan
1125,54.2105263158,0.7687509743,nan,0.0000137759,48.6088050336,nan,nan,nan,nan,nan,nan,nan
1126,54.2105263158,0.7248115896,nan,0.0000244050,46.1252137048,nan,nan,nan,nan,nan,nan,nan
1127,54.2105263158,0.4696516113,nan,0.0003462228,34.6064439416,nan,nan,nan,nan,nan,nan,nan
1128,54.2105263158,0.5746537347,nan,0.0001334415,38.7470899807,nan,nan,nan,nan,nan,nan,nan
1129,54.2105263158,1.4401779178,nan,0.0000000000,104.8791768726,nan,nan,nan,nan,nan,nan,nan
1130,54.2105263158,0.3265901960,nan,0.0009306414,30.3121762781,nan,nan,nan,nan,nan,nan,nan
1131,54.2105263158,0.6486791713,nan,0.0000606740,42.1699702359,nan,nan,nan,nan,nan,nan,nan
1132,54.2105263158,0.7065981244,nan,0.0000306279,45.1388333693,nan,nan,nan,nan,nan,nan,nan
1133,54.2105263158,0.4470288160,nan,0.0004145717,33.8240037971,nan,nan,nan,nan,nan,nan,nan
1134,54.2105263158,0.8378378419,nan,0.0000052345,52.8112307734,nan,nan,nan,nan,nan,nan,nan
1135,54.2105263158,0.7843073984,nan,0.0000111600,49.5233503579,nan,nan,nan,nan,nan,nan,nan
1136,54.2105263158,1.4967523566,nan,0.0000000000,111.1936767652,nan,nan,nan,nan,nan,nan,nan
1137,54.2105263158,1.3531838425,nan,0.0000000003,95.6469362493,nan,nan,nan,nan,nan,nan,nan
1138,54.2105263158,0.2835881849,nan,0.0011682410,29.3246754810,nan,nan,nan,nan,nan,nan,nan
1139,54.2105263158,0.5774869302,nan,0.0001297052,38.8704245612,nan,nan,nan,nan,nan,nan,nan
1140,54.2105263158,0.8369000793,nan,0.0000053067,52.7517535507,nan,nan,nan,nan,nan,nan,nan
1141,54.2105263158,0.2552651574,nan,0.0013332955,28.7507360194,nan,nan,nan,nan,nan,nan,nan
1142,54.2105263158,0.2256721100,nan,0.0015080332,28.2158910144,nan,nan,nan,nan,nan,nan,nan
1143,54.2105263158,1.2914411390,nan,0.0000000011,89.4454994099,nan,nan,nan,nan,nan,nan,nan
1144,54.2105263158,0.7689705327,nan,0.0000137354,48.6215843783,nan,nan,nan,nan,nan,nan,nan
1145,54.2105263158,0.3376980118,nan,0.0008729669,30.5900221644,nan,nan,nan,nan,nan,nan,nan
1146,54.2105263158,0.9446099375,nan,0.0000009950,60.0215608307,nan,nan,nan,nan,nan,nan,nan
1147,54.2105263158,0.3913291840,nan,0.0006218528,32.0631239055,nan,nan,nan,nan,nan,nan,nan
1148,54.2105263158,1.0995105058,nan,0.0000000627,72.0278895612,nan,nan,nan,nan,nan,nan,nan
1149,54.2105263158,0.2539543001,nan,0.0013410215,28.7256424455,nan,nan,nan,nan,nan,nan,nan
1150,54.2105263158,0.6125015241,nan,0.0000902596,40.4450677629,nan,nan,nan,nan,nan,nan,nan
1151,54.2105263158,0.1966397255,nan,0.0016766748,27.7555116589,nan,nan,nan,nan,nan,nan,nan
1152,54.2105263158,0.7826289184,nan,0.0000114188,49.4237870943,nan,nan,nan,nan,nan,nan,nan
1153,54.2105263158,0.4213165341,nan,0.0005032823,32.9818835240,nan,nan,nan,nan,nan,nan,nan
1154,54.2105263158,0.2503481829,nan,0.0013622971,28.6572816761,nan,nan,nan,nan,nan,nan,nan
1155,54.2105263158,0.3503924164,nan,0.0008092815,30.9190036968,nan,nan,nan,nan,nan,nan,nan
1156,54.2105263158,0.4150399624,nan,0.0005267524,32.7839344786,nan,nan,nan,nan,nan,nan,nan
1157,54.2105263158,0.4503895601,nan,0.0004038516,33.9377821925,nan,nan,nan,nan,nan,nan,nan
1158,54.2105263158,0.2127055419,nan,0.0015840163,28.0024036278,nan,nan,nan,nan,nan,nan,nan
1159,54.2105263158,0.8547410622,nan,0.0000040787,53.8948031497,nan,nan,nan,nan,nan,nan,nan
1160,54.2105263158,0.1570091290,nan,0.0018924204,27.2298236836,nan,nan,nan,nan,nan,nan,nan
1161,54.2105263158,1.4298576123,nan,0.0000000000,103.7536842931,nan,nan,nan,nan,nan,nan,nan
1162,54.2105263158,0.2880938465,nan,0.0011424636,29.4215762280,nan,nan,nan,nan,nan,nan,nan
1163,54.2105263158,0.9614119607,nan,0.0000007524,61.2353663506,nan,nan,nan,nan,nan,nan,nan
1164,54.2105263158,0.5242934383,nan,0.0002159418,36.6566319455,nan,nan,nan,nan,nan,nan,nan
1165,54.2105263158,0.5180176757,nan,0.0002285792,36.4096320968,nan,nan,nan,nan,nan,nan,nan
1166,54.2105263158,0.8583098237,nan,0.0000038669,54.1263610955,nan,nan,nan,nan,nan,nan,nan
1167,54.2105263158,0.2603726744,nan,0.0013032422,28.8497486323,nan,nan,nan,nan,nan,nan,nan
1168,54.2105263158,0.2343830472,nan,0.0014566497,28.3664488690,nan,nan,nan,nan,nan,nan,nan
1169,54.2105263158,0.4423839294,nan,0.0004297182,33.6681620858,nan,nan,nan,nan,nan,nan,nan
1170,54.2105263158,0.6130713675,nan,0.0000897126,40.4714653392,nan,nan,nan,nan,nan,nan,nan
1171,54.2105263158,0.7124807229,nan,0.0000284796,45.4546537936,nan,nan,nan,nan,nan,nan,nan
1172,54.2105263158,0.6969862326,nan,0.0000344472,44.6284667077,nan,nan,nan,nan,nan,nan,nan
1173,54.2105263158,0.6303198225,nan,0.0000744359,41.2821768192,nan,nan,nan,nan,nan,nan,nan
1174,54.2105263158,0.3586809031,nan,0.0007690605,31.1403951903,nan,nan,nan,nan,nan,nan,nan
1175,54.2105263158,0.2948915442,nan,0.0011039060,29.5706792095,nan,nan,nan,nan,nan,nan,nan
1176,54.2105263158,0.2046621316,nan,0.0016306627,27.8763587484,nan,nan,nan,nan,nan,nan,nan
1177,54.2105263158,0.7361223395,nan,0.0000211326,46.7504797127,nan,nan,nan,nan,nan,nan,nan
1178,54.2105263158,0.4281518225,nan,0.0004785360,33.2008539483,nan,nan,nan,nan,nan,nan,nan
1179,54.2105263158,0.4096745001,nan,0.0005473826,32.6170897638,nan,nan,nan,nan,nan,nan,nan
1180,54.2105263158,0.1634237616,nan,0.0018591431,27.3068719222,nan,nan,nan,nan,nan,nan,nan
1181,54.2105263158,0.8799526529,nan,0.0000027852,55.5514460156,nan,nan,nan,nan,nan,nan,nan
1182,54.2105263158,0.4878423167,nan,0.0002975923,35.2637834928,nan,nan,nan,nan,nan,nan,nan
1183,54.2105263158,0.1145486344,nan,0.0020902391,26.7980402836,nan,nan,nan,nan,nan,nan,nan
1184,54.2105263158,0.1731542881,nan,0.0018073094,27.4296748301,nan,nan,nan,nan,nan,nan,nan
1185,54.2105263158,0.5033707198,nan,0.0002603273,35.8448036908,nan,nan,nan,nan,nan,nan,nan
1186,54.2105263158,0.1238269266,nan,0.0020507873,26.8807938620,nan,nan,nan,nan,nan,nan,nan
1187,54.2105263158,0.6743034790,nan,0.0000451653,43.4519522778,nan,nan,nan,nan,nan,nan,nan
1188,54.2105263158,0.1942488249,nan,0.0016902712,27.7204361623,nan,nan,nan,nan,nan,nan,nan
1189,54.2105263158,0.1283690744,nan,0.0020306407,26.9236692277,nan,nan,nan,nan,nan,nan,nan
1190,54.2105263158,1.0007313123,nan,0.0000003837,64.1600242044,nan,nan,nan,nan,nan,nan,nan
1191,54.2105263158,0.5090294486,nan,0.0002476801,36.0610882013,nan,nan,nan,nan,nan,nan,nan
1192,54.2105263158,0.6832228597,nan,0.0000406452,43.9099126918,nan,nan,nan,nan,nan,nan,nan
1193,54.2105263158,0.8456547269,nan,0.0000046670,53.3096214752,nan,nan,nan,nan,nan,nan,nan
1194,54.2105263158,0.1309220361,nan,0.0020190868,26.9484500078,nan,nan,nan,nan,nan,nan,nan
1195,54.2105263158,0.8545377075,nan,0.0000040911,53.8816377796,nan,nan,nan,nan,nan,nan,nan
1196,54.2105263158,0.6001256115,nan,0.0001028524,39.8778559245,nan,nan,nan,nan,nan,nan,nan
1197,54.2105263158,0.1707547870,nan,0.0018202337,27.3987285238,nan,nan,nan,nan,nan,nan,nan
1198,54.2105263158,0.5785757630,nan,0.0001282925,38.9179859533,nan,nan,nan,nan,nan,nan,nan
1199,54.2105263158,0.7131689761,nan,0.0000282372,45.4917763595,nan,nan,nan,nan,nan,nan,nan
1200,54.2105263158,0.2172192711,nan,0.0015576584,28.0752778535,nan,nan,nan,nan,nan,nan,nan
1201,54.2105263158,0.6265491149,nan,0.0000775709,41.1030130592,nan,nan,nan,nan,nan,nan,nan
1202,54.2105263158,0.7545606062,nan,0.0000166317,47.7906455722,nan,nan,nan,nan,nan,nan,nan
1203,54.2105263158,0.3103837142,nan,0.0010177558,29.9235643342,nan,nan,nan,nan,nan,nan,nan
1204,54.2105263158,0.0837898211,nan,0.0022029096,26.5700333069,nan,nan,nan,nan,nan,nan,nan
1205,54.2105263158,0.4627431548,nan,0.0003661522,34.3633840401,nan,nan,nan,nan,nan,nan,nan
1206,54.2105263158,0.5544002746,nan,0.0001628099,37.8831922177,nan,nan,nan,nan,nan,nan,nan
1207,54.2105263158,0.8092185760,nan,0.0000078954,51.0262517341,nan,nan,nan,nan,nan,nan,nan
1208,54.2105263158,0.4721680206,nan,0.0003391658,34.6958791589,nan,nan,nan,nan,nan,nan,nan
1209,54.2105263158,0.9142494393,nan,0.0000016282,57.8828718761,nan,nan,nan,nan,nan,nan,nan
1210,54.2105263158,1.0420951764,nan,0.0000001835,67.3640736017,nan,nan,nan,nan,nan,nan,nan
1211,54.2105263158,0.7162893907,nan,0.0000271610,45.6605357428,nan,nan,nan,nan,nan,nan,nan
1212,54.2105263158,0.6341335797,nan,0.0000713759,41.4644863573,nan,nan,nan,nan,nan,nan,nan
1213,54.2105263158,0.2312824589,nan,0.0014749587,28.3122014191,nan,nan,nan,nan,nan,nan,nan
1214,54.2105263158,1.2924539971,nan,0.0000000011,89.5448803782,nan,nan,nan,nan,nan,nan,nan
1215,54.2105263158,0.9889286104,nan,0.0000004710,63.2697256600,nan,nan,nan,nan,nan,nan,nan
1216,54.2105263158,1.5083004222,nan,0.0000000000,112.5126866654,nan,nan,nan,nan,nan,nan,nan
1217,54.2105263158,0.8918275621,nan,0.0000023182,56.3485278785,nan,nan,nan,nan,nan,nan,nan
1218,54.2105263158,1.1170588778,nan,0.0000000446,73.5035438731,nan,nan,nan,nan,nan,nan,nan
1219,54.2105263158,0.8542495694,nan,0.0000041087,53.8629888514,nan,nan,nan,nan,nan,nan,nan
1220,54.2105263158,0.6314554245,nan,0.0000735132,41.3363464590,nan,nan,nan,nan,nan,nan,nan
1221,54.2105263158,0.6789537643,nan,0.0000427567,43.6899629494,nan,nan,nan,nan,nan,nan,nan
1222,54.2105263158,1.2471131617,nan,0.0000000030,85.1728572570,nan,nan,nan,nan,nan,nan,nan
1223,54.2105263158,0.6502381964,nan,0.0000596137,42.2465405877,nan,nan,nan,nan,nan,nan,nan
1224,54.2105263158,0.1134784409,nan,0.0020946371,26.7889120777,nan,nan,nan,nan,nan,nan,nan
1225,54.2105263158,0.8992730077,nan,0.0000020636,56.8537736258,nan,nan,nan,nan,nan,nan,nan
1226,54.2105263158,0.4420388300,nan,0.0004308589,33.6566489371,nan,nan,nan,nan,nan,nan,nan
1227,54.2105263158,0.6805606165,nan,0.0000419509,43.7725874079,nan,nan,nan,nan,nan,nan,nan
1228,54.2105263158,0.2009126410,nan,0.0016522386,27.8192724365,nan,nan,nan,nan,nan,nan,nan
1229,54.2105263158,0.6451986684,nan,0.0000631002,41.9996952696,nan,nan,nan,nan,nan,nan,nan
1230,54.2105263158,0.9741326126,nan,0.0000006069,62.1686498807,nan,nan,nan,nan,nan,nan,nan
1231,54.2105263158,1.0653049239,nan,0.0000001197,69.2190901078,nan,nan,nan,nan,nan,nan,nan
1232,54.2105263158,0.9493883499,nan,0.0000009195,60.3645700267,nan,nan,nan,nan,nan,nan,nan
1233,54.2105263158,0.2971385094,nan,0.0010912558,29.6207343124,nan,nan,nan,nan,nan,nan,nan
1234,54.2105263158,1.2276709086,nan,0.0000000046,83.3462407822,nan,nan,nan,nan,nan,nan,nan
1235,54.2105263158,1.4792249604,nan,0.0000000000,109.2112026029,nan,nan,nan,nan,nan,nan,nan
1236,54.2105263158,0.6919674310,nan,0.0000366035,44.3647762429,nan,nan,nan,nan,nan,nan,nan
1237,54.2105263158,0.4059516335,nan,0.0005620039,32.5026069176,nan,nan,nan,nan,nan,nan,nan
1238,54.2105263158,0.5494434085,nan,0.0001707454,37.6765104507,nan,nan,nan,nan,nan,nan,nan
1239,54.2105263158,0.9092327048,nan,0.0000017635,57.5362444449,nan,nan,nan,nan,nan,nan,nan
1240,54.2105263158,0.3788434602,nan,0.0006759743,31.7006980377,nan,nan,nan,nan,nan,nan,nan
1241,54.2105263158,0.6714047599,nan,0.0000467259,43.3044229256,nan,nan,nan,nan,nan,nan,nan
1242,54.2105263158,0.4771559028,nan,0.0003254937,34.8745738157,nan,nan,nan,nan,nan,nan,nan
1243,54.2105263158,0.5793346512,nan,0.0001273155,38.9511883184,nan,nan,nan,nan,nan,nan,nan
1244,54.2105263158,0.2168889233,nan,0.0015595912,28.0698921629,nan,nan,nan,nan,nan,nan,nan
1245,54.2105263158,0.4922595662,nan,0.0002866027,35.4271978067,nan,nan,nan,nan,nan,nan,nan
1246,54.2105263158,0.1809982949,nan,0.0017644644,27.5338710420,nan,nan,nan,nan,nan,nan,nan
1247,54.2105263158,0.3745593214,nan,0.0006951738,31.5790658026,nan,nan,nan,nan,nan,nan,nan
1248,54.2105263158,0.6172032057,nan,0.0000858300,40.6636085415,nan,nan,nan,nan,nan,nan,nan
1249,54.2105263158,0.6269153987,nan,0.0000772615,41.1203694638,nan,nan,nan,nan,nan,nan,nan
1250,54.2105263158,0.4490477538,nan,0.0004081077,33.8922523447,nan,nan,nan,nan,nan,nan,nan
1251,54.2105263158,0.8453586829,nan,0.0000046874,53.2906613921,nan,nan,nan,nan,nan,nan,nan
1252,54.2105263158,1.1178951170,nan,0.0000000439,73.5744506594,nan,nan,nan,nan,nan,nan,nan
1253,54.2105263158,0.9209450107,nan,0.0000014627,58.3484872139,nan,nan,nan,nan,nan,nan,nan
1254,54.2105263158,0.3808435044,nan,0.0006671203,31.7579584636,nan,nan,nan,nan,nan,nan,nan
1255,54.2105263158,0.5357699564,nan,0.0001942646,37.1160630071,nan,nan,nan,nan,nan,nan,nan
1256,54.2105263158,0.6688877300,nan,0.0000481190,43.1768382594,nan,nan,nan,nan,nan,nan,nan
1257,54.2105263158,1.1299353350,nan,0.0000000347,74.6012890533,nan,nan,nan,nan,nan,nan,nan
1258,54.2105263158,0.2283288340,nan,0.0014923816,28.2612012146,nan,nan,nan,nan,nan,nan,nan
1259,54.2105263158,0.8239678892,nan,0.0000063998,51.9383693253,nan,nan,nan,nan,nan,nan,nan
1260,54.2105263158,0.7138289722,nan,0.0000280065,45.5274086865,nan,nan,nan,nan,nan,nan,nan
1261,54.2105263158,0.4214111038,nan,0.0005029341,32.9848889024,nan,nan,nan,nan,nan,nan,nan
1262,54.2105263158,0.6186496529,nan,0.0000845049,40.7311796784,nan,nan,nan,nan,nan,nan,nan
1263,54.2105263158,0.7478648146,nan,0.0000181555,47.4099190292,nan,nan,nan,nan,nan,nan,nan
1264,54.2105263158,0.8578592551,nan,0.0000038931,54.0970725554,nan,nan,nan,nan,nan,nan,nan
1265,54.2105263158,0.5989258974,nan,0.0001041480,39.8234901012,nan,nan,nan,nan,nan,nan,nan
1266,54.2105263158,0.4173859413,nan,0.0005178963,32.8575715394,nan,nan,nan,nan,nan,nan,nan
1267,54.2105263158,0.6432338887,nan,0.0000645063,41.9039803326,nan,nan,nan,nan,nan,nan,nan
1268,54.2105263158,1.4075856716,nan,0.0000000001,101.3525453197,nan,nan,nan,nan,nan,nan,nan
1269,54.2105263158,0.6946023362,nan,0.0000354570,44.5029764621,nan,nan,nan,nan,nan,nan,nan
1270,54.2105263158,0.4012805587,nan,0.0005807039,32.3604528676,nan,nan,nan,nan,nan,nan,nan
1271,54.2105263158,0.5126496118,nan,0.0002398429,36.2007319704,nan,nan,nan,nan,nan,nan,nan
1272,54.2105263158,0.7010124831,nan,0.0000327990,44.8413941834,nan,nan,nan,nan,nan,nan,nan
1273,54.2105263158,0.5027182339,nan,0.0002618170,35.8200211979,nan,nan,nan,nan,nan,nan,nan
1274,54.2105263158,0.8046250562,nan,0.0000084225,50.7455674019,nan,nan,nan,nan,nan,nan,nan
1275,54.2105263158,1.1905115584,nan,0.0000000101,79.9354242159,nan,nan,nan,nan,nan,nan,nan
1276,54.2105263158,0.4281087550,nan,0.0004786893,33.1994631705,nan,nan,nan,nan,nan,nan,nan
1277,54.2105263158,0.4381998261,nan,0.0004436922,33.5291823699,nan,nan,nan,nan,nan,nan,nan
1278,54.2105263158,1.0795081342,nan,0.0000000917,70.3745469424,nan,nan,nan,nan,nan,nan,nan
1279,54.2105263158,1.0165168430,nan,0.0000002906,65.3673681684,nan,nan,nan,nan,nan,nan,nan
1280,54.2105263158,0.6054385452,nan,0.0000972763,40.1199307971,nan,nan,nan,nan,nan,nan,nan
1281,54.2105263158,0.6037614035,nan,0.0000990083,40.0432827719,nan,nan,nan,nan,nan,nan,nan
1282,54.2105263158,0.9366225283,nan,0.0000011345,59.4520883657,nan,nan,nan,nan,nan,nan,nan
1283,54.2105263158,0.5126246506,nan,0.0002398962,36.1997657108,nan,nan,nan,nan,nan,nan,nan
1284,54.2105263158,0.9771277987,nan,0.0000005767,62.3901948415,nan,nan,nan,nan,nan,nan,nan
1285,54.2105263158,0.8044526724,nan,0.0000084429,50.7350652919,nan,nan,nan,nan,nan,nan,nan
1286,54.2105263158,0.6159024646,nan,0.0000870366,40.6029800123,nan,nan,nan,nan,nan,nan,nan
1287,54.2105263158,0.5189918494,nan,0.0002265804,36.4477771465,nan,nan,nan,nan,nan,nan,nan
1288,54.2105263158,0.9367744619,nan,0.0000011317,59.4628752686,nan,nan,nan,nan,nan,nan,nan
1289,54.2105263158,0.8212160615,nan,0.0000066574,51.7669346543,nan,nan,nan,nan,nan,nan,nan
1290,54.2105263158,1.6238299026,nan,0.0000000000,126.2699356789,nan,nan,nan,nan,nan,nan,nan
1291,54.2105263158,0.6543483560,nan,0.0000568945,42.4492945410,nan,nan,nan,nan,nan,nan,nan
1292,54.2105263158,1.0238495661,nan,0.0000002550,65.9346732103,nan,nan,nan,nan,nan,nan,nan
1293,54.2105263158,0.7766030923,nan,0.0000123933,49.0681183718,nan,nan,nan,nan,nan,nan,nan
1294,54.2105263158,0.3630009926,nan,0.0007485395,31.2578526373,nan,nan,nan,nan,nan,nan,nan
1295,54.2105263158,0.5129155039,nan,0.0002392749,36.2110277155,nan,nan,nan,nan,nan,nan,nan
1296,54.2105263158,0.8276995999,nan,0.0000060649,52.1717710989,nan,nan,nan,nan,nan,nan,nan
1297,54.2105263158,0.2437018080,nan,0.0014015661,28.5338642673,nan,nan,nan,nan,nan,nan,nan
1298,54.2105263158,0.8859193106,nan,0.0000025406,55.9506033355,nan,nan,nan,nan,nan,nan,nan
1299,54.2105263158,0.5792394973,nan,0.0001274376,38.9470228085,nan,nan,nan,nan,nan,nan,nan
1300,54.2105263158,0.4819923714,nan,0.0003126333,35.0496482817,nan,nan,nan,nan,nan,nan,nan
1301,54.2105263158,0.1217941538,nan,0.0020596295,26.8621089300,nan,nan,nan,nan,nan,nan,nan
1302,54.2105263158,0.5129887527,nan,0.0002391187,36.2138649636,nan,nan,nan,nan,nan,nan,nan
1303,54.2105263158,0.4266044747,nan,0.0004840638,33.1509737302,nan,nan,nan,nan,nan,nan,nan
1304,54.2105263158,1.2434413564,nan,0.0000000033,84.8256760109,nan,nan,nan,nan,nan,nan,nan
1305,54.2105263158,0.2927905141,nan,0.0011157783,29.5242209332,nan,nan,nan,nan,nan,nan,nan
1306,54.2105263158,0.6753236729,nan,0.0000446270,43.5040268532,nan,nan,nan,nan,nan,nan,nan
1307,54.2105263158,1.0639876469,nan,0.0000001227,69.1127075081,nan,nan,nan,nan,nan,nan,nan
1308,54.2105263158,0.7458268999,nan,0.0000186435,47.2947198027,nan,nan,nan,nan,nan,nan,nan
1309,54.2105263158,0.9802210017,nan,0.0000005471,62.6197081506,nan,nan,nan,nan,nan,nan,nan
1310,54.2105263158,1.2494051641,nan,0.0000000029,85.3900957782,nan,nan,nan,nan,nan,nan,nan
1311,54.2105263158,1.2535503242,nan,0.0000000026,85.7839979601,nan,nan,nan,nan,nan,nan,nan
1312,54.2105263158,0.1928347670,nan,0.0016982849,27.6998945315,nan,nan,nan,nan,nan,nan,nan
1313,54.2105263158,0.5560386999,nan,0.0001602537,37.9519188065,nan,nan,nan,nan,nan,nan,nan
1314,54.2105263158,1.2377144065,nan,0.0000000037,84.2862302508,nan,nan,nan,nan,nan,nan,nan
1315,54.2105263158,0.3379431052,nan,0.0008717143,30.5962582481,nan,nan,nan,nan,nan,nan,nan
1316,54.2105263158,0.9988986537,nan,0.0000003962,64.0210865268,nan,nan,nan,nan,nan,nan,nan
1317,54.2105263158,0.5548482786,nan,0.0001621077,37.9019642533,nan,nan,nan,nan,nan,nan,nan
1318,54.2105263158,0.2260766388,nan,0.0015056514,28.2227557809,nan,nan,nan,nan,nan,nan,nan
1319,54.2105263158,0.5090491164,nan,0.0002476370,36.0618441765,nan,nan,nan,nan,nan,nan,nan
1320,54.2105263158,0.8146199790,nan,0.0000073142,51.3583580887,nan,nan,nan,nan,nan,nan,nan
1321,54.2105263158,0.5908809377,nan,0.0001131943,39.4617556480,nan,nan,nan,nan,nan,nan,nan
1322,54.2105263158,0.6317582452,nan,0.0000732688,41.3508079589,nan,nan,nan,nan,nan,nan,nan
1323,54.2105263158,0.9840306222,nan,0.0000005125,62.9033821691,nan,nan,nan,nan,nan,nan,nan
1324,54.2105263158,1.1377592329,nan,0.0000000297,75.2744759256,nan,nan,nan,nan,nan,nan,nan
1325,54.2105263158,0.4664379434,nan,0.0003553917,34.4929267884,nan,nan,nan,nan,nan,nan,nan
1326,54.2105263158,0.2070963777,nan,0.0016165945,27.9139889575,nan,nan,nan,nan,nan,nan,nan
1327,54.2105263158,0.8061496148,nan,0.0000082441,50.8385464130,nan,nan,nan,nan,nan,nan,nan
1328,54.2105263158,0.7276894688,nan,0.0000235322,46.2833808343,nan,nan,nan,nan,nan,nan,nan
1329,54.2105263158,1.0290018367,nan,0.0000002325,66.3357391795,nan,nan,nan,nan,nan,nan,nan
1330,54.2105263158,0.9724980742,nan,0.0000006240,62.0480366045,nan,nan,nan,nan,nan,nan,nan
1331,54.2105263158,0.6087508778,nan,0.0000939304,40.2719381436,nan,nan,nan,nan,nan,nan,nan
1332,54.2105263158,0.2845474828,nan,0.0011627390,29.3451777888,nan,nan,nan,nan,nan,nan,nan
1333,54.2105263158,0.5843308262,nan,0.0001210355,39.1708708084,nan,nan,nan,nan,nan,nan,nan
1334,54.2105263158,0.4743714730,nan,0.0003330745,34.7745865359,nan,nan,nan,nan,nan,nan,nan
1335,54.2105263158,0.6663398659,nan,0.0000495658,43.0481817200,nan,nan,nan,nan,nan,nan,nan
1336,54.2105263158,0.4880240434,nan,0.0002971340,35.2704771648,nan,nan,nan,nan,nan,nan,nan
1337,54.2105263158,0.9912422153,nan,0.0000004525,63.4434074693,nan,nan,nan,nan,nan,nan,nan
1338,54.2105263158,0.1515591279,nan,0.0019200827,27.1668005579,nan,nan,nan,nan,nan,nan,nan
1339,54.2105263158,0.3064071706,nan,0.0010396206,29.8312514361,nan,nan,nan,nan,nan,nan,nan
1340,54.2105263158,0.3137330828,nan,0.0009994827,30.0022470478,nan,nan,nan,nan,nan,nan,nan
1341,54.2105263158,0.4606214024,nan,0.0003724378,34.2894619725,nan,nan,nan,nan,nan,nan,nan
1342,54.2105263158,0.8573207895,nan,0.0000039246,54.0620906874,nan,nan,nan,nan,nan,nan,nan
1343,54.2105263158,0.6079687359,nan,0.0000947116,40.2359693544,nan,nan,nan,nan,nan,nan,nan
1344,54.2105263158,0.0785382395,nan,0.0022191094,26.5382129600,nan,nan,nan,nan,nan,nan,nan
1345,54.2105263158,0.7161050335,nan,0.0000272236,45.6505446668,nan,nan,nan,nan,nan,nan,nan
1346,54.2105263158,0.8965655268,nan,0.0000021530,56.6695557337,nan,nan,nan,nan,nan,nan,nan
1347,54.2105263158,0.2125360584,nan,0.0015850037,27.9996973038,nan,nan,nan,nan,nan,nan,nan
1348,54.2105263158,0.7452239206,nan,0.0000187902,47.2606952292,nan,nan,nan,nan,nan,nan,nan
1349,54.2105263158,0.7542851710,nan,0.0000166920,47.7749168287,nan,nan,nan,nan,nan,nan,nan
1350,54.2105263158,1.1260303935,nan,0.0000000374,74.2670471107,nan,nan,nan,nan,nan,nan,nan
1351,54.2105263158,0.0675531052,nan,0.0022499100,26.4783484971,nan,nan,nan,nan,nan,nan,nan
1352,54.2105263158,0.4267271056,nan,0.0004836241,33.1549202223,nan,nan,nan,nan,nan,nan,nan
1353,54.2105263158,0.5244529115,nan,0.0002156281,36.6629474412,nan,nan,nan,nan,nan,nan,nan
1354,54.2105263158,0.6031340046,nan,0.0000996629,40.0146646338,nan,nan,nan,nan,nan,nan,nan
1355,54.2105263158,0.1198084806,nan,0.0020681606,26.8441573764,nan,nan,nan,nan,nan,nan,nan
1356,54.2105263158,0.5893001036,nan,0.0001150468,39.3912534696,nan,nan,nan,nan,nan,nan,nan
1357,54.2105263158,0.8213618960,nan,0.0000066435,51.7760054410,nan,nan,nan,nan,nan,nan,nan
1358,54.2105263158,1.8954772142,nan,0.0000000000,162.6428206471,nan,nan,nan,nan,nan,nan,nan
1359,54.2105263158,1.1235435625,nan,0.0000000393,74.0547946044,nan,nan,nan,nan,nan,nan,nan
1360,54.2105263158,0.4781344443,nan,0.0003228604,34.9098525034,nan,nan,nan,nan,nan,nan,nan
1361,54.2105263158,0.6781496528,nan,0.0000431649,43.6486892546,nan,nan,nan,nan,nan,nan,nan
1362,54.2105263158,0.5112662697,nan,0.0002428145,36.1472535372,nan,nan,nan,nan,nan,nan,nan
1363,54.2105263158,0.9960522588,nan,0.0000004163,63.8058034556,nan,nan,nan,nan,nan,nan,nan
1364,54.2105263158,0.4261617504,nan,0.0004856534,33.1367355247,nan,nan,nan,nan,nan,nan,nan
1365,54.2105263158,0.8254937380,nan,0.0000062608,52.0336760778,nan,nan,nan,nan,nan,nan,nan
1366,54.2105263158,1.2010342054,nan,0.0000000081,80.8905815828,nan,nan,nan,nan,nan,nan,nan
1367,54.2105263158,0.6327972678,nan,0.0000724356,41.4004805296,nan,nan,nan,nan,nan,nan,nan
1368,54.2105263158,0.1050580865,nan,0.0021280910,26.7200980147,nan,nan,nan,nan,nan,nan,nan
1369,54.2105263158,0.2480737012,nan,0.0013757292,28.6146704600,nan,nan,nan,nan,nan,nan,nan
1370,54.2105263158,0.6178164280,nan,0.0000852661,40.6922359392,nan,nan,nan,nan,nan,nan,nan
1371,54.2105263158,0.9677581644,nan,0.0000006762,61.6994290783,nan,nan,nan,nan,nan,nan,nan
1372,54.2105263158,0.7143370822,nan,0.0000278300,45.5548634767,nan,nan,nan,nan,nan,nan,nan
1373,54.2105263158,0.7163851353,nan,0.0000271286,45.6657255581,nan,nan,nan,nan,nan,nan,nan
1374,54.2105263158,0.4853830356,nan,0.0003038473,35.1734456862,nan,nan,nan,nan,nan,nan,nan
1375,54.2105263158,0.4592577710,nan,0.0003765188,34.2421333573,nan,nan,nan,nan,nan,nan,nan
1376,54.2105263158,0.3414032524,nan,0.0008541255,30.6847830323,nan,nan,nan,nan,nan,nan,nan
1377,54.2105263158,0.9520730049,nan,0.0000008794,60.5580469386,nan,nan,nan,nan,nan,nan,nan
1378,54.2105263158,0.2789626351,nan,0.0011948695,29.2267950809,nan,nan,nan,nan,nan,nan,nan
1379,54.2105263158,1.3068638759,nan,0.0000000008,90.9672599252,nan,nan,nan,nan,nan,nan,nan
1380,54.2105263158,0.4877954128,nan,0.0002977107,35.2620562538,nan,nan,nan,nan,nan,nan,nan
1381,54.2105263158,1.2608976964,nan,0.0000000022,86.4854225691,nan,nan,nan,nan,nan,nan,nan
1382,54.2105263158,0.5641937822,nan,0.0001480119,38.2970336579,nan,nan,nan,nan,nan,nan,nan
1383,54.2105263158,0.3498936875,nan,0.0008117367,30.9058483919,nan,nan,nan,nan,nan,nan,nan
1384,54.2105263158,0.9702891683,nan,0.0000006478,61.8853643163,nan,nan,nan,nan,nan,nan,nan
1385,54.2105263158,0.5177763478,nan,0.0002290765,36.4001937295,nan,nan,nan,nan,nan,nan,nan
1386,54.2105263158,1.1415582546,nan,0.0000000275,75.6030386446,nan,nan,nan,nan,nan,nan,nan
1387,54.2105263158,0.8079377975,nan,0.0000080393,50.9478288700,nan,nan,nan,nan,nan,nan,nan
1388,54.2105263158,0.2663896069,nan,0.0012679662,28.9689231171,nan,nan,nan,nan,nan,nan,nan
1389,54.2105263158,0.6998430771,nan,0.0000332704,44.7794232088,nan,nan,nan,nan,nan,nan,nan
1390,54.2105263158,0.9617946747,nan,0.0000007476,61.2632650604,nan,nan,nan,nan,nan,nan,nan
1391,54.2105263158,0.7738380175,nan,0.0000128652,48.9058382796,nan,nan,nan,nan,nan,nan,nan
1392,54.2105263158,0.0977039506,nan,0.0021555785,26.6643615940,nan,nan,nan,nan,nan,nan,nan
1393,54.2105263158,0.4948407524,nan,0.0002803255,35.5233738132,nan,nan,nan,nan,nan,nan,nan
1394,54.2105263158,0.6164262708,nan,0.0000865490,40.6273795407,nan,nan,nan,nan,nan,nan,nan
1395,54.2105263158,1.1927887561,nan,0.0000000097,80.1414119821,nan,nan,nan,nan,nan,nan,nan
1396,54.2105263158,0.6838483691,nan,0.0000403436,43.9422563221,nan,nan,nan,nan,nan,nan,nan
1397,54.2105263158,1.1879112827,nan,0.0000000107,79.7006962356,nan,nan,nan,nan,nan,nan,nan
1398,54.2105263158,0.9080886056,nan,0.0000017958,57.4574625242,nan,nan,nan,nan,nan,nan,nan
1399,54.2105263158,0.9966561879,nan,0.0000004120,63.8514291236,nan,nan,nan,nan,nan,nan,nan
1400,54.2105263158,0.4818308101,nan,0.0003130566,35.0437712743,nan,nan,nan,nan,nan,nan,nan
1401,54.2105263158,1.4728474904,nan,0.0000000000,108.4956950839,nan,nan,nan,nan,nan,nan,nan
1402,54.2105263158,0.1440065255,nan,0.0019574173,27.0831657990,nan,nan,nan,nan,nan,nan,nan
1403,54.2105263158,0.2901260023,nan,0.0011308933,29.4657835915,nan,nan,nan,nan,nan,nan,nan
1404,54.2105263158,1.4333630103,nan,0.0000000000,104.1350560673,nan,nan,nan,nan,nan,nan,nan
1405,54.2105263158,0.5427044954,nan,0.0001820321,37.3985199119,nan,nan,nan,nan,nan,nan,nan
1406,54.2105263158,0.1313985900,nan,0.0020169122,26.9531301470,nan,nan,nan,nan,nan,nan,nan
1407,54.2105263158,0.1803624682,nan,0.0017679696,27.5252520325,nan,nan,nan,nan,nan,nan,nan
1408,54.2105263158,1.3553539546,nan,0.0000000003,95.8702028516,nan,nan,nan,nan,nan,nan,nan
1409,54.2105263158,0.8253054561,nan,0.0000062778,52.0219061228,nan,nan,nan,nan,nan,nan,nan
1410,54.2105263158,0.2306171268,nan,0.0014788851,28.3006555847,nan,nan,nan,nan,nan,nan,nan
1411,54.2105263158,0.6148384200,nan,0.0000880343,40.5534797945,nan,nan,nan,nan,nan,nan,nan
1412,54.2105263158,0.8031744057,nan,0.0000085956,50.6572602946,nan,nan,nan,nan,nan,nan,nan
1413,54.2105263158,0.4244152308,nan,0.0004919589,33.0807117989,nan,nan,nan,nan,nan,nan,nan
1414,54.2105263158,0.3187053468,nan,0.0009726080,30.1206216846,nan,nan,nan,nan,nan,nan,nan
1415,54.2105263158,0.9452070719,nan,0.0000009853,60.0643297710,nan,nan,nan,nan,nan,nan,nan
1416,54.2105263158,0.6771736361,nan,0.0000436651,43.5986580739,nan,nan,nan,nan,nan,nan,nan
1417,54.2105263158,0.9849457361,nan,0.0000005045,62.9716887922,nan,nan,nan,nan,nan,nan,nan
1418,54.2105263158,0.2207323225,nan,0.0015370707,28.1330616948,nan,nan,nan,nan,nan,nan,nan
1419,54.2105263158,0.8421091629,nan,0.0000049170,53.0829855026,nan,nan,nan,nan,nan,nan,nan
1420,54.2105263158,0.8132118016,nan,0.0000074618,51.2715617820,nan,nan,nan,nan,nan,nan,nan
1421,54.2105263158,0.7786792160,nan,0.0000120494,49.1903472832,nan,nan,nan,nan,nan,nan,nan
1422,54.2105263158,0.7491242128,nan,0.0000178597,47.4812684104,nan,nan,nan,nan,nan,nan,nan
1423,54.2105263158,0.8362483655,nan,0.0000053574,52.7104583307,nan,nan,nan,nan,nan,nan,nan
1424,54.2105263158,1.1485697757,nan,0.0000000239,76.2123320036,nan,nan,nan,nan,nan,nan,nan
1425,54.2105263158,0.8170776075,nan,0.0000070628,51.5102017568,nan,nan,nan,nan,nan,nan,nan
1426,54.2105263158,0.9544387633,nan,0.0000008455,60.7289973646,nan,nan,nan,nan,nan,nan,nan
1427,54.2105263158,0.3624187767,nan,0.0007512871,31.2419404683,nan,nan,nan,nan,nan,nan,nan
1428,54.2105263158,0.7829490108,nan,0.0000113691,49.4427576147,nan,nan,nan,nan,nan,nan,nan
1429,54.2105263158,0.6411604108,nan,0.0000660193,41.8032886773,nan,nan,nan,nan,nan,nan,nan
1430,54.2105263158,0.4993276094,nan,0.0002696646,35.6917604103,nan,nan,nan,nan,nan,nan,nan
1431,54.2105263158,1.8332133461,nan,0.0000000000,153.8067168163,nan,nan,nan,nan,nan,nan,nan
1432,54.2105263158,0.8539262768,nan,0.0000041285,53.8420721784,nan,nan,nan,nan,nan,nan,nan
1433,54.2105263158,1.0784407556,nan,0.0000000936,70.2871786504,nan,nan,nan,nan,nan,nan,nan
1434,54.2105263158,0.5616275264,nan,0.0001517789,38.1878871266,nan,nan,nan,nan,nan,nan,nan
1435,54.2105263158,0.4934517028,nan,0.0002836903,35.4715543875,nan,nan,nan,nan,nan,nan,nan
1436,54.2105263158,0.9046001435,nan,0.0000018976,57.2178654346,nan,nan,nan,nan,nan,nan,nan
1437,54.2105263158,0.1497661380,nan,0.0019290539,27.1465563230,nan,nan,nan,nan,nan,nan,nan
1438,54.2105263158,1.2227114379,nan,0.0000000051,82.8849169197,nan,nan,nan,nan,nan,nan,nan
1439,54.2105263158,0.8641801349,nan,0.0000035405,54.5093661923,nan,nan,nan,nan,nan,nan,nan
1440,54.2105263158,0.6088834170,nan,0.0000937986,40.2780379093,nan,nan,nan,nan,nan,nan,nan
1441,54.2105263158,0.9151260347,nan,0.0000016056,57.9436365252,nan,nan,nan,nan,nan,nan,nan
1442,54.2105263158,0.2357386237,nan,0.0014486404,28.3903942143,nan,nan,nan,nan,nan,nan,nan
1443,54.2105263158,0.4733773232,nan,0.0003358126,34.7390298297,nan,nan,nan,nan,nan,nan,nan
1444,54.2105263158,0.9275943111,nan,0.0000013139,58.8142681669,nan,nan,nan,nan,nan,nan,nan
1445,54.2105263158,0.7822221674,nan,0.0000114824,49.3996919414,nan,nan,nan,nan,nan,nan,nan
1446,54.2105263158,1.2361603299,nan,0.0000000039,84.1402774000,nan,nan,nan,nan,nan,nan,nan
1447,54.2105263158,0.1017490041,nan,0.0021406638,26.6945153044,nan,nan,nan,nan,nan,nan,nan
1448,54.2105263158,0.1693434101,nan,0.0018277934,27.3807289785,nan,nan,nan,nan,nan,nan,nan
1449,54.2105263158,0.4293703114,nan,0.0004742135,33.2402609807,nan,nan,nan,nan,nan,nan,nan
1450,54.2105263158,1.0956583036,nan,0.0000000675,71.7071021701,nan,nan,nan,nan,nan,nan,nan
1451,54.2105263158,0.7493993228,nan,0.0000177956,47.4968704447,nan,nan,nan,nan,nan,nan,nan
1452,54.2105263158,0.8970742500,nan,0.0000021359,56.7041267862,nan,nan,nan,nan,nan,nan,nan
1453,54.2105263158,1.0741963848,nan,0.0000001014,69.9406240166,nan,nan,nan,nan,nan,nan,nan
1454,54.2105263158,0.5638409821,nan,0.0001485252,38.2819988819,nan,nan,nan,nan,nan,nan,nan
1455,54.2105263158,0.2801207109,nan,0.0011881879,29.2511489215,nan,nan,nan,nan,nan,nan,nan
1456,54.2105263158,1.2885059137,nan,0.0000000012,89.1579398313,nan,nan,nan,nan,nan,nan,nan
1457,54.2105263158,0.6023575900,nan,0.0001004780,39.9792907568,nan,nan,nan,nan,nan,nan,nan
1458,54.2105263158,0.9227544850,nan,0.0000014207,58.4749062734,nan,nan,nan,nan,nan,nan,nan
1459,54.2105263158,0.6064985785,nan,0.0000961947,40.1684863381,nan,nan,nan,nan,nan,nan,nan
1460,54.2105263158,0.9993164966,nan,0.0000003933,64.0527415188,nan,nan,nan,nan,nan,nan,nan
1461,54.2105263158,0.7849648247,nan,0.0000110601,49.5624057498,nan,nan,nan,nan,nan,nan,nan
1462,54.2105263158,0.1793632248,nan,0.0017734672,27.5117683605,nan,nan,nan,nan,nan,nan,nan
1463,54.2105263158,1.2133417962,nan,0.0000000063,82.0184924924,nan,nan,nan,nan,nan,nan,nan
1464,54.2105263158,0.3028360491,nan,0.0010594072,29.7493708696,nan,nan,nan,nan,nan,nan,nan
1465,54.2105263158,0.5727875812,nan,0.0001359507,38.6661860428,nan,nan,nan,nan,nan,nan,nan
1466,54.2105263158,1.0032010938,nan,0.0000003675,64.3476688724,nan,nan,nan,nan,nan,nan,nan
1467,54.2105263158,0.3570976918,nan,0.0007766576,31.0977040803,nan,nan,nan,nan,nan,nan,nan
1468,54.2105263158,0.6808233205,nan,0.0000418204,43.7861143564,nan,nan,nan,nan,nan,nan,nan
1469,54.2105263158,0.3315748941,nan,0.0009045436,30.4357048438,nan,nan,nan,nan,nan,nan,nan
1470,54.2105263158,1.2332200980,nan,0.0000000041,83.8646469884,nan,nan,nan,nan,nan,nan,nan
1471,54.2105263158,0.2340424522,nan,0.0014586617,28.3604543289,nan,nan,nan,nan,nan,nan,nan
1472,54.2105263158,0.6100306637,nan,0.0000926639,40.3308927255,nan,nan,nan,nan,nan,nan,nan
1473,54.2105263158,0.6736345277,nan,0.0000455213,43.4178494588,nan,nan,nan,nan,nan,nan,nan
1474,54.2105263158,0.5270936551,nan,0.0002104841,36.7678077963,nan,nan,nan,nan,nan,nan,nan
1475,54.2105263158,1.0129269011,nan,0.0000003097,65.0911239750,nan,nan,nan,nan,nan,nan,nan
1476,54.2105263158,0.1024027146,nan,0.0021382063,26.6995038864,nan,nan,nan,nan,nan,nan,nan
1477,54.2105263158,1.2384656651,nan,0.0000000037,84.3568517017,nan,nan,nan,nan,nan,nan,nan
1478,54.2105263158,1.2565127794,nan,0.0000000025,86.0663155998,nan,nan,nan,nan,nan,nan,nan
1479,54.2105263158,0.2132730825,nan,0.0015807086,28.0114819534,nan,nan,nan,nan,nan,nan,nan
1480,54.2105263158,0.9894348646,nan,0.0000004669,63.3076951524,nan,nan,nan,nan,nan,nan,nan
1481,54.2105263158,0.7064078815,nan,0.0000306997,45.1286637345,nan,nan,nan,nan,nan,nan,nan
1482,54.2105263158,0.7822352337,nan,0.0000114803,49.4004657678,nan,nan,nan,nan,nan,nan,nan
1483,54.2105263158,0.7664837642,nan,0.0000142002,48.4770573188,nan,nan,nan,nan,nan,nan,nan
1484,54.2105263158,0.3484902589,nan,0.0008186664,30.8689303965,nan,nan,nan,nan,nan,nan,nan
1485,54.2105263158,1.1063869235,nan,0.0000000549,72.6033308276,nan,nan,nan,nan,nan,nan,nan
1486,54.2105263158,0.3481248972,nan,0.0008204755,30.8593438420,nan,nan,nan,nan,nan,nan,nan
1487,54.2105263158,0.6930801848,nan,0.0000361154,44.4230754743,nan,nan,nan,nan,nan,nan,nan
1488,54.2105263158,0.7320315183,nan,0.0000222679,46.5232117721,nan,nan,nan,nan,nan,nan,nan
1489,54.2105263158,0.7551870046,nan,0.0000164951,47.8264376116,nan,nan,nan,nan,nan,nan,nan
1490,54.2105263158,1.1536770994,nan,0.0000000216,76.6585159397,nan,nan,nan,nan,nan,nan,nan
1491,54.2105263158,0.4110985617,nan,0.0005418562,32.6611595200,nan,nan,nan,nan,nan,nan,nan
1492,54.2105263158,0.4822449441,nan,0.0003119723,35.0588399294,nan,nan,nan,nan,nan,nan,nan
1493,54.2105263158,0.4393322258,nan,0.0004398793,33.5666651417,nan,nan,nan,nan,nan,nan,nan
1494,54.2105263158,0.2451793362,nan,0.0013928323,28.5610118596,nan,nan,nan,nan,nan,nan,nan
1495,54.2105263158,0.8129217029,nan,0.0000074926,51.2536996387,nan,nan,nan,nan,nan,nan,nan
1496,54.2105263158,0.9471504101,nan,0.0000009542,60.2037069843,nan,nan,nan,nan,nan,nan,nan
1497,54.2105263158,0.1286407742,nan,0.0020294188,26.9262831834,nan,nan,nan,nan,nan,nan,nan
1498,54.2105263158,0.5991598561,nan,0.0001038943,39.8340834965,nan,nan,nan,nan,nan,nan,nan
1499,54.2105263158,0.4218196394,nan,0.0005014320,32.9978797600,nan,nan,nan,nan,nan,nan,nan
1500,54.2105263158,0.2044346328,nan,0.0016319751,27.8728647947,nan,nan,nan,nan,nan,nan,nan
1501,54.2105263158,0.4862765389,nan,0.0003015634,35.2062139874,nan,nan,nan,nan,nan,nan,nan
1502,54.2105263158,1.1562075189,nan,0.0000000205,76.8803153566,nan,nan,nan,nan,nan,nan,nan
1503,54.2105263158,0.3655725865,nan,0.0007364711,31.3284426738,nan,nan,nan,nan,nan,nan,nan
1504,54.2105263158,0.8006556996,nan,0.0000089037,50.5043170895,nan,nan,nan,nan,nan,nan,nan
1505,54.2105263158,0.7924316361,nan,0.0000099809,50.0082935602,nan,nan,nan,nan,nan,nan,nan
1506,54.2105263158,0.9618538467,nan,0.0000007469,61.2675795227,nan,nan,nan,nan,nan,nan,nan
1507,54.2105263158,1.7085036670,nan,0.0000000000,137.0014983182,nan,nan,nan,nan,nan,nan,nan
1508,54.2105263158,0.9489718938,nan,0.0000009258,60.3346062472,nan,nan,nan,nan,nan,nan,nan
1509,54.2105263158,0.2775475486,nan,0.0012030470,29.1971742262,nan,nan,nan,nan,nan,nan,nan
1510,54.2105263158,0.8824103691,nan,0.0000026819,55.7155335172,nan,nan,nan,nan,nan,nan,nan
1511,54.2105263158,0.7916559486,nan,0.0000100884,49.9617749240,nan,nan,nan,nan,nan,nan,nan
1512,54.2105263158,1.0906018792,nan,0.0000000743,71.2877540596,nan,nan,nan,nan,nan,nan,nan
1513,54.2105263158,1.1628696027,nan,0.0000000179,77.4666068278,nan,nan,nan,nan,nan,nan,nan
1514,54.2105263158,1.3112899844,nan,0.0000000007,91.4073407582,nan,nan,nan,nan,nan,nan,nan
1515,54.2105263158,0.5495512119,nan,0.0001705695,37.6809855606,nan,nan,nan,nan,nan,nan,nan
1516,54.2105263158,0.2455729884,nan,0.0013905056,28.5682725453,nan,nan,nan,nan,nan,nan,nan
1517,54.2105263158,0.9899814430,nan,0.0000004625,63.3487109407,nan,nan,nan,nan,nan,nan,nan
1518,54.2105263158,1.2313366994,nan,0.0000000043,83.6884358577,nan,nan,nan,nan,nan,nan,nan
1519,54.2105263158,0.4428671657,nan,0.0004281245,33.6842989319,nan,nan,nan,nan,nan,nan,nan
1520,54.2105263158,0.8114169920,nan,0.0000076539,51.1611535140,nan,nan,nan,nan,nan,nan,nan
1521,54.2105263158,1.4614959287,nan,0.0000000000,107.2298251446,nan,nan,nan,nan,nan,nan,nan
1522,54.2105263158,1.0544188414,nan,0.0000001464,68.3439110236,nan,nan,nan,nan,nan,nan,nan
1523,54.2105263158,0.2836852464,nan,0.0011676840,29.3267467305,nan,nan,nan,nan,nan,nan,nan
1524,54.2105263158,1.4038810743,nan,0.0000000001,100.9568315263,nan,nan,nan,nan,nan,nan,nan
1525,54.2105263158,0.4937260046,nan,0.0002830235,35.4817757861,nan,nan,nan,nan,nan,nan,nan
1526,54.2105263158,0.9525709155,nan,0.0000008722,60.5939906393,nan,nan,nan,nan,nan,nan,nan
1527,54.2105263158,0.3618614212,nan,0.0007539227,31.2267318217,nan,nan,nan,nan,nan,nan,nan
1528,54.2105263158,0.7268621433,nan,0.0000237802,46.2378467517,nan,nan,nan,nan,nan,nan,nan
1529,54.2105263158,0.8844298925,nan,0.0000025997,55.8507100834,nan,nan,nan,nan,nan,nan,nan
1530,54.2105263158,0.4030378436,nan,0.0005736226,32.4137377920,nan,nan,nan,nan,nan,nan,nan
1531,54.2105263158,0.3995961628,nan,0.0005875437,32.3095980067,nan,nan,nan,nan,nan,nan,nan
1532,54.2105263158,0.3805874215,nan,0.0006682501,31.7506099835,nan,nan,nan,nan,nan,nan,nan
1533,54.2105263158,0.7936479868,nan,0.0000098145,50.0813314372,nan,nan,nan,nan,nan,nan,nan
1534,54.2105263158,1.1386284895,nan,0.0000000292,75.3495573415,nan,nan,nan,nan,nan,nan,nan
1535,54.2105263158,0.4973070519,nan,0.0002744263,35.6157419207,nan,nan,nan,nan,nan,nan,nan
1536,54.2105263158,0.7947654013,nan,0.0000096638,50.1485278563,nan,nan,nan,nan,nan,nan,nan
1537,54.2105263158,1.2715727697,nan,0.0000000018,87.5118796769,nan,nan,nan,nan,nan,nan,nan
1538,54.2105263158,0.1837436848,nan,0.0017492679,27.5714368343,nan,nan,nan,nan,nan,nan,nan
1539,54.2105263158,0.8939305691,nan,0.0000022435,56.4908090039,nan,nan,nan,nan,nan,nan,nan
1540,54.2105263158,0.2744806895,nan,0.0012208159,29.1334983661,nan,nan,nan,nan,nan,nan,nan
1541,54.2105263158,0.2655151266,nan,0.0012730831,28.9514325675,nan,nan,nan,nan,nan,nan,nan
1542,54.2105263158,0.3518835426,nan,0.0008019645,30.9584485852,nan,nan,nan,nan,nan,nan,nan
1543,54.2105263158,0.6772945534,nan,0.0000436028,43.6048524304,nan,nan,nan,nan,nan,nan,nan
1544,54.2105263158,1.3453371119,nan,0.0000000003,94.8426488613,nan,nan,nan,nan,nan,nan,nan
1545,54.2105263158,0.7647626720,nan,0.0000145301,48.3773059786,nan,nan,nan,nan,nan,nan,nan
1546,54.2105263158,0.1827525056,nan,0.0017547657,27.5578086704,nan,nan,nan,nan,nan,nan,nan
1547,54.2105263158,1.1040820637,nan,0.0000000574,72.4100503656,nan,nan,nan,nan,nan,nan,nan
1548,54.2105263158,1.2079821354,nan,0.0000000070,81.5258920715,nan,nan,nan,nan,nan,nan,nan
1549,54.2105263158,0.8206989468,nan,0.0000067069,51.7347836075,nan,nan,nan,nan,nan,nan,nan
1550,54.2105263158,0.5798634463,nan,0.0001266383,38.9743496937,nan,nan,nan,nan,nan,nan,nan
1551,54.2105263158,0.2054400831,nan,0.0016261716,27.8883361697,nan,nan,nan,nan,nan,nan,nan
1552,54.2105263158,0.8334023108,nan,0.0000055841,52.5305001437,nan,nan,nan,nan,nan,nan,nan
1553,54.2105263158,1.1407705821,nan,0.0000000280,75.5348253303,nan,nan,nan,nan,nan,nan,nan
1554,54.2105263158,1.6549855472,nan,0.0000000000,130.1547964091,nan,nan,nan,nan,nan,nan,nan
1555,54.2105263158,0.8110819620,nan,0.0000076903,51.1405712208,nan,nan,nan,nan,nan,nan,nan
1556,54.2105263158,0.5949100335,nan,0.0001085849,39.6423050907,nan,nan,nan,nan,nan,nan,nan
1557,54.2105263158,0.3574260367,nan,0.0007750787,31.1065422444,nan,nan,nan,nan,nan,nan,nan
1558,54.2105263158,0.7438528573,nan,0.0000191274,47.1834327121,nan,nan,nan,nan,nan,nan,nan
1559,54.2105263158,0.4597610726,nan,0.0003750088,34.2595853995,nan,nan,nan,nan,nan,nan,nan
1560,54.2105263158,0.7924736657,nan,0.0000099751,50.0108154159,nan,nan,nan,nan,nan,nan,nan
1561,54.2105263158,0.0889804652,nan,0.0021859889,26.6035205558,nan,nan,nan,nan,nan,nan,nan
1562,54.2105263158,0.3828583215,nan,0.0006582716,31.8159485806,nan,nan,nan,nan,nan,nan,nan
1563,54.2105263158,0.5905658034,nan,0.0001135616,39.4476860935,nan,nan,nan,nan,nan,nan,nan
1564,54.2105263158,0.1567265480,nan,0.0018938689,27.2265008881,nan,nan,nan,nan,nan,nan,nan
1565,54.2105263158,0.1373771685,nan,0.0019891620,27.0132984955,nan,nan,nan,nan,nan,nan,nan
1566,54.2105263158,0.5360332721,nan,0.0001937884,37.1267215985,nan,nan,nan,nan,nan,nan,nan
1567,54.2105263158,0.9281036908,nan,0.0000013031,58.8500890625,nan,nan,nan,nan,nan,nan,nan
1568,54.2105263158,0.6924335786,nan,0.0000363983,44.3891871042,nan,nan,nan,nan,nan,nan,nan
1569,54.2105263158,0.5072295651,nan,0.0002516500,35.9920302998,nan,nan,nan,nan,nan,nan,nan
1570,54.2105263158,0.9244301524,nan,0.0000013829,58.5921995801,nan,nan,nan,nan,nan,nan,nan
1571,54.2105263158,0.6177840568,nan,0.0000852958,40.6907240179,nan,nan,nan,nan,nan,nan,nan
1572,54.2105263158,1.2160312941,nan,0.0000000059,82.2665080638,nan,nan,nan,nan,nan,nan,nan
1573,54.2105263158,0.4259327507,nan,0.0004864770,33.1293766363,nan,nan,nan,nan,nan,nan,nan
1574,54.2105263158,0.0933094094,nan,0.0021712022,26.6329972045,nan,nan,nan,nan,nan,nan,nan
1575,54.2105263158,0.3108301701,nan,0.0010153124,29.9340033048,nan,nan,nan,nan,nan,nan,nan
1576,54.2105263158,0.6490043657,nan,0.0000604515,42.1859266497,nan,nan,nan,nan,nan,nan,nan
1577,54.2105263158,0.7102869710,nan,0.0000292646,45.3365692723,nan,nan,nan,nan,nan,nan,nan
1578,54.2105263158,0.3134178628,nan,0.0010011967,29.9948057389,nan,nan,nan,nan,nan,nan,nan
1579,54.2105263158,0.3123886546,nan,0.0010068014,29.9705619142,nan,nan,nan,nan,nan,nan,nan
1580,54.2105263158,0.2818536948,nan,0.0011782074,29.2877824619,nan,nan,nan,nan,nan,nan,nan
1581,54.2105263158,1.0981009358,nan,0.0000000644,71.9103779338,nan,nan,nan,nan,nan,nan,nan
1582,54.2105263158,0.9013932067,nan,0.0000019960,56.9984228755,nan,nan,nan,nan,nan,nan,nan
1583,54.2105263158,0.8843781602,nan,0.0000026018,55.8472435099,nan,nan,nan,nan,nan,nan,nan
1584,54.2105263158,0.1441479715,nan,0.0019567293,27.0846926035,nan,nan,nan,nan,nan,nan,nan
1585,54.2105263158,1.4054370890,nan,0.0000000001,101.1229124699,nan,nan,nan,nan,nan,nan,nan
1586,54.2105263158,0.2414760866,nan,0.0014147245,28.4932813198,nan,nan,nan,nan,nan,nan,nan
1587,54.2105263158,0.1969396577,nan,0.0016749651,27.7599422667,nan,nan,nan,nan,nan,nan,nan
1588,54.2105263158,0.2407098504,nan,0.0014192546,28.4793967531,nan,nan,nan,nan,nan,nan,nan
1589,54.2105263158,1.0775919079,nan,0.0000000951,70.2177598745,nan,nan,nan,nan,nan,nan,nan
1590,54.2105263158,0.7980240228,nan,0.0000092363,50.3450303255,nan,nan,nan,nan,nan,nan,nan
1591,54.2105263158,0.6985660180,nan,0.0000337920,44.7118662410,nan,nan,nan,nan,nan,nan,nan
1592,54.2105263158,0.5820517813,nan,0.0001238675,39.0704254544,nan,nan,nan,nan,nan,nan,nan
1593,54.2105263158,1.1341950096,nan,0.0000000319,74.9672220037,nan,nan,nan,nan,nan,nan,nan
1594,54.2105263158,0.7156458790,nan,0.0000273800,45.6256724323,nan,nan,nan,nan,nan,nan,nan
1595,54.2105263158,0.1966238168,nan,0.0016767654,27.7552768455,nan,nan,nan,nan,nan,nan,nan
1596,54.2105263158,1.6370934655,nan,0.0000000000,127.9147154358,nan,nan,nan,nan,nan,nan,nan
1597,54.2105263158,1.4642685859,nan,0.0000000000,107.5381085654,nan,nan,nan,nan,nan,nan,nan
1598,54.2105263158,1.0405263914,nan,0.0000001888,67.2401733362,nan,nan,nan,nan,nan,nan,nan
1599,54.2105263158,0.7680929367,nan,0.0000138978,48.5705260983,nan,nan,nan,nan,nan,nan,nan
1600,54.2105263158,0.5758456229,nan,0.0001318590,38.7989008461,nan,nan,nan,nan,nan,nan,nan
1601,54.2105263158,1.1511178575,nan,0.0000000227,76.4346875043,nan,nan,nan,nan,nan,nan,nan
1602,54.2105263158,0.3749259035,nan,0.0006935186,31.5894190872,nan,nan,nan,nan,nan,nan,nan
1603,54.2105263158,1.0785165147,nan,0.0000000935,70.2933768983,nan,nan,nan,nan,nan,nan,nan
1604,54.2105263158,0.5075367875,nan,0.0002509689,36.0038003853,nan,nan,nan,nan,nan,nan,nan
1605,54.2105263158,0.8477415867,nan,0.0000045254,53.4434635630,nan,nan,nan,nan,nan,nan,nan
1606,54.2105263158,0.1319559812,nan,0.0020143615,26.9586258836,nan,nan,nan,nan,nan,nan,nan
1607,54.2105263158,0.4826208107,nan,0.0003109906,35.0725274687,nan,nan,nan,nan,nan,nan,nan
1608,54.2105263158,0.0896336631,nan,0.0021837966,26.6078780719,nan,nan,nan,nan,nan,nan,nan
1609,54.2105263158,0.6327950023,nan,0.0000724374,41.4003721306,nan,nan,nan,nan,nan,nan,nan
1610,54.2105263158,1.0826146975,nan,0.0000000865,70.6293238012,nan,nan,nan,nan,nan,nan,nan
1611,54.2105263158,0.7133019626,nan,0.0000281906,45.4989534609,nan,nan,nan,nan,nan,nan,nan
1612,54.2105263158,0.6051331807,nan,0.0000975897,40.1059592276,nan,nan,nan,nan,nan,nan,nan
1613,54.2105263158,0.5749065076,nan,0.0001331046,38.7580688843,nan,nan,nan,nan,nan,nan,nan
1614,54.2105263158,0.6551628644,nan,0.0000563686,42.4896268122,nan,nan,nan,nan,nan,nan,nan
1615,54.2105263158,0.5860576380,nan,0.0001189258,39.2472403553,nan,nan,nan,nan,nan,nan,nan
1616,54.2105263158,0.4635540464,nan,0.0003637704,34.3917258734,nan,nan,nan,nan,nan,nan,nan
1617,54.2105263158,1.4423525608,nan,0.0000000000,105.1173739283,nan,nan,nan,nan,nan,nan,nan
1618,54.2105263158,1.1019739035,nan,0.0000000598,72.2336198285,nan,nan,nan,nan,nan,nan,nan
1619,54.2105263158,0.9063220495,nan,0.0000018467,57.3360146657,nan,nan,nan,nan,nan,nan,nan
1620,54.2105263158,0.7206249796,nan,0.0000257262,45.8962452624,nan,nan,nan,nan,nan,nan,nan
1621,54.2105263158,0.2836313892,nan,0.0011679931,29.3255973544,nan,nan,nan,nan,nan,nan,nan
1622,54.2105263158,1.0884884346,nan,0.0000000774,71.1130566007,nan,nan,nan,nan,nan,nan,nan
1623,54.2105263158,0.6923259312,nan,0.0000364456,44.3835484406,nan,nan,nan,nan,nan,nan,nan
1624,54.2105263158,0.7426131194,nan,0.0000194371,47.1136939317,nan,nan,nan,nan,nan,nan,nan
1625,54.2105263158,0.4176404947,nan,0.0005169414,32.8655867383,nan,nan,nan,nan,nan,nan,nan
1626,54.2105263158,1.0292997736,nan,0.0000002313,66.3589933078,nan,nan,nan,nan,nan,nan,nan
1627,54.2105263158,0.8683375933,nan,0.0000033249,54.7822061424,nan,nan,nan,nan,nan,nan,nan
1628,54.2105263158,0.7255721457,nan,0.0000241716,46.1669522636,nan,nan,nan,nan,nan,nan,nan
1629,54.2105263158,0.9772807966,nan,0.0000005752,62.4015300138,nan,nan,nan,nan,nan,nan,nan
1630,54.2105263158,0.9508755734,nan,0.0000008971,60.4716828903,nan,nan,nan,nan,nan,nan,nan
1631,54.2105263158,1.5973552256,nan,0.0000000000,123.0271347453,nan,nan,nan,nan,nan,nan,nan
1632,54.2105263158,0.8015210480,nan,0.0000087967,50.5568090706,nan,nan,nan,nan,nan,nan,nan
1633,54.2105263158,0.6097790687,nan,0.0000929118,40.3192929184,nan,nan,nan,nan,nan,nan,nan
1634,54.2105263158,0.8821327857,nan,0.0000026934,55.6969778105,nan,nan,nan,nan,nan,nan,nan
1635,54.2105263158,1.0230259757,nan,0.0000002588,65.8707506039,nan,nan,nan,nan,nan,nan,nan
1636,54.2105263158,0.3817660504,nan,0.0006630598,31.7844728123,nan,nan,nan,nan,nan,nan,nan
1637,54.2105263158,0.9382251159,nan,0.0000011051,59.5659566924,nan,nan,nan,nan,nan,nan,nan
1638,54.2105263158,0.8971857774,nan,0.0000021322,56.7117084392,nan,nan,nan,nan,nan,nan,nan
1639,54.2105263158,0.5870937868,nan,0.0001176746,39.2931736606,nan,nan,nan,nan,nan,nan,nan
1640,54.2105263158,0.3829868110,nan,0.0006577098,31.8196571848,nan,nan,nan,nan,nan,nan,nan
1641,54.2105263158,0.5946299539,nan,0.0001089002,39.6297144005,nan,nan,nan,nan,nan,nan,nan
1642,54.2105263158,0.8667788466,nan,0.0000034043,54.6797564715,nan,nan,nan,nan,nan,nan,nan
1643,54.2105263158,0.7860297256,nan,0.0000109000,49.6257376386,nan,nan,nan,nan,nan,nan,nan
1644,54.2105263158,0.8140647936,nan,0.0000073720,51.3241198926,nan,nan,nan,nan,nan,nan,nan
1645,54.2105263158,0.7112663511,nan,0.0000289118,45.3892417304,nan,nan,nan,nan,nan,nan,nan
1646,54.2105263158,0.5322919042,nan,0.0002006425,36.9757715938,nan,nan,nan,nan,nan,nan,nan
1647,54.2105263158,1.6020494180,nan,0.0000000000,123.5981999168,nan,nan,nan,nan,nan,nan,nan
1648,54.2105263158,1.2022363974,nan,0.0000000079,81.0002447820,nan,nan,nan,nan,nan,nan,nan
1649,54.2105263158,0.7524859259,nan,0.0000170910,47.6723129680,nan,nan,nan,nan,nan,nan,nan
1650,54.2105263158,0.8842674345,nan,0.0000026063,55.8398244728,nan,nan,nan,nan,nan,nan,nan
1651,54.2105263158,0.3548204233,nan,0.0007876566,31.0366310385,nan,nan,nan,nan,nan,nan,nan
1652,54.2105263158,0.7322433370,nan,0.0000222078,46.5349481958,nan,nan,nan,nan,nan,nan,nan
1653,54.2105263158,1.3838443922,nan,0.0000000001,98.8347590775,nan,nan,nan,nan,nan,nan,nan
1654,54.2105263158,0.8507277128,nan,0.0000043296,53.6355579607,nan,nan,nan,nan,nan,nan,nan
1655,54.2105263158,0.7507060834,nan,0.0000174942,47.5710581472,nan,nan,nan,nan,nan,nan,nan
1656,54.2105263158,0.5409789338,nan,0.0001850166,37.3278929385,nan,nan,nan,nan,nan,nan,nan
1657,54.2105263158,0.4777946100,nan,0.0003237731,34.8975924486,nan,nan,nan,nan,nan,nan,nan
1658,54.2105263158,0.8850694721,nan,0.0000025742,55.8935850971,nan,nan,nan,nan,nan,nan,nan
1659,54.2105263158,0.7210808596,nan,0.0000255793,45.9211128884,nan,nan,nan,nan,nan,nan,nan
1660,54.2105263158,0.2772864847,nan,0.0012045571,29.1917261492,nan,nan,nan,nan,nan,nan,nan
1661,54.2105263158,0.2552983784,nan,0.0013330997,28.7513736551,nan,nan,nan,nan,nan,nan,nan
1662,54.2105263158,1.5004056922,nan,0.0000000000,111.6098544883,nan,nan,nan,nan,nan,nan,nan
1663,54.2105263158,0.2238829955,nan,0.0015185607,28.1856784698,nan,nan,nan,nan,nan,nan,nan
1664,54.2105263158,1.0385046721,nan,0.0000001958,67.0807779981,nan,nan,nan,nan,nan,nan,nan
1665,54.2105263158,0.9832039464,nan,0.0000005198,62.8417317224,nan,nan,nan,nan,nan,nan,nan
1666,54.2105263158,0.5756659588,nan,0.0001320966,38.7910840117,nan,nan,nan,nan,nan,nan,nan
1667,54.2105263158,1.0087676446,nan,0.0000003332,64.7723009717,nan,nan,nan,nan,nan,nan,nan
1668,54.2105263158,0.7205771918,nan,0.0000257416,45.8936394218,nan,nan,nan,nan,nan,nan,nan
1669,54.2105263158,0.3686014928,nan,0.0007223989,31.4122289973,nan,nan,nan,nan,nan,nan,nan
1670,54.2105263158,1.0083186083,nan,0.0000003359,64.7379595555,nan,nan,nan,nan,nan,nan,nan
1671,54.2105263158,1.1057670089,nan,0.0000000556,72.5513062794,nan,nan,nan,nan,nan,nan,nan
1672,54.2105263158,0.1600005033,nan,0.0018769954,27.2653678195,nan,nan,nan,nan,nan,nan,nan
1673,54.2105263158,0.3309015642,nan,0.0009080487,30.4189086995,nan,nan,nan,nan,nan,nan,nan
1674,54.2105263158,0.4284940165,nan,0.0004773194,33.2119094341,nan,nan,nan,nan,nan,nan,nan
1675,54.2105263158,0.8958321718,nan,0.0000021778,56.6197542191,nan,nan,nan,nan,nan,nan,nan
1676,54.2105263158,0.4399159289,nan,0.0004379229,33.5860239095,nan,nan,nan,nan,nan,nan,nan
1677,54.2105263158,0.8813716792,nan,0.0000027251,55.6461300085,nan,nan,nan,nan,nan,nan,nan
1678,54.2105263158,0.7987514058,nan,0.0000091432,50.3890036626,nan,nan,nan,nan,nan,nan,nan
1679,54.2105263158,0.7287714282,nan,0.0000232113,46.3430080243,nan,nan,nan,nan,nan,nan,nan
1680,54.2105263158,0.8565165006,nan,0.0000039720,54.0098805567,nan,nan,nan,nan,nan,nan,nan
1681,54.2105263158,0.5816801335,nan,0.0001243345,39.0540831153,nan,nan,nan,nan,nan,nan,nan
1682,54.2105263158,0.6640454669,nan,0.0000509009,42.9327468744,nan,nan,nan,nan,nan,nan,nan
1683,54.2105263158,0.7968023813,nan,0.0000093945,50.2712677001,nan,nan,nan,nan,nan,nan,nan
1684,54.2105263158,0.9915476209,nan,0.0000004502,63.4663647143,nan,nan,nan,nan,nan,nan,nan
1685,54.2105263158,0.3979396724,nan,0.0005943201,32.2597955807,nan,nan,nan,nan,nan,nan,nan
1686,54.2105263158,0.6753556018,nan,0.0000446102,43.5056579036,nan,nan,nan,nan,nan,nan,nan
1687,54.2105263158,1.3308394567,nan,0.0000000005,93.3690243113,nan,nan,nan,nan,nan,nan,nan
1688,54.2105263158,1.6482214979,nan,0.0000000000,129.3050599741,nan,nan,nan,nan,nan,nan,nan
1689,54.2105263158,0.5039729222,nan,0.0002589581,35.8677050342,nan,nan,nan,nan,nan,nan,nan
1690,54.2105263158,0.7450398543,nan,0.0000188351,47.2503143572,nan,nan,nan,nan,nan,nan,nan
1691,54.2105263158,0.4414480431,nan,0.0004328167,33.6369601837,nan,nan,nan,nan,nan,nan,nan
1692,54.2105263158,0.1551880739,nan,0.0019017280,27.2085160317,nan,nan,nan,nan,nan,nan,nan
1693,54.2105263158,0.2736850561,nan,0.0012254355,29.1170952771,nan,nan,nan,nan,nan,nan,nan
1694,54.2105263158,1.4839419976,nan,0.0000000000,109.7424224512,nan,nan,nan,nan,nan,nan,nan
1695,54.2105263158,0.5710760025,nan,0.0001382861,38.5922162362,nan,nan,nan,nan,nan,nan,nan
1696,54.2105263158,0.7411350873,nan,0.0000198121,47.0307033774,nan,nan,nan,nan,nan,nan,nan
1697,54.2105263158,0.2693592691,nan,0.0012506185,29.0287515109,nan,nan,nan,nan,nan,nan,nan
1698,54.2105263158,0.0501688642,nan,0.0022897552,26.4021093767,nan,nan,nan,nan,nan,nan,nan
1699,54.2105263158,0.9505135419,nan,0.0000009025,60.4455931071,nan,nan,nan,nan,nan,nan,nan
1700,54.2105263158,1.1825472825,nan,0.0000000120,79.2181171362,nan,nan,nan,nan,nan,nan,nan
1701,54.2105263158,0.6931070127,nan,0.0000361037,44.4244821990,nan,nan,nan,nan,nan,nan,nan
1702,54.2105263158,0.4642376854,nan,0.0003617713,34.4156588311,nan,nan,nan,nan,nan,nan,nan
1703,54.2105263158,1.2504424309,nan,0.0000000028,85.4885409885,nan,nan,nan,nan,nan,nan,nan
1704,54.2105263158,1.5644608128,nan,0.0000000000,119.0727169784,nan,nan,nan,nan,nan,nan,nan
1705,54.2105263158,0.3203424160,nan,0.0009638279,30.1600052115,nan,nan,nan,nan,nan,nan,nan
1706,54.2105263158,0.4095842939,nan,0.0005477340,32.6143033789,nan,nan,nan,nan,nan,nan,nan
1707,54.2105263158,0.5546311681,nan,0.0001624477,37.8928650925,nan,nan,nan,nan,nan,nan,nan
1708,54.2105263158,0.6966920762,nan,0.0000345704,44.6129586789,nan,nan,nan,nan,nan,nan,nan
1709,54.2105263158,0.2369614344,nan,0.0014414137,28.4121135449,nan,nan,nan,nan,nan,nan,nan
1710,54.2105263158,0.1134339925,nan,0.0020948191,26.7885348205,nan,nan,nan,nan,nan,nan,nan
1711,54.2105263158,0.7046275738,nan,0.0000313789,45.0336290464,nan,nan,nan,nan,nan,nan,nan
1712,54.2105263158,0.6877889172,nan,0.0000384884,44.1466976744,nan,nan,nan,nan,nan,nan,nan
1713,54.2105263158,0.7089455623,nan,0.0000297540,45.2645449074,nan,nan,nan,nan,nan,nan,nan
1714,54.2105263158,0.7334677228,nan,0.0000218632,46.6028557809,nan,nan,nan,nan,nan,nan,nan
1715,54.2105263158,0.4390965678,nan,0.0004406708,33.5588567711,nan,nan,nan,nan,nan,nan,nan
1716,54.2105263158,0.7194673623,nan,0.0000261026,45.8331699451,nan,nan,nan,nan,nan,nan,nan
1717,54.2105263158,1.3473537432,nan,0.0000000003,95.0489035790,nan,nan,nan,nan,nan,nan,nan
1718,54.2105263158,0.5670452593,nan,0.0001439164,38.4188983095,nan,nan,nan,nan,nan,nan,nan
1719,54.2105263158,0.6417915775,nan,0.0000655556,41.8339045865,nan,nan,nan,nan,nan,nan,nan
1720,54.2105263158,0.2967823311,nan,0.0010932578,29.6127743151,nan,nan,nan,nan,nan,nan,nan
1721,54.2105263158,0.8251659613,nan,0.0000062904,52.0131877017,nan,nan,nan,nan,nan,nan,nan
1722,54.2105263158,0.3450701937,nan,0.0008356821,30.7795888286,nan,nan,nan,nan,nan,nan,nan
1723,54.2105263158,0.2083180365,nan,0.0016095175,27.9330428995,nan,nan,nan,nan,nan,nan,nan
1724,54.2105263158,0.5970287811,nan,0.0001062247,39.7377444510,nan,nan,nan,nan,nan,nan,nan
1725,54.2105263158,0.1713836048,nan,0.0018168554,27.4067963578,nan,nan,nan,nan,nan,nan,nan
1726,54.2105263158,0.6178898331,nan,0.0000851988,40.6956646676,nan,nan,nan,nan,nan,nan,nan
1727,54.2105263158,1.3172831243,nan,0.0000000006,92.0056151474,nan,nan,nan,nan,nan,nan,nan
1728,54.2105263158,1.4684232996,nan,0.0000000000,108.0011592720,nan,nan,nan,nan,nan,nan,nan
1729,54.2105263158,1.4718326532,nan,0.0000000000,108.3821243268,nan,nan,nan,nan,nan,nan,nan
1730,54.2105263158,1.0058048975,nan,0.0000003511,64.5460000120,nan,nan,nan,nan,nan,nan,nan
1731,54.2105263158,0.7711632384,nan,0.0000133370,48.7494117593,nan,nan,nan,nan,nan,nan,nan
1732,54.2105263158,0.5115197099,nan,0.0002422679,36.1570403686,nan,nan,nan,nan,nan,nan,nan
1733,54.2105263158,0.4431513760,nan,0.0004271891,33.6937979249,nan,nan,nan,nan,nan,nan,nan
1734,54.2105263158,0.5066865315,nan,0.0002528574,35.9712435257,nan,nan,nan,nan,nan,nan,nan
1735,54.2105263158,0.0643610167,nan,0.0022580570,26.4626510865,nan,nan,nan,nan,nan,nan,nan
1736,54.2105263158,0.7928985375,nan,0.0000099167,50.0363161283,nan,nan,nan,nan,nan,nan,nan
1737,54.2105263158,1.2280469808,nan,0.0000000046,83.3812991998,nan,nan,nan,nan,nan,nan,nan
1738,54.2105263158,0.7536129338,nan,0.0000168401,47.7365529387,nan,nan,nan,nan,nan,nan,nan
1739,54.2105263158,0.7894233343,nan,0.0000104037,49.8281390163,nan,nan,nan,nan,nan,nan,nan
1740,54.2105263158,1.1088513050,nan,0.0000000524,72.8104370701,nan,nan,nan,nan,nan,nan,nan
1741,54.2105263158,1.3484567195,nan,0.0000000003,95.1618440410,nan,nan,nan,nan,nan,nan,nan
1742,54.2105263158,0.2423033061,nan,0.0014098338,28.5083207740,nan,nan,nan,nan,nan,nan,nan
1743,54.2105263158,1.4985985371,nan,0.0000000000,111.4038608564,nan,nan,nan,nan,nan,nan,nan
1744,54.2105263158,1.2840377597,nan,0.0000000013,88.7214654540,nan,nan,nan,nan,nan,nan,nan
1745,54.2105263158,0.6656935399,nan,0.0000499387,43.0156235006,nan,nan,nan,nan,nan,nan,nan
1746,54.2105263158,0.7443874737,nan,0.0000189953,47.2135425306,nan,nan,nan,nan,nan,nan,nan
1747,54.2105263158,0.6760392948,nan,0.0000442527,43.5406021883,nan,nan,nan,nan,nan,nan,nan
1748,54.2105263158,0.3912430561,nan,0.0006222167,32.0605833518,nan,nan,nan,nan,nan,nan,nan
1749,54.2105263158,0.6205515305,nan,0.0000827891,40.8202685657,nan,nan,nan,nan,nan,nan,nan
1750,54.2105263158,0.5290483023,nan,0.0002067395,36.8457654938,nan,nan,nan,nan,nan,nan,nan
1751,54.2105263158,0.5744618670,nan,0.0001336977,38.7387596643,nan,nan,nan,nan,nan,nan,nan
1752,54.2105263158,0.7167152713,nan,0.0000270170,45.6836258688,nan,nan,nan,nan,nan,nan,nan
1753,54.2105263158,0.3954952049,nan,0.0006044101,32.1866828473,nan,nan,nan,nan,nan,nan,nan
1754,54.2105263158,0.7472177420,nan,0.0000183092,47.3733070403,nan,nan,nan,nan,nan,nan,nan
1755,54.2105263158,0.6484586398,nan,0.0000608253,42.1591539278,nan,nan,nan,nan,nan,nan,nan
1756,54.2105263158,1.0088279272,nan,0.0000003329,64.7769124345,nan,nan,nan,nan,nan,nan,nan
1757,54.2105263158,1.0096004346,nan,0.0000003284,64.8360318373,nan,nan,nan,nan,nan,nan,nan
1758,54.2105263158,0.1132250207,nan,0.0020956738,26.7867631572,nan,nan,nan,nan,nan,nan,nan
1759,54.2105263158,1.0385787400,nan,0.0000001956,67.0866121191,nan,nan,nan,nan,nan,nan,nan
1760,54.2105263158,0.8191728561,nan,0.0000068549,51.6400193656,nan,nan,nan,nan,nan,nan,nan
1761,54.2105263158,0.5322896921,nan,0.0002006466,36.9756826595,nan,nan,nan,nan,nan,nan,nan
1762,54.2105263158,1.1178315984,nan,0.0000000440,73.5690628865,nan,nan,nan,nan,nan,nan,nan
1763,54.2105263158,1.0174366475,nan,0.0000002859,65.4383049128,nan,nan,nan,nan,nan,nan,nan
1764,54.2105263158,0.1607910746,nan,0.0018728913,27.2748743202,nan,nan,nan,nan,nan,nan,nan
1765,54.2105263158,1.0821775444,nan,0.0000000872,70.5934272680,nan,nan,nan,nan,nan,nan,nan
1766,54.2105263158,0.3375880796,nan,0.0008735290,30.5872265596,nan,nan,nan,nan,nan,nan,nan
1767,54.2105263158,0.1325242129,nan,0.0020117534,26.9642525999,nan,nan,nan,nan,nan,nan,nan
1768,54.2105263158,0.2988836154,nan,0.0010814655,29.6598733858,nan,nan,nan,nan,nan,nan,nan
1769,54.2105263158,0.6285216093,nan,0.0000759172,41.1966004717,nan,nan,nan,nan,nan,nan,nan
1770,54.2105263158,0.7138376707,nan,0.0000280035,45.5278785272,nan,nan,nan,nan,nan,nan,nan
1771,54.2105263158,0.1784879786,nan,0.0017782713,27.5000198160,nan,nan,nan,nan,nan,nan,nan
1772,54.2105263158,0.6529563187,nan,0.0000578032,42.3804814536,nan,nan,nan,nan,nan,nan,nan
1773,54.2105263158,0.5997126178,nan,0.0001032969,39.8591284898,nan,nan,nan,nan,nan,nan,nan
1774,54.2105263158,1.1581331846,nan,0.0000000197,77.0494337979,nan,nan,nan,nan,nan,nan,nan
1775,54.2105263158,0.5674941561,nan,0.0001432802,38.4381392998,nan,nan,nan,nan,nan,nan,nan
1776,54.2105263158,1.1334829522,nan,0.0000000323,74.9059553289,nan,nan,nan,nan,nan,nan,nan
1777,54.2105263158,0.9668428795,nan,0.0000006867,61.6323097775,nan,nan,nan,nan,nan,nan,nan
1778,54.2105263158,1.0090002542,nan,0.0000003319,64.7900965483,nan,nan,nan,nan,nan,nan,nan
1779,54.2105263158,0.2214742450,nan,0.0015327155,28.1453843851,nan,nan,nan,nan,nan,nan,nan
1780,54.2105263158,0.3050384413,nan,0.0010471878,29.7997543311,nan,nan,nan,nan,nan,nan,nan
1781,54.2105263158,0.7500249358,nan,0.0000176507,47.5323716607,nan,nan,nan,nan,nan,nan,nan
1782,54.2105263158,0.4133646248,nan,0.0005331380,32.7316035367,nan,nan,nan,nan,nan,nan,nan
1783,54.2105263158,0.7585272247,nan,0.0000157841,48.0178003810,nan,nan,nan,nan,nan,nan,nan
1784,54.2105263158,0.9767569558,nan,0.0000005804,62.3627275824,nan,nan,nan,nan,nan,nan,nan
1785,54.2105263158,0.6618905249,nan,0.0000521832,42.8246931778,nan,nan,nan,nan,nan,nan,nan
1786,54.2105263158,0.6060632766,nan,0.0000966376,40.1485367004,nan,nan,nan,nan,nan,nan,nan
1787,54.2105263158,0.9049272210,nan,0.0000018879,57.2402905921,nan,nan,nan,nan,nan,nan,nan
1788,54.2105263158,0.1405109926,nan,0.0019742797,27.0459132738,nan,nan,nan,nan,nan,nan,nan
1789,54.2105263158,0.6641756240,nan,0.0000508243,42.9392845674,nan,nan,nan,nan,nan,nan,nan
1790,54.2105263158,0.0696226263,nan,0.0022444327,26.4889340662,nan,nan,nan,nan,nan,nan,nan
1791,54.2105263158,1.2847577398,nan,0.0000000013,88.7916940481,nan,nan,nan,nan,nan,nan,nan
1792,54.2105263158,0.4388025069,nan,0.0004416600,33.5491191686,nan,nan,nan,nan,nan,nan,nan
1793,54.2105263158,0.4649044595,nan,0.0003598292,34.4390355692,nan,nan,nan,nan,nan,nan,nan
1794,54.2105263158,1.5269947118,nan,0.0000000000,114.6695548530,nan,nan,nan,nan,nan,nan,nan
1795,54.2105263158,0.9571569160,nan,0.0000008080,60.9259389204,nan,nan,nan,nan,nan,nan,nan
1796,54.2105263158,1.1757510476,nan,0.0000000138,78.6098412239,nan,nan,nan,nan,nan,nan,nan
1797,54.2105263158,1.3361355642,nan,0.0000000004,93.9054885307,nan,nan,nan,nan,nan,nan,nan
1798,54.2105263158,1.0284265531,nan,0.0000002349,66.2908571597,nan,nan,nan,nan,nan,nan,nan
1799,54.2105263158,1.1597292068,nan,0.0000000191,77.1898164538,nan,nan,nan,nan,nan,nan,nan
1800,54.2105263158,0.2716576092,nan,0.0012372250,29.0755132341,nan,nan,nan,nan,nan,nan,nan
1801,54.2105263158,0.4231387216,nan,0.0004966025,33.0399111938,nan,nan,nan,nan,nan,nan,nan
1802,54.2105263158,0.6373483878,nan,0.0000688807,41.6190238055,nan,nan,nan,nan,nan,nan,nan
1803,54.2105263158,0.7636323887,nan,0.0000147505,48.3119195783,nan,nan,nan,nan,nan,nan,nan
1804,54.2105263158,0.3661420112,nan,0.0007338138,31.3441411385,nan,nan,nan,nan,nan,nan,nan
1805,54.2105263158,1.1667833292,nan,0.0000000165,77.8126117295,nan,nan,nan,nan,nan,nan,nan
1806,54.2105263158,0.3138300461,nan,0.0009989557,30.0045375470,nan,nan,nan,nan,nan,nan,nan
1807,54.2105263158,0.4169014247,nan,0.0005197172,32.8423290102,nan,nan,nan,nan,nan,nan,nan
1808,54.2105263158,1.1146073837,nan,0.0000000468,73.2959833092,nan,nan,nan,nan,nan,nan,nan
1809,54.2105263158,0.5260274751,nan,0.0002125491,36.7254074451,nan,nan,nan,nan,nan,nan,nan
1810,54.2105263158,0.6374461506,nan,0.0000688060,41.6237356298,nan,nan,nan,nan,nan,nan,nan
1811,54.2105263158,0.1306834338,nan,0.0020201736,26.9461131704,nan,nan,nan,nan,nan,nan,nan
1812,54.2105263158,0.9358498973,nan,0.0000011489,59.3972607617,nan,nan,nan,nan,nan,nan,nan
1813,54.2105263158,0.6837217835,nan,0.0000404044,43.9357084764,nan,nan,nan,nan,nan,nan,nan
1814,54.2105263158,0.6885240460,nan,0.0000381508,44.1849680458,nan,nan,nan,nan,nan,nan,nan
1815,54.2105263158,0.2537845706,nan,0.0013420222,28.7224028396,nan,nan,nan,nan,nan,nan,nan
1816,54.2105263158,1.2844012529,nan,0.0000000013,88.7569165098,nan,nan,nan,nan,nan,nan,nan
1817,54.2105263158,1.2723590914,nan,0.0000000017,87.5878324172,nan,nan,nan,nan,nan,nan,nan
1818,54.2105263158,1.2651398340,nan,0.0000000020,86.8922809230,nan,nan,nan,nan,nan,nan,nan
1819,54.2105263158,0.2423342477,nan,0.0014096509,28.5088843196,nan,nan,nan,nan,nan,nan,nan
1820,54.2105263158,0.3487786431,nan,0.0008172399,30.8765043224,nan,nan,nan,nan,nan,nan,nan
1821,54.2105263158,0.3734652240,nan,0.0007001279,31.5482260796,nan,nan,nan,nan,nan,nan,nan
1822,54.2105263158,0.7206392178,nan,0.0000257216,45.8970216962,nan,nan,nan,nan,nan,nan,nan
1823,54.2105263158,0.1219087241,nan,0.0020591341,26.8631537666,nan,nan,nan,nan,nan,nan,nan
1824,54.2105263158,0.4946596799,nan,0.0002807624,35.5166104739,nan,nan,nan,nan,nan,nan,nan
1825,54.2105263158,1.3508598310,nan,0.0000000003,95.4082352721,nan,nan,nan,nan,nan,nan,nan
1826,54.2105263158,0.2179570346,nan,0.0015533397,28.0873354586,nan,nan,nan,nan,nan,nan,nan
1827,54.2105263158,0.5315866493,nan,0.0002019558,36.9474364006,nan,nan,nan,nan,nan,nan,nan
1828,54.2105263158,0.5917969289,nan,0.0001121323,39.5026940723,nan,nan,nan,nan,nan,nan,nan
1829,54.2105263158,0.4428892201,nan,0.0004280519,33.6850358236,nan,nan,nan,nan,nan,nan,nan
1830,54.2105263158,0.8625163879,nan,0.0000036303,54.4005492316,nan,nan,nan,nan,nan,nan,nan
1831,54.2105263158,0.9374602780,nan,0.0000011190,59.5115883898,nan,nan,nan,nan,nan,nan,nan
1832,54.2105263158,0.9699868638,nan,0.0000006512,61.8631304143,nan,nan,nan,nan,nan,nan,nan
1833,54.2105263158,0.6322951728,nan,0.0000728372,41.3764666108,nan,nan,nan,nan,nan,nan,nan
1834,54.2105263158,0.3471093261,nan,0.0008255151,30.8327498912,nan,nan,nan,nan,nan,nan,nan
1835,54.2105263158,0.4096760639,nan,0.0005473766,32.6171380727,nan,nan,nan,nan,nan,nan,nan
1836,54.2105263158,0.2160744661,nan,0.0015643541,28.0566492256,nan,nan,nan,nan,nan,nan,nan
1837,54.2105263158,0.8144227522,nan,0.0000073347,51.3461924525,nan,nan,nan,nan,nan,nan,nan
1838,54.2105263158,0.7748644136,nan,0.0000126882,48.9660086988,nan,nan,nan,nan,nan,nan,nan
1839,54.2105263158,0.7520235899,nan,0.0000171950,47.6459875888,nan,nan,nan,nan,nan,nan,nan
1840,54.2105263158,0.8358787414,nan,0.0000053864,52.6870518376,nan,nan,nan,nan,nan,nan,nan
1841,54.2105263158,0.9122402283,nan,0.0000016812,57.7438165884,nan,nan,nan,nan,nan,nan,nan
1842,54.2105263158,0.9610374741,nan,0.0000007572,61.2080782130,nan,nan,nan,nan,nan,nan,nan
1843,54.2105263158,1.1106968218,nan,0.0000000505,72.9658376456,nan,nan,nan,nan,nan,nan,nan
1844,54.2105263158,0.3757536435,nan,0.0006897895,31.6128342227,nan,nan,nan,nan,nan,nan,nan
1845,54.2105263158,1.1917666446,nan,0.0000000099,80.0489061691,nan,nan,nan,nan,nan,nan,nan
1846,54.2105263158,1.0429668832,nan,0.0000001806,67.4330008548,nan,nan,nan,nan,nan,nan,nan
1847,54.2105263158,0.2668182576,nan,0.0012654594,28.9775177292,nan,nan,nan,nan,nan,nan,nan
1848,54.2105263158,0.2912692878,nan,0.0011243999,29.4907919751,nan,nan,nan,nan,nan,nan,nan
1849,54.2105263158,0.6508934264,nan,0.0000591728,42.2787769164,nan,nan,nan,nan,nan,nan,nan
1850,54.2105263158,0.4281916623,nan,0.0004783942,33.2021406240,nan,nan,nan,nan,nan,nan,nan
1851,54.2105263158,1.1309577366,nan,0.0000000340,74.6889934483,nan,nan,nan,nan,nan,nan,nan
1852,54.2105263158,0.6045209056,nan,0.0000982208,40.0779667123,nan,nan,nan,nan,nan,nan,nan
1853,54.2105263158,0.2020331040,nan,0.0016458035,27.8362203140,nan,nan,nan,nan,nan,nan,nan
1854,54.2105263158,0.7587896667,nan,0.0000157294,48.0328718153,nan,nan,nan,nan,nan,nan,nan
1855,54.2105263158,0.4520392129,nan,0.0003986626,33.9939451379,nan,nan,nan,nan,nan,nan,nan
1856,54.2105263158,0.2589223460,nan,0.0013117672,28.8214324029,nan,nan,nan,nan,nan,nan,nan
1857,54.2105263158,0.8754754001,nan,0.0000029828,55.2537092729,nan,nan,nan,nan,nan,nan,nan
1858,54.2105263158,0.1858962556,nan,0.0017372851,27.6012889447,nan,nan,nan,nan,nan,nan,nan
1859,54.2105263158,0.3850317857,nan,0.0006488062,31.8788500553,nan,nan,nan,nan,nan,nan,nan
1860,54.2105263158,1.1965088392,nan,0.0000000090,80.4787704141,nan,nan,nan,nan,nan,nan,nan
1861,54.2105263158,0.7681340715,nan,0.0000138902,48.5729180017,nan,nan,nan,nan,nan,nan,nan
1862,54.2105263158,1.0182299096,nan,0.0000002819,65.4995343610,nan,nan,nan,nan,nan,nan,nan
1863,54.2105263158,1.4285425663,nan,0.0000000000,103.6108554885,nan,nan,nan,nan,nan,nan,nan
1864,54.2105263158,0.4827601363,nan,0.0003106273,35.0776038654,nan,nan,nan,nan,nan,nan,nan
1865,54.2105263158,0.4104729829,nan,0.0005442794,32.6417810808,nan,nan,nan,nan,nan,nan,nan
1866,54.2105263158,0.8797187161,nan,0.0000027952,55.5358514108,nan,nan,nan,nan,nan,nan,nan
1867,54.2105263158,0.3606247916,nan,0.0007597887,31.1930718147,nan,nan,nan,nan,nan,nan,nan
1868,54.2105263158,0.8923063539,nan,0.0000023010,56.3808913885,nan,nan,nan,nan,nan,nan,nan
1869,54.2105263158,1.2789590161,nan,0.0000000015,88.2271978062,nan,nan,nan,nan,nan,nan,nan
1870,54.2105263158,0.5359176951,nan,0.0001939973,37.1220425781,nan,nan,nan,nan,nan,nan,nan
1871,54.2105263158,0.6184863697,nan,0.0000846536,40.7235438914,nan,nan,nan,nan,nan,nan,nan
1872,54.2105263158,0.3150255270,nan,0.0009924677,30.0328361158,nan,nan,nan,nan,nan,nan,nan
1873,54.2105263158,0.8978158719,nan,0.0000021113,56.7545601688,nan,nan,nan,nan,nan,nan,nan
1874,54.2105263158,0.3172391626,nan,0.0009805006,30.0855215447,nan,nan,nan,nan,nan,nan,nan
1875,54.2105263158,0.5626365483,nan,0.0001502885,38.2307425457,nan,nan,nan,nan,nan,nan,nan
1876,54.2105263158,0.4620463005,nan,0.0003682080,34.3390678702,nan,nan,nan,nan,nan,nan,nan
1877,54.2105263158,0.5428030986,nan,0.0001818627,37.4025625627,nan,nan,nan,nan,nan,nan,nan
1878,54.2105263158,0.5807963671,nan,0.0001254509,39.0152637361,nan,nan,nan,nan,nan,nan,nan
1879,54.2105263158,0.7170409892,nan,0.0000269073,45.7012947525,nan,nan,nan,nan,nan,nan,nan
1880,54.2105263158,0.5712197350,nan,0.0001380887,38.5984194018,nan,nan,nan,nan,nan,nan,nan
1881,54.2105263158,1.2397256246,nan,0.0000000036,84.4753899697,nan,nan,nan,nan,nan,nan,nan
1882,54.2105263158,0.4579158088,nan,0.0003805665,34.1956946739,nan,nan,nan,nan,nan,nan,nan
1883,54.2105263158,1.4106449961,nan,0.0000000001,101.6801241260,nan,nan,nan,nan,nan,nan,nan
1884,54.2105263158,1.1586333537,nan,0.0000000195,77.0934066619,nan,nan,nan,nan,nan,nan,nan
1885,54.2105263158,1.3370665351,nan,0.0000000004,94.0000119022,nan,nan,nan,nan,nan,nan,nan
1886,54.2105263158,1.2864598865,nan,0.0000000013,88.9578830566,nan,nan,nan,nan,nan,nan,nan
1887,54.2105263158,0.8756157924,nan,0.0000029764,55.2630221404,nan,nan,nan,nan,nan,nan,nan
1888,54.2105263158,0.9365917381,nan,0.0000011350,59.4499025555,nan,nan,nan,nan,nan,nan,nan
1889,54.2105263158,0.7360417175,nan,0.0000211544,46.7459883986,nan,nan,nan,nan,nan,nan,nan
1890,54.2105263158,0.2763143512,nan,0.0012101845,29.1714843081,nan,nan,nan,nan,nan,nan,nan
1891,54.2105263158,0.9373150598,nan,0.0000011217,59.5012706315,nan,nan,nan,nan,nan,nan,nan
1892,54.2105263158,0.9652850830,nan,0.0000007050,61.5182210106,nan,nan,nan,nan,nan,nan,nan
1893,54.2105263158,0.5303120845,nan,0.0002043467,36.8963237999,nan,nan,nan,nan,nan,nan,nan
1894,54.2105263158,1.0491121216,nan,0.0000001614,67.9205601793,nan,nan,nan,nan,nan,nan,nan
1895,54.2105263158,0.9274981629,nan,0.0000013160,58.8075089964,nan,nan,nan,nan,nan,nan,nan
1896,54.2105263158,0.2058041129,nan,0.0016240685,27.8939565132,nan,nan,nan,nan,nan,nan,nan
1897,54.2105263158,0.4213879936,nan,0.0005030192,32.9841544087,nan,nan,nan,nan,nan,nan,nan
1898,54.2105263158,0.8740485557,nan,0.0000030485,55.1591454132,nan,nan,nan,nan,nan,nan,nan
1899,54.2105263158,0.7000283100,nan,0.0000331953,44.7892324178,nan,nan,nan,nan,nan,nan,nan
1900,54.2105263158,0.6706205085,nan,0.0000471561,43.2646186240,nan,nan,nan,nan,nan,nan,nan
1901,54.2105263158,0.6868284836,nan,0.0000389335,44.0967600572,nan,nan,nan,nan,nan,nan,nan
1902,54.2105263158,0.7524144899,nan,0.0000171071,47.6682443447,nan,nan,nan,nan,nan,nan,nan
1903,54.2105263158,0.7540375633,nan,0.0000167464,47.7607821051,nan,nan,nan,nan,nan,nan,nan
1904,54.2105263158,0.0305717604,nan,0.0023209727,26.3432996470,nan,nan,nan,nan,nan,nan,nan
1905,54.2105263158,0.3490476483,nan,0.0008159105,30.8835749728,nan,nan,nan,nan,nan,nan,nan
1906,54.2105263158,0.0534146848,nan,0.0022831665,26.4146242265,nan,nan,nan,nan,nan,nan,nan
1907,54.2105263158,0.8966350993,nan,0.0000021507,56.6742824782,nan,nan,nan,nan,nan,nan,nan
1908,54.2105263158,1.1504601273,nan,0.0000000230,76.3772439373,nan,nan,nan,nan,nan,nan,nan
1909,54.2105263158,0.4832396914,nan,0.0003093793,35.0950879737,nan,nan,nan,nan,nan,nan,nan
1910,54.2105263158,0.1744604502,nan,0.0018002371,27.4467030158,nan,nan,nan,nan,nan,nan,nan
1911,54.2105263158,0.6726159518,nan,0.0000460682,43.3659883584,nan,nan,nan,nan,nan,nan,nan
1912,54.2105263158,1.7691227449,nan,0.0000000000,145.0214684703,nan,nan,nan,nan,nan,nan,nan
1913,54.2105263158,0.2112372471,nan,0.0015925644,27.9790298637,nan,nan,nan,nan,nan,nan,nan
1914,54.2105263158,0.6293607912,nan,0.0000752228,41.2365062339,nan,nan,nan,nan,nan,nan,nan
1915,54.2105263158,0.7391795979,nan,0.0000203181,46.9211595631,nan,nan,nan,nan,nan,nan,nan
1916,54.2105263158,0.5673349000,nan,0.0001435056,38.4313113778,nan,nan,nan,nan,nan,nan,nan
1917,54.2105263158,0.7182016489,nan,0.0000265197,45.7643215506,nan,nan,nan,nan,nan,nan,nan
1918,54.2105263158,0.4889797978,nan,0.0002947323,35.3057224450,nan,nan,nan,nan,nan,nan,nan
1919,54.2105263158,0.7800985169,nan,0.0000118193,49.2740956251,nan,nan,nan,nan,nan,nan,nan
1920,54.2105263158,0.8019937074,nan,0.0000087388,50.5855046550,nan,nan,nan,nan,nan,nan,nan
1921,54.2105263158,0.8460632293,nan,0.0000046390,53.3357949138,nan,nan,nan,nan,nan,nan,nan
1922,54.2105263158,1.5585227502,nan,0.0000000000,118.3676913132,nan,nan,nan,nan,nan,nan,nan
1923,54.2105263158,0.8617880924,nan,0.0000036703,54.3529816383,nan,nan,nan,nan,nan,nan,nan
1924,54.2105263158,0.7165411680,nan,0.0000270758,45.6741847783,nan,nan,nan,nan,nan,nan,nan
1925,54.2105263158,0.5862641859,nan,0.0001186755,39.2563902738,nan,nan,nan,nan,nan,nan,nan
1926,54.2105263158,0.2508110028,nan,0.0013595650,28.6660002782,nan,nan,nan,nan,nan,nan,nan
1927,54.2105263158,0.2797153470,nan,0.0011905256,29.2426127429,nan,nan,nan,nan,nan,nan,nan
1928,54.2105263158,0.4382562261,nan,0.0004435017,33.5310469219,nan,nan,nan,nan,nan,nan,nan
1929,54.2105263158,1.2118215145,nan,0.0000000065,81.8785421730,nan,nan,nan,nan,nan,nan,nan
1930,54.2105263158,0.3597449325,nan,0.0007639777,31.1691933923,nan,nan,nan,nan,nan,nan,nan
1931,54.2105263158,0.5044742651,nan,0.0002578225,35.8867917728,nan,nan,nan,nan,nan,nan,nan
1932,54.2105263158,0.5176377248,nan,0.0002293626,36.3947741679,nan,nan,nan,nan,nan,nan,nan
1933,54.2105263158,0.7179999875,nan,0.0000265867,45.7533634532,nan,nan,nan,nan,nan,nan,nan
1934,54.2105263158,1.3552199186,nan,0.0000000003,95.8564024596,nan,nan,nan,nan,nan,nan,nan
1935,54.2105263158,0.3229053924,nan,0.0009501515,30.2220713602,nan,nan,nan,nan,nan,nan,nan
1936,54.2105263158,0.7591973171,nan,0.0000156448,48.0562926277,nan,nan,nan,nan,nan,nan,nan
1937,54.2105263158,0.2688876417,nan,0.0012533705,29.0192052775,nan,nan,nan,nan,nan,nan,nan
1938,54.2105263158,1.3399183390,nan,0.0000000004,94.2899736441,nan,nan,nan,nan,nan,nan,nan
1939,54.2105263158,1.1524248530,nan,0.0000000221,76.5489333779,nan,nan,nan,nan,nan,nan,nan
1940,54.2105263158,0.3670800587,nan,0.0007294481,31.3700557731,nan,nan,nan,nan,nan,nan,nan
1941,54.2105263158,1.0748773111,nan,0.0000001001,69.9961293289,nan,nan,nan,nan,nan,nan,nan
1942,54.2105263158,0.5697107313,nan,0.0001401725,38.5333726008,nan,nan,nan,nan,nan,nan,nan
1943,54.2105263158,1.1720649636,nan,0.0000000149,78.2814052100,nan,nan,nan,nan,nan,nan,nan
1944,54.2105263158,0.5386083757,nan,0.0001891805,37.2312353641,nan,nan,nan,nan,nan,nan,nan
1945,54.2105263158,0.5246980488,nan,0.0002151464,36.6726592001,nan,nan,nan,nan,nan,nan,nan
1946,54.2105263158,0.0759234602,nan,0.0022268236,26.5231419338,nan,nan,nan,nan,nan,nan,nan
1947,54.2105263158,0.2615926554,nan,0.0012960773,28.8736908016,nan,nan,nan,nan,nan,nan,nan
1948,54.2105263158,0.8544669913,nan,0.0000040954,53.8770602813,nan,nan,nan,nan,nan,nan,nan
1949,54.2105263158,0.5135396928,nan,0.0002379459,36.2352183665,nan,nan,nan,nan,nan,nan,nan
1950,54.2105263158,0.1600679323,nan,0.0018766458,27.2661768046,nan,nan,nan,nan,nan,nan,nan
1951,54.2105263158,0.5111752349,nan,0.0002430111,36.1437393328,nan,nan,nan,nan,nan,nan,nan
1952,54.2105263158,0.2064193391,nan,0.0016205118,27.9034778983,nan,nan,nan,nan,nan,nan,nan
1953,54.2105263158,0.2919902889,nan,0.0011203110,29.5066141358,nan,nan,nan,nan,nan,nan,nan
1954,54.2105263158,0.7120422290,nan,0.0000286350,45.4310213938,nan,nan,nan,nan,nan,nan,nan
1955,54.2105263158,0.4899544649,nan,0.0002922983,35.3417366263,nan,nan,nan,nan,nan,nan,nan
1956,54.2105263158,1.2860637899,nan,0.0000000013,88.9191904224,nan,nan,nan,nan,nan,nan,nan
1957,54.2105263158,0.2786415774,nan,0.0011967236,29.2200613469,nan,nan,nan,nan,nan,nan,nan
1958,54.2105263158,0.5769040291,nan,0.0001304668,38.8449998584,nan,nan,nan,nan,nan,nan,nan
1959,54.2105263158,1.3362083589,nan,0.0000000004,93.9128771394,nan,nan,nan,nan,nan,nan,nan
1960,54.2105263158,0.2710973141,nan,0.0012404873,29.0640766947,nan,nan,nan,nan,nan,nan,nan
1961,54.2105263158,1.1860516564,nan,0.0000000111,79.5331437194,nan,nan,nan,nan,nan,nan,nan
1962,54.2105263158,1.0682082684,nan,0.0000001134,69.4540303530,nan,nan,nan,nan,nan,nan,nan
1963,54.2105263158,0.5362880068,nan,0.0001933286,37.1370378605,nan,nan,nan,nan,nan,nan,nan
1964,54.2105263158,0.7574914488,nan,0.0000160016,47.9583693975,nan,nan,nan,nan,nan,nan,nan
1965,54.2105263158,0.8995263763,nan,0.0000020554,56.8710415083,nan,nan,nan,nan,nan,nan,nan
1966,54.2105263158,0.9261490359,nan,0.0000013450,58.7127404099,nan,nan,nan,nan,nan,nan,nan
1967,54.2105263158,0.7537497814,nan,0.0000168099,47.7443599022,nan,nan,nan,nan,nan,nan,nan
1968,54.2105263158,0.3807116623,nan,0.0006677018,31.7541745405,nan,nan,nan,nan,nan,nan,nan
1969,54.2105263158,0.2099777120,nan,0.0015998862,27.9591091542,nan,nan,nan,nan,nan,nan,nan
1970,54.2105263158,0.4613235159,nan,0.0003703492,34.3138858364,nan,nan,nan,nan,nan,nan,nan
1971,54.2105263158,0.6282680019,nan,0.0000761281,41.1845511737,nan,nan,nan,nan,nan,nan,nan
1972,54.2105263158,0.6511006201,nan,0.0000590340,42.2889773349,nan,nan,nan,nan,nan,nan,nan
1973,54.2105263158,0.7434372521,nan,0.0000192307,47.1600406965,nan,nan,nan,nan,nan,nan,nan
1974,54.2105263158,0.2636493150,nan,0.0012840124,28.9143077671,nan,nan,nan,nan,nan,nan,nan
1975,54.2105263158,0.3780381155,nan,0.0006795592,31.6777270285,nan,nan,nan,nan,nan,nan,nan
1976,54.2105263158,0.5019048539,nan,0.0002636833,35.7891729731,nan,nan,nan,nan,nan,nan,nan
1977,54.2105263158,0.3795084661,nan,0.0006730226,31.7197032115,nan,nan,nan,nan,nan,nan,nan
1978,54.2105263158,0.9779952219,nan,0.0000005683,62.4544833368,nan,nan,nan,nan,nan,nan,nan
1979,54.2105263158,0.4218691426,nan,0.0005012502,32.9994547547,nan,nan,nan,nan,nan,nan,nan
1980,54.2105263158,0.4056229123,nan,0.0005633070,32.4925488485,nan,nan,nan,nan,nan,nan,nan
1981,54.2105263158,0.2384125766,nan,0.0014328360,28.4380351667,nan,nan,nan,nan,nan,nan,nan
1982,54.2105263158,0.4836107680,nan,0.0003084161,35.1086290476,nan,nan,nan,nan,nan,nan,nan
1983,54.2105263158,0.7550130414,nan,0.0000165330,47.8164944598,nan,nan,nan,nan,nan,nan,nan
1984,54.2105263158,0.8180541916,nan,0.0000069652,51.5706674232,nan,nan,nan,nan,nan,nan,nan
1985,54.2105263158,1.8162325862,nan,0.0000000000,151.4484420318,nan,nan,nan,nan,nan,nan,nan
1986,54.2105263158,0.3343803298,nan,0.0008900090,30.5060559194,nan,nan,nan,nan,nan,nan,nan
1987,54.2105263158,1.0824393452,nan,0.0000000868,70.6149231122,nan,nan,nan,nan,nan,nan,nan
1988,54.2105263158,0.4726600050,nan,0.0003377987,34.7134208816,nan,nan,nan,nan,nan,nan,nan
1989,54.2105263158,0.4536185755,nan,0.0003937396,34.0479086226,nan,nan,nan,nan,nan,nan,nan
1990,54.2105263158,0.2536664857,nan,0.0013427185,28.7201502552,nan,nan,nan,nan,nan,nan,nan
1991,54.2105263158,1.1547132817,nan,0.0000000211,76.7492815347,nan,nan,nan,nan,nan,nan,nan
1992,54.2105263158,0.6637350248,nan,0.0000510839,42.9171588118,nan,nan,nan,nan,nan,nan,nan
1993,54.2105263158,0.5111653467,nan,0.0002430324,36.1433576573,nan,nan,nan,nan,nan,nan,nan
1994,54.2105263158,0.3527437125,nan,0.0007977596,30.9812793873,nan,nan,nan,nan,nan,nan,nan
1995,54.2105263158,0.6101435410,nan,0.0000925529,40.3360985081,nan,nan,nan,nan,nan,nan,nan
1996,54.2105263158,0.4030796551,nan,0.0005734547,32.4150084654,nan,nan,nan,nan,nan,nan,nan
1997,54.2105263158,0.2578477289,nan,0.0013180885,28.8005542096,nan,nan,nan,nan,nan,nan,nan
1998,54.2105263158,0.8021048152,nan,0.0000087252,50.5922525819,nan,nan,nan,nan,nan,nan,nan
1999,54.2105263158,0.8430921627,nan,0.0000048465,53.1457238343,nan,nan,nan,nan,nan,nan,nan
2000,54.2105263158,0.5230309980,nan,0.0002184387,36.6067046765,nan,nan,nan,nan,nan,nan,nan
2001,54.2105263158,0.2192338092,nan,0.0015458596,28.1082995649,nan,nan,nan,nan,nan,nan,nan
2002,54.2105263158,0.7594251761,nan,0.0000155977,48.0693893713,nan,nan,nan,nan,nan,nan,nan
2003,54.2105263158,0.7493927698,nan,0.0000177971,47.4964987439,nan,nan,nan,nan,nan,nan,nan
2004,54.2105263158,0.1953964884,nan,0.0016837519,27.7372189763,nan,nan,nan,nan,nan,nan,nan
2005,54.2105263158,0.2470406877,nan,0.0013818323,28.5954467173,nan,nan,nan,nan,nan,nan,nan
2006,54.2105263158,0.8724898694,nan,0.0000031217,55.0560211282,nan,nan,nan,nan,nan,nan,nan
2007,54.2105263158,0.9699736169,nan,0.0000006513,61.8621562911,nan,nan,nan,nan,nan,nan,nan
2008,54.2105263158,0.4479469990,nan,0.0004116230,33.8550038621,nan,nan,nan,nan,nan,nan,nan
2009,54.2105263158,0.6048960923,nan,0.0000978337,40.0951164363,nan,nan,nan,nan,nan,nan,nan
2010,54.2105263158,0.2957677298,nan,0.0010989673,29.5901523105,nan,nan,nan,nan,nan,nan,nan
2011,54.2105263158,0.2931582721,nan,0.0011136972,29.5323287191,nan,nan,nan,nan,nan,nan,nan
2012,54.2105263158,1.3024443298,nan,0.0000000009,90.5293254383,nan,nan,nan,nan,nan,nan,nan
2013,54.2105263158,0.8299752827,nan,0.0000058686,52.3146257643,nan,nan,nan,nan,nan,nan,nan
2014,54.2105263158,0.9933372724,nan,0.0000004364,63.6010352760,nan,nan,nan,nan,nan,nan,nan
2015,54.2105263158,0.2940193596,nan,0.0011088294,29.5513527636,nan,nan,nan,nan,nan,nan,nan
2016,54.2105263158,0.7526323109,nan,0.0000170583,47.6806515152,nan,nan,nan,nan,nan,nan,nan
2017,54.2105263158,0.8946739733,nan,0.0000022176,56.5411854576,nan,nan,nan,nan,nan,nan,nan
2018,54.2105263158,0.3993075963,nan,0.0005887207,32.3009072750,nan,nan,nan,nan,nan,nan,nan
2019,54.2105263158,0.2412671596,nan,0.0014159597,28.4894910584,nan,nan,nan,nan,nan,nan,nan
2020,54.2105263158,0.5812176981,nan,0.0001249176,39.0337632645,nan,nan,nan,nan,nan,nan,nan
2021,54.2105263158,0.9661490491,nan,0.0000006948,61.5814726655,nan,nan,nan,nan,nan,nan,nan
2022,54.2105263158,0.9496725692,nan,0.0000009152,60.3850270412,nan,nan,nan,nan,nan,nan,nan
2023,54.2105263158,0.6219345648,nan,0.0000815600,40.8852262834,nan,nan,nan,nan,nan,nan,nan
2024,54.2105263158,0.5462005050,nan,0.0001761041,37.5423048154,nan,nan,nan,nan,nan,nan,nan
2025,54.2105263158,0.3941868669,nan,0.0006098545,32.1477373798,nan,nan,nan,nan,nan,nan,nan
2026,54.2105263158,1.6638025994,nan,0.0000000000,131.2676993857,nan,nan,nan,nan,nan,nan,nan
2027,54.2105263158,0.5203313935,nan,0.0002238543,36.5003465090,nan,nan,nan,nan,nan,nan,nan
2028,54.2105263158,0.3117534786,nan,0.0010102666,29.9556398756,nan,nan,nan,nan,nan,nan,nan
2029,54.2105263158,0.6315620172,nan,0.0000734271,41.3414361022,nan,nan,nan,nan,nan,nan,nan
2030,54.2105263158,0.4036593555,nan,0.0005711314,32.4326395478,nan,nan,nan,nan,nan,nan,nan
2031,54.2105263158,0.2966633810,nan,0.0010939266,29.6101181179,nan,nan,nan,nan,nan,nan,nan
2032,54.2105263158,2.0741041210,nan,0.0000000000,189.6406890233,nan,nan,nan,nan,nan,nan,nan
2033,54.2105263158,0.8080600843,nan,0.0000080254,50.9553111705,nan,nan,nan,nan,nan,nan,nan
2034,54.2105263158,0.5422100364,nan,0.0001828833,37.3782586469,nan,nan,nan,nan,nan,nan,nan
2035,54.2105263158,0.1597720544,nan,0.0018781793,27.2626295368,nan,nan,nan,nan,nan,nan,nan
2036,54.2105263158,0.6418932236,nan,0.0000654811,41.8388379512,nan,nan,nan,nan,nan,nan,nan
2037,54.2105263158,1.3317628920,nan,0.0000000005,93.4624085078,nan,nan,nan,nan,nan,nan,nan
2038,54.2105263158,0.8440198166,nan,0.0000047808,53.2049973458,nan,nan,nan,nan,nan,nan,nan
2039,54.2105263158,0.6282599146,nan,0.0000761348,41.1841670160,nan,nan,nan,nan,nan,nan,nan
2040,54.2105263158,1.5446500140,nan,0.0000000000,116.7310956440,nan,nan,nan,nan,nan,nan,nan
2041,54.2105263158,0.3665343629,nan,0.0007319860,31.3549721876,nan,nan,nan,nan,nan,nan,nan
2042,54.2105263158,0.3232533145,nan,0.0009483016,30.2305351572,nan,nan,nan,nan,nan,nan,nan
2043,54.2105263158,0.3429870335,nan,0.0008461346,30.7256053821,nan,nan,nan,nan,nan,nan,nan
2044,54.2105263158,1.6412607693,nan,0.0000000000,128.4342714349,nan,nan,nan,nan,nan,nan,nan
2045,54.2105263158,0.5355213456,nan,0.0001947151,37.1060044803,nan,nan,nan,nan,nan,nan,nan
2046,54.2105263158,0.9969469043,nan,0.0000004099,63.8734021019,nan,nan,nan,nan,nan,nan,nan
2047,54.2105263158,0.6834260201,nan,0.0000405470,43.9204143752,nan,nan,nan,nan,nan,nan,nan
2048,54.2105263158,0.5925719465,nan,0.0001112402,39.5373817890,nan,nan,nan,nan,nan,nan,nan
2049,54.2105263158,0.6323307914,nan,0.0000728087,41.3781695223,nan,nan,nan,nan,nan,nan,nan
2050,54.2105263158,1.3088881116,nan,0.0000000008,91.1683406378,nan,nan,nan,nan,nan,nan,nan
2051,54.2105263158,0.8587000516,nan,0.0000038444,54.1517397922,nan,nan,nan,nan,nan,nan,nan
2052,54.2105263158,0.3479471257,nan,0.0008213565,30.8546830368,nan,nan,nan,nan,nan,nan,nan
2053,54.2105263158,0.8770957249,nan,0.0000029099,55.3612842142,nan,nan,nan,nan,nan,nan,nan
2054,54.2105263158,1.1632430910,nan,0.0000000178,77.4995757106,nan,nan,nan,nan,nan,nan,nan
2055,54.2105263158,0.4699994858,nan,0.0003452408,34.6187790373,nan,nan,nan,nan,nan,nan,nan
2056,54.2105263158,0.8015875013,nan,0.0000087885,50.5608424792,nan,nan,nan,nan,nan,nan,nan
2057,54.2105263158,1.6217314092,nan,0.0000000000,126.0109405181,nan,nan,nan,nan,nan,nan,nan
2058,54.2105263158,0.6285365674,nan,0.0000759047,41.1973113084,nan,nan,nan,nan,nan,nan,nan
2059,54.2105263158,0.6051976223,nan,0.0000975235,40.1089070794,nan,nan,nan,nan,nan,nan,nan
2060,54.2105263158,0.3064899953,nan,0.0010391633,29.8331619432,nan,nan,nan,nan,nan,nan,nan
2061,54.2105263158,0.5464752018,nan,0.0001756450,37.5536419911,nan,nan,nan,nan,nan,nan,nan
2062,54.2105263158,0.7582331058,nan,0.0000158456,48.0009160558,nan,nan,nan,nan,nan,nan,nan
2063,54.2105263158,0.6789217397,nan,0.0000427728,43.6883182351,nan,nan,nan,nan,nan,nan,nan
2064,54.2105263158,0.9786402689,nan,0.0000005620,62.5023277854,nan,nan,nan,nan,nan,nan,nan
2065,54.2105263158,0.9537331721,nan,0.0000008555,60.6779664526,nan,nan,nan,nan,nan,nan,nan
2066,54.2105263158,0.4465230100,nan,0.0004162024,33.8069539124,nan,nan,nan,nan,nan,nan,nan
2067,54.2105263158,0.3306713446,nan,0.0009092486,30.4131737764,nan,nan,nan,nan,nan,nan,nan
2068,54.2105263158,0.9384257726,nan,0.0000011015,59.5802277087,nan,nan,nan,nan,nan,nan,nan
2069,54.2105263158,0.5182284920,nan,0.0002281455,36.4178807693,nan,nan,nan,nan,nan,nan,nan
2070,54.2105263158,0.1463572517,nan,0.0019459264,27.1087359081,nan,nan,nan,nan,nan,nan,nan
2071,54.2105263158,0.6005542385,nan,0.0001023928,39.8973059790,nan,nan,nan,nan,nan,nan,nan
2072,54.2105263158,1.1347714305,nan,0.0000000315,75.0168466255,nan,nan,nan,nan,nan,nan,nan
2073,54.2105263158,0.6321581319,nan,0.0000729472,41.3699156260,nan,nan,nan,nan,nan,nan,nan
2074,54.2105263158,0.4698172842,nan,0.0003457548,34.6123173028,nan,nan,nan,nan,nan,nan,nan
2075,54.2105263158,0.7648973689,nan,0.0000145041,48.3851046236,nan,nan,nan,nan,nan,nan,nan
2076,54.2105263158,0.3625664809,nan,0.0007505896,31.2459748435,nan,nan,nan,nan,nan,nan,nan
2077,54.2105263158,0.7190180398,nan,0.0000262500,45.8087151109,nan,nan,nan,nan,nan,nan,nan
2078,54.2105263158,0.6346161625,nan,0.0000709964,41.4876341996,nan,nan,nan,nan,nan,nan,nan
2079,54.2105263158,1.1567678373,nan,0.0000000203,76.9294951975,nan,nan,nan,nan,nan,nan,nan
2080,54.2105263158,0.9200277404,nan,0.0000014844,58.2844974213,nan,nan,nan,nan,nan,nan,nan
2081,54.2105263158,0.8805991647,nan,0.0000027577,55.5945652306,nan,nan,nan,nan,nan,nan,nan
2082,54.2105263158,1.1911754773,nan,0.0000000100,79.9954392140,nan,nan,nan,nan,nan,nan,nan
2083,54.2105263158,0.2794083491,nan,0.0011922968,29.2361562389,nan,nan,nan,nan,nan,nan,nan
2084,54.2105263158,0.7756028521,nan,0.0000125622,49.0093478167,nan,nan,nan,nan,nan,nan,nan
2085,54.2105263158,0.8087616170,nan,0.0000079465,50.9982575097,nan,nan,nan,nan,nan,nan,nan
2086,54.2105263158,0.0935857937,nan,0.0021702377,26.6349270037,nan,nan,nan,nan,nan,nan,nan
2087,54.2105263158,0.3896898880,nan,0.0006288013,32.0148653883,nan,nan,nan,nan,nan,nan,nan
2088,54.2105263158,0.4198718662,nan,0.0005086210,32.9360570683,nan,nan,nan,nan,nan,nan,nan
2089,54.2105263158,0.9239224195,nan,0.0000013942,58.5566367024,nan,nan,nan,nan,nan,nan,nan
2090,54.2105263158,0.2872946507,nan,0.0011470237,29.4042762413,nan,nan,nan,nan,nan,nan,nan
2091,54.2105263158,0.7091511112,nan,0.0000296786,45.2755725694,nan,nan,nan,nan,nan,nan,nan
2092,54.2105263158,0.1932207182,nan,0.0016960997,27.7054861540,nan,nan,nan,nan,nan,nan,nan
2093,54.2105263158,0.2047019607,nan,0.0016304328,27.8769708520,nan,nan,nan,nan,nan,nan,nan
2094,54.2105263158,0.3960070046,nan,0.0006022887,32.2019529886,nan,nan,nan,nan,nan,nan,nan
2095,54.2105263158,0.5041378426,nan,0.0002585841,35.8739816482,nan,nan,nan,nan,nan,nan,nan
2096,54.2105263158,0.2820360701,nan,0.0011771584,29.2916509144,nan,nan,nan,nan,nan,nan,nan
2097,54.2105263158,0.3432600032,nan,0.0008447612,30.7326604488,nan,nan,nan,nan,nan,nan,nan
2098,54.2105263158,1.1691519867,nan,0.0000000158,78.0225883258,nan,nan,nan,nan,nan,nan,nan
2099,54.2105263158,0.4931110017,nan,0.0002845203,35.4588666892,nan,nan,nan,nan,nan,nan,nan
2100,54.2105263158,0.3753921754,nan,0.0006914165,31.6026026107,nan,nan,nan,nan,nan,nan,nan
2101,54.2105263158,0.5309838457,nan,0.0002030838,36.9232473841,nan,nan,nan,nan,nan,nan,nan
2102,54.2105263158,0.9434589750,nan,0.0000010141,59.9392014419,nan,nan,nan,nan,nan,nan,nan
2103,54.2105263158,0.6939457009,nan,0.0000357397,44.4684866367,nan,nan,nan,nan,nan,nan,nan
2104,54.2105263158,0.6077060119,nan,0.0000949752,40.2238977560,nan,nan,nan,nan,nan,nan,nan
2105,54.2105263158,0.6243651769,nan,0.0000794376,40.9997387368,nan,nan,nan,nan,nan,nan,nan
2106,54.2105263158,0.4108031724,nan,0.0005429995,32.6520055992,nan,nan,nan,nan,nan,nan,nan
2107,54.2105263158,0.6898577337,nan,0.0000375448,44.2545040458,nan,nan,nan,nan,nan,nan,nan
2108,54.2105263158,0.6696568932,nan,0.0000476895,43.2157748870,nan,nan,nan,nan,nan,nan,nan
2109,54.2105263158,0.6808260511,nan,0.0000418191,43.7862549901,nan,nan,nan,nan,nan,nan,nan
2110,54.2105263158,1.5516782040,nan,0.0000000000,117.5583857681,nan,nan,nan,nan,nan,nan,nan
2111,54.2105263158,0.4811649732,nan,0.0003148059,35.0195714761,nan,nan,nan,nan,nan,nan,nan
2112,54.2105263158,0.6918890822,nan,0.0000366381,44.3606749515,nan,nan,nan,nan,nan,nan,nan
2113,54.2105263158,0.7161881131,nan,0.0000271954,45.6550467688,nan,nan,nan,nan,nan,nan,nan
2114,54.2105263158,0.8547934026,nan,0.0000040755,53.8981922258,nan,nan,nan,nan,nan,nan,nan
2115,54.2105263158,1.1216702472,nan,0.0000000408,73.8952178422,nan,nan,nan,nan,nan,nan,nan
2116,54.2105263158,1.1180375772,nan,0.0000000438,73.5865355349,nan,nan,nan,nan,nan,nan,nan
2117,54.2105263158,0.2702082152,nan,0.0012456678,29.0459774947,nan,nan,nan,nan,nan,nan,nan
2118,54.2105263158,0.5966438262,nan,0.0001066503,39.7203787104,nan,nan,nan,nan,nan,nan,nan
2119,54.2105263158,0.5520499908,nan,0.0001665343,37.7849618071,nan,nan,nan,nan,nan,nan,nan
2120,54.2105263158,0.1074051120,nan,0.0021189747,26.7387423859,nan,nan,nan,nan,nan,nan,nan
2121,54.2105263158,0.1870987488,nan,0.0017305663,27.6181175718,nan,nan,nan,nan,nan,nan,nan
2122,54.2105263158,0.9675977526,nan,0.0000006780,61.6876612073,nan,nan,nan,nan,nan,nan,nan
2123,54.2105263158,0.1599720014,nan,0.0018771432,27.2650259693,nan,nan,nan,nan,nan,nan,nan
2124,54.2105263158,0.6778414979,nan,0.0000433223,43.6328852222,nan,nan,nan,nan,nan,nan,nan
2125,54.2105263158,0.8711489030,nan,0.0000031861,54.9674496263,nan,nan,nan,nan,nan,nan,nan
2126,54.2105263158,0.3371235966,nan,0.0008759060,30.5754247482,nan,nan,nan,nan,nan,nan,nan
2127,54.2105263158,0.3382871965,nan,0.0008699572,30.6050208881,nan,nan,nan,nan,nan,nan,nan
2128,54.2105263158,0.1627253797,nan,0.0018628021,27.2983328520,nan,nan,nan,nan,nan,nan,nan
2129,54.2105263158,0.4324849493,nan,0.0004632865,33.3415033531,nan,nan,nan,nan,nan,nan,nan
2130,54.2105263158,1.0371069087,nan,0.0000002009,66.9707586398,nan,nan,nan,nan,nan,nan,nan
2131,54.2105263158,0.4458501540,nan,0.0004183788,33.7843031493,nan,nan,nan,nan,nan,nan,nan
2132,54.2105263158,0.1822327039,nan,0.0017576438,27.5506913348,nan,nan,nan,nan,nan,nan,nan
2133,54.2105263158,0.7744081373,nan,0.0000127666,48.9392505057,nan,nan,nan,nan,nan,nan,nan
2134,54.2105263158,1.0417240151,nan,0.0000001847,67.3347428767,nan,nan,nan,nan,nan,nan,nan
2135,54.2105263158,0.1817198679,nan,0.0017604799,27.5436893651,nan,nan,nan,nan,nan,nan,nan
2136,54.2105263158,0.4612419066,nan,0.0003705915,34.3110450355,nan,nan,nan,nan,nan,nan,nan
2137,54.2105263158,0.9142019445,nan,0.0000016295,57.8795812578,nan,nan,nan,nan,nan,nan,nan
2138,54.2105263158,0.8984004468,nan,0.0000020920,56.7943432577,nan,nan,nan,nan,nan,nan,nan
2139,54.2105263158,0.9511939877,nan,0.0000008924,60.4946376640,nan,nan,nan,nan,nan,nan,nan
2140,54.2105263158,1.2325065942,nan,0.0000000042,83.7978595558,nan,nan,nan,nan,nan,nan,nan
2141,54.2105263158,0.6086098373,nan,0.0000940709,40.2654485991,nan,nan,nan,nan,nan,nan,nan
2142,54.2105263158,0.5113742646,nan,0.0002425815,36.1514232650,nan,nan,nan,nan,nan,nan,nan
2143,54.2105263158,0.2862412065,nan,0.0011530426,29.3815464817,nan,nan,nan,nan,nan,nan,nan
2144,54.2105263158,0.1821268416,nan,0.0017582295,27.5492443253,nan,nan,nan,nan,nan,nan,nan
2145,54.2105263158,0.5087665265,nan,0.0002482570,36.0509850604,nan,nan,nan,nan,nan,nan,nan
2146,54.2105263158,1.3733910383,nan,0.0000000002,97.7398344046,nan,nan,nan,nan,nan,nan,nan
2147,54.2105263158,1.1756294450,nan,0.0000000138,78.5989896840,nan,nan,nan,nan,nan,nan,nan
2148,54.2105263158,0.4045592280,nan,0.0005675369,32.4600588898,nan,nan,nan,nan,nan,nan,nan
2149,54.2105263158,1.0067913906,nan,0.0000003450,64.6212760925,nan,nan,nan,nan,nan,nan,nan
2150,54.2105263158,0.3377032747,nan,0.0008729400,30.5901560232,nan,nan,nan,nan,nan,nan,nan
2151,54.2105263158,0.8544490496,nan,0.0000040965,53.8758989695,nan,nan,nan,nan,nan,nan,nan
2152,54.2105263158,0.6975381937,nan,0.0000342170,44.6575840725,nan,nan,nan,nan,nan,nan,nan
2153,54.2105263158,0.3644109694,nan,0.0007419089,31.2964942892,nan,nan,nan,nan,nan,nan,nan
2154,54.2105263158,0.6541069339,nan,0.0000570512,42.4373496637,nan,nan,nan,nan,nan,nan,nan
2155,54.2105263158,0.4367848725,nan,0.0004484888,33.4824837750,nan,nan,nan,nan,nan,nan,nan
2156,54.2105263158,0.7038531719,nan,0.0000316784,44.9923659681,nan,nan,nan,nan,nan,nan,nan
2157,54.2105263158,0.8978024981,nan,0.0000021117,56.7536503224,nan,nan,nan,nan,nan,nan,nan
2158,54.2105263158,1.5248318938,nan,0.0000000000,114.4186505128,nan,nan,nan,nan,nan,nan,nan
2159,54.2105263158,2.3553923142,nan,0.0000000000,237.1129735028,nan,nan,nan,nan,nan,nan,nan
2160,54.2105263158,0.8502725736,nan,0.0000043589,53.6062354288,nan,nan,nan,nan,nan,nan,nan
2161,54.2105263158,0.4224905673,nan,0.0004989716,33.0192418066,nan,nan,nan,nan,nan,nan,nan
2162,54.2105263158,0.9274363217,nan,0.0000013173,58.8031619624,nan,nan,nan,nan,nan,nan,nan
2163,54.2105263158,0.7914044482,nan,0.0000101235,49.9467020785,nan,nan,nan,nan,nan,nan,nan
2164,54.2105263158,0.6833953764,nan,0.0000405618,43.9188301547,nan,nan,nan,nan,nan,nan,nan
2165,54.2105263158,0.2504096959,nan,0.0013619340,28.6584395235,nan,nan,nan,nan,nan,nan,nan
2166,54.2105263158,0.4074741067,nan,0.0005559941,32.5492978018,nan,nan,nan,nan,nan,nan,nan
2167,54.2105263158,0.5750073274,nan,0.0001329704,38.7624492317,nan,nan,nan,nan,nan,nan,nan
2168,54.2105263158,0.6394018475,nan,0.0000673264,41.7181461905,nan,nan,nan,nan,nan,nan,nan
2169,54.2105263158,0.6415456467,nan,0.0000657359,41.8219716525,nan,nan,nan,nan,nan,nan,nan
2170,54.2105263158,0.5322958453,nan,0.0002006351,36.9759300430,nan,nan,nan,nan,nan,nan,nan
2171,54.2105263158,1.1590950659,nan,0.0000000193,77.1340155081,nan,nan,nan,nan,nan,nan,nan
2172,54.2105263158,0.3910781271,nan,0.0006229139,32.0557199347,nan,nan,nan,nan,nan,nan,nan
2173,54.2105263158,1.1061073708,nan,0.0000000552,72.5798665441,nan,nan,nan,nan,nan,nan,nan
2174,54.2105263158,0.5494967246,nan,0.0001706584,37.6787235857,nan,nan,nan,nan,nan,nan,nan
2175,54.2105263158,0.3959171245,nan,0.0006026609,32.1992698720,nan,nan,nan,nan,nan,nan,nan
2176,54.2105263158,0.7105136225,nan,0.0000291827,45.3487524181,nan,nan,nan,nan,nan,nan,nan
2177,54.2105263158,0.6618570500,nan,0.0000522033,42.8230174545,nan,nan,nan,nan,nan,nan,nan
2178,54.2105263158,0.4671982236,nan,0.0003532066,34.5197115229,nan,nan,nan,nan,nan,nan,nan
2179,54.2105263158,0.8353003359,nan,0.0000054319,52.6504451347,nan,nan,nan,nan,nan,nan,nan
2180,54.2105263158,0.6257762172,nan,0.0000782272,41.0664226983,nan,nan,nan,nan,nan,nan,nan
2181,54.2105263158,0.3223746768,nan,0.0009529764,30.2091784634,nan,nan,nan,nan,nan,nan,nan
2182,54.2105263158,0.9036560356,nan,0.0000019261,57.1531810820,nan,nan,nan,nan,nan,nan,nan
2183,54.2105263158,0.2775945849,nan,0.0012027749,29.1981563637,nan,nan,nan,nan,nan,nan,nan
2184,54.2105263158,0.6329014264,nan,0.0000723525,41.4054645684,nan,nan,nan,nan,nan,nan,nan
2185,54.2105263158,1.6665556116,nan,0.0000000000,131.6164081060,nan,nan,nan,nan,nan,nan,nan
2186,54.2105263158,0.4031981966,nan,0.0005729792,32.4186117278,nan,nan,nan,nan,nan,nan,nan
2187,54.2105263158,1.0328777167,nan,0.0000002168,66.6387827469,nan,nan,nan,nan,nan,nan,nan
2188,54.2105263158,0.8951551589,nan,0.0000022010,56.5738152440,nan,nan,nan,nan,nan,nan,nan
2189,54.2105263158,0.9194987164,nan,0.0000014971,58.2476212971,nan,nan,nan,nan,nan,nan,nan
2190,54.2105263158,1.1295106824,nan,0.0000000350,74.5648846622,nan,nan,nan,nan,nan,nan,nan
2191,54.2105263158,0.7180761641,nan,0.0000265613,45.7575024556,nan,nan,nan,nan,nan,nan,nan
2192,54.2105263158,0.8638872524,nan,0.0000035562,54.4901949788,nan,nan,nan,nan,nan,nan,nan
2193,54.2105263158,1.1336314666,nan,0.0000000322,74.9187305769,nan,nan,nan,nan,nan,nan,nan
2194,54.2105263158,0.8414740491,nan,0.0000049631,53.0424895829,nan,nan,nan,nan,nan,nan,nan
2195,54.2105263158,0.6908442114,nan,0.0000371020,44.3060242747,nan,nan,nan,nan,nan,nan,nan
2196,54.2105263158,0.1461989048,nan,0.0019467042,27.1070003975,nan,nan,nan,nan,nan,nan,nan
2197,54.2105263158,0.7315070497,nan,0.0000224173,46.4941667754,nan,nan,nan,nan,nan,nan,nan
2198,54.2105263158,1.1672249313,nan,0.0000000164,77.8517263455,nan,nan,nan,nan,nan,nan,nan
2199,54.2105263158,1.0515897430,nan,0.0000001542,68.1179483429,nan,nan,nan,nan,nan,nan,nan
2200,54.2105263158,1.0729589168,nan,0.0000001038,69.8398431423,nan,nan,nan,nan,nan,nan,nan
2201,54.2105263158,0.7589598027,nan,0.0000156941,48.0426451318,nan,nan,nan,nan,nan,nan,nan
2202,54.2105263158,0.7037738222,nan,0.0000317092,44.9881404941,nan,nan,nan,nan,nan,nan,nan
2203,54.2105263158,0.8556290299,nan,0.0000040250,53.9523279240,nan,nan,nan,nan,nan,nan,nan
2204,54.2105263158,0.8341964168,nan,0.0000055199,52.5806499765,nan,nan,nan,nan,nan,nan,nan
2205,54.2105263158,0.7559349942,nan,0.0000163335,47.8692164451,nan,nan,nan,nan,nan,nan,nan
2206,54.2105263158,0.2529988631,nan,0.0013466556,28.7074345399,nan,nan,nan,nan,nan,nan,nan
2207,54.2105263158,1.0596548337,nan,0.0000001329,68.7637260240,nan,nan,nan,nan,nan,nan,nan
2208,54.2105263158,0.6617634161,nan,0.0000522597,42.8183306906,nan,nan,nan,nan,nan,nan,nan
2209,54.2105263158,1.1781449951,nan,0.0000000131,78.8237016118,nan,nan,nan,nan,nan,nan,nan
2210,54.2105263158,0.0322896440,nan,0.0023188322,26.3473068552,nan,nan,nan,nan,nan,nan,nan
2211,54.2105263158,0.8617070335,nan,0.0000036748,54.3476898903,nan,nan,nan,nan,nan,nan,nan
2212,54.2105263158,0.5690093557,nan,0.0001411498,38.5031981848,nan,nan,nan,nan,nan,nan,nan
2213,54.2105263158,0.9991313498,nan,0.0000003946,64.0387135020,nan,nan,nan,nan,nan,nan,nan
2214,54.2105263158,0.4527494302,nan,0.0003964434,34.0181883306,nan,nan,nan,nan,nan,nan,nan
2215,54.2105263158,0.2369528355,nan,0.0014414645,28.4119604182,nan,nan,nan,nan,nan,nan,nan
2216,54.2105263158,0.6276485938,nan,0.0000766453,41.1551426718,nan,nan,nan,nan,nan,nan,nan
2217,54.2105263158,1.1612041191,nan,0.0000000185,77.3197194918,nan,nan,nan,nan,nan,nan,nan
2218,54.2105263158,0.7295944228,nan,0.0000229698,46.3884232575,nan,nan,nan,nan,nan,nan,nan
2219,54.2105263158,1.1501572918,nan,0.0000000232,76.3508065922,nan,nan,nan,nan,nan,nan,nan
2220,54.2105263158,0.5239436440,nan,0.0002166314,36.6427860719,nan,nan,nan,nan,nan,nan,nan
2221,54.2105263158,1.2078693647,nan,0.0000000071,81.5155510105,nan,nan,nan,nan,nan,nan,nan
2222,54.2105263158,0.9675009168,nan,0.0000006791,61.6805582421,nan,nan,nan,nan,nan,nan,nan
2223,54.2105263158,0.2922754794,nan,0.0011186949,29.5128834222,nan,nan,nan,nan,nan,nan,nan
2224,54.2105263158,1.2990892074,nan,0.0000000010,90.1978618171,nan,nan,nan,nan,nan,nan,nan
2225,54.2105263158,0.5168356258,nan,0.0002310232,36.3634442138,nan,nan,nan,nan,nan,nan,nan
2226,54.2105263158,0.5469875082,nan,0.0001747913,37.5748010145,nan,nan,nan,nan,nan,nan,nan
2227,54.2105263158,0.4889123804,nan,0.0002949012,35.3032340237,nan,nan,nan,nan,nan,nan,nan
2228,54.2105263158,0.6390471634,nan,0.0000675927,41.7010023404,nan,nan,nan,nan,nan,nan,nan
2229,54.2105263158,0.6829515387,nan,0.0000407766,43.8958925732,nan,nan,nan,nan,nan,nan,nan
2230,54.2105263158,0.6032726732,nan,0.0000995179,40.0209872780,nan,nan,nan,nan,nan,nan,nan
2231,54.2105263158,0.8916511837,nan,0.0000023246,56.3366101373,nan,nan,nan,nan,nan,nan,nan
2232,54.2105263158,0.7116317590,nan,0.0000287812,45.4089125981,nan,nan,nan,nan,nan,nan,nan
2233,54.2105263158,1.1601510143,nan,0.0000000189,77.2269502286,nan,nan,nan,nan,nan,nan,nan
2234,54.2105263158,1.2434657647,nan,0.0000000033,84.8279804962,nan,nan,nan,nan,nan,nan,nan
2235,54.2105263158,0.8633046958,nan,0.0000035875,54.4520820073,nan,nan,nan,nan,nan,nan,nan
2236,54.2105263158,0.2543769301,nan,0.0013385301,28.7337185979,nan,nan,nan,nan,nan,nan,nan
2237,54.2105263158,0.3896552495,nan,0.0006289487,32.0138478807,nan,nan,nan,nan,nan,nan,nan
2238,54.2105263158,0.5293083935,nan,0.0002062452,36.8561606658,nan,nan,nan,nan,nan,nan,nan
2239,54.2105263158,0.9494956832,nan,0.0000009178,60.3722947420,nan,nan,nan,nan,nan,nan,nan
2240,54.2105263158,0.8433421109,nan,0.0000048287,53.1616881070,nan,nan,nan,nan,nan,nan,nan
2241,54.2105263158,0.7736513874,nan,0.0000128976,48.8949060858,nan,nan,nan,nan,nan,nan,nan
2242,54.2105263158,0.4400093668,nan,0.0004376102,33.5891252216,nan,nan,nan,nan,nan,nan,nan
2243,54.2105263158,0.5214500471,nan,0.0002215975,36.5443516754,nan,nan,nan,nan,nan,nan,nan
2244,54.2105263158,0.6346615638,nan,0.0000709608,41.4898128561,nan,nan,nan,nan,nan,nan,nan
2245,54.2105263158,0.9977268266,nan,0.0000004044,63.9323821774,nan,nan,nan,nan,nan,nan,nan
2246,54.2105263158,0.3190475295,nan,0.0009707699,30.1288369057,nan,nan,nan,nan,nan,nan,nan
2247,54.2105263158,0.2561518471,nan,0.0013280721,28.7677835153,nan,nan,nan,nan,nan,nan,nan
2248,54.2105263158,0.6817833308,nan,0.0000413467,43.8355911358,nan,nan,nan,nan,nan,nan,nan
2249,54.2105263158,0.8688505283,nan,0.0000032992,54.8159596414,nan,nan,nan,nan,nan,nan,nan
2250,54.2105263158,1.2971649243,nan,0.0000000010,90.0081437272,nan,nan,nan,nan,nan,nan,nan
2251,54.2105263158,1.1434060547,nan,0.0000000265,75.7632461095,nan,nan,nan,nan,nan,nan,nan
2252,54.2105263158,0.7788597219,nan,0.0000120199,49.2009898360,nan,nan,nan,nan,nan,nan,nan
2253,54.2105263158,0.7860796262,nan,0.0000108925,49.6287074511,nan,nan,nan,nan,nan,nan,nan
2254,54.2105263158,0.6765208915,nan,0.0000440024,43.5652384741,nan,nan,nan,nan,nan,nan,nan
2255,54.2105263158,1.4883687615,nan,0.0000000000,110.2425004495,nan,nan,nan,nan,nan,nan,nan
2256,54.2105263158,0.7346633862,nan,0.0000215314,46.6692805193,nan,nan,nan,nan,nan,nan,nan
2257,54.2105263158,0.7904270660,nan,0.0000102608,49.8881716379,nan,nan,nan,nan,nan,nan,nan
2258,54.2105263158,0.4992881703,nan,0.0002697569,35.6902736432,nan,nan,nan,nan,nan,nan,nan
2259,54.2105263158,0.9456587430,nan,0.0000009780,60.0966981606,nan,nan,nan,nan,nan,nan,nan
2260,54.2105263158,0.5246106407,nan,0.0002153180,36.6691957761,nan,nan,nan,nan,nan,nan,nan
2261,54.2105263158,0.5600515614,nan,0.0001541307,38.1211072249,nan,nan,nan,nan,nan,nan,nan
2262,54.2105263158,0.3760643466,nan,0.0006883928,31.6216368165,nan,nan,nan,nan,nan,nan,nan
2263,54.2105263158,0.5005815629,nan,0.0002667416,35.7390932812,nan,nan,nan,nan,nan,nan,nan
2264,54.2105263158,1.8138251924,nan,0.0000000000,151.1158922483,nan,nan,nan,nan,nan,nan,nan
2265,54.2105263158,0.8835825413,nan,0.0000026339,55.7939548672,nan,nan,nan,nan,nan,nan,nan
2266,54.2105263158,0.7413552133,nan,0.0000197558,47.0430527659,nan,nan,nan,nan,nan,nan,nan
2267,54.2105263158,0.5794095252,nan,0.0001272194,38.9544665292,nan,nan,nan,nan,nan,nan,nan
2268,54.2105263158,1.1853106064,nan,0.0000000113,79.4664486419,nan,nan,nan,nan,nan,nan,nan
2269,54.2105263158,1.1749521443,nan,0.0000000140,78.5385695685,nan,nan,nan,nan,nan,nan,nan
2270,54.2105263158,0.8661465831,nan,0.0000034370,54.6382533266,nan,nan,nan,nan,nan,nan,nan
2271,54.2105263158,1.2284718191,nan,0.0000000045,83.4209167096,nan,nan,nan,nan,nan,nan,nan
2272,54.2105263158,1.2211525231,nan,0.0000000053,82.7402967210,nan,nan,nan,nan,nan,nan,nan
2273,54.2105263158,0.4921650113,nan,0.0002868346,35.4236842637,nan,nan,nan,nan,nan,nan,nan
2274,54.2105263158,0.0862045800,nan,0.0021951489,26.5853601807,nan,nan,nan,nan,nan,nan,nan
2275,54.2105263158,1.0580289880,nan,0.0000001370,68.6331438561,nan,nan,nan,nan,nan,nan,nan
2276,54.2105263158,0.4641099510,nan,0.0003621442,34.4111843883,nan,nan,nan,nan,nan,nan,nan
2277,54.2105263158,0.9711958896,nan,0.0000006380,61.9520937143,nan,nan,nan,nan,nan,nan,nan
2278,54.2105263158,0.8295061509,nan,0.0000059086,52.2851439936,nan,nan,nan,nan,nan,nan,nan
2279,54.2105263158,0.1050964386,nan,0.0021279434,26.7203993468,nan,nan,nan,nan,nan,nan,nan
2280,54.2105263158,1.1773002256,nan,0.0000000133,78.7481851777,nan,nan,nan,nan,nan,nan,nan
2281,54.2105263158,0.7627878651,nan,0.0000149172,48.2631277721,nan,nan,nan,nan,nan,nan,nan
2282,54.2105263158,0.6275723497,nan,0.0000767092,41.1515247429,nan,nan,nan,nan,nan,nan,nan
2283,54.2105263158,0.0835941822,nan,0.0022035298,26.5688107403,nan,nan,nan,nan,nan,nan,nan
2284,54.2105263158,0.2797639600,nan,0.0011902452,29.2436357832,nan,nan,nan,nan,nan,nan,nan
2285,54.2105263158,0.0657600600,nan,0.0022545315,26.4694369251,nan,nan,nan,nan,nan,nan,nan
2286,54.2105263158,0.1436572648,nan,0.0019591143,27.0794022475,nan,nan,nan,nan,nan,nan,nan
2287,54.2105263158,0.8144852449,nan,0.0000073282,51.3500468989,nan,nan,nan,nan,nan,nan,nan
2288,54.2105263158,0.4518822576,nan,0.0003991542,33.9885926518,nan,nan,nan,nan,nan,nan,nan
2289,54.2105263158,0.6949317373,nan,0.0000353160,44.5202906405,nan,nan,nan,nan,nan,nan,nan
2290,54.2105263158,0.6150174395,nan,0.0000878658,40.5618018997,nan,nan,nan,nan,nan,nan,nan
2291,54.2105263158,0.4106600944,nan,0.0005435539,32.6475740846,nan,nan,nan,nan,nan,nan,nan
2292,54.2105263158,1.4431257205,nan,0.0000000000,105.2021482405,nan,nan,nan,nan,nan,nan,nan
2293,54.2105263158,0.6086981809,nan,0.0000939829,40.2695132828,nan,nan,nan,nan,nan,nan,nan
2294,54.2105263158,1.3107944045,nan,0.0000000007,91.3579916155,nan,nan,nan,nan,nan,nan,nan
2295,54.2105263158,0.5681856033,nan,0.0001423047,38.4678066600,nan,nan,nan,nan,nan,nan,nan
2296,54.2105263158,0.7618049320,nan,0.0000151133,48.2064078525,nan,nan,nan,nan,nan,nan,nan
2297,54.2105263158,0.3954312338,nan,0.0006046756,32.1847755937,nan,nan,nan,nan,nan,nan,nan
2298,54.2105263158,0.5304312152,nan,0.0002041223,36.9010959462,nan,nan,nan,nan,nan,nan,nan
2299,54.2105263158,0.8087619156,nan,0.0000079464,50.9982757938,nan,nan,nan,nan,nan,nan,nan
2300,54.2105263158,0.8386018726,nan,0.0000051764,52.8597386717,nan,nan,nan,nan,nan,nan,nan
2301,54.2105263158,0.3826492947,nan,0.0006591863,31.8099180919,nan,nan,nan,nan,nan,nan,nan
2302,54.2105263158,0.2575087913,nan,0.0013200831,28.7939872862,nan,nan,nan,nan,nan,nan,nan
2303,54.2105263158,0.8540394213,nan,0.0000041216,53.8493915972,nan,nan,nan,nan,nan,nan,nan
2304,54.2105263158,1.0773604749,nan,0.0000000955,70.1988428303,nan,nan,nan,nan,nan,nan,nan
2305,54.2105263158,0.6681847628,nan,0.0000485144,43.1412919878,nan,nan,nan,nan,nan,nan,nan
2306,54.2105263158,1.0879867683,nan,0.0000000781,71.0716389134,nan,nan,nan,nan,nan,nan,nan
2307,54.2105263158,0.3744824267,nan,0.0006955213,31.5768953773,nan,nan,nan,nan,nan,nan,nan
2308,54.2105263158,0.5177008859,nan,0.0002292322,36.3972433142,nan,nan,nan,nan,nan,nan,nan
2309,54.2105263158,0.2022404401,nan,0.0016446115,27.8393668328,nan,nan,nan,nan,nan,nan,nan
2310,54.2105263158,0.2286603699,nan,0.0014904270,28.2668929786,nan,nan,nan,nan,nan,nan,nan
2311,54.2105263158,0.8413728293,nan,0.0000049705,53.0360384771,nan,nan,nan,nan,nan,nan,nan
2312,54.2105263158,0.4495926436,nan,0.0004063755,33.9107249308,nan,nan,nan,nan,nan,nan,nan
2313,54.2105263158,0.2265325854,nan,0.0015029662,28.2305079259,nan,nan,nan,nan,nan,nan,nan
2314,54.2105263158,0.4499777088,nan,0.0004051545,33.9237928137,nan,nan,nan,nan,nan,nan,nan
2315,54.2105263158,0.6007930976,nan,0.0001021374,39.9081508889,nan,nan,nan,nan,nan,nan,nan
2316,54.2105263158,0.9140847110,nan,0.0000016325,57.8714596268,nan,nan,nan,nan,nan,nan,nan
2317,54.2105263158,0.6871685721,nan,0.0000387754,44.1144348829,nan,nan,nan,nan,nan,nan,nan
2318,54.2105263158,0.8902095902,nan,0.0000023772,56.2392918083,nan,nan,nan,nan,nan,nan,nan
2319,54.2105263158,0.1534230318,nan,0.0019106879,27.1881024615,nan,nan,nan,nan,nan,nan,nan
2320,54.2105263158,0.6097786034,nan,0.0000929122,40.3192714727,nan,nan,nan,nan,nan,nan,nan
2321,54.2105263158,0.3167810210,nan,0.0009829723,30.0745871251,nan,nan,nan,nan,nan,nan,nan
2322,54.2105263158,0.3457596712,nan,0.0008322372,30.7975285403,nan,nan,nan,nan,nan,nan,nan
2323,54.2105263158,0.1915928537,nan,0.0017053055,27.6819781503,nan,nan,nan,nan,nan,nan,nan
2324,54.2105263158,0.3031106030,nan,0.0010578810,29.7556317129,nan,nan,nan,nan,nan,nan,nan
2325,54.2105263158,0.2349742128,nan,0.0014531571,28.3768743266,nan,nan,nan,nan,nan,nan,nan
2326,54.2105263158,0.5413806675,nan,0.0001843183,37.3443156252,nan,nan,nan,nan,nan,nan,nan
2327,54.2105263158,0.4869468378,nan,0.0002998585,35.2308363057,nan,nan,nan,nan,nan,nan,nan
2328,54.2105263158,0.1032914592,nan,0.0021348445,26.7063376172,nan,nan,nan,nan,nan,nan,nan
2329,54.2105263158,0.4250284553,nan,0.0004897387,33.1003560484,nan,nan,nan,nan,nan,nan,nan
2330,54.2105263158,0.5670946306,nan,0.0001438463,38.4210137544,nan,nan,nan,nan,nan,nan,nan
2331,54.2105263158,0.2521332418,nan,0.0013517619,28.6909978890,nan,nan,nan,nan,nan,nan,nan
2332,54.2105263158,0.4883617786,nan,0.0002962836,35.2829238716,nan,nan,nan,nan,nan,nan,nan
2333,54.2105263158,1.5844248236,nan,0.0000000000,121.4628243969,nan,nan,nan,nan,nan,nan,nan
2334,54.2105263158,0.6146956829,nan,0.0000881689,40.5468460951,nan,nan,nan,nan,nan,nan,nan
2335,54.2105263158,1.4560726555,nan,0.0000000000,106.6285273187,nan,nan,nan,nan,nan,nan,nan
2336,54.2105263158,1.0241332438,nan,0.0000002537,65.9567027192,nan,nan,nan,nan,nan,nan,nan
2337,54.2105263158,0.4159329967,nan,0.0005233694,32.8119163722,nan,nan,nan,nan,nan,nan,nan
2338,54.2105263158,1.1065173377,nan,0.0000000548,72.6142791969,nan,nan,nan,nan,nan,nan,nan
2339,54.2105263158,0.3638320204,nan,0.0007446275,31.2806094445,nan,nan,nan,nan,nan,nan,nan
2340,54.2105263158,0.5462195977,nan,0.0001760722,37.5430926143,nan,nan,nan,nan,nan,nan,nan
2341,54.2105263158,0.3588428682,nan,0.0007682856,31.1447732742,nan,nan,nan,nan,nan,nan,nan
2342,54.2105263158,1.1985134496,nan,0.0000000086,80.6609982396,nan,nan,nan,nan,nan,nan,nan
2343,54.2105263158,0.9384794727,nan,0.0000011005,59.5840474618,nan,nan,nan,nan,nan,nan,nan
2344,54.2105263158,0.7549434680,nan,0.0000165481,47.8125185211,nan,nan,nan,nan,nan,nan,nan
2345,54.2105263158,1.3318733319,nan,0.0000000004,93.4735813154,nan,nan,nan,nan,nan,nan,nan
2346,54.2105263158,0.7711772522,nan,0.0000133345,48.7502298953,nan,nan,nan,nan,nan,nan,nan
2347,54.2105263158,0.3212860019,nan,0.0009587828,30.1827976138,nan,nan,nan,nan,nan,nan,nan
2348,54.2105263158,0.1292049770,nan,0.0020268756,26.9317290021,nan,nan,nan,nan,nan,nan,nan
2349,54.2105263158,1.0083994640,nan,0.0000003354,64.7441421073,nan,nan,nan,nan,nan,nan,nan
2350,54.2105263158,1.1655023741,nan,0.0000000170,77.6992362234,nan,nan,nan,nan,nan,nan,nan
2351,54.2105263158,1.0749561931,nan,0.0000000999,70.0025616301,nan,nan,nan,nan,nan,nan,nan
2352,54.2105263158,0.7449124082,nan,0.0000188663,47.2431282366,nan,nan,nan,nan,nan,nan,nan
2353,54.2105263158,0.7719243552,nan,0.0000132012,48.7938679429,nan,nan,nan,nan,nan,nan,nan
2354,54.2105263158,0.6248925433,nan,0.0000789834,41.0246436725,nan,nan,nan,nan,nan,nan,nan
2355,54.2105263158,0.0800852917,nan,0.0022144345,26.5473716028,nan,nan,nan,nan,nan,nan,nan
2356,54.2105263158,0.3491858929,nan,0.0008152277,30.8872107883,nan,nan,nan,nan,nan,nan,nan
2357,54.2105263158,0.2443775050,nan,0.0013975718,28.5462588023,nan,nan,nan,nan,nan,nan,nan
2358,54.2105263158,0.5052737622,nan,0.0002560195,35.9172691198,nan,nan,nan,nan,nan,nan,nan
2359,54.2105263158,0.5401186380,nan,0.0001865192,37.2927657009,nan,nan,nan,nan,nan,nan,nan
2360,54.2105263158,0.2152727885,nan,0.0015690388,28.0436630407,nan,nan,nan,nan,nan,nan,nan
2361,54.2105263158,0.9835563999,nan,0.0000005167,62.8680100330,nan,nan,nan,nan,nan,nan,nan
2362,54.2105263158,0.1641797496,nan,0.0018551726,27.3161568119,nan,nan,nan,nan,nan,nan,nan
2363,54.2105263158,0.5237826926,nan,0.0002169493,36.6364182743,nan,nan,nan,nan,nan,nan,nan
2364,54.2105263158,1.0016372857,nan,0.0000003777,64.2288025956,nan,nan,nan,nan,nan,nan,nan
2365,54.2105263158,0.7036858795,nan,0.0000317435,44.9834579904,nan,nan,nan,nan,nan,nan,nan
2366,54.2105263158,0.5992697562,nan,0.0001037753,39.8390610958,nan,nan,nan,nan,nan,nan,nan
2367,54.2105263158,0.3041907180,nan,0.0010518849,29.7803177339,nan,nan,nan,nan,nan,nan,nan
2368,54.2105263158,0.8030741045,nan,0.0000086076,50.6511604700,nan,nan,nan,nan,nan,nan,nan
2369,54.2105263158,0.3502928300,nan,0.0008097715,30.9163753347,nan,nan,nan,nan,nan,nan,nan
2370,54.2105263158,0.2061338887,nan,0.0016221624,27.8990566449,nan,nan,nan,nan,nan,nan,nan
2371,54.2105263158,0.3794718486,nan,0.0006731850,31.7186558504,nan,nan,nan,nan,nan,nan,nan
2372,54.2105263158,0.7864417799,nan,0.0000108386,49.6502665577,nan,nan,nan,nan,nan,nan,nan
2373,54.2105263158,0.3026977474,nan,0.0010601763,29.7462192416,nan,nan,nan,nan,nan,nan,nan
2374,54.2105263158,0.4990371568,nan,0.0002703452,35.6808137602,nan,nan,nan,nan,nan,nan,nan
2375,54.2105263158,0.3480732573,nan,0.0008207314,30.8579897019,nan,nan,nan,nan,nan,nan,nan
2376,54.2105263158,0.6093434981,nan,0.0000933421,40.2992222903,nan,nan,nan,nan,nan,nan,nan
2377,54.2105263158,0.5418365194,nan,0.0001835285,37.3629654992,nan,nan,nan,nan,nan,nan,nan
2378,54.2105263158,1.0411450605,nan,0.0000001867,67.2890124553,nan,nan,nan,nan,nan,nan,nan
2379,54.2105263158,0.2006526554,nan,0.0016537302,27.8153535071,nan,nan,nan,nan,nan,nan,nan
2380,54.2105263158,1.7016768075,nan,0.0000000000,136.1159221699,nan,nan,nan,nan,nan,nan,nan
2381,54.2105263158,0.4201234596,nan,0.0005076885,32.9440264958,nan,nan,nan,nan,nan,nan,nan
2382,54.2105263158,0.3877333216,nan,0.0006371572,31.9575337168,nan,nan,nan,nan,nan,nan,nan
2383,54.2105263158,1.4832716151,nan,0.0000000000,109.6668220614,nan,nan,nan,nan,nan,nan,nan
2384,54.2105263158,1.3658572775,nan,0.0000000002,96.9558989221,nan,nan,nan,nan,nan,nan,nan
2385,54.2105263158,1.1294316142,nan,0.0000000350,74.5581078602,nan,nan,nan,nan,nan,nan,nan
2386,54.2105263158,1.0462804339,nan,0.0000001700,67.6955378271,nan,nan,nan,nan,nan,nan,nan
2387,54.2105263158,1.0355478557,nan,0.0000002066,66.8482199199,nan,nan,nan,nan,nan,nan,nan
2388,54.2105263158,0.3050975619,nan,0.0010468605,29.8011118793,nan,nan,nan,nan,nan,nan,nan
2389,54.2105263158,0.7553733742,nan,0.0000164547,47.8370924260,nan,nan,nan,nan,nan,nan,nan
2390,54.2105263158,0.4683476860,nan,0.0003499218,34.5602905309,nan,nan,nan,nan,nan,nan,nan
2391,54.2105263158,1.0649808772,nan,0.0000001204,69.1929079871,nan,nan,nan,nan,nan,nan,nan
2392,54.2105263158,0.6583742097,nan,0.0000543358,42.6491359300,nan,nan,nan,nan,nan,nan,nan
2393,54.2105263158,0.7738038662,nan,0.0000128711,48.9038376094,nan,nan,nan,nan,nan,nan,nan
2394,54.2105263158,1.0710584688,nan,0.0000001075,69.6852959780,nan,nan,nan,nan,nan,nan,nan
2395,54.2105263158,1.1885862567,nan,0.0000000106,79.7615767920,nan,nan,nan,nan,nan,nan,nan
2396,54.2105263158,0.1267557978,nan,0.0020378571,26.9082628329,nan,nan,nan,nan,nan,nan,nan
2397,54.2105263158,0.2977278181,nan,0.0010879463,29.6339254841,nan,nan,nan,nan,nan,nan,nan
2398,54.2105263158,0.6267630634,nan,0.0000773900,41.1131497981,nan,nan,nan,nan,nan,nan,nan
2399,54.2105263158,0.3702836663,nan,0.0007146506,31.4590621296,nan,nan,nan,nan,nan,nan,nan
2400,54.2105263158,0.5314664229,nan,0.0002021804,36.9426098089,nan,nan,nan,nan,nan,nan,nan
2401,54.2105263158,0.4460829924,nan,0.0004176248,33.7921374419,nan,nan,nan,nan,nan,nan,nan
2402,54.2105263158,0.5322234410,nan,0.0002007697,36.9730192748,nan,nan,nan,nan,nan,nan,nan
2403,54.2105263158,0.8814988652,nan,0.0000027198,55.6546239471,nan,nan,nan,nan,nan,nan,nan
2404,54.2105263158,1.7029698513,nan,0.0000000000,136.2833811751,nan,nan,nan,nan,nan,nan,nan
2405,54.2105263158,1.1051141258,nan,0.0000000563,72.4965466720,nan,nan,nan,nan,nan,nan,nan
2406,54.2105263158,0.9075917087,nan,0.0000018100,57.4232776173,nan,nan,nan,nan,nan,nan,nan
2407,54.2105263158,1.1320380293,nan,0.0000000333,74.7817506178,nan,nan,nan,nan,nan,nan,nan
2408,54.2105263158,1.1586541757,nan,0.0000000195,77.0952376613,nan,nan,nan,nan,nan,nan,nan
2409,54.2105263158,0.8529479363,nan,0.0000041891,53.7788231680,nan,nan,nan,nan,nan,nan,nan
2410,54.2105263158,0.5140869277,nan,0.0002367854,36.2564509890,nan,nan,nan,nan,nan,nan,nan
2411,54.2105263158,0.5251560011,nan,0.0002142489,36.6908144140,nan,nan,nan,nan,nan,nan,nan
2412,54.2105263158,0.1514246016,nan,0.0019207581,27.1652732399,nan,nan,nan,nan,nan,nan,nan
2413,54.2105263158,0.5137319110,nan,0.0002375377,36.2426738094,nan,nan,nan,nan,nan,nan,nan
2414,54.2105263158,0.3923691278,nan,0.0006174696,32.0938440299,nan,nan,nan,nan,nan,nan,nan
2415,54.2105263158,1.2256685949,nan,0.0000000048,83.1597618558,nan,nan,nan,nan,nan,nan,nan
2416,54.2105263158,0.0319387632,nan,0.0023192788,26.3464704657,nan,nan,nan,nan,nan,nan,nan
2417,54.2105263158,0.7694202664,nan,0.0000136528,48.6477724867,nan,nan,nan,nan,nan,nan,nan
2418,54.2105263158,0.6434038303,nan,0.0000643836,41.9122474930,nan,nan,nan,nan,nan,nan,nan
2419,54.2105263158,1.7096317717,nan,0.0000000000,137.1481788717,nan,nan,nan,nan,nan,nan,nan
2420,54.2105263158,0.3469418841,nan,0.0008263475,30.8283727304,nan,nan,nan,nan,nan,nan,nan
2421,54.2105263158,0.5719500172,nan,0.0001370894,38.6299609631,nan,nan,nan,nan,nan,nan,nan
2422,54.2105263158,0.6609795729,nan,0.0000527336,42.7791222423,nan,nan,nan,nan,nan,nan,nan
2423,54.2105263158,0.5890537578,nan,0.0001153378,39.3802840285,nan,nan,nan,nan,nan,nan,nan
2424,54.2105263158,1.2652614142,nan,0.0000000020,86.9039618006,nan,nan,nan,nan,nan,nan,nan
2425,54.2105263158,0.2779307403,nan,0.0012008312,29.2051803017,nan,nan,nan,nan,nan,nan,nan
2426,54.2105263158,1.2479512000,nan,0.0000000030,85.2522409081,nan,nan,nan,nan,nan,nan,nan
2427,54.2105263158,0.6344861469,nan,0.0000710985,41.4813960516,nan,nan,nan,nan,nan,nan,nan
2428,54.2105263158,0.9495553034,nan,0.0000009169,60.3765859552,nan,nan,nan,nan,nan,nan,nan
2429,54.2105263158,0.9296046179,nan,0.0000012718,58.9557531762,nan,nan,nan,nan,nan,nan,nan
2430,54.2105263158,0.8077820102,nan,0.0000080569,50.9382984447,nan,nan,nan,nan,nan,nan,nan
2431,54.2105263158,1.4406977168,nan,0.0000000000,104.9360795717,nan,nan,nan,nan,nan,nan,nan
2432,54.2105263158,0.8782698912,nan,0.0000028580,55.4393633272,nan,nan,nan,nan,nan,nan,nan
2433,54.2105263158,0.9923612819,nan,0.0000004439,63.5275620824,nan,nan,nan,nan,nan,nan,nan
2434,54.2105263158,0.7165781670,nan,0.0000270633,45.6761909255,nan,nan,nan,nan,nan,nan,nan
2435,54.2105263158,0.8507104468,nan,0.0000043307,53.6344453095,nan,nan,nan,nan,nan,nan,nan
2436,54.2105263158,0.8342515216,nan,0.0000055155,52.5841317707,nan,nan,nan,nan,nan,nan,nan
2437,54.2105263158,0.4802210212,nan,0.0003172984,34.9853213109,nan,nan,nan,nan,nan,nan,nan
2438,54.2105263158,0.5380257766,nan,0.0001902153,37.2075457466,nan,nan,nan,nan,nan,nan,nan
2439,54.2105263158,0.4494335698,nan,0.0004068806,33.9053297601,nan,nan,nan,nan,nan,nan,nan
2440,54.2105263158,0.6952084948,nan,0.0000351978,44.5348441279,nan,nan,nan,nan,nan,nan,nan
2441,54.2105263158,1.3401556482,nan,0.0000000004,94.3141304580,nan,nan,nan,nan,nan,nan,nan
2442,54.2105263158,1.2382377650,nan,0.0000000037,84.3354235813,nan,nan,nan,nan,nan,nan,nan
2443,54.2105263158,1.1523819105,nan,0.0000000222,76.5451776585,nan,nan,nan,nan,nan,nan,nan
2444,54.2105263158,0.5914526165,nan,0.0001125305,39.4872982222,nan,nan,nan,nan,nan,nan,nan
2445,54.2105263158,0.4806140098,nan,0.0003162589,34.9995722074,nan,nan,nan,nan,nan,nan,nan
2446,54.2105263158,1.2550311947,nan,0.0000000026,85.9250389313,nan,nan,nan,nan,nan,nan,nan
2447,54.2105263158,1.1791137318,nan,0.0000000129,78.9103669285,nan,nan,nan,nan,nan,nan,nan
2448,54.2105263158,1.2366052715,nan,0.0000000038,84.1820457404,nan,nan,nan,nan,nan,nan,nan
2449,54.2105263158,1.1229153469,nan,0.0000000398,74.0012507312,nan,nan,nan,nan,nan,nan,nan
2450,54.2105263158,0.7634417240,nan,0.0000147880,48.3008993021,nan,nan,nan,nan,nan,nan,nan
2451,54.2105263158,0.5082866966,nan,0.0002493124,36.0325604782,nan,nan,nan,nan,nan,nan,nan
2452,54.2105263158,0.7995184987,nan,0.0000090460,50.4354213024,nan,nan,nan,nan,nan,nan,nan
2453,54.2105263158,0.8276390098,nan,0.0000060702,52.1679729850,nan,nan,nan,nan,nan,nan,nan
2454,54.2105263158,0.5241100886,nan,0.0002163031,36.6493732720,nan,nan,nan,nan,nan,nan,nan
2455,54.2105263158,0.6975945357,nan,0.0000341936,44.6605575616,nan,nan,nan,nan,nan,nan,nan
2456,54.2105263158,1.2994467543,nan,0.0000000009,90.2331441107,nan,nan,nan,nan,nan,nan,nan
2457,54.2105263158,0.5069219713,nan,0.0002523334,35.9802531713,nan,nan,nan,nan,nan,nan,nan
2458,54.2105263158,0.1313908472,nan,0.0020169475,26.9530539693,nan,nan,nan,nan,nan,nan,nan
2459,54.2105263158,0.1262541466,nan,0.0020400875,26.9035121472,nan,nan,nan,nan,nan,nan,nan
2460,54.2105263158,0.8821207374,nan,0.0000026939,55.6961725447,nan,nan,nan,nan,nan,nan,nan
2461,54.2105263158,0.9043367555,nan,0.0000019055,57.1998129055,nan,nan,nan,nan,nan,nan,nan
2462,54.2105263158,0.5306018129,nan,0.0002038012,36.9079316445,nan,nan,nan,nan,nan,nan,nan
2463,54.2105263158,1.2711057271,nan,0.0000000018,87.4667892480,nan,nan,nan,nan,nan,nan,nan
2464,54.2105263158,0.5493732675,nan,0.0001708599,37.6735992506,nan,nan,nan,nan,nan,nan,nan
2465,54.2105263158,0.1940915433,nan,0.0016911635,27.7181439116,nan,nan,nan,nan,nan,nan,nan
2466,54.2105263158,0.3891069764,nan,0.0006312837,31.9977544384,nan,nan,nan,nan,nan,nan,nan
2467,54.2105263158,0.3931288069,nan,0.0006142799,32.1163369367,nan,nan,nan,nan,nan,nan,nan
2468,54.2105263158,0.3760044798,nan,0.0006886618,31.6199401485,nan,nan,nan,nan,nan,nan,nan
2469,54.2105263158,1.0234153604,nan,0.0000002570,65.9009660785,nan,nan,nan,nan,nan,nan,nan
2470,54.2105263158,0.3267218602,nan,0.0009299477,30.3154149156,nan,nan,nan,nan,nan,nan,nan
2471,54.2105263158,1.1601609958,nan,0.0000000189,77.2278291121,nan,nan,nan,nan,nan,nan,nan
2472,54.2105263158,0.7523273196,nan,0.0000171266,47.6632801033,nan,nan,nan,nan,nan,nan,nan
2473,54.2105263158,0.8034687439,nan,0.0000085602,50.6751649145,nan,nan,nan,nan,nan,nan,nan
2474,54.2105263158,0.1370118590,nan,0.0019908820,27.0095447644,nan,nan,nan,nan,nan,nan,nan
2475,54.2105263158,0.9852818341,nan,0.0000005016,62.9967921175,nan,nan,nan,nan,nan,nan,nan
2476,54.2105263158,0.3709788843,nan,0.0007114624,31.4784802499,nan,nan,nan,nan,nan,nan,nan
2477,54.2105263158,0.8294302953,nan,0.0000059151,52.2803785577,nan,nan,nan,nan,nan,nan,nan
2478,54.2105263158,0.6338681420,nan,0.0000715853,41.4517617751,nan,nan,nan,nan,nan,nan,nan
2479,54.2105263158,0.2889584970,nan,0.0011375362,29.4403475535,nan,nan,nan,nan,nan,nan,nan
2480,54.2105263158,0.8259855156,nan,0.0000062167,52.0644310372,nan,nan,nan,nan,nan,nan,nan
2481,54.2105263158,0.7861871129,nan,0.0000108765,49.6351051213,nan,nan,nan,nan,nan,nan,nan
2482,54.2105263158,0.7671351295,nan,0.0000140771,48.5148681106,nan,nan,nan,nan,nan,nan,nan
2483,54.2105263158,0.5518829348,nan,0.0001668017,37.7779956646,nan,nan,nan,nan,nan,nan,nan
2484,54.2105263158,0.3545062909,nan,0.0007891804,31.0282373177,nan,nan,nan,nan,nan,nan,nan
2485,54.2105263158,0.1482491172,nan,0.0019365926,27.1296173062,nan,nan,nan,nan,nan,nan,nan
2486,54.2105263158,0.2920874150,nan,0.0011197605,29.5087485489,nan,nan,nan,nan,nan,nan,nan
2487,54.2105263158,1.0542065179,nan,0.0000001470,68.3269313497,nan,nan,nan,nan,nan,nan,nan
2488,54.2105263158,0.3058966836,nan,0.0010424404,29.8194875526,nan,nan,nan,nan,nan,nan,nan
2489,54.2105263158,0.5379933413,nan,0.0001902730,37.2062276197,nan,nan,nan,nan,nan,nan,nan
2490,54.2105263158,0.5065230164,nan,0.0002532218,35.9649887254,nan,nan,nan,nan,nan,nan,nan
2491,54.2105263158,0.3604286807,nan,0.0007607213,31.1877444939,nan,nan,nan,nan,nan,nan,nan
2492,54.2105263158,0.2862141339,nan,0.0011531974,29.3809634536,nan,nan,nan,nan,nan,nan,nan
2493,54.2105263158,0.2378950070,nan,0.0014358955,28.4287715981,nan,nan,nan,nan,nan,nan,nan
2494,54.2105263158,0.6108089127,nan,0.0000919009,40.3668044356,nan,nan,nan,nan,nan,nan,nan
2495,54.2105263158,1.2373984470,nan,0.0000000038,84.2565416129,nan,nan,nan,nan,nan,nan,nan
2496,54.2105263158,0.8662732476,nan,0.0000034304,54.6465654175,nan,nan,nan,nan,nan,nan,nan
2497,54.2105263158,0.3694129466,nan,0.0007186553,31.4347937695,nan,nan,nan,nan,nan,nan,nan
2498,54.2105263158,0.4818183143,nan,0.0003130894,35.0433168024,nan,nan,nan,nan,nan,nan,nan
2499,54.2105263158,0.4400990580,nan,0.0004373103,33.5921027967,nan,nan,nan,nan,nan,nan,nan
2500,54.2105263158,1.0036856911,nan,0.0000003644,64.3845413676,nan,nan,nan,nan,nan,nan,nan
2501,54.2105263158,0.6572563567,nan,0.0000550361,42.5935225723,nan,nan,nan,nan,nan,nan,nan
2502,54.2105263158,1.2833536811,nan,0.0000000014,88.6547754860,nan,nan,nan,nan,nan,nan,nan
2503,54.2105263158,0.2107043303,nan,0.0015956636,27.9705866621,nan,nan,nan,nan,nan,nan,nan
2504,54.2105263158,1.4198211845,nan,0.0000000001,102.6669617044,nan,nan,nan,nan,nan,nan,nan
2505,54.2105263158,0.7855793893,nan,0.0000109674,49.5989446544,nan,nan,nan,nan,nan,nan,nan
2506,54.2105263158,0.6013986911,nan,0.0001014924,39.9356660670,nan,nan,nan,nan,nan,nan,nan
2507,54.2105263158,0.5695600514,nan,0.0001403820,38.5268869288,nan,nan,nan,nan,nan,nan,nan
2508,54.2105263158,0.4669889827,nan,0.0003538070,34.5123355718,nan,nan,nan,nan,nan,nan,nan
2509,54.2105263158,0.4849270977,nan,0.0003050178,35.1567480079,nan,nan,nan,nan,nan,nan,nan
2510,54.2105263158,0.6375094985,nan,0.0000687577,41.6267891657,nan,nan,nan,nan,nan,nan,nan
2511,54.2105263158,0.5566991394,nan,0.0001592326,37.9796797966,nan,nan,nan,nan,nan,nan,nan
2512,54.2105263158,1.3632390404,nan,0.0000000002,96.6844707488,nan,nan,nan,nan,nan,nan,nan
2513,54.2105263158,0.4663326852,nan,0.0003556950,34.4892219924,nan,nan,nan,nan,nan,nan,nan
2514,54.2105263158,0.7554761227,nan,0.0000164325,47.8429677249,nan,nan,nan,nan,nan,nan,nan
2515,54.2105263158,1.0061974737,nan,0.0000003487,64.5759473331,nan,nan,nan,nan,nan,nan,nan
2516,54.2105263158,0.7871845648,nan,0.0000107287,49.6945159948,nan,nan,nan,nan,nan,nan,nan
2517,54.2105263158,0.3411432945,nan,0.0008554407,30.6781007170,nan,nan,nan,nan,nan,nan,nan
2518,54.2105263158,0.6180363665,nan,0.0000850646,40.7025104173,nan,nan,nan,nan,nan,nan,nan
2519,54.2105263158,0.3895059908,nan,0.0006295838,32.0094644348,nan,nan,nan,nan,nan,nan,nan
2520,54.2105263158,0.1960288487,nan,0.0016801541,27.7465087812,nan,nan,nan,nan,nan,nan,nan
2521,54.2105263158,0.2206501952,nan,0.0015375526,28.1317001890,nan,nan,nan,nan,nan,nan,nan
2522,54.2105263158,0.8265706376,nan,0.0000061645,52.1010476068,nan,nan,nan,nan,nan,nan,nan
2523,54.2105263158,0.2475615226,nan,0.0013787550,28.6051290442,nan,nan,nan,nan,nan,nan,nan
2524,54.2105263158,1.1666542943,nan,0.0000000166,77.8011853609,nan,nan,nan,nan,nan,nan,nan
2525,54.2105263158,1.2615457856,nan,0.0000000022,86.5474910402,nan,nan,nan,nan,nan,nan,nan
2526,54.2105263158,0.6335269109,nan,0.0000718553,41.4354116763,nan,nan,nan,nan,nan,nan,nan
2527,54.2105263158,0.2003508574,nan,0.0016554609,27.8108107159,nan,nan,nan,nan,nan,nan,nan
2528,54.2105263158,0.4308065777,nan,0.0004691529,33.2868558279,nan,nan,nan,nan,nan,nan,nan
2529,54.2105263158,0.8462958619,nan,0.0000046231,53.3507057556,nan,nan,nan,nan,nan,nan,nan
2530,54.2105263158,0.7653767999,nan,0.0000144116,48.4128738096,nan,nan,nan,nan,nan,nan,nan
2531,54.2105263158,0.3242833549,nan,0.0009428343,30.2556464126,nan,nan,nan,nan,nan,nan,nan
2532,54.2105263158,0.9334008537,nan,0.0000011957,59.2237720599,nan,nan,nan,nan,nan,nan,nan
2533,54.2105263158,0.6410288404,nan,0.0000661164,41.7969104328,nan,nan,nan,nan,nan,nan,nan
2534,54.2105263158,0.6878883578,nan,0.0000384426,44.1518720914,nan,nan,nan,nan,nan,nan,nan
2535,54.2105263158,0.2334704997,nan,0.0014620400,28.3504075830,nan,nan,nan,nan,nan,nan,nan
2536,54.2105263158,0.4847589646,nan,0.0003054503,35.1505945011,nan,nan,nan,nan,nan,nan,nan
2537,54.2105263158,0.5123497177,nan,0.0002404847,36.1891260609,nan,nan,nan,nan,nan,nan,nan
2538,54.2105263158,0.8700877286,nan,0.0000032378,54.8974556799,nan,nan,nan,nan,nan,nan,nan
2539,54.2105263158,0.6313629555,nan,0.0000735880,41.3319319047,nan,nan,nan,nan,nan,nan,nan
2540,54.2105263158,1.4054386358,nan,0.0000000001,101.1230776569,nan,nan,nan,nan,nan,nan,nan
2541,54.2105263158,0.9287055814,nan,0.0000012905,58.8924410660,nan,nan,nan,nan,nan,nan,nan
2542,54.2105263158,0.5649219571,nan,0.0001469571,38.3280951710,nan,nan,nan,nan,nan,nan,nan
2543,54.2105263158,0.7514328078,nan,0.0000173286,47.6123721828,nan,nan,nan,nan,nan,nan,nan
2544,54.2105263158,0.7275024550,nan,0.0000235880,46.2730834655,nan,nan,nan,nan,nan,nan,nan
2545,54.2105263158,1.2093751924,nan,0.0000000068,81.6537153358,nan,nan,nan,nan,nan,nan,nan
2546,54.2105263158,0.2613701021,nan,0.0012973840,28.8693147883,nan,nan,nan,nan,nan,nan,nan
2547,54.2105263158,0.7150156215,nan,0.0000275959,45.5915577522,nan,nan,nan,nan,nan,nan,nan
2548,54.2105263158,0.1754476234,nan,0.0017948749,27.4596580386,nan,nan,nan,nan,nan,nan,nan
2549,54.2105263158,0.1837775940,nan,0.0017490795,27.5719043794,nan,nan,nan,nan,nan,nan,nan
2550,54.2105263158,0.7039813104,nan,0.0000316287,44.9991905218,nan,nan,nan,nan,nan,nan,nan
2551,54.2105263158,0.2666509813,nan,0.0012664376,28.9741621207,nan,nan,nan,nan,nan,nan,nan
2552,54.2105263158,1.1607739140,nan,0.0000000187,77.2818119755,nan,nan,nan,nan,nan,nan,nan
2553,54.2105263158,0.3782007619,nan,0.0006788343,31.6823622611,nan,nan,nan,nan,nan,nan,nan
2554,54.2105263158,0.9326316892,nan,0.0000012108,59.1693793246,nan,nan,nan,nan,nan,nan,nan
2555,54.2105263158,0.3458824064,nan,0.0008316248,30.8007257994,nan,nan,nan,nan,nan,nan,nan
2556,54.2105263158,0.6309454843,nan,0.0000739263,41.3120095339,nan,nan,nan,nan,nan,nan,nan
2557,54.2105263158,0.6313526728,nan,0.0000735963,41.3314410363,nan,nan,nan,nan,nan,nan,nan
2558,54.2105263158,1.2911033694,nan,0.0000000011,89.4123751116,nan,nan,nan,nan,nan,nan,nan
2559,54.2105263158,0.7617811304,nan,0.0000151181,48.2050352958,nan,nan,nan,nan,nan,nan,nan
2560,54.2105263158,0.4012767888,nan,0.0005807191,32.3603388060,nan,nan,nan,nan,nan,nan,nan
2561,54.2105263158,0.7123845159,nan,0.0000285137,45.4494675137,nan,nan,nan,nan,nan,nan,nan
2562,54.2105263158,1.6930488367,nan,0.0000000000,135.0018106045,nan,nan,nan,nan,nan,nan,nan
2563,54.2105263158,1.1810614734,nan,0.0000000123,79.0848330958,nan,nan,nan,nan,nan,nan,nan
2564,54.2105263158,1.2429667756,nan,0.0000000033,84.7808780084,nan,nan,nan,nan,nan,nan,nan
2565,54.2105263158,0.7576907056,nan,0.0000159595,47.9697960494,nan,nan,nan,nan,nan,nan,nan
2566,54.2105263158,0.6334005619,nan,0.0000719555,41.4293599090,nan,nan,nan,nan,nan,nan,nan
2567,54.2105263158,0.6506613299,nan,0.0000593287,42.2673543807,nan,nan,nan,nan,nan,nan,nan
2568,54.2105263158,0.6747478109,nan,0.0000449301,43.4746229283,nan,nan,nan,nan,nan,nan,nan
2569,54.2105263158,0.4906339774,nan,0.0002906105,35.3668874670,nan,nan,nan,nan,nan,nan,nan
2570,54.2105263158,1.5064537596,nan,0.0000000000,112.3010773197,nan,nan,nan,nan,nan,nan,nan
2571,54.2105263158,0.3132248948,nan,0.0010022466,29.9902541099,nan,nan,nan,nan,nan,nan,nan
2572,54.2105263158,1.5314870430,nan,0.0000000000,115.1918450367,nan,nan,nan,nan,nan,nan,nan
2573,54.2105263158,0.3336589277,nan,0.0008937358,30.4879085719,nan,nan,nan,nan,nan,nan,nan
2574,54.2105263158,0.3116110515,nan,0.0010110443,29.9522980629,nan,nan,nan,nan,nan,nan,nan
2575,54.2105263158,0.2873177520,nan,0.0011468918,29.4047756297,nan,nan,nan,nan,nan,nan,nan
2576,54.2105263158,0.8298232712,nan,0.0000058816,52.3050710278,nan,nan,nan,nan,nan,nan,nan
2577,54.2105263158,1.6676922153,nan,0.0000000000,131.7605445583,nan,nan,nan,nan,nan,nan,nan
2578,54.2105263158,0.4668590228,nan,0.0003541803,34.5077560284,nan,nan,nan,nan,nan,nan,nan
2579,54.2105263158,0.1101862057,nan,0.0021079623,26.7613715077,nan,nan,nan,nan,nan,nan,nan
2580,54.2105263158,0.9770407749,nan,0.0000005776,62.3837482982,nan,nan,nan,nan,nan,nan,nan
2581,54.2105263158,0.7911494883,nan,0.0000101591,49.9314268115,nan,nan,nan,nan,nan,nan,nan
2582,54.2105263158,1.5020669088,nan,0.0000000000,111.7994332599,nan,nan,nan,nan,nan,nan,nan
2583,54.2105263158,0.4061010626,nan,0.0005614122,32.5071817920,nan,nan,nan,nan,nan,nan,nan
2584,54.2105263158,0.2578254434,nan,0.0013182197,28.8001221611,nan,nan,nan,nan,nan,nan,nan
2585,54.2105263158,0.0863507344,nan,0.0021946729,26.5863019096,nan,nan,nan,nan,nan,nan,nan
2586,54.2105263158,0.3678394674,nan,0.0007259247,31.3910841783,nan,nan,nan,nan,nan,nan,nan
2587,54.2105263158,0.7773154380,nan,0.0000122743,49.1100197384,nan,nan,nan,nan,nan,nan,nan
2588,54.2105263158,0.3736363610,nan,0.0006993516,31.5530439921,nan,nan,nan,nan,nan,nan,nan
2589,54.2105263158,1.2705044745,nan,0.0000000018,87.4087661204,nan,nan,nan,nan,nan,nan,nan
2590,54.2105263158,1.0742847230,nan,0.0000001012,69.9478228545,nan,nan,nan,nan,nan,nan,nan
2591,54.2105263158,0.5640173151,nan,0.0001482685,38.2895122312,nan,nan,nan,nan,nan,nan,nan
2592,54.2105263158,0.7866545244,nan,0.0000108070,49.6629359488,nan,nan,nan,nan,nan,nan,nan
2593,54.2105263158,0.9219013998,nan,0.0000014404,58.4152743075,nan,nan,nan,nan,nan,nan,nan
2594,54.2105263158,1.0832670812,nan,0.0000000854,70.6829209778,nan,nan,nan,nan,nan,nan,nan
2595,54.2105263158,0.4076243126,nan,0.0005554035,32.5539138138,nan,nan,nan,nan,nan,nan,nan
2596,54.2105263158,0.8107715606,nan,0.0000077241,51.1215096037,nan,nan,nan,nan,nan,nan,nan
2597,54.2105263158,0.5471547679,nan,0.0001745134,37.5817134135,nan,nan,nan,nan,nan,nan,nan
2598,54.2105263158,1.0889380119,nan,0.0000000767,71.1501901369,nan,nan,nan,nan,nan,nan,nan
2599,54.2105263158,0.2958152029,nan,0.0010986999,29.5912090554,nan,nan,nan,nan,nan,nan,nan
2600,54.2105263158,1.3026834308,nan,0.0000000009,90.5529798478,nan,nan,nan,nan,nan,nan,nan
2601,54.2105263158,0.8719209543,nan,0.0000031489,55.0184272594,nan,nan,nan,nan,nan,nan,nan
2602,54.2105263158,0.2725290927,nan,0.0012321543,29.0933488552,nan,nan,nan,nan,nan,nan,nan
2603,54.2105263158,0.1214009718,nan,0.0020613271,26.8585307774,nan,nan,nan,nan,nan,nan,nan
2604,54.2105263158,0.6381474885,nan,0.0000682722,41.6575589943,nan,nan,nan,nan,nan,nan,nan
2605,54.2105263158,1.0202014102,nan,0.0000002722,65.6519163449,nan,nan,nan,nan,nan,nan,nan
2606,54.2105263158,0.5257817300,nan,0.0002130273,36.7156467856,nan,nan,nan,nan,nan,nan,nan
2607,54.2105263158,0.3929267815,nan,0.0006151272,32.1103510100,nan,nan,nan,nan,nan,nan,nan
2608,54.2105263158,0.3621922876,nan,0.0007523575,31.2357573832,nan,nan,nan,nan,nan,nan,nan
2609,54.2105263158,0.5397936695,nan,0.0001870893,37.2795113624,nan,nan,nan,nan,nan,nan,nan
2610,54.2105263158,0.9316233998,nan,0.0000012308,59.0981448226,nan,nan,nan,nan,nan,nan,nan
2611,54.2105263158,0.3682372857,nan,0.0007240828,31.4021174185,nan,nan,nan,nan,nan,nan,nan
2612,54.2105263158,0.5733882575,nan,0.0001351388,38.6921984537,nan,nan,nan,nan,nan,nan,nan
2613,54.2105263158,0.4389727139,nan,0.0004410873,33.5547546430,nan,nan,nan,nan,nan,nan,nan
2614,54.2105263158,1.0582162035,nan,0.0000001365,68.6481700682,nan,nan,nan,nan,nan,nan,nan
2615,54.2105263158,0.4012666115,nan,0.0005807603,32.3600308923,nan,nan,nan,nan,nan,nan,nan
2616,54.2105263158,0.9505483157,nan,0.0000009020,60.4480986500,nan,nan,nan,nan,nan,nan,nan
2617,54.2105263158,0.4165530447,nan,0.0005210291,32.8313802431,nan,nan,nan,nan,nan,nan,nan
2618,54.2105263158,0.6044121906,nan,0.0000983332,40.0729993698,nan,nan,nan,nan,nan,nan,nan
2619,54.2105263158,0.2640117952,nan,0.0012818879,28.9214995637,nan,nan,nan,nan,nan,nan,nan
2620,54.2105263158,0.1276918783,nan,0.0020336779,26.9171782957,nan,nan,nan,nan,nan,nan,nan
2621,54.2105263158,0.7199702708,nan,0.0000259385,45.8605594837,nan,nan,nan,nan,nan,nan,nan
2622,54.2105263158,1.4434339515,nan,0.0000000000,105.2359574593,nan,nan,nan,nan,nan,nan,nan
2623,54.2105263158,0.6280828396,nan,0.0000762824,41.1757569086,nan,nan,nan,nan,nan,nan,nan
2624,54.2105263158,0.9969223313,nan,0.0000004101,63.8715445724,nan,nan,nan,nan,nan,nan,nan
2625,54.2105263158,0.3852938908,nan,0.0006476704,31.8864597552,nan,nan,nan,nan,nan,nan,nan
2626,54.2105263158,1.0580318519,nan,0.0000001370,68.6333736983,nan,nan,nan,nan,nan,nan,nan
2627,54.2105263158,0.6838629787,nan,0.0000403366,43.9430121063,nan,nan,nan,nan,nan,nan,nan
2628,54.2105263158,0.4258970760,nan,0.0004866054,33.1282305875,nan,nan,nan,nan,nan,nan,nan
2629,54.2105263158,0.7564301953,nan,0.0000162272,47.8975613044,nan,nan,nan,nan,nan,nan,nan
2630,54.2105263158,1.2263845391,nan,0.0000000048,83.2264037927,nan,nan,nan,nan,nan,nan,nan
2631,54.2105263158,1.4555026454,nan,0.0000000000,106.5654588708,nan,nan,nan,nan,nan,nan,nan
2632,54.2105263158,0.8826546042,nan,0.0000026719,55.7318648358,nan,nan,nan,nan,nan,nan,nan
2633,54.2105263158,0.5261521714,nan,0.0002123068,36.7303619653,nan,nan,nan,nan,nan,nan,nan
2634,54.2105263158,0.4057111095,nan,0.0005629571,32.4952466635,nan,nan,nan,nan,nan,nan,nan
2635,54.2105263158,0.5267669705,nan,0.0002111151,36.7548068687,nan,nan,nan,nan,nan,nan,nan
2636,54.2105263158,0.7382388611,nan,0.0000205657,46.8685645361,nan,nan,nan,nan,nan,nan,nan
2637,54.2105263158,0.2974017668,nan,0.0010897769,29.6266238538,nan,nan,nan,nan,nan,nan,nan
2638,54.2105263158,0.8094579538,nan,0.0000078688,51.0409228468,nan,nan,nan,nan,nan,nan,nan
2639,54.2105263158,0.8961355929,nan,0.0000021675,56.6403543187,nan,nan,nan,nan,nan,nan,nan
2640,54.2105263158,0.1388750465,nan,0.0019820769,27.0287950808,nan,nan,nan,nan,nan,nan,nan
2641,54.2105263158,1.7934651200,nan,0.0000000000,148.3211648202,nan,nan,nan,nan,nan,nan,nan
2642,54.2105263158,0.7545973538,nan,0.0000166236,47.7927444837,nan,nan,nan,nan,nan,nan,nan
2643,54.2105263158,0.8874716385,nan,0.0000024803,56.0548958571,nan,nan,nan,nan,nan,nan,nan
2644,54.2105263158,0.1871298960,nan,0.0017303920,27.6185549209,nan,nan,nan,nan,nan,nan,nan
2645,54.2105263158,0.5826851198,nan,0.0001230751,39.0982992343,nan,nan,nan,nan,nan,nan,nan
2646,54.2105263158,0.4294596796,nan,0.0004738975,33.2431556651,nan,nan,nan,nan,nan,nan,nan
2647,54.2105263158,0.8065564358,nan,0.0000081971,50.8633873344,nan,nan,nan,nan,nan,nan,nan
2648,54.2105263158,0.9787864467,nan,0.0000005606,62.5131744996,nan,nan,nan,nan,nan,nan,nan
2649,54.2105263158,1.1838995741,nan,0.0000000116,79.3395705963,nan,nan,nan,nan,nan,nan,nan
2650,54.2105263158,0.4460902546,nan,0.0004176013,33.7923818607,nan,nan,nan,nan,nan,nan,nan
2651,54.2105263158,0.2891265573,nan,0.0011365793,29.4440026688,nan,nan,nan,nan,nan,nan,nan
2652,54.2105263158,1.3832280776,nan,0.0000000001,98.7699721655,nan,nan,nan,nan,nan,nan,nan
2653,54.2105263158,0.2436168161,nan,0.0014020685,28.5323076760,nan,nan,nan,nan,nan,nan,nan
2654,54.2105263158,0.1650525377,nan,0.0018505764,27.3269298424,nan,nan,nan,nan,nan,nan,nan
2655,54.2105263158,1.2434056838,nan,0.0000000033,84.8223081063,nan,nan,nan,nan,nan,nan,nan
2656,54.2105263158,0.8670776145,nan,0.0000033889,54.6993788430,nan,nan,nan,nan,nan,nan,nan
2657,54.2105263158,0.6488233010,nan,0.0000605753,42.1770412975,nan,nan,nan,nan,nan,nan,nan
2658,54.2105263158,0.2565856537,nan,0.0013255174,28.7761455489,nan,nan,nan,nan,nan,nan,nan
2659,54.2105263158,0.9950299353,nan,0.0000004238,63.7286323386,nan,nan,nan,nan,nan,nan,nan
2660,54.2105263158,0.6510161951,nan,0.0000590905,42.2848205866,nan,nan,nan,nan,nan,nan,nan
2661,54.2105263158,0.8551594585,nan,0.0000040533,53.9219004241,nan,nan,nan,nan,nan,nan,nan
2662,54.2105263158,0.4880011969,nan,0.0002971915,35.2696355036,nan,nan,nan,nan,nan,nan,nan
2663,54.2105263158,0.5093991941,nan,0.0002468707,36.0753050681,nan,nan,nan,nan,nan,nan,nan
2664,54.2105263158,0.7734250311,nan,0.0000129370,48.8816504168,nan,nan,nan,nan,nan,nan,nan
2665,54.2105263158,0.2968474690,nan,0.0010928915,29.6142293226,nan,nan,nan,nan,nan,nan,nan
2666,54.2105263158,0.8338819999,nan,0.0000055453,52.5607879943,nan,nan,nan,nan,nan,nan,nan
2667,54.2105263158,0.9841561173,nan,0.0000005114,62.9127456868,nan,nan,nan,nan,nan,nan,nan
2668,54.2105263158,0.8519194920,nan,0.0000042536,53.7124136435,nan,nan,nan,nan,nan,nan,nan
2669,54.2105263158,0.6312604263,nan,0.0000736709,41.3270378225,nan,nan,nan,nan,nan,nan,nan
2670,54.2105263158,0.8320538712,nan,0.0000056945,52.4454528163,nan,nan,nan,nan,nan,nan,nan
2671,54.2105263158,0.7805484713,nan,0.0000117471,49.3006780117,nan,nan,nan,nan,nan,nan,nan
2672,54.2105263158,0.4558392951,nan,0.0003868917,34.1241062782,nan,nan,nan,nan,nan,nan,nan
2673,54.2105263158,1.7979628956,nan,0.0000000000,148.9358207815,nan,nan,nan,nan,nan,nan,nan
2674,54.2105263158,1.2253096113,nan,0.0000000049,83.1263614731,nan,nan,nan,nan,nan,nan,nan
2675,54.2105263158,0.2585454434,nan,0.0013139838,28.8140998038,nan,nan,nan,nan,nan,nan,nan
2676,54.2105263158,0.4991675035,nan,0.0002700396,35.6857255057,nan,nan,nan,nan,nan,nan,nan
2677,54.2105263158,0.1110097055,nan,0.0021046584,26.7681838320,nan,nan,nan,nan,nan,nan,nan
2678,54.2105263158,1.2868754298,nan,0.0000000013,88.9984882261,nan,nan,nan,nan,nan,nan,nan
2679,54.2105263158,0.3650067500,nan,0.0007391171,31.3128674820,nan,nan,nan,nan,nan,nan,nan
2680,54.2105263158,0.1861068154,nan,0.0017361099,27.6042277982,nan,nan,nan,nan,nan,nan,nan
2681,54.2105263158,0.2282844820,nan,0.0014926430,28.2604404160,nan,nan,nan,nan,nan,nan,nan
2682,54.2105263158,0.9224956055,nan,0.0000014267,58.4568043356,nan,nan,nan,nan,nan,nan,nan
2683,54.2105263158,0.7726435147,nan,0.0000130740,48.8359139789,nan,nan,nan,nan,nan,nan,nan
2684,54.2105263158,0.6570731119,nan,0.0000551516,42.5844151870,nan,nan,nan,nan,nan,nan,nan
2685,54.2105263158,0.4523018824,nan,0.0003978408,34.0029068688,nan,nan,nan,nan,nan,nan,nan
2686,54.2105263158,0.7751280818,nan,0.0000126431,48.9814786748,nan,nan,nan,nan,nan,nan,nan
2687,54.2105263158,0.7520466340,nan,0.0000171898,47.6472993343,nan,nan,nan,nan,nan,nan,nan
2688,54.2105263158,0.6474785959,nan,0.0000615017,42.1111309248,nan,nan,nan,nan,nan,nan,nan
2689,54.2105263158,0.9434892833,nan,0.0000010136,59.9413689191,nan,nan,nan,nan,nan,nan,nan
2690,54.2105263158,0.6356085442,nan,0.0000702216,41.5352910240,nan,nan,nan,nan,nan,nan,nan
2691,54.2105263158,0.2747770408,nan,0.0012190962,29.1396203067,nan,nan,nan,nan,nan,nan,nan
2692,54.2105263158,0.8840510481,nan,0.0000026150,55.8253284803,nan,nan,nan,nan,nan,nan,nan
2693,54.2105263158,1.6940066901,nan,0.0000000000,135.1252149916,nan,nan,nan,nan,nan,nan,nan
2694,54.2105263158,0.4226355715,nan,0.0004984409,33.0238631671,nan,nan,nan,nan,nan,nan,nan
2695,54.2105263158,0.9857012580,nan,0.0000004980,63.0281311821,nan,nan,nan,nan,nan,nan,nan
2696,54.2105263158,0.6136594776,nan,0.0000891511,40.4987350053,nan,nan,nan,nan,nan,nan,nan
2697,54.2105263158,0.6678769546,nan,0.0000486885,43.1257391844,nan,nan,nan,nan,nan,nan,nan
2698,54.2105263158,0.7736241865,nan,0.0000129023,48.8933129622,nan,nan,nan,nan,nan,nan,nan
2699,54.2105263158,0.7067499229,nan,0.0000305707,45.1469498936,nan,nan,nan,nan,nan,nan,nan
2700,54.2105263158,1.0594663070,nan,0.0000001334,68.7485738895,nan,nan,nan,nan,nan,nan,nan
2701,54.2105263158,1.2612397036,nan,0.0000000022,86.5181731128,nan,nan,nan,nan,nan,nan,nan
2702,54.2105263158,0.8501853171,nan,0.0000043645,53.6006156951,nan,nan,nan,nan,nan,nan,nan
2703,54.2105263158,0.5747550498,nan,0.0001333064,38.7514899032,nan,nan,nan,nan,nan,nan,nan
2704,54.2105263158,0.6920726694,nan,0.0000365571,44.3702858412,nan,nan,nan,nan,nan,nan,nan
2705,54.2105263158,0.9740515593,nan,0.0000006078,62.1626641175,nan,nan,nan,nan,nan,nan,nan
2706,54.2105263158,0.7164312466,nan,0.0000271130,45.6682252598,nan,nan,nan,nan,nan,nan,nan
2707,54.2105263158,0.8481962919,nan,0.0000044950,53.4726704110,nan,nan,nan,nan,nan,nan,nan
2708,54.2105263158,0.9870349834,nan,0.0000004866,63.1278754074,nan,nan,nan,nan,nan,nan,nan
2709,54.2105263158,0.7494873019,nan,0.0000177752,47.5018611299,nan,nan,nan,nan,nan,nan,nan
2710,54.2105263158,0.3778766522,nan,0.0006802793,31.6731274962,nan,nan,nan,nan,nan,nan,nan
2711,54.2105263158,0.7224663085,nan,0.0000251375,45.9967843348,nan,nan,nan,nan,nan,nan,nan
2712,54.2105263158,0.6180969313,nan,0.0000850092,40.7053403633,nan,nan,nan,nan,nan,nan,nan
2713,54.2105263158,0.7470919347,nan,0.0000183392,47.3661924451,nan,nan,nan,nan,nan,nan,nan
2714,54.2105263158,0.3102719884,nan,0.0010183676,29.9209543391,nan,nan,nan,nan,nan,nan,nan
2715,54.2105263158,0.3185415817,nan,0.0009734882,30.1166931042,nan,nan,nan,nan,nan,nan,nan
2716,54.2105263158,1.2547173480,nan,0.0000000026,85.8951335747,nan,nan,nan,nan,nan,nan,nan
2717,54.2105263158,0.2927898169,nan,0.0011157822,29.5242055715,nan,nan,nan,nan,nan,nan,nan
2718,54.2105263158,0.5893167984,nan,0.0001150271,39.3919970302,nan,nan,nan,nan,nan,nan,nan
2719,54.2105263158,0.4649823761,nan,0.0003596028,34.4417694869,nan,nan,nan,nan,nan,nan,nan
2720,54.2105263158,0.4421042373,nan,0.0004306426,33.6588303480,nan,nan,nan,nan,nan,nan,nan
2721,54.2105263158,1.0989447702,nan,0.0000000634,71.9807076573,nan,nan,nan,nan,nan,nan,nan
2722,54.2105263158,0.4943376596,nan,0.0002815407,35.5045886712,nan,nan,nan,nan,nan,nan,nan
2723,54.2105263158,0.7694498211,nan,0.0000136474,48.6494940043,nan,nan,nan,nan,nan,nan,nan
2724,54.2105263158,0.4577180589,nan,0.0003811656,34.1888630882,nan,nan,nan,nan,nan,nan,nan
2725,54.2105263158,0.9365973760,nan,0.0000011349,59.4503027890,nan,nan,nan,nan,nan,nan,nan
2726,54.2105263158,1.1173573565,nan,0.0000000444,73.5288464878,nan,nan,nan,nan,nan,nan,nan
2727,54.2105263158,1.0172644164,nan,0.0000002867,65.4250172732,nan,nan,nan,nan,nan,nan,nan
2728,54.2105263158,0.5290764442,nan,0.0002066860,36.8468900054,nan,nan,nan,nan,nan,nan,nan
2729,54.2105263158,0.6160084514,nan,0.0000869378,40.6079153217,nan,nan,nan,nan,nan,nan,nan
2730,54.2105263158,0.5600082842,nan,0.0001541957,38.1192760618,nan,nan,nan,nan,nan,nan,nan
2731,54.2105263158,0.9449312210,nan,0.0000009898,60.0445689457,nan,nan,nan,nan,nan,nan,nan
2732,54.2105263158,0.6192823275,nan,0.0000839308,40.7607852581,nan,nan,nan,nan,nan,nan,nan
2733,54.2105263158,0.6450322847,nan,0.0000632182,41.9915784455,nan,nan,nan,nan,nan,nan,nan
2734,54.2105263158,0.6875735042,nan,0.0000385879,44.1354911985,nan,nan,nan,nan,nan,nan,nan
2735,54.2105263158,0.2072441967,nan,0.0016157388,27.9162884601,nan,nan,nan,nan,nan,nan,nan
2736,54.2105263158,1.2514058519,nan,0.0000000028,85.5800512640,nan,nan,nan,nan,nan,nan,nan
2737,54.2105263158,0.9759338267,nan,0.0000005886,62.3017982742,nan,nan,nan,nan,nan,nan,nan
2738,54.2105263158,0.4894021979,nan,0.0002936756,35.3213213710,nan,nan,nan,nan,nan,nan,nan
2739,54.2105263158,1.1547378550,nan,0.0000000211,76.7514350588,nan,nan,nan,nan,nan,nan,nan
2740,54.2105263158,0.8259875885,nan,0.0000062165,52.0645607120,nan,nan,nan,nan,nan,nan,nan
2741,54.2105263158,0.6628519271,nan,0.0000516077,42.8728564113,nan,nan,nan,nan,nan,nan,nan
2742,54.2105263158,0.7716950621,nan,0.0000132420,48.7804704851,nan,nan,nan,nan,nan,nan,nan
2743,54.2105263158,0.3971011257,nan,0.0005977693,32.2346640143,nan,nan,nan,nan,nan,nan,nan
2744,54.2105263158,0.3999236226,nan,0.0005862100,32.3194677363,nan,nan,nan,nan,nan,nan,nan
2745,54.2105263158,0.3130352427,nan,0.0010032788,29.9857834449,nan,nan,nan,nan,nan,nan,nan
2746,54.2105263158,1.0790244881,nan,0.0000000926,70.3349482131,nan,nan,nan,nan,nan,nan,nan
2747,54.2105263158,0.6613165465,nan,0.0000525294,42.7959721930,nan,nan,nan,nan,nan,nan,nan
2748,54.2105263158,0.7721915900,nan,0.0000131538,48.8094873656,nan,nan,nan,nan,nan,nan,nan
2749,54.2105263158,0.5147779253,nan,0.0002353264,36.2832940888,nan,nan,nan,nan,nan,nan,nan
2750,54.2105263158,1.0081999471,nan,0.0000003366,64.7288871484,nan,nan,nan,nan,nan,nan,nan
2751,54.2105263158,0.2615525443,nan,0.0012963128,28.8729018292,nan,nan,nan,nan,nan,nan,nan
2752,54.2105263158,0.5074433454,nan,0.0002511759,36.0002197395,nan,nan,nan,nan,nan,nan,nan
2753,54.2105263158,0.8487870997,nan,0.0000044559,53.5106430092,nan,nan,nan,nan,nan,nan,nan
2754,54.2105263158,0.6972725705,nan,0.0000343276,44.6435688713,nan,nan,nan,nan,nan,nan,nan
2755,54.2105263158,0.5496767167,nan,0.0001703650,37.6861965973,nan,nan,nan,nan,nan,nan,nan
2756,54.2105263158,0.4999568464,nan,0.0002681948,35.7154972315,nan,nan,nan,nan,nan,nan,nan
2757,54.2105263158,0.8056765094,nan,0.0000082991,50.8096739483,nan,nan,nan,nan,nan,nan,nan
2758,54.2105263158,0.8284912389,nan,0.0000059959,52.2214210123,nan,nan,nan,nan,nan,nan,nan
2759,54.2105263158,0.4213633796,nan,0.0005031098,32.9833721645,nan,nan,nan,nan,nan,nan,nan
2760,54.2105263158,1.5772034488,nan,0.0000000000,120.5947552924,nan,nan,nan,nan,nan,nan,nan
2761,54.2105263158,1.3159290809,nan,0.0000000007,91.8702056481,nan,nan,nan,nan,nan,nan,nan
2762,54.2105263158,0.5053557297,nan,0.0002558352,35.9203965189,nan,nan,nan,nan,nan,nan,nan
2763,54.2105263158,0.7922732626,nan,0.0000100028,49.9987920429,nan,nan,nan,nan,nan,nan,nan
2764,54.2105263158,0.5186290449,nan,0.0002273232,36.4335626315,nan,nan,nan,nan,nan,nan,nan
2765,54.2105263158,0.2266243517,nan,0.0015024257,28.2320700655,nan,nan,nan,nan,nan,nan,nan
2766,54.2105263158,0.8893634211,nan,0.0000024087,56.1822428715,nan,nan,nan,nan,nan,nan,nan
2767,54.2105263158,0.7946558488,nan,0.0000096785,50.1419356427,nan,nan,nan,nan,nan,nan,nan
2768,54.2105263158,0.7494457822,nan,0.0000177848,47.4995058173,nan,nan,nan,nan,nan,nan,nan
2769,54.2105263158,0.4345719078,nan,0.0004560629,33.4097526233,nan,nan,nan,nan,nan,nan,nan
2770,54.2105263158,0.1605282837,nan,0.0018742568,27.2717090676,nan,nan,nan,nan,nan,nan,nan
2771,54.2105263158,1.0169197768,nan,0.0000002885,65.3984350988,nan,nan,nan,nan,nan,nan,nan
2772,54.2105263158,0.4696709724,nan,0.0003461680,34.6071302136,nan,nan,nan,nan,nan,nan,nan
2773,54.2105263158,0.5379990461,nan,0.0001902629,37.2064594506,nan,nan,nan,nan,nan,nan,nan
2774,54.2105263158,0.7120199961,nan,0.0000286429,45.4298235561,nan,nan,nan,nan,nan,nan,nan
2775,54.2105263158,0.3118374096,nan,0.0010098085,29.9576098930,nan,nan,nan,nan,nan,nan,nan
2776,54.2105263158,0.8086965373,nan,0.0000079538,50.9942718887,nan,nan,nan,nan,nan,nan,nan
2777,54.2105263158,0.6878016891,nan,0.0000384825,44.1473622233,nan,nan,nan,nan,nan,nan,nan
2778,54.2105263158,1.2565169591,nan,0.0000000025,86.0667143898,nan,nan,nan,nan,nan,nan,nan
2779,54.2105263158,1.0334773774,nan,0.0000002145,66.6857708407,nan,nan,nan,nan,nan,nan,nan
2780,54.2105263158,0.2116695140,nan,0.0015900493,27.9858941925,nan,nan,nan,nan,nan,nan,nan
2781,54.2105263158,0.6532689393,nan,0.0000575980,42.3959225031,nan,nan,nan,nan,nan,nan,nan
2782,54.2105263158,0.6903026253,nan,0.0000373445,44.2777299852,nan,nan,nan,nan,nan,nan,nan
2783,54.2105263158,0.3335068203,nan,0.0008945225,30.4840872424,nan,nan,nan,nan,nan,nan,nan
2784,54.2105263158,1.3169757215,nan,0.0000000006,91.9748613996,nan,nan,nan,nan,nan,nan,nan
2785,54.2105263158,0.2305952791,nan,0.0014790140,28.3002770192,nan,nan,nan,nan,nan,nan,nan
2786,54.2105263158,0.3097045116,nan,0.0010214774,29.9077122680,nan,nan,nan,nan,nan,nan,nan
2787,54.2105263158,0.7148015335,nan,0.0000276696,45.5799764452,nan,nan,nan,nan,nan,nan,nan
2788,54.2105263158,0.5046281450,nan,0.0002574747,35.8926540021,nan,nan,nan,nan,nan,nan,nan
2789,54.2105263158,0.3697403987,nan,0.0007171477,31.4439136415,nan,nan,nan,nan,nan,nan,nan
2790,54.2105263158,0.2621184566,nan,0.0012929912,28.8840443964,nan,nan,nan,nan,nan,nan,nan
2791,54.2105263158,0.6534982410,nan,0.0000574480,42.4072529660,nan,nan,nan,nan,nan,nan,nan
2792,54.2105263158,0.8284285115,nan,0.0000060014,52.2174851381,nan,nan,nan,nan,nan,nan,nan
2793,54.2105263158,0.3442419056,nan,0.0008398302,30.7580850082,nan,nan,nan,nan,nan,nan,nan
2794,54.2105263158,1.0013729757,nan,0.0000003794,64.2087306151,nan,nan,nan,nan,nan,nan,nan
2795,54.2105263158,0.3595999919,nan,0.0007646689,31.1652654904,nan,nan,nan,nan,nan,nan,nan
2796,54.2105263158,0.6879629295,nan,0.0000384083,44.1557529386,nan,nan,nan,nan,nan,nan,nan
2797,54.2105263158,0.8541495442,nan,0.0000041148,53.8565164816,nan,nan,nan,nan,nan,nan,nan
2798,54.2105263158,1.3439465030,nan,0.0000000003,94.7006028434,nan,nan,nan,nan,nan,nan,nan
2799,54.2105263158,0.4151313344,nan,0.0005264056,32.7867947032,nan,nan,nan,nan,nan,nan,nan
2800,54.2105263158,0.6922357369,nan,0.0000364853,44.3788246624,nan,nan,nan,nan,nan,nan,nan
2801,54.2105263158,1.4776401070,nan,0.0000000000,109.0331026703,nan,nan,nan,nan,nan,nan,nan
2802,54.2105263158,0.2708506262,nan,0.0012419243,29.0590489233,nan,nan,nan,nan,nan,nan,nan
2803,54.2105263158,0.2451940587,nan,0.0013927452,28.5612831979,nan,nan,nan,nan,nan,nan,nan
2804,54.2105263158,0.4721199544,nan,0.0003392996,34.6941663423,nan,nan,nan,nan,nan,nan,nan
2805,54.2105263158,0.3552949211,nan,0.0007853579,31.0493239583,nan,nan,nan,nan,nan,nan,nan
2806,54.2105263158,1.3442583364,nan,0.0000000003,94.7324427134,nan,nan,nan,nan,nan,nan,nan
2807,54.2105263158,1.2711692686,nan,0.0000000018,87.4729228548,nan,nan,nan,nan,nan,nan,nan
2808,54.2105263158,0.2748312493,nan,0.0012187817,29.1407408505,nan,nan,nan,nan,nan,nan,nan
2809,54.2105263158,1.1229526541,nan,0.0000000398,74.0044296491,nan,nan,nan,nan,nan,nan,nan
2810,54.2105263158,0.5987385917,nan,0.0001043515,39.8150121008,nan,nan,nan,nan,nan,nan,nan
2811,54.2105263158,1.1972986176,nan,0.0000000088,80.5505280713,nan,nan,nan,nan,nan,nan,nan
2812,54.2105263158,0.9463938910,nan,0.0000009662,60.1494148075,nan,nan,nan,nan,nan,nan,nan
2813,54.2105263158,1.7596668977,nan,0.0000000000,143.7519297622,nan,nan,nan,nan,nan,nan,nan
2814,54.2105263158,1.2069763943,nan,0.0000000072,81.4337000439,nan,nan,nan,nan,nan,nan,nan
2815,54.2105263158,0.4851569213,nan,0.0003044274,35.1651627937,nan,nan,nan,nan,nan,nan,nan
2816,54.2105263158,0.8793836193,nan,0.0000028096,55.5135205832,nan,nan,nan,nan,nan,nan,nan
2817,54.2105263158,1.2997583736,nan,0.0000000009,90.2639022812,nan,nan,nan,nan,nan,nan,nan
2818,54.2105263158,1.1732369303,nan,0.0000000145,78.3857168141,nan,nan,nan,nan,nan,nan,nan
2819,54.2105263158,1.5776196285,nan,0.0000000000,120.6446751937,nan,nan,nan,nan,nan,nan,nan
2820,54.2105263158,0.3058022212,nan,0.0010429625,29.8173128851,nan,nan,nan,nan,nan,nan,nan
2821,54.2105263158,0.8911936174,nan,0.0000023412,56.3057038353,nan,nan,nan,nan,nan,nan,nan
2822,54.2105263158,0.3900255975,nan,0.0006273745,32.0247315955,nan,nan,nan,nan,nan,nan,nan
2823,54.2105263158,0.7474621373,nan,0.0000182510,47.3871314163,nan,nan,nan,nan,nan,nan,nan
2824,54.2105263158,0.4305395844,nan,0.0004700908,33.2781822773,nan,nan,nan,nan,nan,nan,nan
2825,54.2105263158,0.5613904941,nan,0.0001521307,38.1778310617,nan,nan,nan,nan,nan,nan,nan
2826,54.2105263158,0.7450099824,nan,0.0000188424,47.2486299022,nan,nan,nan,nan,nan,nan,nan
2827,54.2105263158,1.3962789202,nan,0.0000000001,100.1480785647,nan,nan,nan,nan,nan,nan,nan
2828,54.2105263158,0.9915125758,nan,0.0000004504,63.4637300226,nan,nan,nan,nan,nan,nan,nan
2829,54.2105263158,0.1020526613,nan,0.0021395239,26.6968285690,nan,nan,nan,nan,nan,nan,nan
2830,54.2105263158,0.7861077549,nan,0.0000108883,49.6303816041,nan,nan,nan,nan,nan,nan,nan
2831,54.2105263158,1.1570230584,nan,0.0000000202,76.9519042085,nan,nan,nan,nan,nan,nan,nan
2832,54.2105263158,1.3705834487,nan,0.0000000002,97.4471797598,nan,nan,nan,nan,nan,nan,nan
2833,54.2105263158,1.0290743700,nan,0.0000002322,66.3413998121,nan,nan,nan,nan,nan,nan,nan
2834,54.2105263158,0.4420356316,nan,0.0004308695,33.6565422723,nan,nan,nan,nan,nan,nan,nan
2835,54.2105263158,0.6048248137,nan,0.0000979071,40.0918574792,nan,nan,nan,nan,nan,nan,nan
2836,54.2105263158,0.3056542373,nan,0.0010437807,29.8139074285,nan,nan,nan,nan,nan,nan,nan
2837,54.2105263158,0.3634272886,nan,0.0007465313,31.2695197554,nan,nan,nan,nan,nan,nan,nan
2838,54.2105263158,0.7161449038,nan,0.0000272101,45.6527051803,nan,nan,nan,nan,nan,nan,nan
2839,54.2105263158,0.6697291363,nan,0.0000476493,43.2194342992,nan,nan,nan,nan,nan,nan,nan
2840,54.2105263158,1.0437390149,nan,0.0000001781,67.4941029886,nan,nan,nan,nan,nan,nan,nan
2841,54.2105263158,0.1916989591,nan,0.0017047063,27.6835043214,nan,nan,nan,nan,nan,nan,nan
2842,54.2105263158,1.2885693465,nan,0.0000000012,89.1641472907,nan,nan,nan,nan,nan,nan,nan
2843,54.2105263158,1.2585622310,nan,0.0000000024,86.2620177379,nan,nan,nan,nan,nan,nan,nan
2844,54.2105263158,0.5106818054,nan,0.0002440786,36.1247025051,nan,nan,nan,nan,nan,nan,nan
2845,54.2105263158,0.3904737300,nan,0.0006254729,32.0379151387,nan,nan,nan,nan,nan,nan,nan
2846,54.2105263158,1.0759256535,nan,0.0000000981,70.0816535305,nan,nan,nan,nan,nan,nan,nan
2847,54.2105263158,0.5517264961,nan,0.0001670523,37.7714741813,nan,nan,nan,nan,nan,nan,nan
2848,54.2105263158,0.7028154701,nan,0.0000320838,44.9371448562,nan,nan,nan,nan,nan,nan,nan
2849,54.2105263158,0.7789907133,nan,0.0000119985,49.2087145891,nan,nan,nan,nan,nan,nan,nan
2850,54.2105263158,0.6434130709,nan,0.0000643769,41.9126970847,nan,nan,nan,nan,nan,nan,nan
2851,54.2105263158,0.4317517036,nan,0.0004658432,33.3176026846,nan,nan,nan,nan,nan,nan,nan
2852,54.2105263158,0.6766844144,nan,0.0000439177,43.5736075692,nan,nan,nan,nan,nan,nan,nan
2853,54.2105263158,1.1845816891,nan,0.0000000115,79.4008864359,nan,nan,nan,nan,nan,nan,nan
2854,54.2105263158,0.5328128338,nan,0.0001996767,36.9967253794,nan,nan,nan,nan,nan,nan,nan
2855,54.2105263158,0.2035860530,nan,0.0016368668,27.8598666957,nan,nan,nan,nan,nan,nan,nan
2856,54.2105263158,0.7201164421,nan,0.0000258909,45.8685239160,nan,nan,nan,nan,nan,nan,nan
2857,54.2105263158,1.2373490589,nan,0.0000000038,84.2519016296,nan,nan,nan,nan,nan,nan,nan
2858,54.2105263158,0.7889674798,nan,0.0000104691,49.8008999616,nan,nan,nan,nan,nan,nan,nan
2859,54.2105263158,0.2937158185,nan,0.0011105445,29.5446402090,nan,nan,nan,nan,nan,nan,nan
2860,54.2105263158,1.0614434165,nan,0.0000001286,68.9076117215,nan,nan,nan,nan,nan,nan,nan
2861,54.2105263158,1.1728709889,nan,0.0000000146,78.3531347087,nan,nan,nan,nan,nan,nan,nan
2862,54.2105263158,1.4098304472,nan,0.0000000001,101.5928359571,nan,nan,nan,nan,nan,nan,nan
2863,54.2105263158,0.6123895423,nan,0.0000903674,40.4398831955,nan,nan,nan,nan,nan,nan,nan
2864,54.2105263158,0.5495597936,nan,0.0001705555,37.6813418383,nan,nan,nan,nan,nan,nan,nan
2865,54.2105263158,1.3633909485,nan,0.0000000002,96.7002044796,nan,nan,nan,nan,nan,nan,nan
2866,54.2105263158,0.7365456956,nan,0.0000210181,46.7740722750,nan,nan,nan,nan,nan,nan,nan
2867,54.2105263158,0.4524847614,nan,0.0003972693,34.0091494104,nan,nan,nan,nan,nan,nan,nan
2868,54.2105263158,0.8886887165,nan,0.0000024340,56.1367932354,nan,nan,nan,nan,nan,nan,nan
2869,54.2105263158,0.4754356841,nan,0.0003301618,34.8127322288,nan,nan,nan,nan,nan,nan,nan
2870,54.2105263158,0.7620579080,nan,0.0000150626,48.2209987354,nan,nan,nan,nan,nan,nan,nan
2871,54.2105263158,0.7334432584,nan,0.0000218701,46.6014978020,nan,nan,nan,nan,nan,nan,nan
2872,54.2105263158,0.5433456587,nan,0.0001809331,37.4248202992,nan,nan,nan,nan,nan,nan,nan
2873,54.2105263158,0.6782014444,nan,0.0000431385,43.6513461473,nan,nan,nan,nan,nan,nan,nan
2874,54.2105263158,0.5856748312,nan,0.0001193908,39.2302908747,nan,nan,nan,nan,nan,nan,nan
2875,54.2105263158,0.6888011497,nan,0.0000380242,44.1994045720,nan,nan,nan,nan,nan,nan,nan
2876,54.2105263158,0.5847615150,nan,0.0001205064,39.1898971182,nan,nan,nan,nan,nan,nan,nan
2877,54.2105263158,1.4121882877,nan,0.0000000001,101.8456444463,nan,nan,nan,nan,nan,nan,nan
2878,54.2105263158,0.7771257189,nan,0.0000123059,49.0988563670,nan,nan,nan,nan,nan,nan,nan
2879,54.2105263158,0.9732975084,nan,0.0000006156,62.1070017248,nan,nan,nan,nan,nan,nan,nan
2880,54.2105263158,0.2334743402,nan,0.0014620173,28.3504749617,nan,nan,nan,nan,nan,nan,nan
2881,54.2105263158,0.3345301052,nan,0.0008892362,30.5098285648,nan,nan,nan,nan,nan,nan,nan
2882,54.2105263158,0.8432211409,nan,0.0000048373,53.1539611144,nan,nan,nan,nan,nan,nan,nan
2883,54.2105263158,0.3177459093,nan,0.0009777696,30.0976345369,nan,nan,nan,nan,nan,nan,nan
2884,54.2105263158,0.6982246614,nan,0.0000339326,44.6938293609,nan,nan,nan,nan,nan,nan,nan
2885,54.2105263158,0.3798771525,nan,0.0006713895,31.7302543347,nan,nan,nan,nan,nan,nan,nan
2886,54.2105263158,1.0891570007,nan,0.0000000764,71.1682834469,nan,nan,nan,nan,nan,nan,nan
2887,54.2105263158,0.2777530874,nan,0.0012018583,29.2014671932,nan,nan,nan,nan,nan,nan,nan
2888,54.2105263158,0.7960752963,nan,0.0000094898,50.2274203338,nan,nan,nan,nan,nan,nan,nan
2889,54.2105263158,0.4801061735,nan,0.0003176027,34.9811588194,nan,nan,nan,nan,nan,nan,nan
2890,54.2105263158,0.4935732639,nan,0.0002833947,35.4760834532,nan,nan,nan,nan,nan,nan,nan
2891,54.2105263158,0.7057615405,nan,0.0000309447,45.0941334723,nan,nan,nan,nan,nan,nan,nan
2892,54.2105263158,0.2592161380,nan,0.0013100397,28.8271555471,nan,nan,nan,nan,nan,nan,nan
2893,54.2105263158,0.3507625640,nan,0.0008074619,30.9287795180,nan,nan,nan,nan,nan,nan,nan
2894,54.2105263158,1.6899579610,nan,0.0000000000,134.6040787028,nan,nan,nan,nan,nan,nan,nan
2895,54.2105263158,0.2156785474,nan,0.0015666682,28.0502297627,nan,nan,nan,nan,nan,nan,nan
2896,54.2105263158,0.4645716751,nan,0.0003607976,34.4273641115,nan,nan,nan,nan,nan,nan,nan
2897,54.2105263158,0.8317056282,nan,0.0000057233,52.4235113284,nan,nan,nan,nan,nan,nan,nan
2898,54.2105263158,0.7674354730,nan,0.0000140207,48.5323134888,nan,nan,nan,nan,nan,nan,nan
2899,54.2105263158,1.3085218574,nan,0.0000000008,91.1319349845,nan,nan,nan,nan,nan,nan,nan
2900,54.2105263158,1.2850034998,nan,0.0000000013,88.8156751405,nan,nan,nan,nan,nan,nan,nan
2901,54.2105263158,1.1226094397,nan,0.0000000400,73.9751886632,nan,nan,nan,nan,nan,nan,nan
2902,54.2105263158,1.1749634088,nan,0.0000000140,78.5395741603,nan,nan,nan,nan,nan,nan,nan
2903,54.2105263158,0.4278195410,nan,0.0004797194,33.1901272186,nan,nan,nan,nan,nan,nan,nan
2904,54.2105263158,0.4525711537,nan,0.0003969996,34.0120992791,nan,nan,nan,nan,nan,nan,nan
2905,54.2105263158,0.6884716233,nan,0.0000381748,44.1822375855,nan,nan,nan,nan,nan,nan,nan
2906,54.2105263158,0.7012947414,nan,0.0000326861,44.8563676500,nan,nan,nan,nan,nan,nan,nan
2907,54.2105263158,0.3567909224,nan,0.0007781344,31.0894540568,nan,nan,nan,nan,nan,nan,nan
2908,54.2105263158,1.4612050162,nan,0.0000000000,107.1975135280,nan,nan,nan,nan,nan,nan,nan
2909,54.2105263158,0.8823314797,nan,0.0000026852,55.7102593703,nan,nan,nan,nan,nan,nan,nan
2910,54.2105263158,1.1206315327,nan,0.0000000416,73.8068513131,nan,nan,nan,nan,nan,nan,nan
2911,54.2105263158,0.7352688602,nan,0.0000213651,46.7029589731,nan,nan,nan,nan,nan,nan,nan
2912,54.2105263158,0.7112536471,nan,0.0000289164,45.3885580226,nan,nan,nan,nan,nan,nan,nan
2913,54.2105263158,0.3321390877,nan,0.0009016116,30.4498050501,nan,nan,nan,nan,nan,nan,nan
2914,54.2105263158,1.0558680353,nan,0.0000001426,68.4598960696,nan,nan,nan,nan,nan,nan,nan
2915,54.2105263158,0.8290531656,nan,0.0000059474,52.2566928376,nan,nan,nan,nan,nan,nan,nan
2916,54.2105263158,0.9524297644,nan,0.0000008742,60.5837991567,nan,nan,nan,nan,nan,nan,nan
2917,54.2105263158,0.3066013444,nan,0.0010385487,29.8357312415,nan,nan,nan,nan,nan,nan,nan
2918,54.2105263158,0.1166365958,nan,0.0020815662,26.8160977315,nan,nan,nan,nan,nan,nan,nan
2919,54.2105263158,0.4666147527,nan,0.0003548827,34.4991518771,nan,nan,nan,nan,nan,nan,nan
2920,54.2105263158,0.6210983239,nan,0.0000823013,40.8459327145,nan,nan,nan,nan,nan,nan,nan
2921,54.2105263158,0.9256877218,nan,0.0000013551,58.6803675326,nan,nan,nan,nan,nan,nan,nan
2922,54.2105263158,0.5832604388,nan,0.0001223589,39.1236459646,nan,nan,nan,nan,nan,nan,nan
2923,54.2105263158,1.2087868935,nan,0.0000000069,81.5997164845,nan,nan,nan,nan,nan,nan,nan
2924,54.2105263158,0.9845480312,nan,0.0000005079,62.9419951501,nan,nan,nan,nan,nan,nan,nan
2925,54.2105263158,1.1149651344,nan,0.0000000465,73.3262443811,nan,nan,nan,nan,nan,nan,nan
2926,54.2105263158,1.6989916533,nan,0.0000000000,135.7685831570,nan,nan,nan,nan,nan,nan,nan
2927,54.2105263158,1.1211138066,nan,0.0000000412,73.8478695450,nan,nan,nan,nan,nan,nan,nan
2928,54.2105263158,0.3487719633,nan,0.0008172729,30.8763288180,nan,nan,nan,nan,nan,nan,nan
2929,54.2105263158,1.3485928254,nan,0.0000000003,95.1757871953,nan,nan,nan,nan,nan,nan,nan
2930,54.2105263158,1.0642752561,nan,0.0000001220,69.1359233696,nan,nan,nan,nan,nan,nan,nan
2931,54.2105263158,0.8055578085,nan,0.0000083130,50.8024325987,nan,nan,nan,nan,nan,nan,nan
2932,54.2105263158,0.4740447806,nan,0.0003339724,34.7628937923,nan,nan,nan,nan,nan,nan,nan
2933,54.2105263158,0.3682025546,nan,0.0007242435,31.4011536963,nan,nan,nan,nan,nan,nan,nan
2934,54.2105263158,0.7448884731,nan,0.0000188722,47.2417787751,nan,nan,nan,nan,nan,nan,nan
2935,54.2105263158,0.3066928244,nan,0.0010380439,29.8378427758,nan,nan,nan,nan,nan,nan,nan
2936,54.2105263158,0.8070494977,nan,0.0000081405,50.8935111296,nan,nan,nan,nan,nan,nan,nan
2937,54.2105263158,1.5677324304,nan,0.0000000000,119.4623084841,nan,nan,nan,nan,nan,nan,nan
2938,54.2105263158,1.0326750684,nan,0.0000002176,66.6229098728,nan,nan,nan,nan,nan,nan,nan
2939,54.2105263158,0.2843437145,nan,0.0011639071,29.3408169852,nan,nan,nan,nan,nan,nan,nan
2940,54.2105263158,0.5090980898,nan,0.0002475297,36.0637267006,nan,nan,nan,nan,nan,nan,nan
2941,54.2105263158,0.6710259008,nan,0.0000469333,43.2851882681,nan,nan,nan,nan,nan,nan,nan
2942,54.2105263158,1.3811718782,nan,0.0000000001,98.5540347831,nan,nan,nan,nan,nan,nan,nan
2943,54.2105263158,0.8563383849,nan,0.0000039826,53.9983249056,nan,nan,nan,nan,nan,nan,nan
2944,54.2105263158,0.8643068421,nan,0.0000035337,54.5176620892,nan,nan,nan,nan,nan,nan,nan
2945,54.2105263158,0.3241853517,nan,0.0009433538,30.2532537421,nan,nan,nan,nan,nan,nan,nan
2946,54.2105263158,0.3409105922,nan,0.0008566189,30.6721233610,nan,nan,nan,nan,nan,nan,nan
2947,54.2105263158,0.7652304061,nan,0.0000144398,48.4043926612,nan,nan,nan,nan,nan,nan,nan
2948,54.2105263158,1.4093192785,nan,0.0000000001,101.5380843442,nan,nan,nan,nan,nan,nan,nan
2949,54.2105263158,1.4189407637,nan,0.0000000001,102.5719991160,nan,nan,nan,nan,nan,nan,nan
2950,54.2105263158,1.3825976402,nan,0.0000000001,98.7037307091,nan,nan,nan,nan,nan,nan,nan
2951,54.2105263158,0.2436441778,nan,0.0014019067,28.5328087348,nan,nan,nan,nan,nan,nan,nan
2952,54.2105263158,0.9230530784,nan,0.0000014139,58.4957915253,nan,nan,nan,nan,nan,nan,nan
2953,54.2105263158,0.1421878863,nan,0.0019662244,27.0636692928,nan,nan,nan,nan,nan,nan,nan
2954,54.2105263158,0.4458862615,nan,0.0004182618,33.7855177862,nan,nan,nan,nan,nan,nan,nan
2955,54.2105263158,0.3182657512,nan,0.0009749715,30.1100807650,nan,nan,nan,nan,nan,nan,nan
2956,54.2105263158,0.5161904163,nan,0.0002323658,36.3382778375,nan,nan,nan,nan,nan,nan,nan
2957,54.2105263158,0.3089840722,nan,0.0010254309,29.8909359568,nan,nan,nan,nan,nan,nan,nan
2958,54.2105263158,0.1697731533,nan,0.0018254949,27.3861936543,nan,nan,nan,nan,nan,nan,nan
2959,54.2105263158,0.5548023050,nan,0.0001621796,37.9000371887,nan,nan,nan,nan,nan,nan,nan
2960,54.2105263158,0.8395395961,nan,0.0000051058,52.9193350403,nan,nan,nan,nan,nan,nan,nan
2961,54.2105263158,0.6801735448,nan,0.0000421438,43.7526661846,nan,nan,nan,nan,nan,nan,nan
2962,54.2105263158,0.6844706141,nan,0.0000400455,43.9744607111,nan,nan,nan,nan,nan,nan,nan
2963,54.2105263158,0.6021787802,nan,0.0001006665,39.9711505773,nan,nan,nan,nan,nan,nan,nan
2964,54.2105263158,1.0364601195,nan,0.0000002032,66.9198996770,nan,nan,nan,nan,nan,nan,nan
2965,54.2105263158,1.3445869351,nan,0.0000000003,94.7660024634,nan,nan,nan,nan,nan,nan,nan
2966,54.2105263158,0.9906102123,nan,0.0000004575,63.3959226049,nan,nan,nan,nan,nan,nan,nan
2967,54.2105263158,0.6558234306,nan,0.0000559452,42.5223733504,nan,nan,nan,nan,nan,nan,nan
2968,54.2105263158,0.3738126336,nan,0.0006985526,31.5580088067,nan,nan,nan,nan,nan,nan,nan
2969,54.2105263158,1.2068319717,nan,0.0000000072,81.4204677812,nan,nan,nan,nan,nan,nan,nan
2970,54.2105263158,0.9394749310,nan,0.0000010827,59.6548954865,nan,nan,nan,nan,nan,nan,nan
2971,54.2105263158,0.3191598392,nan,0.0009701670,30.1315352024,nan,nan,nan,nan,nan,nan,nan
2972,54.2105263158,0.2149326101,nan,0.0015710256,28.0381672487,nan,nan,nan,nan,nan,nan,nan
2973,54.2105263158,1.4531449903,nan,0.0000000000,106.3048613938,nan,nan,nan,nan,nan,nan,nan
2974,54.2105263158,0.6425977964,nan,0.0000649672,41.8730558141,nan,nan,nan,nan,nan,nan,nan
2975,54.2105263158,0.0365837812,nan,0.0023129765,26.3582877893,nan,nan,nan,nan,nan,nan,nan
2976,54.2105263158,0.7523554816,nan,0.0000171203,47.6648838328,nan,nan,nan,nan,nan,nan,nan
2977,54.2105263158,0.7478954050,nan,0.0000181483,47.4116506501,nan,nan,nan,nan,nan,nan,nan
2978,54.2105263158,0.3495113490,nan,0.0008136215,30.8957759623,nan,nan,nan,nan,nan,nan,nan
2979,54.2105263158,0.8204186141,nan,0.0000067339,51.7173627424,nan,nan,nan,nan,nan,nan,nan
2980,54.2105263158,0.6805737659,nan,0.0000419444,43.7732643637,nan,nan,nan,nan,nan,nan,nan
2981,54.2105263158,0.5270976524,nan,0.0002104764,36.7679669251,nan,nan,nan,nan,nan,nan,nan
2982,54.2105263158,0.1417910466,nan,0.0019681364,27.0594481558,nan,nan,nan,nan,nan,nan,nan
2983,54.2105263158,1.1077975786,nan,0.0000000534,72.7218253220,nan,nan,nan,nan,nan,nan,nan
2984,54.2105263158,0.9762908927,nan,0.0000005850,62.3282225080,nan,nan,nan,nan,nan,nan,nan
2985,54.2105263158,0.8954741141,nan,0.0000021901,56.5954537193,nan,nan,nan,nan,nan,nan,nan
2986,54.2105263158,0.5807827659,nan,0.0001254681,39.0146667700,nan,nan,nan,nan,nan,nan,nan
2987,54.2105263158,0.6901621933,nan,0.0000374076,44.2703969865,nan,nan,nan,nan,nan,nan,nan
2988,54.2105263158,0.5574422341,nan,0.0001580900,38.0109547626,nan,nan,nan,nan,nan,nan,nan
2989,54.2105263158,1.7673671002,nan,0.0000000000,144.7852386972,nan,nan,nan,nan,nan,nan,nan
2990,54.2105263158,1.5363161637,nan,0.0000000000,115.7550130289,nan,nan,nan,nan,nan,nan,nan
2991,54.2105263158,0.3780745268,nan,0.0006793969,31.6787645324,nan,nan,nan,nan,nan,nan,nan
2992,54.2105263158,0.4059826439,nan,0.0005618810,32.5035561833,nan,nan,nan,nan,nan,nan,nan
2993,54.2105263158,0.7909116755,nan,0.0000101925,49.9171833361,nan,nan,nan,nan,nan,nan,nan
2994,54.2105263158,0.4652465047,nan,0.0003588359,34.4510405897,nan,nan,nan,nan,nan,nan,nan
2995,54.2105263158,0.3443186427,nan,0.0008394455,30.7600750528,nan,nan,nan,nan,nan,nan,nan
2996,54.2105263158,0.4508370721,nan,0.0004024392,33.9529974567,nan,nan,nan,nan,nan,nan,nan
2997,54.2105263158,0.8759635579,nan,0.0000029607,55.2860974813,nan,nan,nan,nan,nan,nan,nan
2998,54.2105263158,0.4716357800,nan,0.0003406495,34.6769228016,nan,nan,nan,nan,nan,nan,nan
2999,54.2105263158,1.1987529257,nan,0.0000000085,80.6827881779,nan,nan,nan,nan,nan,nan,nan
3000,54.2105263158,1.2956835796,nan,0.0000000010,89.8622883924,nan,nan,nan,nan,nan,nan,nan
3001,54.2105263158,1.0285662546,nan,0.0000002343,66.3017539566,nan,nan,nan,nan,nan,nan,nan
3002,54.2105263158,1.3124671389,nan,0.0000000007,91.5246353741,nan,nan,nan,nan,nan,nan,nan
3003,54.2105263158,1.4422229755,nan,0.0000000000,105.1031698197,nan,nan,nan,nan,nan,nan,nan
3004,54.2105263158,0.1935375051,nan,0.0016943050,27.7100841384,nan,nan,nan,nan,nan,nan,nan
3005,54.2105263158,0.0788108690,nan,0.0022182915,26.5398138956,nan,nan,nan,nan,nan,nan,nan
3006,54.2105263158,0.2861618910,nan,0.0011534961,29.3798385231,nan,nan,nan,nan,nan,nan,nan
3007,54.2105263158,0.2777553341,nan,0.0012018453,29.2015141376,nan,nan,nan,nan,nan,nan,nan
3008,54.2105263158,0.3263675634,nan,0.0009318150,30.3067030189,nan,nan,nan,nan,nan,nan,nan
3009,54.2105263158,0.8489291479,nan,0.0000044465,53.5197767474,nan,nan,nan,nan,nan,nan,nan
3010,54.2105263158,0.6848325175,nan,0.0000398731,43.9932046379,nan,nan,nan,nan,nan,nan,nan
3011,54.2105263158,0.5545740637,nan,0.0001625372,37.8904724278,nan,nan,nan,nan,nan,nan,nan
3012,54.2105263158,0.3696504319,nan,0.0007175618,31.4414071663,nan,nan,nan,nan,nan,nan,nan
3013,54.2105263158,0.4913891634,nan,0.0002887433,35.3948803663,nan,nan,nan,nan,nan,nan,nan
3014,54.2105263158,0.0903975420,nan,0.0021812153,26.6130146278,nan,nan,nan,nan,nan,nan,nan
3015,54.2105263158,0.3972317216,nan,0.0005972313,32.2385745167,nan,nan,nan,nan,nan,nan,nan
3016,54.2105263158,0.2015643732,nan,0.0016484968,27.8291188563,nan,nan,nan,nan,nan,nan,nan
3017,54.2105263158,0.7839048071,nan,0.0000112216,49.4994500741,nan,nan,nan,nan,nan,nan,nan
3018,54.2105263158,0.5916256278,nan,0.0001123302,39.4950332560,nan,nan,nan,nan,nan,nan,nan
3019,54.2105263158,0.5695501504,nan,0.0001403957,38.5264608221,nan,nan,nan,nan,nan,nan,nan
3020,54.2105263158,1.3637400089,nan,0.0000000002,96.7363647544,nan,nan,nan,nan,nan,nan,nan
3021,54.2105263158,0.3006031245,nan,0.0010718490,29.6986639467,nan,nan,nan,nan,nan,nan,nan
3022,54.2105263158,0.7031290376,nan,0.0000319608,44.9538226508,nan,nan,nan,nan,nan,nan,nan
3023,54.2105263158,1.4923427535,nan,0.0000000000,110.6927069094,nan,nan,nan,nan,nan,nan,nan
3024,54.2105263158,0.2872224764,nan,0.0011474357,29.4027162832,nan,nan,nan,nan,nan,nan,nan
3025,54.2105263158,0.6330573349,nan,0.0000722283,41.4129264107,nan,nan,nan,nan,nan,nan,nan
3026,54.2105263158,0.2013378196,nan,0.0016497979,27.8256924293,nan,nan,nan,nan,nan,nan,nan
3027,54.2105263158,0.5338056207,nan,0.0001978465,37.0367161764,nan,nan,nan,nan,nan,nan,nan
3028,54.2105263158,0.4143382344,nan,0.0005294209,32.7619893419,nan,nan,nan,nan,nan,nan,nan
3029,54.2105263158,0.6904903844,nan,0.0000372603,44.2875366273,nan,nan,nan,nan,nan,nan,nan
3030,54.2105263158,0.6888607805,nan,0.0000379970,44.2025119766,nan,nan,nan,nan,nan,nan,nan
3031,54.2105263158,0.8737600142,nan,0.0000030619,55.1400412406,nan,nan,nan,nan,nan,nan,nan
3032,54.2105263158,0.7866612584,nan,0.0000108060,49.6633370283,nan,nan,nan,nan,nan,nan,nan
3033,54.2105263158,0.6171940024,nan,0.0000858385,40.6631791179,nan,nan,nan,nan,nan,nan,nan
3034,54.2105263158,0.6029542687,nan,0.0000998511,40.0064716883,nan,nan,nan,nan,nan,nan,nan
3035,54.2105263158,0.6235108475,nan,0.0000801782,40.9594378330,nan,nan,nan,nan,nan,nan,nan
3036,54.2105263158,0.1676890342,nan,0.0018366137,27.3598217867,nan,nan,nan,nan,nan,nan,nan
3037,54.2105263158,0.2457944437,nan,0.0013891968,28.5723623110,nan,nan,nan,nan,nan,nan,nan
3038,54.2105263158,1.8843712283,nan,0.0000000000,161.0449689063,nan,nan,nan,nan,nan,nan,nan
3039,54.2105263158,0.6220742633,nan,0.0000814367,40.8917956708,nan,nan,nan,nan,nan,nan,nan
3040,54.2105263158,0.1665542728,nan,0.0018426376,27.3456006378,nan,nan,nan,nan,nan,nan,nan
3041,54.2105263158,1.2185076303,nan,0.0000000056,82.4953552558,nan,nan,nan,nan,nan,nan,nan
3042,54.2105263158,1.5791856810,nan,0.0000000000,120.8326387344,nan,nan,nan,nan,nan,nan,nan
3043,54.2105263158,0.8718513772,nan,0.0000031522,55.0138312993,nan,nan,nan,nan,nan,nan,nan
3044,54.2105263158,0.5665461826,nan,0.0001446264,38.3975244508,nan,nan,nan,nan,nan,nan,nan
3045,54.2105263158,1.0301487606,nan,0.0000002278,66.4252943311,nan,nan,nan,nan,nan,nan,nan
3046,54.2105263158,1.4461188996,nan,0.0000000000,105.5307711246,nan,nan,nan,nan,nan,nan,nan
3047,54.2105263158,0.6271710158,nan,0.0000770462,41.1324879591,nan,nan,nan,nan,nan,nan,nan
3048,54.2105263158,0.8791864445,nan,0.0000028181,55.5003848673,nan,nan,nan,nan,nan,nan,nan
3049,54.2105263158,0.6061906304,nan,0.0000965079,40.1543717614,nan,nan,nan,nan,nan,nan,nan
3050,54.2105263158,1.3373651681,nan,0.0000000004,94.0303467578,nan,nan,nan,nan,nan,nan,nan
3051,54.2105263158,0.8719413124,nan,0.0000031479,55.0197720923,nan,nan,nan,nan,nan,nan,nan
3052,54.2105263158,0.6988378779,nan,0.0000336803,44.7262373400,nan,nan,nan,nan,nan,nan,nan
3053,54.2105263158,0.8525756720,nan,0.0000042123,53.7547757146,nan,nan,nan,nan,nan,nan,nan
3054,54.2105263158,0.7787081066,nan,0.0000120447,49.1920504965,nan,nan,nan,nan,nan,nan,nan
3055,54.2105263158,0.1706707683,nan,0.0018206846,27.3976528095,nan,nan,nan,nan,nan,nan,nan
3056,54.2105263158,0.7827596716,nan,0.0000113985,49.4315353419,nan,nan,nan,nan,nan,nan,nan
3057,54.2105263158,0.3696413630,nan,0.0007176035,31.4411545398,nan,nan,nan,nan,nan,nan,nan
3058,54.2105263158,1.0878762090,nan,0.0000000783,71.0625136893,nan,nan,nan,nan,nan,nan,nan
3059,54.2105263158,0.7319404543,nan,0.0000222938,46.5181671552,nan,nan,nan,nan,nan,nan,nan
3060,54.2105263158,0.7778722156,nan,0.0000121820,49.1427972408,nan,nan,nan,nan,nan,nan,nan
3061,54.2105263158,1.3735556989,nan,0.0000000002,97.7570168390,nan,nan,nan,nan,nan,nan,nan
3062,54.2105263158,1.0928598237,nan,0.0000000712,71.4747726191,nan,nan,nan,nan,nan,nan,nan
3063,54.2105263158,0.9234911820,nan,0.0000014040,58.5264471895,nan,nan,nan,nan,nan,nan,nan
3064,54.2105263158,0.4388247015,nan,0.0004415853,33.5498538965,nan,nan,nan,nan,nan,nan,nan
3065,54.2105263158,0.6327360221,nan,0.0000724845,41.3975502745,nan,nan,nan,nan,nan,nan,nan
3066,54.2105263158,0.6755517073,nan,0.0000445074,43.5156774282,nan,nan,nan,nan,nan,nan,nan
3067,54.2105263158,0.5820815199,nan,0.0001238302,39.0717335963,nan,nan,nan,nan,nan,nan,nan
3068,54.2105263158,0.7292441979,nan,0.0000230723,46.3690905253,nan,nan,nan,nan,nan,nan,nan
3069,54.2105263158,0.4559694559,nan,0.0003864930,34.1285839906,nan,nan,nan,nan,nan,nan,nan
3070,54.2105263158,0.5096089584,nan,0.0002464124,36.0833752090,nan,nan,nan,nan,nan,nan,nan
3071,54.2105263158,0.2583110235,nan,0.0013153627,28.8095446124,nan,nan,nan,nan,nan,nan,nan
3072,54.2105263158,0.6191316176,nan,0.0000840673,40.7537301258,nan,nan,nan,nan,nan,nan,nan
3073,54.2105263158,0.8255397337,nan,0.0000062567,52.0365517920,nan,nan,nan,nan,nan,nan,nan
3074,54.2105263158,0.6850741895,nan,0.0000397583,44.0057270156,nan,nan,nan,nan,nan,nan,nan
3075,54.2105263158,0.3937561989,nan,0.0006116534,32.1349460362,nan,nan,nan,nan,nan,nan,nan
3076,54.2105263158,0.9037034575,nan,0.0000019247,57.1564285108,nan,nan,nan,nan,nan,nan,nan
3077,54.2105263158,0.9587010749,nan,0.0000007874,61.0380707208,nan,nan,nan,nan,nan,nan,nan
3078,54.2105263158,1.1727434006,nan,0.0000000146,78.3417771206,nan,nan,nan,nan,nan,nan,nan
3079,54.2105263158,0.4353031868,nan,0.0004535503,33.4337456695,nan,nan,nan,nan,nan,nan,nan
3080,54.2105263158,0.7336841829,nan,0.0000218028,46.6148730902,nan,nan,nan,nan,nan,nan,nan
3081,54.2105263158,0.7052612686,nan,0.0000311356,45.0674286759,nan,nan,nan,nan,nan,nan,nan
3082,54.2105263158,0.3637850582,nan,0.0007448482,31.2793220394,nan,nan,nan,nan,nan,nan,nan
3083,54.2105263158,0.8958549887,nan,0.0000021771,56.6213030737,nan,nan,nan,nan,nan,nan,nan
3084,54.2105263158,0.3729212307,nan,0.0007025988,31.5329261312,nan,nan,nan,nan,nan,nan,nan
3085,54.2105263158,0.1206175650,nan,0.0020646973,26.8514360915,nan,nan,nan,nan,nan,nan,nan
3086,54.2105263158,0.5298799890,nan,0.0002051623,36.8790239256,nan,nan,nan,nan,nan,nan,nan
3087,54.2105263158,0.8006892531,nan,0.0000088995,50.5063513775,nan,nan,nan,nan,nan,nan,nan
3088,54.2105263158,0.8915001162,nan,0.0000023300,56.3264045218,nan,nan,nan,nan,nan,nan,nan
3089,54.2105263158,0.7368339561,nan,0.0000209404,46.7901441079,nan,nan,nan,nan,nan,nan,nan
3090,54.2105263158,1.1801625477,nan,0.0000000126,79.0042771018,nan,nan,nan,nan,nan,nan,nan
3091,54.2105263158,1.2942821116,nan,0.0000000011,89.7244522086,nan,nan,nan,nan,nan,nan,nan
3092,54.2105263158,0.9199919717,nan,0.0000014853,58.2820034544,nan,nan,nan,nan,nan,nan,nan
3093,54.2105263158,0.8294254465,nan,0.0000059155,52.2800739541,nan,nan,nan,nan,nan,nan,nan
3094,54.2105263158,0.3899265209,nan,0.0006277954,32.0218189340,nan,nan,nan,nan,nan,nan,nan
3095,54.2105263158,0.4364867379,nan,0.0004495041,33.4726636358,nan,nan,nan,nan,nan,nan,nan
3096,54.2105263158,0.6317285607,nan,0.0000732927,41.3493900387,nan,nan,nan,nan,nan,nan,nan
3097,54.2105263158,1.2535197299,nan,0.0000000026,85.7810858624,nan,nan,nan,nan,nan,nan,nan
3098,54.2105263158,0.8601187325,nan,0.0000037635,54.2441023108,nan,nan,nan,nan,nan,nan,nan
3099,54.2105263158,0.9962724913,nan,0.0000004147,63.8224383693,nan,nan,nan,nan,nan,nan,nan
3100,54.2105263158,0.7457108548,nan,0.0000186717,47.2881695217,nan,nan,nan,nan,nan,nan,nan
3101,54.2105263158,1.0898050433,nan,0.0000000755,71.2218475095,nan,nan,nan,nan,nan,nan,nan
3102,54.2105263158,0.4960462455,nan,0.0002774301,35.5684643368,nan,nan,nan,nan,nan,nan,nan
3103,54.2105263158,1.0770483580,nan,0.0000000961,70.1733372462,nan,nan,nan,nan,nan,nan,nan
3104,54.2105263158,1.2118468684,nan,0.0000000065,81.8808746892,nan,nan,nan,nan,nan,nan,nan
3105,54.2105263158,1.3387804873,nan,0.0000000004,94.1742062134,nan,nan,nan,nan,nan,nan,nan
3106,54.2105263158,0.5624471936,nan,0.0001505673,38.2226943252,nan,nan,nan,nan,nan,nan,nan
3107,54.2105263158,0.3362887564,nan,0.0008801863,30.5542538230,nan,nan,nan,nan,nan,nan,nan
3108,54.2105263158,0.6016017821,nan,0.0001012768,39.9448997699,nan,nan,nan,nan,nan,nan,nan
3109,54.2105263158,0.5880229343,nan,0.0001165619,39.3344329457,nan,nan,nan,nan,nan,nan,nan
3110,54.2105263158,0.5648342182,nan,0.0001470838,38.3243503851,nan,nan,nan,nan,nan,nan,nan
3111,54.2105263158,1.1329354429,nan,0.0000000327,74.8588730025,nan,nan,nan,nan,nan,nan,nan
3112,54.2105263158,0.9151065559,nan,0.0000016061,57.9422856386,nan,nan,nan,nan,nan,nan,nan
3113,54.2105263158,0.7864697413,nan,0.0000108344,49.6519315214,nan,nan,nan,nan,nan,nan,nan
3114,54.2105263158,0.3921695989,nan,0.0006183091,32.0879435504,nan,nan,nan,nan,nan,nan,nan
3115,54.2105263158,0.8566726395,nan,0.0000039628,54.0200124002,nan,nan,nan,nan,nan,nan,nan
3116,54.2105263158,0.2435742424,nan,0.0014023202,28.5315281633,nan,nan,nan,nan,nan,nan,nan
3117,54.2105263158,0.5871154791,nan,0.0001176485,39.2941361702,nan,nan,nan,nan,nan,nan,nan
3118,54.2105263158,0.7271814995,nan,0.0000236842,46.2554172014,nan,nan,nan,nan,nan,nan,nan
3119,54.2105263158,1.2088408333,nan,0.0000000069,81.6046664142,nan,nan,nan,nan,nan,nan,nan
3120,54.2105263158,0.8555926322,nan,0.0000040272,53.9499688077,nan,nan,nan,nan,nan,nan,nan
3121,54.2105263158,1.4909439875,nan,0.0000000000,110.5341054482,nan,nan,nan,nan,nan,nan,nan
3122,54.2105263158,0.9163482403,nan,0.0000015745,58.0284563079,nan,nan,nan,nan,nan,nan,nan
3123,54.2105263158,1.2083156364,nan,0.0000000070,81.5564797558,nan,nan,nan,nan,nan,nan,nan
3124,54.2105263158,0.5325429040,nan,0.0002001767,36.9858651926,nan,nan,nan,nan,nan,nan,nan
3125,54.2105263158,0.0467513210,nan,0.0022962622,26.3897851553,nan,nan,nan,nan,nan,nan,nan
3126,54.2105263158,0.7501407518,nan,0.0000176240,47.5389470576,nan,nan,nan,nan,nan,nan,nan
3127,54.2105263158,0.7437537197,nan,0.0000191520,47.1778516385,nan,nan,nan,nan,nan,nan,nan
3128,54.2105263158,0.7268241857,nan,0.0000237916,46.2357589058,nan,nan,nan,nan,nan,nan,nan
3129,54.2105263158,0.5592039271,nan,0.0001554080,38.0852676782,nan,nan,nan,nan,nan,nan,nan
3130,54.2105263158,0.6416396573,nan,0.0000656669,41.8265326459,nan,nan,nan,nan,nan,nan,nan
3131,54.2105263158,0.3411417978,nan,0.0008554483,30.6780622588,nan,nan,nan,nan,nan,nan,nan
3132,54.2105263158,0.9333351124,nan,0.0000011970,59.2191212971,nan,nan,nan,nan,nan,nan,nan
3133,54.2105263158,0.2124865788,nan,0.0015852919,27.9989076215,nan,nan,nan,nan,nan,nan,nan
3134,54.2105263158,0.3107417596,nan,0.0010157960,29.9319349028,nan,nan,nan,nan,nan,nan,nan
3135,54.2105263158,0.6252456590,nan,0.0000786805,41.0413314237,nan,nan,nan,nan,nan,nan,nan
3136,54.2105263158,0.3651130060,nan,0.0007386198,31.3157904299,nan,nan,nan,nan,nan,nan,nan
3137,54.2105263158,0.8753483456,nan,0.0000029886,55.2452824660,nan,nan,nan,nan,nan,nan,nan
3138,54.2105263158,0.8766702671,nan,0.0000029289,55.3330182841,nan,nan,nan,nan,nan,nan,nan
3139,54.2105263158,0.4711363254,nan,0.0003420461,34.6591537154,nan,nan,nan,nan,nan,nan,nan
3140,54.2105263158,0.2280316345,nan,0.0014941335,28.2561059964,nan,nan,nan,nan,nan,nan,nan
3141,54.2105263158,0.5862502067,nan,0.0001186924,39.2557709041,nan,nan,nan,nan,nan,nan,nan
3142,54.2105263158,0.1082417722,nan,0.0021156855,26.7454888866,nan,nan,nan,nan,nan,nan,nan
3143,54.2105263158,0.4818716007,nan,0.0003129497,35.0452548979,nan,nan,nan,nan,nan,nan,nan
3144,54.2105263158,0.7291958161,nan,0.0000230865,46.3664205398,nan,nan,nan,nan,nan,nan,nan
3145,54.2105263158,0.1136397781,nan,0.0020939762,26.7902826833,nan,nan,nan,nan,nan,nan,nan
3146,54.2105263158,0.4289138138,nan,0.0004758297,33.2254842370,nan,nan,nan,nan,nan,nan,nan
3147,54.2105263158,0.7392820891,nan,0.0000202913,46.9268937512,nan,nan,nan,nan,nan,nan,nan
3148,54.2105263158,0.7339731231,nan,0.0000217224,46.6309198645,nan,nan,nan,nan,nan,nan,nan
3149,54.2105263158,1.2379088558,nan,0.0000000037,84.3045051671,nan,nan,nan,nan,nan,nan,nan
3150,54.2105263158,1.2446510661,nan,0.0000000032,84.9399442615,nan,nan,nan,nan,nan,nan,nan
3151,54.2105263158,0.9366459533,nan,0.0000011340,59.4537513663,nan,nan,nan,nan,nan,nan,nan
3152,54.2105263158,0.7805976136,nan,0.0000117393,49.3035821747,nan,nan,nan,nan,nan,nan,nan
3153,54.2105263158,1.3630925202,nan,0.0000000002,96.6692967307,nan,nan,nan,nan,nan,nan,nan
3154,54.2105263158,0.8003947744,nan,0.0000089361,50.4885005732,nan,nan,nan,nan,nan,nan,nan
3155,54.2105263158,0.3476836558,nan,0.0008226631,30.8477797999,nan,nan,nan,nan,nan,nan,nan
3156,54.2105263158,0.9295336878,nan,0.0000012733,58.9507558886,nan,nan,nan,nan,nan,nan,nan
3157,54.2105263158,1.5353028349,nan,0.0000000000,115.6366915778,nan,nan,nan,nan,nan,nan,nan
3158,54.2105263158,0.2205336511,nan,0.0015382365,28.1297689958,nan,nan,nan,nan,nan,nan,nan
3159,54.2105263158,0.9441837624,nan,0.0000010021,59.9910532561,nan,nan,nan,nan,nan,nan,nan
3160,54.2105263158,0.3881081330,nan,0.0006355513,31.9684940271,nan,nan,nan,nan,nan,nan,nan
3161,54.2105263158,1.2211968787,nan,0.0000000053,82.7444090175,nan,nan,nan,nan,nan,nan,nan
3162,54.2105263158,0.7944644459,nan,0.0000097042,50.1304203547,nan,nan,nan,nan,nan,nan,nan
3163,54.2105263158,0.8509181958,nan,0.0000043173,53.6478345997,nan,nan,nan,nan,nan,nan,nan
3164,54.2105263158,0.6250823429,nan,0.0000788204,41.0336121556,nan,nan,nan,nan,nan,nan,nan
3165,54.2105263158,0.4614766544,nan,0.0003698948,34.3192179164,nan,nan,nan,nan,nan,nan,nan
3166,54.2105263158,0.1782173458,nan,0.0017797546,27.4963987813,nan,nan,nan,nan,nan,nan,nan
3167,54.2105263158,0.8973786126,nan,0.0000021258,56.7248196408,nan,nan,nan,nan,nan,nan,nan
3168,54.2105263158,0.3855110630,nan,0.0006467302,31.8927688677,nan,nan,nan,nan,nan,nan,nan
3169,54.2105263158,0.3002584041,nan,0.0010737744,29.6908694222,nan,nan,nan,nan,nan,nan,nan
3170,54.2105263158,1.3840021719,nan,0.0000000001,98.8513495307,nan,nan,nan,nan,nan,nan,nan
3171,54.2105263158,0.4389913616,nan,0.0004410246,33.5553721945,nan,nan,nan,nan,nan,nan,nan
3172,54.2105263158,0.4718960509,nan,0.0003399234,34.6861899602,nan,nan,nan,nan,nan,nan,nan
3173,54.2105263158,0.3538459072,nan,0.0007923889,31.0106160430,nan,nan,nan,nan,nan,nan,nan
3174,54.2105263158,1.2490325717,nan,0.0000000029,85.3547537364,nan,nan,nan,nan,nan,nan,nan
3175,54.2105263158,0.1582761847,nan,0.0018859072,27.2447967055,nan,nan,nan,nan,nan,nan,nan
3176,54.2105263158,0.6281330595,nan,0.0000762405,41.1781418396,nan,nan,nan,nan,nan,nan,nan
3177,54.2105263158,1.0002532296,nan,0.0000003869,64.1237550521,nan,nan,nan,nan,nan,nan,nan
3178,54.2105263158,0.8210539140,nan,0.0000066729,51.7568511179,nan,nan,nan,nan,nan,nan,nan
3179,54.2105263158,0.5436655332,nan,0.0001803868,37.4379531705,nan,nan,nan,nan,nan,nan,nan
3180,54.2105263158,0.6876383736,nan,0.0000385579,44.1388655395,nan,nan,nan,nan,nan,nan,nan
3181,54.2105263158,1.0256387346,nan,0.0000002470,66.0737170973,nan,nan,nan,nan,nan,nan,nan
3182,54.2105263158,0.9261406755,nan,0.0000013452,58.7121535654,nan,nan,nan,nan,nan,nan,nan
3183,54.2105263158,0.3140021079,nan,0.0009980209,30.0086038023,nan,nan,nan,nan,nan,nan,nan
3184,54.2105263158,0.6441421064,nan,0.0000638530,41.9481879720,nan,nan,nan,nan,nan,nan,nan
3185,54.2105263158,0.9483716897,nan,0.0000009351,60.2914451782,nan,nan,nan,nan,nan,nan,nan
3186,54.2105263158,0.2750129813,nan,0.0012177274,29.1444990519,nan,nan,nan,nan,nan,nan,nan
3187,54.2105263158,0.5083820335,nan,0.0002491025,36.0362198455,nan,nan,nan,nan,nan,nan,nan
3188,54.2105263158,0.1871627225,nan,0.0017302084,27.6190159294,nan,nan,nan,nan,nan,nan,nan
3189,54.2105263158,0.5460907554,nan,0.0001762878,37.5377768749,nan,nan,nan,nan,nan,nan,nan
3190,54.2105263158,1.1587184386,nan,0.0000000195,77.1008888846,nan,nan,nan,nan,nan,nan,nan
3191,54.2105263158,0.4728552117,nan,0.0003372573,34.7203860774,nan,nan,nan,nan,nan,nan,nan
3192,54.2105263158,0.2191604784,nan,0.0015462894,28.1070921682,nan,nan,nan,nan,nan,nan,nan
3193,54.2105263158,0.2625611481,nan,0.0012903937,28.8927776903,nan,nan,nan,nan,nan,nan,nan
3194,54.2105263158,0.9079920605,nan,0.0000017985,57.4508190576,nan,nan,nan,nan,nan,nan,nan
3195,54.2105263158,0.9637151600,nan,0.0000007239,61.4034314103,nan,nan,nan,nan,nan,nan,nan
3196,54.2105263158,0.7306553833,nan,0.0000226619,46.4470462433,nan,nan,nan,nan,nan,nan,nan
3197,54.2105263158,0.2066697637,nan,0.0016190633,27.9073617161,nan,nan,nan,nan,nan,nan,nan
3198,54.2105263158,0.7915553245,nan,0.0000101024,49.9557437718,nan,nan,nan,nan,nan,nan,nan
3199,54.2105263158,1.0055350117,nan,0.0000003527,64.5254188472,nan,nan,nan,nan,nan,nan,nan
3200,54.2105263158,0.4312681497,nan,0.0004675345,33.3018632295,nan,nan,nan,nan,nan,nan,nan
3201,54.2105263158,0.5292076169,nan,0.0002064366,36.8521322767,nan,nan,nan,nan,nan,nan,nan
3202,54.2105263158,0.1421901111,nan,0.0019662136,27.0636929903,nan,nan,nan,nan,nan,nan,nan
3203,54.2105263158,0.6966349933,nan,0.0000345943,44.6099500117,nan,nan,nan,nan,nan,nan,nan
3204,54.2105263158,0.3100518797,nan,0.0010195734,29.9158152079,nan,nan,nan,nan,nan,nan,nan
3205,54.2105263158,0.9043538427,nan,0.0000019050,57.2009839005,nan,nan,nan,nan,nan,nan,nan
3206,54.2105263158,0.4866968192,nan,0.0003004936,35.2216482978,nan,nan,nan,nan,nan,nan,nan
3207,54.2105263158,0.4512849633,nan,0.0004010291,33.9682408375,nan,nan,nan,nan,nan,nan,nan
3208,54.2105263158,0.6724350893,nan,0.0000461659,43.3567879406,nan,nan,nan,nan,nan,nan,nan
3209,54.2105263158,0.2891816604,nan,0.0011362656,29.4452015622,nan,nan,nan,nan,nan,nan,nan
3210,54.2105263158,0.5639242029,nan,0.0001484040,38.2855445323,nan,nan,nan,nan,nan,nan,nan
3211,54.2105263158,0.6330025481,nan,0.0000722719,41.4103040850,nan,nan,nan,nan,nan,nan,nan
3212,54.2105263158,1.1075133934,nan,0.0000000537,72.6979416555,nan,nan,nan,nan,nan,nan,nan
3213,54.2105263158,1.0038566536,nan,0.0000003633,64.3975539892,nan,nan,nan,nan,nan,nan,nan
3214,54.2105263158,1.1387523596,nan,0.0000000291,75.3602612352,nan,nan,nan,nan,nan,nan,nan
3215,54.2105263158,1.4195726470,nan,0.0000000001,102.6401483323,nan,nan,nan,nan,nan,nan,nan
3216,54.2105263158,0.7440835436,nan,0.0000190703,47.1964223940,nan,nan,nan,nan,nan,nan,nan
3217,54.2105263158,0.7536863575,nan,0.0000168239,47.7407414830,nan,nan,nan,nan,nan,nan,nan
3218,54.2105263158,0.8558880855,nan,0.0000040095,53.9691215210,nan,nan,nan,nan,nan,nan,nan
3219,54.2105263158,0.1712167257,nan,0.0018177526,27.4046523629,nan,nan,nan,nan,nan,nan,nan
3220,54.2105263158,0.7776147958,nan,0.0000122246,49.1276400034,nan,nan,nan,nan,nan,nan,nan
3221,54.2105263158,1.7000366362,nan,0.0000000000,135.9036916706,nan,nan,nan,nan,nan,nan,nan
3222,54.2105263158,0.4455013682,nan,0.0004195101,33.7725752851,nan,nan,nan,nan,nan,nan,nan
3223,54.2105263158,0.9591114990,nan,0.0000007820,61.0679049796,nan,nan,nan,nan,nan,nan,nan
3224,54.2105263158,0.0598670560,nan,0.0022688997,26.4418469668,nan,nan,nan,nan,nan,nan,nan
3225,54.2105263158,1.0421740168,nan,0.0000001832,67.3703052482,nan,nan,nan,nan,nan,nan,nan
3226,54.2105263158,0.3956516699,nan,0.0006037611,32.1913490542,nan,nan,nan,nan,nan,nan,nan
3227,54.2105263158,1.0542273850,nan,0.0000001469,68.3285999528,nan,nan,nan,nan,nan,nan,nan
3228,54.2105263158,1.2979593143,nan,0.0000000010,90.0864295940,nan,nan,nan,nan,nan,nan,nan
3229,54.2105263158,0.4052759006,nan,0.0005646847,32.4819400324,nan,nan,nan,nan,nan,nan,nan
3230,54.2105263158,0.1289742772,nan,0.0020279165,26.9294993346,nan,nan,nan,nan,nan,nan,nan
3231,54.2105263158,0.3514656916,nan,0.0008040114,30.9473781404,nan,nan,nan,nan,nan,nan,nan
3232,54.2105263158,1.8569071178,nan,0.0000000000,157.1341931967,nan,nan,nan,nan,nan,nan,nan
3233,54.2105263158,0.1698507046,nan,0.0018250799,27.3871812921,nan,nan,nan,nan,nan,nan,nan
3234,54.2105263158,0.7398119104,nan,0.0000201533,46.9565489780,nan,nan,nan,nan,nan,nan,nan
3235,54.2105263158,1.2008091218,nan,0.0000000082,80.8700618685,nan,nan,nan,nan,nan,nan,nan
3236,54.2105263158,0.6819964164,nan,0.0000412422,43.8465826055,nan,nan,nan,nan,nan,nan,nan
3237,54.2105263158,0.2166954570,nan,0.0015607229,28.0667418935,nan,nan,nan,nan,nan,nan,nan
3238,54.2105263158,1.4870828668,nan,0.0000000000,110.0970823969,nan,nan,nan,nan,nan,nan,nan
3239,54.2105263158,0.6449698923,nan,0.0000632625,41.9885352521,nan,nan,nan,nan,nan,nan,nan
3240,54.2105263158,0.4575236097,nan,0.0003817554,34.1821484210,nan,nan,nan,nan,nan,nan,nan
3241,54.2105263158,0.4814699043,nan,0.0003140039,35.0306499957,nan,nan,nan,nan,nan,nan,nan
3242,54.2105263158,0.4550526343,nan,0.0003893076,34.0970714319,nan,nan,nan,nan,nan,nan,nan
3243,54.2105263158,0.7089737807,nan,0.0000297436,45.2660586261,nan,nan,nan,nan,nan,nan,nan
3244,54.2105263158,0.1086618633,nan,0.0021140263,26.7488962004,nan,nan,nan,nan,nan,nan,nan
3245,54.2105263158,0.2340446221,nan,0.0014586488,28.3604924917,nan,nan,nan,nan,nan,nan,nan
3246,54.2105263158,0.5059359371,nan,0.0002545336,35.9425484233,nan,nan,nan,nan,nan,nan,nan
3247,54.2105263158,0.9543029590,nan,0.0000008474,60.7191725542,nan,nan,nan,nan,nan,nan,nan
3248,54.2105263158,1.1656696016,nan,0.0000000169,77.7140301773,nan,nan,nan,nan,nan,nan,nan
3249,54.2105263158,0.4649694455,nan,0.0003596404,34.4413157493,nan,nan,nan,nan,nan,nan,nan
3250,54.2105263158,0.2307065545,nan,0.0014783574,28.3022055213,nan,nan,nan,nan,nan,nan,nan
3251,54.2105263158,0.6809747634,nan,0.0000417454,43.7939147276,nan,nan,nan,nan,nan,nan,nan
3252,54.2105263158,0.9091653197,nan,0.0000017654,57.5316015863,nan,nan,nan,nan,nan,nan,nan
3253,54.2105263158,0.9428019090,nan,0.0000010251,59.8922290969,nan,nan,nan,nan,nan,nan,nan
3254,54.2105263158,0.3918736658,nan,0.0006195555,32.0791977638,nan,nan,nan,nan,nan,nan,nan
3255,54.2105263158,0.8819081084,nan,0.0000027027,55.6819630348,nan,nan,nan,nan,nan,nan,nan
3256,54.2105263158,0.7536093076,nan,0.0000168409,47.7363460892,nan,nan,nan,nan,nan,nan,nan
3257,54.2105263158,0.7895064625,nan,0.0000103918,49.8331079497,nan,nan,nan,nan,nan,nan,nan
3258,54.2105263158,0.2713845161,nan,0.0012388148,29.0699359896,nan,nan,nan,nan,nan,nan,nan
3259,54.2105263158,1.1621718880,nan,0.0000000182,77.4050460943,nan,nan,nan,nan,nan,nan,nan
3260,54.2105263158,1.0292575483,nan,0.0000002314,66.3556971834,nan,nan,nan,nan,nan,nan,nan
3261,54.2105263158,0.2352654964,nan,0.0014514360,28.3820209539,nan,nan,nan,nan,nan,nan,nan
3262,54.2105263158,0.9276088550,nan,0.0000013136,58.8152906544,nan,nan,nan,nan,nan,nan,nan
3263,54.2105263158,0.9861001703,nan,0.0000004945,63.0579500858,nan,nan,nan,nan,nan,nan,nan
3264,54.2105263158,0.7498143509,nan,0.0000176994,47.5204184175,nan,nan,nan,nan,nan,nan,nan
3265,54.2105263158,1.1357753066,nan,0.0000000309,75.1033318355,nan,nan,nan,nan,nan,nan,nan
3266,54.2105263158,0.7946248259,nan,0.0000096826,50.1400690342,nan,nan,nan,nan,nan,nan,nan
3267,54.2105263158,0.6598073807,nan,0.0000534494,42.7205755178,nan,nan,nan,nan,nan,nan,nan
3268,54.2105263158,0.1751439497,nan,0.0017965260,27.4556649889,nan,nan,nan,nan,nan,nan,nan
3269,54.2105263158,0.5711118796,nan,0.0001382368,38.5937644634,nan,nan,nan,nan,nan,nan,nan
3270,54.2105263158,0.6558750872,nan,0.0000559122,42.5249355490,nan,nan,nan,nan,nan,nan,nan
3271,54.2105263158,1.1178395517,nan,0.0000000440,73.5697374837,nan,nan,nan,nan,nan,nan,nan
3272,54.2105263158,0.5346874210,nan,0.0001962321,37.0722990974,nan,nan,nan,nan,nan,nan,nan
3273,54.2105263158,0.5139953857,nan,0.0002369792,36.2528975892,nan,nan,nan,nan,nan,nan,nan
3274,54.2105263158,0.9144947138,nan,0.0000016219,57.8998681363,nan,nan,nan,nan,nan,nan,nan
3275,54.2105263158,0.4983085543,nan,0.0002720582,35.6533822132,nan,nan,nan,nan,nan,nan,nan
3276,54.2105263158,1.1571185822,nan,0.0000000201,76.9602927060,nan,nan,nan,nan,nan,nan,nan
3277,54.2105263158,0.7939164906,nan,0.0000097781,50.0974693989,nan,nan,nan,nan,nan,nan,nan
3278,54.2105263158,0.3232338856,nan,0.0009484049,30.2300622757,nan,nan,nan,nan,nan,nan,nan
3279,54.2105263158,0.6186596263,nan,0.0000844959,40.7316461404,nan,nan,nan,nan,nan,nan,nan
3280,54.2105263158,0.7835650484,nan,0.0000112738,49.4792895261,nan,nan,nan,nan,nan,nan,nan
3281,54.2105263158,0.2867871395,nan,0.0011499222,29.3933153792,nan,nan,nan,nan,nan,nan,nan
3282,54.2105263158,0.1947089716,nan,0.0016876589,27.7271531536,nan,nan,nan,nan,nan,nan,nan
3283,54.2105263158,0.4144533244,nan,0.0005289826,32.7655859899,nan,nan,nan,nan,nan,nan,nan
3284,54.2105263158,0.9964389791,nan,0.0000004135,63.8350162175,nan,nan,nan,nan,nan,nan,nan
3285,54.2105263158,0.7447269963,nan,0.0000189118,47.2326758843,nan,nan,nan,nan,nan,nan,nan
3286,54.2105263158,0.3244428723,nan,0.0009419888,30.2595424611,nan,nan,nan,nan,nan,nan,nan
3287,54.2105263158,0.4523374275,nan,0.0003977297,34.0041199945,nan,nan,nan,nan,nan,nan,nan
3288,54.2105263158,0.4383699636,nan,0.0004431178,33.5348077578,nan,nan,nan,nan,nan,nan,nan
3289,54.2105263158,0.6340174678,nan,0.0000714674,41.4589195168,nan,nan,nan,nan,nan,nan,nan
3290,54.2105263158,1.3023324258,nan,0.0000000009,90.5182562058,nan,nan,nan,nan,nan,nan,nan
3291,54.2105263158,0.4682674835,nan,0.0003501502,34.5574559170,nan,nan,nan,nan,nan,nan,nan
3292,54.2105263158,0.8713248644,nan,0.0000031776,54.9790641466,nan,nan,nan,nan,nan,nan,nan
3293,54.2105263158,0.4308487595,nan,0.0004690049,33.2882266441,nan,nan,nan,nan,nan,nan,nan
3294,54.2105263158,0.7497871707,nan,0.0000177057,47.5188758596,nan,nan,nan,nan,nan,nan,nan
3295,54.2105263158,0.5223957849,nan,0.0002197036,36.5816289282,nan,nan,nan,nan,nan,nan,nan
3296,54.2105263158,0.1884364218,nan,0.0017230718,27.6369662954,nan,nan,nan,nan,nan,nan,nan
3297,54.2105263158,0.3632808470,nan,0.0007472208,31.2655103025,nan,nan,nan,nan,nan,nan,nan
3298,54.2105263158,0.5518351055,nan,0.0001668783,37.7760015990,nan,nan,nan,nan,nan,nan,nan
3299,54.2105263158,0.8251487590,nan,0.0000062920,52.0121126630,nan,nan,nan,nan,nan,nan,nan
3300,54.2105263158,0.8010668239,nan,0.0000088527,50.5292487454,nan,nan,nan,nan,nan,nan,nan
3301,54.2105263158,1.0491346041,nan,0.0000001613,67.9223492205,nan,nan,nan,nan,nan,nan,nan
3302,54.2105263158,0.2724974296,nan,0.0012323385,29.0926998370,nan,nan,nan,nan,nan,nan,nan
3303,54.2105263158,0.6461560421,nan,0.0000624246,42.0464404989,nan,nan,nan,nan,nan,nan,nan
3304,54.2105263158,0.1855070040,nan,0.0017394563,27.5958648461,nan,nan,nan,nan,nan,nan,nan
3305,54.2105263158,0.7778297521,nan,0.0000121891,49.1402965866,nan,nan,nan,nan,nan,nan,nan
3306,54.2105263158,1.0594606762,nan,0.0000001334,68.7481213771,nan,nan,nan,nan,nan,nan,nan
3307,54.2105263158,0.7537214897,nan,0.0000168161,47.7427457824,nan,nan,nan,nan,nan,nan,nan
3308,54.2105263158,0.4433288641,nan,0.0004266057,33.6997331137,nan,nan,nan,nan,nan,nan,nan
3309,54.2105263158,1.2987557040,nan,0.0000000010,90.1649609307,nan,nan,nan,nan,nan,nan,nan
3310,54.2105263158,0.2646950278,nan,0.0012778850,28.9350822862,nan,nan,nan,nan,nan,nan,nan
3311,54.2105263158,0.8773579527,nan,0.0000028982,55.3787125891,nan,nan,nan,nan,nan,nan,nan
3312,54.2105263158,0.6317036112,nan,0.0000733129,41.3481983430,nan,nan,nan,nan,nan,nan,nan
3313,54.2105263158,0.8060622717,nan,0.0000082543,50.8332147914,nan,nan,nan,nan,nan,nan,nan
3314,54.2105263158,0.6824246843,nan,0.0000410328,43.8686841466,nan,nan,nan,nan,nan,nan,nan
3315,54.2105263158,0.2596777674,nan,0.0013073259,28.8361614010,nan,nan,nan,nan,nan,nan,nan
3316,54.2105263158,0.4678504509,nan,0.0003513400,34.5427245272,nan,nan,nan,nan,nan,nan,nan
3317,54.2105263158,0.3753399900,nan,0.0006916516,31.6011262846,nan,nan,nan,nan,nan,nan,nan
3318,54.2105263158,0.3093734463,nan,0.0010232934,29.8999981266,nan,nan,nan,nan,nan,nan,nan
3319,54.2105263158,0.1552739206,nan,0.0019012906,27.2095148823,nan,nan,nan,nan,nan,nan,nan
3320,54.2105263158,0.6734430163,nan,0.0000456237,43.4080925713,nan,nan,nan,nan,nan,nan,nan
3321,54.2105263158,0.3279108562,nan,0.0009236935,30.3447209623,nan,nan,nan,nan,nan,nan,nan
3322,54.2105263158,1.0543819354,nan,0.0000001465,68.3409593796,nan,nan,nan,nan,nan,nan,nan
3323,54.2105263158,0.8478306732,nan,0.0000045194,53.4491845676,nan,nan,nan,nan,nan,nan,nan
3324,54.2105263158,1.2008993095,nan,0.0000000082,80.8782833513,nan,nan,nan,nan,nan,nan,nan
3325,54.2105263158,1.3129927898,nan,0.0000000007,91.5770467545,nan,nan,nan,nan,nan,nan,nan
3326,54.2105263158,1.1291438154,nan,0.0000000352,74.5334451613,nan,nan,nan,nan,nan,nan,nan
3327,54.2105263158,0.6076912716,nan,0.0000949900,40.2232206289,nan,nan,nan,nan,nan,nan,nan
3328,54.2105263158,0.3766398002,nan,0.0006858104,31.6379594428,nan,nan,nan,nan,nan,nan,nan
3329,54.2105263158,0.2955880425,nan,0.0010999795,29.5861540483,nan,nan,nan,nan,nan,nan,nan
3330,54.2105263158,0.5424832729,nan,0.0001824126,37.3894526617,nan,nan,nan,nan,nan,nan,nan
3331,54.2105263158,1.6807956595,nan,0.0000000000,133.4293763905,nan,nan,nan,nan,nan,nan,nan
3332,54.2105263158,0.0875258208,nan,0.0021908206,26.5939317735,nan,nan,nan,nan,nan,nan,nan
3333,54.2105263158,0.4281852673,nan,0.0004784170,33.2019340803,nan,nan,nan,nan,nan,nan,nan
3334,54.2105263158,0.7000206184,nan,0.0000331984,44.7888250507,nan,nan,nan,nan,nan,nan,nan
3335,54.2105263158,0.2167497982,nan,0.0015604051,28.0676264627,nan,nan,nan,nan,nan,nan,nan
3336,54.2105263158,0.9351714417,nan,0.0000011617,59.3491535886,nan,nan,nan,nan,nan,nan,nan
3337,54.2105263158,1.2485602367,nan,0.0000000029,85.3099659169,nan,nan,nan,nan,nan,nan,nan
3338,54.2105263158,0.5682274657,nan,0.0001422458,38.4696039829,nan,nan,nan,nan,nan,nan,nan
3339,54.2105263158,0.9678253576,nan,0.0000006754,61.7043589821,nan,nan,nan,nan,nan,nan,nan
3340,54.2105263158,0.8482311034,nan,0.0000044927,53.4749070862,nan,nan,nan,nan,nan,nan,nan
3341,54.2105263158,0.8694532701,nan,0.0000032692,54.8556484760,nan,nan,nan,nan,nan,nan,nan
3342,54.2105263158,0.0849279890,nan,0.0021992759,26.5772028596,nan,nan,nan,nan,nan,nan,nan
3343,54.2105263158,1.0299808636,nan,0.0000002284,66.4121781750,nan,nan,nan,nan,nan,nan,nan
3344,54.2105263158,0.0520579378,nan,0.0022859688,26.4092970472,nan,nan,nan,nan,nan,nan,nan
3345,54.2105263158,0.5682422068,nan,0.0001422251,38.4702369120,nan,nan,nan,nan,nan,nan,nan
3346,54.2105263158,0.6827188597,nan,0.0000408896,43.8838736872,nan,nan,nan,nan,nan,nan,nan
3347,54.2105263158,0.6158176167,nan,0.0000871158,40.5990296612,nan,nan,nan,nan,nan,nan,nan
3348,54.2105263158,0.6591726751,nan,0.0000538404,42.6889179243,nan,nan,nan,nan,nan,nan,nan
3349,54.2105263158,1.0325684259,nan,0.0000002180,66.6145581262,nan,nan,nan,nan,nan,nan,nan
3350,54.2105263158,0.3928391893,nan,0.0006154947,32.1077566507,nan,nan,nan,nan,nan,nan,nan
3351,54.2105263158,0.2664186927,nan,0.0012677961,28.9695058590,nan,nan,nan,nan,nan,nan,nan
3352,54.2105263158,0.8054595220,nan,0.0000083245,50.7964374405,nan,nan,nan,nan,nan,nan,nan
3353,54.2105263158,0.5394819740,nan,0.0001876374,37.2668059264,nan,nan,nan,nan,nan,nan,nan
3354,54.2105263158,0.6028678928,nan,0.0000999416,40.0025352682,nan,nan,nan,nan,nan,nan,nan
3355,54.2105263158,0.5135221190,nan,0.0002379832,36.2345368815,nan,nan,nan,nan,nan,nan,nan
3356,54.2105263158,0.7773581151,nan,0.0000122672,49.1125313057,nan,nan,nan,nan,nan,nan,nan
3357,54.2105263158,0.3633246983,nan,0.0007470143,31.2667107440,nan,nan,nan,nan,nan,nan,nan
3358,54.2105263158,0.9247554207,nan,0.0000013756,58.6149925191,nan,nan,nan,nan,nan,nan,nan
3359,54.2105263158,0.6052680981,nan,0.0000974511,40.1121313287,nan,nan,nan,nan,nan,nan,nan
3360,54.2105263158,0.9192341495,nan,0.0000015034,58.2291874090,nan,nan,nan,nan,nan,nan,nan
3361,54.2105263158,0.6066532064,nan,0.0000960378,40.1755763165,nan,nan,nan,nan,nan,nan,nan
3362,54.2105263158,0.3117106677,nan,0.0010105004,29.9546352273,nan,nan,nan,nan,nan,nan,nan
3363,54.2105263158,1.7476427986,nan,0.0000000000,142.1474659099,nan,nan,nan,nan,nan,nan,nan
3364,54.2105263158,1.6937505612,nan,0.0000000000,135.0922099147,nan,nan,nan,nan,nan,nan,nan
3365,54.2105263158,0.2273460340,nan,0.0014981740,28.2443774608,nan,nan,nan,nan,nan,nan,nan
3366,54.2105263158,0.3608168614,nan,0.0007588759,31.1982921856,nan,nan,nan,nan,nan,nan,nan
3367,54.2105263158,0.8374383936,nan,0.0000052652,52.7858877267,nan,nan,nan,nan,nan,nan,nan
3368,54.2105263158,0.6518655605,nan,0.0000585239,42.3266646411,nan,nan,nan,nan,nan,nan,nan
3369,54.2105263158,1.3296369997,nan,0.0000000005,93.2475211922,nan,nan,nan,nan,nan,nan,nan
3370,54.2105263158,0.8887144510,nan,0.0000024330,56.1385261300,nan,nan,nan,nan,nan,nan,nan
3371,54.2105263158,1.0398911193,nan,0.0000001910,67.1900539392,nan,nan,nan,nan,nan,nan,nan
3372,54.2105263158,0.5644146288,nan,0.0001476913,38.3064499796,nan,nan,nan,nan,nan,nan,nan
3373,54.2105263158,1.2824123867,nan,0.0000000014,88.5630683114,nan,nan,nan,nan,nan,nan,nan
3374,54.2105263158,0.7188730686,nan,0.0000262977,45.8008281867,nan,nan,nan,nan,nan,nan,nan
3375,54.2105263158,0.0592592009,nan,0.0022703095,26.4391492631,nan,nan,nan,nan,nan,nan,nan
3376,54.2105263158,1.2499691425,nan,0.0000000029,85.4436118073,nan,nan,nan,nan,nan,nan,nan
3377,54.2105263158,0.2397548571,nan,0.0014249007,28.4621539726,nan,nan,nan,nan,nan,nan,nan
3378,54.2105263158,0.9235018904,nan,0.0000014037,58.5271966770,nan,nan,nan,nan,nan,nan,nan
3379,54.2105263158,1.9081950953,nan,0.0000000000,164.4841851482,nan,nan,nan,nan,nan,nan,nan
3380,54.2105263158,0.0540941188,nan,0.0022817372,26.4173438042,nan,nan,nan,nan,nan,nan,nan
3381,54.2105263158,0.9089531227,nan,0.0000017713,57.5169833944,nan,nan,nan,nan,nan,nan,nan
3382,54.2105263158,0.7408079075,nan,0.0000198959,47.0123549326,nan,nan,nan,nan,nan,nan,nan
3383,54.2105263158,0.3989975921,nan,0.0005899867,32.2915779440,nan,nan,nan,nan,nan,nan,nan
3384,54.2105263158,0.3067718524,nan,0.0010376079,29.8396674070,nan,nan,nan,nan,nan,nan,nan
3385,54.2105263158,0.5203699562,nan,0.0002237762,36.5018618899,nan,nan,nan,nan,nan,nan,nan
3386,54.2105263158,1.1806785137,nan,0.0000000124,79.0505071394,nan,nan,nan,nan,nan,nan,nan
3387,54.2105263158,0.0441011422,nan,0.0023010020,26.3808300911,nan,nan,nan,nan,nan,nan,nan
3388,54.2105263158,0.3668047889,nan,0.0007307277,31.3624442158,nan,nan,nan,nan,nan,nan,nan
3389,54.2105263158,0.7666712319,nan,0.0000141647,48.4879362276,nan,nan,nan,nan,nan,nan,nan
3390,54.2105263158,0.8830323818,nan,0.0000026564,55.7571347283,nan,nan,nan,nan,nan,nan,nan
3391,54.2105263158,0.1257748944,nan,0.0020422122,26.8989912856,nan,nan,nan,nan,nan,nan,nan
3392,54.2105263158,0.7719620460,nan,0.0000131945,48.7960705802,nan,nan,nan,nan,nan,nan,nan
3393,54.2105263158,0.3873096711,nan,0.0006389755,31.9451580738,nan,nan,nan,nan,nan,nan,nan
3394,54.2105263158,0.8919786836,nan,0.0000023127,56.3587409138,nan,nan,nan,nan,nan,nan,nan
3395,54.2105263158,0.2131069056,nan,0.0015816773,28.0088212828,nan,nan,nan,nan,nan,nan,nan
3396,54.2105263158,0.8369349224,nan,0.0000053040,52.7539622586,nan,nan,nan,nan,nan,nan,nan
3397,54.2105263158,1.9503899081,nan,0.0000000000,170.6821303137,nan,nan,nan,nan,nan,nan,nan
3398,54.2105263158,0.8199408764,nan,0.0000067800,51.6876882270,nan,nan,nan,nan,nan,nan,nan
3399,54.2105263158,0.4570769271,nan,0.0003831127,34.1667345757,nan,nan,nan,nan,nan,nan,nan
3400,54.2105263158,0.9254946745,nan,0.0000013593,58.6668251832,nan,nan,nan,nan,nan,nan,nan
3401,54.2105263158,0.7132292909,nan,0.0000282161,45.4950312987,nan,nan,nan,nan,nan,nan,nan
3402,54.2105263158,0.6863662350,nan,0.0000391494,44.0727505289,nan,nan,nan,nan,nan,nan,nan
3403,54.2105263158,1.0103157124,nan,0.0000003243,64.8908121014,nan,nan,nan,nan,nan,nan,nan
3404,54.2105263158,0.3000268113,nan,0.0010750687,29.6856378985,nan,nan,nan,nan,nan,nan,nan
3405,54.2105263158,0.1605481776,nan,0.0018741535,27.2719485032,nan,nan,nan,nan,nan,nan,nan
3406,54.2105263158,1.2947418705,nan,0.0000000011,89.7696535394,nan,nan,nan,nan,nan,nan,nan
3407,54.2105263158,0.3930671016,nan,0.0006145386,32.1145083053,nan,nan,nan,nan,nan,nan,nan
3408,54.2105263158,0.3063897514,nan,0.0010397167,29.8308496952,nan,nan,nan,nan,nan,nan,nan
3409,54.2105263158,0.2171853787,nan,0.0015578567,28.0747249229,nan,nan,nan,nan,nan,nan,nan
3410,54.2105263158,0.8619961166,nan,0.0000036588,54.3665643186,nan,nan,nan,nan,nan,nan,nan
3411,54.2105263158,0.9027461638,nan,0.0000019539,57.0909066739,nan,nan,nan,nan,nan,nan,nan
3412,54.2105263158,0.4709190636,nan,0.0003426549,34.6514301112,nan,nan,nan,nan,nan,nan,nan
3413,54.2105263158,0.9734218168,nan,0.0000006143,62.1161749114,nan,nan,nan,nan,nan,nan,nan
3414,54.2105263158,0.8524397255,nan,0.0000042209,53.7459964989,nan,nan,nan,nan,nan,nan,nan
3415,54.2105263158,1.2412688467,nan,0.0000000035,84.6207431032,nan,nan,nan,nan,nan,nan,nan
3416,54.2105263158,0.1080826113,nan,0.0021163128,26.7442014179,nan,nan,nan,nan,nan,nan,nan
3417,54.2105263158,0.9686345897,nan,0.0000006662,61.7637586392,nan,nan,nan,nan,nan,nan,nan
3418,54.2105263158,1.0958661907,nan,0.0000000672,71.7243847932,nan,nan,nan,nan,nan,nan,nan
3419,54.2105263158,0.4298731470,nan,0.0004724375,33.2565559861,nan,nan,nan,nan,nan,nan,nan
3420,54.2105263158,0.6353915055,nan,0.0000703905,41.5248618419,nan,nan,nan,nan,nan,nan,nan
3421,54.2105263158,0.7360693241,nan,0.0000211469,46.7475262624,nan,nan,nan,nan,nan,nan,nan
3422,54.2105263158,0.6852932597,nan,0.0000396544,44.0170821032,nan,nan,nan,nan,nan,nan,nan
3423,54.2105263158,0.8246704706,nan,0.0000063354,51.9822315497,nan,nan,nan,nan,nan,nan,nan
3424,54.2105263158,0.2590027254,nan,0.0013112945,28.8229975656,nan,nan,nan,nan,nan,nan,nan
3425,54.2105263158,0.1757091964,nan,0.0017934517,27.4631030795,nan,nan,nan,nan,nan,nan,nan
3426,54.2105263158,0.2795197153,nan,0.0011916542,29.2384975694,nan,nan,nan,nan,nan,nan,nan
3427,54.2105263158,0.7815540088,nan,0.0000115874,49.3601388590,nan,nan,nan,nan,nan,nan,nan
3428,54.2105263158,1.1412519876,nan,0.0000000277,75.5765099552,nan,nan,nan,nan,nan,nan,nan
3429,54.2105263158,0.7479813820,nan,0.0000181279,47.4165179131,nan,nan,nan,nan,nan,nan,nan
3430,54.2105263158,0.9350378415,nan,0.0000011642,59.3396845469,nan,nan,nan,nan,nan,nan,nan
3431,54.2105263158,1.0483304366,nan,0.0000001637,67.8583818052,nan,nan,nan,nan,nan,nan,nan
3432,54.2105263158,0.5933216553,nan,0.0001103829,39.5709802160,nan,nan,nan,nan,nan,nan,nan
3433,54.2105263158,1.2495375757,nan,0.0000000029,85.4026581610,nan,nan,nan,nan,nan,nan,nan
3434,54.2105263158,0.5587672680,nan,0.0001560693,38.0668262380,nan,nan,nan,nan,nan,nan,nan
3435,54.2105263158,0.4430465090,nan,0.0004275341,33.6902923021,nan,nan,nan,nan,nan,nan,nan
3436,54.2105263158,0.4454313464,nan,0.0004197375,33.7702219298,nan,nan,nan,nan,nan,nan,nan
3437,54.2105263158,0.4755683925,nan,0.0003297999,34.8174950752,nan,nan,nan,nan,nan,nan,nan
3438,54.2105263158,1.0272502236,nan,0.0000002399,66.1991618446,nan,nan,nan,nan,nan,nan,nan
3439,54.2105263158,0.2524080598,nan,0.0013501406,28.6962100668,nan,nan,nan,nan,nan,nan,nan
3440,54.2105263158,1.2081388241,nan,0.0000000070,81.5402620214,nan,nan,nan,nan,nan,nan,nan
3441,54.2105263158,0.6066900295,nan,0.0000960005,40.1772649924,nan,nan,nan,nan,nan,nan,nan
3442,54.2105263158,0.5519669871,nan,0.0001666671,37.7815003361,nan,nan,nan,nan,nan,nan,nan
3443,54.2105263158,0.1972734821,nan,0.0016730613,27.7648815200,nan,nan,nan,nan,nan,nan,nan
3444,54.2105263158,0.8413847583,nan,0.0000049696,53.0367987136,nan,nan,nan,nan,nan,nan,nan
3445,54.2105263158,0.1909179769,nan,0.0017091135,27.6722909294,nan,nan,nan,nan,nan,nan,nan
3446,54.2105263158,0.5829144900,nan,0.0001227891,39.1084015402,nan,nan,nan,nan,nan,nan,nan
3447,54.2105263158,0.9192957649,nan,0.0000015019,58.2334800296,nan,nan,nan,nan,nan,nan,nan
3448,54.2105263158,1.4700343610,nan,0.0000000000,108.1810703289,nan,nan,nan,nan,nan,nan,nan
3449,54.2105263158,1.3249791483,nan,0.0000000005,92.7779084506,nan,nan,nan,nan,nan,nan,nan
3450,54.2105263158,0.5955349113,nan,0.0001078843,39.6704173244,nan,nan,nan,nan,nan,nan,nan
3451,54.2105263158,0.7334802424,nan,0.0000218597,46.6035507359,nan,nan,nan,nan,nan,nan,nan
3452,54.2105263158,0.9137236759,nan,0.0000016419,57.8464546288,nan,nan,nan,nan,nan,nan,nan
3453,54.2105263158,0.5077382727,nan,0.0002505230,36.0115234351,nan,nan,nan,nan,nan,nan,nan
3454,54.2105263158,1.0840340713,nan,0.0000000842,70.7459753008,nan,nan,nan,nan,nan,nan,nan
3455,54.2105263158,1.2345840223,nan,0.0000000040,83.9924251928,nan,nan,nan,nan,nan,nan,nan
3456,54.2105263158,0.1219335932,nan,0.0020590265,26.8633806938,nan,nan,nan,nan,nan,nan,nan
3457,54.2105263158,0.6339391621,nan,0.0000715292,41.4551658228,nan,nan,nan,nan,nan,nan,nan
3458,54.2105263158,0.7351733215,nan,0.0000213912,46.6976429391,nan,nan,nan,nan,nan,nan,nan
3459,54.2105263158,0.7341147639,nan,0.0000216831,46.6387884488,nan,nan,nan,nan,nan,nan,nan
3460,54.2105263158,0.7730863666,nan,0.0000129962,48.8618251521,nan,nan,nan,nan,nan,nan,nan
3461,54.2105263158,0.7728272970,nan,0.0000130417,48.8466652284,nan,nan,nan,nan,nan,nan,nan
3462,54.2105263158,0.1621920346,nan,0.0018655906,27.2918364582,nan,nan,nan,nan,nan,nan,nan
3463,54.2105263158,1.7392714109,nan,0.0000000000,141.0369461864,nan,nan,nan,nan,nan,nan,nan
3464,54.2105263158,0.3338651104,nan,0.0008926699,30.4930912105,nan,nan,nan,nan,nan,nan,nan
3465,54.2105263158,0.4475143448,nan,0.0004130106,33.8403884432,nan,nan,nan,nan,nan,nan,nan
3466,54.2105263158,0.7925127828,nan,0.0000099697,50.0131626419,nan,nan,nan,nan,nan,nan,nan
3467,54.2105263158,0.0579912457,nan,0.0022732065,26.4336111425,nan,nan,nan,nan,nan,nan,nan
3468,54.2105263158,1.0482030883,nan,0.0000001641,67.8482564199,nan,nan,nan,nan,nan,nan,nan
3469,54.2105263158,0.2409271728,nan,0.0014179698,28.4833302280,nan,nan,nan,nan,nan,nan,nan
3470,54.2105263158,0.2742889364,nan,0.0012219289,29.1295407269,nan,nan,nan,nan,nan,nan,nan
3471,54.2105263158,0.4492430283,nan,0.0004074863,33.8988698543,nan,nan,nan,nan,nan,nan,nan
3472,54.2105263158,1.0212754840,nan,0.0000002670,65.7350588775,nan,nan,nan,nan,nan,nan,nan
3473,54.2105263158,0.8566918810,nan,0.0000039616,54.0212611076,nan,nan,nan,nan,nan,nan,nan
3474,54.2105263158,0.4725225483,nan,0.0003381802,34.7085180076,nan,nan,nan,nan,nan,nan,nan
3475,54.2105263158,0.5868049979,nan,0.0001180222,39.2803632115,nan,nan,nan,nan,nan,nan,nan
3476,54.2105263158,1.0484117242,nan,0.0000001635,67.8648455708,nan,nan,nan,nan,nan,nan,nan
3477,54.2105263158,0.8386608918,nan,0.0000051719,52.8634876165,nan,nan,nan,nan,nan,nan,nan
3478,54.2105263158,0.9380082798,nan,0.0000011090,59.5505384210,nan,nan,nan,nan,nan,nan,nan
3479,54.2105263158,0.5695315195,nan,0.0001404217,38.5256590342,nan,nan,nan,nan,nan,nan,nan
3480,54.2105263158,0.8675054109,nan,0.0000033671,54.7274873506,nan,nan,nan,nan,nan,nan,nan
3481,54.2105263158,0.7003274429,nan,0.0000330744,44.8050788413,nan,nan,nan,nan,nan,nan,nan
3482,54.2105263158,0.1128645095,nan,0.0020971455,26.7837144698,nan,nan,nan,nan,nan,nan,nan
3483,54.2105263158,1.2684081161,nan,0.0000000019,87.2066757211,nan,nan,nan,nan,nan,nan,nan
3484,54.2105263158,0.2685057533,nan,0.0012555998,29.0114877863,nan,nan,nan,nan,nan,nan,nan
3485,54.2105263158,0.7832132520,nan,0.0000113281,49.4584239573,nan,nan,nan,nan,nan,nan,nan
3486,54.2105263158,0.2275358025,nan,0.0014970557,28.2476202649,nan,nan,nan,nan,nan,nan,nan
3487,54.2105263158,0.5599800970,nan,0.0001542381,38.1180834675,nan,nan,nan,nan,nan,nan,nan
3488,54.2105263158,1.0920835081,nan,0.0000000723,71.4104288940,nan,nan,nan,nan,nan,nan,nan
3489,54.2105263158,0.9835851477,nan,0.0000005164,62.8701538410,nan,nan,nan,nan,nan,nan,nan
3490,54.2105263158,0.2971275835,nan,0.0010913172,29.6204899934,nan,nan,nan,nan,nan,nan,nan
3491,54.2105263158,0.0400715261,nan,0.0023076923,26.3682209240,nan,nan,nan,nan,nan,nan,nan
3492,54.2105263158,0.6350507054,nan,0.0000706563,41.5084928916,nan,nan,nan,nan,nan,nan,nan
3493,54.2105263158,0.8239938989,nan,0.0000063974,51.9399924443,nan,nan,nan,nan,nan,nan,nan
3494,54.2105263158,0.2121784147,nan,0.0015870867,27.9939935525,nan,nan,nan,nan,nan,nan,nan
3495,54.2105263158,0.8788294583,nan,0.0000028336,55.4766101176,nan,nan,nan,nan,nan,nan,nan
3496,54.2105263158,0.4581700522,nan,0.0003797972,34.2044822858,nan,nan,nan,nan,nan,nan,nan
3497,54.2105263158,1.2948531711,nan,0.0000000011,89.7805985226,nan,nan,nan,nan,nan,nan,nan
3498,54.2105263158,1.2314223462,nan,0.0000000043,83.6964431041,nan,nan,nan,nan,nan,nan,nan
3499,54.2105263158,1.2898853960,nan,0.0000000012,89.2930036271,nan,nan,nan,nan,nan,nan,nan
3500,54.2105263158,0.9922691163,nan,0.0000004446,63.5206275559,nan,nan,nan,nan,nan,nan,nan
3501,54.2105263158,0.9588826393,nan,0.0000007850,61.0512672832,nan,nan,nan,nan,nan,nan,nan
3502,54.2105263158,0.4355019758,nan,0.0004528689,33.4402748933,nan,nan,nan,nan,nan,nan,nan
3503,54.2105263158,0.4796139981,nan,0.0003189090,34.9633319600,nan,nan,nan,nan,nan,nan,nan
3504,54.2105263158,0.5604165897,nan,0.0001535834,38.1365581204,nan,nan,nan,nan,nan,nan,nan
3505,54.2105263158,0.8110001929,nan,0.0000076992,51.1355491051,nan,nan,nan,nan,nan,nan,nan
3506,54.2105263158,0.3280391106,nan,0.0009230201,30.3478885424,nan,nan,nan,nan,nan,nan,nan
3507,54.2105263158,0.5557583866,nan,0.0001606887,37.9401461112,nan,nan,nan,nan,nan,nan,nan
3508,54.2105263158,0.2745277269,nan,0.0012205429,29.1344696082,nan,nan,nan,nan,nan,nan,nan
3509,54.2105263158,0.6086239599,nan,0.0000940568,40.2660983400,nan,nan,nan,nan,nan,nan,nan
3510,54.2105263158,1.2785635573,nan,0.0000000015,88.1887941350,nan,nan,nan,nan,nan,nan,nan
3511,54.2105263158,0.3557962366,nan,0.0007829332,31.0627528000,nan,nan,nan,nan,nan,nan,nan
3512,54.2105263158,0.5343413817,nan,0.0001968644,37.0583284737,nan,nan,nan,nan,nan,nan,nan
3513,54.2105263158,0.4594926393,nan,0.0003758136,34.2502750499,nan,nan,nan,nan,nan,nan,nan
3514,54.2105263158,0.3781293137,nan,0.0006791527,31.6803258236,nan,nan,nan,nan,nan,nan,nan
3515,54.2105263158,0.3993203456,nan,0.0005886686,32.3012911110,nan,nan,nan,nan,nan,nan,nan
3516,54.2105263158,0.1980183626,nan,0.0016688092,27.7759330906,nan,nan,nan,nan,nan,nan,nan
3517,54.2105263158,0.8135661003,nan,0.0000074244,51.2933855846,nan,nan,nan,nan,nan,nan,nan
3518,54.2105263158,0.7128748047,nan,0.0000283406,45.4759051163,nan,nan,nan,nan,nan,nan,nan
3519,54.2105263158,0.9428811133,nan,0.0000010238,59.8978895078,nan,nan,nan,nan,nan,nan,nan
3520,54.2105263158,0.5721547230,nan,0.0001368104,38.6388096710,nan,nan,nan,nan,nan,nan,nan
3521,54.2105263158,0.1973666630,nan,0.0016725297,27.7662617237,nan,nan,nan,nan,nan,nan,nan
3522,54.2105263158,0.2888542725,nan,0.0011381298,29.4380818677,nan,nan,nan,nan,nan,nan,nan
3523,54.2105263158,1.4000780891,nan,0.0000000001,100.5516997239,nan,nan,nan,nan,nan,nan,nan
3524,54.2105263158,0.2878453662,nan,0.0011438808,29.4161922570,nan,nan,nan,nan,nan,nan,nan
3525,54.2105263158,0.2177112660,nan,0.0015547787,28.0833141801,nan,nan,nan,nan,nan,nan,nan
3526,54.2105263158,1.1055511475,nan,0.0000000558,72.5331976236,nan,nan,nan,nan,nan,nan,nan
3527,54.2105263158,0.7319740871,nan,0.0000222842,46.5200302191,nan,nan,nan,nan,nan,nan,nan
3528,54.2105263158,0.7939594912,nan,0.0000097722,50.1000543838,nan,nan,nan,nan,nan,nan,nan
3529,54.2105263158,1.0982382355,nan,0.0000000642,71.9218175345,nan,nan,nan,nan,nan,nan,nan
3530,54.2105263158,1.4674368349,nan,0.0000000000,107.8910964023,nan,nan,nan,nan,nan,nan,nan
3531,54.2105263158,1.0280907995,nan,0.0000002363,66.2646742750,nan,nan,nan,nan,nan,nan,nan
3532,54.2105263158,0.4714646354,nan,0.0003411276,34.6708318599,nan,nan,nan,nan,nan,nan,nan
3533,54.2105263158,0.3859446490,nan,0.0006448555,31.9053757575,nan,nan,nan,nan,nan,nan,nan
3534,54.2105263158,0.6397813342,nan,0.0000670425,41.7364994821,nan,nan,nan,nan,nan,nan,nan
3535,54.2105263158,0.5113484453,nan,0.0002426372,36.1504262905,nan,nan,nan,nan,nan,nan,nan
3536,54.2105263158,0.4691261874,nan,0.0003477098,34.5878306385,nan,nan,nan,nan,nan,nan,nan
3537,54.2105263158,0.7355433107,nan,0.0000212900,46.7182340066,nan,nan,nan,nan,nan,nan,nan
3538,54.2105263158,0.5656032664,nan,0.0001459757,38.3571940546,nan,nan,nan,nan,nan,nan,nan
3539,54.2105263158,0.3645712478,nan,0.0007411572,31.3008964003,nan,nan,nan,nan,nan,nan,nan
3540,54.2105263158,0.4854227119,nan,0.0003037456,35.1748994864,nan,nan,nan,nan,nan,nan,nan
3541,54.2105263158,0.8057992798,nan,0.0000082848,50.8171646828,nan,nan,nan,nan,nan,nan,nan
3542,54.2105263158,0.1482552827,nan,0.0019365621,27.1296857986,nan,nan,nan,nan,nan,nan,nan
3543,54.2105263158,0.1008737316,nan,0.0021439338,26.6878862778,nan,nan,nan,nan,nan,nan,nan
3544,54.2105263158,0.7440604857,nan,0.0000190760,47.1951238464,nan,nan,nan,nan,nan,nan,nan
3545,54.2105263158,1.3352217168,nan,0.0000000004,93.8127681677,nan,nan,nan,nan,nan,nan,nan
3546,54.2105263158,0.4639478602,nan,0.0003626178,34.4055082437,nan,nan,nan,nan,nan,nan,nan
3547,54.2105263158,0.4835342951,nan,0.0003086144,35.1058375947,nan,nan,nan,nan,nan,nan,nan
3548,54.2105263158,0.9171240067,nan,0.0000015551,58.0823527811,nan,nan,nan,nan,nan,nan,nan
3549,54.2105263158,1.1294114774,nan,0.0000000350,74.5563820521,nan,nan,nan,nan,nan,nan,nan
3550,54.2105263158,0.7236190515,nan,0.0000247750,46.0598570802,nan,nan,nan,nan,nan,nan,nan
3551,54.2105263158,0.8511100985,nan,0.0000043051,53.6602055305,nan,nan,nan,nan,nan,nan,nan
3552,54.2105263158,1.4614651091,nan,0.0000000000,107.2264017042,nan,nan,nan,nan,nan,nan,nan
3553,54.2105263158,0.4999063259,nan,0.0002683125,35.7135903272,nan,nan,nan,nan,nan,nan,nan
3554,54.2105263158,1.6615449460,nan,0.0000000000,130.9821678989,nan,nan,nan,nan,nan,nan,nan
3555,54.2105263158,0.3802212696,nan,0.0006698674,31.7401116336,nan,nan,nan,nan,nan,nan,nan
3556,54.2105263158,1.2491744053,nan,0.0000000029,85.3682060310,nan,nan,nan,nan,nan,nan,nan
3557,54.2105263158,1.1984046396,nan,0.0000000086,80.6510990518,nan,nan,nan,nan,nan,nan,nan
3558,54.2105263158,0.1005180694,nan,0.0021452558,26.6852090737,nan,nan,nan,nan,nan,nan,nan
3559,54.2105263158,0.9895725719,nan,0.0000004658,63.3180266970,nan,nan,nan,nan,nan,nan,nan
3560,54.2105263158,0.2690846991,nan,0.0012522205,29.0231918787,nan,nan,nan,nan,nan,nan,nan
3561,54.2105263158,0.3926640024,nan,0.0006162303,32.1025696062,nan,nan,nan,nan,nan,nan,nan
3562,54.2105263158,1.1735100709,nan,0.0000000144,78.4100429283,nan,nan,nan,nan,nan,nan,nan
3563,54.2105263158,0.3865782405,nan,0.0006421221,31.9238236255,nan,nan,nan,nan,nan,nan,nan
3564,54.2105263158,1.1050666970,nan,0.0000000563,72.4925699240,nan,nan,nan,nan,nan,nan,nan
3565,54.2105263158,1.1173191786,nan,0.0000000444,73.5256096932,nan,nan,nan,nan,nan,nan,nan
3566,54.2105263158,0.5143247257,nan,0.0002362825,36.2656846076,nan,nan,nan,nan,nan,nan,nan
3567,54.2105263158,0.7030684353,nan,0.0000319845,44.9505987949,nan,nan,nan,nan,nan,nan,nan
3568,54.2105263158,0.4602536421,nan,0.0003735353,34.2766839252,nan,nan,nan,nan,nan,nan,nan
3569,54.2105263158,0.4331925830,nan,0.0004608284,33.3646078757,nan,nan,nan,nan,nan,nan,nan
3570,54.2105263158,0.4407110426,nan,0.0004352677,33.6124358133,nan,nan,nan,nan,nan,nan,nan
3571,54.2105263158,0.8106527061,nan,0.0000077371,51.1142127474,nan,nan,nan,nan,nan,nan,nan
3572,54.2105263158,0.6755931404,nan,0.0000444857,43.5177947232,nan,nan,nan,nan,nan,nan,nan
3573,54.2105263158,0.0703436102,nan,0.0022424887,26.4926973771,nan,nan,nan,nan,nan,nan,nan
3574,54.2105263158,0.3310507526,nan,0.0009072715,30.4226272271,nan,nan,nan,nan,nan,nan,nan
3575,54.2105263158,0.9747213556,nan,0.0000006009,62.2121433987,nan,nan,nan,nan,nan,nan,nan
3576,54.2105263158,0.3853280771,nan,0.0006475223,31.8874526728,nan,nan,nan,nan,nan,nan,nan
3577,54.2105263158,0.8943312949,nan,0.0000022295,56.5179587727,nan,nan,nan,nan,nan,nan,nan
3578,54.2105263158,0.7765580615,nan,0.0000124009,49.0654708824,nan,nan,nan,nan,nan,nan,nan
3579,54.2105263158,0.4186935478,nan,0.0005130035,32.8987967814,nan,nan,nan,nan,nan,nan,nan
3580,54.2105263158,0.7287896148,nan,0.0000232059,46.3440110569,nan,nan,nan,nan,nan,nan,nan
3581,54.2105263158,0.9012936088,nan,0.0000019991,56.9916201979,nan,nan,nan,nan,nan,nan,nan
3582,54.2105263158,1.6840998555,nan,0.0000000000,133.8522678568,nan,nan,nan,nan,nan,nan,nan
3583,54.2105263158,0.6360190292,nan,0.0000699033,41.5550255188,nan,nan,nan,nan,nan,nan,nan
3584,54.2105263158,0.3352899822,nan,0.0008853204,30.5289950482,nan,nan,nan,nan,nan,nan,nan
3585,54.2105263158,1.1348307353,nan,0.0000000315,75.0219536648,nan,nan,nan,nan,nan,nan,nan
3586,54.2105263158,0.4892949135,nan,0.0002939437,35.3173581521,nan,nan,nan,nan,nan,nan,nan
3587,54.2105263158,0.4830270573,nan,0.0003099322,35.0873333881,nan,nan,nan,nan,nan,nan,nan
3588,54.2105263158,0.7689996707,nan,0.0000137300,48.6232806238,nan,nan,nan,nan,nan,nan,nan
3589,54.2105263158,0.4012336430,nan,0.0005808937,32.3590334863,nan,nan,nan,nan,nan,nan,nan
3590,54.2105263158,0.9379636504,nan,0.0000011098,59.5473654655,nan,nan,nan,nan,nan,nan,nan
3591,54.2105263158,1.0446573316,nan,0.0000001751,67.5668326075,nan,nan,nan,nan,nan,nan,nan
3592,54.2105263158,1.3705565858,nan,0.0000000002,97.4443825556,nan,nan,nan,nan,nan,nan,nan
3593,54.2105263158,0.5618818659,nan,0.0001514021,38.1986821980,nan,nan,nan,nan,nan,nan,nan
3594,54.2105263158,0.5198553349,nan,0.0002248201,36.4816483445,nan,nan,nan,nan,nan,nan,nan
3595,54.2105263158,0.7734127246,nan,0.0000129392,48.8809298449,nan,nan,nan,nan,nan,nan,nan
3596,54.2105263158,1.2011379571,nan,0.0000000081,80.9000413952,nan,nan,nan,nan,nan,nan,nan
3597,54.2105263158,0.1846431087,nan,0.0017442681,27.5838676035,nan,nan,nan,nan,nan,nan,nan
3598,54.2105263158,0.3768751755,nan,0.0006847558,31.6446430509,nan,nan,nan,nan,nan,nan,nan
3599,54.2105263158,0.6828597196,nan,0.0000408211,43.8911492247,nan,nan,nan,nan,nan,nan,nan
3600,54.2105263158,0.6695584577,nan,0.0000477442,43.2107893694,nan,nan,nan,nan,nan,nan,nan
3601,54.2105263158,0.5482716098,nan,0.0001726663,37.6279240177,nan,nan,nan,nan,nan,nan,nan
3602,54.2105263158,0.9506025629,nan,0.0000009012,60.4520074744,nan,nan,nan,nan,nan,nan,nan
3603,54.2105263158,0.4119850762,nan,0.0005384344,32.6886717728,nan,nan,nan,nan,nan,nan,nan
3604,54.2105263158,0.5536645975,nan,0.0001639684,37.8523993543,nan,nan,nan,nan,nan,nan,nan
3605,54.2105263158,0.4775149075,nan,0.0003245258,34.8875083195,nan,nan,nan,nan,nan,nan,nan
3606,54.2105263158,0.9135412995,nan,0.0000016467,57.8338271716,nan,nan,nan,nan,nan,nan,nan
3607,54.2105263158,0.9659037574,nan,0.0000006977,61.5635088750,nan,nan,nan,nan,nan,nan,nan
3608,54.2105263158,0.5832068902,nan,0.0001224254,39.1212857195,nan,nan,nan,nan,nan,nan,nan
3609,54.2105263158,0.2912961147,nan,0.0011242477,29.4913799778,nan,nan,nan,nan,nan,nan,nan
3610,54.2105263158,0.6176748803,nan,0.0000853960,40.6856254486,nan,nan,nan,nan,nan,nan,nan
3611,54.2105263158,0.5457126467,nan,0.0001769219,37.5221842614,nan,nan,nan,nan,nan,nan,nan
3612,54.2105263158,1.3173927768,nan,0.0000000006,92.0165869455,nan,nan,nan,nan,nan,nan,nan
3613,54.2105263158,0.7194421408,nan,0.0000261108,45.8317968327,nan,nan,nan,nan,nan,nan,nan
3614,54.2105263158,0.5035642326,nan,0.0002598867,35.8521598446,nan,nan,nan,nan,nan,nan,nan
3615,54.2105263158,0.4974465883,nan,0.0002740955,35.6209816659,nan,nan,nan,nan,nan,nan,nan
3616,54.2105263158,0.6178939186,nan,0.0000851951,40.6958555101,nan,nan,nan,nan,nan,nan,nan
3617,54.2105263158,0.3806993498,nan,0.0006677561,31.7538212345,nan,nan,nan,nan,nan,nan,nan
3618,54.2105263158,0.6931089270,nan,0.0000361029,44.4245825785,nan,nan,nan,nan,nan,nan,nan
3619,54.2105263158,1.1318173281,nan,0.0000000334,74.7627933107,nan,nan,nan,nan,nan,nan,nan
3620,54.2105263158,1.1206788048,nan,0.0000000416,73.8108711020,nan,nan,nan,nan,nan,nan,nan
3621,54.2105263158,0.6825658013,nan,0.0000409641,43.8759698018,nan,nan,nan,nan,nan,nan,nan
3622,54.2105263158,0.5250128990,nan,0.0002145290,36.6851395146,nan,nan,nan,nan,nan,nan,nan
3623,54.2105263158,1.0406389024,nan,0.0000001884,67.2490530352,nan,nan,nan,nan,nan,nan,nan
3624,54.2105263158,0.2870041221,nan,0.0011486827,29.3979992258,nan,nan,nan,nan,nan,nan,nan
3625,54.2105263158,1.2768276414,nan,0.0000000016,88.0203577493,nan,nan,nan,nan,nan,nan,nan
3626,54.2105263158,0.2780042700,nan,0.0012004062,29.2067178392,nan,nan,nan,nan,nan,nan,nan
3627,54.2105263158,0.7892832843,nan,0.0000104237,49.8197688036,nan,nan,nan,nan,nan,nan,nan
3628,54.2105263158,0.5908893468,nan,0.0001131845,39.4621311890,nan,nan,nan,nan,nan,nan,nan
3629,54.2105263158,0.9141835065,nan,0.0000016299,57.8783038528,nan,nan,nan,nan,nan,nan,nan
3630,54.2105263158,0.6124131192,nan,0.0000903447,40.4409746865,nan,nan,nan,nan,nan,nan,nan
3631,54.2105263158,1.4613116028,nan,0.0000000000,107.2093513407,nan,nan,nan,nan,nan,nan,nan
3632,54.2105263158,0.3113409699,nan,0.0010125197,29.9459652734,nan,nan,nan,nan,nan,nan,nan
3633,54.2105263158,0.8666855898,nan,0.0000034091,54.6736329740,nan,nan,nan,nan,nan,nan,nan
3634,54.2105263158,0.8621113984,nan,0.0000036525,54.3740929246,nan,nan,nan,nan,nan,nan,nan
3635,54.2105263158,0.2635634336,nan,0.0012845159,28.9126052926,nan,nan,nan,nan,nan,nan,nan
3636,54.2105263158,0.9010882213,nan,0.0000020056,56.9775943359,nan,nan,nan,nan,nan,nan,nan
3637,54.2105263158,0.8915277172,nan,0.0000023290,56.3282690272,nan,nan,nan,nan,nan,nan,nan
3638,54.2105263158,0.2836860121,nan,0.0011676796,29.3267630740,nan,nan,nan,nan,nan,nan,nan
3639,54.2105263158,0.7870032702,nan,0.0000107555,49.6837119732,nan,nan,nan,nan,nan,nan,nan
3640,54.2105263158,0.9794603325,nan,0.0000005542,62.5631993962,nan,nan,nan,nan,nan,nan,nan
3641,54.2105263158,0.7204328901,nan,0.0000257883,45.8857717837,nan,nan,nan,nan,nan,nan,nan
3642,54.2105263158,0.8337874617,nan,0.0000055529,52.5548174078,nan,nan,nan,nan,nan,nan,nan
3643,54.2105263158,0.5540844524,nan,0.0001633064,37.8699679665,nan,nan,nan,nan,nan,nan,nan
3644,54.2105263158,0.7636625724,nan,0.0000147446,48.3136644256,nan,nan,nan,nan,nan,nan,nan
3645,54.2105263158,0.2183091802,nan,0.0015512774,28.0931052385,nan,nan,nan,nan,nan,nan,nan
3646,54.2105263158,0.6109192895,nan,0.0000917931,40.3719014225,nan,nan,nan,nan,nan,nan,nan
3647,54.2105263158,0.3086012191,nan,0.0010275343,29.8820367507,nan,nan,nan,nan,nan,nan,nan
3648,54.2105263158,0.9293342772,nan,0.0000012774,58.9367087138,nan,nan,nan,nan,nan,nan,nan
3649,54.2105263158,0.9251100393,nan,0.0000013678,58.6398513457,nan,nan,nan,nan,nan,nan,nan
3650,54.2105263158,0.2544255376,nan,0.0013382436,28.7346483185,nan,nan,nan,nan,nan,nan,nan
3651,54.2105263158,0.4865469411,nan,0.0003008747,35.2161426574,nan,nan,nan,nan,nan,nan,nan
3652,54.2105263158,0.7049612888,nan,0.0000312505,45.0514247228,nan,nan,nan,nan,nan,nan,nan
3653,54.2105263158,0.4218705279,nan,0.0005012451,32.9994988323,nan,nan,nan,nan,nan,nan,nan
3654,54.2105263158,1.0463201328,nan,0.0000001699,67.6986883046,nan,nan,nan,nan,nan,nan,nan
3655,54.2105263158,0.7620987524,nan,0.0000150544,48.2233549785,nan,nan,nan,nan,nan,nan,nan
3656,54.2105263158,0.6799460616,nan,0.0000422575,43.7409637382,nan,nan,nan,nan,nan,nan,nan
3657,54.2105263158,1.1014689707,nan,0.0000000604,72.1914126946,nan,nan,nan,nan,nan,nan,nan
3658,54.2105263158,0.6843170753,nan,0.0000401189,43.9665115495,nan,nan,nan,nan,nan,nan,nan
3659,54.2105263158,0.5745249163,nan,0.0001336135,38.7414967659,nan,nan,nan,nan,nan,nan,nan
3660,54.2105263158,0.6036051606,nan,0.0000991710,40.0361531170,nan,nan,nan,nan,nan,nan,nan
3661,54.2105263158,0.5325991989,nan,0.0002000723,36.9881296687,nan,nan,nan,nan,nan,nan,nan
3662,54.2105263158,0.4068033120,nan,0.0005586368,32.5287043394,nan,nan,nan,nan,nan,nan,nan
3663,54.2105263158,0.6540049854,nan,0.0000571175,42.4323068770,nan,nan,nan,nan,nan,nan,nan
3664,54.2105263158,0.9998656417,nan,0.0000003896,64.0943639759,nan,nan,nan,nan,nan,nan,nan
3665,54.2105263158,0.5844901756,nan,0.0001208396,39.1779086582,nan,nan,nan,nan,nan,nan,nan
3666,54.2105263158,0.6406891695,nan,0.0000663674,41.7804500095,nan,nan,nan,nan,nan,nan,nan
3667,54.2105263158,0.2656447411,nan,0.0012723244,28.9540213434,nan,nan,nan,nan,nan,nan,nan
3668,54.2105263158,1.0274649981,nan,0.0000002390,66.2158957163,nan,nan,nan,nan,nan,nan,nan
3669,54.2105263158,1.1139822437,nan,0.0000000474,73.2431280275,nan,nan,nan,nan,nan,nan,nan
3670,54.2105263158,1.3781271585,nan,0.0000000002,98.2348789155,nan,nan,nan,nan,nan,nan,nan
3671,54.2105263158,0.4065044772,nan,0.0005598168,32.5195410728,nan,nan,nan,nan,nan,nan,nan
3672,54.2105263158,0.6662510683,nan,0.0000496169,43.0437067196,nan,nan,nan,nan,nan,nan,nan
3673,54.2105263158,1.5741403211,nan,0.0000000000,120.2277471496,nan,nan,nan,nan,nan,nan,nan
3674,54.2105263158,0.7888912757,nan,0.0000104801,49.7963480154,nan,nan,nan,nan,nan,nan,nan
3675,54.2105263158,1.3041322251,nan,0.0000000009,90.6964034330,nan,nan,nan,nan,nan,nan,nan
3676,54.2105263158,0.2720807442,nan,0.0012347625,29.0841658576,nan,nan,nan,nan,nan,nan,nan
3677,54.2105263158,0.2213738781,nan,0.0015333048,28.1437149438,nan,nan,nan,nan,nan,nan,nan
3678,54.2105263158,0.8673982419,nan,0.0000033725,54.7204444671,nan,nan,nan,nan,nan,nan,nan
3679,54.2105263158,0.8423326145,nan,0.0000049009,53.0972404650,nan,nan,nan,nan,nan,nan,nan
3680,54.2105263158,0.8414933590,nan,0.0000049617,53.0437203619,nan,nan,nan,nan,nan,nan,nan
3681,54.2105263158,1.1069677036,nan,0.0000000543,72.6520977382,nan,nan,nan,nan,nan,nan,nan
3682,54.2105263158,0.1338205843,nan,0.0020057738,26.9771805304,nan,nan,nan,nan,nan,nan,nan
3683,54.2105263158,0.7169920971,nan,0.0000269238,45.6986420383,nan,nan,nan,nan,nan,nan,nan
3684,54.2105263158,0.6122403495,nan,0.0000905112,40.4329772991,nan,nan,nan,nan,nan,nan,nan
3685,54.2105263158,0.2815925554,nan,0.0011797099,29.2822476891,nan,nan,nan,nan,nan,nan,nan
3686,54.2105263158,1.4005931291,nan,0.0000000001,100.6065021721,nan,nan,nan,nan,nan,nan,nan
3687,54.2105263158,0.9668016392,nan,0.0000006872,61.6292870619,nan,nan,nan,nan,nan,nan,nan
3688,54.2105263158,0.7371371500,nan,0.0000208590,46.8070553754,nan,nan,nan,nan,nan,nan,nan
3689,54.2105263158,0.6643834608,nan,0.0000507023,42.9497267189,nan,nan,nan,nan,nan,nan,nan
3690,54.2105263158,0.6761865632,nan,0.0000441760,43.5481338943,nan,nan,nan,nan,nan,nan,nan
3691,54.2105263158,0.4165482429,nan,0.0005210472,32.8312293982,nan,nan,nan,nan,nan,nan,nan
3692,54.2105263158,0.3154816362,nan,0.0009899970,30.0436613381,nan,nan,nan,nan,nan,nan,nan
3693,54.2105263158,0.9291942707,nan,0.0000012803,58.9268479850,nan,nan,nan,nan,nan,nan,nan
3694,54.2105263158,0.3105023170,nan,0.0010171064,29.9263360153,nan,nan,nan,nan,nan,nan,nan
3695,54.2105263158,0.5828203374,nan,0.0001229064,39.1042542317,nan,nan,nan,nan,nan,nan,nan
3696,54.2105263158,0.7176459421,nan,0.0000267046,45.7341324480,nan,nan,nan,nan,nan,nan,nan
3697,54.2105263158,1.3003494193,nan,0.0000000009,90.3222614403,nan,nan,nan,nan,nan,nan,nan
3698,54.2105263158,0.3840720564,nan,0.0006529756,31.8510306866,nan,nan,nan,nan,nan,nan,nan
3699,54.2105263158,0.8321034120,nan,0.0000056904,52.4485749513,nan,nan,nan,nan,nan,nan,nan
3700,54.2105263158,0.8193143431,nan,0.0000068410,51.6487976916,nan,nan,nan,nan,nan,nan,nan
3701,54.2105263158,1.6289372526,nan,0.0000000000,126.9016908388,nan,nan,nan,nan,nan,nan,nan
3702,54.2105263158,0.4988216098,nan,0.0002708511,35.6726943152,nan,nan,nan,nan,nan,nan,nan
3703,54.2105263158,0.7018687813,nan,0.0000324576,44.8868384883,nan,nan,nan,nan,nan,nan,nan
3704,54.2105263158,0.4650533255,nan,0.0003593967,34.4442593414,nan,nan,nan,nan,nan,nan,nan
3705,54.2105263158,0.2846139814,nan,0.0011623578,29.3466015932,nan,nan,nan,nan,nan,nan,nan
3706,54.2105263158,0.4035510527,nan,0.0005715650,32.4293436767,nan,nan,nan,nan,nan,nan,nan
3707,54.2105263158,0.7495502029,nan,0.0000177606,47.5054296006,nan,nan,nan,nan,nan,nan,nan
3708,54.2105263158,1.1256679224,nan,0.0000000377,74.2360805847,nan,nan,nan,nan,nan,nan,nan
3709,54.2105263158,1.0662662885,nan,0.0000001176,69.2968130162,nan,nan,nan,nan,nan,nan,nan
3710,54.2105263158,1.0576733215,nan,0.0000001379,68.6046048746,nan,nan,nan,nan,nan,nan,nan
3711,54.2105263158,0.5389489079,nan,0.0001885778,37.2450940178,nan,nan,nan,nan,nan,nan,nan
3712,54.2105263158,0.6660530639,nan,0.0000497310,43.0337303474,nan,nan,nan,nan,nan,nan,nan
3713,54.2105263158,0.1187685662,nan,0.0020725860,26.8348744504,nan,nan,nan,nan,nan,nan,nan
3714,54.2105263158,1.1960910234,nan,0.0000000090,80.4408277929,nan,nan,nan,nan,nan,nan,nan
3715,54.2105263158,0.6385824385,nan,0.0000679430,41.6785540974,nan,nan,nan,nan,nan,nan,nan
3716,54.2105263158,0.4769099533,nan,0.0003261581,34.8657182015,nan,nan,nan,nan,nan,nan,nan
3717,54.2105263158,0.1780245086,nan,0.0017808109,27.4938220155,nan,nan,nan,nan,nan,nan,nan
3718,54.2105263158,0.5337383791,nan,0.0001979700,37.0340052289,nan,nan,nan,nan,nan,nan,nan
3719,54.2105263158,0.5443549781,nan,0.0001792138,37.4662856822,nan,nan,nan,nan,nan,nan,nan
3720,54.2105263158,0.5117358597,nan,0.0002418026,36.1653910511,nan,nan,nan,nan,nan,nan,nan
3721,54.2105263158,0.6279008594,nan,0.0000764343,41.1671163161,nan,nan,nan,nan,nan,nan,nan
3722,54.2105263158,0.9099466521,nan,0.0000017436,57.5854569689,nan,nan,nan,nan,nan,nan,nan
3723,54.2105263158,0.7855822218,nan,0.0000109670,49.5991131265,nan,nan,nan,nan,nan,nan,nan
3724,54.2105263158,0.8741462094,nan,0.0000030440,55.1656124496,nan,nan,nan,nan,nan,nan,nan
3725,54.2105263158,0.3755299331,nan,0.0006907962,31.6065007743,nan,nan,nan,nan,nan,nan,nan
3726,54.2105263158,0.4073392841,nan,0.0005565246,32.5451559926,nan,nan,nan,nan,nan,nan,nan
3727,54.2105263158,0.1545654486,nan,0.0019048956,27.2012882458,nan,nan,nan,nan,nan,nan,nan
3728,54.2105263158,0.6409675380,nan,0.0000661616,41.7939390720,nan,nan,nan,nan,nan,nan,nan
3729,54.2105263158,0.9054995074,nan,0.0000018709,57.2795474303,nan,nan,nan,nan,nan,nan,nan
3730,54.2105263158,0.5503751677,nan,0.0001692303,37.7152185880,nan,nan,nan,nan,nan,nan,nan
3731,54.2105263158,1.2405915999,nan,0.0000000035,84.5569321175,nan,nan,nan,nan,nan,nan,nan
3732,54.2105263158,0.4183013793,nan,0.0005144677,32.8864191661,nan,nan,nan,nan,nan,nan,nan
3733,54.2105263158,1.0371018621,nan,0.0000002009,66.9703616882,nan,nan,nan,nan,nan,nan,nan
3734,54.2105263158,1.2169661285,nan,0.0000000058,82.3528444571,nan,nan,nan,nan,nan,nan,nan
3735,54.2105263158,0.4445562571,nan,0.0004225866,33.7408425015,nan,nan,nan,nan,nan,nan,nan
3736,54.2105263158,1.2563275276,nan,0.0000000025,86.0486417154,nan,nan,nan,nan,nan,nan,nan
3737,54.2105263158,0.9179343104,nan,0.0000015351,58.1386977334,nan,nan,nan,nan,nan,nan,nan
3738,54.2105263158,1.5566951372,nan,0.0000000000,118.1512418993,nan,nan,nan,nan,nan,nan,nan
3739,54.2105263158,0.4646764685,nan,0.0003604924,34.4310385316,nan,nan,nan,nan,nan,nan,nan
3740,54.2105263158,0.1233522462,nan,0.0020528618,26.8764028236,nan,nan,nan,nan,nan,nan,nan
3741,54.2105263158,0.6804731964,nan,0.0000419944,43.7680872042,nan,nan,nan,nan,nan,nan,nan
3742,54.2105263158,0.8671539338,nan,0.0000033850,54.7043924033,nan,nan,nan,nan,nan,nan,nan
3743,54.2105263158,0.1278833518,nan,0.0020328203,26.9190100682,nan,nan,nan,nan,nan,nan,nan
3744,54.2105263158,1.6491870937,nan,0.0000000000,129.4261490853,nan,nan,nan,nan,nan,nan,nan
3745,54.2105263158,0.4977797706,nan,0.0002733066,35.6334990054,nan,nan,nan,nan,nan,nan,nan
3746,54.2105263158,0.9719926713,nan,0.0000006294,62.0107839589,nan,nan,nan,nan,nan,nan,nan
3747,54.2105263158,1.0594276543,nan,0.0000001335,68.7454676521,nan,nan,nan,nan,nan,nan,nan
3748,54.2105263158,0.4886679615,nan,0.0002955143,35.2942152553,nan,nan,nan,nan,nan,nan,nan
3749,54.2105263158,0.6248136863,nan,0.0000790511,41.0209182967,nan,nan,nan,nan,nan,nan,nan
3750,54.2105263158,0.6861413907,nan,0.0000392548,44.0610778321,nan,nan,nan,nan,nan,nan,nan
3751,54.2105263158,0.3755342419,nan,0.0006907768,31.6066227235,nan,nan,nan,nan,nan,nan,nan
3752,54.2105263158,0.7128369108,nan,0.0000283540,45.4738611313,nan,nan,nan,nan,nan,nan,nan
3753,54.2105263158,0.2517489111,nan,0.0013540296,28.6837182839,nan,nan,nan,nan,nan,nan,nan
3754,54.2105263158,0.4996727367,nan,0.0002688577,35.7047759850,nan,nan,nan,nan,nan,nan,nan
3755,54.2105263158,0.8490536216,nan,0.0000044384,53.5277817016,nan,nan,nan,nan,nan,nan,nan
3756,54.2105263158,0.7374807067,nan,0.0000207672,46.8262264249,nan,nan,nan,nan,nan,nan,nan
3757,54.2105263158,0.8512489934,nan,0.0000042962,53.6691610809,nan,nan,nan,nan,nan,nan,nan
3758,54.2105263158,0.7082090683,nan,0.0000300258,45.2250585315,nan,nan,nan,nan,nan,nan,nan
3759,54.2105263158,0.3269979981,nan,0.0009284935,30.3222115354,nan,nan,nan,nan,nan,nan,nan
3760,54.2105263158,0.8609910545,nan,0.0000037145,54.3009705750,nan,nan,nan,nan,nan,nan,nan
3761,54.2105263158,1.6277908551,nan,0.0000000000,126.7597131164,nan,nan,nan,nan,nan,nan,nan
3762,54.2105263158,0.7724418742,nan,0.0000131096,48.8241209870,nan,nan,nan,nan,nan,nan,nan
3763,54.2105263158,1.0568872352,nan,0.0000001399,68.5415629023,nan,nan,nan,nan,nan,nan,nan
3764,54.2105263158,1.2830004199,nan,0.0000000014,88.6203504895,nan,nan,nan,nan,nan,nan,nan
3765,54.2105263158,0.5015314769,nan,0.0002645435,35.7750291179,nan,nan,nan,nan,nan,nan,nan
3766,54.2105263158,1.0154871570,nan,0.0000002959,65.2880337798,nan,nan,nan,nan,nan,nan,nan
3767,54.2105263158,0.4696437294,nan,0.0003462450,34.6061645665,nan,nan,nan,nan,nan,nan,nan
3768,54.2105263158,1.1422548092,nan,0.0000000271,75.6634005189,nan,nan,nan,nan,nan,nan,nan
3769,54.2105263158,1.0805861593,nan,0.0000000899,70.4628749502,nan,nan,nan,nan,nan,nan,nan
3770,54.2105263158,0.8320018625,nan,0.0000056988,52.4421753557,nan,nan,nan,nan,nan,nan,nan
3771,54.2105263158,0.4545865146,nan,0.0003907442,34.0810746568,nan,nan,nan,nan,nan,nan,nan
3772,54.2105263158,0.7064892189,nan,0.0000306689,45.1330113706,nan,nan,nan,nan,nan,nan,nan
3773,54.2105263158,1.2301384133,nan,0.0000000044,83.5764650276,nan,nan,nan,nan,nan,nan,nan
3774,54.2105263158,1.2649461798,nan,0.0000000021,86.8736778261,nan,nan,nan,nan,nan,nan,nan
3775,54.2105263158,0.2933381248,nan,0.0011126799,29.5362975723,nan,nan,nan,nan,nan,nan,nan
3776,54.2105263158,0.1934204797,nan,0.0016949681,27.7083846985,nan,nan,nan,nan,nan,nan,nan
3777,54.2105263158,0.1244521422,nan,0.0020480458,26.8866033248,nan,nan,nan,nan,nan,nan,nan
3778,54.2105263158,0.2968938589,nan,0.0010926308,29.6152657451,nan,nan,nan,nan,nan,nan,nan
3779,54.2105263158,0.4200023162,nan,0.0005081374,32.9401885804,nan,nan,nan,nan,nan,nan,nan
3780,54.2105263158,0.0507221009,nan,0.0022886603,26.4041866910,nan,nan,nan,nan,nan,nan,nan
3781,54.2105263158,0.7035244335,nan,0.0000318063,44.9748633451,nan,nan,nan,nan,nan,nan,nan
3782,54.2105263158,1.1450310051,nan,0.0000000257,75.9043475796,nan,nan,nan,nan,nan,nan,nan
3783,54.2105263158,0.3954199881,nan,0.0006047223,32.1844403427,nan,nan,nan,nan,nan,nan,nan
3784,54.2105263158,0.3017970866,nan,0.0010651897,29.7257303601,nan,nan,nan,nan,nan,nan,nan
3785,54.2105263158,1.0330298838,nan,0.0000002162,66.6507036257,nan,nan,nan,nan,nan,nan,nan
3786,54.2105263158,0.5833946409,nan,0.0001221923,39.1295621027,nan,nan,nan,nan,nan,nan,nan
3787,54.2105263158,1.1955913988,nan,0.0000000091,80.3954734680,nan,nan,nan,nan,nan,nan,nan
3788,54.2105263158,0.2292364579,nan,0.0014870299,28.2768029476,nan,nan,nan,nan,nan,nan,nan
3789,54.2105263158,0.5063311670,nan,0.0002536499,35.9576526639,nan,nan,nan,nan,nan,nan,nan
3790,54.2105263158,0.5255067088,nan,0.0002135635,36.7047287647,nan,nan,nan,nan,nan,nan,nan
3791,54.2105263158,1.6018916577,nan,0.0000000000,123.5789804381,nan,nan,nan,nan,nan,nan,nan
3792,54.2105263158,0.6506429075,nan,0.0000593410,42.2664479081,nan,nan,nan,nan,nan,nan,nan
3793,54.2105263158,0.7418094246,nan,0.0000196402,47.0685463455,nan,nan,nan,nan,nan,nan,nan
3794,54.2105263158,0.7163864713,nan,0.0000271282,45.6657979841,nan,nan,nan,nan,nan,nan,nan
3795,54.2105263158,0.8263447742,nan,0.0000061846,52.0869101240,nan,nan,nan,nan,nan,nan,nan
3796,54.2105263158,0.4018854098,nan,0.0005782602,32.3787669050,nan,nan,nan,nan,nan,nan,nan
3797,54.2105263158,0.6046390184,nan,0.0000980988,40.0833644768,nan,nan,nan,nan,nan,nan,nan
3798,54.2105263158,1.0987568348,nan,0.0000000636,71.9650393994,nan,nan,nan,nan,nan,nan,nan
3799,54.2105263158,0.4487369788,nan,0.0004090980,33.8817266998,nan,nan,nan,nan,nan,nan,nan
3800,54.2105263158,0.4817067944,nan,0.0003133819,35.0392613778,nan,nan,nan,nan,nan,nan,nan
3801,54.2105263158,0.8074358718,nan,0.0000080963,50.9171297390,nan,nan,nan,nan,nan,nan,nan
3802,54.2105263158,0.2742788073,nan,0.0012219877,29.1293317481,nan,nan,nan,nan,nan,nan,nan
3803,54.2105263158,1.1652802923,nan,0.0000000171,77.6795928185,nan,nan,nan,nan,nan,nan,nan
3804,54.2105263158,0.3628521096,nan,0.0007492416,31.2537811660,nan,nan,nan,nan,nan,nan,nan
3805,54.2105263158,0.5396478624,nan,0.0001873455,37.2735670074,nan,nan,nan,nan,nan,nan,nan
3806,54.2105263158,0.0899476932,nan,0.0021827378,26.6099843973,nan,nan,nan,nan,nan,nan,nan
3807,54.2105263158,1.1619375123,nan,0.0000000183,77.3843750118,nan,nan,nan,nan,nan,nan,nan
3808,54.2105263158,1.2732078959,nan,0.0000000017,87.6698735523,nan,nan,nan,nan,nan,nan,nan
3809,54.2105263158,1.0649860669,nan,0.0000001204,69.1933272344,nan,nan,nan,nan,nan,nan,nan
3810,54.2105263158,0.4414318928,nan,0.0004328703,33.6364223278,nan,nan,nan,nan,nan,nan,nan
3811,54.2105263158,0.9428337190,nan,0.0000010246,59.8945023701,nan,nan,nan,nan,nan,nan,nan
3812,54.2105263158,1.4087761477,nan,0.0000000001,101.4799311265,nan,nan,nan,nan,nan,nan,nan
3813,54.2105263158,0.3791663742,nan,0.0006745401,31.7099223942,nan,nan,nan,nan,nan,nan,nan
3814,54.2105263158,1.0234360415,nan,0.0000002569,65.9025712136,nan,nan,nan,nan,nan,nan,nan
3815,54.2105263158,0.3727362447,nan,0.0007034402,31.5277284660,nan,nan,nan,nan,nan,nan,nan
3816,54.2105263158,0.5953282727,nan,0.0001081156,39.6611177035,nan,nan,nan,nan,nan,nan,nan
3817,54.2105263158,1.1523656765,nan,0.0000000222,76.5437578773,nan,nan,nan,nan,nan,nan,nan
3818,54.2105263158,0.2918211192,nan,0.0011212699,29.5028982218,nan,nan,nan,nan,nan,nan,nan
3819,54.2105263158,0.4064601320,nan,0.0005599920,32.5181818800,nan,nan,nan,nan,nan,nan,nan
3820,54.2105263158,0.1445961422,nan,0.0019545464,27.0895402349,nan,nan,nan,nan,nan,nan,nan
3821,54.2105263158,0.7742590879,nan,0.0000127923,48.9305129787,nan,nan,nan,nan,nan,nan,nan
3822,54.2105263158,0.1099929620,nan,0.0021087348,26.7597803105,nan,nan,nan,nan,nan,nan,nan
3823,54.2105263158,0.5245045226,nan,0.0002155266,36.6649917720,nan,nan,nan,nan,nan,nan,nan
3824,54.2105263158,0.0390609150,nan,0.0023092720,26.3652491014,nan,nan,nan,nan,nan,nan,nan
3825,54.2105263158,1.3813732073,nan,0.0000000001,98.5751636292,nan,nan,nan,nan,nan,nan,nan
3826,54.2105263158,0.5525045616,nan,0.0001658087,37.8039278972,nan,nan,nan,nan,nan,nan,nan
3827,54.2105263158,0.1014379915,nan,0.0021418284,26.6921531967,nan,nan,nan,nan,nan,nan,nan
3828,54.2105263158,0.6385118562,nan,0.0000679963,41.6751461019,nan,nan,nan,nan,nan,nan,nan
3829,54.2105263158,0.7025257710,nan,0.0000321978,44.9217432044,nan,nan,nan,nan,nan,nan,nan
3830,54.2105263158,0.1014505807,nan,0.0021417814,26.6922486694,nan,nan,nan,nan,nan,nan,nan
3831,54.2105263158,1.1868820879,nan,0.0000000109,79.6079330455,nan,nan,nan,nan,nan,nan,nan
3832,54.2105263158,0.9900425577,nan,0.0000004620,63.3532984594,nan,nan,nan,nan,nan,nan,nan
3833,54.2105263158,0.7977852454,nan,0.0000092670,50.3306040213,nan,nan,nan,nan,nan,nan,nan
3834,54.2105263158,1.0951280308,nan,0.0000000682,71.6630330643,nan,nan,nan,nan,nan,nan,nan
3835,54.2105263158,0.8713454568,nan,0.0000031766,54.9804235279,nan,nan,nan,nan,nan,nan,nan
3836,54.2105263158,0.3492502356,nan,0.0008149100,30.8889034885,nan,nan,nan,nan,nan,nan,nan
3837,54.2105263158,1.0423910033,nan,0.0000001825,67.3874586067,nan,nan,nan,nan,nan,nan,nan
3838,54.2105263158,1.2196463184,nan,0.0000000055,82.6007427657,nan,nan,nan,nan,nan,nan,nan
3839,54.2105263158,0.2698382517,nan,0.0012478248,29.0384638521,nan,nan,nan,nan,nan,nan,nan
3840,54.2105263158,0.5872441065,nan,0.0001174940,39.2998442372,nan,nan,nan,nan,nan,nan,nan
3841,54.2105263158,1.0980502994,nan,0.0000000645,71.9061593507,nan,nan,nan,nan,nan,nan,nan
3842,54.2105263158,0.2524814589,nan,0.0013497076,28.6976031148,nan,nan,nan,nan,nan,nan,nan
3843,54.2105263158,0.8622805188,nan,0.0000036432,54.3851393454,nan,nan,nan,nan,nan,nan,nan
3844,54.2105263158,0.6932207928,nan,0.0000360541,44.4304488956,nan,nan,nan,nan,nan,nan,nan
3845,54.2105263158,0.5081495355,nan,0.0002496148,36.0272969582,nan,nan,nan,nan,nan,nan,nan
3846,54.2105263158,0.9213346069,nan,0.0000014536,58.3756852947,nan,nan,nan,nan,nan,nan,nan
3847,54.2105263158,1.1854480621,nan,0.0000000113,79.4788165916,nan,nan,nan,nan,nan,nan,nan
3848,54.2105263158,0.4429776336,nan,0.0004277608,33.6879903055,nan,nan,nan,nan,nan,nan,nan
3849,54.2105263158,0.8730961729,nan,0.0000030931,55.0961127802,nan,nan,nan,nan,nan,nan,nan
3850,54.2105263158,1.4147943797,nan,0.0000000001,102.1255651032,nan,nan,nan,nan,nan,nan,nan
3851,54.2105263158,1.3769496552,nan,0.0000000002,98.1116398232,nan,nan,nan,nan,nan,nan,nan
3852,54.2105263158,1.0770122288,nan,0.0000000962,70.1703853240,nan,nan,nan,nan,nan,nan,nan
3853,54.2105263158,0.7475176472,nan,0.0000182378,47.3902719990,nan,nan,nan,nan,nan,nan,nan
3854,54.2105263158,0.6522906019,nan,0.0000582422,42.3476249506,nan,nan,nan,nan,nan,nan,nan
3855,54.2105263158,0.4622117260,nan,0.0003677192,34.3448369209,nan,nan,nan,nan,nan,nan,nan
3856,54.2105263158,0.5777139326,nan,0.0001294097,38.8803328315,nan,nan,nan,nan,nan,nan,nan
3857,54.2105263158,1.0427846328,nan,0.0000001812,67.4185852268,nan,nan,nan,nan,nan,nan,nan
3858,54.2105263158,0.6183708223,nan,0.0000847590,40.7181416546,nan,nan,nan,nan,nan,nan,nan
3859,54.2105263158,0.7781220216,nan,0.0000121408,49.1575110006,nan,nan,nan,nan,nan,nan,nan
3860,54.2105263158,0.6474160092,nan,0.0000615451,42.1080666026,nan,nan,nan,nan,nan,nan,nan
3861,54.2105263158,0.1696003574,nan,0.0018264195,27.3839946812,nan,nan,nan,nan,nan,nan,nan
3862,54.2105263158,0.3118847284,nan,0.0010095502,29.9587207905,nan,nan,nan,nan,nan,nan,nan
3863,54.2105263158,0.9431690364,nan,0.0000010190,59.9184702471,nan,nan,nan,nan,nan,nan,nan
3864,54.2105263158,1.2847103966,nan,0.0000000013,88.7870748636,nan,nan,nan,nan,nan,nan,nan
3865,54.2105263158,1.0190973697,nan,0.0000002776,65.5665458769,nan,nan,nan,nan,nan,nan,nan
3866,54.2105263158,0.6489386087,nan,0.0000604965,42.1826994815,nan,nan,nan,nan,nan,nan,nan
3867,54.2105263158,1.2111979228,nan,0.0000000066,81.8211881777,nan,nan,nan,nan,nan,nan,nan
3868,54.2105263158,0.0357521691,nan,0.0023141667,26.3560536141,nan,nan,nan,nan,nan,nan,nan
3869,54.2105263158,1.4298333459,nan,0.0000000000,103.7510474895,nan,nan,nan,nan,nan,nan,nan
3870,54.2105263158,0.2841418094,nan,0.0011650648,29.3364991554,nan,nan,nan,nan,nan,nan,nan
3871,54.2105263158,0.1132848460,nan,0.0020954292,26.7872700201,nan,nan,nan,nan,nan,nan,nan
3872,54.2105263158,1.3228244644,nan,0.0000000006,92.5612304042,nan,nan,nan,nan,nan,nan,nan
3873,54.2105263158,1.2507352264,nan,0.0000000028,85.5163445858,nan,nan,nan,nan,nan,nan,nan
3874,54.2105263158,0.8739548614,nan,0.0000030529,55.1529412687,nan,nan,nan,nan,nan,nan,nan
3875,54.2105263158,1.6484193692,nan,0.0000000000,129.3298679184,nan,nan,nan,nan,nan,nan,nan
3876,54.2105263158,0.6404826432,nan,0.0000665205,41.7704460566,nan,nan,nan,nan,nan,nan,nan
3877,54.2105263158,1.2360090210,nan,0.0000000039,84.1260769144,nan,nan,nan,nan,nan,nan,nan
3878,54.2105263158,1.1871806016,nan,0.0000000109,79.6348302964,nan,nan,nan,nan,nan,nan,nan
3879,54.2105263158,1.1083459302,nan,0.0000000529,72.7679276571,nan,nan,nan,nan,nan,nan,nan
3880,54.2105263158,0.4760553219,nan,0.0003284746,34.8349822132,nan,nan,nan,nan,nan,nan,nan
3881,54.2105263158,0.7020097220,nan,0.0000324017,44.8943236566,nan,nan,nan,nan,nan,nan,nan
3882,54.2105263158,1.5276718502,nan,0.0000000000,114.7481819183,nan,nan,nan,nan,nan,nan,nan
3883,54.2105263158,1.8087922387,nan,0.0000000000,150.4220897364,nan,nan,nan,nan,nan,nan,nan
3884,54.2105263158,0.2523380482,nan,0.0013505536,28.6948816886,nan,nan,nan,nan,nan,nan,nan
3885,54.2105263158,0.5156309166,nan,0.0002335350,36.3164801757,nan,nan,nan,nan,nan,nan,nan
3886,54.2105263158,1.0044242202,nan,0.0000003597,64.4407697127,nan,nan,nan,nan,nan,nan,nan
3887,54.2105263158,0.5470387389,nan,0.0001747062,37.5769180201,nan,nan,nan,nan,nan,nan,nan
3888,54.2105263158,0.5935429080,nan,0.0001101310,39.5809038913,nan,nan,nan,nan,nan,nan,nan
3889,54.2105263158,0.2609270988,nan,0.0012999854,28.8606152703,nan,nan,nan,nan,nan,nan,nan
3890,54.2105263158,0.3004673674,nan,0.0010726071,29.6955932479,nan,nan,nan,nan,nan,nan,nan
3891,54.2105263158,0.1733986275,nan,0.0018059884,27.4328504463,nan,nan,nan,nan,nan,nan,nan
3892,54.2105263158,0.3860833712,nan,0.0006442565,31.9094122379,nan,nan,nan,nan,nan,nan,nan
3893,54.2105263158,1.1809850367,nan,0.0000000124,79.0779809232,nan,nan,nan,nan,nan,nan,nan
3894,54.2105263158,1.0693995106,nan,0.0000001109,69.5506124722,nan,nan,nan,nan,nan,nan,nan
3895,54.2105263158,0.6843887941,nan,0.0000400846,43.9702244261,nan,nan,nan,nan,nan,nan,nan
3896,54.2105263158,1.1634334789,nan,0.0000000177,77.5163858918,nan,nan,nan,nan,nan,nan,nan
3897,54.2105263158,0.4686706367,nan,0.0003490029,34.5717095830,nan,nan,nan,nan,nan,nan,nan
3898,54.2105263158,1.1000010522,nan,0.0000000621,72.0688205282,nan,nan,nan,nan,nan,nan,nan
3899,54.2105263158,0.8617471705,nan,0.0000036726,54.3503100837,nan,nan,nan,nan,nan,nan,nan
3900,54.2105263158,0.5147631440,nan,0.0002353575,36.2827195019,nan,nan,nan,nan,nan,nan,nan
3901,54.2105263158,0.4329705582,nan,0.0004615987,33.3573545838,nan,nan,nan,nan,nan,nan,nan
3902,54.2105263158,0.9688195844,nan,0.0000006641,61.7773447263,nan,nan,nan,nan,nan,nan,nan
3903,54.2105263158,0.3658078236,nan,0.0007353727,31.3349249440,nan,nan,nan,nan,nan,nan,nan
3904,54.2105263158,1.4606229771,nan,0.0000000000,107.1328859673,nan,nan,nan,nan,nan,nan,nan
3905,54.2105263158,0.3531422738,nan,0.0007958153,30.9918770974,nan,nan,nan,nan,nan,nan,nan
3906,54.2105263158,1.1334628873,nan,0.0000000323,74.9042294774,nan,nan,nan,nan,nan,nan,nan
3907,54.2105263158,0.5853226224,nan,0.0001198200,39.2147060231,nan,nan,nan,nan,nan,nan,nan
3908,54.2105263158,0.4550433452,nan,0.0003893362,34.0967524791,nan,nan,nan,nan,nan,nan,nan
3909,54.2105263158,0.3409443698,nan,0.0008564479,30.6729907411,nan,nan,nan,nan,nan,nan,nan
3910,54.2105263158,0.7628362238,nan,0.0000149076,48.2659201969,nan,nan,nan,nan,nan,nan,nan
3911,54.2105263158,1.3398859145,nan,0.0000000004,94.2866733355,nan,nan,nan,nan,nan,nan,nan
3912,54.2105263158,1.1739383021,nan,0.0000000143,78.4481930064,nan,nan,nan,nan,nan,nan,nan
3913,54.2105263158,0.8579330474,nan,0.0000038888,54.1018682552,nan,nan,nan,nan,nan,nan,nan
3914,54.2105263158,0.3850314743,nan,0.0006488076,31.8788410173,nan,nan,nan,nan,nan,nan,nan
3915,54.2105263158,0.7400215533,nan,0.0000200988,46.9682890423,nan,nan,nan,nan,nan,nan,nan
3916,54.2105263158,1.0212629016,nan,0.0000002670,65.7340843796,nan,nan,nan,nan,nan,nan,nan
3917,54.2105263158,1.2778058588,nan,0.0000000015,88.1152461227,nan,nan,nan,nan,nan,nan,nan
3918,54.2105263158,1.5051872216,nan,0.0000000000,112.1560953438,nan,nan,nan,nan,nan,nan,nan
3919,54.2105263158,0.5659810543,nan,0.0001454339,38.3733446773,nan,nan,nan,nan,nan,nan,nan
3920,54.2105263158,0.4157924929,nan,0.0005239007,32.8075098820,nan,nan,nan,nan,nan,nan,nan
3921,54.2105263158,0.2029731165,nan,0.0016403964,27.8505118952,nan,nan,nan,nan,nan,nan,nan
3922,54.2105263158,0.3179880034,nan,0.0009764661,30.1034282875,nan,nan,nan,nan,nan,nan,nan
3923,54.2105263158,0.5611369624,nan,0.0001525078,38.1670797405,nan,nan,nan,nan,nan,nan,nan
3924,54.2105263158,0.2972595706,nan,0.0010905757,29.6234420170,nan,nan,nan,nan,nan,nan,nan
3925,54.2105263158,0.7151242262,nan,0.0000275586,45.5974341685,nan,nan,nan,nan,nan,nan,nan
3926,54.2105263158,0.1699422130,nan,0.0018245899,27.3883472611,nan,nan,nan,nan,nan,nan,nan
3927,54.2105263158,0.7311227940,nan,0.0000225273,46.4729000502,nan,nan,nan,nan,nan,nan,nan
3928,54.2105263158,0.3639462465,nan,0.0007440907,31.2837414977,nan,nan,nan,nan,nan,nan,nan
3929,54.2105263158,0.5520926188,nan,0.0001664662,37.7867397097,nan,nan,nan,nan,nan,nan,nan
3930,54.2105263158,0.4140743723,nan,0.0005304266,32.7537472487,nan,nan,nan,nan,nan,nan,nan
3931,54.2105263158,1.1118045356,nan,0.0000000494,73.0592368666,nan,nan,nan,nan,nan,nan,nan
3932,54.2105263158,0.8421708156,nan,0.0000049126,53.0869182194,nan,nan,nan,nan,nan,nan,nan
3933,54.2105263158,1.4088008088,nan,0.0000000001,101.4825711193,nan,nan,nan,nan,nan,nan,nan
3934,54.2105263158,0.8436525816,nan,0.0000048067,53.1815245996,nan,nan,nan,nan,nan,nan,nan
3935,54.2105263158,0.5381359927,nan,0.0001900192,37.2120253689,nan,nan,nan,nan,nan,nan,nan
3936,54.2105263158,0.8917209340,nan,0.0000023220,56.3413228256,nan,nan,nan,nan,nan,nan,nan
3937,54.2105263158,0.6509622510,nan,0.0000591267,42.2821648776,nan,nan,nan,nan,nan,nan,nan
3938,54.2105263158,0.6251926520,nan,0.0000787259,41.0388257860,nan,nan,nan,nan,nan,nan,nan
3939,54.2105263158,0.7963049319,nan,0.0000094596,50.2412643147,nan,nan,nan,nan,nan,nan,nan
3940,54.2105263158,0.6112693195,nan,0.0000914519,40.3880712466,nan,nan,nan,nan,nan,nan,nan
3941,54.2105263158,0.9564682817,nan,0.0000008173,60.8759911766,nan,nan,nan,nan,nan,nan,nan
3942,54.2105263158,0.4948737905,nan,0.0002802458,35.5246081063,nan,nan,nan,nan,nan,nan,nan
3943,54.2105263158,0.5718761490,nan,0.0001371902,38.6267686835,nan,nan,nan,nan,nan,nan,nan
3944,54.2105263158,0.5664728706,nan,0.0001447309,38.3943863265,nan,nan,nan,nan,nan,nan,nan
3945,54.2105263158,0.3774743294,nan,0.0006820755,31.6616753136,nan,nan,nan,nan,nan,nan,nan
3946,54.2105263158,0.7105931759,nan,0.0000291539,45.3530295597,nan,nan,nan,nan,nan,nan,nan
3947,54.2105263158,1.4217270903,nan,0.0000000001,102.8727365918,nan,nan,nan,nan,nan,nan,nan
3948,54.2105263158,0.4329226543,nan,0.0004617650,33.3557901110,nan,nan,nan,nan,nan,nan,nan
3949,54.2105263158,0.7812572476,nan,0.0000116343,49.3425823520,nan,nan,nan,nan,nan,nan,nan
3950,54.2105263158,1.2397070889,nan,0.0000000036,84.4736452290,nan,nan,nan,nan,nan,nan,nan
3951,54.2105263158,2.3804452099,nan,0.0000000000,241.6353574040,nan,nan,nan,nan,nan,nan,nan
3952,54.2105263158,0.8279955914,nan,0.0000060390,52.1903294618,nan,nan,nan,nan,nan,nan,nan
3953,54.2105263158,0.4505795276,nan,0.0004032516,33.9442391679,nan,nan,nan,nan,nan,nan,nan
3954,54.2105263158,0.5409509561,nan,0.0001850653,37.3267496796,nan,nan,nan,nan,nan,nan,nan
3955,54.2105263158,0.5022469498,nan,0.0002628972,35.8021411662,nan,nan,nan,nan,nan,nan,nan
3956,54.2105263158,0.6537236142,nan,0.0000573008,42.4183932125,nan,nan,nan,nan,nan,nan,nan
3957,54.2105263158,0.3284978984,nan,0.0009206128,30.3592297175,nan,nan,nan,nan,nan,nan,nan
3958,54.2105263158,0.0843574343,nan,0.0022011028,26.5735966523,nan,nan,nan,nan,nan,nan,nan
3959,54.2105263158,0.6863047219,nan,0.0000391782,44.0695567171,nan,nan,nan,nan,nan,nan,nan
3960,54.2105263158,0.3956756230,nan,0.0006036617,32.1920635649,nan,nan,nan,nan,nan,nan,nan
3961,54.2105263158,0.9816201403,nan,0.0000005341,62.7237629182,nan,nan,nan,nan,nan,nan,nan
3962,54.2105263158,0.9680874211,nan,0.0000006724,61.7235896259,nan,nan,nan,nan,nan,nan,nan
3963,54.2105263158,0.9268208613,nan,0.0000013305,58.7599150139,nan,nan,nan,nan,nan,nan,nan
3964,54.2105263158,1.1797428097,nan,0.0000000127,78.9666839997,nan,nan,nan,nan,nan,nan,nan
3965,54.2105263158,1.2907329617,nan,0.0000000012,89.3760600961,nan,nan,nan,nan,nan,nan,nan
3966,54.2105263158,0.7723201585,nan,0.0000131311,48.8170039180,nan,nan,nan,nan,nan,nan,nan
3967,54.2105263158,1.3588615784,nan,0.0000000002,96.2318372119,nan,nan,nan,nan,nan,nan,nan
3968,54.2105263158,0.9465869453,nan,0.0000009631,60.1632653514,nan,nan,nan,nan,nan,nan,nan
3969,54.2105263158,0.9493052498,nan,0.0000009207,60.3585899708,nan,nan,nan,nan,nan,nan,nan
3970,54.2105263158,0.3244073427,nan,0.0009421771,30.2586745198,nan,nan,nan,nan,nan,nan,nan
3971,54.2105263158,0.2420290472,nan,0.0014114553,28.5033288120,nan,nan,nan,nan,nan,nan,nan
3972,54.2105263158,0.5474985860,nan,0.0001739431,37.5959291786,nan,nan,nan,nan,nan,nan,nan
3973,54.2105263158,0.3005441820,nan,0.0010721781,29.6973305505,nan,nan,nan,nan,nan,nan,nan
3974,54.2105263158,0.5876558037,nan,0.0001170005,39.3181224739,nan,nan,nan,nan,nan,nan,nan
3975,54.2105263158,0.6662117037,nan,0.0000496395,43.0417231091,nan,nan,nan,nan,nan,nan,nan
3976,54.2105263158,0.9597390917,nan,0.0000007738,61.1135503437,nan,nan,nan,nan,nan,nan,nan
3977,54.2105263158,0.5390734167,nan,0.0001883578,37.2501633561,nan,nan,nan,nan,nan,nan,nan
3978,54.2105263158,0.9707452875,nan,0.0000006428,61.9189241881,nan,nan,nan,nan,nan,nan,nan
3979,54.2105263158,0.8167289690,nan,0.0000070980,51.4886332377,nan,nan,nan,nan,nan,nan,nan
3980,54.2105263158,0.5465843480,nan,0.0001754628,37.5581482192,nan,nan,nan,nan,nan,nan,nan
3981,54.2105263158,0.4893118840,nan,0.0002939013,35.3179850052,nan,nan,nan,nan,nan,nan,nan
3982,54.2105263158,0.5029544680,nan,0.0002612769,35.8289900238,nan,nan,nan,nan,nan,nan,nan
3983,54.2105263158,0.5295290025,nan,0.0002058267,36.8649818694,nan,nan,nan,nan,nan,nan,nan
3984,54.2105263158,1.2416270326,nan,0.0000000034,84.6545059729,nan,nan,nan,nan,nan,nan,nan
3985,54.2105263158,0.3093097442,nan,0.0010236430,29.8985147571,nan,nan,nan,nan,nan,nan,nan
3986,54.2105263158,0.2916509204,nan,0.0011222350,29.4991618884,nan,nan,nan,nan,nan,nan,nan
3987,54.2105263158,0.3994586853,nan,0.0005881042,32.3054568213,nan,nan,nan,nan,nan,nan,nan
3988,54.2105263158,0.3547284933,nan,0.0007881023,31.0341738653,nan,nan,nan,nan,nan,nan,nan
3989,54.2105263158,0.5845932165,nan,0.0001207130,39.1824606040,nan,nan,nan,nan,nan,nan,nan
3990,54.2105263158,0.9388571203,nan,0.0000010937,59.6109162213,nan,nan,nan,nan,nan,nan,nan
3991,54.2105263158,0.6031738436,nan,0.0000996212,40.0164809594,nan,nan,nan,nan,nan,nan,nan
3992,54.2105263158,0.7632580872,nan,0.0000148242,48.2902878481,nan,nan,nan,nan,nan,nan,nan
3993,54.2105263158,0.6925369712,nan,0.0000363529,44.3946037319,nan,nan,nan,nan,nan,nan,nan
3994,54.2105263158,0.4190066777,nan,0.0005118364,32.9086881648,nan,nan,nan,nan,nan,nan,nan
3995,54.2105263158,0.5112192128,nan,0.0002429161,36.1454369275,nan,nan,nan,nan,nan,nan,nan
3996,54.2105263158,0.3813894168,nan,0.0006647157,31.7736404105,nan,nan,nan,nan,nan,nan,nan
3997,54.2105263158,1.4444781712,nan,0.0000000000,105.3505497448,nan,nan,nan,nan,nan,nan,nan
3998,54.2105263158,0.3125603166,nan,0.0010058657,29.9745999752,nan,nan,nan,nan,nan,nan,nan
3999,54.2105263158,0.3909767866,nan,0.0006233425,32.0527326328,nan,nan,nan,nan,nan,nan,nan
4000,54.2105263158,0.7654649101,nan,0.0000143947,48.4179791598,nan,nan,nan,nan,nan,nan,nan
4001,54.2105263158,0.7265213204,nan,0.0000238830,46.2191038084,nan,nan,nan,nan,nan,nan,nan
4002,54.2105263158,0.8743602872,nan,0.0000030340,55.1797921133,nan,nan,nan,nan,nan,nan,nan
4003,54.2105263158,0.5544127096,nan,0.0001627904,37.8837130561,nan,nan,nan,nan,nan,nan,nan
4004,54.2105263158,0.2030564865,nan,0.0016399165,27.8517826429,nan,nan,nan,nan,nan,nan,nan
4005,54.2105263158,0.6931645238,nan,0.0000360786,44.4274979947,nan,nan,nan,nan,nan,nan,nan
4006,54.2105263158,1.0977804827,nan,0.0000000648,71.8836838806,nan,nan,nan,nan,nan,nan,nan
4007,54.2105263158,0.7549297945,nan,0.0000165511,47.8117371615,nan,nan,nan,nan,nan,nan,nan
4008,54.2105263158,0.3566397267,nan,0.0007788628,31.0853905381,nan,nan,nan,nan,nan,nan,nan
4009,54.2105263158,0.6938537570,nan,0.0000357795,44.4636598950,nan,nan,nan,nan,nan,nan,nan
4010,54.2105263158,0.7019784078,nan,0.0000324141,44.8926604686,nan,nan,nan,nan,nan,nan,nan
4011,54.2105263158,1.0146971211,nan,0.0000003001,65.2272185993,nan,nan,nan,nan,nan,nan,nan
4012,54.2105263158,1.5148106084,nan,0.0000000000,113.2607706630,nan,nan,nan,nan,nan,nan,nan
4013,54.2105263158,0.6494843869,nan,0.0000601244,42.2094947034,nan,nan,nan,nan,nan,nan,nan
4014,54.2105263158,0.7087966162,nan,0.0000298088,45.2565559826,nan,nan,nan,nan,nan,nan,nan
4015,54.2105263158,0.8003168479,nan,0.0000089459,50.4837779103,nan,nan,nan,nan,nan,nan,nan
4016,54.2105263158,1.0570850135,nan,0.0000001394,68.5574197442,nan,nan,nan,nan,nan,nan,nan
4017,54.2105263158,0.7038111579,nan,0.0000316947,44.9901286124,nan,nan,nan,nan,nan,nan,nan
4018,54.2105263158,0.7950938049,nan,0.0000096199,50.1682946988,nan,nan,nan,nan,nan,nan,nan
4019,54.2105263158,0.6234451422,nan,0.0000802354,40.9563406484,nan,nan,nan,nan,nan,nan,nan
4020,54.2105263158,0.4310364243,nan,0.0004683465,33.2943269645,nan,nan,nan,nan,nan,nan,nan
4021,54.2105263158,0.4470775844,nan,0.0004144147,33.8256487261,nan,nan,nan,nan,nan,nan,nan
4022,54.2105263158,0.9247218025,nan,0.0000013764,58.6126363697,nan,nan,nan,nan,nan,nan,nan
4023,54.2105263158,1.0684070363,nan,0.0000001130,69.4701382905,nan,nan,nan,nan,nan,nan,nan
4024,54.2105263158,1.7336771064,nan,0.0000000000,140.2978155825,nan,nan,nan,nan,nan,nan,nan
4025,54.2105263158,1.0849990191,nan,0.0000000827,70.8253675303,nan,nan,nan,nan,nan,nan,nan
4026,54.2105263158,0.2872055663,nan,0.0011475323,29.4023508486,nan,nan,nan,nan,nan,nan,nan
4027,54.2105263158,0.5176735719,nan,0.0002292886,36.3961754943,nan,nan,nan,nan,nan,nan,nan
4028,54.2105263158,0.5048121394,nan,0.0002570594,35.8996658370,nan,nan,nan,nan,nan,nan,nan
4029,54.2105263158,0.7347682826,nan,0.0000215025,46.6751131982,nan,nan,nan,nan,nan,nan,nan
4030,54.2105263158,0.5036327661,nan,0.0002597308,35.8547657457,nan,nan,nan,nan,nan,nan,nan
4031,54.2105263158,0.0551154245,nan,0.0022795562,26.4214968702,nan,nan,nan,nan,nan,nan,nan
4032,54.2105263158,0.6868379576,nan,0.0000389291,44.0972523115,nan,nan,nan,nan,nan,nan,nan
4033,54.2105263158,0.7491642417,nan,0.0000178503,47.4835381690,nan,nan,nan,nan,nan,nan,nan
4034,54.2105263158,0.1878598000,nan,0.0017263050,27.6288247337,nan,nan,nan,nan,nan,nan,nan
4035,54.2105263158,1.2777789376,nan,0.0000000015,88.1126337583,nan,nan,nan,nan,nan,nan,nan
4036,54.2105263158,0.2470252040,nan,0.0013819238,28.5951591902,nan,nan,nan,nan,nan,nan,nan
4037,54.2105263158,1.0776229553,nan,0.0000000951,70.2202979651,nan,nan,nan,nan,nan,nan,nan
4038,54.2105263158,0.0206950020,nan,0.0023310236,26.3245332297,nan,nan,nan,nan,nan,nan,nan
4039,54.2105263158,0.6399279687,nan,0.0000669330,41.7435941734,nan,nan,nan,nan,nan,nan,nan
4040,54.2105263158,0.3166488805,nan,0.0009836857,30.0714362943,nan,nan,nan,nan,nan,nan,nan
4041,54.2105263158,1.4269443651,nan,0.0000000000,103.4374508330,nan,nan,nan,nan,nan,nan,nan
4042,54.2105263158,0.3179544399,nan,0.0009766468,30.1026247890,nan,nan,nan,nan,nan,nan,nan
4043,54.2105263158,1.0637244110,nan,0.0000001233,69.0914645922,nan,nan,nan,nan,nan,nan,nan
4044,54.2105263158,0.5324492176,nan,0.0002003504,36.9820971681,nan,nan,nan,nan,nan,nan,nan
4045,54.2105263158,0.4479426832,nan,0.0004116368,33.8548579991,nan,nan,nan,nan,nan,nan,nan
4046,54.2105263158,0.1743563696,nan,0.0018008016,27.4453414166,nan,nan,nan,nan,nan,nan,nan
4047,54.2105263158,0.0296572846,nan,0.0023220649,26.3412563724,nan,nan,nan,nan,nan,nan,nan
4048,54.2105263158,0.6642271294,nan,0.0000507940,42.9418720008,nan,nan,nan,nan,nan,nan,nan
4049,54.2105263158,0.2625374322,nan,0.0012905328,28.8923094532,nan,nan,nan,nan,nan,nan,nan
4050,54.2105263158,0.7684458574,nan,0.0000138323,48.5910518716,nan,nan,nan,nan,nan,nan,nan
4051,54.2105263158,0.8055851854,nan,0.0000083098,50.8041026324,nan,nan,nan,nan,nan,nan,nan
4052,54.2105263158,0.3030585063,nan,0.0010581706,29.7544432775,nan,nan,nan,nan,nan,nan,nan
4053,54.2105263158,0.6377507729,nan,0.0000685737,41.6384220274,nan,nan,nan,nan,nan,nan,nan
4054,54.2105263158,0.4763187921,nan,0.0003277592,34.8444517463,nan,nan,nan,nan,nan,nan,nan
4055,54.2105263158,1.8290654084,nan,0.0000000000,153.2286162045,nan,nan,nan,nan,nan,nan,nan
4056,54.2105263158,0.9575456988,nan,0.0000008028,60.9541539342,nan,nan,nan,nan,nan,nan,nan
4057,54.2105263158,0.2450198529,nan,0.0013937749,28.5580736192,nan,nan,nan,nan,nan,nan,nan
4058,54.2105263158,0.3594244018,nan,0.0007655069,31.1605091193,nan,nan,nan,nan,nan,nan,nan
4059,54.2105263158,0.9100223838,nan,0.0000017415,57.5906794435,nan,nan,nan,nan,nan,nan,nan
4060,54.2105263158,1.1621893828,nan,0.0000000182,77.4065892419,nan,nan,nan,nan,nan,nan,nan
4061,54.2105263158,0.5161225644,nan,0.0002325074,36.3356331151,nan,nan,nan,nan,nan,nan,nan
4062,54.2105263158,0.2382395356,nan,0.0014338589,28.4349357889,nan,nan,nan,nan,nan,nan,nan
4063,54.2105263158,0.8898530839,nan,0.0000023904,56.2152494127,nan,nan,nan,nan,nan,nan,nan
4064,54.2105263158,1.5756078040,nan,0.0000000000,120.4034837961,nan,nan,nan,nan,nan,nan,nan
4065,54.2105263158,0.3350205929,nan,0.0008867077,30.5221951974,nan,nan,nan,nan,nan,nan,nan
4066,54.2105263158,0.5670041661,nan,0.0001439747,38.4171377018,nan,nan,nan,nan,nan,nan,nan
4067,54.2105263158,1.0353737455,nan,0.0000002073,66.8345466851,nan,nan,nan,nan,nan,nan,nan
4068,54.2105263158,0.8824751912,nan,0.0000026793,55.7198675459,nan,nan,nan,nan,nan,nan,nan
4069,54.2105263158,0.6627615278,nan,0.0000516616,42.8683246906,nan,nan,nan,nan,nan,nan,nan
4070,54.2105263158,0.3214674596,nan,0.0009578139,30.1871884740,nan,nan,nan,nan,nan,nan,nan
4071,54.2105263158,1.2773236376,nan,0.0000000016,88.0684608958,nan,nan,nan,nan,nan,nan,nan
4072,54.2105263158,0.2890242417,nan,0.0011371619,29.4417771703,nan,nan,nan,nan,nan,nan,nan
4073,54.2105263158,0.1123012706,nan,0.0020994373,26.7789709830,nan,nan,nan,nan,nan,nan,nan
4074,54.2105263158,0.9851570016,nan,0.0000005026,62.9874673097,nan,nan,nan,nan,nan,nan,nan
4075,54.2105263158,0.9299083560,nan,0.0000012656,58.9771570106,nan,nan,nan,nan,nan,nan,nan
4076,54.2105263158,0.6759672040,nan,0.0000442903,43.5369158716,nan,nan,nan,nan,nan,nan,nan
4077,54.2105263158,0.9216470864,nan,0.0000014463,58.3975081409,nan,nan,nan,nan,nan,nan,nan
4078,54.2105263158,0.2200028070,nan,0.0015413506,28.1209856413,nan,nan,nan,nan,nan,nan,nan
4079,54.2105263158,0.8722748547,nan,0.0000031320,55.0418100714,nan,nan,nan,nan,nan,nan,nan
4080,54.2105263158,0.9196818895,nan,0.0000014927,58.2603871360,nan,nan,nan,nan,nan,nan,nan
4081,54.2105263158,0.2910091896,nan,0.0011258761,29.4850938545,nan,nan,nan,nan,nan,nan,nan
4082,54.2105263158,0.8025681620,nan,0.0000086688,50.6204032328,nan,nan,nan,nan,nan,nan,nan
4083,54.2105263158,0.5354497339,nan,0.0001948450,37.1031080196,nan,nan,nan,nan,nan,nan,nan
4084,54.2105263158,0.1449934321,nan,0.0019526076,27.0938501761,nan,nan,nan,nan,nan,nan,nan
4085,54.2105263158,0.7610777670,nan,0.0000152599,48.1644943261,nan,nan,nan,nan,nan,nan,nan
4086,54.2105263158,0.8516232854,nan,0.0000042724,53.6933017094,nan,nan,nan,nan,nan,nan,nan
4087,54.2105263158,0.9236379343,nan,0.0000014006,58.5367192408,nan,nan,nan,nan,nan,nan,nan
4088,54.2105263158,1.8078865283,nan,0.0000000000,150.2974417316,nan,nan,nan,nan,nan,nan,nan
4089,54.2105263158,1.0559397516,nan,0.0000001424,68.4656399881,nan,nan,nan,nan,nan,nan,nan
4090,54.2105263158,0.6327375191,nan,0.0000724833,41.3976218936,nan,nan,nan,nan,nan,nan,nan
4091,54.2105263158,0.4888934672,nan,0.0002949486,35.3025359864,nan,nan,nan,nan,nan,nan,nan
4092,54.2105263158,0.4143720072,nan,0.0005292922,32.7630446628,nan,nan,nan,nan,nan,nan,nan
4093,54.2105263158,0.7031690013,nan,0.0000319452,44.9559487445,nan,nan,nan,nan,nan,nan,nan
4094,54.2105263158,0.7138765580,nan,0.0000279899,45.5299790624,nan,nan,nan,nan,nan,nan,nan
4095,54.2105263158,1.0858709302,nan,0.0000000813,70.8971661839,nan,nan,nan,nan,nan,nan,nan
4096,54.2105263158,0.9129512628,nan,0.0000016623,57.7929913117,nan,nan,nan,nan,nan,nan,nan
4097,54.2105263158,0.6146848160,nan,0.0000881791,40.5463411232,nan,nan,nan,nan,nan,nan,nan
4098,54.2105263158,0.4093046453,nan,0.0005488240,32.6056692146,nan,nan,nan,nan,nan,nan,nan
4099,54.2105263158,0.3607303372,nan,0.0007592870,31.1959401514,nan,nan,nan,nan,nan,nan,nan
4100,54.2105263158,0.6357192722,nan,0.0000701356,41.5406131261,nan,nan,nan,nan,nan,nan,nan
4101,54.2105263158,0.5360535736,nan,0.0001937518,37.1275435896,nan,nan,nan,nan,nan,nan,nan
4102,54.2105263158,0.7356736988,nan,0.0000212545,46.7254930024,nan,nan,nan,nan,nan,nan,nan
4103,54.2105263158,0.1175998549,nan,0.0020775243,26.8245389807,nan,nan,nan,nan,nan,nan,nan
4104,54.2105263158,0.5615430523,nan,0.0001519042,38.1843028332,nan,nan,nan,nan,nan,nan,nan
4105,54.2105263158,1.2483938260,nan,0.0000000030,85.2941905563,nan,nan,nan,nan,nan,nan,nan
4106,54.2105263158,0.6969781025,nan,0.0000344506,44.6280379983,nan,nan,nan,nan,nan,nan,nan
4107,54.2105263158,0.2387631031,nan,0.0014307638,28.4443204672,nan,nan,nan,nan,nan,nan,nan
4108,54.2105263158,0.8479576412,nan,0.0000045109,53.4573393151,nan,nan,nan,nan,nan,nan,nan
4109,54.2105263158,0.6675850072,nan,0.0000488540,43.1109944532,nan,nan,nan,nan,nan,nan,nan
4110,54.2105263158,0.3154869797,nan,0.0009899680,30.0437882525,nan,nan,nan,nan,nan,nan,nan
4111,54.2105263158,0.5889030393,nan,0.0001155161,39.3735750185,nan,nan,nan,nan,nan,nan,nan
4112,54.2105263158,0.1546385643,nan,0.0019045240,27.2021354986,nan,nan,nan,nan,nan,nan,nan
4113,54.2105263158,0.5844161504,nan,0.0001209306,39.1746390083,nan,nan,nan,nan,nan,nan,nan
4114,54.2105263158,1.0832536887,nan,0.0000000855,70.6818203756,nan,nan,nan,nan,nan,nan,nan
4115,54.2105263158,0.4185722409,nan,0.0005134561,32.8949668467,nan,nan,nan,nan,nan,nan,nan
4116,54.2105263158,0.7135288127,nan,0.0000281112,45.5111993554,nan,nan,nan,nan,nan,nan,nan
4117,54.2105263158,1.0870466596,nan,0.0000000795,70.9940750392,nan,nan,nan,nan,nan,nan,nan
4118,54.2105263158,0.8379400384,nan,0.0000052267,52.8177165957,nan,nan,nan,nan,nan,nan,nan
4119,54.2105263158,0.7222117720,nan,0.0000252181,45.9828709190,nan,nan,nan,nan,nan,nan,nan
4120,54.2105263158,0.4282641758,nan,0.0004781363,33.2044828397,nan,nan,nan,nan,nan,nan,nan
4121,54.2105263158,0.9227626774,nan,0.0000014205,58.4754792078,nan,nan,nan,nan,nan,nan,nan
4122,54.2105263158,0.1289762831,nan,0.0020279074,26.9295187041,nan,nan,nan,nan,nan,nan,nan
4123,54.2105263158,0.7966827283,nan,0.0000094101,50.2640491754,nan,nan,nan,nan,nan,nan,nan
4124,54.2105263158,1.0040699298,nan,0.0000003619,64.4137904092,nan,nan,nan,nan,nan,nan,nan
4125,54.2105263158,0.4330909537,nan,0.0004611809,33.3612873024,nan,nan,nan,nan,nan,nan,nan
4126,54.2105263158,0.7141725072,nan,0.0000278871,45.5459688192,nan,nan,nan,nan,nan,nan,nan
4127,54.2105263158,0.7165947816,nan,0.0000270577,45.6770918313,nan,nan,nan,nan,nan,nan,nan
4128,54.2105263158,0.3209138387,nan,0.0009607713,30.1737999217,nan,nan,nan,nan,nan,nan,nan
4129,54.2105263158,0.3812899422,nan,0.0006651535,31.7707812079,nan,nan,nan,nan,nan,nan,nan
4130,54.2105263158,0.8222423946,nan,0.0000065602,51.8308061679,nan,nan,nan,nan,nan,nan,nan
4131,54.2105263158,0.5695969729,nan,0.0001403306,38.5284759697,nan,nan,nan,nan,nan,nan,nan
4132,54.2105263158,0.4344488955,nan,0.0004564865,33.4057206163,nan,nan,nan,nan,nan,nan,nan
4133,54.2105263158,0.4995150977,nan,0.0002692260,35.6988299169,nan,nan,nan,nan,nan,nan,nan
4134,54.2105263158,0.7383849245,nan,0.0000205271,46.8767262757,nan,nan,nan,nan,nan,nan,nan
4135,54.2105263158,0.6917692994,nan,0.0000366910,44.3544056467,nan,nan,nan,nan,nan,nan,nan
4136,54.2105263158,1.1205483876,nan,0.0000000417,73.7997814742,nan,nan,nan,nan,nan,nan,nan
4137,54.2105263158,0.6329939488,nan,0.0000722788,41.4098925034,nan,nan,nan,nan,nan,nan,nan
4138,54.2105263158,0.7054112118,nan,0.0000310783,45.0754307327,nan,nan,nan,nan,nan,nan,nan
4139,54.2105263158,0.3658382357,nan,0.0007352308,31.3357632936,nan,nan,nan,nan,nan,nan,nan
4140,54.2105263158,0.3189925306,nan,0.0009710652,30.1275158776,nan,nan,nan,nan,nan,nan,nan
4141,54.2105263158,0.5056900266,nan,0.0002550847,35.9331566135,nan,nan,nan,nan,nan,nan,nan
4142,54.2105263158,0.5747915510,nan,0.0001332577,38.7530752725,nan,nan,nan,nan,nan,nan,nan
4143,54.2105263158,0.8329569485,nan,0.0000056203,52.5023954087,nan,nan,nan,nan,nan,nan,nan
4144,54.2105263158,0.3408835802,nan,0.0008567557,30.6714297770,nan,nan,nan,nan,nan,nan,nan
4145,54.2105263158,0.4015377061,nan,0.0005796642,32.3682355337,nan,nan,nan,nan,nan,nan,nan
4146,54.2105263158,0.7260106348,nan,0.0000240379,46.1910361252,nan,nan,nan,nan,nan,nan,nan
4147,54.2105263158,1.2994544793,nan,0.0000000009,90.2339065090,nan,nan,nan,nan,nan,nan,nan
4148,54.2105263158,0.8045698843,nan,0.0000084291,50.7422059298,nan,nan,nan,nan,nan,nan,nan
4149,54.2105263158,0.7171312040,nan,0.0000268770,45.7061899699,nan,nan,nan,nan,nan,nan,nan
4150,54.2105263158,0.7266706094,nan,0.0000238379,46.2273126004,nan,nan,nan,nan,nan,nan,nan
4151,54.2105263158,0.4101495050,nan,0.0005455352,32.6317724108,nan,nan,nan,nan,nan,nan,nan
4152,54.2105263158,0.8996294500,nan,0.0000020521,56.8780677094,nan,nan,nan,nan,nan,nan,nan
4153,54.2105263158,0.9221006903,nan,0.0000014358,58.4292000481,nan,nan,nan,nan,nan,nan,nan
4154,54.2105263158,0.3378498507,nan,0.0008721908,30.5938849710,nan,nan,nan,nan,nan,nan,nan
4155,54.2105263158,0.1917692354,nan,0.0017043094,27.6845156122,nan,nan,nan,nan,nan,nan,nan
4156,54.2105263158,0.2578280868,nan,0.0013182041,28.8001734059,nan,nan,nan,nan,nan,nan,nan
4157,54.2105263158,0.7969905393,nan,0.0000093700,50.2826212590,nan,nan,nan,nan,nan,nan,nan
4158,54.2105263158,0.9653675209,nan,0.0000007040,61.5242538959,nan,nan,nan,nan,nan,nan,nan
4159,54.2105263158,1.2678369802,nan,0.0000000019,87.1516760312,nan,nan,nan,nan,nan,nan,nan
4160,54.2105263158,0.4480690801,nan,0.0004112321,33.8591304339,nan,nan,nan,nan,nan,nan,nan
4161,54.2105263158,0.6921728437,nan,0.0000365129,44.3755310987,nan,nan,nan,nan,nan,nan,nan
4162,54.2105263158,0.0751924398,nan,0.0022289379,26.5190203182,nan,nan,nan,nan,nan,nan,nan
4163,54.2105263158,0.8775141327,nan,0.0000028913,55.3890952301,nan,nan,nan,nan,nan,nan,nan
4164,54.2105263158,0.3016578544,nan,0.0010659655,29.7225684863,nan,nan,nan,nan,nan,nan,nan
4165,54.2105263158,0.4672992775,nan,0.0003529169,34.5232749670,nan,nan,nan,nan,nan,nan,nan
4166,54.2105263158,0.9319407970,nan,0.0000012245,59.1205602084,nan,nan,nan,nan,nan,nan,nan
4167,54.2105263158,0.9333720236,nan,0.0000011963,59.2217324841,nan,nan,nan,nan,nan,nan,nan
4168,54.2105263158,0.9451043089,nan,0.0000009870,60.0569675736,nan,nan,nan,nan,nan,nan,nan
4169,54.2105263158,0.1111562842,nan,0.0021040683,26.7694017413,nan,nan,nan,nan,nan,nan,nan
4170,54.2105263158,0.0574604172,nan,0.0022744016,26.4313284015,nan,nan,nan,nan,nan,nan,nan
4171,54.2105263158,0.3792469465,nan,0.0006741825,31.7122252539,nan,nan,nan,nan,nan,nan,nan
4172,54.2105263158,0.7301236306,nan,0.0000228157,46.4176537268,nan,nan,nan,nan,nan,nan,nan
4173,54.2105263158,1.0376388092,nan,0.0000001989,67.0126074852,nan,nan,nan,nan,nan,nan,nan
4174,54.2105263158,0.6675967914,nan,0.0000488474,43.1115894841,nan,nan,nan,nan,nan,nan,nan
4175,54.2105263158,1.4317827447,nan,0.0000000000,103.9630138518,nan,nan,nan,nan,nan,nan,nan
4176,54.2105263158,0.8556957458,nan,0.0000040210,53.9566523780,nan,nan,nan,nan,nan,nan,nan
4177,54.2105263158,0.5244416076,nan,0.0002156503,36.6624997176,nan,nan,nan,nan,nan,nan,nan
4178,54.2105263158,0.2673839721,nan,0.0012621525,28.9888818089,nan,nan,nan,nan,nan,nan,nan
4179,54.2105263158,1.3951241361,nan,0.0000000001,100.0256137659,nan,nan,nan,nan,nan,nan,nan
4180,54.2105263158,0.4267084331,nan,0.0004836911,33.1543192325,nan,nan,nan,nan,nan,nan,nan
4181,54.2105263158,0.4431616818,nan,0.0004271553,33.6941424839,nan,nan,nan,nan,nan,nan,nan
4182,54.2105263158,0.6467611987,nan,0.0000620008,42.0760241678,nan,nan,nan,nan,nan,nan,nan
4183,54.2105263158,1.9212211493,nan,0.0000000000,166.3830127811,nan,nan,nan,nan,nan,nan,nan
4184,54.2105263158,0.8800470229,nan,0.0000027812,55.5577380535,nan,nan,nan,nan,nan,nan,nan
4185,54.2105263158,0.7370283382,nan,0.0000208882,46.8009853705,nan,nan,nan,nan,nan,nan,nan
4186,54.2105263158,0.0337579946,nan,0.0023169109,26.3509067043,nan,nan,nan,nan,nan,nan,nan
4187,54.2105263158,0.4791126334,nan,0.0003202439,34.9451911745,nan,nan,nan,nan,nan,nan,nan
4188,54.2105263158,0.8415272009,nan,0.0000049592,53.0458774543,nan,nan,nan,nan,nan,nan,nan
4189,54.2105263158,0.6882237445,nan,0.0000382884,44.1693295556,nan,nan,nan,nan,nan,nan,nan
4190,54.2105263158,0.5735786946,nan,0.0001348823,38.7004510958,nan,nan,nan,nan,nan,nan,nan
4191,54.2105263158,0.8311841164,nan,0.0000057668,52.3906700957,nan,nan,nan,nan,nan,nan,nan
4192,54.2105263158,1.1555954819,nan,0.0000000208,76.8266235134,nan,nan,nan,nan,nan,nan,nan
4193,54.2105263158,0.7460890993,nan,0.0000185801,47.3095236789,nan,nan,nan,nan,nan,nan,nan
4194,54.2105263158,0.7526552536,nan,0.0000170531,47.6819585529,nan,nan,nan,nan,nan,nan,nan
4195,54.2105263158,0.9954312554,nan,0.0000004208,63.7589168814,nan,nan,nan,nan,nan,nan,nan
4196,54.2105263158,0.9057777745,nan,0.0000018627,57.2986445935,nan,nan,nan,nan,nan,nan,nan
4197,54.2105263158,0.4002179750,nan,0.0005850128,32.3283465423,nan,nan,nan,nan,nan,nan,nan
4198,54.2105263158,0.3064598560,nan,0.0010393297,29.8324666649,nan,nan,nan,nan,nan,nan,nan
4199,54.2105263158,1.0204021971,nan,0.0000002712,65.6674522837,nan,nan,nan,nan,nan,nan,nan
4200,54.2105263158,0.8113586494,nan,0.0000076603,51.1575686697,nan,nan,nan,nan,nan,nan,nan
4201,54.2105263158,0.6906728600,nan,0.0000371786,44.2970698823,nan,nan,nan,nan,nan,nan,nan
4202,54.2105263158,1.5602838636,nan,0.0000000000,118.5765067492,nan,nan,nan,nan,nan,nan,nan
4203,54.2105263158,0.5914346349,nan,0.0001125513,39.4864944276,nan,nan,nan,nan,nan,nan,nan
4204,54.2105263158,1.4298097802,nan,0.0000000000,103.7484868747,nan,nan,nan,nan,nan,nan,nan
4205,54.2105263158,0.5110554410,nan,0.0002432699,36.1391159070,nan,nan,nan,nan,nan,nan,nan
4206,54.2105263158,0.4120193195,nan,0.0005383025,32.6897356809,nan,nan,nan,nan,nan,nan,nan
4207,54.2105263158,0.5548091941,nan,0.0001621688,37.9003259464,nan,nan,nan,nan,nan,nan,nan
4208,54.2105263158,0.1319270606,nan,0.0020144940,26.9583401581,nan,nan,nan,nan,nan,nan,nan
4209,54.2105263158,1.5262853365,nan,0.0000000000,114.5872221618,nan,nan,nan,nan,nan,nan,nan
4210,54.2105263158,0.4335289265,nan,0.0004596632,33.3756029487,nan,nan,nan,nan,nan,nan,nan
4211,54.2105263158,0.9215530964,nan,0.0000014485,58.3909433165,nan,nan,nan,nan,nan,nan,nan
4212,54.2105263158,1.2531415452,nan,0.0000000027,85.7450945647,nan,nan,nan,nan,nan,nan,nan
4213,54.2105263158,0.9791430242,nan,0.0000005572,62.5396401817,nan,nan,nan,nan,nan,nan,nan
4214,54.2105263158,0.5609788346,nan,0.0001527434,38.1603766098,nan,nan,nan,nan,nan,nan,nan
4215,54.2105263158,0.4844564491,nan,0.0003062296,35.1395281421,nan,nan,nan,nan,nan,nan,nan
4216,54.2105263158,0.0698390065,nan,0.0022438512,26.4900594061,nan,nan,nan,nan,nan,nan,nan
4217,54.2105263158,0.2528707468,nan,0.0013474113,28.7049982579,nan,nan,nan,nan,nan,nan,nan
4218,54.2105263158,0.5811071907,nan,0.0001250573,39.0289098698,nan,nan,nan,nan,nan,nan,nan
4219,54.2105263158,0.2973255892,nan,0.0010902048,29.6249190849,nan,nan,nan,nan,nan,nan,nan
4220,54.2105263158,1.0156838678,nan,0.0000002949,65.3031835393,nan,nan,nan,nan,nan,nan,nan
4221,54.2105263158,0.7767187458,nan,0.0000123739,49.0749186740,nan,nan,nan,nan,nan,nan,nan
4222,54.2105263158,0.1417353637,nan,0.0019684044,27.0588568136,nan,nan,nan,nan,nan,nan,nan
4223,54.2105263158,0.4041709215,nan,0.0005690862,32.4482195560,nan,nan,nan,nan,nan,nan,nan
4224,54.2105263158,1.6153948748,nan,0.0000000000,125.2309332541,nan,nan,nan,nan,nan,nan,nan
4225,54.2105263158,0.6291506560,nan,0.0000753961,41.2265086117,nan,nan,nan,nan,nan,nan,nan
4226,54.2105263158,0.4526543645,nan,0.0003967399,34.0149410502,nan,nan,nan,nan,nan,nan,nan
4227,54.2105263158,0.8816661629,nan,0.0000027128,55.6657985588,nan,nan,nan,nan,nan,nan,nan
4228,54.2105263158,1.4266351596,nan,0.0000000000,103.4039246283,nan,nan,nan,nan,nan,nan,nan
4229,54.2105263158,0.4821156120,nan,0.0003123106,35.0541326615,nan,nan,nan,nan,nan,nan,nan
4230,54.2105263158,0.6150629986,nan,0.0000878229,40.5639202000,nan,nan,nan,nan,nan,nan,nan
4231,54.2105263158,0.3386049916,nan,0.0008683360,30.6131218396,nan,nan,nan,nan,nan,nan,nan
4232,54.2105263158,1.6062470728,nan,0.0000000000,124.1102875830,nan,nan,nan,nan,nan,nan,nan
4233,54.2105263158,1.0542775744,nan,0.0000001468,68.3326134098,nan,nan,nan,nan,nan,nan,nan
4234,54.2105263158,0.3550717413,nan,0.0007864386,31.0433517247,nan,nan,nan,nan,nan,nan,nan
4235,54.2105263158,0.7295254338,nan,0.0000229900,46.3846142651,nan,nan,nan,nan,nan,nan,nan
4236,54.2105263158,0.4275972539,nan,0.0004805122,33.1829560129,nan,nan,nan,nan,nan,nan,nan
4237,54.2105263158,0.4354608017,nan,0.0004530100,33.4389222844,nan,nan,nan,nan,nan,nan,nan
4238,54.2105263158,1.3213345454,nan,0.0000000006,92.4116095646,nan,nan,nan,nan,nan,nan,nan
4239,54.2105263158,0.9412469544,nan,0.0000010517,59.7811996386,nan,nan,nan,nan,nan,nan,nan
4240,54.2105263158,0.9174656715,nan,0.0000015466,58.1061045440,nan,nan,nan,nan,nan,nan,nan
4241,54.2105263158,0.5621489448,nan,0.0001510072,38.2100232665,nan,nan,nan,nan,nan,nan,nan
4242,54.2105263158,1.0093882081,nan,0.0000003296,64.8197857750,nan,nan,nan,nan,nan,nan,nan
4243,54.2105263158,0.3814483123,nan,0.0006644566,31.7753336001,nan,nan,nan,nan,nan,nan,nan
4244,54.2105263158,1.2749753593,nan,0.0000000016,87.8408842526,nan,nan,nan,nan,nan,nan,nan
4245,54.2105263158,0.5456384102,nan,0.0001770466,37.5191241401,nan,nan,nan,nan,nan,nan,nan
4246,54.2105263158,1.0642289532,nan,0.0000001221,69.1321853708,nan,nan,nan,nan,nan,nan,nan
4247,54.2105263158,1.0212784511,nan,0.0000002670,65.7352886757,nan,nan,nan,nan,nan,nan,nan
4248,54.2105263158,0.3537533250,nan,0.0007928393,31.0081482801,nan,nan,nan,nan,nan,nan,nan
4249,54.2105263158,0.6622203392,nan,0.0000519851,42.8412079127,nan,nan,nan,nan,nan,nan,nan
4250,54.2105263158,0.5861734197,nan,0.0001187854,39.2523689971,nan,nan,nan,nan,nan,nan,nan
4251,54.2105263158,1.0444949033,nan,0.0000001756,67.5539637863,nan,nan,nan,nan,nan,nan,nan
4252,54.2105263158,0.5316722154,nan,0.0002017961,36.9508721949,nan,nan,nan,nan,nan,nan,nan
4253,54.2105263158,0.3294164346,nan,0.0009158021,30.3819837460,nan,nan,nan,nan,nan,nan,nan
4254,54.2105263158,0.5337446640,nan,0.0001979585,37.0342586006,nan,nan,nan,nan,nan,nan,nan
4255,54.2105263158,1.4079135949,nan,0.0000000001,101.3876236432,nan,nan,nan,nan,nan,nan,nan
4256,54.2105263158,0.5550378384,nan,0.0001618113,37.9099116842,nan,nan,nan,nan,nan,nan,nan
4257,54.2105263158,0.7420783592,nan,0.0000195720,47.0836482831,nan,nan,nan,nan,nan,nan,nan
4258,54.2105263158,0.0536885495,nan,0.0022825924,26.4157162664,nan,nan,nan,nan,nan,nan,nan
4259,54.2105263158,0.4315384077,nan,0.0004665887,33.3106578133,nan,nan,nan,nan,nan,nan,nan
4260,54.2105263158,0.6939202844,nan,0.0000357507,44.4671522928,nan,nan,nan,nan,nan,nan,nan
4261,54.2105263158,0.4377813316,nan,0.0004451071,33.5153547090,nan,nan,nan,nan,nan,nan,nan
4262,54.2105263158,0.1239833410,nan,0.0020501024,26.8822444933,nan,nan,nan,nan,nan,nan,nan
4263,54.2105263158,1.0693673040,nan,0.0000001110,69.5479998439,nan,nan,nan,nan,nan,nan,nan
4264,54.2105263158,0.1381356855,nan,0.0019855806,27.0211247463,nan,nan,nan,nan,nan,nan,nan
4265,54.2105263158,0.4160786114,nan,0.0005228192,32.8164847285,nan,nan,nan,nan,nan,nan,nan
4266,54.2105263158,1.1252016754,nan,0.0000000381,74.1962630681,nan,nan,nan,nan,nan,nan,nan
4267,54.2105263158,0.5309770898,nan,0.0002030965,36.9229764415,nan,nan,nan,nan,nan,nan,nan
4268,54.2105263158,1.2325143069,nan,0.0000000042,83.7985812903,nan,nan,nan,nan,nan,nan,nan
4269,54.2105263158,0.8344680003,nan,0.0000054982,52.5978121959,nan,nan,nan,nan,nan,nan,nan
4270,54.2105263158,1.0751271270,nan,0.0000000996,70.0165017949,nan,nan,nan,nan,nan,nan,nan
4271,54.2105263158,0.8993151115,nan,0.0000020622,56.8566427983,nan,nan,nan,nan,nan,nan,nan
4272,54.2105263158,0.6791874412,nan,0.0000426386,43.7019664188,nan,nan,nan,nan,nan,nan,nan
4273,54.2105263158,0.2854281735,nan,0.0011576942,29.3640614255,nan,nan,nan,nan,nan,nan,nan
4274,54.2105263158,1.0196354113,nan,0.0000002749,65.6081385857,nan,nan,nan,nan,nan,nan,nan
4275,54.2105263158,0.3559607069,nan,0.0007821386,31.0671626515,nan,nan,nan,nan,nan,nan,nan
4276,54.2105263158,0.3013953287,nan,0.0010674288,29.7166106934,nan,nan,nan,nan,nan,nan,nan
4277,54.2105263158,0.7411657617,nan,0.0000198042,47.0324240335,nan,nan,nan,nan,nan,nan,nan
4278,54.2105263158,0.6570619842,nan,0.0000551587,42.5838622158,nan,nan,nan,nan,nan,nan,nan
4279,54.2105263158,0.1596780817,nan,0.0018786660,27.2615042832,nan,nan,nan,nan,nan,nan,nan
4280,54.2105263158,0.4300824803,nan,0.0004716996,33.2633453468,nan,nan,nan,nan,nan,nan,nan
4281,54.2105263158,0.5454539755,nan,0.0001773567,37.5115233250,nan,nan,nan,nan,nan,nan,nan
4282,54.2105263158,0.1245357098,nan,0.0020476786,26.8873820598,nan,nan,nan,nan,nan,nan,nan
4283,54.2105263158,1.2587589330,nan,0.0000000024,86.2808176923,nan,nan,nan,nan,nan,nan,nan
4284,54.2105263158,0.7642710261,nan,0.0000146256,48.3488525206,nan,nan,nan,nan,nan,nan,nan
4285,54.2105263158,1.1436567383,nan,0.0000000264,75.7850008944,nan,nan,nan,nan,nan,nan,nan
4286,54.2105263158,0.5107675819,nan,0.0002438928,36.1280104896,nan,nan,nan,nan,nan,nan,nan
4287,54.2105263158,0.9565538408,nan,0.0000008162,60.8821949440,nan,nan,nan,nan,nan,nan,nan
4288,54.2105263158,0.9404513800,nan,0.0000010655,59.7244640145,nan,nan,nan,nan,nan,nan,nan
4289,54.2105263158,0.2690565883,nan,0.0012523845,29.0226229983,nan,nan,nan,nan,nan,nan,nan
4290,54.2105263158,0.5702668706,nan,0.0001394015,38.5573252805,nan,nan,nan,nan,nan,nan,nan
4291,54.2105263158,0.4014862413,nan,0.0005798721,32.3666775311,nan,nan,nan,nan,nan,nan,nan
4292,54.2105263158,0.8401988993,nan,0.0000050568,52.9612767185,nan,nan,nan,nan,nan,nan,nan
4293,54.2105263158,0.2543851563,nan,0.0013384816,28.7338759284,nan,nan,nan,nan,nan,nan,nan
4294,54.2105263158,0.7514305087,nan,0.0000173291,47.6122414181,nan,nan,nan,nan,nan,nan,nan
4295,54.2105263158,0.3770786958,nan,0.0006838446,31.6504255088,nan,nan,nan,nan,nan,nan,nan
4296,54.2105263158,1.8372295593,nan,0.0000000000,154.3677144639,nan,nan,nan,nan,nan,nan,nan
4297,54.2105263158,0.7917600389,nan,0.0000100739,49.9680146479,nan,nan,nan,nan,nan,nan,nan
4298,54.2105263158,0.7581315768,nan,0.0000158669,47.9950891621,nan,nan,nan,nan,nan,nan,nan
4299,54.2105263158,0.6787151059,nan,0.0000428775,43.6777078740,nan,nan,nan,nan,nan,nan,nan
4300,54.2105263158,0.7323583217,nan,0.0000221752,46.5413206874,nan,nan,nan,nan,nan,nan,nan
4301,54.2105263158,0.6310184462,nan,0.0000738671,41.3154904355,nan,nan,nan,nan,nan,nan,nan
4302,54.2105263158,0.3756006102,nan,0.0006904780,31.6085012976,nan,nan,nan,nan,nan,nan,nan
4303,54.2105263158,0.5999191939,nan,0.0001030743,39.8684941809,nan,nan,nan,nan,nan,nan,nan
4304,54.2105263158,0.7816966372,nan,0.0000115649,49.3685791951,nan,nan,nan,nan,nan,nan,nan
4305,54.2105263158,1.1208826611,nan,0.0000000414,73.8282080082,nan,nan,nan,nan,nan,nan,nan
4306,54.2105263158,0.5089072353,nan,0.0002479481,36.0563913375,nan,nan,nan,nan,nan,nan,nan
4307,54.2105263158,1.2894119254,nan,0.0000000012,89.2466301817,nan,nan,nan,nan,nan,nan,nan
4308,54.2105263158,1.5912493801,nan,0.0000000000,122.2868599079,nan,nan,nan,nan,nan,nan,nan
4309,54.2105263158,0.2669718821,nan,0.0012645612,28.9806013458,nan,nan,nan,nan,nan,nan,nan
4310,54.2105263158,0.4421589152,nan,0.0004304618,33.6606541714,nan,nan,nan,nan,nan,nan,nan
4311,54.2105263158,0.4665870341,nan,0.0003549625,34.4981758070,nan,nan,nan,nan,nan,nan,nan
4312,54.2105263158,0.2496256373,nan,0.0013665632,28.6437027550,nan,nan,nan,nan,nan,nan,nan
4313,54.2105263158,0.0454213399,nan,0.0022986744,26.3852253848,nan,nan,nan,nan,nan,nan,nan
4314,54.2105263158,0.4902083906,nan,0.0002916667,35.3511310919,nan,nan,nan,nan,nan,nan,nan
4315,54.2105263158,0.1268145303,nan,0.0020375955,26.9088202753,nan,nan,nan,nan,nan,nan,nan
4316,54.2105263158,0.4021721613,nan,0.0005771040,32.3874590328,nan,nan,nan,nan,nan,nan,nan
4317,54.2105263158,0.3031252908,nan,0.0010577994,29.7559668103,nan,nan,nan,nan,nan,nan,nan
4318,54.2105263158,0.3987606896,nan,0.0005909553,32.2844534649,nan,nan,nan,nan,nan,nan,nan
4319,54.2105263158,0.3253684162,nan,0.0009370902,30.2821859576,nan,nan,nan,nan,nan,nan,nan
4320,54.2105263158,0.4483063369,nan,0.0004104731,33.8671533984,nan,nan,nan,nan,nan,nan,nan
4321,54.2105263158,0.8227029690,nan,0.0000065170,51.8594950669,nan,nan,nan,nan,nan,nan,nan
4322,54.2105263158,0.6346115809,nan,0.0000710000,41.4874143535,nan,nan,nan,nan,nan,nan,nan
4323,54.2105263158,0.1016562299,nan,0.0021410115,26.6938099330,nan,nan,nan,nan,nan,nan,nan
4324,54.2105263158,0.5706656623,nan,0.0001388508,38.5745155405,nan,nan,nan,nan,nan,nan,nan
4325,54.2105263158,0.7557796063,nan,0.0000163669,47.8603260297,nan,nan,nan,nan,nan,nan,nan
4326,54.2105263158,0.4566751447,nan,0.0003843366,34.1528830612,nan,nan,nan,nan,nan,nan,nan
4327,54.2105263158,0.9009757101,nan,0.0000020091,56.9699123315,nan,nan,nan,nan,nan,nan,nan
4328,54.2105263158,0.7757473127,nan,0.0000125377,49.0178310971,nan,nan,nan,nan,nan,nan,nan
4329,54.2105263158,0.4264272303,nan,0.0004846998,33.1452716865,nan,nan,nan,nan,nan,nan,nan
4330,54.2105263158,0.6897090886,nan,0.0000376119,44.2467472633,nan,nan,nan,nan,nan,nan,nan
4331,54.2105263158,0.1647062552,nan,0.0018524015,27.3226487171,nan,nan,nan,nan,nan,nan,nan
4332,54.2105263158,1.1658282000,nan,0.0000000169,77.7280627182,nan,nan,nan,nan,nan,nan,nan
4333,54.2105263158,0.8414615811,nan,0.0000049640,53.0416949080,nan,nan,nan,nan,nan,nan,nan
4334,54.2105263158,0.7483943552,nan,0.0000180306,47.4399046648,nan,nan,nan,nan,nan,nan,nan
4335,54.2105263158,0.5102055399,nan,0.0002451125,36.1063454172,nan,nan,nan,nan,nan,nan,nan
4336,54.2105263158,0.6804533318,nan,0.0000420043,43.7670646998,nan,nan,nan,nan,nan,nan,nan
4337,54.2105263158,1.5705548141,nan,0.0000000000,119.7990621829,nan,nan,nan,nan,nan,nan,nan
4338,54.2105263158,0.6720707860,nan,0.0000463632,43.3382635164,nan,nan,nan,nan,nan,nan,nan
4339,54.2105263158,0.6941184464,nan,0.0000356652,44.4775569245,nan,nan,nan,nan,nan,nan,nan
4340,54.2105263158,0.2864997462,nan,0.0011515646,29.3871171145,nan,nan,nan,nan,nan,nan,nan
4341,54.2105263158,0.9328279966,nan,0.0000012069,59.1832572407,nan,nan,nan,nan,nan,nan,nan
4342,54.2105263158,0.7698293381,nan,0.0000135781,48.6716062194,nan,nan,nan,nan,nan,nan,nan
4343,54.2105263158,0.4873111292,nan,0.0002989350,35.2442322625,nan,nan,nan,nan,nan,nan,nan
4344,54.2105263158,0.4795536618,nan,0.0003190694,34.9611478112,nan,nan,nan,nan,nan,nan,nan
4345,54.2105263158,0.3046763207,nan,0.0010491933,29.7914449720,nan,nan,nan,nan,nan,nan,nan
4346,54.2105263158,0.4195420882,nan,0.0005098450,32.9256183480,nan,nan,nan,nan,nan,nan,nan
4347,54.2105263158,0.6558426674,nan,0.0000559329,42.5233274854,nan,nan,nan,nan,nan,nan,nan
4348,54.2105263158,1.0838355830,nan,0.0000000845,70.7296532540,nan,nan,nan,nan,nan,nan,nan
4349,54.2105263158,0.7249372828,nan,0.0000243663,46.1321085823,nan,nan,nan,nan,nan,nan,nan
4350,54.2105263158,0.5156838874,nan,0.0002334241,36.3185428572,nan,nan,nan,nan,nan,nan,nan
4351,54.2105263158,0.8058059704,nan,0.0000082840,50.8175729402,nan,nan,nan,nan,nan,nan,nan
4352,54.2105263158,0.5336150037,nan,0.0001981969,37.0290320552,nan,nan,nan,nan,nan,nan,nan
4353,54.2105263158,1.4900604974,nan,0.0000000000,110.4340065426,nan,nan,nan,nan,nan,nan,nan
4354,54.2105263158,0.7059739129,nan,0.0000308640,45.1054757955,nan,nan,nan,nan,nan,nan,nan
4355,54.2105263158,0.3300733525,nan,0.0009123687,30.3982961598,nan,nan,nan,nan,nan,nan,nan
4356,54.2105263158,0.9858284632,nan,0.0000004969,63.0376385166,nan,nan,nan,nan,nan,nan,nan
4357,54.2105263158,0.2882137039,nan,0.0011417802,29.4241749191,nan,nan,nan,nan,nan,nan,nan
4358,54.2105263158,0.8511479264,nan,0.0000043026,53.6626444210,nan,nan,nan,nan,nan,nan,nan
4359,54.2105263158,1.3862447921,nan,0.0000000001,99.0873656440,nan,nan,nan,nan,nan,nan,nan
4360,54.2105263158,0.6571100242,nan,0.0000551284,42.5862495477,nan,nan,nan,nan,nan,nan,nan
4361,54.2105263158,0.5261051271,nan,0.0002123982,36.7284926310,nan,nan,nan,nan,nan,nan,nan
4362,54.2105263158,0.2776176511,nan,0.0012026415,29.1986380562,nan,nan,nan,nan,nan,nan,nan
4363,54.2105263158,0.3051485303,nan,0.0010465784,29.8022824459,nan,nan,nan,nan,nan,nan,nan
4364,54.2105263158,0.8781170015,nan,0.0000028647,55.4291905980,nan,nan,nan,nan,nan,nan,nan
4365,54.2105263158,1.1567264028,nan,0.0000000203,76.9258576176,nan,nan,nan,nan,nan,nan,nan
4366,54.2105263158,1.1579535597,nan,0.0000000198,77.0336465583,nan,nan,nan,nan,nan,nan,nan
4367,54.2105263158,0.5692734011,nan,0.0001407812,38.5145534936,nan,nan,nan,nan,nan,nan,nan
4368,54.2105263158,1.4477026725,nan,0.0000000000,105.7049316419,nan,nan,nan,nan,nan,nan,nan
4369,54.2105263158,1.4094056260,nan,0.0000000001,101.5473316780,nan,nan,nan,nan,nan,nan,nan
4370,54.2105263158,0.1309710943,nan,0.0020188632,26.9489310087,nan,nan,nan,nan,nan,nan,nan
4371,54.2105263158,0.2583546055,nan,0.0013151064,28.8103911720,nan,nan,nan,nan,nan,nan,nan
4372,54.2105263158,0.8783595376,nan,0.0000028541,55.4453289096,nan,nan,nan,nan,nan,nan,nan
4373,54.2105263158,0.1911394591,nan,0.0017078643,27.6754663065,nan,nan,nan,nan,nan,nan,nan
4374,54.2105263158,0.3454792137,nan,0.0008336376,30.7902268885,nan,nan,nan,nan,nan,nan,nan
4375,54.2105263158,0.4552047477,nan,0.0003888396,34.1022953880,nan,nan,nan,nan,nan,nan,nan
4376,54.2105263158,0.4408971796,nan,0.0004346477,33.6186258016,nan,nan,nan,nan,nan,nan,nan
4377,54.2105263158,0.7540068035,nan,0.0000167532,47.7590265069,nan,nan,nan,nan,nan,nan,nan
4378,54.2105263158,0.3233846277,nan,0.0009476038,30.2337319584,nan,nan,nan,nan,nan,nan,nan
4379,54.2105263158,0.4524376787,nan,0.0003974164,34.0075420090,nan,nan,nan,nan,nan,nan,nan
4380,54.2105263158,0.9998463887,nan,0.0000003897,64.0929043097,nan,nan,nan,nan,nan,nan,nan
4381,54.2105263158,0.9103409409,nan,0.0000017327,57.6126520221,nan,nan,nan,nan,nan,nan,nan
4382,54.2105263158,0.4695207095,nan,0.0003465928,34.6018047442,nan,nan,nan,nan,nan,nan,nan
4383,54.2105263158,1.0147031718,nan,0.0000003001,65.2276841900,nan,nan,nan,nan,nan,nan,nan
4384,54.2105263158,1.1921228786,nan,0.0000000098,80.0811379251,nan,nan,nan,nan,nan,nan,nan
4385,54.2105263158,0.1167739798,nan,0.0020809913,26.8172973863,nan,nan,nan,nan,nan,nan,nan
4386,54.2105263158,0.7780309535,nan,0.0000121559,49.1521464699,nan,nan,nan,nan,nan,nan,nan
4387,54.2105263158,0.2289685159,nan,0.0014886100,28.2721906409,nan,nan,nan,nan,nan,nan,nan
4388,54.2105263158,0.4089575486,nan,0.0005501789,32.5949608415,nan,nan,nan,nan,nan,nan,nan
4389,54.2105263158,0.5673164901,nan,0.0001435317,38.4305221976,nan,nan,nan,nan,nan,nan,nan
4390,54.2105263158,0.3290808039,nan,0.0009175586,30.3736620726,nan,nan,nan,nan,nan,nan,nan
4391,54.2105263158,1.0187343727,nan,0.0000002794,65.5384972815,nan,nan,nan,nan,nan,nan,nan
4392,54.2105263158,0.2909379213,nan,0.0011262807,29.4835334336,nan,nan,nan,nan,nan,nan,nan
4393,54.2105263158,1.2874837982,nan,0.0000000012,89.0579592754,nan,nan,nan,nan,nan,nan,nan
4394,54.2105263158,0.8798405889,nan,0.0000027900,55.5439751251,nan,nan,nan,nan,nan,nan,nan
4395,54.2105263158,0.3233683640,nan,0.0009476902,30.2333359519,nan,nan,nan,nan,nan,nan,nan
4396,54.2105263158,0.5929136501,nan,0.0001108488,39.5526900359,nan,nan,nan,nan,nan,nan,nan
4397,54.2105263158,1.3862077124,nan,0.0000000001,99.0834601985,nan,nan,nan,nan,nan,nan,nan
4398,54.2105263158,1.3166391231,nan,0.0000000006,91.9411950965,nan,nan,nan,nan,nan,nan,nan
4399,54.2105263158,0.2282522444,nan,0.0014928331,28.2598875160,nan,nan,nan,nan,nan,nan,nan
4400,54.2105263158,0.4862581607,nan,0.0003016102,35.2055393758,nan,nan,nan,nan,nan,nan,nan
4401,54.2105263158,0.4717788338,nan,0.0003402502,34.6820157122,nan,nan,nan,nan,nan,nan,nan
4402,54.2105263158,0.5033952928,nan,0.0002602713,35.8457376430,nan,nan,nan,nan,nan,nan,nan
4403,54.2105263158,0.3871062391,nan,0.0006398497,31.9392202751,nan,nan,nan,nan,nan,nan,nan
4404,54.2105263158,0.8427619304,nan,0.0000048701,53.1246390871,nan,nan,nan,nan,nan,nan,nan
4405,54.2105263158,0.3877042009,nan,0.0006372821,31.9566826096,nan,nan,nan,nan,nan,nan,nan
4406,54.2105263158,0.8142218330,nan,0.0000073556,51.3338021063,nan,nan,nan,nan,nan,nan,nan
4407,54.2105263158,1.5038159384,nan,0.0000000000,111.9992613970,nan,nan,nan,nan,nan,nan,nan
4408,54.2105263158,1.2499614475,nan,0.0000000029,85.4428814564,nan,nan,nan,nan,nan,nan,nan
4409,54.2105263158,0.8809121712,nan,0.0000027444,55.6154527092,nan,nan,nan,nan,nan,nan,nan
4410,54.2105263158,0.3650925732,nan,0.0007387154,31.3152282881,nan,nan,nan,nan,nan,nan,nan
4411,54.2105263158,0.4861454352,nan,0.0003018977,35.2014020986,nan,nan,nan,nan,nan,nan,nan
4412,54.2105263158,0.6138602875,nan,0.0000889600,40.5080522445,nan,nan,nan,nan,nan,nan,nan
4413,54.2105263158,1.1736211345,nan,0.0000000144,78.4199359654,nan,nan,nan,nan,nan,nan,nan
4414,54.2105263158,0.8002138862,nan,0.0000089587,50.4775387123,nan,nan,nan,nan,nan,nan,nan
4415,54.2105263158,0.7956415541,nan,0.0000095471,50.2012823929,nan,nan,nan,nan,nan,nan,nan
4416,54.2105263158,0.3039472194,nan,0.0010532356,29.7747448605,nan,nan,nan,nan,nan,nan,nan
4417,54.2105263158,0.9648630044,nan,0.0000007100,61.4873409984,nan,nan,nan,nan,nan,nan,nan
4418,54.2105263158,0.1351589756,nan,0.0019995578,26.9906603566,nan,nan,nan,nan,nan,nan,nan
4419,54.2105263158,1.0845500795,nan,0.0000000834,70.7884216477,nan,nan,nan,nan,nan,nan,nan
4420,54.2105263158,1.0777840248,nan,0.0000000948,70.2334663823,nan,nan,nan,nan,nan,nan,nan
4421,54.2105263158,0.7680712111,nan,0.0000139019,48.5692628528,nan,nan,nan,nan,nan,nan,nan
4422,54.2105263158,0.2050370975,nan,0.0016284986,27.8821260538,nan,nan,nan,nan,nan,nan,nan
4423,54.2105263158,0.4218342190,nan,0.0005013784,32.9983436052,nan,nan,nan,nan,nan,nan,nan
4424,54.2105263158,1.4613730196,nan,0.0000000000,107.2161728602,nan,nan,nan,nan,nan,nan,nan
4425,54.2105263158,0.7013313279,nan,0.0000326715,44.8583089603,nan,nan,nan,nan,nan,nan,nan
4426,54.2105263158,0.7943354923,nan,0.0000097215,50.1226637494,nan,nan,nan,nan,nan,nan,nan
4427,54.2105263158,0.8511959151,nan,0.0000042996,53.6657385727,nan,nan,nan,nan,nan,nan,nan
4428,54.2105263158,0.9312833256,nan,0.0000012376,59.0741364489,nan,nan,nan,nan,nan,nan,nan
4429,54.2105263158,1.3798106483,nan,0.0000000001,98.4112593322,nan,nan,nan,nan,nan,nan,nan
4430,54.2105263158,0.2778308507,nan,0.0012014087,29.2030922247,nan,nan,nan,nan,nan,nan,nan
4431,54.2105263158,0.9538414002,nan,0.0000008539,60.6857914386,nan,nan,nan,nan,nan,nan,nan
4432,54.2105263158,1.8026562816,nan,0.0000000000,149.5788600663,nan,nan,nan,nan,nan,nan,nan
4433,54.2105263158,1.4596461018,nan,0.0000000000,107.0244754091,nan,nan,nan,nan,nan,nan,nan
4434,54.2105263158,0.8295139825,nan,0.0000059079,52.2856360199,nan,nan,nan,nan,nan,nan,nan
4435,54.2105263158,1.4039352217,nan,0.0000000001,100.9626078346,nan,nan,nan,nan,nan,nan,nan
4436,54.2105263158,0.2828340108,nan,0.0011725717,29.3086060337,nan,nan,nan,nan,nan,nan,nan
4437,54.2105263158,0.4754173897,nan,0.0003302117,34.8120757574,nan,nan,nan,nan,nan,nan,nan
4438,54.2105263158,0.6870576237,nan,0.0000388269,44.1086677854,nan,nan,nan,nan,nan,nan,nan
4439,54.2105263158,0.6172952074,nan,0.0000857452,40.6679016862,nan,nan,nan,nan,nan,nan,nan
4440,54.2105263158,1.7756910877,nan,0.0000000000,145.9073612999,nan,nan,nan,nan,nan,nan,nan
4441,54.2105263158,0.9893553499,nan,0.0000004675,63.3017301842,nan,nan,nan,nan,nan,nan,nan
4442,54.2105263158,0.2734988448,nan,0.0012265173,29.1132631903,nan,nan,nan,nan,nan,nan,nan
4443,54.2105263158,1.0389614717,nan,0.0000001942,67.1167654772,nan,nan,nan,nan,nan,nan,nan
4444,54.2105263158,0.0822250869,nan,0.0022078341,26.5603356025,nan,nan,nan,nan,nan,nan,nan
4445,54.2105263158,0.3958870259,nan,0.0006027856,32.1983715007,nan,nan,nan,nan,nan,nan,nan
4446,54.2105263158,0.3025545979,nan,0.0010609725,29.7429586658,nan,nan,nan,nan,nan,nan,nan
4447,54.2105263158,0.8447737597,nan,0.0000047280,53.2532197231,nan,nan,nan,nan,nan,nan,nan
4448,54.2105263158,0.8049510906,nan,0.0000083841,50.7654365406,nan,nan,nan,nan,nan,nan,nan
4449,54.2105263158,0.9675072184,nan,0.0000006790,61.6810204486,nan,nan,nan,nan,nan,nan,nan
4450,54.2105263158,0.7998966216,nan,0.0000089985,50.4583184363,nan,nan,nan,nan,nan,nan,nan
4451,54.2105263158,1.7008825956,nan,0.0000000000,136.0131291552,nan,nan,nan,nan,nan,nan,nan
4452,54.2105263158,0.7190010650,nan,0.0000262555,45.8077915427,nan,nan,nan,nan,nan,nan,nan
4453,54.2105263158,0.5913701640,nan,0.0001126260,39.4836127157,nan,nan,nan,nan,nan,nan,nan
4454,54.2105263158,0.6288802542,nan,0.0000756197,41.2136486211,nan,nan,nan,nan,nan,nan,nan
4455,54.2105263158,0.6298332089,nan,0.0000748343,41.2589947645,nan,nan,nan,nan,nan,nan,nan
4456,54.2105263158,0.7640122850,nan,0.0000146761,48.3338855601,nan,nan,nan,nan,nan,nan,nan
4457,54.2105263158,1.0795361730,nan,0.0000000917,70.3768431728,nan,nan,nan,nan,nan,nan,nan
4458,54.2105263158,0.6285437745,nan,0.0000758987,41.1976538098,nan,nan,nan,nan,nan,nan,nan
4459,54.2105263158,0.8508004295,nan,0.0000043249,53.6402442282,nan,nan,nan,nan,nan,nan,nan
4460,54.2105263158,0.8493157201,nan,0.0000044212,53.5446412316,nan,nan,nan,nan,nan,nan,nan
4461,54.2105263158,0.9630489415,nan,0.0000007320,61.3547756759,nan,nan,nan,nan,nan,nan,nan
4462,54.2105263158,0.7837115190,nan,0.0000112513,49.4879796977,nan,nan,nan,nan,nan,nan,nan
4463,54.2105263158,0.9384877664,nan,0.0000011004,59.5846374207,nan,nan,nan,nan,nan,nan,nan
4464,54.2105263158,0.3635622206,nan,0.0007458963,31.2732155258,nan,nan,nan,nan,nan,nan,nan
4465,54.2105263158,0.5920491880,nan,0.0001118413,39.5139794992,nan,nan,nan,nan,nan,nan,nan
4466,54.2105263158,0.3254283007,nan,0.0009367737,30.2836532735,nan,nan,nan,nan,nan,nan,nan
4467,54.2105263158,0.4337358825,nan,0.0004589472,33.3823726134,nan,nan,nan,nan,nan,nan,nan
4468,54.2105263158,0.9464528490,nan,0.0000009652,60.1536444056,nan,nan,nan,nan,nan,nan,nan
4469,54.2105263158,0.2708377759,nan,0.0012419991,29.0587871481,nan,nan,nan,nan,nan,nan,nan
4470,54.2105263158,0.3618151283,nan,0.0007541418,31.2254696790,nan,nan,nan,nan,nan,nan,nan
4471,54.2105263158,0.9443938505,nan,0.0000009986,60.0060905951,nan,nan,nan,nan,nan,nan,nan
4472,54.2105263158,1.1169363679,nan,0.0000000447,73.4931604367,nan,nan,nan,nan,nan,nan,nan
4473,54.2105263158,1.3117439149,nan,0.0000000007,91.4525589810,nan,nan,nan,nan,nan,nan,nan
4474,54.2105263158,0.8035444491,nan,0.0000085511,50.6797711367,nan,nan,nan,nan,nan,nan,nan
4475,54.2105263158,0.4311481191,nan,0.0004679550,33.2979590373,nan,nan,nan,nan,nan,nan,nan
4476,54.2105263158,0.2786895067,nan,0.0011964468,29.2210661017,nan,nan,nan,nan,nan,nan,nan
4477,54.2105263158,0.5262961814,nan,0.0002120271,36.7360853414,nan,nan,nan,nan,nan,nan,nan
4478,54.2105263158,0.0537978004,nan,0.0022823627,26.4161534744,nan,nan,nan,nan,nan,nan,nan
4479,54.2105263158,0.9705723917,nan,0.0000006447,61.9062011757,nan,nan,nan,nan,nan,nan,nan
4480,54.2105263158,0.5066371199,nan,0.0002529675,35.9693532139,nan,nan,nan,nan,nan,nan,nan
4481,54.2105263158,0.8341967114,nan,0.0000055199,52.5806685919,nan,nan,nan,nan,nan,nan,nan
4482,54.2105263158,0.3864764290,nan,0.0006425609,31.9208571935,nan,nan,nan,nan,nan,nan,nan
4483,54.2105263158,0.6485972802,nan,0.0000607302,42.1659533285,nan,nan,nan,nan,nan,nan,nan
4484,54.2105263158,0.4809277661,nan,0.0003154309,35.0109583342,nan,nan,nan,nan,nan,nan,nan
4485,54.2105263158,0.2413343629,nan,0.0014155624,28.4907098709,nan,nan,nan,nan,nan,nan,nan
4486,54.2105263158,1.0242842772,nan,0.0000002530,65.9684339950,nan,nan,nan,nan,nan,nan,nan
4487,54.2105263158,1.3498337862,nan,0.0000000003,95.3029807997,nan,nan,nan,nan,nan,nan,nan
4488,54.2105263158,0.6466918168,nan,0.0000620493,42.0726309525,nan,nan,nan,nan,nan,nan,nan
4489,54.2105263158,0.7723444747,nan,0.0000131268,48.8184256652,nan,nan,nan,nan,nan,nan,nan
4490,54.2105263158,0.2905831714,nan,0.0011282954,29.4757718971,nan,nan,nan,nan,nan,nan,nan
4491,54.2105263158,0.8242710493,nan,0.0000063719,51.9572910280,nan,nan,nan,nan,nan,nan,nan
4492,54.2105263158,0.2586678744,nan,0.0013132637,28.8164805072,nan,nan,nan,nan,nan,nan,nan
4493,54.2105263158,0.6283882737,nan,0.0000760280,41.1902648729,nan,nan,nan,nan,nan,nan,nan
4494,54.2105263158,0.2818839421,nan,0.0011780334,29.2884238790,nan,nan,nan,nan,nan,nan,nan
4495,54.2105263158,0.8756720312,nan,0.0000029739,55.2667531363,nan,nan,nan,nan,nan,nan,nan
4496,54.2105263158,0.3759564045,nan,0.0006888778,31.6185778564,nan,nan,nan,nan,nan,nan,nan
4497,54.2105263158,0.6396962698,nan,0.0000671060,41.7323845205,nan,nan,nan,nan,nan,nan,nan
4498,54.2105263158,0.1122346115,nan,0.0020997079,26.7784111732,nan,nan,nan,nan,nan,nan,nan
4499,54.2105263158,0.6633105071,nan,0.0000513351,42.8958546079,nan,nan,nan,nan,nan,nan,nan
4500,54.2105263158,0.7659510689,nan,0.0000143016,48.4461591688,nan,nan,nan,nan,nan,nan,nan
4501,54.2105263158,0.5076661132,nan,0.0002506827,36.0087571623,nan,nan,nan,nan,nan,nan,nan
4502,54.2105263158,0.8862035285,nan,0.0000025295,55.9696846607,nan,nan,nan,nan,nan,nan,nan
4503,54.2105263158,0.3312178917,nan,0.0009064012,30.4267951779,nan,nan,nan,nan,nan,nan,nan
4504,54.2105263158,0.4932592718,nan,0.0002841589,35.4643871786,nan,nan,nan,nan,nan,nan,nan
4505,54.2105263158,0.4137880308,nan,0.0005315194,32.7448089593,nan,nan,nan,nan,nan,nan,nan
4506,54.2105263158,0.5947137352,nan,0.0001088058,39.6334800781,nan,nan,nan,nan,nan,nan,nan
4507,54.2105263158,1.0115239922,nan,0.0000003174,64.9834380909,nan,nan,nan,nan,nan,nan,nan
4508,54.2105263158,0.7933709035,nan,0.0000098522,50.0646835786,nan,nan,nan,nan,nan,nan,nan
4509,54.2105263158,0.2488941302,nan,0.0013708831,28.6299956472,nan,nan,nan,nan,nan,nan,nan
4510,54.2105263158,0.3436802708,nan,0.0008426489,30.7435335631,nan,nan,nan,nan,nan,nan,nan
4511,54.2105263158,0.5517923955,nan,0.0001669467,37.7742211145,nan,nan,nan,nan,nan,nan,nan
4512,54.2105263158,0.8616669134,nan,0.0000036770,54.3450709277,nan,nan,nan,nan,nan,nan,nan
4513,54.2105263158,0.3206714638,nan,0.0009620672,30.1679457301,nan,nan,nan,nan,nan,nan,nan
4514,54.2105263158,0.6068597787,nan,0.0000958285,40.1850508776,nan,nan,nan,nan,nan,nan,nan
4515,54.2105263158,0.6489177767,nan,0.0000605107,42.1816771733,nan,nan,nan,nan,nan,nan,nan
4516,54.2105263158,0.2529929945,nan,0.0013466902,28.7073229134,nan,nan,nan,nan,nan,nan,nan
4517,54.2105263158,0.8378042611,nan,0.0000052371,52.8090997679,nan,nan,nan,nan,nan,nan,nan
4518,54.2105263158,0.4981396606,nan,0.0002724564,35.6470291990,nan,nan,nan,nan,nan,nan,nan
4519,54.2105263158,0.3298494292,nan,0.0009135384,30.3927320819,nan,nan,nan,nan,nan,nan,nan
4520,54.2105263158,1.2350457363,nan,0.0000000039,84.0357127109,nan,nan,nan,nan,nan,nan,nan
4521,54.2105263158,0.6041134280,nan,0.0000986426,40.0593531062,nan,nan,nan,nan,nan,nan,nan
4522,54.2105263158,0.9559873185,nan,0.0000008239,60.8411276017,nan,nan,nan,nan,nan,nan,nan
4523,54.2105263158,0.2889314573,nan,0.0011376902,29.4397596735,nan,nan,nan,nan,nan,nan,nan
4524,54.2105263158,0.8052649462,nan,0.0000083472,50.7845711219,nan,nan,nan,nan,nan,nan,nan
4525,54.2105263158,0.3731084093,nan,0.0007017480,31.5381880428,nan,nan,nan,nan,nan,nan,nan
4526,54.2105263158,0.8392611636,nan,0.0000051267,52.9016324570,nan,nan,nan,nan,nan,nan,nan
4527,54.2105263158,0.3866231811,nan,0.0006419285,31.9251332886,nan,nan,nan,nan,nan,nan,nan
4528,54.2105263158,0.4800219764,nan,0.0003178258,34.9781078483,nan,nan,nan,nan,nan,nan,nan
4529,54.2105263158,0.5608076297,nan,0.0001529987,38.1531212807,nan,nan,nan,nan,nan,nan,nan
4530,54.2105263158,0.7863723709,nan,0.0000108489,49.6461338486,nan,nan,nan,nan,nan,nan,nan
4531,54.2105263158,1.1969080196,nan,0.0000000089,80.5150331808,nan,nan,nan,nan,nan,nan,nan
4532,54.2105263158,0.8212593294,nan,0.0000066533,51.7696257180,nan,nan,nan,nan,nan,nan,nan
4533,54.2105263158,0.2614472095,nan,0.0012969312,28.8708305090,nan,nan,nan,nan,nan,nan,nan
4534,54.2105263158,0.4137256673,nan,0.0005317576,32.7428630790,nan,nan,nan,nan,nan,nan,nan
4535,54.2105263158,0.4114432679,nan,0.0005405240,32.6718501092,nan,nan,nan,nan,nan,nan,nan
4536,54.2105263158,0.5065497776,nan,0.0002531621,35.9660122583,nan,nan,nan,nan,nan,nan,nan
4537,54.2105263158,0.8106975902,nan,0.0000077322,51.1169681966,nan,nan,nan,nan,nan,nan,nan
4538,54.2105263158,0.4530676667,nan,0.0003954519,34.0290637237,nan,nan,nan,nan,nan,nan,nan
4539,54.2105263158,1.0663053789,nan,0.0000001175,69.2999748226,nan,nan,nan,nan,nan,nan,nan
4540,54.2105263158,1.2783921283,nan,0.0000000015,88.1721500791,nan,nan,nan,nan,nan,nan,nan
4541,54.2105263158,0.6356960462,nan,0.0000701537,41.5394966993,nan,nan,nan,nan,nan,nan,nan
4542,54.2105263158,0.3441222981,nan,0.0008404301,30.7549840829,nan,nan,nan,nan,nan,nan,nan
4543,54.2105263158,0.1597372550,nan,0.0018783595,27.2622127617,nan,nan,nan,nan,nan,nan,nan
4544,54.2105263158,1.3058770075,nan,0.0000000008,90.8693413259,nan,nan,nan,nan,nan,nan,nan
4545,54.2105263158,0.1296784898,nan,0.0020247351,26.9363179675,nan,nan,nan,nan,nan,nan,nan
4546,54.2105263158,0.3268413992,nan,0.0009293180,30.3183564362,nan,nan,nan,nan,nan,nan,nan
4547,54.2105263158,0.4514144083,nan,0.0004006223,33.9726491607,nan,nan,nan,nan,nan,nan,nan
4548,54.2105263158,0.5642098335,nan,0.0001479886,38.2977179195,nan,nan,nan,nan,nan,nan,nan
4549,54.2105263158,0.5852478310,nan,0.0001199113,39.2113977979,nan,nan,nan,nan,nan,nan,nan
4550,54.2105263158,0.7486443659,nan,0.0000179719,47.4540691324,nan,nan,nan,nan,nan,nan,nan
4551,54.2105263158,0.4438297928,nan,0.0004249622,33.7164970350,nan,nan,nan,nan,nan,nan,nan
4552,54.2105263158,0.4429184922,nan,0.0004279555,33.6860139310,nan,nan,nan,nan,nan,nan,nan
4553,54.2105263158,0.9274698417,nan,0.0000013166,58.8055181652,nan,nan,nan,nan,nan,nan,nan
4554,54.2105263158,1.2153489534,nan,0.0000000060,82.2035328172,nan,nan,nan,nan,nan,nan,nan
4555,54.2105263158,1.4444987588,nan,0.0000000000,105.3528098578,nan,nan,nan,nan,nan,nan,nan
4556,54.2105263158,0.7241764935,nan,0.0000246014,46.0903940095,nan,nan,nan,nan,nan,nan,nan
4557,54.2105263158,0.4302806660,nan,0.0004710016,33.2697762184,nan,nan,nan,nan,nan,nan,nan
4558,54.2105263158,0.9407898980,nan,0.0000010596,59.7485992012,nan,nan,nan,nan,nan,nan,nan
4559,54.2105263158,1.0556873034,nan,0.0000001430,68.4454225889,nan,nan,nan,nan,nan,nan,nan
4560,54.2105263158,0.8984726656,nan,0.0000020897,56.7992598942,nan,nan,nan,nan,nan,nan,nan
4561,54.2105263158,0.6428474889,nan,0.0000647860,41.8851912924,nan,nan,nan,nan,nan,nan,nan
4562,54.2105263158,0.1264482750,nan,0.0020392251,26.9053483141,nan,nan,nan,nan,nan,nan,nan
4563,54.2105263158,0.6363613191,nan,0.0000696387,41.5714912636,nan,nan,nan,nan,nan,nan,nan
4564,54.2105263158,0.1444132489,nan,0.0019554377,27.0875601444,nan,nan,nan,nan,nan,nan,nan
4565,54.2105263158,1.1386077783,nan,0.0000000292,75.3477677558,nan,nan,nan,nan,nan,nan,nan
4566,54.2105263158,0.4667994580,nan,0.0003543515,34.5056575032,nan,nan,nan,nan,nan,nan,nan
4567,54.2105263158,0.8057604576,nan,0.0000082893,50.8147958555,nan,nan,nan,nan,nan,nan,nan
4568,54.2105263158,0.2819114555,nan,0.0011778752,29.2890073801,nan,nan,nan,nan,nan,nan,nan
4569,54.2105263158,0.6619720222,nan,0.0000521342,42.8287732073,nan,nan,nan,nan,nan,nan,nan
4570,54.2105263158,1.2790425558,nan,0.0000000015,88.2353120222,nan,nan,nan,nan,nan,nan,nan
4571,54.2105263158,0.6704916899,nan,0.0000472271,43.2580849728,nan,nan,nan,nan,nan,nan,nan
4572,54.2105263158,1.1227861839,nan,0.0000000399,73.9902456914,nan,nan,nan,nan,nan,nan,nan
4573,54.2105263158,0.4772795776,nan,0.0003251600,34.8790285612,nan,nan,nan,nan,nan,nan,nan
4574,54.2105263158,0.1238771011,nan,0.0020505676,26.8812589940,nan,nan,nan,nan,nan,nan,nan
4575,54.2105263158,0.8410488029,nan,0.0000049941,53.0153923583,nan,nan,nan,nan,nan,nan,nan
4576,54.2105263158,0.3029399890,nan,0.0010588293,29.7517404123,nan,nan,nan,nan,nan,nan,nan
4577,54.2105263158,0.7601920655,nan,0.0000154401,48.1134972230,nan,nan,nan,nan,nan,nan,nan
4578,54.2105263158,0.6341069544,nan,0.0000713968,41.4632097514,nan,nan,nan,nan,nan,nan,nan
4579,54.2105263158,1.2374240457,nan,0.0000000038,84.2589466751,nan,nan,nan,nan,nan,nan,nan
4580,54.2105263158,0.4806485492,nan,0.0003161677,35.0008252681,nan,nan,nan,nan,nan,nan,nan
4581,54.2105263158,0.9001820884,nan,0.0000020343,56.9157531150,nan,nan,nan,nan,nan,nan,nan
4582,54.2105263158,0.2025597461,nan,0.0016427751,27.8442189514,nan,nan,nan,nan,nan,nan,nan
4583,54.2105263158,0.4923954939,nan,0.0002862695,35.4322499012,nan,nan,nan,nan,nan,nan,nan
4584,54.2105263158,0.3161642944,nan,0.0009863038,30.0598928810,nan,nan,nan,nan,nan,nan,nan
4585,54.2105263158,1.1959536799,nan,0.0000000091,80.4283582894,nan,nan,nan,nan,nan,nan,nan
4586,54.2105263158,0.5163391877,nan,0.0002320557,36.3440778532,nan,nan,nan,nan,nan,nan,nan
4587,54.2105263158,0.8481027327,nan,0.0000045013,53.4666595842,nan,nan,nan,nan,nan,nan,nan
4588,54.2105263158,0.7525659146,nan,0.0000170731,47.6768691731,nan,nan,nan,nan,nan,nan,nan
4589,54.2105263158,0.6509771775,nan,0.0000591167,42.2828997013,nan,nan,nan,nan,nan,nan,nan
4590,54.2105263158,0.5577631961,nan,0.0001575986,38.0244762205,nan,nan,nan,nan,nan,nan,nan
4591,54.2105263158,0.5966017597,nan,0.0001066969,39.7184817260,nan,nan,nan,nan,nan,nan,nan
4592,54.2105263158,1.2052912023,nan,0.0000000074,81.2793988293,nan,nan,nan,nan,nan,nan,nan
4593,54.2105263158,0.3881312626,nan,0.0006354523,31.9691707367,nan,nan,nan,nan,nan,nan,nan
4594,54.2105263158,1.1989114856,nan,0.0000000085,80.6972179691,nan,nan,nan,nan,nan,nan,nan
4595,54.2105263158,0.3828291359,nan,0.0006583993,31.8151063686,nan,nan,nan,nan,nan,nan,nan
4596,54.2105263158,0.5064526121,nan,0.0002533789,35.9622962353,nan,nan,nan,nan,nan,nan,nan
4597,54.2105263158,0.7044547190,nan,0.0000314455,45.0244147244,nan,nan,nan,nan,nan,nan,nan
4598,54.2105263158,0.4052105709,nan,0.0005649443,32.4799438019,nan,nan,nan,nan,nan,nan,nan
4599,54.2105263158,1.0377462580,nan,0.0000001986,67.0210639593,nan,nan,nan,nan,nan,nan,nan
4600,54.2105263158,0.1426900270,nan,0.0019638000,27.0690275160,nan,nan,nan,nan,nan,nan,nan
4601,54.2105263158,0.9448773973,nan,0.0000009907,60.0407139124,nan,nan,nan,nan,nan,nan,nan
4602,54.2105263158,0.4565392639,nan,0.0003847511,34.1482013226,nan,nan,nan,nan,nan,nan,nan
4603,54.2105263158,0.7660087416,nan,0.0000142906,48.4495033377,nan,nan,nan,nan,nan,nan,nan
4604,54.2105263158,0.4724096352,nan,0.0003384939,34.7044916421,nan,nan,nan,nan,nan,nan,nan
4605,54.2105263158,0.6889921064,nan,0.0000379371,44.2093564265,nan,nan,nan,nan,nan,nan,nan
4606,54.2105263158,0.6001784801,nan,0.0001027956,39.8802542173,nan,nan,nan,nan,nan,nan,nan
4607,54.2105263158,0.4231875590,nan,0.0004964243,33.0414698932,nan,nan,nan,nan,nan,nan,nan
4608,54.2105263158,0.4846768240,nan,0.0003056618,35.1475890181,nan,nan,nan,nan,nan,nan,nan
4609,54.2105263158,1.2239684261,nan,0.0000000050,83.0016626550,nan,nan,nan,nan,nan,nan,nan
4610,54.2105263158,0.5050205354,nan,0.0002565895,35.9076106985,nan,nan,nan,nan,nan,nan,nan
4611,54.2105263158,0.6436534832,nan,0.0000642037,41.9243963597,nan,nan,nan,nan,nan,nan,nan
4612,54.2105263158,0.7953141609,nan,0.0000095906,50.1815626898,nan,nan,nan,nan,nan,nan,nan
4613,54.2105263158,0.1449242036,nan,0.0019529457,27.0930983047,nan,nan,nan,nan,nan,nan,nan
4614,54.2105263158,1.7336972284,nan,0.0000000000,140.3004698529,nan,nan,nan,nan,nan,nan,nan
4615,54.2105263158,0.5473115052,nan,0.0001742532,37.5881928769,nan,nan,nan,nan,nan,nan,nan
4616,54.2105263158,0.4365510380,nan,0.0004492850,33.4747810219,nan,nan,nan,nan,nan,nan,nan
4617,54.2105263158,0.1917811269,nan,0.0017042422,27.6846867711,nan,nan,nan,nan,nan,nan,nan
4618,54.2105263158,0.2555423290,nan,0.0013316624,28.7560585307,nan,nan,nan,nan,nan,nan,nan
4619,54.2105263158,0.5281250073,nan,0.0002085016,36.8089052988,nan,nan,nan,nan,nan,nan,nan
4620,54.2105263158,0.7081557063,nan,0.0000300455,45.2221991864,nan,nan,nan,nan,nan,nan,nan
4621,54.2105263158,0.4287845550,nan,0.0004762881,33.2213030242,nan,nan,nan,nan,nan,nan,nan
4622,54.2105263158,1.4912933380,nan,0.0000000000,110.5737031280,nan,nan,nan,nan,nan,nan,nan
4623,54.2105263158,0.4552642615,nan,0.0003886566,34.1043397183,nan,nan,nan,nan,nan,nan,nan
4624,54.2105263158,0.5333299663,nan,0.0001987217,37.0175468270,nan,nan,nan,nan,nan,nan,nan
4625,54.2105263158,0.5641903200,nan,0.0001480169,38.2968860684,nan,nan,nan,nan,nan,nan,nan
4626,54.2105263158,1.8220316462,nan,0.0000000000,152.2513280755,nan,nan,nan,nan,nan,nan,nan
4627,54.2105263158,0.8870268370,nan,0.0000024975,56.0249932663,nan,nan,nan,nan,nan,nan,nan
4628,54.2105263158,0.3310907615,nan,0.0009070632,30.4236247376,nan,nan,nan,nan,nan,nan,nan
4629,54.2105263158,0.5690983393,nan,0.0001410255,38.5070243440,nan,nan,nan,nan,nan,nan,nan
4630,54.2105263158,0.4801072880,nan,0.0003175997,34.9811992063,nan,nan,nan,nan,nan,nan,nan
4631,54.2105263158,1.2642846913,nan,0.0000000021,86.8101545510,nan,nan,nan,nan,nan,nan,nan
4632,54.2105263158,0.2432789008,nan,0.0014040661,28.5261243095,nan,nan,nan,nan,nan,nan,nan
4633,54.2105263158,0.6998510919,nan,0.0000332671,44.7798475879,nan,nan,nan,nan,nan,nan,nan
4634,54.2105263158,0.7071122456,nan,0.0000304346,45.1663300467,nan,nan,nan,nan,nan,nan,nan
4635,54.2105263158,1.1374373364,nan,0.0000000299,75.2466869870,nan,nan,nan,nan,nan,nan,nan
4636,54.2105263158,0.5484638231,nan,0.0001723500,37.6358866274,nan,nan,nan,nan,nan,nan,nan
4637,54.2105263158,0.3326172448,nan,0.0008991302,30.4617739338,nan,nan,nan,nan,nan,nan,nan
4638,54.2105263158,0.5994995189,nan,0.0001035268,39.8494704735,nan,nan,nan,nan,nan,nan,nan
4639,54.2105263158,0.6768192501,nan,0.0000438479,43.5805099876,nan,nan,nan,nan,nan,nan,nan
4640,54.2105263158,0.5644605347,nan,0.0001476248,38.3084077502,nan,nan,nan,nan,nan,nan,nan
4641,54.2105263158,0.5835143669,nan,0.0001220438,39.1348412325,nan,nan,nan,nan,nan,nan,nan
4642,54.2105263158,0.4725729798,nan,0.0003380402,34.7103166562,nan,nan,nan,nan,nan,nan,nan
4643,54.2105263158,0.9718475360,nan,0.0000006309,62.0000898130,nan,nan,nan,nan,nan,nan,nan
4644,54.2105263158,0.2611092798,nan,0.0012989155,28.8641910691,nan,nan,nan,nan,nan,nan,nan
4645,54.2105263158,0.7484277230,nan,0.0000180227,47.4417948605,nan,nan,nan,nan,nan,nan,nan
4646,54.2105263158,0.5719303967,nan,0.0001371162,38.6291130023,nan,nan,nan,nan,nan,nan,nan
4647,54.2105263158,0.4579363020,nan,0.0003805044,34.1964028159,nan,nan,nan,nan,nan,nan,nan
4648,54.2105263158,0.3140356310,nan,0.0009978388,30.0093962989,nan,nan,nan,nan,nan,nan,nan
4649,54.2105263158,0.4666648824,nan,0.0003547385,34.5009172726,nan,nan,nan,nan,nan,nan,nan
4650,54.2105263158,0.4100606306,nan,0.0005458805,32.6290239554,nan,nan,nan,nan,nan,nan,nan
4651,54.2105263158,0.5891910611,nan,0.0001151755,39.3863973892,nan,nan,nan,nan,nan,nan,nan
4652,54.2105263158,0.7784821621,nan,0.0000120817,49.1787319052,nan,nan,nan,nan,nan,nan,nan
4653,54.2105263158,0.3407770710,nan,0.0008572953,30.6686954952,nan,nan,nan,nan,nan,nan,nan
4654,54.2105263158,1.1721067594,nan,0.0000000148,78.2851234680,nan,nan,nan,nan,nan,nan,nan
4655,54.2105263158,0.8008912264,nan,0.0000088744,50.5185984749,nan,nan,nan,nan,nan,nan,nan
4656,54.2105263158,1.4290544690,nan,0.0000000000,103.6664381688,nan,nan,nan,nan,nan,nan,nan
4657,54.2105263158,0.9138395911,nan,0.0000016389,57.8544817367,nan,nan,nan,nan,nan,nan,nan
4658,54.2105263158,0.2811206125,nan,0.0011824266,29.2722580933,nan,nan,nan,nan,nan,nan,nan
4659,54.2105263158,0.0959922132,nan,0.0021617367,26.6519720560,nan,nan,nan,nan,nan,nan,nan
4660,54.2105263158,1.6355711058,nan,0.0000000000,127.7252476406,nan,nan,nan,nan,nan,nan,nan
4661,54.2105263158,0.3105286450,nan,0.0010169623,29.9269514323,nan,nan,nan,nan,nan,nan,nan
4662,54.2105263158,1.0484385457,nan,0.0000001634,67.8669784577,nan,nan,nan,nan,nan,nan,nan
4663,54.2105263158,1.2808705422,nan,0.0000000014,88.4129978422,nan,nan,nan,nan,nan,nan,nan
4664,54.2105263158,1.0641698108,nan,0.0000001223,69.1274110752,nan,nan,nan,nan,nan,nan,nan
4665,54.2105263158,0.6344374698,nan,0.0000711367,41.4790608601,nan,nan,nan,nan,nan,nan,nan
4666,54.2105263158,0.4198086157,nan,0.0005088556,32.9340543114,nan,nan,nan,nan,nan,nan,nan
4667,54.2105263158,0.0735342946,nan,0.0022336647,26.5098201345,nan,nan,nan,nan,nan,nan,nan
4668,54.2105263158,0.5720667938,nan,0.0001369302,38.6350084111,nan,nan,nan,nan,nan,nan,nan
4669,54.2105263158,0.9974312997,nan,0.0000004064,63.9100280829,nan,nan,nan,nan,nan,nan,nan
4670,54.2105263158,0.6964522469,nan,0.0000346711,44.6003196693,nan,nan,nan,nan,nan,nan,nan
4671,54.2105263158,0.2907470522,nan,0.0011273646,29.4793562445,nan,nan,nan,nan,nan,nan,nan
4672,54.2105263158,0.7574450597,nan,0.0000160114,47.9557095836,nan,nan,nan,nan,nan,nan,nan
4673,54.2105263158,0.7720158946,nan,0.0000131849,48.7992176546,nan,nan,nan,nan,nan,nan,nan
4674,54.2105263158,0.4462298761,nan,0.0004171496,33.7970817423,nan,nan,nan,nan,nan,nan,nan
4675,54.2105263158,1.2179107000,nan,0.0000000057,82.4401479102,nan,nan,nan,nan,nan,nan,nan
4676,54.2105263158,1.0163221876,nan,0.0000002916,65.3523643218,nan,nan,nan,nan,nan,nan,nan
4677,54.2105263158,1.0881183297,nan,0.0000000779,71.0824987979,nan,nan,nan,nan,nan,nan,nan
4678,54.2105263158,0.7546656095,nan,0.0000166087,47.7966433176,nan,nan,nan,nan,nan,nan,nan
4679,54.2105263158,0.0495250526,nan,0.0022910149,26.3997208274,nan,nan,nan,nan,nan,nan,nan
4680,54.2105263158,0.5425197535,nan,0.0001823498,37.3909476391,nan,nan,nan,nan,nan,nan,nan
4681,54.2105263158,0.6161794023,nan,0.0000867785,40.6158775053,nan,nan,nan,nan,nan,nan,nan
4682,54.2105263158,0.3585602200,nan,0.0007696381,31.1371342950,nan,nan,nan,nan,nan,nan,nan
4683,54.2105263158,0.2094879588,nan,0.0016027303,27.9513956227,nan,nan,nan,nan,nan,nan,nan
4684,54.2105263158,0.3669047825,nan,0.0007302628,31.3652084995,nan,nan,nan,nan,nan,nan,nan
4685,54.2105263158,1.5269602063,nan,0.0000000000,114.6655491250,nan,nan,nan,nan,nan,nan,nan
4686,54.2105263158,1.2873633733,nan,0.0000000012,89.0461848869,nan,nan,nan,nan,nan,nan,nan
4687,54.2105263158,0.9208532007,nan,0.0000014648,58.3420795584,nan,nan,nan,nan,nan,nan,nan
4688,54.2105263158,0.1979147027,nan,0.0016694013,27.7743926092,nan,nan,nan,nan,nan,nan,nan
4689,54.2105263158,0.5151736757,nan,0.0002344939,36.2986840968,nan,nan,nan,nan,nan,nan,nan
4690,54.2105263158,0.0182299164,nan,0.0023329299,26.3209831882,nan,nan,nan,nan,nan,nan,nan
4691,54.2105263158,0.5385017488,nan,0.0001893696,37.2268977788,nan,nan,nan,nan,nan,nan,nan
4692,54.2105263158,0.0283717519,nan,0.0023235448,26.3384895781,nan,nan,nan,nan,nan,nan,nan
4693,54.2105263158,1.2234537245,nan,0.0000000051,82.9538439375,nan,nan,nan,nan,nan,nan,nan
4694,54.2105263158,0.3977128012,nan,0.0005952521,32.2529908987,nan,nan,nan,nan,nan,nan,nan
4695,54.2105263158,1.1963909605,nan,0.0000000090,80.4680642823,nan,nan,nan,nan,nan,nan,nan
4696,54.2105263158,0.9324572756,nan,0.0000012142,59.1570516572,nan,nan,nan,nan,nan,nan,nan
4697,54.2105263158,0.8446226146,nan,0.0000047385,53.2435489757,nan,nan,nan,nan,nan,nan,nan
4698,54.2105263158,0.4756372477,nan,0.0003296122,34.8199667869,nan,nan,nan,nan,nan,nan,nan
4699,54.2105263158,0.9603547964,nan,0.0000007659,61.1583602878,nan,nan,nan,nan,nan,nan,nan
4700,54.2105263158,0.7440907819,nan,0.0000190685,47.1968300360,nan,nan,nan,nan,nan,nan,nan
4701,54.2105263158,0.3253532224,nan,0.0009371705,30.2818137173,nan,nan,nan,nan,nan,nan,nan
4702,54.2105263158,0.9544768551,nan,0.0000008449,60.7317533779,nan,nan,nan,nan,nan,nan,nan
4703,54.2105263158,1.1288846963,nan,0.0000000354,74.5112455571,nan,nan,nan,nan,nan,nan,nan
4704,54.2105263158,0.4614109445,nan,0.0003700897,34.3169297663,nan,nan,nan,nan,nan,nan,nan
4705,54.2105263158,0.6209331502,nan,0.0000824484,40.8381777661,nan,nan,nan,nan,nan,nan,nan
4706,54.2105263158,0.7681348784,nan,0.0000138900,48.5729649167,nan,nan,nan,nan,nan,nan,nan
4707,54.2105263158,0.8570569615,nan,0.0000039401,54.0449589553,nan,nan,nan,nan,nan,nan,nan
4708,54.2105263158,0.8771977818,nan,0.0000029053,55.3680665713,nan,nan,nan,nan,nan,nan,nan
4709,54.2105263158,0.8269233711,nan,0.0000061332,52.1231340528,nan,nan,nan,nan,nan,nan,nan
4710,54.2105263158,1.0287684385,nan,0.0000002335,66.3175270579,nan,nan,nan,nan,nan,nan,nan
4711,54.2105263158,0.7613433837,nan,0.0000152062,48.1797997051,nan,nan,nan,nan,nan,nan,nan
4712,54.2105263158,0.5323167666,nan,0.0002005963,36.9767711856,nan,nan,nan,nan,nan,nan,nan
4713,54.2105263158,1.1763115033,nan,0.0000000136,78.6598696132,nan,nan,nan,nan,nan,nan,nan
4714,54.2105263158,0.6980152158,nan,0.0000340191,44.6827668916,nan,nan,nan,nan,nan,nan,nan
4715,54.2105263158,0.5496735620,nan,0.0001703701,37.6860655988,nan,nan,nan,nan,nan,nan,nan
4716,54.2105263158,0.2737313684,nan,0.0012251665,29.1180487549,nan,nan,nan,nan,nan,nan,nan
4717,54.2105263158,1.0164802428,nan,0.0000002908,65.3645468456,nan,nan,nan,nan,nan,nan,nan
4718,54.2105263158,0.1065088106,nan,0.0021224754,26.7315734018,nan,nan,nan,nan,nan,nan,nan
4719,54.2105263158,0.2730827579,nan,0.0012289353,29.1047099234,nan,nan,nan,nan,nan,nan,nan
4720,54.2105263158,0.5083310536,nan,0.0002492147,36.0342629705,nan,nan,nan,nan,nan,nan,nan
4721,54.2105263158,0.3453458926,nan,0.0008343038,30.7867579924,nan,nan,nan,nan,nan,nan,nan
4722,54.2105263158,0.4823326296,nan,0.0003117431,35.0620321201,nan,nan,nan,nan,nan,nan,nan
4723,54.2105263158,1.3918851459,nan,0.0000000001,99.6826630330,nan,nan,nan,nan,nan,nan,nan
4724,54.2105263158,0.5485312261,nan,0.0001722392,37.6386795205,nan,nan,nan,nan,nan,nan,nan
4725,54.2105263158,1.0171745765,nan,0.0000002872,65.4180870171,nan,nan,nan,nan,nan,nan,nan
4726,54.2105263158,0.7126979116,nan,0.0000284030,45.4663644857,nan,nan,nan,nan,nan,nan,nan
4727,54.2105263158,0.8103137696,nan,0.0000077743,51.0934102507,nan,nan,nan,nan,nan,nan,nan
4728,54.2105263158,1.0242533577,nan,0.0000002532,65.9660322257,nan,nan,nan,nan,nan,nan,nan
4729,54.2105263158,0.2527104167,nan,0.0013483570,28.7019511446,nan,nan,nan,nan,nan,nan,nan
4730,54.2105263158,0.4865723153,nan,0.0003008102,35.2170746348,nan,nan,nan,nan,nan,nan,nan
4731,54.2105263158,0.2473873397,nan,0.0013797841,28.6018886981,nan,nan,nan,nan,nan,nan,nan
4732,54.2105263158,0.6091179948,nan,0.0000935656,40.2888370037,nan,nan,nan,nan,nan,nan,nan
4733,54.2105263158,0.9958740548,nan,0.0000004176,63.7923458071,nan,nan,nan,nan,nan,nan,nan
4734,54.2105263158,0.6397617545,nan,0.0000670571,41.7355522732,nan,nan,nan,nan,nan,nan,nan
4735,54.2105263158,1.5406385493,nan,0.0000000000,116.2605990455,nan,nan,nan,nan,nan,nan,nan
4736,54.2105263158,0.6475923176,nan,0.0000614229,42.1166996398,nan,nan,nan,nan,nan,nan,nan
4737,54.2105263158,0.6038575040,nan,0.0000989084,40.0476689381,nan,nan,nan,nan,nan,nan,nan
4738,54.2105263158,0.7936652808,nan,0.0000098121,50.0823706951,nan,nan,nan,nan,nan,nan,nan
4739,54.2105263158,0.4426562276,nan,0.0004288197,33.6772528363,nan,nan,nan,nan,nan,nan,nan
4740,54.2105263158,0.4199294933,nan,0.0005084073,32.9378820286,nan,nan,nan,nan,nan,nan,nan
4741,54.2105263158,0.2499922585,nan,0.0013643985,28.6505877934,nan,nan,nan,nan,nan,nan,nan
4742,54.2105263158,0.1835009727,nan,0.0017506153,27.5680928206,nan,nan,nan,nan,nan,nan,nan
4743,54.2105263158,0.9414267023,nan,0.0000010486,59.7940248646,nan,nan,nan,nan,nan,nan,nan
4744,54.2105263158,0.6623581057,nan,0.0000519026,42.8481087209,nan,nan,nan,nan,nan,nan,nan
4745,54.2105263158,0.4430008633,nan,0.0004276843,33.6887666639,nan,nan,nan,nan,nan,nan,nan
4746,54.2105263158,1.2892364289,nan,0.0000000012,89.2294457655,nan,nan,nan,nan,nan,nan,nan
4747,54.2105263158,0.4059797286,nan,0.0005618926,32.5034669394,nan,nan,nan,nan,nan,nan,nan
4748,54.2105263158,1.0282654080,nan,0.0000002356,66.2782895963,nan,nan,nan,nan,nan,nan,nan
4749,54.2105263158,0.6776325527,nan,0.0000434293,43.6221733725,nan,nan,nan,nan,nan,nan,nan
4750,54.2105263158,0.6283915502,nan,0.0000760253,41.1904205432,nan,nan,nan,nan,nan,nan,nan
4751,54.2105263158,0.6789642782,nan,0.0000427513,43.6905029357,nan,nan,nan,nan,nan,nan,nan
4752,54.2105263158,0.3219990943,nan,0.0009549778,30.2000671763,nan,nan,nan,nan,nan,nan,nan
4753,54.2105263158,0.2239438068,nan,0.0015182030,28.1867014092,nan,nan,nan,nan,nan,nan,nan
4754,54.2105263158,0.2990291989,nan,0.0010806501,29.6631489412,nan,nan,nan,nan,nan,nan,nan
4755,54.2105263158,0.3866206504,nan,0.0006419394,31.9250595352,nan,nan,nan,nan,nan,nan,nan
4756,54.2105263158,0.7288234477,nan,0.0000231960,46.3458770825,nan,nan,nan,nan,nan,nan,nan
4757,54.2105263158,1.3594142960,nan,0.0000000002,96.2889079132,nan,nan,nan,nan,nan,nan,nan
4758,54.2105263158,1.8781916856,nan,0.0000000000,160.1599903875,nan,nan,nan,nan,nan,nan,nan
4759,54.2105263158,1.4388243259,nan,0.0000000000,104.7310953147,nan,nan,nan,nan,nan,nan,nan
4760,54.2105263158,0.9975017344,nan,0.0000004059,63.9153552640,nan,nan,nan,nan,nan,nan,nan
4761,54.2105263158,0.4347407810,nan,0.0004554818,33.4152896975,nan,nan,nan,nan,nan,nan,nan
4762,54.2105263158,0.6171488476,nan,0.0000858801,40.6610722913,nan,nan,nan,nan,nan,nan,nan
4763,54.2105263158,0.3934231336,nan,0.0006130469,32.1250632552,nan,nan,nan,nan,nan,nan,nan
4764,54.2105263158,0.5228867349,nan,0.0002187254,36.6010070353,nan,nan,nan,nan,nan,nan,nan
4765,54.2105263158,1.0175655875,nan,0.0000002852,65.4482541229,nan,nan,nan,nan,nan,nan,nan
4766,54.2105263158,0.7642162430,nan,0.0000146363,48.3456831483,nan,nan,nan,nan,nan,nan,nan
4767,54.2105263158,0.2997479113,nan,0.0010766280,29.6793431270,nan,nan,nan,nan,nan,nan,nan
4768,54.2105263158,0.8900721858,nan,0.0000023823,56.2300242587,nan,nan,nan,nan,nan,nan,nan
4769,54.2105263158,1.0091100873,nan,0.0000003312,64.7985006540,nan,nan,nan,nan,nan,nan,nan
4770,54.2105263158,1.4982155092,nan,0.0000000000,111.3602324408,nan,nan,nan,nan,nan,nan,nan
4771,54.2105263158,0.3497299962,nan,0.0008125433,30.9015347083,nan,nan,nan,nan,nan,nan,nan
4772,54.2105263158,0.6022068847,nan,0.0001006368,39.9724298544,nan,nan,nan,nan,nan,nan,nan
4773,54.2105263158,0.6343611591,nan,0.0000711967,41.4754003536,nan,nan,nan,nan,nan,nan,nan
4774,54.2105263158,1.0856307483,nan,0.0000000817,70.8773823048,nan,nan,nan,nan,nan,nan,nan
4775,54.2105263158,1.7112560711,nan,0.0000000000,137.3595477049,nan,nan,nan,nan,nan,nan,nan
4776,54.2105263158,0.9322331682,nan,0.0000012186,59.1412150007,nan,nan,nan,nan,nan,nan,nan
4777,54.2105263158,0.9083774247,nan,0.0000017876,57.4773410027,nan,nan,nan,nan,nan,nan,nan
4778,54.2105263158,0.7700523827,nan,0.0000135375,48.6846068279,nan,nan,nan,nan,nan,nan,nan
4779,54.2105263158,1.2041507317,nan,0.0000000076,81.1750970098,nan,nan,nan,nan,nan,nan,nan
4780,54.2105263158,0.5169325243,nan,0.0002308221,36.3672264677,nan,nan,nan,nan,nan,nan,nan
4781,54.2105263158,1.0407010337,nan,0.0000001882,67.2539570330,nan,nan,nan,nan,nan,nan,nan
4782,54.2105263158,0.9944546916,nan,0.0000004280,63.6852445400,nan,nan,nan,nan,nan,nan,nan
4783,54.2105263158,0.8759703093,nan,0.0000029604,55.2865455472,nan,nan,nan,nan,nan,nan,nan
4784,54.2105263158,1.3384986567,nan,0.0000000004,94.1455474639,nan,nan,nan,nan,nan,nan,nan
4785,54.2105263158,0.3599150166,nan,0.0007631669,31.1738047127,nan,nan,nan,nan,nan,nan,nan
4786,54.2105263158,0.4470383528,nan,0.0004145410,33.8243254533,nan,nan,nan,nan,nan,nan,nan
4787,54.2105263158,0.8986353803,nan,0.0000020843,56.8103389334,nan,nan,nan,nan,nan,nan,nan
4788,54.2105263158,0.3874974105,nan,0.0006381693,31.9506406229,nan,nan,nan,nan,nan,nan,nan
4789,54.2105263158,0.6134743204,nan,0.0000893275,40.4901467412,nan,nan,nan,nan,nan,nan,nan
4790,54.2105263158,0.4614768822,nan,0.0003698941,34.3192258490,nan,nan,nan,nan,nan,nan,nan
4791,54.2105263158,0.4342502558,nan,0.0004571711,33.3992121710,nan,nan,nan,nan,nan,nan,nan
4792,54.2105263158,0.5538328499,nan,0.0001637028,37.8594381780,nan,nan,nan,nan,nan,nan,nan
4793,54.2105263158,0.4125202998,nan,0.0005363755,32.7053108690,nan,nan,nan,nan,nan,nan,nan
4794,54.2105263158,0.4336332635,nan,0.0004593021,33.3790154746,nan,nan,nan,nan,nan,nan,nan
4795,54.2105263158,1.4241879365,nan,0.0000000000,103.1388375581,nan,nan,nan,nan,nan,nan,nan
4796,54.2105263158,0.6721230071,nan,0.0000463349,43.3409182796,nan,nan,nan,nan,nan,nan,nan
4797,54.2105263158,0.6636609353,nan,0.0000511277,42.9134396818,nan,nan,nan,nan,nan,nan,nan
4798,54.2105263158,0.3146794813,nan,0.0009943440,30.0246336362,nan,nan,nan,nan,nan,nan,nan
4799,54.2105263158,0.7381836897,nan,0.0000205803,46.8654820824,nan,nan,nan,nan,nan,nan,nan
4800,54.2105263158,0.6052948342,nan,0.0000974237,40.1133545994,nan,nan,nan,nan,nan,nan,nan
4801,54.2105263158,0.6169706108,nan,0.0000860447,40.6527576657,nan,nan,nan,nan,nan,nan,nan
4802,54.2105263158,0.4234916014,nan,0.0004953158,33.0511777966,nan,nan,nan,nan,nan,nan,nan
4803,54.2105263158,0.1817980499,nan,0.0017600477,27.5447555347,nan,nan,nan,nan,nan,nan,nan
4804,54.2105263158,0.7129426453,nan,0.0000283168,45.4795646945,nan,nan,nan,nan,nan,nan,nan
4805,54.2105263158,0.3166418745,nan,0.0009837236,30.0712692781,nan,nan,nan,nan,nan,nan,nan
4806,54.2105263158,0.8102294689,nan,0.0000077835,51.0882375937,nan,nan,nan,nan,nan,nan,nan
4807,54.2105263158,0.4908337637,nan,0.0002901156,35.3742888405,nan,nan,nan,nan,nan,nan,nan
4808,54.2105263158,0.7613653175,nan,0.0000152018,48.1810638172,nan,nan,nan,nan,nan,nan,nan
4809,54.2105263158,1.2284120713,nan,0.0000000046,83.4153442098,nan,nan,nan,nan,nan,nan,nan
4810,54.2105263158,0.2814664391,nan,0.0011804357,29.2795765396,nan,nan,nan,nan,nan,nan,nan
4811,54.2105263158,0.8150224155,nan,0.0000072725,51.3831909686,nan,nan,nan,nan,nan,nan,nan
4812,54.2105263158,0.3025651679,nan,0.0010609137,29.7431993706,nan,nan,nan,nan,nan,nan,nan
4813,54.2105263158,0.5191043019,nan,0.0002263505,36.4521850156,nan,nan,nan,nan,nan,nan,nan
4814,54.2105263158,0.3445812133,nan,0.0008381297,30.7668877462,nan,nan,nan,nan,nan,nan,nan
4815,54.2105263158,0.7933590437,nan,0.0000098538,50.0639711428,nan,nan,nan,nan,nan,nan,nan
4816,54.2105263158,1.4126384310,nan,0.0000000001,101.8939572915,nan,nan,nan,nan,nan,nan,nan
4817,54.2105263158,0.4732685733,nan,0.0003361132,34.7351448408,nan,nan,nan,nan,nan,nan,nan
4818,54.2105263158,0.5713359869,nan,0.0001379292,38.6034377108,nan,nan,nan,nan,nan,nan,nan
4819,54.2105263158,0.7907426495,nan,0.0000102163,49.9070623695,nan,nan,nan,nan,nan,nan,nan
4820,54.2105263158,0.5283054713,nan,0.0002081563,36.8161047694,nan,nan,nan,nan,nan,nan,nan
4821,54.2105263158,0.7009915041,nan,0.0000328074,44.8402815141,nan,nan,nan,nan,nan,nan,nan
4822,54.2105263158,0.3753946666,nan,0.0006914053,31.6026730936,nan,nan,nan,nan,nan,nan,nan
4823,54.2105263158,0.7554656544,nan,0.0000164347,47.8423690995,nan,nan,nan,nan,nan,nan,nan
4824,54.2105263158,1.0642501932,nan,0.0000001221,69.1339000379,nan,nan,nan,nan,nan,nan,nan
4825,54.2105263158,0.3913425887,nan,0.0006217962,32.0635193618,nan,nan,nan,nan,nan,nan,nan
4826,54.2105263158,0.7976620613,nan,0.0000092829,50.3231632573,nan,nan,nan,nan,nan,nan,nan
4827,54.2105263158,0.5619382769,nan,0.0001513186,38.2010771473,nan,nan,nan,nan,nan,nan,nan
4828,54.2105263158,0.7368247351,nan,0.0000209429,46.7896298963,nan,nan,nan,nan,nan,nan,nan
4829,54.2105263158,0.5403425742,nan,0.0001861271,37.3019039564,nan,nan,nan,nan,nan,nan,nan
4830,54.2105263158,0.4548209905,nan,0.0003900210,34.0891195797,nan,nan,nan,nan,nan,nan,nan
4831,54.2105263158,0.4312455502,nan,0.0004676137,33.3011280614,nan,nan,nan,nan,nan,nan,nan
4832,54.2105263158,0.6019351826,nan,0.0001009238,39.9600648956,nan,nan,nan,nan,nan,nan,nan
4833,54.2105263158,0.9557934791,nan,0.0000008266,60.8270817547,nan,nan,nan,nan,nan,nan,nan
4834,54.2105263158,0.3789587385,nan,0.0006754621,31.7039901684,nan,nan,nan,nan,nan,nan,nan
4835,54.2105263158,0.5361546090,nan,0.0001935693,37.1316348898,nan,nan,nan,nan,nan,nan,nan
4836,54.2105263158,0.3242057835,nan,0.0009432455,30.2537525090,nan,nan,nan,nan,nan,nan,nan
4837,54.2105263158,0.7252158182,nan,0.0000242807,46.1473918819,nan,nan,nan,nan,nan,nan,nan
4838,54.2105263158,0.8066467046,nan,0.0000081867,50.8689009580,nan,nan,nan,nan,nan,nan,nan
4839,54.2105263158,0.6483828323,nan,0.0000608774,42.1554366882,nan,nan,nan,nan,nan,nan,nan
4840,54.2105263158,1.0540093108,nan,0.0000001475,68.3111636282,nan,nan,nan,nan,nan,nan,nan
4841,54.2105263158,0.6314133323,nan,0.0000735472,41.3343368596,nan,nan,nan,nan,nan,nan,nan
4842,54.2105263158,0.1938741043,nan,0.0016923968,27.7149779920,nan,nan,nan,nan,nan,nan,nan
4843,54.2105263158,0.3943757551,nan,0.0006090666,32.1533520192,nan,nan,nan,nan,nan,nan,nan
4844,54.2105263158,1.2079141101,nan,0.0000000070,81.5196540436,nan,nan,nan,nan,nan,nan,nan
4845,54.2105263158,0.2111316992,nan,0.0015931784,27.9773559247,nan,nan,nan,nan,nan,nan,nan
4846,54.2105263158,0.8484954170,nan,0.0000044752,53.4918925539,nan,nan,nan,nan,nan,nan,nan
4847,54.2105263158,0.9803755011,nan,0.0000005456,62.6311910313,nan,nan,nan,nan,nan,nan,nan
4848,54.2105263158,0.9546267528,nan,0.0000008428,60.7425998468,nan,nan,nan,nan,nan,nan,nan
4849,54.2105263158,0.7242853465,nan,0.0000245677,46.0963597885,nan,nan,nan,nan,nan,nan,nan
4850,54.2105263158,0.2953121952,nan,0.0011015340,29.5800208645,nan,nan,nan,nan,nan,nan,nan
4851,54.2105263158,1.0443258935,nan,0.0000001762,67.5405756691,nan,nan,nan,nan,nan,nan,nan
4852,54.2105263158,0.4535808505,nan,0.0003938567,34.0466174304,nan,nan,nan,nan,nan,nan,nan
4853,54.2105263158,0.3470668407,nan,0.0008257263,30.8316390639,nan,nan,nan,nan,nan,nan,nan
4854,54.2105263158,0.8605595125,nan,0.0000037387,54.2728303163,nan,nan,nan,nan,nan,nan,nan
4855,54.2105263158,1.1450939584,nan,0.0000000256,75.9098181417,nan,nan,nan,nan,nan,nan,nan
4856,54.2105263158,0.6091734592,nan,0.0000935106,40.2913909920,nan,nan,nan,nan,nan,nan,nan
4857,54.2105263158,1.0699463895,nan,0.0000001098,69.5949879545,nan,nan,nan,nan,nan,nan,nan
4858,54.2105263158,1.0212592281,nan,0.0000002671,65.7337998728,nan,nan,nan,nan,nan,nan,nan
4859,54.2105263158,0.3857988182,nan,0.0006454857,31.9011340081,nan,nan,nan,nan,nan,nan,nan
4860,54.2105263158,0.9188818962,nan,0.0000015119,58.2046521970,nan,nan,nan,nan,nan,nan,nan
4861,54.2105263158,0.9977978415,nan,0.0000004039,63.9377548468,nan,nan,nan,nan,nan,nan,nan
4862,54.2105263158,1.0581497228,nan,0.0000001367,68.6428339116,nan,nan,nan,nan,nan,nan,nan
4863,54.2105263158,0.4701069948,nan,0.0003449377,34.6225930005,nan,nan,nan,nan,nan,nan,nan
4864,54.2105263158,1.0835794243,nan,0.0000000849,70.7085933082,nan,nan,nan,nan,nan,nan,nan
4865,54.2105263158,0.6228289517,nan,0.0000807735,40.9273109121,nan,nan,nan,nan,nan,nan,nan
4866,54.2105263158,0.2306312047,nan,0.0014788021,28.3008995381,nan,nan,nan,nan,nan,nan,nan
4867,54.2105263158,1.1692642947,nan,0.0000000157,78.0325548361,nan,nan,nan,nan,nan,nan,nan
4868,54.2105263158,0.3968663805,nan,0.0005987371,32.2276381669,nan,nan,nan,nan,nan,nan,nan
4869,54.2105263158,0.8716930657,nan,0.0000031598,55.0033753156,nan,nan,nan,nan,nan,nan,nan
4870,54.2105263158,1.1908863401,nan,0.0000000101,79.9692984996,nan,nan,nan,nan,nan,nan,nan
4871,54.2105263158,1.3930629896,nan,0.0000000001,99.8072826701,nan,nan,nan,nan,nan,nan,nan
4872,54.2105263158,0.8270107138,nan,0.0000061255,52.1286044921,nan,nan,nan,nan,nan,nan,nan
4873,54.2105263158,0.8692697823,nan,0.0000032783,54.8435633911,nan,nan,nan,nan,nan,nan,nan
4874,54.2105263158,0.8315985633,nan,0.0000057322,52.4167674256,nan,nan,nan,nan,nan,nan,nan
4875,54.2105263158,0.3265000247,nan,0.0009311167,30.3099590316,nan,nan,nan,nan,nan,nan,nan
4876,54.2105263158,0.2640709334,nan,0.0012815413,28.9226738389,nan,nan,nan,nan,nan,nan,nan
4877,54.2105263158,0.5804585445,nan,0.0001258798,39.0004405959,nan,nan,nan,nan,nan,nan,nan
4878,54.2105263158,0.9516331512,nan,0.0000008859,60.5263100363,nan,nan,nan,nan,nan,nan,nan
4879,54.2105263158,0.2565586243,nan,0.0013256766,28.7756241148,nan,nan,nan,nan,nan,nan,nan
4880,54.2105263158,0.5123262615,nan,0.0002405349,36.1882185937,nan,nan,nan,nan,nan,nan,nan
4881,54.2105263158,1.3714506159,nan,0.0000000002,97.5375063319,nan,nan,nan,nan,nan,nan,nan
4882,54.2105263158,0.3057710960,nan,0.0010431346,29.8165964823,nan,nan,nan,nan,nan,nan,nan
4883,54.2105263158,0.3639555696,nan,0.0007440468,31.2839971773,nan,nan,nan,nan,nan,nan,nan
4884,54.2105263158,0.5854803021,nan,0.0001196277,39.2216820100,nan,nan,nan,nan,nan,nan,nan
4885,54.2105263158,0.3757990973,nan,0.0006895851,31.6141215267,nan,nan,nan,nan,nan,nan,nan
4886,54.2105263158,1.0324677457,nan,0.0000002184,66.6066741086,nan,nan,nan,nan,nan,nan,nan
4887,54.2105263158,0.7909673564,nan,0.0000101847,49.9205178848,nan,nan,nan,nan,nan,nan,nan
4888,54.2105263158,0.3984682576,nan,0.0005921524,32.2756648944,nan,nan,nan,nan,nan,nan,nan
4889,54.2105263158,0.3186027374,nan,0.0009731595,30.1181599388,nan,nan,nan,nan,nan,nan,nan
4890,54.2105263158,0.4854484477,nan,0.0003036797,35.1758425483,nan,nan,nan,nan,nan,nan,nan
4891,54.2105263158,0.1745879682,nan,0.0017995452,27.4483723428,nan,nan,nan,nan,nan,nan,nan
4892,54.2105263158,0.4531824520,nan,0.0003950947,34.0329882761,nan,nan,nan,nan,nan,nan,nan
4893,54.2105263158,0.2441908823,nan,0.0013986749,28.5428320670,nan,nan,nan,nan,nan,nan,nan
4894,54.2105263158,0.6776120078,nan,0.0000434398,43.6211202900,nan,nan,nan,nan,nan,nan,nan
4895,54.2105263158,0.2367734751,nan,0.0014425246,28.4087676930,nan,nan,nan,nan,nan,nan,nan
4896,54.2105263158,0.8403240771,nan,0.0000050475,52.9692436646,nan,nan,nan,nan,nan,nan,nan
4897,54.2105263158,0.2340070235,nan,0.0014588709,28.3598312805,nan,nan,nan,nan,nan,nan,nan
4898,54.2105263158,1.3854368013,nan,0.0000000001,99.0022873824,nan,nan,nan,nan,nan,nan,nan
4899,54.2105263158,1.6471391404,nan,0.0000000000,129.1694133612,nan,nan,nan,nan,nan,nan,nan
4900,54.2105263158,0.1398385636,nan,0.0019774920,27.0388527034,nan,nan,nan,nan,nan,nan,nan
4901,54.2105263158,1.2198944289,nan,0.0000000055,82.6237189559,nan,nan,nan,nan,nan,nan,nan
4902,54.2105263158,0.5780753003,nan,0.0001289403,38.8961140058,nan,nan,nan,nan,nan,nan,nan
4903,54.2105263158,0.2746754012,nan,0.0012196859,29.1375199159,nan,nan,nan,nan,nan,nan,nan
4904,54.2105263158,0.1498152762,nan,0.0019288089,27.1471079010,nan,nan,nan,nan,nan,nan,nan
4905,54.2105263158,0.9017273541,nan,0.0000019855,57.0212511395,nan,nan,nan,nan,nan,nan,nan
4906,54.2105263158,1.0560512781,nan,0.0000001421,68.4745731745,nan,nan,nan,nan,nan,nan,nan
4907,54.2105263158,0.9187365669,nan,0.0000015155,58.1945324490,nan,nan,nan,nan,nan,nan,nan
4908,54.2105263158,0.3113243350,nan,0.0010126106,29.9455754038,nan,nan,nan,nan,nan,nan,nan
4909,54.2105263158,0.2653473210,nan,0.0012740654,28.9480828906,nan,nan,nan,nan,nan,nan,nan
4910,54.2105263158,0.4221120160,nan,0.0005003588,33.0071847032,nan,nan,nan,nan,nan,nan,nan
4911,54.2105263158,0.4682503327,nan,0.0003501991,34.5568498150,nan,nan,nan,nan,nan,nan,nan
4912,54.2105263158,0.7659703857,nan,0.0000142979,48.4472792319,nan,nan,nan,nan,nan,nan,nan
4913,54.2105263158,0.6557126798,nan,0.0000560160,42.5168807348,nan,nan,nan,nan,nan,nan,nan
4914,54.2105263158,1.0446030636,nan,0.0000001753,67.5625328538,nan,nan,nan,nan,nan,nan,nan
4915,54.2105263158,0.7414011586,nan,0.0000197441,47.0456308311,nan,nan,nan,nan,nan,nan,nan
4916,54.2105263158,0.5028029750,nan,0.0002616232,35.8232379773,nan,nan,nan,nan,nan,nan,nan
4917,54.2105263158,1.5541064410,nan,0.0000000000,117.8450925592,nan,nan,nan,nan,nan,nan,nan
4918,54.2105263158,0.4248097547,nan,0.0004905297,33.0933468410,nan,nan,nan,nan,nan,nan,nan
4919,54.2105263158,1.4728438433,nan,0.0000000000,108.4952867887,nan,nan,nan,nan,nan,nan,nan
4920,54.2105263158,0.1519548658,nan,0.0019180939,27.1713013997,nan,nan,nan,nan,nan,nan,nan
4921,54.2105263158,0.3129061113,nan,0.0010039819,29.9827409933,nan,nan,nan,nan,nan,nan,nan
4922,54.2105263158,0.8573004128,nan,0.0000039258,54.0607673352,nan,nan,nan,nan,nan,nan,nan
4923,54.2105263158,0.2693617169,nan,0.0012506042,29.0288011009,nan,nan,nan,nan,nan,nan,nan
4924,54.2105263158,0.4085193727,nan,0.0005518924,32.5814556163,nan,nan,nan,nan,nan,nan,nan
4925,54.2105263158,0.1008663190,nan,0.0021439614,26.6878303831,nan,nan,nan,nan,nan,nan,nan
4926,54.2105263158,0.6902438179,nan,0.0000373709,44.2746590306,nan,nan,nan,nan,nan,nan,nan
4927,54.2105263158,0.2818053434,nan,0.0011784856,29.2867572782,nan,nan,nan,nan,nan,nan,nan
4928,54.2105263158,0.4725864822,nan,0.0003380027,34.7107982572,nan,nan,nan,nan,nan,nan,nan
4929,54.2105263158,1.0106895832,nan,0.0000003221,64.9194609089,nan,nan,nan,nan,nan,nan,nan
4930,54.2105263158,0.2248724350,nan,0.0015127400,28.2023571011,nan,nan,nan,nan,nan,nan,nan
4931,54.2105263158,0.5711207689,nan,0.0001382246,38.5941480807,nan,nan,nan,nan,nan,nan,nan
4932,54.2105263158,0.2571850199,nan,0.0013219888,28.7877223244,nan,nan,nan,nan,nan,nan,nan
4933,54.2105263158,0.2260516724,nan,0.0015057984,28.2223317491,nan,nan,nan,nan,nan,nan,nan
4934,54.2105263158,0.5572834440,nan,0.0001583336,38.0042681660,nan,nan,nan,nan,nan,nan,nan
4935,54.2105263158,0.1232384917,nan,0.0020533581,26.8753530567,nan,nan,nan,nan,nan,nan,nan
4936,54.2105263158,0.6394499856,nan,0.0000672903,41.7204737056,nan,nan,nan,nan,nan,nan,nan
4937,54.2105263158,0.4558078241,nan,0.0003869881,34.1230238274,nan,nan,nan,nan,nan,nan,nan
4938,54.2105263158,2.1912226561,nan,0.0000000000,208.6693810297,nan,nan,nan,nan,nan,nan,nan
4939,54.2105263158,0.5038204103,nan,0.0002593043,35.8619025051,nan,nan,nan,nan,nan,nan,nan
4940,54.2105263158,0.7089481192,nan,0.0000297531,45.2646820633,nan,nan,nan,nan,nan,nan,nan
4941,54.2105263158,0.2537055755,nan,0.0013424880,28.7208958151,nan,nan,nan,nan,nan,nan,nan
4942,54.2105263158,1.0792004660,nan,0.0000000923,70.3493544080,nan,nan,nan,nan,nan,nan,nan
4943,54.2105263158,0.3201363710,nan,0.0009649311,30.1550371468,nan,nan,nan,nan,nan,nan,nan
4944,54.2105263158,0.1589109892,nan,0.0018826328,27.2523438360,nan,nan,nan,nan,nan,nan,nan
4945,54.2105263158,1.4487016926,nan,0.0000000000,105.8148881242,nan,nan,nan,nan,nan,nan,nan
4946,54.2105263158,0.5890205812,nan,0.0001153770,39.3788070773,nan,nan,nan,nan,nan,nan,nan
4947,54.2105263158,0.5902093370,nan,0.0001139782,39.4317803217,nan,nan,nan,nan,nan,nan,nan
4948,54.2105263158,0.9638239134,nan,0.0000007225,61.4113771750,nan,nan,nan,nan,nan,nan,nan
4949,54.2105263158,0.8699087764,nan,0.0000032466,54.8856606420,nan,nan,nan,nan,nan,nan,nan
4950,54.2105263158,0.8140315171,nan,0.0000073755,51.3220684869,nan,nan,nan,nan,nan,nan,nan
4951,54.2105263158,0.6166770096,nan,0.0000863164,40.6390666421,nan,nan,nan,nan,nan,nan,nan
4952,54.2105263158,0.4368697232,nan,0.0004482002,33.4852798732,nan,nan,nan,nan,nan,nan,nan
4953,54.2105263158,0.1161820220,nan,0.0020834647,26.8121384635,nan,nan,nan,nan,nan,nan,nan
4954,54.2105263158,0.3062592556,nan,0.0010404373,29.8278407865,nan,nan,nan,nan,nan,nan,nan
4955,54.2105263158,0.5649895391,nan,0.0001468595,38.3309800357,nan,nan,nan,nan,nan,nan,nan
4956,54.2105263158,0.4858001452,nan,0.0003027795,35.1887351974,nan,nan,nan,nan,nan,nan,nan
4957,54.2105263158,1.1684119317,nan,0.0000000160,77.9569379561,nan,nan,nan,nan,nan,nan,nan
4958,54.2105263158,0.5953598290,nan,0.0001080802,39.6625376636,nan,nan,nan,nan,nan,nan,nan
4959,54.2105263158,0.9557027866,nan,0.0000008278,60.8205110522,nan,nan,nan,nan,nan,nan,nan
4960,54.2105263158,0.1427344743,nan,0.0019635851,27.0695027188,nan,nan,nan,nan,nan,nan,nan
4961,54.2105263158,0.2744812508,nan,0.0012208126,29.1335099541,nan,nan,nan,nan,nan,nan,nan
4962,54.2105263158,0.9340753718,nan,0.0000011826,59.2715088548,nan,nan,nan,nan,nan,nan,nan
4963,54.2105263158,0.4697912989,nan,0.0003458282,34.6113959460,nan,nan,nan,nan,nan,nan,nan
4964,54.2105263158,0.8785360605,nan,0.0000028464,55.4570775361,nan,nan,nan,nan,nan,nan,nan
4965,54.2105263158,0.7529052658,nan,0.0000169973,47.6962042380,nan,nan,nan,nan,nan,nan,nan
4966,54.2105263158,0.9002589811,nan,0.0000020319,56.9209984113,nan,nan,nan,nan,nan,nan,nan
4967,54.2105263158,1.3414938656,nan,0.0000000004,94.4504344212,nan,nan,nan,nan,nan,nan,nan
4968,54.2105263158,0.3904909186,nan,0.0006254000,32.0384211117,nan,nan,nan,nan,nan,nan,nan
4969,54.2105263158,0.2400401260,nan,0.0014232142,28.4672973915,nan,nan,nan,nan,nan,nan,nan
4970,54.2105263158,0.5256763140,nan,0.0002132327,36.7114612138,nan,nan,nan,nan,nan,nan,nan
4971,54.2105263158,0.7347832650,nan,0.0000214984,46.6759463552,nan,nan,nan,nan,nan,nan,nan
4972,54.2105263158,1.0533219111,nan,0.0000001494,68.2562256837,nan,nan,nan,nan,nan,nan,nan
4973,54.2105263158,0.6145251215,nan,0.0000883299,40.5389213049,nan,nan,nan,nan,nan,nan,nan
4974,54.2105263158,0.4542342638,nan,0.0003918324,34.0689966951,nan,nan,nan,nan,nan,nan,nan
4975,54.2105263158,0.5561756117,nan,0.0001600416,37.9576710474,nan,nan,nan,nan,nan,nan,nan
4976,54.2105263158,0.5102437690,nan,0.0002450294,36.1078182758,nan,nan,nan,nan,nan,nan,nan
4977,54.2105263158,0.5876148545,nan,0.0001170495,39.3163038641,nan,nan,nan,nan,nan,nan,nan
4978,54.2105263158,1.1184310675,nan,0.0000000435,73.6199233029,nan,nan,nan,nan,nan,nan,nan
4979,54.2105263158,1.0144917630,nan,0.0000003012,65.2114183972,nan,nan,nan,nan,nan,nan,nan
4980,54.2105263158,0.9489567454,nan,0.0000009261,60.3335165810,nan,nan,nan,nan,nan,nan,nan
4981,54.2105263158,0.5533769718,nan,0.0001644231,37.8403715371,nan,nan,nan,nan,nan,nan,nan
4982,54.2105263158,0.4572189667,nan,0.0003826807,34.1716343491,nan,nan,nan,nan,nan,nan,nan
4983,54.2105263158,1.1709207655,nan,0.0000000152,78.1796663667,nan,nan,nan,nan,nan,nan,nan
4984,54.2105263158,0.2523739758,nan,0.0013503417,28.6955633214,nan,nan,nan,nan,nan,nan,nan
4985,54.2105263158,0.7894134643,nan,0.0000104051,49.8275490775,nan,nan,nan,nan,nan,nan,nan
4986,54.2105263158,0.9942908411,nan,0.0000004293,63.6728907233,nan,nan,nan,nan,nan,nan,nan
4987,54.2105263158,0.5806245227,nan,0.0001256689,39.0077223835,nan,nan,nan,nan,nan,nan,nan
4988,54.2105263158,0.6676627879,nan,0.0000488099,43.1149221111,nan,nan,nan,nan,nan,nan,nan
4989,54.2105263158,1.2028698513,nan,0.0000000078,81.0580724630,nan,nan,nan,nan,nan,nan,nan
4990,54.2105263158,0.4276125830,nan,0.0004804575,33.1834504244,nan,nan,nan,nan,nan,nan,nan
4991,54.2105263158,1.1024469256,nan,0.0000000592,72.2731772130,nan,nan,nan,nan,nan,nan,nan
4992,54.2105263158,0.6725811833,nan,0.0000460870,43.3642195012,nan,nan,nan,nan,nan,nan,nan
4993,54.2105263158,1.0251836259,nan,0.0000002490,66.0383255038,nan,nan,nan,nan,nan,nan,nan
4994,54.2105263158,0.7957853596,nan,0.0000095281,50.2099467363,nan,nan,nan,nan,nan,nan,nan
4995,54.2105263158,0.9994357541,nan,0.0000003925,64.0617786889,nan,nan,nan,nan,nan,nan,nan
4996,54.2105263158,0.6956428525,nan,0.0000350131,44.5576968827,nan,nan,nan,nan,nan,nan,nan
4997,54.2105263158,1.2134592667,nan,0.0000000063,82.0293136479,nan,nan,nan,nan,nan,nan,nan
4998,54.2105263158,0.1635699444,nan,0.0018583761,27.3086639457,nan,nan,nan,nan,nan,nan,nan
4999,54.2105263158,0.9811846925,nan,0.0000005381,62.6913624016,nan,nan,nan,nan,nan,nan,nan
