sample_id,distance_km,r_i,eta_point_i,T_i,loss_total_db_i,chi_line_i,chi_tot_i,X_tot_i,I_AB_i,chi_BE_i,SKR_i,SKR_clipped_i
0,45.5263157895,0.3263420479,nan,0.0020608824,26.8594678569,nan,nan,nan,nan,nan,nan,nan
1,45.5263157895,0.8585707985,nan,0.0000015782,58.0184100335,nan,nan,nan,nan,nan,nan,nan
2,45.5263157895,0.6158279999,nan,0.0000937412,40.2806951881,nan,nan,nan,nan,nan,nan,nan
3,45.5263157895,0.3870727650,nan,0.0012643689,28.9812618404,nan,nan,nan,nan,nan,nan,nan
4,45.5263157895,0.3968486192,nan,0.0011595421,29.3571349203,nan,nan,nan,nan,nan,nan,nan
5,45.5263157895,0.3883665609,nan,0.0012501266,29.0304601373,nan,nan,nan,nan,nan,nan,nan
6,45.5263157895,1.0430400136,nan,0.0000000283,75.4753865284,nan,nan,nan,nan,nan,nan,nan
7,45.5263157895,0.7316004444,nan,0.0000158486,48.0000922837,nan,nan,nan,nan,nan,nan,nan
8,45.5263157895,1.0754253570,nan,0.0000000129,78.8955735525,nan,nan,nan,nan,nan,nan,nan
9,45.5263157895,0.2955398645,nan,0.0025565240,25.9235012061,nan,nan,nan,nan,nan,nan,nan
10,45.5263157895,0.3098978845,nan,0.0023184278,26.3480643105,nan,nan,nan,nan,nan,nan,nan
11,45.5263157895,0.6195807951,nan,0.0000889244,40.5097884023,nan,nan,nan,nan,nan,nan,nan
12,45.5263157895,0.1944344525,nan,0.0044544268,23.5120817052,nan,nan,nan,nan,nan,nan,nan
13,45.5263157895,0.5755300660,nan,0.0001618160,37.9097851636,nan,nan,nan,nan,nan,nan,nan
14,45.5263157895,0.2340665754,nan,0.0036839636,24.3368467486,nan,nan,nan,nan,nan,nan,nan
15,45.5263157895,0.3646337912,nan,0.0015294935,28.1545237317,nan,nan,nan,nan,nan,nan,nan
16,45.5263157895,0.9323815086,nan,0.0000003475,64.5903180092,nan,nan,nan,nan,nan,nan,nan
17,45.5263157895,0.5612553883,nan,0.0001945795,37.1090288997,nan,nan,nan,nan,nan,nan,nan
18,45.5263157895,0.7462709633,nan,0.0000123749,49.0745828025,nan,nan,nan,nan,nan,nan,nan
19,45.5263157895,0.9832419861,nan,0.0000001138,69.4393580340,nan,nan,nan,nan,nan,nan,nan
20,45.5263157895,0.2839741912,nan,0.0027565221,25.5963851549,nan,nan,nan,nan,nan,nan,nan
21,45.5263157895,0.9828985690,nan,0.0000001147,69.4057389545,nan,nan,nan,nan,nan,nan,nan
22,45.5263157895,0.0973151919,nan,0.0061034734,22.1442294194,nan,nan,nan,nan,nan,nan,nan
23,45.5263157895,0.5768878406,nan,0.0001589639,37.9870158826,nan,nan,nan,nan,nan,nan,nan
24,45.5263157895,0.5066113614,nan,0.0003773578,34.2324669420,nan,nan,nan,nan,nan,nan,nan
25,45.5263157895,1.7397043399,nan,0.0000000000,172.5690881281,nan,nan,nan,nan,nan,nan,nan
26,45.5263157895,0.2886189002,nan,0.0026753718,25.7261585831,nan,nan,nan,nan,nan,nan,nan
27,45.5263157895,0.6697804338,nan,0.0000425563,43.7103596711,nan,nan,nan,nan,nan,nan,nan
28,45.5263157895,0.5141792688,nan,0.0003456998,34.6130092234,nan,nan,nan,nan,nan,nan,nan
29,45.5263157895,0.6934449410,nan,0.0000294644,45.3070176833,nan,nan,nan,nan,nan,nan,nan
30,45.5263157895,0.4729568011,nan,0.0005483249,32.6096206192,nan,nan,nan,nan,nan,nan,nan
31,45.5263157895,0.2554808718,nan,0.0032756090,24.8470794414,nan,nan,nan,nan,nan,nan,nan
32,45.5263157895,0.5582291087,nan,0.0002022138,36.9418915617,nan,nan,nan,nan,nan,nan,nan
33,45.5263157895,0.7256453044,nan,0.0000174980,47.5701152616,nan,nan,nan,nan,nan,nan,nan
34,45.5263157895,0.3445201409,nan,0.0017963559,27.4560762555,nan,nan,nan,nan,nan,nan,nan
35,45.5263157895,0.6518381368,nan,0.0000557529,42.5373259322,nan,nan,nan,nan,nan,nan,nan
36,45.5263157895,0.5756640539,nan,0.0001615326,37.9173982174,nan,nan,nan,nan,nan,nan,nan
37,45.5263157895,0.6302627789,nan,0.0000763902,41.1696257559,nan,nan,nan,nan,nan,nan,nan
38,45.5263157895,0.7293087932,nan,0.0000164657,47.8342061666,nan,nan,nan,nan,nan,nan,nan
39,45.5263157895,0.4787726987,nan,0.0005149953,32.8819677497,nan,nan,nan,nan,nan,nan,nan
40,45.5263157895,0.3655180455,nan,0.0015183945,28.1861537256,nan,nan,nan,nan,nan,nan,nan
41,45.5263157895,0.5920353531,nan,0.0001299824,38.8611558610,nan,nan,nan,nan,nan,nan,nan
42,45.5263157895,0.8361464858,nan,0.0000024374,56.1308095752,nan,nan,nan,nan,nan,nan,nan
43,45.5263157895,0.6719483907,nan,0.0000411691,43.8542888438,nan,nan,nan,nan,nan,nan,nan
44,45.5263157895,1.2773192632,nan,0.0000000001,102.6165239539,nan,nan,nan,nan,nan,nan,nan
45,45.5263157895,0.5661496870,nan,0.0001827562,37.3812782913,nan,nan,nan,nan,nan,nan,nan
46,45.5263157895,0.8530701572,nan,0.0000017576,57.5506855572,nan,nan,nan,nan,nan,nan,nan
47,45.5263157895,0.5518793565,nan,0.0002190691,36.5941882829,nan,nan,nan,nan,nan,nan,nan
48,45.5263157895,1.0094548217,nan,0.0000000625,72.0407160799,nan,nan,nan,nan,nan,nan,nan
49,45.5263157895,0.9609163637,nan,0.0000001871,67.2786066825,nan,nan,nan,nan,nan,nan,nan
50,45.5263157895,0.4300638963,nan,0.0008500698,30.7054539640,nan,nan,nan,nan,nan,nan,nan
51,45.5263157895,0.1684198204,nan,0.0049489224,23.0548935927,nan,nan,nan,nan,nan,nan,nan
52,45.5263157895,0.5238411164,nan,0.0003085192,35.1071782335,nan,nan,nan,nan,nan,nan,nan
53,45.5263157895,0.5211159190,nan,0.0003186510,34.9668474103,nan,nan,nan,nan,nan,nan,nan
54,45.5263157895,0.3136927943,nan,0.0022575121,26.4636991241,nan,nan,nan,nan,nan,nan,nan
55,45.5263157895,0.4000438780,nan,0.0011266639,29.4820561474,nan,nan,nan,nan,nan,nan,nan
56,45.5263157895,0.9432604782,nan,0.0000002751,65.6055193195,nan,nan,nan,nan,nan,nan,nan
57,45.5263157895,0.2997897276,nan,0.0024848282,26.0470362951,nan,nan,nan,nan,nan,nan,nan
58,45.5263157895,0.6038489683,nan,0.0001106908,39.5588862972,nan,nan,nan,nan,nan,nan,nan
59,45.5263157895,0.3485843298,nan,0.0017402196,27.5939594346,nan,nan,nan,nan,nan,nan,nan
60,45.5263157895,0.5289927291,nan,0.0002901024,35.3744869549,nan,nan,nan,nan,nan,nan,nan
61,45.5263157895,0.9613496892,nan,0.0000001854,67.3200654786,nan,nan,nan,nan,nan,nan,nan
62,45.5263157895,0.6800460011,nan,0.0000363407,44.3960644298,nan,nan,nan,nan,nan,nan,nan
63,45.5263157895,0.1875046653,nan,0.0045879805,23.3837843863,nan,nan,nan,nan,nan,nan,nan
64,45.5263157895,1.0472089816,nan,0.0000000256,75.9097076766,nan,nan,nan,nan,nan,nan,nan
65,45.5263157895,0.2983230645,nan,0.0025094580,26.0042007323,nan,nan,nan,nan,nan,nan,nan
66,45.5263157895,0.1165665214,nan,0.0058318477,22.3419382441,nan,nan,nan,nan,nan,nan,nan
67,45.5263157895,0.4802926324,nan,0.0005065589,32.9537008976,nan,nan,nan,nan,nan,nan,nan
68,45.5263157895,0.6440257502,nan,0.0000625651,42.0366814963,nan,nan,nan,nan,nan,nan,nan
69,45.5263157895,0.4536559195,nan,0.0006714235,31.7300346216,nan,nan,nan,nan,nan,nan,nan
70,45.5263157895,0.5758568773,nan,0.0001611255,37.9283574082,nan,nan,nan,nan,nan,nan,nan
71,45.5263157895,0.4656185879,nan,0.0005928143,32.2708130445,nan,nan,nan,nan,nan,nan,nan
72,45.5263157895,1.4668106604,nan,0.0000000000,128.6492018952,nan,nan,nan,nan,nan,nan,nan
73,45.5263157895,0.1174585086,nan,0.0058183841,22.3519761374,nan,nan,nan,nan,nan,nan,nan
74,45.5263157895,0.5220027133,nan,0.0003153240,35.0124301835,nan,nan,nan,nan,nan,nan,nan
75,45.5263157895,0.5141850082,nan,0.0003456766,34.6133000022,nan,nan,nan,nan,nan,nan,nan
76,45.5263157895,0.5217123174,nan,0.0003164102,34.9974946512,nan,nan,nan,nan,nan,nan,nan
77,45.5263157895,0.6449932405,nan,0.0000616829,42.0983487366,nan,nan,nan,nan,nan,nan,nan
78,45.5263157895,0.7574702026,nan,0.0000102107,49.9094268712,nan,nan,nan,nan,nan,nan,nan
79,45.5263157895,0.6284782971,nan,0.0000783682,41.0585988609,nan,nan,nan,nan,nan,nan,nan
80,45.5263157895,0.4200940797,nan,0.0009355819,30.2891818723,nan,nan,nan,nan,nan,nan,nan
81,45.5263157895,0.6843219537,nan,0.0000340031,44.6848109607,nan,nan,nan,nan,nan,nan,nan
82,45.5263157895,0.4729419237,nan,0.0005484123,32.6089282761,nan,nan,nan,nan,nan,nan,nan
83,45.5263157895,0.1152334910,nan,0.0058518313,22.3270820598,nan,nan,nan,nan,nan,nan,nan
84,45.5263157895,0.7285381229,nan,0.0000166781,47.7785383784,nan,nan,nan,nan,nan,nan,nan
85,45.5263157895,1.0727384838,nan,0.0000000138,78.6077719370,nan,nan,nan,nan,nan,nan,nan
86,45.5263157895,0.3275945142,nan,0.0020419636,26.8995201074,nan,nan,nan,nan,nan,nan,nan
87,45.5263157895,0.2730442908,nan,0.0029515875,25.2994433409,nan,nan,nan,nan,nan,nan,nan
88,45.5263157895,1.0650939002,nan,0.0000000166,77.7929328028,nan,nan,nan,nan,nan,nan,nan
89,45.5263157895,0.6021767674,nan,0.0001132590,39.4592722409,nan,nan,nan,nan,nan,nan,nan
90,45.5263157895,0.6250871652,nan,0.0000822528,40.8484911111,nan,nan,nan,nan,nan,nan,nan
91,45.5263157895,0.1794973712,nan,0.0047408599,23.2414288314,nan,nan,nan,nan,nan,nan,nan
92,45.5263157895,0.2540029908,nan,0.0033033846,24.8104085894,nan,nan,nan,nan,nan,nan,nan
93,45.5263157895,0.1105982268,nan,0.0059200107,22.2767750779,nan,nan,nan,nan,nan,nan,nan
94,45.5263157895,0.6199265969,nan,0.0000884918,40.5309694103,nan,nan,nan,nan,nan,nan,nan
95,45.5263157895,0.1978106627,nan,0.0043890416,23.5763030634,nan,nan,nan,nan,nan,nan,nan
96,45.5263157895,0.6320400747,nan,0.0000744642,41.2805235723,nan,nan,nan,nan,nan,nan,nan
97,45.5263157895,0.2119181360,nan,0.0041145147,23.8568138001,nan,nan,nan,nan,nan,nan,nan
98,45.5263157895,0.7296102281,nan,0.0000163833,47.8559959656,nan,nan,nan,nan,nan,nan,nan
99,45.5263157895,0.4340986175,nan,0.0008171960,30.8767374253,nan,nan,nan,nan,nan,nan,nan
100,45.5263157895,0.4502296734,nan,0.0006953790,31.5777844052,nan,nan,nan,nan,nan,nan,nan
101,45.5263157895,0.1306713097,nan,0.0056107653,22.5097789926,nan,nan,nan,nan,nan,nan,nan
102,45.5263157895,0.3935534546,nan,0.0011941602,29.2293741474,nan,nan,nan,nan,nan,nan,nan
103,45.5263157895,0.4699969527,nan,0.0005659375,32.4723155731,nan,nan,nan,nan,nan,nan,nan
104,45.5263157895,0.9984633881,nan,0.0000000805,70.9414592392,nan,nan,nan,nan,nan,nan,nan
105,45.5263157895,0.5373448410,nan,0.0002622096,35.8135144545,nan,nan,nan,nan,nan,nan,nan
106,45.5263157895,0.5415673003,nan,0.0002489930,36.0381277850,nan,nan,nan,nan,nan,nan,nan
107,45.5263157895,0.8309764313,nan,0.0000026898,55.7028137509,nan,nan,nan,nan,nan,nan,nan
108,45.5263157895,0.1968859362,nan,0.0044069676,23.5586014290,nan,nan,nan,nan,nan,nan,nan
109,45.5263157895,0.2255899842,nan,0.0038482161,24.1474054358,nan,nan,nan,nan,nan,nan,nan
110,45.5263157895,0.3639343448,nan,0.0015383107,28.1295595150,nan,nan,nan,nan,nan,nan,nan
111,45.5263157895,0.2411598421,nan,0.0035474546,24.5008315078,nan,nan,nan,nan,nan,nan,nan
112,45.5263157895,0.3118616914,nan,0.0022867964,26.4077249437,nan,nan,nan,nan,nan,nan,nan
113,45.5263157895,0.3470017607,nan,0.0017619463,27.5400732238,nan,nan,nan,nan,nan,nan,nan
114,45.5263157895,0.4103691615,nan,0.0010250160,29.8926936674,nan,nan,nan,nan,nan,nan,nan
115,45.5263157895,0.5295017729,nan,0.0002883338,35.4010447420,nan,nan,nan,nan,nan,nan,nan
116,45.5263157895,1.2512778694,nan,0.0000000001,99.3243594010,nan,nan,nan,nan,nan,nan,nan
117,45.5263157895,0.7862836035,nan,0.0000061441,52.1154157472,nan,nan,nan,nan,nan,nan,nan
118,45.5263157895,0.0221730999,nan,0.0067348565,21.7167165422,nan,nan,nan,nan,nan,nan,nan
119,45.5263157895,0.1989490712,nan,0.0043669569,23.5982108981,nan,nan,nan,nan,nan,nan,nan
120,45.5263157895,0.3388711091,nan,0.0018762234,27.2671545437,nan,nan,nan,nan,nan,nan,nan
121,45.5263157895,0.7427151202,nan,0.0000131457,48.8121568142,nan,nan,nan,nan,nan,nan,nan
122,45.5263157895,0.7731949209,nan,0.0000077572,51.1029559522,nan,nan,nan,nan,nan,nan,nan
123,45.5263157895,0.5222471404,nan,0.0003144121,35.0250080107,nan,nan,nan,nan,nan,nan,nan
124,45.5263157895,0.8303230842,nan,0.0000027234,55.6489193238,nan,nan,nan,nan,nan,nan,nan
125,45.5263157895,0.2234777699,nan,0.0038892825,24.1013051277,nan,nan,nan,nan,nan,nan,nan
126,45.5263157895,0.4129087492,nan,0.0010010775,29.9953230383,nan,nan,nan,nan,nan,nan,nan
127,45.5263157895,0.2934401230,nan,0.0025923119,25.8631274755,nan,nan,nan,nan,nan,nan,nan
128,45.5263157895,0.1149339453,nan,0.0058562989,22.3237676177,nan,nan,nan,nan,nan,nan,nan
129,45.5263157895,1.1892862906,nan,0.0000000007,91.7645754317,nan,nan,nan,nan,nan,nan,nan
130,45.5263157895,0.1209441372,nan,0.0057650792,22.3919472076,nan,nan,nan,nan,nan,nan,nan
131,45.5263157895,0.5893477107,nan,0.0001347604,38.7043757115,nan,nan,nan,nan,nan,nan,nan
132,45.5263157895,0.4042705253,nan,0.0010842103,29.6488646668,nan,nan,nan,nan,nan,nan,nan
133,45.5263157895,0.4819223457,nan,0.0004976372,33.0308718183,nan,nan,nan,nan,nan,nan,nan
134,45.5263157895,0.6918543501,nan,0.0000302139,45.1979332748,nan,nan,nan,nan,nan,nan,nan
135,45.5263157895,0.7252449383,nan,0.0000176143,47.5413358985,nan,nan,nan,nan,nan,nan,nan
136,45.5263157895,0.6793301118,nan,0.0000367460,44.3479016186,nan,nan,nan,nan,nan,nan,nan
137,45.5263157895,0.4737707381,nan,0.0005435591,32.6475321082,nan,nan,nan,nan,nan,nan,nan
138,45.5263157895,0.5019960702,nan,0.0003978132,34.0032079732,nan,nan,nan,nan,nan,nan,nan
139,45.5263157895,0.7425342402,nan,0.0000131861,48.7988416801,nan,nan,nan,nan,nan,nan,nan
140,45.5263157895,0.5050552518,nan,0.0003841554,34.1549308026,nan,nan,nan,nan,nan,nan,nan
141,45.5263157895,0.7050601153,nan,0.0000244832,46.1113173198,nan,nan,nan,nan,nan,nan,nan
142,45.5263157895,1.3108175971,nan,0.0000000000,106.9527669043,nan,nan,nan,nan,nan,nan,nan
143,45.5263157895,0.7376769573,nan,0.0000143136,48.4425147182,nan,nan,nan,nan,nan,nan,nan
144,45.5263157895,0.8369846028,nan,0.0000023986,56.2004460770,nan,nan,nan,nan,nan,nan,nan
145,45.5263157895,0.3727223424,nan,0.0014299620,28.4467550379,nan,nan,nan,nan,nan,nan,nan
146,45.5263157895,0.5902550104,nan,0.0001331306,38.7572208039,nan,nan,nan,nan,nan,nan,nan
147,45.5263157895,1.0836300818,nan,0.0000000105,79.7789430968,nan,nan,nan,nan,nan,nan,nan
148,45.5263157895,0.5323047914,nan,0.0002787566,35.5477486709,nan,nan,nan,nan,nan,nan,nan
149,45.5263157895,0.7762576630,nan,0.0000073480,51.3383227719,nan,nan,nan,nan,nan,nan,nan
150,45.5263157895,0.7606220845,nan,0.0000096679,50.1466621696,nan,nan,nan,nan,nan,nan,nan
151,45.5263157895,0.7219863518,nan,0.0000185879,47.3077005021,nan,nan,nan,nan,nan,nan,nan
152,45.5263157895,1.0233561523,nan,0.0000000452,73.4485122347,nan,nan,nan,nan,nan,nan,nan
153,45.5263157895,0.3754699243,nan,0.0013971707,28.5475052857,nan,nan,nan,nan,nan,nan,nan
154,45.5263157895,0.6954569568,nan,0.0000285406,45.4453685850,nan,nan,nan,nan,nan,nan,nan
155,45.5263157895,0.7477889770,nan,0.0000120587,49.1870022625,nan,nan,nan,nan,nan,nan,nan
156,45.5263157895,0.2355834391,nan,0.0036546888,24.3714959623,nan,nan,nan,nan,nan,nan,nan
157,45.5263157895,0.3063399810,nan,0.0023763202,26.2409504222,nan,nan,nan,nan,nan,nan,nan
158,45.5263157895,0.7144228596,nan,0.0000210401,46.7695315144,nan,nan,nan,nan,nan,nan,nan
159,45.5263157895,0.7226549119,nan,0.0000183842,47.3555479914,nan,nan,nan,nan,nan,nan,nan
160,45.5263157895,0.5226431176,nan,0.0003129394,35.0453970657,nan,nan,nan,nan,nan,nan,nan
161,45.5263157895,0.7561593215,nan,0.0000104447,49.8110544935,nan,nan,nan,nan,nan,nan,nan
162,45.5263157895,0.3106302128,nan,0.0023066050,26.3702677248,nan,nan,nan,nan,nan,nan,nan
163,45.5263157895,0.6818017686,nan,0.0000353638,44.5144053136,nan,nan,nan,nan,nan,nan,nan
164,45.5263157895,0.0675716997,nan,0.0064420999,21.9097254627,nan,nan,nan,nan,nan,nan,nan
165,45.5263157895,0.2589186729,nan,0.0032112797,24.9332186158,nan,nan,nan,nan,nan,nan,nan
166,45.5263157895,0.3056766905,nan,0.0023871953,26.2211204838,nan,nan,nan,nan,nan,nan,nan
167,45.5263157895,0.4138865021,nan,0.0009919717,30.0350073956,nan,nan,nan,nan,nan,nan,nan
168,45.5263157895,0.4815137477,nan,0.0004998620,33.0114987432,nan,nan,nan,nan,nan,nan,nan
169,45.5263157895,0.4399878837,nan,0.0007709622,31.1296691248,nan,nan,nan,nan,nan,nan,nan
170,45.5263157895,0.6439213302,nan,0.0000626609,42.0300314582,nan,nan,nan,nan,nan,nan,nan
171,45.5263157895,0.6312544031,nan,0.0000753102,41.2314609270,nan,nan,nan,nan,nan,nan,nan
172,45.5263157895,0.3424497119,nan,0.0018253805,27.3864659534,nan,nan,nan,nan,nan,nan,nan
173,45.5263157895,0.2937757044,nan,0.0025865763,25.8727470511,nan,nan,nan,nan,nan,nan,nan
174,45.5263157895,0.9141270302,nan,0.0000005112,62.9137390189,nan,nan,nan,nan,nan,nan,nan
175,45.5263157895,1.2360211061,nan,0.0000000002,97.4276056915,nan,nan,nan,nan,nan,nan,nan
176,45.5263157895,0.5729326103,nan,0.0001673957,37.7625562812,nan,nan,nan,nan,nan,nan,nan
177,45.5263157895,0.3362165884,nan,0.0019144873,27.1794750944,nan,nan,nan,nan,nan,nan,nan
178,45.5263157895,0.2925713927,nan,0.0026071878,25.8382768753,nan,nan,nan,nan,nan,nan,nan
179,45.5263157895,0.6658093534,nan,0.0000452069,43.4479483131,nan,nan,nan,nan,nan,nan,nan
180,45.5263157895,0.8905739707,nan,0.0000008317,60.8002832119,nan,nan,nan,nan,nan,nan,nan
181,45.5263157895,0.7466261132,nan,0.0000123002,49.1008633152,nan,nan,nan,nan,nan,nan,nan
182,45.5263157895,0.3278658164,nan,0.0020378788,26.9082165447,nan,nan,nan,nan,nan,nan,nan
183,45.5263157895,0.3919596879,nan,0.0012111645,29.1679687640,nan,nan,nan,nan,nan,nan,nan
184,45.5263157895,0.9408684461,nan,0.0000002896,65.3812736178,nan,nan,nan,nan,nan,nan,nan
185,45.5263157895,0.1630810121,nan,0.0050474229,22.9693030556,nan,nan,nan,nan,nan,nan,nan
186,45.5263157895,1.0450171252,nan,0.0000000270,75.6811415782,nan,nan,nan,nan,nan,nan,nan
187,45.5263157895,0.9222234620,nan,0.0000004312,63.6531965038,nan,nan,nan,nan,nan,nan,nan
188,45.5263157895,0.6304016630,nan,0.0000762381,41.1782802661,nan,nan,nan,nan,nan,nan,nan
189,45.5263157895,0.6078559668,nan,0.0001047435,39.7987281885,nan,nan,nan,nan,nan,nan,nan
190,45.5263157895,0.4350706092,nan,0.0008094232,30.9182437607,nan,nan,nan,nan,nan,nan,nan
191,45.5263157895,0.7795986963,nan,0.0000069244,51.5961543754,nan,nan,nan,nan,nan,nan,nan
192,45.5263157895,0.5540803229,nan,0.0002130957,36.7142522404,nan,nan,nan,nan,nan,nan,nan
193,45.5263157895,0.2850427316,nan,0.0027377572,25.6260507241,nan,nan,nan,nan,nan,nan,nan
194,45.5263157895,0.7335270545,nan,0.0000153463,48.1399633987,nan,nan,nan,nan,nan,nan,nan
195,45.5263157895,0.9946100981,nan,0.0000000879,70.5589859997,nan,nan,nan,nan,nan,nan,nan
196,45.5263157895,0.1756084659,nan,0.0048144112,23.1745681638,nan,nan,nan,nan,nan,nan,nan
197,45.5263157895,0.2574396762,nan,0.0032389059,24.8960167464,nan,nan,nan,nan,nan,nan,nan
198,45.5263157895,0.8299821967,nan,0.0000027411,55.6208167149,nan,nan,nan,nan,nan,nan,nan
199,45.5263157895,1.0375805842,nan,0.0000000323,74.9092883813,nan,nan,nan,nan,nan,nan,nan
200,45.5263157895,0.4931496845,nan,0.0004395685,33.5697348377,nan,nan,nan,nan,nan,nan,nan
201,45.5263157895,0.6834473532,nan,0.0000344699,44.6256012911,nan,nan,nan,nan,nan,nan,nan
202,45.5263157895,1.0923389559,nan,0.0000000085,80.7240584038,nan,nan,nan,nan,nan,nan,nan
203,45.5263157895,0.7659650470,nan,0.0000088083,50.5511026293,nan,nan,nan,nan,nan,nan,nan
204,45.5263157895,0.5035161891,nan,0.0003909775,34.0784825174,nan,nan,nan,nan,nan,nan,nan
205,45.5263157895,0.2629261836,nan,0.0031368156,25.0351100426,nan,nan,nan,nan,nan,nan,nan
206,45.5263157895,0.2237898773,nan,0.0038832117,24.1080893018,nan,nan,nan,nan,nan,nan,nan
207,45.5263157895,0.2089722634,nan,0.0041719428,23.7966165848,nan,nan,nan,nan,nan,nan,nan
208,45.5263157895,0.2101792401,nan,0.0041484161,23.8211768953,nan,nan,nan,nan,nan,nan,nan
209,45.5263157895,1.1986788259,nan,0.0000000005,92.8848943245,nan,nan,nan,nan,nan,nan,nan
210,45.5263157895,0.3992695614,nan,0.0011345692,29.4516901394,nan,nan,nan,nan,nan,nan,nan
211,45.5263157895,0.6202849227,nan,0.0000880455,40.5529302033,nan,nan,nan,nan,nan,nan,nan
212,45.5263157895,0.4315264679,nan,0.0008380394,30.7673557556,nan,nan,nan,nan,nan,nan,nan
213,45.5263157895,0.7399924428,nan,0.0000137655,48.6120806937,nan,nan,nan,nan,nan,nan,nan
214,45.5263157895,0.4864348337,nan,0.0004735943,33.2459355790,nan,nan,nan,nan,nan,nan,nan
215,45.5263157895,0.5267682134,nan,0.0002979385,35.2587343283,nan,nan,nan,nan,nan,nan,nan
216,45.5263157895,0.3876703327,nan,0.0012577767,29.0039644068,nan,nan,nan,nan,nan,nan,nan
217,45.5263157895,0.7780482663,nan,0.0000071181,51.4763658527,nan,nan,nan,nan,nan,nan,nan
218,45.5263157895,0.3903828869,nan,0.0012281555,29.1074662646,nan,nan,nan,nan,nan,nan,nan
219,45.5263157895,0.5878275943,nan,0.0001375301,38.6160226788,nan,nan,nan,nan,nan,nan,nan
220,45.5263157895,0.7569504173,nan,0.0000103029,49.8703999318,nan,nan,nan,nan,nan,nan,nan
221,45.5263157895,0.3001630050,nan,0.0024785790,26.0579723723,nan,nan,nan,nan,nan,nan,nan
222,45.5263157895,0.4813308196,nan,0.0005008606,33.0028308894,nan,nan,nan,nan,nan,nan,nan
223,45.5263157895,0.3590311783,nan,0.0016010591,27.9559263190,nan,nan,nan,nan,nan,nan,nan
224,45.5263157895,0.6195220893,nan,0.0000889981,40.5061937563,nan,nan,nan,nan,nan,nan,nan
225,45.5263157895,0.7215656781,nan,0.0000187171,47.2776168068,nan,nan,nan,nan,nan,nan,nan
226,45.5263157895,0.7885475078,nan,0.0000058989,52.2922897648,nan,nan,nan,nan,nan,nan,nan
227,45.5263157895,0.7303307696,nan,0.0000161878,47.9081187827,nan,nan,nan,nan,nan,nan,nan
228,45.5263157895,0.4397731254,nan,0.0007726121,31.1203848465,nan,nan,nan,nan,nan,nan,nan
229,45.5263157895,1.0426358888,nan,0.0000000286,75.4333786091,nan,nan,nan,nan,nan,nan,nan
230,45.5263157895,0.7919407097,nan,0.0000055484,52.5583613292,nan,nan,nan,nan,nan,nan,nan
231,45.5263157895,0.1708472535,nan,0.0049037278,23.0947364186,nan,nan,nan,nan,nan,nan,nan
232,45.5263157895,0.6674452496,nan,0.0000440975,43.5558572058,nan,nan,nan,nan,nan,nan,nan
233,45.5263157895,0.4366278611,nan,0.0007970877,30.9849387700,nan,nan,nan,nan,nan,nan,nan
234,45.5263157895,0.6576767512,nan,0.0000511035,42.9154906205,nan,nan,nan,nan,nan,nan,nan
235,45.5263157895,0.4352349713,nan,0.0008081144,30.9252717389,nan,nan,nan,nan,nan,nan,nan
236,45.5263157895,0.2311559706,nan,0.0037402465,24.2709977512,nan,nan,nan,nan,nan,nan,nan
237,45.5263157895,0.4023218556,nan,0.0011036371,29.5717372494,nan,nan,nan,nan,nan,nan,nan
238,45.5263157895,0.1657089422,nan,0.0049990983,23.0110832590,nan,nan,nan,nan,nan,nan,nan
239,45.5263157895,0.9647134307,nan,0.0000001721,67.6425405055,nan,nan,nan,nan,nan,nan,nan
240,45.5263157895,1.0110676278,nan,0.0000000602,72.2030424479,nan,nan,nan,nan,nan,nan,nan
241,45.5263157895,0.1892062500,nan,0.0045552802,23.4148490737,nan,nan,nan,nan,nan,nan,nan
242,45.5263157895,1.0666627484,nan,0.0000000160,77.9596739152,nan,nan,nan,nan,nan,nan,nan
243,45.5263157895,0.6349226488,nan,0.0000714322,41.4610622496,nan,nan,nan,nan,nan,nan,nan
244,45.5263157895,0.4070828064,nan,0.0010566128,29.7608412064,nan,nan,nan,nan,nan,nan,nan
245,45.5263157895,0.5841798793,nan,0.0001443792,38.4049541372,nan,nan,nan,nan,nan,nan,nan
246,45.5263157895,0.1592650243,nan,0.0051170036,22.9098427791,nan,nan,nan,nan,nan,nan,nan
247,45.5263157895,0.4884812308,nan,0.0004630056,33.3441376601,nan,nan,nan,nan,nan,nan,nan
248,45.5263157895,0.3824882937,nan,0.0013157475,28.8082743163,nan,nan,nan,nan,nan,nan,nan
249,45.5263157895,0.7322337066,nan,0.0000156819,48.0460256197,nan,nan,nan,nan,nan,nan,nan
250,45.5263157895,0.3354971112,nan,0.0019249385,27.1558313043,nan,nan,nan,nan,nan,nan,nan
251,45.5263157895,0.2332068801,nan,0.0037005732,24.3173100110,nan,nan,nan,nan,nan,nan,nan
252,45.5263157895,0.4745727848,nan,0.0005388955,32.6849545783,nan,nan,nan,nan,nan,nan,nan
253,45.5263157895,0.6561233969,nan,0.0000523053,42.8145458595,nan,nan,nan,nan,nan,nan,nan
254,45.5263157895,0.9840780450,nan,0.0000001117,69.5212545620,nan,nan,nan,nan,nan,nan,nan
255,45.5263157895,0.3822144569,nan,0.0013188616,28.7980078289,nan,nan,nan,nan,nan,nan,nan
256,45.5263157895,0.3666586239,nan,0.0015041573,28.2270674967,nan,nan,nan,nan,nan,nan,nan
257,45.5263157895,1.0242919002,nan,0.0000000442,73.5439790085,nan,nan,nan,nan,nan,nan,nan
258,45.5263157895,0.4671690291,nan,0.0005831834,32.3419487531,nan,nan,nan,nan,nan,nan,nan
259,45.5263157895,0.3305433511,nan,0.0019978203,26.9944358783,nan,nan,nan,nan,nan,nan,nan
260,45.5263157895,0.7816868118,nan,0.0000066713,51.7578683147,nan,nan,nan,nan,nan,nan,nan
261,45.5263157895,0.9364996835,nan,0.0000003182,64.9732090822,nan,nan,nan,nan,nan,nan,nan
262,45.5263157895,0.6910383730,nan,0.0000306050,45.1420715063,nan,nan,nan,nan,nan,nan,nan
263,45.5263157895,0.4791244087,nan,0.0005130331,32.8985461219,nan,nan,nan,nan,nan,nan,nan
264,45.5263157895,1.3003346189,nan,0.0000000000,105.5835168126,nan,nan,nan,nan,nan,nan,nan
265,45.5263157895,0.3429301791,nan,0.0018186194,27.4025818367,nan,nan,nan,nan,nan,nan,nan
266,45.5263157895,0.7752472364,nan,0.0000074807,51.2605685747,nan,nan,nan,nan,nan,nan,nan
267,45.5263157895,0.6824913350,nan,0.0000349867,44.5609677573,nan,nan,nan,nan,nan,nan,nan
268,45.5263157895,0.6165591437,nan,0.0000927851,40.3252176535,nan,nan,nan,nan,nan,nan,nan
269,45.5263157895,0.1660426091,nan,0.0049929399,23.0164366383,nan,nan,nan,nan,nan,nan,nan
270,45.5263157895,0.1070429750,nan,0.0059708870,22.2396114958,nan,nan,nan,nan,nan,nan,nan
271,45.5263157895,0.6285558143,nan,0.0000782814,41.0634151791,nan,nan,nan,nan,nan,nan,nan
272,45.5263157895,0.7617463626,nan,0.0000094809,50.2315264074,nan,nan,nan,nan,nan,nan,nan
273,45.5263157895,0.1336916587,nan,0.0055612817,22.5482510929,nan,nan,nan,nan,nan,nan,nan
274,45.5263157895,0.9313286111,nan,0.0000003554,64.4926991969,nan,nan,nan,nan,nan,nan,nan
275,45.5263157895,1.3003113747,nan,0.0000000000,105.5804931557,nan,nan,nan,nan,nan,nan,nan
276,45.5263157895,1.0639872643,nan,0.0000000171,77.6754668000,nan,nan,nan,nan,nan,nan,nan
277,45.5263157895,0.4445258240,nan,0.0007367281,31.3269274190,nan,nan,nan,nan,nan,nan,nan
278,45.5263157895,0.1974536457,nan,0.0043959639,23.5694588527,nan,nan,nan,nan,nan,nan,nan
279,45.5263157895,0.5151951184,nan,0.0003416232,34.6645264758,nan,nan,nan,nan,nan,nan,nan
280,45.5263157895,0.2588443350,nan,0.0032126665,24.9313435928,nan,nan,nan,nan,nan,nan,nan
281,45.5263157895,0.9085382985,nan,0.0000005745,62.4071789156,nan,nan,nan,nan,nan,nan,nan
282,45.5263157895,0.5025129809,nan,0.0003954778,34.0287788416,nan,nan,nan,nan,nan,nan,nan
283,45.5263157895,1.0532923627,nan,0.0000000221,76.5466310312,nan,nan,nan,nan,nan,nan,nan
284,45.5263157895,0.3953720870,nan,0.0011749645,29.2997526432,nan,nan,nan,nan,nan,nan,nan
285,45.5263157895,0.3935796836,nan,0.0011938818,29.2303868266,nan,nan,nan,nan,nan,nan,nan
286,45.5263157895,0.3309128953,nan,0.0019923280,27.0063915530,nan,nan,nan,nan,nan,nan,nan
287,45.5263157895,0.2096757775,nan,0.0041582303,23.8109146486,nan,nan,nan,nan,nan,nan,nan
288,45.5263157895,0.3401563105,nan,0.0018578657,27.3098568497,nan,nan,nan,nan,nan,nan,nan
289,45.5263157895,1.4480404474,nan,0.0000000000,125.9074160278,nan,nan,nan,nan,nan,nan,nan
290,45.5263157895,0.2145466890,nan,0.0040632637,23.9112498844,nan,nan,nan,nan,nan,nan,nan
291,45.5263157895,0.2540616867,nan,0.0033022801,24.8118608946,nan,nan,nan,nan,nan,nan,nan
292,45.5263157895,0.1775407184,nan,0.0047779294,23.2076027028,nan,nan,nan,nan,nan,nan,nan
293,45.5263157895,0.2018854949,nan,0.0043099178,23.6553101336,nan,nan,nan,nan,nan,nan,nan
294,45.5263157895,0.6845006007,nan,0.0000339085,44.6969146714,nan,nan,nan,nan,nan,nan,nan
295,45.5263157895,0.6790047400,nan,0.0000369315,44.3260286564,nan,nan,nan,nan,nan,nan,nan
296,45.5263157895,0.6621347342,nan,0.0000477910,43.2065400173,nan,nan,nan,nan,nan,nan,nan
297,45.5263157895,0.5431046718,nan,0.0002443233,36.1203518666,nan,nan,nan,nan,nan,nan,nan
298,45.5263157895,0.4785827120,nan,0.0005160577,32.8730175902,nan,nan,nan,nan,nan,nan,nan
299,45.5263157895,0.7381389618,nan,0.0000142027,48.4763047671,nan,nan,nan,nan,nan,nan,nan
300,45.5263157895,0.9492210508,nan,0.0000002417,66.1668226036,nan,nan,nan,nan,nan,nan,nan
301,45.5263157895,0.2985495153,nan,0.0025056473,26.0108005476,nan,nan,nan,nan,nan,nan,nan
302,45.5263157895,0.2574385739,nan,0.0032389265,24.8959890999,nan,nan,nan,nan,nan,nan,nan
303,45.5263157895,0.4498621206,nan,0.0006979879,31.5615213348,nan,nan,nan,nan,nan,nan,nan
304,45.5263157895,0.3406423363,nan,0.0018509520,27.3260484326,nan,nan,nan,nan,nan,nan,nan
305,45.5263157895,0.5623979297,nan,0.0001917623,37.1723687487,nan,nan,nan,nan,nan,nan,nan
306,45.5263157895,1.0990336350,nan,0.0000000072,81.4558142349,nan,nan,nan,nan,nan,nan,nan
307,45.5263157895,0.5985744497,nan,0.0001189698,39.2456337618,nan,nan,nan,nan,nan,nan,nan
308,45.5263157895,0.5190566721,nan,0.0003264899,34.8613023559,nan,nan,nan,nan,nan,nan,nan
309,45.5263157895,0.8611556991,nan,0.0000014999,58.2392617686,nan,nan,nan,nan,nan,nan,nan
310,45.5263157895,0.5250290958,nan,0.0003041876,35.1685846723,nan,nan,nan,nan,nan,nan,nan
311,45.5263157895,0.5046494243,nan,0.0003859447,34.1347495258,nan,nan,nan,nan,nan,nan,nan
312,45.5263157895,0.1600388896,nan,0.0051029517,22.9217854005,nan,nan,nan,nan,nan,nan,nan
313,45.5263157895,0.1817292492,nan,0.0046984293,23.2804730841,nan,nan,nan,nan,nan,nan,nan
314,45.5263157895,0.8946004792,nan,0.0000007660,61.1576155640,nan,nan,nan,nan,nan,nan,nan
315,45.5263157895,0.2138844235,nan,0.0040761763,23.8974704076,nan,nan,nan,nan,nan,nan,nan
316,45.5263157895,0.1528732162,nan,0.0052318454,22.8134510131,nan,nan,nan,nan,nan,nan,nan
317,45.5263157895,0.1608569575,nan,0.0050880642,22.9344741509,nan,nan,nan,nan,nan,nan,nan
318,45.5263157895,0.5282301325,nan,0.0002927690,35.3347494075,nan,nan,nan,nan,nan,nan,nan
319,45.5263157895,0.3758418244,nan,0.0013927719,28.5612001679,nan,nan,nan,nan,nan,nan,nan
320,45.5263157895,0.7312253950,nan,0.0000159481,47.9729073226,nan,nan,nan,nan,nan,nan,nan
321,45.5263157895,0.9506538174,nan,0.0000002343,66.3022810614,nan,nan,nan,nan,nan,nan,nan
322,45.5263157895,0.2239081960,nan,0.0038809106,24.1106636706,nan,nan,nan,nan,nan,nan,nan
323,45.5263157895,0.2284345652,nan,0.0037929868,24.2101866415,nan,nan,nan,nan,nan,nan,nan
324,45.5263157895,0.5482346550,nan,0.0002292749,36.3964357972,nan,nan,nan,nan,nan,nan,nan
325,45.5263157895,1.0553213085,nan,0.0000000211,76.7598933011,nan,nan,nan,nan,nan,nan,nan
326,45.5263157895,0.9317951567,nan,0.0000003519,64.5359408811,nan,nan,nan,nan,nan,nan,nan
327,45.5263157895,0.6473417379,nan,0.0000595877,42.2484319247,nan,nan,nan,nan,nan,nan,nan
328,45.5263157895,0.6768920364,nan,0.0000381570,44.1842622593,nan,nan,nan,nan,nan,nan,nan
329,45.5263157895,0.2478999111,nan,0.0034188009,24.6612619540,nan,nan,nan,nan,nan,nan,nan
330,45.5263157895,0.0668015817,nan,0.0064494186,21.9047943091,nan,nan,nan,nan,nan,nan,nan
331,45.5263157895,0.5723450522,nan,0.0001686807,37.7293462108,nan,nan,nan,nan,nan,nan,nan
332,45.5263157895,0.9331975192,nan,0.0000003415,64.6660510925,nan,nan,nan,nan,nan,nan,nan
333,45.5263157895,0.8003512237,nan,0.0000047612,53.2228623187,nan,nan,nan,nan,nan,nan,nan
334,45.5263157895,0.5257208353,nan,0.0003016890,35.2044056887,nan,nan,nan,nan,nan,nan,nan
335,45.5263157895,0.2865148409,nan,0.0027119983,25.6671059349,nan,nan,nan,nan,nan,nan,nan
336,45.5263157895,0.7429442048,nan,0.0000130948,48.8290251739,nan,nan,nan,nan,nan,nan,nan
337,45.5263157895,0.3687646408,nan,0.0014781030,28.3029530529,nan,nan,nan,nan,nan,nan,nan
338,45.5263157895,0.0467811696,nan,0.0066119202,21.7967239694,nan,nan,nan,nan,nan,nan,nan
339,45.5263157895,0.5494340818,nan,0.0002258725,36.4613667117,nan,nan,nan,nan,nan,nan,nan
340,45.5263157895,0.6702895221,nan,0.0000422268,43.7441152217,nan,nan,nan,nan,nan,nan,nan
341,45.5263157895,0.4512687397,nan,0.0006880448,31.6238328835,nan,nan,nan,nan,nan,nan,nan
342,45.5263157895,0.4403657816,nan,0.0007680655,31.1460173284,nan,nan,nan,nan,nan,nan,nan
343,45.5263157895,0.3105645524,nan,0.0023076637,26.3682747982,nan,nan,nan,nan,nan,nan,nan
344,45.5263157895,0.8325665145,nan,0.0000026097,55.8341592980,nan,nan,nan,nan,nan,nan,nan
345,45.5263157895,0.3869469658,nan,0.0012657598,28.9764870588,nan,nan,nan,nan,nan,nan,nan
346,45.5263157895,0.6450295800,nan,0.0000616500,42.1006668278,nan,nan,nan,nan,nan,nan,nan
347,45.5263157895,0.3985930842,nan,0.0011415081,29.4252099936,nan,nan,nan,nan,nan,nan,nan
348,45.5263157895,0.4603877572,nan,0.0006262402,32.0325907540,nan,nan,nan,nan,nan,nan,nan
349,45.5263157895,0.2060847708,nan,0.0042282014,23.7384433942,nan,nan,nan,nan,nan,nan,nan
350,45.5263157895,0.4602591658,nan,0.0006270802,32.0267688979,nan,nan,nan,nan,nan,nan,nan
351,45.5263157895,0.3298659077,nan,0.0020079116,26.9725541633,nan,nan,nan,nan,nan,nan,nan
352,45.5263157895,0.5364576970,nan,0.0002650605,35.7665500526,nan,nan,nan,nan,nan,nan,nan
353,45.5263157895,0.4154029514,nan,0.0009779700,30.0967447084,nan,nan,nan,nan,nan,nan,nan
354,45.5263157895,0.4192664858,nan,0.0009429587,30.2550731605,nan,nan,nan,nan,nan,nan,nan
355,45.5263157895,0.5708481691,nan,0.0001719929,37.6448955950,nan,nan,nan,nan,nan,nan,nan
356,45.5263157895,0.8642774180,nan,0.0000014103,58.5068783761,nan,nan,nan,nan,nan,nan,nan
357,45.5263157895,0.2566818764,nan,0.0032530899,24.8770393864,nan,nan,nan,nan,nan,nan,nan
358,45.5263157895,0.1815674317,nan,0.0047015106,23.2776257764,nan,nan,nan,nan,nan,nan,nan
359,45.5263157895,0.4517003973,nan,0.0006850157,31.6429944501,nan,nan,nan,nan,nan,nan,nan
360,45.5263157895,0.6421469059,nan,0.0000643103,41.9171938682,nan,nan,nan,nan,nan,nan,nan
361,45.5263157895,0.0202310952,nan,0.0067408307,21.7128658194,nan,nan,nan,nan,nan,nan,nan
362,45.5263157895,0.2596612406,nan,0.0031974382,24.9519784334,nan,nan,nan,nan,nan,nan,nan
363,45.5263157895,0.4332306768,nan,0.0008241848,30.8397540526,nan,nan,nan,nan,nan,nan,nan
364,45.5263157895,0.3467141811,nan,0.0017659126,27.5303079455,nan,nan,nan,nan,nan,nan,nan
365,45.5263157895,0.6420792277,nan,0.0000643740,41.9128964029,nan,nan,nan,nan,nan,nan,nan
366,45.5263157895,0.5065551702,nan,0.0003776015,34.2296628884,nan,nan,nan,nan,nan,nan,nan
367,45.5263157895,0.9799039956,nan,0.0000001227,69.1130887389,nan,nan,nan,nan,nan,nan,nan
368,45.5263157895,0.9327024288,nan,0.0000003451,64.6200942456,nan,nan,nan,nan,nan,nan,nan
369,45.5263157895,0.5940815910,nan,0.0001264443,38.9810066545,nan,nan,nan,nan,nan,nan,nan
370,45.5263157895,0.7624508576,nan,0.0000093653,50.2847689527,nan,nan,nan,nan,nan,nan,nan
371,45.5263157895,0.0905199623,nan,0.0061900291,22.0830730741,nan,nan,nan,nan,nan,nan,nan
372,45.5263157895,0.4025739061,nan,0.0011011102,29.5816919612,nan,nan,nan,nan,nan,nan,nan
373,45.5263157895,0.7706023089,nan,0.0000081200,50.9044569469,nan,nan,nan,nan,nan,nan,nan
374,45.5263157895,0.3061854496,nan,0.0023788515,26.2363266007,nan,nan,nan,nan,nan,nan,nan
375,45.5263157895,0.3246323436,nan,0.0020868703,26.8050454365,nan,nan,nan,nan,nan,nan,nan
376,45.5263157895,0.1075708255,nan,0.0059634129,22.2450511938,nan,nan,nan,nan,nan,nan,nan
377,45.5263157895,0.9754531976,nan,0.0000001355,68.6798031537,nan,nan,nan,nan,nan,nan,nan
378,45.5263157895,0.2332418462,nan,0.0036998974,24.3181031972,nan,nan,nan,nan,nan,nan,nan
379,45.5263157895,0.5401331346,nan,0.0002534173,35.9616370805,nan,nan,nan,nan,nan,nan,nan
380,45.5263157895,0.3314570482,nan,0.0019842569,27.0240209660,nan,nan,nan,nan,nan,nan,nan
381,45.5263157895,0.2140654299,nan,0.0040726471,23.9012322309,nan,nan,nan,nan,nan,nan,nan
382,45.5263157895,0.1843905199,nan,0.0046476454,23.3276701256,nan,nan,nan,nan,nan,nan,nan
383,45.5263157895,0.5822823132,nan,0.0001480579,38.2956828397,nan,nan,nan,nan,nan,nan,nan
384,45.5263157895,0.2399274080,nan,0.0035710979,24.4719824910,nan,nan,nan,nan,nan,nan,nan
385,45.5263157895,0.5198839729,nan,0.0003233215,34.9036539535,nan,nan,nan,nan,nan,nan,nan
386,45.5263157895,0.7520792874,nan,0.0000112047,49.5059850061,nan,nan,nan,nan,nan,nan,nan
387,45.5263157895,0.4834933224,nan,0.0004891575,33.1055129201,nan,nan,nan,nan,nan,nan,nan
388,45.5263157895,0.6405090678,nan,0.0000658670,41.8133228020,nan,nan,nan,nan,nan,nan,nan
389,45.5263157895,0.1626184064,nan,0.0050558961,22.9620185679,nan,nan,nan,nan,nan,nan,nan
390,45.5263157895,0.8701286868,nan,0.0000012557,59.0111434044,nan,nan,nan,nan,nan,nan,nan
391,45.5263157895,0.1858531632,nan,0.0046196527,23.3539067636,nan,nan,nan,nan,nan,nan,nan
392,45.5263157895,0.1673199961,nan,0.0049693178,23.0370322972,nan,nan,nan,nan,nan,nan,nan
393,45.5263157895,1.2855521502,nan,0.0000000000,103.6716691292,nan,nan,nan,nan,nan,nan,nan
394,45.5263157895,0.5781843497,nan,0.0001562811,38.0609344414,nan,nan,nan,nan,nan,nan,nan
395,45.5263157895,0.6392966683,nan,0.0000670408,41.7366065466,nan,nan,nan,nan,nan,nan,nan
396,45.5263157895,0.1989717345,nan,0.0043665171,23.5986483334,nan,nan,nan,nan,nan,nan,nan
397,45.5263157895,0.4973190395,nan,0.0004194636,33.7730574619,nan,nan,nan,nan,nan,nan,nan
398,45.5263157895,0.5983225189,nan,0.0001193784,39.2307415353,nan,nan,nan,nan,nan,nan,nan
399,45.5263157895,0.4798385324,nan,0.0005090676,32.9322454781,nan,nan,nan,nan,nan,nan,nan
400,45.5263157895,0.8967228260,nan,0.0000007334,61.3466225378,nan,nan,nan,nan,nan,nan,nan
401,45.5263157895,0.8365730335,nan,0.0000024176,56.1662412253,nan,nan,nan,nan,nan,nan,nan
402,45.5263157895,0.3769766996,nan,0.0013794069,28.6030760959,nan,nan,nan,nan,nan,nan,nan
403,45.5263157895,0.2296489416,nan,0.0037694397,24.2372320286,nan,nan,nan,nan,nan,nan,nan
404,45.5263157895,0.4139778689,nan,0.0009911239,30.0387206014,nan,nan,nan,nan,nan,nan,nan
405,45.5263157895,0.9280565344,nan,0.0000003811,64.1900459171,nan,nan,nan,nan,nan,nan,nan
406,45.5263157895,0.6256224994,nan,0.0000816285,40.8815825470,nan,nan,nan,nan,nan,nan,nan
407,45.5263157895,0.0939621749,nan,0.0061468263,22.1134905620,nan,nan,nan,nan,nan,nan,nan
408,45.5263157895,1.0031825155,nan,0.0000000722,71.4119222763,nan,nan,nan,nan,nan,nan,nan
409,45.5263157895,0.0731888820,nan,0.0063864109,21.9474314106,nan,nan,nan,nan,nan,nan,nan
410,45.5263157895,0.6570644871,nan,0.0000515742,42.8756736582,nan,nan,nan,nan,nan,nan,nan
411,45.5263157895,0.9182798746,nan,0.0000004686,63.2921957679,nan,nan,nan,nan,nan,nan,nan
412,45.5263157895,0.4143994003,nan,0.0009872195,30.0558626985,nan,nan,nan,nan,nan,nan,nan
413,45.5263157895,0.4843019688,nan,0.0004848384,33.1440300201,nan,nan,nan,nan,nan,nan,nan
414,45.5263157895,1.0839217929,nan,0.0000000104,79.8104760729,nan,nan,nan,nan,nan,nan,nan
415,45.5263157895,0.3383257436,nan,0.0018840465,27.2490837890,nan,nan,nan,nan,nan,nan,nan
416,45.5263157895,0.7948800593,nan,0.0000052604,52.7897835300,nan,nan,nan,nan,nan,nan,nan
417,45.5263157895,0.5298232668,nan,0.0002872215,35.4178310727,nan,nan,nan,nan,nan,nan,nan
418,45.5263157895,0.6173394270,nan,0.0000917742,40.3727916586,nan,nan,nan,nan,nan,nan,nan
419,45.5263157895,0.1098140459,nan,0.0059313400,22.2684718351,nan,nan,nan,nan,nan,nan,nan
420,45.5263157895,0.3551987645,nan,0.0016512477,27.8218776381,nan,nan,nan,nan,nan,nan,nan
421,45.5263157895,0.8001587679,nan,0.0000047780,53.2075769384,nan,nan,nan,nan,nan,nan,nan
422,45.5263157895,0.6724485794,nan,0.0000408549,43.8875631478,nan,nan,nan,nan,nan,nan,nan
423,45.5263157895,0.4959478768,nan,0.0004259906,33.7059993904,nan,nan,nan,nan,nan,nan,nan
424,45.5263157895,0.5114514626,nan,0.0003568466,34.4751840542,nan,nan,nan,nan,nan,nan,nan
425,45.5263157895,0.7795506502,nan,0.0000069304,51.5924386254,nan,nan,nan,nan,nan,nan,nan
426,45.5263157895,0.6276588503,nan,0.0000792917,41.0077217160,nan,nan,nan,nan,nan,nan,nan
427,45.5263157895,0.5084316946,nan,0.0003695323,34.3234762047,nan,nan,nan,nan,nan,nan,nan
428,45.5263157895,0.4582611375,nan,0.0006402473,31.9365223814,nan,nan,nan,nan,nan,nan,nan
429,45.5263157895,0.3204127181,nan,0.0021518045,26.6719718273,nan,nan,nan,nan,nan,nan,nan
430,45.5263157895,0.8182418698,nan,0.0000034197,54.6601068526,nan,nan,nan,nan,nan,nan,nan
431,45.5263157895,0.4523728706,nan,0.0006803176,31.6728830810,nan,nan,nan,nan,nan,nan,nan
432,45.5263157895,0.4376944295,nan,0.0007887224,31.0307582097,nan,nan,nan,nan,nan,nan,nan
433,45.5263157895,0.1690442259,nan,0.0049373203,23.0650869555,nan,nan,nan,nan,nan,nan,nan
434,45.5263157895,0.2170236031,nan,0.0040149766,23.9631698010,nan,nan,nan,nan,nan,nan,nan
435,45.5263157895,0.2364019299,nan,0.0036389099,24.3902869690,nan,nan,nan,nan,nan,nan,nan
436,45.5263157895,0.6604672670,nan,0.0000490067,43.0974417496,nan,nan,nan,nan,nan,nan,nan
437,45.5263157895,0.4747566243,nan,0.0005378310,32.6935413599,nan,nan,nan,nan,nan,nan,nan
438,45.5263157895,0.4447777388,nan,0.0007348627,31.3379380974,nan,nan,nan,nan,nan,nan,nan
439,45.5263157895,0.5744275433,nan,0.0001641644,37.8472093394,nan,nan,nan,nan,nan,nan,nan
440,45.5263157895,0.5307330596,nan,0.0002840933,35.4653906746,nan,nan,nan,nan,nan,nan,nan
441,45.5263157895,0.2529796907,nan,0.0033226577,24.7851439997,nan,nan,nan,nan,nan,nan,nan
442,45.5263157895,0.5112677652,nan,0.0003576079,34.4659293348,nan,nan,nan,nan,nan,nan,nan
443,45.5263157895,0.5058220421,nan,0.0003807933,34.1931072972,nan,nan,nan,nan,nan,nan,nan
444,45.5263157895,0.9899552963,nan,0.0000000977,70.0989601421,nan,nan,nan,nan,nan,nan,nan
445,45.5263157895,1.1909849796,nan,0.0000000006,91.9665274658,nan,nan,nan,nan,nan,nan,nan
446,45.5263157895,0.5615996190,nan,0.0001937270,37.1280984734,nan,nan,nan,nan,nan,nan,nan
447,45.5263157895,0.3199693605,nan,0.0021586924,26.6580924617,nan,nan,nan,nan,nan,nan,nan
448,45.5263157895,0.7599685410,nan,0.0000097782,50.0973890877,nan,nan,nan,nan,nan,nan,nan
449,45.5263157895,0.7223110210,nan,0.0000184887,47.3309307981,nan,nan,nan,nan,nan,nan,nan
450,45.5263157895,0.7722099075,nan,0.0000078932,51.0274602260,nan,nan,nan,nan,nan,nan,nan
451,45.5263157895,0.1604332247,nan,0.0050957797,22.9278935789,nan,nan,nan,nan,nan,nan,nan
452,45.5263157895,0.7493981048,nan,0.0000117316,49.3064228628,nan,nan,nan,nan,nan,nan,nan
453,45.5263157895,0.2396974042,nan,0.0035755140,24.4666151577,nan,nan,nan,nan,nan,nan,nan
454,45.5263157895,0.3394949628,nan,0.0018672986,27.2878622848,nan,nan,nan,nan,nan,nan,nan
455,45.5263157895,0.8477135156,nan,0.0000019507,57.0981418397,nan,nan,nan,nan,nan,nan,nan
456,45.5263157895,0.5668804051,nan,0.0001810451,37.4221312141,nan,nan,nan,nan,nan,nan,nan
457,45.5263157895,1.0941656030,nan,0.0000000081,80.9232676121,nan,nan,nan,nan,nan,nan,nan
458,45.5263157895,0.6560573819,nan,0.0000523569,42.8102612513,nan,nan,nan,nan,nan,nan,nan
459,45.5263157895,0.0432999640,nan,0.0066345607,21.7818782504,nan,nan,nan,nan,nan,nan,nan
460,45.5263157895,0.4955776861,nan,0.0004277670,33.6879271067,nan,nan,nan,nan,nan,nan,nan
461,45.5263157895,0.9115721457,nan,0.0000005393,62.6817736863,nan,nan,nan,nan,nan,nan,nan
462,45.5263157895,0.3764939275,nan,0.0013850816,28.5852465350,nan,nan,nan,nan,nan,nan,nan
463,45.5263157895,0.4838878757,nan,0.0004870463,33.1242979405,nan,nan,nan,nan,nan,nan,nan
464,45.5263157895,0.9109358578,nan,0.0000005465,62.6241058971,nan,nan,nan,nan,nan,nan,nan
465,45.5263157895,0.4668792974,nan,0.0005849736,32.3286373278,nan,nan,nan,nan,nan,nan,nan
466,45.5263157895,0.1999704772,nan,0.0043471279,23.6179758631,nan,nan,nan,nan,nan,nan,nan
467,45.5263157895,0.2789367541,nan,0.0028457337,25.4580574092,nan,nan,nan,nan,nan,nan,nan
468,45.5263157895,0.7602637010,nan,0.0000097283,50.1196369712,nan,nan,nan,nan,nan,nan,nan
469,45.5263157895,0.3975672504,nan,0.0011520885,29.3851416433,nan,nan,nan,nan,nan,nan,nan
470,45.5263157895,0.5228739830,nan,0.0003120835,35.0572916845,nan,nan,nan,nan,nan,nan,nan
471,45.5263157895,0.5229269256,nan,0.0003118875,35.0600201383,nan,nan,nan,nan,nan,nan,nan
472,45.5263157895,0.7102321296,nan,0.0000225225,46.4738262282,nan,nan,nan,nan,nan,nan,nan
473,45.5263157895,0.1227433958,nan,0.0057371407,22.4130449588,nan,nan,nan,nan,nan,nan,nan
474,45.5263157895,0.7063711330,nan,0.0000239720,46.2029523864,nan,nan,nan,nan,nan,nan,nan
475,45.5263157895,0.8115878924,nan,0.0000038710,54.1217880265,nan,nan,nan,nan,nan,nan,nan
476,45.5263157895,0.5616733939,nan,0.0001935447,37.1321869782,nan,nan,nan,nan,nan,nan,nan
477,45.5263157895,0.7637492899,nan,0.0000091558,50.3830296543,nan,nan,nan,nan,nan,nan,nan
478,45.5263157895,0.4137285384,nan,0.0009934386,30.0285896142,nan,nan,nan,nan,nan,nan,nan
479,45.5263157895,0.4551749549,nan,0.0006610114,31.7979105223,nan,nan,nan,nan,nan,nan,nan
480,45.5263157895,0.2412997457,nan,0.0035447729,24.5041158890,nan,nan,nan,nan,nan,nan,nan
481,45.5263157895,0.5063415624,nan,0.0003785292,34.2190063178,nan,nan,nan,nan,nan,nan,nan
482,45.5263157895,0.7497755052,nan,0.0000116561,49.3344692088,nan,nan,nan,nan,nan,nan,nan
483,45.5263157895,0.9023087790,nan,0.0000006537,61.8462589661,nan,nan,nan,nan,nan,nan,nan
484,45.5263157895,0.4250773861,nan,0.0008920700,30.4960106526,nan,nan,nan,nan,nan,nan,nan
485,45.5263157895,0.9028559574,nan,0.0000006463,61.8953710081,nan,nan,nan,nan,nan,nan,nan
486,45.5263157895,0.6379407759,nan,0.0000683756,41.6509855668,nan,nan,nan,nan,nan,nan,nan
487,45.5263157895,0.7391349467,nan,0.0000139662,48.5492221814,nan,nan,nan,nan,nan,nan,nan
488,45.5263157895,0.2391451165,nan,0.0035861228,24.4537484234,nan,nan,nan,nan,nan,nan,nan
489,45.5263157895,0.4710534439,nan,0.0005595998,32.5212248237,nan,nan,nan,nan,nan,nan,nan
490,45.5263157895,0.6652786599,nan,0.0000455722,43.4129999034,nan,nan,nan,nan,nan,nan,nan
491,45.5263157895,0.4523726709,nan,0.0006803190,31.6728742002,nan,nan,nan,nan,nan,nan,nan
492,45.5263157895,0.5062137726,nan,0.0003790851,34.2126332613,nan,nan,nan,nan,nan,nan,nan
493,45.5263157895,0.3655109596,nan,0.0015184832,28.1858999537,nan,nan,nan,nan,nan,nan,nan
494,45.5263157895,0.2842190030,nan,0.0027522179,25.6031717909,nan,nan,nan,nan,nan,nan,nan
495,45.5263157895,0.4596085205,nan,0.0006313444,31.9973368747,nan,nan,nan,nan,nan,nan,nan
496,45.5263157895,0.2764311569,nan,0.0028905529,25.3901908156,nan,nan,nan,nan,nan,nan,nan
497,45.5263157895,0.7267466262,nan,0.0000171816,47.6493644496,nan,nan,nan,nan,nan,nan,nan
498,45.5263157895,1.1777878055,nan,0.0000000009,90.4052580236,nan,nan,nan,nan,nan,nan,nan
499,45.5263157895,0.4491424578,nan,0.0007031180,31.5297175845,nan,nan,nan,nan,nan,nan,nan
500,45.5263157895,0.4791129027,nan,0.0005130972,32.8980035766,nan,nan,nan,nan,nan,nan,nan
501,45.5263157895,0.7855807365,nan,0.0000062221,52.0606073836,nan,nan,nan,nan,nan,nan,nan
502,45.5263157895,0.4602647966,nan,0.0006270434,32.0270237907,nan,nan,nan,nan,nan,nan,nan
503,45.5263157895,0.5911043003,nan,0.0001316206,38.8067620228,nan,nan,nan,nan,nan,nan,nan
504,45.5263157895,0.3696491427,nan,0.0014672510,28.3349558036,nan,nan,nan,nan,nan,nan,nan
505,45.5263157895,0.4253374255,nan,0.0008898419,30.5068714700,nan,nan,nan,nan,nan,nan,nan
506,45.5263157895,0.5476898693,nan,0.0002308346,36.3669914811,nan,nan,nan,nan,nan,nan,nan
507,45.5263157895,0.8475303917,nan,0.0000019576,57.0827222463,nan,nan,nan,nan,nan,nan,nan
508,45.5263157895,0.6619343979,nan,0.0000479356,43.1934177312,nan,nan,nan,nan,nan,nan,nan
509,45.5263157895,0.5092135522,nan,0.0003662126,34.3626677598,nan,nan,nan,nan,nan,nan,nan
510,45.5263157895,0.4416337851,nan,0.0007584070,31.2009765417,nan,nan,nan,nan,nan,nan,nan
511,45.5263157895,0.4383871497,nan,0.0007833254,31.0605781133,nan,nan,nan,nan,nan,nan,nan
512,45.5263157895,0.2580634845,nan,0.0032272445,24.9116812649,nan,nan,nan,nan,nan,nan,nan
513,45.5263157895,0.9101597322,nan,0.0000005554,62.5538198042,nan,nan,nan,nan,nan,nan,nan
514,45.5263157895,1.4430400986,nan,0.0000000000,125.1830631284,nan,nan,nan,nan,nan,nan,nan
515,45.5263157895,0.1774512025,nan,0.0047796223,23.2060641877,nan,nan,nan,nan,nan,nan,nan
516,45.5263157895,0.8448931865,nan,0.0000020601,56.8610369836,nan,nan,nan,nan,nan,nan,nan
517,45.5263157895,0.6421501514,nan,0.0000643073,41.9173999632,nan,nan,nan,nan,nan,nan,nan
518,45.5263157895,1.0738174158,nan,0.0000000134,78.7232526965,nan,nan,nan,nan,nan,nan,nan
519,45.5263157895,0.4023600320,nan,0.0011032541,29.5732446156,nan,nan,nan,nan,nan,nan,nan
520,45.5263157895,0.5594081253,nan,0.0001992096,37.0068978524,nan,nan,nan,nan,nan,nan,nan
521,45.5263157895,1.0660737789,nan,0.0000000162,77.8970475191,nan,nan,nan,nan,nan,nan,nan
522,45.5263157895,0.3113688157,nan,0.0022947135,26.3927153305,nan,nan,nan,nan,nan,nan,nan
523,45.5263157895,0.9198331717,nan,0.0000004535,63.4341987658,nan,nan,nan,nan,nan,nan,nan
524,45.5263157895,0.3503680886,nan,0.0017159337,27.6549948831,nan,nan,nan,nan,nan,nan,nan
525,45.5263157895,0.3894823220,nan,0.0012379348,29.0730224270,nan,nan,nan,nan,nan,nan,nan
526,45.5263157895,0.6754252567,nan,0.0000390292,44.0861026496,nan,nan,nan,nan,nan,nan,nan
527,45.5263157895,0.7540182186,nan,0.0000108374,49.6507522547,nan,nan,nan,nan,nan,nan,nan
528,45.5263157895,0.8165422726,nan,0.0000035301,54.5221815397,nan,nan,nan,nan,nan,nan,nan
529,45.5263157895,0.3283352366,nan,0.0020308223,26.9232808286,nan,nan,nan,nan,nan,nan,nan
530,45.5263157895,0.7131144019,nan,0.0000214931,46.6770145825,nan,nan,nan,nan,nan,nan,nan
531,45.5263157895,0.7249550818,nan,0.0000176990,47.5205103254,nan,nan,nan,nan,nan,nan,nan
532,45.5263157895,0.3671103081,nan,0.0014985438,28.2433057027,nan,nan,nan,nan,nan,nan,nan
533,45.5263157895,0.6619846890,nan,0.0000478993,43.1967114854,nan,nan,nan,nan,nan,nan,nan
534,45.5263157895,0.6509293694,nan,0.0000565097,42.4787736712,nan,nan,nan,nan,nan,nan,nan
535,45.5263157895,0.4988805514,nan,0.0004121304,33.8496539223,nan,nan,nan,nan,nan,nan,nan
536,45.5263157895,0.1150241309,nan,0.0058549547,22.3247645886,nan,nan,nan,nan,nan,nan,nan
537,45.5263157895,0.3510418053,nan,0.0017068171,27.6781300460,nan,nan,nan,nan,nan,nan,nan
538,45.5263157895,0.5024824441,nan,0.0003956155,34.0272674873,nan,nan,nan,nan,nan,nan,nan
539,45.5263157895,0.6307881681,nan,0.0000758163,41.2023753867,nan,nan,nan,nan,nan,nan,nan
540,45.5263157895,0.1203779293,nan,0.0057738122,22.3853734633,nan,nan,nan,nan,nan,nan,nan
541,45.5263157895,0.3180751402,nan,0.0021882586,26.5990136379,nan,nan,nan,nan,nan,nan,nan
542,45.5263157895,0.6823469971,nan,0.0000350654,44.5512174909,nan,nan,nan,nan,nan,nan,nan
543,45.5263157895,0.4528444191,nan,0.0006770382,31.6938684000,nan,nan,nan,nan,nan,nan,nan
544,45.5263157895,0.6308860844,nan,0.0000757097,41.2084819734,nan,nan,nan,nan,nan,nan,nan
545,45.5263157895,0.6250934070,nan,0.0000822455,40.8488767774,nan,nan,nan,nan,nan,nan,nan
546,45.5263157895,0.8506479161,nan,0.0000018426,57.3456891698,nan,nan,nan,nan,nan,nan,nan
547,45.5263157895,0.3587857784,nan,0.0016042428,27.9472990014,nan,nan,nan,nan,nan,nan,nan
548,45.5263157895,0.1744690228,nan,0.0048358631,23.1552600060,nan,nan,nan,nan,nan,nan,nan
549,45.5263157895,0.2127839528,nan,0.0040976333,23.8746691292,nan,nan,nan,nan,nan,nan,nan
550,45.5263157895,0.6390216504,nan,0.0000673097,41.7192249609,nan,nan,nan,nan,nan,nan,nan
551,45.5263157895,0.1208186957,nan,0.0057670164,22.3904881130,nan,nan,nan,nan,nan,nan,nan
552,45.5263157895,0.7148849996,nan,0.0000208821,46.8022491668,nan,nan,nan,nan,nan,nan,nan
553,45.5263157895,0.3278987055,nan,0.0020373839,26.9092712840,nan,nan,nan,nan,nan,nan,nan
554,45.5263157895,0.6030386236,nan,0.0001119289,39.5105784938,nan,nan,nan,nan,nan,nan,nan
555,45.5263157895,0.8537553632,nan,0.0000017343,57.6087826396,nan,nan,nan,nan,nan,nan,nan
556,45.5263157895,0.5296794730,nan,0.0002877185,35.4103218127,nan,nan,nan,nan,nan,nan,nan
557,45.5263157895,0.5839961528,nan,0.0001447319,38.3943584492,nan,nan,nan,nan,nan,nan,nan
558,45.5263157895,0.6304125356,nan,0.0000762262,41.1789578661,nan,nan,nan,nan,nan,nan,nan
559,45.5263157895,0.5740642277,nan,0.0001649447,37.8266153684,nan,nan,nan,nan,nan,nan,nan
560,45.5263157895,0.3233013702,nan,0.0021072304,26.7628797060,nan,nan,nan,nan,nan,nan,nan
561,45.5263157895,0.5709587572,nan,0.0001717463,37.6511270245,nan,nan,nan,nan,nan,nan,nan
562,45.5263157895,0.5013005558,nan,0.0004009734,33.9688440304,nan,nan,nan,nan,nan,nan,nan
563,45.5263157895,0.7112536474,nan,0.0000221526,46.5457433520,nan,nan,nan,nan,nan,nan,nan
564,45.5263157895,0.8062690790,nan,0.0000042710,53.6946989408,nan,nan,nan,nan,nan,nan,nan
565,45.5263157895,0.8369756036,nan,0.0000023990,56.1996979857,nan,nan,nan,nan,nan,nan,nan
566,45.5263157895,1.1707772878,nan,0.0000000011,89.5830811168,nan,nan,nan,nan,nan,nan,nan
567,45.5263157895,0.4844779811,nan,0.0004839024,33.1524224329,nan,nan,nan,nan,nan,nan,nan
568,45.5263157895,1.0306129102,nan,0.0000000381,74.1911832850,nan,nan,nan,nan,nan,nan,nan
569,45.5263157895,0.4718583558,nan,0.0005548093,32.5585623665,nan,nan,nan,nan,nan,nan,nan
570,45.5263157895,0.3915224042,nan,0.0012158598,29.1511651727,nan,nan,nan,nan,nan,nan,nan
571,45.5263157895,0.4937486022,nan,0.0004366330,33.5988346325,nan,nan,nan,nan,nan,nan,nan
572,45.5263157895,0.0362270781,nan,0.0066752827,21.7553033750,nan,nan,nan,nan,nan,nan,nan
573,45.5263157895,0.5598957158,nan,0.0001979784,37.0338224002,nan,nan,nan,nan,nan,nan,nan
574,45.5263157895,0.8153919422,nan,0.0000036066,54.4289955948,nan,nan,nan,nan,nan,nan,nan
575,45.5263157895,0.0919393981,nan,0.0061723759,22.0954762972,nan,nan,nan,nan,nan,nan,nan
576,45.5263157895,0.2920188995,nan,0.0026166694,25.8225114022,nan,nan,nan,nan,nan,nan,nan
577,45.5263157895,0.2653165324,nan,0.0030926856,25.0966423083,nan,nan,nan,nan,nan,nan,nan
578,45.5263157895,0.5255832559,nan,0.0003021845,35.1972774631,nan,nan,nan,nan,nan,nan,nan
579,45.5263157895,0.0527837383,nan,0.0065689149,21.8250636656,nan,nan,nan,nan,nan,nan,nan
580,45.5263157895,0.5115366817,nan,0.0003564939,34.4794785630,nan,nan,nan,nan,nan,nan,nan
581,45.5263157895,1.0093146998,nan,0.0000000627,72.0266254612,nan,nan,nan,nan,nan,nan,nan
582,45.5263157895,0.5805415319,nan,0.0001515040,38.1957577766,nan,nan,nan,nan,nan,nan,nan
583,45.5263157895,0.6394837199,nan,0.0000668585,41.7484328550,nan,nan,nan,nan,nan,nan,nan
584,45.5263157895,0.2883358261,nan,0.0026802862,25.7181882433,nan,nan,nan,nan,nan,nan,nan
585,45.5263157895,0.4232659158,nan,0.0009077077,30.4205400192,nan,nan,nan,nan,nan,nan,nan
586,45.5263157895,0.5804635897,nan,0.0001516600,38.1912908192,nan,nan,nan,nan,nan,nan,nan
587,45.5263157895,0.3484923393,nan,0.0017414779,27.5908203535,nan,nan,nan,nan,nan,nan,nan
588,45.5263157895,0.4744263689,nan,0.0005397444,32.6781181993,nan,nan,nan,nan,nan,nan,nan
589,45.5263157895,0.7136548503,nan,0.0000213049,46.7152070932,nan,nan,nan,nan,nan,nan,nan
590,45.5263157895,1.1154792003,nan,0.0000000047,83.2726761667,nan,nan,nan,nan,nan,nan,nan
591,45.5263157895,0.6392512614,nan,0.0000670851,41.7337362315,nan,nan,nan,nan,nan,nan,nan
592,45.5263157895,0.7895253171,nan,0.0000057958,52.3688437521,nan,nan,nan,nan,nan,nan,nan
593,45.5263157895,0.4526987569,nan,0.0006780499,31.6873836221,nan,nan,nan,nan,nan,nan,nan
594,45.5263157895,0.4545317676,nan,0.0006654045,31.7691424781,nan,nan,nan,nan,nan,nan,nan
595,45.5263157895,0.0816553468,nan,0.0062949928,22.0100476355,nan,nan,nan,nan,nan,nan,nan
596,45.5263157895,0.0684809409,nan,0.0064333601,21.9156213986,nan,nan,nan,nan,nan,nan,nan
597,45.5263157895,0.6483249687,nan,0.0000587296,42.3114309640,nan,nan,nan,nan,nan,nan,nan
598,45.5263157895,0.6142844784,nan,0.0000957882,40.1868798955,nan,nan,nan,nan,nan,nan,nan
599,45.5263157895,0.8382048759,nan,0.0000023432,56.3019615144,nan,nan,nan,nan,nan,nan,nan
600,45.5263157895,0.8679823380,nan,0.0000013105,58.8257684790,nan,nan,nan,nan,nan,nan,nan
601,45.5263157895,0.3199262670,nan,0.0021593625,26.6567444563,nan,nan,nan,nan,nan,nan,nan
602,45.5263157895,0.4837290561,nan,0.0004878952,33.1167345308,nan,nan,nan,nan,nan,nan,nan
603,45.5263157895,0.1932538352,nan,0.0044772470,23.4898894627,nan,nan,nan,nan,nan,nan,nan
604,45.5263157895,0.4683511500,nan,0.0005759242,32.3963470633,nan,nan,nan,nan,nan,nan,nan
605,45.5263157895,0.6362009354,nan,0.0000701231,41.5413899319,nan,nan,nan,nan,nan,nan,nan
606,45.5263157895,0.3851281176,nan,0.0012859889,28.9076279235,nan,nan,nan,nan,nan,nan,nan
607,45.5263157895,0.6592151102,nan,0.0000499379,43.0157000198,nan,nan,nan,nan,nan,nan,nan
608,45.5263157895,1.0537455119,nan,0.0000000219,76.5942253130,nan,nan,nan,nan,nan,nan,nan
609,45.5263157895,0.6070546216,nan,0.0001059099,39.7506340967,nan,nan,nan,nan,nan,nan,nan
610,45.5263157895,0.9926807960,nan,0.0000000919,70.3680503351,nan,nan,nan,nan,nan,nan,nan
611,45.5263157895,0.4293361941,nan,0.0008561041,30.6747343127,nan,nan,nan,nan,nan,nan,nan
612,45.5263157895,0.7573655549,nan,0.0000102292,49.9015674355,nan,nan,nan,nan,nan,nan,nan
613,45.5263157895,0.3568598389,nan,0.0016293716,27.8797985330,nan,nan,nan,nan,nan,nan,nan
614,45.5263157895,0.5545142804,nan,0.0002119346,36.7379821905,nan,nan,nan,nan,nan,nan,nan
615,45.5263157895,0.2456550549,nan,0.0034615216,24.6073295973,nan,nan,nan,nan,nan,nan,nan
616,45.5263157895,0.1712212553,nan,0.0048967433,23.1009266412,nan,nan,nan,nan,nan,nan,nan
617,45.5263157895,1.0327448102,nan,0.0000000362,74.4103798391,nan,nan,nan,nan,nan,nan,nan
618,45.5263157895,0.6988774753,nan,0.0000270302,45.6815064863,nan,nan,nan,nan,nan,nan,nan
619,45.5263157895,0.7671482784,nan,0.0000086277,50.6410575919,nan,nan,nan,nan,nan,nan,nan
620,45.5263157895,0.8212898335,nan,0.0000032298,54.9081845792,nan,nan,nan,nan,nan,nan,nan
621,45.5263157895,0.2940630865,nan,0.0025816693,25.8809938574,nan,nan,nan,nan,nan,nan,nan
622,45.5263157895,0.2492412939,nan,0.0033933398,24.6937264954,nan,nan,nan,nan,nan,nan,nan
623,45.5263157895,0.4679956558,nan,0.0005780996,32.3799733980,nan,nan,nan,nan,nan,nan,nan
624,45.5263157895,0.5605855004,nan,0.0001962478,37.0719527480,nan,nan,nan,nan,nan,nan,nan
625,45.5263157895,0.6283212332,nan,0.0000785445,41.0488419767,nan,nan,nan,nan,nan,nan,nan
626,45.5263157895,0.2239317745,nan,0.0038804520,24.1111768543,nan,nan,nan,nan,nan,nan,nan
627,45.5263157895,0.3010097810,nan,0.0024644318,26.0828320280,nan,nan,nan,nan,nan,nan,nan
628,45.5263157895,0.9943420889,nan,0.0000000885,70.5324396164,nan,nan,nan,nan,nan,nan,nan
629,45.5263157895,0.5070062190,nan,0.0003756488,34.2521800394,nan,nan,nan,nan,nan,nan,nan
630,45.5263157895,0.1373874911,nan,0.0054997848,22.5965430631,nan,nan,nan,nan,nan,nan,nan
631,45.5263157895,0.5754315858,nan,0.0001620246,37.9041907690,nan,nan,nan,nan,nan,nan,nan
632,45.5263157895,0.2420973974,nan,0.0035294915,24.5228785707,nan,nan,nan,nan,nan,nan,nan
633,45.5263157895,0.2904416194,nan,0.0026438267,25.7776701385,nan,nan,nan,nan,nan,nan,nan
634,45.5263157895,0.2646137773,nan,0.0031056369,25.0784932734,nan,nan,nan,nan,nan,nan,nan
635,45.5263157895,0.1750912866,nan,0.0048241537,23.1657885935,nan,nan,nan,nan,nan,nan,nan
636,45.5263157895,0.2079038364,nan,0.0041927643,23.7749955187,nan,nan,nan,nan,nan,nan,nan
637,45.5263157895,0.5095081259,nan,0.0003649682,34.3774494962,nan,nan,nan,nan,nan,nan,nan
638,45.5263157895,0.4065037782,nan,0.0010622527,29.7377215526,nan,nan,nan,nan,nan,nan,nan
639,45.5263157895,0.7074896666,nan,0.0000235436,46.2812703359,nan,nan,nan,nan,nan,nan,nan
640,45.5263157895,0.2249940402,nan,0.0038597982,24.1343539732,nan,nan,nan,nan,nan,nan,nan
641,45.5263157895,0.3367418256,nan,0.0019068792,27.1967681894,nan,nan,nan,nan,nan,nan,nan
642,45.5263157895,0.4614432372,nan,0.0006193784,32.0804391003,nan,nan,nan,nan,nan,nan,nan
643,45.5263157895,1.0746284833,nan,0.0000000132,78.8101409316,nan,nan,nan,nan,nan,nan,nan
644,45.5263157895,0.1194351268,nan,0.0057882903,22.3744969719,nan,nan,nan,nan,nan,nan,nan
645,45.5263157895,0.3969802587,nan,0.0011581741,29.3622613632,nan,nan,nan,nan,nan,nan,nan
646,45.5263157895,0.7246179591,nan,0.0000177980,47.4962994195,nan,nan,nan,nan,nan,nan,nan
647,45.5263157895,1.1659265315,nan,0.0000000013,89.0171159237,nan,nan,nan,nan,nan,nan,nan
648,45.5263157895,0.6738499597,nan,0.0000399860,43.9809218912,nan,nan,nan,nan,nan,nan,nan
649,45.5263157895,0.9596576617,nan,0.0000001924,67.1582870092,nan,nan,nan,nan,nan,nan,nan
650,45.5263157895,1.4301089720,nan,0.0000000000,123.3216617250,nan,nan,nan,nan,nan,nan,nan
651,45.5263157895,0.1849234274,nan,0.0046374528,23.3372049297,nan,nan,nan,nan,nan,nan,nan
652,45.5263157895,0.1991292558,nan,0.0043634599,23.6016901316,nan,nan,nan,nan,nan,nan,nan
653,45.5263157895,0.5235995707,nan,0.0003094062,35.0947100801,nan,nan,nan,nan,nan,nan,nan
654,45.5263157895,0.2612202252,nan,0.0031684427,24.9915414217,nan,nan,nan,nan,nan,nan,nan
655,45.5263157895,0.3528414955,nan,0.0016826151,27.7401521871,nan,nan,nan,nan,nan,nan,nan
656,45.5263157895,0.5288001473,nan,0.0002907739,35.3644463620,nan,nan,nan,nan,nan,nan,nan
657,45.5263157895,1.0463058589,nan,0.0000000262,75.8154713624,nan,nan,nan,nan,nan,nan,nan
658,45.5263157895,0.9874399109,nan,0.0000001035,69.8512818611,nan,nan,nan,nan,nan,nan,nan
659,45.5263157895,0.6015548799,nan,0.0001142274,39.4222976390,nan,nan,nan,nan,nan,nan,nan
660,45.5263157895,0.5340131136,nan,0.0002730521,35.6375446748,nan,nan,nan,nan,nan,nan,nan
661,45.5263157895,0.5293992957,nan,0.0002886891,35.3956962254,nan,nan,nan,nan,nan,nan,nan
662,45.5263157895,0.2490080070,nan,0.0033977642,24.6880676272,nan,nan,nan,nan,nan,nan,nan
663,45.5263157895,0.2382579704,nan,0.0036031774,24.4331435875,nan,nan,nan,nan,nan,nan,nan
664,45.5263157895,0.9071697345,nan,0.0000005911,62.2836141280,nan,nan,nan,nan,nan,nan,nan
665,45.5263157895,0.1833459676,nan,0.0046676017,23.3090620818,nan,nan,nan,nan,nan,nan,nan
666,45.5263157895,1.1019685101,nan,0.0000000066,81.7780408789,nan,nan,nan,nan,nan,nan,nan
667,45.5263157895,0.7235660040,nan,0.0000181100,47.4208254772,nan,nan,nan,nan,nan,nan,nan
668,45.5263157895,0.2279221719,nan,0.0038029281,24.1988188440,nan,nan,nan,nan,nan,nan,nan
669,45.5263157895,0.2278723287,nan,0.0038038953,24.1977144223,nan,nan,nan,nan,nan,nan,nan
670,45.5263157895,0.1609581917,nan,0.0050862196,22.9360489301,nan,nan,nan,nan,nan,nan,nan
671,45.5263157895,0.9840656214,nan,0.0000001117,69.5200370852,nan,nan,nan,nan,nan,nan,nan
672,45.5263157895,0.4400984042,nan,0.0007701142,31.1344488677,nan,nan,nan,nan,nan,nan,nan
673,45.5263157895,0.6152941676,nan,0.0000944448,40.2482217697,nan,nan,nan,nan,nan,nan,nan
674,45.5263157895,0.7411372873,nan,0.0000135017,48.6961186739,nan,nan,nan,nan,nan,nan,nan
675,45.5263157895,0.7119397050,nan,0.0000219073,46.5941023047,nan,nan,nan,nan,nan,nan,nan
676,45.5263157895,0.2717570659,nan,0.0029749168,25.2652516909,nan,nan,nan,nan,nan,nan,nan
677,45.5263157895,0.3178975936,nan,0.0021910413,26.5934944151,nan,nan,nan,nan,nan,nan,nan
678,45.5263157895,0.9332561545,nan,0.0000003411,64.6714955695,nan,nan,nan,nan,nan,nan,nan
679,45.5263157895,0.8956816128,nan,0.0000007492,61.2538397415,nan,nan,nan,nan,nan,nan,nan
680,45.5263157895,0.4646588196,nan,0.0005988391,32.2268984059,nan,nan,nan,nan,nan,nan,nan
681,45.5263157895,0.4080039204,nan,0.0010476860,29.7976887122,nan,nan,nan,nan,nan,nan,nan
682,45.5263157895,0.5520349199,nan,0.0002186423,36.6026584017,nan,nan,nan,nan,nan,nan,nan
683,45.5263157895,0.5958166640,nan,0.0001235105,39.0829614065,nan,nan,nan,nan,nan,nan,nan
684,45.5263157895,0.5649655653,nan,0.0001855586,37.3151902365,nan,nan,nan,nan,nan,nan,nan
685,45.5263157895,0.3522414570,nan,0.0016906599,27.7194374358,nan,nan,nan,nan,nan,nan,nan
686,45.5263157895,0.3493222296,nan,0.0017301470,27.6191699919,nan,nan,nan,nan,nan,nan,nan
687,45.5263157895,0.5627684740,nan,0.0001908561,37.1929389833,nan,nan,nan,nan,nan,nan,nan
688,45.5263157895,0.2870691371,nan,0.0027023275,25.6826202388,nan,nan,nan,nan,nan,nan,nan
689,45.5263157895,1.1692913955,nan,0.0000000011,89.4094599089,nan,nan,nan,nan,nan,nan,nan
690,45.5263157895,0.3175536515,nan,0.0021964375,26.5828115199,nan,nan,nan,nan,nan,nan,nan
691,45.5263157895,0.7685647656,nan,0.0000084160,50.7489313799,nan,nan,nan,nan,nan,nan,nan
692,45.5263157895,0.4495110673,nan,0.0007004867,31.5460009190,nan,nan,nan,nan,nan,nan,nan
693,45.5263157895,0.3246539082,nan,0.0020865413,26.8057300607,nan,nan,nan,nan,nan,nan,nan
694,45.5263157895,0.8632721232,nan,0.0000014386,58.4205896983,nan,nan,nan,nan,nan,nan,nan
695,45.5263157895,0.9095540978,nan,0.0000005625,62.4990157262,nan,nan,nan,nan,nan,nan,nan
696,45.5263157895,0.5430821901,nan,0.0002443910,36.1191477600,nan,nan,nan,nan,nan,nan,nan
697,45.5263157895,0.3508054803,nan,0.0017100115,27.6700095957,nan,nan,nan,nan,nan,nan,nan
698,45.5263157895,0.9180951061,nan,0.0000004704,63.2753203922,nan,nan,nan,nan,nan,nan,nan
699,45.5263157895,0.2542209632,nan,0.0032992836,24.8158035717,nan,nan,nan,nan,nan,nan,nan
700,45.5263157895,0.7814923308,nan,0.0000066945,51.7427881845,nan,nan,nan,nan,nan,nan,nan
701,45.5263157895,0.4985738560,nan,0.0004135623,33.8345904079,nan,nan,nan,nan,nan,nan,nan
702,45.5263157895,0.3338139818,nan,0.0019495211,27.1007206061,nan,nan,nan,nan,nan,nan,nan
703,45.5263157895,0.7961826980,nan,0.0000051373,52.8926221350,nan,nan,nan,nan,nan,nan,nan
704,45.5263157895,0.5200722530,nan,0.0003226040,34.9133020613,nan,nan,nan,nan,nan,nan,nan
705,45.5263157895,0.5037178123,nan,0.0003900781,34.0884840423,nan,nan,nan,nan,nan,nan,nan
706,45.5263157895,0.2662935994,nan,0.0030747111,25.1219568940,nan,nan,nan,nan,nan,nan,nan
707,45.5263157895,0.3186949317,nan,0.0021785598,26.6183050687,nan,nan,nan,nan,nan,nan,nan
708,45.5263157895,0.2534413047,nan,0.0033139594,24.7965281053,nan,nan,nan,nan,nan,nan,nan
709,45.5263157895,0.6335360554,nan,0.0000728767,41.3741142098,nan,nan,nan,nan,nan,nan,nan
710,45.5263157895,0.2240507778,nan,0.0038781377,24.1137677921,nan,nan,nan,nan,nan,nan,nan
711,45.5263157895,0.0829846717,nan,0.0062798440,22.0205114194,nan,nan,nan,nan,nan,nan,nan
712,45.5263157895,0.3460165968,nan,0.0017755568,27.5066544106,nan,nan,nan,nan,nan,nan,nan
713,45.5263157895,0.4080702100,nan,0.0010470457,29.8003437726,nan,nan,nan,nan,nan,nan,nan
714,45.5263157895,0.4141946280,nan,0.0009891148,30.0475331675,nan,nan,nan,nan,nan,nan,nan
715,45.5263157895,0.4998169144,nan,0.0004077836,33.8957021670,nan,nan,nan,nan,nan,nan,nan
716,45.5263157895,0.7202301172,nan,0.0000191328,47.1822247628,nan,nan,nan,nan,nan,nan,nan
717,45.5263157895,0.3710830311,nan,0.0014497724,28.3870018327,nan,nan,nan,nan,nan,nan,nan
718,45.5263157895,0.3593126962,nan,0.0015974119,27.9658307918,nan,nan,nan,nan,nan,nan,nan
719,45.5263157895,0.6528182837,nan,0.0000549469,42.6005702647,nan,nan,nan,nan,nan,nan,nan
720,45.5263157895,0.4654376721,nan,0.0005939463,32.2625281154,nan,nan,nan,nan,nan,nan,nan
721,45.5263157895,0.5077844839,nan,0.0003722991,34.2910802881,nan,nan,nan,nan,nan,nan,nan
722,45.5263157895,0.3597999016,nan,0.0015911127,27.9829904816,nan,nan,nan,nan,nan,nan,nan
723,45.5263157895,0.8890642913,nan,0.0000008577,60.6667290416,nan,nan,nan,nan,nan,nan,nan
724,45.5263157895,0.6566031048,nan,0.0000519315,42.8456937970,nan,nan,nan,nan,nan,nan,nan
725,45.5263157895,0.1903597045,nan,0.0045330769,23.4360691321,nan,nan,nan,nan,nan,nan,nan
726,45.5263157895,0.1773172935,nan,0.0047821543,23.2037641568,nan,nan,nan,nan,nan,nan,nan
727,45.5263157895,0.3897489450,nan,0.0012350338,29.0832115108,nan,nan,nan,nan,nan,nan,nan
728,45.5263157895,0.2739592431,nan,0.0029350490,25.3238464254,nan,nan,nan,nan,nan,nan,nan
729,45.5263157895,0.7713430367,nan,0.0000080147,50.9611003921,nan,nan,nan,nan,nan,nan,nan
730,45.5263157895,0.3174505585,nan,0.0021980564,26.5796117246,nan,nan,nan,nan,nan,nan,nan
731,45.5263157895,0.8456862113,nan,0.0000020288,56.9276253614,nan,nan,nan,nan,nan,nan,nan
732,45.5263157895,1.0222019665,nan,0.0000000464,73.3308821742,nan,nan,nan,nan,nan,nan,nan
733,45.5263157895,0.4205798694,nan,0.0009312719,30.3092352005,nan,nan,nan,nan,nan,nan,nan
734,45.5263157895,0.2933327353,nan,0.0025941486,25.8600515231,nan,nan,nan,nan,nan,nan,nan
735,45.5263157895,0.6760390822,nan,0.0000386620,44.1271546556,nan,nan,nan,nan,nan,nan,nan
736,45.5263157895,0.0904957205,nan,0.0061903286,22.0828629497,nan,nan,nan,nan,nan,nan,nan
737,45.5263157895,0.3135748714,nan,0.0022593919,26.4600843588,nan,nan,nan,nan,nan,nan,nan
738,45.5263157895,0.7715589898,nan,0.0000079843,50.9776247328,nan,nan,nan,nan,nan,nan,nan
739,45.5263157895,0.6826580148,nan,0.0000348961,44.5722298576,nan,nan,nan,nan,nan,nan,nan
740,45.5263157895,0.9824282163,nan,0.0000001159,69.3597127854,nan,nan,nan,nan,nan,nan,nan
741,45.5263157895,0.1677872221,nan,0.0049606598,23.0446055796,nan,nan,nan,nan,nan,nan,nan
742,45.5263157895,0.7788716789,nan,0.0000070146,51.5399537573,nan,nan,nan,nan,nan,nan,nan
743,45.5263157895,0.5442706251,nan,0.0002408314,36.1828691536,nan,nan,nan,nan,nan,nan,nan
744,45.5263157895,0.4111957311,nan,0.0010171790,29.9260262139,nan,nan,nan,nan,nan,nan,nan
745,45.5263157895,0.3001182857,nan,0.0024793272,26.0566614795,nan,nan,nan,nan,nan,nan,nan
746,45.5263157895,0.2321662756,nan,0.0037206946,24.2937598175,nan,nan,nan,nan,nan,nan,nan
747,45.5263157895,0.5538227976,nan,0.0002137874,36.7001790020,nan,nan,nan,nan,nan,nan,nan
748,45.5263157895,0.4360443865,nan,0.0008016927,30.9599209637,nan,nan,nan,nan,nan,nan,nan
749,45.5263157895,0.3778231963,nan,0.0013694953,28.6343946606,nan,nan,nan,nan,nan,nan,nan
750,45.5263157895,0.5845609889,nan,0.0001436500,38.4269438988,nan,nan,nan,nan,nan,nan,nan
751,45.5263157895,0.3181664212,nan,0.0021868287,26.6018524264,nan,nan,nan,nan,nan,nan,nan
752,45.5263157895,0.2385116904,nan,0.0035982982,24.4390285343,nan,nan,nan,nan,nan,nan,nan
753,45.5263157895,1.2255786881,nan,0.0000000002,96.1430136560,nan,nan,nan,nan,nan,nan,nan
754,45.5263157895,0.3539857006,nan,0.0016673424,27.7797521860,nan,nan,nan,nan,nan,nan,nan
755,45.5263157895,1.0625963409,nan,0.0000000177,77.5280005749,nan,nan,nan,nan,nan,nan,nan
756,45.5263157895,0.4559095868,nan,0.0006560215,31.8308192239,nan,nan,nan,nan,nan,nan,nan
757,45.5263157895,0.3764581103,nan,0.0013855032,28.5839246720,nan,nan,nan,nan,nan,nan,nan
758,45.5263157895,0.1598974457,nan,0.0051055223,22.9195981835,nan,nan,nan,nan,nan,nan,nan
759,45.5263157895,1.0296039407,nan,0.0000000390,74.0876040944,nan,nan,nan,nan,nan,nan,nan
760,45.5263157895,0.6694126823,nan,0.0000427958,43.6859917975,nan,nan,nan,nan,nan,nan,nan
761,45.5263157895,0.2859856541,nan,0.0027212454,25.6523228590,nan,nan,nan,nan,nan,nan,nan
762,45.5263157895,0.4326594008,nan,0.0008288095,30.8154527595,nan,nan,nan,nan,nan,nan,nan
763,45.5263157895,0.3889182857,nan,0.0012440874,29.0514909548,nan,nan,nan,nan,nan,nan,nan
764,45.5263157895,0.9447134203,nan,0.0000002666,65.7420107131,nan,nan,nan,nan,nan,nan,nan
765,45.5263157895,0.7461861690,nan,0.0000123928,49.0683100372,nan,nan,nan,nan,nan,nan,nan
766,45.5263157895,0.5779127680,nan,0.0001568398,38.0454366456,nan,nan,nan,nan,nan,nan,nan
767,45.5263157895,0.7696539350,nan,0.0000082565,50.8320155551,nan,nan,nan,nan,nan,nan,nan
768,45.5263157895,0.2680041901,nan,0.0030433339,25.1665039062,nan,nan,nan,nan,nan,nan,nan
769,45.5263157895,0.5488442756,nan,0.0002275402,36.4294195590,nan,nan,nan,nan,nan,nan,nan
770,45.5263157895,0.3006619940,nan,0.0024702374,26.0726130800,nan,nan,nan,nan,nan,nan,nan
771,45.5263157895,0.7876438440,nan,0.0000059957,52.2216264609,nan,nan,nan,nan,nan,nan,nan
772,45.5263157895,0.7269655304,nan,0.0000171193,47.6651309667,nan,nan,nan,nan,nan,nan,nan
773,45.5263157895,0.8583856102,nan,0.0000015839,58.0026136043,nan,nan,nan,nan,nan,nan,nan
774,45.5263157895,0.4954997098,nan,0.0004281420,33.6841221390,nan,nan,nan,nan,nan,nan,nan
775,45.5263157895,0.2268259285,nan,0.0038242079,24.1745850643,nan,nan,nan,nan,nan,nan,nan
776,45.5263157895,0.4035626445,nan,0.0010912385,29.6208032773,nan,nan,nan,nan,nan,nan,nan
777,45.5263157895,0.5634508409,nan,0.0001891971,37.2308556294,nan,nan,nan,nan,nan,nan,nan
778,45.5263157895,0.1160048726,nan,0.0058402876,22.3356576823,nan,nan,nan,nan,nan,nan,nan
779,45.5263157895,0.3866877707,nan,0.0012686289,28.9666541367,nan,nan,nan,nan,nan,nan,nan
780,45.5263157895,0.3788963532,nan,0.0013569999,28.6742018022,nan,nan,nan,nan,nan,nan,nan
781,45.5263157895,0.3242724236,nan,0.0020923649,26.7936256672,nan,nan,nan,nan,nan,nan,nan
782,45.5263157895,0.7174986110,nan,0.0000200093,46.9876870687,nan,nan,nan,nan,nan,nan,nan
783,45.5263157895,0.3312778452,nan,0.0019869128,27.0182119124,nan,nan,nan,nan,nan,nan,nan
784,45.5263157895,0.5817573709,nan,0.0001490899,38.2655178586,nan,nan,nan,nan,nan,nan,nan
785,45.5263157895,0.4396421012,nan,0.0007736201,31.1147227600,nan,nan,nan,nan,nan,nan,nan
786,45.5263157895,0.5661154545,nan,0.0001828367,37.3793657418,nan,nan,nan,nan,nan,nan,nan
787,45.5263157895,0.4763108797,nan,0.0005288990,32.7662726433,nan,nan,nan,nan,nan,nan,nan
788,45.5263157895,0.5711151808,nan,0.0001713980,37.6599432930,nan,nan,nan,nan,nan,nan,nan
789,45.5263157895,0.1597021588,nan,0.0051090699,22.9165815948,nan,nan,nan,nan,nan,nan,nan
790,45.5263157895,0.3968112856,nan,0.0011599302,29.3556813488,nan,nan,nan,nan,nan,nan,nan
791,45.5263157895,0.6918472987,nan,0.0000302173,45.1974502474,nan,nan,nan,nan,nan,nan,nan
792,45.5263157895,0.8850728040,nan,0.0000009301,60.3147304587,nan,nan,nan,nan,nan,nan,nan
793,45.5263157895,0.7444229761,nan,0.0000127702,48.9380398765,nan,nan,nan,nan,nan,nan,nan
794,45.5263157895,0.3651034468,nan,0.0015235918,28.1713137332,nan,nan,nan,nan,nan,nan,nan
795,45.5263157895,0.5215702581,nan,0.0003169428,34.9901913914,nan,nan,nan,nan,nan,nan,nan
796,45.5263157895,0.4888340263,nan,0.0004611997,33.3611098840,nan,nan,nan,nan,nan,nan,nan
797,45.5263157895,0.1745178252,nan,0.0048349453,23.1560843558,nan,nan,nan,nan,nan,nan,nan
798,45.5263157895,0.2870420838,nan,0.0027027991,25.6818623295,nan,nan,nan,nan,nan,nan,nan
799,45.5263157895,0.1230954399,nan,0.0057316413,22.4172099994,nan,nan,nan,nan,nan,nan,nan
800,45.5263157895,0.5857202605,nan,0.0001414516,38.4939226699,nan,nan,nan,nan,nan,nan,nan
801,45.5263157895,0.5998108712,nan,0.0001169819,39.3188139333,nan,nan,nan,nan,nan,nan,nan
802,45.5263157895,0.8279191494,nan,0.0000028504,55.4509903052,nan,nan,nan,nan,nan,nan,nan
803,45.5263157895,0.4428215529,nan,0.0007494448,31.2526037759,nan,nan,nan,nan,nan,nan,nan
804,45.5263157895,0.2882719998,nan,0.0026813949,25.7163922236,nan,nan,nan,nan,nan,nan,nan
805,45.5263157895,0.6528106968,nan,0.0000549531,42.6000803474,nan,nan,nan,nan,nan,nan,nan
806,45.5263157895,0.6600323665,nan,0.0000493284,43.0690332471,nan,nan,nan,nan,nan,nan,nan
807,45.5263157895,0.6830105380,nan,0.0000347052,44.5960581093,nan,nan,nan,nan,nan,nan,nan
808,45.5263157895,0.0842569978,nan,0.0062651469,22.0306874068,nan,nan,nan,nan,nan,nan,nan
809,45.5263157895,0.2773586278,nan,0.0028739289,25.4152397357,nan,nan,nan,nan,nan,nan,nan
810,45.5263157895,0.2248298421,nan,0.0038629900,24.1307641223,nan,nan,nan,nan,nan,nan,nan
811,45.5263157895,1.5936565710,nan,0.0000000000,148.1189649689,nan,nan,nan,nan,nan,nan,nan
812,45.5263157895,0.8147650842,nan,0.0000036490,54.3782712973,nan,nan,nan,nan,nan,nan,nan
813,45.5263157895,0.4723852055,nan,0.0005516916,32.5830364896,nan,nan,nan,nan,nan,nan,nan
814,45.5263157895,0.3604888727,nan,0.0015822326,28.0072968336,nan,nan,nan,nan,nan,nan,nan
815,45.5263157895,0.4539984039,nan,0.0006690648,31.7453179057,nan,nan,nan,nan,nan,nan,nan
816,45.5263157895,0.4878318353,nan,0.0004663447,33.3129292192,nan,nan,nan,nan,nan,nan,nan
817,45.5263157895,0.1032899015,nan,0.0060232118,22.2017186173,nan,nan,nan,nan,nan,nan,nan
818,45.5263157895,0.1948761387,nan,0.0044458833,23.5204194575,nan,nan,nan,nan,nan,nan,nan
819,45.5263157895,0.3202193311,nan,0.0021548074,26.6659154214,nan,nan,nan,nan,nan,nan,nan
820,45.5263157895,0.8553719297,nan,0.0000016803,57.7460355747,nan,nan,nan,nan,nan,nan,nan
821,45.5263157895,0.8640758672,nan,0.0000014159,58.4895702424,nan,nan,nan,nan,nan,nan,nan
822,45.5263157895,0.0958356801,nan,0.0061227553,22.1305309365,nan,nan,nan,nan,nan,nan,nan
823,45.5263157895,0.8700576213,nan,0.0000012575,59.0049982020,nan,nan,nan,nan,nan,nan,nan
824,45.5263157895,0.8767359388,nan,0.0000011003,59.5847168092,nan,nan,nan,nan,nan,nan,nan
825,45.5263157895,0.7149206463,nan,0.0000208700,46.8047737029,nan,nan,nan,nan,nan,nan,nan
826,45.5263157895,0.3659982928,nan,0.0015123890,28.2033649214,nan,nan,nan,nan,nan,nan,nan
827,45.5263157895,0.8862528129,nan,0.0000009081,60.4186246835,nan,nan,nan,nan,nan,nan,nan
828,45.5263157895,0.3112110103,nan,0.0022972514,26.3879147606,nan,nan,nan,nan,nan,nan,nan
829,45.5263157895,0.8465267670,nan,0.0000019961,56.9982741039,nan,nan,nan,nan,nan,nan,nan
830,45.5263157895,0.3136190590,nan,0.0022586874,26.4614387080,nan,nan,nan,nan,nan,nan,nan
831,45.5263157895,0.9389359464,nan,0.0000003020,65.2005302900,nan,nan,nan,nan,nan,nan,nan
832,45.5263157895,0.0428979870,nan,0.0066370653,21.7802390922,nan,nan,nan,nan,nan,nan,nan
833,45.5263157895,0.1875173395,nan,0.0045877372,23.3840147165,nan,nan,nan,nan,nan,nan,nan
834,45.5263157895,0.4052818985,nan,0.0010742259,29.6890436450,nan,nan,nan,nan,nan,nan,nan
835,45.5263157895,0.3506468749,nan,0.0017121575,27.6645628160,nan,nan,nan,nan,nan,nan,nan
836,45.5263157895,0.1597738989,nan,0.0051077669,22.9176893269,nan,nan,nan,nan,nan,nan,nan
837,45.5263157895,0.2160759138,nan,0.0040334500,23.9432332380,nan,nan,nan,nan,nan,nan,nan
838,45.5263157895,0.4158680974,nan,0.0009737046,30.1157276103,nan,nan,nan,nan,nan,nan,nan
839,45.5263157895,0.5178971255,nan,0.0003309743,34.8020576362,nan,nan,nan,nan,nan,nan,nan
840,45.5263157895,0.2929528215,nan,0.0026006513,25.8491786759,nan,nan,nan,nan,nan,nan,nan
841,45.5263157895,0.9219613065,nan,0.0000004336,63.6291496832,nan,nan,nan,nan,nan,nan,nan
842,45.5263157895,0.8704875349,nan,0.0000012468,59.0421816467,nan,nan,nan,nan,nan,nan,nan
843,45.5263157895,0.7063322308,nan,0.0000239871,46.2002307775,nan,nan,nan,nan,nan,nan,nan
844,45.5263157895,0.3157920768,nan,0.0022241901,26.5282809876,nan,nan,nan,nan,nan,nan,nan
845,45.5263157895,0.5723144516,nan,0.0001687478,37.7276175439,nan,nan,nan,nan,nan,nan,nan
846,45.5263157895,0.5517676015,nan,0.0002193762,36.5881049445,nan,nan,nan,nan,nan,nan,nan
847,45.5263157895,0.3606932995,nan,0.0015796039,28.0145179389,nan,nan,nan,nan,nan,nan,nan
848,45.5263157895,1.0204574802,nan,0.0000000484,73.1533470719,nan,nan,nan,nan,nan,nan,nan
849,45.5263157895,0.6976195982,nan,0.0000275770,45.5945311636,nan,nan,nan,nan,nan,nan,nan
850,45.5263157895,0.8449605579,nan,0.0000020575,56.8666915313,nan,nan,nan,nan,nan,nan,nan
851,45.5263157895,0.4587819457,nan,0.0006367944,31.9600076854,nan,nan,nan,nan,nan,nan,nan
852,45.5263157895,0.3708341048,nan,0.0014527966,28.3779518306,nan,nan,nan,nan,nan,nan,nan
853,45.5263157895,0.4806977672,nan,0.0005043290,32.9728602089,nan,nan,nan,nan,nan,nan,nan
854,45.5263157895,0.5084245972,nan,0.0003695625,34.3231207183,nan,nan,nan,nan,nan,nan,nan
855,45.5263157895,0.4364945996,nan,0.0007981377,30.9792218805,nan,nan,nan,nan,nan,nan,nan
856,45.5263157895,0.6175617633,nan,0.0000914880,40.3863587380,nan,nan,nan,nan,nan,nan,nan
857,45.5263157895,0.3819028723,nan,0.0013224111,28.7863352182,nan,nan,nan,nan,nan,nan,nan
858,45.5263157895,0.3633263599,nan,0.0015460021,28.1078992642,nan,nan,nan,nan,nan,nan,nan
859,45.5263157895,0.2327197040,nan,0.0037099911,24.3062712740,nan,nan,nan,nan,nan,nan,nan
860,45.5263157895,0.5323430974,nan,0.0002786276,35.5497589781,nan,nan,nan,nan,nan,nan,nan
861,45.5263157895,0.3890511055,nan,0.0012426367,29.0565583513,nan,nan,nan,nan,nan,nan,nan
862,45.5263157895,0.8131355264,nan,0.0000037613,54.2465957240,nan,nan,nan,nan,nan,nan,nan
863,45.5263157895,0.3626754299,nan,0.0015542648,28.0847498354,nan,nan,nan,nan,nan,nan,nan
864,45.5263157895,0.4871120989,nan,0.0004700684,33.2783896518,nan,nan,nan,nan,nan,nan,nan
865,45.5263157895,0.6364542688,nan,0.0000698662,41.5573289268,nan,nan,nan,nan,nan,nan,nan
866,45.5263157895,0.7994383578,nan,0.0000048413,53.1503930953,nan,nan,nan,nan,nan,nan,nan
867,45.5263157895,0.8004772747,nan,0.0000047502,53.2328756666,nan,nan,nan,nan,nan,nan,nan
868,45.5263157895,0.7723413784,nan,0.0000078749,51.0375310772,nan,nan,nan,nan,nan,nan,nan
869,45.5263157895,0.5762019345,nan,0.0001603992,37.9479781742,nan,nan,nan,nan,nan,nan,nan
870,45.5263157895,0.2948324408,nan,0.0025685547,25.9031118261,nan,nan,nan,nan,nan,nan,nan
871,45.5263157895,0.7853370457,nan,0.0000062494,52.0416164260,nan,nan,nan,nan,nan,nan,nan
872,45.5263157895,0.4564568450,nan,0.0006523236,31.8553693548,nan,nan,nan,nan,nan,nan,nan
873,45.5263157895,0.4800337116,nan,0.0005079881,32.9414648187,nan,nan,nan,nan,nan,nan,nan
874,45.5263157895,0.2784743937,nan,0.0028539824,25.4454870880,nan,nan,nan,nan,nan,nan,nan
875,45.5263157895,0.3699165667,nan,0.0014639805,28.3446469911,nan,nan,nan,nan,nan,nan,nan
876,45.5263157895,0.4736835746,nan,0.0005440679,32.6434690459,nan,nan,nan,nan,nan,nan,nan
877,45.5263157895,0.1930752609,nan,0.0044806965,23.4865447354,nan,nan,nan,nan,nan,nan,nan
878,45.5263157895,0.4668633543,nan,0.0005850722,32.3279050805,nan,nan,nan,nan,nan,nan,nan
879,45.5263157895,0.4974017879,nan,0.0004190723,33.7771103761,nan,nan,nan,nan,nan,nan,nan
880,45.5263157895,0.1953155592,nan,0.0044373803,23.5287335233,nan,nan,nan,nan,nan,nan,nan
881,45.5263157895,0.5458513109,nan,0.0002361652,36.2678415888,nan,nan,nan,nan,nan,nan,nan
882,45.5263157895,0.4074300888,nan,0.0010532407,29.7747236707,nan,nan,nan,nan,nan,nan,nan
883,45.5263157895,0.5375181241,nan,0.0002616558,35.8226970693,nan,nan,nan,nan,nan,nan,nan
884,45.5263157895,0.4170827142,nan,0.0009626316,30.1653986935,nan,nan,nan,nan,nan,nan,nan
885,45.5263157895,0.2909300039,nan,0.0026354038,25.7915282792,nan,nan,nan,nan,nan,nan,nan
886,45.5263157895,0.1155210991,nan,0.0058475337,22.3302726641,nan,nan,nan,nan,nan,nan,nan
887,45.5263157895,0.6967948913,nan,0.0000279409,45.5375936214,nan,nan,nan,nan,nan,nan,nan
888,45.5263157895,0.3040521746,nan,0.0024139385,26.1727379673,nan,nan,nan,nan,nan,nan,nan
889,45.5263157895,0.6601669969,nan,0.0000492286,43.0778255204,nan,nan,nan,nan,nan,nan,nan
890,45.5263157895,0.2260820367,nan,0.0038386560,24.1582080687,nan,nan,nan,nan,nan,nan,nan
891,45.5263157895,1.3055686609,nan,0.0000000000,106.2657723751,nan,nan,nan,nan,nan,nan,nan
892,45.5263157895,0.5199435484,nan,0.0003230943,34.9067064170,nan,nan,nan,nan,nan,nan,nan
893,45.5263157895,0.7714150041,nan,0.0000080046,50.9666066856,nan,nan,nan,nan,nan,nan,nan
894,45.5263157895,0.4753355594,nan,0.0005344900,32.7206043539,nan,nan,nan,nan,nan,nan,nan
895,45.5263157895,0.3104747123,nan,0.0023091127,26.3655486599,nan,nan,nan,nan,nan,nan,nan
896,45.5263157895,1.0096852265,nan,0.0000000622,72.0638898291,nan,nan,nan,nan,nan,nan,nan
897,45.5263157895,0.5408775274,nan,0.0002511127,36.0013132684,nan,nan,nan,nan,nan,nan,nan
898,45.5263157895,0.4227692508,nan,0.0009120308,30.3999048658,nan,nan,nan,nan,nan,nan,nan
899,45.5263157895,0.9935619345,nan,0.0000000900,70.4552065040,nan,nan,nan,nan,nan,nan,nan
900,45.5263157895,0.4736721939,nan,0.0005441343,32.6429385991,nan,nan,nan,nan,nan,nan,nan
901,45.5263157895,0.5139249010,nan,0.0003467268,34.6001255313,nan,nan,nan,nan,nan,nan,nan
902,45.5263157895,0.9119944551,nan,0.0000005346,62.7200708560,nan,nan,nan,nan,nan,nan,nan
903,45.5263157895,0.4461420120,nan,0.0007248234,31.3976778087,nan,nan,nan,nan,nan,nan,nan
904,45.5263157895,0.4028604046,nan,0.0010982432,29.5930148888,nan,nan,nan,nan,nan,nan,nan
905,45.5263157895,0.6906405495,nan,0.0000307974,45.1148608108,nan,nan,nan,nan,nan,nan,nan
906,45.5263157895,0.4093967352,nan,0.0010342924,29.8535665277,nan,nan,nan,nan,nan,nan,nan
907,45.5263157895,0.3340687141,nan,0.0019457887,27.1090432135,nan,nan,nan,nan,nan,nan,nan
908,45.5263157895,0.1806292200,nan,0.0047193610,23.2611679975,nan,nan,nan,nan,nan,nan,nan
909,45.5263157895,0.0678753016,nan,0.0064391935,21.9116852492,nan,nan,nan,nan,nan,nan,nan
910,45.5263157895,0.7243165928,nan,0.0000178868,47.4746660951,nan,nan,nan,nan,nan,nan,nan
911,45.5263157895,0.4016863734,nan,0.0011100264,29.5466670634,nan,nan,nan,nan,nan,nan,nan
912,45.5263157895,0.6652516723,nan,0.0000455908,43.4112234140,nan,nan,nan,nan,nan,nan,nan
913,45.5263157895,0.6252394306,nan,0.0000820748,40.8579003986,nan,nan,nan,nan,nan,nan,nan
914,45.5263157895,0.5776144347,nan,0.0001574555,38.0284207991,nan,nan,nan,nan,nan,nan,nan
915,45.5263157895,0.2143880734,nan,0.0040663563,23.9079456946,nan,nan,nan,nan,nan,nan,nan
916,45.5263157895,0.1896216423,nan,0.0045472874,23.4224759275,nan,nan,nan,nan,nan,nan,nan
917,45.5263157895,0.7494766929,nan,0.0000117159,49.3122619216,nan,nan,nan,nan,nan,nan,nan
918,45.5263157895,0.2612001435,nan,0.0031688156,24.9910302701,nan,nan,nan,nan,nan,nan,nan
919,45.5263157895,0.5208589895,nan,0.0003196204,34.9536554988,nan,nan,nan,nan,nan,nan,nan
920,45.5263157895,0.6195232274,nan,0.0000889966,40.5062634382,nan,nan,nan,nan,nan,nan,nan
921,45.5263157895,0.3522341760,nan,0.0016907577,27.7191862965,nan,nan,nan,nan,nan,nan,nan
922,45.5263157895,0.6862731661,nan,0.0000329824,44.8171836721,nan,nan,nan,nan,nan,nan,nan
923,45.5263157895,0.6621519628,nan,0.0000477786,43.2076687059,nan,nan,nan,nan,nan,nan,nan
924,45.5263157895,0.2438405650,nan,0.0034961486,24.5641011130,nan,nan,nan,nan,nan,nan,nan
925,45.5263157895,0.6863090848,nan,0.0000329638,44.8196240321,nan,nan,nan,nan,nan,nan,nan
926,45.5263157895,1.1673341013,nan,0.0000000012,89.1810991060,nan,nan,nan,nan,nan,nan,nan
927,45.5263157895,0.5860594185,nan,0.0001408139,38.5135435655,nan,nan,nan,nan,nan,nan,nan
928,45.5263157895,0.7916014626,nan,0.0000055825,52.5317076583,nan,nan,nan,nan,nan,nan,nan
929,45.5263157895,0.2919168176,nan,0.0026184231,25.8196017972,nan,nan,nan,nan,nan,nan,nan
930,45.5263157895,0.6710171986,nan,0.0000417599,43.7924097232,nan,nan,nan,nan,nan,nan,nan
931,45.5263157895,0.2900863310,nan,0.0026499620,25.7676035321,nan,nan,nan,nan,nan,nan,nan
932,45.5263157895,0.4669483262,nan,0.0005845467,32.3318080223,nan,nan,nan,nan,nan,nan,nan
933,45.5263157895,0.1845214594,nan,0.0046451417,23.3300103085,nan,nan,nan,nan,nan,nan,nan
934,45.5263157895,0.2566636604,nan,0.0032534311,24.8765839097,nan,nan,nan,nan,nan,nan,nan
935,45.5263157895,0.6886227457,nan,0.0000317900,44.9770904953,nan,nan,nan,nan,nan,nan,nan
936,45.5263157895,1.0716821459,nan,0.0000000141,78.4948238037,nan,nan,nan,nan,nan,nan,nan
937,45.5263157895,0.9140271154,nan,0.0000005123,62.9046550698,nan,nan,nan,nan,nan,nan,nan
938,45.5263157895,0.3971810870,nan,0.0011560895,29.3700855604,nan,nan,nan,nan,nan,nan,nan
939,45.5263157895,0.9414634378,nan,0.0000002860,65.4369982011,nan,nan,nan,nan,nan,nan,nan
940,45.5263157895,0.7283846657,nan,0.0000167207,47.7674608575,nan,nan,nan,nan,nan,nan,nan
941,45.5263157895,0.6614950444,nan,0.0000482541,43.1646536314,nan,nan,nan,nan,nan,nan,nan
942,45.5263157895,0.4188996899,nan,0.0009462420,30.2399777836,nan,nan,nan,nan,nan,nan,nan
943,45.5263157895,0.2655154506,nan,0.0030890232,25.1017883614,nan,nan,nan,nan,nan,nan,nan
944,45.5263157895,0.5141909411,nan,0.0003456527,34.6136005797,nan,nan,nan,nan,nan,nan,nan
945,45.5263157895,0.1335120003,nan,0.0055642448,22.5459376765,nan,nan,nan,nan,nan,nan,nan
946,45.5263157895,0.4644051366,nan,0.0006004396,32.2153064081,nan,nan,nan,nan,nan,nan,nan
947,45.5263157895,1.2029959558,nan,0.0000000005,93.4028359717,nan,nan,nan,nan,nan,nan,nan
948,45.5263157895,0.4343507470,nan,0.0008151744,30.8874948854,nan,nan,nan,nan,nan,nan,nan
949,45.5263157895,0.3121637847,nan,0.0022819512,26.4169365598,nan,nan,nan,nan,nan,nan,nan
950,45.5263157895,0.8224424509,nan,0.0000031606,55.0022418975,nan,nan,nan,nan,nan,nan,nan
951,45.5263157895,0.8523605731,nan,0.0000017821,57.4905714782,nan,nan,nan,nan,nan,nan,nan
952,45.5263157895,0.4307480832,nan,0.0008444258,30.7343848616,nan,nan,nan,nan,nan,nan,nan
953,45.5263157895,0.8772300478,nan,0.0000010895,59.6277874799,nan,nan,nan,nan,nan,nan,nan
954,45.5263157895,0.6246509177,nan,0.0000827647,40.8215459643,nan,nan,nan,nan,nan,nan,nan
955,45.5263157895,0.7599023421,nan,0.0000097895,50.0924005116,nan,nan,nan,nan,nan,nan,nan
956,45.5263157895,0.2058301795,nan,0.0042331595,23.7333537038,nan,nan,nan,nan,nan,nan,nan
957,45.5263157895,0.1385659455,nan,0.0054799641,22.6122229022,nan,nan,nan,nan,nan,nan,nan
958,45.5263157895,0.3121494942,nan,0.0022821802,26.4165006013,nan,nan,nan,nan,nan,nan,nan
959,45.5263157895,0.7899663058,nan,0.0000057499,52.4034008953,nan,nan,nan,nan,nan,nan,nan
960,45.5263157895,0.5283312206,nan,0.0002924143,35.3400135789,nan,nan,nan,nan,nan,nan,nan
961,45.5263157895,0.3400493580,nan,0.0018593892,27.3062969610,nan,nan,nan,nan,nan,nan,nan
962,45.5263157895,0.2508563007,nan,0.0033627535,24.7330496243,nan,nan,nan,nan,nan,nan,nan
963,45.5263157895,0.7374127789,nan,0.0000143774,48.4232029144,nan,nan,nan,nan,nan,nan,nan
964,45.5263157895,0.5910000146,nan,0.0001318052,38.8006748713,nan,nan,nan,nan,nan,nan,nan
965,45.5263157895,0.9117019377,nan,0.0000005378,62.6935419617,nan,nan,nan,nan,nan,nan,nan
966,45.5263157895,0.2690030500,nan,0.0030250669,25.1926501771,nan,nan,nan,nan,nan,nan,nan
967,45.5263157895,0.3221050783,nan,0.0021256262,26.7251309747,nan,nan,nan,nan,nan,nan,nan
968,45.5263157895,0.6555263776,nan,0.0000527738,42.7758130892,nan,nan,nan,nan,nan,nan,nan
969,45.5263157895,1.4109150602,nan,0.0000000000,120.5901439700,nan,nan,nan,nan,nan,nan,nan
970,45.5263157895,0.1635083551,nan,0.0050395865,22.9760509620,nan,nan,nan,nan,nan,nan,nan
971,45.5263157895,0.7467816155,nan,0.0000122677,49.1123742277,nan,nan,nan,nan,nan,nan,nan
972,45.5263157895,0.5239070622,nan,0.0003082774,35.1105832559,nan,nan,nan,nan,nan,nan,nan
973,45.5263157895,0.4896954237,nan,0.0004568144,33.4026021681,nan,nan,nan,nan,nan,nan,nan
974,45.5263157895,0.4393591035,nan,0.0007758006,31.1024991388,nan,nan,nan,nan,nan,nan,nan
975,45.5263157895,0.1586823165,nan,0.0051275641,22.9008890112,nan,nan,nan,nan,nan,nan,nan
976,45.5263157895,0.6353747524,nan,0.0000709667,41.4894537219,nan,nan,nan,nan,nan,nan,nan
977,45.5263157895,0.1656678567,nan,0.0049998562,23.0104248370,nan,nan,nan,nan,nan,nan,nan
978,45.5263157895,0.5514977143,nan,0.0002201193,36.5734188989,nan,nan,nan,nan,nan,nan,nan
979,45.5263157895,0.3076460544,nan,0.0023549816,26.2801249050,nan,nan,nan,nan,nan,nan,nan
980,45.5263157895,0.9794019390,nan,0.0000001240,69.0641131704,nan,nan,nan,nan,nan,nan,nan
981,45.5263157895,0.8774946327,nan,0.0000010837,59.6508610558,nan,nan,nan,nan,nan,nan,nan
982,45.5263157895,1.7556781152,nan,0.0000000000,175.3754334351,nan,nan,nan,nan,nan,nan,nan
983,45.5263157895,0.5828370788,nan,0.0001469741,38.3275916300,nan,nan,nan,nan,nan,nan,nan
984,45.5263157895,0.5172684767,nan,0.0003334268,34.7699943758,nan,nan,nan,nan,nan,nan,nan
985,45.5263157895,0.7491831839,nan,0.0000117748,49.2904575220,nan,nan,nan,nan,nan,nan,nan
986,45.5263157895,0.5418462022,nan,0.0002481403,36.0530268551,nan,nan,nan,nan,nan,nan,nan
987,45.5263157895,0.7266691582,nan,0.0000172037,47.6437859935,nan,nan,nan,nan,nan,nan,nan
988,45.5263157895,0.8157735039,nan,0.0000035811,54.4598903341,nan,nan,nan,nan,nan,nan,nan
989,45.5263157895,1.0376607740,nan,0.0000000322,74.9175815520,nan,nan,nan,nan,nan,nan,nan
990,45.5263157895,0.1373304615,nan,0.0055007414,22.5957877119,nan,nan,nan,nan,nan,nan,nan
991,45.5263157895,0.5809584550,nan,0.0001506724,38.2196624786,nan,nan,nan,nan,nan,nan,nan
992,45.5263157895,0.1922901096,nan,0.0044958561,23.4718760010,nan,nan,nan,nan,nan,nan,nan
993,45.5263157895,1.2742391870,nan,0.0000000001,102.2235454727,nan,nan,nan,nan,nan,nan,nan
994,45.5263157895,0.1692909580,nan,0.0049327313,23.0691254013,nan,nan,nan,nan,nan,nan,nan
995,45.5263157895,0.4718405465,nan,0.0005549150,32.5577355436,nan,nan,nan,nan,nan,nan,nan
996,45.5263157895,1.0593771666,nan,0.0000000191,77.1874544701,nan,nan,nan,nan,nan,nan,nan
997,45.5263157895,0.3235139658,nan,0.0021039708,26.7696029965,nan,nan,nan,nan,nan,nan,nan
998,45.5263157895,0.8042203819,nan,0.0000044351,53.5309544202,nan,nan,nan,nan,nan,nan,nan
999,45.5263157895,0.5674484261,nan,0.0001797246,37.4539250836,nan,nan,nan,nan,nan,nan,nan
1000,45.5263157895,0.5175459748,nan,0.0003323424,34.7841428587,nan,nan,nan,nan,nan,nan,nan
1001,45.5263157895,0.4029768530,nan,0.0010970794,29.5976194723,nan,nan,nan,nan,nan,nan,nan
1002,45.5263157895,0.9567331203,nan,0.0000002051,66.8793481438,nan,nan,nan,nan,nan,nan,nan
1003,45.5263157895,0.8958541988,nan,0.0000007466,61.2692113538,nan,nan,nan,nan,nan,nan,nan
1004,45.5263157895,0.6319956009,nan,0.0000745119,41.2777446752,nan,nan,nan,nan,nan,nan,nan
1005,45.5263157895,1.4363967491,nan,0.0000000000,124.2246435096,nan,nan,nan,nan,nan,nan,nan
1006,45.5263157895,0.5518921637,nan,0.0002190340,36.5948855178,nan,nan,nan,nan,nan,nan,nan
1007,45.5263157895,0.9592672171,nan,0.0000001940,67.1209968698,nan,nan,nan,nan,nan,nan,nan
1008,45.5263157895,0.8653151276,nan,0.0000013816,58.5960564049,nan,nan,nan,nan,nan,nan,nan
1009,45.5263157895,0.2253573821,nan,0.0038527363,24.1423071615,nan,nan,nan,nan,nan,nan,nan
1010,45.5263157895,0.7480505164,nan,0.0000120050,49.2063945186,nan,nan,nan,nan,nan,nan,nan
1011,45.5263157895,0.0918852190,nan,0.0061730540,22.0949992718,nan,nan,nan,nan,nan,nan,nan
1012,45.5263157895,0.9329507245,nan,0.0000003433,64.6431392314,nan,nan,nan,nan,nan,nan,nan
1013,45.5263157895,0.5691660977,nan,0.0001757816,37.5502652958,nan,nan,nan,nan,nan,nan,nan
1014,45.5263157895,0.1156047041,nan,0.0058462830,22.3312016608,nan,nan,nan,nan,nan,nan,nan
1015,45.5263157895,0.5071606611,nan,0.0003749821,34.2598947394,nan,nan,nan,nan,nan,nan,nan
1016,45.5263157895,0.4606075921,nan,0.0006248061,32.0425474010,nan,nan,nan,nan,nan,nan,nan
1017,45.5263157895,1.3268579148,nan,0.0000000000,109.0695292082,nan,nan,nan,nan,nan,nan,nan
1018,45.5263157895,1.1739294394,nan,0.0000000010,89.9521407172,nan,nan,nan,nan,nan,nan,nan
1019,45.5263157895,0.7738126859,nan,0.0000076730,51.1503540630,nan,nan,nan,nan,nan,nan,nan
1020,45.5263157895,0.8277708892,nan,0.0000028584,55.4388023280,nan,nan,nan,nan,nan,nan,nan
1021,45.5263157895,0.1405274214,nan,0.0054467532,22.6386230240,nan,nan,nan,nan,nan,nan,nan
1022,45.5263157895,0.7505511745,nan,0.0000115023,49.3921578077,nan,nan,nan,nan,nan,nan,nan
1023,45.5263157895,0.3421401892,nan,0.0018297443,27.3760960710,nan,nan,nan,nan,nan,nan,nan
1024,45.5263157895,0.3059636951,nan,0.0023824865,26.2296955005,nan,nan,nan,nan,nan,nan,nan
1025,45.5263157895,0.9693291834,nan,0.0000001553,68.0869066180,nan,nan,nan,nan,nan,nan,nan
1026,45.5263157895,0.9254673544,nan,0.0000004026,63.9513249646,nan,nan,nan,nan,nan,nan,nan
1027,45.5263157895,0.2490854985,nan,0.0033962944,24.6899467499,nan,nan,nan,nan,nan,nan,nan
1028,45.5263157895,0.8313714426,nan,0.0000026697,55.7354190235,nan,nan,nan,nan,nan,nan,nan
1029,45.5263157895,0.4781648842,nan,0.0005184004,32.8533466756,nan,nan,nan,nan,nan,nan,nan
1030,45.5263157895,0.3159599952,nan,0.0022215364,26.5334656995,nan,nan,nan,nan,nan,nan,nan
1031,45.5263157895,0.8473943588,nan,0.0000019628,57.0712700561,nan,nan,nan,nan,nan,nan,nan
1032,45.5263157895,0.3905903522,nan,0.0012259104,29.1154126331,nan,nan,nan,nan,nan,nan,nan
1033,45.5263157895,0.6457812391,nan,0.0000609727,42.1486448116,nan,nan,nan,nan,nan,nan,nan
1034,45.5263157895,0.1673977508,nan,0.0049678776,23.0382911367,nan,nan,nan,nan,nan,nan,nan
1035,45.5263157895,0.9109402272,nan,0.0000005464,62.6245017687,nan,nan,nan,nan,nan,nan,nan
1036,45.5263157895,0.2758627324,nan,0.0029007606,25.3748810823,nan,nan,nan,nan,nan,nan,nan
1037,45.5263157895,0.3111395722,nan,0.0022984008,26.3857423683,nan,nan,nan,nan,nan,nan,nan
1038,45.5263157895,0.1013515357,nan,0.0060496660,22.1826860468,nan,nan,nan,nan,nan,nan,nan
1039,45.5263157895,0.8779348485,nan,0.0000010742,59.6892664826,nan,nan,nan,nan,nan,nan,nan
1040,45.5263157895,0.2741308230,nan,0.0029319517,25.3284319444,nan,nan,nan,nan,nan,nan,nan
1041,45.5263157895,0.5232891052,nan,0.0003105494,35.0786929880,nan,nan,nan,nan,nan,nan,nan
1042,45.5263157895,0.1945787503,nan,0.0044516360,23.5148035129,nan,nan,nan,nan,nan,nan,nan
1043,45.5263157895,0.2579863593,nan,0.0032286856,24.9097424788,nan,nan,nan,nan,nan,nan,nan
1044,45.5263157895,0.5599968049,nan,0.0001977239,37.0394074838,nan,nan,nan,nan,nan,nan,nan
1045,45.5263157895,0.6932643191,nan,0.0000295487,45.2946176275,nan,nan,nan,nan,nan,nan,nan
1046,45.5263157895,1.2444917168,nan,0.0000000001,98.4777700909,nan,nan,nan,nan,nan,nan,nan
1047,45.5263157895,0.2463460973,nan,0.0034483563,24.6238786730,nan,nan,nan,nan,nan,nan,nan
1048,45.5263157895,0.6168509922,nan,0.0000924059,40.3430045447,nan,nan,nan,nan,nan,nan,nan
1049,45.5263157895,0.6668006311,nan,0.0000445317,43.5133039949,nan,nan,nan,nan,nan,nan,nan
1050,45.5263157895,0.5046412418,nan,0.0003859808,34.1343427902,nan,nan,nan,nan,nan,nan,nan
1051,45.5263157895,0.3802150564,nan,0.0013417530,28.7232742607,nan,nan,nan,nan,nan,nan,nan
1052,45.5263157895,0.7567626228,nan,0.0000103364,49.8563064850,nan,nan,nan,nan,nan,nan,nan
1053,45.5263157895,0.7232636991,nan,0.0000182005,47.3991568157,nan,nan,nan,nan,nan,nan,nan
1054,45.5263157895,1.5052072043,nan,0.0000000000,134.3696454681,nan,nan,nan,nan,nan,nan,nan
1055,45.5263157895,0.4922494905,nan,0.0004440108,33.5260643648,nan,nan,nan,nan,nan,nan,nan
1056,45.5263157895,0.4186969069,nan,0.0009480608,30.2316380747,nan,nan,nan,nan,nan,nan,nan
1057,45.5263157895,0.1534338985,nan,0.0052218623,22.8217458649,nan,nan,nan,nan,nan,nan,nan
1058,45.5263157895,0.5943652928,nan,0.0001259605,38.9976566109,nan,nan,nan,nan,nan,nan,nan
1059,45.5263157895,1.1263509484,nan,0.0000000036,84.4888176518,nan,nan,nan,nan,nan,nan,nan
1060,45.5263157895,0.3535649814,nan,0.0016729477,27.7651762934,nan,nan,nan,nan,nan,nan,nan
1061,45.5263157895,0.1624367055,nan,0.0050592214,22.9591631426,nan,nan,nan,nan,nan,nan,nan
1062,45.5263157895,0.4564757541,nan,0.0006521961,31.8562181593,nan,nan,nan,nan,nan,nan,nan
1063,45.5263157895,1.1904074102,nan,0.0000000006,91.8978291052,nan,nan,nan,nan,nan,nan,nan
1064,45.5263157895,0.5072170656,nan,0.0003747388,34.2627128600,nan,nan,nan,nan,nan,nan,nan
1065,45.5263157895,0.7439576672,nan,0.0000128715,48.9037136470,nan,nan,nan,nan,nan,nan,nan
1066,45.5263157895,0.8859835467,nan,0.0000009131,60.3949046739,nan,nan,nan,nan,nan,nan,nan
1067,45.5263157895,0.5126336447,nan,0.0003519797,34.5348235153,nan,nan,nan,nan,nan,nan,nan
1068,45.5263157895,1.0896506282,nan,0.0000000091,80.4314919178,nan,nan,nan,nan,nan,nan,nan
1069,45.5263157895,0.4884357561,nan,0.0004632388,33.3419508797,nan,nan,nan,nan,nan,nan,nan
1070,45.5263157895,1.0298216819,nan,0.0000000388,74.1099483382,nan,nan,nan,nan,nan,nan,nan
1071,45.5263157895,0.3320419747,nan,0.0019756026,27.0430041887,nan,nan,nan,nan,nan,nan,nan
1072,45.5263157895,0.6393274161,nan,0.0000670108,41.7385503278,nan,nan,nan,nan,nan,nan,nan
1073,45.5263157895,0.4945751710,nan,0.0004326080,33.6390543361,nan,nan,nan,nan,nan,nan,nan
1074,45.5263157895,0.3057210379,nan,0.0023864674,26.2224449444,nan,nan,nan,nan,nan,nan,nan
1075,45.5263157895,0.1269983992,nan,0.0056699621,22.4641984284,nan,nan,nan,nan,nan,nan,nan
1076,45.5263157895,0.7423433237,nan,0.0000132288,48.7847912989,nan,nan,nan,nan,nan,nan,nan
1077,45.5263157895,0.5085652002,nan,0.0003689637,34.3301639993,nan,nan,nan,nan,nan,nan,nan
1078,45.5263157895,0.6028021695,nan,0.0001122924,39.4964949730,nan,nan,nan,nan,nan,nan,nan
1079,45.5263157895,0.6719590532,nan,0.0000411624,43.8549978887,nan,nan,nan,nan,nan,nan,nan
1080,45.5263157895,0.3329836930,nan,0.0019617162,27.0736382218,nan,nan,nan,nan,nan,nan,nan
1081,45.5263157895,0.8788009201,nan,0.0000010556,59.7648816943,nan,nan,nan,nan,nan,nan,nan
1082,45.5263157895,0.6130456144,nan,0.0000974596,40.1117547974,nan,nan,nan,nan,nan,nan,nan
1083,45.5263157895,0.1162199995,nan,0.0058370583,22.3380596661,nan,nan,nan,nan,nan,nan,nan
1084,45.5263157895,0.8106535819,nan,0.0000039386,54.0465582889,nan,nan,nan,nan,nan,nan,nan
1085,45.5263157895,0.5242093174,nan,0.0003071712,35.1261953612,nan,nan,nan,nan,nan,nan,nan
1086,45.5263157895,0.9121121617,nan,0.0000005332,62.7307482997,nan,nan,nan,nan,nan,nan,nan
1087,45.5263157895,0.4808379373,nan,0.0005035594,32.9794928420,nan,nan,nan,nan,nan,nan,nan
1088,45.5263157895,0.7356736326,nan,0.0000148039,48.2962444608,nan,nan,nan,nan,nan,nan,nan
1089,45.5263157895,0.1491266327,nan,0.0052980795,22.7588153306,nan,nan,nan,nan,nan,nan,nan
1090,45.5263157895,0.5351929742,nan,0.0002691700,35.6997334244,nan,nan,nan,nan,nan,nan,nan
1091,45.5263157895,0.2716980488,nan,0.0029759882,25.2636879979,nan,nan,nan,nan,nan,nan,nan
1092,45.5263157895,0.3928072888,nan,0.0012021000,29.2005939985,nan,nan,nan,nan,nan,nan,nan
1093,45.5263157895,1.0488410879,nan,0.0000000247,76.0802193842,nan,nan,nan,nan,nan,nan,nan
1094,45.5263157895,0.4139904950,nan,0.0009910068,30.0392337999,nan,nan,nan,nan,nan,nan,nan
1095,45.5263157895,1.0595999597,nan,0.0000000190,77.2109892128,nan,nan,nan,nan,nan,nan,nan
1096,45.5263157895,0.5665618384,nan,0.0001817894,37.4043142309,nan,nan,nan,nan,nan,nan,nan
1097,45.5263157895,0.6668876324,nan,0.0000444729,43.5190447763,nan,nan,nan,nan,nan,nan,nan
1098,45.5263157895,0.8521261791,nan,0.0000017903,57.4707254120,nan,nan,nan,nan,nan,nan,nan
1099,45.5263157895,0.1509282456,nan,0.0052663341,22.7849159219,nan,nan,nan,nan,nan,nan,nan
1100,45.5263157895,0.2404855570,nan,0.0035603860,24.4850291203,nan,nan,nan,nan,nan,nan,nan
1101,45.5263157895,0.2486458192,nan,0.0034046364,24.6792926648,nan,nan,nan,nan,nan,nan,nan
1102,45.5263157895,0.7352929323,nan,0.0000148988,48.2684938155,nan,nan,nan,nan,nan,nan,nan
1103,45.5263157895,0.3711572603,nan,0.0014488714,28.3897017132,nan,nan,nan,nan,nan,nan,nan
1104,45.5263157895,0.7607805269,nan,0.0000096414,50.1586142165,nan,nan,nan,nan,nan,nan,nan
1105,45.5263157895,0.2322274422,nan,0.0037195113,24.2951411340,nan,nan,nan,nan,nan,nan,nan
1106,45.5263157895,0.9725949493,nan,0.0000001445,68.4026095107,nan,nan,nan,nan,nan,nan,nan
1107,45.5263157895,0.8253663431,nan,0.0000029913,55.2414424278,nan,nan,nan,nan,nan,nan,nan
1108,45.5263157895,0.6088412353,nan,0.0001033249,39.8579491288,nan,nan,nan,nan,nan,nan,nan
1109,45.5263157895,0.4399475540,nan,0.0007712718,31.1279252688,nan,nan,nan,nan,nan,nan,nan
1110,45.5263157895,0.8367582771,nan,0.0000024090,56.1816344050,nan,nan,nan,nan,nan,nan,nan
1111,45.5263157895,0.3134757064,nan,0.0022609733,26.4570456576,nan,nan,nan,nan,nan,nan,nan
1112,45.5263157895,0.1896931306,nan,0.0045459115,23.4237902094,nan,nan,nan,nan,nan,nan,nan
1113,45.5263157895,0.1205914162,nan,0.0057705228,22.3878483907,nan,nan,nan,nan,nan,nan,nan
1114,45.5263157895,0.6018623118,nan,0.0001137478,39.4405712902,nan,nan,nan,nan,nan,nan,nan
1115,45.5263157895,0.8172081233,nan,0.0000034864,54.5761817705,nan,nan,nan,nan,nan,nan,nan
1116,45.5263157895,0.9487778110,nan,0.0000002441,66.1249593177,nan,nan,nan,nan,nan,nan,nan
1117,45.5263157895,0.3070492940,nan,0.0023647190,26.2622046024,nan,nan,nan,nan,nan,nan,nan
1118,45.5263157895,0.3032317189,nan,0.0024275031,26.1484021449,nan,nan,nan,nan,nan,nan,nan
1119,45.5263157895,0.5291614662,nan,0.0002895151,35.3832874160,nan,nan,nan,nan,nan,nan,nan
1120,45.5263157895,0.8714649469,nan,0.0000012227,59.1267879673,nan,nan,nan,nan,nan,nan,nan
1121,45.5263157895,0.7063917579,nan,0.0000239641,46.2043953670,nan,nan,nan,nan,nan,nan,nan
1122,45.5263157895,0.4469712892,nan,0.0007187731,31.4340816272,nan,nan,nan,nan,nan,nan,nan
1123,45.5263157895,0.5499214111,nan,0.0002245024,36.4877894613,nan,nan,nan,nan,nan,nan,nan
1124,45.5263157895,0.5428670756,nan,0.0002450401,36.1076289039,nan,nan,nan,nan,nan,nan,nan
1125,45.5263157895,0.4218463076,nan,0.0009201054,30.3616243372,nan,nan,nan,nan,nan,nan,nan
1126,45.5263157895,1.1300490374,nan,0.0000000032,84.9052279711,nan,nan,nan,nan,nan,nan,nan
1127,45.5263157895,0.2811801029,nan,0.0028058543,25.5193488685,nan,nan,nan,nan,nan,nan,nan
1128,45.5263157895,0.9882181748,nan,0.0000001017,69.9278454622,nan,nan,nan,nan,nan,nan,nan
1129,45.5263157895,0.5771408713,nan,0.0001584372,38.0014288093,nan,nan,nan,nan,nan,nan,nan
1130,45.5263157895,0.6457645026,nan,0.0000609877,42.1475759128,nan,nan,nan,nan,nan,nan,nan
1131,45.5263157895,0.1563747362,nan,0.0051692094,22.8657587831,nan,nan,nan,nan,nan,nan,nan
1132,45.5263157895,0.1084843224,nan,0.0059504123,22.2545293855,nan,nan,nan,nan,nan,nan,nan
1133,45.5263157895,1.1273616251,nan,0.0000000035,84.6024835888,nan,nan,nan,nan,nan,nan,nan
1134,45.5263157895,0.5289210711,nan,0.0002903521,35.3707505033,nan,nan,nan,nan,nan,nan,nan
1135,45.5263157895,0.7602198692,nan,0.0000097357,50.1163325646,nan,nan,nan,nan,nan,nan,nan
1136,45.5263157895,0.9812858265,nan,0.0000001189,69.2480179380,nan,nan,nan,nan,nan,nan,nan
1137,45.5263157895,0.3922613589,nan,0.0012079328,29.1795722527,nan,nan,nan,nan,nan,nan,nan
1138,45.5263157895,0.4246804786,nan,0.0008954789,30.4794464130,nan,nan,nan,nan,nan,nan,nan
1139,45.5263157895,0.2097676396,nan,0.0041564396,23.8127852402,nan,nan,nan,nan,nan,nan,nan
1140,45.5263157895,0.3756171770,nan,0.0013954279,28.5529260821,nan,nan,nan,nan,nan,nan,nan
1141,45.5263157895,0.5030472589,nan,0.0003930758,34.0552369600,nan,nan,nan,nan,nan,nan,nan
1142,45.5263157895,0.5148463380,nan,0.0003430183,34.6468269653,nan,nan,nan,nan,nan,nan,nan
1143,45.5263157895,0.2870230382,nan,0.0027031312,25.6813288038,nan,nan,nan,nan,nan,nan,nan
1144,45.5263157895,0.8109210793,nan,0.0000039191,54.0680879136,nan,nan,nan,nan,nan,nan,nan
1145,45.5263157895,0.6246107634,nan,0.0000828120,40.8190667609,nan,nan,nan,nan,nan,nan,nan
1146,45.5263157895,0.1464255320,nan,0.0053452986,22.7202803028,nan,nan,nan,nan,nan,nan,nan
1147,45.5263157895,0.3788066485,nan,0.0013580414,28.6708699452,nan,nan,nan,nan,nan,nan,nan
1148,45.5263157895,0.9068201179,nan,0.0000005954,62.2520783341,nan,nan,nan,nan,nan,nan,nan
1149,45.5263157895,0.4793743219,nan,0.0005116425,32.9103336757,nan,nan,nan,nan,nan,nan,nan
1150,45.5263157895,1.2030374172,nan,0.0000000005,93.4078194178,nan,nan,nan,nan,nan,nan,nan
1151,45.5263157895,0.6372674438,nan,0.0000690473,41.6085350984,nan,nan,nan,nan,nan,nan,nan
1152,45.5263157895,0.5866121789,nan,0.0001397801,38.5455464858,nan,nan,nan,nan,nan,nan,nan
1153,45.5263157895,0.0809507670,nan,0.0063029358,22.0045711631,nan,nan,nan,nan,nan,nan,nan
1154,45.5263157895,0.3080445383,nan,0.0023484911,26.2921107916,nan,nan,nan,nan,nan,nan,nan
1155,45.5263157895,0.5189940082,nan,0.0003267310,34.8580972234,nan,nan,nan,nan,nan,nan,nan
1156,45.5263157895,0.7130788875,nan,0.0000215055,46.6745058747,nan,nan,nan,nan,nan,nan,nan
1157,45.5263157895,0.2765197261,nan,0.0028889637,25.3925791893,nan,nan,nan,nan,nan,nan,nan
1158,45.5263157895,0.5794519590,nan,0.0001536962,38.1333683736,nan,nan,nan,nan,nan,nan,nan
1159,45.5263157895,0.7921118537,nan,0.0000055312,52.5718120197,nan,nan,nan,nan,nan,nan,nan
1160,45.5263157895,0.4073254468,nan,0.0010542560,29.7705393864,nan,nan,nan,nan,nan,nan,nan
1161,45.5263157895,0.5193433363,nan,0.0003253891,34.8759696491,nan,nan,nan,nan,nan,nan,nan
1162,45.5263157895,0.5813516014,nan,0.0001498918,38.2422199019,nan,nan,nan,nan,nan,nan,nan
1163,45.5263157895,0.0300583091,nan,0.0067049536,21.7360422132,nan,nan,nan,nan,nan,nan,nan
1164,45.5263157895,0.4119843266,nan,0.0010097431,29.9578909452,nan,nan,nan,nan,nan,nan,nan
1165,45.5263157895,0.4590921193,nan,0.0006347449,31.9740075227,nan,nan,nan,nan,nan,nan,nan
1166,45.5263157895,0.3009987370,nan,0.0024646160,26.0825073403,nan,nan,nan,nan,nan,nan,nan
1167,45.5263157895,0.4864392084,nan,0.0004735714,33.2461450660,nan,nan,nan,nan,nan,nan,nan
1168,45.5263157895,0.8383585690,nan,0.0000023363,56.3147580127,nan,nan,nan,nan,nan,nan,nan
1169,45.5263157895,0.7439589161,nan,0.0000128712,48.9038057501,nan,nan,nan,nan,nan,nan,nan
1170,45.5263157895,0.1625786493,nan,0.0050566239,22.9613935090,nan,nan,nan,nan,nan,nan,nan
1171,45.5263157895,0.1168491667,nan,0.0058275894,22.3451105488,nan,nan,nan,nan,nan,nan,nan
1172,45.5263157895,0.7680625850,nan,0.0000084905,50.7106642506,nan,nan,nan,nan,nan,nan,nan
1173,45.5263157895,0.3843401772,nan,0.0012948218,28.8778999274,nan,nan,nan,nan,nan,nan,nan
1174,45.5263157895,0.6690672679,nan,0.0000430218,43.6631164028,nan,nan,nan,nan,nan,nan,nan
1175,45.5263157895,1.0701583506,nan,0.0000000147,78.3320923633,nan,nan,nan,nan,nan,nan,nan
1176,45.5263157895,0.6121437838,nan,0.0000986924,40.0571644516,nan,nan,nan,nan,nan,nan,nan
1177,45.5263157895,0.7553132402,nan,0.0000105983,49.7476540196,nan,nan,nan,nan,nan,nan,nan
1178,45.5263157895,0.7161702525,nan,0.0000204487,46.8933529824,nan,nan,nan,nan,nan,nan,nan
1179,45.5263157895,0.7869542231,nan,0.0000060705,52.1677559507,nan,nan,nan,nan,nan,nan,nan
1180,45.5263157895,0.4794216739,nan,0.0005113794,32.9125678092,nan,nan,nan,nan,nan,nan,nan
1181,45.5263157895,0.2077570634,nan,0.0041956242,23.7720341681,nan,nan,nan,nan,nan,nan,nan
1182,45.5263157895,0.1972499944,nan,0.0043999117,23.5655603739,nan,nan,nan,nan,nan,nan,nan
1183,45.5263157895,0.1678842205,nan,0.0049588611,23.0461805210,nan,nan,nan,nan,nan,nan,nan
1184,45.5263157895,0.0221986663,nan,0.0067347742,21.7167696281,nan,nan,nan,nan,nan,nan,nan
1185,45.5263157895,0.6532732503,nan,0.0000545763,42.6299599721,nan,nan,nan,nan,nan,nan,nan
1186,45.5263157895,1.1891600129,nan,0.0000000007,91.7495743646,nan,nan,nan,nan,nan,nan,nan
1187,45.5263157895,0.5047091127,nan,0.0003856811,34.1377167190,nan,nan,nan,nan,nan,nan,nan
1188,45.5263157895,0.2006005207,nan,0.0043348902,23.6302189720,nan,nan,nan,nan,nan,nan,nan
1189,45.5263157895,0.6476551033,nan,0.0000593130,42.2684997906,nan,nan,nan,nan,nan,nan,nan
1190,45.5263157895,0.3671241405,nan,0.0014983721,28.2438033048,nan,nan,nan,nan,nan,nan,nan
1191,45.5263157895,0.6965837403,nan,0.0000280348,45.5230268173,nan,nan,nan,nan,nan,nan,nan
1192,45.5263157895,0.2471427485,nan,0.0034331948,24.6430155000,nan,nan,nan,nan,nan,nan,nan
1193,45.5263157895,0.1328402725,nan,0.0055753020,22.5373160133,nan,nan,nan,nan,nan,nan,nan
1194,45.5263157895,0.4302452444,nan,0.0008485711,30.7131177267,nan,nan,nan,nan,nan,nan,nan
1195,45.5263157895,0.4811022450,nan,0.0005021107,32.9920048291,nan,nan,nan,nan,nan,nan,nan
1196,45.5263157895,0.5194339198,nan,0.0003250419,34.8806061065,nan,nan,nan,nan,nan,nan,nan
1197,45.5263157895,0.0858745839,nan,0.0062461844,22.0438520103,nan,nan,nan,nan,nan,nan,nan
1198,45.5263157895,0.2511530081,nan,0.0033571426,24.7403020981,nan,nan,nan,nan,nan,nan,nan
1199,45.5263157895,0.4693163379,nan,0.0005700506,32.4408662703,nan,nan,nan,nan,nan,nan,nan
1200,45.5263157895,0.2889849304,nan,0.0026690232,25.7364764523,nan,nan,nan,nan,nan,nan,nan
1201,45.5263157895,0.1211974465,nan,0.0057611631,22.3948983122,nan,nan,nan,nan,nan,nan,nan
1202,45.5263157895,0.6892028988,nan,0.0000315017,45.0166598557,nan,nan,nan,nan,nan,nan,nan
1203,45.5263157895,0.8733197414,nan,0.0000011783,59.2876072229,nan,nan,nan,nan,nan,nan,nan
1204,45.5263157895,0.3615058877,nan,0.0015691835,28.0432626832,nan,nan,nan,nan,nan,nan,nan
1205,45.5263157895,0.2352531613,nan,0.0036610595,24.3639321633,nan,nan,nan,nan,nan,nan,nan
1206,45.5263157895,0.7264528918,nan,0.0000172655,47.6282158896,nan,nan,nan,nan,nan,nan,nan
1207,45.5263157895,0.6091817221,nan,0.0001028386,39.8784372261,nan,nan,nan,nan,nan,nan,nan
1208,45.5263157895,0.2773018858,nan,0.0028749449,25.4137048093,nan,nan,nan,nan,nan,nan,nan
1209,45.5263157895,0.4819832714,nan,0.0004973061,33.0337619510,nan,nan,nan,nan,nan,nan,nan
1210,45.5263157895,0.3304959659,nan,0.0019985251,26.9929038322,nan,nan,nan,nan,nan,nan,nan
1211,45.5263157895,0.5406232393,nan,0.0002518980,35.9877534473,nan,nan,nan,nan,nan,nan,nan
1212,45.5263157895,0.4305547731,nan,0.0008460176,30.7262059907,nan,nan,nan,nan,nan,nan,nan
1213,45.5263157895,1.0902293331,nan,0.0000000089,80.4944095796,nan,nan,nan,nan,nan,nan,nan
1214,45.5263157895,0.5914948054,nan,0.0001309313,38.8295654643,nan,nan,nan,nan,nan,nan,nan
1215,45.5263157895,0.7065094193,nan,0.0000239187,46.2126281480,nan,nan,nan,nan,nan,nan,nan
1216,45.5263157895,0.1486193245,nan,0.0053069827,22.7515232590,nan,nan,nan,nan,nan,nan,nan
1217,45.5263157895,0.6438241940,nan,0.0000627502,42.0238462668,nan,nan,nan,nan,nan,nan,nan
1218,45.5263157895,0.5707430813,nan,0.0001722275,37.6389752306,nan,nan,nan,nan,nan,nan,nan
1219,45.5263157895,0.8906772846,nan,0.0000008300,60.8094313142,nan,nan,nan,nan,nan,nan,nan
1220,45.5263157895,0.9421681045,nan,0.0000002816,65.5030408211,nan,nan,nan,nan,nan,nan,nan
1221,45.5263157895,0.2176092435,nan,0.0040035621,23.9755342647,nan,nan,nan,nan,nan,nan,nan
1222,45.5263157895,0.8683408005,nan,0.0000013012,58.8566956496,nan,nan,nan,nan,nan,nan,nan
1223,45.5263157895,0.6374260723,nan,0.0000688885,41.6185317898,nan,nan,nan,nan,nan,nan,nan
1224,45.5263157895,0.4700309332,nan,0.0005657327,32.4738869273,nan,nan,nan,nan,nan,nan,nan
1225,45.5263157895,0.6942088215,nan,0.0000291105,45.3594959135,nan,nan,nan,nan,nan,nan,nan
1226,45.5263157895,0.5058097718,nan,0.0003808469,34.1924959301,nan,nan,nan,nan,nan,nan,nan
1227,45.5263157895,0.1819982511,nan,0.0046933051,23.2852120908,nan,nan,nan,nan,nan,nan,nan
1228,45.5263157895,0.5906975815,nan,0.0001323418,38.7830280557,nan,nan,nan,nan,nan,nan,nan
1229,45.5263157895,0.8771781790,nan,0.0000010906,59.6232650011,nan,nan,nan,nan,nan,nan,nan
1230,45.5263157895,0.7663508898,nan,0.0000087490,50.5804207541,nan,nan,nan,nan,nan,nan,nan
1231,45.5263157895,0.2476679112,nan,0.0034232096,24.6556650843,nan,nan,nan,nan,nan,nan,nan
1232,45.5263157895,0.6454211547,nan,0.0000612964,42.1256537381,nan,nan,nan,nan,nan,nan,nan
1233,45.5263157895,0.4580496627,nan,0.0006416536,31.9269938866,nan,nan,nan,nan,nan,nan,nan
1234,45.5263157895,0.6947926028,nan,0.0000288427,45.3996410039,nan,nan,nan,nan,nan,nan,nan
1235,45.5263157895,0.5250353842,nan,0.0003041648,35.1689100936,nan,nan,nan,nan,nan,nan,nan
1236,45.5263157895,0.0780241185,nan,0.0063352835,21.9823394593,nan,nan,nan,nan,nan,nan,nan
1237,45.5263157895,0.6741244863,nan,0.0000398177,43.9992337552,nan,nan,nan,nan,nan,nan,nan
1238,45.5263157895,0.9470930874,nan,0.0000002532,65.9660211911,nan,nan,nan,nan,nan,nan,nan
1239,45.5263157895,0.2591845556,nan,0.0032063214,24.9399294529,nan,nan,nan,nan,nan,nan,nan
1240,45.5263157895,0.5184210173,nan,0.0003289419,34.8288081648,nan,nan,nan,nan,nan,nan,nan
1241,45.5263157895,0.7789689081,nan,0.0000070025,51.5474667780,nan,nan,nan,nan,nan,nan,nan
1242,45.5263157895,0.7366638489,nan,0.0000145596,48.3684933398,nan,nan,nan,nan,nan,nan,nan
1243,45.5263157895,0.6901630228,nan,0.0000310297,45.0822195421,nan,nan,nan,nan,nan,nan,nan
1244,45.5263157895,0.0991868735,nan,0.0060787397,22.1618645524,nan,nan,nan,nan,nan,nan,nan
1245,45.5263157895,0.0745708386,nan,0.0063720960,21.9571769045,nan,nan,nan,nan,nan,nan,nan
1246,45.5263157895,0.2810885025,nan,0.0028074780,25.5168364444,nan,nan,nan,nan,nan,nan,nan
1247,45.5263157895,0.6883059022,nan,0.0000319485,44.9554944725,nan,nan,nan,nan,nan,nan,nan
1248,45.5263157895,0.6761646016,nan,0.0000385873,44.1355539264,nan,nan,nan,nan,nan,nan,nan
1249,45.5263157895,0.2800236605,nan,0.0028263823,25.4876909123,nan,nan,nan,nan,nan,nan,nan
1250,45.5263157895,0.1724780718,nan,0.0048732317,23.1218294152,nan,nan,nan,nan,nan,nan,nan
1251,45.5263157895,0.0523485012,nan,0.0065722005,21.8228919855,nan,nan,nan,nan,nan,nan,nan
1252,45.5263157895,0.7362854625,nan,0.0000146525,48.3408735737,nan,nan,nan,nan,nan,nan,nan
1253,45.5263157895,0.1807046814,nan,0.0047179263,23.2624885100,nan,nan,nan,nan,nan,nan,nan
1254,45.5263157895,0.7762042566,nan,0.0000073549,51.3342104801,nan,nan,nan,nan,nan,nan,nan
1255,45.5263157895,0.8661503292,nan,0.0000013590,58.6679104238,nan,nan,nan,nan,nan,nan,nan
1256,45.5263157895,0.2196521075,nan,0.0039637570,24.0189298105,nan,nan,nan,nan,nan,nan,nan
1257,45.5263157895,0.5245723682,nan,0.0003058469,35.1449597813,nan,nan,nan,nan,nan,nan,nan
1258,45.5263157895,0.4205642593,nan,0.0009314101,30.3085904524,nan,nan,nan,nan,nan,nan,nan
1259,45.5263157895,0.2613456330,nan,0.0031661141,24.9947344076,nan,nan,nan,nan,nan,nan,nan
1260,45.5263157895,0.5950004939,nan,0.0001248831,39.0349647321,nan,nan,nan,nan,nan,nan,nan
1261,45.5263157895,0.2455044901,nan,0.0034643917,24.6037301410,nan,nan,nan,nan,nan,nan,nan
1262,45.5263157895,0.2641128946,nan,0.0031148794,25.0655875654,nan,nan,nan,nan,nan,nan,nan
1263,45.5263157895,0.4588462045,nan,0.0006363694,31.9629072453,nan,nan,nan,nan,nan,nan,nan
1264,45.5263157895,0.1258235591,nan,0.0056886636,22.4498974974,nan,nan,nan,nan,nan,nan,nan
1265,45.5263157895,0.6114974253,nan,0.0000995844,40.0180888042,nan,nan,nan,nan,nan,nan,nan
1266,45.5263157895,0.9454533308,nan,0.0000002623,65.8116009963,nan,nan,nan,nan,nan,nan,nan
1267,45.5263157895,0.1620172162,nan,0.0050668923,22.9525832656,nan,nan,nan,nan,nan,nan,nan
1268,45.5263157895,0.7343433763,nan,0.0000151379,48.1993408036,nan,nan,nan,nan,nan,nan,nan
1269,45.5263157895,0.1444992671,nan,0.0053786878,22.6932366545,nan,nan,nan,nan,nan,nan,nan
1270,45.5263157895,0.7587150226,nan,0.0000099931,50.0030021349,nan,nan,nan,nan,nan,nan,nan
1271,45.5263157895,0.2447193742,nan,0.0034793673,24.5849972234,nan,nan,nan,nan,nan,nan,nan
1272,45.5263157895,0.4995748190,nan,0.0004089038,33.8837880416,nan,nan,nan,nan,nan,nan,nan
1273,45.5263157895,0.3637058012,nan,0.0015411989,28.1214130331,nan,nan,nan,nan,nan,nan,nan
1274,45.5263157895,0.2075930463,nan,0.0041988200,23.7687274074,nan,nan,nan,nan,nan,nan,nan
1275,45.5263157895,0.0364394011,nan,0.0066741641,21.7560312222,nan,nan,nan,nan,nan,nan,nan
1276,45.5263157895,1.0662740340,nan,0.0000000161,77.9183371350,nan,nan,nan,nan,nan,nan,nan
1277,45.5263157895,0.3594952246,nan,0.0015950501,27.9722567923,nan,nan,nan,nan,nan,nan,nan
1278,45.5263157895,0.2521710937,nan,0.0033379101,24.7652535982,nan,nan,nan,nan,nan,nan,nan
1279,45.5263157895,0.1549419778,nan,0.0051949218,22.8442098671,nan,nan,nan,nan,nan,nan,nan
1280,45.5263157895,0.2588918607,nan,0.0032117799,24.9325422701,nan,nan,nan,nan,nan,nan,nan
1281,45.5263157895,1.1593272314,nan,0.0000000015,88.2509727831,nan,nan,nan,nan,nan,nan,nan
1282,45.5263157895,0.2947409802,nan,0.0025701121,25.9004793736,nan,nan,nan,nan,nan,nan,nan
1283,45.5263157895,0.4438101952,nan,0.0007420474,31.2956833503,nan,nan,nan,nan,nan,nan,nan
1284,45.5263157895,0.6366752228,nan,0.0000696428,41.5712359722,nan,nan,nan,nan,nan,nan,nan
1285,45.5263157895,0.6952039255,nan,0.0000286553,45.4279471662,nan,nan,nan,nan,nan,nan,nan
1286,45.5263157895,0.2907596282,nan,0.0026383408,25.7866911008,nan,nan,nan,nan,nan,nan,nan
1287,45.5263157895,0.6117818306,nan,0.0000991910,40.0352773776,nan,nan,nan,nan,nan,nan,nan
1288,45.5263157895,0.4312304020,nan,0.0008404642,30.7548078405,nan,nan,nan,nan,nan,nan,nan
1289,45.5263157895,0.6212788256,nan,0.0000868178,40.6139112633,nan,nan,nan,nan,nan,nan,nan
1290,45.5263157895,0.3726426753,nan,0.0014309205,28.4438449660,nan,nan,nan,nan,nan,nan,nan
1291,45.5263157895,0.5833343764,nan,0.0001460084,38.3562212420,nan,nan,nan,nan,nan,nan,nan
1292,45.5263157895,0.5289112959,nan,0.0002903862,35.3702408341,nan,nan,nan,nan,nan,nan,nan
1293,45.5263157895,0.5617177927,nan,0.0001934351,37.1346477570,nan,nan,nan,nan,nan,nan,nan
1294,45.5263157895,0.3021340362,nan,0.0024457114,26.1159479108,nan,nan,nan,nan,nan,nan,nan
1295,45.5263157895,0.3423077164,nan,0.0018273816,27.3817075204,nan,nan,nan,nan,nan,nan,nan
1296,45.5263157895,0.3942446624,nan,0.0011868384,29.2560840561,nan,nan,nan,nan,nan,nan,nan
1297,45.5263157895,0.6681108205,nan,0.0000436532,43.5998373978,nan,nan,nan,nan,nan,nan,nan
1298,45.5263157895,1.0504277814,nan,0.0000000237,76.2462453798,nan,nan,nan,nan,nan,nan,nan
1299,45.5263157895,0.1141061444,nan,0.0058686017,22.3146536802,nan,nan,nan,nan,nan,nan,nan
1300,45.5263157895,0.9446410221,nan,0.0000002670,65.7352044728,nan,nan,nan,nan,nan,nan,nan
1301,45.5263157895,0.4765966059,nan,0.0005272700,32.7796694751,nan,nan,nan,nan,nan,nan,nan
1302,45.5263157895,0.5216306888,nan,0.0003167162,34.9932978826,nan,nan,nan,nan,nan,nan,nan
1303,45.5263157895,0.4510500268,nan,0.0006895835,31.6141311832,nan,nan,nan,nan,nan,nan,nan
1304,45.5263157895,0.9840755102,nan,0.0000001117,69.5210061585,nan,nan,nan,nan,nan,nan,nan
1305,45.5263157895,0.7625619944,nan,0.0000093472,50.2931727348,nan,nan,nan,nan,nan,nan,nan
1306,45.5263157895,0.4878431601,nan,0.0004662863,33.3134731003,nan,nan,nan,nan,nan,nan,nan
1307,45.5263157895,0.3912140184,nan,0.0012191787,29.1393262292,nan,nan,nan,nan,nan,nan,nan
1308,45.5263157895,0.7371607391,nan,0.0000144385,48.4047850196,nan,nan,nan,nan,nan,nan,nan
1309,45.5263157895,0.2310148230,nan,0.0037429793,24.2678257425,nan,nan,nan,nan,nan,nan,nan
1310,45.5263157895,0.3289461774,nan,0.0020216597,26.9429194944,nan,nan,nan,nan,nan,nan,nan
1311,45.5263157895,0.8115466364,nan,0.0000038739,54.1184642780,nan,nan,nan,nan,nan,nan,nan
1312,45.5263157895,0.3681778211,nan,0.0014853322,28.2817639378,nan,nan,nan,nan,nan,nan,nan
1313,45.5263157895,0.7721798103,nan,0.0000078974,51.0251549858,nan,nan,nan,nan,nan,nan,nan
1314,45.5263157895,0.5130488334,nan,0.0003502836,34.5558024219,nan,nan,nan,nan,nan,nan,nan
1315,45.5263157895,0.4623920874,nan,0.0006132607,32.1235486264,nan,nan,nan,nan,nan,nan,nan
1316,45.5263157895,0.1179723662,nan,0.0058105948,22.3577940927,nan,nan,nan,nan,nan,nan,nan
1317,45.5263157895,0.7549379839,nan,0.0000106670,49.7195575643,nan,nan,nan,nan,nan,nan,nan
1318,45.5263157895,0.9248891443,nan,0.0000004076,63.8981069072,nan,nan,nan,nan,nan,nan,nan
1319,45.5263157895,0.2520637143,nan,0.0033399371,24.7626170772,nan,nan,nan,nan,nan,nan,nan
1320,45.5263157895,0.6513275628,nan,0.0000561769,42.5044192168,nan,nan,nan,nan,nan,nan,nan
1321,45.5263157895,0.6800629381,nan,0.0000363312,44.3972045238,nan,nan,nan,nan,nan,nan,nan
1322,45.5263157895,0.6669836000,nan,0.0000444081,43.5253780766,nan,nan,nan,nan,nan,nan,nan
1323,45.5263157895,0.6537272926,nan,0.0000542087,42.6593107142,nan,nan,nan,nan,nan,nan,nan
1324,45.5263157895,0.6472904707,nan,0.0000596328,42.2451497236,nan,nan,nan,nan,nan,nan,nan
1325,45.5263157895,0.5362716727,nan,0.0002656616,35.7567121409,nan,nan,nan,nan,nan,nan,nan
1326,45.5263157895,0.5369006620,nan,0.0002636337,35.7899902578,nan,nan,nan,nan,nan,nan,nan
1327,45.5263157895,0.5187250007,nan,0.0003277674,34.8443425174,nan,nan,nan,nan,nan,nan,nan
1328,45.5263157895,0.7220895109,nan,0.0000185563,47.3150804482,nan,nan,nan,nan,nan,nan,nan
1329,45.5263157895,0.3327302895,nan,0.0019654471,27.0653863500,nan,nan,nan,nan,nan,nan,nan
1330,45.5263157895,0.1912809807,nan,0.0045153228,23.4531119775,nan,nan,nan,nan,nan,nan,nan
1331,45.5263157895,0.7839906985,nan,0.0000064021,51.9368027811,nan,nan,nan,nan,nan,nan,nan
1332,45.5263157895,0.6995483591,nan,0.0000267426,45.7279595499,nan,nan,nan,nan,nan,nan,nan
1333,45.5263157895,0.4958779692,nan,0.0004263256,33.7025855295,nan,nan,nan,nan,nan,nan,nan
1334,45.5263157895,0.5576991316,nan,0.0002035768,36.9127161461,nan,nan,nan,nan,nan,nan,nan
1335,45.5263157895,0.5966988481,nan,0.0001220418,39.1349153809,nan,nan,nan,nan,nan,nan,nan
1336,45.5263157895,0.4847352866,nan,0.0004825367,33.1646965526,nan,nan,nan,nan,nan,nan,nan
1337,45.5263157895,0.2937087561,nan,0.0025877201,25.8708270592,nan,nan,nan,nan,nan,nan,nan
1338,45.5263157895,0.5597487074,nan,0.0001983489,37.0257021439,nan,nan,nan,nan,nan,nan,nan
1339,45.5263157895,0.1932651646,nan,0.0044770281,23.4901017708,nan,nan,nan,nan,nan,nan,nan
1340,45.5263157895,1.0018648198,nan,0.0000000745,71.2803306080,nan,nan,nan,nan,nan,nan,nan
1341,45.5263157895,0.7861978964,nan,0.0000061536,52.1087297906,nan,nan,nan,nan,nan,nan,nan
1342,45.5263157895,0.4840817269,nan,0.0004860117,33.1335330702,nan,nan,nan,nan,nan,nan,nan
1343,45.5263157895,0.8886690331,nan,0.0000008646,60.6318004686,nan,nan,nan,nan,nan,nan,nan
1344,45.5263157895,0.4493011487,nan,0.0007019843,31.5367260959,nan,nan,nan,nan,nan,nan,nan
1345,45.5263157895,0.5015623806,nan,0.0003997814,33.9817745738,nan,nan,nan,nan,nan,nan,nan
1346,45.5263157895,0.2257760849,nan,0.0038446001,24.1514883201,nan,nan,nan,nan,nan,nan,nan
1347,45.5263157895,0.8671697374,nan,0.0000013318,58.7557075753,nan,nan,nan,nan,nan,nan,nan
1348,45.5263157895,0.4786102416,nan,0.0005159036,32.8743142683,nan,nan,nan,nan,nan,nan,nan
1349,45.5263157895,0.1524450643,nan,0.0052394565,22.8071376260,nan,nan,nan,nan,nan,nan,nan
1350,45.5263157895,0.4280628482,nan,0.0008667408,30.6211077469,nan,nan,nan,nan,nan,nan,nan
1351,45.5263157895,0.1785963030,nan,0.0047579464,23.2258045789,nan,nan,nan,nan,nan,nan,nan
1352,45.5263157895,0.7074982412,nan,0.0000235403,46.2818711997,nan,nan,nan,nan,nan,nan,nan
1353,45.5263157895,0.4912896362,nan,0.0004487879,33.4795889658,nan,nan,nan,nan,nan,nan,nan
1354,45.5263157895,0.1141099376,nan,0.0058685454,22.3146952908,nan,nan,nan,nan,nan,nan,nan
1355,45.5263157895,0.2746138637,nan,0.0029232388,25.3413570106,nan,nan,nan,nan,nan,nan,nan
1356,45.5263157895,0.5141591187,nan,0.0003457810,34.6119883900,nan,nan,nan,nan,nan,nan,nan
1357,45.5263157895,0.3643974738,nan,0.0015324687,28.1460837830,nan,nan,nan,nan,nan,nan,nan
1358,45.5263157895,0.5893908187,nan,0.0001346826,38.7068846424,nan,nan,nan,nan,nan,nan,nan
1359,45.5263157895,0.9252148974,nan,0.0000004048,63.9280848414,nan,nan,nan,nan,nan,nan,nan
1360,45.5263157895,0.5584571592,nan,0.0002016297,36.9544544894,nan,nan,nan,nan,nan,nan,nan
1361,45.5263157895,0.2162118848,nan,0.0040307993,23.9460882142,nan,nan,nan,nan,nan,nan,nan
1362,45.5263157895,0.4682594876,nan,0.0005764845,32.3921239906,nan,nan,nan,nan,nan,nan,nan
1363,45.5263157895,0.6251805043,nan,0.0000821437,40.8542587530,nan,nan,nan,nan,nan,nan,nan
1364,45.5263157895,0.2096690975,nan,0.0041583605,23.8107786560,nan,nan,nan,nan,nan,nan,nan
1365,45.5263157895,0.8669806189,nan,0.0000013368,58.7394117019,nan,nan,nan,nan,nan,nan,nan
1366,45.5263157895,0.1128944682,nan,0.0058864925,22.3014340703,nan,nan,nan,nan,nan,nan,nan
1367,45.5263157895,0.2284776450,nan,0.0037921512,24.2111435778,nan,nan,nan,nan,nan,nan,nan
1368,45.5263157895,0.1163236943,nan,0.0058355003,22.3392190797,nan,nan,nan,nan,nan,nan,nan
1369,45.5263157895,1.1347207692,nan,0.0000000029,85.4332552067,nan,nan,nan,nan,nan,nan,nan
1370,45.5263157895,0.8649716097,nan,0.0000013911,58.5665233410,nan,nan,nan,nan,nan,nan,nan
1371,45.5263157895,1.0244653065,nan,0.0000000440,73.5616799848,nan,nan,nan,nan,nan,nan,nan
1372,45.5263157895,0.2371893361,nan,0.0036237424,24.4084268467,nan,nan,nan,nan,nan,nan,nan
1373,45.5263157895,0.4338869289,nan,0.0008188964,30.8677103353,nan,nan,nan,nan,nan,nan,nan
1374,45.5263157895,0.7006896256,nan,0.0000262598,45.8070867365,nan,nan,nan,nan,nan,nan,nan
1375,45.5263157895,1.0046155438,nan,0.0000000699,71.5552311732,nan,nan,nan,nan,nan,nan,nan
1376,45.5263157895,0.2484870097,nan,0.0034076508,24.6754491750,nan,nan,nan,nan,nan,nan,nan
1377,45.5263157895,0.5566962672,nan,0.0002061776,36.8575851956,nan,nan,nan,nan,nan,nan,nan
1378,45.5263157895,0.6900792283,nan,0.0000310707,45.0764941524,nan,nan,nan,nan,nan,nan,nan
1379,45.5263157895,0.3609947896,nan,0.0015757324,28.0251752711,nan,nan,nan,nan,nan,nan,nan
1380,45.5263157895,0.7169271129,nan,0.0000201972,46.9470800481,nan,nan,nan,nan,nan,nan,nan
1381,45.5263157895,0.3435698815,nan,0.0018096415,27.4240744483,nan,nan,nan,nan,nan,nan,nan
1382,45.5263157895,0.8217982071,nan,0.0000031992,54.9496529873,nan,nan,nan,nan,nan,nan,nan
1383,45.5263157895,0.6937061371,nan,0.0000293430,45.3249551269,nan,nan,nan,nan,nan,nan,nan
1384,45.5263157895,0.5253770219,nan,0.0003029287,35.1865956765,nan,nan,nan,nan,nan,nan,nan
1385,45.5263157895,0.6589667927,nan,0.0000501244,42.9995083977,nan,nan,nan,nan,nan,nan,nan
1386,45.5263157895,0.5001131286,nan,0.0004064164,33.9102875911,nan,nan,nan,nan,nan,nan,nan
1387,45.5263157895,0.5964953481,nan,0.0001223792,39.1229238338,nan,nan,nan,nan,nan,nan,nan
1388,45.5263157895,0.1757190485,nan,0.0048123269,23.1764488158,nan,nan,nan,nan,nan,nan,nan
1389,45.5263157895,0.0834026150,nan,0.0062750375,22.0238367485,nan,nan,nan,nan,nan,nan,nan
1390,45.5263157895,0.7411945934,nan,0.0000134886,48.7003287288,nan,nan,nan,nan,nan,nan,nan
1391,45.5263157895,0.9126820050,nan,0.0000005269,62.7824599537,nan,nan,nan,nan,nan,nan,nan
1392,45.5263157895,0.2414288186,nan,0.0035422991,24.5071477253,nan,nan,nan,nan,nan,nan,nan
1393,45.5263157895,0.8130718258,nan,0.0000037658,54.2414538732,nan,nan,nan,nan,nan,nan,nan
1394,45.5263157895,0.2409778356,nan,0.0035509441,24.4965616151,nan,nan,nan,nan,nan,nan,nan
1395,45.5263157895,0.6553413302,nan,0.0000529198,42.7638150655,nan,nan,nan,nan,nan,nan,nan
1396,45.5263157895,0.2827021392,nan,0.0027789343,25.5612171927,nan,nan,nan,nan,nan,nan,nan
1397,45.5263157895,0.5373642551,nan,0.0002621475,35.8145430929,nan,nan,nan,nan,nan,nan,nan
1398,45.5263157895,0.4205186740,nan,0.0009318140,30.3067077692,nan,nan,nan,nan,nan,nan,nan
1399,45.5263157895,0.8374339353,nan,0.0000023780,56.2378089029,nan,nan,nan,nan,nan,nan,nan
1400,45.5263157895,0.7647268609,nan,0.0000090009,50.4571208489,nan,nan,nan,nan,nan,nan,nan
1401,45.5263157895,0.2142442062,nan,0.0040691614,23.9049508819,nan,nan,nan,nan,nan,nan,nan
1402,45.5263157895,1.0670084692,nan,0.0000000159,77.9964515322,nan,nan,nan,nan,nan,nan,nan
1403,45.5263157895,1.2302674121,nan,0.0000000002,96.7184348689,nan,nan,nan,nan,nan,nan,nan
1404,45.5263157895,0.1902874580,nan,0.0045344684,23.4347361681,nan,nan,nan,nan,nan,nan,nan
1405,45.5263157895,0.1763648569,nan,0.0048001455,23.1874559560,nan,nan,nan,nan,nan,nan,nan
1406,45.5263157895,0.4419386651,nan,0.0007560987,31.2142149390,nan,nan,nan,nan,nan,nan,nan
1407,45.5263157895,0.2429434593,nan,0.0035132991,24.5428487577,nan,nan,nan,nan,nan,nan,nan
1408,45.5263157895,0.4048756599,nan,0.0010782283,29.6728926817,nan,nan,nan,nan,nan,nan,nan
1409,45.5263157895,0.7077512755,nan,0.0000234444,46.2996059506,nan,nan,nan,nan,nan,nan,nan
1410,45.5263157895,0.0964750448,nan,0.0061144521,22.1364245069,nan,nan,nan,nan,nan,nan,nan
1411,45.5263157895,0.4786906237,nan,0.0005154540,32.8781008021,nan,nan,nan,nan,nan,nan,nan
1412,45.5263157895,0.5873088463,nan,0.0001384865,38.5859247989,nan,nan,nan,nan,nan,nan,nan
1413,45.5263157895,0.6667338308,nan,0.0000445769,43.5088966979,nan,nan,nan,nan,nan,nan,nan
1414,45.5263157895,0.4549867260,nan,0.0006622947,31.7894872711,nan,nan,nan,nan,nan,nan,nan
1415,45.5263157895,1.1213896920,nan,0.0000000040,83.9323517242,nan,nan,nan,nan,nan,nan,nan
1416,45.5263157895,0.2686037617,nan,0.0030323641,25.1821865012,nan,nan,nan,nan,nan,nan,nan
1417,45.5263157895,0.3854254807,nan,0.0012826663,28.9188631390,nan,nan,nan,nan,nan,nan,nan
1418,45.5263157895,0.5137603049,nan,0.0003473928,34.5917922173,nan,nan,nan,nan,nan,nan,nan
1419,45.5263157895,0.9728807779,nan,0.0000001435,68.4302920342,nan,nan,nan,nan,nan,nan,nan
1420,45.5263157895,0.4553654412,nan,0.0006597147,31.8064384017,nan,nan,nan,nan,nan,nan,nan
1421,45.5263157895,0.6971652505,nan,0.0000277769,45.5631546545,nan,nan,nan,nan,nan,nan,nan
1422,45.5263157895,0.3522886148,nan,0.0016900268,27.7210641357,nan,nan,nan,nan,nan,nan,nan
1423,45.5263157895,0.3816631447,nan,0.0013251465,28.7773611067,nan,nan,nan,nan,nan,nan,nan
1424,45.5263157895,0.3879892208,nan,0.0012542687,29.0160940483,nan,nan,nan,nan,nan,nan,nan
1425,45.5263157895,0.5192261079,nan,0.0003258389,34.8699706158,nan,nan,nan,nan,nan,nan,nan
1426,45.5263157895,0.1023628641,nan,0.0060359128,22.1925704338,nan,nan,nan,nan,nan,nan,nan
1427,45.5263157895,0.7859403741,nan,0.0000061821,52.0886450882,nan,nan,nan,nan,nan,nan,nan
1428,45.5263157895,0.3200643171,nan,0.0021572161,26.6610634454,nan,nan,nan,nan,nan,nan,nan
1429,45.5263157895,0.2540260672,nan,0.0033029504,24.8109795247,nan,nan,nan,nan,nan,nan,nan
1430,45.5263157895,0.6720543599,nan,0.0000411023,43.8613361900,nan,nan,nan,nan,nan,nan,nan
1431,45.5263157895,0.7228589042,nan,0.0000183225,47.3701562727,nan,nan,nan,nan,nan,nan,nan
1432,45.5263157895,0.5158139645,nan,0.0003391594,34.6959609568,nan,nan,nan,nan,nan,nan,nan
1433,45.5263157895,0.6863099923,nan,0.0000329634,44.8196856914,nan,nan,nan,nan,nan,nan,nan
1434,45.5263157895,0.2516334164,nan,0.0033480634,24.7520632829,nan,nan,nan,nan,nan,nan,nan
1435,45.5263157895,0.7125415290,nan,0.0000216942,46.6365627985,nan,nan,nan,nan,nan,nan,nan
1436,45.5263157895,0.4118575001,nan,0.0010109363,29.9527620865,nan,nan,nan,nan,nan,nan,nan
1437,45.5263157895,0.3051037313,nan,0.0023966100,26.2040262841,nan,nan,nan,nan,nan,nan,nan
1438,45.5263157895,0.3431555115,nan,0.0018154538,27.4101478717,nan,nan,nan,nan,nan,nan,nan
1439,45.5263157895,0.4579247729,nan,0.0006424852,31.9213687801,nan,nan,nan,nan,nan,nan,nan
1440,45.5263157895,0.2265321161,nan,0.0038299137,24.1681101637,nan,nan,nan,nan,nan,nan,nan
1441,45.5263157895,0.8580319910,nan,0.0000015950,57.9724597583,nan,nan,nan,nan,nan,nan,nan
1442,45.5263157895,0.5091144911,nan,0.0003666318,34.3576988133,nan,nan,nan,nan,nan,nan,nan
1443,45.5263157895,0.2511780639,nan,0.0033566689,24.7409149412,nan,nan,nan,nan,nan,nan,nan
1444,45.5263157895,0.2932928122,nan,0.0025948316,25.8589082803,nan,nan,nan,nan,nan,nan,nan
1445,45.5263157895,0.2393565966,nan,0.0035820597,24.4586717463,nan,nan,nan,nan,nan,nan,nan
1446,45.5263157895,0.8398444418,nan,0.0000022706,56.4385948933,nan,nan,nan,nan,nan,nan,nan
1447,45.5263157895,0.6622326481,nan,0.0000477204,43.2129549751,nan,nan,nan,nan,nan,nan,nan
1448,45.5263157895,0.2392253682,nan,0.0035845809,24.4556161882,nan,nan,nan,nan,nan,nan,nan
1449,45.5263157895,0.5515546776,nan,0.0002199623,36.5765179774,nan,nan,nan,nan,nan,nan,nan
1450,45.5263157895,0.6273502967,nan,0.0000796419,40.9885819756,nan,nan,nan,nan,nan,nan,nan
1451,45.5263157895,0.3427175208,nan,0.0018216100,27.3954459973,nan,nan,nan,nan,nan,nan,nan
1452,45.5263157895,0.2110080296,nan,0.0041322588,23.8381248716,nan,nan,nan,nan,nan,nan,nan
1453,45.5263157895,0.3167376240,nan,0.0022092697,26.5575126006,nan,nan,nan,nan,nan,nan,nan
1454,45.5263157895,0.2844806673,nan,0.0027476207,25.6104321836,nan,nan,nan,nan,nan,nan,nan
1455,45.5263157895,0.2018899963,nan,0.0043098303,23.6553983168,nan,nan,nan,nan,nan,nan,nan
1456,45.5263157895,0.5909579904,nan,0.0001318796,38.7982222338,nan,nan,nan,nan,nan,nan,nan
1457,45.5263157895,0.9504328135,nan,0.0000002354,66.2813730814,nan,nan,nan,nan,nan,nan,nan
1458,45.5263157895,0.2758864562,nan,0.0029003343,25.3755194120,nan,nan,nan,nan,nan,nan,nan
1459,45.5263157895,0.4441186323,nan,0.0007397512,31.3091433185,nan,nan,nan,nan,nan,nan,nan
1460,45.5263157895,0.4145768647,nan,0.0009855792,30.0630848132,nan,nan,nan,nan,nan,nan,nan
1461,45.5263157895,0.3186328913,nan,0.0021795296,26.6163722992,nan,nan,nan,nan,nan,nan,nan
1462,45.5263157895,0.4413777366,nan,0.0007603498,31.1898656628,nan,nan,nan,nan,nan,nan,nan
1463,45.5263157895,0.6201965360,nan,0.0000881554,40.5475120313,nan,nan,nan,nan,nan,nan,nan
1464,45.5263157895,0.6200042288,nan,0.0000883949,40.5357261557,nan,nan,nan,nan,nan,nan,nan
1465,45.5263157895,0.5924368354,nan,0.0001292814,38.8846380529,nan,nan,nan,nan,nan,nan,nan
1466,45.5263157895,0.3756471854,nan,0.0013950729,28.5540310435,nan,nan,nan,nan,nan,nan,nan
1467,45.5263157895,0.2206751099,nan,0.0039438321,24.0408158134,nan,nan,nan,nan,nan,nan,nan
1468,45.5263157895,0.5421710555,nan,0.0002471502,36.0703905046,nan,nan,nan,nan,nan,nan,nan
1469,45.5263157895,0.0754994880,nan,0.0063623422,21.9638297928,nan,nan,nan,nan,nan,nan,nan
1470,45.5263157895,0.6460760953,nan,0.0000607088,42.1674808292,nan,nan,nan,nan,nan,nan,nan
1471,45.5263157895,0.2199732941,nan,0.0039575006,24.0257901104,nan,nan,nan,nan,nan,nan,nan
1472,45.5263157895,1.0545702389,nan,0.0000000215,76.6808998352,nan,nan,nan,nan,nan,nan,nan
1473,45.5263157895,0.6805245788,nan,0.0000360721,44.4282904074,nan,nan,nan,nan,nan,nan,nan
1474,45.5263157895,0.9906312733,nan,0.0000000963,70.1656296277,nan,nan,nan,nan,nan,nan,nan
1475,45.5263157895,0.6344973214,nan,0.0000718725,41.4343710304,nan,nan,nan,nan,nan,nan,nan
1476,45.5263157895,0.2601538800,nan,0.0031882661,24.9644543318,nan,nan,nan,nan,nan,nan,nan
1477,45.5263157895,0.6691313191,nan,0.0000429798,43.6673573449,nan,nan,nan,nan,nan,nan,nan
1478,45.5263157895,0.1317277251,nan,0.0055935386,22.5231336255,nan,nan,nan,nan,nan,nan,nan
1479,45.5263157895,1.0235689174,nan,0.0000000450,73.4702111458,nan,nan,nan,nan,nan,nan,nan
1480,45.5263157895,0.4373691083,nan,0.0007912668,31.0167704733,nan,nan,nan,nan,nan,nan,nan
1481,45.5263157895,0.6153624107,nan,0.0000943546,40.2523714562,nan,nan,nan,nan,nan,nan,nan
1482,45.5263157895,0.3008811187,nan,0.0024665787,26.0790501743,nan,nan,nan,nan,nan,nan,nan
1483,45.5263157895,0.0525868720,nan,0.0065704042,21.8240791083,nan,nan,nan,nan,nan,nan,nan
1484,45.5263157895,0.4637960177,nan,0.0006042965,32.1874991173,nan,nan,nan,nan,nan,nan,nan
1485,45.5263157895,0.4463709644,nan,0.0007231491,31.4077215508,nan,nan,nan,nan,nan,nan,nan
1486,45.5263157895,0.5513590533,nan,0.0002205019,36.5658764333,nan,nan,nan,nan,nan,nan,nan
1487,45.5263157895,0.7269358529,nan,0.0000171278,47.6629931709,nan,nan,nan,nan,nan,nan,nan
1488,45.5263157895,1.0508757128,nan,0.0000000235,76.2931615116,nan,nan,nan,nan,nan,nan,nan
1489,45.5263157895,0.4226410630,nan,0.0009131491,30.3945829880,nan,nan,nan,nan,nan,nan,nan
1490,45.5263157895,0.9764560624,nan,0.0000001325,68.7772571659,nan,nan,nan,nan,nan,nan,nan
1491,45.5263157895,0.9342895190,nan,0.0000003336,64.7675037884,nan,nan,nan,nan,nan,nan,nan
1492,45.5263157895,0.4982986814,nan,0.0004148506,33.8210830710,nan,nan,nan,nan,nan,nan,nan
1493,45.5263157895,0.1908984968,nan,0.0045226958,23.4460261907,nan,nan,nan,nan,nan,nan,nan
1494,45.5263157895,0.7735051597,nan,0.0000077148,51.1267542594,nan,nan,nan,nan,nan,nan,nan
1495,45.5263157895,0.1622389271,nan,0.0050628391,22.9560587449,nan,nan,nan,nan,nan,nan,nan
1496,45.5263157895,0.5113978295,nan,0.0003570687,34.4724816562,nan,nan,nan,nan,nan,nan,nan
1497,45.5263157895,0.3087599806,nan,0.0023368617,26.3136699540,nan,nan,nan,nan,nan,nan,nan
1498,45.5263157895,0.2911101344,nan,0.0026323004,25.7966455383,nan,nan,nan,nan,nan,nan,nan
1499,45.5263157895,0.9566700004,nan,0.0000002054,66.8733373921,nan,nan,nan,nan,nan,nan,nan
1500,45.5263157895,0.2111520490,nan,0.0041294510,23.8410768477,nan,nan,nan,nan,nan,nan,nan
1501,45.5263157895,0.8012267691,nan,0.0000046855,53.2924477727,nan,nan,nan,nan,nan,nan,nan
1502,45.5263157895,0.3256322048,nan,0.0020716495,26.8368372254,nan,nan,nan,nan,nan,nan,nan
1503,45.5263157895,0.2867529687,nan,0.0027078417,25.6737672044,nan,nan,nan,nan,nan,nan,nan
1504,45.5263157895,1.3206040642,nan,0.0000000000,108.2411269434,nan,nan,nan,nan,nan,nan,nan
1505,45.5263157895,0.2086813796,nan,0.0041776120,23.7907189987,nan,nan,nan,nan,nan,nan,nan
1506,45.5263157895,0.6892147531,nan,0.0000314958,45.0174687296,nan,nan,nan,nan,nan,nan,nan
1507,45.5263157895,0.6251260821,nan,0.0000822073,40.8508957696,nan,nan,nan,nan,nan,nan,nan
1508,45.5263157895,0.3235630020,nan,0.0021032193,26.7711543928,nan,nan,nan,nan,nan,nan,nan
1509,45.5263157895,0.3641839210,nan,0.0015351607,28.1384616465,nan,nan,nan,nan,nan,nan,nan
1510,45.5263157895,0.3954187562,nan,0.0011744748,29.3015630152,nan,nan,nan,nan,nan,nan,nan
1511,45.5263157895,0.4137254871,nan,0.0009934670,30.0284656702,nan,nan,nan,nan,nan,nan,nan
1512,45.5263157895,0.4324075750,nan,0.0008308544,30.8047507860,nan,nan,nan,nan,nan,nan,nan
1513,45.5263157895,1.1826591009,nan,0.0000000008,90.9794897092,nan,nan,nan,nan,nan,nan,nan
1514,45.5263157895,0.7487090359,nan,0.0000118707,49.2552520212,nan,nan,nan,nan,nan,nan,nan
1515,45.5263157895,0.2485641893,nan,0.0034061857,24.6773167565,nan,nan,nan,nan,nan,nan,nan
1516,45.5263157895,0.3264581669,nan,0.0020591242,26.8631746337,nan,nan,nan,nan,nan,nan,nan
1517,45.5263157895,0.4730602933,nan,0.0005477171,32.6144373939,nan,nan,nan,nan,nan,nan,nan
1518,45.5263157895,0.5148579743,nan,0.0003429717,34.6474172721,nan,nan,nan,nan,nan,nan,nan
1519,45.5263157895,0.8097267356,nan,0.0000040068,53.9720165807,nan,nan,nan,nan,nan,nan,nan
1520,45.5263157895,0.6026381277,nan,0.0001125453,39.4867277208,nan,nan,nan,nan,nan,nan,nan
1521,45.5263157895,0.6241188791,nan,0.0000833929,40.7887100853,nan,nan,nan,nan,nan,nan,nan
1522,45.5263157895,0.5448403031,nan,0.0002391407,36.2134642911,nan,nan,nan,nan,nan,nan,nan
1523,45.5263157895,0.4419868689,nan,0.0007557343,31.2163088784,nan,nan,nan,nan,nan,nan,nan
1524,45.5263157895,0.3026651137,nan,0.0024368933,26.1316348805,nan,nan,nan,nan,nan,nan,nan
1525,45.5263157895,0.6987504251,nan,0.0000270850,45.6727144304,nan,nan,nan,nan,nan,nan,nan
1526,45.5263157895,0.7203060083,nan,0.0000191089,47.1876404501,nan,nan,nan,nan,nan,nan,nan
1527,45.5263157895,0.0968219746,nan,0.0061099279,22.1396391253,nan,nan,nan,nan,nan,nan,nan
1528,45.5263157895,0.5160981737,nan,0.0003380329,34.7104103042,nan,nan,nan,nan,nan,nan,nan
1529,45.5263157895,0.2354100415,nan,0.0036580332,24.3675235817,nan,nan,nan,nan,nan,nan,nan
1530,45.5263157895,0.5945709937,nan,0.0001256107,39.0097338802,nan,nan,nan,nan,nan,nan,nan
1531,45.5263157895,0.5653004494,nan,0.0001847623,37.3338664836,nan,nan,nan,nan,nan,nan,nan
1532,45.5263157895,0.9775542950,nan,0.0000001293,68.8840953582,nan,nan,nan,nan,nan,nan,nan
1533,45.5263157895,0.9708828170,nan,0.0000001501,68.2369624077,nan,nan,nan,nan,nan,nan,nan
1534,45.5263157895,0.0413046082,nan,0.0066467684,21.7738945365,nan,nan,nan,nan,nan,nan,nan
1535,45.5263157895,0.2893306317,nan,0.0026630336,25.7462334823,nan,nan,nan,nan,nan,nan,nan
1536,45.5263157895,1.5873202492,nan,0.0000000000,147.1074632381,nan,nan,nan,nan,nan,nan,nan
1537,45.5263157895,0.2050292679,nan,0.0042487542,23.7173838925,nan,nan,nan,nan,nan,nan,nan
1538,45.5263157895,0.4993864479,nan,0.0004097772,33.8745218864,nan,nan,nan,nan,nan,nan,nan
1539,45.5263157895,0.3057941441,nan,0.0023852677,26.2246287304,nan,nan,nan,nan,nan,nan,nan
1540,45.5263157895,1.0117720907,nan,0.0000000592,72.2740281714,nan,nan,nan,nan,nan,nan,nan
1541,45.5263157895,0.3267764634,nan,0.0020543090,26.8733422398,nan,nan,nan,nan,nan,nan,nan
1542,45.5263157895,0.5269848550,nan,0.0002971676,35.2699854769,nan,nan,nan,nan,nan,nan,nan
1543,45.5263157895,0.5282687516,nan,0.0002926334,35.3367603785,nan,nan,nan,nan,nan,nan,nan
1544,45.5263157895,0.8209112353,nan,0.0000032529,54.8773189843,nan,nan,nan,nan,nan,nan,nan
1545,45.5263157895,0.4774825597,nan,0.0005222445,32.8212610626,nan,nan,nan,nan,nan,nan,nan
1546,45.5263157895,0.7205439987,nan,0.0000190343,47.2046275091,nan,nan,nan,nan,nan,nan,nan
1547,45.5263157895,0.9783355861,nan,0.0000001271,68.9601751793,nan,nan,nan,nan,nan,nan,nan
1548,45.5263157895,0.9087664508,nan,0.0000005718,62.4277967183,nan,nan,nan,nan,nan,nan,nan
1549,45.5263157895,0.5508476798,nan,0.0002219179,36.5380769244,nan,nan,nan,nan,nan,nan,nan
1550,45.5263157895,0.3538348113,nan,0.0016693513,27.7745225724,nan,nan,nan,nan,nan,nan,nan
1551,45.5263157895,1.2535817471,nan,0.0000000001,99.6128378086,nan,nan,nan,nan,nan,nan,nan
1552,45.5263157895,0.7214719938,nan,0.0000187460,47.2709195772,nan,nan,nan,nan,nan,nan,nan
1553,45.5263157895,0.0616262968,nan,0.0064965893,21.8731458779,nan,nan,nan,nan,nan,nan,nan
1554,45.5263157895,0.5142494201,nan,0.0003454170,34.6165635204,nan,nan,nan,nan,nan,nan,nan
1555,45.5263157895,0.3238992094,nan,0.0020980712,26.7817976922,nan,nan,nan,nan,nan,nan,nan
1556,45.5263157895,0.3372759988,nan,0.0018991604,27.2143836388,nan,nan,nan,nan,nan,nan,nan
1557,45.5263157895,0.9290024302,nan,0.0000003735,64.2774260446,nan,nan,nan,nan,nan,nan,nan
1558,45.5263157895,0.6165248905,nan,0.0000928297,40.3231306273,nan,nan,nan,nan,nan,nan,nan
1559,45.5263157895,0.5460712155,nan,0.0002355221,36.2796827756,nan,nan,nan,nan,nan,nan,nan
1560,45.5263157895,0.5345270801,nan,0.0002713552,35.6646179603,nan,nan,nan,nan,nan,nan,nan
1561,45.5263157895,0.4004316813,nan,0.0011227196,29.4972869209,nan,nan,nan,nan,nan,nan,nan
1562,45.5263157895,0.8018990090,nan,0.0000046281,53.3459276513,nan,nan,nan,nan,nan,nan,nan
1563,45.5263157895,0.1912257518,nan,0.0045163876,23.4520879316,nan,nan,nan,nan,nan,nan,nan
1564,45.5263157895,0.2645666535,nan,0.0031065060,25.0772780257,nan,nan,nan,nan,nan,nan,nan
1565,45.5263157895,0.4766981848,nan,0.0005266918,32.7844341683,nan,nan,nan,nan,nan,nan,nan
1566,45.5263157895,0.6310681559,nan,0.0000755120,41.2198394895,nan,nan,nan,nan,nan,nan,nan
1567,45.5263157895,0.1745628596,nan,0.0048340983,23.1568452679,nan,nan,nan,nan,nan,nan,nan
1568,45.5263157895,0.3906355539,nan,0.0012254216,29.1171445237,nan,nan,nan,nan,nan,nan,nan
1569,45.5263157895,0.7500560562,nan,0.0000116002,49.3553275352,nan,nan,nan,nan,nan,nan,nan
1570,45.5263157895,1.0533715962,nan,0.0000000221,76.5549514241,nan,nan,nan,nan,nan,nan,nan
1571,45.5263157895,0.3877795748,nan,0.0012565742,29.0081185397,nan,nan,nan,nan,nan,nan,nan
1572,45.5263157895,0.1067202463,nan,0.0059754428,22.2362990522,nan,nan,nan,nan,nan,nan,nan
1573,45.5263157895,0.6140026329,nan,0.0000961662,40.1697751462,nan,nan,nan,nan,nan,nan,nan
1574,45.5263157895,0.4379032212,nan,0.0007870927,31.0397411361,nan,nan,nan,nan,nan,nan,nan
1575,45.5263157895,0.1152216054,nan,0.0058520087,22.3269503798,nan,nan,nan,nan,nan,nan,nan
1576,45.5263157895,0.1074565581,nan,0.0059650332,22.2438713189,nan,nan,nan,nan,nan,nan,nan
1577,45.5263157895,0.3990592376,nan,0.0011367233,29.4434522994,nan,nan,nan,nan,nan,nan,nan
1578,45.5263157895,0.7046958067,nan,0.0000246270,46.0858842733,nan,nan,nan,nan,nan,nan,nan
1579,45.5263157895,0.2350643888,nan,0.0036647016,24.3596138671,nan,nan,nan,nan,nan,nan,nan
1580,45.5263157895,0.2935674928,nan,0.0025901342,25.8667772642,nan,nan,nan,nan,nan,nan,nan
1581,45.5263157895,0.5961237039,nan,0.0001229976,39.1010348706,nan,nan,nan,nan,nan,nan,nan
1582,45.5263157895,0.4242113618,nan,0.0008995206,30.4598889258,nan,nan,nan,nan,nan,nan,nan
1583,45.5263157895,0.6951408882,nan,0.0000286840,45.4236080001,nan,nan,nan,nan,nan,nan,nan
1584,45.5263157895,0.3082692424,nan,0.0023448353,26.2988765577,nan,nan,nan,nan,nan,nan,nan
1585,45.5263157895,0.3675328717,nan,0.0014933048,28.2585154125,nan,nan,nan,nan,nan,nan,nan
1586,45.5263157895,0.9382690910,nan,0.0000003063,65.1382481162,nan,nan,nan,nan,nan,nan,nan
1587,45.5263157895,1.4307316476,nan,0.0000000000,123.4109039682,nan,nan,nan,nan,nan,nan,nan
1588,45.5263157895,1.0062004011,nan,0.0000000674,71.7139657362,nan,nan,nan,nan,nan,nan,nan
1589,45.5263157895,0.6875666467,nan,0.0000323210,44.9051461718,nan,nan,nan,nan,nan,nan,nan
1590,45.5263157895,0.5240679700,nan,0.0003076881,35.1188933376,nan,nan,nan,nan,nan,nan,nan
1591,45.5263157895,0.5220913257,nan,0.0003149931,35.0169893439,nan,nan,nan,nan,nan,nan,nan
1592,45.5263157895,0.6157103911,nan,0.0000938958,40.2735384957,nan,nan,nan,nan,nan,nan,nan
1593,45.5263157895,0.4952670127,nan,0.0004292625,33.6727709727,nan,nan,nan,nan,nan,nan,nan
1594,45.5263157895,0.6943123215,nan,0.0000290629,45.3666108307,nan,nan,nan,nan,nan,nan,nan
1595,45.5263157895,0.1952936986,nan,0.0044378034,23.5283194597,nan,nan,nan,nan,nan,nan,nan
1596,45.5263157895,0.5303486396,nan,0.0002854115,35.4452849215,nan,nan,nan,nan,nan,nan,nan
1597,45.5263157895,0.3074096622,nan,0.0023588363,26.2730219806,nan,nan,nan,nan,nan,nan,nan
1598,45.5263157895,0.1290691867,nan,0.0056367213,22.4897343560,nan,nan,nan,nan,nan,nan,nan
1599,45.5263157895,0.3815587070,nan,0.0013263394,28.7734533153,nan,nan,nan,nan,nan,nan,nan
1600,45.5263157895,0.4561460311,nan,0.0006544218,31.8414224994,nan,nan,nan,nan,nan,nan,nan
1601,45.5263157895,0.6042699824,nan,0.0001100523,39.5840106126,nan,nan,nan,nan,nan,nan,nan
1602,45.5263157895,0.3362083766,nan,0.0019146064,27.1792049467,nan,nan,nan,nan,nan,nan,nan
1603,45.5263157895,0.6208964497,nan,0.0000872883,40.5904387919,nan,nan,nan,nan,nan,nan,nan
1604,45.5263157895,0.2091539132,nan,0.0041684023,23.8003037179,nan,nan,nan,nan,nan,nan,nan
1605,45.5263157895,1.0200251897,nan,0.0000000489,73.1094008326,nan,nan,nan,nan,nan,nan,nan
1606,45.5263157895,0.2915814996,nan,0.0026241874,25.8100516151,nan,nan,nan,nan,nan,nan,nan
1607,45.5263157895,0.7781752851,nan,0.0000071020,51.4861704040,nan,nan,nan,nan,nan,nan,nan
1608,45.5263157895,0.4101412522,nan,0.0010271846,29.8835149051,nan,nan,nan,nan,nan,nan,nan
1609,45.5263157895,0.5992228715,nan,0.0001179236,39.2839928118,nan,nan,nan,nan,nan,nan,nan
1610,45.5263157895,1.0644338936,nan,0.0000000169,77.7228601897,nan,nan,nan,nan,nan,nan,nan
1611,45.5263157895,0.4062660954,nan,0.0010645741,29.7282409481,nan,nan,nan,nan,nan,nan,nan
1612,45.5263157895,0.3847502735,nan,0.0012902193,28.8933646184,nan,nan,nan,nan,nan,nan,nan
1613,45.5263157895,0.5065103319,nan,0.0003777961,34.2274255913,nan,nan,nan,nan,nan,nan,nan
1614,45.5263157895,0.4001607499,nan,0.0011254742,29.4866446524,nan,nan,nan,nan,nan,nan,nan
1615,45.5263157895,0.5277641234,nan,0.0002944086,35.3104951887,nan,nan,nan,nan,nan,nan,nan
1616,45.5263157895,0.7784098145,nan,0.0000070725,51.5042779377,nan,nan,nan,nan,nan,nan,nan
1617,45.5263157895,1.0135718797,nan,0.0000000568,72.4556134340,nan,nan,nan,nan,nan,nan,nan
1618,45.5263157895,0.5245672871,nan,0.0003058654,35.1446970672,nan,nan,nan,nan,nan,nan,nan
1619,45.5263157895,0.1085447409,nan,0.0059495495,22.2551591434,nan,nan,nan,nan,nan,nan,nan
1620,45.5263157895,0.3826850951,nan,0.0013135127,28.8156572624,nan,nan,nan,nan,nan,nan,nan
1621,45.5263157895,0.1745807731,nan,0.0048337613,23.1571479937,nan,nan,nan,nan,nan,nan,nan
1622,45.5263157895,0.4345279862,nan,0.0008137555,30.8950608450,nan,nan,nan,nan,nan,nan,nan
1623,45.5263157895,0.6205669565,nan,0.0000876956,40.5702243435,nan,nan,nan,nan,nan,nan,nan
1624,45.5263157895,0.2647792870,nan,0.0031025849,25.0827632484,nan,nan,nan,nan,nan,nan,nan
1625,45.5263157895,0.5149581824,nan,0.0003425704,34.6525013884,nan,nan,nan,nan,nan,nan,nan
1626,45.5263157895,0.1937356396,nan,0.0044679372,23.4989294218,nan,nan,nan,nan,nan,nan,nan
1627,45.5263157895,0.9453724355,nan,0.0000002628,65.8039899114,nan,nan,nan,nan,nan,nan,nan
1628,45.5263157895,0.6929278074,nan,0.0000297062,45.2715241776,nan,nan,nan,nan,nan,nan,nan
1629,45.5263157895,0.3328334734,nan,0.0019639274,27.0687456755,nan,nan,nan,nan,nan,nan,nan
1630,45.5263157895,0.4369677438,nan,0.0007944146,30.9995276891,nan,nan,nan,nan,nan,nan,nan
1631,45.5263157895,0.6926205182,nan,0.0000298508,45.2504461077,nan,nan,nan,nan,nan,nan,nan
1632,45.5263157895,0.4519440621,nan,0.0006833105,31.6538191132,nan,nan,nan,nan,nan,nan,nan
1633,45.5263157895,0.3378986898,nan,0.0018901863,27.2349539628,nan,nan,nan,nan,nan,nan,nan
1634,45.5263157895,0.9496624033,nan,0.0000002394,66.2085273836,nan,nan,nan,nan,nan,nan,nan
1635,45.5263157895,0.6870875646,nan,0.0000325646,44.8725468068,nan,nan,nan,nan,nan,nan,nan
1636,45.5263157895,0.4768198965,nan,0.0005259998,32.7901445754,nan,nan,nan,nan,nan,nan,nan
1637,45.5263157895,0.5005244654,nan,0.0004045241,33.9305561556,nan,nan,nan,nan,nan,nan,nan
1638,45.5263157895,0.5129769835,nan,0.0003505766,34.5521707077,nan,nan,nan,nan,nan,nan,nan
1639,45.5263157895,0.9181728941,nan,0.0000004696,63.2824245468,nan,nan,nan,nan,nan,nan,nan
1640,45.5263157895,0.3115787094,nan,0.0022913402,26.3991043030,nan,nan,nan,nan,nan,nan,nan
1641,45.5263157895,1.0218257362,nan,0.0000000469,73.2925674243,nan,nan,nan,nan,nan,nan,nan
1642,45.5263157895,0.3646102034,nan,0.0015297903,28.1536810553,nan,nan,nan,nan,nan,nan,nan
1643,45.5263157895,0.3688477336,nan,0.0014770812,28.3059561716,nan,nan,nan,nan,nan,nan,nan
1644,45.5263157895,0.7073036887,nan,0.0000236144,46.2682397289,nan,nan,nan,nan,nan,nan,nan
1645,45.5263157895,1.0997674726,nan,0.0000000070,81.5363020470,nan,nan,nan,nan,nan,nan,nan
1646,45.5263157895,0.2054479276,nan,0.0042406030,23.7257238819,nan,nan,nan,nan,nan,nan,nan
1647,45.5263157895,0.1798711059,nan,0.0047337654,23.2479327285,nan,nan,nan,nan,nan,nan,nan
1648,45.5263157895,0.6157190748,nan,0.0000938844,40.2740668691,nan,nan,nan,nan,nan,nan,nan
1649,45.5263157895,0.3090092861,nan,0.0023328164,26.3211944769,nan,nan,nan,nan,nan,nan,nan
1650,45.5263157895,0.2173051309,nan,0.0040094893,23.9691093941,nan,nan,nan,nan,nan,nan,nan
1651,45.5263157895,0.4435025542,nan,0.0007443432,31.2822675871,nan,nan,nan,nan,nan,nan,nan
1652,45.5263157895,0.0283650156,nan,0.0067121369,21.7313919458,nan,nan,nan,nan,nan,nan,nan
1653,45.5263157895,0.8677163984,nan,0.0000013174,58.8028323255,nan,nan,nan,nan,nan,nan,nan
1654,45.5263157895,0.4027988289,nan,0.0010988589,29.5905806163,nan,nan,nan,nan,nan,nan,nan
1655,45.5263157895,0.2672103558,nan,0.0030578805,25.1457949114,nan,nan,nan,nan,nan,nan,nan
1656,45.5263157895,0.4807745416,nan,0.0005039074,32.9764928129,nan,nan,nan,nan,nan,nan,nan
1657,45.5263157895,0.3766830982,nan,0.0013828561,28.5922301512,nan,nan,nan,nan,nan,nan,nan
1658,45.5263157895,1.4118156397,nan,0.0000000000,120.7174682347,nan,nan,nan,nan,nan,nan,nan
1659,45.5263157895,0.4601094254,nan,0.0006280596,32.0199916239,nan,nan,nan,nan,nan,nan,nan
1660,45.5263157895,0.7524952147,nan,0.0000111250,49.5370076505,nan,nan,nan,nan,nan,nan,nan
1661,45.5263157895,0.7164224362,nan,0.0000203646,46.9112482786,nan,nan,nan,nan,nan,nan,nan
1662,45.5263157895,0.2390613412,nan,0.0035877326,24.4517993339,nan,nan,nan,nan,nan,nan,nan
1663,45.5263157895,0.3861091360,nan,0.0012750502,28.9447269936,nan,nan,nan,nan,nan,nan,nan
1664,45.5263157895,0.3437107846,nan,0.0018076677,27.4288139578,nan,nan,nan,nan,nan,nan,nan
1665,45.5263157895,0.5990590270,nan,0.0001181872,39.2742961880,nan,nan,nan,nan,nan,nan,nan
1666,45.5263157895,0.3197702189,nan,0.0021617901,26.6518646646,nan,nan,nan,nan,nan,nan,nan
1667,45.5263157895,0.4516903832,nan,0.0006850859,31.6425497079,nan,nan,nan,nan,nan,nan,nan
1668,45.5263157895,0.2793876901,nan,0.0028376985,25.4703375471,nan,nan,nan,nan,nan,nan,nan
1669,45.5263157895,0.5040299940,nan,0.0003886890,34.1039778503,nan,nan,nan,nan,nan,nan,nan
1670,45.5263157895,1.0472752400,nan,0.0000000256,75.9166246664,nan,nan,nan,nan,nan,nan,nan
1671,45.5263157895,1.1276232049,nan,0.0000000034,84.6319190879,nan,nan,nan,nan,nan,nan,nan
1672,45.5263157895,0.5378353788,nan,0.0002606444,35.8395168285,nan,nan,nan,nan,nan,nan,nan
1673,45.5263157895,0.5864657492,nan,0.0001400533,38.5370657226,nan,nan,nan,nan,nan,nan,nan
1674,45.5263157895,0.4868671256,nan,0.0004713413,33.2666454074,nan,nan,nan,nan,nan,nan,nan
1675,45.5263157895,0.7859289046,nan,0.0000061834,52.0877507123,nan,nan,nan,nan,nan,nan,nan
1676,45.5263157895,0.5001526611,nan,0.0004062342,33.9122348132,nan,nan,nan,nan,nan,nan,nan
1677,45.5263157895,0.7512014391,nan,0.0000113748,49.4405664354,nan,nan,nan,nan,nan,nan,nan
1678,45.5263157895,0.4293463201,nan,0.0008560199,30.6751614161,nan,nan,nan,nan,nan,nan,nan
1679,45.5263157895,0.1602957466,nan,0.0050982810,22.9257623340,nan,nan,nan,nan,nan,nan,nan
1680,45.5263157895,0.6820283058,nan,0.0000352395,44.5296967883,nan,nan,nan,nan,nan,nan,nan
1681,45.5263157895,0.6665857855,nan,0.0000446773,43.4991306773,nan,nan,nan,nan,nan,nan,nan
1682,45.5263157895,0.1870644123,nan,0.0045964301,23.3757934286,nan,nan,nan,nan,nan,nan,nan
1683,45.5263157895,1.0543797270,nan,0.0000000216,76.6608719018,nan,nan,nan,nan,nan,nan,nan
1684,45.5263157895,0.2364323455,nan,0.0036383238,24.3909865295,nan,nan,nan,nan,nan,nan,nan
1685,45.5263157895,0.0836492152,nan,0.0062721917,22.0258067667,nan,nan,nan,nan,nan,nan,nan
1686,45.5263157895,0.5347819045,nan,0.0002705172,35.6780506977,nan,nan,nan,nan,nan,nan,nan
1687,45.5263157895,0.2703351498,nan,0.0030007698,25.2276732117,nan,nan,nan,nan,nan,nan,nan
1688,45.5263157895,0.5736767280,nan,0.0001657805,37.8046651534,nan,nan,nan,nan,nan,nan,nan
1689,45.5263157895,0.5071964611,nan,0.0003748277,34.2616833673,nan,nan,nan,nan,nan,nan,nan
1690,45.5263157895,0.3770752797,nan,0.0013782501,28.6067196759,nan,nan,nan,nan,nan,nan,nan
1691,45.5263157895,1.0686756395,nan,0.0000000152,78.1739743594,nan,nan,nan,nan,nan,nan,nan
1692,45.5263157895,0.5021653286,nan,0.0003970473,34.0115780108,nan,nan,nan,nan,nan,nan,nan
1693,45.5263157895,0.8144189996,nan,0.0000036726,54.3502837054,nan,nan,nan,nan,nan,nan,nan
1694,45.5263157895,0.4382906320,nan,0.0007840756,31.0564203910,nan,nan,nan,nan,nan,nan,nan
1695,45.5263157895,1.1647772081,nan,0.0000000013,88.8833678186,nan,nan,nan,nan,nan,nan,nan
1696,45.5263157895,1.2873733311,nan,0.0000000000,103.9060063936,nan,nan,nan,nan,nan,nan,nan
1697,45.5263157895,0.7381952624,nan,0.0000141892,48.4804239481,nan,nan,nan,nan,nan,nan,nan
1698,45.5263157895,0.3471162542,nan,0.0017603688,27.5439633458,nan,nan,nan,nan,nan,nan,nan
1699,45.5263157895,0.3485506406,nan,0.0017406804,27.5928097266,nan,nan,nan,nan,nan,nan,nan
1700,45.5263157895,1.1711906396,nan,0.0000000011,89.6314196271,nan,nan,nan,nan,nan,nan,nan
1701,45.5263157895,0.4269421292,nan,0.0008761848,30.5740429587,nan,nan,nan,nan,nan,nan,nan
1702,45.5263157895,0.7129569198,nan,0.0000215482,46.6658911397,nan,nan,nan,nan,nan,nan,nan
1703,45.5263157895,0.6313715913,nan,0.0000751835,41.2387750175,nan,nan,nan,nan,nan,nan,nan
1704,45.5263157895,0.6926637085,nan,0.0000298304,45.2534081144,nan,nan,nan,nan,nan,nan,nan
1705,45.5263157895,0.3574006446,nan,0.0016222899,27.8987154454,nan,nan,nan,nan,nan,nan,nan
1706,45.5263157895,0.9332209958,nan,0.0000003413,64.6682309286,nan,nan,nan,nan,nan,nan,nan
1707,45.5263157895,0.0936866162,nan,0.0061503339,22.1110130729,nan,nan,nan,nan,nan,nan,nan
1708,45.5263157895,0.4754988170,nan,0.0005335508,32.7282420788,nan,nan,nan,nan,nan,nan,nan
1709,45.5263157895,0.9918952984,nan,0.0000000935,70.2904205671,nan,nan,nan,nan,nan,nan,nan
1710,45.5263157895,0.6037271622,nan,0.0001108761,39.5516207497,nan,nan,nan,nan,nan,nan,nan
1711,45.5263157895,0.4114428446,nan,0.0010148446,29.9360046366,nan,nan,nan,nan,nan,nan,nan
1712,45.5263157895,0.2993722712,nan,0.0024918263,26.0348222689,nan,nan,nan,nan,nan,nan,nan
1713,45.5263157895,0.7879573243,nan,0.0000059619,52.2461301811,nan,nan,nan,nan,nan,nan,nan
1714,45.5263157895,0.4738098506,nan,0.0005433310,32.6493555529,nan,nan,nan,nan,nan,nan,nan
1715,45.5263157895,0.4003500596,nan,0.0011235489,29.4940800228,nan,nan,nan,nan,nan,nan,nan
1716,45.5263157895,0.4927997183,nan,0.0004412912,33.5527475390,nan,nan,nan,nan,nan,nan,nan
1717,45.5263157895,0.8299606486,nan,0.0000027422,55.6190406897,nan,nan,nan,nan,nan,nan,nan
1718,45.5263157895,0.2849875417,nan,0.0027387250,25.6245157317,nan,nan,nan,nan,nan,nan,nan
1719,45.5263157895,0.4042825256,nan,0.0010840914,29.6493408092,nan,nan,nan,nan,nan,nan,nan
1720,45.5263157895,0.4194901637,nan,0.0009409607,30.2642851503,nan,nan,nan,nan,nan,nan,nan
1721,45.5263157895,0.4231988451,nan,0.0009082906,30.4177519651,nan,nan,nan,nan,nan,nan,nan
1722,45.5263157895,1.0205128250,nan,0.0000000483,73.1589747329,nan,nan,nan,nan,nan,nan,nan
1723,45.5263157895,0.2952815014,nan,0.0025609147,25.9160489038,nan,nan,nan,nan,nan,nan,nan
1724,45.5263157895,1.0368732662,nan,0.0000000328,74.8361662260,nan,nan,nan,nan,nan,nan,nan
1725,45.5263157895,0.6156488775,nan,0.0000939767,40.2697958445,nan,nan,nan,nan,nan,nan,nan
1726,45.5263157895,0.1471089416,nan,0.0053333951,22.7299624606,nan,nan,nan,nan,nan,nan,nan
1727,45.5263157895,0.1584993214,nan,0.0051308769,22.8980840283,nan,nan,nan,nan,nan,nan,nan
1728,45.5263157895,0.3206812595,nan,0.0021476386,26.6803880503,nan,nan,nan,nan,nan,nan,nan
1729,45.5263157895,0.1076052574,nan,0.0059629244,22.2454069724,nan,nan,nan,nan,nan,nan,nan
1730,45.5263157895,0.8010860382,nan,0.0000046976,53.2812577268,nan,nan,nan,nan,nan,nan,nan
1731,45.5263157895,0.3579131490,nan,0.0016155971,27.9166692708,nan,nan,nan,nan,nan,nan,nan
1732,45.5263157895,0.3173726689,nan,0.0021992799,26.5771948898,nan,nan,nan,nan,nan,nan,nan
1733,45.5263157895,0.5939075907,nan,0.0001267419,38.9707988791,nan,nan,nan,nan,nan,nan,nan
1734,45.5263157895,0.7548527115,nan,0.0000106827,49.7131749595,nan,nan,nan,nan,nan,nan,nan
1735,45.5263157895,0.6699752874,nan,0.0000424299,43.7232765351,nan,nan,nan,nan,nan,nan,nan
1736,45.5263157895,0.2888089777,nan,0.0026720742,25.7315149399,nan,nan,nan,nan,nan,nan,nan
1737,45.5263157895,0.1652156662,nan,0.0050081933,23.0031891500,nan,nan,nan,nan,nan,nan,nan
1738,45.5263157895,0.3858428303,nan,0.0012780132,28.9346466523,nan,nan,nan,nan,nan,nan,nan
1739,45.5263157895,1.3086232568,nan,0.0000000000,106.6652250940,nan,nan,nan,nan,nan,nan,nan
1740,45.5263157895,0.2850765906,nan,0.0027371635,25.6269925940,nan,nan,nan,nan,nan,nan,nan
1741,45.5263157895,0.3830567320,nan,0.0013092996,28.8296096423,nan,nan,nan,nan,nan,nan,nan
1742,45.5263157895,0.2416012359,nan,0.0035389952,24.5112002634,nan,nan,nan,nan,nan,nan,nan
1743,45.5263157895,0.7418081388,nan,0.0000133493,48.7454242800,nan,nan,nan,nan,nan,nan,nan
1744,45.5263157895,0.6858639692,nan,0.0000331941,44.7893914928,nan,nan,nan,nan,nan,nan,nan
1745,45.5263157895,0.7573043638,nan,0.0000102401,49.8969722714,nan,nan,nan,nan,nan,nan,nan
1746,45.5263157895,0.7937865914,nan,0.0000053659,52.7035903354,nan,nan,nan,nan,nan,nan,nan
1747,45.5263157895,0.5737653746,nan,0.0001655890,37.8096852811,nan,nan,nan,nan,nan,nan,nan
1748,45.5263157895,0.3901157594,nan,0.0012310506,29.0972410241,nan,nan,nan,nan,nan,nan,nan
1749,45.5263157895,0.5658666154,nan,0.0001834228,37.3654667426,nan,nan,nan,nan,nan,nan,nan
1750,45.5263157895,0.4821256230,nan,0.0004965333,33.0405161313,nan,nan,nan,nan,nan,nan,nan
1751,45.5263157895,0.9046240323,nan,0.0000006231,62.0542715889,nan,nan,nan,nan,nan,nan,nan
1752,45.5263157895,0.4582245269,nan,0.0006404906,31.9348724860,nan,nan,nan,nan,nan,nan,nan
1753,45.5263157895,0.6481378973,nan,0.0000588920,42.2994371564,nan,nan,nan,nan,nan,nan,nan
1754,45.5263157895,0.3032310981,nan,0.0024275133,26.1483837544,nan,nan,nan,nan,nan,nan,nan
1755,45.5263157895,0.2238685628,nan,0.0038816814,24.1098011814,nan,nan,nan,nan,nan,nan,nan
1756,45.5263157895,0.5433231725,nan,0.0002436656,36.1320572861,nan,nan,nan,nan,nan,nan,nan
1757,45.5263157895,0.4392021146,nan,0.0007770122,31.0957217141,nan,nan,nan,nan,nan,nan,nan
1758,45.5263157895,0.9420708484,nan,0.0000002822,65.4939228160,nan,nan,nan,nan,nan,nan,nan
1759,45.5263157895,0.4783678871,nan,0.0005172611,32.8629016649,nan,nan,nan,nan,nan,nan,nan
1760,45.5263157895,0.3119571850,nan,0.0022852642,26.4106358153,nan,nan,nan,nan,nan,nan,nan
1761,45.5263157895,0.6257697234,nan,0.0000814575,40.8906881847,nan,nan,nan,nan,nan,nan,nan
1762,45.5263157895,0.5508403550,nan,0.0002219382,36.5376789239,nan,nan,nan,nan,nan,nan,nan
1763,45.5263157895,0.2616888559,nan,0.0031597439,25.0034811077,nan,nan,nan,nan,nan,nan,nan
1764,45.5263157895,0.1571462641,nan,0.0051553171,22.8774461959,nan,nan,nan,nan,nan,nan,nan
1765,45.5263157895,0.6152841764,nan,0.0000944580,40.2476142702,nan,nan,nan,nan,nan,nan,nan
1766,45.5263157895,0.4451148795,nan,0.0007323718,31.3526837409,nan,nan,nan,nan,nan,nan,nan
1767,45.5263157895,1.2461447355,nan,0.0000000001,98.6835571901,nan,nan,nan,nan,nan,nan,nan
1768,45.5263157895,1.3471468871,nan,0.0000000000,111.7844505009,nan,nan,nan,nan,nan,nan,nan
1769,45.5263157895,1.0650591826,nan,0.0000000166,77.7892457481,nan,nan,nan,nan,nan,nan,nan
1770,45.5263157895,0.3708021388,nan,0.0014531853,28.3767901182,nan,nan,nan,nan,nan,nan,nan
1771,45.5263157895,0.5555715460,nan,0.0002091281,36.7958753268,nan,nan,nan,nan,nan,nan,nan
1772,45.5263157895,0.4675093301,nan,0.0005810862,32.3575942508,nan,nan,nan,nan,nan,nan,nan
1773,45.5263157895,0.3811769035,nan,0.0013307067,28.7591764453,nan,nan,nan,nan,nan,nan,nan
1774,45.5263157895,0.6133398329,nan,0.0000970603,40.1295823371,nan,nan,nan,nan,nan,nan,nan
1775,45.5263157895,0.5099190050,nan,0.0003632384,34.3980819585,nan,nan,nan,nan,nan,nan,nan
1776,45.5263157895,0.6647763224,nan,0.0000459204,43.3799449508,nan,nan,nan,nan,nan,nan,nan
1777,45.5263157895,0.3641721566,nan,0.0015353091,28.1380418819,nan,nan,nan,nan,nan,nan,nan
1778,45.5263157895,0.4552845777,nan,0.0006602649,31.8028177834,nan,nan,nan,nan,nan,nan,nan
1779,45.5263157895,0.1365625775,nan,0.0055135990,22.5856482179,nan,nan,nan,nan,nan,nan,nan
1780,45.5263157895,0.5536611134,nan,0.0002142226,36.6913466851,nan,nan,nan,nan,nan,nan,nan
1781,45.5263157895,1.0089013512,nan,0.0000000633,71.9850708468,nan,nan,nan,nan,nan,nan,nan
1782,45.5263157895,0.3803921872,nan,0.0013397140,28.7298789709,nan,nan,nan,nan,nan,nan,nan
1783,45.5263157895,0.6868630499,nan,0.0000326793,44.8572775448,nan,nan,nan,nan,nan,nan,nan
1784,45.5263157895,0.3111958320,nan,0.0022974956,26.3874531538,nan,nan,nan,nan,nan,nan,nan
1785,45.5263157895,0.7091196531,nan,0.0000229318,46.3956249091,nan,nan,nan,nan,nan,nan,nan
1786,45.5263157895,0.5967061013,nan,0.0001220297,39.1353428607,nan,nan,nan,nan,nan,nan,nan
1787,45.5263157895,0.6378198214,nan,0.0000684959,41.6433565887,nan,nan,nan,nan,nan,nan,nan
1788,45.5263157895,0.8925342424,nan,0.0000007991,60.9740428000,nan,nan,nan,nan,nan,nan,nan
1789,45.5263157895,0.3769057299,nan,0.0013802401,28.6004536134,nan,nan,nan,nan,nan,nan,nan
1790,45.5263157895,0.1101277556,nan,0.0059268150,22.2717863208,nan,nan,nan,nan,nan,nan,nan
1791,45.5263157895,0.8965744543,nan,0.0000007356,61.3333943998,nan,nan,nan,nan,nan,nan,nan
1792,45.5263157895,0.2955266770,nan,0.0025567481,25.9231206634,nan,nan,nan,nan,nan,nan,nan
1793,45.5263157895,0.3032959446,nan,0.0024264398,26.1503047530,nan,nan,nan,nan,nan,nan,nan
1794,45.5263157895,0.2318238086,nan,0.0037273204,24.2860327672,nan,nan,nan,nan,nan,nan,nan
1795,45.5263157895,0.4340034066,nan,0.0008179605,30.8726767696,nan,nan,nan,nan,nan,nan,nan
1796,45.5263157895,0.5239399112,nan,0.0003081570,35.1122795333,nan,nan,nan,nan,nan,nan,nan
1797,45.5263157895,0.1381071345,nan,0.0054876928,22.6061020451,nan,nan,nan,nan,nan,nan,nan
1798,45.5263157895,0.6721116979,nan,0.0000410662,43.8651498484,nan,nan,nan,nan,nan,nan,nan
1799,45.5263157895,0.8956101612,nan,0.0000007503,61.2474766910,nan,nan,nan,nan,nan,nan,nan
1800,45.5263157895,0.1531738331,nan,0.0052264951,22.8178945642,nan,nan,nan,nan,nan,nan,nan
1801,45.5263157895,0.4338869058,nan,0.0008188966,30.8677093507,nan,nan,nan,nan,nan,nan,nan
1802,45.5263157895,0.0655277008,nan,0.0064613556,21.8967635935,nan,nan,nan,nan,nan,nan,nan
1803,45.5263157895,0.3073805995,nan,0.0023593104,26.2721491095,nan,nan,nan,nan,nan,nan,nan
1804,45.5263157895,0.7934162749,nan,0.0000054020,52.6744272733,nan,nan,nan,nan,nan,nan,nan
1805,45.5263157895,1.1535076307,nan,0.0000000017,87.5790158494,nan,nan,nan,nan,nan,nan,nan
1806,45.5263157895,0.1908445914,nan,0.0045237347,23.4450287130,nan,nan,nan,nan,nan,nan,nan
1807,45.5263157895,0.8470683636,nan,0.0000019752,57.0438331164,nan,nan,nan,nan,nan,nan,nan
1808,45.5263157895,1.0379466739,nan,0.0000000320,74.9471544386,nan,nan,nan,nan,nan,nan,nan
1809,45.5263157895,0.1623126328,nan,0.0050614911,22.9572152053,nan,nan,nan,nan,nan,nan,nan
1810,45.5263157895,0.6533575084,nan,0.0000545079,42.6354051195,nan,nan,nan,nan,nan,nan,nan
1811,45.5263157895,0.3458169168,nan,0.0017783234,27.4998926205,nan,nan,nan,nan,nan,nan,nan
1812,45.5263157895,0.6258839180,nan,0.0000813251,40.8977524851,nan,nan,nan,nan,nan,nan,nan
1813,45.5263157895,0.8128156174,nan,0.0000037837,54.2207771076,nan,nan,nan,nan,nan,nan,nan
1814,45.5263157895,0.3659576973,nan,0.0015128960,28.2019091641,nan,nan,nan,nan,nan,nan,nan
1815,45.5263157895,0.7258082021,nan,0.0000174509,47.5818293973,nan,nan,nan,nan,nan,nan,nan
1816,45.5263157895,0.0692280620,nan,0.0064260988,21.9205260251,nan,nan,nan,nan,nan,nan,nan
1817,45.5263157895,0.1702707923,nan,0.0049144824,23.0852221680,nan,nan,nan,nan,nan,nan,nan
1818,45.5263157895,0.7823024549,nan,0.0000065984,51.8056306645,nan,nan,nan,nan,nan,nan,nan
1819,45.5263157895,1.0373242780,nan,0.0000000325,74.8827857268,nan,nan,nan,nan,nan,nan,nan
1820,45.5263157895,0.6949759714,nan,0.0000287590,45.4122578538,nan,nan,nan,nan,nan,nan,nan
1821,45.5263157895,0.5719605025,nan,0.0001695263,37.7076293636,nan,nan,nan,nan,nan,nan,nan
1822,45.5263157895,0.5749714611,nan,0.0001630022,37.8780652139,nan,nan,nan,nan,nan,nan,nan
1823,45.5263157895,0.6405289983,nan,0.0000658478,41.8145851706,nan,nan,nan,nan,nan,nan,nan
1824,45.5263157895,0.7428782069,nan,0.0000131094,48.8241649610,nan,nan,nan,nan,nan,nan,nan
1825,45.5263157895,0.0329901351,nan,0.0066915355,21.7447421293,nan,nan,nan,nan,nan,nan,nan
1826,45.5263157895,0.6217928965,nan,0.0000861888,40.6454911000,nan,nan,nan,nan,nan,nan,nan
1827,45.5263157895,0.1808799228,nan,0.0047145937,23.2655572543,nan,nan,nan,nan,nan,nan,nan
1828,45.5263157895,0.6685925564,nan,0.0000433341,43.6316977726,nan,nan,nan,nan,nan,nan,nan
1829,45.5263157895,1.1087401020,nan,0.0000000056,82.5248419242,nan,nan,nan,nan,nan,nan,nan
1830,45.5263157895,0.4303549265,nan,0.0008476656,30.7177544871,nan,nan,nan,nan,nan,nan,nan
1831,45.5263157895,0.7141511113,nan,0.0000211334,46.7503028639,nan,nan,nan,nan,nan,nan,nan
1832,45.5263157895,0.5593689981,nan,0.0001993087,37.0047382977,nan,nan,nan,nan,nan,nan,nan
1833,45.5263157895,0.7519420456,nan,0.0000112312,49.4957524206,nan,nan,nan,nan,nan,nan,nan
1834,45.5263157895,0.6368071488,nan,0.0000695098,41.5795418576,nan,nan,nan,nan,nan,nan,nan
1835,45.5263157895,0.6531794731,nan,0.0000546525,42.6239004933,nan,nan,nan,nan,nan,nan,nan
1836,45.5263157895,0.7661681185,nan,0.0000087770,50.5665310729,nan,nan,nan,nan,nan,nan,nan
1837,45.5263157895,0.9280235426,nan,0.0000003813,64.1869998322,nan,nan,nan,nan,nan,nan,nan
1838,45.5263157895,1.0593181448,nan,0.0000000191,77.1812205524,nan,nan,nan,nan,nan,nan,nan
1839,45.5263157895,0.6257573017,nan,0.0000814719,40.8899198300,nan,nan,nan,nan,nan,nan,nan
1840,45.5263157895,0.5747404895,nan,0.0001634949,37.8649588165,nan,nan,nan,nan,nan,nan,nan
1841,45.5263157895,0.1180794707,nan,0.0058089682,22.3590099927,nan,nan,nan,nan,nan,nan,nan
1842,45.5263157895,0.8612301365,nan,0.0000014977,58.2456316332,nan,nan,nan,nan,nan,nan,nan
1843,45.5263157895,1.2599765611,nan,0.0000000001,100.4163861930,nan,nan,nan,nan,nan,nan,nan
1844,45.5263157895,0.7710432171,nan,0.0000080572,50.9381665326,nan,nan,nan,nan,nan,nan,nan
1845,45.5263157895,0.2786258860,nan,0.0028512786,25.4496034155,nan,nan,nan,nan,nan,nan,nan
1846,45.5263157895,0.8320566770,nan,0.0000026351,55.7920174235,nan,nan,nan,nan,nan,nan,nan
1847,45.5263157895,0.2207683126,nan,0.0039420171,24.0428149174,nan,nan,nan,nan,nan,nan,nan
1848,45.5263157895,0.2247611478,nan,0.0038643254,24.1292630528,nan,nan,nan,nan,nan,nan,nan
1849,45.5263157895,1.0300922072,nan,0.0000000386,74.1377158818,nan,nan,nan,nan,nan,nan,nan
1850,45.5263157895,0.4669648960,nan,0.0005844442,32.3325691931,nan,nan,nan,nan,nan,nan,nan
1851,45.5263157895,0.5758397368,nan,0.0001611616,37.9273830732,nan,nan,nan,nan,nan,nan,nan
1852,45.5263157895,0.7681136801,nan,0.0000084829,50.7145566311,nan,nan,nan,nan,nan,nan,nan
1853,45.5263157895,0.0690402271,nan,0.0064279311,21.9192878549,nan,nan,nan,nan,nan,nan,nan
1854,45.5263157895,0.4900038380,nan,0.0004552526,33.4174760946,nan,nan,nan,nan,nan,nan,nan
1855,45.5263157895,1.0510204426,nan,0.0000000234,76.3083247915,nan,nan,nan,nan,nan,nan,nan
1856,45.5263157895,1.0172509515,nan,0.0000000521,72.8278248579,nan,nan,nan,nan,nan,nan,nan
1857,45.5263157895,0.8375524531,nan,0.0000023726,56.2476672690,nan,nan,nan,nan,nan,nan,nan
1858,45.5263157895,0.0910069438,nan,0.0061839984,22.0873062821,nan,nan,nan,nan,nan,nan,nan
1859,45.5263157895,0.4245162530,nan,0.0008968922,30.4725973479,nan,nan,nan,nan,nan,nan,nan
1860,45.5263157895,0.3943167360,nan,0.0011860768,29.2588718947,nan,nan,nan,nan,nan,nan,nan
1861,45.5263157895,0.1487913201,nan,0.0053039660,22.7539927016,nan,nan,nan,nan,nan,nan,nan
1862,45.5263157895,0.6249754353,nan,0.0000823837,40.8415882093,nan,nan,nan,nan,nan,nan,nan
1863,45.5263157895,0.6475371854,nan,0.0000594163,42.2609471931,nan,nan,nan,nan,nan,nan,nan
1864,45.5263157895,1.1700552882,nan,0.0000000011,89.4986900549,nan,nan,nan,nan,nan,nan,nan
1865,45.5263157895,0.6793726059,nan,0.0000367218,44.3507590479,nan,nan,nan,nan,nan,nan,nan
1866,45.5263157895,0.7163457304,nan,0.0000203901,46.9058044530,nan,nan,nan,nan,nan,nan,nan
1867,45.5263157895,0.5228347765,nan,0.0003122287,35.0552713140,nan,nan,nan,nan,nan,nan,nan
1868,45.5263157895,0.3871533027,nan,0.0012634791,28.9843195232,nan,nan,nan,nan,nan,nan,nan
1869,45.5263157895,0.7477778440,nan,0.0000120610,49.1861769396,nan,nan,nan,nan,nan,nan,nan
1870,45.5263157895,0.3891692723,nan,0.0012413470,29.0610681770,nan,nan,nan,nan,nan,nan,nan
1871,45.5263157895,0.4959604031,nan,0.0004259306,33.7066111482,nan,nan,nan,nan,nan,nan,nan
1872,45.5263157895,0.2562601410,nan,0.0032609920,24.8665026160,nan,nan,nan,nan,nan,nan,nan
1873,45.5263157895,0.2929871199,nan,0.0026000640,25.8501596804,nan,nan,nan,nan,nan,nan,nan
1874,45.5263157895,0.0367224285,nan,0.0066726629,21.7570081677,nan,nan,nan,nan,nan,nan,nan
1875,45.5263157895,0.1444462195,nan,0.0053796038,22.6924970460,nan,nan,nan,nan,nan,nan,nan
1876,45.5263157895,0.1234628405,nan,0.0057258905,22.4215696513,nan,nan,nan,nan,nan,nan,nan
1877,45.5263157895,0.9201211248,nan,0.0000004508,63.4605503472,nan,nan,nan,nan,nan,nan,nan
1878,45.5263157895,0.4602401147,nan,0.0006272048,32.0259065151,nan,nan,nan,nan,nan,nan,nan
1879,45.5263157895,0.2834336667,nan,0.0027660359,25.5814218626,nan,nan,nan,nan,nan,nan,nan
1880,45.5263157895,0.5948058949,nan,0.0001252123,39.0235307808,nan,nan,nan,nan,nan,nan,nan
1881,45.5263157895,0.6757374899,nan,0.0000388420,44.1069797423,nan,nan,nan,nan,nan,nan,nan
1882,45.5263157895,0.1376257416,nan,0.0054957857,22.5997021105,nan,nan,nan,nan,nan,nan,nan
1883,45.5263157895,0.8766243002,nan,0.0000011028,59.5749888707,nan,nan,nan,nan,nan,nan,nan
1884,45.5263157895,0.0979701000,nan,0.0060948621,22.1503611813,nan,nan,nan,nan,nan,nan,nan
1885,45.5263157895,0.5142723603,nan,0.0003453245,34.6177259143,nan,nan,nan,nan,nan,nan,nan
1886,45.5263157895,0.6786805887,nan,0.0000371172,44.3042483310,nan,nan,nan,nan,nan,nan,nan
1887,45.5263157895,0.2772929012,nan,0.0028751057,25.4134617977,nan,nan,nan,nan,nan,nan,nan
1888,45.5263157895,0.9432667394,nan,0.0000002750,65.6061070466,nan,nan,nan,nan,nan,nan,nan
1889,45.5263157895,0.3646200782,nan,0.0015296660,28.1540338264,nan,nan,nan,nan,nan,nan,nan
1890,45.5263157895,0.4503576921,nan,0.0006944721,31.5834520020,nan,nan,nan,nan,nan,nan,nan
1891,45.5263157895,0.9846690343,nan,0.0000001102,69.5791878668,nan,nan,nan,nan,nan,nan,nan
1892,45.5263157895,0.6110631177,nan,0.0001001877,39.9918562742,nan,nan,nan,nan,nan,nan,nan
1893,45.5263157895,0.4363801072,nan,0.0007990406,30.9743116030,nan,nan,nan,nan,nan,nan,nan
1894,45.5263157895,0.2632123206,nan,0.0031315216,25.0424459499,nan,nan,nan,nan,nan,nan,nan
1895,45.5263157895,0.1389816430,nan,0.0054729485,22.6177864110,nan,nan,nan,nan,nan,nan,nan
1896,45.5263157895,0.5753705097,nan,0.0001621541,37.9007216874,nan,nan,nan,nan,nan,nan,nan
1897,45.5263157895,0.9562050983,nan,0.0000002075,66.8290783297,nan,nan,nan,nan,nan,nan,nan
1898,45.5263157895,0.4844759862,nan,0.0004839130,33.1523272998,nan,nan,nan,nan,nan,nan,nan
1899,45.5263157895,0.8997317630,nan,0.0000006894,61.6153655428,nan,nan,nan,nan,nan,nan,nan
1900,45.5263157895,0.8059389977,nan,0.0000042971,53.6682881911,nan,nan,nan,nan,nan,nan,nan
1901,45.5263157895,0.2378093821,nan,0.0036118073,24.4227543113,nan,nan,nan,nan,nan,nan,nan
1902,45.5263157895,0.5305520639,nan,0.0002847133,35.4559224806,nan,nan,nan,nan,nan,nan,nan
1903,45.5263157895,0.4977890222,nan,0.0004172453,33.7960857334,nan,nan,nan,nan,nan,nan,nan
1904,45.5263157895,0.0947982234,nan,0.0061361327,22.1210525544,nan,nan,nan,nan,nan,nan,nan
1905,45.5263157895,0.4590574429,nan,0.0006349738,31.9724419056,nan,nan,nan,nan,nan,nan,nan
1906,45.5263157895,0.5676275442,nan,0.0001793099,37.4639575776,nan,nan,nan,nan,nan,nan,nan
1907,45.5263157895,0.7872333270,nan,0.0000060401,52.1895526849,nan,nan,nan,nan,nan,nan,nan
1908,45.5263157895,0.1605210668,nan,0.0050941810,22.9292563173,nan,nan,nan,nan,nan,nan,nan
1909,45.5263157895,0.2954831222,nan,0.0025574880,25.9218639461,nan,nan,nan,nan,nan,nan,nan
1910,45.5263157895,1.1474036777,nan,0.0000000021,86.8779191213,nan,nan,nan,nan,nan,nan,nan
1911,45.5263157895,0.5454567640,nan,0.0002373226,36.2466085972,nan,nan,nan,nan,nan,nan,nan
1912,45.5263157895,0.1353123669,nan,0.0055344396,22.5692634775,nan,nan,nan,nan,nan,nan,nan
1913,45.5263157895,0.7156054347,nan,0.0000206381,46.8532959754,nan,nan,nan,nan,nan,nan,nan
1914,45.5263157895,0.5727290441,nan,0.0001678400,37.7510463552,nan,nan,nan,nan,nan,nan,nan
1915,45.5263157895,0.8436297329,nan,0.0000021110,56.7550789970,nan,nan,nan,nan,nan,nan,nan
1916,45.5263157895,0.4696181493,nan,0.0005682237,32.4548064111,nan,nan,nan,nan,nan,nan,nan
1917,45.5263157895,0.2544055105,nan,0.0032958126,24.8203749367,nan,nan,nan,nan,nan,nan,nan
1918,45.5263157895,0.6803901159,nan,0.0000361474,44.4192337568,nan,nan,nan,nan,nan,nan,nan
1919,45.5263157895,0.6371417911,nan,0.0000691732,41.6006183251,nan,nan,nan,nan,nan,nan,nan
1920,45.5263157895,0.5084956719,nan,0.0003692597,34.3266808446,nan,nan,nan,nan,nan,nan,nan
1921,45.5263157895,1.0135078083,nan,0.0000000569,72.4491434745,nan,nan,nan,nan,nan,nan,nan
1922,45.5263157895,0.4878129362,nan,0.0004664422,33.3120216021,nan,nan,nan,nan,nan,nan,nan
1923,45.5263157895,0.6464478236,nan,0.0000603776,42.1912400462,nan,nan,nan,nan,nan,nan,nan
1924,45.5263157895,0.3160104294,nan,0.0022207397,26.5350234732,nan,nan,nan,nan,nan,nan,nan
1925,45.5263157895,0.7215851033,nan,0.0000187111,47.2790055677,nan,nan,nan,nan,nan,nan,nan
1926,45.5263157895,0.6832842083,nan,0.0000345576,44.6145650403,nan,nan,nan,nan,nan,nan,nan
1927,45.5263157895,0.6035838910,nan,0.0001110944,39.5430767476,nan,nan,nan,nan,nan,nan,nan
1928,45.5263157895,0.4699106043,nan,0.0005664580,32.4683230861,nan,nan,nan,nan,nan,nan,nan
1929,45.5263157895,0.6056359887,nan,0.0001080028,39.6656505602,nan,nan,nan,nan,nan,nan,nan
1930,45.5263157895,0.4608953523,nan,0.0006229328,32.0555877925,nan,nan,nan,nan,nan,nan,nan
1931,45.5263157895,0.5695839502,nan,0.0001748338,37.5737464238,nan,nan,nan,nan,nan,nan,nan
1932,45.5263157895,0.7324202216,nan,0.0000156331,48.0595620822,nan,nan,nan,nan,nan,nan,nan
1933,45.5263157895,0.2914093744,nan,0.0026271486,25.8051536530,nan,nan,nan,nan,nan,nan,nan
1934,45.5263157895,0.7155753484,nan,0.0000206483,46.8511631511,nan,nan,nan,nan,nan,nan,nan
1935,45.5263157895,0.5624353579,nan,0.0001916706,37.1744458970,nan,nan,nan,nan,nan,nan,nan
1936,45.5263157895,0.0653131530,nan,0.0064633451,21.8954265165,nan,nan,nan,nan,nan,nan,nan
1937,45.5263157895,1.1953167172,nan,0.0000000006,92.4828408242,nan,nan,nan,nan,nan,nan,nan
1938,45.5263157895,0.6227604579,nan,0.0000850158,40.7050012605,nan,nan,nan,nan,nan,nan,nan
1939,45.5263157895,0.7139849425,nan,0.0000211907,46.7385485794,nan,nan,nan,nan,nan,nan,nan
1940,45.5263157895,0.5722373602,nan,0.0001689171,37.7232629761,nan,nan,nan,nan,nan,nan,nan
1941,45.5263157895,0.1809845622,nan,0.0047126034,23.2673910893,nan,nan,nan,nan,nan,nan,nan
1942,45.5263157895,0.8166141612,nan,0.0000035253,54.5280095218,nan,nan,nan,nan,nan,nan,nan
1943,45.5263157895,0.6177827239,nan,0.0000912043,40.3998467882,nan,nan,nan,nan,nan,nan,nan
1944,45.5263157895,0.4545350795,nan,0.0006653818,31.7692905025,nan,nan,nan,nan,nan,nan,nan
1945,45.5263157895,0.4044512158,nan,0.0010824216,29.6560354994,nan,nan,nan,nan,nan,nan,nan
1946,45.5263157895,0.5734165952,nan,0.0001663436,37.7899381852,nan,nan,nan,nan,nan,nan,nan
1947,45.5263157895,0.5767796877,nan,0.0001591894,37.9808573298,nan,nan,nan,nan,nan,nan,nan
1948,45.5263157895,0.3769203843,nan,0.0013800680,28.6009950856,nan,nan,nan,nan,nan,nan,nan
1949,45.5263157895,0.6105387379,nan,0.0001009204,39.9602085529,nan,nan,nan,nan,nan,nan,nan
1950,45.5263157895,0.4517412900,nan,0.0006847293,31.6448106684,nan,nan,nan,nan,nan,nan,nan
1951,45.5263157895,0.0967348614,nan,0.0061110652,22.1388308405,nan,nan,nan,nan,nan,nan,nan
1952,45.5263157895,0.9161069670,nan,0.0000004905,63.0939570288,nan,nan,nan,nan,nan,nan,nan
1953,45.5263157895,0.1950983783,nan,0.0044415832,23.5246219679,nan,nan,nan,nan,nan,nan,nan
1954,45.5263157895,0.5443121188,nan,0.0002407079,36.1850965183,nan,nan,nan,nan,nan,nan,nan
1955,45.5263157895,0.3939185013,nan,0.0011902894,29.2434744817,nan,nan,nan,nan,nan,nan,nan
1956,45.5263157895,0.7095551069,nan,0.0000227708,46.4262202069,nan,nan,nan,nan,nan,nan,nan
1957,45.5263157895,0.3057321203,nan,0.0023862855,26.2227759582,nan,nan,nan,nan,nan,nan,nan
1958,45.5263157895,0.4033777496,nan,0.0010930796,29.6134820169,nan,nan,nan,nan,nan,nan,nan
1959,45.5263157895,0.5807480355,nan,0.0001510916,38.2075956848,nan,nan,nan,nan,nan,nan,nan
1960,45.5263157895,0.4214683601,nan,0.0009234273,30.3459729090,nan,nan,nan,nan,nan,nan,nan
1961,45.5263157895,1.0215893449,nan,0.0000000471,73.2685010101,nan,nan,nan,nan,nan,nan,nan
1962,45.5263157895,0.3495869035,nan,0.0017265431,27.6282258525,nan,nan,nan,nan,nan,nan,nan
1963,45.5263157895,0.7441251791,nan,0.0000128349,48.9160686314,nan,nan,nan,nan,nan,nan,nan
1964,45.5263157895,0.8141602714,nan,0.0000036903,54.3293684425,nan,nan,nan,nan,nan,nan,nan
1965,45.5263157895,0.2234847160,nan,0.0038891474,24.1014560075,nan,nan,nan,nan,nan,nan,nan
1966,45.5263157895,0.8095410857,nan,0.0000040206,53.9570960838,nan,nan,nan,nan,nan,nan,nan
1967,45.5263157895,1.7125355151,nan,0.0000000000,167.8558169277,nan,nan,nan,nan,nan,nan,nan
1968,45.5263157895,0.1802726662,nan,0.0047261378,23.2549361806,nan,nan,nan,nan,nan,nan,nan
1969,45.5263157895,0.4305799145,nan,0.0008458105,30.7272695024,nan,nan,nan,nan,nan,nan,nan
1970,45.5263157895,1.0805243988,nan,0.0000000114,79.4437641440,nan,nan,nan,nan,nan,nan,nan
1971,45.5263157895,0.5076478570,nan,0.0003728853,34.2842468344,nan,nan,nan,nan,nan,nan,nan
1972,45.5263157895,0.4917039175,nan,0.0004467209,33.4996368378,nan,nan,nan,nan,nan,nan,nan
1973,45.5263157895,0.6518522997,nan,0.0000557412,42.5382391098,nan,nan,nan,nan,nan,nan,nan
1974,45.5263157895,1.1691510801,nan,0.0000000011,89.3930761428,nan,nan,nan,nan,nan,nan,nan
1975,45.5263157895,0.5326294094,nan,0.0002776650,35.5647893421,nan,nan,nan,nan,nan,nan,nan
1976,45.5263157895,0.6341488928,nan,0.0000722351,41.4125191035,nan,nan,nan,nan,nan,nan,nan
1977,45.5263157895,0.3587348354,nan,0.0016049042,27.9455087925,nan,nan,nan,nan,nan,nan,nan
1978,45.5263157895,0.6746359022,nan,0.0000395060,44.0333671630,nan,nan,nan,nan,nan,nan,nan
1979,45.5263157895,0.6132535741,nan,0.0000971772,40.1243547673,nan,nan,nan,nan,nan,nan,nan
1980,45.5263157895,0.5359612032,nan,0.0002666674,35.7403006564,nan,nan,nan,nan,nan,nan,nan
1981,45.5263157895,0.3851636821,nan,0.0012855912,28.9089711850,nan,nan,nan,nan,nan,nan,nan
1982,45.5263157895,0.1411156058,nan,0.0054367416,22.6466130935,nan,nan,nan,nan,nan,nan,nan
1983,45.5263157895,0.2618508200,nan,0.0031567394,25.0076126562,nan,nan,nan,nan,nan,nan,nan
1984,45.5263157895,0.5951696377,nan,0.0001245975,39.0449061109,nan,nan,nan,nan,nan,nan,nan
1985,45.5263157895,0.5665184218,nan,0.0001818910,37.4018867902,nan,nan,nan,nan,nan,nan,nan
1986,45.5263157895,0.7339478071,nan,0.0000152386,48.1705596140,nan,nan,nan,nan,nan,nan,nan
1987,45.5263157895,0.0160276941,nan,0.0067518736,21.7057569885,nan,nan,nan,nan,nan,nan,nan
1988,45.5263157895,0.5650063875,nan,0.0001854613,37.3174662579,nan,nan,nan,nan,nan,nan,nan
1989,45.5263157895,1.0641353176,nan,0.0000000170,77.6911750108,nan,nan,nan,nan,nan,nan,nan
1990,45.5263157895,0.8755307961,nan,0.0000011273,59.4797699356,nan,nan,nan,nan,nan,nan,nan
1991,45.5263157895,0.4885959443,nan,0.0004624178,33.3496549113,nan,nan,nan,nan,nan,nan,nan
1992,45.5263157895,0.1915736576,nan,0.0045096789,23.4585437611,nan,nan,nan,nan,nan,nan,nan
1993,45.5263157895,1.3769964315,nan,0.0000000000,115.8548288753,nan,nan,nan,nan,nan,nan,nan
1994,45.5263157895,0.6494320855,nan,0.0000577765,42.3824841339,nan,nan,nan,nan,nan,nan,nan
1995,45.5263157895,0.4737116973,nan,0.0005439037,32.6447798795,nan,nan,nan,nan,nan,nan,nan
1996,45.5263157895,0.3418351371,nan,0.0018340513,27.3658852919,nan,nan,nan,nan,nan,nan,nan
1997,45.5263157895,0.2669165637,nan,0.0030632705,25.1381464963,nan,nan,nan,nan,nan,nan,nan
1998,45.5263157895,0.3070298316,nan,0.0023650369,26.2616207569,nan,nan,nan,nan,nan,nan,nan
1999,45.5263157895,0.6134334921,nan,0.0000969335,40.1352592421,nan,nan,nan,nan,nan,nan,nan
2000,45.5263157895,0.6740751846,nan,0.0000398479,43.9959446044,nan,nan,nan,nan,nan,nan,nan
2001,45.5263157895,0.6714651960,nan,0.0000414747,43.8221689418,nan,nan,nan,nan,nan,nan,nan
2002,45.5263157895,0.5769063825,nan,0.0001589252,37.9880718341,nan,nan,nan,nan,nan,nan,nan
2003,45.5263157895,0.3975303671,nan,0.0011524702,29.3837029603,nan,nan,nan,nan,nan,nan,nan
2004,45.5263157895,0.2994017692,nan,0.0024913315,26.0356847575,nan,nan,nan,nan,nan,nan,nan
2005,45.5263157895,0.6739330708,nan,0.0000399350,43.9864648838,nan,nan,nan,nan,nan,nan,nan
2006,45.5263157895,0.3600101409,nan,0.0015883995,27.9904025484,nan,nan,nan,nan,nan,nan,nan
2007,45.5263157895,0.6027029115,nan,0.0001124454,39.4905847074,nan,nan,nan,nan,nan,nan,nan
2008,45.5263157895,0.7593526601,nan,0.0000098833,50.0509949308,nan,nan,nan,nan,nan,nan,nan
2009,45.5263157895,0.1631601978,nan,0.0050459715,22.9705520729,nan,nan,nan,nan,nan,nan,nan
2010,45.5263157895,0.1595360235,nan,0.0051120863,22.9140182612,nan,nan,nan,nan,nan,nan,nan
2011,45.5263157895,0.5308621917,nan,0.0002836516,35.4721478019,nan,nan,nan,nan,nan,nan,nan
2012,45.5263157895,0.6150502278,nan,0.0000947678,40.2333922578,nan,nan,nan,nan,nan,nan,nan
2013,45.5263157895,0.3779209787,nan,0.0013683535,28.6380170012,nan,nan,nan,nan,nan,nan,nan
2014,45.5263157895,0.1704572836,nan,0.0049110046,23.0882965528,nan,nan,nan,nan,nan,nan,nan
2015,45.5263157895,0.3774659482,nan,0.0013736723,28.6211685401,nan,nan,nan,nan,nan,nan,nan
2016,45.5263157895,0.1738406056,nan,0.0048476740,23.1446659664,nan,nan,nan,nan,nan,nan,nan
2017,45.5263157895,0.6702966297,nan,0.0000422222,43.7445866836,nan,nan,nan,nan,nan,nan,nan
2018,45.5263157895,0.7247522787,nan,0.0000177585,47.5059443825,nan,nan,nan,nan,nan,nan,nan
2019,45.5263157895,0.0542514273,nan,0.0065576440,21.8325216654,nan,nan,nan,nan,nan,nan,nan
2020,45.5263157895,0.2540127993,nan,0.0033032000,24.8106512562,nan,nan,nan,nan,nan,nan,nan
2021,45.5263157895,0.2994404886,nan,0.0024906821,26.0368170050,nan,nan,nan,nan,nan,nan,nan
2022,45.5263157895,0.6470943538,nan,0.0000598054,42.2325964610,nan,nan,nan,nan,nan,nan,nan
2023,45.5263157895,0.5597608718,nan,0.0001983182,37.0263739828,nan,nan,nan,nan,nan,nan,nan
2024,45.5263157895,1.0020585287,nan,0.0000000741,71.2996643255,nan,nan,nan,nan,nan,nan,nan
2025,45.5263157895,1.1901650381,nan,0.0000000007,91.8690105033,nan,nan,nan,nan,nan,nan,nan
2026,45.5263157895,0.5153978099,nan,0.0003408146,34.6748180304,nan,nan,nan,nan,nan,nan,nan
2027,45.5263157895,0.9563592970,nan,0.0000002068,66.8437557490,nan,nan,nan,nan,nan,nan,nan
2028,45.5263157895,0.9027893131,nan,0.0000006472,61.8893877292,nan,nan,nan,nan,nan,nan,nan
2029,45.5263157895,0.9569052641,nan,0.0000002044,66.8957430273,nan,nan,nan,nan,nan,nan,nan
2030,45.5263157895,0.6182938288,nan,0.0000905511,40.4310648510,nan,nan,nan,nan,nan,nan,nan
2031,45.5263157895,0.3678489114,nan,0.0014893945,28.2699025374,nan,nan,nan,nan,nan,nan,nan
2032,45.5263157895,0.6301373080,nan,0.0000765278,41.1618087468,nan,nan,nan,nan,nan,nan,nan
2033,45.5263157895,0.4948389027,nan,0.0004313302,33.6519015489,nan,nan,nan,nan,nan,nan,nan
2034,45.5263157895,0.6006826344,nan,0.0001155978,39.3705033046,nan,nan,nan,nan,nan,nan,nan
2035,45.5263157895,0.5672320065,nan,0.0001802267,37.4418076021,nan,nan,nan,nan,nan,nan,nan
2036,45.5263157895,0.4012563195,nan,0.0011143653,29.5297240127,nan,nan,nan,nan,nan,nan,nan
2037,45.5263157895,0.3518900954,nan,0.0016953820,27.7073242316,nan,nan,nan,nan,nan,nan,nan
2038,45.5263157895,0.1193992333,nan,0.0057888399,22.3740846096,nan,nan,nan,nan,nan,nan,nan
2039,45.5263157895,0.1024214680,nan,0.0060351125,22.1931462661,nan,nan,nan,nan,nan,nan,nan
2040,45.5263157895,0.4176743171,nan,0.0009572723,30.1896452901,nan,nan,nan,nan,nan,nan,nan
2041,45.5263157895,1.2309930848,nan,0.0000000002,96.8076922415,nan,nan,nan,nan,nan,nan,nan
2042,45.5263157895,0.8216755088,nan,0.0000032065,54.9396420069,nan,nan,nan,nan,nan,nan,nan
2043,45.5263157895,0.1942232158,nan,0.0044585116,23.5081009654,nan,nan,nan,nan,nan,nan,nan
2044,45.5263157895,0.8927475732,nan,0.0000007956,60.9929759928,nan,nan,nan,nan,nan,nan,nan
2045,45.5263157895,0.4426500384,nan,0.0007507338,31.2451400623,nan,nan,nan,nan,nan,nan,nan
2046,45.5263157895,0.3123634968,nan,0.0022787510,26.4230312838,nan,nan,nan,nan,nan,nan,nan
2047,45.5263157895,0.9704039864,nan,0.0000001517,68.1906891025,nan,nan,nan,nan,nan,nan,nan
2048,45.5263157895,0.5157483420,nan,0.0003394200,34.6926258207,nan,nan,nan,nan,nan,nan,nan
2049,45.5263157895,0.2434514594,nan,0.0035035850,24.5548734580,nan,nan,nan,nan,nan,nan,nan
2050,45.5263157895,0.2082596745,nan,0.0041858303,23.7821838730,nan,nan,nan,nan,nan,nan,nan
2051,45.5263157895,0.7902605016,nan,0.0000057194,52.4264658278,nan,nan,nan,nan,nan,nan,nan
2052,45.5263157895,0.3941677092,nan,0.0011876520,29.2531080471,nan,nan,nan,nan,nan,nan,nan
2053,45.5263157895,0.5234839269,nan,0.0003098316,35.0887428196,nan,nan,nan,nan,nan,nan,nan
2054,45.5263157895,0.2450146878,nan,0.0034737325,24.5920362703,nan,nan,nan,nan,nan,nan,nan
2055,45.5263157895,0.4307222935,nan,0.0008446381,30.7332934930,nan,nan,nan,nan,nan,nan,nan
2056,45.5263157895,0.1534762786,nan,0.0052211070,22.8223740988,nan,nan,nan,nan,nan,nan,nan
2057,45.5263157895,0.4933355745,nan,0.0004386556,33.5787628866,nan,nan,nan,nan,nan,nan,nan
2058,45.5263157895,0.3035268480,nan,0.0024226192,26.1571483744,nan,nan,nan,nan,nan,nan,nan
2059,45.5263157895,0.3257999357,nan,0.0020691024,26.8421801646,nan,nan,nan,nan,nan,nan,nan
2060,45.5263157895,0.0832324769,nan,0.0062769967,22.0224810104,nan,nan,nan,nan,nan,nan,nan
2061,45.5263157895,0.5575764579,nan,0.0002038935,36.9059669330,nan,nan,nan,nan,nan,nan,nan
2062,45.5263157895,0.1557675114,nan,0.0051801205,22.8566014097,nan,nan,nan,nan,nan,nan,nan
2063,45.5263157895,0.0973259578,nan,0.0061033322,22.1443298801,nan,nan,nan,nan,nan,nan,nan
2064,45.5263157895,0.3829927752,nan,0.0013100240,28.8272075303,nan,nan,nan,nan,nan,nan,nan
2065,45.5263157895,0.3514684687,nan,0.0017010595,27.6928048558,nan,nan,nan,nan,nan,nan,nan
2066,45.5263157895,0.1654576304,nan,0.0050037334,23.0070584181,nan,nan,nan,nan,nan,nan,nan
2067,45.5263157895,0.4276787659,nan,0.0008699686,30.6049640185,nan,nan,nan,nan,nan,nan,nan
2068,45.5263157895,0.6343199797,nan,0.0000720568,41.4232474087,nan,nan,nan,nan,nan,nan,nan
2069,45.5263157895,0.5541373952,nan,0.0002129427,36.7173720297,nan,nan,nan,nan,nan,nan,nan
2070,45.5263157895,0.0774597514,nan,0.0063414007,21.9781480266,nan,nan,nan,nan,nan,nan,nan
2071,45.5263157895,0.5490153827,nan,0.0002270553,36.4386840700,nan,nan,nan,nan,nan,nan,nan
2072,45.5263157895,0.8844968096,nan,0.0000009410,60.2640679638,nan,nan,nan,nan,nan,nan,nan
2073,45.5263157895,0.1455823212,nan,0.0053599442,22.7083973174,nan,nan,nan,nan,nan,nan,nan
2074,45.5263157895,0.9201359420,nan,0.0000004506,63.4619065407,nan,nan,nan,nan,nan,nan,nan
2075,45.5263157895,0.3717055537,nan,0.0014422278,28.4096613698,nan,nan,nan,nan,nan,nan,nan
2076,45.5263157895,1.0589762904,nan,0.0000000193,77.1451205976,nan,nan,nan,nan,nan,nan,nan
2077,45.5263157895,1.0351138274,nan,0.0000000342,74.6544962156,nan,nan,nan,nan,nan,nan,nan
2078,45.5263157895,0.4559273387,nan,0.0006559013,31.8316151086,nan,nan,nan,nan,nan,nan,nan
2079,45.5263157895,0.3366053905,nan,0.0019088537,27.1922735171,nan,nan,nan,nan,nan,nan,nan
2080,45.5263157895,0.7389280067,nan,0.0000140150,48.5340635984,nan,nan,nan,nan,nan,nan,nan
2081,45.5263157895,0.5518875760,nan,0.0002190466,36.5946357571,nan,nan,nan,nan,nan,nan,nan
2082,45.5263157895,0.7357377627,nan,0.0000147879,48.3009205788,nan,nan,nan,nan,nan,nan,nan
2083,45.5263157895,0.2846929734,nan,0.0027438932,25.6163280252,nan,nan,nan,nan,nan,nan,nan
2084,45.5263157895,0.4639869203,nan,0.0006030856,32.1962101450,nan,nan,nan,nan,nan,nan,nan
2085,45.5263157895,0.4657971773,nan,0.0005916986,32.2789946466,nan,nan,nan,nan,nan,nan,nan
2086,45.5263157895,0.2460854677,nan,0.0034533202,24.6176315665,nan,nan,nan,nan,nan,nan,nan
2087,45.5263157895,0.4367255316,nan,0.0007963189,30.9891299381,nan,nan,nan,nan,nan,nan,nan
2088,45.5263157895,0.5668477240,nan,0.0001811214,37.4203029386,nan,nan,nan,nan,nan,nan,nan
2089,45.5263157895,0.5189041675,nan,0.0003270768,34.8535027425,nan,nan,nan,nan,nan,nan,nan
2090,45.5263157895,0.1422484014,nan,0.0054173926,22.6620968953,nan,nan,nan,nan,nan,nan,nan
2091,45.5263157895,0.2136041924,nan,0.0040816402,23.8916527960,nan,nan,nan,nan,nan,nan,nan
2092,45.5263157895,0.5812214396,nan,0.0001501499,38.2347499385,nan,nan,nan,nan,nan,nan,nan
2093,45.5263157895,0.6321312384,nan,0.0000743666,41.2862204666,nan,nan,nan,nan,nan,nan,nan
2094,45.5263157895,0.5386292188,nan,0.0002581281,35.8816477127,nan,nan,nan,nan,nan,nan,nan
2095,45.5263157895,0.6212155208,nan,0.0000868956,40.6100242304,nan,nan,nan,nan,nan,nan,nan
2096,45.5263157895,0.3091303939,nan,0.0023308526,26.3248519739,nan,nan,nan,nan,nan,nan,nan
2097,45.5263157895,0.5559177933,nan,0.0002082160,36.8148592985,nan,nan,nan,nan,nan,nan,nan
2098,45.5263157895,0.2187334406,nan,0.0039816547,23.9993640333,nan,nan,nan,nan,nan,nan,nan
2099,45.5263157895,0.2841623958,nan,0.0027532129,25.6016020085,nan,nan,nan,nan,nan,nan,nan
2100,45.5263157895,0.0979959858,nan,0.0060945207,22.1506044035,nan,nan,nan,nan,nan,nan,nan
2101,45.5263157895,1.1145132987,nan,0.0000000048,83.1652078005,nan,nan,nan,nan,nan,nan,nan
2102,45.5263157895,1.2111038816,nan,0.0000000004,94.3806881238,nan,nan,nan,nan,nan,nan,nan
2103,45.5263157895,0.6570775552,nan,0.0000515641,42.8765231114,nan,nan,nan,nan,nan,nan,nan
2104,45.5263157895,1.1630845905,nan,0.0000000014,88.6866400362,nan,nan,nan,nan,nan,nan,nan
2105,45.5263157895,0.2676595940,nan,0.0030496453,25.1575066552,nan,nan,nan,nan,nan,nan,nan
2106,45.5263157895,0.2801402289,nan,0.0028243102,25.4908759989,nan,nan,nan,nan,nan,nan,nan
2107,45.5263157895,0.5980792342,nan,0.0001197742,39.2163664500,nan,nan,nan,nan,nan,nan,nan
2108,45.5263157895,0.6816819211,nan,0.0000354298,44.5063175784,nan,nan,nan,nan,nan,nan,nan
2109,45.5263157895,0.4628374493,nan,0.0006104057,32.1438139882,nan,nan,nan,nan,nan,nan,nan
2110,45.5263157895,0.1993130340,nan,0.0043598926,23.6052420517,nan,nan,nan,nan,nan,nan,nan
2111,45.5263157895,0.8868930073,nan,0.0000008964,60.4750496486,nan,nan,nan,nan,nan,nan,nan
2112,45.5263157895,0.2023074740,nan,0.0043017132,23.6635854638,nan,nan,nan,nan,nan,nan,nan
2113,45.5263157895,1.2318126678,nan,0.0000000002,96.9085648443,nan,nan,nan,nan,nan,nan,nan
2114,45.5263157895,0.3328552373,nan,0.0019636070,27.0694543705,nan,nan,nan,nan,nan,nan,nan
2115,45.5263157895,0.2021751606,nan,0.0043042860,23.6609888078,nan,nan,nan,nan,nan,nan,nan
2116,45.5263157895,0.2185374982,nan,0.0039854727,23.9952016336,nan,nan,nan,nan,nan,nan,nan
2117,45.5263157895,0.6488907428,nan,0.0000582408,42.3477261389,nan,nan,nan,nan,nan,nan,nan
2118,45.5263157895,0.3561695465,nan,0.0016384398,27.8556950029,nan,nan,nan,nan,nan,nan,nan
2119,45.5263157895,0.9732534593,nan,0.0000001424,68.4663986842,nan,nan,nan,nan,nan,nan,nan
2120,45.5263157895,0.5841492257,nan,0.0001444380,38.4031860799,nan,nan,nan,nan,nan,nan,nan
2121,45.5263157895,0.4810367402,nan,0.0005024695,32.9889032657,nan,nan,nan,nan,nan,nan,nan
2122,45.5263157895,0.4132113746,nan,0.0009982526,30.0075955942,nan,nan,nan,nan,nan,nan,nan
2123,45.5263157895,0.8961950840,nan,0.0000007414,61.2995816153,nan,nan,nan,nan,nan,nan,nan
2124,45.5263157895,0.5588051861,nan,0.0002007411,36.9736367671,nan,nan,nan,nan,nan,nan,nan
2125,45.5263157895,1.0759422963,nan,0.0000000127,78.9510288952,nan,nan,nan,nan,nan,nan,nan
2126,45.5263157895,0.4043837605,nan,0.0010830891,29.6533581084,nan,nan,nan,nan,nan,nan,nan
2127,45.5263157895,1.0972398408,nan,0.0000000075,81.2592995067,nan,nan,nan,nan,nan,nan,nan
2128,45.5263157895,0.2844384001,nan,0.0027483631,25.6092589381,nan,nan,nan,nan,nan,nan,nan
2129,45.5263157895,1.2816737100,nan,0.0000000000,103.1737412063,nan,nan,nan,nan,nan,nan,nan
2130,45.5263157895,0.9244990388,nan,0.0000004109,63.8622209616,nan,nan,nan,nan,nan,nan,nan
2131,45.5263157895,0.9869068675,nan,0.0000001047,69.7988778036,nan,nan,nan,nan,nan,nan,nan
2132,45.5263157895,0.2824798515,nan,0.0027828589,25.5550881561,nan,nan,nan,nan,nan,nan,nan
2133,45.5263157895,0.8344095030,nan,0.0000025196,55.9867148906,nan,nan,nan,nan,nan,nan,nan
2134,45.5263157895,0.8424803494,nan,0.0000021583,56.6588273542,nan,nan,nan,nan,nan,nan,nan
2135,45.5263157895,1.0588095303,nan,0.0000000194,77.1275149699,nan,nan,nan,nan,nan,nan,nan
2136,45.5263157895,0.7332750136,nan,0.0000154112,48.1216440814,nan,nan,nan,nan,nan,nan,nan
2137,45.5263157895,1.0213052560,nan,0.0000000474,73.2395861079,nan,nan,nan,nan,nan,nan,nan
2138,45.5263157895,0.2172668820,nan,0.0040102348,23.9683019686,nan,nan,nan,nan,nan,nan,nan
2139,45.5263157895,0.6987594972,nan,0.0000270811,45.6733421784,nan,nan,nan,nan,nan,nan,nan
2140,45.5263157895,0.8259822504,nan,0.0000029567,55.2919391649,nan,nan,nan,nan,nan,nan,nan
2141,45.5263157895,0.7100558684,nan,0.0000225869,46.4614276738,nan,nan,nan,nan,nan,nan,nan
2142,45.5263157895,1.2174468946,nan,0.0000000003,95.1503383526,nan,nan,nan,nan,nan,nan,nan
2143,45.5263157895,0.5938945213,nan,0.0001267642,38.9700322858,nan,nan,nan,nan,nan,nan,nan
2144,45.5263157895,0.0854288836,nan,0.0062514400,22.0401993174,nan,nan,nan,nan,nan,nan,nan
2145,45.5263157895,0.9089151173,nan,0.0000005700,62.4412343398,nan,nan,nan,nan,nan,nan,nan
2146,45.5263157895,0.4529559649,nan,0.0006762642,31.6988357719,nan,nan,nan,nan,nan,nan,nan
2147,45.5263157895,0.7123486940,nan,0.0000217623,46.6229537366,nan,nan,nan,nan,nan,nan,nan
2148,45.5263157895,0.1489298350,nan,0.0053015351,22.7559835530,nan,nan,nan,nan,nan,nan,nan
2149,45.5263157895,0.3734864876,nan,0.0014207904,28.4746997485,nan,nan,nan,nan,nan,nan,nan
2150,45.5263157895,0.7844366064,nan,0.0000063511,51.9714966339,nan,nan,nan,nan,nan,nan,nan
2151,45.5263157895,0.3340490406,nan,0.0019460768,27.1084002110,nan,nan,nan,nan,nan,nan,nan
2152,45.5263157895,0.8944137880,nan,0.0000007690,61.1410114386,nan,nan,nan,nan,nan,nan,nan
2153,45.5263157895,0.9485577186,nan,0.0000002452,66.1041793281,nan,nan,nan,nan,nan,nan,nan
2154,45.5263157895,0.7743799506,nan,0.0000075964,51.1939114221,nan,nan,nan,nan,nan,nan,nan
2155,45.5263157895,0.4906932510,nan,0.0004517770,33.4507589001,nan,nan,nan,nan,nan,nan,nan
2156,45.5263157895,0.9244399598,nan,0.0000004115,63.8567876061,nan,nan,nan,nan,nan,nan,nan
2157,45.5263157895,0.5686957657,nan,0.0001768538,37.5238560432,nan,nan,nan,nan,nan,nan,nan
2158,45.5263157895,0.5614174911,nan,0.0001941777,37.1180075344,nan,nan,nan,nan,nan,nan,nan
2159,45.5263157895,0.5491921747,nan,0.0002265552,36.4482594727,nan,nan,nan,nan,nan,nan,nan
2160,45.5263157895,0.5463269737,nan,0.0002347761,36.2934606683,nan,nan,nan,nan,nan,nan,nan
2161,45.5263157895,1.0109013071,nan,0.0000000604,72.1862903611,nan,nan,nan,nan,nan,nan,nan
2162,45.5263157895,0.4965975652,nan,0.0004228877,33.7377495881,nan,nan,nan,nan,nan,nan,nan
2163,45.5263157895,0.3074858434,nan,0.0023575937,26.2753104072,nan,nan,nan,nan,nan,nan,nan
2164,45.5263157895,0.6985347132,nan,0.0000271782,45.6577905740,nan,nan,nan,nan,nan,nan,nan
2165,45.5263157895,0.4890810775,nan,0.0004599385,33.3730023967,nan,nan,nan,nan,nan,nan,nan
2166,45.5263157895,0.4739194692,nan,0.0005426919,32.6544668503,nan,nan,nan,nan,nan,nan,nan
2167,45.5263157895,0.7481702684,nan,0.0000119804,49.2152760238,nan,nan,nan,nan,nan,nan,nan
2168,45.5263157895,0.2105534522,nan,0.0041411210,23.8288207910,nan,nan,nan,nan,nan,nan,nan
2169,45.5263157895,0.9522653166,nan,0.0000002262,66.4548855982,nan,nan,nan,nan,nan,nan,nan
2170,45.5263157895,0.9675620411,nan,0.0000001616,67.9165262412,nan,nan,nan,nan,nan,nan,nan
2171,45.5263157895,0.4734034891,nan,0.0005457053,32.6304182129,nan,nan,nan,nan,nan,nan,nan
2172,45.5263157895,0.6585257215,nan,0.0000504573,42.9707635004,nan,nan,nan,nan,nan,nan,nan
2173,45.5263157895,0.8286391423,nan,0.0000028118,55.5102100482,nan,nan,nan,nan,nan,nan,nan
2174,45.5263157895,0.7558952069,nan,0.0000104924,49.7912555190,nan,nan,nan,nan,nan,nan,nan
2175,45.5263157895,0.9474730450,nan,0.0000002511,66.0018416153,nan,nan,nan,nan,nan,nan,nan
2176,45.5263157895,0.6829111047,nan,0.0000347589,44.5893358064,nan,nan,nan,nan,nan,nan,nan
2177,45.5263157895,0.7594289780,nan,0.0000098702,50.0567418640,nan,nan,nan,nan,nan,nan,nan
2178,45.5263157895,0.2520127897,nan,0.0033408986,24.7613671078,nan,nan,nan,nan,nan,nan,nan
2179,45.5263157895,0.1567444163,nan,0.0051625568,22.8713515491,nan,nan,nan,nan,nan,nan,nan
2180,45.5263157895,0.3420433916,nan,0.0018311103,27.3728550360,nan,nan,nan,nan,nan,nan,nan
2181,45.5263157895,0.4503631217,nan,0.0006944337,31.5836924190,nan,nan,nan,nan,nan,nan,nan
2182,45.5263157895,0.4679226071,nan,0.0005785474,32.3766104236,nan,nan,nan,nan,nan,nan,nan
2183,45.5263157895,0.9032512062,nan,0.0000006411,61.9308654230,nan,nan,nan,nan,nan,nan,nan
2184,45.5263157895,0.4996774378,nan,0.0004084287,33.8888374554,nan,nan,nan,nan,nan,nan,nan
2185,45.5263157895,0.0649914693,nan,0.0064663170,21.8934301111,nan,nan,nan,nan,nan,nan,nan
2186,45.5263157895,0.4286528961,nan,0.0008617996,30.6459373032,nan,nan,nan,nan,nan,nan,nan
2187,45.5263157895,0.5390307581,nan,0.0002568631,35.9029823605,nan,nan,nan,nan,nan,nan,nan
2188,45.5263157895,0.4942655703,nan,0.0004341121,33.6239815827,nan,nan,nan,nan,nan,nan,nan
2189,45.5263157895,0.5380913032,nan,0.0002598309,35.8530924175,nan,nan,nan,nan,nan,nan,nan
2190,45.5263157895,0.7780869256,nan,0.0000071132,51.4793497831,nan,nan,nan,nan,nan,nan,nan
2191,45.5263157895,0.3504377966,nan,0.0017149890,27.6573865349,nan,nan,nan,nan,nan,nan,nan
2192,45.5263157895,0.4508272071,nan,0.0006911539,31.6042522280,nan,nan,nan,nan,nan,nan,nan
2193,45.5263157895,0.4592042563,nan,0.0006340053,31.9790712474,nan,nan,nan,nan,nan,nan,nan
2194,45.5263157895,0.5542841817,nan,0.0002125496,36.7253974328,nan,nan,nan,nan,nan,nan,nan
2195,45.5263157895,0.2544728659,nan,0.0032945460,24.8220442166,nan,nan,nan,nan,nan,nan,nan
2196,45.5263157895,0.3426408507,nan,0.0018226889,27.3928744022,nan,nan,nan,nan,nan,nan,nan
2197,45.5263157895,0.2915364815,nan,0.0026249617,25.8087703047,nan,nan,nan,nan,nan,nan,nan
2198,45.5263157895,0.8836499621,nan,0.0000009573,60.1896430299,nan,nan,nan,nan,nan,nan,nan
2199,45.5263157895,0.3583884851,nan,0.0016094058,27.9333444065,nan,nan,nan,nan,nan,nan,nan
2200,45.5263157895,0.4095056167,nan,0.0010332507,29.8579428596,nan,nan,nan,nan,nan,nan,nan
2201,45.5263157895,0.2296220600,nan,0.0037699607,24.2366317698,nan,nan,nan,nan,nan,nan,nan
2202,45.5263157895,1.0994221515,nan,0.0000000071,81.4984201905,nan,nan,nan,nan,nan,nan,nan
2203,45.5263157895,0.7951320213,nan,0.0000052364,52.8096616667,nan,nan,nan,nan,nan,nan,nan
2204,45.5263157895,0.0911681177,nan,0.0061819966,22.0887124110,nan,nan,nan,nan,nan,nan,nan
2205,45.5263157895,0.6157669112,nan,0.0000938215,40.2769776620,nan,nan,nan,nan,nan,nan,nan
2206,45.5263157895,0.1748976238,nan,0.0048277995,23.1625077724,nan,nan,nan,nan,nan,nan,nan
2207,45.5263157895,0.7839687645,nan,0.0000064046,51.9350967217,nan,nan,nan,nan,nan,nan,nan
2208,45.5263157895,0.1935217251,nan,0.0044720711,23.4949129818,nan,nan,nan,nan,nan,nan,nan
2209,45.5263157895,0.8270246849,nan,0.0000028990,55.3774930656,nan,nan,nan,nan,nan,nan,nan
2210,45.5263157895,0.1527815937,nan,0.0052334750,22.8120984634,nan,nan,nan,nan,nan,nan,nan
2211,45.5263157895,1.0378092927,nan,0.0000000321,74.9329429755,nan,nan,nan,nan,nan,nan,nan
2212,45.5263157895,0.5687393517,nan,0.0001767542,37.5263024729,nan,nan,nan,nan,nan,nan,nan
2213,45.5263157895,0.6881855281,nan,0.0000320089,44.9472924351,nan,nan,nan,nan,nan,nan,nan
2214,45.5263157895,0.5008531167,nan,0.0004030173,33.9467625759,nan,nan,nan,nan,nan,nan,nan
2215,45.5263157895,0.3883981543,nan,0.0012497802,29.0316636057,nan,nan,nan,nan,nan,nan,nan
2216,45.5263157895,0.2944824950,nan,0.0025745160,25.8930440426,nan,nan,nan,nan,nan,nan,nan
2217,45.5263157895,0.8042105543,nan,0.0000044359,53.5301699614,nan,nan,nan,nan,nan,nan,nan
2218,45.5263157895,0.8735571724,nan,0.0000011727,59.3082186786,nan,nan,nan,nan,nan,nan,nan
2219,45.5263157895,0.6283938234,nan,0.0000784630,41.0533510102,nan,nan,nan,nan,nan,nan,nan
2220,45.5263157895,0.1270280311,nan,0.0056694889,22.4645608748,nan,nan,nan,nan,nan,nan,nan
2221,45.5263157895,0.4344655966,nan,0.0008142547,30.8923972103,nan,nan,nan,nan,nan,nan,nan
2222,45.5263157895,0.6739457442,nan,0.0000399272,43.9873101855,nan,nan,nan,nan,nan,nan,nan
2223,45.5263157895,0.8093364931,nan,0.0000040358,53.9406572132,nan,nan,nan,nan,nan,nan,nan
2224,45.5263157895,0.4704509700,nan,0.0005632069,32.4933201925,nan,nan,nan,nan,nan,nan,nan
2225,45.5263157895,0.0968433887,nan,0.0061096482,22.1398379312,nan,nan,nan,nan,nan,nan,nan
2226,45.5263157895,0.4732309761,nan,0.0005467158,32.6223837189,nan,nan,nan,nan,nan,nan,nan
2227,45.5263157895,0.4242194782,nan,0.0008994505,30.4602271123,nan,nan,nan,nan,nan,nan,nan
2228,45.5263157895,0.5752500138,nan,0.0001624098,37.8938787016,nan,nan,nan,nan,nan,nan,nan
2229,45.5263157895,1.1300414284,nan,0.0000000032,84.9043697672,nan,nan,nan,nan,nan,nan,nan
2230,45.5263157895,0.4654643121,nan,0.0005937795,32.2637478700,nan,nan,nan,nan,nan,nan,nan
2231,45.5263157895,0.2569814340,nan,0.0032474806,24.8845343260,nan,nan,nan,nan,nan,nan,nan
2232,45.5263157895,0.2268124278,nan,0.0038244701,24.1742873549,nan,nan,nan,nan,nan,nan,nan
2233,45.5263157895,0.2145086557,nan,0.0040640053,23.9104573698,nan,nan,nan,nan,nan,nan,nan
2234,45.5263157895,0.4681895612,nan,0.0005769122,32.3889028996,nan,nan,nan,nan,nan,nan,nan
2235,45.5263157895,0.9946314187,nan,0.0000000879,70.5610981303,nan,nan,nan,nan,nan,nan,nan
2236,45.5263157895,0.5718141070,nan,0.0001698492,37.6993658060,nan,nan,nan,nan,nan,nan,nan
2237,45.5263157895,0.7789884092,nan,0.0000070001,51.5489737695,nan,nan,nan,nan,nan,nan,nan
2238,45.5263157895,0.9667797522,nan,0.0000001644,67.8412021589,nan,nan,nan,nan,nan,nan,nan
2239,45.5263157895,0.8964696627,nan,0.0000007372,61.3240530083,nan,nan,nan,nan,nan,nan,nan
2240,45.5263157895,0.8205033704,nan,0.0000032779,54.8440835807,nan,nan,nan,nan,nan,nan,nan
2241,45.5263157895,0.5056697323,nan,0.0003814592,34.1855195063,nan,nan,nan,nan,nan,nan,nan
2242,45.5263157895,0.5780941688,nan,0.0001564665,38.0557874522,nan,nan,nan,nan,nan,nan,nan
2243,45.5263157895,0.4293459183,nan,0.0008560232,30.6751444695,nan,nan,nan,nan,nan,nan,nan
2244,45.5263157895,0.1168054405,nan,0.0058282487,22.3446192710,nan,nan,nan,nan,nan,nan,nan
2245,45.5263157895,0.2088358354,nan,0.0041746017,23.7938495061,nan,nan,nan,nan,nan,nan,nan
2246,45.5263157895,0.5876127490,nan,0.0001379255,38.6035540254,nan,nan,nan,nan,nan,nan,nan
2247,45.5263157895,0.2750767906,nan,0.0029148985,25.3537655806,nan,nan,nan,nan,nan,nan,nan
2248,45.5263157895,0.1744954911,nan,0.0048353653,23.1557070678,nan,nan,nan,nan,nan,nan,nan
2249,45.5263157895,0.6424737998,nan,0.0000640036,41.9379576277,nan,nan,nan,nan,nan,nan,nan
2250,45.5263157895,0.1623781118,nan,0.0050602934,22.9582430344,nan,nan,nan,nan,nan,nan,nan
2251,45.5263157895,0.1120857105,nan,0.0058983560,22.2926901907,nan,nan,nan,nan,nan,nan,nan
2252,45.5263157895,1.0374069259,nan,0.0000000324,74.8913309806,nan,nan,nan,nan,nan,nan,nan
2253,45.5263157895,0.5227756886,nan,0.0003124477,35.0522267175,nan,nan,nan,nan,nan,nan,nan
2254,45.5263157895,0.2977399408,nan,0.0025192837,25.9872292630,nan,nan,nan,nan,nan,nan,nan
2255,45.5263157895,0.6438046018,nan,0.0000627683,42.0225988440,nan,nan,nan,nan,nan,nan,nan
2256,45.5263157895,0.9845194199,nan,0.0000001105,69.5645181712,nan,nan,nan,nan,nan,nan,nan
2257,45.5263157895,0.5881268660,nan,0.0001369809,38.6333987746,nan,nan,nan,nan,nan,nan,nan
2258,45.5263157895,0.2808134391,nan,0.0028123560,25.5092969825,nan,nan,nan,nan,nan,nan,nan
2259,45.5263157895,0.4331865951,nan,0.0008245409,30.8378777183,nan,nan,nan,nan,nan,nan,nan
2260,45.5263157895,0.4785386083,nan,0.0005163046,32.8709404091,nan,nan,nan,nan,nan,nan,nan
2261,45.5263157895,0.7329537871,nan,0.0000154942,48.0983053492,nan,nan,nan,nan,nan,nan,nan
2262,45.5263157895,0.1197705073,nan,0.0057831491,22.3783560756,nan,nan,nan,nan,nan,nan,nan
2263,45.5263157895,0.2907274488,nan,0.0026388957,25.7857778095,nan,nan,nan,nan,nan,nan,nan
2264,45.5263157895,0.5219879337,nan,0.0003153792,35.0116698382,nan,nan,nan,nan,nan,nan,nan
2265,45.5263157895,0.8052690599,nan,0.0000043504,53.6147183460,nan,nan,nan,nan,nan,nan,nan
2266,45.5263157895,0.4294348225,nan,0.0008552843,30.6788947724,nan,nan,nan,nan,nan,nan,nan
2267,45.5263157895,0.3797275268,nan,0.0013473760,28.7051117965,nan,nan,nan,nan,nan,nan,nan
2268,45.5263157895,0.7896499503,nan,0.0000057828,52.3786083795,nan,nan,nan,nan,nan,nan,nan
2269,45.5263157895,0.3876160632,nan,0.0012583744,29.0019011496,nan,nan,nan,nan,nan,nan,nan
2270,45.5263157895,0.7835628567,nan,0.0000064513,51.9035334004,nan,nan,nan,nan,nan,nan,nan
2271,45.5263157895,0.1520757682,nan,0.0052460128,22.8017065618,nan,nan,nan,nan,nan,nan,nan
2272,45.5263157895,0.2313001894,nan,0.0037374545,24.2742408117,nan,nan,nan,nan,nan,nan,nan
2273,45.5263157895,0.6278009037,nan,0.0000791309,41.0165365748,nan,nan,nan,nan,nan,nan,nan
2274,45.5263157895,0.7193831680,nan,0.0000194007,47.1218247348,nan,nan,nan,nan,nan,nan,nan
2275,45.5263157895,0.1886656423,nan,0.0045656765,23.4049486475,nan,nan,nan,nan,nan,nan,nan
2276,45.5263157895,0.7355241142,nan,0.0000148411,48.2853437696,nan,nan,nan,nan,nan,nan,nan
2277,45.5263157895,0.7101698093,nan,0.0000225453,46.4694421383,nan,nan,nan,nan,nan,nan,nan
2278,45.5263157895,0.7112118290,nan,0.0000221677,46.5427971810,nan,nan,nan,nan,nan,nan,nan
2279,45.5263157895,0.8325460296,nan,0.0000026107,55.8324655610,nan,nan,nan,nan,nan,nan,nan
2280,45.5263157895,0.8633137783,nan,0.0000014374,58.4241631011,nan,nan,nan,nan,nan,nan,nan
2281,45.5263157895,0.1903811836,nan,0.0045326632,23.4364655251,nan,nan,nan,nan,nan,nan,nan
2282,45.5263157895,0.5830364166,nan,0.0001465864,38.3390646013,nan,nan,nan,nan,nan,nan,nan
2283,45.5263157895,0.8517442671,nan,0.0000018037,57.4384009259,nan,nan,nan,nan,nan,nan,nan
2284,45.5263157895,0.2462008450,nan,0.0034511225,24.6203962503,nan,nan,nan,nan,nan,nan,nan
2285,45.5263157895,0.4402740719,nan,0.0007687677,31.1420485746,nan,nan,nan,nan,nan,nan,nan
2286,45.5263157895,0.1987718920,nan,0.0043703953,23.5947928184,nan,nan,nan,nan,nan,nan,nan
2287,45.5263157895,0.9683082402,nan,0.0000001589,67.9884330539,nan,nan,nan,nan,nan,nan,nan
2288,45.5263157895,0.6999937643,nan,0.0000265532,45.7588251348,nan,nan,nan,nan,nan,nan,nan
2289,45.5263157895,0.6960460089,nan,0.0000282752,45.4859502845,nan,nan,nan,nan,nan,nan,nan
2290,45.5263157895,0.1024594579,nan,0.0060345936,22.1935197274,nan,nan,nan,nan,nan,nan,nan
2291,45.5263157895,0.2282873725,nan,0.0037958423,24.2069184126,nan,nan,nan,nan,nan,nan,nan
2292,45.5263157895,0.7528667267,nan,0.0000110542,49.5647322381,nan,nan,nan,nan,nan,nan,nan
2293,45.5263157895,0.1871663467,nan,0.0045944741,23.3776419244,nan,nan,nan,nan,nan,nan,nan
2294,45.5263157895,0.5826478825,nan,0.0001473430,38.3167060391,nan,nan,nan,nan,nan,nan,nan
2295,45.5263157895,0.2248910283,nan,0.0038618006,24.1321015188,nan,nan,nan,nan,nan,nan,nan
2296,45.5263157895,0.5029816117,nan,0.0003933703,34.0519844864,nan,nan,nan,nan,nan,nan,nan
2297,45.5263157895,0.4441576276,nan,0.0007394613,31.3108457210,nan,nan,nan,nan,nan,nan,nan
2298,45.5263157895,0.3308669688,nan,0.0019930101,27.0049049749,nan,nan,nan,nan,nan,nan,nan
2299,45.5263157895,0.0722313731,nan,0.0063961881,21.9407877475,nan,nan,nan,nan,nan,nan,nan
2300,45.5263157895,0.5741544006,nan,0.0001647508,37.8317254430,nan,nan,nan,nan,nan,nan,nan
2301,45.5263157895,0.4176668173,nan,0.0009573401,30.1893376958,nan,nan,nan,nan,nan,nan,nan
2302,45.5263157895,0.2272639717,nan,0.0038157031,24.1842542903,nan,nan,nan,nan,nan,nan,nan
2303,45.5263157895,0.5397817060,nan,0.0002545115,35.9429252139,nan,nan,nan,nan,nan,nan,nan
2304,45.5263157895,0.5804964149,nan,0.0001515943,38.1931719964,nan,nan,nan,nan,nan,nan,nan
2305,45.5263157895,0.6102461209,nan,0.0001013314,39.9425603423,nan,nan,nan,nan,nan,nan,nan
2306,45.5263157895,0.3596535491,nan,0.0015930033,27.9778333683,nan,nan,nan,nan,nan,nan,nan
2307,45.5263157895,0.5569219962,nan,0.0002055897,36.8699855114,nan,nan,nan,nan,nan,nan,nan
2308,45.5263157895,0.1239214356,nan,0.0057186959,22.4270299668,nan,nan,nan,nan,nan,nan,nan
2309,45.5263157895,0.2157936550,nan,0.0040389525,23.9373124918,nan,nan,nan,nan,nan,nan,nan
2310,45.5263157895,0.1423423686,nan,0.0054157836,22.6633869526,nan,nan,nan,nan,nan,nan,nan
2311,45.5263157895,0.2702327939,nan,0.0030026341,25.2249758773,nan,nan,nan,nan,nan,nan,nan
2312,45.5263157895,0.0732896283,nan,0.0063853755,21.9481356084,nan,nan,nan,nan,nan,nan,nan
2313,45.5263157895,0.4433408203,nan,0.0007455524,31.2752184102,nan,nan,nan,nan,nan,nan,nan
2314,45.5263157895,0.6382129781,nan,0.0000681058,41.6681595809,nan,nan,nan,nan,nan,nan,nan
2315,45.5263157895,0.7323798169,nan,0.0000156436,48.0566293861,nan,nan,nan,nan,nan,nan,nan
2316,45.5263157895,0.7929318115,nan,0.0000054497,52.6362958257,nan,nan,nan,nan,nan,nan,nan
2317,45.5263157895,0.1068762670,nan,0.0059732416,22.2378991588,nan,nan,nan,nan,nan,nan,nan
2318,45.5263157895,0.1744858190,nan,0.0048355472,23.1555436939,nan,nan,nan,nan,nan,nan,nan
2319,45.5263157895,0.9224871659,nan,0.0000004288,63.6773923580,nan,nan,nan,nan,nan,nan,nan
2320,45.5263157895,0.7994883620,nan,0.0000048369,53.1543605773,nan,nan,nan,nan,nan,nan,nan
2321,45.5263157895,0.3182296460,nan,0.0021858386,26.6038191642,nan,nan,nan,nan,nan,nan,nan
2322,45.5263157895,0.5647752811,nan,0.0001860123,37.3045832341,nan,nan,nan,nan,nan,nan,nan
2323,45.5263157895,0.2953548895,nan,0.0025596671,25.9181650582,nan,nan,nan,nan,nan,nan,nan
2324,45.5263157895,0.6953736392,nan,0.0000285783,45.4396313898,nan,nan,nan,nan,nan,nan,nan
2325,45.5263157895,1.1675097874,nan,0.0000000012,89.2015808074,nan,nan,nan,nan,nan,nan,nan
2326,45.5263157895,0.9409706093,nan,0.0000002890,65.3908392751,nan,nan,nan,nan,nan,nan,nan
2327,45.5263157895,1.0929835410,nan,0.0000000083,80.7943164907,nan,nan,nan,nan,nan,nan,nan
2328,45.5263157895,0.5831180701,nan,0.0001464278,38.3437653537,nan,nan,nan,nan,nan,nan,nan
2329,45.5263157895,0.1801549645,nan,0.0047283741,23.2528817480,nan,nan,nan,nan,nan,nan,nan
2330,45.5263157895,0.7635201977,nan,0.0000091925,50.3656804257,nan,nan,nan,nan,nan,nan,nan
2331,45.5263157895,0.5419375480,nan,0.0002478616,36.0579082886,nan,nan,nan,nan,nan,nan,nan
2332,45.5263157895,0.1144746356,nan,0.0058631331,22.3187024325,nan,nan,nan,nan,nan,nan,nan
2333,45.5263157895,0.5018005682,nan,0.0003986994,33.9935437261,nan,nan,nan,nan,nan,nan,nan
2334,45.5263157895,0.1231909464,nan,0.0057301474,22.4183420295,nan,nan,nan,nan,nan,nan,nan
2335,45.5263157895,0.4183866732,nan,0.0009508484,30.2188872573,nan,nan,nan,nan,nan,nan,nan
2336,45.5263157895,0.5216779766,nan,0.0003165389,34.9957290103,nan,nan,nan,nan,nan,nan,nan
2337,45.5263157895,0.2148801628,nan,0.0040567620,23.9182047223,nan,nan,nan,nan,nan,nan,nan
2338,45.5263157895,0.0568970432,nan,0.0065365855,21.8464905129,nan,nan,nan,nan,nan,nan,nan
2339,45.5263157895,0.2281484712,nan,0.0037985371,24.2038362511,nan,nan,nan,nan,nan,nan,nan
2340,45.5263157895,0.8698392247,nan,0.0000012630,58.9861161222,nan,nan,nan,nan,nan,nan,nan
2341,45.5263157895,0.2239005978,nan,0.0038810583,24.1104983083,nan,nan,nan,nan,nan,nan,nan
2342,45.5263157895,0.6437553742,nan,0.0000628136,42.0194647177,nan,nan,nan,nan,nan,nan,nan
2343,45.5263157895,0.5932436498,nan,0.0001278829,38.9318765435,nan,nan,nan,nan,nan,nan,nan
2344,45.5263157895,0.3670555583,nan,0.0014992234,28.2413363457,nan,nan,nan,nan,nan,nan,nan
2345,45.5263157895,0.2142410679,nan,0.0040692225,23.9048855754,nan,nan,nan,nan,nan,nan,nan
2346,45.5263157895,0.8290582462,nan,0.0000027895,55.5447056260,nan,nan,nan,nan,nan,nan,nan
2347,45.5263157895,0.5975877116,nan,0.0001205774,39.1873417325,nan,nan,nan,nan,nan,nan,nan
2348,45.5263157895,1.1307125975,nan,0.0000000032,84.9800926152,nan,nan,nan,nan,nan,nan,nan
2349,45.5263157895,0.2644900062,nan,0.0031079199,25.0753018826,nan,nan,nan,nan,nan,nan,nan
2350,45.5263157895,0.0858619307,nan,0.0062463339,22.0437480460,nan,nan,nan,nan,nan,nan,nan
2351,45.5263157895,0.7592410621,nan,0.0000099024,50.0425923784,nan,nan,nan,nan,nan,nan,nan
2352,45.5263157895,0.3852949379,nan,0.0012841242,28.9139297788,nan,nan,nan,nan,nan,nan,nan
2353,45.5263157895,0.1242777837,nan,0.0057130930,22.4312870724,nan,nan,nan,nan,nan,nan,nan
2354,45.5263157895,0.4352790042,nan,0.0008077640,30.9271550044,nan,nan,nan,nan,nan,nan,nan
2355,45.5263157895,0.3401453775,nan,0.0018580214,27.3094928945,nan,nan,nan,nan,nan,nan,nan
2356,45.5263157895,0.6942312007,nan,0.0000291002,45.3610342393,nan,nan,nan,nan,nan,nan,nan
2357,45.5263157895,0.2325126026,nan,0.0037139959,24.3015857507,nan,nan,nan,nan,nan,nan,nan
2358,45.5263157895,0.7795805099,nan,0.0000069267,51.5947478656,nan,nan,nan,nan,nan,nan,nan
2359,45.5263157895,0.2962808522,nan,0.0025439518,25.9449112246,nan,nan,nan,nan,nan,nan,nan
2360,45.5263157895,1.0310187051,nan,0.0000000377,74.2328706112,nan,nan,nan,nan,nan,nan,nan
2361,45.5263157895,0.2497755586,nan,0.0033832131,24.7067065135,nan,nan,nan,nan,nan,nan,nan
2362,45.5263157895,0.1864198542,nan,0.0046087923,23.3641285979,nan,nan,nan,nan,nan,nan,nan
2363,45.5263157895,0.3777748268,nan,0.0013700603,28.6326031693,nan,nan,nan,nan,nan,nan,nan
2364,45.5263157895,0.2212536600,nan,0.0039325667,24.0532390080,nan,nan,nan,nan,nan,nan,nan
2365,45.5263157895,1.1415865114,nan,0.0000000024,86.2132808001,nan,nan,nan,nan,nan,nan,nan
2366,45.5263157895,0.7200914213,nan,0.0000191764,47.1723287444,nan,nan,nan,nan,nan,nan,nan
2367,45.5263157895,0.3769060645,nan,0.0013802362,28.6004659769,nan,nan,nan,nan,nan,nan,nan
2368,45.5263157895,0.6287105656,nan,0.0000781082,41.0730320311,nan,nan,nan,nan,nan,nan,nan
2369,45.5263157895,0.7208503189,nan,0.0000189387,47.2265001465,nan,nan,nan,nan,nan,nan,nan
2370,45.5263157895,0.2960543281,nan,0.0025477920,25.9383602790,nan,nan,nan,nan,nan,nan,nan
2371,45.5263157895,0.6314375979,nan,0.0000751122,41.2428953021,nan,nan,nan,nan,nan,nan,nan
2372,45.5263157895,0.4986858453,nan,0.0004130390,33.8400897339,nan,nan,nan,nan,nan,nan,nan
2373,45.5263157895,0.5732462885,nan,0.0001667132,37.7803002416,nan,nan,nan,nan,nan,nan,nan
2374,45.5263157895,0.8062735078,nan,0.0000042707,53.6950533809,nan,nan,nan,nan,nan,nan,nan
2375,45.5263157895,1.1537549912,nan,0.0000000017,87.6075072536,nan,nan,nan,nan,nan,nan,nan
2376,45.5263157895,0.1761412221,nan,0.0048043654,23.1836396853,nan,nan,nan,nan,nan,nan,nan
2377,45.5263157895,0.4280813279,nan,0.0008665857,30.6218848554,nan,nan,nan,nan,nan,nan,nan
2378,45.5263157895,0.4641172641,nan,0.0006022600,32.2021599296,nan,nan,nan,nan,nan,nan,nan
2379,45.5263157895,0.5211880188,nan,0.0003183794,34.9705505220,nan,nan,nan,nan,nan,nan,nan
2380,45.5263157895,0.2306828453,nan,0.0037494080,24.2603729714,nan,nan,nan,nan,nan,nan,nan
2381,45.5263157895,0.5850115322,nan,0.0001427921,38.4529587327,nan,nan,nan,nan,nan,nan,nan
2382,45.5263157895,0.4785946183,nan,0.0005159910,32.8735783811,nan,nan,nan,nan,nan,nan,nan
2383,45.5263157895,0.4310290197,nan,0.0008421166,30.7462778188,nan,nan,nan,nan,nan,nan,nan
2384,45.5263157895,0.7253146778,nan,0.0000175940,47.5463477940,nan,nan,nan,nan,nan,nan,nan
2385,45.5263157895,0.0457267732,nan,0.0066189571,21.7921043311,nan,nan,nan,nan,nan,nan,nan
2386,45.5263157895,0.4952681727,nan,0.0004292569,33.6728275439,nan,nan,nan,nan,nan,nan,nan
2387,45.5263157895,0.6559464193,nan,0.0000524438,42.8030603619,nan,nan,nan,nan,nan,nan,nan
2388,45.5263157895,0.4634840005,nan,0.0006062797,32.1732693748,nan,nan,nan,nan,nan,nan,nan
2389,45.5263157895,0.6675236417,nan,0.0000440450,43.5610349538,nan,nan,nan,nan,nan,nan,nan
2390,45.5263157895,0.8300792621,nan,0.0000027360,55.6288175475,nan,nan,nan,nan,nan,nan,nan
2391,45.5263157895,0.4688581630,nan,0.0005728328,32.4197213817,nan,nan,nan,nan,nan,nan,nan
2392,45.5263157895,0.2403447880,nan,0.0035630870,24.4817357668,nan,nan,nan,nan,nan,nan,nan
2393,45.5263157895,0.7825258819,nan,0.0000065721,51.8229738582,nan,nan,nan,nan,nan,nan,nan
2394,45.5263157895,0.3835688023,nan,0.0013035098,28.8488568677,nan,nan,nan,nan,nan,nan,nan
2395,45.5263157895,0.8352038444,nan,0.0000024817,56.0525731851,nan,nan,nan,nan,nan,nan,nan
2396,45.5263157895,0.6197550777,nan,0.0000887062,40.5204620349,nan,nan,nan,nan,nan,nan,nan
2397,45.5263157895,0.2996869936,nan,0.0024865495,26.0440288781,nan,nan,nan,nan,nan,nan,nan
2398,45.5263157895,0.3838205483,nan,0.0013006700,28.8583288447,nan,nan,nan,nan,nan,nan,nan
2399,45.5263157895,0.5079946989,nan,0.0003713986,34.3015979329,nan,nan,nan,nan,nan,nan,nan
2400,45.5263157895,0.8099316835,nan,0.0000039916,53.9884920766,nan,nan,nan,nan,nan,nan,nan
2401,45.5263157895,0.3981678778,nan,0.0011458852,29.4085889959,nan,nan,nan,nan,nan,nan,nan
2402,45.5263157895,0.3743015709,nan,0.0014110515,28.5045713809,nan,nan,nan,nan,nan,nan,nan
2403,45.5263157895,0.0457694921,nan,0.0066186750,21.7922894156,nan,nan,nan,nan,nan,nan,nan
2404,45.5263157895,0.2278919102,nan,0.0038035153,24.1981482785,nan,nan,nan,nan,nan,nan,nan
2405,45.5263157895,0.1868916700,nan,0.0045997442,23.3726632268,nan,nan,nan,nan,nan,nan,nan
2406,45.5263157895,0.3482437278,nan,0.0017448814,27.5823409488,nan,nan,nan,nan,nan,nan,nan
2407,45.5263157895,0.3919073395,nan,0.0012117259,29.1659561589,nan,nan,nan,nan,nan,nan,nan
2408,45.5263157895,0.8552591681,nan,0.0000016840,57.7364531077,nan,nan,nan,nan,nan,nan,nan
2409,45.5263157895,0.4308554376,nan,0.0008435428,30.7389285903,nan,nan,nan,nan,nan,nan,nan
2410,45.5263157895,0.4651316889,nan,0.0005958647,32.2485232475,nan,nan,nan,nan,nan,nan,nan
2411,45.5263157895,0.4298703277,nan,0.0008516718,30.6972773810,nan,nan,nan,nan,nan,nan,nan
2412,45.5263157895,0.7113285429,nan,0.0000221257,46.5510202976,nan,nan,nan,nan,nan,nan,nan
2413,45.5263157895,1.6437882269,nan,0.0000000000,156.2661703984,nan,nan,nan,nan,nan,nan,nan
2414,45.5263157895,0.2350193014,nan,0.0036655716,24.3585829841,nan,nan,nan,nan,nan,nan,nan
2415,45.5263157895,0.1342936996,nan,0.0055513339,22.5560264761,nan,nan,nan,nan,nan,nan,nan
2416,45.5263157895,0.4929651208,nan,0.0004404763,33.5607746169,nan,nan,nan,nan,nan,nan,nan
2417,45.5263157895,0.4341624786,nan,0.0008166836,30.8794615501,nan,nan,nan,nan,nan,nan,nan
2418,45.5263157895,0.2649036797,nan,0.0031002918,25.0859742331,nan,nan,nan,nan,nan,nan,nan
2419,45.5263157895,0.9461397142,nan,0.0000002585,65.8762064346,nan,nan,nan,nan,nan,nan,nan
2420,45.5263157895,0.4063555375,nan,0.0010637001,29.7318079229,nan,nan,nan,nan,nan,nan,nan
2421,45.5263157895,0.4592486929,nan,0.0006337124,31.9810781968,nan,nan,nan,nan,nan,nan,nan
2422,45.5263157895,0.5886839997,nan,0.0001359637,38.6657706157,nan,nan,nan,nan,nan,nan,nan
2423,45.5263157895,0.5081815165,nan,0.0003705998,34.3109486479,nan,nan,nan,nan,nan,nan,nan
2424,45.5263157895,0.7784566461,nan,0.0000070666,51.5078943693,nan,nan,nan,nan,nan,nan,nan
2425,45.5263157895,0.4371641425,nan,0.0007928731,31.0079630476,nan,nan,nan,nan,nan,nan,nan
2426,45.5263157895,0.6641074993,nan,0.0000463877,43.3359742510,nan,nan,nan,nan,nan,nan,nan
2427,45.5263157895,0.1847543294,nan,0.0046406879,23.3341763911,nan,nan,nan,nan,nan,nan,nan
2428,45.5263157895,0.8401122309,nan,0.0000022589,56.4609368994,nan,nan,nan,nan,nan,nan,nan
2429,45.5263157895,0.6866824259,nan,0.0000327718,44.8449969720,nan,nan,nan,nan,nan,nan,nan
2430,45.5263157895,0.2589879011,nan,0.0032099885,24.9349652524,nan,nan,nan,nan,nan,nan,nan
2431,45.5263157895,0.7978112441,nan,0.0000049872,53.0214306789,nan,nan,nan,nan,nan,nan,nan
2432,45.5263157895,0.5669968340,nan,0.0001807738,37.4286454620,nan,nan,nan,nan,nan,nan,nan
2433,45.5263157895,0.7897358060,nan,0.0000057739,52.3853358252,nan,nan,nan,nan,nan,nan,nan
2434,45.5263157895,0.5598426341,nan,0.0001981121,37.0308900934,nan,nan,nan,nan,nan,nan,nan
2435,45.5263157895,0.0460015049,nan,0.0066171386,21.7932977056,nan,nan,nan,nan,nan,nan,nan
2436,45.5263157895,0.4179979168,nan,0.0009543501,30.2029226671,nan,nan,nan,nan,nan,nan,nan
2437,45.5263157895,0.3351670541,nan,0.0019297444,27.1450020413,nan,nan,nan,nan,nan,nan,nan
2438,45.5263157895,0.9135645170,nan,0.0000005173,62.8626101748,nan,nan,nan,nan,nan,nan,nan
2439,45.5263157895,1.2673769619,nan,0.0000000001,101.3514802398,nan,nan,nan,nan,nan,nan,nan
2440,45.5263157895,0.6337429786,nan,0.0000726595,41.3870773207,nan,nan,nan,nan,nan,nan,nan
2441,45.5263157895,0.5500086918,nan,0.0002242578,36.4925242920,nan,nan,nan,nan,nan,nan,nan
2442,45.5263157895,0.3858536005,nan,0.0012778933,28.9350541938,nan,nan,nan,nan,nan,nan,nan
2443,45.5263157895,0.8447619155,nan,0.0000020654,56.8500205976,nan,nan,nan,nan,nan,nan,nan
2444,45.5263157895,0.5986900551,nan,0.0001187827,39.2524696065,nan,nan,nan,nan,nan,nan,nan
2445,45.5263157895,0.6657164442,nan,0.0000452707,43.4418278019,nan,nan,nan,nan,nan,nan,nan
2446,45.5263157895,0.9399199951,nan,0.0000002956,65.2925194487,nan,nan,nan,nan,nan,nan,nan
2447,45.5263157895,0.4964630827,nan,0.0004235285,33.7311739766,nan,nan,nan,nan,nan,nan,nan
2448,45.5263157895,1.2109939647,nan,0.0000000004,94.3673870141,nan,nan,nan,nan,nan,nan,nan
2449,45.5263157895,0.4074342211,nan,0.0010532006,29.7748889307,nan,nan,nan,nan,nan,nan,nan
2450,45.5263157895,0.2824184164,nan,0.0027839440,25.5533950969,nan,nan,nan,nan,nan,nan,nan
2451,45.5263157895,0.3718641312,nan,0.0014403102,28.4154396874,nan,nan,nan,nan,nan,nan,nan
2452,45.5263157895,0.7666682661,nan,0.0000087005,50.6045477206,nan,nan,nan,nan,nan,nan,nan
2453,45.5263157895,0.4954384577,nan,0.0004284367,33.6811336850,nan,nan,nan,nan,nan,nan,nan
2454,45.5263157895,0.4065046409,nan,0.0010622443,29.7377559738,nan,nan,nan,nan,nan,nan,nan
2455,45.5263157895,0.8109312266,nan,0.0000039184,54.0689047641,nan,nan,nan,nan,nan,nan,nan
2456,45.5263157895,0.2588779638,nan,0.0032120391,24.9321917437,nan,nan,nan,nan,nan,nan,nan
2457,45.5263157895,0.9826335448,nan,0.0000001154,69.3798023627,nan,nan,nan,nan,nan,nan,nan
2458,45.5263157895,1.2101317703,nan,0.0000000004,94.2630949204,nan,nan,nan,nan,nan,nan,nan
2459,45.5263157895,0.4959434202,nan,0.0004260120,33.7057817405,nan,nan,nan,nan,nan,nan,nan
2460,45.5263157895,0.2873363828,nan,0.0026976704,25.6901111193,nan,nan,nan,nan,nan,nan,nan
2461,45.5263157895,1.1176422640,nan,0.0000000045,83.5136866745,nan,nan,nan,nan,nan,nan,nan
2462,45.5263157895,0.1933302573,nan,0.0044757706,23.4913218223,nan,nan,nan,nan,nan,nan,nan
2463,45.5263157895,0.4342509396,nan,0.0008159742,30.8832357046,nan,nan,nan,nan,nan,nan,nan
2464,45.5263157895,0.4900841872,nan,0.0004548464,33.4213526659,nan,nan,nan,nan,nan,nan,nan
2465,45.5263157895,0.5231820122,nan,0.0003109446,35.0731702398,nan,nan,nan,nan,nan,nan,nan
2466,45.5263157895,0.4077761826,nan,0.0010498879,29.7885705952,nan,nan,nan,nan,nan,nan,nan
2467,45.5263157895,0.8425487677,nan,0.0000021555,56.6645531055,nan,nan,nan,nan,nan,nan,nan
2468,45.5263157895,0.7231727247,nan,0.0000182279,47.3926377339,nan,nan,nan,nan,nan,nan,nan
2469,45.5263157895,0.7913819931,nan,0.0000056047,52.5144707521,nan,nan,nan,nan,nan,nan,nan
2470,45.5263157895,0.7586928452,nan,0.0000099969,50.0013336548,nan,nan,nan,nan,nan,nan,nan
2471,45.5263157895,0.6561899446,nan,0.0000522533,42.8188654892,nan,nan,nan,nan,nan,nan,nan
2472,45.5263157895,0.9164090139,nan,0.0000004874,63.1214848082,nan,nan,nan,nan,nan,nan,nan
2473,45.5263157895,0.7336887385,nan,0.0000153048,48.1517185977,nan,nan,nan,nan,nan,nan,nan
2474,45.5263157895,0.6046431789,nan,0.0001094890,39.6062962598,nan,nan,nan,nan,nan,nan,nan
2475,45.5263157895,0.4858431853,nan,0.0004766920,33.2176217593,nan,nan,nan,nan,nan,nan,nan
2476,45.5263157895,0.2870694930,nan,0.0027023213,25.6826302092,nan,nan,nan,nan,nan,nan,nan
2477,45.5263157895,0.6590288898,nan,0.0000500777,43.0035568749,nan,nan,nan,nan,nan,nan,nan
2478,45.5263157895,0.7049816968,nan,0.0000245141,46.1058416552,nan,nan,nan,nan,nan,nan,nan
2479,45.5263157895,0.6929033812,nan,0.0000297177,45.2698483492,nan,nan,nan,nan,nan,nan,nan
2480,45.5263157895,0.7126070489,nan,0.0000216711,46.6411876269,nan,nan,nan,nan,nan,nan,nan
2481,45.5263157895,0.0794038460,nan,0.0063201638,21.9927166319,nan,nan,nan,nan,nan,nan,nan
2482,45.5263157895,0.4542958014,nan,0.0006670220,31.7585987078,nan,nan,nan,nan,nan,nan,nan
2483,45.5263157895,0.9464151965,nan,0.0000002569,65.9021494485,nan,nan,nan,nan,nan,nan,nan
2484,45.5263157895,0.5004903966,nan,0.0004046805,33.9288767770,nan,nan,nan,nan,nan,nan,nan
2485,45.5263157895,0.1814407155,nan,0.0047039231,23.2753979028,nan,nan,nan,nan,nan,nan,nan
2486,45.5263157895,0.3551965087,nan,0.0016512776,27.8217991649,nan,nan,nan,nan,nan,nan,nan
2487,45.5263157895,0.8061283803,nan,0.0000042821,53.6834398951,nan,nan,nan,nan,nan,nan,nan
2488,45.5263157895,0.3680311749,nan,0.0014871425,28.2764741357,nan,nan,nan,nan,nan,nan,nan
2489,45.5263157895,0.0977464678,nan,0.0060978078,22.1482626620,nan,nan,nan,nan,nan,nan,nan
2490,45.5263157895,0.1662501536,nan,0.0049891068,23.0197720201,nan,nan,nan,nan,nan,nan,nan
2491,45.5263157895,0.4637927777,nan,0.0006043171,32.1873513054,nan,nan,nan,nan,nan,nan,nan
2492,45.5263157895,1.0623799407,nan,0.0000000178,77.5050753636,nan,nan,nan,nan,nan,nan,nan
2493,45.5263157895,0.6544792310,nan,0.0000536048,42.7079640018,nan,nan,nan,nan,nan,nan,nan
2494,45.5263157895,0.5155380339,nan,0.0003402561,34.6819402360,nan,nan,nan,nan,nan,nan,nan
2495,45.5263157895,0.5495319694,nan,0.0002255967,36.4666722177,nan,nan,nan,nan,nan,nan,nan
2496,45.5263157895,0.3623952134,nan,0.0015578307,28.0747973127,nan,nan,nan,nan,nan,nan,nan
2497,45.5263157895,0.5643996645,nan,0.0001869108,37.2836559136,nan,nan,nan,nan,nan,nan,nan
2498,45.5263157895,0.3112376138,nan,0.0022968234,26.3887238864,nan,nan,nan,nan,nan,nan,nan
2499,45.5263157895,0.4402339346,nan,0.0007690752,31.1403118886,nan,nan,nan,nan,nan,nan,nan
2500,45.5263157895,0.5759976591,nan,0.0001608288,37.9363611532,nan,nan,nan,nan,nan,nan,nan
2501,45.5263157895,0.6327725844,nan,0.0000736831,41.3263223027,nan,nan,nan,nan,nan,nan,nan
2502,45.5263157895,0.7427409600,nan,0.0000131400,48.8140592318,nan,nan,nan,nan,nan,nan,nan
2503,45.5263157895,0.2991989876,nan,0.0024947341,26.0297573816,nan,nan,nan,nan,nan,nan,nan
2504,45.5263157895,0.5035022208,nan,0.0003910399,34.0777897677,nan,nan,nan,nan,nan,nan,nan
2505,45.5263157895,0.0150183426,nan,0.0067541404,21.7042991329,nan,nan,nan,nan,nan,nan,nan
2506,45.5263157895,0.3837386037,nan,0.0013015939,28.8552449745,nan,nan,nan,nan,nan,nan,nan
2507,45.5263157895,1.0814442597,nan,0.0000000111,79.5429376608,nan,nan,nan,nan,nan,nan,nan
2508,45.5263157895,0.6646499147,nan,0.0000460084,43.3716310316,nan,nan,nan,nan,nan,nan,nan
2509,45.5263157895,0.2863976922,nan,0.0027140441,25.6638309364,nan,nan,nan,nan,nan,nan,nan
2510,45.5263157895,0.3770825172,nan,0.0013781652,28.6069872188,nan,nan,nan,nan,nan,nan,nan
2511,45.5263157895,0.6552199882,nan,0.0000530158,42.7559494071,nan,nan,nan,nan,nan,nan,nan
2512,45.5263157895,0.9288566150,nan,0.0000003746,64.2639499978,nan,nan,nan,nan,nan,nan,nan
2513,45.5263157895,0.5366113160,nan,0.0002645650,35.7746768238,nan,nan,nan,nan,nan,nan,nan
2514,45.5263157895,0.5367136566,nan,0.0002642353,35.7800921716,nan,nan,nan,nan,nan,nan,nan
2515,45.5263157895,0.9666071638,nan,0.0000001650,67.8245925205,nan,nan,nan,nan,nan,nan,nan
2516,45.5263157895,0.8833216234,nan,0.0000009637,60.1608065821,nan,nan,nan,nan,nan,nan,nan
2517,45.5263157895,1.1049654883,nan,0.0000000062,82.1079872929,nan,nan,nan,nan,nan,nan,nan
2518,45.5263157895,0.7068756270,nan,0.0000237779,46.2382606630,nan,nan,nan,nan,nan,nan,nan
2519,45.5263157895,0.6501182476,nan,0.0000571928,42.4265828804,nan,nan,nan,nan,nan,nan,nan
2520,45.5263157895,0.6051359887,nan,0.0001087490,39.6357461122,nan,nan,nan,nan,nan,nan,nan
2521,45.5263157895,0.7471050399,nan,0.0000122002,49.1363232310,nan,nan,nan,nan,nan,nan,nan
2522,45.5263157895,0.1223188934,nan,0.0057437578,22.4080387861,nan,nan,nan,nan,nan,nan,nan
2523,45.5263157895,0.4612963213,nan,0.0006203300,32.0737722505,nan,nan,nan,nan,nan,nan,nan
2524,45.5263157895,0.5638719174,nan,0.0001881795,37.2542766130,nan,nan,nan,nan,nan,nan,nan
2525,45.5263157895,0.5675998091,nan,0.0001793740,37.4624039088,nan,nan,nan,nan,nan,nan,nan
2526,45.5263157895,0.5998214721,nan,0.0001169650,39.3194420389,nan,nan,nan,nan,nan,nan,nan
2527,45.5263157895,0.6598614800,nan,0.0000494553,43.0578758341,nan,nan,nan,nan,nan,nan,nan
2528,45.5263157895,0.1821569269,nan,0.0046902816,23.2880108228,nan,nan,nan,nan,nan,nan,nan
2529,45.5263157895,0.6913683224,nan,0.0000304463,45.1646517630,nan,nan,nan,nan,nan,nan,nan
2530,45.5263157895,0.8412308399,nan,0.0000022109,56.5543422619,nan,nan,nan,nan,nan,nan,nan
2531,45.5263157895,0.2474003535,nan,0.0034282959,24.6492170162,nan,nan,nan,nan,nan,nan,nan
2532,45.5263157895,0.4043384125,nan,0.0010835380,29.6515584378,nan,nan,nan,nan,nan,nan,nan
2533,45.5263157895,0.7237027621,nan,0.0000180691,47.4306310682,nan,nan,nan,nan,nan,nan,nan
2534,45.5263157895,0.3739600829,nan,0.0014151262,28.4920482796,nan,nan,nan,nan,nan,nan,nan
2535,45.5263157895,0.2894113237,nan,0.0026616365,25.7485126303,nan,nan,nan,nan,nan,nan,nan
2536,45.5263157895,0.4793988946,nan,0.0005115060,32.9114930235,nan,nan,nan,nan,nan,nan,nan
2537,45.5263157895,0.5932552542,nan,0.0001278628,38.9325564482,nan,nan,nan,nan,nan,nan,nan
2538,45.5263157895,1.0389322998,nan,0.0000000313,75.0491689798,nan,nan,nan,nan,nan,nan,nan
2539,45.5263157895,0.1678609544,nan,0.0049592926,23.0458026708,nan,nan,nan,nan,nan,nan,nan
2540,45.5263157895,0.4044758301,nan,0.0010821781,29.6570125876,nan,nan,nan,nan,nan,nan,nan
2541,45.5263157895,0.3052432438,nan,0.0023943158,26.2081856275,nan,nan,nan,nan,nan,nan,nan
2542,45.5263157895,0.5951625771,nan,0.0001246094,39.0444910687,nan,nan,nan,nan,nan,nan,nan
2543,45.5263157895,0.7152835418,nan,0.0000207468,46.8304816248,nan,nan,nan,nan,nan,nan,nan
2544,45.5263157895,0.4883459806,nan,0.0004636994,33.3376343725,nan,nan,nan,nan,nan,nan,nan
2545,45.5263157895,0.2383018589,nan,0.0036023333,24.4341611099,nan,nan,nan,nan,nan,nan,nan
2546,45.5263157895,0.4662878667,nan,0.0005886416,32.3014907060,nan,nan,nan,nan,nan,nan,nan
2547,45.5263157895,0.1601789816,nan,0.0051004047,22.9239536505,nan,nan,nan,nan,nan,nan,nan
2548,45.5263157895,0.7723362337,nan,0.0000078756,51.0371369521,nan,nan,nan,nan,nan,nan,nan
2549,45.5263157895,0.4171787967,nan,0.0009617597,30.1693342175,nan,nan,nan,nan,nan,nan,nan
2550,45.5263157895,0.3627319997,nan,0.0015535456,28.0867599899,nan,nan,nan,nan,nan,nan,nan
2551,45.5263157895,0.6770791425,nan,0.0000380470,44.1967993048,nan,nan,nan,nan,nan,nan,nan
2552,45.5263157895,0.8877884465,nan,0.0000008802,60.5540406643,nan,nan,nan,nan,nan,nan,nan
2553,45.5263157895,0.2793608249,nan,0.0028381769,25.4696053752,nan,nan,nan,nan,nan,nan,nan
2554,45.5263157895,0.5309509325,nan,0.0002833484,35.4767923321,nan,nan,nan,nan,nan,nan,nan
2555,45.5263157895,0.2961253341,nan,0.0025465880,25.9404131823,nan,nan,nan,nan,nan,nan,nan
2556,45.5263157895,0.3744958131,nan,0.0014087373,28.5116998443,nan,nan,nan,nan,nan,nan,nan
2557,45.5263157895,0.5861347359,nan,0.0001406727,38.5179023763,nan,nan,nan,nan,nan,nan,nan
2558,45.5263157895,1.0513771918,nan,0.0000000232,76.3457103158,nan,nan,nan,nan,nan,nan,nan
2559,45.5263157895,0.3414228143,nan,0.0018398827,27.3520986331,nan,nan,nan,nan,nan,nan,nan
2560,45.5263157895,1.0464073887,nan,0.0000000261,75.8260613675,nan,nan,nan,nan,nan,nan,nan
2561,45.5263157895,0.6352150297,nan,0.0000711308,41.4794210150,nan,nan,nan,nan,nan,nan,nan
2562,45.5263157895,0.9805724872,nan,0.0000001208,69.1783396318,nan,nan,nan,nan,nan,nan,nan
2563,45.5263157895,0.6257578102,nan,0.0000814713,40.8899512857,nan,nan,nan,nan,nan,nan,nan
2564,45.5263157895,0.6096585419,nan,0.0001021610,39.9071484571,nan,nan,nan,nan,nan,nan,nan
2565,45.5263157895,0.6801201052,nan,0.0000362990,44.4010528703,nan,nan,nan,nan,nan,nan,nan
2566,45.5263157895,0.3187161517,nan,0.0021782282,26.6189662314,nan,nan,nan,nan,nan,nan,nan
2567,45.5263157895,0.1628869703,nan,0.0050509783,22.9662449881,nan,nan,nan,nan,nan,nan,nan
2568,45.5263157895,0.4976372617,nan,0.0004179605,33.7886473354,nan,nan,nan,nan,nan,nan,nan
2569,45.5263157895,0.2468403904,nan,0.0034389472,24.6357449836,nan,nan,nan,nan,nan,nan,nan
2570,45.5263157895,0.3817773269,nan,0.0013238431,28.7816347601,nan,nan,nan,nan,nan,nan,nan
2571,45.5263157895,1.2308852905,nan,0.0000000002,96.7944302060,nan,nan,nan,nan,nan,nan,nan
2572,45.5263157895,0.6292145118,nan,0.0000775467,41.1043658964,nan,nan,nan,nan,nan,nan,nan
2573,45.5263157895,0.2955154441,nan,0.0025569389,25.9227965339,nan,nan,nan,nan,nan,nan,nan
2574,45.5263157895,0.4833810843,nan,0.0004897594,33.1001720097,nan,nan,nan,nan,nan,nan,nan
2575,45.5263157895,0.6797899962,nan,0.0000364852,44.3788352916,nan,nan,nan,nan,nan,nan,nan
2576,45.5263157895,0.4539305527,nan,0.0006695316,31.7422891311,nan,nan,nan,nan,nan,nan,nan
2577,45.5263157895,0.9999204277,nan,0.0000000779,71.0864749983,nan,nan,nan,nan,nan,nan,nan
2578,45.5263157895,0.7626541062,nan,0.0000093322,50.3001388569,nan,nan,nan,nan,nan,nan,nan
2579,45.5263157895,0.8636593184,nan,0.0000014276,58.4538122062,nan,nan,nan,nan,nan,nan,nan
2580,45.5263157895,0.1764274232,nan,0.0047989646,23.1885245155,nan,nan,nan,nan,nan,nan,nan
2581,45.5263157895,0.1368562755,nan,0.0055086864,22.5895195173,nan,nan,nan,nan,nan,nan,nan
2582,45.5263157895,0.5237353892,nan,0.0003089072,35.1017200693,nan,nan,nan,nan,nan,nan,nan
2583,45.5263157895,0.8091754597,nan,0.0000040479,53.9277212681,nan,nan,nan,nan,nan,nan,nan
2584,45.5263157895,0.4479192105,nan,0.0007119053,31.4757778767,nan,nan,nan,nan,nan,nan,nan
2585,45.5263157895,0.5148998273,nan,0.0003428040,34.6495405859,nan,nan,nan,nan,nan,nan,nan
2586,45.5263157895,0.3204829193,nan,0.0021507150,26.6741712790,nan,nan,nan,nan,nan,nan,nan
2587,45.5263157895,0.2462194151,nan,0.0034507688,24.6208413505,nan,nan,nan,nan,nan,nan,nan
2588,45.5263157895,0.4276211723,nan,0.0008704534,30.6025445171,nan,nan,nan,nan,nan,nan,nan
2589,45.5263157895,0.3985951570,nan,0.0011414868,29.4252910612,nan,nan,nan,nan,nan,nan,nan
2590,45.5263157895,0.1119904077,nan,0.0058997498,22.2916640322,nan,nan,nan,nan,nan,nan,nan
2591,45.5263157895,0.3411488252,nan,0.0018437640,27.3429467339,nan,nan,nan,nan,nan,nan,nan
2592,45.5263157895,0.9485670296,nan,0.0000002452,66.1050583286,nan,nan,nan,nan,nan,nan,nan
2593,45.5263157895,0.6487397584,nan,0.0000583709,42.3380371386,nan,nan,nan,nan,nan,nan,nan
2594,45.5263157895,0.1998691419,nan,0.0043490957,23.6160103522,nan,nan,nan,nan,nan,nan,nan
2595,45.5263157895,1.2905284469,nan,0.0000000000,104.3127834759,nan,nan,nan,nan,nan,nan,nan
2596,45.5263157895,1.1597214493,nan,0.0000000015,88.2966152281,nan,nan,nan,nan,nan,nan,nan
2597,45.5263157895,0.7572664414,nan,0.0000102468,49.8941246610,nan,nan,nan,nan,nan,nan,nan
2598,45.5263157895,0.1924098828,nan,0.0044935443,23.4741097595,nan,nan,nan,nan,nan,nan,nan
2599,45.5263157895,0.3491185583,nan,0.0017329235,27.6122060896,nan,nan,nan,nan,nan,nan,nan
2600,45.5263157895,0.9814596943,nan,0.0000001184,69.2650089873,nan,nan,nan,nan,nan,nan,nan
2601,45.5263157895,0.4957711162,nan,0.0004268381,33.6973684306,nan,nan,nan,nan,nan,nan,nan
2602,45.5263157895,0.4099644239,nan,0.0010288695,29.8763969374,nan,nan,nan,nan,nan,nan,nan
2603,45.5263157895,0.3272289266,nan,0.0020474754,26.8878129747,nan,nan,nan,nan,nan,nan,nan
2604,45.5263157895,0.8071169186,nan,0.0000042048,53.7625873952,nan,nan,nan,nan,nan,nan,nan
2605,45.5263157895,0.4851430352,nan,0.0004803789,33.1841607479,nan,nan,nan,nan,nan,nan,nan
2606,45.5263157895,0.3366665255,nan,0.0019079688,27.1942873002,nan,nan,nan,nan,nan,nan,nan
2607,45.5263157895,0.7389932703,nan,0.0000139996,48.5388437574,nan,nan,nan,nan,nan,nan,nan
2608,45.5263157895,0.5482573852,nan,0.0002292100,36.3976649556,nan,nan,nan,nan,nan,nan,nan
2609,45.5263157895,0.5249604566,nan,0.0003044365,35.1650328759,nan,nan,nan,nan,nan,nan,nan
2610,45.5263157895,0.0948466562,nan,0.0061355109,22.1214927116,nan,nan,nan,nan,nan,nan,nan
2611,45.5263157895,0.3280035890,nan,0.0020358062,26.9126355713,nan,nan,nan,nan,nan,nan,nan
2612,45.5263157895,0.2147802606,nan,0.0040587098,23.9161200373,nan,nan,nan,nan,nan,nan,nan
2613,45.5263157895,0.7890414534,nan,0.0000058466,52.3309493758,nan,nan,nan,nan,nan,nan,nan
2614,45.5263157895,0.8796551960,nan,0.0000010376,59.8395412780,nan,nan,nan,nan,nan,nan,nan
2615,45.5263157895,0.5377087077,nan,0.0002610478,35.8327999499,nan,nan,nan,nan,nan,nan,nan
2616,45.5263157895,0.3115106104,nan,0.0022924343,26.3970309513,nan,nan,nan,nan,nan,nan,nan
2617,45.5263157895,0.3657500206,nan,0.0015154917,28.1944644267,nan,nan,nan,nan,nan,nan,nan
2618,45.5263157895,0.7625623129,nan,0.0000093472,50.2931968229,nan,nan,nan,nan,nan,nan,nan
2619,45.5263157895,0.3771191422,nan,0.0013777356,28.6083411708,nan,nan,nan,nan,nan,nan,nan
2620,45.5263157895,0.4723437609,nan,0.0005519363,32.5811102300,nan,nan,nan,nan,nan,nan,nan
2621,45.5263157895,0.4824873716,nan,0.0004945738,33.0576892020,nan,nan,nan,nan,nan,nan,nan
2622,45.5263157895,0.6540802754,nan,0.0000539244,42.6821429704,nan,nan,nan,nan,nan,nan,nan
2623,45.5263157895,1.1925671204,nan,0.0000000006,92.1548869312,nan,nan,nan,nan,nan,nan,nan
2624,45.5263157895,0.0464374328,nan,0.0066142313,21.7952061926,nan,nan,nan,nan,nan,nan,nan
2625,45.5263157895,0.0951765218,nan,0.0061312686,22.1244966079,nan,nan,nan,nan,nan,nan,nan
2626,45.5263157895,0.5761465310,nan,0.0001605156,37.9448269975,nan,nan,nan,nan,nan,nan,nan
2627,45.5263157895,0.2328120326,nan,0.0037082060,24.3083615105,nan,nan,nan,nan,nan,nan,nan
2628,45.5263157895,1.1242697930,nan,0.0000000038,84.2550864848,nan,nan,nan,nan,nan,nan,nan
2629,45.5263157895,0.3862207723,nan,0.0012738096,28.9489548118,nan,nan,nan,nan,nan,nan,nan
2630,45.5263157895,0.7998595143,nan,0.0000048042,53.1838167927,nan,nan,nan,nan,nan,nan,nan
2631,45.5263157895,0.9101267402,nan,0.0000005558,62.5508333916,nan,nan,nan,nan,nan,nan,nan
2632,45.5263157895,0.4304056435,nan,0.0008472471,30.7198989262,nan,nan,nan,nan,nan,nan,nan
2633,45.5263157895,0.3232065029,nan,0.0021086859,26.7598809961,nan,nan,nan,nan,nan,nan,nan
2634,45.5263157895,0.4468765315,nan,0.0007194625,31.4299184533,nan,nan,nan,nan,nan,nan,nan
2635,45.5263157895,0.4348010589,nan,0.0008115730,30.9067238728,nan,nan,nan,nan,nan,nan,nan
2636,45.5263157895,0.4747039841,nan,0.0005381357,32.6910822944,nan,nan,nan,nan,nan,nan,nan
2637,45.5263157895,0.1820717757,nan,0.0046919042,23.2865086135,nan,nan,nan,nan,nan,nan,nan
2638,45.5263157895,0.3577224265,nan,0.0016180857,27.9099849119,nan,nan,nan,nan,nan,nan,nan
2639,45.5263157895,0.4692830406,nan,0.0005702524,32.4393288849,nan,nan,nan,nan,nan,nan,nan
2640,45.5263157895,0.4865760724,nan,0.0004728572,33.2526998528,nan,nan,nan,nan,nan,nan,nan
2641,45.5263157895,0.9192388825,nan,0.0000004592,63.3798398142,nan,nan,nan,nan,nan,nan,nan
2642,45.5263157895,0.4507829410,nan,0.0006914662,31.6022902300,nan,nan,nan,nan,nan,nan,nan
2643,45.5263157895,0.6272298448,nan,0.0000797790,40.9811128759,nan,nan,nan,nan,nan,nan,nan
2644,45.5263157895,0.8316993676,nan,0.0000026531,55.7624987798,nan,nan,nan,nan,nan,nan,nan
2645,45.5263157895,0.9382663632,nan,0.0000003063,65.1379934429,nan,nan,nan,nan,nan,nan,nan
2646,45.5263157895,1.5082533870,nan,0.0000000000,134.8299082322,nan,nan,nan,nan,nan,nan,nan
2647,45.5263157895,0.4743500787,nan,0.0005401872,32.6745569483,nan,nan,nan,nan,nan,nan,nan
2648,45.5263157895,0.2589157859,nan,0.0032113336,24.9331457885,nan,nan,nan,nan,nan,nan,nan
2649,45.5263157895,0.4027836041,nan,0.0010990112,29.5899787915,nan,nan,nan,nan,nan,nan,nan
2650,45.5263157895,0.6829178476,nan,0.0000347553,44.5897916389,nan,nan,nan,nan,nan,nan,nan
2651,45.5263157895,0.7043951059,nan,0.0000247463,46.0649018698,nan,nan,nan,nan,nan,nan,nan
2652,45.5263157895,0.7683270513,nan,0.0000084512,50.7308139230,nan,nan,nan,nan,nan,nan,nan
2653,45.5263157895,0.2153880450,nan,0.0040468601,23.9288180652,nan,nan,nan,nan,nan,nan,nan
2654,45.5263157895,0.6841646978,nan,0.0000340866,44.6741592035,nan,nan,nan,nan,nan,nan,nan
2655,45.5263157895,1.2040006013,nan,0.0000000004,93.5236383720,nan,nan,nan,nan,nan,nan,nan
2656,45.5263157895,0.5308721848,nan,0.0002836174,35.4726707855,nan,nan,nan,nan,nan,nan,nan
2657,45.5263157895,0.1891871725,nan,0.0045556472,23.4144992071,nan,nan,nan,nan,nan,nan,nan
2658,45.5263157895,0.0524658055,nan,0.0065713175,21.8234754935,nan,nan,nan,nan,nan,nan,nan
2659,45.5263157895,0.3408508423,nan,0.0018479908,27.3330018559,nan,nan,nan,nan,nan,nan,nan
2660,45.5263157895,0.0726398576,nan,0.0063920312,21.9436111365,nan,nan,nan,nan,nan,nan,nan
2661,45.5263157895,0.7374703494,nan,0.0000143635,48.4274108018,nan,nan,nan,nan,nan,nan,nan
2662,45.5263157895,0.4023734045,nan,0.0011031199,29.5737726521,nan,nan,nan,nan,nan,nan,nan
2663,45.5263157895,0.5832541039,nan,0.0001461639,38.3515982436,nan,nan,nan,nan,nan,nan,nan
2664,45.5263157895,0.3298322300,nan,0.0020084140,26.9714675484,nan,nan,nan,nan,nan,nan,nan
2665,45.5263157895,0.7985836439,nan,0.0000049174,53.0826165530,nan,nan,nan,nan,nan,nan,nan
2666,45.5263157895,0.4068967519,nan,0.0010584227,29.7534087061,nan,nan,nan,nan,nan,nan,nan
2667,45.5263157895,0.7624985394,nan,0.0000093576,50.2883743324,nan,nan,nan,nan,nan,nan,nan
2668,45.5263157895,0.7238878658,nan,0.0000180140,47.4439060559,nan,nan,nan,nan,nan,nan,nan
2669,45.5263157895,0.5252616257,nan,0.0003033458,35.1806206489,nan,nan,nan,nan,nan,nan,nan
2670,45.5263157895,0.6460859306,nan,0.0000607001,42.1681092758,nan,nan,nan,nan,nan,nan,nan
2671,45.5263157895,0.4730158293,nan,0.0005479781,32.6123678025,nan,nan,nan,nan,nan,nan,nan
2672,45.5263157895,0.5814780608,nan,0.0001496415,38.2494790124,nan,nan,nan,nan,nan,nan,nan
2673,45.5263157895,0.4845438188,nan,0.0004835526,33.1555624268,nan,nan,nan,nan,nan,nan,nan
2674,45.5263157895,0.6532895838,nan,0.0000545630,42.6310154582,nan,nan,nan,nan,nan,nan,nan
2675,45.5263157895,0.5530330710,nan,0.0002159204,36.6570634882,nan,nan,nan,nan,nan,nan,nan
2676,45.5263157895,0.4677121672,nan,0.0005798391,32.3669252865,nan,nan,nan,nan,nan,nan,nan
2677,45.5263157895,0.2125463124,nan,0.0041022668,23.8697610158,nan,nan,nan,nan,nan,nan,nan
2678,45.5263157895,0.5786603454,nan,0.0001553061,38.0881149589,nan,nan,nan,nan,nan,nan,nan
2679,45.5263157895,0.2679444769,nan,0.0030444273,25.1649439795,nan,nan,nan,nan,nan,nan,nan
2680,45.5263157895,1.2169863033,nan,0.0000000003,95.0943134237,nan,nan,nan,nan,nan,nan,nan
2681,45.5263157895,0.8968431735,nan,0.0000007316,61.3573538034,nan,nan,nan,nan,nan,nan,nan
2682,45.5263157895,0.4811395507,nan,0.0005019065,32.9937713924,nan,nan,nan,nan,nan,nan,nan
2683,45.5263157895,0.1717308759,nan,0.0048872171,23.1093836809,nan,nan,nan,nan,nan,nan,nan
2684,45.5263157895,1.0671893978,nan,0.0000000158,78.0157034518,nan,nan,nan,nan,nan,nan,nan
2685,45.5263157895,0.8764089945,nan,0.0000011076,59.5562311721,nan,nan,nan,nan,nan,nan,nan
2686,45.5263157895,0.2021788294,nan,0.0043042147,23.6610607854,nan,nan,nan,nan,nan,nan,nan
2687,45.5263157895,0.1680854950,nan,0.0049551277,23.0494515206,nan,nan,nan,nan,nan,nan,nan
2688,45.5263157895,0.4430447746,nan,0.0007477696,31.2623220128,nan,nan,nan,nan,nan,nan,nan
2689,45.5263157895,0.3168721095,nan,0.0022071521,26.5616774389,nan,nan,nan,nan,nan,nan,nan
2690,45.5263157895,0.4857807775,nan,0.0004770197,33.2146372274,nan,nan,nan,nan,nan,nan,nan
2691,45.5263157895,0.6690316505,nan,0.0000430451,43.6607582872,nan,nan,nan,nan,nan,nan,nan
2692,45.5263157895,0.4120389798,nan,0.0010092293,29.9601016135,nan,nan,nan,nan,nan,nan,nan
2693,45.5263157895,0.6772602111,nan,0.0000379408,44.2089351667,nan,nan,nan,nan,nan,nan,nan
2694,45.5263157895,0.7895575682,nan,0.0000057925,52.3713703826,nan,nan,nan,nan,nan,nan,nan
2695,45.5263157895,0.4358507278,nan,0.0008032255,30.9516249182,nan,nan,nan,nan,nan,nan,nan
2696,45.5263157895,1.3354430112,nan,0.0000000000,110.2132133530,nan,nan,nan,nan,nan,nan,nan
2697,45.5263157895,0.4257625587,nan,0.0008862082,30.5246421386,nan,nan,nan,nan,nan,nan,nan
2698,45.5263157895,0.6608695895,nan,0.0000487109,43.1237391264,nan,nan,nan,nan,nan,nan,nan
2699,45.5263157895,0.8198993048,nan,0.0000033152,54.7948913554,nan,nan,nan,nan,nan,nan,nan
2700,45.5263157895,0.4949141527,nan,0.0004309661,33.6555684918,nan,nan,nan,nan,nan,nan,nan
2701,45.5263157895,0.6926150645,nan,0.0000298533,45.2500721072,nan,nan,nan,nan,nan,nan,nan
2702,45.5263157895,1.1569949271,nan,0.0000000016,87.9812618764,nan,nan,nan,nan,nan,nan,nan
2703,45.5263157895,0.2216938954,nan,0.0039239961,24.0627143226,nan,nan,nan,nan,nan,nan,nan
2704,45.5263157895,0.6235016461,nan,0.0000841269,40.7506518821,nan,nan,nan,nan,nan,nan,nan
2705,45.5263157895,0.4754326687,nan,0.0005339312,32.7251471262,nan,nan,nan,nan,nan,nan,nan
2706,45.5263157895,0.1372643937,nan,0.0055018494,22.5949130506,nan,nan,nan,nan,nan,nan,nan
2707,45.5263157895,0.5294281242,nan,0.0002885891,35.3972007447,nan,nan,nan,nan,nan,nan,nan
2708,45.5263157895,0.7163242397,nan,0.0000203973,46.9042793571,nan,nan,nan,nan,nan,nan,nan
2709,45.5263157895,0.5246813204,nan,0.0003054504,35.1505935936,nan,nan,nan,nan,nan,nan,nan
2710,45.5263157895,0.8175232549,nan,0.0000034660,54.6017544163,nan,nan,nan,nan,nan,nan,nan
2711,45.5263157895,0.2633239554,nan,0.0031294569,25.0453102134,nan,nan,nan,nan,nan,nan,nan
2712,45.5263157895,0.5190916450,nan,0.0003263554,34.8630913159,nan,nan,nan,nan,nan,nan,nan
2713,45.5263157895,0.1877051576,nan,0.0045841310,23.3874298160,nan,nan,nan,nan,nan,nan,nan
2714,45.5263157895,0.9987900539,nan,0.0000000799,70.9739528355,nan,nan,nan,nan,nan,nan,nan
2715,45.5263157895,0.3394657953,nan,0.0018677153,27.2868932588,nan,nan,nan,nan,nan,nan,nan
2716,45.5263157895,0.5658031757,nan,0.0001835725,37.3619242927,nan,nan,nan,nan,nan,nan,nan
2717,45.5263157895,0.4804236874,nan,0.0005058367,32.9598968475,nan,nan,nan,nan,nan,nan,nan
2718,45.5263157895,0.4136659947,nan,0.0009940199,30.0260492649,nan,nan,nan,nan,nan,nan,nan
2719,45.5263157895,1.1262212612,nan,0.0000000036,84.4742398581,nan,nan,nan,nan,nan,nan,nan
2720,45.5263157895,0.6412377072,nan,0.0000651703,41.8594995446,nan,nan,nan,nan,nan,nan,nan
2721,45.5263157895,0.3590824137,nan,0.0016003949,27.9577283162,nan,nan,nan,nan,nan,nan,nan
2722,45.5263157895,0.2944503468,nan,0.0025750640,25.8921197640,nan,nan,nan,nan,nan,nan,nan
2723,45.5263157895,0.5361175733,nan,0.0002661604,35.7485652054,nan,nan,nan,nan,nan,nan,nan
2724,45.5263157895,0.2919558688,nan,0.0026177522,25.8207147372,nan,nan,nan,nan,nan,nan,nan
2725,45.5263157895,0.7285429481,nan,0.0000166767,47.7788867314,nan,nan,nan,nan,nan,nan,nan
2726,45.5263157895,0.8420385412,nan,0.0000021768,56.6218649448,nan,nan,nan,nan,nan,nan,nan
2727,45.5263157895,0.8727196248,nan,0.0000011925,59.2355363067,nan,nan,nan,nan,nan,nan,nan
2728,45.5263157895,0.8056767832,nan,0.0000043179,53.6473154984,nan,nan,nan,nan,nan,nan,nan
2729,45.5263157895,0.1927826693,nan,0.0044863472,23.4810712366,nan,nan,nan,nan,nan,nan,nan
2730,45.5263157895,0.1366082387,nan,0.0055128357,22.5862495334,nan,nan,nan,nan,nan,nan,nan
2731,45.5263157895,1.0087159393,nan,0.0000000636,71.9664367037,nan,nan,nan,nan,nan,nan,nan
2732,45.5263157895,0.6040467943,nan,0.0001103903,39.5706894861,nan,nan,nan,nan,nan,nan,nan
2733,45.5263157895,0.9965135904,nan,0.0000000842,70.7477366488,nan,nan,nan,nan,nan,nan,nan
2734,45.5263157895,0.6105533800,nan,0.0001008999,39.9610918657,nan,nan,nan,nan,nan,nan,nan
2735,45.5263157895,0.6964377257,nan,0.0000280999,45.5129562475,nan,nan,nan,nan,nan,nan,nan
2736,45.5263157895,0.3068397223,nan,0.0023681436,26.2559197006,nan,nan,nan,nan,nan,nan,nan
2737,45.5263157895,0.9167467182,nan,0.0000004839,63.1522732415,nan,nan,nan,nan,nan,nan,nan
2738,45.5263157895,1.0837771303,nan,0.0000000105,79.7948374593,nan,nan,nan,nan,nan,nan,nan
2739,45.5263157895,0.1275609799,nan,0.0056609662,22.4710943667,nan,nan,nan,nan,nan,nan,nan
2740,45.5263157895,0.5852079827,nan,0.0001424194,38.4643083708,nan,nan,nan,nan,nan,nan,nan
2741,45.5263157895,1.3194295072,nan,0.0000000000,108.0859855785,nan,nan,nan,nan,nan,nan,nan
2742,45.5263157895,0.1326565046,nan,0.0055783209,22.5349650424,nan,nan,nan,nan,nan,nan,nan
2743,45.5263157895,0.6265343710,nan,0.0000805746,40.9380157654,nan,nan,nan,nan,nan,nan,nan
2744,45.5263157895,0.6506405373,nan,0.0000567521,42.4601814877,nan,nan,nan,nan,nan,nan,nan
2745,45.5263157895,0.3630228339,nan,0.0015498514,28.0970995287,nan,nan,nan,nan,nan,nan,nan
2746,45.5263157895,0.6136630518,nan,0.0000966234,40.1491771205,nan,nan,nan,nan,nan,nan,nan
2747,45.5263157895,0.5953348768,nan,0.0001243191,39.0546207648,nan,nan,nan,nan,nan,nan,nan
2748,45.5263157895,0.6043188171,nan,0.0001099784,39.5869260088,nan,nan,nan,nan,nan,nan,nan
2749,45.5263157895,0.3701939914,nan,0.0014605929,28.3547081218,nan,nan,nan,nan,nan,nan,nan
2750,45.5263157895,0.6414538114,nan,0.0000649650,41.8732051746,nan,nan,nan,nan,nan,nan,nan
2751,45.5263157895,0.4929326214,nan,0.0004406363,33.5591971880,nan,nan,nan,nan,nan,nan,nan
2752,45.5263157895,0.9071954363,nan,0.0000005908,62.2859329454,nan,nan,nan,nan,nan,nan,nan
2753,45.5263157895,0.4497502278,nan,0.0006987836,31.5565731077,nan,nan,nan,nan,nan,nan,nan
2754,45.5263157895,0.5353721189,nan,0.0002685847,35.7091880825,nan,nan,nan,nan,nan,nan,nan
2755,45.5263157895,0.3060521672,nan,0.0023810359,26.2323404863,nan,nan,nan,nan,nan,nan,nan
2756,45.5263157895,0.6069870037,nan,0.0001060088,39.7465788446,nan,nan,nan,nan,nan,nan,nan
2757,45.5263157895,0.6534674276,nan,0.0000544188,42.6425096726,nan,nan,nan,nan,nan,nan,nan
2758,45.5263157895,0.8755818970,nan,0.0000011261,59.4842169570,nan,nan,nan,nan,nan,nan,nan
2759,45.5263157895,0.4941452154,nan,0.0004346979,33.6181247535,nan,nan,nan,nan,nan,nan,nan
2760,45.5263157895,0.6369007531,nan,0.0000694155,41.5854361166,nan,nan,nan,nan,nan,nan,nan
2761,45.5263157895,0.7914083513,nan,0.0000056020,52.5165406429,nan,nan,nan,nan,nan,nan,nan
2762,45.5263157895,0.1867131944,nan,0.0046031675,23.3694322216,nan,nan,nan,nan,nan,nan,nan
2763,45.5263157895,0.3583266104,nan,0.0016102108,27.9311725229,nan,nan,nan,nan,nan,nan,nan
2764,45.5263157895,0.5715352915,nan,0.0001704656,37.6836335091,nan,nan,nan,nan,nan,nan,nan
2765,45.5263157895,0.4284644061,nan,0.0008633757,30.6380017543,nan,nan,nan,nan,nan,nan,nan
2766,45.5263157895,0.4634448959,nan,0.0006065287,32.1714866735,nan,nan,nan,nan,nan,nan,nan
2767,45.5263157895,0.5738644101,nan,0.0001653753,37.8152946702,nan,nan,nan,nan,nan,nan,nan
2768,45.5263157895,0.6105620005,nan,0.0001008878,39.9616119267,nan,nan,nan,nan,nan,nan,nan
2769,45.5263157895,0.1516157025,nan,0.0052541694,22.7949593224,nan,nan,nan,nan,nan,nan,nan
2770,45.5263157895,0.5014746944,nan,0.0004001803,33.9774433213,nan,nan,nan,nan,nan,nan,nan
2771,45.5263157895,0.2766052862,nan,0.0028874288,25.3948871561,nan,nan,nan,nan,nan,nan,nan
2772,45.5263157895,0.3763801334,nan,0.0013864214,28.5810473121,nan,nan,nan,nan,nan,nan,nan
2773,45.5263157895,0.0470184684,nan,0.0066103151,21.7977784051,nan,nan,nan,nan,nan,nan,nan
2774,45.5263157895,0.0790707477,nan,0.0063238354,21.9901944125,nan,nan,nan,nan,nan,nan,nan
2775,45.5263157895,0.9496358310,nan,0.0000002396,66.2060159279,nan,nan,nan,nan,nan,nan,nan
2776,45.5263157895,0.7148677955,nan,0.0000208880,46.8010308054,nan,nan,nan,nan,nan,nan,nan
2777,45.5263157895,0.8648195507,nan,0.0000013953,58.5534542614,nan,nan,nan,nan,nan,nan,nan
2778,45.5263157895,0.4213689310,nan,0.0009243027,30.3418577570,nan,nan,nan,nan,nan,nan,nan
2779,45.5263157895,1.0377352421,nan,0.0000000322,74.9252835737,nan,nan,nan,nan,nan,nan,nan
2780,45.5263157895,0.1576972236,nan,0.0051453768,22.8858281350,nan,nan,nan,nan,nan,nan,nan
2781,45.5263157895,1.2128928146,nan,0.0000000003,94.5973404572,nan,nan,nan,nan,nan,nan,nan
2782,45.5263157895,0.9861031752,nan,0.0000001067,69.7199203357,nan,nan,nan,nan,nan,nan,nan
2783,45.5263157895,0.0509515558,nan,0.0065825700,21.8160451582,nan,nan,nan,nan,nan,nan,nan
2784,45.5263157895,0.3360805519,nan,0.0019164608,27.1750006564,nan,nan,nan,nan,nan,nan,nan
2785,45.5263157895,1.3133793408,nan,0.0000000000,107.2890719596,nan,nan,nan,nan,nan,nan,nan
2786,45.5263157895,1.1336568754,nan,0.0000000029,85.3128128344,nan,nan,nan,nan,nan,nan,nan
2787,45.5263157895,0.7232886770,nan,0.0000181930,47.4009468325,nan,nan,nan,nan,nan,nan,nan
2788,45.5263157895,0.6212228192,nan,0.0000868866,40.6104723432,nan,nan,nan,nan,nan,nan,nan
2789,45.5263157895,1.0783163552,nan,0.0000000120,79.2060570425,nan,nan,nan,nan,nan,nan,nan
2790,45.5263157895,1.3783973524,nan,0.0000000000,116.0480903678,nan,nan,nan,nan,nan,nan,nan
2791,45.5263157895,0.1120424929,nan,0.0058989882,22.2922247414,nan,nan,nan,nan,nan,nan,nan
2792,45.5263157895,0.3040429181,nan,0.0024140913,26.1724630354,nan,nan,nan,nan,nan,nan,nan
2793,45.5263157895,0.6695658343,nan,0.0000426959,43.6961382678,nan,nan,nan,nan,nan,nan,nan
2794,45.5263157895,0.5780498676,nan,0.0001565576,38.0532593023,nan,nan,nan,nan,nan,nan,nan
2795,45.5263157895,0.0662148801,nan,0.0064549426,21.9010761425,nan,nan,nan,nan,nan,nan,nan
2796,45.5263157895,0.8498145310,nan,0.0000018727,57.2752960301,nan,nan,nan,nan,nan,nan,nan
2797,45.5263157895,0.4826007773,nan,0.0004939608,33.0630755406,nan,nan,nan,nan,nan,nan,nan
2798,45.5263157895,0.4559610830,nan,0.0006556728,31.8331280810,nan,nan,nan,nan,nan,nan,nan
2799,45.5263157895,0.4540510922,nan,0.0006687026,31.7476701468,nan,nan,nan,nan,nan,nan,nan
2800,45.5263157895,0.5339342201,nan,0.0002733134,35.6333912857,nan,nan,nan,nan,nan,nan,nan
2801,45.5263157895,0.4122683451,nan,0.0010070749,29.9693824624,nan,nan,nan,nan,nan,nan,nan
2802,45.5263157895,0.7529241391,nan,0.0000110433,49.5690179595,nan,nan,nan,nan,nan,nan,nan
2803,45.5263157895,0.2194686145,nan,0.0039673315,24.0150151136,nan,nan,nan,nan,nan,nan,nan
2804,45.5263157895,0.1179735523,nan,0.0058105768,22.3578075512,nan,nan,nan,nan,nan,nan,nan
2805,45.5263157895,0.5693483783,nan,0.0001753676,37.5605063590,nan,nan,nan,nan,nan,nan,nan
2806,45.5263157895,0.8836773406,nan,0.0000009567,60.1920480547,nan,nan,nan,nan,nan,nan,nan
2807,45.5263157895,0.2175817704,nan,0.0040040976,23.9749534755,nan,nan,nan,nan,nan,nan,nan
2808,45.5263157895,0.5416618547,nan,0.0002487037,36.0431780494,nan,nan,nan,nan,nan,nan,nan
2809,45.5263157895,0.6864323322,nan,0.0000329003,44.8279985974,nan,nan,nan,nan,nan,nan,nan
2810,45.5263157895,0.5585556321,nan,0.0002013780,36.9598808078,nan,nan,nan,nan,nan,nan,nan
2811,45.5263157895,0.2606007510,nan,0.0031799538,24.9757919533,nan,nan,nan,nan,nan,nan,nan
2812,45.5263157895,0.3179761727,nan,0.0021898095,26.5959367430,nan,nan,nan,nan,nan,nan,nan
2813,45.5263157895,0.4129114161,nan,0.0010010526,29.9954311501,nan,nan,nan,nan,nan,nan,nan
2814,45.5263157895,0.6059671195,nan,0.0001075111,39.6854689498,nan,nan,nan,nan,nan,nan,nan
2815,45.5263157895,0.6473517635,nan,0.0000595789,42.2490738105,nan,nan,nan,nan,nan,nan,nan
2816,45.5263157895,0.2033106995,nan,0.0042822005,23.6833299874,nan,nan,nan,nan,nan,nan,nan
2817,45.5263157895,0.1382260620,nan,0.0054856909,22.6076866396,nan,nan,nan,nan,nan,nan,nan
2818,45.5263157895,0.5301559072,nan,0.0002860744,35.4352102979,nan,nan,nan,nan,nan,nan,nan
2819,45.5263157895,0.5772245301,nan,0.0001582634,38.0061955307,nan,nan,nan,nan,nan,nan,nan
2820,45.5263157895,0.1486507945,nan,0.0053064309,22.7519748746,nan,nan,nan,nan,nan,nan,nan
2821,45.5263157895,0.7778954493,nan,0.0000071374,51.4645721097,nan,nan,nan,nan,nan,nan,nan
2822,45.5263157895,0.7013177065,nan,0.0000259975,45.8506892644,nan,nan,nan,nan,nan,nan,nan
2823,45.5263157895,0.0565146761,nan,0.0065396878,21.8444298289,nan,nan,nan,nan,nan,nan,nan
2824,45.5263157895,0.2531751307,nan,0.0033189742,24.7899612725,nan,nan,nan,nan,nan,nan,nan
2825,45.5263157895,0.5794335636,nan,0.0001537335,38.1323160678,nan,nan,nan,nan,nan,nan,nan
2826,45.5263157895,0.6412842434,nan,0.0000651261,41.8624505386,nan,nan,nan,nan,nan,nan,nan
2827,45.5263157895,0.5427900609,nan,0.0002452728,36.1035060783,nan,nan,nan,nan,nan,nan,nan
2828,45.5263157895,0.5136327477,nan,0.0003479096,34.5853360039,nan,nan,nan,nan,nan,nan,nan
2829,45.5263157895,0.4010141507,nan,0.0011168141,29.5201912849,nan,nan,nan,nan,nan,nan,nan
2830,45.5263157895,0.3991125237,nan,0.0011361773,29.4455389592,nan,nan,nan,nan,nan,nan,nan
2831,45.5263157895,0.4105312418,nan,0.0010234758,29.8992244065,nan,nan,nan,nan,nan,nan,nan
2832,45.5263157895,1.3819930887,nan,0.0000000000,116.5450479069,nan,nan,nan,nan,nan,nan,nan
2833,45.5263157895,0.4535005973,nan,0.0006724953,31.7231072652,nan,nan,nan,nan,nan,nan,nan
2834,45.5263157895,0.7935890135,nan,0.0000053851,52.6880290153,nan,nan,nan,nan,nan,nan,nan
2835,45.5263157895,0.5015013805,nan,0.0004000588,33.9787613947,nan,nan,nan,nan,nan,nan,nan
2836,45.5263157895,0.8946034952,nan,0.0000007660,61.1578838332,nan,nan,nan,nan,nan,nan,nan
2837,45.5263157895,1.0569281095,nan,0.0000000203,76.9290799575,nan,nan,nan,nan,nan,nan,nan
2838,45.5263157895,0.1202441064,nan,0.0057758721,22.3838243437,nan,nan,nan,nan,nan,nan,nan
2839,45.5263157895,0.1870847107,nan,0.0045960406,23.3761614407,nan,nan,nan,nan,nan,nan,nan
2840,45.5263157895,0.3487367492,nan,0.0017381360,27.5991624466,nan,nan,nan,nan,nan,nan,nan
2841,45.5263157895,0.3314142407,nan,0.0019848912,27.0226330249,nan,nan,nan,nan,nan,nan,nan
2842,45.5263157895,0.5670699928,nan,0.0001806035,37.4327394199,nan,nan,nan,nan,nan,nan,nan
2843,45.5263157895,0.2397450425,nan,0.0035745992,24.4677264082,nan,nan,nan,nan,nan,nan,nan
2844,45.5263157895,0.7526761153,nan,0.0000110905,49.5505058637,nan,nan,nan,nan,nan,nan,nan
2845,45.5263157895,0.4293715436,nan,0.0008558102,30.6762253568,nan,nan,nan,nan,nan,nan,nan
2846,45.5263157895,0.3852656179,nan,0.0012844518,28.9128219777,nan,nan,nan,nan,nan,nan,nan
2847,45.5263157895,0.6252272944,nan,0.0000820890,40.8571503516,nan,nan,nan,nan,nan,nan,nan
2848,45.5263157895,0.3855582822,nan,0.0012811844,28.9238836019,nan,nan,nan,nan,nan,nan,nan
2849,45.5263157895,0.6705342062,nan,0.0000420693,43.7603484949,nan,nan,nan,nan,nan,nan,nan
2850,45.5263157895,0.1615378918,nan,0.0050756469,22.9450860190,nan,nan,nan,nan,nan,nan,nan
2851,45.5263157895,0.4718253499,nan,0.0005550051,32.5570300446,nan,nan,nan,nan,nan,nan,nan
2852,45.5263157895,0.9984509856,nan,0.0000000805,70.9402257669,nan,nan,nan,nan,nan,nan,nan
2853,45.5263157895,1.0337323758,nan,0.0000000354,74.5120748527,nan,nan,nan,nan,nan,nan,nan
2854,45.5263157895,0.2359959723,nan,0.0036467344,24.3809586685,nan,nan,nan,nan,nan,nan,nan
2855,45.5263157895,0.4947929757,nan,0.0004315525,33.6496637985,nan,nan,nan,nan,nan,nan,nan
2856,45.5263157895,0.3967858330,nan,0.0011601949,29.3546904416,nan,nan,nan,nan,nan,nan,nan
2857,45.5263157895,0.2638466982,nan,0.0031197954,25.0587388818,nan,nan,nan,nan,nan,nan,nan
2858,45.5263157895,0.4798093598,nan,0.0005092291,32.9308678295,nan,nan,nan,nan,nan,nan,nan
2859,45.5263157895,0.9727042595,nan,0.0000001441,68.4131952318,nan,nan,nan,nan,nan,nan,nan
2860,45.5263157895,0.2287638012,nan,0.0037866009,24.2175046594,nan,nan,nan,nan,nan,nan,nan
2861,45.5263157895,0.7865177470,nan,0.0000061183,52.1336849176,nan,nan,nan,nan,nan,nan,nan
2862,45.5263157895,0.8236082271,nan,0.0000030921,55.0975093950,nan,nan,nan,nan,nan,nan,nan
2863,45.5263157895,0.2215618105,nan,0.0039265674,24.0598694103,nan,nan,nan,nan,nan,nan,nan
2864,45.5263157895,0.4190495917,nan,0.0009448992,30.2461453271,nan,nan,nan,nan,nan,nan,nan
2865,45.5263157895,0.2426220366,nan,0.0035194487,24.5352536544,nan,nan,nan,nan,nan,nan,nan
2866,45.5263157895,0.1823394341,nan,0.0046868030,23.2912329614,nan,nan,nan,nan,nan,nan,nan
2867,45.5263157895,0.9107974450,nan,0.0000005481,62.6115667412,nan,nan,nan,nan,nan,nan,nan
2868,45.5263157895,0.3722391296,nan,0.0014357823,28.4291140162,nan,nan,nan,nan,nan,nan,nan
2869,45.5263157895,0.1941566037,nan,0.0044597996,23.5068465784,nan,nan,nan,nan,nan,nan,nan
2870,45.5263157895,0.3280569913,nan,0.0020350032,26.9143489442,nan,nan,nan,nan,nan,nan,nan
2871,45.5263157895,0.8872060451,nan,0.0000008907,60.5026550110,nan,nan,nan,nan,nan,nan,nan
2872,45.5263157895,0.4132456593,nan,0.0009979329,30.0089865411,nan,nan,nan,nan,nan,nan,nan
2873,45.5263157895,0.1980647699,nan,0.0043841135,23.5811820927,nan,nan,nan,nan,nan,nan,nan
2874,45.5263157895,0.3676178535,nan,0.0014922527,28.2615763870,nan,nan,nan,nan,nan,nan,nan
2875,45.5263157895,0.1697620528,nan,0.0049239623,23.0768527859,nan,nan,nan,nan,nan,nan,nan
2876,45.5263157895,0.4352386785,nan,0.0008080849,30.9254302836,nan,nan,nan,nan,nan,nan,nan
2877,45.5263157895,0.4878471646,nan,0.0004662657,33.3136654242,nan,nan,nan,nan,nan,nan,nan
2878,45.5263157895,0.6618948449,nan,0.0000479642,43.1908274332,nan,nan,nan,nan,nan,nan,nan
2879,45.5263157895,0.7418674926,nan,0.0000133359,48.7497887885,nan,nan,nan,nan,nan,nan,nan
2880,45.5263157895,0.3802387477,nan,0.0013414802,28.7241574593,nan,nan,nan,nan,nan,nan,nan
2881,45.5263157895,0.3744872626,nan,0.0014088391,28.5113859723,nan,nan,nan,nan,nan,nan,nan
2882,45.5263157895,0.2211588086,nan,0.0039344135,24.0511999997,nan,nan,nan,nan,nan,nan,nan
2883,45.5263157895,0.3744197750,nan,0.0014096429,28.5089088861,nan,nan,nan,nan,nan,nan,nan
2884,45.5263157895,0.7788245536,nan,0.0000070205,51.5363126687,nan,nan,nan,nan,nan,nan,nan
2885,45.5263157895,0.8040930426,nan,0.0000044455,53.5207906548,nan,nan,nan,nan,nan,nan,nan
2886,45.5263157895,0.4730411800,nan,0.0005478293,32.6135477352,nan,nan,nan,nan,nan,nan,nan
2887,45.5263157895,0.5415071682,nan,0.0002491772,36.0349165177,nan,nan,nan,nan,nan,nan,nan
2888,45.5263157895,0.6189419209,nan,0.0000897287,40.4706877622,nan,nan,nan,nan,nan,nan,nan
2889,45.5263157895,0.4104361701,nan,0.0010243790,29.8953933444,nan,nan,nan,nan,nan,nan,nan
2890,45.5263157895,0.5345738254,nan,0.0002712013,35.6670815892,nan,nan,nan,nan,nan,nan,nan
2891,45.5263157895,0.0940387804,nan,0.0061458497,22.1141806198,nan,nan,nan,nan,nan,nan,nan
2892,45.5263157895,0.9134090294,nan,0.0000005190,62.8484829944,nan,nan,nan,nan,nan,nan,nan
2893,45.5263157895,0.6395809673,nan,0.0000667639,41.7545826975,nan,nan,nan,nan,nan,nan,nan
2894,45.5263157895,0.0804745896,nan,0.0063082699,22.0008973035,nan,nan,nan,nan,nan,nan,nan
2895,45.5263157895,0.5555210050,nan,0.0002092616,36.7931052783,nan,nan,nan,nan,nan,nan,nan
2896,45.5263157895,0.3493734157,nan,0.0017294496,27.6209207898,nan,nan,nan,nan,nan,nan,nan
2897,45.5263157895,0.2766818756,nan,0.0028860551,25.3969537573,nan,nan,nan,nan,nan,nan,nan
2898,45.5263157895,0.1714578633,nan,0.0048923217,23.1048499206,nan,nan,nan,nan,nan,nan,nan
2899,45.5263157895,0.0774673613,nan,0.0063413185,21.9782043380,nan,nan,nan,nan,nan,nan,nan
2900,45.5263157895,0.3512968937,nan,0.0017033734,27.6869014691,nan,nan,nan,nan,nan,nan,nan
2901,45.5263157895,0.4327744777,nan,0.0008278763,30.8203453507,nan,nan,nan,nan,nan,nan,nan
2902,45.5263157895,0.8326584296,nan,0.0000026051,55.8417595609,nan,nan,nan,nan,nan,nan,nan
2903,45.5263157895,0.2298686076,nan,0.0037651824,24.2421397765,nan,nan,nan,nan,nan,nan,nan
2904,45.5263157895,0.3680342928,nan,0.0014871040,28.2765865810,nan,nan,nan,nan,nan,nan,nan
2905,45.5263157895,0.6967836759,nan,0.0000279459,45.5368197834,nan,nan,nan,nan,nan,nan,nan
2906,45.5263157895,0.6662765421,nan,0.0000448876,43.4787380987,nan,nan,nan,nan,nan,nan,nan
2907,45.5263157895,0.2263036275,nan,0.0038343515,24.1630807369,nan,nan,nan,nan,nan,nan,nan
2908,45.5263157895,0.5567764622,nan,0.0002059686,36.8619900861,nan,nan,nan,nan,nan,nan,nan
2909,45.5263157895,0.2544740683,nan,0.0032945234,24.8220740198,nan,nan,nan,nan,nan,nan,nan
2910,45.5263157895,0.5481054398,nan,0.0002296440,36.3894493479,nan,nan,nan,nan,nan,nan,nan
2911,45.5263157895,0.2081762854,nan,0.0041874553,23.7804981929,nan,nan,nan,nan,nan,nan,nan
2912,45.5263157895,0.3735416339,nan,0.0014201301,28.4767186951,nan,nan,nan,nan,nan,nan,nan
2913,45.5263157895,0.9444034902,nan,0.0000002684,65.7128775364,nan,nan,nan,nan,nan,nan,nan
2914,45.5263157895,0.3935044000,nan,0.0011946810,29.2274803730,nan,nan,nan,nan,nan,nan,nan
2915,45.5263157895,0.6692195819,nan,0.0000429220,43.6732020591,nan,nan,nan,nan,nan,nan,nan
2916,45.5263157895,0.9354723886,nan,0.0000003253,64.8775348498,nan,nan,nan,nan,nan,nan,nan
2917,45.5263157895,0.7602728161,nan,0.0000097267,50.1203241679,nan,nan,nan,nan,nan,nan,nan
2918,45.5263157895,0.3725986743,nan,0.0014314501,28.4422379757,nan,nan,nan,nan,nan,nan,nan
2919,45.5263157895,0.9285444636,nan,0.0000003771,64.2351086259,nan,nan,nan,nan,nan,nan,nan
2920,45.5263157895,0.2105702426,nan,0.0041407937,23.8291640876,nan,nan,nan,nan,nan,nan,nan
2921,45.5263157895,0.2487901587,nan,0.0034018972,24.6827881173,nan,nan,nan,nan,nan,nan,nan
2922,45.5263157895,0.6711864313,nan,0.0000416519,43.8036490052,nan,nan,nan,nan,nan,nan,nan
2923,45.5263157895,0.5928975763,nan,0.0001284811,38.9116061497,nan,nan,nan,nan,nan,nan,nan
2924,45.5263157895,0.8928305497,nan,0.0000007943,61.0003414314,nan,nan,nan,nan,nan,nan,nan
2925,45.5263157895,0.5821887372,nan,0.0001482414,38.2903036186,nan,nan,nan,nan,nan,nan,nan
2926,45.5263157895,0.3115114596,nan,0.0022924207,26.3970568038,nan,nan,nan,nan,nan,nan,nan
2927,45.5263157895,0.9468329167,nan,0.0000002546,65.9415020827,nan,nan,nan,nan,nan,nan,nan
2928,45.5263157895,0.6175043960,nan,0.0000915618,40.3828576825,nan,nan,nan,nan,nan,nan,nan
2929,45.5263157895,0.7632133805,nan,0.0000092418,50.3424533561,nan,nan,nan,nan,nan,nan,nan
2930,45.5263157895,0.3255087439,nan,0.0020735255,26.8329062629,nan,nan,nan,nan,nan,nan,nan
2931,45.5263157895,0.5896692316,nan,0.0001341809,38.7230930381,nan,nan,nan,nan,nan,nan,nan
2932,45.5263157895,0.2603899054,nan,0.0031838749,24.9704400989,nan,nan,nan,nan,nan,nan,nan
2933,45.5263157895,0.9574300717,nan,0.0000002020,66.9457439106,nan,nan,nan,nan,nan,nan,nan
2934,45.5263157895,1.2078744447,nan,0.0000000004,93.9904036004,nan,nan,nan,nan,nan,nan,nan
2935,45.5263157895,0.9117319662,nan,0.0000005375,62.6962648966,nan,nan,nan,nan,nan,nan,nan
2936,45.5263157895,0.6998894927,nan,0.0000265975,45.7515975584,nan,nan,nan,nan,nan,nan,nan
2937,45.5263157895,0.2346987549,nan,0.0036717578,24.3512597688,nan,nan,nan,nan,nan,nan,nan
2938,45.5263157895,0.6277012350,nan,0.0000792437,41.0103516092,nan,nan,nan,nan,nan,nan,nan
2939,45.5263157895,0.3918581167,nan,0.0012122539,29.1640639690,nan,nan,nan,nan,nan,nan,nan
2940,45.5263157895,0.6230610053,nan,0.0000846544,40.7235056658,nan,nan,nan,nan,nan,nan,nan
2941,45.5263157895,0.1951885992,nan,0.0044398373,23.5263294179,nan,nan,nan,nan,nan,nan,nan
2942,45.5263157895,0.7357817025,nan,0.0000147770,48.3041247349,nan,nan,nan,nan,nan,nan,nan
2943,45.5263157895,0.6575243816,nan,0.0000512203,42.9055781440,nan,nan,nan,nan,nan,nan,nan
2944,45.5263157895,0.3802646327,nan,0.0013411821,28.7251225034,nan,nan,nan,nan,nan,nan,nan
2945,45.5263157895,0.7334089595,nan,0.0000153767,48.1313789983,nan,nan,nan,nan,nan,nan,nan
2946,45.5263157895,0.8571626532,nan,0.0000016224,57.8983831947,nan,nan,nan,nan,nan,nan,nan
2947,45.5263157895,0.4785101260,nan,0.0005164640,32.8695990587,nan,nan,nan,nan,nan,nan,nan
2948,45.5263157895,0.3217771220,nan,0.0021306851,26.7148072244,nan,nan,nan,nan,nan,nan,nan
2949,45.5263157895,0.7404949033,nan,0.0000136491,48.6489478406,nan,nan,nan,nan,nan,nan,nan
2950,45.5263157895,0.3595631305,nan,0.0015941720,27.9746482972,nan,nan,nan,nan,nan,nan,nan
2951,45.5263157895,0.8009162006,nan,0.0000047122,53.2677559685,nan,nan,nan,nan,nan,nan,nan
2952,45.5263157895,0.2467815614,nan,0.0034400667,24.6343314302,nan,nan,nan,nan,nan,nan,nan
2953,45.5263157895,0.5208352822,nan,0.0003197099,34.9524385951,nan,nan,nan,nan,nan,nan,nan
2954,45.5263157895,0.1022095170,nan,0.0060380051,22.1910652544,nan,nan,nan,nan,nan,nan,nan
2955,45.5263157895,0.9198363119,nan,0.0000004535,63.4344860868,nan,nan,nan,nan,nan,nan,nan
2956,45.5263157895,1.1458964920,nan,0.0000000021,86.7053865901,nan,nan,nan,nan,nan,nan,nan
2957,45.5263157895,0.5666959869,nan,0.0001814757,37.4118157259,nan,nan,nan,nan,nan,nan,nan
2958,45.5263157895,0.7905240941,nan,0.0000056923,52.4471388763,nan,nan,nan,nan,nan,nan,nan
2959,45.5263157895,0.6508952773,nan,0.0000565382,42.4765787167,nan,nan,nan,nan,nan,nan,nan
2960,45.5263157895,0.6826237617,nan,0.0000349147,44.5699152441,nan,nan,nan,nan,nan,nan,nan
2961,45.5263157895,0.8690150381,nan,0.0000012838,58.9149021944,nan,nan,nan,nan,nan,nan,nan
2962,45.5263157895,0.5869103214,nan,0.0001392252,38.5628206322,nan,nan,nan,nan,nan,nan,nan
2963,45.5263157895,0.4381143695,nan,0.0007854472,31.0488298746,nan,nan,nan,nan,nan,nan,nan
2964,45.5263157895,0.3984817064,nan,0.0011426535,29.4208545740,nan,nan,nan,nan,nan,nan,nan
2965,45.5263157895,0.3232203241,nan,0.0021084738,26.7603178230,nan,nan,nan,nan,nan,nan,nan
2966,45.5263157895,0.4269558265,nan,0.0008760689,30.5746174193,nan,nan,nan,nan,nan,nan,nan
2967,45.5263157895,0.3692359570,nan,0.0014723137,28.3199963592,nan,nan,nan,nan,nan,nan,nan
2968,45.5263157895,0.8208084214,nan,0.0000032592,54.8689394813,nan,nan,nan,nan,nan,nan,nan
2969,45.5263157895,0.7260555600,nan,0.0000173795,47.5996222591,nan,nan,nan,nan,nan,nan,nan
2970,45.5263157895,0.6100448138,nan,0.0001016149,39.9304241740,nan,nan,nan,nan,nan,nan,nan
2971,45.5263157895,0.3670033747,nan,0.0014998715,28.2394595744,nan,nan,nan,nan,nan,nan,nan
2972,45.5263157895,0.8336322849,nan,0.0000025572,55.9223379242,nan,nan,nan,nan,nan,nan,nan
2973,45.5263157895,0.4180518940,nan,0.0009538633,30.2051383821,nan,nan,nan,nan,nan,nan,nan
2974,45.5263157895,0.3932375319,nan,0.0011975173,29.2171820056,nan,nan,nan,nan,nan,nan,nan
2975,45.5263157895,1.0088927251,nan,0.0000000633,71.9842038387,nan,nan,nan,nan,nan,nan,nan
2976,45.5263157895,0.3331357774,nan,0.0019594790,27.0785937866,nan,nan,nan,nan,nan,nan,nan
2977,45.5263157895,0.4210820271,nan,0.0009268322,30.3299889588,nan,nan,nan,nan,nan,nan,nan
2978,45.5263157895,1.0272919247,nan,0.0000000412,73.8506450934,nan,nan,nan,nan,nan,nan,nan
2979,45.5263157895,0.3060732029,nan,0.0023806911,26.2329694892,nan,nan,nan,nan,nan,nan,nan
2980,45.5263157895,0.4812570491,nan,0.0005012638,32.9993363003,nan,nan,nan,nan,nan,nan,nan
2981,45.5263157895,0.9511085239,nan,0.0000002320,66.3453139051,nan,nan,nan,nan,nan,nan,nan
2982,45.5263157895,0.1677924664,nan,0.0049605625,23.0446907066,nan,nan,nan,nan,nan,nan,nan
2983,45.5263157895,0.3028644298,nan,0.0024335880,26.1375295072,nan,nan,nan,nan,nan,nan,nan
2984,45.5263157895,0.5781259676,nan,0.0001564011,38.0576022444,nan,nan,nan,nan,nan,nan,nan
2985,45.5263157895,0.6025864117,nan,0.0001126251,39.4836490481,nan,nan,nan,nan,nan,nan,nan
2986,45.5263157895,0.5485159629,nan,0.0002284730,36.4116514415,nan,nan,nan,nan,nan,nan,nan
2987,45.5263157895,0.3609426637,nan,0.0015764013,28.0233320339,nan,nan,nan,nan,nan,nan,nan
2988,45.5263157895,0.2458337435,nan,0.0034581161,24.6116042990,nan,nan,nan,nan,nan,nan,nan
2989,45.5263157895,0.6669169887,nan,0.0000444531,43.5209820181,nan,nan,nan,nan,nan,nan,nan
2990,45.5263157895,0.9818934578,nan,0.0000001173,69.3074114190,nan,nan,nan,nan,nan,nan,nan
2991,45.5263157895,0.5414673466,nan,0.0002492993,36.0327901040,nan,nan,nan,nan,nan,nan,nan
2992,45.5263157895,0.0703355433,nan,0.0064152032,21.9278958359,nan,nan,nan,nan,nan,nan,nan
2993,45.5263157895,0.5673452679,nan,0.0001799638,37.4481485949,nan,nan,nan,nan,nan,nan,nan
2994,45.5263157895,0.5312414688,nan,0.0002823577,35.4920039907,nan,nan,nan,nan,nan,nan,nan
2995,45.5263157895,0.8909098286,nan,0.0000008260,60.8300262796,nan,nan,nan,nan,nan,nan,nan
2996,45.5263157895,0.3641028537,nan,0.0015361834,28.1355693770,nan,nan,nan,nan,nan,nan,nan
2997,45.5263157895,0.6364279773,nan,0.0000698928,41.5556744428,nan,nan,nan,nan,nan,nan,nan
2998,45.5263157895,0.3094135144,nan,0.0023262651,26.3334079890,nan,nan,nan,nan,nan,nan,nan
2999,45.5263157895,0.1890442350,nan,0.0045583965,23.4118789894,nan,nan,nan,nan,nan,nan,nan
3000,45.5263157895,0.6320086668,nan,0.0000744979,41.2785610600,nan,nan,nan,nan,nan,nan,nan
3001,45.5263157895,0.1752189380,nan,0.0048217500,23.1679531427,nan,nan,nan,nan,nan,nan,nan
3002,45.5263157895,0.4651877912,nan,0.0005955126,32.2510903518,nan,nan,nan,nan,nan,nan,nan
3003,45.5263157895,0.2882519969,nan,0.0026817424,25.7158294433,nan,nan,nan,nan,nan,nan,nan
3004,45.5263157895,0.6931619237,nan,0.0000295965,45.2875894363,nan,nan,nan,nan,nan,nan,nan
3005,45.5263157895,0.1413526812,nan,0.0054326995,22.6498431869,nan,nan,nan,nan,nan,nan,nan
3006,45.5263157895,0.5908261596,nan,0.0001321135,38.7905294007,nan,nan,nan,nan,nan,nan,nan
3007,45.5263157895,0.5999454228,nan,0.0001167673,39.3267869113,nan,nan,nan,nan,nan,nan,nan
3008,45.5263157895,0.0236248092,nan,0.0067300310,21.7198293649,nan,nan,nan,nan,nan,nan,nan
3009,45.5263157895,0.5742918813,nan,0.0001644554,37.8395180050,nan,nan,nan,nan,nan,nan,nan
3010,45.5263157895,1.4671192905,nan,0.0000000000,128.6945837620,nan,nan,nan,nan,nan,nan,nan
3011,45.5263157895,1.2469120178,nan,0.0000000001,98.7791717947,nan,nan,nan,nan,nan,nan,nan
3012,45.5263157895,0.7191240454,nan,0.0000194834,47.1033598882,nan,nan,nan,nan,nan,nan,nan
3013,45.5263157895,0.5184161311,nan,0.0003289608,34.8285585422,nan,nan,nan,nan,nan,nan,nan
3014,45.5263157895,0.6242809984,nan,0.0000832010,40.7987126019,nan,nan,nan,nan,nan,nan,nan
3015,45.5263157895,0.6590460450,nan,0.0000500648,43.0046753974,nan,nan,nan,nan,nan,nan,nan
3016,45.5263157895,1.1107646746,nan,0.0000000053,82.7490236943,nan,nan,nan,nan,nan,nan,nan
3017,45.5263157895,0.8124407303,nan,0.0000038102,54.1905345549,nan,nan,nan,nan,nan,nan,nan
3018,45.5263157895,0.5384626777,nan,0.0002586543,35.8728037663,nan,nan,nan,nan,nan,nan,nan
3019,45.5263157895,0.2292989896,nan,0.0037762233,24.2294232949,nan,nan,nan,nan,nan,nan,nan
3020,45.5263157895,0.3110544102,nan,0.0022997714,26.3831532996,nan,nan,nan,nan,nan,nan,nan
3021,45.5263157895,1.2216108142,nan,0.0000000003,95.6578029040,nan,nan,nan,nan,nan,nan,nan
3022,45.5263157895,0.5166519664,nan,0.0003358467,34.7385886617,nan,nan,nan,nan,nan,nan,nan
3023,45.5263157895,0.0515717239,nan,0.0065779996,21.8190615479,nan,nan,nan,nan,nan,nan,nan
3024,45.5263157895,0.4868601346,nan,0.0004713776,33.2663103402,nan,nan,nan,nan,nan,nan,nan
3025,45.5263157895,0.2434728483,nan,0.0035031761,24.5553803064,nan,nan,nan,nan,nan,nan,nan
3026,45.5263157895,0.5481006549,nan,0.0002296577,36.3891906660,nan,nan,nan,nan,nan,nan,nan
3027,45.5263157895,0.4185408758,nan,0.0009494621,30.2252238888,nan,nan,nan,nan,nan,nan,nan
3028,45.5263157895,0.2772396339,nan,0.0028760596,25.4120212070,nan,nan,nan,nan,nan,nan,nan
3029,45.5263157895,0.6066584892,nan,0.0001064907,39.7268833541,nan,nan,nan,nan,nan,nan,nan
3030,45.5263157895,0.6587708861,nan,0.0000502720,42.9867386238,nan,nan,nan,nan,nan,nan,nan
3031,45.5263157895,0.3994963224,nan,0.0011322500,29.4605767263,nan,nan,nan,nan,nan,nan,nan
3032,45.5263157895,0.4561426257,nan,0.0006544448,31.8412697430,nan,nan,nan,nan,nan,nan,nan
3033,45.5263157895,0.7078615489,nan,0.0000234027,46.3073368419,nan,nan,nan,nan,nan,nan,nan
3034,45.5263157895,0.9588446092,nan,0.0000001959,67.0806523062,nan,nan,nan,nan,nan,nan,nan
3035,45.5263157895,0.3405339600,nan,0.0018524923,27.3224359232,nan,nan,nan,nan,nan,nan,nan
3036,45.5263157895,0.1549618604,nan,0.0051945657,22.8445075253,nan,nan,nan,nan,nan,nan,nan
3037,45.5263157895,0.3866510508,nan,0.0012690357,28.9652616594,nan,nan,nan,nan,nan,nan,nan
3038,45.5263157895,0.6938139909,nan,0.0000292930,45.3323639063,nan,nan,nan,nan,nan,nan,nan
3039,45.5263157895,0.1519820855,nan,0.0052476747,22.8003309439,nan,nan,nan,nan,nan,nan,nan
3040,45.5263157895,0.6712623769,nan,0.0000416036,43.8086937350,nan,nan,nan,nan,nan,nan,nan
3041,45.5263157895,0.2634918524,nan,0.0031263527,25.0496203452,nan,nan,nan,nan,nan,nan,nan
3042,45.5263157895,0.9945652192,nan,0.0000000880,70.5545402294,nan,nan,nan,nan,nan,nan,nan
3043,45.5263157895,0.6103240466,nan,0.0001012218,39.9472593284,nan,nan,nan,nan,nan,nan,nan
3044,45.5263157895,0.3403465953,nan,0.0018551570,27.3161932435,nan,nan,nan,nan,nan,nan,nan
3045,45.5263157895,0.3670488609,nan,0.0014993066,28.2410954623,nan,nan,nan,nan,nan,nan,nan
3046,45.5263157895,0.5616207824,nan,0.0001936747,37.1292712635,nan,nan,nan,nan,nan,nan,nan
3047,45.5263157895,0.5081036507,nan,0.0003709325,34.3070508366,nan,nan,nan,nan,nan,nan,nan
3048,45.5263157895,0.8427112361,nan,0.0000021487,56.6781515568,nan,nan,nan,nan,nan,nan,nan
3049,45.5263157895,0.4871339206,nan,0.0004699551,33.2794360951,nan,nan,nan,nan,nan,nan,nan
3050,45.5263157895,0.4634643808,nan,0.0006064046,32.1723749345,nan,nan,nan,nan,nan,nan,nan
3051,45.5263157895,0.7530720448,nan,0.0000110152,49.5800603446,nan,nan,nan,nan,nan,nan,nan
3052,45.5263157895,0.0985513785,nan,0.0060871800,22.1558385824,nan,nan,nan,nan,nan,nan,nan
3053,45.5263157895,0.6658295035,nan,0.0000451931,43.4492758367,nan,nan,nan,nan,nan,nan,nan
3054,45.5263157895,0.8093915948,nan,0.0000040317,53.9450841847,nan,nan,nan,nan,nan,nan,nan
3055,45.5263157895,0.4898415111,nan,0.0004560741,33.4096463521,nan,nan,nan,nan,nan,nan,nan
3056,45.5263157895,0.7435697864,nan,0.0000129565,48.8751160316,nan,nan,nan,nan,nan,nan,nan
3057,45.5263157895,0.5641475503,nan,0.0001875160,37.2696174119,nan,nan,nan,nan,nan,nan,nan
3058,45.5263157895,0.5991409897,nan,0.0001180553,39.2791465586,nan,nan,nan,nan,nan,nan,nan
3059,45.5263157895,0.3478806987,nan,0.0017498587,27.5699701476,nan,nan,nan,nan,nan,nan,nan
3060,45.5263157895,0.3971181489,nan,0.0011567425,29.3676330825,nan,nan,nan,nan,nan,nan,nan
3061,45.5263157895,1.0308525152,nan,0.0000000379,74.2157958987,nan,nan,nan,nan,nan,nan,nan
3062,45.5263157895,0.7664401303,nan,0.0000087353,50.5872037991,nan,nan,nan,nan,nan,nan,nan
3063,45.5263157895,0.6394098717,nan,0.0000669304,41.7437633953,nan,nan,nan,nan,nan,nan,nan
3064,45.5263157895,0.5351712254,nan,0.0002692411,35.6985858141,nan,nan,nan,nan,nan,nan,nan
3065,45.5263157895,0.7837854183,nan,0.0000064256,51.9208376987,nan,nan,nan,nan,nan,nan,nan
3066,45.5263157895,0.5695991819,nan,0.0001747993,37.5746026985,nan,nan,nan,nan,nan,nan,nan
3067,45.5263157895,0.2257018671,nan,0.0038460421,24.1498596360,nan,nan,nan,nan,nan,nan,nan
3068,45.5263157895,0.5072226902,nan,0.0003747146,34.2629938949,nan,nan,nan,nan,nan,nan,nan
3069,45.5263157895,0.2496382762,nan,0.0033858144,24.7033685251,nan,nan,nan,nan,nan,nan,nan
3070,45.5263157895,0.8226337611,nan,0.0000031493,55.0178664113,nan,nan,nan,nan,nan,nan,nan
3071,45.5263157895,0.1686124305,nan,0.0049453452,23.0580338464,nan,nan,nan,nan,nan,nan,nan
3072,45.5263157895,0.3636259331,nan,0.0015422091,28.1185673476,nan,nan,nan,nan,nan,nan,nan
3073,45.5263157895,0.8684471038,nan,0.0000012984,58.8658697070,nan,nan,nan,nan,nan,nan,nan
3074,45.5263157895,0.1941467629,nan,0.0044599898,23.5066612997,nan,nan,nan,nan,nan,nan,nan
3075,45.5263157895,0.7197910260,nan,0.0000192712,47.1509020361,nan,nan,nan,nan,nan,nan,nan
3076,45.5263157895,0.2292091079,nan,0.0037779659,24.2274196543,nan,nan,nan,nan,nan,nan,nan
3077,45.5263157895,0.2572317934,nan,0.0032427949,24.8908051384,nan,nan,nan,nan,nan,nan,nan
3078,45.5263157895,0.7159360171,nan,0.0000205270,46.8767370522,nan,nan,nan,nan,nan,nan,nan
3079,45.5263157895,0.1497938934,nan,0.0052863449,22.7684450243,nan,nan,nan,nan,nan,nan,nan
3080,45.5263157895,0.2999350372,nan,0.0024823946,26.0512918525,nan,nan,nan,nan,nan,nan,nan
3081,45.5263157895,0.4982286473,nan,0.0004151790,33.8176465547,nan,nan,nan,nan,nan,nan,nan
3082,45.5263157895,0.2621954653,nan,0.0031503493,25.0164128720,nan,nan,nan,nan,nan,nan,nan
3083,45.5263157895,0.6809949896,nan,0.0000358097,44.4599889066,nan,nan,nan,nan,nan,nan,nan
3084,45.5263157895,0.5458164281,nan,0.0002362673,36.2659637007,nan,nan,nan,nan,nan,nan,nan
3085,45.5263157895,0.9160448186,nan,0.0000004911,63.0882941288,nan,nan,nan,nan,nan,nan,nan
3086,45.5263157895,1.4806017765,nan,0.0000000000,130.6865592888,nan,nan,nan,nan,nan,nan,nan
3087,45.5263157895,1.2013874373,nan,0.0000000005,93.2096349994,nan,nan,nan,nan,nan,nan,nan
3088,45.5263157895,0.2454357499,nan,0.0034657022,24.6020875605,nan,nan,nan,nan,nan,nan,nan
3089,45.5263157895,0.7612024300,nan,0.0000095709,50.1904526591,nan,nan,nan,nan,nan,nan,nan
3090,45.5263157895,0.0748351230,nan,0.0063693311,21.9590617321,nan,nan,nan,nan,nan,nan,nan
3091,45.5263157895,0.4205206094,nan,0.0009317968,30.3067876951,nan,nan,nan,nan,nan,nan,nan
3092,45.5263157895,0.4682336807,nan,0.0005766423,32.3909351635,nan,nan,nan,nan,nan,nan,nan
3093,45.5263157895,0.6178685506,nan,0.0000910943,40.4050872140,nan,nan,nan,nan,nan,nan,nan
3094,45.5263157895,0.5518713054,nan,0.0002190912,36.5937499843,nan,nan,nan,nan,nan,nan,nan
3095,45.5263157895,0.3784609632,nan,0.0013620599,28.6580378296,nan,nan,nan,nan,nan,nan,nan
3096,45.5263157895,0.2263954111,nan,0.0038325688,24.1651004314,nan,nan,nan,nan,nan,nan,nan
3097,45.5263157895,0.2854335889,nan,0.0027309074,25.6369302668,nan,nan,nan,nan,nan,nan,nan
3098,45.5263157895,0.8576592434,nan,0.0000016067,57.9406884687,nan,nan,nan,nan,nan,nan,nan
3099,45.5263157895,0.7118097077,nan,0.0000219536,46.5849353953,nan,nan,nan,nan,nan,nan,nan
3100,45.5263157895,0.3242131924,nan,0.0020932700,26.7917475765,nan,nan,nan,nan,nan,nan,nan
3101,45.5263157895,0.5336758402,nan,0.0002741705,35.6197931164,nan,nan,nan,nan,nan,nan,nan
3102,45.5263157895,0.4289378397,nan,0.0008594210,30.6579403388,nan,nan,nan,nan,nan,nan,nan
3103,45.5263157895,0.5468237917,nan,0.0002333327,36.3202433781,nan,nan,nan,nan,nan,nan,nan
3104,45.5263157895,0.5353229803,nan,0.0002687451,35.7065943929,nan,nan,nan,nan,nan,nan,nan
3105,45.5263157895,0.4986029160,nan,0.0004134265,33.8360173041,nan,nan,nan,nan,nan,nan,nan
3106,45.5263157895,1.0100172947,nan,0.0000000617,72.0972981754,nan,nan,nan,nan,nan,nan,nan
3107,45.5263157895,0.7459209052,nan,0.0000124489,49.0486915144,nan,nan,nan,nan,nan,nan,nan
3108,45.5263157895,0.5830429984,nan,0.0001465736,38.3394434880,nan,nan,nan,nan,nan,nan,nan
3109,45.5263157895,0.8815944128,nan,0.0000009979,60.0092930969,nan,nan,nan,nan,nan,nan,nan
3110,45.5263157895,0.3843220254,nan,0.0012950258,28.8772158102,nan,nan,nan,nan,nan,nan,nan
3111,45.5263157895,0.2758297909,nan,0.0029013526,25.3739948315,nan,nan,nan,nan,nan,nan,nan
3112,45.5263157895,0.5274027805,nan,0.0002956852,35.2917034717,nan,nan,nan,nan,nan,nan,nan
3113,45.5263157895,0.9192620429,nan,0.0000004590,63.3819576030,nan,nan,nan,nan,nan,nan,nan
3114,45.5263157895,0.5808029518,nan,0.0001509821,38.2107445074,nan,nan,nan,nan,nan,nan,nan
3115,45.5263157895,0.4296523676,nan,0.0008534783,30.6880749519,nan,nan,nan,nan,nan,nan,nan
3116,45.5263157895,0.2547030291,nan,0.0032902191,24.8277517768,nan,nan,nan,nan,nan,nan,nan
3117,45.5263157895,0.4422605203,nan,0.0007536678,31.2282005021,nan,nan,nan,nan,nan,nan,nan
3118,45.5263157895,0.4863756065,nan,0.0004739036,33.2430996372,nan,nan,nan,nan,nan,nan,nan
3119,45.5263157895,0.6982302594,nan,0.0000273103,45.6367351542,nan,nan,nan,nan,nan,nan,nan
3120,45.5263157895,1.0839996083,nan,0.0000000104,79.8188891099,nan,nan,nan,nan,nan,nan,nan
3121,45.5263157895,0.3131308563,nan,0.0022664774,26.4464860669,nan,nan,nan,nan,nan,nan,nan
3122,45.5263157895,0.5876016172,nan,0.0001379460,38.6029081124,nan,nan,nan,nan,nan,nan,nan
3123,45.5263157895,0.4619775821,nan,0.0006159273,32.1047051536,nan,nan,nan,nan,nan,nan,nan
3124,45.5263157895,0.1974374000,nan,0.0043962788,23.5691477120,nan,nan,nan,nan,nan,nan,nan
3125,45.5263157895,0.9319373638,nan,0.0000003508,64.5491256965,nan,nan,nan,nan,nan,nan,nan
3126,45.5263157895,0.4288568273,nan,0.0008600968,30.6545269299,nan,nan,nan,nan,nan,nan,nan
3127,45.5263157895,1.0488553465,nan,0.0000000247,76.0817102158,nan,nan,nan,nan,nan,nan,nan
3128,45.5263157895,0.6037398975,nan,0.0001108567,39.5523803210,nan,nan,nan,nan,nan,nan,nan
3129,45.5263157895,0.5005567864,nan,0.0004043757,33.9321494863,nan,nan,nan,nan,nan,nan,nan
3130,45.5263157895,0.2827616789,nan,0.0027778835,25.5628596854,nan,nan,nan,nan,nan,nan,nan
3131,45.5263157895,0.7903310370,nan,0.0000057122,52.4319970985,nan,nan,nan,nan,nan,nan,nan
3132,45.5263157895,0.2384512113,nan,0.0035994611,24.4376251644,nan,nan,nan,nan,nan,nan,nan
3133,45.5263157895,1.0954850818,nan,0.0000000078,81.0673768659,nan,nan,nan,nan,nan,nan,nan
3134,45.5263157895,0.9183899246,nan,0.0000004675,63.3022485463,nan,nan,nan,nan,nan,nan,nan
3135,45.5263157895,0.3457756433,nan,0.0017788956,27.4984954639,nan,nan,nan,nan,nan,nan,nan
3136,45.5263157895,0.4592889344,nan,0.0006334472,31.9828958535,nan,nan,nan,nan,nan,nan,nan
3137,45.5263157895,0.2102562629,nan,0.0041469146,23.8227490832,nan,nan,nan,nan,nan,nan,nan
3138,45.5263157895,0.5713717984,nan,0.0001708279,37.6744119599,nan,nan,nan,nan,nan,nan,nan
3139,45.5263157895,0.9808940117,nan,0.0000001200,69.2097394602,nan,nan,nan,nan,nan,nan,nan
3140,45.5263157895,0.2687241251,nan,0.0030301637,25.1853390605,nan,nan,nan,nan,nan,nan,nan
3141,45.5263157895,0.4335403478,nan,0.0008216861,30.8529406507,nan,nan,nan,nan,nan,nan,nan
3142,45.5263157895,0.3940245501,nan,0.0011891665,29.2475732265,nan,nan,nan,nan,nan,nan,nan
3143,45.5263157895,0.7457050659,nan,0.0000124947,49.0327335737,nan,nan,nan,nan,nan,nan,nan
3144,45.5263157895,1.1587930190,nan,0.0000000015,88.1891469794,nan,nan,nan,nan,nan,nan,nan
3145,45.5263157895,0.7444019643,nan,0.0000127747,48.9364893507,nan,nan,nan,nan,nan,nan,nan
3146,45.5263157895,0.4806408078,nan,0.0005046421,32.9701655351,nan,nan,nan,nan,nan,nan,nan
3147,45.5263157895,0.5102199441,nan,0.0003619758,34.4132044653,nan,nan,nan,nan,nan,nan,nan
3148,45.5263157895,0.3874414733,nan,0.0012602986,28.9952654612,nan,nan,nan,nan,nan,nan,nan
3149,45.5263157895,0.6536125902,nan,0.0000543013,42.6518940276,nan,nan,nan,nan,nan,nan,nan
3150,45.5263157895,0.8487170353,nan,0.0000019131,57.1827013838,nan,nan,nan,nan,nan,nan,nan
3151,45.5263157895,0.2463278034,nan,0.0034487047,24.6234399609,nan,nan,nan,nan,nan,nan,nan
3152,45.5263157895,0.2182104691,nan,0.0039918453,23.9882630063,nan,nan,nan,nan,nan,nan,nan
3153,45.5263157895,0.1634079853,nan,0.0050414278,22.9744644731,nan,nan,nan,nan,nan,nan,nan
3154,45.5263157895,0.3890093069,nan,0.0012430931,29.0549634422,nan,nan,nan,nan,nan,nan,nan
3155,45.5263157895,0.8085093118,nan,0.0000040980,53.8742368330,nan,nan,nan,nan,nan,nan,nan
3156,45.5263157895,0.1257689624,nan,0.0056895299,22.4492361958,nan,nan,nan,nan,nan,nan,nan
3157,45.5263157895,0.2338069310,nan,0.0036889787,24.3309385802,nan,nan,nan,nan,nan,nan,nan
3158,45.5263157895,1.1463572847,nan,0.0000000021,86.7581105853,nan,nan,nan,nan,nan,nan,nan
3159,45.5263157895,0.8613025573,nan,0.0000014956,58.2518294673,nan,nan,nan,nan,nan,nan,nan
3160,45.5263157895,0.2797681611,nan,0.0028309263,25.4807144253,nan,nan,nan,nan,nan,nan,nan
3161,45.5263157895,0.7447973609,nan,0.0000126892,48.9656743987,nan,nan,nan,nan,nan,nan,nan
3162,45.5263157895,0.1250508120,nan,0.0057009013,22.4405647513,nan,nan,nan,nan,nan,nan,nan
3163,45.5263157895,0.3317346595,nan,0.0019801467,27.0330263301,nan,nan,nan,nan,nan,nan,nan
3164,45.5263157895,0.0851416682,nan,0.0062548144,22.0378557070,nan,nan,nan,nan,nan,nan,nan
3165,45.5263157895,1.1851610287,nan,0.0000000007,91.2753550504,nan,nan,nan,nan,nan,nan,nan
3166,45.5263157895,0.6437897867,nan,0.0000627819,42.0216555999,nan,nan,nan,nan,nan,nan,nan
3167,45.5263157895,0.6786564881,nan,0.0000371310,44.3026293878,nan,nan,nan,nan,nan,nan,nan
3168,45.5263157895,0.4243480692,nan,0.0008983414,30.4655859916,nan,nan,nan,nan,nan,nan,nan
3169,45.5263157895,0.5256263079,nan,0.0003020294,35.1995078574,nan,nan,nan,nan,nan,nan,nan
3170,45.5263157895,0.4388591370,nan,0.0007796643,31.0809234618,nan,nan,nan,nan,nan,nan,nan
3171,45.5263157895,0.3566900484,nan,0.0016315991,27.8738654118,nan,nan,nan,nan,nan,nan,nan
3172,45.5263157895,0.4419557786,nan,0.0007559693,31.2149583088,nan,nan,nan,nan,nan,nan,nan
3173,45.5263157895,0.5157070456,nan,0.0003395840,34.6905272371,nan,nan,nan,nan,nan,nan,nan
3174,45.5263157895,0.3665760321,nan,0.0015051852,28.2241004895,nan,nan,nan,nan,nan,nan,nan
3175,45.5263157895,0.8146680541,nan,0.0000036556,54.3704233339,nan,nan,nan,nan,nan,nan,nan
3176,45.5263157895,0.6603882301,nan,0.0000490651,43.0922774946,nan,nan,nan,nan,nan,nan,nan
3177,45.5263157895,0.4385531137,nan,0.0007820365,31.0677295741,nan,nan,nan,nan,nan,nan,nan
3178,45.5263157895,0.3947506693,nan,0.0011814987,29.2756675669,nan,nan,nan,nan,nan,nan,nan
3179,45.5263157895,0.7381871759,nan,0.0000141911,48.4798322841,nan,nan,nan,nan,nan,nan,nan
3180,45.5263157895,0.3866142833,nan,0.0012694431,28.9638675079,nan,nan,nan,nan,nan,nan,nan
3181,45.5263157895,0.6695549905,nan,0.0000427030,43.6954197780,nan,nan,nan,nan,nan,nan,nan
3182,45.5263157895,0.6366037179,nan,0.0000697150,41.5667348558,nan,nan,nan,nan,nan,nan,nan
3183,45.5263157895,0.2975493300,nan,0.0025224996,25.9816889677,nan,nan,nan,nan,nan,nan,nan
3184,45.5263157895,0.8347704188,nan,0.0000025023,56.0166302807,nan,nan,nan,nan,nan,nan,nan
3185,45.5263157895,0.3370886686,nan,0.0019018651,27.2082028126,nan,nan,nan,nan,nan,nan,nan
3186,45.5263157895,0.6536937453,nan,0.0000542358,42.6571414014,nan,nan,nan,nan,nan,nan,nan
3187,45.5263157895,0.7051444933,nan,0.0000244500,46.1172098011,nan,nan,nan,nan,nan,nan,nan
3188,45.5263157895,0.7197268753,nan,0.0000192916,47.1463274552,nan,nan,nan,nan,nan,nan,nan
3189,45.5263157895,0.9215776673,nan,0.0000004371,63.5939720191,nan,nan,nan,nan,nan,nan,nan
3190,45.5263157895,0.8930723562,nan,0.0000007903,61.0218094418,nan,nan,nan,nan,nan,nan,nan
3191,45.5263157895,0.5726056210,nan,0.0001681098,37.7440698577,nan,nan,nan,nan,nan,nan,nan
3192,45.5263157895,0.8950227017,nan,0.0000007594,61.1951805938,nan,nan,nan,nan,nan,nan,nan
3193,45.5263157895,0.6634824490,nan,0.0000468282,43.2949219942,nan,nan,nan,nan,nan,nan,nan
3194,45.5263157895,1.0046608968,nan,0.0000000698,71.5597700506,nan,nan,nan,nan,nan,nan,nan
3195,45.5263157895,0.1725952939,nan,0.0048710357,23.1237869185,nan,nan,nan,nan,nan,nan,nan
3196,45.5263157895,0.9606444829,nan,0.0000001883,67.2526039514,nan,nan,nan,nan,nan,nan,nan
3197,45.5263157895,0.7153487898,nan,0.0000207248,46.8351052752,nan,nan,nan,nan,nan,nan,nan
3198,45.5263157895,0.7598664459,nan,0.0000097956,50.0896956464,nan,nan,nan,nan,nan,nan,nan
3199,45.5263157895,1.0982597428,nan,0.0000000073,81.3709923556,nan,nan,nan,nan,nan,nan,nan
3200,45.5263157895,0.5641458742,nan,0.0001875200,37.2695241042,nan,nan,nan,nan,nan,nan,nan
3201,45.5263157895,0.8866940962,nan,0.0000009000,60.4575137450,nan,nan,nan,nan,nan,nan,nan
3202,45.5263157895,0.6310233094,nan,0.0000755607,41.2170416789,nan,nan,nan,nan,nan,nan,nan
3203,45.5263157895,1.0508328384,nan,0.0000000235,76.2886699842,nan,nan,nan,nan,nan,nan,nan
3204,45.5263157895,0.9680479547,nan,0.0000001598,67.9633444734,nan,nan,nan,nan,nan,nan,nan
3205,45.5263157895,0.9221513600,nan,0.0000004319,63.6465820844,nan,nan,nan,nan,nan,nan,nan
3206,45.5263157895,0.4900166447,nan,0.0004551878,33.4180939311,nan,nan,nan,nan,nan,nan,nan
3207,45.5263157895,0.5351880552,nan,0.0002691861,35.6994738639,nan,nan,nan,nan,nan,nan,nan
3208,45.5263157895,0.5796790513,nan,0.0001532371,38.1463619486,nan,nan,nan,nan,nan,nan,nan
3209,45.5263157895,0.4484157220,nan,0.0007083283,31.4976537735,nan,nan,nan,nan,nan,nan,nan
3210,45.5263157895,0.5241873859,nan,0.0003072513,35.1250622447,nan,nan,nan,nan,nan,nan,nan
3211,45.5263157895,0.0631368080,nan,0.0064831859,21.8821152321,nan,nan,nan,nan,nan,nan,nan
3212,45.5263157895,0.0765811859,nan,0.0063508453,21.9716846489,nan,nan,nan,nan,nan,nan,nan
3213,45.5263157895,0.4503352757,nan,0.0006946308,31.5824594744,nan,nan,nan,nan,nan,nan,nan
3214,45.5263157895,0.7651296762,nan,0.0000089378,50.4876786951,nan,nan,nan,nan,nan,nan,nan
3215,45.5263157895,0.3250610035,nan,0.0020803370,26.8186630252,nan,nan,nan,nan,nan,nan,nan
3216,45.5263157895,0.6277914459,nan,0.0000791416,41.0159496276,nan,nan,nan,nan,nan,nan,nan
3217,45.5263157895,0.9807124177,nan,0.0000001204,69.1920038473,nan,nan,nan,nan,nan,nan,nan
3218,45.5263157895,0.6365272069,nan,0.0000697924,41.5619191771,nan,nan,nan,nan,nan,nan,nan
3219,45.5263157895,0.3313497422,nan,0.0019858470,27.0205421451,nan,nan,nan,nan,nan,nan,nan
3220,45.5263157895,0.3029833065,nan,0.0024316177,26.1410470780,nan,nan,nan,nan,nan,nan,nan
3221,45.5263157895,0.5302313612,nan,0.0002858147,35.4391540330,nan,nan,nan,nan,nan,nan,nan
3222,45.5263157895,0.5619327185,nan,0.0001929051,37.1465627191,nan,nan,nan,nan,nan,nan,nan
3223,45.5263157895,0.1840306557,nan,0.0046545240,23.3212472385,nan,nan,nan,nan,nan,nan,nan
3224,45.5263157895,0.0724427511,nan,0.0063940397,21.9422467426,nan,nan,nan,nan,nan,nan,nan
3225,45.5263157895,0.4046921040,nan,0.0010800403,29.6656003884,nan,nan,nan,nan,nan,nan,nan
3226,45.5263157895,0.3528793945,nan,0.0016821078,27.7414617549,nan,nan,nan,nan,nan,nan,nan
3227,45.5263157895,0.8375987982,nan,0.0000023705,56.2515226670,nan,nan,nan,nan,nan,nan,nan
3228,45.5263157895,0.5137968329,nan,0.0003472449,34.5936413558,nan,nan,nan,nan,nan,nan,nan
3229,45.5263157895,0.3128394972,nan,0.0022711334,26.4375736220,nan,nan,nan,nan,nan,nan,nan
3230,45.5263157895,0.4873898457,nan,0.0004686286,33.2917123551,nan,nan,nan,nan,nan,nan,nan
3231,45.5263157895,0.2626615765,nan,0.0031417141,25.0283333298,nan,nan,nan,nan,nan,nan,nan
3232,45.5263157895,0.3679638803,nan,0.0014879737,28.2740474120,nan,nan,nan,nan,nan,nan,nan
3233,45.5263157895,0.3051833521,nan,0.0023953006,26.2063998152,nan,nan,nan,nan,nan,nan,nan
3234,45.5263157895,0.4199264094,nan,0.0009370730,30.2822659327,nan,nan,nan,nan,nan,nan,nan
3235,45.5263157895,1.0224915320,nan,0.0000000461,73.3603808690,nan,nan,nan,nan,nan,nan,nan
3236,45.5263157895,0.9293305372,nan,0.0000003709,64.3077571005,nan,nan,nan,nan,nan,nan,nan
3237,45.5263157895,0.3380804577,nan,0.0018875715,27.2409658571,nan,nan,nan,nan,nan,nan,nan
3238,45.5263157895,0.3445596217,nan,0.0017958052,27.4574077912,nan,nan,nan,nan,nan,nan,nan
3239,45.5263157895,0.8144217127,nan,0.0000036724,54.3505030583,nan,nan,nan,nan,nan,nan,nan
3240,45.5263157895,0.0534129679,nan,0.0065641189,21.8282356131,nan,nan,nan,nan,nan,nan,nan
3241,45.5263157895,0.6431257083,nan,0.0000633958,41.9793978474,nan,nan,nan,nan,nan,nan,nan
3242,45.5263157895,0.5826379819,nan,0.0001473623,38.3161364991,nan,nan,nan,nan,nan,nan,nan
3243,45.5263157895,0.6971648809,nan,0.0000277771,45.5631291354,nan,nan,nan,nan,nan,nan,nan
3244,45.5263157895,0.6136231831,nan,0.0000966772,40.1467595625,nan,nan,nan,nan,nan,nan,nan
3245,45.5263157895,0.4706289272,nan,0.0005621395,32.5015588151,nan,nan,nan,nan,nan,nan,nan
3246,45.5263157895,0.2267610916,nan,0.0038254669,24.1731554850,nan,nan,nan,nan,nan,nan,nan
3247,45.5263157895,0.5598932464,nan,0.0001979846,37.0336859806,nan,nan,nan,nan,nan,nan,nan
3248,45.5263157895,0.4903335278,nan,0.0004535878,33.4333866021,nan,nan,nan,nan,nan,nan,nan
3249,45.5263157895,1.1293190435,nan,0.0000000033,84.8229196811,nan,nan,nan,nan,nan,nan,nan
3250,45.5263157895,0.6780357895,nan,0.0000374891,44.2609545047,nan,nan,nan,nan,nan,nan,nan
3251,45.5263157895,0.8879134142,nan,0.0000008780,60.5650711057,nan,nan,nan,nan,nan,nan,nan
3252,45.5263157895,0.4826974515,nan,0.0004934387,33.0676682105,nan,nan,nan,nan,nan,nan,nan
3253,45.5263157895,0.4310038786,nan,0.0008423230,30.7452131945,nan,nan,nan,nan,nan,nan,nan
3254,45.5263157895,1.0671541815,nan,0.0000000158,78.0119559611,nan,nan,nan,nan,nan,nan,nan
3255,45.5263157895,1.0235376339,nan,0.0000000450,73.4670204040,nan,nan,nan,nan,nan,nan,nan
3256,45.5263157895,0.9992091553,nan,0.0000000791,71.0156568590,nan,nan,nan,nan,nan,nan,nan
3257,45.5263157895,0.1350929339,nan,0.0055380854,22.5664034796,nan,nan,nan,nan,nan,nan,nan
3258,45.5263157895,0.9867515607,nan,0.0000001051,69.7836148349,nan,nan,nan,nan,nan,nan,nan
3259,45.5263157895,1.0529387798,nan,0.0000000223,76.5095086478,nan,nan,nan,nan,nan,nan,nan
3260,45.5263157895,1.4169598056,nan,0.0000000000,121.4463352601,nan,nan,nan,nan,nan,nan,nan
3261,45.5263157895,0.5561192703,nan,0.0002076868,36.8259113680,nan,nan,nan,nan,nan,nan,nan
3262,45.5263157895,0.2969499251,nan,0.0025326256,25.9642901565,nan,nan,nan,nan,nan,nan,nan
3263,45.5263157895,0.2214389305,nan,0.0039289597,24.0572243057,nan,nan,nan,nan,nan,nan,nan
3264,45.5263157895,0.3118490394,nan,0.0022869995,26.4073393493,nan,nan,nan,nan,nan,nan,nan
3265,45.5263157895,0.4867813176,nan,0.0004717878,33.2625331100,nan,nan,nan,nan,nan,nan,nan
3266,45.5263157895,0.1867914467,nan,0.0046016666,23.3708484635,nan,nan,nan,nan,nan,nan,nan
3267,45.5263157895,0.3878580450,nan,0.0012557109,29.0111032481,nan,nan,nan,nan,nan,nan,nan
3268,45.5263157895,0.5801067373,nan,0.0001523756,38.1708469702,nan,nan,nan,nan,nan,nan,nan
3269,45.5263157895,0.6567123416,nan,0.0000518467,42.8527898878,nan,nan,nan,nan,nan,nan,nan
3270,45.5263157895,0.3814127438,nan,0.0013280079,28.7679935619,nan,nan,nan,nan,nan,nan,nan
3271,45.5263157895,0.2388614437,nan,0.0035915744,24.4471513815,nan,nan,nan,nan,nan,nan,nan
3272,45.5263157895,0.3113246480,nan,0.0022954237,26.3913714642,nan,nan,nan,nan,nan,nan,nan
3273,45.5263157895,0.3244055935,nan,0.0020903310,26.7978494672,nan,nan,nan,nan,nan,nan,nan
3274,45.5263157895,0.2894740506,nan,0.0026605506,25.7502848009,nan,nan,nan,nan,nan,nan,nan
3275,45.5263157895,0.4466970787,nan,0.0007207694,31.4220366613,nan,nan,nan,nan,nan,nan,nan
3276,45.5263157895,0.3245008183,nan,0.0020888772,26.8008708245,nan,nan,nan,nan,nan,nan,nan
3277,45.5263157895,0.7164264408,nan,0.0000203632,46.9115325042,nan,nan,nan,nan,nan,nan,nan
3278,45.5263157895,0.7021453006,nan,0.0000256555,45.9082029908,nan,nan,nan,nan,nan,nan,nan
3279,45.5263157895,0.1539381655,nan,0.0052128683,22.8292324587,nan,nan,nan,nan,nan,nan,nan
3280,45.5263157895,0.6361195960,nan,0.0000702057,41.5362736619,nan,nan,nan,nan,nan,nan,nan
3281,45.5263157895,0.4581151042,nan,0.0006412181,31.9299420294,nan,nan,nan,nan,nan,nan,nan
3282,45.5263157895,0.4413792707,nan,0.0007603381,31.1899322100,nan,nan,nan,nan,nan,nan,nan
3283,45.5263157895,0.3807650767,nan,0.0013354286,28.7437931916,nan,nan,nan,nan,nan,nan,nan
3284,45.5263157895,0.3132934411,nan,0.0022638815,26.4514630731,nan,nan,nan,nan,nan,nan,nan
3285,45.5263157895,0.3579605572,nan,0.0016149789,27.9183313750,nan,nan,nan,nan,nan,nan,nan
3286,45.5263157895,0.2921233063,nan,0.0026148764,25.8254883437,nan,nan,nan,nan,nan,nan,nan
3287,45.5263157895,0.2679113342,nan,0.0030450342,25.1640783232,nan,nan,nan,nan,nan,nan,nan
3288,45.5263157895,0.3414036833,nan,0.0018401535,27.3514593705,nan,nan,nan,nan,nan,nan,nan
3289,45.5263157895,0.2467400920,nan,0.0034408559,24.6333352025,nan,nan,nan,nan,nan,nan,nan
3290,45.5263157895,0.4288203469,nan,0.0008604012,30.6529900595,nan,nan,nan,nan,nan,nan,nan
3291,45.5263157895,0.2239510763,nan,0.0038800766,24.1115969978,nan,nan,nan,nan,nan,nan,nan
3292,45.5263157895,0.4894502266,nan,0.0004580592,33.3907838117,nan,nan,nan,nan,nan,nan,nan
3293,45.5263157895,0.4444516209,nan,0.0007372783,31.3236853662,nan,nan,nan,nan,nan,nan,nan
3294,45.5263157895,0.4923578611,nan,0.0004434741,33.5313173758,nan,nan,nan,nan,nan,nan,nan
3295,45.5263157895,0.9362053401,nan,0.0000003202,64.9457853240,nan,nan,nan,nan,nan,nan,nan
3296,45.5263157895,0.5155533012,nan,0.0003401954,34.6827158094,nan,nan,nan,nan,nan,nan,nan
3297,45.5263157895,0.4564890332,nan,0.0006521066,31.8568142583,nan,nan,nan,nan,nan,nan,nan
3298,45.5263157895,0.9820487519,nan,0.0000001169,69.3225967780,nan,nan,nan,nan,nan,nan,nan
3299,45.5263157895,0.6430507698,nan,0.0000634654,41.9746320169,nan,nan,nan,nan,nan,nan,nan
3300,45.5263157895,0.4891795650,nan,0.0004594365,33.3777450750,nan,nan,nan,nan,nan,nan,nan
3301,45.5263157895,0.5369514144,nan,0.0002634707,35.7926771598,nan,nan,nan,nan,nan,nan,nan
3302,45.5263157895,0.2270207890,nan,0.0038204243,24.1788840106,nan,nan,nan,nan,nan,nan,nan
3303,45.5263157895,0.5758048145,nan,0.0001612353,37.9253980334,nan,nan,nan,nan,nan,nan,nan
3304,45.5263157895,0.3879198620,nan,0.0012550311,29.0134549616,nan,nan,nan,nan,nan,nan,nan
3305,45.5263157895,0.5859800464,nan,0.0001409629,38.5089507116,nan,nan,nan,nan,nan,nan,nan
3306,45.5263157895,0.6358148935,nan,0.0000705162,41.5171137020,nan,nan,nan,nan,nan,nan,nan
3307,45.5263157895,0.4767301259,nan,0.0005265101,32.7859326192,nan,nan,nan,nan,nan,nan,nan
3308,45.5263157895,0.9572769852,nan,0.0000002027,66.9311557627,nan,nan,nan,nan,nan,nan,nan
3309,45.5263157895,0.2388657197,nan,0.0035914922,24.4472507645,nan,nan,nan,nan,nan,nan,nan
3310,45.5263157895,1.7901125235,nan,0.0000000000,181.5137093534,nan,nan,nan,nan,nan,nan,nan
3311,45.5263157895,0.1037842587,nan,0.0060164023,22.2066313003,nan,nan,nan,nan,nan,nan,nan
3312,45.5263157895,0.4339622828,nan,0.0008182908,30.8709231589,nan,nan,nan,nan,nan,nan,nan
3313,45.5263157895,0.2942948598,nan,0.0025777151,25.8876508655,nan,nan,nan,nan,nan,nan,nan
3314,45.5263157895,0.4481116134,nan,0.0007105175,31.4842520687,nan,nan,nan,nan,nan,nan,nan
3315,45.5263157895,0.3198466540,nan,0.0021606009,26.6542545706,nan,nan,nan,nan,nan,nan,nan
3316,45.5263157895,0.4906384769,nan,0.0004520523,33.4481128297,nan,nan,nan,nan,nan,nan,nan
3317,45.5263157895,0.5298035792,nan,0.0002872895,35.4168028127,nan,nan,nan,nan,nan,nan,nan
3318,45.5263157895,0.7514316525,nan,0.0000113300,49.4577147717,nan,nan,nan,nan,nan,nan,nan
3319,45.5263157895,0.1057127080,nan,0.0059895980,22.2260232185,nan,nan,nan,nan,nan,nan,nan
3320,45.5263157895,0.3834875663,nan,0.0013044272,28.8458016974,nan,nan,nan,nan,nan,nan,nan
3321,45.5263157895,1.0365889889,nan,0.0000000331,74.8067920629,nan,nan,nan,nan,nan,nan,nan
3322,45.5263157895,1.1244820000,nan,0.0000000037,84.2788989832,nan,nan,nan,nan,nan,nan,nan
3323,45.5263157895,0.7241160398,nan,0.0000179462,47.4602746369,nan,nan,nan,nan,nan,nan,nan
3324,45.5263157895,1.0310555475,nan,0.0000000377,74.2366562680,nan,nan,nan,nan,nan,nan,nan
3325,45.5263157895,0.3902116767,nan,0.0012300105,29.1009117767,nan,nan,nan,nan,nan,nan,nan
3326,45.5263157895,0.4209743348,nan,0.0009277830,30.3255360061,nan,nan,nan,nan,nan,nan,nan
3327,45.5263157895,0.6908180816,nan,0.0000307114,45.1270018463,nan,nan,nan,nan,nan,nan,nan
3328,45.5263157895,0.4465484485,nan,0.0007218532,31.4155110758,nan,nan,nan,nan,nan,nan,nan
3329,45.5263157895,0.9030380045,nan,0.0000006439,61.9117173697,nan,nan,nan,nan,nan,nan,nan
3330,45.5263157895,0.3834294627,nan,0.0013050835,28.8436169084,nan,nan,nan,nan,nan,nan,nan
3331,45.5263157895,0.2855122791,nan,0.0027295293,25.6391224462,nan,nan,nan,nan,nan,nan,nan
3332,45.5263157895,0.8650474750,nan,0.0000013890,58.5730446332,nan,nan,nan,nan,nan,nan,nan
3333,45.5263157895,0.5432279106,nan,0.0002439522,36.1269533737,nan,nan,nan,nan,nan,nan,nan
3334,45.5263157895,0.6605400025,nan,0.0000489531,43.1021948198,nan,nan,nan,nan,nan,nan,nan
3335,45.5263157895,0.2101419664,nan,0.0041491427,23.8204162765,nan,nan,nan,nan,nan,nan,nan
3336,45.5263157895,0.2947451054,nan,0.0025700418,25.9005980880,nan,nan,nan,nan,nan,nan,nan
3337,45.5263157895,0.2639613804,nan,0.0031176772,25.0616885571,nan,nan,nan,nan,nan,nan,nan
3338,45.5263157895,0.0812079938,nan,0.0063000429,22.0065649137,nan,nan,nan,nan,nan,nan,nan
3339,45.5263157895,0.4654379519,nan,0.0005939446,32.2625409253,nan,nan,nan,nan,nan,nan,nan
3340,45.5263157895,0.9444878357,nan,0.0000002679,65.7208049821,nan,nan,nan,nan,nan,nan,nan
3341,45.5263157895,0.2736427337,nan,0.0029407660,25.3153952800,nan,nan,nan,nan,nan,nan,nan
3342,45.5263157895,0.9507751106,nan,0.0000002337,66.3137580474,nan,nan,nan,nan,nan,nan,nan
3343,45.5263157895,0.5629109521,nan,0.0001905087,37.2008521149,nan,nan,nan,nan,nan,nan,nan
3344,45.5263157895,0.4091943137,nan,0.0010362311,29.8454336351,nan,nan,nan,nan,nan,nan,nan
3345,45.5263157895,0.9561473904,nan,0.0000002078,66.8235860087,nan,nan,nan,nan,nan,nan,nan
3346,45.5263157895,0.7256972475,nan,0.0000174830,47.5738502562,nan,nan,nan,nan,nan,nan,nan
3347,45.5263157895,0.4771802002,nan,0.0005239553,32.8070578023,nan,nan,nan,nan,nan,nan,nan
3348,45.5263157895,0.1038380110,nan,0.0060156604,22.2071669022,nan,nan,nan,nan,nan,nan,nan
3349,45.5263157895,0.3852523757,nan,0.0012845997,28.9123216737,nan,nan,nan,nan,nan,nan,nan
3350,45.5263157895,0.3537518250,nan,0.0016704569,27.7716473465,nan,nan,nan,nan,nan,nan,nan
3351,45.5263157895,0.4586093840,nan,0.0006379368,31.9522231929,nan,nan,nan,nan,nan,nan,nan
3352,45.5263157895,0.5701985852,nan,0.0001734476,37.6083175377,nan,nan,nan,nan,nan,nan,nan
3353,45.5263157895,0.7666300628,nan,0.0000087063,50.6016429709,nan,nan,nan,nan,nan,nan,nan
3354,45.5263157895,0.3560818602,nan,0.0016395941,27.8526365796,nan,nan,nan,nan,nan,nan,nan
3355,45.5263157895,0.4786416738,nan,0.0005157278,32.8757948557,nan,nan,nan,nan,nan,nan,nan
3356,45.5263157895,1.0188382273,nan,0.0000000502,72.9888326824,nan,nan,nan,nan,nan,nan,nan
3357,45.5263157895,0.4133237834,nan,0.0009972048,30.0121565073,nan,nan,nan,nan,nan,nan,nan
3358,45.5263157895,0.7321549140,nan,0.0000157025,48.0403082360,nan,nan,nan,nan,nan,nan,nan
3359,45.5263157895,0.2528881220,nan,0.0033243839,24.7828882819,nan,nan,nan,nan,nan,nan,nan
3360,45.5263157895,0.3334339931,nan,0.0019550967,27.0883176149,nan,nan,nan,nan,nan,nan,nan
3361,45.5263157895,0.4948477925,nan,0.0004312872,33.6523347205,nan,nan,nan,nan,nan,nan,nan
3362,45.5263157895,0.4135835480,nan,0.0009947865,30.0227011049,nan,nan,nan,nan,nan,nan,nan
3363,45.5263157895,0.4591038879,nan,0.0006346673,31.9745388927,nan,nan,nan,nan,nan,nan,nan
3364,45.5263157895,0.7574069418,nan,0.0000102219,49.9046756114,nan,nan,nan,nan,nan,nan,nan
3365,45.5263157895,0.5679757251,nan,0.0001785061,37.4834685791,nan,nan,nan,nan,nan,nan,nan
3366,45.5263157895,0.5287400968,nan,0.0002909835,35.3613162801,nan,nan,nan,nan,nan,nan,nan
3367,45.5263157895,0.6720384065,nan,0.0000411124,43.8602751572,nan,nan,nan,nan,nan,nan,nan
3368,45.5263157895,0.6320119624,nan,0.0000744943,41.2787669852,nan,nan,nan,nan,nan,nan,nan
3369,45.5263157895,0.5684397740,nan,0.0001774397,37.5094913717,nan,nan,nan,nan,nan,nan,nan
3370,45.5263157895,0.6088950854,nan,0.0001032479,39.8611886717,nan,nan,nan,nan,nan,nan,nan
3371,45.5263157895,1.1605981429,nan,0.0000000014,88.3981751183,nan,nan,nan,nan,nan,nan,nan
3372,45.5263157895,0.6065157424,nan,0.0001067007,39.7183286083,nan,nan,nan,nan,nan,nan,nan
3373,45.5263157895,0.6337474201,nan,0.0000726548,41.3873556130,nan,nan,nan,nan,nan,nan,nan
3374,45.5263157895,0.7538209491,nan,0.0000108743,49.6360061278,nan,nan,nan,nan,nan,nan,nan
3375,45.5263157895,0.6378582892,nan,0.0000684576,41.6457827119,nan,nan,nan,nan,nan,nan,nan
3376,45.5263157895,0.8073050556,nan,0.0000041902,53.7776617839,nan,nan,nan,nan,nan,nan,nan
3377,45.5263157895,0.7203515367,nan,0.0000190946,47.1908896930,nan,nan,nan,nan,nan,nan,nan
3378,45.5263157895,0.7424178097,nan,0.0000132121,48.7902726138,nan,nan,nan,nan,nan,nan,nan
3379,45.5263157895,0.3850747358,nan,0.0012865860,28.9056119402,nan,nan,nan,nan,nan,nan,nan
3380,45.5263157895,0.4138315892,nan,0.0009924814,30.0327761031,nan,nan,nan,nan,nan,nan,nan
3381,45.5263157895,0.5964432501,nan,0.0001224657,39.1198545487,nan,nan,nan,nan,nan,nan,nan
3382,45.5263157895,0.2242985886,nan,0.0038733188,24.1191676136,nan,nan,nan,nan,nan,nan,nan
3383,45.5263157895,0.5000997445,nan,0.0004064781,33.9096283735,nan,nan,nan,nan,nan,nan,nan
3384,45.5263157895,0.4818214192,nan,0.0004981860,33.0260849826,nan,nan,nan,nan,nan,nan,nan
3385,45.5263157895,0.5029756934,nan,0.0003933968,34.0516912890,nan,nan,nan,nan,nan,nan,nan
3386,45.5263157895,1.2033469586,nan,0.0000000005,93.4450302307,nan,nan,nan,nan,nan,nan,nan
3387,45.5263157895,0.6232441005,nan,0.0000844348,40.7347831034,nan,nan,nan,nan,nan,nan,nan
3388,45.5263157895,0.3792331618,nan,0.0013530945,28.6867188681,nan,nan,nan,nan,nan,nan,nan
3389,45.5263157895,0.6036690435,nan,0.0001109646,39.5481545819,nan,nan,nan,nan,nan,nan,nan
3390,45.5263157895,0.5198833689,nan,0.0003233238,34.9036230065,nan,nan,nan,nan,nan,nan,nan
3391,45.5263157895,0.2830405926,nan,0.0027729634,25.5705586223,nan,nan,nan,nan,nan,nan,nan
3392,45.5263157895,0.4443062918,nan,0.0007383568,31.3173372903,nan,nan,nan,nan,nan,nan,nan
3393,45.5263157895,0.0410825571,nan,0.0066480921,21.7730297400,nan,nan,nan,nan,nan,nan,nan
3394,45.5263157895,0.6907801604,nan,0.0000307298,45.1244082295,nan,nan,nan,nan,nan,nan,nan
3395,45.5263157895,0.5461149651,nan,0.0002353944,36.2820391345,nan,nan,nan,nan,nan,nan,nan
3396,45.5263157895,0.4227356558,nan,0.0009123238,30.3985099691,nan,nan,nan,nan,nan,nan,nan
3397,45.5263157895,0.3436770453,nan,0.0018081402,27.4276788989,nan,nan,nan,nan,nan,nan,nan
3398,45.5263157895,0.5672505463,nan,0.0001801837,37.4428454723,nan,nan,nan,nan,nan,nan,nan
3399,45.5263157895,0.4986377699,nan,0.0004132636,33.8377287998,nan,nan,nan,nan,nan,nan,nan
3400,45.5263157895,0.8648575789,nan,0.0000013942,58.5567224690,nan,nan,nan,nan,nan,nan,nan
3401,45.5263157895,0.7400301482,nan,0.0000137567,48.6148463804,nan,nan,nan,nan,nan,nan,nan
3402,45.5263157895,0.4839429783,nan,0.0004867520,33.1269226616,nan,nan,nan,nan,nan,nan,nan
3403,45.5263157895,0.7993206885,nan,0.0000048517,53.1410578621,nan,nan,nan,nan,nan,nan,nan
3404,45.5263157895,0.2779481732,nan,0.0028633825,25.4312063708,nan,nan,nan,nan,nan,nan,nan
3405,45.5263157895,0.3146345558,nan,0.0022425301,26.4926171199,nan,nan,nan,nan,nan,nan,nan
3406,45.5263157895,0.1745384915,nan,0.0048345566,23.1564335140,nan,nan,nan,nan,nan,nan,nan
3407,45.5263157895,0.7043241008,nan,0.0000247745,46.0599485855,nan,nan,nan,nan,nan,nan,nan
3408,45.5263157895,0.4023138144,nan,0.0011037177,29.5714197677,nan,nan,nan,nan,nan,nan,nan
3409,45.5263157895,0.1936018667,nan,0.0044705225,23.4964171843,nan,nan,nan,nan,nan,nan,nan
3410,45.5263157895,0.2855644871,nan,0.0027286151,25.6405772134,nan,nan,nan,nan,nan,nan,nan
3411,45.5263157895,0.1351785941,nan,0.0055366626,22.5675193776,nan,nan,nan,nan,nan,nan,nan
3412,45.5263157895,0.3830013371,nan,0.0013099270,28.8275290759,nan,nan,nan,nan,nan,nan,nan
3413,45.5263157895,0.2866008673,nan,0.0027104963,25.6695117462,nan,nan,nan,nan,nan,nan,nan
3414,45.5263157895,0.8598940972,nan,0.0000015377,58.1313872563,nan,nan,nan,nan,nan,nan,nan
3415,45.5263157895,0.3253057266,nan,0.0020766124,26.8264455339,nan,nan,nan,nan,nan,nan,nan
3416,45.5263157895,0.5346421635,nan,0.0002709765,35.6706836270,nan,nan,nan,nan,nan,nan,nan
3417,45.5263157895,0.0427427217,nan,0.0066380266,21.7796101202,nan,nan,nan,nan,nan,nan,nan
3418,45.5263157895,0.3668752962,nan,0.0015014627,28.2348544071,nan,nan,nan,nan,nan,nan,nan
3419,45.5263157895,0.7339816971,nan,0.0000152299,48.1730247928,nan,nan,nan,nan,nan,nan,nan
3420,45.5263157895,1.0752977335,nan,0.0000000129,78.8818867444,nan,nan,nan,nan,nan,nan,nan
3421,45.5263157895,0.3518976713,nan,0.0016952801,27.7075852826,nan,nan,nan,nan,nan,nan,nan
3422,45.5263157895,0.4665799155,nan,0.0005868281,32.3148913521,nan,nan,nan,nan,nan,nan,nan
3423,45.5263157895,0.6511971612,nan,0.0000562857,42.4960189815,nan,nan,nan,nan,nan,nan,nan
3424,45.5263157895,0.1816800262,nan,0.0046993667,23.2796066932,nan,nan,nan,nan,nan,nan,nan
3425,45.5263157895,1.0959687095,nan,0.0000000077,81.1202413443,nan,nan,nan,nan,nan,nan,nan
3426,45.5263157895,0.5348722179,nan,0.0002702208,35.6828130192,nan,nan,nan,nan,nan,nan,nan
3427,45.5263157895,0.4751413697,nan,0.0005356088,32.7115229931,nan,nan,nan,nan,nan,nan,nan
3428,45.5263157895,0.8032350730,nan,0.0000045161,53.4523532378,nan,nan,nan,nan,nan,nan,nan
3429,45.5263157895,0.3641430607,nan,0.0015356761,28.1370037741,nan,nan,nan,nan,nan,nan,nan
3430,45.5263157895,0.8875106046,nan,0.0000008852,60.5295222168,nan,nan,nan,nan,nan,nan,nan
3431,45.5263157895,0.5809840926,nan,0.0001506214,38.2211330057,nan,nan,nan,nan,nan,nan,nan
3432,45.5263157895,0.4363242173,nan,0.0007994816,30.9719151064,nan,nan,nan,nan,nan,nan,nan
3433,45.5263157895,0.8094820003,nan,0.0000040250,53.9523481860,nan,nan,nan,nan,nan,nan,nan
3434,45.5263157895,1.0214183724,nan,0.0000000473,73.2510982443,nan,nan,nan,nan,nan,nan,nan
3435,45.5263157895,0.4406608742,nan,0.0007658094,31.1587932201,nan,nan,nan,nan,nan,nan,nan
3436,45.5263157895,1.0151396390,nan,0.0000000548,72.6140559299,nan,nan,nan,nan,nan,nan,nan
3437,45.5263157895,0.5492267316,nan,0.0002264576,36.4501315075,nan,nan,nan,nan,nan,nan,nan
3438,45.5263157895,0.5344946908,nan,0.0002714619,35.6629110658,nan,nan,nan,nan,nan,nan,nan
3439,45.5263157895,0.5544600425,nan,0.0002120794,36.7350152847,nan,nan,nan,nan,nan,nan,nan
3440,45.5263157895,0.3566915926,nan,0.0016315788,27.8739193595,nan,nan,nan,nan,nan,nan,nan
3441,45.5263157895,0.9531842308,nan,0.0000002217,66.5420218599,nan,nan,nan,nan,nan,nan,nan
3442,45.5263157895,0.8515571533,nan,0.0000018103,57.4225692515,nan,nan,nan,nan,nan,nan,nan
3443,45.5263157895,0.3651655305,nan,0.0015228128,28.1735348449,nan,nan,nan,nan,nan,nan,nan
3444,45.5263157895,0.6440499525,nan,0.0000625429,42.0382229909,nan,nan,nan,nan,nan,nan,nan
3445,45.5263157895,0.3603942164,nan,0.0015834507,28.0039546359,nan,nan,nan,nan,nan,nan,nan
3446,45.5263157895,0.4993484958,nan,0.0004099534,33.8726554153,nan,nan,nan,nan,nan,nan,nan
3447,45.5263157895,0.5339305098,nan,0.0002733257,35.6331959684,nan,nan,nan,nan,nan,nan,nan
3448,45.5263157895,0.6574484602,nan,0.0000512786,42.9006399163,nan,nan,nan,nan,nan,nan,nan
3449,45.5263157895,0.5804991428,nan,0.0001515888,38.1933283336,nan,nan,nan,nan,nan,nan,nan
3450,45.5263157895,0.3766818208,nan,0.0013828711,28.5921829822,nan,nan,nan,nan,nan,nan,nan
3451,45.5263157895,0.4744333574,nan,0.0005397039,32.6784444551,nan,nan,nan,nan,nan,nan,nan
3452,45.5263157895,0.6211144253,nan,0.0000870198,40.6038176117,nan,nan,nan,nan,nan,nan,nan
3453,45.5263157895,0.5323258208,nan,0.0002786858,35.5488522806,nan,nan,nan,nan,nan,nan,nan
3454,45.5263157895,0.8955380281,nan,0.0000007514,61.2410534655,nan,nan,nan,nan,nan,nan,nan
3455,45.5263157895,0.8787324476,nan,0.0000010571,59.7589007166,nan,nan,nan,nan,nan,nan,nan
3456,45.5263157895,0.4452129471,nan,0.0007316485,31.3569750916,nan,nan,nan,nan,nan,nan,nan
3457,45.5263157895,0.9725905704,nan,0.0000001445,68.4021854718,nan,nan,nan,nan,nan,nan,nan
3458,45.5263157895,0.0792415969,nan,0.0063219539,21.9914867362,nan,nan,nan,nan,nan,nan,nan
3459,45.5263157895,0.2208739565,nan,0.0039399600,24.0450819120,nan,nan,nan,nan,nan,nan,nan
3460,45.5263157895,0.3221067718,nan,0.0021256001,26.7251843123,nan,nan,nan,nan,nan,nan,nan
3461,45.5263157895,0.7191719213,nan,0.0000194681,47.1067709720,nan,nan,nan,nan,nan,nan,nan
3462,45.5263157895,1.2155449826,nan,0.0000000003,94.9191347142,nan,nan,nan,nan,nan,nan,nan
3463,45.5263157895,0.3848082388,nan,0.0012895697,28.8955518398,nan,nan,nan,nan,nan,nan,nan
3464,45.5263157895,0.3215151462,nan,0.0021347311,26.7065681556,nan,nan,nan,nan,nan,nan,nan
3465,45.5263157895,0.5582427911,nan,0.0002021787,36.9426451574,nan,nan,nan,nan,nan,nan,nan
3466,45.5263157895,0.8698980085,nan,0.0000012615,58.9911979658,nan,nan,nan,nan,nan,nan,nan
3467,45.5263157895,0.8413401354,nan,0.0000022062,56.5634753579,nan,nan,nan,nan,nan,nan,nan
3468,45.5263157895,0.3525448820,nan,0.0016865888,27.7299079068,nan,nan,nan,nan,nan,nan,nan
3469,45.5263157895,0.3063223065,nan,0.0023766096,26.2404214541,nan,nan,nan,nan,nan,nan,nan
3470,45.5263157895,0.8495267135,nan,0.0000018832,57.2510013849,nan,nan,nan,nan,nan,nan,nan
3471,45.5263157895,0.8044228834,nan,0.0000044186,53.5471207366,nan,nan,nan,nan,nan,nan,nan
3472,45.5263157895,0.3325336516,nan,0.0019683452,27.0589874046,nan,nan,nan,nan,nan,nan,nan
3473,45.5263157895,0.5276962206,nan,0.0002946481,35.3069628891,nan,nan,nan,nan,nan,nan,nan
3474,45.5263157895,0.1115803058,nan,0.0059057377,22.2872584485,nan,nan,nan,nan,nan,nan,nan
3475,45.5263157895,0.1271829560,nan,0.0056670139,22.4664572540,nan,nan,nan,nan,nan,nan,nan
3476,45.5263157895,0.3970610883,nan,0.0011573348,29.3654099704,nan,nan,nan,nan,nan,nan,nan
3477,45.5263157895,1.0219365573,nan,0.0000000467,73.3038517912,nan,nan,nan,nan,nan,nan,nan
3478,45.5263157895,0.1931223799,nan,0.0044797864,23.4874269777,nan,nan,nan,nan,nan,nan,nan
3479,45.5263157895,0.4587316339,nan,0.0006371273,31.9577377447,nan,nan,nan,nan,nan,nan,nan
3480,45.5263157895,0.7731149953,nan,0.0000077681,51.0968264590,nan,nan,nan,nan,nan,nan,nan
3481,45.5263157895,0.4474343710,nan,0.0007154116,31.4544400084,nan,nan,nan,nan,nan,nan,nan
3482,45.5263157895,0.8305950989,nan,0.0000027093,55.6713525120,nan,nan,nan,nan,nan,nan,nan
3483,45.5263157895,0.2944696953,nan,0.0025747342,25.8926760312,nan,nan,nan,nan,nan,nan,nan
3484,45.5263157895,0.9299719705,nan,0.0000003658,64.3670842879,nan,nan,nan,nan,nan,nan,nan
3485,45.5263157895,0.3629643421,nan,0.0015505939,28.0950193923,nan,nan,nan,nan,nan,nan,nan
3486,45.5263157895,0.4999343223,nan,0.0004072413,33.9014822133,nan,nan,nan,nan,nan,nan,nan
3487,45.5263157895,0.6813449686,nan,0.0000356157,44.4835865848,nan,nan,nan,nan,nan,nan,nan
3488,45.5263157895,0.2614194348,nan,0.0031647440,24.9966141881,nan,nan,nan,nan,nan,nan,nan
3489,45.5263157895,0.5156050267,nan,0.0003399896,34.6853436073,nan,nan,nan,nan,nan,nan,nan
3490,45.5263157895,0.4876806195,nan,0.0004671251,33.3056681961,nan,nan,nan,nan,nan,nan,nan
3491,45.5263157895,0.6203530964,nan,0.0000879608,40.5571098420,nan,nan,nan,nan,nan,nan,nan
3492,45.5263157895,0.7663141304,nan,0.0000087546,50.5776269560,nan,nan,nan,nan,nan,nan,nan
3493,45.5263157895,0.5413137419,nan,0.0002497705,36.0245893375,nan,nan,nan,nan,nan,nan,nan
3494,45.5263157895,0.5312525218,nan,0.0002823200,35.4925828606,nan,nan,nan,nan,nan,nan,nan
3495,45.5263157895,0.5207708923,nan,0.0003199533,34.9491337182,nan,nan,nan,nan,nan,nan,nan
3496,45.5263157895,1.2516586838,nan,0.0000000001,99.3720056036,nan,nan,nan,nan,nan,nan,nan
3497,45.5263157895,0.4470426968,nan,0.0007182540,31.4372195105,nan,nan,nan,nan,nan,nan,nan
3498,45.5263157895,1.0113922312,nan,0.0000000598,72.2357451095,nan,nan,nan,nan,nan,nan,nan
3499,45.5263157895,0.1113609162,nan,0.0059089343,22.2849083653,nan,nan,nan,nan,nan,nan,nan
3500,45.5263157895,0.7999119660,nan,0.0000047996,53.1879806981,nan,nan,nan,nan,nan,nan,nan
3501,45.5263157895,0.2419864224,nan,0.0035316167,24.5202644038,nan,nan,nan,nan,nan,nan,nan
3502,45.5263157895,0.3289122130,nan,0.0020221684,26.9418267369,nan,nan,nan,nan,nan,nan,nan
3503,45.5263157895,0.6575283220,nan,0.0000512173,42.9058344635,nan,nan,nan,nan,nan,nan,nan
3504,45.5263157895,0.2916950537,nan,0.0026222346,25.8132844945,nan,nan,nan,nan,nan,nan,nan
3505,45.5263157895,0.4726441534,nan,0.0005501643,32.5950757530,nan,nan,nan,nan,nan,nan,nan
3506,45.5263157895,0.4028119585,nan,0.0010987276,29.5910996382,nan,nan,nan,nan,nan,nan,nan
3507,45.5263157895,0.1850007870,nan,0.0046359726,23.3385913747,nan,nan,nan,nan,nan,nan,nan
3508,45.5263157895,0.6876850786,nan,0.0000322611,44.9132084901,nan,nan,nan,nan,nan,nan,nan
3509,45.5263157895,1.1311279111,nan,0.0000000031,85.0269721552,nan,nan,nan,nan,nan,nan,nan
3510,45.5263157895,0.7330766180,nan,0.0000154624,48.1072284090,nan,nan,nan,nan,nan,nan,nan
3511,45.5263157895,0.6902218292,nan,0.0000310010,45.0862380098,nan,nan,nan,nan,nan,nan,nan
3512,45.5263157895,0.2640059143,nan,0.0031168548,25.0628343377,nan,nan,nan,nan,nan,nan,nan
3513,45.5263157895,0.3734969808,nan,0.0014206648,28.4750838900,nan,nan,nan,nan,nan,nan,nan
3514,45.5263157895,0.6654530589,nan,0.0000454519,43.4244816914,nan,nan,nan,nan,nan,nan,nan
3515,45.5263157895,1.0435097271,nan,0.0000000280,75.5242330431,nan,nan,nan,nan,nan,nan,nan
3516,45.5263157895,0.3485951328,nan,0.0017400719,27.5943281313,nan,nan,nan,nan,nan,nan,nan
3517,45.5263157895,0.5119855541,nan,0.0003546410,34.5021109069,nan,nan,nan,nan,nan,nan,nan
3518,45.5263157895,0.7586364973,nan,0.0000100067,49.9970946386,nan,nan,nan,nan,nan,nan,nan
3519,45.5263157895,0.5603356556,nan,0.0001968731,37.0581361593,nan,nan,nan,nan,nan,nan,nan
3520,45.5263157895,0.9091904106,nan,0.0000005667,62.4661233495,nan,nan,nan,nan,nan,nan,nan
3521,45.5263157895,0.1343886216,nan,0.0055497630,22.5572556385,nan,nan,nan,nan,nan,nan,nan
3522,45.5263157895,0.4404211223,nan,0.0007676420,31.1484126159,nan,nan,nan,nan,nan,nan,nan
3523,45.5263157895,0.5776159050,nan,0.0001574525,38.0285046386,nan,nan,nan,nan,nan,nan,nan
3524,45.5263157895,0.9024966115,nan,0.0000006512,61.8631144817,nan,nan,nan,nan,nan,nan,nan
3525,45.5263157895,0.1862445204,nan,0.0046121534,23.3609625904,nan,nan,nan,nan,nan,nan,nan
3526,45.5263157895,0.5364382753,nan,0.0002651232,35.7655227719,nan,nan,nan,nan,nan,nan,nan
3527,45.5263157895,0.0804912003,nan,0.0063080843,22.0010250902,nan,nan,nan,nan,nan,nan,nan
3528,45.5263157895,0.3542397403,nan,0.0016639635,27.7885619679,nan,nan,nan,nan,nan,nan,nan
3529,45.5263157895,0.2416956571,nan,0.0035371862,24.5134208099,nan,nan,nan,nan,nan,nan,nan
3530,45.5263157895,0.2877045734,nan,0.0026912602,25.7004430832,nan,nan,nan,nan,nan,nan,nan
3531,45.5263157895,0.2691006049,nan,0.0030232850,25.1952090852,nan,nan,nan,nan,nan,nan,nan
3532,45.5263157895,0.9712564271,nan,0.0000001488,68.2730835141,nan,nan,nan,nan,nan,nan,nan
3533,45.5263157895,0.6092293496,nan,0.0001027708,39.8813040395,nan,nan,nan,nan,nan,nan,nan
3534,45.5263157895,0.1497009293,nan,0.0052879814,22.7671007766,nan,nan,nan,nan,nan,nan,nan
3535,45.5263157895,0.5589887236,nan,0.0002002738,36.9837577349,nan,nan,nan,nan,nan,nan,nan
3536,45.5263157895,1.2152624657,nan,0.0000000003,94.8848222279,nan,nan,nan,nan,nan,nan,nan
3537,45.5263157895,0.6358910586,nan,0.0000704384,41.5219021554,nan,nan,nan,nan,nan,nan,nan
3538,45.5263157895,0.9498759854,nan,0.0000002383,66.2287165057,nan,nan,nan,nan,nan,nan,nan
3539,45.5263157895,0.7309102757,nan,0.0000160322,47.9500772660,nan,nan,nan,nan,nan,nan,nan
3540,45.5263157895,0.3099850415,nan,0.0023170190,26.3507040249,nan,nan,nan,nan,nan,nan,nan
3541,45.5263157895,0.3914036388,nan,0.0012171372,29.1466046402,nan,nan,nan,nan,nan,nan,nan
3542,45.5263157895,0.9061999233,nan,0.0000006031,62.1961665157,nan,nan,nan,nan,nan,nan,nan
3543,45.5263157895,0.5249221966,nan,0.0003045753,35.1630532859,nan,nan,nan,nan,nan,nan,nan
3544,45.5263157895,0.6004264113,nan,0.0001160031,39.3553031808,nan,nan,nan,nan,nan,nan,nan
3545,45.5263157895,0.3577902576,nan,0.0016172003,27.9123618113,nan,nan,nan,nan,nan,nan,nan
3546,45.5263157895,0.4867959802,nan,0.0004717115,33.2632357572,nan,nan,nan,nan,nan,nan,nan
3547,45.5263157895,0.5976188831,nan,0.0001205263,39.1891817114,nan,nan,nan,nan,nan,nan,nan
3548,45.5263157895,0.3282077953,nan,0.0020327366,26.9191889112,nan,nan,nan,nan,nan,nan,nan
3549,45.5263157895,0.2423093254,nan,0.0035254339,24.5278742074,nan,nan,nan,nan,nan,nan,nan
3550,45.5263157895,0.5790579606,nan,0.0001544957,38.1108371852,nan,nan,nan,nan,nan,nan,nan
3551,45.5263157895,0.3185656775,nan,0.0021805805,26.6142787950,nan,nan,nan,nan,nan,nan,nan
3552,45.5263157895,0.2997664771,nan,0.0024852177,26.0463555708,nan,nan,nan,nan,nan,nan,nan
3553,45.5263157895,0.5819376049,nan,0.0001487349,38.2758716039,nan,nan,nan,nan,nan,nan,nan
3554,45.5263157895,0.8188330357,nan,0.0000033821,54.7081493316,nan,nan,nan,nan,nan,nan,nan
3555,45.5263157895,0.2885135890,nan,0.0026771996,25.7231924726,nan,nan,nan,nan,nan,nan,nan
3556,45.5263157895,0.9269180617,nan,0.0000003904,64.0849958771,nan,nan,nan,nan,nan,nan,nan
3557,45.5263157895,0.3242546619,nan,0.0020926363,26.7930624477,nan,nan,nan,nan,nan,nan,nan
3558,45.5263157895,0.3240701918,nan,0.0020954559,26.7872147816,nan,nan,nan,nan,nan,nan,nan
3559,45.5263157895,0.8220687785,nan,0.0000031829,54.9717343357,nan,nan,nan,nan,nan,nan,nan
3560,45.5263157895,0.2592110718,nan,0.0032058271,24.9405991017,nan,nan,nan,nan,nan,nan,nan
3561,45.5263157895,0.1081847396,nan,0.0059546851,22.2514120209,nan,nan,nan,nan,nan,nan,nan
3562,45.5263157895,0.9215402996,nan,0.0000004375,63.5905463919,nan,nan,nan,nan,nan,nan,nan
3563,45.5263157895,0.1824288253,nan,0.0046850989,23.2928123468,nan,nan,nan,nan,nan,nan,nan
3564,45.5263157895,0.9837364571,nan,0.0000001125,69.4877856156,nan,nan,nan,nan,nan,nan,nan
3565,45.5263157895,0.0947228969,nan,0.0061370994,22.1203684422,nan,nan,nan,nan,nan,nan,nan
3566,45.5263157895,1.0427184585,nan,0.0000000286,75.4419602056,nan,nan,nan,nan,nan,nan,nan
3567,45.5263157895,0.2646398381,nan,0.0031051562,25.0791654338,nan,nan,nan,nan,nan,nan,nan
3568,45.5263157895,0.6231758297,nan,0.0000845166,40.7305776841,nan,nan,nan,nan,nan,nan,nan
3569,45.5263157895,0.9729460335,nan,0.0000001433,68.4366132098,nan,nan,nan,nan,nan,nan,nan
3570,45.5263157895,0.3828155280,nan,0.0013120330,28.8205525423,nan,nan,nan,nan,nan,nan,nan
3571,45.5263157895,0.7363814108,nan,0.0000146289,48.3478758185,nan,nan,nan,nan,nan,nan,nan
3572,45.5263157895,0.3998686583,nan,0.0011284493,29.4751794043,nan,nan,nan,nan,nan,nan,nan
3573,45.5263157895,0.4249250805,nan,0.0008933769,30.4896525860,nan,nan,nan,nan,nan,nan,nan
3574,45.5263157895,0.4506499681,nan,0.0006924051,31.5963976840,nan,nan,nan,nan,nan,nan,nan
3575,45.5263157895,0.5534044099,nan,0.0002149152,36.6773291308,nan,nan,nan,nan,nan,nan,nan
3576,45.5263157895,0.3124063733,nan,0.0022780643,26.4243402843,nan,nan,nan,nan,nan,nan,nan
3577,45.5263157895,0.3461996582,nan,0.0017730227,27.5128569302,nan,nan,nan,nan,nan,nan,nan
3578,45.5263157895,0.3847289331,nan,0.0012904585,28.8925594630,nan,nan,nan,nan,nan,nan,nan
3579,45.5263157895,0.5966687780,nan,0.0001220916,39.1331431886,nan,nan,nan,nan,nan,nan,nan
3580,45.5263157895,0.3971016161,nan,0.0011569141,29.3669889228,nan,nan,nan,nan,nan,nan,nan
3581,45.5263157895,0.5395025329,nan,0.0002553836,35.9280694184,nan,nan,nan,nan,nan,nan,nan
3582,45.5263157895,0.8716536702,nan,0.0000012181,59.1431352694,nan,nan,nan,nan,nan,nan,nan
3583,45.5263157895,0.4282192987,nan,0.0008654285,30.6276878851,nan,nan,nan,nan,nan,nan,nan
3584,45.5263157895,0.2792258683,nan,0.0028405809,25.4659284083,nan,nan,nan,nan,nan,nan,nan
3585,45.5263157895,0.2173483496,nan,0.0040086470,23.9700219013,nan,nan,nan,nan,nan,nan,nan
3586,45.5263157895,0.2046648386,nan,0.0042558486,23.7101382871,nan,nan,nan,nan,nan,nan,nan
3587,45.5263157895,0.8120297488,nan,0.0000038394,54.1573965267,nan,nan,nan,nan,nan,nan,nan
3588,45.5263157895,0.4145919664,nan,0.0009854397,30.0636995419,nan,nan,nan,nan,nan,nan,nan
3589,45.5263157895,0.9758222375,nan,0.0000001344,68.7156530059,nan,nan,nan,nan,nan,nan,nan
3590,45.5263157895,0.7174513338,nan,0.0000200248,46.9843266075,nan,nan,nan,nan,nan,nan,nan
3591,45.5263157895,0.3477329391,nan,0.0017518871,27.5649387548,nan,nan,nan,nan,nan,nan,nan
3592,45.5263157895,0.7781378506,nan,0.0000071068,51.4832806747,nan,nan,nan,nan,nan,nan,nan
3593,45.5263157895,0.2801781764,nan,0.0028236358,25.4919131560,nan,nan,nan,nan,nan,nan,nan
3594,45.5263157895,1.1347656975,nan,0.0000000029,85.4383440153,nan,nan,nan,nan,nan,nan,nan
3595,45.5263157895,0.4062305315,nan,0.0010649218,29.7268228737,nan,nan,nan,nan,nan,nan,nan
3596,45.5263157895,0.6755425284,nan,0.0000389588,44.0939427283,nan,nan,nan,nan,nan,nan,nan
3597,45.5263157895,0.1623475967,nan,0.0050608516,22.9577639838,nan,nan,nan,nan,nan,nan,nan
3598,45.5263157895,1.2981093388,nan,0.0000000000,105.2942962033,nan,nan,nan,nan,nan,nan,nan
3599,45.5263157895,0.4424867811,nan,0.0007519625,31.2380384005,nan,nan,nan,nan,nan,nan,nan
3600,45.5263157895,1.1752266713,nan,0.0000000010,90.1043159160,nan,nan,nan,nan,nan,nan,nan
3601,45.5263157895,0.5567644053,nan,0.0002060000,36.8613277886,nan,nan,nan,nan,nan,nan,nan
3602,45.5263157895,0.5451745316,nan,0.0002381535,36.2314295106,nan,nan,nan,nan,nan,nan,nan
3603,45.5263157895,0.5202528865,nan,0.0003219169,34.9225616637,nan,nan,nan,nan,nan,nan,nan
3604,45.5263157895,0.6763241715,nan,0.0000384925,44.1462340178,nan,nan,nan,nan,nan,nan,nan
3605,45.5263157895,1.0163344324,nan,0.0000000533,72.7349724882,nan,nan,nan,nan,nan,nan,nan
3606,45.5263157895,0.7272826614,nan,0.0000170295,47.6879807974,nan,nan,nan,nan,nan,nan,nan
3607,45.5263157895,0.6507690344,nan,0.0000566441,42.4684518362,nan,nan,nan,nan,nan,nan,nan
3608,45.5263157895,0.3503764102,nan,0.0017158209,27.6552803695,nan,nan,nan,nan,nan,nan,nan
3609,45.5263157895,0.5307088995,nan,0.0002841760,35.4641266290,nan,nan,nan,nan,nan,nan,nan
3610,45.5263157895,0.8284967656,nan,0.0000028194,55.4984953525,nan,nan,nan,nan,nan,nan,nan
3611,45.5263157895,0.1627157182,nan,0.0050541146,22.9635491562,nan,nan,nan,nan,nan,nan,nan
3612,45.5263157895,0.6857435763,nan,0.0000332566,44.7812177536,nan,nan,nan,nan,nan,nan,nan
3613,45.5263157895,0.3900491557,nan,0.0012317732,29.0946926424,nan,nan,nan,nan,nan,nan,nan
3614,45.5263157895,1.2319207627,nan,0.0000000002,96.9218740395,nan,nan,nan,nan,nan,nan,nan
3615,45.5263157895,0.5517838726,nan,0.0002193315,36.5889905781,nan,nan,nan,nan,nan,nan,nan
3616,45.5263157895,0.2033146129,nan,0.0042821244,23.6834072011,nan,nan,nan,nan,nan,nan,nan
3617,45.5263157895,0.5750455712,nan,0.0001628444,37.8822716967,nan,nan,nan,nan,nan,nan,nan
3618,45.5263157895,0.0326606909,nan,0.0066931052,21.7437235156,nan,nan,nan,nan,nan,nan,nan
3619,45.5263157895,0.2735449138,nan,0.0029425338,25.3127853932,nan,nan,nan,nan,nan,nan,nan
3620,45.5263157895,0.7760084320,nan,0.0000073805,51.3191344259,nan,nan,nan,nan,nan,nan,nan
3621,45.5263157895,0.3423157107,nan,0.0018272689,27.3819753658,nan,nan,nan,nan,nan,nan,nan
3622,45.5263157895,0.2903477977,nan,0.0026454462,25.7750106125,nan,nan,nan,nan,nan,nan,nan
3623,45.5263157895,0.5729455824,nan,0.0001673675,37.7632898865,nan,nan,nan,nan,nan,nan,nan
3624,45.5263157895,0.4601111623,nan,0.0006280482,32.0200702222,nan,nan,nan,nan,nan,nan,nan
3625,45.5263157895,1.1839051904,nan,0.0000000008,91.1267665250,nan,nan,nan,nan,nan,nan,nan
3626,45.5263157895,0.2722805853,nan,0.0029654201,25.2791377552,nan,nan,nan,nan,nan,nan,nan
3627,45.5263157895,0.0391704706,nan,0.0066592007,21.7657789647,nan,nan,nan,nan,nan,nan,nan
3628,45.5263157895,0.7558917799,nan,0.0000104930,49.7909986635,nan,nan,nan,nan,nan,nan,nan
3629,45.5263157895,0.5653740375,nan,0.0001845877,37.3379719487,nan,nan,nan,nan,nan,nan,nan
3630,45.5263157895,0.7532761312,nan,0.0000109767,49.5953007123,nan,nan,nan,nan,nan,nan,nan
3631,45.5263157895,0.6580021293,nan,0.0000508550,42.9366660544,nan,nan,nan,nan,nan,nan,nan
3632,45.5263157895,0.8612754159,nan,0.0000014964,58.2495066232,nan,nan,nan,nan,nan,nan,nan
3633,45.5263157895,0.6393459977,nan,0.0000669927,41.7397250486,nan,nan,nan,nan,nan,nan,nan
3634,45.5263157895,0.3327673940,nan,0.0019649006,27.0665942272,nan,nan,nan,nan,nan,nan,nan
3635,45.5263157895,0.3280001908,nan,0.0020358574,26.9125265524,nan,nan,nan,nan,nan,nan,nan
3636,45.5263157895,0.7301344704,nan,0.0000162408,47.8939136327,nan,nan,nan,nan,nan,nan,nan
3637,45.5263157895,0.4260014616,nan,0.0008841712,30.5346362583,nan,nan,nan,nan,nan,nan,nan
3638,45.5263157895,0.4848819168,nan,0.0004817598,33.1716941450,nan,nan,nan,nan,nan,nan,nan
3639,45.5263157895,0.4633509456,nan,0.0006071270,32.1672042874,nan,nan,nan,nan,nan,nan,nan
3640,45.5263157895,0.9441233819,nan,0.0000002700,65.6865559426,nan,nan,nan,nan,nan,nan,nan
3641,45.5263157895,0.3367183080,nan,0.0019072195,27.1959933032,nan,nan,nan,nan,nan,nan,nan
3642,45.5263157895,0.4986122942,nan,0.0004133826,33.8364778061,nan,nan,nan,nan,nan,nan,nan
3643,45.5263157895,0.2375881729,nan,0.0036160644,24.4176384461,nan,nan,nan,nan,nan,nan,nan
3644,45.5263157895,0.7296892077,nan,0.0000163617,47.8617066707,nan,nan,nan,nan,nan,nan,nan
3645,45.5263157895,0.9550119166,nan,0.0000002130,66.7155865036,nan,nan,nan,nan,nan,nan,nan
3646,45.5263157895,0.9303973711,nan,0.0000003625,64.4064532181,nan,nan,nan,nan,nan,nan,nan
3647,45.5263157895,0.3096522620,nan,0.0023224003,26.3406292259,nan,nan,nan,nan,nan,nan,nan
3648,45.5263157895,0.7691925862,nan,0.0000083238,50.7968082844,nan,nan,nan,nan,nan,nan,nan
3649,45.5263157895,0.4030527290,nan,0.0010963216,29.6006204815,nan,nan,nan,nan,nan,nan,nan
3650,45.5263157895,0.4819382250,nan,0.0004975509,33.0316250455,nan,nan,nan,nan,nan,nan,nan
3651,45.5263157895,1.0077369741,nan,0.0000000650,71.8681071097,nan,nan,nan,nan,nan,nan,nan
3652,45.5263157895,0.6325906462,nan,0.0000738764,41.3149419406,nan,nan,nan,nan,nan,nan,nan
3653,45.5263157895,0.8928014843,nan,0.0000007947,60.9977613546,nan,nan,nan,nan,nan,nan,nan
3654,45.5263157895,0.2757525998,nan,0.0029027401,25.3719185170,nan,nan,nan,nan,nan,nan,nan
3655,45.5263157895,0.3858617667,nan,0.0012778023,28.9353632104,nan,nan,nan,nan,nan,nan,nan
3656,45.5263157895,0.3577012796,nan,0.0016183617,27.9092439841,nan,nan,nan,nan,nan,nan,nan
3657,45.5263157895,0.5278427655,nan,0.0002941314,35.3145867227,nan,nan,nan,nan,nan,nan,nan
3658,45.5263157895,0.6217167675,nan,0.0000862817,40.6408127531,nan,nan,nan,nan,nan,nan,nan
3659,45.5263157895,0.4803119036,nan,0.0005064526,32.9546118835,nan,nan,nan,nan,nan,nan,nan
3660,45.5263157895,0.5385108807,nan,0.0002585019,35.8753632367,nan,nan,nan,nan,nan,nan,nan
3661,45.5263157895,0.7617995139,nan,0.0000094721,50.2355415974,nan,nan,nan,nan,nan,nan,nan
3662,45.5263157895,0.2564685041,nan,0.0032570871,24.8717062260,nan,nan,nan,nan,nan,nan,nan
3663,45.5263157895,0.5320486061,nan,0.0002796206,35.5343078020,nan,nan,nan,nan,nan,nan,nan
3664,45.5263157895,0.9903385919,nan,0.0000000969,70.1367577100,nan,nan,nan,nan,nan,nan,nan
3665,45.5263157895,0.3085896193,nan,0.0023396281,26.3085316679,nan,nan,nan,nan,nan,nan,nan
3666,45.5263157895,0.4972669154,nan,0.0004197102,33.7705048400,nan,nan,nan,nan,nan,nan,nan
3667,45.5263157895,0.5737481539,nan,0.0001656262,37.8087099985,nan,nan,nan,nan,nan,nan,nan
3668,45.5263157895,0.3423054226,nan,0.0018274139,27.3816306715,nan,nan,nan,nan,nan,nan,nan
3669,45.5263157895,0.4592052059,nan,0.0006339990,31.9791141338,nan,nan,nan,nan,nan,nan,nan
3670,45.5263157895,0.9029807085,nan,0.0000006447,61.9065722965,nan,nan,nan,nan,nan,nan,nan
3671,45.5263157895,0.5444101344,nan,0.0002404164,36.1903586367,nan,nan,nan,nan,nan,nan,nan
3672,45.5263157895,0.6805846174,nan,0.0000360385,44.4323348536,nan,nan,nan,nan,nan,nan,nan
3673,45.5263157895,0.3503727525,nan,0.0017158705,27.6551548852,nan,nan,nan,nan,nan,nan,nan
3674,45.5263157895,0.5185196681,nan,0.0003285604,34.8338484657,nan,nan,nan,nan,nan,nan,nan
3675,45.5263157895,1.0609881716,nan,0.0000000184,77.3577462377,nan,nan,nan,nan,nan,nan,nan
3676,45.5263157895,0.5405986823,nan,0.0002519739,35.9864442996,nan,nan,nan,nan,nan,nan,nan
3677,45.5263157895,0.2118490075,nan,0.0041158625,23.8553913856,nan,nan,nan,nan,nan,nan,nan
3678,45.5263157895,0.3865056251,nan,0.0012706478,28.9597481977,nan,nan,nan,nan,nan,nan,nan
3679,45.5263157895,0.8676907412,nan,0.0000013181,58.8006198787,nan,nan,nan,nan,nan,nan,nan
3680,45.5263157895,0.3850917778,nan,0.0012863953,28.9062555064,nan,nan,nan,nan,nan,nan,nan
3681,45.5263157895,0.6039252205,nan,0.0001105749,39.5634353792,nan,nan,nan,nan,nan,nan,nan
3682,45.5263157895,0.5251569448,nan,0.0003037245,35.1752015920,nan,nan,nan,nan,nan,nan,nan
3683,45.5263157895,0.1353288108,nan,0.0055341662,22.5694779904,nan,nan,nan,nan,nan,nan,nan
3684,45.5263157895,0.3781527777,nan,0.0013656494,28.6466077773,nan,nan,nan,nan,nan,nan,nan
3685,45.5263157895,0.2732130097,nan,0.0029485350,25.3039370757,nan,nan,nan,nan,nan,nan,nan
3686,45.5263157895,0.5638544535,nan,0.0001882216,37.2533048897,nan,nan,nan,nan,nan,nan,nan
3687,45.5263157895,0.6054735654,nan,0.0001082447,39.6559334488,nan,nan,nan,nan,nan,nan,nan
3688,45.5263157895,0.3869989948,nan,0.0012651844,28.9784616602,nan,nan,nan,nan,nan,nan,nan
3689,45.5263157895,0.3138284608,nan,0.0022553505,26.4678595060,nan,nan,nan,nan,nan,nan,nan
3690,45.5263157895,0.7826761077,nan,0.0000065544,51.8346377448,nan,nan,nan,nan,nan,nan,nan
3691,45.5263157895,0.4740242923,nan,0.0005420813,32.6593556655,nan,nan,nan,nan,nan,nan,nan
3692,45.5263157895,0.1936585185,nan,0.0044694277,23.4974808819,nan,nan,nan,nan,nan,nan,nan
3693,45.5263157895,0.4157639112,nan,0.0009746588,30.1114738302,nan,nan,nan,nan,nan,nan,nan
3694,45.5263157895,0.1779292757,nan,0.0047705780,23.2142900007,nan,nan,nan,nan,nan,nan,nan
3695,45.5263157895,0.4512328632,nan,0.0006882970,31.6222411416,nan,nan,nan,nan,nan,nan,nan
3696,45.5263157895,0.3904779932,nan,0.0012271260,29.1111085070,nan,nan,nan,nan,nan,nan,nan
3697,45.5263157895,0.5046168902,nan,0.0003860884,34.1331323629,nan,nan,nan,nan,nan,nan,nan
3698,45.5263157895,0.1718123157,nan,0.0048856938,23.1107375238,nan,nan,nan,nan,nan,nan,nan
3699,45.5263157895,1.0406438700,nan,0.0000000300,75.2265542551,nan,nan,nan,nan,nan,nan,nan
3700,45.5263157895,0.8933966587,nan,0.0000007851,61.0506108727,nan,nan,nan,nan,nan,nan,nan
3701,45.5263157895,0.6583703341,nan,0.0000505750,42.9606414617,nan,nan,nan,nan,nan,nan,nan
3702,45.5263157895,0.1094853964,nan,0.0059360701,22.2650098099,nan,nan,nan,nan,nan,nan,nan
3703,45.5263157895,0.5206160826,nan,0.0003205391,34.9411896581,nan,nan,nan,nan,nan,nan,nan
3704,45.5263157895,0.2920449850,nan,0.0026162214,25.8232550749,nan,nan,nan,nan,nan,nan,nan
3705,45.5263157895,0.4343581325,nan,0.0008151152,30.8878100959,nan,nan,nan,nan,nan,nan,nan
3706,45.5263157895,0.8179726660,nan,0.0000034370,54.6382410598,nan,nan,nan,nan,nan,nan,nan
3707,45.5263157895,0.2048490773,nan,0.0042522621,23.7137996950,nan,nan,nan,nan,nan,nan,nan
3708,45.5263157895,1.0371864499,nan,0.0000000326,74.8685367292,nan,nan,nan,nan,nan,nan,nan
3709,45.5263157895,0.7086673388,nan,0.0000231001,46.3638651904,nan,nan,nan,nan,nan,nan,nan
3710,45.5263157895,0.6492225641,nan,0.0000579558,42.3690278955,nan,nan,nan,nan,nan,nan,nan
3711,45.5263157895,0.8474499363,nan,0.0000019607,57.0759487275,nan,nan,nan,nan,nan,nan,nan
3712,45.5263157895,0.4307450092,nan,0.0008444511,30.7342547717,nan,nan,nan,nan,nan,nan,nan
3713,45.5263157895,0.6143642307,nan,0.0000956815,40.1917213754,nan,nan,nan,nan,nan,nan,nan
3714,45.5263157895,0.6312226806,nan,0.0000753446,41.2294812623,nan,nan,nan,nan,nan,nan,nan
3715,45.5263157895,0.4005235917,nan,0.0011217863,29.5008988507,nan,nan,nan,nan,nan,nan,nan
3716,45.5263157895,0.5622386651,nan,0.0001921529,37.1635316353,nan,nan,nan,nan,nan,nan,nan
3717,45.5263157895,0.0830334916,nan,0.0062792837,22.0208989747,nan,nan,nan,nan,nan,nan,nan
3718,45.5263157895,1.2672170799,nan,0.0000000001,101.3312191728,nan,nan,nan,nan,nan,nan,nan
3719,45.5263157895,0.6011108020,nan,0.0001149233,39.3959185476,nan,nan,nan,nan,nan,nan,nan
3720,45.5263157895,1.1174557388,nan,0.0000000045,83.4928851729,nan,nan,nan,nan,nan,nan,nan
3721,45.5263157895,0.3270480731,nan,0.0020502053,26.8820264539,nan,nan,nan,nan,nan,nan,nan
3722,45.5263157895,0.7316796847,nan,0.0000158276,48.0058377234,nan,nan,nan,nan,nan,nan,nan
3723,45.5263157895,1.0658866774,nan,0.0000000163,77.8771599685,nan,nan,nan,nan,nan,nan,nan
3724,45.5263157895,0.4974386728,nan,0.0004188980,33.7789171712,nan,nan,nan,nan,nan,nan,nan
3725,45.5263157895,0.5276071934,nan,0.0002949625,35.3023324040,nan,nan,nan,nan,nan,nan,nan
3726,45.5263157895,1.1556133572,nan,0.0000000017,87.8217555761,nan,nan,nan,nan,nan,nan,nan
3727,45.5263157895,0.6115117615,nan,0.0000995645,40.0189550425,nan,nan,nan,nan,nan,nan,nan
3728,45.5263157895,0.1868786282,nan,0.0045999943,23.3724270203,nan,nan,nan,nan,nan,nan,nan
3729,45.5263157895,0.4810648253,nan,0.0005023156,32.9902330029,nan,nan,nan,nan,nan,nan,nan
3730,45.5263157895,0.1919251862,nan,0.0045028980,23.4650789310,nan,nan,nan,nan,nan,nan,nan
3731,45.5263157895,0.6587277448,nan,0.0000503046,42.9839270633,nan,nan,nan,nan,nan,nan,nan
3732,45.5263157895,0.6268358239,nan,0.0000802289,40.9566902307,nan,nan,nan,nan,nan,nan,nan
3733,45.5263157895,0.1763108135,nan,0.0048011655,23.1865332691,nan,nan,nan,nan,nan,nan,nan
3734,45.5263157895,0.1458091201,nan,0.0053560095,22.7115866334,nan,nan,nan,nan,nan,nan,nan
3735,45.5263157895,1.2774686228,nan,0.0000000001,102.6356048477,nan,nan,nan,nan,nan,nan,nan
3736,45.5263157895,0.4182822908,nan,0.0009517877,30.2145992316,nan,nan,nan,nan,nan,nan,nan
3737,45.5263157895,0.4717516921,nan,0.0005554423,32.5536108204,nan,nan,nan,nan,nan,nan,nan
3738,45.5263157895,0.3022594219,nan,0.0024436280,26.1196490299,nan,nan,nan,nan,nan,nan,nan
3739,45.5263157895,0.8770025102,nan,0.0000010945,59.6079503399,nan,nan,nan,nan,nan,nan,nan
3740,45.5263157895,0.7499186293,nan,0.0000116276,49.3451091709,nan,nan,nan,nan,nan,nan,nan
3741,45.5263157895,0.8860995209,nan,0.0000009109,60.4051200918,nan,nan,nan,nan,nan,nan,nan
3742,45.5263157895,1.0359450554,nan,0.0000000336,74.7402851832,nan,nan,nan,nan,nan,nan,nan
3743,45.5263157895,0.1132152573,nan,0.0058817695,22.3049199784,nan,nan,nan,nan,nan,nan,nan
3744,45.5263157895,0.2987587395,nan,0.0025021291,26.0169028221,nan,nan,nan,nan,nan,nan,nan
3745,45.5263157895,0.5857583981,nan,0.0001413797,38.4961284236,nan,nan,nan,nan,nan,nan,nan
3746,45.5263157895,0.7812316390,nan,0.0000067258,51.7225800198,nan,nan,nan,nan,nan,nan,nan
3747,45.5263157895,0.6064607011,nan,0.0001067817,39.7150305584,nan,nan,nan,nan,nan,nan,nan
3748,45.5263157895,0.7274312128,nan,0.0000169876,47.6986876678,nan,nan,nan,nan,nan,nan,nan
3749,45.5263157895,0.3838826368,nan,0.0012999702,28.8606659023,nan,nan,nan,nan,nan,nan,nan
3750,45.5263157895,0.2167534173,nan,0.0040202431,23.9574768599,nan,nan,nan,nan,nan,nan,nan
3751,45.5263157895,0.4649514332,nan,0.0005969972,32.2402773148,nan,nan,nan,nan,nan,nan,nan
3752,45.5263157895,1.1528259879,nan,0.0000000018,87.5005352031,nan,nan,nan,nan,nan,nan,nan
3753,45.5263157895,0.3920110678,nan,0.0012106136,29.1699444022,nan,nan,nan,nan,nan,nan,nan
3754,45.5263157895,0.1487706219,nan,0.0053043291,22.7536953711,nan,nan,nan,nan,nan,nan,nan
3755,45.5263157895,0.9999365960,nan,0.0000000778,71.0880854027,nan,nan,nan,nan,nan,nan,nan
3756,45.5263157895,0.5175895187,nan,0.0003321725,34.7863636821,nan,nan,nan,nan,nan,nan,nan
3757,45.5263157895,0.7093015052,nan,0.0000228644,46.4083996475,nan,nan,nan,nan,nan,nan,nan
3758,45.5263157895,0.4798286098,nan,0.0005091225,32.9317768832,nan,nan,nan,nan,nan,nan,nan
3759,45.5263157895,1.1757174747,nan,0.0000000010,90.1619354367,nan,nan,nan,nan,nan,nan,nan
3760,45.5263157895,0.6572331529,nan,0.0000514442,42.8866386239,nan,nan,nan,nan,nan,nan,nan
3761,45.5263157895,0.4037132427,nan,0.0010897405,29.6267690149,nan,nan,nan,nan,nan,nan,nan
3762,45.5263157895,0.4057964698,nan,0.0010691717,29.7095252635,nan,nan,nan,nan,nan,nan,nan
3763,45.5263157895,0.6145721024,nan,0.0000954038,40.2043435466,nan,nan,nan,nan,nan,nan,nan
3764,45.5263157895,0.6511873841,nan,0.0000562939,42.4953892266,nan,nan,nan,nan,nan,nan,nan
3765,45.5263157895,0.1944830811,nan,0.0044534864,23.5129987292,nan,nan,nan,nan,nan,nan,nan
3766,45.5263157895,0.5702081474,nan,0.0001734261,37.6088556782,nan,nan,nan,nan,nan,nan,nan
3767,45.5263157895,0.1924058592,nan,0.0044936219,23.4740346954,nan,nan,nan,nan,nan,nan,nan
3768,45.5263157895,0.5221535453,nan,0.0003147610,35.0201910504,nan,nan,nan,nan,nan,nan,nan
3769,45.5263157895,1.0191655355,nan,0.0000000499,73.0220654427,nan,nan,nan,nan,nan,nan,nan
3770,45.5263157895,0.3702202170,nan,0.0014602729,28.3556596208,nan,nan,nan,nan,nan,nan,nan
3771,45.5263157895,0.4123773689,nan,0.0010060520,29.9737957527,nan,nan,nan,nan,nan,nan,nan
3772,45.5263157895,0.5581360071,nan,0.0002024527,36.9367642475,nan,nan,nan,nan,nan,nan,nan
3773,45.5263157895,0.7161339100,nan,0.0000204608,46.8907745934,nan,nan,nan,nan,nan,nan,nan
3774,45.5263157895,0.4108499348,nan,0.0010204522,29.9120732141,nan,nan,nan,nan,nan,nan,nan
3775,45.5263157895,1.1113641553,nan,0.0000000052,82.8154842104,nan,nan,nan,nan,nan,nan,nan
3776,45.5263157895,0.7095533859,nan,0.0000227714,46.4260992543,nan,nan,nan,nan,nan,nan,nan
3777,45.5263157895,1.0458081634,nan,0.0000000265,75.7635746626,nan,nan,nan,nan,nan,nan,nan
3778,45.5263157895,0.4118232110,nan,0.0010112591,29.9513757140,nan,nan,nan,nan,nan,nan,nan
3779,45.5263157895,0.9132299777,nan,0.0000005209,62.8322178669,nan,nan,nan,nan,nan,nan,nan
3780,45.5263157895,0.2098999156,nan,0.0041538612,23.8154802427,nan,nan,nan,nan,nan,nan,nan
3781,45.5263157895,0.4664369198,nan,0.0005877154,32.3083289347,nan,nan,nan,nan,nan,nan,nan
3782,45.5263157895,0.7077858257,nan,0.0000234313,46.3020280180,nan,nan,nan,nan,nan,nan,nan
3783,45.5263157895,0.8689889995,nan,0.0000012845,58.9126534403,nan,nan,nan,nan,nan,nan,nan
3784,45.5263157895,0.6362357203,nan,0.0000700878,41.5435781130,nan,nan,nan,nan,nan,nan,nan
3785,45.5263157895,0.2248040222,nan,0.0038634920,24.1301998642,nan,nan,nan,nan,nan,nan,nan
3786,45.5263157895,0.2653062729,nan,0.0030928745,25.0963769983,nan,nan,nan,nan,nan,nan,nan
3787,45.5263157895,0.2382333926,nan,0.0036036501,24.4325738514,nan,nan,nan,nan,nan,nan,nan
3788,45.5263157895,0.8874097296,nan,0.0000008870,60.5206223275,nan,nan,nan,nan,nan,nan,nan
3789,45.5263157895,0.4981615440,nan,0.0004154938,33.8143543154,nan,nan,nan,nan,nan,nan,nan
3790,45.5263157895,0.0396773934,nan,0.0066563063,21.7676670475,nan,nan,nan,nan,nan,nan,nan
3791,45.5263157895,0.3709137161,nan,0.0014518289,28.3808455196,nan,nan,nan,nan,nan,nan,nan
3792,45.5263157895,0.0391292836,nan,0.0066594343,21.7656266436,nan,nan,nan,nan,nan,nan,nan
3793,45.5263157895,0.3709172462,nan,0.0014517860,28.3809738469,nan,nan,nan,nan,nan,nan,nan
3794,45.5263157895,0.1775807713,nan,0.0047771719,23.2082913499,nan,nan,nan,nan,nan,nan,nan
3795,45.5263157895,0.5539553357,nan,0.0002134312,36.7074211108,nan,nan,nan,nan,nan,nan,nan
3796,45.5263157895,0.2007953923,nan,0.0043311042,23.6340136738,nan,nan,nan,nan,nan,nan,nan
3797,45.5263157895,0.5171182273,nan,0.0003340153,34.7623369937,nan,nan,nan,nan,nan,nan,nan
3798,45.5263157895,0.6830584123,nan,0.0000346793,44.5992950592,nan,nan,nan,nan,nan,nan,nan
3799,45.5263157895,0.3921217622,nan,0.0012094275,29.1742016718,nan,nan,nan,nan,nan,nan,nan
3800,45.5263157895,0.3123085039,nan,0.0022796320,26.4213526406,nan,nan,nan,nan,nan,nan,nan
3801,45.5263157895,0.2902354467,nan,0.0026473862,25.7718269949,nan,nan,nan,nan,nan,nan,nan
3802,45.5263157895,0.0760157566,nan,0.0063568731,21.9675645618,nan,nan,nan,nan,nan,nan,nan
3803,45.5263157895,0.7469429503,nan,0.0000122340,49.1243194613,nan,nan,nan,nan,nan,nan,nan
3804,45.5263157895,0.0902039747,nan,0.0061939278,22.0803386221,nan,nan,nan,nan,nan,nan,nan
3805,45.5263157895,0.5241141676,nan,0.0003075191,35.1212796897,nan,nan,nan,nan,nan,nan,nan
3806,45.5263157895,0.4638808978,nan,0.0006037579,32.1913718119,nan,nan,nan,nan,nan,nan,nan
3807,45.5263157895,0.4152858604,nan,0.0009790459,30.0919695522,nan,nan,nan,nan,nan,nan,nan
3808,45.5263157895,0.5682731213,nan,0.0001778221,37.5001433888,nan,nan,nan,nan,nan,nan,nan
3809,45.5263157895,0.9706660467,nan,0.0000001508,68.2160112502,nan,nan,nan,nan,nan,nan,nan
3810,45.5263157895,1.0138099845,nan,0.0000000565,72.4796609945,nan,nan,nan,nan,nan,nan,nan
3811,45.5263157895,0.6058038379,nan,0.0001077533,39.6756950671,nan,nan,nan,nan,nan,nan,nan
3812,45.5263157895,0.5077469734,nan,0.0003724600,34.2892039978,nan,nan,nan,nan,nan,nan,nan
3813,45.5263157895,0.4699712057,nan,0.0005660926,32.4711250304,nan,nan,nan,nan,nan,nan,nan
3814,45.5263157895,0.1128589541,nan,0.0058870147,22.3010487680,nan,nan,nan,nan,nan,nan,nan
3815,45.5263157895,0.9911294617,nan,0.0000000952,70.2147939926,nan,nan,nan,nan,nan,nan,nan
3816,45.5263157895,0.1927714298,nan,0.0044865642,23.4808611494,nan,nan,nan,nan,nan,nan,nan
3817,45.5263157895,0.4093660463,nan,0.0010345862,29.8523332437,nan,nan,nan,nan,nan,nan,nan
3818,45.5263157895,0.3856221586,nan,0.0012804720,28.9262990285,nan,nan,nan,nan,nan,nan,nan
3819,45.5263157895,0.8767510136,nan,0.0000011000,59.5860304889,nan,nan,nan,nan,nan,nan,nan
3820,45.5263157895,0.3362287391,nan,0.0019143111,27.1798748389,nan,nan,nan,nan,nan,nan,nan
3821,45.5263157895,0.4122451509,nan,0.0010072926,29.9684437112,nan,nan,nan,nan,nan,nan,nan
3822,45.5263157895,0.7028020053,nan,0.0000253870,45.9538898032,nan,nan,nan,nan,nan,nan,nan
3823,45.5263157895,0.4794647223,nan,0.0005111403,32.9145990922,nan,nan,nan,nan,nan,nan,nan
3824,45.5263157895,0.6926648665,nan,0.0000298299,45.2534875305,nan,nan,nan,nan,nan,nan,nan
3825,45.5263157895,1.4643070690,nan,0.0000000000,128.2814252306,nan,nan,nan,nan,nan,nan,nan
3826,45.5263157895,0.3795138143,nan,0.0013498461,28.6971575996,nan,nan,nan,nan,nan,nan,nan
3827,45.5263157895,1.2035573217,nan,0.0000000004,93.4703241024,nan,nan,nan,nan,nan,nan,nan
3828,45.5263157895,0.2626583141,nan,0.0031417746,25.0282498238,nan,nan,nan,nan,nan,nan,nan
3829,45.5263157895,0.5345171526,nan,0.0002713879,35.6640947752,nan,nan,nan,nan,nan,nan,nan
3830,45.5263157895,0.0743250529,nan,0.0063746595,21.9554300889,nan,nan,nan,nan,nan,nan,nan
3831,45.5263157895,0.9784873805,nan,0.0000001266,68.9749636331,nan,nan,nan,nan,nan,nan,nan
3832,45.5263157895,0.6787967881,nan,0.0000370505,44.3120547653,nan,nan,nan,nan,nan,nan,nan
3833,45.5263157895,1.2550408035,nan,0.0000000001,99.7958114668,nan,nan,nan,nan,nan,nan,nan
3834,45.5263157895,0.7140508020,nan,0.0000211680,46.7432069532,nan,nan,nan,nan,nan,nan,nan
3835,45.5263157895,0.7242555674,nan,0.0000179049,47.4702865536,nan,nan,nan,nan,nan,nan,nan
3836,45.5263157895,0.4714640853,nan,0.0005571517,32.5402652028,nan,nan,nan,nan,nan,nan,nan
3837,45.5263157895,0.1973210317,nan,0.0043985347,23.5669197712,nan,nan,nan,nan,nan,nan,nan
3838,45.5263157895,0.3612335867,nan,0.0015726704,28.0336228998,nan,nan,nan,nan,nan,nan,nan
3839,45.5263157895,0.4527096703,nan,0.0006779740,31.6878694078,nan,nan,nan,nan,nan,nan,nan
3840,45.5263157895,0.2952775892,nan,0.0025609812,25.9159361109,nan,nan,nan,nan,nan,nan,nan
3841,45.5263157895,0.5152175582,nan,0.0003415336,34.6656656416,nan,nan,nan,nan,nan,nan,nan
3842,45.5263157895,0.4221836235,nan,0.0009171481,30.3756051892,nan,nan,nan,nan,nan,nan,nan
3843,45.5263157895,0.6899282232,nan,0.0000311446,45.0661782649,nan,nan,nan,nan,nan,nan,nan
3844,45.5263157895,0.5257929633,nan,0.0003014294,35.2081435235,nan,nan,nan,nan,nan,nan,nan
3845,45.5263157895,0.5380503026,nan,0.0002599611,35.8509170871,nan,nan,nan,nan,nan,nan,nan
3846,45.5263157895,0.4590927586,nan,0.0006347407,31.9740363844,nan,nan,nan,nan,nan,nan,nan
3847,45.5263157895,0.5256493928,nan,0.0003019462,35.2007038962,nan,nan,nan,nan,nan,nan,nan
3848,45.5263157895,0.7281329684,nan,0.0000167908,47.7492968652,nan,nan,nan,nan,nan,nan,nan
3849,45.5263157895,0.5999368263,nan,0.0001167810,39.3262774666,nan,nan,nan,nan,nan,nan,nan
3850,45.5263157895,0.7455590878,nan,0.0000125258,49.0219434453,nan,nan,nan,nan,nan,nan,nan
3851,45.5263157895,0.2666057926,nan,0.0030689758,25.1300653688,nan,nan,nan,nan,nan,nan,nan
3852,45.5263157895,0.9147600218,nan,0.0000005045,62.9713121488,nan,nan,nan,nan,nan,nan,nan
3853,45.5263157895,0.8205645778,nan,0.0000032741,54.8490700816,nan,nan,nan,nan,nan,nan,nan
3854,45.5263157895,0.2875433563,nan,0.0026940662,25.6959174404,nan,nan,nan,nan,nan,nan,nan
3855,45.5263157895,0.0640051685,nan,0.0064753441,21.8873714604,nan,nan,nan,nan,nan,nan,nan
3856,45.5263157895,0.7694777594,nan,0.0000082822,50.8185683988,nan,nan,nan,nan,nan,nan,nan
3857,45.5263157895,0.3320441280,nan,0.0019755707,27.0430741352,nan,nan,nan,nan,nan,nan,nan
3858,45.5263157895,0.8030636242,nan,0.0000045303,53.4386862327,nan,nan,nan,nan,nan,nan,nan
3859,45.5263157895,0.5129728241,nan,0.0003505936,34.5519604868,nan,nan,nan,nan,nan,nan,nan
3860,45.5263157895,0.2925730726,nan,0.0026071590,25.8383248587,nan,nan,nan,nan,nan,nan,nan
3861,45.5263157895,0.3394466750,nan,0.0018679885,27.2862580742,nan,nan,nan,nan,nan,nan,nan
3862,45.5263157895,0.1763544993,nan,0.0048003410,23.1872790971,nan,nan,nan,nan,nan,nan,nan
3863,45.5263157895,0.1824054788,nan,0.0046855440,23.2923997778,nan,nan,nan,nan,nan,nan,nan
3864,45.5263157895,0.2791647419,nan,0.0028416700,25.4642635783,nan,nan,nan,nan,nan,nan,nan
3865,45.5263157895,0.3466974974,nan,0.0017661429,27.5297416723,nan,nan,nan,nan,nan,nan,nan
3866,45.5263157895,0.3573090560,nan,0.0016234878,27.8955097052,nan,nan,nan,nan,nan,nan,nan
3867,45.5263157895,0.6359225461,nan,0.0000704063,41.5238819267,nan,nan,nan,nan,nan,nan,nan
3868,45.5263157895,0.8193667736,nan,0.0000033485,54.7515550864,nan,nan,nan,nan,nan,nan,nan
3869,45.5263157895,0.8522974280,nan,0.0000017843,57.4852244561,nan,nan,nan,nan,nan,nan,nan
3870,45.5263157895,0.4523313938,nan,0.0006806066,31.6710383027,nan,nan,nan,nan,nan,nan,nan
3871,45.5263157895,0.4305183912,nan,0.0008463174,30.7246671054,nan,nan,nan,nan,nan,nan,nan
3872,45.5263157895,1.1870513950,nan,0.0000000007,91.4993216866,nan,nan,nan,nan,nan,nan,nan
3873,45.5263157895,0.6906938575,nan,0.0000307716,45.1185060972,nan,nan,nan,nan,nan,nan,nan
3874,45.5263157895,0.1866335044,nan,0.0046046958,23.3679905786,nan,nan,nan,nan,nan,nan,nan
3875,45.5263157895,0.3394092148,nan,0.0018685238,27.2850137342,nan,nan,nan,nan,nan,nan,nan
3876,45.5263157895,0.4310552159,nan,0.0008419015,30.7473871894,nan,nan,nan,nan,nan,nan,nan
3877,45.5263157895,0.8331269152,nan,0.0000025820,55.8805108652,nan,nan,nan,nan,nan,nan,nan
3878,45.5263157895,0.8155043303,nan,0.0000035991,54.4380940388,nan,nan,nan,nan,nan,nan,nan
3879,45.5263157895,0.2699506721,nan,0.0030077749,25.2175466272,nan,nan,nan,nan,nan,nan,nan
3880,45.5263157895,0.4752262427,nan,0.0005351196,32.7154916502,nan,nan,nan,nan,nan,nan,nan
3881,45.5263157895,0.5340056843,nan,0.0002730767,35.6371535289,nan,nan,nan,nan,nan,nan,nan
3882,45.5263157895,0.7269262095,nan,0.0000171305,47.6622985321,nan,nan,nan,nan,nan,nan,nan
3883,45.5263157895,0.1415376509,nan,0.0054295431,22.6523671788,nan,nan,nan,nan,nan,nan,nan
3884,45.5263157895,0.1683928991,nan,0.0049494222,23.0544549671,nan,nan,nan,nan,nan,nan,nan
3885,45.5263157895,0.2179156904,nan,0.0039975898,23.9820176914,nan,nan,nan,nan,nan,nan,nan
3886,45.5263157895,0.5419342741,nan,0.0002478715,36.0577333201,nan,nan,nan,nan,nan,nan,nan
3887,45.5263157895,0.7153843916,nan,0.0000207127,46.8376282909,nan,nan,nan,nan,nan,nan,nan
3888,45.5263157895,0.4613150341,nan,0.0006202087,32.0746212908,nan,nan,nan,nan,nan,nan,nan
3889,45.5263157895,0.5275985498,nan,0.0002949930,35.3018828728,nan,nan,nan,nan,nan,nan,nan
3890,45.5263157895,0.9620587276,nan,0.0000001825,67.3879443228,nan,nan,nan,nan,nan,nan,nan
3891,45.5263157895,0.3364621258,nan,0.0019109284,27.1875558422,nan,nan,nan,nan,nan,nan,nan
3892,45.5263157895,0.8178043913,nan,0.0000034478,54.6245768422,nan,nan,nan,nan,nan,nan,nan
3893,45.5263157895,1.1713870147,nan,0.0000000011,89.6543903658,nan,nan,nan,nan,nan,nan,nan
3894,45.5263157895,0.4506453243,nan,0.0006924379,31.5961919296,nan,nan,nan,nan,nan,nan,nan
3895,45.5263157895,0.9491041200,nan,0.0000002423,66.1557767501,nan,nan,nan,nan,nan,nan,nan
3896,45.5263157895,1.1895195632,nan,0.0000000007,91.7922911633,nan,nan,nan,nan,nan,nan,nan
3897,45.5263157895,0.1309535138,nan,0.0056061721,22.5133357661,nan,nan,nan,nan,nan,nan,nan
3898,45.5263157895,0.6314823733,nan,0.0000750639,41.2456905392,nan,nan,nan,nan,nan,nan,nan
3899,45.5263157895,1.3847690412,nan,0.0000000000,116.9296052985,nan,nan,nan,nan,nan,nan,nan
3900,45.5263157895,0.4568010666,nan,0.0006500060,31.8708265527,nan,nan,nan,nan,nan,nan,nan
3901,45.5263157895,0.4635417630,nan,0.0006059122,32.1759029353,nan,nan,nan,nan,nan,nan,nan
3902,45.5263157895,0.2066282504,nan,0.0042176158,23.7493298211,nan,nan,nan,nan,nan,nan,nan
3903,45.5263157895,0.1371059401,nan,0.0055045053,22.5928170508,nan,nan,nan,nan,nan,nan,nan
3904,45.5263157895,0.6308167004,nan,0.0000757852,41.2041547124,nan,nan,nan,nan,nan,nan,nan
3905,45.5263157895,0.7604706457,nan,0.0000096934,50.1352408028,nan,nan,nan,nan,nan,nan,nan
3906,45.5263157895,0.3692140002,nan,0.0014725831,28.3192018871,nan,nan,nan,nan,nan,nan,nan
3907,45.5263157895,0.6232959521,nan,0.0000843728,40.7379774236,nan,nan,nan,nan,nan,nan,nan
3908,45.5263157895,0.4986857414,nan,0.0004130395,33.8400846332,nan,nan,nan,nan,nan,nan,nan
3909,45.5263157895,0.4281800201,nan,0.0008657578,30.6260356412,nan,nan,nan,nan,nan,nan,nan
3910,45.5263157895,0.0582078348,nan,0.0065258007,21.8536619427,nan,nan,nan,nan,nan,nan,nan
3911,45.5263157895,0.1655189197,nan,0.0050026032,23.0080394140,nan,nan,nan,nan,nan,nan,nan
3912,45.5263157895,1.4370109342,nan,0.0000000000,124.3130619101,nan,nan,nan,nan,nan,nan,nan
3913,45.5263157895,1.3114246728,nan,0.0000000000,107.0324033153,nan,nan,nan,nan,nan,nan,nan
3914,45.5263157895,0.5094585113,nan,0.0003651776,34.3749592218,nan,nan,nan,nan,nan,nan,nan
3915,45.5263157895,0.7141686030,nan,0.0000211274,46.7515403320,nan,nan,nan,nan,nan,nan,nan
3916,45.5263157895,0.1881592948,nan,0.0045754080,23.3957017586,nan,nan,nan,nan,nan,nan,nan
3917,45.5263157895,0.1022903946,nan,0.0060369019,22.1918588229,nan,nan,nan,nan,nan,nan,nan
3918,45.5263157895,0.9443990579,nan,0.0000002684,65.7124609790,nan,nan,nan,nan,nan,nan,nan
3919,45.5263157895,0.8973714363,nan,0.0000007237,61.4044757640,nan,nan,nan,nan,nan,nan,nan
3920,45.5263157895,0.5871292047,nan,0.0001388191,38.5755082437,nan,nan,nan,nan,nan,nan,nan
3921,45.5263157895,0.5703502001,nan,0.0001731071,37.6168511816,nan,nan,nan,nan,nan,nan,nan
3922,45.5263157895,0.5845101833,nan,0.0001437470,38.4240116055,nan,nan,nan,nan,nan,nan,nan
3923,45.5263157895,0.3540495255,nan,0.0016664930,27.7819649483,nan,nan,nan,nan,nan,nan,nan
3924,45.5263157895,0.6379721074,nan,0.0000683445,41.6529619768,nan,nan,nan,nan,nan,nan,nan
3925,45.5263157895,0.5582742337,nan,0.0002020981,36.9443770129,nan,nan,nan,nan,nan,nan,nan
3926,45.5263157895,0.2494320331,nan,0.0033897235,24.6983572818,nan,nan,nan,nan,nan,nan,nan
3927,45.5263157895,0.0469353434,nan,0.0066108782,21.7974084228,nan,nan,nan,nan,nan,nan,nan
3928,45.5263157895,0.0368840378,nan,0.0066718006,21.7575694517,nan,nan,nan,nan,nan,nan,nan
3929,45.5263157895,0.8601999303,nan,0.0000015284,58.1575230583,nan,nan,nan,nan,nan,nan,nan
3930,45.5263157895,0.1421094059,nan,0.0054197715,22.6601902395,nan,nan,nan,nan,nan,nan,nan
3931,45.5263157895,0.6353677454,nan,0.0000709739,41.4890135384,nan,nan,nan,nan,nan,nan,nan
3932,45.5263157895,1.0278752243,nan,0.0000000406,73.9103765329,nan,nan,nan,nan,nan,nan,nan
3933,45.5263157895,0.7302988221,nan,0.0000161964,47.9058066482,nan,nan,nan,nan,nan,nan,nan
3934,45.5263157895,0.3827460480,nan,0.0013128211,28.8179446775,nan,nan,nan,nan,nan,nan,nan
3935,45.5263157895,0.6990489865,nan,0.0000269564,45.6933778802,nan,nan,nan,nan,nan,nan,nan
3936,45.5263157895,0.4470414951,nan,0.0007182627,31.4371666992,nan,nan,nan,nan,nan,nan,nan
3937,45.5263157895,0.3880555193,nan,0.0012535403,29.0186171376,nan,nan,nan,nan,nan,nan,nan
3938,45.5263157895,0.4878285304,nan,0.0004663618,33.3127705029,nan,nan,nan,nan,nan,nan,nan
3939,45.5263157895,0.3464578038,nan,0.0017694532,27.5216091328,nan,nan,nan,nan,nan,nan,nan
3940,45.5263157895,0.9205703615,nan,0.0000004465,63.5016782835,nan,nan,nan,nan,nan,nan,nan
3941,45.5263157895,1.0336454697,nan,0.0000000355,74.5031216996,nan,nan,nan,nan,nan,nan,nan
3942,45.5263157895,0.3265804048,nan,0.0020572742,26.8670781875,nan,nan,nan,nan,nan,nan,nan
3943,45.5263157895,0.2740689851,nan,0.0029330678,25.3267789750,nan,nan,nan,nan,nan,nan,nan
3944,45.5263157895,0.3660958767,nan,0.0015111706,28.2068649591,nan,nan,nan,nan,nan,nan,nan
3945,45.5263157895,0.4396183536,nan,0.0007738029,31.1136967159,nan,nan,nan,nan,nan,nan,nan
3946,45.5263157895,0.8576849337,nan,0.0000016059,57.9428777393,nan,nan,nan,nan,nan,nan,nan
3947,45.5263157895,0.8556957592,nan,0.0000016697,57.7735617097,nan,nan,nan,nan,nan,nan,nan
3948,45.5263157895,0.6352216537,nan,0.0000711240,41.4798370378,nan,nan,nan,nan,nan,nan,nan
3949,45.5263157895,0.4901511000,nan,0.0004545083,33.4245814671,nan,nan,nan,nan,nan,nan,nan
3950,45.5263157895,1.0208894749,nan,0.0000000479,73.1972821484,nan,nan,nan,nan,nan,nan,nan
3951,45.5263157895,0.8886921057,nan,0.0000008642,60.6338389373,nan,nan,nan,nan,nan,nan,nan
3952,45.5263157895,0.7420514282,nan,0.0000132944,48.7633165300,nan,nan,nan,nan,nan,nan,nan
3953,45.5263157895,0.5643800356,nan,0.0001869579,37.2825626877,nan,nan,nan,nan,nan,nan,nan
3954,45.5263157895,0.6031042092,nan,0.0001118282,39.5144858533,nan,nan,nan,nan,nan,nan,nan
3955,45.5263157895,0.5684363581,nan,0.0001774476,37.5092997393,nan,nan,nan,nan,nan,nan,nan
3956,45.5263157895,0.3089148629,nan,0.0023343481,26.3183438755,nan,nan,nan,nan,nan,nan,nan
3957,45.5263157895,0.7487837719,nan,0.0000118555,49.2607996683,nan,nan,nan,nan,nan,nan,nan
3958,45.5263157895,1.2660994827,nan,0.0000000001,101.1896640587,nan,nan,nan,nan,nan,nan,nan
3959,45.5263157895,0.2629248004,nan,0.0031368412,25.0350746000,nan,nan,nan,nan,nan,nan,nan
3960,45.5263157895,0.4287099426,nan,0.0008613230,30.6483396954,nan,nan,nan,nan,nan,nan,nan
3961,45.5263157895,0.6271928837,nan,0.0000798211,40.9788212499,nan,nan,nan,nan,nan,nan,nan
3962,45.5263157895,0.3306415197,nan,0.0019963604,26.9976105521,nan,nan,nan,nan,nan,nan,nan
3963,45.5263157895,0.8247622463,nan,0.0000030256,55.1919511949,nan,nan,nan,nan,nan,nan,nan
3964,45.5263157895,0.1676362662,nan,0.0049634581,23.0421563826,nan,nan,nan,nan,nan,nan,nan
3965,45.5263157895,0.0438273135,nan,0.0066312405,21.7840522112,nan,nan,nan,nan,nan,nan,nan
3966,45.5263157895,0.6951568621,nan,0.0000286767,45.4247075214,nan,nan,nan,nan,nan,nan,nan
3967,45.5263157895,0.5662565378,nan,0.0001825052,37.3872487545,nan,nan,nan,nan,nan,nan,nan
3968,45.5263157895,0.1348613127,nan,0.0055419299,22.5633897436,nan,nan,nan,nan,nan,nan,nan
3969,45.5263157895,0.6695809303,nan,0.0000426861,43.6971385197,nan,nan,nan,nan,nan,nan,nan
3970,45.5263157895,0.2653347615,nan,0.0030923499,25.0971137335,nan,nan,nan,nan,nan,nan,nan
3971,45.5263157895,0.7760389233,nan,0.0000073765,51.3214816210,nan,nan,nan,nan,nan,nan,nan
3972,45.5263157895,0.7371273821,nan,0.0000144466,48.4023479252,nan,nan,nan,nan,nan,nan,nan
3973,45.5263157895,0.1364052090,nan,0.0055162287,22.5835773848,nan,nan,nan,nan,nan,nan,nan
3974,45.5263157895,0.4570092966,nan,0.0006486071,31.8801828257,nan,nan,nan,nan,nan,nan,nan
3975,45.5263157895,0.6253548172,nan,0.0000819402,40.8650323004,nan,nan,nan,nan,nan,nan,nan
3976,45.5263157895,0.3463252511,nan,0.0017712855,27.5171142226,nan,nan,nan,nan,nan,nan,nan
3977,45.5263157895,0.6186421646,nan,0.0000901082,40.4523560836,nan,nan,nan,nan,nan,nan,nan
3978,45.5263157895,0.3749090552,nan,0.0014038226,28.5268778518,nan,nan,nan,nan,nan,nan,nan
3979,45.5263157895,0.3537293105,nan,0.0016707569,27.7708674070,nan,nan,nan,nan,nan,nan,nan
3980,45.5263157895,0.4036725411,nan,0.0010901452,29.6251564538,nan,nan,nan,nan,nan,nan,nan
3981,45.5263157895,0.9560976368,nan,0.0000002080,66.8188510084,nan,nan,nan,nan,nan,nan,nan
3982,45.5263157895,0.7370246438,nan,0.0000144716,48.3948424668,nan,nan,nan,nan,nan,nan,nan
3983,45.5263157895,0.8163335181,nan,0.0000035438,54.5052608376,nan,nan,nan,nan,nan,nan,nan
3984,45.5263157895,0.1466918417,nan,0.0053406636,22.7240477781,nan,nan,nan,nan,nan,nan,nan
3985,45.5263157895,0.8776344620,nan,0.0000010807,59.6630579543,nan,nan,nan,nan,nan,nan,nan
3986,45.5263157895,0.4846226909,nan,0.0004831339,33.1593246378,nan,nan,nan,nan,nan,nan,nan
3987,45.5263157895,0.3562421542,nan,0.0016374845,27.8582280755,nan,nan,nan,nan,nan,nan,nan
3988,45.5263157895,1.6374817166,nan,0.0000000000,155.2271583119,nan,nan,nan,nan,nan,nan,nan
3989,45.5263157895,0.3077000674,nan,0.0023541012,26.2817486223,nan,nan,nan,nan,nan,nan,nan
3990,45.5263157895,0.1019896245,nan,0.0060410010,22.1889109007,nan,nan,nan,nan,nan,nan,nan
3991,45.5263157895,1.0693847352,nan,0.0000000150,78.2495653397,nan,nan,nan,nan,nan,nan,nan
3992,45.5263157895,1.0220981411,nan,0.0000000466,73.3203073150,nan,nan,nan,nan,nan,nan,nan
3993,45.5263157895,0.5834674710,nan,0.0001457509,38.3638877575,nan,nan,nan,nan,nan,nan,nan
3994,45.5263157895,0.4856109156,nan,0.0004779125,33.2065158767,nan,nan,nan,nan,nan,nan,nan
3995,45.5263157895,0.2934479792,nan,0.0025921776,25.8633525475,nan,nan,nan,nan,nan,nan,nan
3996,45.5263157895,0.4761853095,nan,0.0005296162,32.7603876228,nan,nan,nan,nan,nan,nan,nan
3997,45.5263157895,0.3899301243,nan,0.0012330653,29.0901393810,nan,nan,nan,nan,nan,nan,nan
3998,45.5263157895,0.5196174754,nan,0.0003243393,34.8900037924,nan,nan,nan,nan,nan,nan,nan
3999,45.5263157895,0.2628324235,nan,0.0031385511,25.0327080098,nan,nan,nan,nan,nan,nan,nan
4000,45.5263157895,0.3300866674,nan,0.0020046198,26.9796797837,nan,nan,nan,nan,nan,nan,nan
4001,45.5263157895,0.4501526694,nan,0.0006959249,31.5743760992,nan,nan,nan,nan,nan,nan,nan
4002,45.5263157895,0.0715641173,nan,0.0064029328,21.9362105712,nan,nan,nan,nan,nan,nan,nan
4003,45.5263157895,0.4059912149,nan,0.0010672634,29.7172836445,nan,nan,nan,nan,nan,nan,nan
4004,45.5263157895,1.0382481992,nan,0.0000000318,74.9783525477,nan,nan,nan,nan,nan,nan,nan
4005,45.5263157895,0.5157090411,nan,0.0003395761,34.6906286398,nan,nan,nan,nan,nan,nan,nan
4006,45.5263157895,0.5596091886,nan,0.0001987011,37.0179975970,nan,nan,nan,nan,nan,nan,nan
4007,45.5263157895,0.7088779923,nan,0.0000230216,46.3786538852,nan,nan,nan,nan,nan,nan,nan
4008,45.5263157895,0.5505218237,nan,0.0002228242,36.5203762719,nan,nan,nan,nan,nan,nan,nan
4009,45.5263157895,0.6381202747,nan,0.0000681976,41.6623098251,nan,nan,nan,nan,nan,nan,nan
4010,45.5263157895,0.6738410166,nan,0.0000399915,43.9803254831,nan,nan,nan,nan,nan,nan,nan
4011,45.5263157895,0.7086410643,nan,0.0000231099,46.3620209299,nan,nan,nan,nan,nan,nan,nan
4012,45.5263157895,0.6071142813,nan,0.0001058227,39.7542124534,nan,nan,nan,nan,nan,nan,nan
4013,45.5263157895,0.4647032832,nan,0.0005985589,32.2289308219,nan,nan,nan,nan,nan,nan,nan
4014,45.5263157895,0.1271110493,nan,0.0056681629,22.4655767781,nan,nan,nan,nan,nan,nan,nan
4015,45.5263157895,0.5158408664,nan,0.0003390527,34.6973283190,nan,nan,nan,nan,nan,nan,nan
4016,45.5263157895,0.3154292316,nan,0.0022299303,26.5170872009,nan,nan,nan,nan,nan,nan,nan
4017,45.5263157895,0.1546673612,nan,0.0051998371,22.8401026104,nan,nan,nan,nan,nan,nan,nan
4018,45.5263157895,1.0282600771,nan,0.0000000403,73.9498053526,nan,nan,nan,nan,nan,nan,nan
4019,45.5263157895,0.1544739523,nan,0.0052032964,22.8372143685,nan,nan,nan,nan,nan,nan,nan
4020,45.5263157895,0.4325729837,nan,0.0008295108,30.8117795336,nan,nan,nan,nan,nan,nan,nan
4021,45.5263157895,0.2088347360,nan,0.0041746232,23.7938272153,nan,nan,nan,nan,nan,nan,nan
4022,45.5263157895,0.3520208220,nan,0.0016936242,27.7118295989,nan,nan,nan,nan,nan,nan,nan
4023,45.5263157895,0.4743477961,nan,0.0005402005,32.6744504049,nan,nan,nan,nan,nan,nan,nan
4024,45.5263157895,1.0523635451,nan,0.0000000227,76.4491422925,nan,nan,nan,nan,nan,nan,nan
4025,45.5263157895,0.1713929613,nan,0.0048935348,23.1037732109,nan,nan,nan,nan,nan,nan,nan
4026,45.5263157895,0.6546255835,nan,0.0000534880,42.7174401742,nan,nan,nan,nan,nan,nan,nan
4027,45.5263157895,0.5400301989,nan,0.0002537374,35.9561549734,nan,nan,nan,nan,nan,nan,nan
4028,45.5263157895,0.2218314537,nan,0.0039213184,24.0656789554,nan,nan,nan,nan,nan,nan,nan
4029,45.5263157895,0.7518833288,nan,0.0000112425,49.4913751506,nan,nan,nan,nan,nan,nan,nan
4030,45.5263157895,0.4949767592,nan,0.0004306635,33.6586197491,nan,nan,nan,nan,nan,nan,nan
4031,45.5263157895,0.6632763018,nan,0.0000469744,43.2813912049,nan,nan,nan,nan,nan,nan,nan
4032,45.5263157895,0.4313248307,nan,0.0008396902,30.7588089812,nan,nan,nan,nan,nan,nan,nan
4033,45.5263157895,0.5882303359,nan,0.0001367915,38.6394084594,nan,nan,nan,nan,nan,nan,nan
4034,45.5263157895,0.2053787034,nan,0.0042419508,23.7243436968,nan,nan,nan,nan,nan,nan,nan
4035,45.5263157895,0.1608103555,nan,0.0050889132,22.9337495575,nan,nan,nan,nan,nan,nan,nan
4036,45.5263157895,0.2786787729,nan,0.0028503350,25.4510409881,nan,nan,nan,nan,nan,nan,nan
4037,45.5263157895,0.4155096732,nan,0.0009769901,30.1010981845,nan,nan,nan,nan,nan,nan,nan
4038,45.5263157895,0.1576296888,nan,0.0051465961,22.8847991003,nan,nan,nan,nan,nan,nan,nan
4039,45.5263157895,0.3607935779,nan,0.0015783155,28.0180616637,nan,nan,nan,nan,nan,nan,nan
4040,45.5263157895,0.3002247250,nan,0.0024775465,26.0597819433,nan,nan,nan,nan,nan,nan,nan
4041,45.5263157895,0.6028057323,nan,0.0001122870,39.4967071331,nan,nan,nan,nan,nan,nan,nan
4042,45.5263157895,0.2746574528,nan,0.0029224531,25.3425244927,nan,nan,nan,nan,nan,nan,nan
4043,45.5263157895,0.4960944920,nan,0.0004252888,33.7131607677,nan,nan,nan,nan,nan,nan,nan
4044,45.5263157895,0.5679756581,nan,0.0001785063,37.4834648232,nan,nan,nan,nan,nan,nan,nan
4045,45.5263157895,0.5218741939,nan,0.0003158043,35.0058191790,nan,nan,nan,nan,nan,nan,nan
4046,45.5263157895,0.2595141778,nan,0.0032001779,24.9482587849,nan,nan,nan,nan,nan,nan,nan
4047,45.5263157895,0.3523539549,nan,0.0016891498,27.7233183991,nan,nan,nan,nan,nan,nan,nan
4048,45.5263157895,0.5312079994,nan,0.0002824717,35.4902511958,nan,nan,nan,nan,nan,nan,nan
4049,45.5263157895,0.3316179834,nan,0.0019818736,27.0292405690,nan,nan,nan,nan,nan,nan,nan
4050,45.5263157895,0.3708308316,nan,0.0014528364,28.3778328714,nan,nan,nan,nan,nan,nan,nan
4051,45.5263157895,0.2274011857,nan,0.0038130395,24.1872870094,nan,nan,nan,nan,nan,nan,nan
4052,45.5263157895,0.2652443466,nan,0.0030940150,25.0947758145,nan,nan,nan,nan,nan,nan,nan
4053,45.5263157895,1.0020696368,nan,0.0000000741,71.3007731167,nan,nan,nan,nan,nan,nan,nan
4054,45.5263157895,0.0214214421,nan,0.0067372342,21.7151835849,nan,nan,nan,nan,nan,nan,nan
4055,45.5263157895,0.5106408096,nan,0.0003602161,34.4343686105,nan,nan,nan,nan,nan,nan,nan
4056,45.5263157895,0.4919757051,nan,0.0004453692,33.5127984919,nan,nan,nan,nan,nan,nan,nan
4057,45.5263157895,1.0312609597,nan,0.0000000375,74.2577653886,nan,nan,nan,nan,nan,nan,nan
4058,45.5263157895,1.2628000703,nan,0.0000000001,100.7725002909,nan,nan,nan,nan,nan,nan,nan
4059,45.5263157895,0.2074469195,nan,0.0042016671,23.7657835719,nan,nan,nan,nan,nan,nan,nan
4060,45.5263157895,0.7322769726,nan,0.0000156705,48.0491653633,nan,nan,nan,nan,nan,nan,nan
4061,45.5263157895,0.2170068218,nan,0.0040153037,23.9628160015,nan,nan,nan,nan,nan,nan,nan
4062,45.5263157895,0.3117534475,nan,0.0022885339,26.4044265099,nan,nan,nan,nan,nan,nan,nan
4063,45.5263157895,0.3814584447,nan,0.0013274853,28.7697027740,nan,nan,nan,nan,nan,nan,nan
4064,45.5263157895,0.8176413933,nan,0.0000034583,54.6113438206,nan,nan,nan,nan,nan,nan,nan
4065,45.5263157895,0.5285147034,nan,0.0002917715,35.3495710761,nan,nan,nan,nan,nan,nan,nan
4066,45.5263157895,0.1810271675,nan,0.0047117929,23.2681380692,nan,nan,nan,nan,nan,nan,nan
4067,45.5263157895,0.3592904383,nan,0.0015977001,27.9650474164,nan,nan,nan,nan,nan,nan,nan
4068,45.5263157895,0.1290490143,nan,0.0056370468,22.4894835749,nan,nan,nan,nan,nan,nan,nan
4069,45.5263157895,0.4495331522,nan,0.0007003293,31.5469769529,nan,nan,nan,nan,nan,nan,nan
4070,45.5263157895,0.3557492530,nan,0.0016439771,27.8410424893,nan,nan,nan,nan,nan,nan,nan
4071,45.5263157895,0.4319867519,nan,0.0008342801,30.7868809779,nan,nan,nan,nan,nan,nan,nan
4072,45.5263157895,0.5395431616,nan,0.0002552566,35.9302309349,nan,nan,nan,nan,nan,nan,nan
4073,45.5263157895,0.8753992467,nan,0.0000011302,59.4683231611,nan,nan,nan,nan,nan,nan,nan
4074,45.5263157895,0.7817519525,nan,0.0000066636,51.7629202047,nan,nan,nan,nan,nan,nan,nan
4075,45.5263157895,0.8374798620,nan,0.0000023759,56.2416289401,nan,nan,nan,nan,nan,nan,nan
4076,45.5263157895,0.4441600515,nan,0.0007394432,31.3109515423,nan,nan,nan,nan,nan,nan,nan
4077,45.5263157895,0.3590943615,nan,0.0016002401,27.9581485682,nan,nan,nan,nan,nan,nan,nan
4078,45.5263157895,1.0427632663,nan,0.0000000285,75.4466174424,nan,nan,nan,nan,nan,nan,nan
4079,45.5263157895,0.6354878177,nan,0.0000708507,41.4965572811,nan,nan,nan,nan,nan,nan,nan
4080,45.5263157895,0.1842359923,nan,0.0046505996,23.3249105419,nan,nan,nan,nan,nan,nan,nan
4081,45.5263157895,0.3386039385,nan,0.0018800534,27.2582981165,nan,nan,nan,nan,nan,nan,nan
4082,45.5263157895,0.6643578498,nan,0.0000462123,43.3524278781,nan,nan,nan,nan,nan,nan,nan
4083,45.5263157895,0.7601089462,nan,0.0000097545,50.1079711335,nan,nan,nan,nan,nan,nan,nan
4084,45.5263157895,0.4209531732,nan,0.0009279699,30.3246611336,nan,nan,nan,nan,nan,nan,nan
4085,45.5263157895,0.6086572232,nan,0.0001035886,39.8468814165,nan,nan,nan,nan,nan,nan,nan
4086,45.5263157895,1.1231314450,nan,0.0000000039,84.1274263517,nan,nan,nan,nan,nan,nan,nan
4087,45.5263157895,0.7685105702,nan,0.0000084240,50.7448003619,nan,nan,nan,nan,nan,nan,nan
4088,45.5263157895,0.7854919940,nan,0.0000062320,52.0536909434,nan,nan,nan,nan,nan,nan,nan
4089,45.5263157895,0.0769153368,nan,0.0063472644,21.9741340800,nan,nan,nan,nan,nan,nan,nan
4090,45.5263157895,0.5262844379,nan,0.0002996659,35.2336267114,nan,nan,nan,nan,nan,nan,nan
4091,45.5263157895,0.2809854174,nan,0.0028093057,25.5140100135,nan,nan,nan,nan,nan,nan,nan
4092,45.5263157895,0.6084387145,nan,0.0001039024,39.8337432707,nan,nan,nan,nan,nan,nan,nan
4093,45.5263157895,0.6079150887,nan,0.0001046579,39.8022790400,nan,nan,nan,nan,nan,nan,nan
4094,45.5263157895,0.7083551394,nan,0.0000232169,46.3419558013,nan,nan,nan,nan,nan,nan,nan
4095,45.5263157895,0.3849392560,nan,0.0012881022,28.9004967741,nan,nan,nan,nan,nan,nan,nan
4096,45.5263157895,0.7357870923,nan,0.0000147757,48.3045177817,nan,nan,nan,nan,nan,nan,nan
4097,45.5263157895,0.7463625009,nan,0.0000123556,49.0813552192,nan,nan,nan,nan,nan,nan,nan
4098,45.5263157895,0.5725625212,nan,0.0001682041,37.7416339947,nan,nan,nan,nan,nan,nan,nan
4099,45.5263157895,0.4542521587,nan,0.0006673214,31.7566492143,nan,nan,nan,nan,nan,nan,nan
4100,45.5263157895,0.7005716507,nan,0.0000263093,45.7989011319,nan,nan,nan,nan,nan,nan,nan
4101,45.5263157895,0.5382181763,nan,0.0002594284,35.8598248754,nan,nan,nan,nan,nan,nan,nan
4102,45.5263157895,0.4085311088,nan,0.0010426016,29.8188160205,nan,nan,nan,nan,nan,nan,nan
4103,45.5263157895,0.4735200191,nan,0.0005450236,32.6358470785,nan,nan,nan,nan,nan,nan,nan
4104,45.5263157895,0.5371388260,nan,0.0002628693,35.8026012199,nan,nan,nan,nan,nan,nan,nan
4105,45.5263157895,0.8267414275,nan,0.0000029146,55.3542349288,nan,nan,nan,nan,nan,nan,nan
4106,45.5263157895,0.4691305443,nan,0.0005711775,32.4322893185,nan,nan,nan,nan,nan,nan,nan
4107,45.5263157895,0.2839438292,nan,0.0027570562,25.5955438783,nan,nan,nan,nan,nan,nan,nan
4108,45.5263157895,0.5576510254,nan,0.0002037010,36.9100692769,nan,nan,nan,nan,nan,nan,nan
4109,45.5263157895,0.3338554201,nan,0.0019489136,27.1020740392,nan,nan,nan,nan,nan,nan,nan
4110,45.5263157895,0.1741061046,nan,0.0048426858,23.1491370844,nan,nan,nan,nan,nan,nan,nan
4111,45.5263157895,0.3014602575,nan,0.0024569221,26.0960861266,nan,nan,nan,nan,nan,nan,nan
4112,45.5263157895,0.7702383086,nan,0.0000081721,50.8766421232,nan,nan,nan,nan,nan,nan,nan
4113,45.5263157895,0.3853821909,nan,0.0012831496,28.9172269834,nan,nan,nan,nan,nan,nan,nan
4114,45.5263157895,0.5010472540,nan,0.0004021295,33.9563409348,nan,nan,nan,nan,nan,nan,nan
4115,45.5263157895,0.8825893292,nan,0.0000009780,60.0965318378,nan,nan,nan,nan,nan,nan,nan
4116,45.5263157895,0.1287198073,nan,0.0056423542,22.4853965444,nan,nan,nan,nan,nan,nan,nan
4117,45.5263157895,0.5357765702,nan,0.0002672671,35.7305454938,nan,nan,nan,nan,nan,nan,nan
4118,45.5263157895,0.5385596127,nan,0.0002583479,35.8779510347,nan,nan,nan,nan,nan,nan,nan
4119,45.5263157895,0.4044377773,nan,0.0010825546,29.6555020710,nan,nan,nan,nan,nan,nan,nan
4120,45.5263157895,0.8897182029,nan,0.0000008463,60.7245492259,nan,nan,nan,nan,nan,nan,nan
4121,45.5263157895,0.2440504316,nan,0.0034921394,24.5690843249,nan,nan,nan,nan,nan,nan,nan
4122,45.5263157895,0.2050430569,nan,0.0042484858,23.7176583046,nan,nan,nan,nan,nan,nan,nan
4123,45.5263157895,0.2620322031,nan,0.0031533758,25.0122426471,nan,nan,nan,nan,nan,nan,nan
4124,45.5263157895,0.3965459911,nan,0.0011626912,29.3453562104,nan,nan,nan,nan,nan,nan,nan
4125,45.5263157895,0.1444344935,nan,0.0053798063,22.6923335953,nan,nan,nan,nan,nan,nan,nan
4126,45.5263157895,0.1766090026,nan,0.0047955366,23.1916278590,nan,nan,nan,nan,nan,nan,nan
4127,45.5263157895,0.6154564044,nan,0.0000942304,40.2580877302,nan,nan,nan,nan,nan,nan,nan
4128,45.5263157895,0.4939399032,nan,0.0004356987,33.6081369936,nan,nan,nan,nan,nan,nan,nan
4129,45.5263157895,0.9144906874,nan,0.0000005074,62.9468101524,nan,nan,nan,nan,nan,nan,nan
4130,45.5263157895,0.6400751788,nan,0.0000662849,41.7858509035,nan,nan,nan,nan,nan,nan,nan
4131,45.5263157895,0.5168620126,nan,0.0003350206,34.7492843699,nan,nan,nan,nan,nan,nan,nan
4132,45.5263157895,0.3744619391,nan,0.0014091407,28.5104564352,nan,nan,nan,nan,nan,nan,nan
4133,45.5263157895,0.8890060099,nan,0.0000008587,60.6615777802,nan,nan,nan,nan,nan,nan,nan
4134,45.5263157895,0.6714530346,nan,0.0000414824,43.8213608275,nan,nan,nan,nan,nan,nan,nan
4135,45.5263157895,0.6544365385,nan,0.0000536389,42.7052001100,nan,nan,nan,nan,nan,nan,nan
4136,45.5263157895,0.5416281743,nan,0.0002488067,36.0413790383,nan,nan,nan,nan,nan,nan,nan
4137,45.5263157895,0.5430404044,nan,0.0002445170,36.1169098768,nan,nan,nan,nan,nan,nan,nan
4138,45.5263157895,0.4123547860,nan,0.0010062638,29.9728814971,nan,nan,nan,nan,nan,nan,nan
4139,45.5263157895,0.2599054908,nan,0.0031928896,24.9581609691,nan,nan,nan,nan,nan,nan,nan
4140,45.5263157895,0.1257399030,nan,0.0056899908,22.4488843327,nan,nan,nan,nan,nan,nan,nan
4141,45.5263157895,1.0019921826,nan,0.0000000742,71.2930420225,nan,nan,nan,nan,nan,nan,nan
4142,45.5263157895,0.9244545988,nan,0.0000004113,63.8581338898,nan,nan,nan,nan,nan,nan,nan
4143,45.5263157895,0.6634855176,nan,0.0000468261,43.2951234385,nan,nan,nan,nan,nan,nan,nan
4144,45.5263157895,0.6016410907,nan,0.0001140927,39.4274210201,nan,nan,nan,nan,nan,nan,nan
4145,45.5263157895,0.3769942990,nan,0.0013792003,28.6037265122,nan,nan,nan,nan,nan,nan,nan
4146,45.5263157895,0.5552545159,nan,0.0002099663,36.7785038138,nan,nan,nan,nan,nan,nan,nan
4147,45.5263157895,0.9266352361,nan,0.0000003927,64.0589190920,nan,nan,nan,nan,nan,nan,nan
4148,45.5263157895,0.4396862343,nan,0.0007732804,31.1166297380,nan,nan,nan,nan,nan,nan,nan
4149,45.5263157895,0.5259574157,nan,0.0003008384,35.2166677667,nan,nan,nan,nan,nan,nan,nan
4150,45.5263157895,0.9340873852,nan,0.0000003351,64.7487153756,nan,nan,nan,nan,nan,nan,nan
4151,45.5263157895,0.1808415701,nan,0.0047153232,23.2648853812,nan,nan,nan,nan,nan,nan,nan
4152,45.5263157895,0.5906689026,nan,0.0001323928,38.7813551324,nan,nan,nan,nan,nan,nan,nan
4153,45.5263157895,0.8478811296,nan,0.0000019443,57.1122584204,nan,nan,nan,nan,nan,nan,nan
4154,45.5263157895,0.2922978226,nan,0.0026118806,25.8304667292,nan,nan,nan,nan,nan,nan,nan
4155,45.5263157895,1.2946400877,nan,0.0000000000,104.8444004466,nan,nan,nan,nan,nan,nan,nan
4156,45.5263157895,0.3493855728,nan,0.0017292840,27.6213366560,nan,nan,nan,nan,nan,nan,nan
4157,45.5263157895,0.1400622291,nan,0.0054546542,22.6323277363,nan,nan,nan,nan,nan,nan,nan
4158,45.5263157895,0.6359330527,nan,0.0000703956,41.5245425512,nan,nan,nan,nan,nan,nan,nan
4159,45.5263157895,0.3110919268,nan,0.0022991676,26.3842937795,nan,nan,nan,nan,nan,nan,nan
4160,45.5263157895,0.5421240459,nan,0.0002472933,36.0678771507,nan,nan,nan,nan,nan,nan,nan
4161,45.5263157895,0.8170288798,nan,0.0000034981,54.5616407913,nan,nan,nan,nan,nan,nan,nan
4162,45.5263157895,0.6016471622,nan,0.0001140832,39.4277818693,nan,nan,nan,nan,nan,nan,nan
4163,45.5263157895,0.5262059709,nan,0.0002999469,35.2295565387,nan,nan,nan,nan,nan,nan,nan
4164,45.5263157895,0.6418094445,nan,0.0000646283,41.8957701443,nan,nan,nan,nan,nan,nan,nan
4165,45.5263157895,0.3721654804,nan,0.0014366708,28.4264272878,nan,nan,nan,nan,nan,nan,nan
4166,45.5263157895,1.0986968243,nan,0.0000000072,81.4188908767,nan,nan,nan,nan,nan,nan,nan
4167,45.5263157895,1.0298970859,nan,0.0000000387,74.1176872889,nan,nan,nan,nan,nan,nan,nan
4168,45.5263157895,0.6448651816,nan,0.0000617991,42.0901809411,nan,nan,nan,nan,nan,nan,nan
4169,45.5263157895,0.6772694706,nan,0.0000379354,44.2095558587,nan,nan,nan,nan,nan,nan,nan
4170,45.5263157895,0.4503683791,nan,0.0006943964,31.5839252076,nan,nan,nan,nan,nan,nan,nan
4171,45.5263157895,0.4931796786,nan,0.0004394211,33.5711913154,nan,nan,nan,nan,nan,nan,nan
4172,45.5263157895,0.2984965976,nan,0.0025065376,26.0092578262,nan,nan,nan,nan,nan,nan,nan
4173,45.5263157895,0.4371709244,nan,0.0007928199,31.0082544004,nan,nan,nan,nan,nan,nan,nan
4174,45.5263157895,0.7926508900,nan,0.0000054775,52.6141957326,nan,nan,nan,nan,nan,nan,nan
4175,45.5263157895,0.6589664599,nan,0.0000501246,42.9994867008,nan,nan,nan,nan,nan,nan,nan
4176,45.5263157895,1.0203259141,nan,0.0000000485,73.1399701864,nan,nan,nan,nan,nan,nan,nan
4177,45.5263157895,0.4348239909,nan,0.0008113900,30.9077036480,nan,nan,nan,nan,nan,nan,nan
4178,45.5263157895,0.6535825413,nan,0.0000543256,42.6499512797,nan,nan,nan,nan,nan,nan,nan
4179,45.5263157895,0.8840117838,nan,0.0000009503,60.2214327566,nan,nan,nan,nan,nan,nan,nan
4180,45.5263157895,0.3617235732,nan,0.0015663996,28.0509743238,nan,nan,nan,nan,nan,nan,nan
4181,45.5263157895,0.2697923298,nan,0.0030106617,25.2133803800,nan,nan,nan,nan,nan,nan,nan
4182,45.5263157895,0.4343614579,nan,0.0008150886,30.8879520228,nan,nan,nan,nan,nan,nan,nan
4183,45.5263157895,0.5646099341,nan,0.0001864074,37.2953692485,nan,nan,nan,nan,nan,nan,nan
4184,45.5263157895,0.9273885132,nan,0.0000003865,64.1283898528,nan,nan,nan,nan,nan,nan,nan
4185,45.5263157895,0.7107535696,nan,0.0000223330,46.5105236388,nan,nan,nan,nan,nan,nan,nan
4186,45.5263157895,0.1137815161,nan,0.0058734086,22.3110978595,nan,nan,nan,nan,nan,nan,nan
4187,45.5263157895,0.1889878735,nan,0.0045594805,23.4108463667,nan,nan,nan,nan,nan,nan,nan
4188,45.5263157895,0.4849883799,nan,0.0004811964,33.1767761972,nan,nan,nan,nan,nan,nan,nan
4189,45.5263157895,0.2514394228,nan,0.0033517288,24.7473112515,nan,nan,nan,nan,nan,nan,nan
4190,45.5263157895,0.1318819329,nan,0.0055910166,22.5250921796,nan,nan,nan,nan,nan,nan,nan
4191,45.5263157895,0.5222552913,nan,0.0003143817,35.0254275467,nan,nan,nan,nan,nan,nan,nan
4192,45.5263157895,0.5428964331,nan,0.0002449514,36.1092006541,nan,nan,nan,nan,nan,nan,nan
4193,45.5263157895,0.0118481350,nan,0.0067602913,21.7003459017,nan,nan,nan,nan,nan,nan,nan
4194,45.5263157895,1.6412764471,nan,0.0000000000,155.8518624866,nan,nan,nan,nan,nan,nan,nan
4195,45.5263157895,0.5072625750,nan,0.0003745427,34.2649868588,nan,nan,nan,nan,nan,nan,nan
4196,45.5263157895,0.0572459984,nan,0.0065337371,21.8483834565,nan,nan,nan,nan,nan,nan,nan
4197,45.5263157895,0.1253643745,nan,0.0056959416,22.4443447138,nan,nan,nan,nan,nan,nan,nan
4198,45.5263157895,0.6125139548,nan,0.0000981847,40.0795620574,nan,nan,nan,nan,nan,nan,nan
4199,45.5263157895,0.8110005026,nan,0.0000039134,54.0744817117,nan,nan,nan,nan,nan,nan,nan
4200,45.5263157895,0.4681228433,nan,0.0005773205,32.3858300618,nan,nan,nan,nan,nan,nan,nan
4201,45.5263157895,0.2385753797,nan,0.0035970736,24.4405067874,nan,nan,nan,nan,nan,nan,nan
4202,45.5263157895,0.7014616530,nan,0.0000259377,45.8606878888,nan,nan,nan,nan,nan,nan,nan
4203,45.5263157895,0.5553966107,nan,0.0002095903,36.7862885808,nan,nan,nan,nan,nan,nan,nan
4204,45.5263157895,0.4517279201,nan,0.0006848230,31.6442168376,nan,nan,nan,nan,nan,nan,nan
4205,45.5263157895,1.0758753636,nan,0.0000000128,78.9438470815,nan,nan,nan,nan,nan,nan,nan
4206,45.5263157895,0.3834520601,nan,0.0013048282,28.8444665697,nan,nan,nan,nan,nan,nan,nan
4207,45.5263157895,1.2029888936,nan,0.0000000005,93.4019871521,nan,nan,nan,nan,nan,nan,nan
4208,45.5263157895,0.7087027365,nan,0.0000230869,46.3663499347,nan,nan,nan,nan,nan,nan,nan
4209,45.5263157895,1.1331446569,nan,0.0000000030,85.2548660355,nan,nan,nan,nan,nan,nan,nan
4210,45.5263157895,0.1691985455,nan,0.0049344504,23.0676121167,nan,nan,nan,nan,nan,nan,nan
4211,45.5263157895,0.3699927540,nan,0.0014630497,28.3474092485,nan,nan,nan,nan,nan,nan,nan
4212,45.5263157895,0.4294978221,nan,0.0008547610,30.6815528037,nan,nan,nan,nan,nan,nan,nan
4213,45.5263157895,0.3328637045,nan,0.0019634823,27.0697301000,nan,nan,nan,nan,nan,nan,nan
4214,45.5263157895,1.2087103313,nan,0.0000000004,94.0913207417,nan,nan,nan,nan,nan,nan,nan
4215,45.5263157895,0.5806511473,nan,0.0001512850,38.2020409927,nan,nan,nan,nan,nan,nan,nan
4216,45.5263157895,0.3203813434,nan,0.0021522915,26.6709889960,nan,nan,nan,nan,nan,nan,nan
4217,45.5263157895,0.7006874424,nan,0.0000262607,45.8069352479,nan,nan,nan,nan,nan,nan,nan
4218,45.5263157895,0.9022476427,nan,0.0000006545,61.8407735531,nan,nan,nan,nan,nan,nan,nan
4219,45.5263157895,0.5186580662,nan,0.0003280257,34.8409211925,nan,nan,nan,nan,nan,nan,nan
4220,45.5263157895,1.1314296282,nan,0.0000000031,85.0610401795,nan,nan,nan,nan,nan,nan,nan
4221,45.5263157895,0.0967288976,nan,0.0061111430,22.1387755319,nan,nan,nan,nan,nan,nan,nan
4222,45.5263157895,1.1334437321,nan,0.0000000030,85.2886968953,nan,nan,nan,nan,nan,nan,nan
4223,45.5263157895,0.4208498783,nan,0.0009288827,30.3203913143,nan,nan,nan,nan,nan,nan,nan
4224,45.5263157895,0.4149103367,nan,0.0009825023,30.0766643349,nan,nan,nan,nan,nan,nan,nan
4225,45.5263157895,1.3159696870,nan,0.0000000000,107.6298105332,nan,nan,nan,nan,nan,nan,nan
4226,45.5263157895,1.0538223459,nan,0.0000000219,76.6022972552,nan,nan,nan,nan,nan,nan,nan
4227,45.5263157895,0.7461801227,nan,0.0000123941,49.0678627846,nan,nan,nan,nan,nan,nan,nan
4228,45.5263157895,0.5737761348,nan,0.0001655658,37.8102946907,nan,nan,nan,nan,nan,nan,nan
4229,45.5263157895,0.4687943664,nan,0.0005732210,32.4167788159,nan,nan,nan,nan,nan,nan,nan
4230,45.5263157895,0.1153871798,nan,0.0058495357,22.3287860133,nan,nan,nan,nan,nan,nan,nan
4231,45.5263157895,0.1960899102,nan,0.0044223886,23.5434309695,nan,nan,nan,nan,nan,nan,nan
4232,45.5263157895,0.0990565699,nan,0.0060804738,22.1606257628,nan,nan,nan,nan,nan,nan,nan
4233,45.5263157895,0.7238611594,nan,0.0000180219,47.4419905480,nan,nan,nan,nan,nan,nan,nan
4234,45.5263157895,0.6182570218,nan,0.0000905980,40.4288158221,nan,nan,nan,nan,nan,nan,nan
4235,45.5263157895,0.5277782637,nan,0.0002943587,35.3112308229,nan,nan,nan,nan,nan,nan,nan
4236,45.5263157895,0.2216775575,nan,0.0039243142,24.0623623343,nan,nan,nan,nan,nan,nan,nan
4237,45.5263157895,0.7674873119,nan,0.0000085766,50.6668585602,nan,nan,nan,nan,nan,nan,nan
4238,45.5263157895,0.7941756263,nan,0.0000053281,52.7342424040,nan,nan,nan,nan,nan,nan,nan
4239,45.5263157895,0.0906963892,nan,0.0061878474,22.0846040423,nan,nan,nan,nan,nan,nan,nan
4240,45.5263157895,0.6449361932,nan,0.0000617347,42.0947099673,nan,nan,nan,nan,nan,nan,nan
4241,45.5263157895,0.5888340005,nan,0.0001356909,38.6744916228,nan,nan,nan,nan,nan,nan,nan
4242,45.5263157895,0.4009698522,nan,0.0011172624,29.5184481515,nan,nan,nan,nan,nan,nan,nan
4243,45.5263157895,0.6033798476,nan,0.0001114061,39.5309121487,nan,nan,nan,nan,nan,nan,nan
4244,45.5263157895,0.3503611324,nan,0.0017160280,27.6547562470,nan,nan,nan,nan,nan,nan,nan
4245,45.5263157895,0.2963237471,nan,0.0025432249,25.9461522933,nan,nan,nan,nan,nan,nan,nan
4246,45.5263157895,0.7535962436,nan,0.0000109164,49.6192139014,nan,nan,nan,nan,nan,nan,nan
4247,45.5263157895,0.6113367078,nan,0.0000998072,40.0083791280,nan,nan,nan,nan,nan,nan,nan
4248,45.5263157895,1.1958194389,nan,0.0000000006,92.5428851852,nan,nan,nan,nan,nan,nan,nan
4249,45.5263157895,0.6236109651,nan,0.0000839965,40.7573896380,nan,nan,nan,nan,nan,nan,nan
4250,45.5263157895,0.4008671068,nan,0.0011183028,29.5144059043,nan,nan,nan,nan,nan,nan,nan
4251,45.5263157895,0.7754770074,nan,0.0000074503,51.2782408351,nan,nan,nan,nan,nan,nan,nan
4252,45.5263157895,1.1529752203,nan,0.0000000018,87.5177129849,nan,nan,nan,nan,nan,nan,nan
4253,45.5263157895,0.2135800619,nan,0.0040821107,23.8911522067,nan,nan,nan,nan,nan,nan,nan
4254,45.5263157895,0.6136021434,nan,0.0000967056,40.1454838190,nan,nan,nan,nan,nan,nan,nan
4255,45.5263157895,1.2815257854,nan,0.0000000000,103.1547804015,nan,nan,nan,nan,nan,nan,nan
4256,45.5263157895,0.2904898126,nan,0.0026429950,25.7790365917,nan,nan,nan,nan,nan,nan,nan
4257,45.5263157895,0.2467312604,nan,0.0034410239,24.6331230596,nan,nan,nan,nan,nan,nan,nan
4258,45.5263157895,0.4422354895,nan,0.0007538566,31.2271124708,nan,nan,nan,nan,nan,nan,nan
4259,45.5263157895,0.4309850406,nan,0.0008424778,30.7444155183,nan,nan,nan,nan,nan,nan,nan
4260,45.5263157895,0.7923179565,nan,0.0000055106,52.5880141483,nan,nan,nan,nan,nan,nan,nan
4261,45.5263157895,0.2951451596,nan,0.0025632331,25.9121188896,nan,nan,nan,nan,nan,nan,nan
4262,45.5263157895,0.3577486018,nan,0.0016177440,27.9109020777,nan,nan,nan,nan,nan,nan,nan
4263,45.5263157895,0.0210914609,nan,0.0067382519,21.7145275773,nan,nan,nan,nan,nan,nan,nan
4264,45.5263157895,0.4956492164,nan,0.0004274233,33.6914180620,nan,nan,nan,nan,nan,nan,nan
4265,45.5263157895,0.4262109386,nan,0.0008823880,30.5434040790,nan,nan,nan,nan,nan,nan,nan
4266,45.5263157895,0.5394788347,nan,0.0002554578,35.9268087149,nan,nan,nan,nan,nan,nan,nan
4267,45.5263157895,0.5351575203,nan,0.0002692860,35.6978626691,nan,nan,nan,nan,nan,nan,nan
4268,45.5263157895,0.2388173020,nan,0.0035924228,24.4461255437,nan,nan,nan,nan,nan,nan,nan
4269,45.5263157895,0.3687247772,nan,0.0014785933,28.3015125579,nan,nan,nan,nan,nan,nan,nan
4270,45.5263157895,0.3185886304,nan,0.0021802216,26.6149936569,nan,nan,nan,nan,nan,nan,nan
4271,45.5263157895,0.3172006937,nan,0.0022019828,26.5718608136,nan,nan,nan,nan,nan,nan,nan
4272,45.5263157895,1.0873179644,nan,0.0000000096,80.1782254867,nan,nan,nan,nan,nan,nan,nan
4273,45.5263157895,0.6317842146,nan,0.0000747388,41.2645391276,nan,nan,nan,nan,nan,nan,nan
4274,45.5263157895,0.5277806306,nan,0.0002943504,35.3113539628,nan,nan,nan,nan,nan,nan,nan
4275,45.5263157895,0.6206323688,nan,0.0000876146,40.5742365295,nan,nan,nan,nan,nan,nan,nan
4276,45.5263157895,0.7488275351,nan,0.0000118466,49.2640484693,nan,nan,nan,nan,nan,nan,nan
4277,45.5263157895,0.8841702927,nan,0.0000009472,60.2353635490,nan,nan,nan,nan,nan,nan,nan
4278,45.5263157895,0.6906548706,nan,0.0000307904,45.1158400829,nan,nan,nan,nan,nan,nan,nan
4279,45.5263157895,1.1412140184,nan,0.0000000024,86.1708387143,nan,nan,nan,nan,nan,nan,nan
4280,45.5263157895,0.3922305980,nan,0.0012082620,29.1783886510,nan,nan,nan,nan,nan,nan,nan
4281,45.5263157895,1.2148892606,nan,0.0000000003,94.8395078230,nan,nan,nan,nan,nan,nan,nan
4282,45.5263157895,0.4825804848,nan,0.0004940704,33.0621116294,nan,nan,nan,nan,nan,nan,nan
4283,45.5263157895,0.5450728621,nan,0.0002384535,36.2259634566,nan,nan,nan,nan,nan,nan,nan
4284,45.5263157895,0.9263495505,nan,0.0000003951,64.0325868220,nan,nan,nan,nan,nan,nan,nan
4285,45.5263157895,1.2423769916,nan,0.0000000002,98.2149091468,nan,nan,nan,nan,nan,nan,nan
4286,45.5263157895,1.0121307920,nan,0.0000000587,72.3101922847,nan,nan,nan,nan,nan,nan,nan
4287,45.5263157895,0.8996253279,nan,0.0000006909,61.6058436914,nan,nan,nan,nan,nan,nan,nan
4288,45.5263157895,0.8086153635,nan,0.0000040900,53.8827486392,nan,nan,nan,nan,nan,nan,nan
4289,45.5263157895,0.6389783603,nan,0.0000673521,41.7164896509,nan,nan,nan,nan,nan,nan,nan
4290,45.5263157895,0.4362993292,nan,0.0007996781,30.9708480330,nan,nan,nan,nan,nan,nan,nan
4291,45.5263157895,0.5171410688,nan,0.0003339257,34.7635009536,nan,nan,nan,nan,nan,nan,nan
4292,45.5263157895,0.3737693893,nan,0.0014174051,28.4850601902,nan,nan,nan,nan,nan,nan,nan
4293,45.5263157895,0.5872522539,nan,0.0001385912,38.5826429293,nan,nan,nan,nan,nan,nan,nan
4294,45.5263157895,0.4390008424,nan,0.0007785677,31.0870361178,nan,nan,nan,nan,nan,nan,nan
4295,45.5263157895,0.1584793978,nan,0.0051312375,22.8977788347,nan,nan,nan,nan,nan,nan,nan
4296,45.5263157895,0.1149865383,nan,0.0058555151,22.3243489187,nan,nan,nan,nan,nan,nan,nan
4297,45.5263157895,0.9312577870,nan,0.0000003559,64.4861368092,nan,nan,nan,nan,nan,nan,nan
4298,45.5263157895,0.8919568820,nan,0.0000008086,60.9228249102,nan,nan,nan,nan,nan,nan,nan
4299,45.5263157895,0.5826187301,nan,0.0001473999,38.3150290517,nan,nan,nan,nan,nan,nan,nan
4300,45.5263157895,0.1622894766,nan,0.0050619146,22.9568518223,nan,nan,nan,nan,nan,nan,nan
4301,45.5263157895,1.5251629736,nan,0.0000000000,137.4020585506,nan,nan,nan,nan,nan,nan,nan
4302,45.5263157895,0.3473363909,nan,0.0017573382,27.5514465516,nan,nan,nan,nan,nan,nan,nan
4303,45.5263157895,0.1733440958,nan,0.0048569953,23.1363231341,nan,nan,nan,nan,nan,nan,nan
4304,45.5263157895,0.3802179170,nan,0.0013417201,28.7233808989,nan,nan,nan,nan,nan,nan,nan
4305,45.5263157895,0.3067655435,nan,0.0023693563,26.2536961782,nan,nan,nan,nan,nan,nan,nan
4306,45.5263157895,0.3760999248,nan,0.0013897246,28.5707125790,nan,nan,nan,nan,nan,nan,nan
4307,45.5263157895,0.3346691236,nan,0.0019370082,27.1286853055,nan,nan,nan,nan,nan,nan,nan
4308,45.5263157895,0.5792751155,nan,0.0001540546,38.1232534744,nan,nan,nan,nan,nan,nan,nan
4309,45.5263157895,0.2118024555,nan,0.0041167702,23.8544337797,nan,nan,nan,nan,nan,nan,nan
4310,45.5263157895,1.0675019951,nan,0.0000000157,78.0489735691,nan,nan,nan,nan,nan,nan,nan
4311,45.5263157895,0.4468807755,nan,0.0007194316,31.4301048951,nan,nan,nan,nan,nan,nan,nan
4312,45.5263157895,0.7659265529,nan,0.0000088142,50.5481784907,nan,nan,nan,nan,nan,nan,nan
4313,45.5263157895,0.7101323082,nan,0.0000225590,46.4668042154,nan,nan,nan,nan,nan,nan,nan
4314,45.5263157895,0.9982665123,nan,0.0000000809,70.9218811301,nan,nan,nan,nan,nan,nan,nan
4315,45.5263157895,0.4449189971,nan,0.0007338182,31.3441149806,nan,nan,nan,nan,nan,nan,nan
4316,45.5263157895,0.5265790519,nan,0.0002986129,35.2489141850,nan,nan,nan,nan,nan,nan,nan
4317,45.5263157895,0.4473375249,nan,0.0007161136,31.4501806081,nan,nan,nan,nan,nan,nan,nan
4318,45.5263157895,0.1158104375,nan,0.0058432025,22.3334906216,nan,nan,nan,nan,nan,nan,nan
4319,45.5263157895,0.0574897387,nan,0.0065317377,21.8497126297,nan,nan,nan,nan,nan,nan,nan
4320,45.5263157895,0.3888057020,nan,0.0012453181,29.0471969895,nan,nan,nan,nan,nan,nan,nan
4321,45.5263157895,0.5373915869,nan,0.0002620601,35.8159913140,nan,nan,nan,nan,nan,nan,nan
4322,45.5263157895,0.9098823087,nan,0.0000005586,62.5287110452,nan,nan,nan,nan,nan,nan,nan
4323,45.5263157895,0.8305815170,nan,0.0000027100,55.6702322254,nan,nan,nan,nan,nan,nan,nan
4324,45.5263157895,0.0951359009,nan,0.0061317916,22.1241261246,nan,nan,nan,nan,nan,nan,nan
4325,45.5263157895,0.1310192151,nan,0.0056051018,22.5141649552,nan,nan,nan,nan,nan,nan,nan
4326,45.5263157895,0.9385955347,nan,0.0000003042,65.1687312991,nan,nan,nan,nan,nan,nan,nan
4327,45.5263157895,0.1874603969,nan,0.0045888303,23.3829800150,nan,nan,nan,nan,nan,nan,nan
4328,45.5263157895,0.3442856598,nan,0.0017996285,27.4481713052,nan,nan,nan,nan,nan,nan,nan
4329,45.5263157895,0.5728507234,nan,0.0001675743,37.7579257788,nan,nan,nan,nan,nan,nan,nan
4330,45.5263157895,1.2349439142,nan,0.0000000002,97.2945806587,nan,nan,nan,nan,nan,nan,nan
4331,45.5263157895,0.2382233443,nan,0.0036038434,24.4323409398,nan,nan,nan,nan,nan,nan,nan
4332,45.5263157895,0.2794514274,nan,0.0028365635,25.4720749044,nan,nan,nan,nan,nan,nan,nan
4333,45.5263157895,0.6428619771,nan,0.0000636410,41.9626279623,nan,nan,nan,nan,nan,nan,nan
4334,45.5263157895,0.3039577520,nan,0.0024154976,26.1699338630,nan,nan,nan,nan,nan,nan,nan
4335,45.5263157895,0.8469272047,nan,0.0000019806,57.0319560025,nan,nan,nan,nan,nan,nan,nan
4336,45.5263157895,0.4408906894,nan,0.0007640558,31.1687489804,nan,nan,nan,nan,nan,nan,nan
4337,45.5263157895,0.2973964852,nan,0.0025250798,25.9772489829,nan,nan,nan,nan,nan,nan,nan
4338,45.5263157895,0.4766534711,nan,0.0005269463,32.7823366840,nan,nan,nan,nan,nan,nan,nan
4339,45.5263157895,0.4906197989,nan,0.0004521463,33.4472105866,nan,nan,nan,nan,nan,nan,nan
4340,45.5263157895,0.5247934592,nan,0.0003050427,35.1563934221,nan,nan,nan,nan,nan,nan,nan
4341,45.5263157895,0.8177843169,nan,0.0000034491,54.6229469490,nan,nan,nan,nan,nan,nan,nan
4342,45.5263157895,0.6160223147,nan,0.0000934863,40.2925226035,nan,nan,nan,nan,nan,nan,nan
4343,45.5263157895,0.1690664767,nan,0.0049369066,23.0654509040,nan,nan,nan,nan,nan,nan,nan
4344,45.5263157895,1.0969268954,nan,0.0000000075,81.2250489612,nan,nan,nan,nan,nan,nan,nan
4345,45.5263157895,0.2329342393,nan,0.0037058433,24.3111294557,nan,nan,nan,nan,nan,nan,nan
4346,45.5263157895,1.1143583459,nan,0.0000000048,83.1479762042,nan,nan,nan,nan,nan,nan,nan
4347,45.5263157895,0.4843044870,nan,0.0004848250,33.1441500676,nan,nan,nan,nan,nan,nan,nan
4348,45.5263157895,1.2643154685,nan,0.0000000001,100.9639634635,nan,nan,nan,nan,nan,nan,nan
4349,45.5263157895,0.2348901644,nan,0.0036680635,24.3556314930,nan,nan,nan,nan,nan,nan,nan
4350,45.5263157895,0.5171416373,nan,0.0003339235,34.7635299241,nan,nan,nan,nan,nan,nan,nan
4351,45.5263157895,0.2873937137,nan,0.0026966718,25.6917190230,nan,nan,nan,nan,nan,nan,nan
4352,45.5263157895,0.2060520789,nan,0.0042288380,23.7377894728,nan,nan,nan,nan,nan,nan,nan
4353,45.5263157895,0.6133413436,nan,0.0000970583,40.1296738965,nan,nan,nan,nan,nan,nan,nan
4354,45.5263157895,0.6398678562,nan,0.0000664855,41.7727308452,nan,nan,nan,nan,nan,nan,nan
4355,45.5263157895,1.1199629506,nan,0.0000000042,83.7727873503,nan,nan,nan,nan,nan,nan,nan
4356,45.5263157895,0.6053108941,nan,0.0001084875,39.6462041579,nan,nan,nan,nan,nan,nan,nan
4357,45.5263157895,0.0853090220,nan,0.0062528494,22.0392202993,nan,nan,nan,nan,nan,nan,nan
4358,45.5263157895,0.5703375068,nan,0.0001731356,37.6161366526,nan,nan,nan,nan,nan,nan,nan
4359,45.5263157895,0.6539771204,nan,0.0000540074,42.6754692211,nan,nan,nan,nan,nan,nan,nan
4360,45.5263157895,0.4111686082,nan,0.0010174354,29.9249313638,nan,nan,nan,nan,nan,nan,nan
4361,45.5263157895,1.0718561756,nan,0.0000000141,78.5134240112,nan,nan,nan,nan,nan,nan,nan
4362,45.5263157895,0.9901292557,nan,0.0000000974,70.1161127920,nan,nan,nan,nan,nan,nan,nan
4363,45.5263157895,0.4836832607,nan,0.0004881402,33.1145540994,nan,nan,nan,nan,nan,nan,nan
4364,45.5263157895,0.7437169690,nan,0.0000129242,48.8859657017,nan,nan,nan,nan,nan,nan,nan
4365,45.5263157895,0.5237790687,nan,0.0003087468,35.1039748840,nan,nan,nan,nan,nan,nan,nan
4366,45.5263157895,0.2544796655,nan,0.0032944182,24.8222127576,nan,nan,nan,nan,nan,nan,nan
4367,45.5263157895,0.7533856553,nan,0.0000109560,49.6034812765,nan,nan,nan,nan,nan,nan,nan
4368,45.5263157895,0.3097585735,nan,0.0023206804,26.3438465778,nan,nan,nan,nan,nan,nan,nan
4369,45.5263157895,0.3109637622,nan,0.0023012308,26.3803982421,nan,nan,nan,nan,nan,nan,nan
4370,45.5263157895,0.1713164565,nan,0.0048949645,23.1025045444,nan,nan,nan,nan,nan,nan,nan
4371,45.5263157895,0.2411961008,nan,0.0035467595,24.5016825325,nan,nan,nan,nan,nan,nan,nan
4372,45.5263157895,0.8174295338,nan,0.0000034720,54.5941479817,nan,nan,nan,nan,nan,nan,nan
4373,45.5263157895,0.5941318415,nan,0.0001263585,38.9839551780,nan,nan,nan,nan,nan,nan,nan
4374,45.5263157895,0.8810575931,nan,0.0000010087,59.9622638674,nan,nan,nan,nan,nan,nan,nan
4375,45.5263157895,0.6773000539,nan,0.0000379175,44.2116060157,nan,nan,nan,nan,nan,nan,nan
4376,45.5263157895,0.6156335887,nan,0.0000939969,40.2688656920,nan,nan,nan,nan,nan,nan,nan
4377,45.5263157895,0.3129766172,nan,0.0022689415,26.4417669647,nan,nan,nan,nan,nan,nan,nan
4378,45.5263157895,0.4539890514,nan,0.0006691292,31.7449003974,nan,nan,nan,nan,nan,nan,nan
4379,45.5263157895,0.1031163413,nan,0.0060255965,22.1999995141,nan,nan,nan,nan,nan,nan,nan
4380,45.5263157895,0.4299231841,nan,0.0008512341,30.6995097317,nan,nan,nan,nan,nan,nan,nan
4381,45.5263157895,0.5476810163,nan,0.0002308600,36.3665132440,nan,nan,nan,nan,nan,nan,nan
4382,45.5263157895,0.7296124299,nan,0.0000163827,47.8561551637,nan,nan,nan,nan,nan,nan,nan
4383,45.5263157895,0.7558107905,nan,0.0000105077,49.7849288455,nan,nan,nan,nan,nan,nan,nan
4384,45.5263157895,0.4952858061,nan,0.0004291719,33.6736875296,nan,nan,nan,nan,nan,nan,nan
4385,45.5263157895,0.5948765627,nan,0.0001250926,39.0276825343,nan,nan,nan,nan,nan,nan,nan
4386,45.5263157895,0.5219438282,nan,0.0003155440,35.0094009429,nan,nan,nan,nan,nan,nan,nan
4387,45.5263157895,0.6700699463,nan,0.0000423687,43.7295528582,nan,nan,nan,nan,nan,nan,nan
4388,45.5263157895,0.5175021198,nan,0.0003325136,34.7819063564,nan,nan,nan,nan,nan,nan,nan
4389,45.5263157895,0.3882004180,nan,0.0012519492,29.0241329979,nan,nan,nan,nan,nan,nan,nan
4390,45.5263157895,0.1473992859,nan,0.0053283289,22.7340897624,nan,nan,nan,nan,nan,nan,nan
4391,45.5263157895,0.5760180760,nan,0.0001607858,37.9375220614,nan,nan,nan,nan,nan,nan,nan
4392,45.5263157895,0.7026972909,nan,0.0000254296,45.9466019352,nan,nan,nan,nan,nan,nan,nan
4393,45.5263157895,0.4919889172,nan,0.0004453035,33.5134384920,nan,nan,nan,nan,nan,nan,nan
4394,45.5263157895,0.3767523887,nan,0.0013820415,28.5947890398,nan,nan,nan,nan,nan,nan,nan
4395,45.5263157895,0.3879108165,nan,0.0012551306,29.0131108190,nan,nan,nan,nan,nan,nan,nan
4396,45.5263157895,0.3493774846,nan,0.0017293942,27.6210599741,nan,nan,nan,nan,nan,nan,nan
4397,45.5263157895,0.0659427332,nan,0.0064574897,21.8993627542,nan,nan,nan,nan,nan,nan,nan
4398,45.5263157895,0.3487925791,nan,0.0017373732,27.6010688440,nan,nan,nan,nan,nan,nan,nan
4399,45.5263157895,0.2807880284,nan,0.0028128069,25.5086008557,nan,nan,nan,nan,nan,nan,nan
4400,45.5263157895,0.3663148792,nan,0.0015084387,28.2147233661,nan,nan,nan,nan,nan,nan,nan
4401,45.5263157895,0.6977745012,nan,0.0000275091,45.6052332618,nan,nan,nan,nan,nan,nan,nan
4402,45.5263157895,0.6506362712,nan,0.0000567557,42.4599069403,nan,nan,nan,nan,nan,nan,nan
4403,45.5263157895,0.2091762975,nan,0.0041679660,23.8007583009,nan,nan,nan,nan,nan,nan,nan
4404,45.5263157895,0.4527734072,nan,0.0006775312,31.6907067385,nan,nan,nan,nan,nan,nan,nan
4405,45.5263157895,0.2773524894,nan,0.0028740388,25.4150736689,nan,nan,nan,nan,nan,nan,nan
4406,45.5263157895,0.2785635862,nan,0.0028523904,25.4479103385,nan,nan,nan,nan,nan,nan,nan
4407,45.5263157895,0.2599147168,nan,0.0031927178,24.9583946164,nan,nan,nan,nan,nan,nan,nan
4408,45.5263157895,0.8277187940,nan,0.0000028612,55.4345202850,nan,nan,nan,nan,nan,nan,nan
4409,45.5263157895,0.1835331695,nan,0.0046640274,23.3123890636,nan,nan,nan,nan,nan,nan,nan
4410,45.5263157895,0.2066138614,nan,0.0042178961,23.7490412198,nan,nan,nan,nan,nan,nan,nan
4411,45.5263157895,0.4969910329,nan,0.0004210175,33.7569988484,nan,nan,nan,nan,nan,nan,nan
4412,45.5263157895,0.4818822872,nan,0.0004978549,33.0289717608,nan,nan,nan,nan,nan,nan,nan
4413,45.5263157895,0.6185274911,nan,0.0000902538,40.4453455818,nan,nan,nan,nan,nan,nan,nan
4414,45.5263157895,0.4828145112,nan,0.0004928071,33.0732305752,nan,nan,nan,nan,nan,nan,nan
4415,45.5263157895,0.6458719032,nan,0.0000608915,42.1544356900,nan,nan,nan,nan,nan,nan,nan
4416,45.5263157895,0.2608967579,nan,0.0031744516,24.9833128696,nan,nan,nan,nan,nan,nan,nan
4417,45.5263157895,0.7290916665,nan,0.0000165253,47.8185164065,nan,nan,nan,nan,nan,nan,nan
4418,45.5263157895,0.3801114988,nan,0.0013429461,28.7194143338,nan,nan,nan,nan,nan,nan,nan
4419,45.5263157895,1.0798312699,nan,0.0000000116,79.3690920811,nan,nan,nan,nan,nan,nan,nan
4420,45.5263157895,0.4279465856,nan,0.0008677169,30.6162194487,nan,nan,nan,nan,nan,nan,nan
4421,45.5263157895,0.4262457960,nan,0.0008820915,30.5448634848,nan,nan,nan,nan,nan,nan,nan
4422,45.5263157895,0.5934978337,nan,0.0001274450,38.9467723882,nan,nan,nan,nan,nan,nan,nan
4423,45.5263157895,0.4014577995,nan,0.0011123310,29.5376595253,nan,nan,nan,nan,nan,nan,nan
4424,45.5263157895,0.2391076029,nan,0.0035868436,24.4528755587,nan,nan,nan,nan,nan,nan,nan
4425,45.5263157895,1.3104693396,nan,0.0000000000,106.9070992658,nan,nan,nan,nan,nan,nan,nan
4426,45.5263157895,0.6870283174,nan,0.0000325948,44.8685169045,nan,nan,nan,nan,nan,nan,nan
4427,45.5263157895,0.5435971641,nan,0.0002428431,36.1467422056,nan,nan,nan,nan,nan,nan,nan
4428,45.5263157895,1.0840919141,nan,0.0000000104,79.8288695732,nan,nan,nan,nan,nan,nan,nan
4429,45.5263157895,0.5784748593,nan,0.0001556854,38.0775205468,nan,nan,nan,nan,nan,nan,nan
4430,45.5263157895,0.5888377413,nan,0.0001356841,38.6747091410,nan,nan,nan,nan,nan,nan,nan
4431,45.5263157895,0.3146083164,nan,0.0022429468,26.4918102135,nan,nan,nan,nan,nan,nan,nan
4432,45.5263157895,0.6144803377,nan,0.0000955263,40.1987709710,nan,nan,nan,nan,nan,nan,nan
4433,45.5263157895,0.7826280308,nan,0.0000065601,51.8309046892,nan,nan,nan,nan,nan,nan,nan
4434,45.5263157895,0.5428199169,nan,0.0002451826,36.1051042917,nan,nan,nan,nan,nan,nan,nan
4435,45.5263157895,0.7517926490,nan,0.0000112600,49.4846157435,nan,nan,nan,nan,nan,nan,nan
4436,45.5263157895,0.3566340427,nan,0.0016323343,27.8719089932,nan,nan,nan,nan,nan,nan,nan
4437,45.5263157895,0.4687039209,nan,0.0005737718,32.4126077894,nan,nan,nan,nan,nan,nan,nan
4438,45.5263157895,0.4779201692,nan,0.0005197765,32.8418338448,nan,nan,nan,nan,nan,nan,nan
4439,45.5263157895,0.1719737773,nan,0.0048826730,23.1134235649,nan,nan,nan,nan,nan,nan,nan
4440,45.5263157895,1.0421178919,nan,0.0000000290,75.3795581253,nan,nan,nan,nan,nan,nan,nan
4441,45.5263157895,0.4854558089,nan,0.0004787290,33.1991025141,nan,nan,nan,nan,nan,nan,nan
4442,45.5263157895,0.1469293812,nan,0.0053365255,22.7274141137,nan,nan,nan,nan,nan,nan,nan
4443,45.5263157895,0.5061123518,nan,0.0003795267,34.2075764242,nan,nan,nan,nan,nan,nan,nan
4444,45.5263157895,0.8589302449,nan,0.0000015671,58.0490804347,nan,nan,nan,nan,nan,nan,nan
4445,45.5263157895,0.5964041377,nan,0.0001225307,39.1175504746,nan,nan,nan,nan,nan,nan,nan
4446,45.5263157895,0.6338641564,nan,0.0000725325,41.3946707386,nan,nan,nan,nan,nan,nan,nan
4447,45.5263157895,1.0438566866,nan,0.0000000278,75.5603284547,nan,nan,nan,nan,nan,nan,nan
4448,45.5263157895,0.8198290177,nan,0.0000033196,54.7891698980,nan,nan,nan,nan,nan,nan,nan
4449,45.5263157895,0.5544383205,nan,0.0002121374,36.7338271413,nan,nan,nan,nan,nan,nan,nan
4450,45.5263157895,0.5429928229,nan,0.0002446605,36.1143618027,nan,nan,nan,nan,nan,nan,nan
4451,45.5263157895,0.4612217973,nan,0.0006208131,32.0703912772,nan,nan,nan,nan,nan,nan,nan
4452,45.5263157895,0.3588456783,nan,0.0016034653,27.9494042986,nan,nan,nan,nan,nan,nan,nan
4453,45.5263157895,0.7490625937,nan,0.0000117991,49.2815015487,nan,nan,nan,nan,nan,nan,nan
4454,45.5263157895,0.0726283884,nan,0.0063921482,21.9435316424,nan,nan,nan,nan,nan,nan,nan
4455,45.5263157895,0.8677532966,nan,0.0000013164,58.8060142147,nan,nan,nan,nan,nan,nan,nan
4456,45.5263157895,0.4536115281,nan,0.0006717297,31.7280545238,nan,nan,nan,nan,nan,nan,nan
4457,45.5263157895,0.3664732622,nan,0.0015064650,28.2204095577,nan,nan,nan,nan,nan,nan,nan
4458,45.5263157895,0.6071234582,nan,0.0001058093,39.7547629092,nan,nan,nan,nan,nan,nan,nan
4459,45.5263157895,0.8949248618,nan,0.0000007609,61.1864742014,nan,nan,nan,nan,nan,nan,nan
4460,45.5263157895,0.5418243738,nan,0.0002482070,36.0518604899,nan,nan,nan,nan,nan,nan,nan
4461,45.5263157895,0.3200769109,nan,0.0021570204,26.6614575472,nan,nan,nan,nan,nan,nan,nan
4462,45.5263157895,0.5617078832,nan,0.0001934595,37.1340985105,nan,nan,nan,nan,nan,nan,nan
4463,45.5263157895,0.5005383135,nan,0.0004044605,33.9312388156,nan,nan,nan,nan,nan,nan,nan
4464,45.5263157895,0.5589010982,nan,0.0002004968,36.9789253118,nan,nan,nan,nan,nan,nan,nan
4465,45.5263157895,0.4291518924,nan,0.0008576375,30.6669624854,nan,nan,nan,nan,nan,nan,nan
4466,45.5263157895,0.4864439940,nan,0.0004735464,33.2463742301,nan,nan,nan,nan,nan,nan,nan
4467,45.5263157895,0.4349424465,nan,0.0008104448,30.9127655133,nan,nan,nan,nan,nan,nan,nan
4468,45.5263157895,0.2493919436,nan,0.0033904835,24.6973836876,nan,nan,nan,nan,nan,nan,nan
4469,45.5263157895,0.4912279087,nan,0.0004490965,33.4766033267,nan,nan,nan,nan,nan,nan,nan
4470,45.5263157895,0.5904883205,nan,0.0001327143,38.7708231570,nan,nan,nan,nan,nan,nan,nan
4471,45.5263157895,0.4368840284,nan,0.0007950724,30.9959332676,nan,nan,nan,nan,nan,nan,nan
4472,45.5263157895,0.6217137954,nan,0.0000862853,40.6406301186,nan,nan,nan,nan,nan,nan,nan
4473,45.5263157895,0.9044555637,nan,0.0000006253,62.0391173451,nan,nan,nan,nan,nan,nan,nan
4474,45.5263157895,0.3717233687,nan,0.0014420123,28.4103103957,nan,nan,nan,nan,nan,nan,nan
4475,45.5263157895,0.4018892135,nan,0.0011079841,29.5546648630,nan,nan,nan,nan,nan,nan,nan
4476,45.5263157895,0.3492541693,nan,0.0017310745,27.6168424248,nan,nan,nan,nan,nan,nan,nan
4477,45.5263157895,0.0370365811,nan,0.0066709832,21.7581015468,nan,nan,nan,nan,nan,nan,nan
4478,45.5263157895,0.3807687183,nan,0.0013353868,28.7439291453,nan,nan,nan,nan,nan,nan,nan
4479,45.5263157895,0.6105011880,nan,0.0001009731,39.9579433754,nan,nan,nan,nan,nan,nan,nan
4480,45.5263157895,0.6186488957,nan,0.0000900997,40.4527676245,nan,nan,nan,nan,nan,nan,nan
4481,45.5263157895,0.9042392997,nan,0.0000006281,62.0196679759,nan,nan,nan,nan,nan,nan,nan
4482,45.5263157895,0.5498340299,nan,0.0002247476,36.4830499449,nan,nan,nan,nan,nan,nan,nan
4483,45.5263157895,1.0222693574,nan,0.0000000464,73.3377466770,nan,nan,nan,nan,nan,nan,nan
4484,45.5263157895,0.2744289529,nan,0.0029265729,25.3364064880,nan,nan,nan,nan,nan,nan,nan
4485,45.5263157895,1.0020665038,nan,0.0000000741,71.3004603851,nan,nan,nan,nan,nan,nan,nan
4486,45.5263157895,0.7257281456,nan,0.0000174740,47.5760721225,nan,nan,nan,nan,nan,nan,nan
4487,45.5263157895,0.2577573568,nan,0.0032329655,24.9039892445,nan,nan,nan,nan,nan,nan,nan
4488,45.5263157895,1.0529266489,nan,0.0000000223,76.5082352621,nan,nan,nan,nan,nan,nan,nan
4489,45.5263157895,0.3422195789,nan,0.0018286244,27.3787549415,nan,nan,nan,nan,nan,nan,nan
4490,45.5263157895,1.1546384977,nan,0.0000000017,87.7093217348,nan,nan,nan,nan,nan,nan,nan
4491,45.5263157895,0.2731512299,nan,0.0029496526,25.3022912783,nan,nan,nan,nan,nan,nan,nan
4492,45.5263157895,0.5222126436,nan,0.0003145406,35.0232325003,nan,nan,nan,nan,nan,nan,nan
4493,45.5263157895,0.7762911741,nan,0.0000073436,51.3409032805,nan,nan,nan,nan,nan,nan,nan
4494,45.5263157895,0.4744700617,nan,0.0005394910,32.6801580576,nan,nan,nan,nan,nan,nan,nan
4495,45.5263157895,0.8231211773,nan,0.0000031205,55.0576908981,nan,nan,nan,nan,nan,nan,nan
4496,45.5263157895,0.8301161551,nan,0.0000027341,55.6318587814,nan,nan,nan,nan,nan,nan,nan
4497,45.5263157895,0.7067928859,nan,0.0000238097,46.2324680589,nan,nan,nan,nan,nan,nan,nan
4498,45.5263157895,0.0811224496,nan,0.0063010059,22.0059011520,nan,nan,nan,nan,nan,nan,nan
4499,45.5263157895,0.4753807131,nan,0.0005342301,32.7227165248,nan,nan,nan,nan,nan,nan,nan
4500,45.5263157895,0.5598701882,nan,0.0001980427,37.0324121847,nan,nan,nan,nan,nan,nan,nan
4501,45.5263157895,0.7150094272,nan,0.0000208398,46.8110618205,nan,nan,nan,nan,nan,nan,nan
4502,45.5263157895,0.0759436334,nan,0.0063576391,21.9670412567,nan,nan,nan,nan,nan,nan,nan
4503,45.5263157895,0.5717664261,nan,0.0001699544,37.6966748391,nan,nan,nan,nan,nan,nan,nan
4504,45.5263157895,1.2732952754,nan,0.0000000001,102.1033074107,nan,nan,nan,nan,nan,nan,nan
4505,45.5263157895,0.5815322227,nan,0.0001495344,38.2525885484,nan,nan,nan,nan,nan,nan,nan
4506,45.5263157895,0.6251146391,nan,0.0000822207,40.8501886981,nan,nan,nan,nan,nan,nan,nan
4507,45.5263157895,0.5811135780,nan,0.0001503640,38.2285610679,nan,nan,nan,nan,nan,nan,nan
4508,45.5263157895,0.2796168271,nan,0.0028336191,25.4765852571,nan,nan,nan,nan,nan,nan,nan
4509,45.5263157895,0.1278237253,nan,0.0056567559,22.4743256305,nan,nan,nan,nan,nan,nan,nan
4510,45.5263157895,0.3319368198,nan,0.0019771568,27.0395889799,nan,nan,nan,nan,nan,nan,nan
4511,45.5263157895,0.4338583200,nan,0.0008191264,30.8664907016,nan,nan,nan,nan,nan,nan,nan
4512,45.5263157895,0.2452166828,nan,0.0034698796,24.5968559596,nan,nan,nan,nan,nan,nan,nan
4513,45.5263157895,0.7797006443,nan,0.0000069119,51.6040395276,nan,nan,nan,nan,nan,nan,nan
4514,45.5263157895,0.4117332013,nan,0.0010121067,29.9477370049,nan,nan,nan,nan,nan,nan,nan
4515,45.5263157895,0.6283319015,nan,0.0000785325,41.0495046222,nan,nan,nan,nan,nan,nan,nan
4516,45.5263157895,0.8173595615,nan,0.0000034766,54.5884695912,nan,nan,nan,nan,nan,nan,nan
4517,45.5263157895,0.3300576633,nan,0.0020050521,26.9787433211,nan,nan,nan,nan,nan,nan,nan
4518,45.5263157895,0.4016577173,nan,0.0011103151,29.5455375129,nan,nan,nan,nan,nan,nan,nan
4519,45.5263157895,0.3388662431,nan,0.0018762931,27.2669931745,nan,nan,nan,nan,nan,nan,nan
4520,45.5263157895,0.4097570891,nan,0.0010308477,29.8680549444,nan,nan,nan,nan,nan,nan,nan
4521,45.5263157895,0.6592002235,nan,0.0000499490,43.0147291530,nan,nan,nan,nan,nan,nan,nan
4522,45.5263157895,0.9131444557,nan,0.0000005219,62.8244501577,nan,nan,nan,nan,nan,nan,nan
4523,45.5263157895,0.3627261849,nan,0.0015536195,28.0865533519,nan,nan,nan,nan,nan,nan,nan
4524,45.5263157895,0.4312815015,nan,0.0008400453,30.7569729227,nan,nan,nan,nan,nan,nan,nan
4525,45.5263157895,0.0645698689,nan,0.0064701913,21.8908287808,nan,nan,nan,nan,nan,nan,nan
4526,45.5263157895,0.3347601228,nan,0.0019356795,27.1316654272,nan,nan,nan,nan,nan,nan,nan
4527,45.5263157895,0.4479828642,nan,0.0007114459,31.4785810310,nan,nan,nan,nan,nan,nan,nan
4528,45.5263157895,0.6277982855,nan,0.0000791339,41.0163740880,nan,nan,nan,nan,nan,nan,nan
4529,45.5263157895,0.6440251095,nan,0.0000625656,42.0366406927,nan,nan,nan,nan,nan,nan,nan
4530,45.5263157895,0.5272147727,nan,0.0002963513,35.2819312603,nan,nan,nan,nan,nan,nan,nan
4531,45.5263157895,0.3650351941,nan,0.0015244485,28.1688723606,nan,nan,nan,nan,nan,nan,nan
4532,45.5263157895,0.8034231408,nan,0.0000045005,53.4673484336,nan,nan,nan,nan,nan,nan,nan
4533,45.5263157895,0.1969220538,nan,0.0044062677,23.5592912315,nan,nan,nan,nan,nan,nan,nan
4534,45.5263157895,0.2847173171,nan,0.0027434659,25.6170043474,nan,nan,nan,nan,nan,nan,nan
4535,45.5263157895,0.2733032785,nan,0.0029469024,25.3063424935,nan,nan,nan,nan,nan,nan,nan
4536,45.5263157895,0.4227019284,nan,0.0009126180,30.3971096857,nan,nan,nan,nan,nan,nan,nan
4537,45.5263157895,0.5789774337,nan,0.0001546595,38.1062340904,nan,nan,nan,nan,nan,nan,nan
4538,45.5263157895,0.4776974383,nan,0.0005210315,32.8313604823,nan,nan,nan,nan,nan,nan,nan
4539,45.5263157895,0.8211124439,nan,0.0000032406,54.8937209143,nan,nan,nan,nan,nan,nan,nan
4540,45.5263157895,0.7510506543,nan,0.0000114042,49.4293375366,nan,nan,nan,nan,nan,nan,nan
4541,45.5263157895,0.2673657840,nan,0.0030550304,25.1498446967,nan,nan,nan,nan,nan,nan,nan
4542,45.5263157895,0.5417508599,nan,0.0002484315,36.0479327468,nan,nan,nan,nan,nan,nan,nan
4543,45.5263157895,0.5109572106,nan,0.0003588979,34.4502912049,nan,nan,nan,nan,nan,nan,nan
4544,45.5263157895,0.6850057226,nan,0.0000336422,44.7311551100,nan,nan,nan,nan,nan,nan,nan
4545,45.5263157895,0.4938755402,nan,0.0004360129,33.6050068173,nan,nan,nan,nan,nan,nan,nan
4546,45.5263157895,0.5551720816,nan,0.0002101847,36.7739885122,nan,nan,nan,nan,nan,nan,nan
4547,45.5263157895,0.7262398659,nan,0.0000173265,47.6128836919,nan,nan,nan,nan,nan,nan,nan
4548,45.5263157895,0.5673882969,nan,0.0001798640,37.4505579378,nan,nan,nan,nan,nan,nan,nan
4549,45.5263157895,1.0983469929,nan,0.0000000073,81.3805522996,nan,nan,nan,nan,nan,nan,nan
4550,45.5263157895,0.5724623117,nan,0.0001684236,37.7359712068,nan,nan,nan,nan,nan,nan,nan
4551,45.5263157895,0.4063139867,nan,0.0010641061,29.7301507659,nan,nan,nan,nan,nan,nan,nan
4552,45.5263157895,0.1881753813,nan,0.0045750989,23.3959951418,nan,nan,nan,nan,nan,nan,nan
4553,45.5263157895,0.4906332934,nan,0.0004520784,33.4478624363,nan,nan,nan,nan,nan,nan,nan
4554,45.5263157895,0.3756296238,nan,0.0013952806,28.5533843870,nan,nan,nan,nan,nan,nan,nan
4555,45.5263157895,0.3385385911,nan,0.0018809909,27.2561329976,nan,nan,nan,nan,nan,nan,nan
4556,45.5263157895,0.7786030817,nan,0.0000070482,51.5192038727,nan,nan,nan,nan,nan,nan,nan
4557,45.5263157895,0.6832935996,nan,0.0000345525,44.6152002620,nan,nan,nan,nan,nan,nan,nan
4558,45.5263157895,0.3275859739,nan,0.0020420922,26.8992464703,nan,nan,nan,nan,nan,nan,nan
4559,45.5263157895,0.8037444895,nan,0.0000044741,53.4929787618,nan,nan,nan,nan,nan,nan,nan
4560,45.5263157895,0.5668373373,nan,0.0001811456,37.4197218986,nan,nan,nan,nan,nan,nan,nan
4561,45.5263157895,0.9746201557,nan,0.0000001381,68.5989291789,nan,nan,nan,nan,nan,nan,nan
4562,45.5263157895,1.1842131895,nan,0.0000000008,91.1631936073,nan,nan,nan,nan,nan,nan,nan
4563,45.5263157895,0.5010003737,nan,0.0004023437,33.9540276069,nan,nan,nan,nan,nan,nan,nan
4564,45.5263157895,0.5540127978,nan,0.0002132769,36.7105614875,nan,nan,nan,nan,nan,nan,nan
4565,45.5263157895,0.0666881836,nan,0.0064504898,21.9040730604,nan,nan,nan,nan,nan,nan,nan
4566,45.5263157895,0.1490986671,nan,0.0052985707,22.7584126947,nan,nan,nan,nan,nan,nan,nan
4567,45.5263157895,0.8846027241,nan,0.0000009390,60.2733813308,nan,nan,nan,nan,nan,nan,nan
4568,45.5263157895,0.7825121334,nan,0.0000065737,51.8219065049,nan,nan,nan,nan,nan,nan,nan
4569,45.5263157895,0.4835466635,nan,0.0004888716,33.1080516228,nan,nan,nan,nan,nan,nan,nan
4570,45.5263157895,0.2201743760,nan,0.0039535840,24.0300902518,nan,nan,nan,nan,nan,nan,nan
4571,45.5263157895,0.3593861068,nan,0.0015964617,27.9684148497,nan,nan,nan,nan,nan,nan,nan
4572,45.5263157895,0.3843944378,nan,0.0012942122,28.8799451267,nan,nan,nan,nan,nan,nan,nan
4573,45.5263157895,0.4743205809,nan,0.0005403585,32.6731801363,nan,nan,nan,nan,nan,nan,nan
4574,45.5263157895,0.8645675607,nan,0.0000014022,58.5318015211,nan,nan,nan,nan,nan,nan,nan
4575,45.5263157895,0.7508405031,nan,0.0000114454,49.4136914680,nan,nan,nan,nan,nan,nan,nan
4576,45.5263157895,0.7635184689,nan,0.0000091927,50.3655495236,nan,nan,nan,nan,nan,nan,nan
4577,45.5263157895,0.4511228039,nan,0.0006890712,31.6173589130,nan,nan,nan,nan,nan,nan,nan
4578,45.5263157895,0.7875169530,nan,0.0000060094,52.2117106252,nan,nan,nan,nan,nan,nan,nan
4579,45.5263157895,0.2903208406,nan,0.0026459116,25.7742466320,nan,nan,nan,nan,nan,nan,nan
4580,45.5263157895,0.2123124197,nan,0.0041068272,23.8649357493,nan,nan,nan,nan,nan,nan,nan
4581,45.5263157895,0.4065529550,nan,0.0010617729,29.7396838043,nan,nan,nan,nan,nan,nan,nan
4582,45.5263157895,0.9762252054,nan,0.0000001332,68.7548144783,nan,nan,nan,nan,nan,nan,nan
4583,45.5263157895,0.1287708370,nan,0.0056415321,22.4860293711,nan,nan,nan,nan,nan,nan,nan
4584,45.5263157895,0.7228548821,nan,0.0000183237,47.3698682021,nan,nan,nan,nan,nan,nan,nan
4585,45.5263157895,0.3104298674,nan,0.0023098362,26.3641881733,nan,nan,nan,nan,nan,nan,nan
4586,45.5263157895,0.2738247208,nan,0.0029374783,25.3202533220,nan,nan,nan,nan,nan,nan,nan
4587,45.5263157895,0.7609084521,nan,0.0000096200,50.1682660525,nan,nan,nan,nan,nan,nan,nan
4588,45.5263157895,0.3124375529,nan,0.0022775649,26.4252923015,nan,nan,nan,nan,nan,nan,nan
4589,45.5263157895,0.4595849084,nan,0.0006314995,31.9962695720,nan,nan,nan,nan,nan,nan,nan
4590,45.5263157895,0.9984772102,nan,0.0000000805,70.9428339090,nan,nan,nan,nan,nan,nan,nan
4591,45.5263157895,0.1098066221,nan,0.0059314469,22.2683935153,nan,nan,nan,nan,nan,nan,nan
4592,45.5263157895,0.2551607630,nan,0.0032816192,24.8391181935,nan,nan,nan,nan,nan,nan,nan
4593,45.5263157895,0.3762616707,nan,0.0013878173,28.5766771844,nan,nan,nan,nan,nan,nan,nan
4594,45.5263157895,0.5434472239,nan,0.0002432929,36.1387050413,nan,nan,nan,nan,nan,nan,nan
4595,45.5263157895,0.1211540982,nan,0.0057618336,22.3943928501,nan,nan,nan,nan,nan,nan,nan
4596,45.5263157895,0.4902684664,nan,0.0004539159,33.4302459395,nan,nan,nan,nan,nan,nan,nan
4597,45.5263157895,0.3065558914,nan,0.0023727857,26.2474147716,nan,nan,nan,nan,nan,nan,nan
4598,45.5263157895,0.4927154114,nan,0.0004417070,33.5486571308,nan,nan,nan,nan,nan,nan,nan
4599,45.5263157895,0.5472477443,nan,0.0002321070,36.3431175886,nan,nan,nan,nan,nan,nan,nan
4600,45.5263157895,1.3588241919,nan,0.0000000000,113.3660087750,nan,nan,nan,nan,nan,nan,nan
4601,45.5263157895,0.6997295216,nan,0.0000266654,45.7405112979,nan,nan,nan,nan,nan,nan,nan
4602,45.5263157895,0.7032370265,nan,0.0000252105,45.9841780438,nan,nan,nan,nan,nan,nan,nan
4603,45.5263157895,0.2414785838,nan,0.0035413454,24.5083171175,nan,nan,nan,nan,nan,nan,nan
4604,45.5263157895,0.7389739019,nan,0.0000140042,48.5374250967,nan,nan,nan,nan,nan,nan,nan
4605,45.5263157895,0.5381305487,nan,0.0002597063,35.8551747875,nan,nan,nan,nan,nan,nan,nan
4606,45.5263157895,0.6424129726,nan,0.0000640606,41.9340931710,nan,nan,nan,nan,nan,nan,nan
4607,45.5263157895,0.1276398928,nan,0.0056597023,22.4720641344,nan,nan,nan,nan,nan,nan,nan
4608,45.5263157895,0.5837120013,nan,0.0001452788,38.3779778336,nan,nan,nan,nan,nan,nan,nan
4609,45.5263157895,0.4775561210,nan,0.0005218290,32.8247179686,nan,nan,nan,nan,nan,nan,nan
4610,45.5263157895,0.8035856667,nan,0.0000044871,53.4803099774,nan,nan,nan,nan,nan,nan,nan
4611,45.5263157895,0.8139745679,nan,0.0000037031,54.3143605775,nan,nan,nan,nan,nan,nan,nan
4612,45.5263157895,0.4698326216,nan,0.0005669284,32.4647180515,nan,nan,nan,nan,nan,nan,nan
4613,45.5263157895,0.2768860238,nan,0.0028823950,25.4024650980,nan,nan,nan,nan,nan,nan,nan
4614,45.5263157895,0.6549678478,nan,0.0000532156,42.7396098451,nan,nan,nan,nan,nan,nan,nan
4615,45.5263157895,0.1790210465,nan,0.0047498954,23.2331595470,nan,nan,nan,nan,nan,nan,nan
4616,45.5263157895,0.7246105513,nan,0.0000178001,47.4957675482,nan,nan,nan,nan,nan,nan,nan
4617,45.5263157895,0.6042266767,nan,0.0001101178,39.5814254946,nan,nan,nan,nan,nan,nan,nan
4618,45.5263157895,1.1726643987,nan,0.0000000010,89.8039063079,nan,nan,nan,nan,nan,nan,nan
4619,45.5263157895,0.8656919728,nan,0.0000013714,58.6284684110,nan,nan,nan,nan,nan,nan,nan
4620,45.5263157895,0.9778712755,nan,0.0000001284,68.9149545415,nan,nan,nan,nan,nan,nan,nan
4621,45.5263157895,0.5250973913,nan,0.0003039402,35.1721191555,nan,nan,nan,nan,nan,nan,nan
4622,45.5263157895,0.6169237209,nan,0.0000923116,40.3474383770,nan,nan,nan,nan,nan,nan,nan
4623,45.5263157895,0.7579298711,nan,0.0000101299,49.9439627576,nan,nan,nan,nan,nan,nan,nan
4624,45.5263157895,0.4012075784,nan,0.0011148579,29.5278049005,nan,nan,nan,nan,nan,nan,nan
4625,45.5263157895,0.2336193775,nan,0.0036926020,24.3266749747,nan,nan,nan,nan,nan,nan,nan
4626,45.5263157895,0.3362323859,nan,0.0019142582,27.1799948198,nan,nan,nan,nan,nan,nan,nan
4627,45.5263157895,0.7788922685,nan,0.0000070121,51.5415446601,nan,nan,nan,nan,nan,nan,nan
4628,45.5263157895,0.6878918411,nan,0.0000321567,44.9272873379,nan,nan,nan,nan,nan,nan,nan
4629,45.5263157895,0.2040754715,nan,0.0042673197,23.6984481793,nan,nan,nan,nan,nan,nan,nan
4630,45.5263157895,0.6793382933,nan,0.0000367413,44.3484517535,nan,nan,nan,nan,nan,nan,nan
4631,45.5263157895,0.4095070049,nan,0.0010332374,29.8579986642,nan,nan,nan,nan,nan,nan,nan
4632,45.5263157895,0.5331380562,nan,0.0002759617,35.5915117493,nan,nan,nan,nan,nan,nan,nan
4633,45.5263157895,1.1440451943,nan,0.0000000022,86.4937778500,nan,nan,nan,nan,nan,nan,nan
4634,45.5263157895,0.5009921882,nan,0.0004023812,33.9536237120,nan,nan,nan,nan,nan,nan,nan
4635,45.5263157895,0.1226685073,nan,0.0057383092,22.4121605149,nan,nan,nan,nan,nan,nan,nan
4636,45.5263157895,0.2534382744,nan,0.0033140165,24.7964533047,nan,nan,nan,nan,nan,nan,nan
4637,45.5263157895,0.8306265917,nan,0.0000027077,55.6739502209,nan,nan,nan,nan,nan,nan,nan
4638,45.5263157895,0.3616422009,nan,0.0015674399,28.0480911088,nan,nan,nan,nan,nan,nan,nan
4639,45.5263157895,0.2241321695,nan,0.0038765549,24.1155406554,nan,nan,nan,nan,nan,nan,nan
4640,45.5263157895,0.7428960016,nan,0.0000131055,48.8254753541,nan,nan,nan,nan,nan,nan,nan
4641,45.5263157895,0.3138609097,nan,0.0022548337,26.4688548634,nan,nan,nan,nan,nan,nan,nan
4642,45.5263157895,0.2489274034,nan,0.0033992933,24.6861136669,nan,nan,nan,nan,nan,nan,nan
4643,45.5263157895,1.3879752587,nan,0.0000000000,117.3747441213,nan,nan,nan,nan,nan,nan,nan
4644,45.5263157895,0.0403123205,nan,0.0066526294,21.7700667066,nan,nan,nan,nan,nan,nan,nan
4645,45.5263157895,0.9856122090,nan,0.0000001079,69.6717183124,nan,nan,nan,nan,nan,nan,nan
4646,45.5263157895,0.8212570221,nan,0.0000032318,54.9055090230,nan,nan,nan,nan,nan,nan,nan
4647,45.5263157895,0.5800384891,nan,0.0001525127,38.1669385302,nan,nan,nan,nan,nan,nan,nan
4648,45.5263157895,0.6408522444,nan,0.0000655381,41.8350646058,nan,nan,nan,nan,nan,nan,nan
4649,45.5263157895,1.1674222176,nan,0.0000000012,89.1913714233,nan,nan,nan,nan,nan,nan,nan
4650,45.5263157895,0.9677080164,nan,0.0000001610,67.9305885911,nan,nan,nan,nan,nan,nan,nan
4651,45.5263157895,0.3280891831,nan,0.0020345193,26.9153819315,nan,nan,nan,nan,nan,nan,nan
4652,45.5263157895,0.1487642723,nan,0.0053044405,22.7536041679,nan,nan,nan,nan,nan,nan,nan
4653,45.5263157895,0.5237075291,nan,0.0003090095,35.1002819762,nan,nan,nan,nan,nan,nan,nan
4654,45.5263157895,0.0765170889,nan,0.0063515306,21.9712160364,nan,nan,nan,nan,nan,nan,nan
4655,45.5263157895,0.7414172600,nan,0.0000134379,48.7166903259,nan,nan,nan,nan,nan,nan,nan
4656,45.5263157895,0.8110930198,nan,0.0000039067,54.0819304113,nan,nan,nan,nan,nan,nan,nan
4657,45.5263157895,1.1222751577,nan,0.0000000040,84.0314845614,nan,nan,nan,nan,nan,nan,nan
4658,45.5263157895,0.1826973453,nan,0.0046799786,23.2975613527,nan,nan,nan,nan,nan,nan,nan
4659,45.5263157895,0.6314276530,nan,0.0000751229,41.2422744943,nan,nan,nan,nan,nan,nan,nan
4660,45.5263157895,0.4793064511,nan,0.0005120199,32.9071318249,nan,nan,nan,nan,nan,nan,nan
4661,45.5263157895,0.3505119568,nan,0.0017139844,27.6599314655,nan,nan,nan,nan,nan,nan,nan
4662,45.5263157895,0.0793220690,nan,0.0063210665,21.9920964187,nan,nan,nan,nan,nan,nan,nan
4663,45.5263157895,0.5596651974,nan,0.0001985596,37.0210902962,nan,nan,nan,nan,nan,nan,nan
4664,45.5263157895,0.4463979379,nan,0.0007229520,31.4089051757,nan,nan,nan,nan,nan,nan,nan
4665,45.5263157895,0.4729502119,nan,0.0005483636,32.6093139772,nan,nan,nan,nan,nan,nan,nan
4666,45.5263157895,0.3748902602,nan,0.0014040458,28.5261871584,nan,nan,nan,nan,nan,nan,nan
4667,45.5263157895,0.2260170128,nan,0.0038399192,24.1567791486,nan,nan,nan,nan,nan,nan,nan
4668,45.5263157895,0.3885631590,nan,0.0012479723,29.0379506447,nan,nan,nan,nan,nan,nan,nan
4669,45.5263157895,0.5936502819,nan,0.0001271830,38.9557093624,nan,nan,nan,nan,nan,nan,nan
4670,45.5263157895,0.5327593289,nan,0.0002772291,35.5716123617,nan,nan,nan,nan,nan,nan,nan
4671,45.5263157895,0.7810513034,nan,0.0000067474,51.7086048732,nan,nan,nan,nan,nan,nan,nan
4672,45.5263157895,0.8406574421,nan,0.0000022354,56.5064469926,nan,nan,nan,nan,nan,nan,nan
4673,45.5263157895,0.6693012972,nan,0.0000428685,43.6786138992,nan,nan,nan,nan,nan,nan,nan
4674,45.5263157895,1.1483758434,nan,0.0000000020,86.9893284282,nan,nan,nan,nan,nan,nan,nan
4675,45.5263157895,0.4019788253,nan,0.0011070827,29.5581994769,nan,nan,nan,nan,nan,nan,nan
4676,45.5263157895,0.6029930883,nan,0.0001119988,39.5078659136,nan,nan,nan,nan,nan,nan,nan
4677,45.5263157895,0.2603065329,nan,0.0031854258,24.9683250854,nan,nan,nan,nan,nan,nan,nan
4678,45.5263157895,0.1064811984,nan,0.0059788106,22.2338520504,nan,nan,nan,nan,nan,nan,nan
4679,45.5263157895,0.9201130492,nan,0.0000004508,63.4598112050,nan,nan,nan,nan,nan,nan,nan
4680,45.5263157895,0.5199512713,nan,0.0003230649,34.9071021439,nan,nan,nan,nan,nan,nan,nan
4681,45.5263157895,1.0418696720,nan,0.0000000291,75.3537774152,nan,nan,nan,nan,nan,nan,nan
4682,45.5263157895,0.3942832008,nan,0.0011864311,29.2575746766,nan,nan,nan,nan,nan,nan,nan
4683,45.5263157895,0.4192457659,nan,0.0009431440,30.2542200800,nan,nan,nan,nan,nan,nan,nan
4684,45.5263157895,0.5826262717,nan,0.0001473851,38.3154628727,nan,nan,nan,nan,nan,nan,nan
4685,45.5263157895,0.1204795019,nan,0.0057722477,22.3865504262,nan,nan,nan,nan,nan,nan,nan
4686,45.5263157895,0.8757526155,nan,0.0000011223,59.4990755143,nan,nan,nan,nan,nan,nan,nan
4687,45.5263157895,0.2080276251,nan,0.0041903522,23.7774947801,nan,nan,nan,nan,nan,nan,nan
4688,45.5263157895,0.4973833589,nan,0.0004191594,33.7762076858,nan,nan,nan,nan,nan,nan,nan
4689,45.5263157895,0.1282831101,nan,0.0056493809,22.4799914180,nan,nan,nan,nan,nan,nan,nan
4690,45.5263157895,0.5129979498,nan,0.0003504911,34.5532304131,nan,nan,nan,nan,nan,nan,nan
4691,45.5263157895,0.2564836070,nan,0.0032568042,24.8720835675,nan,nan,nan,nan,nan,nan,nan
4692,45.5263157895,0.1744149813,nan,0.0048368794,23.1543474304,nan,nan,nan,nan,nan,nan,nan
4693,45.5263157895,0.4077053355,nan,0.0010505736,29.7857350912,nan,nan,nan,nan,nan,nan,nan
4694,45.5263157895,0.2865952533,nan,0.0027105943,25.6693547221,nan,nan,nan,nan,nan,nan,nan
4695,45.5263157895,0.5516427765,nan,0.0002197196,36.5813116239,nan,nan,nan,nan,nan,nan,nan
4696,45.5263157895,0.2785347555,nan,0.0028529050,25.4471269584,nan,nan,nan,nan,nan,nan,nan
4697,45.5263157895,0.1925531909,nan,0.0044907778,23.4767842982,nan,nan,nan,nan,nan,nan,nan
4698,45.5263157895,0.3240308289,nan,0.0020960578,26.7859674208,nan,nan,nan,nan,nan,nan,nan
4699,45.5263157895,0.8209572698,nan,0.0000032501,54.8810712230,nan,nan,nan,nan,nan,nan,nan
4700,45.5263157895,0.2226704353,nan,0.0039049898,24.0838010075,nan,nan,nan,nan,nan,nan,nan
4701,45.5263157895,0.7320682214,nan,0.0000157253,48.0340183363,nan,nan,nan,nan,nan,nan,nan
4702,45.5263157895,0.7422487461,nan,0.0000132500,48.7778322828,nan,nan,nan,nan,nan,nan,nan
4703,45.5263157895,0.4627076955,nan,0.0006112364,32.1379077336,nan,nan,nan,nan,nan,nan,nan
4704,45.5263157895,0.7344186866,nan,0.0000151188,48.2048220851,nan,nan,nan,nan,nan,nan,nan
4705,45.5263157895,1.4659907561,nan,0.0000000000,128.5286879409,nan,nan,nan,nan,nan,nan,nan
4706,45.5263157895,0.7564588239,nan,0.0000103908,49.8335147728,nan,nan,nan,nan,nan,nan,nan
4707,45.5263157895,0.9272896834,nan,0.0000003873,64.1192720382,nan,nan,nan,nan,nan,nan,nan
4708,45.5263157895,0.5804050280,nan,0.0001517772,38.1879349794,nan,nan,nan,nan,nan,nan,nan
4709,45.5263157895,0.3098883118,nan,0.0023185825,26.3477744288,nan,nan,nan,nan,nan,nan,nan
4710,45.5263157895,0.4482140058,nan,0.0007097798,31.4887633468,nan,nan,nan,nan,nan,nan,nan
4711,45.5263157895,0.2674045010,nan,0.0030543205,25.1508538667,nan,nan,nan,nan,nan,nan,nan
4712,45.5263157895,0.6650657240,nan,0.0000457195,43.3989851364,nan,nan,nan,nan,nan,nan,nan
4713,45.5263157895,0.4938287600,nan,0.0004362413,33.6027320034,nan,nan,nan,nan,nan,nan,nan
4714,45.5263157895,0.6846963972,nan,0.0000338051,44.7101839756,nan,nan,nan,nan,nan,nan,nan
4715,45.5263157895,0.1635025845,nan,0.0050396924,22.9759597227,nan,nan,nan,nan,nan,nan,nan
4716,45.5263157895,0.3855300642,nan,0.0012814992,28.9228166956,nan,nan,nan,nan,nan,nan,nan
4717,45.5263157895,1.0655020174,nan,0.0000000165,77.8362845106,nan,nan,nan,nan,nan,nan,nan
4718,45.5263157895,0.1171030894,nan,0.0058237575,22.3479671398,nan,nan,nan,nan,nan,nan,nan
4719,45.5263157895,0.4252213355,nan,0.0008908361,30.5020220145,nan,nan,nan,nan,nan,nan,nan
4720,45.5263157895,0.2186711140,nan,0.0039828691,23.9980396186,nan,nan,nan,nan,nan,nan,nan
4721,45.5263157895,0.8372110494,nan,0.0000023882,56.2192729881,nan,nan,nan,nan,nan,nan,nan
4722,45.5263157895,0.1855774532,nan,0.0046249336,23.3489450120,nan,nan,nan,nan,nan,nan,nan
4723,45.5263157895,0.5796149114,nan,0.0001533666,38.1426915234,nan,nan,nan,nan,nan,nan,nan
4724,45.5263157895,0.3042417803,nan,0.0024108093,26.1783714374,nan,nan,nan,nan,nan,nan,nan
4725,45.5263157895,0.1569142734,nan,0.0051594977,22.8739257609,nan,nan,nan,nan,nan,nan,nan
4726,45.5263157895,0.2474742810,nan,0.0034268903,24.6509979419,nan,nan,nan,nan,nan,nan,nan
4727,45.5263157895,0.4644719686,nan,0.0006000177,32.2183596624,nan,nan,nan,nan,nan,nan,nan
4728,45.5263157895,0.3386779195,nan,0.0018789924,27.2607497963,nan,nan,nan,nan,nan,nan,nan
4729,45.5263157895,1.1126726569,nan,0.0000000051,82.9606758451,nan,nan,nan,nan,nan,nan,nan
4730,45.5263157895,0.9494210425,nan,0.0000002407,66.1857180097,nan,nan,nan,nan,nan,nan,nan
4731,45.5263157895,1.3482912020,nan,0.0000000000,111.9388218274,nan,nan,nan,nan,nan,nan,nan
4732,45.5263157895,0.2074193111,nan,0.0042022050,23.7652276154,nan,nan,nan,nan,nan,nan,nan
4733,45.5263157895,1.0634573337,nan,0.0000000173,77.6192602352,nan,nan,nan,nan,nan,nan,nan
4734,45.5263157895,0.7722684251,nan,0.0000078851,51.0319425386,nan,nan,nan,nan,nan,nan,nan
4735,45.5263157895,0.6239886782,nan,0.0000835472,40.7806787893,nan,nan,nan,nan,nan,nan,nan
4736,45.5263157895,0.6000082960,nan,0.0001166672,39.3305131448,nan,nan,nan,nan,nan,nan,nan
4737,45.5263157895,0.8256368343,nan,0.0000029760,55.2636146315,nan,nan,nan,nan,nan,nan,nan
4738,45.5263157895,0.1595721663,nan,0.0051114302,22.9145756842,nan,nan,nan,nan,nan,nan,nan
4739,45.5263157895,0.7225390514,nan,0.0000184194,47.3472528694,nan,nan,nan,nan,nan,nan,nan
4740,45.5263157895,0.8323606151,nan,0.0000026199,55.8171370187,nan,nan,nan,nan,nan,nan,nan
4741,45.5263157895,0.2663618470,nan,0.0030734570,25.1237286390,nan,nan,nan,nan,nan,nan,nan
4742,45.5263157895,0.5624457683,nan,0.0001916451,37.1750236694,nan,nan,nan,nan,nan,nan,nan
4743,45.5263157895,1.2137958838,nan,0.0000000003,94.7068319147,nan,nan,nan,nan,nan,nan,nan
4744,45.5263157895,0.5807096360,nan,0.0001511683,38.2053940942,nan,nan,nan,nan,nan,nan,nan
4745,45.5263157895,0.2460075459,nan,0.0034548046,24.6157651440,nan,nan,nan,nan,nan,nan,nan
4746,45.5263157895,0.6169809178,nan,0.0000922375,40.3509256993,nan,nan,nan,nan,nan,nan,nan
4747,45.5263157895,0.8862053643,nan,0.0000009090,60.4144443401,nan,nan,nan,nan,nan,nan,nan
4748,45.5263157895,0.6457683328,nan,0.0000609843,42.1478205323,nan,nan,nan,nan,nan,nan,nan
4749,45.5263157895,0.0854804418,nan,0.0062508332,22.0406208694,nan,nan,nan,nan,nan,nan,nan
4750,45.5263157895,0.3091388987,nan,0.0023307147,26.3251088753,nan,nan,nan,nan,nan,nan,nan
4751,45.5263157895,0.3751068256,nan,0.0014014746,28.5341477993,nan,nan,nan,nan,nan,nan,nan
4752,45.5263157895,0.7226208917,nan,0.0000183945,47.3531121491,nan,nan,nan,nan,nan,nan,nan
4753,45.5263157895,0.2328963667,nan,0.0037065755,24.3102714964,nan,nan,nan,nan,nan,nan,nan
4754,45.5263157895,0.3853041482,nan,0.0012840213,28.9142777915,nan,nan,nan,nan,nan,nan,nan
4755,45.5263157895,0.3468294264,nan,0.0017643225,27.5342203168,nan,nan,nan,nan,nan,nan,nan
4756,45.5263157895,1.0439541228,nan,0.0000000277,75.5704672825,nan,nan,nan,nan,nan,nan,nan
4757,45.5263157895,0.9723147723,nan,0.0000001454,68.3754823593,nan,nan,nan,nan,nan,nan,nan
4758,45.5263157895,0.7522588837,nan,0.0000111702,49.5193783622,nan,nan,nan,nan,nan,nan,nan
4759,45.5263157895,0.1991677231,nan,0.0043627132,23.6024333217,nan,nan,nan,nan,nan,nan,nan
4760,45.5263157895,0.5504476469,nan,0.0002230310,36.5163484430,nan,nan,nan,nan,nan,nan,nan
4761,45.5263157895,0.4917292063,nan,0.0004465950,33.5008611653,nan,nan,nan,nan,nan,nan,nan
4762,45.5263157895,1.7204406503,nan,0.0000000000,169.2194290810,nan,nan,nan,nan,nan,nan,nan
4763,45.5263157895,0.6846631722,nan,0.0000338226,44.7079320162,nan,nan,nan,nan,nan,nan,nan
4764,45.5263157895,1.1648432068,nan,0.0000000013,88.8910445303,nan,nan,nan,nan,nan,nan,nan
4765,45.5263157895,0.1265082136,nan,0.0056777790,22.4582151421,nan,nan,nan,nan,nan,nan,nan
4766,45.5263157895,0.1550923653,nan,0.0051922282,22.8464622495,nan,nan,nan,nan,nan,nan,nan
4767,45.5263157895,0.4440614692,nan,0.0007401763,31.3066480418,nan,nan,nan,nan,nan,nan,nan
4768,45.5263157895,0.1458283804,nan,0.0053556752,22.7118577096,nan,nan,nan,nan,nan,nan,nan
4769,45.5263157895,0.1562188068,nan,0.0051720131,22.8634038026,nan,nan,nan,nan,nan,nan,nan
4770,45.5263157895,0.1181786742,nan,0.0058074607,22.3601371982,nan,nan,nan,nan,nan,nan,nan
4771,45.5263157895,0.3629853854,nan,0.0015503267,28.0957677152,nan,nan,nan,nan,nan,nan,nan
4772,45.5263157895,0.9678016995,nan,0.0000001607,67.9396145722,nan,nan,nan,nan,nan,nan,nan
4773,45.5263157895,0.6203324069,nan,0.0000879865,40.5558413497,nan,nan,nan,nan,nan,nan,nan
4774,45.5263157895,0.4226654120,nan,0.0009129366,30.3955937398,nan,nan,nan,nan,nan,nan,nan
4775,45.5263157895,0.2487813494,nan,0.0034020644,24.6825747226,nan,nan,nan,nan,nan,nan,nan
4776,45.5263157895,0.4933329595,nan,0.0004386685,33.5786358614,nan,nan,nan,nan,nan,nan,nan
4777,45.5263157895,0.4031002071,nan,0.0010958475,29.6024985995,nan,nan,nan,nan,nan,nan,nan
4778,45.5263157895,0.2987801827,nan,0.0025017687,26.0175284842,nan,nan,nan,nan,nan,nan,nan
4779,45.5263157895,0.4957367080,nan,0.0004270032,33.6956886915,nan,nan,nan,nan,nan,nan,nan
4780,45.5263157895,0.4942160825,nan,0.0004343529,33.6215731828,nan,nan,nan,nan,nan,nan,nan
4781,45.5263157895,0.5262385727,nan,0.0002998301,35.2312475557,nan,nan,nan,nan,nan,nan,nan
4782,45.5263157895,0.3894824527,nan,0.0012379333,29.0730274217,nan,nan,nan,nan,nan,nan,nan
4783,45.5263157895,1.0102374972,nan,0.0000000614,72.1194582236,nan,nan,nan,nan,nan,nan,nan
4784,45.5263157895,0.2560318043,nan,0.0032652729,24.8608051294,nan,nan,nan,nan,nan,nan,nan
4785,45.5263157895,0.1702305048,nan,0.0049152335,23.0845584629,nan,nan,nan,nan,nan,nan,nan
4786,45.5263157895,0.1915779166,nan,0.0045095968,23.4586228663,nan,nan,nan,nan,nan,nan,nan
4787,45.5263157895,0.2758890133,nan,0.0029002884,25.3755882173,nan,nan,nan,nan,nan,nan,nan
4788,45.5263157895,0.8582586274,nan,0.0000015879,57.9917840588,nan,nan,nan,nan,nan,nan,nan
4789,45.5263157895,0.2872482306,nan,0.0026992062,25.6876394346,nan,nan,nan,nan,nan,nan,nan
4790,45.5263157895,0.6046261555,nan,0.0001095146,39.6052793893,nan,nan,nan,nan,nan,nan,nan
4791,45.5263157895,0.6508090519,nan,0.0000566105,42.4710277880,nan,nan,nan,nan,nan,nan,nan
4792,45.5263157895,0.8506090051,nan,0.0000018440,57.3424009271,nan,nan,nan,nan,nan,nan,nan
4793,45.5263157895,0.4929051093,nan,0.0004407718,33.5578619104,nan,nan,nan,nan,nan,nan,nan
4794,45.5263157895,0.9294254298,nan,0.0000003701,64.3165312407,nan,nan,nan,nan,nan,nan,nan
4795,45.5263157895,1.3141298716,nan,0.0000000000,107.3877278585,nan,nan,nan,nan,nan,nan,nan
4796,45.5263157895,0.0331431822,nan,0.0066908010,21.7452188728,nan,nan,nan,nan,nan,nan,nan
4797,45.5263157895,0.4274032589,nan,0.0008722896,30.5933929934,nan,nan,nan,nan,nan,nan,nan
4798,45.5263157895,0.5530520733,nan,0.0002158689,36.6581001938,nan,nan,nan,nan,nan,nan,nan
4799,45.5263157895,0.3450796192,nan,0.0017885621,27.4749597757,nan,nan,nan,nan,nan,nan,nan
4800,45.5263157895,0.5364309458,nan,0.0002651469,35.7651351019,nan,nan,nan,nan,nan,nan,nan
4801,45.5263157895,0.5961595012,nan,0.0001229379,39.1031426429,nan,nan,nan,nan,nan,nan,nan
4802,45.5263157895,0.4302711111,nan,0.0008483575,30.7142111204,nan,nan,nan,nan,nan,nan,nan
4803,45.5263157895,1.0250655072,nan,0.0000000434,73.6229708181,nan,nan,nan,nan,nan,nan,nan
4804,45.5263157895,0.3550414692,nan,0.0016533290,27.8164070579,nan,nan,nan,nan,nan,nan,nan
4805,45.5263157895,0.5276264776,nan,0.0002948944,35.3033353450,nan,nan,nan,nan,nan,nan,nan
4806,45.5263157895,0.3448884706,nan,0.0017912225,27.4685046225,nan,nan,nan,nan,nan,nan,nan
4807,45.5263157895,0.8229410270,nan,0.0000031311,55.0429688678,nan,nan,nan,nan,nan,nan,nan
4808,45.5263157895,0.6093536828,nan,0.0001025938,39.8887890383,nan,nan,nan,nan,nan,nan,nan
4809,45.5263157895,0.1955979151,nan,0.0044319149,23.5340858884,nan,nan,nan,nan,nan,nan,nan
4810,45.5263157895,0.4513667059,nan,0.0006873564,31.6281800348,nan,nan,nan,nan,nan,nan,nan
4811,45.5263157895,0.2635597293,nan,0.0031250980,25.0513636255,nan,nan,nan,nan,nan,nan,nan
4812,45.5263157895,0.7589940288,nan,0.0000099449,50.0239969354,nan,nan,nan,nan,nan,nan,nan
4813,45.5263157895,0.5099329023,nan,0.0003631801,34.3987801160,nan,nan,nan,nan,nan,nan,nan
4814,45.5263157895,0.6971628930,nan,0.0000277780,45.5629919031,nan,nan,nan,nan,nan,nan,nan
4815,45.5263157895,1.0092448547,nan,0.0000000628,72.0196026020,nan,nan,nan,nan,nan,nan,nan
4816,45.5263157895,0.2802115242,nan,0.0028230432,25.4928247175,nan,nan,nan,nan,nan,nan,nan
4817,45.5263157895,1.0000221708,nan,0.0000000777,71.0966092844,nan,nan,nan,nan,nan,nan,nan
4818,45.5263157895,0.0850685737,nan,0.0062556716,22.0372605534,nan,nan,nan,nan,nan,nan,nan
4819,45.5263157895,0.6266174076,nan,0.0000804793,40.9431588247,nan,nan,nan,nan,nan,nan,nan
4820,45.5263157895,0.4024492037,nan,0.0011023599,29.5767660586,nan,nan,nan,nan,nan,nan,nan
4821,45.5263157895,1.0433147427,nan,0.0000000282,75.5039534792,nan,nan,nan,nan,nan,nan,nan
4822,45.5263157895,0.9840515718,nan,0.0000001117,69.5186602831,nan,nan,nan,nan,nan,nan,nan
4823,45.5263157895,0.7485193998,nan,0.0000119092,49.2411778780,nan,nan,nan,nan,nan,nan,nan
4824,45.5263157895,0.3604427457,nan,0.0015828261,28.0056680352,nan,nan,nan,nan,nan,nan,nan
4825,45.5263157895,0.3346594140,nan,0.0019371501,27.1283673763,nan,nan,nan,nan,nan,nan,nan
4826,45.5263157895,0.5929326098,nan,0.0001284205,38.9136576015,nan,nan,nan,nan,nan,nan,nan
4827,45.5263157895,0.1676750166,nan,0.0049627399,23.0427848788,nan,nan,nan,nan,nan,nan,nan
4828,45.5263157895,0.4714138893,nan,0.0005574505,32.5379368379,nan,nan,nan,nan,nan,nan,nan
4829,45.5263157895,0.0551343794,nan,0.0065507217,21.8371085117,nan,nan,nan,nan,nan,nan,nan
4830,45.5263157895,0.5080473881,nan,0.0003711731,34.3042348107,nan,nan,nan,nan,nan,nan,nan
4831,45.5263157895,0.1147346321,nan,0.0058592670,22.3215670947,nan,nan,nan,nan,nan,nan,nan
4832,45.5263157895,0.3806882569,nan,0.0013363107,28.7409255570,nan,nan,nan,nan,nan,nan,nan
4833,45.5263157895,0.4492085008,nan,0.0007026460,31.5326340369,nan,nan,nan,nan,nan,nan,nan
4834,45.5263157895,0.1987336592,nan,0.0043711372,23.5940556511,nan,nan,nan,nan,nan,nan,nan
4835,45.5263157895,0.9371860876,nan,0.0000003135,65.0371948900,nan,nan,nan,nan,nan,nan,nan
4836,45.5263157895,0.3411395463,nan,0.0018438955,27.3426369261,nan,nan,nan,nan,nan,nan,nan
4837,45.5263157895,1.0939603566,nan,0.0000000081,80.9008671204,nan,nan,nan,nan,nan,nan,nan
4838,45.5263157895,0.7461399238,nan,0.0000124026,49.0648893027,nan,nan,nan,nan,nan,nan,nan
4839,45.5263157895,0.2745172984,nan,0.0029249798,25.3387712959,nan,nan,nan,nan,nan,nan,nan
4840,45.5263157895,0.3020257900,nan,0.0024475107,26.1127539691,nan,nan,nan,nan,nan,nan,nan
4841,45.5263157895,0.3889023631,nan,0.0012442614,29.0508835837,nan,nan,nan,nan,nan,nan,nan
4842,45.5263157895,1.0226526555,nan,0.0000000460,73.3767985674,nan,nan,nan,nan,nan,nan,nan
4843,45.5263157895,0.2080633332,nan,0.0041896563,23.7782159988,nan,nan,nan,nan,nan,nan,nan
4844,45.5263157895,0.5319035256,nan,0.0002801110,35.5266990065,nan,nan,nan,nan,nan,nan,nan
4845,45.5263157895,0.0214487429,nan,0.0067371492,21.7152383229,nan,nan,nan,nan,nan,nan,nan
4846,45.5263157895,0.2422195634,nan,0.0035271524,24.5257577665,nan,nan,nan,nan,nan,nan,nan
4847,45.5263157895,0.3642658783,nan,0.0015341272,28.1413863330,nan,nan,nan,nan,nan,nan,nan
4848,45.5263157895,0.5813291186,nan,0.0001499364,38.2409294984,nan,nan,nan,nan,nan,nan,nan
4849,45.5263157895,0.5967720123,nan,0.0001219206,39.1392277069,nan,nan,nan,nan,nan,nan,nan
4850,45.5263157895,0.9187807689,nan,0.0000004637,63.3379610653,nan,nan,nan,nan,nan,nan,nan
4851,45.5263157895,0.6784111050,nan,0.0000372722,44.2861492701,nan,nan,nan,nan,nan,nan,nan
4852,45.5263157895,0.1467277000,nan,0.0053400391,22.7245555965,nan,nan,nan,nan,nan,nan,nan
4853,45.5263157895,0.9241529697,nan,0.0000004140,63.8303988235,nan,nan,nan,nan,nan,nan,nan
4854,45.5263157895,0.3436494850,nan,0.0018085263,27.4267518001,nan,nan,nan,nan,nan,nan,nan
4855,45.5263157895,0.7714923859,nan,0.0000079937,50.9725278236,nan,nan,nan,nan,nan,nan,nan
4856,45.5263157895,0.2189241252,nan,0.0039779394,24.0034183799,nan,nan,nan,nan,nan,nan,nan
4857,45.5263157895,0.3574336449,nan,0.0016218584,27.8998707080,nan,nan,nan,nan,nan,nan,nan
4858,45.5263157895,0.3841433151,nan,0.0012970352,28.8704822277,nan,nan,nan,nan,nan,nan,nan
4859,45.5263157895,0.1845956745,nan,0.0046437225,23.3313374493,nan,nan,nan,nan,nan,nan,nan
4860,45.5263157895,1.2739460106,nan,0.0000000001,102.1861901577,nan,nan,nan,nan,nan,nan,nan
4861,45.5263157895,0.8325042508,nan,0.0000026128,55.8290113319,nan,nan,nan,nan,nan,nan,nan
4862,45.5263157895,0.6033134968,nan,0.0001115075,39.5269573678,nan,nan,nan,nan,nan,nan,nan
4863,45.5263157895,0.6166819682,nan,0.0000926253,40.3327022252,nan,nan,nan,nan,nan,nan,nan
4864,45.5263157895,0.4339459802,nan,0.0008184218,30.8702280247,nan,nan,nan,nan,nan,nan,nan
4865,45.5263157895,1.1241907942,nan,0.0000000038,84.2462229064,nan,nan,nan,nan,nan,nan,nan
4866,45.5263157895,0.7301603844,nan,0.0000162338,47.8957886712,nan,nan,nan,nan,nan,nan,nan
4867,45.5263157895,0.7650787461,nan,0.0000089458,50.4838141974,nan,nan,nan,nan,nan,nan,nan
4868,45.5263157895,0.4454761929,nan,0.0007297096,31.3684992451,nan,nan,nan,nan,nan,nan,nan
4869,45.5263157895,1.0063437973,nan,0.0000000672,71.7283404135,nan,nan,nan,nan,nan,nan,nan
4870,45.5263157895,0.1495115945,nan,0.0052913128,22.7643656437,nan,nan,nan,nan,nan,nan,nan
4871,45.5263157895,0.1578807335,nan,0.0051420624,22.8886265546,nan,nan,nan,nan,nan,nan,nan
4872,45.5263157895,0.5814211590,nan,0.0001497541,38.2462124970,nan,nan,nan,nan,nan,nan,nan
4873,45.5263157895,0.4248639217,nan,0.0008939022,30.4871001358,nan,nan,nan,nan,nan,nan,nan
4874,45.5263157895,0.4097242841,nan,0.0010311609,29.8667354470,nan,nan,nan,nan,nan,nan,nan
4875,45.5263157895,0.6444499151,nan,0.0000621769,42.0637059249,nan,nan,nan,nan,nan,nan,nan
4876,45.5263157895,0.4667325695,nan,0.0005858819,32.3218992660,nan,nan,nan,nan,nan,nan,nan
4877,45.5263157895,0.5215096121,nan,0.0003171703,34.9870741977,nan,nan,nan,nan,nan,nan,nan
4878,45.5263157895,0.7505964441,nan,0.0000114934,49.3955265020,nan,nan,nan,nan,nan,nan,nan
4879,45.5263157895,0.3205492962,nan,0.0021496852,26.6762513576,nan,nan,nan,nan,nan,nan,nan
4880,45.5263157895,0.5278611108,nan,0.0002940667,35.3155412648,nan,nan,nan,nan,nan,nan,nan
4881,45.5263157895,1.1628887431,nan,0.0000000014,88.6638960638,nan,nan,nan,nan,nan,nan,nan
4882,45.5263157895,0.0682301717,nan,0.0064357812,21.9139872972,nan,nan,nan,nan,nan,nan,nan
4883,45.5263157895,1.1846591559,nan,0.0000000008,91.2159551585,nan,nan,nan,nan,nan,nan,nan
4884,45.5263157895,0.7881645467,nan,0.0000059397,52.2623335127,nan,nan,nan,nan,nan,nan,nan
4885,45.5263157895,0.8503375814,nan,0.0000018538,57.3194680804,nan,nan,nan,nan,nan,nan,nan
4886,45.5263157895,0.8043977697,nan,0.0000044207,53.5451156059,nan,nan,nan,nan,nan,nan,nan
4887,45.5263157895,0.6060605790,nan,0.0001073726,39.6910645556,nan,nan,nan,nan,nan,nan,nan
4888,45.5263157895,0.9363530123,nan,0.0000003192,64.9595427411,nan,nan,nan,nan,nan,nan,nan
4889,45.5263157895,0.7156822316,nan,0.0000206123,46.8587405389,nan,nan,nan,nan,nan,nan,nan
4890,45.5263157895,0.4017731461,nan,0.0011091524,29.5500879311,nan,nan,nan,nan,nan,nan,nan
4891,45.5263157895,0.3620078425,nan,0.0015627691,28.0610518368,nan,nan,nan,nan,nan,nan,nan
4892,45.5263157895,0.2973902358,nan,0.0025251853,25.9770674949,nan,nan,nan,nan,nan,nan,nan
4893,45.5263157895,1.1049487615,nan,0.0000000062,82.1061432577,nan,nan,nan,nan,nan,nan,nan
4894,45.5263157895,0.1432894553,nan,0.0053995334,22.6764376689,nan,nan,nan,nan,nan,nan,nan
4895,45.5263157895,0.8955084376,nan,0.0000007519,61.2384186794,nan,nan,nan,nan,nan,nan,nan
4896,45.5263157895,0.4319296123,nan,0.0008347461,30.7844559710,nan,nan,nan,nan,nan,nan,nan
4897,45.5263157895,0.4284476730,nan,0.0008635157,30.6372974550,nan,nan,nan,nan,nan,nan,nan
4898,45.5263157895,0.8053916396,nan,0.0000043406,53.6245167336,nan,nan,nan,nan,nan,nan,nan
4899,45.5263157895,0.4378734872,nan,0.0007873246,31.0384616102,nan,nan,nan,nan,nan,nan,nan
4900,45.5263157895,0.2553888624,nan,0.0032773362,24.8447900875,nan,nan,nan,nan,nan,nan,nan
4901,45.5263157895,0.3468006506,nan,0.0017647194,27.5332433059,nan,nan,nan,nan,nan,nan,nan
4902,45.5263157895,0.9198170663,nan,0.0000004537,63.4327251549,nan,nan,nan,nan,nan,nan,nan
4903,45.5263157895,0.3139742689,nan,0.0022530286,26.4723329318,nan,nan,nan,nan,nan,nan,nan
4904,45.5263157895,0.3945938316,nan,0.0011831519,29.2695948952,nan,nan,nan,nan,nan,nan,nan
4905,45.5263157895,0.6938450033,nan,0.0000292786,45.3344944490,nan,nan,nan,nan,nan,nan,nan
4906,45.5263157895,0.8026838712,nan,0.0000045620,53.4084248570,nan,nan,nan,nan,nan,nan,nan
4907,45.5263157895,0.1945324279,nan,0.0044525320,23.5139295361,nan,nan,nan,nan,nan,nan,nan
4908,45.5263157895,0.7210212020,nan,0.0000188855,47.2387060751,nan,nan,nan,nan,nan,nan,nan
4909,45.5263157895,0.5443921873,nan,0.0002404698,36.1893950471,nan,nan,nan,nan,nan,nan,nan
4910,45.5263157895,0.4038906376,nan,0.0010879779,29.6337991703,nan,nan,nan,nan,nan,nan,nan
4911,45.5263157895,0.7963337492,nan,0.0000051232,52.9045581515,nan,nan,nan,nan,nan,nan,nan
4912,45.5263157895,0.2727481347,nan,0.0029569486,25.2915622102,nan,nan,nan,nan,nan,nan,nan
4913,45.5263157895,0.3572231024,nan,0.0016246125,27.8925019629,nan,nan,nan,nan,nan,nan,nan
4914,45.5263157895,0.2409962340,nan,0.0035505913,24.4969930949,nan,nan,nan,nan,nan,nan,nan
4915,45.5263157895,0.6337128331,nan,0.0000726911,41.3851885280,nan,nan,nan,nan,nan,nan,nan
4916,45.5263157895,0.5443971331,nan,0.0002404551,36.1896605824,nan,nan,nan,nan,nan,nan,nan
4917,45.5263157895,0.7478044198,nan,0.0000120555,49.1881470991,nan,nan,nan,nan,nan,nan,nan
4918,45.5263157895,0.3933107072,nan,0.0011967391,29.2200051131,nan,nan,nan,nan,nan,nan,nan
4919,45.5263157895,0.5257297092,nan,0.0003016570,35.2048655265,nan,nan,nan,nan,nan,nan,nan
4920,45.5263157895,0.2930896157,nan,0.0025983090,25.8530919718,nan,nan,nan,nan,nan,nan,nan
4921,45.5263157895,0.8954461671,nan,0.0000007529,61.2328742946,nan,nan,nan,nan,nan,nan,nan
4922,45.5263157895,0.4139986367,nan,0.0009909313,30.0395647372,nan,nan,nan,nan,nan,nan,nan
4923,45.5263157895,0.1829959399,nan,0.0046742823,23.3028505903,nan,nan,nan,nan,nan,nan,nan
4924,45.5263157895,0.3420295345,nan,0.0018313059,27.3723911404,nan,nan,nan,nan,nan,nan,nan
4925,45.5263157895,0.6944749314,nan,0.0000289882,45.3777913324,nan,nan,nan,nan,nan,nan,nan
4926,45.5263157895,0.7189344653,nan,0.0000195440,47.0898548551,nan,nan,nan,nan,nan,nan,nan
4927,45.5263157895,1.2889586412,nan,0.0000000000,104.1102679034,nan,nan,nan,nan,nan,nan,nan
4928,45.5263157895,0.1084442042,nan,0.0059509850,22.2541114206,nan,nan,nan,nan,nan,nan,nan
4929,45.5263157895,0.7124306523,nan,0.0000217333,46.6287373775,nan,nan,nan,nan,nan,nan,nan
4930,45.5263157895,0.2195519574,nan,0.0039657079,24.0167927644,nan,nan,nan,nan,nan,nan,nan
4931,45.5263157895,0.3136671043,nan,0.0022579215,26.4629115160,nan,nan,nan,nan,nan,nan,nan
4932,45.5263157895,0.7686543159,nan,0.0000084028,50.7557579615,nan,nan,nan,nan,nan,nan,nan
4933,45.5263157895,0.6508322066,nan,0.0000565911,42.4725183431,nan,nan,nan,nan,nan,nan,nan
4934,45.5263157895,0.0284606539,nan,0.0067117423,21.7316472970,nan,nan,nan,nan,nan,nan,nan
4935,45.5263157895,0.2448061136,nan,0.0034777120,24.5870638363,nan,nan,nan,nan,nan,nan,nan
4936,45.5263157895,0.5516871945,nan,0.0002195974,36.5837287943,nan,nan,nan,nan,nan,nan,nan
4937,45.5263157895,0.0991933966,nan,0.0060786528,22.1619266112,nan,nan,nan,nan,nan,nan,nan
4938,45.5263157895,0.6425205415,nan,0.0000639598,41.9409274614,nan,nan,nan,nan,nan,nan,nan
4939,45.5263157895,0.6600391696,nan,0.0000493233,43.0694774941,nan,nan,nan,nan,nan,nan,nan
4940,45.5263157895,0.6607475617,nan,0.0000488005,43.1157611869,nan,nan,nan,nan,nan,nan,nan
4941,45.5263157895,0.5667076581,nan,0.0001814484,37.4124684610,nan,nan,nan,nan,nan,nan,nan
4942,45.5263157895,0.7338830568,nan,0.0000152551,48.1658499499,nan,nan,nan,nan,nan,nan,nan
4943,45.5263157895,0.0900092084,nan,0.0061963251,22.0786580200,nan,nan,nan,nan,nan,nan,nan
4944,45.5263157895,0.4692319762,nan,0.0005705620,32.4369713774,nan,nan,nan,nan,nan,nan,nan
4945,45.5263157895,0.6501799233,nan,0.0000571406,42.4305490179,nan,nan,nan,nan,nan,nan,nan
4946,45.5263157895,0.4276151680,nan,0.0008705040,30.6022922986,nan,nan,nan,nan,nan,nan,nan
4947,45.5263157895,0.4383724606,nan,0.0007834395,31.0599452857,nan,nan,nan,nan,nan,nan,nan
4948,45.5263157895,0.4931540067,nan,0.0004395472,33.5699447132,nan,nan,nan,nan,nan,nan,nan
4949,45.5263157895,0.2095703554,nan,0.0041602852,23.8087689629,nan,nan,nan,nan,nan,nan,nan
4950,45.5263157895,0.1627473974,nan,0.0050535345,22.9640476289,nan,nan,nan,nan,nan,nan,nan
4951,45.5263157895,0.3321469699,nan,0.0019740515,27.0464153072,nan,nan,nan,nan,nan,nan,nan
4952,45.5263157895,1.0557300035,nan,0.0000000209,76.8029016595,nan,nan,nan,nan,nan,nan,nan
4953,45.5263157895,0.2391842411,nan,0.0035853711,24.4546589239,nan,nan,nan,nan,nan,nan,nan
4954,45.5263157895,0.5454536098,nan,0.0002373319,36.2464389152,nan,nan,nan,nan,nan,nan,nan
4955,45.5263157895,0.3342334894,nan,0.0019433767,27.1144301839,nan,nan,nan,nan,nan,nan,nan
4956,45.5263157895,0.8257394350,nan,0.0000029703,55.2720267568,nan,nan,nan,nan,nan,nan,nan
4957,45.5263157895,1.1487703884,nan,0.0000000020,87.0345702888,nan,nan,nan,nan,nan,nan,nan
4958,45.5263157895,0.3594850618,nan,0.0015951815,27.9718989191,nan,nan,nan,nan,nan,nan,nan
4959,45.5263157895,0.4780513900,nan,0.0005190382,32.8480064987,nan,nan,nan,nan,nan,nan,nan
4960,45.5263157895,0.9110870265,nan,0.0000005448,62.6378028472,nan,nan,nan,nan,nan,nan,nan
4961,45.5263157895,0.9503049127,nan,0.0000002361,66.2692753411,nan,nan,nan,nan,nan,nan,nan
4962,45.5263157895,0.3302108692,nan,0.0020027692,26.9836908669,nan,nan,nan,nan,nan,nan,nan
4963,45.5263157895,0.3413874471,nan,0.0018403834,27.3509168636,nan,nan,nan,nan,nan,nan,nan
4964,45.5263157895,0.2734281696,nan,0.0029446441,25.3096718347,nan,nan,nan,nan,nan,nan,nan
4965,45.5263157895,0.1109701516,nan,0.0059146164,22.2807341711,nan,nan,nan,nan,nan,nan,nan
4966,45.5263157895,0.6655327938,nan,0.0000453970,43.4297321626,nan,nan,nan,nan,nan,nan,nan
4967,45.5263157895,1.0872132184,nan,0.0000000096,80.1668657430,nan,nan,nan,nan,nan,nan,nan
4968,45.5263157895,0.5329302326,nan,0.0002766566,35.5805903400,nan,nan,nan,nan,nan,nan,nan
4969,45.5263157895,0.1767841616,nan,0.0047922288,23.1946245474,nan,nan,nan,nan,nan,nan,nan
4970,45.5263157895,0.3767305624,nan,0.0013822981,28.5939829452,nan,nan,nan,nan,nan,nan,nan
4971,45.5263157895,0.8687558403,nan,0.0000012905,58.8925203671,nan,nan,nan,nan,nan,nan,nan
4972,45.5263157895,0.1643382243,nan,0.0050243442,22.9892061784,nan,nan,nan,nan,nan,nan,nan
4973,45.5263157895,0.3352372781,nan,0.0019287213,27.1473052021,nan,nan,nan,nan,nan,nan,nan
4974,45.5263157895,0.3692022709,nan,0.0014727270,28.3187774981,nan,nan,nan,nan,nan,nan,nan
4975,45.5263157895,0.0955364580,nan,0.0061266258,22.1277864327,nan,nan,nan,nan,nan,nan,nan
4976,45.5263157895,0.5202115580,nan,0.0003220740,34.9204428012,nan,nan,nan,nan,nan,nan,nan
4977,45.5263157895,0.2991705140,nan,0.0024952120,26.0289254151,nan,nan,nan,nan,nan,nan,nan
4978,45.5263157895,0.8438610229,nan,0.0000021016,56.7744637988,nan,nan,nan,nan,nan,nan,nan
4979,45.5263157895,0.7726879529,nan,0.0000078269,51.0640874982,nan,nan,nan,nan,nan,nan,nan
4980,45.5263157895,0.2839630508,nan,0.0027567181,25.5960764641,nan,nan,nan,nan,nan,nan,nan
4981,45.5263157895,0.4277471910,nan,0.0008693929,30.6078389792,nan,nan,nan,nan,nan,nan,nan
4982,45.5263157895,0.4898764585,nan,0.0004558971,33.4113317955,nan,nan,nan,nan,nan,nan,nan
4983,45.5263157895,0.2270868000,nan,0.0038191427,24.1803411756,nan,nan,nan,nan,nan,nan,nan
4984,45.5263157895,0.2762455386,nan,0.0028938846,25.3851879198,nan,nan,nan,nan,nan,nan,nan
4985,45.5263157895,0.6452933412,nan,0.0000614116,42.1174960904,nan,nan,nan,nan,nan,nan,nan
4986,45.5263157895,0.3782688423,nan,0.0013642968,28.6509112952,nan,nan,nan,nan,nan,nan,nan
4987,45.5263157895,0.6009107173,nan,0.0001152381,39.3840395966,nan,nan,nan,nan,nan,nan,nan
4988,45.5263157895,0.1510997056,nan,0.0052633027,22.7874165243,nan,nan,nan,nan,nan,nan,nan
4989,45.5263157895,0.3348786168,nan,0.0019339502,27.1355472072,nan,nan,nan,nan,nan,nan,nan
4990,45.5263157895,0.7437190298,nan,0.0000129237,48.8861176290,nan,nan,nan,nan,nan,nan,nan
4991,45.5263157895,0.9343227881,nan,0.0000003334,64.7705965621,nan,nan,nan,nan,nan,nan,nan
4992,45.5263157895,0.9292006584,nan,0.0000003719,64.2957494625,nan,nan,nan,nan,nan,nan,nan
4993,45.5263157895,0.3710935456,nan,0.0014496447,28.3873842328,nan,nan,nan,nan,nan,nan,nan
4994,45.5263157895,1.1252713872,nan,0.0000000037,84.3675190532,nan,nan,nan,nan,nan,nan,nan
4995,45.5263157895,0.1448203572,nan,0.0053731389,22.6977192953,nan,nan,nan,nan,nan,nan,nan
4996,45.5263157895,0.1687285703,nan,0.0049431876,23.0599291155,nan,nan,nan,nan,nan,nan,nan
4997,45.5263157895,1.1265998193,nan,0.0000000035,84.5167973463,nan,nan,nan,nan,nan,nan,nan
4998,45.5263157895,0.6171670026,nan,0.0000919968,40.3622736525,nan,nan,nan,nan,nan,nan,nan
4999,45.5263157895,0.8404088035,nan,0.0000022461,56.4856888118,nan,nan,nan,nan,nan,nan,nan
0,48.4210526316,0.6894600241,nan,0.0000350529,44.5527582737,nan,nan,nan,nan,nan,nan,nan
1,48.4210526316,1.3470711263,nan,0.0000000000,105.2339657994,nan,nan,nan,nan,nan,nan,nan
2,48.4210526316,0.4717872154,nan,0.0004812718,33.1760961195,nan,nan,nan,nan,nan,nan,nan
3,48.4210526316,0.0992869229,nan,0.0042922357,23.6731643694,nan,nan,nan,nan,nan,nan,nan
4,48.4210526316,0.9799046308,nan,0.0000002256,66.4675067140,nan,nan,nan,nan,nan,nan,nan
5,48.4210526316,0.1918846905,nan,0.0032603407,24.8673701373,nan,nan,nan,nan,nan,nan,nan
6,48.4210526316,0.7526504897,nan,0.0000136009,48.6643105797,nan,nan,nan,nan,nan,nan,nan
7,48.4210526316,0.9433498909,nan,0.0000004694,63.2848150476,nan,nan,nan,nan,nan,nan,nan
8,48.4210526316,0.8320578142,nan,0.0000036744,54.3481812848,nan,nan,nan,nan,nan,nan,nan
9,48.4210526316,0.0572667416,nan,0.0045878474,23.3839103229,nan,nan,nan,nan,nan,nan,nan
10,48.4210526316,0.4679712084,nan,0.0004994474,33.0151026392,nan,nan,nan,nan,nan,nan,nan
11,48.4210526316,0.5116410593,nan,0.0003208809,34.9365614986,nan,nan,nan,nan,nan,nan,nan
12,48.4210526316,0.1467903548,nan,0.0038107990,24.1898395923,nan,nan,nan,nan,nan,nan,nan
13,48.4210526316,0.7907669094,nan,0.0000073778,51.3207156763,nan,nan,nan,nan,nan,nan,nan
14,48.4210526316,0.3825713077,nan,0.0010573184,29.7579419762,nan,nan,nan,nan,nan,nan,nan
15,48.4210526316,0.2584386738,nan,0.0023980516,26.2014146801,nan,nan,nan,nan,nan,nan,nan
16,48.4210526316,0.2588693474,nan,0.0023925735,26.2113470671,nan,nan,nan,nan,nan,nan,nan
17,48.4210526316,0.7299711218,nan,0.0000192898,47.1467151391,nan,nan,nan,nan,nan,nan,nan
18,48.4210526316,0.2649625437,nan,0.0023154403,26.3536641128,nan,nan,nan,nan,nan,nan,nan
19,48.4210526316,0.4757910674,nan,0.0004627606,33.3464366645,nan,nan,nan,nan,nan,nan,nan
20,48.4210526316,0.5696830426,nan,0.0001675403,37.7588077204,nan,nan,nan,nan,nan,nan,nan
21,48.4210526316,0.9011044207,nan,0.0000010570,59.7590757991,nan,nan,nan,nan,nan,nan,nan
22,48.4210526316,1.1373103753,nan,0.0000000070,81.5714800342,nan,nan,nan,nan,nan,nan,nan
23,48.4210526316,0.2445145291,nan,0.0025767348,25.8893028407,nan,nan,nan,nan,nan,nan,nan
24,48.4210526316,0.3144107349,nan,0.0017248085,27.6325910611,nan,nan,nan,nan,nan,nan,nan
25,48.4210526316,1.1810872535,nan,0.0000000024,86.1761041986,nan,nan,nan,nan,nan,nan,nan
26,48.4210526316,0.5127600409,nan,0.0003170973,34.9880740568,nan,nan,nan,nan,nan,nan,nan
27,48.4210526316,0.3499732899,nan,0.0013523784,28.6890177839,nan,nan,nan,nan,nan,nan,nan
28,48.4210526316,0.8600892785,nan,0.0000022427,56.4923001686,nan,nan,nan,nan,nan,nan,nan
29,48.4210526316,0.5053554874,nan,0.0003428215,34.6493196860,nan,nan,nan,nan,nan,nan,nan
30,48.4210526316,1.0785015260,nan,0.0000000271,75.6625630316,nan,nan,nan,nan,nan,nan,nan
31,48.4210526316,0.8492606681,nan,0.0000027193,55.6555038537,nan,nan,nan,nan,nan,nan,nan
32,48.4210526316,0.4228218834,nan,0.0007567170,31.2106649610,nan,nan,nan,nan,nan,nan,nan
33,48.4210526316,0.4179829901,nan,0.0007891780,31.0282501597,nan,nan,nan,nan,nan,nan,nan
34,48.4210526316,0.6699465118,nan,0.0000461665,43.3567350200,nan,nan,nan,nan,nan,nan,nan
35,48.4210526316,0.3949176334,nan,0.0009576509,30.1879276755,nan,nan,nan,nan,nan,nan,nan
36,48.4210526316,0.0781127082,nan,0.0044588442,23.5077770297,nan,nan,nan,nan,nan,nan,nan
37,48.4210526316,0.6969940616,nan,0.0000314497,45.0238308537,nan,nan,nan,nan,nan,nan,nan
38,48.4210526316,0.7357536003,nan,0.0000176637,47.5291899848,nan,nan,nan,nan,nan,nan,nan
39,48.4210526316,0.6893851985,nan,0.0000350905,44.5481057062,nan,nan,nan,nan,nan,nan,nan
40,48.4210526316,0.3226089436,nan,0.0016345636,27.8659817415,nan,nan,nan,nan,nan,nan,nan
41,48.4210526316,0.4636637702,nan,0.0005205992,32.8349653017,nan,nan,nan,nan,nan,nan,nan
42,48.4210526316,0.2963364722,nan,0.0019321876,27.1395071420,nan,nan,nan,nan,nan,nan,nan
43,48.4210526316,0.3266382249,nan,0.0015911396,27.9829170382,nan,nan,nan,nan,nan,nan,nan
44,48.4210526316,0.5842751869,nan,0.0001407158,38.5165704864,nan,nan,nan,nan,nan,nan,nan
45,48.4210526316,0.4767266532,nan,0.0004585165,33.3864502928,nan,nan,nan,nan,nan,nan,nan
46,48.4210526316,0.4554288983,nan,0.0005629538,32.4952724798,nan,nan,nan,nan,nan,nan,nan
47,48.4210526316,0.9148746133,nan,0.0000008146,60.8903651575,nan,nan,nan,nan,nan,nan,nan
48,48.4210526316,0.2895211109,nan,0.0020131488,26.9612413071,nan,nan,nan,nan,nan,nan,nan
49,48.4210526316,0.8509504966,nan,0.0000026391,55.7853814739,nan,nan,nan,nan,nan,nan,nan
50,48.4210526316,0.6532432030,nan,0.0000580692,42.3605442721,nan,nan,nan,nan,nan,nan,nan
51,48.4210526316,1.3570295933,nan,0.0000000000,106.4578963659,nan,nan,nan,nan,nan,nan,nan
52,48.4210526316,0.9675213901,nan,0.0000002900,65.3756329290,nan,nan,nan,nan,nan,nan,nan
53,48.4210526316,0.3097287471,nan,0.0017774492,27.5020281097,nan,nan,nan,nan,nan,nan,nan
54,48.4210526316,0.8430586362,nan,0.0000030331,55.1810635665,nan,nan,nan,nan,nan,nan,nan
55,48.4210526316,0.3741618521,nan,0.0011290224,29.4729744248,nan,nan,nan,nan,nan,nan,nan
56,48.4210526316,0.2514038564,nan,0.0024879732,26.0415430109,nan,nan,nan,nan,nan,nan,nan
57,48.4210526316,1.0153402629,nan,0.0000001079,69.6696205948,nan,nan,nan,nan,nan,nan,nan
58,48.4210526316,0.3826109567,nan,0.0010569877,29.7593007207,nan,nan,nan,nan,nan,nan,nan
59,48.4210526316,0.5119452527,nan,0.0003198487,34.9505538386,nan,nan,nan,nan,nan,nan,nan
60,48.4210526316,0.2999686644,nan,0.0018896324,27.2362266520,nan,nan,nan,nan,nan,nan,nan
61,48.4210526316,0.8254776092,nan,0.0000041160,53.8552774395,nan,nan,nan,nan,nan,nan,nan
62,48.4210526316,0.4866820429,nan,0.0004152261,33.8171532200,nan,nan,nan,nan,nan,nan,nan
63,48.4210526316,0.6646059755,nan,0.0000497112,43.0354565385,nan,nan,nan,nan,nan,nan,nan
64,48.4210526316,0.4608509266,nan,0.0005347809,32.7182415136,nan,nan,nan,nan,nan,nan,nan
65,48.4210526316,0.1475484907,nan,0.0038021368,24.1997226606,nan,nan,nan,nan,nan,nan,nan
66,48.4210526316,0.3702418076,nan,0.0011635024,29.3423269876,nan,nan,nan,nan,nan,nan,nan
67,48.4210526316,1.3578180404,nan,0.0000000000,106.5551889027,nan,nan,nan,nan,nan,nan,nan
68,48.4210526316,1.2009230064,nan,0.0000000015,88.3204300701,nan,nan,nan,nan,nan,nan,nan
69,48.4210526316,0.6977052103,nan,0.0000311275,45.0685635994,nan,nan,nan,nan,nan,nan,nan
70,48.4210526316,0.8844835315,nan,0.0000014399,58.4167040055,nan,nan,nan,nan,nan,nan,nan
71,48.4210526316,0.6485026748,nan,0.0000619091,42.0824526784,nan,nan,nan,nan,nan,nan,nan
72,48.4210526316,0.7154489838,nan,0.0000239904,46.1996269097,nan,nan,nan,nan,nan,nan,nan
73,48.4210526316,0.7967538141,nan,0.0000066834,51.7500176608,nan,nan,nan,nan,nan,nan,nan
74,48.4210526316,0.4317824251,nan,0.0006991872,31.5540653242,nan,nan,nan,nan,nan,nan,nan
75,48.4210526316,0.8347437051,nan,0.0000035071,54.5505113775,nan,nan,nan,nan,nan,nan,nan
76,48.4210526316,1.5900325042,nan,0.0000000000,137.6995215341,nan,nan,nan,nan,nan,nan,nan
77,48.4210526316,0.4053838763,nan,0.0008783634,30.5632574883,nan,nan,nan,nan,nan,nan,nan
78,48.4210526316,0.6405554865,nan,0.0000688518,41.6208468468,nan,nan,nan,nan,nan,nan,nan
79,48.4210526316,0.1538705767,nan,0.0037289423,24.2841433984,nan,nan,nan,nan,nan,nan,nan
80,48.4210526316,0.7972284421,nan,0.0000066310,51.7841918753,nan,nan,nan,nan,nan,nan,nan
81,48.4210526316,0.3976140797,nan,0.0009367689,30.2836751773,nan,nan,nan,nan,nan,nan,nan
82,48.4210526316,0.3907204355,nan,0.0009907859,30.0402017573,nan,nan,nan,nan,nan,nan,nan
83,48.4210526316,0.3266103223,nan,0.0015914382,27.9821022192,nan,nan,nan,nan,nan,nan,nan
84,48.4210526316,0.1927116700,nan,0.0032497500,24.8815004938,nan,nan,nan,nan,nan,nan,nan
85,48.4210526316,0.7248971856,nan,0.0000208275,46.8136206592,nan,nan,nan,nan,nan,nan,nan
86,48.4210526316,0.7422783863,nan,0.0000159793,47.9644301264,nan,nan,nan,nan,nan,nan,nan
87,48.4210526316,0.5762505912,nan,0.0001549723,38.0974579124,nan,nan,nan,nan,nan,nan,nan
88,48.4210526316,0.1555096114,nan,0.0037096977,24.3066148164,nan,nan,nan,nan,nan,nan,nan
89,48.4210526316,0.7362018086,nan,0.0000175430,47.5589636600,nan,nan,nan,nan,nan,nan,nan
90,48.4210526316,0.5823515495,nan,0.0001440268,38.4155674490,nan,nan,nan,nan,nan,nan,nan
91,48.4210526316,0.6624143346,nan,0.0000512346,42.9043635822,nan,nan,nan,nan,nan,nan,nan
92,48.4210526316,0.3044108528,nan,0.0018381732,27.3561356109,nan,nan,nan,nan,nan,nan,nan
93,48.4210526316,0.9153057431,nan,0.0000008080,60.9260648284,nan,nan,nan,nan,nan,nan,nan
94,48.4210526316,0.7763191667,nan,0.0000093364,50.2982037634,nan,nan,nan,nan,nan,nan,nan
95,48.4210526316,0.3459730913,nan,0.0013917219,28.5644753184,nan,nan,nan,nan,nan,nan,nan
96,48.4210526316,0.6618796614,nan,0.0000516125,42.8724485870,nan,nan,nan,nan,nan,nan,nan
97,48.4210526316,0.2186574557,nan,0.0029133549,25.3560661386,nan,nan,nan,nan,nan,nan,nan
98,48.4210526316,0.9395806883,nan,0.0000005054,62.9636042308,nan,nan,nan,nan,nan,nan,nan
99,48.4210526316,0.2020542232,nan,0.0031293885,25.0454051084,nan,nan,nan,nan,nan,nan,nan
100,48.4210526316,0.8270196364,nan,0.0000040083,53.9704309804,nan,nan,nan,nan,nan,nan,nan
101,48.4210526316,0.9687185625,nan,0.0000002831,65.4805784192,nan,nan,nan,nan,nan,nan,nan
102,48.4210526316,1.2594659561,nan,0.0000000003,94.8598828080,nan,nan,nan,nan,nan,nan,nan
103,48.4210526316,1.0688064235,nan,0.0000000337,74.7188949860,nan,nan,nan,nan,nan,nan,nan
104,48.4210526316,0.8831372959,nan,0.0000014760,58.3090832258,nan,nan,nan,nan,nan,nan,nan
105,48.4210526316,1.0188546149,nan,0.0000001002,69.9934646645,nan,nan,nan,nan,nan,nan,nan
106,48.4210526316,0.6754614709,nan,0.0000427441,43.6912368365,nan,nan,nan,nan,nan,nan,nan
107,48.4210526316,0.5338919377,nan,0.0002522164,35.9822659253,nan,nan,nan,nan,nan,nan,nan
108,48.4210526316,0.5576812175,nan,0.0001927486,37.1500880099,nan,nan,nan,nan,nan,nan,nan
109,48.4210526316,0.4472670972,nan,0.0006074815,32.1646697188,nan,nan,nan,nan,nan,nan,nan
110,48.4210526316,0.5024902233,nan,0.0003532179,34.5195730095,nan,nan,nan,nan,nan,nan,nan
111,48.4210526316,0.4451568544,nan,0.0006194160,32.0801759837,nan,nan,nan,nan,nan,nan,nan
112,48.4210526316,0.7979312430,nan,0.0000065542,51.8348328398,nan,nan,nan,nan,nan,nan,nan
113,48.4210526316,0.5302913888,nan,0.0002624218,35.8100003590,nan,nan,nan,nan,nan,nan,nan
114,48.4210526316,0.1821990916,nan,0.0033834124,24.7064506671,nan,nan,nan,nan,nan,nan,nan
115,48.4210526316,0.8016145195,nan,0.0000061646,52.1009729832,nan,nan,nan,nan,nan,nan,nan
116,48.4210526316,0.0759534360,nan,0.0044738825,23.4931542534,nan,nan,nan,nan,nan,nan,nan
117,48.4210526316,0.9230144293,nan,0.0000006971,61.5672542334,nan,nan,nan,nan,nan,nan,nan
118,48.4210526316,0.3237096467,nan,0.0016226394,27.8977798916,nan,nan,nan,nan,nan,nan,nan
119,48.4210526316,0.8173488176,nan,0.0000047295,53.2518397324,nan,nan,nan,nan,nan,nan,nan
120,48.4210526316,0.7834099722,nan,0.0000083221,50.7976587670,nan,nan,nan,nan,nan,nan,nan
121,48.4210526316,1.3340463431,nan,0.0000000000,103.6469381202,nan,nan,nan,nan,nan,nan,nan
122,48.4210526316,0.6417765270,nan,0.0000677424,41.6913955855,nan,nan,nan,nan,nan,nan,nan
123,48.4210526316,0.4406433973,nan,0.0006455331,31.9008148955,nan,nan,nan,nan,nan,nan,nan
124,48.4210526316,0.6526040293,nan,0.0000585743,42.3229291816,nan,nan,nan,nan,nan,nan,nan
125,48.4210526316,0.8027205661,nan,0.0000060518,52.1811339735,nan,nan,nan,nan,nan,nan,nan
126,48.4210526316,0.3210729706,nan,0.0016512802,27.8217922309,nan,nan,nan,nan,nan,nan,nan
127,48.4210526316,0.8600169768,nan,0.0000022456,56.4866773802,nan,nan,nan,nan,nan,nan,nan
128,48.4210526316,0.4444603108,nan,0.0006233938,32.0523752441,nan,nan,nan,nan,nan,nan,nan
129,48.4210526316,0.1265026837,nan,0.0040322836,23.9444893552,nan,nan,nan,nan,nan,nan,nan
130,48.4210526316,0.5588732526,nan,0.0001901096,37.2099602957,nan,nan,nan,nan,nan,nan,nan
131,48.4210526316,0.1951450399,nan,0.0032185219,24.9234353775,nan,nan,nan,nan,nan,nan,nan
132,48.4210526316,0.4520393193,nan,0.0005811337,32.3572395192,nan,nan,nan,nan,nan,nan,nan
133,48.4210526316,0.2930407529,nan,0.0019711611,27.0527788040,nan,nan,nan,nan,nan,nan,nan
134,48.4210526316,0.7053189330,nan,0.0000278588,45.5503749098,nan,nan,nan,nan,nan,nan,nan
135,48.4210526316,0.6875887479,nan,0.0000360035,44.4365579752,nan,nan,nan,nan,nan,nan,nan
136,48.4210526316,0.8301549194,nan,0.0000037973,54.2052340979,nan,nan,nan,nan,nan,nan,nan
137,48.4210526316,0.6306501743,nan,0.0000784591,41.0535654031,nan,nan,nan,nan,nan,nan,nan
138,48.4210526316,0.6846878013,nan,0.0000375228,44.2570499748,nan,nan,nan,nan,nan,nan,nan
139,48.4210526316,0.3977563880,nan,0.0009356757,30.2887466792,nan,nan,nan,nan,nan,nan,nan
140,48.4210526316,0.6236509447,nan,0.0000859388,40.6581088857,nan,nan,nan,nan,nan,nan,nan
141,48.4210526316,0.7071487907,nan,0.0000271209,45.6669604370,nan,nan,nan,nan,nan,nan,nan
142,48.4210526316,0.3358445276,nan,0.0014943049,28.2556076920,nan,nan,nan,nan,nan,nan,nan
143,48.4210526316,0.2924629408,nan,0.0019780285,27.0376745169,nan,nan,nan,nan,nan,nan,nan
144,48.4210526316,0.4254985173,nan,0.0007391830,31.3124802031,nan,nan,nan,nan,nan,nan,nan
145,48.4210526316,0.2540369364,nan,0.0024542234,26.1008591475,nan,nan,nan,nan,nan,nan,nan
146,48.4210526316,1.1410808287,nan,0.0000000064,81.9611480784,nan,nan,nan,nan,nan,nan,nan
147,48.4210526316,0.5443655107,nan,0.0002243845,36.4900713341,nan,nan,nan,nan,nan,nan,nan
148,48.4210526316,0.6356312887,nan,0.0000734900,41.3377180037,nan,nan,nan,nan,nan,nan,nan
149,48.4210526316,0.8606301822,nan,0.0000022211,56.5343805513,nan,nan,nan,nan,nan,nan,nan
150,48.4210526316,0.8449341499,nan,0.0000029348,55.3241647060,nan,nan,nan,nan,nan,nan,nan
151,48.4210526316,0.7013288602,nan,0.0000295310,45.2972155210,nan,nan,nan,nan,nan,nan,nan
152,48.4210526316,1.2248837444,nan,0.0000000008,90.9588702797,nan,nan,nan,nan,nan,nan,nan
153,48.4210526316,0.4096597601,nan,0.0008473342,30.7194527248,nan,nan,nan,nan,nan,nan,nan
154,48.4210526316,0.0856760232,nan,0.0044032487,23.5622678499,nan,nan,nan,nan,nan,nan,nan
155,48.4210526316,0.3212678694,nan,0.0016491541,27.8273875941,nan,nan,nan,nan,nan,nan,nan
156,48.4210526316,0.6541790332,nan,0.0000573365,42.4156846695,nan,nan,nan,nan,nan,nan,nan
157,48.4210526316,0.8685345556,nan,0.0000019265,57.1523660410,nan,nan,nan,nan,nan,nan,nan
158,48.4210526316,0.3000042909,nan,0.0018892171,27.2371812332,nan,nan,nan,nan,nan,nan,nan
159,48.4210526316,0.2735953963,nan,0.0022074787,26.5610347388,nan,nan,nan,nan,nan,nan,nan
160,48.4210526316,0.7182096586,nan,0.0000230240,46.3781873682,nan,nan,nan,nan,nan,nan,nan
161,48.4210526316,0.9562210185,nan,0.0000003638,64.3914977457,nan,nan,nan,nan,nan,nan,nan
162,48.4210526316,0.3230532154,nan,0.0016297451,27.8788030976,nan,nan,nan,nan,nan,nan,nan
163,48.4210526316,0.6635355974,nan,0.0000504501,42.9713771671,nan,nan,nan,nan,nan,nan,nan
164,48.4210526316,1.1029369566,nan,0.0000000156,78.0792228593,nan,nan,nan,nan,nan,nan,nan
165,48.4210526316,0.2346670966,nan,0.0027045046,25.6791227715,nan,nan,nan,nan,nan,nan,nan
166,48.4210526316,0.5493299342,nan,0.0002121165,36.7342553462,nan,nan,nan,nan,nan,nan,nan
167,48.4210526316,0.2469269995,nan,0.0025455834,25.9421266789,nan,nan,nan,nan,nan,nan,nan
168,48.4210526316,0.6937774933,nan,0.0000329452,44.8220783716,nan,nan,nan,nan,nan,nan,nan
169,48.4210526316,0.8584951689,nan,0.0000023076,56.3684397985,nan,nan,nan,nan,nan,nan,nan
170,48.4210526316,0.2819282592,nan,0.0021049512,26.7675796496,nan,nan,nan,nan,nan,nan,nan
171,48.4210526316,0.3195290338,nan,0.0016681732,27.7775886152,nan,nan,nan,nan,nan,nan,nan
172,48.4210526316,0.4760848139,nan,0.0004614247,33.3589912075,nan,nan,nan,nan,nan,nan,nan
173,48.4210526316,0.3511132696,nan,0.0013412894,28.7247752034,nan,nan,nan,nan,nan,nan,nan
174,48.4210526316,0.4628461454,nan,0.0005246912,32.8009624762,nan,nan,nan,nan,nan,nan,nan
175,48.4210526316,1.0356627627,nan,0.0000000699,71.5579743951,nan,nan,nan,nan,nan,nan,nan
176,48.4210526316,0.1177841866,nan,0.0041206274,23.8503665245,nan,nan,nan,nan,nan,nan,nan
177,48.4210526316,0.4379298021,nan,0.0006616268,31.7938688859,nan,nan,nan,nan,nan,nan,nan
178,48.4210526316,0.2452821128,nan,0.0025668157,25.9060530653,nan,nan,nan,nan,nan,nan,nan
179,48.4210526316,0.4212227733,nan,0.0007673355,31.1501473081,nan,nan,nan,nan,nan,nan,nan
180,48.4210526316,0.4791583637,nan,0.0004476285,33.4908229372,nan,nan,nan,nan,nan,nan,nan
181,48.4210526316,0.5970000471,nan,0.0001204150,39.1931934915,nan,nan,nan,nan,nan,nan,nan
182,48.4210526316,0.7921310117,nan,0.0000072140,51.4182429699,nan,nan,nan,nan,nan,nan,nan
183,48.4210526316,0.4219251832,nan,0.0007626581,31.1767011482,nan,nan,nan,nan,nan,nan,nan
184,48.4210526316,0.3573166411,nan,0.0012819124,28.9214166172,nan,nan,nan,nan,nan,nan,nan
185,48.4210526316,0.0551151568,nan,0.0045990476,23.3733209386,nan,nan,nan,nan,nan,nan,nan
186,48.4210526316,0.4824816117,nan,0.0004330788,33.6343305250,nan,nan,nan,nan,nan,nan,nan
187,48.4210526316,0.2599459342,nan,0.0023788941,26.2362489799,nan,nan,nan,nan,nan,nan,nan
188,48.4210526316,0.2340998460,nan,0.0027118885,25.6672817660,nan,nan,nan,nan,nan,nan,nan
189,48.4210526316,0.0663996296,nan,0.0045358339,23.4334285511,nan,nan,nan,nan,nan,nan,nan
190,48.4210526316,0.3019625171,nan,0.0018664542,27.2898265811,nan,nan,nan,nan,nan,nan,nan
191,48.4210526316,0.1990147690,nan,0.0031686773,24.9912199243,nan,nan,nan,nan,nan,nan,nan
192,48.4210526316,0.3359046570,nan,0.0014936836,28.2574139301,nan,nan,nan,nan,nan,nan,nan
193,48.4210526316,0.0865783963,nan,0.0043963179,23.5691091291,nan,nan,nan,nan,nan,nan,nan
194,48.4210526316,0.3545247566,nan,0.0013084330,28.8324851812,nan,nan,nan,nan,nan,nan,nan
195,48.4210526316,0.6369931009,nan,0.0000721806,41.4157976202,nan,nan,nan,nan,nan,nan,nan
196,48.4210526316,0.5032988553,nan,0.0003502584,34.5561143961,nan,nan,nan,nan,nan,nan,nan
197,48.4210526316,0.3755985926,nan,0.0011165529,29.5212067939,nan,nan,nan,nan,nan,nan,nan
198,48.4210526316,0.6954825622,nan,0.0000321447,44.9289076468,nan,nan,nan,nan,nan,nan,nan
199,48.4210526316,0.5436114645,nan,0.0002262988,36.4531784094,nan,nan,nan,nan,nan,nan,nan
200,48.4210526316,0.1680299437,nan,0.0035594091,24.4862209756,nan,nan,nan,nan,nan,nan,nan
201,48.4210526316,0.4150511237,nan,0.0008093271,30.9187590959,nan,nan,nan,nan,nan,nan,nan
202,48.4210526316,0.7830198109,nan,0.0000083752,50.7700575391,nan,nan,nan,nan,nan,nan,nan
203,48.4210526316,0.3506389310,nan,0.0013458968,28.7098824701,nan,nan,nan,nan,nan,nan,nan
204,48.4210526316,0.8040002744,nan,0.0000059238,52.2740206654,nan,nan,nan,nan,nan,nan,nan
205,48.4210526316,0.1612913901,nan,0.0036409878,24.3878077615,nan,nan,nan,nan,nan,nan,nan
206,48.4210526316,1.1864936720,nan,0.0000000021,86.7569784115,nan,nan,nan,nan,nan,nan,nan
207,48.4210526316,0.7867630287,nan,0.0000078787,51.0354379435,nan,nan,nan,nan,nan,nan,nan
208,48.4210526316,0.4506235041,nan,0.0005888582,32.2998925024,nan,nan,nan,nan,nan,nan,nan
209,48.4210526316,0.4160575633,nan,0.0008023693,30.9562568726,nan,nan,nan,nan,nan,nan,nan
210,48.4210526316,0.9430039733,nan,0.0000004726,63.2552817826,nan,nan,nan,nan,nan,nan,nan
211,48.4210526316,0.8927256964,nan,0.0000012362,59.0792152781,nan,nan,nan,nan,nan,nan,nan
212,48.4210526316,0.5146891670,nan,0.0003106598,35.0771491264,nan,nan,nan,nan,nan,nan,nan
213,48.4210526316,0.7539658627,nan,0.0000133236,48.7537703003,nan,nan,nan,nan,nan,nan,nan
214,48.4210526316,0.3681462413,nan,0.0011822092,29.2730568106,nan,nan,nan,nan,nan,nan,nan
215,48.4210526316,0.5997315914,nan,0.0001164029,39.3403615214,nan,nan,nan,nan,nan,nan,nan
216,48.4210526316,0.5253989162,nan,0.0002768335,35.5778135088,nan,nan,nan,nan,nan,nan,nan
217,48.4210526316,1.2457188096,nan,0.0000000005,93.2959921758,nan,nan,nan,nan,nan,nan,nan
218,48.4210526316,0.1261390352,nan,0.0040360565,23.9404276404,nan,nan,nan,nan,nan,nan,nan
219,48.4210526316,1.0653111717,nan,0.0000000365,74.3808005103,nan,nan,nan,nan,nan,nan,nan
220,48.4210526316,0.3937156382,nan,0.0009670616,30.1454586970,nan,nan,nan,nan,nan,nan,nan
221,48.4210526316,0.4067228525,nan,0.0008685621,30.6119911083,nan,nan,nan,nan,nan,nan,nan
222,48.4210526316,0.0530838854,nan,0.0046092471,23.3637000557,nan,nan,nan,nan,nan,nan,nan
223,48.4210526316,1.1684489491,nan,0.0000000033,84.8286941148,nan,nan,nan,nan,nan,nan,nan
224,48.4210526316,0.7082687735,nan,0.0000266780,45.7384685445,nan,nan,nan,nan,nan,nan,nan
225,48.4210526316,0.6869546032,nan,0.0000363308,44.3972520851,nan,nan,nan,nan,nan,nan,nan
226,48.4210526316,1.0873552363,nan,0.0000000222,76.5318659864,nan,nan,nan,nan,nan,nan,nan
227,48.4210526316,1.5671772250,nan,0.0000000000,134.4139050490,nan,nan,nan,nan,nan,nan,nan
228,48.4210526316,0.2283864883,nan,0.0027863551,25.5496353621,nan,nan,nan,nan,nan,nan,nan
229,48.4210526316,0.4728975503,nan,0.0004760813,33.2231884622,nan,nan,nan,nan,nan,nan,nan
230,48.4210526316,1.4495133695,nan,0.0000000000,118.2602362224,nan,nan,nan,nan,nan,nan,nan
231,48.4210526316,0.4356573218,nan,0.0006753327,31.7048219339,nan,nan,nan,nan,nan,nan,nan
232,48.4210526316,0.1228130388,nan,0.0040702143,23.9038272488,nan,nan,nan,nan,nan,nan,nan
233,48.4210526316,0.5403343736,nan,0.0002347771,36.2934424600,nan,nan,nan,nan,nan,nan,nan
234,48.4210526316,0.8569314427,nan,0.0000023729,56.2471660332,nan,nan,nan,nan,nan,nan,nan
235,48.4210526316,0.4034898700,nan,0.0008923597,30.4946005143,nan,nan,nan,nan,nan,nan,nan
236,48.4210526316,1.2024948728,nan,0.0000000014,88.4919002884,nan,nan,nan,nan,nan,nan,nan
237,48.4210526316,0.5454427431,nan,0.0002216733,36.5428664079,nan,nan,nan,nan,nan,nan,nan
238,48.4210526316,0.2593448522,nan,0.0023865290,26.2223328059,nan,nan,nan,nan,nan,nan,nan
239,48.4210526316,0.9313309709,nan,0.0000005936,62.2651044547,nan,nan,nan,nan,nan,nan,nan
240,48.4210526316,0.9880646390,nan,0.0000001908,67.1946822316,nan,nan,nan,nan,nan,nan,nan
241,48.4210526316,0.2773847568,nan,0.0021606361,26.6541836521,nan,nan,nan,nan,nan,nan,nan
242,48.4210526316,0.3804814974,nan,0.0010748486,29.6865271655,nan,nan,nan,nan,nan,nan,nan
243,48.4210526316,0.8043784388,nan,0.0000058864,52.3014981066,nan,nan,nan,nan,nan,nan,nan
244,48.4210526316,0.8032590077,nan,0.0000059976,52.2201981242,nan,nan,nan,nan,nan,nan,nan
245,48.4210526316,0.0444193665,nan,0.0046486166,23.3267626967,nan,nan,nan,nan,nan,nan,nan
246,48.4210526316,0.3500507528,nan,0.0013516231,28.6914438150,nan,nan,nan,nan,nan,nan,nan
247,48.4210526316,0.7896378954,nan,0.0000075160,51.2401247683,nan,nan,nan,nan,nan,nan,nan
248,48.4210526316,1.1068606762,nan,0.0000000142,78.4723820221,nan,nan,nan,nan,nan,nan,nan
249,48.4210526316,0.9430357821,nan,0.0000004723,63.2579970519,nan,nan,nan,nan,nan,nan,nan
250,48.4210526316,0.3919438882,nan,0.0009810479,30.0830978976,nan,nan,nan,nan,nan,nan,nan
251,48.4210526316,0.0463577702,nan,0.0046403959,23.3344496501,nan,nan,nan,nan,nan,nan,nan
252,48.4210526316,0.4320093922,nan,0.0006977730,31.5628581339,nan,nan,nan,nan,nan,nan,nan
253,48.4210526316,0.9285398946,nan,0.0000006266,62.0301961329,nan,nan,nan,nan,nan,nan,nan
254,48.4210526316,0.7767634985,nan,0.0000092697,50.3293662392,nan,nan,nan,nan,nan,nan,nan
255,48.4210526316,0.7922016443,nan,0.0000072056,51.4232975239,nan,nan,nan,nan,nan,nan,nan
256,48.4210526316,0.4690384854,nan,0.0004943111,33.0599967365,nan,nan,nan,nan,nan,nan,nan
257,48.4210526316,0.5577198805,nan,0.0001926625,37.1520279081,nan,nan,nan,nan,nan,nan,nan
258,48.4210526316,0.2210103649,nan,0.0028826384,25.4020983196,nan,nan,nan,nan,nan,nan,nan
259,48.4210526316,0.6259351603,nan,0.0000834319,40.7866762823,nan,nan,nan,nan,nan,nan,nan
260,48.4210526316,0.0186216796,nan,0.0047249856,23.2559951277,nan,nan,nan,nan,nan,nan,nan
261,48.4210526316,1.0363434417,nan,0.0000000688,71.6218779376,nan,nan,nan,nan,nan,nan,nan
262,48.4210526316,0.4847536371,nan,0.0004233484,33.7330207846,nan,nan,nan,nan,nan,nan,nan
263,48.4210526316,1.1617254292,nan,0.0000000039,84.1178539123,nan,nan,nan,nan,nan,nan,nan
264,48.4210526316,1.0655905880,nan,0.0000000362,74.4077871444,nan,nan,nan,nan,nan,nan,nan
265,48.4210526316,0.6611113810,nan,0.0000521599,42.8266350658,nan,nan,nan,nan,nan,nan,nan
266,48.4210526316,0.3251176333,nan,0.0016074539,27.9386148646,nan,nan,nan,nan,nan,nan,nan
267,48.4210526316,0.8425682777,nan,0.0000030594,55.1437024083,nan,nan,nan,nan,nan,nan,nan
268,48.4210526316,0.7085400325,nan,0.0000265717,45.7558049807,nan,nan,nan,nan,nan,nan,nan
269,48.4210526316,0.2379308963,nan,0.0026620635,25.7478158944,nan,nan,nan,nan,nan,nan,nan
270,48.4210526316,0.3447085862,nan,0.0014042979,28.5254074111,nan,nan,nan,nan,nan,nan,nan
271,48.4210526316,0.5099630251,nan,0.0003266235,34.8595262120,nan,nan,nan,nan,nan,nan,nan
272,48.4210526316,0.5456105447,nan,0.0002212534,36.5510998604,nan,nan,nan,nan,nan,nan,nan
273,48.4210526316,0.2217221146,nan,0.0028733457,25.4161211472,nan,nan,nan,nan,nan,nan,nan
274,48.4210526316,0.7980850308,nan,0.0000065374,51.8459201790,nan,nan,nan,nan,nan,nan,nan
275,48.4210526316,0.5569553630,nan,0.0001943706,37.1136939095,nan,nan,nan,nan,nan,nan,nan
276,48.4210526316,0.7636887826,nan,0.0000114290,49.4199365796,nan,nan,nan,nan,nan,nan,nan
277,48.4210526316,1.0034102300,nan,0.0000001387,68.5787234461,nan,nan,nan,nan,nan,nan,nan
278,48.4210526316,0.6983931943,nan,0.0000308185,45.1118831623,nan,nan,nan,nan,nan,nan,nan
279,48.4210526316,1.2920694694,nan,0.0000000001,98.6383279352,nan,nan,nan,nan,nan,nan,nan
280,48.4210526316,0.1982154785,nan,0.0031789898,24.9771087223,nan,nan,nan,nan,nan,nan,nan
281,48.4210526316,0.1100191987,nan,0.0041954082,23.7722577381,nan,nan,nan,nan,nan,nan,nan
282,48.4210526316,1.2154431309,nan,0.0000000010,89.9130205868,nan,nan,nan,nan,nan,nan,nan
283,48.4210526316,0.8280626763,nan,0.0000039369,54.0484450598,nan,nan,nan,nan,nan,nan,nan
284,48.4210526316,0.7822185001,nan,0.0000084851,50.7134139262,nan,nan,nan,nan,nan,nan,nan
285,48.4210526316,0.6665121968,nan,0.0000484191,43.1498333446,nan,nan,nan,nan,nan,nan,nan
286,48.4210526316,0.9835243326,nan,0.0000002094,66.7893219529,nan,nan,nan,nan,nan,nan,nan
287,48.4210526316,0.3128051182,nan,0.0017427724,27.5875932049,nan,nan,nan,nan,nan,nan,nan
288,48.4210526316,1.1771541511,nan,0.0000000027,85.7552117957,nan,nan,nan,nan,nan,nan,nan
289,48.4210526316,0.7112325275,nan,0.0000255373,45.9282491909,nan,nan,nan,nan,nan,nan,nan
290,48.4210526316,0.9457745922,nan,0.0000004475,63.4921353553,nan,nan,nan,nan,nan,nan,nan
291,48.4210526316,0.4891361283,nan,0.0004050691,33.9247086554,nan,nan,nan,nan,nan,nan,nan
292,48.4210526316,0.7455244880,nan,0.0000151970,48.1824116794,nan,nan,nan,nan,nan,nan,nan
293,48.4210526316,0.4242216320,nan,0.0007475103,31.2638282736,nan,nan,nan,nan,nan,nan,nan
294,48.4210526316,0.2768074683,nan,0.0021677494,26.6399092266,nan,nan,nan,nan,nan,nan,nan
295,48.4210526316,0.8782767969,nan,0.0000016137,57.9219054048,nan,nan,nan,nan,nan,nan,nan
296,48.4210526316,1.1687351696,nan,0.0000000033,84.8590467027,nan,nan,nan,nan,nan,nan,nan
297,48.4210526316,0.6928091411,nan,0.0000334078,44.7615254177,nan,nan,nan,nan,nan,nan,nan
298,48.4210526316,0.2992020202,nan,0.0018985792,27.2157128854,nan,nan,nan,nan,nan,nan,nan
299,48.4210526316,0.4894458734,nan,0.0004038013,33.9383227858,nan,nan,nan,nan,nan,nan,nan
300,48.4210526316,0.3019935281,nan,0.0018660948,27.2906630751,nan,nan,nan,nan,nan,nan,nan
301,48.4210526316,1.3202889061,nan,0.0000000001,101.9875782954,nan,nan,nan,nan,nan,nan,nan
302,48.4210526316,0.7987890696,nan,0.0000064614,51.8967054984,nan,nan,nan,nan,nan,nan,nan
303,48.4210526316,0.2661966936,nan,0.0022999067,26.3828977441,nan,nan,nan,nan,nan,nan,nan
304,48.4210526316,0.1531589654,nan,0.0037372641,24.2744620875,nan,nan,nan,nan,nan,nan,nan
305,48.4210526316,0.8899232352,nan,0.0000013022,58.8532538451,nan,nan,nan,nan,nan,nan,nan
306,48.4210526316,0.1961437076,nan,0.0032056789,24.9407997478,nan,nan,nan,nan,nan,nan,nan
307,48.4210526316,0.3487214962,nan,0.0013646181,28.6498886396,nan,nan,nan,nan,nan,nan,nan
308,48.4210526316,0.9455382470,nan,0.0000004496,63.4719033395,nan,nan,nan,nan,nan,nan,nan
309,48.4210526316,0.5223364053,nan,0.0002861817,35.4335808666,nan,nan,nan,nan,nan,nan,nan
310,48.4210526316,0.4939665640,nan,0.0003856549,34.1380115346,nan,nan,nan,nan,nan,nan,nan
311,48.4210526316,0.7457570186,nan,0.0000151424,48.1980634635,nan,nan,nan,nan,nan,nan,nan
312,48.4210526316,0.7125000692,nan,0.0000250631,46.0096595585,nan,nan,nan,nan,nan,nan,nan
313,48.4210526316,0.2828636115,nan,0.0020935554,26.7911553738,nan,nan,nan,nan,nan,nan,nan
314,48.4210526316,0.3857000702,nan,0.0010314304,29.8656005551,nan,nan,nan,nan,nan,nan,nan
315,48.4210526316,0.1803083981,nan,0.0034072018,24.6760214039,nan,nan,nan,nan,nan,nan,nan
316,48.4210526316,0.6630650279,nan,0.0000507781,42.9432390645,nan,nan,nan,nan,nan,nan,nan
317,48.4210526316,1.4015423855,nan,0.0000000000,112.0401801490,nan,nan,nan,nan,nan,nan,nan
318,48.4210526316,0.7486695066,nan,0.0000144726,48.3945231588,nan,nan,nan,nan,nan,nan,nan
319,48.4210526316,0.3610272619,nan,0.0012471809,29.0407054290,nan,nan,nan,nan,nan,nan,nan
320,48.4210526316,0.7934627840,nan,0.0000070573,51.5136228805,nan,nan,nan,nan,nan,nan,nan
321,48.4210526316,1.6497903381,nan,0.0000000000,146.5176052866,nan,nan,nan,nan,nan,nan,nan
322,48.4210526316,0.8121706670,nan,0.0000051635,52.8705915589,nan,nan,nan,nan,nan,nan,nan
323,48.4210526316,0.8686801122,nan,0.0000019214,57.1637996573,nan,nan,nan,nan,nan,nan,nan
324,48.4210526316,0.8350349147,nan,0.0000034894,54.5724880455,nan,nan,nan,nan,nan,nan,nan
325,48.4210526316,0.5127874516,nan,0.0003170051,34.9893373419,nan,nan,nan,nan,nan,nan,nan
326,48.4210526316,0.1233731239,nan,0.0040645069,23.9099213417,nan,nan,nan,nan,nan,nan,nan
327,48.4210526316,0.4481407430,nan,0.0006025917,32.1997686627,nan,nan,nan,nan,nan,nan,nan
328,48.4210526316,0.5214225255,nan,0.0002890210,35.3907058452,nan,nan,nan,nan,nan,nan,nan
329,48.4210526316,0.4510399170,nan,0.0005865783,32.3167402419,nan,nan,nan,nan,nan,nan,nan
330,48.4210526316,0.6986381969,nan,0.0000307092,45.1273204114,nan,nan,nan,nan,nan,nan,nan
331,48.4210526316,0.1392465497,nan,0.0038955573,24.0943039996,nan,nan,nan,nan,nan,nan,nan
332,48.4210526316,0.8808735925,nan,0.0000015387,58.1284921087,nan,nan,nan,nan,nan,nan,nan
333,48.4210526316,0.6623999443,nan,0.0000512448,42.9035042725,nan,nan,nan,nan,nan,nan,nan
334,48.4210526316,0.7945972563,nan,0.0000069263,51.5950002522,nan,nan,nan,nan,nan,nan,nan
335,48.4210526316,0.5403589497,nan,0.0002347126,36.2946367421,nan,nan,nan,nan,nan,nan,nan
336,48.4210526316,0.6580362410,nan,0.0000544026,42.6437995673,nan,nan,nan,nan,nan,nan,nan
337,48.4210526316,0.8735573467,nan,0.0000017587,57.5480317372,nan,nan,nan,nan,nan,nan,nan
338,48.4210526316,0.5475887790,nan,0.0002163536,36.6483581792,nan,nan,nan,nan,nan,nan,nan
339,48.4210526316,0.4294308265,nan,0.0007139637,31.4632384719,nan,nan,nan,nan,nan,nan,nan
340,48.4210526316,0.9042624047,nan,0.0000009961,60.0169859740,nan,nan,nan,nan,nan,nan,nan
341,48.4210526316,0.1003721986,nan,0.0042828042,23.6827177834,nan,nan,nan,nan,nan,nan,nan
342,48.4210526316,0.4360471102,nan,0.0006729670,31.7200624601,nan,nan,nan,nan,nan,nan,nan
343,48.4210526316,0.6804022120,nan,0.0000398725,43.9932664676,nan,nan,nan,nan,nan,nan,nan
344,48.4210526316,0.9466112789,nan,0.0000004402,63.5637998909,nan,nan,nan,nan,nan,nan,nan
345,48.4210526316,0.5628793613,nan,0.0001814629,37.4121226284,nan,nan,nan,nan,nan,nan,nan
346,48.4210526316,0.7541504039,nan,0.0000132852,48.7663337568,nan,nan,nan,nan,nan,nan,nan
347,48.4210526316,0.6034346633,nan,0.0001111487,39.5409580572,nan,nan,nan,nan,nan,nan,nan
348,48.4210526316,1.0425864318,nan,0.0000000601,72.2099640354,nan,nan,nan,nan,nan,nan,nan
349,48.4210526316,0.4300878060,nan,0.0007098126,31.4885627738,nan,nan,nan,nan,nan,nan,nan
350,48.4210526316,0.9738638251,nan,0.0000002551,65.9331127155,nan,nan,nan,nan,nan,nan,nan
351,48.4210526316,0.2927253470,nan,0.0019749085,27.0445302035,nan,nan,nan,nan,nan,nan,nan
352,48.4210526316,0.4383895677,nan,0.0006588792,31.8119417710,nan,nan,nan,nan,nan,nan,nan
353,48.4210526316,0.7855341599,nan,0.0000080386,50.9481744770,nan,nan,nan,nan,nan,nan,nan
354,48.4210526316,0.6312585131,nan,0.0000778369,41.0881474571,nan,nan,nan,nan,nan,nan,nan
355,48.4210526316,0.4981871121,nan,0.0003693075,34.3261188919,nan,nan,nan,nan,nan,nan,nan
356,48.4210526316,0.0373722980,nan,0.0046756143,23.3016132427,nan,nan,nan,nan,nan,nan,nan
357,48.4210526316,0.8959934593,nan,0.0000011632,59.3436015063,nan,nan,nan,nan,nan,nan,nan
358,48.4210526316,0.7966761403,nan,0.0000066920,51.7444269423,nan,nan,nan,nan,nan,nan,nan
359,48.4210526316,0.4006810396,nan,0.0009134020,30.3933804029,nan,nan,nan,nan,nan,nan,nan
360,48.4210526316,0.9594146836,nan,0.0000003413,64.6684443068,nan,nan,nan,nan,nan,nan,nan
361,48.4210526316,0.6548528787,nan,0.0000568141,42.4554380258,nan,nan,nan,nan,nan,nan,nan
362,48.4210526316,0.5430091170,nan,0.0002278377,36.4237447598,nan,nan,nan,nan,nan,nan,nan
363,48.4210526316,1.1958978731,nan,0.0000000017,87.7737754705,nan,nan,nan,nan,nan,nan,nan
364,48.4210526316,0.3034862939,nan,0.0018488293,27.3310318377,nan,nan,nan,nan,nan,nan,nan
365,48.4210526316,0.7159194620,nan,0.0000238231,46.2300082630,nan,nan,nan,nan,nan,nan,nan
366,48.4210526316,0.9893165519,nan,0.0000001859,67.3067856933,nan,nan,nan,nan,nan,nan,nan
367,48.4210526316,0.6636231985,nan,0.0000503893,42.9766175733,nan,nan,nan,nan,nan,nan,nan
368,48.4210526316,0.4883239496,nan,0.0004084085,33.8890526297,nan,nan,nan,nan,nan,nan,nan
369,48.4210526316,0.3388584312,nan,0.0014633407,28.3465455942,nan,nan,nan,nan,nan,nan,nan
370,48.4210526316,0.1034648906,nan,0.0042554761,23.7105183997,nan,nan,nan,nan,nan,nan,nan
371,48.4210526316,0.8153900403,nan,0.0000048895,53.1073339169,nan,nan,nan,nan,nan,nan,nan
372,48.4210526316,0.7423730170,nan,0.0000159560,47.9707711309,nan,nan,nan,nan,nan,nan,nan
373,48.4210526316,0.9798452978,nan,0.0000002258,66.4622416208,nan,nan,nan,nan,nan,nan,nan
374,48.4210526316,0.5534701545,nan,0.0002023199,36.9396145986,nan,nan,nan,nan,nan,nan,nan
375,48.4210526316,0.3137313289,nan,0.0017323985,27.6135220748,nan,nan,nan,nan,nan,nan,nan
376,48.4210526316,0.4238911640,nan,0.0007496765,31.2512608646,nan,nan,nan,nan,nan,nan,nan
377,48.4210526316,0.5524533014,nan,0.0002046900,36.8890331062,nan,nan,nan,nan,nan,nan,nan
378,48.4210526316,0.9870502280,nan,0.0000001948,67.1039513737,nan,nan,nan,nan,nan,nan,nan
379,48.4210526316,0.5447768547,nan,0.0002233460,36.5102188093,nan,nan,nan,nan,nan,nan,nan
380,48.4210526316,0.9965109309,nan,0.0000001602,67.9537956552,nan,nan,nan,nan,nan,nan,nan
381,48.4210526316,0.6706387177,nan,0.0000457239,43.3985675086,nan,nan,nan,nan,nan,nan,nan
382,48.4210526316,0.6077185566,nan,0.0001053276,39.7745763959,nan,nan,nan,nan,nan,nan,nan
383,48.4210526316,0.6119751405,nan,0.0000998077,40.0083614784,nan,nan,nan,nan,nan,nan,nan
384,48.4210526316,0.7225177573,nan,0.0000215863,46.6582251828,nan,nan,nan,nan,nan,nan,nan
385,48.4210526316,0.4771091749,nan,0.0004567901,33.4028330903,nan,nan,nan,nan,nan,nan,nan
386,48.4210526316,0.5122531398,nan,0.0003188068,34.9647246514,nan,nan,nan,nan,nan,nan,nan
387,48.4210526316,0.4887641871,nan,0.0004065957,33.9083723661,nan,nan,nan,nan,nan,nan,nan
388,48.4210526316,0.6436592422,nan,0.0000660626,41.8004406424,nan,nan,nan,nan,nan,nan,nan
389,48.4210526316,1.2684261954,nan,0.0000000003,95.8885572222,nan,nan,nan,nan,nan,nan,nan
390,48.4210526316,0.8264100226,nan,0.0000040505,53.9248810345,nan,nan,nan,nan,nan,nan,nan
391,48.4210526316,0.4730141608,nan,0.0004755388,33.2281407324,nan,nan,nan,nan,nan,nan,nan
392,48.4210526316,0.4993907158,nan,0.0003647489,34.3800595067,nan,nan,nan,nan,nan,nan,nan
393,48.4210526316,0.5804727694,nan,0.0001473247,38.3172449802,nan,nan,nan,nan,nan,nan,nan
394,48.4210526316,1.2892544668,nan,0.0000000001,98.3082419212,nan,nan,nan,nan,nan,nan,nan
395,48.4210526316,0.6849196439,nan,0.0000373993,44.2713679589,nan,nan,nan,nan,nan,nan,nan
396,48.4210526316,0.3387607763,nan,0.0014643382,28.3435861865,nan,nan,nan,nan,nan,nan,nan
397,48.4210526316,0.6456711371,nan,0.0000643084,41.9173248457,nan,nan,nan,nan,nan,nan,nan
398,48.4210526316,1.7132706176,nan,0.0000000000,156.2455472816,nan,nan,nan,nan,nan,nan,nan
399,48.4210526316,0.3793996666,nan,0.0010839985,29.6497133583,nan,nan,nan,nan,nan,nan,nan
400,48.4210526316,0.4802527801,nan,0.0004427951,33.5379722316,nan,nan,nan,nan,nan,nan,nan
401,48.4210526316,0.9838950550,nan,0.0000002079,66.8223493722,nan,nan,nan,nan,nan,nan,nan
402,48.4210526316,0.8378759767,nan,0.0000033210,54.7873009101,nan,nan,nan,nan,nan,nan,nan
403,48.4210526316,0.4708068418,nan,0.0004858913,33.1346088847,nan,nan,nan,nan,nan,nan,nan
404,48.4210526316,0.9763258737,nan,0.0000002426,66.1505118413,nan,nan,nan,nan,nan,nan,nan
405,48.4210526316,1.0622445625,nan,0.0000000390,74.0850911834,nan,nan,nan,nan,nan,nan,nan
406,48.4210526316,0.3397963600,nan,0.0014537800,28.3750132236,nan,nan,nan,nan,nan,nan,nan
407,48.4210526316,0.5802063011,nan,0.0001477976,38.3033258855,nan,nan,nan,nan,nan,nan,nan
408,48.4210526316,0.7407402615,nan,0.0000163626,47.8614782901,nan,nan,nan,nan,nan,nan,nan
409,48.4210526316,0.2990208977,nan,0.0019006957,27.2108741900,nan,nan,nan,nan,nan,nan,nan
410,48.4210526316,0.9645499036,nan,0.0000003079,65.1157164001,nan,nan,nan,nan,nan,nan,nan
411,48.4210526316,0.3757230381,nan,0.0011154771,29.5253933169,nan,nan,nan,nan,nan,nan,nan
412,48.4210526316,0.4210461289,nan,0.0007685150,31.1434765052,nan,nan,nan,nan,nan,nan,nan
413,48.4210526316,0.3650172678,nan,0.0012104958,29.1703670887,nan,nan,nan,nan,nan,nan,nan
414,48.4210526316,0.7937850741,nan,0.0000070198,51.5367292648,nan,nan,nan,nan,nan,nan,nan
415,48.4210526316,0.8399567967,nan,0.0000032025,54.9451001264,nan,nan,nan,nan,nan,nan,nan
416,48.4210526316,0.3056950905,nan,0.0018234197,27.3911336209,nan,nan,nan,nan,nan,nan,nan
417,48.4210526316,0.1461679892,nan,0.0038178908,24.1817649221,nan,nan,nan,nan,nan,nan,nan
418,48.4210526316,0.2343204131,nan,0.0027090171,25.6718825224,nan,nan,nan,nan,nan,nan,nan
419,48.4210526316,0.4534350633,nan,0.0005735943,32.4139517070,nan,nan,nan,nan,nan,nan,nan
420,48.4210526316,0.2100709176,nan,0.0030253057,25.1923073557,nan,nan,nan,nan,nan,nan,nan
421,48.4210526316,1.0252785821,nan,0.0000000873,70.5883528717,nan,nan,nan,nan,nan,nan,nan
422,48.4210526316,0.3950281795,nan,0.0009567886,30.1918400743,nan,nan,nan,nan,nan,nan,nan
423,48.4210526316,1.1243749200,nan,0.0000000095,80.2445454011,nan,nan,nan,nan,nan,nan,nan
424,48.4210526316,0.3276994548,nan,0.0015798070,28.0139597002,nan,nan,nan,nan,nan,nan,nan
425,48.4210526316,0.5665191199,nan,0.0001738976,37.5970642377,nan,nan,nan,nan,nan,nan,nan
426,48.4210526316,1.5405164936,nan,0.0000000000,130.6420321841,nan,nan,nan,nan,nan,nan,nan
427,48.4210526316,0.4007517995,nan,0.0009128677,30.3959215531,nan,nan,nan,nan,nan,nan,nan
428,48.4210526316,0.2257565458,nan,0.0028206752,25.4964692579,nan,nan,nan,nan,nan,nan,nan
429,48.4210526316,0.9940758525,nan,0.0000001685,67.7342714923,nan,nan,nan,nan,nan,nan,nan
430,48.4210526316,0.7637629321,nan,0.0000114155,49.4250501120,nan,nan,nan,nan,nan,nan,nan
431,48.4210526316,0.3059177712,nan,0.0018208672,27.3972172737,nan,nan,nan,nan,nan,nan,nan
432,48.4210526316,0.2342560367,nan,0.0027098551,25.6705392584,nan,nan,nan,nan,nan,nan,nan
433,48.4210526316,0.8735066074,nan,0.0000017603,57.5440232540,nan,nan,nan,nan,nan,nan,nan
434,48.4210526316,0.1909754929,nan,0.0032719707,24.8519058928,nan,nan,nan,nan,nan,nan,nan
435,48.4210526316,0.9179344251,nan,0.0000007684,61.1441008194,nan,nan,nan,nan,nan,nan,nan
436,48.4210526316,0.4276646273,nan,0.0007252117,31.3953517327,nan,nan,nan,nan,nan,nan,nan
437,48.4210526316,0.7058620481,nan,0.0000276379,45.5849464536,nan,nan,nan,nan,nan,nan,nan
438,48.4210526316,0.8734365590,nan,0.0000017626,57.5384897148,nan,nan,nan,nan,nan,nan,nan
439,48.4210526316,0.2773338788,nan,0.0021612627,26.6529244010,nan,nan,nan,nan,nan,nan,nan
440,48.4210526316,0.6026146199,nan,0.0001122942,39.4964283664,nan,nan,nan,nan,nan,nan,nan
441,48.4210526316,0.2675764478,nan,0.0022825784,26.4157430628,nan,nan,nan,nan,nan,nan,nan
442,48.4210526316,0.6669355684,nan,0.0000481362,43.1752814015,nan,nan,nan,nan,nan,nan,nan
443,48.4210526316,0.6009463624,nan,0.0001146561,39.4060283536,nan,nan,nan,nan,nan,nan,nan
444,48.4210526316,0.4277618984,nan,0.0007245889,31.3990831396,nan,nan,nan,nan,nan,nan,nan
445,48.4210526316,0.8821452396,nan,0.0000015032,58.2298823796,nan,nan,nan,nan,nan,nan,nan
446,48.4210526316,1.1624004903,nan,0.0000000038,84.1890369315,nan,nan,nan,nan,nan,nan,nan
447,48.4210526316,0.3115613391,nan,0.0017567517,27.5528961474,nan,nan,nan,nan,nan,nan,nan
448,48.4210526316,0.5316949813,nan,0.0002584036,35.8770139370,nan,nan,nan,nan,nan,nan,nan
449,48.4210526316,0.3818758194,nan,0.0010631312,29.7341312108,nan,nan,nan,nan,nan,nan,nan
450,48.4210526316,0.4650435256,nan,0.0005137498,32.8924833150,nan,nan,nan,nan,nan,nan,nan
451,48.4210526316,0.6830279559,nan,0.0000384177,44.1546855535,nan,nan,nan,nan,nan,nan,nan
452,48.4210526316,0.5099778607,nan,0.0003265723,34.8602061679,nan,nan,nan,nan,nan,nan,nan
453,48.4210526316,0.6911478428,nan,0.0000342150,44.6578404937,nan,nan,nan,nan,nan,nan,nan
454,48.4210526316,0.5264551944,nan,0.0002736681,35.6277580500,nan,nan,nan,nan,nan,nan,nan
455,48.4210526316,1.2558771451,nan,0.0000000004,94.4499408531,nan,nan,nan,nan,nan,nan,nan
456,48.4210526316,0.6953086265,nan,0.0000322255,44.9179977376,nan,nan,nan,nan,nan,nan,nan
457,48.4210526316,1.1746223815,nan,0.0000000028,85.4850313782,nan,nan,nan,nan,nan,nan,nan
458,48.4210526316,0.5646071789,nan,0.0001778376,37.4997652810,nan,nan,nan,nan,nan,nan,nan
459,48.4210526316,0.3692944866,nan,0.0011719353,29.3109634695,nan,nan,nan,nan,nan,nan,nan
460,48.4210526316,0.1476818264,nan,0.0038006107,24.2014661514,nan,nan,nan,nan,nan,nan,nan
461,48.4210526316,0.7012370868,nan,0.0000295705,45.2914098386,nan,nan,nan,nan,nan,nan,nan
462,48.4210526316,0.1914879536,nan,0.0032654174,24.8606130321,nan,nan,nan,nan,nan,nan,nan
463,48.4210526316,0.9427225629,nan,0.0000004752,63.2312640110,nan,nan,nan,nan,nan,nan,nan
464,48.4210526316,1.1329236680,nan,0.0000000077,81.1197655362,nan,nan,nan,nan,nan,nan,nan
465,48.4210526316,0.2658913540,nan,0.0023037469,26.3756522901,nan,nan,nan,nan,nan,nan,nan
466,48.4210526316,0.3280316493,nan,0.0015762686,28.0236978519,nan,nan,nan,nan,nan,nan,nan
467,48.4210526316,0.6108765970,nan,0.0001012076,39.9478679401,nan,nan,nan,nan,nan,nan,nan
468,48.4210526316,0.9658435479,nan,0.0000003000,65.2287723160,nan,nan,nan,nan,nan,nan,nan
469,48.4210526316,0.4543473306,nan,0.0005687069,32.4511147481,nan,nan,nan,nan,nan,nan,nan
470,48.4210526316,0.9521186028,nan,0.0000003947,64.0371173723,nan,nan,nan,nan,nan,nan,nan
471,48.4210526316,0.8728034533,nan,0.0000017830,57.4884972629,nan,nan,nan,nan,nan,nan,nan
472,48.4210526316,0.9309458318,nan,0.0000005980,62.2326471648,nan,nan,nan,nan,nan,nan,nan
473,48.4210526316,0.3032565395,nan,0.0018514818,27.3248054934,nan,nan,nan,nan,nan,nan,nan
474,48.4210526316,0.5028306721,nan,0.0003519694,34.5349503541,nan,nan,nan,nan,nan,nan,nan
475,48.4210526316,0.8976296721,nan,0.0000011281,59.4763504207,nan,nan,nan,nan,nan,nan,nan
476,48.4210526316,0.3018000441,nan,0.0018683380,27.2854454423,nan,nan,nan,nan,nan,nan,nan
477,48.4210526316,0.8775028399,nan,0.0000016366,57.8604530247,nan,nan,nan,nan,nan,nan,nan
478,48.4210526316,0.3813391426,nan,0.0010676312,29.7157874815,nan,nan,nan,nan,nan,nan,nan
479,48.4210526316,0.7757760258,nan,0.0000094186,50.2601359863,nan,nan,nan,nan,nan,nan,nan
480,48.4210526316,0.3219101163,nan,0.0016421581,27.8458502220,nan,nan,nan,nan,nan,nan,nan
481,48.4210526316,0.4530245229,nan,0.0005758041,32.3972521747,nan,nan,nan,nan,nan,nan,nan
482,48.4210526316,0.5762163629,nan,0.0001550357,38.0956827827,nan,nan,nan,nan,nan,nan,nan
483,48.4210526316,0.4903618226,nan,0.0004000707,33.9786322213,nan,nan,nan,nan,nan,nan,nan
484,48.4210526316,0.5696281162,nan,0.0001676489,37.7559920414,nan,nan,nan,nan,nan,nan,nan
485,48.4210526316,0.6441482141,nan,0.0000656324,41.8288142899,nan,nan,nan,nan,nan,nan,nan
486,48.4210526316,0.2888051792,nan,0.0020217346,26.9427585812,nan,nan,nan,nan,nan,nan,nan
487,48.4210526316,0.6677088149,nan,0.0000476233,43.2218019625,nan,nan,nan,nan,nan,nan,nan
488,48.4210526316,0.6157173328,nan,0.0000951643,40.2152582187,nan,nan,nan,nan,nan,nan,nan
489,48.4210526316,0.6615751731,nan,0.0000518288,42.8542851261,nan,nan,nan,nan,nan,nan,nan
490,48.4210526316,0.9147290757,nan,0.0000008169,60.8783177695,nan,nan,nan,nan,nan,nan,nan
491,48.4210526316,0.6366579732,nan,0.0000725009,41.3965673629,nan,nan,nan,nan,nan,nan,nan
492,48.4210526316,0.5195838699,nan,0.0002948034,35.3046747531,nan,nan,nan,nan,nan,nan,nan
493,48.4210526316,0.6152920656,nan,0.0000956823,40.1916819626,nan,nan,nan,nan,nan,nan,nan
494,48.4210526316,0.2472453309,nan,0.0025414782,25.9491360999,nan,nan,nan,nan,nan,nan,nan
495,48.4210526316,0.7951697585,nan,0.0000068610,51.6361113370,nan,nan,nan,nan,nan,nan,nan
496,48.4210526316,0.7514442586,nan,0.0000138599,48.5824126038,nan,nan,nan,nan,nan,nan,nan
497,48.4210526316,0.8708654521,nan,0.0000018468,57.3356932103,nan,nan,nan,nan,nan,nan,nan
498,48.4210526316,0.9432885157,nan,0.0000004699,63.2795742403,nan,nan,nan,nan,nan,nan,nan
499,48.4210526316,0.5395978667,nan,0.0002367185,36.2576772247,nan,nan,nan,nan,nan,nan,nan
500,48.4210526316,0.7644731313,nan,0.0000112874,49.4740526757,nan,nan,nan,nan,nan,nan,nan
501,48.4210526316,0.0888489033,nan,0.0043786037,23.5866436352,nan,nan,nan,nan,nan,nan,nan
502,48.4210526316,1.3844363712,nan,0.0000000000,109.8733776957,nan,nan,nan,nan,nan,nan,nan
503,48.4210526316,0.5748592091,nan,0.0001575656,38.0253845873,nan,nan,nan,nan,nan,nan,nan
504,48.4210526316,0.1910442365,nan,0.0032710919,24.8530725339,nan,nan,nan,nan,nan,nan,nan
505,48.4210526316,0.3804745283,nan,0.0010749074,29.6862896735,nan,nan,nan,nan,nan,nan,nan
506,48.4210526316,0.0914275852,nan,0.0043580127,23.6071150866,nan,nan,nan,nan,nan,nan,nan
507,48.4210526316,1.1696876280,nan,0.0000000032,84.9601054357,nan,nan,nan,nan,nan,nan,nan
508,48.4210526316,0.6660177410,nan,0.0000487514,43.1201332464,nan,nan,nan,nan,nan,nan,nan
509,48.4210526316,0.0325376534,nan,0.0046914890,23.2868929487,nan,nan,nan,nan,nan,nan,nan
510,48.4210526316,0.3654912761,nan,0.0012061834,29.1858665676,nan,nan,nan,nan,nan,nan,nan
511,48.4210526316,0.4777810320,nan,0.0004537702,33.4316398368,nan,nan,nan,nan,nan,nan,nan
512,48.4210526316,0.6868316211,nan,0.0000363946,44.3896335968,nan,nan,nan,nan,nan,nan,nan
513,48.4210526316,0.0887994995,nan,0.0043789933,23.5862572158,nan,nan,nan,nan,nan,nan,nan
514,48.4210526316,0.5863880514,nan,0.0001371546,38.6278974633,nan,nan,nan,nan,nan,nan,nan
515,48.4210526316,0.2268009568,nan,0.0028070438,25.5175081750,nan,nan,nan,nan,nan,nan,nan
516,48.4210526316,0.2486152849,nan,0.0025238261,25.9794057265,nan,nan,nan,nan,nan,nan,nan
517,48.4210526316,0.0352924686,nan,0.0046827091,23.2950282229,nan,nan,nan,nan,nan,nan,nan
518,48.4210526316,0.7450681095,nan,0.0000153049,48.1517069113,nan,nan,nan,nan,nan,nan,nan
519,48.4210526316,0.8672043982,nan,0.0000019733,57.0479706982,nan,nan,nan,nan,nan,nan,nan
520,48.4210526316,0.6290607638,nan,0.0000801056,40.9633718571,nan,nan,nan,nan,nan,nan,nan
521,48.4210526316,0.3567370622,nan,0.0012873905,28.9028969243,nan,nan,nan,nan,nan,nan,nan
522,48.4210526316,0.4838979537,nan,0.0004269925,33.6957972935,nan,nan,nan,nan,nan,nan,nan
523,48.4210526316,0.2634313299,nan,0.0023347561,26.3175848796,nan,nan,nan,nan,nan,nan,nan
524,48.4210526316,1.0770038520,nan,0.0000000281,75.5162246640,nan,nan,nan,nan,nan,nan,nan
525,48.4210526316,0.5375166968,nan,0.0002422768,36.1568810667,nan,nan,nan,nan,nan,nan,nan
526,48.4210526316,0.3735648183,nan,0.0011342306,29.4529865898,nan,nan,nan,nan,nan,nan,nan
527,48.4210526316,0.9787870499,nan,0.0000002308,66.3683889690,nan,nan,nan,nan,nan,nan,nan
528,48.4210526316,0.5553769630,nan,0.0001979375,37.0347189747,nan,nan,nan,nan,nan,nan,nan
529,48.4210526316,0.9418911816,nan,0.0000004830,63.1603497604,nan,nan,nan,nan,nan,nan,nan
530,48.4210526316,0.1003846234,nan,0.0042826958,23.6828277646,nan,nan,nan,nan,nan,nan,nan
531,48.4210526316,0.4077039358,nan,0.0008614296,30.6478019981,nan,nan,nan,nan,nan,nan,nan
532,48.4210526316,0.6026139722,nan,0.0001122951,39.4963932213,nan,nan,nan,nan,nan,nan,nan
533,48.4210526316,0.6234999135,nan,0.0000861068,40.6496248312,nan,nan,nan,nan,nan,nan,nan
534,48.4210526316,0.8077603037,nan,0.0000055619,52.5478057126,nan,nan,nan,nan,nan,nan,nan
535,48.4210526316,0.2972494647,nan,0.0019214511,27.1637065261,nan,nan,nan,nan,nan,nan,nan
536,48.4210526316,0.6559058084,nan,0.0000560062,42.5176382530,nan,nan,nan,nan,nan,nan,nan
537,48.4210526316,0.9978595138,nan,0.0000001558,68.0756052116,nan,nan,nan,nan,nan,nan,nan
538,48.4210526316,0.0872072455,nan,0.0043914510,23.5739195841,nan,nan,nan,nan,nan,nan,nan
539,48.4210526316,0.3438185771,nan,0.0014131893,28.4979966382,nan,nan,nan,nan,nan,nan,nan
540,48.4210526316,0.8065883829,nan,0.0000056724,52.4623341394,nan,nan,nan,nan,nan,nan,nan
541,48.4210526316,0.2622593996,nan,0.0023495710,26.2901141775,nan,nan,nan,nan,nan,nan,nan
542,48.4210526316,0.2888483837,nan,0.0020212160,26.9438726506,nan,nan,nan,nan,nan,nan,nan
543,48.4210526316,0.8981416156,nan,0.0000011174,59.5179356495,nan,nan,nan,nan,nan,nan,nan
544,48.4210526316,0.5019915317,nan,0.0003550531,34.4970671986,nan,nan,nan,nan,nan,nan,nan
545,48.4210526316,0.2876922080,nan,0.0020351116,26.9141176813,nan,nan,nan,nan,nan,nan,nan
546,48.4210526316,0.7747781062,nan,0.0000095714,50.1902638220,nan,nan,nan,nan,nan,nan,nan
547,48.4210526316,0.3412283231,nan,0.0014392528,28.4186291311,nan,nan,nan,nan,nan,nan,nan
548,48.4210526316,0.9675021868,nan,0.0000002901,65.3739506126,nan,nan,nan,nan,nan,nan,nan
549,48.4210526316,0.5935929305,nan,0.0001255862,39.0105800677,nan,nan,nan,nan,nan,nan,nan
550,48.4210526316,0.3666986242,nan,0.0011952432,29.2254372689,nan,nan,nan,nan,nan,nan,nan
551,48.4210526316,0.6083029520,nan,0.0001045544,39.8065754783,nan,nan,nan,nan,nan,nan,nan
552,48.4210526316,0.4899036302,nan,0.0004019335,33.9584583854,nan,nan,nan,nan,nan,nan,nan
553,48.4210526316,0.9680071825,nan,0.0000002872,65.4182022187,nan,nan,nan,nan,nan,nan,nan
554,48.4210526316,0.3798909142,nan,0.0010798372,29.6664169640,nan,nan,nan,nan,nan,nan,nan
555,48.4210526316,0.5494435327,nan,0.0002118425,36.7398691370,nan,nan,nan,nan,nan,nan,nan
556,48.4210526316,0.3957966813,nan,0.0009508086,30.2190691747,nan,nan,nan,nan,nan,nan,nan
557,48.4210526316,1.0620144971,nan,0.0000000392,74.0629410346,nan,nan,nan,nan,nan,nan,nan
558,48.4210526316,0.5396059003,nan,0.0002366973,36.2580670759,nan,nan,nan,nan,nan,nan,nan
559,48.4210526316,1.1593467245,nan,0.0000000041,83.8673605659,nan,nan,nan,nan,nan,nan,nan
560,48.4210526316,0.7508797951,nan,0.0000139826,48.5441335737,nan,nan,nan,nan,nan,nan,nan
561,48.4210526316,0.5665210912,nan,0.0001738936,37.5971647303,nan,nan,nan,nan,nan,nan,nan
562,48.4210526316,0.5127186189,nan,0.0003172367,34.9861651592,nan,nan,nan,nan,nan,nan,nan
563,48.4210526316,0.7900848251,nan,0.0000074610,51.2720134287,nan,nan,nan,nan,nan,nan,nan
564,48.4210526316,0.5806985474,nan,0.0001469250,38.3290436616,nan,nan,nan,nan,nan,nan,nan
565,48.4210526316,1.0693796419,nan,0.0000000333,74.7744491334,nan,nan,nan,nan,nan,nan,nan
566,48.4210526316,0.3341284091,nan,0.0015121000,28.2041948298,nan,nan,nan,nan,nan,nan,nan
567,48.4210526316,1.2819935936,nan,0.0000000002,97.4601970436,nan,nan,nan,nan,nan,nan,nan
568,48.4210526316,0.9991529647,nan,0.0000001516,68.1925915990,nan,nan,nan,nan,nan,nan,nan
569,48.4210526316,0.8281814130,nan,0.0000039289,54.0573322670,nan,nan,nan,nan,nan,nan,nan
570,48.4210526316,0.1504923503,nan,0.0037682636,24.2385871942,nan,nan,nan,nan,nan,nan,nan
571,48.4210526316,0.4320694117,nan,0.0006973994,31.5651840957,nan,nan,nan,nan,nan,nan,nan
572,48.4210526316,1.1809592061,nan,0.0000000024,86.1623791187,nan,nan,nan,nan,nan,nan,nan
573,48.4210526316,0.3146609291,nan,0.0017220177,27.6396238123,nan,nan,nan,nan,nan,nan,nan
574,48.4210526316,0.8185318165,nan,0.0000046352,53.3392835685,nan,nan,nan,nan,nan,nan,nan
575,48.4210526316,0.4612714665,nan,0.0005326419,32.7356468569,nan,nan,nan,nan,nan,nan,nan
576,48.4210526316,0.3720174009,nan,0.0011478016,29.4013315855,nan,nan,nan,nan,nan,nan,nan
577,48.4210526316,0.5801913743,nan,0.0001478241,38.3025463678,nan,nan,nan,nan,nan,nan,nan
578,48.4210526316,0.2313191257,nan,0.0027481122,25.6096553413,nan,nan,nan,nan,nan,nan,nan
579,48.4210526316,1.0574839178,nan,0.0000000434,73.6277366673,nan,nan,nan,nan,nan,nan,nan
580,48.4210526316,0.4076999525,nan,0.0008614585,30.6476564256,nan,nan,nan,nan,nan,nan,nan
581,48.4210526316,0.6238517622,nan,0.0000857158,40.6693928606,nan,nan,nan,nan,nan,nan,nan
582,48.4210526316,0.4621695283,nan,0.0005280962,32.7728696906,nan,nan,nan,nan,nan,nan,nan
583,48.4210526316,1.0830786991,nan,0.0000000245,76.1110757676,nan,nan,nan,nan,nan,nan,nan
584,48.4210526316,0.2456159403,nan,0.0025625040,25.9133544279,nan,nan,nan,nan,nan,nan,nan
585,48.4210526316,0.3950854585,nan,0.0009563420,30.1938677048,nan,nan,nan,nan,nan,nan,nan
586,48.4210526316,0.8481129749,nan,0.0000027750,55.5674428485,nan,nan,nan,nan,nan,nan,nan
587,48.4210526316,1.5987697717,nan,0.0000000000,138.9682847240,nan,nan,nan,nan,nan,nan,nan
588,48.4210526316,0.2658738361,nan,0.0023039673,26.3752368593,nan,nan,nan,nan,nan,nan,nan
589,48.4210526316,0.7947388155,nan,0.0000069101,51.6051627600,nan,nan,nan,nan,nan,nan,nan
590,48.4210526316,0.6606928983,nan,0.0000524602,42.8017030671,nan,nan,nan,nan,nan,nan,nan
591,48.4210526316,0.4689244113,nan,0.0004948581,33.0551933716,nan,nan,nan,nan,nan,nan,nan
592,48.4210526316,0.7321942715,nan,0.0000186492,47.2934013570,nan,nan,nan,nan,nan,nan,nan
593,48.4210526316,0.6029595596,nan,0.0001118111,39.5151516913,nan,nan,nan,nan,nan,nan,nan
594,48.4210526316,0.7382882610,nan,0.0000169910,47.6978044241,nan,nan,nan,nan,nan,nan,nan
595,48.4210526316,1.6031717414,nan,0.0000000000,139.6101718025,nan,nan,nan,nan,nan,nan,nan
596,48.4210526316,0.5413838989,nan,0.0002320335,36.3444933405,nan,nan,nan,nan,nan,nan,nan
597,48.4210526316,0.2525312343,nan,0.0024735100,26.0668632324,nan,nan,nan,nan,nan,nan,nan
598,48.4210526316,0.9981666202,nan,0.0000001548,68.1033676229,nan,nan,nan,nan,nan,nan,nan
599,48.4210526316,0.0832066534,nan,0.0044218935,23.5439171759,nan,nan,nan,nan,nan,nan,nan
600,48.4210526316,0.5628678304,nan,0.0001814873,37.4115386408,nan,nan,nan,nan,nan,nan,nan
601,48.4210526316,0.5813477978,nan,0.0001457808,38.3629979770,nan,nan,nan,nan,nan,nan,nan
602,48.4210526316,0.0355093141,nan,0.0046819881,23.2956969789,nan,nan,nan,nan,nan,nan,nan
603,48.4210526316,0.9242444146,nan,0.0000006808,61.6700646410,nan,nan,nan,nan,nan,nan,nan
604,48.4210526316,0.2886294028,nan,0.0020238449,26.9382277598,nan,nan,nan,nan,nan,nan,nan
605,48.4210526316,0.4506658642,nan,0.0005886260,32.3016056379,nan,nan,nan,nan,nan,nan,nan
606,48.4210526316,0.6323504385,nan,0.0000767308,41.1503044214,nan,nan,nan,nan,nan,nan,nan
607,48.4210526316,0.7518955203,nan,0.0000137625,48.6130358027,nan,nan,nan,nan,nan,nan,nan
608,48.4210526316,1.0175436504,nan,0.0000001030,69.8725282015,nan,nan,nan,nan,nan,nan,nan
609,48.4210526316,1.3383398171,nan,0.0000000000,104.1683604753,nan,nan,nan,nan,nan,nan,nan
610,48.4210526316,0.7946902371,nan,0.0000069156,51.6016751206,nan,nan,nan,nan,nan,nan,nan
611,48.4210526316,0.1312428824,nan,0.0039824318,23.9985165083,nan,nan,nan,nan,nan,nan,nan
612,48.4210526316,1.2295476648,nan,0.0000000007,91.4785697684,nan,nan,nan,nan,nan,nan,nan
613,48.4210526316,0.2958461490,nan,0.0019379645,27.1265419306,nan,nan,nan,nan,nan,nan,nan
614,48.4210526316,0.3539728076,nan,0.0013137154,28.8149871965,nan,nan,nan,nan,nan,nan,nan
615,48.4210526316,1.0492653748,nan,0.0000000520,72.8430730518,nan,nan,nan,nan,nan,nan,nan
616,48.4210526316,0.5033306881,nan,0.0003501423,34.5575541064,nan,nan,nan,nan,nan,nan,nan
617,48.4210526316,0.5588034769,nan,0.0001902632,37.2064521128,nan,nan,nan,nan,nan,nan,nan
618,48.4210526316,0.2362068224,nan,0.0026844729,25.7114097462,nan,nan,nan,nan,nan,nan,nan
619,48.4210526316,0.6940895876,nan,0.0000327973,44.8416124761,nan,nan,nan,nan,nan,nan,nan
620,48.4210526316,0.8979526516,nan,0.0000011214,59.5025832957,nan,nan,nan,nan,nan,nan,nan
621,48.4210526316,0.4531107295,nan,0.0005753396,32.4007575249,nan,nan,nan,nan,nan,nan,nan
622,48.4210526316,0.4209302643,nan,0.0007692894,31.1391025251,nan,nan,nan,nan,nan,nan,nan
623,48.4210526316,0.7893077937,nan,0.0000075569,51.2165835642,nan,nan,nan,nan,nan,nan,nan
624,48.4210526316,0.2264996213,nan,0.0028109765,25.5114279007,nan,nan,nan,nan,nan,nan,nan
625,48.4210526316,0.1329788449,nan,0.0039638705,24.0188054210,nan,nan,nan,nan,nan,nan,nan
626,48.4210526316,0.3232569636,nan,0.0016275378,27.8846890889,nan,nan,nan,nan,nan,nan,nan
627,48.4210526316,0.4258074529,nan,0.0007371785,31.3242735017,nan,nan,nan,nan,nan,nan,nan
628,48.4210526316,0.3952770539,nan,0.0009548492,30.2006521838,nan,nan,nan,nan,nan,nan,nan
629,48.4210526316,0.1843909354,nan,0.0033557310,24.7421286539,nan,nan,nan,nan,nan,nan,nan
630,48.4210526316,1.1487381313,nan,0.0000000053,82.7565291542,nan,nan,nan,nan,nan,nan,nan
631,48.4210526316,1.7407645122,nan,0.0000000000,160.5741277315,nan,nan,nan,nan,nan,nan,nan
632,48.4210526316,0.8958182144,nan,0.0000011670,59.3293980972,nan,nan,nan,nan,nan,nan,nan
633,48.4210526316,0.1903582197,nan,0.0032798583,24.8414492424,nan,nan,nan,nan,nan,nan,nan
634,48.4210526316,0.7360295250,nan,0.0000175893,47.5475169973,nan,nan,nan,nan,nan,nan,nan
635,48.4210526316,0.9258879663,nan,0.0000006595,61.8076598890,nan,nan,nan,nan,nan,nan,nan
636,48.4210526316,0.5117862205,nan,0.0003203880,34.9432376022,nan,nan,nan,nan,nan,nan,nan
637,48.4210526316,0.5913292044,nan,0.0001291269,38.8898343153,nan,nan,nan,nan,nan,nan,nan
638,48.4210526316,0.3132209698,nan,0.0017381109,27.5992251971,nan,nan,nan,nan,nan,nan,nan
639,48.4210526316,0.3549551849,nan,0.0013043226,28.8461498393,nan,nan,nan,nan,nan,nan,nan
640,48.4210526316,0.1043949806,nan,0.0042471284,23.7190460444,nan,nan,nan,nan,nan,nan,nan
641,48.4210526316,0.3563343837,nan,0.0012912051,28.8900477602,nan,nan,nan,nan,nan,nan,nan
642,48.4210526316,0.6203259638,nan,0.0000897054,40.4718117222,nan,nan,nan,nan,nan,nan,nan
643,48.4210526316,0.4694996689,nan,0.0004921043,33.0794280445,nan,nan,nan,nan,nan,nan,nan
644,48.4210526316,0.5723806585,nan,0.0001622769,37.8974328080,nan,nan,nan,nan,nan,nan,nan
645,48.4210526316,0.7500823102,nan,0.0000141576,48.4901018152,nan,nan,nan,nan,nan,nan,nan
646,48.4210526316,0.3030701881,nan,0.0018536345,27.3197588729,nan,nan,nan,nan,nan,nan,nan
647,48.4210526316,0.8179621776,nan,0.0000046804,53.2971615430,nan,nan,nan,nan,nan,nan,nan
648,48.4210526316,0.3906391208,nan,0.0009914355,30.0373555461,nan,nan,nan,nan,nan,nan,nan
649,48.4210526316,0.1181081873,nan,0.0041174252,23.8537427754,nan,nan,nan,nan,nan,nan,nan
650,48.4210526316,1.0493717725,nan,0.0000000518,72.8531917719,nan,nan,nan,nan,nan,nan,nan
651,48.4210526316,0.7064281315,nan,0.0000274094,45.6210086778,nan,nan,nan,nan,nan,nan,nan
652,48.4210526316,0.9087688180,nan,0.0000009148,60.3866020730,nan,nan,nan,nan,nan,nan,nan
653,48.4210526316,0.3050187130,nan,0.0018311830,27.3726824198,nan,nan,nan,nan,nan,nan,nan
654,48.4210526316,0.2146621028,nan,0.0029654848,25.2790429595,nan,nan,nan,nan,nan,nan,nan
655,48.4210526316,1.1085456205,nan,0.0000000137,78.6416480175,nan,nan,nan,nan,nan,nan,nan
656,48.4210526316,0.2708055778,nan,0.0022421855,26.4932846536,nan,nan,nan,nan,nan,nan,nan
657,48.4210526316,0.6962925134,nan,0.0000317706,44.9797472153,nan,nan,nan,nan,nan,nan,nan
658,48.4210526316,0.3605622953,nan,0.0012515006,29.0256893821,nan,nan,nan,nan,nan,nan,nan
659,48.4210526316,0.8336104613,nan,0.0000035768,54.4650628580,nan,nan,nan,nan,nan,nan,nan
660,48.4210526316,0.8415035711,nan,0.0000031170,55.0626565113,nan,nan,nan,nan,nan,nan,nan
661,48.4210526316,0.8991268995,nan,0.0000010970,59.5980378915,nan,nan,nan,nan,nan,nan,nan
662,48.4210526316,0.6307795299,nan,0.0000783264,41.0609160203,nan,nan,nan,nan,nan,nan,nan
663,48.4210526316,0.5620581970,nan,0.0001832076,37.3705647576,nan,nan,nan,nan,nan,nan,nan
664,48.4210526316,0.3098364624,nan,0.0017762293,27.5050096118,nan,nan,nan,nan,nan,nan,nan
665,48.4210526316,0.5274076608,nan,0.0002708394,35.6728810188,nan,nan,nan,nan,nan,nan,nan
666,48.4210526316,0.3400811817,nan,0.0014508838,28.3836737734,nan,nan,nan,nan,nan,nan,nan
667,48.4210526316,0.2857704953,nan,0.0020582929,26.8649281926,nan,nan,nan,nan,nan,nan,nan
668,48.4210526316,0.3810416148,nan,0.0010701313,29.7056291653,nan,nan,nan,nan,nan,nan,nan
669,48.4210526316,0.3096853324,nan,0.0017779409,27.5008267100,nan,nan,nan,nan,nan,nan,nan
670,48.4210526316,0.4331570540,nan,0.0006906546,31.6073906421,nan,nan,nan,nan,nan,nan,nan
671,48.4210526316,0.2673582413,nan,0.0022853161,26.4105371792,nan,nan,nan,nan,nan,nan,nan
672,48.4210526316,0.5265423745,nan,0.0002734082,35.6318847653,nan,nan,nan,nan,nan,nan,nan
673,48.4210526316,0.6358297625,nan,0.0000732979,41.3490869938,nan,nan,nan,nan,nan,nan,nan
674,48.4210526316,0.3454567801,nan,0.0013968488,28.5485059844,nan,nan,nan,nan,nan,nan,nan
675,48.4210526316,0.6564434925,nan,0.0000555976,42.5494401254,nan,nan,nan,nan,nan,nan,nan
676,48.4210526316,0.8470323097,nan,0.0000028284,55.4846349479,nan,nan,nan,nan,nan,nan,nan
677,48.4210526316,0.3374400649,nan,0.0014778668,28.3036471306,nan,nan,nan,nan,nan,nan,nan
678,48.4210526316,1.1141893437,nan,0.0000000120,79.2105021587,nan,nan,nan,nan,nan,nan,nan
679,48.4210526316,0.8157435521,nan,0.0000048603,53.1333877706,nan,nan,nan,nan,nan,nan,nan
680,48.4210526316,0.3397133083,nan,0.0014546251,28.3724892600,nan,nan,nan,nan,nan,nan,nan
681,48.4210526316,0.3359556566,nan,0.0014931567,28.2589461703,nan,nan,nan,nan,nan,nan,nan
682,48.4210526316,0.1817251112,nan,0.0033893841,24.6987921542,nan,nan,nan,nan,nan,nan,nan
683,48.4210526316,0.8043659945,nan,0.0000058876,52.3005936955,nan,nan,nan,nan,nan,nan,nan
684,48.4210526316,0.5542315036,nan,0.0002005604,36.9775481202,nan,nan,nan,nan,nan,nan,nan
685,48.4210526316,0.5492775429,nan,0.0002122430,36.7316666769,nan,nan,nan,nan,nan,nan,nan
686,48.4210526316,0.3677766384,nan,0.0011855283,29.2608806323,nan,nan,nan,nan,nan,nan,nan
687,48.4210526316,0.5098136339,nan,0.0003271387,34.8526803649,nan,nan,nan,nan,nan,nan,nan
688,48.4210526316,0.0477008442,nan,0.0046345006,23.3399705753,nan,nan,nan,nan,nan,nan,nan
689,48.4210526316,0.4624294447,nan,0.0005267862,32.7836563673,nan,nan,nan,nan,nan,nan,nan
690,48.4210526316,0.2453267202,nan,0.0025662395,25.9070281220,nan,nan,nan,nan,nan,nan,nan
691,48.4210526316,1.1426972228,nan,0.0000000061,82.1285984248,nan,nan,nan,nan,nan,nan,nan
692,48.4210526316,0.0993274422,nan,0.0042918851,23.6735191623,nan,nan,nan,nan,nan,nan,nan
693,48.4210526316,0.3884578232,nan,0.0010089674,29.9612285394,nan,nan,nan,nan,nan,nan,nan
694,48.4210526316,0.2083013741,nan,0.0030483273,25.1593839983,nan,nan,nan,nan,nan,nan,nan
695,48.4210526316,0.4045663187,nan,0.0008843860,30.5335814496,nan,nan,nan,nan,nan,nan,nan
696,48.4210526316,0.6664678589,nan,0.0000484488,43.1471692256,nan,nan,nan,nan,nan,nan,nan
697,48.4210526316,1.1912530744,nan,0.0000000019,87.2705575262,nan,nan,nan,nan,nan,nan,nan
698,48.4210526316,0.6868383139,nan,0.0000363911,44.3900481626,nan,nan,nan,nan,nan,nan,nan
699,48.4210526316,0.1783013069,nan,0.0034323612,24.6440701681,nan,nan,nan,nan,nan,nan,nan
700,48.4210526316,0.3103762613,nan,0.0017701225,27.5199667545,nan,nan,nan,nan,nan,nan,nan
701,48.4210526316,0.8350582594,nan,0.0000034880,54.5742501276,nan,nan,nan,nan,nan,nan,nan
702,48.4210526316,1.0514434201,nan,0.0000000495,73.0504182696,nan,nan,nan,nan,nan,nan,nan
703,48.4210526316,0.1831674445,nan,0.0033711960,24.7221599199,nan,nan,nan,nan,nan,nan,nan
704,48.4210526316,0.7846467269,nan,0.0000081560,50.8852425980,nan,nan,nan,nan,nan,nan,nan
705,48.4210526316,0.1106047467,nan,0.0041899033,23.7779600463,nan,nan,nan,nan,nan,nan,nan
706,48.4210526316,1.0053632574,nan,0.0000001332,68.7564178137,nan,nan,nan,nan,nan,nan,nan
707,48.4210526316,0.5087994816,nan,0.0003306541,34.8062605031,nan,nan,nan,nan,nan,nan,nan
708,48.4210526316,0.6780121317,nan,0.0000412394,43.8468817628,nan,nan,nan,nan,nan,nan,nan
709,48.4210526316,0.3741323217,nan,0.0011292796,29.4719850296,nan,nan,nan,nan,nan,nan,nan
710,48.4210526316,0.6347418513,nan,0.0000743565,41.2868133040,nan,nan,nan,nan,nan,nan,nan
711,48.4210526316,0.5143690266,nan,0.0003117207,35.0623436112,nan,nan,nan,nan,nan,nan,nan
712,48.4210526316,0.4187353030,nan,0.0007840665,31.0564711233,nan,nan,nan,nan,nan,nan,nan
713,48.4210526316,0.4087544507,nan,0.0008538382,30.6862440058,nan,nan,nan,nan,nan,nan,nan
714,48.4210526316,0.8476789541,nan,0.0000027963,55.5341723979,nan,nan,nan,nan,nan,nan,nan
715,48.4210526316,0.3099729938,nan,0.0017746838,27.5087902332,nan,nan,nan,nan,nan,nan,nan
716,48.4210526316,0.5678673236,nan,0.0001711640,37.6658745820,nan,nan,nan,nan,nan,nan,nan
717,48.4210526316,0.3245505114,nan,0.0016135613,27.9221454111,nan,nan,nan,nan,nan,nan,nan
718,48.4210526316,0.4028167833,nan,0.0008973710,30.4702797267,nan,nan,nan,nan,nan,nan,nan
719,48.4210526316,0.2133588111,nan,0.0029824772,25.2542286496,nan,nan,nan,nan,nan,nan,nan
720,48.4210526316,1.3910255782,nan,0.0000000000,110.7048387558,nan,nan,nan,nan,nan,nan,nan
721,48.4210526316,0.4365158228,nan,0.0006701303,31.7384071414,nan,nan,nan,nan,nan,nan,nan
722,48.4210526316,0.9040705333,nan,0.0000009997,60.0012899391,nan,nan,nan,nan,nan,nan,nan
723,48.4210526316,1.1428009174,nan,0.0000000061,82.1393488486,nan,nan,nan,nan,nan,nan,nan
724,48.4210526316,0.4289759661,nan,0.0007168482,31.4457281115,nan,nan,nan,nan,nan,nan,nan
725,48.4210526316,0.3962034790,nan,0.0009476535,30.2335042599,nan,nan,nan,nan,nan,nan,nan
726,48.4210526316,0.9962658482,nan,0.0000001610,67.9316766705,nan,nan,nan,nan,nan,nan,nan
727,48.4210526316,0.4488580658,nan,0.0005985991,32.2286390969,nan,nan,nan,nan,nan,nan,nan
728,48.4210526316,0.2784092629,nan,0.0021480331,26.6795903614,nan,nan,nan,nan,nan,nan,nan
729,48.4210526316,0.5426972703,nan,0.0002286378,36.4085193693,nan,nan,nan,nan,nan,nan,nan
730,48.4210526316,0.5524802466,nan,0.0002046269,36.8903722285,nan,nan,nan,nan,nan,nan,nan
731,48.4210526316,0.4956943401,nan,0.0003788941,34.2148217663,nan,nan,nan,nan,nan,nan,nan
732,48.4210526316,0.0671357213,nan,0.0045313312,23.4377419354,nan,nan,nan,nan,nan,nan,nan
733,48.4210526316,0.7753031982,nan,0.0000094907,50.2270182813,nan,nan,nan,nan,nan,nan,nan
734,48.4210526316,0.2106421019,nan,0.0030178700,25.2029947167,nan,nan,nan,nan,nan,nan,nan
735,48.4210526316,0.5382990886,nan,0.0002401747,36.1947279957,nan,nan,nan,nan,nan,nan,nan
736,48.4210526316,0.4227323616,nan,0.0007573086,31.2072709140,nan,nan,nan,nan,nan,nan,nan
737,48.4210526316,0.7168705545,nan,0.0000234883,46.2914872183,nan,nan,nan,nan,nan,nan,nan
738,48.4210526316,0.5756875602,nan,0.0001560173,38.0682717869,nan,nan,nan,nan,nan,nan,nan
739,48.4210526316,0.1908416804,nan,0.0032736812,24.8496361922,nan,nan,nan,nan,nan,nan,nan
740,48.4210526316,0.6904125749,nan,0.0000345778,44.6120313553,nan,nan,nan,nan,nan,nan,nan
741,48.4210526316,0.2085737011,nan,0.0030447859,25.1644324517,nan,nan,nan,nan,nan,nan,nan
742,48.4210526316,0.7718831626,nan,0.0000100275,49.9880810022,nan,nan,nan,nan,nan,nan,nan
743,48.4210526316,0.6539890701,nan,0.0000574846,42.4044853236,nan,nan,nan,nan,nan,nan,nan
744,48.4210526316,0.4467901361,nan,0.0006101636,32.1455369259,nan,nan,nan,nan,nan,nan,nan
745,48.4210526316,0.4398085930,nan,0.0006504527,31.8678430873,nan,nan,nan,nan,nan,nan,nan
746,48.4210526316,0.3418864997,nan,0.0014326039,28.4387386594,nan,nan,nan,nan,nan,nan,nan
747,48.4210526316,0.4853315803,nan,0.0004209011,33.7581998130,nan,nan,nan,nan,nan,nan,nan
748,48.4210526316,0.8509836799,nan,0.0000026376,55.7879345073,nan,nan,nan,nan,nan,nan,nan
749,48.4210526316,0.4459224886,nan,0.0006150657,32.1107851105,nan,nan,nan,nan,nan,nan,nan
750,48.4210526316,0.2967657251,nan,0.0019271364,27.1508753549,nan,nan,nan,nan,nan,nan,nan
751,48.4210526316,0.6242496788,nan,0.0000852754,40.6917627341,nan,nan,nan,nan,nan,nan,nan
752,48.4210526316,0.3601782800,nan,0.0012550752,29.0133024130,nan,nan,nan,nan,nan,nan,nan
753,48.4210526316,0.4287418249,nan,0.0007183363,31.4367219008,nan,nan,nan,nan,nan,nan,nan
754,48.4210526316,0.4266542352,nan,0.0007317045,31.3566429446,nan,nan,nan,nan,nan,nan,nan
755,48.4210526316,0.8644087136,nan,0.0000020754,56.8290833518,nan,nan,nan,nan,nan,nan,nan
756,48.4210526316,0.3458309444,nan,0.0013931323,28.5600763530,nan,nan,nan,nan,nan,nan,nan
757,48.4210526316,0.3320825131,nan,0.0015334689,28.1432503988,nan,nan,nan,nan,nan,nan,nan
758,48.4210526316,0.5194944921,nan,0.0002950869,35.3005005794,nan,nan,nan,nan,nan,nan,nan
759,48.4210526316,0.6628073193,nan,0.0000509585,42.9278377206,nan,nan,nan,nan,nan,nan,nan
760,48.4210526316,0.6998774509,nan,0.0000301614,45.2054878930,nan,nan,nan,nan,nan,nan,nan
761,48.4210526316,1.5226484271,nan,0.0000000000,128.1507580945,nan,nan,nan,nan,nan,nan,nan
762,48.4210526316,1.2522305806,nan,0.0000000004,94.0346139860,nan,nan,nan,nan,nan,nan,nan
763,48.4210526316,0.2962014652,nan,0.0019337774,27.1359350976,nan,nan,nan,nan,nan,nan,nan
764,48.4210526316,0.3425035674,nan,0.0014263865,28.4576277781,nan,nan,nan,nan,nan,nan,nan
765,48.4210526316,0.9445842881,nan,0.0000004581,63.3902929736,nan,nan,nan,nan,nan,nan,nan
766,48.4210526316,0.5375656036,nan,0.0002421450,36.1592452201,nan,nan,nan,nan,nan,nan,nan
767,48.4210526316,0.6340113140,nan,0.0000750748,41.2450567846,nan,nan,nan,nan,nan,nan,nan
768,48.4210526316,0.9330093039,nan,0.0000005746,62.4067031922,nan,nan,nan,nan,nan,nan,nan
769,48.4210526316,0.8059338634,nan,0.0000057350,52.4146527737,nan,nan,nan,nan,nan,nan,nan
770,48.4210526316,0.1594770883,nan,0.0036626828,24.3620068912,nan,nan,nan,nan,nan,nan,nan
771,48.4210526316,1.3153651226,nan,0.0000000001,101.3979222197,nan,nan,nan,nan,nan,nan,nan
772,48.4210526316,0.2011282094,nan,0.0031413702,25.0288087982,nan,nan,nan,nan,nan,nan,nan
773,48.4210526316,0.7010916468,nan,0.0000296332,45.2822107299,nan,nan,nan,nan,nan,nan,nan
774,48.4210526316,0.2971382725,nan,0.0019227573,27.1607552880,nan,nan,nan,nan,nan,nan,nan
775,48.4210526316,0.6148283980,nan,0.0000962499,40.1659956117,nan,nan,nan,nan,nan,nan,nan
776,48.4210526316,0.8842247570,nan,0.0000014468,58.3960041798,nan,nan,nan,nan,nan,nan,nan
777,48.4210526316,0.4548456303,nan,0.0005660508,32.4714458976,nan,nan,nan,nan,nan,nan,nan
778,48.4210526316,0.1470696146,nan,0.0038076112,24.1934740341,nan,nan,nan,nan,nan,nan,nan
779,48.4210526316,0.6939323611,nan,0.0000328718,44.8317704970,nan,nan,nan,nan,nan,nan,nan
780,48.4210526316,0.8493553734,nan,0.0000027147,55.6627758494,nan,nan,nan,nan,nan,nan,nan
781,48.4210526316,1.5664457507,nan,0.0000000000,134.3095449114,nan,nan,nan,nan,nan,nan,nan
782,48.4210526316,0.4098658517,nan,0.0008458585,30.7270230017,nan,nan,nan,nan,nan,nan,nan
783,48.4210526316,0.7554411768,nan,0.0000130188,48.8542957886,nan,nan,nan,nan,nan,nan,nan
784,48.4210526316,0.6736867502,nan,0.0000438199,43.5832909886,nan,nan,nan,nan,nan,nan,nan
785,48.4210526316,0.9615966664,nan,0.0000003267,64.8581975154,nan,nan,nan,nan,nan,nan,nan
786,48.4210526316,0.3642020612,nan,0.0012179351,29.1437584473,nan,nan,nan,nan,nan,nan,nan
787,48.4210526316,0.5727027578,nan,0.0001616580,37.9140291244,nan,nan,nan,nan,nan,nan,nan
788,48.4210526316,0.4927641181,nan,0.0003904168,34.0847155649,nan,nan,nan,nan,nan,nan,nan
789,48.4210526316,0.4501914128,nan,0.0005912311,32.2824270671,nan,nan,nan,nan,nan,nan,nan
790,48.4210526316,0.6083107357,nan,0.0001045442,39.8070018908,nan,nan,nan,nan,nan,nan,nan
791,48.4210526316,1.0409756802,nan,0.0000000623,72.0578901206,nan,nan,nan,nan,nan,nan,nan
792,48.4210526316,0.5650812971,nan,0.0001768535,37.5238621961,nan,nan,nan,nan,nan,nan,nan
793,48.4210526316,0.6308170460,nan,0.0000782880,41.0630481507,nan,nan,nan,nan,nan,nan,nan
794,48.4210526316,0.7572902987,nan,0.0000126457,48.9805726720,nan,nan,nan,nan,nan,nan,nan
795,48.4210526316,0.6962221462,nan,0.0000318029,44.9753279843,nan,nan,nan,nan,nan,nan,nan
796,48.4210526316,0.1653497298,nan,0.0035920388,24.4465897752,nan,nan,nan,nan,nan,nan,nan
797,48.4210526316,0.4085616350,nan,0.0008552280,30.6791807082,nan,nan,nan,nan,nan,nan,nan
798,48.4210526316,0.2857860696,nan,0.0020581046,26.8653255044,nan,nan,nan,nan,nan,nan,nan
799,48.4210526316,0.4674464960,nan,0.0005019877,32.9930689932,nan,nan,nan,nan,nan,nan,nan
800,48.4210526316,0.3482058550,nan,0.0013696791,28.6338117382,nan,nan,nan,nan,nan,nan,nan
801,48.4210526316,0.8716336894,nan,0.0000018213,57.3962247028,nan,nan,nan,nan,nan,nan,nan
802,48.4210526316,0.7188148296,nan,0.0000228170,46.4174227953,nan,nan,nan,nan,nan,nan,nan
803,48.4210526316,0.3074187855,nan,0.0018037062,27.4383420125,nan,nan,nan,nan,nan,nan,nan
804,48.4210526316,0.4797371522,nan,0.0004450672,33.5157445579,nan,nan,nan,nan,nan,nan,nan
805,48.4210526316,0.9147564931,nan,0.0000008165,60.8805871925,nan,nan,nan,nan,nan,nan,nan
806,48.4210526316,0.6730966890,nan,0.0000441828,43.5474646731,nan,nan,nan,nan,nan,nan,nan
807,48.4210526316,1.1185562280,nan,0.0000000108,79.6526639772,nan,nan,nan,nan,nan,nan,nan
808,48.4210526316,0.2126582821,nan,0.0029916074,25.2409539439,nan,nan,nan,nan,nan,nan,nan
809,48.4210526316,0.6360444701,nan,0.0000730905,41.3613899292,nan,nan,nan,nan,nan,nan,nan
810,48.4210526316,0.4700794277,nan,0.0004893411,33.1038827584,nan,nan,nan,nan,nan,nan,nan
811,48.4210526316,0.0944182677,nan,0.0043335125,23.6315994754,nan,nan,nan,nan,nan,nan,nan
812,48.4210526316,0.3092005450,nan,0.0017834367,27.4874229380,nan,nan,nan,nan,nan,nan,nan
813,48.4210526316,1.0620686351,nan,0.0000000392,74.0681528726,nan,nan,nan,nan,nan,nan,nan
814,48.4210526316,0.4500675896,nan,0.0005919125,32.2774251699,nan,nan,nan,nan,nan,nan,nan
815,48.4210526316,0.6165301649,nan,0.0000941810,40.2603664229,nan,nan,nan,nan,nan,nan,nan
816,48.4210526316,1.0226815248,nan,0.0000000923,70.3473982034,nan,nan,nan,nan,nan,nan,nan
817,48.4210526316,1.2088142692,nan,0.0000000012,89.1835542804,nan,nan,nan,nan,nan,nan,nan
818,48.4210526316,0.4317259409,nan,0.0006995395,31.5518778278,nan,nan,nan,nan,nan,nan,nan
819,48.4210526316,0.5446239117,nan,0.0002237316,36.5027259170,nan,nan,nan,nan,nan,nan,nan
820,48.4210526316,0.5176665913,nan,0.0003009337,35.2152923155,nan,nan,nan,nan,nan,nan,nan
821,48.4210526316,1.1338571409,nan,0.0000000076,81.2157405671,nan,nan,nan,nan,nan,nan,nan
822,48.4210526316,0.6692853600,nan,0.0000465927,43.3168200528,nan,nan,nan,nan,nan,nan,nan
823,48.4210526316,0.8697924743,nan,0.0000018831,57.2512407732,nan,nan,nan,nan,nan,nan,nan
824,48.4210526316,0.7368719479,nan,0.0000173640,47.6035140379,nan,nan,nan,nan,nan,nan,nan
825,48.4210526316,0.5194212163,nan,0.0002953195,35.2970789585,nan,nan,nan,nan,nan,nan,nan
826,48.4210526316,0.8295994274,nan,0.0000038339,54.1635674663,nan,nan,nan,nan,nan,nan,nan
827,48.4210526316,0.7600127953,nan,0.0000121142,49.1670609177,nan,nan,nan,nan,nan,nan,nan
828,48.4210526316,0.6969746044,nan,0.0000314586,45.0226076040,nan,nan,nan,nan,nan,nan,nan
829,48.4210526316,0.7587510817,nan,0.0000123579,49.0805506434,nan,nan,nan,nan,nan,nan,nan
830,48.4210526316,0.2863502908,nan,0.0020512879,26.8797339075,nan,nan,nan,nan,nan,nan,nan
831,48.4210526316,0.1635233679,nan,0.0036141374,24.4199534190,nan,nan,nan,nan,nan,nan,nan
832,48.4210526316,0.2311543675,nan,0.0027502598,25.6062628261,nan,nan,nan,nan,nan,nan,nan
833,48.4210526316,0.5927184659,nan,0.0001269439,38.9638813418,nan,nan,nan,nan,nan,nan,nan
834,48.4210526316,0.7260488648,nan,0.0000204691,46.8890200519,nan,nan,nan,nan,nan,nan,nan
835,48.4210526316,0.6366609294,nan,0.0000724980,41.3967369512,nan,nan,nan,nan,nan,nan,nan
836,48.4210526316,0.9186465918,nan,0.0000007580,61.2032803839,nan,nan,nan,nan,nan,nan,nan
837,48.4210526316,0.2711141374,nan,0.0022383380,26.5007434017,nan,nan,nan,nan,nan,nan,nan
838,48.4210526316,0.1564351102,nan,0.0036987843,24.3194099615,nan,nan,nan,nan,nan,nan,nan
839,48.4210526316,0.9821855054,nan,0.0000002153,66.6701515394,nan,nan,nan,nan,nan,nan,nan
840,48.4210526316,0.7646436431,nan,0.0000112569,49.4858245664,nan,nan,nan,nan,nan,nan,nan
841,48.4210526316,0.2565904495,nan,0.0024215977,26.1589800666,nan,nan,nan,nan,nan,nan,nan
842,48.4210526316,0.6645366572,nan,0.0000497588,43.0313035582,nan,nan,nan,nan,nan,nan,nan
843,48.4210526316,1.0833931466,nan,0.0000000243,76.1419587184,nan,nan,nan,nan,nan,nan,nan
844,48.4210526316,1.0914328497,nan,0.0000000203,76.9346454586,nan,nan,nan,nan,nan,nan,nan
845,48.4210526316,0.6242906246,nan,0.0000852302,40.6940654229,nan,nan,nan,nan,nan,nan,nan
846,48.4210526316,0.1351476023,nan,0.0039404593,24.0445315774,nan,nan,nan,nan,nan,nan,nan
847,48.4210526316,0.6181881176,nan,0.0000922027,40.3525613225,nan,nan,nan,nan,nan,nan,nan
848,48.4210526316,0.7641201279,nan,0.0000113509,49.4496902707,nan,nan,nan,nan,nan,nan,nan
849,48.4210526316,0.9685549185,nan,0.0000002840,65.4662254555,nan,nan,nan,nan,nan,nan,nan
850,48.4210526316,1.1506050019,nan,0.0000000051,82.9512611558,nan,nan,nan,nan,nan,nan,nan
851,48.4210526316,0.2591010091,nan,0.0023896282,26.2166966733,nan,nan,nan,nan,nan,nan,nan
852,48.4210526316,0.0933443245,nan,0.0043423863,23.6227154807,nan,nan,nan,nan,nan,nan,nan
853,48.4210526316,0.6706649353,nan,0.0000457072,43.4001527865,nan,nan,nan,nan,nan,nan,nan
854,48.4210526316,0.6821484238,nan,0.0000388996,44.1005457657,nan,nan,nan,nan,nan,nan,nan
855,48.4210526316,0.5051955063,nan,0.0003433954,34.6420556515,nan,nan,nan,nan,nan,nan,nan
856,48.4210526316,0.4558255212,nan,0.0005608552,32.5114922315,nan,nan,nan,nan,nan,nan,nan
857,48.4210526316,0.5723319995,nan,0.0001623706,37.8949264517,nan,nan,nan,nan,nan,nan,nan
858,48.4210526316,0.6386016043,nan,0.0000706604,41.5082390628,nan,nan,nan,nan,nan,nan,nan
859,48.4210526316,0.4424665062,nan,0.0006348862,31.9730411403,nan,nan,nan,nan,nan,nan,nan
860,48.4210526316,0.7867130075,nan,0.0000078852,51.0318831798,nan,nan,nan,nan,nan,nan,nan
861,48.4210526316,0.1919993418,nan,0.0032588731,24.8693254804,nan,nan,nan,nan,nan,nan,nan
862,48.4210526316,0.6702200018,nan,0.0000459911,43.3732577770,nan,nan,nan,nan,nan,nan,nan
863,48.4210526316,0.0826073959,nan,0.0044263467,23.5395457569,nan,nan,nan,nan,nan,nan,nan
864,48.4210526316,0.5751716858,nan,0.0001569800,38.0415554749,nan,nan,nan,nan,nan,nan,nan
865,48.4210526316,0.7082500553,nan,0.0000266853,45.7372724914,nan,nan,nan,nan,nan,nan,nan
866,48.4210526316,0.7397491398,nan,0.0000166140,47.7952536660,nan,nan,nan,nan,nan,nan,nan
867,48.4210526316,0.9353924699,nan,0.0000005485,62.6082108951,nan,nan,nan,nan,nan,nan,nan
868,48.4210526316,0.2849305532,nan,0.0020684579,26.8435331975,nan,nan,nan,nan,nan,nan,nan
869,48.4210526316,0.1832361770,nan,0.0033703281,24.7232781451,nan,nan,nan,nan,nan,nan,nan
870,48.4210526316,0.3910899221,nan,0.0009878381,30.0531422271,nan,nan,nan,nan,nan,nan,nan
871,48.4210526316,0.6610037924,nan,0.0000522369,42.8202237221,nan,nan,nan,nan,nan,nan,nan
872,48.4210526316,0.3403527952,nan,0.0014481250,28.3919395419,nan,nan,nan,nan,nan,nan,nan
873,48.4210526316,0.3961277110,nan,0.0009482406,30.2308145209,nan,nan,nan,nan,nan,nan,nan
874,48.4210526316,0.1795824121,nan,0.0034163137,24.6644225366,nan,nan,nan,nan,nan,nan,nan
875,48.4210526316,0.2415967131,nan,0.0026144992,25.8261148725,nan,nan,nan,nan,nan,nan,nan
876,48.4210526316,0.4546432476,nan,0.0005671284,32.4631857519,nan,nan,nan,nan,nan,nan,nan
877,48.4210526316,0.5528203522,nan,0.0002038318,36.9072805187,nan,nan,nan,nan,nan,nan,nan
878,48.4210526316,0.2388724424,nan,0.0026498354,25.7678109985,nan,nan,nan,nan,nan,nan,nan
879,48.4210526316,0.3580020478,nan,0.0012754525,28.9433571522,nan,nan,nan,nan,nan,nan,nan
880,48.4210526316,0.2780982755,nan,0.0021518559,26.6718681746,nan,nan,nan,nan,nan,nan,nan
881,48.4210526316,0.6852412470,nan,0.0000372286,44.2912374383,nan,nan,nan,nan,nan,nan,nan
882,48.4210526316,0.4885963921,nan,0.0004072859,33.9010066374,nan,nan,nan,nan,nan,nan,nan
883,48.4210526316,0.3677495989,nan,0.0011857714,29.2599903302,nan,nan,nan,nan,nan,nan,nan
884,48.4210526316,0.4246630866,nan,0.0007446236,31.2806318599,nan,nan,nan,nan,nan,nan,nan
885,48.4210526316,0.9982108533,nan,0.0000001546,68.1073670061,nan,nan,nan,nan,nan,nan,nan
886,48.4210526316,0.6696465500,nan,0.0000463594,43.3386208258,nan,nan,nan,nan,nan,nan,nan
887,48.4210526316,0.3894434460,nan,0.0010010198,29.9955732436,nan,nan,nan,nan,nan,nan,nan
888,48.4210526316,0.1653299368,nan,0.0035922789,24.4462995026,nan,nan,nan,nan,nan,nan,nan
889,48.4210526316,0.5182166171,nan,0.0002991645,35.2409000097,nan,nan,nan,nan,nan,nan,nan
890,48.4210526316,0.4623598983,nan,0.0005271364,32.7807695519,nan,nan,nan,nan,nan,nan,nan
891,48.4210526316,0.7380568334,nan,0.0000170515,47.6823847191,nan,nan,nan,nan,nan,nan,nan
892,48.4210526316,0.9623868828,nan,0.0000003216,64.9270251946,nan,nan,nan,nan,nan,nan,nan
893,48.4210526316,0.7040143909,nan,0.0000283959,45.4674453596,nan,nan,nan,nan,nan,nan,nan
894,48.4210526316,0.1770662796,nan,0.0034477920,24.6245893681,nan,nan,nan,nan,nan,nan,nan
895,48.4210526316,0.8196552568,nan,0.0000045473,53.4224434629,nan,nan,nan,nan,nan,nan,nan
896,48.4210526316,0.2478005343,nan,0.0025343214,25.9613831269,nan,nan,nan,nan,nan,nan,nan
897,48.4210526316,0.6132528318,nan,0.0000982006,40.0788584694,nan,nan,nan,nan,nan,nan,nan
898,48.4210526316,0.8846106740,nan,0.0000014365,58.4268766074,nan,nan,nan,nan,nan,nan,nan
899,48.4210526316,0.5188049718,nan,0.0002972814,35.2683226508,nan,nan,nan,nan,nan,nan,nan
900,48.4210526316,0.4215584264,nan,0.0007650978,31.1628307245,nan,nan,nan,nan,nan,nan,nan
901,48.4210526316,1.5948475043,nan,0.0000000000,138.3978511816,nan,nan,nan,nan,nan,nan,nan
902,48.4210526316,0.3507849291,nan,0.0013444776,28.7144641774,nan,nan,nan,nan,nan,nan,nan
903,48.4210526316,0.6294244306,nan,0.0000797262,40.9839883760,nan,nan,nan,nan,nan,nan,nan
904,48.4210526316,1.0271644945,nan,0.0000000839,70.7637150986,nan,nan,nan,nan,nan,nan,nan
905,48.4210526316,1.1460135920,nan,0.0000000057,82.4729084109,nan,nan,nan,nan,nan,nan,nan
906,48.4210526316,0.4044364757,nan,0.0008853451,30.5288739322,nan,nan,nan,nan,nan,nan,nan
907,48.4210526316,0.3942198306,nan,0.0009631065,30.1632569113,nan,nan,nan,nan,nan,nan,nan
908,48.4210526316,0.5333359641,nan,0.0002537705,35.9555887945,nan,nan,nan,nan,nan,nan,nan
909,48.4210526316,0.4368213062,nan,0.0006682864,31.7503740168,nan,nan,nan,nan,nan,nan,nan
910,48.4210526316,0.5728694064,nan,0.0001613385,37.9226194777,nan,nan,nan,nan,nan,nan,nan
911,48.4210526316,1.0449423859,nan,0.0000000571,72.4328222521,nan,nan,nan,nan,nan,nan,nan
912,48.4210526316,0.3602318093,nan,0.0012545766,29.0150282766,nan,nan,nan,nan,nan,nan,nan
913,48.4210526316,0.7652087433,nan,0.0000111561,49.5248572605,nan,nan,nan,nan,nan,nan,nan
914,48.4210526316,0.5931754012,nan,0.0001262329,38.9882742081,nan,nan,nan,nan,nan,nan,nan
915,48.4210526316,0.6687925792,nan,0.0000469127,43.2870958882,nan,nan,nan,nan,nan,nan,nan
916,48.4210526316,0.6291697702,nan,0.0000799917,40.9695502385,nan,nan,nan,nan,nan,nan,nan
917,48.4210526316,0.5716179591,nan,0.0001637506,37.8581720335,nan,nan,nan,nan,nan,nan,nan
918,48.4210526316,0.7497210897,nan,0.0000142376,48.4656472640,nan,nan,nan,nan,nan,nan,nan
919,48.4210526316,0.6319013057,nan,0.0000771840,41.1247247440,nan,nan,nan,nan,nan,nan,nan
920,48.4210526316,0.5782714744,nan,0.0001512707,38.2024532104,nan,nan,nan,nan,nan,nan,nan
921,48.4210526316,0.8480693565,nan,0.0000027771,55.5640984451,nan,nan,nan,nan,nan,nan,nan
922,48.4210526316,0.4149611961,nan,0.0008099509,30.9154130575,nan,nan,nan,nan,nan,nan,nan
923,48.4210526316,1.1973692327,nan,0.0000000016,87.9335959094,nan,nan,nan,nan,nan,nan,nan
924,48.4210526316,1.0845860278,nan,0.0000000237,76.2591980548,nan,nan,nan,nan,nan,nan,nan
925,48.4210526316,0.7557159752,nan,0.0000129627,48.8730420615,nan,nan,nan,nan,nan,nan,nan
926,48.4210526316,0.7714005669,nan,0.0000101054,49.9544509815,nan,nan,nan,nan,nan,nan,nan
927,48.4210526316,0.2155146024,nan,0.0029543660,25.2953570199,nan,nan,nan,nan,nan,nan,nan
928,48.4210526316,0.5739748174,nan,0.0001592332,37.9796648979,nan,nan,nan,nan,nan,nan,nan
929,48.4210526316,0.2613951668,nan,0.0023605133,26.2699354586,nan,nan,nan,nan,nan,nan,nan
930,48.4210526316,0.6526868417,nan,0.0000585086,42.3278005519,nan,nan,nan,nan,nan,nan,nan
931,48.4210526316,0.8899634136,nan,0.0000013012,58.8564883367,nan,nan,nan,nan,nan,nan,nan
932,48.4210526316,0.5678051942,nan,0.0001712892,37.6626999520,nan,nan,nan,nan,nan,nan,nan
933,48.4210526316,0.4926506354,nan,0.0003908686,34.0796924604,nan,nan,nan,nan,nan,nan,nan
934,48.4210526316,0.3366138550,nan,0.0014863660,28.2787423292,nan,nan,nan,nan,nan,nan,nan
935,48.4210526316,0.1845529221,nan,0.0033536810,24.7447825394,nan,nan,nan,nan,nan,nan,nan
936,48.4210526316,1.0225813642,nan,0.0000000925,70.3381176950,nan,nan,nan,nan,nan,nan,nan
937,48.4210526316,1.1700645905,nan,0.0000000032,85.0001253036,nan,nan,nan,nan,nan,nan,nan
938,48.4210526316,0.6512277780,nan,0.0000596752,42.2420638594,nan,nan,nan,nan,nan,nan,nan
939,48.4210526316,0.2780448526,nan,0.0021525128,26.6705424984,nan,nan,nan,nan,nan,nan,nan
940,48.4210526316,0.4336716550,nan,0.0006874803,31.6273974265,nan,nan,nan,nan,nan,nan,nan
941,48.4210526316,0.8230253612,nan,0.0000042928,53.6725993928,nan,nan,nan,nan,nan,nan,nan
942,48.4210526316,1.2052566333,nan,0.0000000013,88.7937220656,nan,nan,nan,nan,nan,nan,nan
943,48.4210526316,0.7196593738,nan,0.0000225308,46.4722335440,nan,nan,nan,nan,nan,nan,nan
944,48.4210526316,0.3001039558,nan,0.0018880556,27.2398522745,nan,nan,nan,nan,nan,nan,nan
945,48.4210526316,0.1174065093,nan,0.0041243520,23.8464427801,nan,nan,nan,nan,nan,nan,nan
946,48.4210526316,0.4256374371,nan,0.0007382811,31.3177822510,nan,nan,nan,nan,nan,nan,nan
947,48.4210526316,0.1450079764,nan,0.0038310627,24.1668073648,nan,nan,nan,nan,nan,nan,nan
948,48.4210526316,0.9101311079,nan,0.0000008915,60.4987030246,nan,nan,nan,nan,nan,nan,nan
949,48.4210526316,0.1393873630,nan,0.0038939999,24.0960405876,nan,nan,nan,nan,nan,nan,nan
950,48.4210526316,0.8621023381,nan,0.0000021632,56.6490445803,nan,nan,nan,nan,nan,nan,nan
951,48.4210526316,0.9266382377,nan,0.0000006500,61.8705535083,nan,nan,nan,nan,nan,nan,nan
952,48.4210526316,0.6702363224,nan,0.0000459807,43.3742439968,nan,nan,nan,nan,nan,nan,nan
953,48.4210526316,0.5486488002,nan,0.0002137657,36.7006198138,nan,nan,nan,nan,nan,nan,nan
954,48.4210526316,0.8451837684,nan,0.0000029220,55.3432347844,nan,nan,nan,nan,nan,nan,nan
955,48.4210526316,0.4314332320,nan,0.0007013670,31.5405465570,nan,nan,nan,nan,nan,nan,nan
956,48.4210526316,0.9046409927,nan,0.0000009890,60.0479662486,nan,nan,nan,nan,nan,nan,nan
957,48.4210526316,0.3556656097,nan,0.0012975556,28.8687401341,nan,nan,nan,nan,nan,nan,nan
958,48.4210526316,0.0661497207,nan,0.0045373522,23.4319750620,nan,nan,nan,nan,nan,nan,nan
959,48.4210526316,0.3205173483,nan,0.0016573492,27.8058596818,nan,nan,nan,nan,nan,nan,nan
960,48.4210526316,0.7585722600,nan,0.0000123928,49.0683013694,nan,nan,nan,nan,nan,nan,nan
961,48.4210526316,0.1537430812,nan,0.0037304348,24.2824055127,nan,nan,nan,nan,nan,nan,nan
962,48.4210526316,1.1257255008,nan,0.0000000092,80.3823716837,nan,nan,nan,nan,nan,nan,nan
963,48.4210526316,0.6529235267,nan,0.0000583213,42.3417268053,nan,nan,nan,nan,nan,nan,nan
964,48.4210526316,0.6735786796,nan,0.0000438861,43.5767269733,nan,nan,nan,nan,nan,nan,nan
965,48.4210526316,0.2318551287,nan,0.0027411266,25.6207090344,nan,nan,nan,nan,nan,nan,nan
966,48.4210526316,0.5278984204,nan,0.0002693914,35.6961628966,nan,nan,nan,nan,nan,nan,nan
967,48.4210526316,0.7460946381,nan,0.0000150633,48.2207976356,nan,nan,nan,nan,nan,nan,nan
968,48.4210526316,0.5894795774,nan,0.0001320832,38.7915228231,nan,nan,nan,nan,nan,nan,nan
969,48.4210526316,0.6895261969,nan,0.0000350197,44.5568732371,nan,nan,nan,nan,nan,nan,nan
970,48.4210526316,0.5459874095,nan,0.0002203129,36.5696006610,nan,nan,nan,nan,nan,nan,nan
971,48.4210526316,0.6896742697,nan,0.0000349455,44.5660826245,nan,nan,nan,nan,nan,nan,nan
972,48.4210526316,0.3479225307,nan,0.0013724646,28.6249883655,nan,nan,nan,nan,nan,nan,nan
973,48.4210526316,0.9508699096,nan,0.0000004046,63.9295570773,nan,nan,nan,nan,nan,nan,nan
974,48.4210526316,0.5953013416,nan,0.0001229698,39.1020147079,nan,nan,nan,nan,nan,nan,nan
975,48.4210526316,0.2435392796,nan,0.0025893470,25.8680975389,nan,nan,nan,nan,nan,nan,nan
976,48.4210526316,0.2738434318,nan,0.0022044019,26.5670922278,nan,nan,nan,nan,nan,nan,nan
977,48.4210526316,0.7347954851,nan,0.0000179242,47.4656056187,nan,nan,nan,nan,nan,nan,nan
978,48.4210526316,0.5027741255,nan,0.0003521766,34.5323955369,nan,nan,nan,nan,nan,nan,nan
979,48.4210526316,0.4043643674,nan,0.0008858781,30.5262602754,nan,nan,nan,nan,nan,nan,nan
980,48.4210526316,0.8515685115,nan,0.0000026104,55.8329463838,nan,nan,nan,nan,nan,nan,nan
981,48.4210526316,0.5072622007,nan,0.0003360412,34.7360742622,nan,nan,nan,nan,nan,nan,nan
982,48.4210526316,0.6971622320,nan,0.0000313732,45.0344049601,nan,nan,nan,nan,nan,nan,nan
983,48.4210526316,0.2644906514,nan,0.0023213880,26.3425225954,nan,nan,nan,nan,nan,nan,nan
984,48.4210526316,1.0282293835,nan,0.0000000820,70.8628782014,nan,nan,nan,nan,nan,nan,nan
985,48.4210526316,0.5573330430,nan,0.0001935252,37.1326246737,nan,nan,nan,nan,nan,nan,nan
986,48.4210526316,0.5932410588,nan,0.0001261310,38.9917808120,nan,nan,nan,nan,nan,nan,nan
987,48.4210526316,0.2412835895,nan,0.0026185571,25.8193794903,nan,nan,nan,nan,nan,nan,nan
988,48.4210526316,0.2773282862,nan,0.0021613316,26.6527859946,nan,nan,nan,nan,nan,nan,nan
989,48.4210526316,0.8966946486,nan,0.0000011480,59.4004602639,nan,nan,nan,nan,nan,nan,nan
990,48.4210526316,0.6250951675,nan,0.0000843463,40.7393418881,nan,nan,nan,nan,nan,nan,nan
991,48.4210526316,1.0345696771,nan,0.0000000715,71.4554421539,nan,nan,nan,nan,nan,nan,nan
992,48.4210526316,0.0461301664,nan,0.0046413788,23.3335298521,nan,nan,nan,nan,nan,nan,nan
993,48.4210526316,0.9440339202,nan,0.0000004631,63.3432473816,nan,nan,nan,nan,nan,nan,nan
994,48.4210526316,0.6006408914,nan,0.0001150932,39.3895028704,nan,nan,nan,nan,nan,nan,nan
995,48.4210526316,0.3155715240,nan,0.0017118797,27.6652676612,nan,nan,nan,nan,nan,nan,nan
996,48.4210526316,1.0060882672,nan,0.0000001311,68.8224711232,nan,nan,nan,nan,nan,nan,nan
997,48.4210526316,1.1073082353,nan,0.0000000141,78.5173174746,nan,nan,nan,nan,nan,nan,nan
998,48.4210526316,0.5304635133,nan,0.0002619263,35.8182086896,nan,nan,nan,nan,nan,nan,nan
999,48.4210526316,0.7616158206,nan,0.0000118109,49.2771832118,nan,nan,nan,nan,nan,nan,nan
1000,48.4210526316,0.2097772832,nan,0.0030291274,25.1868246232,nan,nan,nan,nan,nan,nan,nan
1001,48.4210526316,0.5516506729,nan,0.0002065773,36.8491742751,nan,nan,nan,nan,nan,nan,nan
1002,48.4210526316,0.3931082874,nan,0.0009718406,30.1240495424,nan,nan,nan,nan,nan,nan,nan
1003,48.4210526316,1.5080801603,nan,0.0000000000,126.1413205112,nan,nan,nan,nan,nan,nan,nan
1004,48.4210526316,0.4949293842,nan,0.0003818756,34.1807813194,nan,nan,nan,nan,nan,nan,nan
1005,48.4210526316,0.5053812874,nan,0.0003427290,34.6504913673,nan,nan,nan,nan,nan,nan,nan
1006,48.4210526316,0.6332360739,nan,0.0000758438,41.2007983189,nan,nan,nan,nan,nan,nan,nan
1007,48.4210526316,0.4152821882,nan,0.0008077259,30.9273599344,nan,nan,nan,nan,nan,nan,nan
1008,48.4210526316,0.5211285902,nan,0.0002899391,35.3769319013,nan,nan,nan,nan,nan,nan,nan
1009,48.4210526316,0.5965306412,nan,0.0001211164,39.1679716352,nan,nan,nan,nan,nan,nan,nan
1010,48.4210526316,1.0403663973,nan,0.0000000631,72.0004286465,nan,nan,nan,nan,nan,nan,nan
1011,48.4210526316,0.3216798716,nan,0.0016446644,27.8392271048,nan,nan,nan,nan,nan,nan,nan
1012,48.4210526316,0.3675097844,nan,0.0011879285,29.2520971014,nan,nan,nan,nan,nan,nan,nan
1013,48.4210526316,0.9051933098,nan,0.0000009788,60.0931864964,nan,nan,nan,nan,nan,nan,nan
1014,48.4210526316,0.3045374254,nan,0.0018367167,27.3595783414,nan,nan,nan,nan,nan,nan,nan
1015,48.4210526316,1.2636179123,nan,0.0000000003,95.3356281802,nan,nan,nan,nan,nan,nan,nan
1016,48.4210526316,0.9583866844,nan,0.0000003484,64.5791968543,nan,nan,nan,nan,nan,nan,nan
1017,48.4210526316,0.8185606497,nan,0.0000046330,53.3414164374,nan,nan,nan,nan,nan,nan,nan
1018,48.4210526316,0.3071490805,nan,0.0018067840,27.4309376343,nan,nan,nan,nan,nan,nan,nan
1019,48.4210526316,1.3378580074,nan,0.0000000000,104.1097625030,nan,nan,nan,nan,nan,nan,nan
1020,48.4210526316,0.6733339319,nan,0.0000440366,43.5618653582,nan,nan,nan,nan,nan,nan,nan
1021,48.4210526316,0.6648636517,nan,0.0000495348,43.0508982192,nan,nan,nan,nan,nan,nan,nan
1022,48.4210526316,1.3180380584,nan,0.0000000001,101.7177476408,nan,nan,nan,nan,nan,nan,nan
1023,48.4210526316,0.5278504433,nan,0.0002695327,35.6938858748,nan,nan,nan,nan,nan,nan,nan
1024,48.4210526316,0.6505945550,nan,0.0000601878,42.2049151616,nan,nan,nan,nan,nan,nan,nan
1025,48.4210526316,0.3910451299,nan,0.0009881952,30.0515728182,nan,nan,nan,nan,nan,nan,nan
1026,48.4210526316,0.5571357874,nan,0.0001939664,37.1227358481,nan,nan,nan,nan,nan,nan,nan
1027,48.4210526316,0.3662865299,nan,0.0011989702,29.2119160812,nan,nan,nan,nan,nan,nan,nan
1028,48.4210526316,0.6426240806,nan,0.0000669816,41.7404450814,nan,nan,nan,nan,nan,nan,nan
1029,48.4210526316,0.6862361864,nan,0.0000367048,44.3527671298,nan,nan,nan,nan,nan,nan,nan
1030,48.4210526316,0.3458501887,nan,0.0013929413,28.5606717935,nan,nan,nan,nan,nan,nan,nan
1031,48.4210526316,0.7014120027,nan,0.0000294953,45.3024758675,nan,nan,nan,nan,nan,nan,nan
1032,48.4210526316,0.0805218608,nan,0.0044416246,23.5245815275,nan,nan,nan,nan,nan,nan,nan
1033,48.4210526316,0.6492521830,nan,0.0000612875,42.1262843880,nan,nan,nan,nan,nan,nan,nan
1034,48.4210526316,1.0181865255,nan,0.0000001016,69.9318137446,nan,nan,nan,nan,nan,nan,nan
1035,48.4210526316,0.4570895953,nan,0.0005542068,32.5632813952,nan,nan,nan,nan,nan,nan,nan
1036,48.4210526316,0.6139734632,nan,0.0000973042,40.1186851317,nan,nan,nan,nan,nan,nan,nan
1037,48.4210526316,0.3857688293,nan,0.0010308663,29.8679764709,nan,nan,nan,nan,nan,nan,nan
1038,48.4210526316,0.6390044003,nan,0.0000702842,41.5314248605,nan,nan,nan,nan,nan,nan,nan
1039,48.4210526316,0.1650635787,nan,0.0035955086,24.4423966654,nan,nan,nan,nan,nan,nan,nan
1040,48.4210526316,0.5265492506,nan,0.0002733877,35.6322102779,nan,nan,nan,nan,nan,nan,nan
1041,48.4210526316,0.3250955981,nan,0.0016076909,27.9379744116,nan,nan,nan,nan,nan,nan,nan
1042,48.4210526316,0.6099608614,nan,0.0001023876,39.8975251208,nan,nan,nan,nan,nan,nan,nan
1043,48.4210526316,0.1490186663,nan,0.0037852671,24.2190346777,nan,nan,nan,nan,nan,nan,nan
1044,48.4210526316,0.5242521847,nan,0.0002803040,35.5237069010,nan,nan,nan,nan,nan,nan,nan
1045,48.4210526316,0.3989956467,nan,0.0009261923,30.3329883085,nan,nan,nan,nan,nan,nan,nan
1046,48.4210526316,0.1638859084,nan,0.0036097597,24.4252170381,nan,nan,nan,nan,nan,nan,nan
1047,48.4210526316,0.3922241707,nan,0.0009788262,30.0929441350,nan,nan,nan,nan,nan,nan,nan
1048,48.4210526316,0.1007575868,nan,0.0042794351,23.6861355424,nan,nan,nan,nan,nan,nan,nan
1049,48.4210526316,0.3066362947,nan,0.0018126427,27.4168779462,nan,nan,nan,nan,nan,nan,nan
1050,48.4210526316,0.6755539267,nan,0.0000426887,43.6968682498,nan,nan,nan,nan,nan,nan,nan
1051,48.4210526316,0.4705335118,nan,0.0004871854,33.1230577340,nan,nan,nan,nan,nan,nan,nan
1052,48.4210526316,0.4628031670,nan,0.0005249069,32.7991768012,nan,nan,nan,nan,nan,nan,nan
1053,48.4210526316,0.2489524466,nan,0.0025194855,25.9868813833,nan,nan,nan,nan,nan,nan,nan
1054,48.4210526316,0.3409491930,nan,0.0014420780,28.4101125959,nan,nan,nan,nan,nan,nan,nan
1055,48.4210526316,0.2701792438,nan,0.0022500021,26.4781708377,nan,nan,nan,nan,nan,nan,nan
1056,48.4210526316,1.0460168411,nan,0.0000000558,72.5346278214,nan,nan,nan,nan,nan,nan,nan
1057,48.4210526316,0.6711379706,nan,0.0000454071,43.4287662782,nan,nan,nan,nan,nan,nan,nan
1058,48.4210526316,0.4415110481,nan,0.0006404495,31.9351510578,nan,nan,nan,nan,nan,nan,nan
1059,48.4210526316,0.4809412788,nan,0.0004397755,33.5676896740,nan,nan,nan,nan,nan,nan,nan
1060,48.4210526316,0.8797479254,nan,0.0000015708,58.0388644880,nan,nan,nan,nan,nan,nan,nan
1061,48.4210526316,0.5356313833,nan,0.0002474053,36.0659108860,nan,nan,nan,nan,nan,nan,nan
1062,48.4210526316,0.3555699483,nan,0.0012984656,28.8656956011,nan,nan,nan,nan,nan,nan,nan
1063,48.4210526316,0.6675513747,nan,0.0000477274,43.2123255252,nan,nan,nan,nan,nan,nan,nan
1064,48.4210526316,0.9814176969,nan,0.0000002187,66.6018822043,nan,nan,nan,nan,nan,nan,nan
1065,48.4210526316,0.6612969668,nan,0.0000520272,42.8376968493,nan,nan,nan,nan,nan,nan,nan
1066,48.4210526316,0.1237481803,nan,0.0040606748,23.9140178836,nan,nan,nan,nan,nan,nan,nan
1067,48.4210526316,0.5122564765,nan,0.0003187955,34.9648782711,nan,nan,nan,nan,nan,nan,nan
1068,48.4210526316,0.1228831609,nan,0.0040695007,23.9045886878,nan,nan,nan,nan,nan,nan,nan
1069,48.4210526316,0.8536999520,nan,0.0000025135,55.9972586001,nan,nan,nan,nan,nan,nan,nan
1070,48.4210526316,0.4691263653,nan,0.0004938900,33.0636979410,nan,nan,nan,nan,nan,nan,nan
1071,48.4210526316,0.7203410497,nan,0.0000223022,46.5165216663,nan,nan,nan,nan,nan,nan,nan
1072,48.4210526316,0.2260115040,nan,0.0028173473,25.5015961451,nan,nan,nan,nan,nan,nan,nan
1073,48.4210526316,0.6798306896,nan,0.0000401956,43.9582151517,nan,nan,nan,nan,nan,nan,nan
1074,48.4210526316,0.8204413754,nan,0.0000044867,53.4807025699,nan,nan,nan,nan,nan,nan,nan
1075,48.4210526316,0.7721462685,nan,0.0000099852,50.0064246792,nan,nan,nan,nan,nan,nan,nan
1076,48.4210526316,0.3412783907,nan,0.0014387464,28.4201574894,nan,nan,nan,nan,nan,nan,nan
1077,48.4210526316,0.2983711136,nan,0.0019082973,27.1935395663,nan,nan,nan,nan,nan,nan,nan
1078,48.4210526316,0.2845237715,nan,0.0020733878,26.8331945582,nan,nan,nan,nan,nan,nan,nan
1079,48.4210526316,0.5025530672,nan,0.0003529872,34.5224107397,nan,nan,nan,nan,nan,nan,nan
1080,48.4210526316,0.5199568285,nan,0.0002936229,35.3221007099,nan,nan,nan,nan,nan,nan,nan
1081,48.4210526316,0.6198188111,nan,0.0000902925,40.4434847462,nan,nan,nan,nan,nan,nan,nan
1082,48.4210526316,0.7517396929,nan,0.0000137960,48.6024590539,nan,nan,nan,nan,nan,nan,nan
1083,48.4210526316,0.5505986842,nan,0.0002090730,36.7970209013,nan,nan,nan,nan,nan,nan,nan
1084,48.4210526316,0.3671321119,nan,0.0011913306,29.2396769921,nan,nan,nan,nan,nan,nan,nan
1085,48.4210526316,0.7376412722,nan,0.0000171605,47.6547087229,nan,nan,nan,nan,nan,nan,nan
1086,48.4210526316,0.4196163373,nan,0.0007781107,31.0895859892,nan,nan,nan,nan,nan,nan,nan
1087,48.4210526316,0.6890723488,nan,0.0000352480,44.5286586266,nan,nan,nan,nan,nan,nan,nan
1088,48.4210526316,0.1010521661,nan,0.0042768529,23.6887569107,nan,nan,nan,nan,nan,nan,nan
1089,48.4210526316,0.4168838068,nan,0.0007966894,30.9871096034,nan,nan,nan,nan,nan,nan,nan
1090,48.4210526316,0.4366352344,nan,0.0006694091,31.7430839109,nan,nan,nan,nan,nan,nan,nan
1091,48.4210526316,0.3169699672,nan,0.0016963692,27.7047960995,nan,nan,nan,nan,nan,nan,nan
1092,48.4210526316,0.6560736564,nan,0.0000558784,42.5275629629,nan,nan,nan,nan,nan,nan,nan
1093,48.4210526316,0.3300809293,nan,0.0015545359,28.0839924225,nan,nan,nan,nan,nan,nan,nan
1094,48.4210526316,0.8649550935,nan,0.0000020550,56.8718057935,nan,nan,nan,nan,nan,nan,nan
1095,48.4210526316,0.5893326866,nan,0.0001323205,38.7837286305,nan,nan,nan,nan,nan,nan,nan
1096,48.4210526316,0.1571375661,nan,0.0036904789,24.3291727818,nan,nan,nan,nan,nan,nan,nan
1097,48.4210526316,0.6684432044,nan,0.0000471407,43.2660352785,nan,nan,nan,nan,nan,nan,nan
1098,48.4210526316,0.4470664396,nan,0.0006086088,32.1566180328,nan,nan,nan,nan,nan,nan,nan
1099,48.4210526316,0.4803288105,nan,0.0004424608,33.5412517911,nan,nan,nan,nan,nan,nan,nan
1100,48.4210526316,0.3721574519,nan,0.0011465691,29.4059977592,nan,nan,nan,nan,nan,nan,nan
1101,48.4210526316,1.0063795809,nan,0.0000001303,68.8490253434,nan,nan,nan,nan,nan,nan,nan
1102,48.4210526316,0.7183071683,nan,0.0000229905,46.3845070110,nan,nan,nan,nan,nan,nan,nan
1103,48.4210526316,0.1972240394,nan,0.0031917693,24.9596850265,nan,nan,nan,nan,nan,nan,nan
1104,48.4210526316,0.1108567833,nan,0.0041875269,23.7804239109,nan,nan,nan,nan,nan,nan,nan
1105,48.4210526316,0.2539304953,nan,0.0024555856,26.0984491936,nan,nan,nan,nan,nan,nan,nan
1106,48.4210526316,0.4922639040,nan,0.0003924114,34.0625832971,nan,nan,nan,nan,nan,nan,nan
1107,48.4210526316,0.1606453635,nan,0.0036487265,24.3785868783,nan,nan,nan,nan,nan,nan,nan
1108,48.4210526316,0.3441783296,nan,0.0014095913,28.5090677731,nan,nan,nan,nan,nan,nan,nan
1109,48.4210526316,0.9347193118,nan,0.0000005557,62.5512395676,nan,nan,nan,nan,nan,nan,nan
1110,48.4210526316,0.4216403772,nan,0.0007645521,31.1659289726,nan,nan,nan,nan,nan,nan,nan
1111,48.4210526316,0.1565771292,nan,0.0036971067,24.3213801903,nan,nan,nan,nan,nan,nan,nan
1112,48.4210526316,1.0665562480,nan,0.0000000355,74.5011078371,nan,nan,nan,nan,nan,nan,nan
1113,48.4210526316,0.9852351692,nan,0.0000002022,66.9418443301,nan,nan,nan,nan,nan,nan,nan
1114,48.4210526316,0.5336067660,nan,0.0002530126,35.9685790933,nan,nan,nan,nan,nan,nan,nan
1115,48.4210526316,1.2778857253,nan,0.0000000002,96.9825583112,nan,nan,nan,nan,nan,nan,nan
1116,48.4210526316,0.2198138215,nan,0.0028982598,25.3786269270,nan,nan,nan,nan,nan,nan,nan
1117,48.4210526316,0.4548913284,nan,0.0005658077,32.4733115537,nan,nan,nan,nan,nan,nan,nan
1118,48.4210526316,0.4446490657,nan,0.0006223140,32.0599045568,nan,nan,nan,nan,nan,nan,nan
1119,48.4210526316,0.3474824122,nan,0.0013767984,28.6112964696,nan,nan,nan,nan,nan,nan,nan
1120,48.4210526316,0.4894577261,nan,0.0004037529,33.9388439165,nan,nan,nan,nan,nan,nan,nan
1121,48.4210526316,0.5215062360,nan,0.0002887600,35.3946299941,nan,nan,nan,nan,nan,nan,nan
1122,48.4210526316,0.2190714905,nan,0.0029079503,25.3641301550,nan,nan,nan,nan,nan,nan,nan
1123,48.4210526316,1.0846469072,nan,0.0000000236,76.2651849403,nan,nan,nan,nan,nan,nan,nan
1124,48.4210526316,0.4539479065,nan,0.0005708429,32.4348341058,nan,nan,nan,nan,nan,nan,nan
1125,48.4210526316,0.4085355575,nan,0.0008554161,30.6782256845,nan,nan,nan,nan,nan,nan,nan
1126,48.4210526316,0.9797448964,nan,0.0000002263,66.4533329388,nan,nan,nan,nan,nan,nan,nan
1127,48.4210526316,0.5673223389,nan,0.0001722646,37.6380394397,nan,nan,nan,nan,nan,nan,nan
1128,48.4210526316,0.5191799702,nan,0.0002960863,35.2858173851,nan,nan,nan,nan,nan,nan,nan
1129,48.4210526316,0.4675871559,nan,0.0005013058,32.9989731091,nan,nan,nan,nan,nan,nan,nan
1130,48.4210526316,0.5962817534,nan,0.0001214897,39.1546066776,nan,nan,nan,nan,nan,nan,nan
1131,48.4210526316,0.5555626714,nan,0.0001975150,37.0439990849,nan,nan,nan,nan,nan,nan,nan
1132,48.4210526316,0.2123894940,nan,0.0029951100,25.2358722552,nan,nan,nan,nan,nan,nan,nan
1133,48.4210526316,0.7909858786,nan,0.0000073513,51.3363595491,nan,nan,nan,nan,nan,nan,nan
1134,48.4210526316,1.1823747128,nan,0.0000000023,86.3141874163,nan,nan,nan,nan,nan,nan,nan
1135,48.4210526316,0.9859353804,nan,0.0000001993,67.0043460255,nan,nan,nan,nan,nan,nan,nan
1136,48.4210526316,0.7696074147,nan,0.0000104000,49.8296803431,nan,nan,nan,nan,nan,nan,nan
1137,48.4210526316,0.1430392775,nan,0.0038532765,24.1416982935,nan,nan,nan,nan,nan,nan,nan
1138,48.4210526316,0.6828723139,nan,0.0000385026,44.1450998384,nan,nan,nan,nan,nan,nan,nan
1139,48.4210526316,0.3436755316,nan,0.0014146214,28.4935977675,nan,nan,nan,nan,nan,nan,nan
1140,48.4210526316,0.7805505133,nan,0.0000087183,50.5956943022,nan,nan,nan,nan,nan,nan,nan
1141,48.4210526316,0.8096622871,nan,0.0000053867,52.6867900866,nan,nan,nan,nan,nan,nan,nan
1142,48.4210526316,0.4360474818,nan,0.0006729647,31.7200769971,nan,nan,nan,nan,nan,nan,nan
1143,48.4210526316,0.6889776558,nan,0.0000352958,44.5227741679,nan,nan,nan,nan,nan,nan,nan
1144,48.4210526316,0.7914288198,nan,0.0000072979,51.3680181081,nan,nan,nan,nan,nan,nan,nan
1145,48.4210526316,0.5207971028,nan,0.0002909774,35.3614076779,nan,nan,nan,nan,nan,nan,nan
1146,48.4210526316,0.2524206357,nan,0.0024749281,26.0643741841,nan,nan,nan,nan,nan,nan,nan
1147,48.4210526316,0.4544960190,nan,0.0005679134,32.4571790268,nan,nan,nan,nan,nan,nan,nan
1148,48.4210526316,0.5876745385,nan,0.0001350243,38.6958816937,nan,nan,nan,nan,nan,nan,nan
1149,48.4210526316,0.4416673875,nan,0.0006395367,31.9413452535,nan,nan,nan,nan,nan,nan,nan
1150,48.4210526316,0.3698554195,nan,0.0011669373,29.3295247942,nan,nan,nan,nan,nan,nan,nan
1151,48.4210526316,0.2591881145,nan,0.0023885210,26.2187093918,nan,nan,nan,nan,nan,nan,nan
1152,48.4210526316,0.9876476078,nan,0.0000001924,67.1573707525,nan,nan,nan,nan,nan,nan,nan
1153,48.4210526316,0.3377636170,nan,0.0014745459,28.3134169306,nan,nan,nan,nan,nan,nan,nan
1154,48.4210526316,0.6480417843,nan,0.0000622942,42.0555249483,nan,nan,nan,nan,nan,nan,nan
1155,48.4210526316,0.2069129766,nan,0.0030663736,25.1337493277,nan,nan,nan,nan,nan,nan,nan
1156,48.4210526316,0.8805083438,nan,0.0000015490,58.0993976446,nan,nan,nan,nan,nan,nan,nan
1157,48.4210526316,1.2297009449,nan,0.0000000007,91.4956836462,nan,nan,nan,nan,nan,nan,nan
1158,48.4210526316,0.6606486678,nan,0.0000524920,42.7990688744,nan,nan,nan,nan,nan,nan,nan
1159,48.4210526316,0.7751891058,nan,0.0000095082,50.2190300989,nan,nan,nan,nan,nan,nan,nan
1160,48.4210526316,0.2311030856,nan,0.0027509282,25.6052073854,nan,nan,nan,nan,nan,nan,nan
1161,48.4210526316,0.2553535620,nan,0.0024373878,26.1307536353,nan,nan,nan,nan,nan,nan,nan
1162,48.4210526316,0.2980961424,nan,0.0019115183,27.1862155059,nan,nan,nan,nan,nan,nan,nan
1163,48.4210526316,0.1431740289,nan,0.0038517617,24.1434058620,nan,nan,nan,nan,nan,nan,nan
1164,48.4210526316,0.3663654697,nan,0.0011982557,29.2145049767,nan,nan,nan,nan,nan,nan,nan
1165,48.4210526316,0.6372260548,nan,0.0000719586,41.4291709816,nan,nan,nan,nan,nan,nan,nan
1166,48.4210526316,0.9313376911,nan,0.0000005935,62.2656709152,nan,nan,nan,nan,nan,nan,nan
1167,48.4210526316,0.9983743172,nan,0.0000001541,68.1221483236,nan,nan,nan,nan,nan,nan,nan
1168,48.4210526316,0.3970267601,nan,0.0009412903,30.2627640298,nan,nan,nan,nan,nan,nan,nan
1169,48.4210526316,0.4783021121,nan,0.0004514389,33.4540100612,nan,nan,nan,nan,nan,nan,nan
1170,48.4210526316,0.9284034168,nan,0.0000006282,62.0187278983,nan,nan,nan,nan,nan,nan,nan
1171,48.4210526316,0.2273887642,nan,0.0027993730,25.5293923422,nan,nan,nan,nan,nan,nan,nan
1172,48.4210526316,1.0308312359,nan,0.0000000775,71.1056015265,nan,nan,nan,nan,nan,nan,nan
1173,48.4210526316,0.2919833191,nan,0.0019837366,27.0251598786,nan,nan,nan,nan,nan,nan,nan
1174,48.4210526316,0.2684355475,nan,0.0022718095,26.4362808818,nan,nan,nan,nan,nan,nan,nan
1175,48.4210526316,0.4753967034,nan,0.0004645587,33.3295941218,nan,nan,nan,nan,nan,nan,nan
1176,48.4210526316,0.5587391356,nan,0.0001904050,37.2032175489,nan,nan,nan,nan,nan,nan,nan
1177,48.4210526316,0.7350136949,nan,0.0000178645,47.4800795255,nan,nan,nan,nan,nan,nan,nan
1178,48.4210526316,0.9849885777,nan,0.0000002032,66.9198439648,nan,nan,nan,nan,nan,nan,nan
1179,48.4210526316,0.7164874164,nan,0.0000236227,46.2667111080,nan,nan,nan,nan,nan,nan,nan
1180,48.4210526316,0.5797100081,nan,0.0001486819,38.2774190195,nan,nan,nan,nan,nan,nan,nan
1181,48.4210526316,0.4430683586,nan,0.0006314005,31.9969510126,nan,nan,nan,nan,nan,nan,nan
1182,48.4210526316,0.4534649914,nan,0.0005734335,32.4151696871,nan,nan,nan,nan,nan,nan,nan
1183,48.4210526316,0.4982892836,nan,0.0003689188,34.3306926872,nan,nan,nan,nan,nan,nan,nan
1184,48.4210526316,0.9720136376,nan,0.0000002648,65.7701064400,nan,nan,nan,nan,nan,nan,nan
1185,48.4210526316,0.5094054173,nan,0.0003285501,34.8339841955,nan,nan,nan,nan,nan,nan,nan
1186,48.4210526316,0.5332787192,nan,0.0002539309,35.9528436257,nan,nan,nan,nan,nan,nan,nan
1187,48.4210526316,0.6949668689,nan,0.0000323849,44.8965694486,nan,nan,nan,nan,nan,nan,nan
1188,48.4210526316,0.9379526931,nan,0.0000005218,62.8252690634,nan,nan,nan,nan,nan,nan,nan
1189,48.4210526316,0.1130138645,nan,0.0041670209,23.8017432320,nan,nan,nan,nan,nan,nan,nan
1190,48.4210526316,0.7029354803,nan,0.0000288471,45.3989765113,nan,nan,nan,nan,nan,nan,nan
1191,48.4210526316,0.4285781172,nan,0.0007193781,31.4304278631,nan,nan,nan,nan,nan,nan,nan
1192,48.4210526316,0.9349355023,nan,0.0000005534,62.5695318712,nan,nan,nan,nan,nan,nan,nan
1193,48.4210526316,0.7000432111,nan,0.0000300888,45.2159540483,nan,nan,nan,nan,nan,nan,nan
1194,48.4210526316,0.6990758472,nan,0.0000305147,45.1549097376,nan,nan,nan,nan,nan,nan,nan
1195,48.4210526316,0.3209422712,nan,0.0016527068,27.8180418941,nan,nan,nan,nan,nan,nan,nan
1196,48.4210526316,1.3351004848,nan,0.0000000000,103.7748017097,nan,nan,nan,nan,nan,nan,nan
1197,48.4210526316,1.2588115032,nan,0.0000000003,94.7850378641,nan,nan,nan,nan,nan,nan,nan
1198,48.4210526316,0.4174263061,nan,0.0007929758,31.0074007291,nan,nan,nan,nan,nan,nan,nan
1199,48.4210526316,0.5651971391,nan,0.0001766138,37.5297529419,nan,nan,nan,nan,nan,nan,nan
1200,48.4210526316,0.3321717655,nan,0.0015325332,28.1459012060,nan,nan,nan,nan,nan,nan,nan
1201,48.4210526316,0.2228277108,nan,0.0028589108,25.4379939603,nan,nan,nan,nan,nan,nan,nan
1202,48.4210526316,0.4923668806,nan,0.0003920001,34.0671377000,nan,nan,nan,nan,nan,nan,nan
1203,48.4210526316,0.3010763538,nan,0.0018767396,27.2659598652,nan,nan,nan,nan,nan,nan,nan
1204,48.4210526316,0.1262896451,nan,0.0040344948,23.9421084191,nan,nan,nan,nan,nan,nan,nan
1205,48.4210526316,0.2256436377,nan,0.0028221489,25.4942006876,nan,nan,nan,nan,nan,nan,nan
1206,48.4210526316,0.6945449739,nan,0.0000325827,44.8701312219,nan,nan,nan,nan,nan,nan,nan
1207,48.4210526316,0.6604882803,nan,0.0000526076,42.7895183295,nan,nan,nan,nan,nan,nan,nan
1208,48.4210526316,0.9001649921,nan,0.0000010758,59.6825295274,nan,nan,nan,nan,nan,nan,nan
1209,48.4210526316,1.1159222781,nan,0.0000000115,79.3857582275,nan,nan,nan,nan,nan,nan,nan
1210,48.4210526316,0.6308528230,nan,0.0000782514,41.0650815676,nan,nan,nan,nan,nan,nan,nan
1211,48.4210526316,0.2761790960,nan,0.0021755016,26.6244058628,nan,nan,nan,nan,nan,nan,nan
1212,48.4210526316,0.8491462122,nan,0.0000027248,55.6467163966,nan,nan,nan,nan,nan,nan,nan
1213,48.4210526316,0.3336194374,nan,0.0015174005,28.1889978753,nan,nan,nan,nan,nan,nan,nan
1214,48.4210526316,0.3193379128,nan,0.0016702706,27.7721317268,nan,nan,nan,nan,nan,nan,nan
1215,48.4210526316,0.1909643586,nan,0.0032721131,24.8517169729,nan,nan,nan,nan,nan,nan,nan
1216,48.4210526316,0.7040796525,nan,0.0000283688,45.4715903348,nan,nan,nan,nan,nan,nan,nan
1217,48.4210526316,1.0497181957,nan,0.0000000515,72.8861448066,nan,nan,nan,nan,nan,nan,nan
1218,48.4210526316,0.7220157057,nan,0.0000217495,46.6255032813,nan,nan,nan,nan,nan,nan,nan
1219,48.4210526316,0.5895833091,nan,0.0001319159,38.7970281320,nan,nan,nan,nan,nan,nan,nan
1220,48.4210526316,0.7332751520,nan,0.0000183447,47.3648822537,nan,nan,nan,nan,nan,nan,nan
1221,48.4210526316,0.1231928984,nan,0.0040663454,23.9079573096,nan,nan,nan,nan,nan,nan,nan
1222,48.4210526316,0.8071828062,nan,0.0000056161,52.5056714595,nan,nan,nan,nan,nan,nan,nan
1223,48.4210526316,0.3661779468,nan,0.0011999535,29.2083559327,nan,nan,nan,nan,nan,nan,nan
1224,48.4210526316,0.1645555071,nan,0.0036016626,24.4349697513,nan,nan,nan,nan,nan,nan,nan
1225,48.4210526316,0.4201811452,nan,0.0007743099,31.1108520989,nan,nan,nan,nan,nan,nan,nan
1226,48.4210526316,0.1510727824,nan,0.0037615413,24.2463416734,nan,nan,nan,nan,nan,nan,nan
1227,48.4210526316,0.7816810232,nan,0.0000085596,50.6754532674,nan,nan,nan,nan,nan,nan,nan
1228,48.4210526316,0.3169895145,nan,0.0016961530,27.7053498761,nan,nan,nan,nan,nan,nan,nan
1229,48.4210526316,0.6091898669,nan,0.0001033904,39.8551987315,nan,nan,nan,nan,nan,nan,nan
1230,48.4210526316,0.3786951908,nan,0.0010899843,29.6257976414,nan,nan,nan,nan,nan,nan,nan
1231,48.4210526316,0.7230295043,nan,0.0000214210,46.6916026819,nan,nan,nan,nan,nan,nan,nan
1232,48.4210526316,1.3168354505,nan,0.0000000001,101.5737704317,nan,nan,nan,nan,nan,nan,nan
1233,48.4210526316,0.5072847371,nan,0.0003359618,34.7371016333,nan,nan,nan,nan,nan,nan,nan
1234,48.4210526316,0.5376571198,nan,0.0002418984,36.1636697013,nan,nan,nan,nan,nan,nan,nan
1235,48.4210526316,0.6439466863,nan,0.0000658094,41.8171175666,nan,nan,nan,nan,nan,nan,nan
1236,48.4210526316,0.8843932297,nan,0.0000014423,58.4094799109,nan,nan,nan,nan,nan,nan,nan
1237,48.4210526316,0.4979498485,nan,0.0003702115,34.3155012376,nan,nan,nan,nan,nan,nan,nan
1238,48.4210526316,0.3125671017,nan,0.0017454433,27.5809425625,nan,nan,nan,nan,nan,nan,nan
1239,48.4210526316,0.4976312392,nan,0.0003714282,34.3012513792,nan,nan,nan,nan,nan,nan,nan
1240,48.4210526316,0.6421123108,nan,0.0000674401,41.7108201816,nan,nan,nan,nan,nan,nan,nan
1241,48.4210526316,1.1195326989,nan,0.0000000106,79.7517743415,nan,nan,nan,nan,nan,nan,nan
1242,48.4210526316,0.7637327569,nan,0.0000114210,49.4229691000,nan,nan,nan,nan,nan,nan,nan
1243,48.4210526316,0.4955817969,nan,0.0003793316,34.2098102731,nan,nan,nan,nan,nan,nan,nan
1244,48.4210526316,0.6550536642,nan,0.0000566593,42.4672913242,nan,nan,nan,nan,nan,nan,nan
1245,48.4210526316,0.5706970921,nan,0.0001655450,37.8108399792,nan,nan,nan,nan,nan,nan,nan
1246,48.4210526316,0.4020498030,nan,0.0009031052,30.4426163348,nan,nan,nan,nan,nan,nan,nan
1247,48.4210526316,1.2845163377,nan,0.0000000002,97.7542955372,nan,nan,nan,nan,nan,nan,nan
1248,48.4210526316,0.5446890187,nan,0.0002235674,36.5059153389,nan,nan,nan,nan,nan,nan,nan
1249,48.4210526316,0.5600074357,nan,0.0001876270,37.2670469188,nan,nan,nan,nan,nan,nan,nan
1250,48.4210526316,0.2777199925,nan,0.0021565093,26.6624867273,nan,nan,nan,nan,nan,nan,nan
1251,48.4210526316,1.8504841537,nan,0.0000000000,178.5425767988,nan,nan,nan,nan,nan,nan,nan
1252,48.4210526316,0.8162452921,nan,0.0000048191,53.1703856731,nan,nan,nan,nan,nan,nan,nan
1253,48.4210526316,1.1748024920,nan,0.0000000028,85.5042326045,nan,nan,nan,nan,nan,nan,nan
1254,48.4210526316,0.5570241331,nan,0.0001942164,37.1171399624,nan,nan,nan,nan,nan,nan,nan
1255,48.4210526316,1.1470990905,nan,0.0000000055,82.5858256447,nan,nan,nan,nan,nan,nan,nan
1256,48.4210526316,0.6045016980,nan,0.0001096733,39.5989914964,nan,nan,nan,nan,nan,nan,nan
1257,48.4210526316,0.6010834098,nan,0.0001144605,39.4134451594,nan,nan,nan,nan,nan,nan,nan
1258,48.4210526316,0.7432565459,nan,0.0000157398,48.0300140064,nan,nan,nan,nan,nan,nan,nan
1259,48.4210526316,0.4914194036,nan,0.0003957975,34.0252694830,nan,nan,nan,nan,nan,nan,nan
1260,48.4210526316,0.3787404786,nan,0.0010895988,29.6273337322,nan,nan,nan,nan,nan,nan,nan
1261,48.4210526316,0.5491765444,nan,0.0002124870,36.7266770200,nan,nan,nan,nan,nan,nan,nan
1262,48.4210526316,0.5425551759,nan,0.0002290032,36.4015847852,nan,nan,nan,nan,nan,nan,nan
1263,48.4210526316,0.3714784587,nan,0.0011525528,29.3833918545,nan,nan,nan,nan,nan,nan,nan
1264,48.4210526316,0.4689962938,nan,0.0004945133,33.0582200216,nan,nan,nan,nan,nan,nan,nan
1265,48.4210526316,0.7639010515,nan,0.0000113905,49.4345765113,nan,nan,nan,nan,nan,nan,nan
1266,48.4210526316,0.3744971344,nan,0.0011261044,29.4842133531,nan,nan,nan,nan,nan,nan,nan
1267,48.4210526316,0.1461012156,nan,0.0038186507,24.1809006533,nan,nan,nan,nan,nan,nan,nan
1268,48.4210526316,0.1797184728,nan,0.0034146070,24.6665927340,nan,nan,nan,nan,nan,nan,nan
1269,48.4210526316,0.3210679200,nan,0.0016513353,27.8216472782,nan,nan,nan,nan,nan,nan,nan
1270,48.4210526316,0.4999207028,nan,0.0003627561,34.4038531252,nan,nan,nan,nan,nan,nan,nan
1271,48.4210526316,0.3696450683,nan,0.0011688100,29.3225609123,nan,nan,nan,nan,nan,nan,nan
1272,48.4210526316,0.2461800767,nan,0.0025552207,25.9257158638,nan,nan,nan,nan,nan,nan,nan
1273,48.4210526316,0.9060279571,nan,0.0000009635,60.1615751377,nan,nan,nan,nan,nan,nan,nan
1274,48.4210526316,0.1030863640,nan,0.0042588565,23.7070699360,nan,nan,nan,nan,nan,nan,nan
1275,48.4210526316,0.6391192381,nan,0.0000701772,41.5380378788,nan,nan,nan,nan,nan,nan,nan
1276,48.4210526316,0.1657082587,nan,0.0035876876,24.4518538429,nan,nan,nan,nan,nan,nan,nan
1277,48.4210526316,0.1197843789,nan,0.0041007573,23.8713593812,nan,nan,nan,nan,nan,nan,nan
1278,48.4210526316,0.8747932564,nan,0.0000017196,57.6457432337,nan,nan,nan,nan,nan,nan,nan
1279,48.4210526316,0.4561812540,nan,0.0005589781,32.5260519460,nan,nan,nan,nan,nan,nan,nan
1280,48.4210526316,0.8820147425,nan,0.0000015068,58.2194708474,nan,nan,nan,nan,nan,nan,nan
1281,48.4210526316,0.8269157112,nan,0.0000040154,53.9626633540,nan,nan,nan,nan,nan,nan,nan
1282,48.4210526316,0.6349985505,nan,0.0000741055,41.3014974330,nan,nan,nan,nan,nan,nan,nan
1283,48.4210526316,0.9962454910,nan,0.0000001611,67.9298396584,nan,nan,nan,nan,nan,nan,nan
1284,48.4210526316,0.3365137174,nan,0.0014873980,28.2757280329,nan,nan,nan,nan,nan,nan,nan
1285,48.4210526316,0.8555455194,nan,0.0000024323,56.1398686265,nan,nan,nan,nan,nan,nan,nan
1286,48.4210526316,0.2105244266,nan,0.0030194021,25.2007905068,nan,nan,nan,nan,nan,nan,nan
1287,48.4210526316,0.3095815220,nan,0.0017791171,27.4979546927,nan,nan,nan,nan,nan,nan,nan
1288,48.4210526316,0.5367094269,nan,0.0002444618,36.1178890789,nan,nan,nan,nan,nan,nan,nan
1289,48.4210526316,0.9569419276,nan,0.0000003586,64.4539315194,nan,nan,nan,nan,nan,nan,nan
1290,48.4210526316,0.2039918868,nan,0.0031042865,25.0803820702,nan,nan,nan,nan,nan,nan,nan
1291,48.4210526316,0.3095707673,nan,0.0017792390,27.4976572084,nan,nan,nan,nan,nan,nan,nan
1292,48.4210526316,0.8087036973,nan,0.0000054743,52.6167013473,nan,nan,nan,nan,nan,nan,nan
1293,48.4210526316,0.7034917451,nan,0.0000286137,45.4342644167,nan,nan,nan,nan,nan,nan,nan
1294,48.4210526316,1.6745017663,nan,0.0000000000,150.2603084513,nan,nan,nan,nan,nan,nan,nan
1295,48.4210526316,0.0528553156,nan,0.0046103720,23.3626403341,nan,nan,nan,nan,nan,nan,nan
1296,48.4210526316,0.9169330811,nan,0.0000007833,61.0609697656,nan,nan,nan,nan,nan,nan,nan
1297,48.4210526316,0.2867709266,nan,0.0020462117,26.8904943059,nan,nan,nan,nan,nan,nan,nan
1298,48.4210526316,0.5719897806,nan,0.0001630307,37.8773053285,nan,nan,nan,nan,nan,nan,nan
1299,48.4210526316,1.0232477006,nan,0.0000000912,70.3998752250,nan,nan,nan,nan,nan,nan,nan
1300,48.4210526316,0.8427330631,nan,0.0000030505,55.1562552033,nan,nan,nan,nan,nan,nan,nan
1301,48.4210526316,0.6105198234,nan,0.0001016659,39.9282451301,nan,nan,nan,nan,nan,nan,nan
1302,48.4210526316,0.5051177048,nan,0.0003436747,34.6385238656,nan,nan,nan,nan,nan,nan,nan
1303,48.4210526316,0.9770804629,nan,0.0000002389,66.2172533175,nan,nan,nan,nan,nan,nan,nan
1304,48.4210526316,0.4713631085,nan,0.0004832659,33.1581381436,nan,nan,nan,nan,nan,nan,nan
1305,48.4210526316,0.2637741093,nan,0.0023304279,26.3256432445,nan,nan,nan,nan,nan,nan,nan
1306,48.4210526316,0.4742275862,nan,0.0004699216,33.2797463551,nan,nan,nan,nan,nan,nan,nan
1307,48.4210526316,0.6858258358,nan,0.0000369200,44.3273790166,nan,nan,nan,nan,nan,nan,nan
1308,48.4210526316,1.4703695324,nan,0.0000000000,121.0305601248,nan,nan,nan,nan,nan,nan,nan
1309,48.4210526316,0.0988316816,nan,0.0042961672,23.6691882716,nan,nan,nan,nan,nan,nan,nan
1310,48.4210526316,0.8964838292,nan,0.0000011526,59.3833603921,nan,nan,nan,nan,nan,nan,nan
1311,48.4210526316,0.6974444288,nan,0.0000312453,45.0521545371,nan,nan,nan,nan,nan,nan,nan
1312,48.4210526316,0.4126961205,nan,0.0008257763,30.8313757457,nan,nan,nan,nan,nan,nan,nan
1313,48.4210526316,0.3186510584,nan,0.0016778194,27.7525479210,nan,nan,nan,nan,nan,nan,nan
1314,48.4210526316,1.1318657255,nan,0.0000000079,81.0110898329,nan,nan,nan,nan,nan,nan,nan
1315,48.4210526316,1.0026839609,nan,0.0000001408,68.5127336909,nan,nan,nan,nan,nan,nan,nan
1316,48.4210526316,0.2339803145,nan,0.0027134447,25.6647903193,nan,nan,nan,nan,nan,nan,nan
1317,48.4210526316,0.7953046928,nan,0.0000068457,51.6458052609,nan,nan,nan,nan,nan,nan,nan
1318,48.4210526316,0.3688745489,nan,0.0011756861,29.2970863480,nan,nan,nan,nan,nan,nan,nan
1319,48.4210526316,0.6908362696,nan,0.0000343683,44.6384226356,nan,nan,nan,nan,nan,nan,nan
1320,48.4210526316,0.6393489374,nan,0.0000699638,41.5512688906,nan,nan,nan,nan,nan,nan,nan
1321,48.4210526316,0.3352196347,nan,0.0015007710,28.2368557980,nan,nan,nan,nan,nan,nan,nan
1322,48.4210526316,0.2057235721,nan,0.0030818204,25.1119266897,nan,nan,nan,nan,nan,nan,nan
1323,48.4210526316,0.5160391168,nan,0.0003062187,35.1396826918,nan,nan,nan,nan,nan,nan,nan
1324,48.4210526316,0.1803024188,nan,0.0034072769,24.6759256813,nan,nan,nan,nan,nan,nan,nan
1325,48.4210526316,0.5092484047,nan,0.0003290942,34.8267971127,nan,nan,nan,nan,nan,nan,nan
1326,48.4210526316,1.2383275060,nan,0.0000000006,92.4623267218,nan,nan,nan,nan,nan,nan,nan
1327,48.4210526316,0.6902008952,nan,0.0000346828,44.5988522984,nan,nan,nan,nan,nan,nan,nan
1328,48.4210526316,0.4023388337,nan,0.0009009413,30.4530348138,nan,nan,nan,nan,nan,nan,nan
1329,48.4210526316,0.5532807810,nan,0.0002027595,36.9301874320,nan,nan,nan,nan,nan,nan,nan
1330,48.4210526316,0.5177411561,nan,0.0003006933,35.2187622349,nan,nan,nan,nan,nan,nan,nan
1331,48.4210526316,0.5561920086,nan,0.0001960888,37.0754713096,nan,nan,nan,nan,nan,nan,nan
1332,48.4210526316,1.1034499047,nan,0.0000000154,78.1305403241,nan,nan,nan,nan,nan,nan,nan
1333,48.4210526316,0.5727322579,nan,0.0001616014,37.9155495997,nan,nan,nan,nan,nan,nan,nan
1334,48.4210526316,0.1100598126,nan,0.0041950271,23.7726522647,nan,nan,nan,nan,nan,nan,nan
1335,48.4210526316,0.1705444046,nan,0.0035285905,24.5239874106,nan,nan,nan,nan,nan,nan,nan
1336,48.4210526316,1.4211009588,nan,0.0000000000,114.5506335227,nan,nan,nan,nan,nan,nan,nan
1337,48.4210526316,0.5785858900,nan,0.0001507016,38.2188221538,nan,nan,nan,nan,nan,nan,nan
1338,48.4210526316,0.3856054774,nan,0.0010322068,29.8623326771,nan,nan,nan,nan,nan,nan,nan
1339,48.4210526316,1.4090614164,nan,0.0000000000,113.0011256781,nan,nan,nan,nan,nan,nan,nan
1340,48.4210526316,0.2977996127,nan,0.0019149944,27.1783248759,nan,nan,nan,nan,nan,nan,nan
1341,48.4210526316,0.2290144946,nan,0.0027781628,25.5624230857,nan,nan,nan,nan,nan,nan,nan
1342,48.4210526316,0.4697758141,nan,0.0004907867,33.0910722750,nan,nan,nan,nan,nan,nan,nan
1343,48.4210526316,0.3701580365,nan,0.0011642466,29.3395502548,nan,nan,nan,nan,nan,nan,nan
1344,48.4210526316,0.2295541681,nan,0.0027711239,25.5734405218,nan,nan,nan,nan,nan,nan,nan
1345,48.4210526316,0.2483996056,nan,0.0025266035,25.9746289924,nan,nan,nan,nan,nan,nan,nan
1346,48.4210526316,0.2354079187,nan,0.0026948645,25.6946306292,nan,nan,nan,nan,nan,nan,nan
1347,48.4210526316,0.4973506552,nan,0.0003725023,34.2887098533,nan,nan,nan,nan,nan,nan,nan
1348,48.4210526316,1.0221588103,nan,0.0000000933,70.2989755462,nan,nan,nan,nan,nan,nan,nan
1349,48.4210526316,1.0118829370,nan,0.0000001161,69.3521360350,nan,nan,nan,nan,nan,nan,nan
1350,48.4210526316,0.3711675976,nan,0.0011552990,29.3730562080,nan,nan,nan,nan,nan,nan,nan
1351,48.4210526316,0.4659756936,nan,0.0005091620,32.9314405735,nan,nan,nan,nan,nan,nan,nan
1352,48.4210526316,0.3443553225,nan,0.0014078232,28.5145189086,nan,nan,nan,nan,nan,nan,nan
1353,48.4210526316,0.9462410349,nan,0.0000004434,63.5320795544,nan,nan,nan,nan,nan,nan,nan
1354,48.4210526316,0.2318221055,nan,0.0027415570,25.6200272677,nan,nan,nan,nan,nan,nan,nan
1355,48.4210526316,1.1536798162,nan,0.0000000047,83.2726903066,nan,nan,nan,nan,nan,nan,nan
1356,48.4210526316,0.3623429365,nan,0.0012350083,29.0833010704,nan,nan,nan,nan,nan,nan,nan
1357,48.4210526316,0.4152728096,nan,0.0008077908,30.9270107441,nan,nan,nan,nan,nan,nan,nan
1358,48.4210526316,1.0085709907,nan,0.0000001245,69.0490290071,nan,nan,nan,nan,nan,nan,nan
1359,48.4210526316,0.3700739783,nan,0.0011649936,29.3367646383,nan,nan,nan,nan,nan,nan,nan
1360,48.4210526316,0.5810366991,nan,0.0001463281,38.3467234330,nan,nan,nan,nan,nan,nan,nan
1361,48.4210526316,0.2445564662,nan,0.0025761927,25.8902166220,nan,nan,nan,nan,nan,nan,nan
1362,48.4210526316,0.4627029078,nan,0.0005254106,32.7950118595,nan,nan,nan,nan,nan,nan,nan
1363,48.4210526316,0.7996435954,nan,0.0000063703,51.9584069536,nan,nan,nan,nan,nan,nan,nan
1364,48.4210526316,0.7114150262,nan,0.0000254685,45.9399614885,nan,nan,nan,nan,nan,nan,nan
1365,48.4210526316,0.1453204977,nan,0.0038275201,24.1708252439,nan,nan,nan,nan,nan,nan,nan
1366,48.4210526316,0.4499018275,nan,0.0005928255,32.2707313095,nan,nan,nan,nan,nan,nan,nan
1367,48.4210526316,0.5367471833,nan,0.0002443593,36.1197114328,nan,nan,nan,nan,nan,nan,nan
1368,48.4210526316,0.4287114664,nan,0.0007185294,31.4355545306,nan,nan,nan,nan,nan,nan,nan
1369,48.4210526316,0.1891330410,nan,0.0032954930,24.8207960748,nan,nan,nan,nan,nan,nan,nan
1370,48.4210526316,0.3583762059,nan,0.0012719346,28.9553522666,nan,nan,nan,nan,nan,nan,nan
1371,48.4210526316,0.5420895641,nan,0.0002302038,36.3788745665,nan,nan,nan,nan,nan,nan,nan
1372,48.4210526316,0.4940402340,nan,0.0003853647,34.1412810765,nan,nan,nan,nan,nan,nan,nan
1373,48.4210526316,0.3128799536,nan,0.0017419331,27.5896853113,nan,nan,nan,nan,nan,nan,nan
1374,48.4210526316,0.5219671197,nan,0.0002873263,35.4162465469,nan,nan,nan,nan,nan,nan,nan
1375,48.4210526316,0.0766711778,nan,0.0044689255,23.4979688535,nan,nan,nan,nan,nan,nan,nan
1376,48.4210526316,1.3347094101,nan,0.0000000000,103.7273538279,nan,nan,nan,nan,nan,nan,nan
1377,48.4210526316,0.4719213836,nan,0.0004806422,33.1817806130,nan,nan,nan,nan,nan,nan,nan
1378,48.4210526316,0.3465889431,nan,0.0013856212,28.5835549616,nan,nan,nan,nan,nan,nan,nan
1379,48.4210526316,0.4181735533,nan,0.0007878810,31.0353937606,nan,nan,nan,nan,nan,nan,nan
1380,48.4210526316,0.8131234604,nan,0.0000050809,52.9405582085,nan,nan,nan,nan,nan,nan,nan
1381,48.4210526316,1.2738578688,nan,0.0000000002,96.5157286783,nan,nan,nan,nan,nan,nan,nan
1382,48.4210526316,1.3152556353,nan,0.0000000001,101.3848357100,nan,nan,nan,nan,nan,nan,nan
1383,48.4210526316,0.2745584452,nan,0.0021955406,26.5845852654,nan,nan,nan,nan,nan,nan,nan
1384,48.4210526316,1.2506522178,nan,0.0000000004,93.8552246043,nan,nan,nan,nan,nan,nan,nan
1385,48.4210526316,0.4677628662,nan,0.0005004549,33.0063509686,nan,nan,nan,nan,nan,nan,nan
1386,48.4210526316,0.4468844249,nan,0.0006096327,32.1493175829,nan,nan,nan,nan,nan,nan,nan
1387,48.4210526316,0.5012365941,nan,0.0003578459,34.4630400922,nan,nan,nan,nan,nan,nan,nan
1388,48.4210526316,0.6526511943,nan,0.0000585369,42.3257035461,nan,nan,nan,nan,nan,nan,nan
1389,48.4210526316,0.9268425839,nan,0.0000006475,61.8876923350,nan,nan,nan,nan,nan,nan,nan
1390,48.4210526316,0.5887844051,nan,0.0001332093,38.7546535448,nan,nan,nan,nan,nan,nan,nan
1391,48.4210526316,0.6803456834,nan,0.0000399043,43.9897982540,nan,nan,nan,nan,nan,nan,nan
1392,48.4210526316,0.7306852311,nan,0.0000190819,47.1937837700,nan,nan,nan,nan,nan,nan,nan
1393,48.4210526316,0.0700941698,nan,0.0045127749,23.4555633204,nan,nan,nan,nan,nan,nan,nan
1394,48.4210526316,0.7284393826,nan,0.0000197428,47.0459116192,nan,nan,nan,nan,nan,nan,nan
1395,48.4210526316,0.4369078090,nan,0.0006677649,31.7537641795,nan,nan,nan,nan,nan,nan,nan
1396,48.4210526316,1.2788595556,nan,0.0000000002,97.0956493181,nan,nan,nan,nan,nan,nan,nan
1397,48.4210526316,1.0580854197,nan,0.0000000428,73.6854081690,nan,nan,nan,nan,nan,nan,nan
1398,48.4210526316,0.4606647007,nan,0.0005357302,32.7105391081,nan,nan,nan,nan,nan,nan,nan
1399,48.4210526316,0.3107095201,nan,0.0017663574,27.5292140832,nan,nan,nan,nan,nan,nan,nan
1400,48.4210526316,0.9734684733,nan,0.0000002571,65.8982548556,nan,nan,nan,nan,nan,nan,nan
1401,48.4210526316,0.2474029119,nan,0.0025394465,25.9526092962,nan,nan,nan,nan,nan,nan,nan
1402,48.4210526316,0.9399942358,nan,0.0000005013,62.9987831390,nan,nan,nan,nan,nan,nan,nan
1403,48.4210526316,0.6304657621,nan,0.0000786486,41.0430888409,nan,nan,nan,nan,nan,nan,nan
1404,48.4210526316,0.4727963646,nan,0.0004765525,33.2188922617,nan,nan,nan,nan,nan,nan,nan
1405,48.4210526316,0.5739265249,nan,0.0001593246,37.9771704078,nan,nan,nan,nan,nan,nan,nan
1406,48.4210526316,0.1218637595,nan,0.0040798458,23.8935625311,nan,nan,nan,nan,nan,nan,nan
1407,48.4210526316,0.2719461242,nan,0.0022279746,26.5208976648,nan,nan,nan,nan,nan,nan,nan
1408,48.4210526316,0.3239102440,nan,0.0016204712,27.9035867399,nan,nan,nan,nan,nan,nan,nan
1409,48.4210526316,0.1217893859,nan,0.0040805981,23.8927617200,nan,nan,nan,nan,nan,nan,nan
1410,48.4210526316,1.1687396446,nan,0.0000000033,84.8595213192,nan,nan,nan,nan,nan,nan,nan
1411,48.4210526316,1.1293993296,nan,0.0000000084,80.7581315429,nan,nan,nan,nan,nan,nan,nan
1412,48.4210526316,0.7257338225,nan,0.0000205666,46.8683824832,nan,nan,nan,nan,nan,nan,nan
1413,48.4210526316,0.8904903677,nan,0.0000012886,58.8989235256,nan,nan,nan,nan,nan,nan,nan
1414,48.4210526316,0.7309808267,nan,0.0000189964,47.2132808069,nan,nan,nan,nan,nan,nan,nan
1415,48.4210526316,0.8549872890,nan,0.0000024566,56.0967003808,nan,nan,nan,nan,nan,nan,nan
1416,48.4210526316,0.8917026303,nan,0.0000012599,58.9966425265,nan,nan,nan,nan,nan,nan,nan
1417,48.4210526316,1.1893854049,nan,0.0000000020,87.0687724865,nan,nan,nan,nan,nan,nan,nan
1418,48.4210526316,0.1787643217,nan,0.0034265661,24.6514088757,nan,nan,nan,nan,nan,nan,nan
1419,48.4210526316,0.5985205922,nan,0.0001181672,39.2750323734,nan,nan,nan,nan,nan,nan,nan
1420,48.4210526316,0.9201179394,nan,0.0000007369,61.3256933510,nan,nan,nan,nan,nan,nan,nan
1421,48.4210526316,1.1115583300,nan,0.0000000127,78.9449477978,nan,nan,nan,nan,nan,nan,nan
1422,48.4210526316,0.4114132558,nan,0.0008348364,30.7839861724,nan,nan,nan,nan,nan,nan,nan
1423,48.4210526316,0.7357831700,nan,0.0000176557,47.5311536791,nan,nan,nan,nan,nan,nan,nan
1424,48.4210526316,0.5301908233,nan,0.0002627117,35.8052058083,nan,nan,nan,nan,nan,nan,nan
1425,48.4210526316,0.0649345861,nan,0.0045446592,23.4249867680,nan,nan,nan,nan,nan,nan,nan
1426,48.4210526316,0.1880659841,nan,0.0033090869,24.8029183242,nan,nan,nan,nan,nan,nan,nan
1427,48.4210526316,0.4920370836,nan,0.0003933186,34.0525549886,nan,nan,nan,nan,nan,nan,nan
1428,48.4210526316,0.6941836943,nan,0.0000327529,44.8475043904,nan,nan,nan,nan,nan,nan,nan
1429,48.4210526316,0.8276315150,nan,0.0000039663,54.0161843295,nan,nan,nan,nan,nan,nan,nan
1430,48.4210526316,0.6272241529,nan,0.0000820458,40.8594372985,nan,nan,nan,nan,nan,nan,nan
1431,48.4210526316,0.4232011262,nan,0.0007542145,31.2250512794,nan,nan,nan,nan,nan,nan,nan
1432,48.4210526316,0.7124431049,nan,0.0000250842,46.0059977658,nan,nan,nan,nan,nan,nan,nan
1433,48.4210526316,0.0483652427,nan,0.0046315242,23.3427606704,nan,nan,nan,nan,nan,nan,nan
1434,48.4210526316,0.0073318733,nan,0.0047387349,23.2433758884,nan,nan,nan,nan,nan,nan,nan
1435,48.4210526316,0.7581499111,nan,0.0000124756,49.0393821080,nan,nan,nan,nan,nan,nan,nan
1436,48.4210526316,0.3259360254,nan,0.0015986623,27.9624325879,nan,nan,nan,nan,nan,nan,nan
1437,48.4210526316,0.6114377779,nan,0.0001004903,39.9787567721,nan,nan,nan,nan,nan,nan,nan
1438,48.4210526316,0.6418773580,nan,0.0000676515,41.6972274335,nan,nan,nan,nan,nan,nan,nan
1439,48.4210526316,0.3574283641,nan,0.0012808580,28.9249900762,nan,nan,nan,nan,nan,nan,nan
1440,48.4210526316,1.1277894206,nan,0.0000000087,80.5933173068,nan,nan,nan,nan,nan,nan,nan
1441,48.4210526316,0.9398839617,nan,0.0000005024,62.9894010121,nan,nan,nan,nan,nan,nan,nan
1442,48.4210526316,0.2607443247,nan,0.0023687632,26.2547836156,nan,nan,nan,nan,nan,nan,nan
1443,48.4210526316,0.2723912806,nan,0.0022224362,26.5317069040,nan,nan,nan,nan,nan,nan,nan
1444,48.4210526316,1.1519285234,nan,0.0000000049,83.0895105764,nan,nan,nan,nan,nan,nan,nan
1445,48.4210526316,0.1427901971,nan,0.0038560742,24.1385462299,nan,nan,nan,nan,nan,nan,nan
1446,48.4210526316,0.0895308892,nan,0.0043732065,23.5920001094,nan,nan,nan,nan,nan,nan,nan
1447,48.4210526316,0.7019223459,nan,0.0000292767,45.3347786126,nan,nan,nan,nan,nan,nan,nan
1448,48.4210526316,0.0268038399,nan,0.0047074940,23.2721022773,nan,nan,nan,nan,nan,nan,nan
1449,48.4210526316,0.0603670368,nan,0.0045709971,23.3998905451,nan,nan,nan,nan,nan,nan,nan
1450,48.4210526316,0.1619827003,nan,0.0036326901,24.3977164551,nan,nan,nan,nan,nan,nan,nan
1451,48.4210526316,0.1458359558,nan,0.0038216673,24.1774712665,nan,nan,nan,nan,nan,nan,nan
1452,48.4210526316,0.7657390969,nan,0.0000110624,49.5615164664,nan,nan,nan,nan,nan,nan,nan
1453,48.4210526316,0.3983791201,nan,0.0009309019,30.3109608587,nan,nan,nan,nan,nan,nan,nan
1454,48.4210526316,1.0524806203,nan,0.0000000484,73.1493103791,nan,nan,nan,nan,nan,nan,nan
1455,48.4210526316,1.0483563690,nan,0.0000000530,72.7566663074,nan,nan,nan,nan,nan,nan,nan
1456,48.4210526316,0.1102616948,nan,0.0041931311,23.7746155507,nan,nan,nan,nan,nan,nan,nan
1457,48.4210526316,0.8851065722,nan,0.0000014235,58.4665672712,nan,nan,nan,nan,nan,nan,nan
1458,48.4210526316,0.9698012414,nan,0.0000002770,65.5756003369,nan,nan,nan,nan,nan,nan,nan
1459,48.4210526316,0.6317609288,nan,0.0000773262,41.1167335634,nan,nan,nan,nan,nan,nan,nan
1460,48.4210526316,0.1919754384,nan,0.0032591791,24.8689177179,nan,nan,nan,nan,nan,nan,nan
1461,48.4210526316,0.0944089414,nan,0.0043335899,23.6315218822,nan,nan,nan,nan,nan,nan,nan
1462,48.4210526316,0.8288832521,nan,0.0000038816,54.1098898666,nan,nan,nan,nan,nan,nan,nan
1463,48.4210526316,0.5746351708,nan,0.0001579867,38.0137959265,nan,nan,nan,nan,nan,nan,nan
1464,48.4210526316,0.8044518607,nan,0.0000058792,52.3068344580,nan,nan,nan,nan,nan,nan,nan
1465,48.4210526316,0.3465292452,nan,0.0013862118,28.5817039652,nan,nan,nan,nan,nan,nan,nan
1466,48.4210526316,0.0337269250,nan,0.0046877852,23.2903229959,nan,nan,nan,nan,nan,nan,nan
1467,48.4210526316,0.9222289686,nan,0.0000007077,61.5016726364,nan,nan,nan,nan,nan,nan,nan
1468,48.4210526316,0.2559642084,nan,0.0024295891,26.1446716662,nan,nan,nan,nan,nan,nan,nan
1469,48.4210526316,0.3436145241,nan,0.0014152324,28.4917222552,nan,nan,nan,nan,nan,nan,nan
1470,48.4210526316,0.0764907695,nan,0.0044701754,23.4967543674,nan,nan,nan,nan,nan,nan,nan
1471,48.4210526316,1.3766449160,nan,0.0000000000,108.8953640516,nan,nan,nan,nan,nan,nan,nan
1472,48.4210526316,0.7680237136,nan,0.0000106666,49.7197279659,nan,nan,nan,nan,nan,nan,nan
1473,48.4210526316,0.9604238174,nan,0.0000003345,64.7561480680,nan,nan,nan,nan,nan,nan,nan
1474,48.4210526316,0.2475992844,nan,0.0025369151,25.9569406191,nan,nan,nan,nan,nan,nan,nan
1475,48.4210526316,0.8376174667,nan,0.0000033360,54.7677244267,nan,nan,nan,nan,nan,nan,nan
1476,48.4210526316,0.3336646538,nan,0.0015169292,28.1903470045,nan,nan,nan,nan,nan,nan,nan
1477,48.4210526316,0.2295307294,nan,0.0027714296,25.5729614767,nan,nan,nan,nan,nan,nan,nan
1478,48.4210526316,0.6383367096,nan,0.0000709088,41.4929992136,nan,nan,nan,nan,nan,nan,nan
1479,48.4210526316,0.9771371397,nan,0.0000002387,66.2222683406,nan,nan,nan,nan,nan,nan,nan
1480,48.4210526316,1.4519819004,nan,0.0000000000,118.5860422062,nan,nan,nan,nan,nan,nan,nan
1481,48.4210526316,0.5859989221,nan,0.0001378046,38.6073636719,nan,nan,nan,nan,nan,nan,nan
1482,48.4210526316,0.8104547223,nan,0.0000053152,52.7447936032,nan,nan,nan,nan,nan,nan,nan
1483,48.4210526316,0.4689917684,nan,0.0004945350,33.0580294628,nan,nan,nan,nan,nan,nan,nan
1484,48.4210526316,0.5173922670,nan,0.0003018192,35.2025308066,nan,nan,nan,nan,nan,nan,nan
1485,48.4210526316,1.0256616672,nan,0.0000000866,70.6239477887,nan,nan,nan,nan,nan,nan,nan
1486,48.4210526316,0.3403208277,nan,0.0014484495,28.3909663562,nan,nan,nan,nan,nan,nan,nan
1487,48.4210526316,0.4070126734,nan,0.0008664508,30.6225608861,nan,nan,nan,nan,nan,nan,nan
1488,48.4210526316,0.8625715451,nan,0.0000021450,56.6856320809,nan,nan,nan,nan,nan,nan,nan
1489,48.4210526316,0.2635066012,nan,0.0023338054,26.3193535173,nan,nan,nan,nan,nan,nan,nan
1490,48.4210526316,0.5297386939,nan,0.0002640182,35.7836614937,nan,nan,nan,nan,nan,nan,nan
1491,48.4210526316,0.6485539663,nan,0.0000618664,42.0854506070,nan,nan,nan,nan,nan,nan,nan
1492,48.4210526316,0.2518912187,nan,0.0024817185,26.0524748075,nan,nan,nan,nan,nan,nan,nan
1493,48.4210526316,0.3069029046,nan,0.0018095955,27.4241849563,nan,nan,nan,nan,nan,nan,nan
1494,48.4210526316,0.2065166562,nan,0.0030715220,25.1264636879,nan,nan,nan,nan,nan,nan,nan
1495,48.4210526316,0.5342607517,nan,0.0002511899,35.9999781389,nan,nan,nan,nan,nan,nan,nan
1496,48.4210526316,0.6887221266,nan,0.0000354250,44.5068990332,nan,nan,nan,nan,nan,nan,nan
1497,48.4210526316,0.5374798058,nan,0.0002423763,36.1550979011,nan,nan,nan,nan,nan,nan,nan
1498,48.4210526316,0.6178124127,nan,0.0000926478,40.3316472948,nan,nan,nan,nan,nan,nan,nan
1499,48.4210526316,0.2960259406,nan,0.0019358453,27.1312934890,nan,nan,nan,nan,nan,nan,nan
1500,48.4210526316,0.1423080752,nan,0.0038614811,24.1324608617,nan,nan,nan,nan,nan,nan,nan
1501,48.4210526316,0.6018014541,nan,0.0001134401,39.4523326391,nan,nan,nan,nan,nan,nan,nan
1502,48.4210526316,0.0808578784,nan,0.0044391862,23.5269663785,nan,nan,nan,nan,nan,nan,nan
1503,48.4210526316,0.7420839082,nan,0.0000160273,47.9514011235,nan,nan,nan,nan,nan,nan,nan
1504,48.4210526316,0.2906948167,nan,0.0019991058,26.9916422384,nan,nan,nan,nan,nan,nan,nan
1505,48.4210526316,0.9357979409,nan,0.0000005442,62.6425471141,nan,nan,nan,nan,nan,nan,nan
1506,48.4210526316,1.0240370089,nan,0.0000000897,70.4730827232,nan,nan,nan,nan,nan,nan,nan
1507,48.4210526316,0.7394714647,nan,0.0000166851,47.7767160988,nan,nan,nan,nan,nan,nan,nan
1508,48.4210526316,0.9599733215,nan,0.0000003375,64.7169839687,nan,nan,nan,nan,nan,nan,nan
1509,48.4210526316,0.4397676567,nan,0.0006506946,31.8662278778,nan,nan,nan,nan,nan,nan,nan
1510,48.4210526316,0.2055806623,nan,0.0030836756,25.1093132116,nan,nan,nan,nan,nan,nan,nan
1511,48.4210526316,1.5317167340,nan,0.0000000000,129.4114417724,nan,nan,nan,nan,nan,nan,nan
1512,48.4210526316,0.5010601901,nan,0.0003585010,34.4550965499,nan,nan,nan,nan,nan,nan,nan
1513,48.4210526316,0.9701653380,nan,0.0000002749,65.6075796097,nan,nan,nan,nan,nan,nan,nan
1514,48.4210526316,0.8095203021,nan,0.0000053996,52.6764033427,nan,nan,nan,nan,nan,nan,nan
1515,48.4210526316,0.4161918137,nan,0.0008014445,30.9612656969,nan,nan,nan,nan,nan,nan,nan
1516,48.4210526316,0.8228540938,nan,0.0000043054,53.6598615157,nan,nan,nan,nan,nan,nan,nan
1517,48.4210526316,0.4571060844,nan,0.0005541205,32.5639579120,nan,nan,nan,nan,nan,nan,nan
1518,48.4210526316,0.7525809405,nan,0.0000136157,48.6595848719,nan,nan,nan,nan,nan,nan,nan
1519,48.4210526316,0.5408089615,nan,0.0002335331,36.3165148935,nan,nan,nan,nan,nan,nan,nan
1520,48.4210526316,0.4981916974,nan,0.0003692900,34.3263241342,nan,nan,nan,nan,nan,nan,nan
1521,48.4210526316,0.9496578463,nan,0.0000004144,63.8252885947,nan,nan,nan,nan,nan,nan,nan
1522,48.4210526316,0.5806954020,nan,0.0001469305,38.3288792542,nan,nan,nan,nan,nan,nan,nan
1523,48.4210526316,0.8110728711,nan,0.0000052601,52.7900798131,nan,nan,nan,nan,nan,nan,nan
1524,48.4210526316,0.8034442364,nan,0.0000059791,52.2336426652,nan,nan,nan,nan,nan,nan,nan
1525,48.4210526316,0.9774226956,nan,0.0000002373,66.2475401227,nan,nan,nan,nan,nan,nan,nan
1526,48.4210526316,0.5838955324,nan,0.0001413641,38.4966095536,nan,nan,nan,nan,nan,nan,nan
1527,48.4210526316,0.0765536067,nan,0.0044697403,23.4971770511,nan,nan,nan,nan,nan,nan,nan
1528,48.4210526316,0.1232997249,nan,0.0040652559,23.9091211153,nan,nan,nan,nan,nan,nan,nan
1529,48.4210526316,0.4696377532,nan,0.0004914451,33.0852497870,nan,nan,nan,nan,nan,nan,nan
1530,48.4210526316,1.4980395801,nan,0.0000000000,124.7677741287,nan,nan,nan,nan,nan,nan,nan
1531,48.4210526316,0.0168761170,nan,0.0047278994,23.2533177381,nan,nan,nan,nan,nan,nan,nan
1532,48.4210526316,0.9107972309,nan,0.0000008803,60.5535792110,nan,nan,nan,nan,nan,nan,nan
1533,48.4210526316,0.6181284430,nan,0.0000922733,40.3492386109,nan,nan,nan,nan,nan,nan,nan
1534,48.4210526316,0.9244911761,nan,0.0000006775,61.6907072965,nan,nan,nan,nan,nan,nan,nan
1535,48.4210526316,1.0822400913,nan,0.0000000250,76.0287576234,nan,nan,nan,nan,nan,nan,nan
1536,48.4210526316,0.3366592291,nan,0.0014858985,28.2801084557,nan,nan,nan,nan,nan,nan,nan
1537,48.4210526316,0.5188404675,nan,0.0002971681,35.2699780763,nan,nan,nan,nan,nan,nan,nan
1538,48.4210526316,0.6188233388,nan,0.0000914545,40.3879508656,nan,nan,nan,nan,nan,nan,nan
1539,48.4210526316,1.0626507767,nan,0.0000000387,74.1242123595,nan,nan,nan,nan,nan,nan,nan
1540,48.4210526316,0.5579594089,nan,0.0001921300,37.1640491442,nan,nan,nan,nan,nan,nan,nan
1541,48.4210526316,0.3897106625,nan,0.0009988724,30.0048997574,nan,nan,nan,nan,nan,nan,nan
1542,48.4210526316,1.1894132714,nan,0.0000000020,87.0717808541,nan,nan,nan,nan,nan,nan,nan
1543,48.4210526316,0.7503082600,nan,0.0000141078,48.5054046289,nan,nan,nan,nan,nan,nan,nan
1544,48.4210526316,0.6241370626,nan,0.0000853998,40.6854302718,nan,nan,nan,nan,nan,nan,nan
1545,48.4210526316,0.8273927385,nan,0.0000039826,53.9983256924,nan,nan,nan,nan,nan,nan,nan
1546,48.4210526316,0.4761245437,nan,0.0004612443,33.3606898329,nan,nan,nan,nan,nan,nan,nan
1547,48.4210526316,0.2509310057,nan,0.0024940450,26.0309571880,nan,nan,nan,nan,nan,nan,nan
1548,48.4210526316,0.9237463028,nan,0.0000006873,61.6284124339,nan,nan,nan,nan,nan,nan,nan
1549,48.4210526316,0.2844902615,nan,0.0020737942,26.8323435448,nan,nan,nan,nan,nan,nan,nan
1550,48.4210526316,0.6676694041,nan,0.0000476494,43.2194295853,nan,nan,nan,nan,nan,nan,nan
1551,48.4210526316,1.3996014335,nan,0.0000000000,111.7929676760,nan,nan,nan,nan,nan,nan,nan
1552,48.4210526316,0.7465566234,nan,0.0000149557,48.2519230609,nan,nan,nan,nan,nan,nan,nan
1553,48.4210526316,0.7729185200,nan,0.0000098621,50.0603023962,nan,nan,nan,nan,nan,nan,nan
1554,48.4210526316,0.6635058385,nan,0.0000504708,42.9695971069,nan,nan,nan,nan,nan,nan,nan
1555,48.4210526316,0.5206545085,nan,0.0002914249,35.3547327747,nan,nan,nan,nan,nan,nan,nan
1556,48.4210526316,0.9607929865,nan,0.0000003320,64.7882558382,nan,nan,nan,nan,nan,nan,nan
1557,48.4210526316,1.3274456808,nan,0.0000000001,102.8486244176,nan,nan,nan,nan,nan,nan,nan
1558,48.4210526316,0.1504160953,nan,0.0037691458,24.2375706832,nan,nan,nan,nan,nan,nan,nan
1559,48.4210526316,0.3073208924,nan,0.0018048230,27.4356537310,nan,nan,nan,nan,nan,nan,nan
1560,48.4210526316,1.0697212681,nan,0.0000000331,74.8075725837,nan,nan,nan,nan,nan,nan,nan
1561,48.4210526316,0.7550722999,nan,0.0000130944,48.8291424759,nan,nan,nan,nan,nan,nan,nan
1562,48.4210526316,0.4660036270,nan,0.0005090250,32.9326091861,nan,nan,nan,nan,nan,nan,nan
1563,48.4210526316,0.5990980928,nan,0.0001173230,39.3061698340,nan,nan,nan,nan,nan,nan,nan
1564,48.4210526316,0.7167283995,nan,0.0000235381,46.2822930213,nan,nan,nan,nan,nan,nan,nan
1565,48.4210526316,1.0930291031,nan,0.0000000195,77.0927359641,nan,nan,nan,nan,nan,nan,nan
1566,48.4210526316,0.8333447545,nan,0.0000035933,54.4450451103,nan,nan,nan,nan,nan,nan,nan
1567,48.4210526316,1.1174927266,nan,0.0000000111,79.5448196845,nan,nan,nan,nan,nan,nan,nan
1568,48.4210526316,0.5875691539,nan,0.0001351977,38.6903069883,nan,nan,nan,nan,nan,nan,nan
1569,48.4210526316,0.7522555162,nan,0.0000136852,48.6374789219,nan,nan,nan,nan,nan,nan,nan
1570,48.4210526316,1.0611442297,nan,0.0000000400,73.9791976831,nan,nan,nan,nan,nan,nan,nan
1571,48.4210526316,0.3238831673,nan,0.0016207638,27.9028027177,nan,nan,nan,nan,nan,nan,nan
1572,48.4210526316,0.3716009474,nan,0.0011514718,29.3874668147,nan,nan,nan,nan,nan,nan,nan
1573,48.4210526316,1.2551806589,nan,0.0000000004,94.3705198898,nan,nan,nan,nan,nan,nan,nan
1574,48.4210526316,1.0958340406,nan,0.0000000183,77.3710989387,nan,nan,nan,nan,nan,nan,nan
1575,48.4210526316,0.6578355172,nan,0.0000545520,42.6318953134,nan,nan,nan,nan,nan,nan,nan
1576,48.4210526316,0.2487875449,nan,0.0025216082,25.9832238506,nan,nan,nan,nan,nan,nan,nan
1577,48.4210526316,1.0101830834,nan,0.0000001203,69.1964410335,nan,nan,nan,nan,nan,nan,nan
1578,48.4210526316,0.2513706577,nan,0.0024883994,26.0407991259,nan,nan,nan,nan,nan,nan,nan
1579,48.4210526316,0.4345730080,nan,0.0006819463,31.6624983556,nan,nan,nan,nan,nan,nan,nan
1580,48.4210526316,0.1291059522,nan,0.0040050582,23.9739116417,nan,nan,nan,nan,nan,nan,nan
1581,48.4210526316,0.3807777963,nan,0.0010723515,29.6966284737,nan,nan,nan,nan,nan,nan,nan
1582,48.4210526316,0.7333032343,nan,0.0000183369,47.3667408114,nan,nan,nan,nan,nan,nan,nan
1583,48.4210526316,0.4562951754,nan,0.0005583780,32.5307170427,nan,nan,nan,nan,nan,nan,nan
1584,48.4210526316,0.3702636181,nan,0.0011633088,29.3430500400,nan,nan,nan,nan,nan,nan,nan
1585,48.4210526316,0.5550903746,nan,0.0001985910,37.0204039017,nan,nan,nan,nan,nan,nan,nan
1586,48.4210526316,0.3542029797,nan,0.0013115109,28.8222808019,nan,nan,nan,nan,nan,nan,nan
1587,48.4210526316,0.5791541214,nan,0.0001496777,38.2484279529,nan,nan,nan,nan,nan,nan,nan
1588,48.4210526316,0.3681368407,nan,0.0011822935,29.2727469650,nan,nan,nan,nan,nan,nan,nan
1589,48.4210526316,1.0902805568,nan,0.0000000208,76.8206693948,nan,nan,nan,nan,nan,nan,nan
1590,48.4210526316,0.9019594845,nan,0.0000010402,59.8288181002,nan,nan,nan,nan,nan,nan,nan
1591,48.4210526316,0.3392852546,nan,0.0014589854,28.3594904923,nan,nan,nan,nan,nan,nan,nan
1592,48.4210526316,0.4431080119,nan,0.0006311713,31.9985274756,nan,nan,nan,nan,nan,nan,nan
1593,48.4210526316,0.4263209736,nan,0.0007338553,31.3438957885,nan,nan,nan,nan,nan,nan,nan
1594,48.4210526316,0.5241488672,nan,0.0002806184,35.5188379121,nan,nan,nan,nan,nan,nan,nan
1595,48.4210526316,0.3854296898,nan,0.0010336507,29.8562619316,nan,nan,nan,nan,nan,nan,nan
1596,48.4210526316,0.6235948301,nan,0.0000860012,40.6549564500,nan,nan,nan,nan,nan,nan,nan
1597,48.4210526316,0.3072036109,nan,0.0018061615,27.4324341623,nan,nan,nan,nan,nan,nan,nan
1598,48.4210526316,0.3679674192,nan,0.0011838143,29.2671641594,nan,nan,nan,nan,nan,nan,nan
1599,48.4210526316,0.2075049138,nan,0.0030586816,25.1446573474,nan,nan,nan,nan,nan,nan,nan
1600,48.4210526316,0.5451697236,nan,0.0002223578,36.5294757548,nan,nan,nan,nan,nan,nan,nan
1601,48.4210526316,0.3668753866,nan,0.0011936468,29.2312417150,nan,nan,nan,nan,nan,nan,nan
1602,48.4210526316,0.9152216228,nan,0.0000008093,60.9190979173,nan,nan,nan,nan,nan,nan,nan
1603,48.4210526316,0.4176522546,nan,0.0007914328,31.0158597650,nan,nan,nan,nan,nan,nan,nan
1604,48.4210526316,0.8245392273,nan,0.0000041828,53.7853085657,nan,nan,nan,nan,nan,nan,nan
1605,48.4210526316,0.4476897551,nan,0.0006051121,32.1816414560,nan,nan,nan,nan,nan,nan,nan
1606,48.4210526316,0.7298236243,nan,0.0000193330,47.1369990259,nan,nan,nan,nan,nan,nan,nan
1607,48.4210526316,0.6543152114,nan,0.0000572306,42.4237151331,nan,nan,nan,nan,nan,nan,nan
1608,48.4210526316,0.5793571160,nan,0.0001493134,38.2590114361,nan,nan,nan,nan,nan,nan,nan
1609,48.4210526316,1.3329444822,nan,0.0000000000,103.5133955682,nan,nan,nan,nan,nan,nan,nan
1610,48.4210526316,0.7626383265,nan,0.0000116210,49.3475484451,nan,nan,nan,nan,nan,nan,nan
1611,48.4210526316,0.3662854305,nan,0.0011989802,29.2118800302,nan,nan,nan,nan,nan,nan,nan
1612,48.4210526316,0.8023962930,nan,0.0000060847,52.1576206163,nan,nan,nan,nan,nan,nan,nan
1613,48.4210526316,0.5718003669,nan,0.0001633971,37.8675568532,nan,nan,nan,nan,nan,nan,nan
1614,48.4210526316,0.7397076043,nan,0.0000166246,47.7924803123,nan,nan,nan,nan,nan,nan,nan
1615,48.4210526316,0.4071793754,nan,0.0008652380,30.6286439622,nan,nan,nan,nan,nan,nan,nan
1616,48.4210526316,0.3545473540,nan,0.0013082170,28.8332021572,nan,nan,nan,nan,nan,nan,nan
1617,48.4210526316,0.8484826900,nan,0.0000027569,55.5957974550,nan,nan,nan,nan,nan,nan,nan
1618,48.4210526316,0.5546065393,nan,0.0001996984,36.9962533196,nan,nan,nan,nan,nan,nan,nan
1619,48.4210526316,0.4224722309,nan,0.0007590296,31.1974126918,nan,nan,nan,nan,nan,nan,nan
1620,48.4210526316,0.4138829819,nan,0.0008174568,30.8753518446,nan,nan,nan,nan,nan,nan,nan
1621,48.4210526316,0.6969042556,nan,0.0000314906,45.0181851496,nan,nan,nan,nan,nan,nan,nan
1622,48.4210526316,0.4746446269,nan,0.0004680030,33.2975135143,nan,nan,nan,nan,nan,nan,nan
1623,48.4210526316,0.2107966334,nan,0.0030158579,25.2058911834,nan,nan,nan,nan,nan,nan,nan
1624,48.4210526316,0.8444291181,nan,0.0000029610,55.2855992809,nan,nan,nan,nan,nan,nan,nan
1625,48.4210526316,0.8375093404,nan,0.0000033423,54.7595380371,nan,nan,nan,nan,nan,nan,nan
1626,48.4210526316,0.4238232322,nan,0.0007501224,31.2486787055,nan,nan,nan,nan,nan,nan,nan
1627,48.4210526316,0.5411294537,nan,0.0002326962,36.3321074448,nan,nan,nan,nan,nan,nan,nan
1628,48.4210526316,0.7136342705,nan,0.0000246455,46.0826302051,nan,nan,nan,nan,nan,nan,nan
1629,48.4210526316,0.8901297579,nan,0.0000012972,58.8698811646,nan,nan,nan,nan,nan,nan,nan
1630,48.4210526316,0.5684121744,nan,0.0001700697,37.6937299193,nan,nan,nan,nan,nan,nan,nan
1631,48.4210526316,0.7634255513,nan,0.0000114768,49.4017875453,nan,nan,nan,nan,nan,nan,nan
1632,48.4210526316,0.2418782117,nan,0.0026108520,25.8321775348,nan,nan,nan,nan,nan,nan,nan
1633,48.4210526316,0.2459270165,nan,0.0025584874,25.9201672251,nan,nan,nan,nan,nan,nan,nan
1634,48.4210526316,0.7057192404,nan,0.0000276958,45.5758535396,nan,nan,nan,nan,nan,nan,nan
1635,48.4210526316,0.3678465651,nan,0.0011848999,29.2631833451,nan,nan,nan,nan,nan,nan,nan
1636,48.4210526316,0.1932039805,nan,0.0032434397,24.8899416522,nan,nan,nan,nan,nan,nan,nan
1637,48.4210526316,1.2722048982,nan,0.0000000002,96.3245804352,nan,nan,nan,nan,nan,nan,nan
1638,48.4210526316,0.7018197331,nan,0.0000293205,45.3282817068,nan,nan,nan,nan,nan,nan,nan
1639,48.4210526316,0.5254851299,nan,0.0002765740,35.5818861925,nan,nan,nan,nan,nan,nan,nan
1640,48.4210526316,0.3274539240,nan,0.0015824251,28.0067684764,nan,nan,nan,nan,nan,nan,nan
1641,48.4210526316,0.4088912958,nan,0.0008528528,30.6912590125,nan,nan,nan,nan,nan,nan,nan
1642,48.4210526316,1.3638740235,nan,0.0000000000,107.3043891968,nan,nan,nan,nan,nan,nan,nan
1643,48.4210526316,0.7307042854,nan,0.0000190764,47.1950403229,nan,nan,nan,nan,nan,nan,nan
1644,48.4210526316,0.3217299130,nan,0.0016441195,27.8406661662,nan,nan,nan,nan,nan,nan,nan
1645,48.4210526316,0.0797911781,nan,0.0044468960,23.5194302582,nan,nan,nan,nan,nan,nan,nan
1646,48.4210526316,0.3627954090,nan,0.0012308393,29.0979863245,nan,nan,nan,nan,nan,nan,nan
1647,48.4210526316,0.4002134888,nan,0.0009169378,30.3766010050,nan,nan,nan,nan,nan,nan,nan
1648,48.4210526316,0.2182618888,nan,0.0029185180,25.3483762316,nan,nan,nan,nan,nan,nan,nan
1649,48.4210526316,0.3462162928,nan,0.0013893108,28.5720058166,nan,nan,nan,nan,nan,nan,nan
1650,48.4210526316,1.0486910343,nan,0.0000000526,72.7884695453,nan,nan,nan,nan,nan,nan,nan
1651,48.4210526316,0.3529830255,nan,0.0013232204,28.7836780280,nan,nan,nan,nan,nan,nan,nan
1652,48.4210526316,0.4968243879,nan,0.0003745238,34.2652060821,nan,nan,nan,nan,nan,nan,nan
1653,48.4210526316,0.4792612645,nan,0.0004471723,33.4952514421,nan,nan,nan,nan,nan,nan,nan
1654,48.4210526316,0.4272876104,nan,0.0007276295,31.3808971323,nan,nan,nan,nan,nan,nan,nan
1655,48.4210526316,0.4063838009,nan,0.0008710367,30.5996355517,nan,nan,nan,nan,nan,nan,nan
1656,48.4210526316,1.4339637352,nan,0.0000000000,116.2208298975,nan,nan,nan,nan,nan,nan,nan
1657,48.4210526316,0.2785430227,nan,0.0021463896,26.6829144613,nan,nan,nan,nan,nan,nan,nan
1658,48.4210526316,0.1525736569,nan,0.0037440935,24.2665331262,nan,nan,nan,nan,nan,nan,nan
1659,48.4210526316,0.6937983549,nan,0.0000329353,44.8233838329,nan,nan,nan,nan,nan,nan,nan
1660,48.4210526316,1.6013770588,nan,0.0000000000,139.3482589248,nan,nan,nan,nan,nan,nan,nan
1661,48.4210526316,0.3084529141,nan,0.0017919284,27.4667935118,nan,nan,nan,nan,nan,nan,nan
1662,48.4210526316,0.5836149485,nan,0.0001418448,38.4818658457,nan,nan,nan,nan,nan,nan,nan
1663,48.4210526316,0.9063461198,nan,0.0000009577,60.1876612780,nan,nan,nan,nan,nan,nan,nan
1664,48.4210526316,0.3535243685,nan,0.0013180167,28.8007910106,nan,nan,nan,nan,nan,nan,nan
1665,48.4210526316,0.6620057562,nan,0.0000515232,42.8799729196,nan,nan,nan,nan,nan,nan,nan
1666,48.4210526316,0.2690270134,nan,0.0022644048,26.4504593019,nan,nan,nan,nan,nan,nan,nan
1667,48.4210526316,0.5352447949,nan,0.0002484679,36.0472971660,nan,nan,nan,nan,nan,nan,nan
1668,48.4210526316,0.0951470251,nan,0.0043274429,23.6376865434,nan,nan,nan,nan,nan,nan,nan
1669,48.4210526316,0.6422557584,nan,0.0000673113,41.7191215502,nan,nan,nan,nan,nan,nan,nan
1670,48.4210526316,0.5815579292,nan,0.0001454121,38.3739955930,nan,nan,nan,nan,nan,nan,nan
1671,48.4210526316,0.2235837712,nan,0.0028490397,25.4530150241,nan,nan,nan,nan,nan,nan,nan
1672,48.4210526316,0.2834704556,nan,0.0020861747,26.8064932446,nan,nan,nan,nan,nan,nan,nan
1673,48.4210526316,0.3933309348,nan,0.0009700868,30.1318939936,nan,nan,nan,nan,nan,nan,nan
1674,48.4210526316,0.6894980036,nan,0.0000350339,44.5551199823,nan,nan,nan,nan,nan,nan,nan
1675,48.4210526316,0.5550330021,nan,0.0001987221,37.0175390443,nan,nan,nan,nan,nan,nan,nan
1676,48.4210526316,0.0659940652,nan,0.0045382952,23.4310725604,nan,nan,nan,nan,nan,nan,nan
1677,48.4210526316,0.2930434718,nan,0.0019711288,27.0528499495,nan,nan,nan,nan,nan,nan,nan
1678,48.4210526316,1.2799452457,nan,0.0000000002,97.2218333622,nan,nan,nan,nan,nan,nan,nan
1679,48.4210526316,0.6858987861,nan,0.0000368817,44.3318912832,nan,nan,nan,nan,nan,nan,nan
1680,48.4210526316,0.9556384033,nan,0.0000003680,64.3410755873,nan,nan,nan,nan,nan,nan,nan
1681,48.4210526316,0.9471609914,nan,0.0000004354,63.6109191913,nan,nan,nan,nan,nan,nan,nan
1682,48.4210526316,1.0993156724,nan,0.0000000169,77.7176212561,nan,nan,nan,nan,nan,nan,nan
1683,48.4210526316,1.0493169987,nan,0.0000000519,72.8479824959,nan,nan,nan,nan,nan,nan,nan
1684,48.4210526316,0.3380323658,nan,0.0014717908,28.3215391223,nan,nan,nan,nan,nan,nan,nan
1685,48.4210526316,0.6652958574,nan,0.0000492401,43.0768124637,nan,nan,nan,nan,nan,nan,nan
1686,48.4210526316,0.8028553847,nan,0.0000060382,52.1909126297,nan,nan,nan,nan,nan,nan,nan
1687,48.4210526316,0.3866670300,nan,0.0010235163,29.8990524340,nan,nan,nan,nan,nan,nan,nan
1688,48.4210526316,0.8574591792,nan,0.0000023507,56.2880692864,nan,nan,nan,nan,nan,nan,nan
1689,48.4210526316,1.1538506108,nan,0.0000000047,83.2905699559,nan,nan,nan,nan,nan,nan,nan
1690,48.4210526316,0.3308160138,nan,0.0015467806,28.1057128882,nan,nan,nan,nan,nan,nan,nan
1691,48.4210526316,0.4466623079,nan,0.0006108840,32.1404127374,nan,nan,nan,nan,nan,nan,nan
1692,48.4210526316,0.8580883028,nan,0.0000023244,56.3368640339,nan,nan,nan,nan,nan,nan,nan
1693,48.4210526316,0.4997464668,nan,0.0003634103,34.3960280329,nan,nan,nan,nan,nan,nan,nan
1694,48.4210526316,0.6527034256,nan,0.0000584955,42.3287761661,nan,nan,nan,nan,nan,nan,nan
1695,48.4210526316,0.8871527004,nan,0.0000013707,58.6305731283,nan,nan,nan,nan,nan,nan,nan
1696,48.4210526316,0.7993306753,nan,0.0000064035,51.9358046561,nan,nan,nan,nan,nan,nan,nan
1697,48.4210526316,0.5201976801,nan,0.0002928626,35.3333608790,nan,nan,nan,nan,nan,nan,nan
1698,48.4210526316,0.6739777045,nan,0.0000436419,43.6009683395,nan,nan,nan,nan,nan,nan,nan
1699,48.4210526316,0.9372066908,nan,0.0000005294,62.7619603061,nan,nan,nan,nan,nan,nan,nan
1700,48.4210526316,1.1246963405,nan,0.0000000094,80.2773310641,nan,nan,nan,nan,nan,nan,nan
1701,48.4210526316,0.3972494785,nan,0.0009395740,30.2706900988,nan,nan,nan,nan,nan,nan,nan
1702,48.4210526316,0.4916848049,nan,0.0003947309,34.0369891159,nan,nan,nan,nan,nan,nan,nan
1703,48.4210526316,0.4121251631,nan,0.0008298000,30.8102659019,nan,nan,nan,nan,nan,nan,nan
1704,48.4210526316,0.7233286149,nan,0.0000213249,46.7111225357,nan,nan,nan,nan,nan,nan,nan
1705,48.4210526316,0.3310548851,nan,0.0015442650,28.1127816427,nan,nan,nan,nan,nan,nan,nan
1706,48.4210526316,0.4828683567,nan,0.0004314101,33.6510964888,nan,nan,nan,nan,nan,nan,nan
1707,48.4210526316,0.7389883035,nan,0.0000168094,47.7444770711,nan,nan,nan,nan,nan,nan,nan
1708,48.4210526316,0.4483616554,nan,0.0006013600,32.2086548522,nan,nan,nan,nan,nan,nan,nan
1709,48.4210526316,0.3756106894,nan,0.0011164483,29.5216136844,nan,nan,nan,nan,nan,nan,nan
1710,48.4210526316,1.1652796129,nan,0.0000000036,84.4931008521,nan,nan,nan,nan,nan,nan,nan
1711,48.4210526316,0.3689394989,nan,0.0011751054,29.2992316200,nan,nan,nan,nan,nan,nan,nan
1712,48.4210526316,0.5286221393,nan,0.0002672676,35.7305364597,nan,nan,nan,nan,nan,nan,nan
1713,48.4210526316,0.8115747969,nan,0.0000052157,52.8268771013,nan,nan,nan,nan,nan,nan,nan
1714,48.4210526316,1.3618352828,nan,0.0000000000,107.0517950358,nan,nan,nan,nan,nan,nan,nan
1715,48.4210526316,0.8650828371,nan,0.0000020503,56.8817982428,nan,nan,nan,nan,nan,nan,nan
1716,48.4210526316,1.1548807777,nan,0.0000000046,83.3984698450,nan,nan,nan,nan,nan,nan,nan
1717,48.4210526316,0.5699905394,nan,0.0001669331,37.7745759105,nan,nan,nan,nan,nan,nan,nan
1718,48.4210526316,1.0456260937,nan,0.0000000563,72.4975919172,nan,nan,nan,nan,nan,nan,nan
1719,48.4210526316,0.6150310480,nan,0.0000960015,40.1772196470,nan,nan,nan,nan,nan,nan,nan
1720,48.4210526316,0.2678685950,nan,0.0022789145,26.4227197199,nan,nan,nan,nan,nan,nan,nan
1721,48.4210526316,0.5815240165,nan,0.0001454715,38.3722204388,nan,nan,nan,nan,nan,nan,nan
1722,48.4210526316,0.5807934116,nan,0.0001467573,38.3340024491,nan,nan,nan,nan,nan,nan,nan
1723,48.4210526316,0.5556962004,nan,0.0001972117,37.0506736616,nan,nan,nan,nan,nan,nan,nan
1724,48.4210526316,0.3566048063,nan,0.0012886426,28.8986751211,nan,nan,nan,nan,nan,nan,nan
1725,48.4210526316,0.7212653492,nan,0.0000219956,46.5766406635,nan,nan,nan,nan,nan,nan,nan
1726,48.4210526316,0.9637378395,nan,0.0000003130,65.0448257105,nan,nan,nan,nan,nan,nan,nan
1727,48.4210526316,0.6989733737,nan,0.0000305601,45.1484482782,nan,nan,nan,nan,nan,nan,nan
1728,48.4210526316,0.5999914197,nan,0.0001160274,39.3543957465,nan,nan,nan,nan,nan,nan,nan
1729,48.4210526316,0.8454717655,nan,0.0000029072,55.3652439457,nan,nan,nan,nan,nan,nan,nan
1730,48.4210526316,0.2724974241,nan,0.0022211163,26.5342869110,nan,nan,nan,nan,nan,nan,nan
1731,48.4210526316,0.1435486151,nan,0.0038475466,24.1481611634,nan,nan,nan,nan,nan,nan,nan
1732,48.4210526316,0.4349821546,nan,0.0006794452,31.6784558756,nan,nan,nan,nan,nan,nan,nan
1733,48.4210526316,0.5046624955,nan,0.0003453130,34.6178707664,nan,nan,nan,nan,nan,nan,nan
1734,48.4210526316,0.5585652315,nan,0.0001907885,37.1944769412,nan,nan,nan,nan,nan,nan,nan
1735,48.4210526316,0.1711089011,nan,0.0035216452,24.5325439820,nan,nan,nan,nan,nan,nan,nan
1736,48.4210526316,0.7332514735,nan,0.0000183514,47.3633152012,nan,nan,nan,nan,nan,nan,nan
1737,48.4210526316,0.1595572106,nan,0.0036617273,24.3631400655,nan,nan,nan,nan,nan,nan,nan
1738,48.4210526316,1.2664536380,nan,0.0000000003,95.6614657620,nan,nan,nan,nan,nan,nan,nan
1739,48.4210526316,1.0393019187,nan,0.0000000646,71.9001193382,nan,nan,nan,nan,nan,nan,nan
1740,48.4210526316,0.3463652110,nan,0.0013878357,28.5766195684,nan,nan,nan,nan,nan,nan,nan
1741,48.4210526316,0.5492936505,nan,0.0002122041,36.7324625315,nan,nan,nan,nan,nan,nan,nan
1742,48.4210526316,0.1603076542,nan,0.0036527659,24.3737815786,nan,nan,nan,nan,nan,nan,nan
1743,48.4210526316,0.5167807009,nan,0.0003038012,35.1741055243,nan,nan,nan,nan,nan,nan,nan
1744,48.4210526316,0.2949685094,nan,0.0019483234,27.1033894653,nan,nan,nan,nan,nan,nan,nan
1745,48.4210526316,1.0054362964,nan,0.0000001330,68.7630699837,nan,nan,nan,nan,nan,nan,nan
1746,48.4210526316,0.4374150342,nan,0.0006647132,31.7736566906,nan,nan,nan,nan,nan,nan,nan
1747,48.4210526316,0.5780142925,nan,0.0001517375,38.1890706377,nan,nan,nan,nan,nan,nan,nan
1748,48.4210526316,0.5179191640,nan,0.0003001202,35.2270479908,nan,nan,nan,nan,nan,nan,nan
1749,48.4210526316,0.5311677270,nan,0.0002599070,35.8518195192,nan,nan,nan,nan,nan,nan,nan
1750,48.4210526316,0.2449414693,nan,0.0025712168,25.8986129823,nan,nan,nan,nan,nan,nan,nan
1751,48.4210526316,0.2952968527,nan,0.0019444451,27.1120431390,nan,nan,nan,nan,nan,nan,nan
1752,48.4210526316,0.2128464662,nan,0.0029891550,25.2445156079,nan,nan,nan,nan,nan,nan,nan
1753,48.4210526316,0.4182868172,nan,0.0007871108,31.0396412243,nan,nan,nan,nan,nan,nan,nan
1754,48.4210526316,0.6908224183,nan,0.0000343751,44.6375595978,nan,nan,nan,nan,nan,nan,nan
1755,48.4210526316,0.3920581863,nan,0.0009801415,30.0871122948,nan,nan,nan,nan,nan,nan,nan
1756,48.4210526316,0.9619010411,nan,0.0000003247,64.8847017171,nan,nan,nan,nan,nan,nan,nan
1757,48.4210526316,0.6460451758,nan,0.0000639868,41.9390958953,nan,nan,nan,nan,nan,nan,nan
1758,48.4210526316,0.8606092430,nan,0.0000022219,56.5327510539,nan,nan,nan,nan,nan,nan,nan
1759,48.4210526316,0.2650694132,nan,0.0023140940,26.3561901237,nan,nan,nan,nan,nan,nan,nan
1760,48.4210526316,0.4299433769,nan,0.0007107237,31.4829921702,nan,nan,nan,nan,nan,nan,nan
1761,48.4210526316,0.1425844721,nan,0.0038583827,24.1359470105,nan,nan,nan,nan,nan,nan,nan
1762,48.4210526316,0.4874271383,nan,0.0004121212,33.8497507297,nan,nan,nan,nan,nan,nan,nan
1763,48.4210526316,0.8181554965,nan,0.0000046650,53.3114532101,nan,nan,nan,nan,nan,nan,nan
1764,48.4210526316,0.4661669735,nan,0.0005082245,32.9394443187,nan,nan,nan,nan,nan,nan,nan
1765,48.4210526316,0.5773959081,nan,0.0001528651,38.1569173761,nan,nan,nan,nan,nan,nan,nan
1766,48.4210526316,0.2003354359,nan,0.0031516198,25.0146617404,nan,nan,nan,nan,nan,nan,nan
1767,48.4210526316,0.3921863440,nan,0.0009791258,30.0916148791,nan,nan,nan,nan,nan,nan,nan
1768,48.4210526316,0.4707562605,nan,0.0004861306,33.1324707656,nan,nan,nan,nan,nan,nan,nan
1769,48.4210526316,0.9384203716,nan,0.0000005170,62.8649841281,nan,nan,nan,nan,nan,nan,nan
1770,48.4210526316,0.2420765505,nan,0.0026082827,25.8364534656,nan,nan,nan,nan,nan,nan,nan
1771,48.4210526316,0.1500049129,nan,0.0037738980,24.2320984368,nan,nan,nan,nan,nan,nan,nan
1772,48.4210526316,0.8817753892,nan,0.0000015134,58.2003784123,nan,nan,nan,nan,nan,nan,nan
1773,48.4210526316,0.4056227529,nan,0.0008766092,30.5719397683,nan,nan,nan,nan,nan,nan,nan
1774,48.4210526316,0.4057180935,nan,0.0008759097,30.5754064915,nan,nan,nan,nan,nan,nan,nan
1775,48.4210526316,0.7076431077,nan,0.0000269246,45.6985072282,nan,nan,nan,nan,nan,nan,nan
1776,48.4210526316,0.4027187272,nan,0.0008981027,30.4667400745,nan,nan,nan,nan,nan,nan,nan
1777,48.4210526316,0.3007086782,nan,0.0018810147,27.2560782194,nan,nan,nan,nan,nan,nan,nan
1778,48.4210526316,0.4811725300,nan,0.0004387649,33.5776807545,nan,nan,nan,nan,nan,nan,nan
1779,48.4210526316,1.5035558069,nan,0.0000000000,125.5212422176,nan,nan,nan,nan,nan,nan,nan
1780,48.4210526316,0.7504532014,nan,0.0000140759,48.5152234689,nan,nan,nan,nan,nan,nan,nan
1781,48.4210526316,1.2214276806,nan,0.0000000009,90.5750508455,nan,nan,nan,nan,nan,nan,nan
1782,48.4210526316,0.7370944972,nan,0.0000173049,47.6183180271,nan,nan,nan,nan,nan,nan,nan
1783,48.4210526316,0.3978605393,nan,0.0009348761,30.2924595304,nan,nan,nan,nan,nan,nan,nan
1784,48.4210526316,0.2823644521,nan,0.0020996339,26.7785641412,nan,nan,nan,nan,nan,nan,nan
1785,48.4210526316,0.3449492518,nan,0.0014018993,28.5328318183,nan,nan,nan,nan,nan,nan,nan
1786,48.4210526316,0.7957836550,nan,0.0000067917,51.6802282108,nan,nan,nan,nan,nan,nan,nan
1787,48.4210526316,0.8502942369,nan,0.0000026700,55.7349113426,nan,nan,nan,nan,nan,nan,nan
1788,48.4210526316,0.4696747423,nan,0.0004912686,33.0868095705,nan,nan,nan,nan,nan,nan,nan
1789,48.4210526316,0.0426618201,nan,0.0046557752,23.3200799674,nan,nan,nan,nan,nan,nan,nan
1790,48.4210526316,0.6392400823,nan,0.0000700648,41.5449980794,nan,nan,nan,nan,nan,nan,nan
1791,48.4210526316,0.3719783179,nan,0.0011481458,29.4000297476,nan,nan,nan,nan,nan,nan,nan
1792,48.4210526316,0.4224660918,nan,0.0007590703,31.1971801108,nan,nan,nan,nan,nan,nan,nan
1793,48.4210526316,0.4353424804,nan,0.0006772481,31.6925218658,nan,nan,nan,nan,nan,nan,nan
1794,48.4210526316,0.8215460938,nan,0.0000044028,53.5626685410,nan,nan,nan,nan,nan,nan,nan
1795,48.4210526316,0.0954995693,nan,0.0043244928,23.6406482205,nan,nan,nan,nan,nan,nan,nan
1796,48.4210526316,0.9435902631,nan,0.0000004672,63.3053436557,nan,nan,nan,nan,nan,nan,nan
1797,48.4210526316,0.2702052847,nan,0.0022496769,26.4787985166,nan,nan,nan,nan,nan,nan,nan
1798,48.4210526316,0.5027157700,nan,0.0003523904,34.5297592919,nan,nan,nan,nan,nan,nan,nan
1799,48.4210526316,0.4448021972,nan,0.0006214390,32.0660152552,nan,nan,nan,nan,nan,nan,nan
1800,48.4210526316,0.8129133228,nan,0.0000050990,52.9251200048,nan,nan,nan,nan,nan,nan,nan
1801,48.4210526316,0.5476272593,nan,0.0002162592,36.6502535627,nan,nan,nan,nan,nan,nan,nan
1802,48.4210526316,0.5842976593,nan,0.0001406775,38.5177524158,nan,nan,nan,nan,nan,nan,nan
1803,48.4210526316,0.7358186281,nan,0.0000176461,47.5335085308,nan,nan,nan,nan,nan,nan,nan
1804,48.4210526316,0.4350953125,nan,0.0006787546,31.6828719358,nan,nan,nan,nan,nan,nan,nan
1805,48.4210526316,0.1504012009,nan,0.0037693180,24.2373721959,nan,nan,nan,nan,nan,nan,nan
1806,48.4210526316,0.2844449451,nan,0.0020743437,26.8311928599,nan,nan,nan,nan,nan,nan,nan
1807,48.4210526316,0.7224112455,nan,0.0000216208,46.6512812080,nan,nan,nan,nan,nan,nan,nan
1808,48.4210526316,0.6725108874,nan,0.0000445458,43.5119283975,nan,nan,nan,nan,nan,nan,nan
1809,48.4210526316,0.4822931277,nan,0.0004338939,33.6261643891,nan,nan,nan,nan,nan,nan,nan
1810,48.4210526316,0.7112390020,nan,0.0000255349,45.9286646553,nan,nan,nan,nan,nan,nan,nan
1811,48.4210526316,0.7365538451,nan,0.0000174487,47.5823616833,nan,nan,nan,nan,nan,nan,nan
1812,48.4210526316,0.8764193685,nan,0.0000016694,57.7745171898,nan,nan,nan,nan,nan,nan,nan
1813,48.4210526316,0.1097821296,nan,0.0041976307,23.7699577688,nan,nan,nan,nan,nan,nan,nan
1814,48.4210526316,0.8520462149,nan,0.0000025884,55.8697362858,nan,nan,nan,nan,nan,nan,nan
1815,48.4210526316,0.4435104950,nan,0.0006288489,32.0145367739,nan,nan,nan,nan,nan,nan,nan
1816,48.4210526316,0.5612477215,nan,0.0001849436,37.3296080230,nan,nan,nan,nan,nan,nan,nan
1817,48.4210526316,0.4652510390,nan,0.0005127257,32.9011489072,nan,nan,nan,nan,nan,nan,nan
1818,48.4210526316,0.6701434586,nan,0.0000460401,43.3686327748,nan,nan,nan,nan,nan,nan,nan
1819,48.4210526316,1.0403875136,nan,0.0000000631,72.0024195524,nan,nan,nan,nan,nan,nan,nan
1820,48.4210526316,0.9675181418,nan,0.0000002900,65.3753483578,nan,nan,nan,nan,nan,nan,nan
1821,48.4210526316,0.4656432234,nan,0.0005107946,32.9175368932,nan,nan,nan,nan,nan,nan,nan
1822,48.4210526316,0.6606061866,nan,0.0000525226,42.7965390285,nan,nan,nan,nan,nan,nan,nan
1823,48.4210526316,1.0046969781,nan,0.0000001350,68.6957577371,nan,nan,nan,nan,nan,nan,nan
1824,48.4210526316,1.0358252611,nan,0.0000000696,71.5732262210,nan,nan,nan,nan,nan,nan,nan
1825,48.4210526316,0.5853090894,nan,0.0001389634,38.5709960833,nan,nan,nan,nan,nan,nan,nan
1826,48.4210526316,1.0399801840,nan,0.0000000636,71.9640224956,nan,nan,nan,nan,nan,nan,nan
1827,48.4210526316,0.2405491376,nan,0.0026280790,25.8036158814,nan,nan,nan,nan,nan,nan,nan
1828,48.4210526316,0.3995888395,nan,0.0009216766,30.3542146066,nan,nan,nan,nan,nan,nan,nan
1829,48.4210526316,0.5114480181,nan,0.0003215373,34.9276863225,nan,nan,nan,nan,nan,nan,nan
1830,48.4210526316,0.1218229568,nan,0.0040802586,23.8931231305,nan,nan,nan,nan,nan,nan,nan
1831,48.4210526316,0.7978292500,nan,0.0000065653,51.8274808388,nan,nan,nan,nan,nan,nan,nan
1832,48.4210526316,0.1420545012,nan,0.0038643205,24.1292685920,nan,nan,nan,nan,nan,nan,nan
1833,48.4210526316,0.4253594225,nan,0.0007400868,31.3071732272,nan,nan,nan,nan,nan,nan,nan
1834,48.4210526316,0.2286440905,nan,0.0027829945,25.5548764677,nan,nan,nan,nan,nan,nan,nan
1835,48.4210526316,0.5572124155,nan,0.0001937949,37.1265769541,nan,nan,nan,nan,nan,nan,nan
1836,48.4210526316,0.5598435257,nan,0.0001879841,37.2587896286,nan,nan,nan,nan,nan,nan,nan
1837,48.4210526316,0.8062530202,nan,0.0000057044,52.4378982726,nan,nan,nan,nan,nan,nan,nan
1838,48.4210526316,1.4617418712,nan,0.0000000000,119.8796924067,nan,nan,nan,nan,nan,nan,nan
1839,48.4210526316,1.0289096017,nan,0.0000000808,70.9262749312,nan,nan,nan,nan,nan,nan,nan
1840,48.4210526316,0.8909936652,nan,0.0000012766,58.9394773941,nan,nan,nan,nan,nan,nan,nan
1841,48.4210526316,0.2556534630,nan,0.0024335569,26.1375848625,nan,nan,nan,nan,nan,nan,nan
1842,48.4210526316,0.7820585793,nan,0.0000085072,50.7021163556,nan,nan,nan,nan,nan,nan,nan
1843,48.4210526316,1.0318675057,nan,0.0000000758,71.2024465518,nan,nan,nan,nan,nan,nan,nan
1844,48.4210526316,0.8495314072,nan,0.0000027063,55.6762948716,nan,nan,nan,nan,nan,nan,nan
1845,48.4210526316,0.4121104832,nan,0.0008299036,30.8097235368,nan,nan,nan,nan,nan,nan,nan
1846,48.4210526316,0.2120391390,nan,0.0029996748,25.2292582308,nan,nan,nan,nan,nan,nan,nan
1847,48.4210526316,0.4243866277,nan,0.0007464304,31.2701066225,nan,nan,nan,nan,nan,nan,nan
1848,48.4210526316,0.3442892875,nan,0.0014084827,28.5124847906,nan,nan,nan,nan,nan,nan,nan
1849,48.4210526316,1.6089772137,nan,0.0000000000,140.4594452900,nan,nan,nan,nan,nan,nan,nan
1850,48.4210526316,0.5719966933,nan,0.0001630174,37.8776611643,nan,nan,nan,nan,nan,nan,nan
1851,48.4210526316,1.4650808138,nan,0.0000000000,120.3242705138,nan,nan,nan,nan,nan,nan,nan
1852,48.4210526316,0.0563099116,nan,0.0045928785,23.3791504748,nan,nan,nan,nan,nan,nan,nan
1853,48.4210526316,0.3811127709,nan,0.0010695331,29.7080578773,nan,nan,nan,nan,nan,nan,nan
1854,48.4210526316,0.4913233134,nan,0.0003961843,34.0210278935,nan,nan,nan,nan,nan,nan,nan
1855,48.4210526316,0.2659709678,nan,0.0023027455,26.3775406483,nan,nan,nan,nan,nan,nan,nan
1856,48.4210526316,1.1578497683,nan,0.0000000043,83.7099874699,nan,nan,nan,nan,nan,nan,nan
1857,48.4210526316,0.4419202531,nan,0.0006380624,31.9513685354,nan,nan,nan,nan,nan,nan,nan
1858,48.4210526316,0.3755007043,nan,0.0011173997,29.5179146804,nan,nan,nan,nan,nan,nan,nan
1859,48.4210526316,0.7400195296,nan,0.0000165451,47.8133116325,nan,nan,nan,nan,nan,nan,nan
1860,48.4210526316,0.4701380115,nan,0.0004890626,33.1063555726,nan,nan,nan,nan,nan,nan,nan
1861,48.4210526316,0.6840777563,nan,0.0000378495,44.2193986449,nan,nan,nan,nan,nan,nan,nan
1862,48.4210526316,0.7858246509,nan,0.0000080006,50.9687901450,nan,nan,nan,nan,nan,nan,nan
1863,48.4210526316,0.2176159774,nan,0.0029269481,25.3358498530,nan,nan,nan,nan,nan,nan,nan
1864,48.4210526316,1.0062986520,nan,0.0000001306,68.8416476216,nan,nan,nan,nan,nan,nan,nan
1865,48.4210526316,0.7264110085,nan,0.0000203575,46.9127542983,nan,nan,nan,nan,nan,nan,nan
1866,48.4210526316,0.8742075422,nan,0.0000017380,57.5994190185,nan,nan,nan,nan,nan,nan,nan
1867,48.4210526316,0.7314115158,nan,0.0000188725,47.2417026724,nan,nan,nan,nan,nan,nan,nan
1868,48.4210526316,0.8698742430,nan,0.0000018803,57.2576729505,nan,nan,nan,nan,nan,nan,nan
1869,48.4210526316,0.2455378317,nan,0.0025635128,25.9116451629,nan,nan,nan,nan,nan,nan,nan
1870,48.4210526316,0.4976317289,nan,0.0003714263,34.3012732740,nan,nan,nan,nan,nan,nan,nan
1871,48.4210526316,0.5071197952,nan,0.0003365438,34.7295834543,nan,nan,nan,nan,nan,nan,nan
1872,48.4210526316,0.8762148926,nan,0.0000016756,57.7583111720,nan,nan,nan,nan,nan,nan,nan
1873,48.4210526316,0.6195921663,nan,0.0000905559,40.4308330931,nan,nan,nan,nan,nan,nan,nan
1874,48.4210526316,0.8394326270,nan,0.0000032320,54.9053123502,nan,nan,nan,nan,nan,nan,nan
1875,48.4210526316,0.2785111158,nan,0.0021467816,26.6821213886,nan,nan,nan,nan,nan,nan,nan
1876,48.4210526316,0.3242935776,nan,0.0016163323,27.9146935228,nan,nan,nan,nan,nan,nan,nan
1877,48.4210526316,0.7253354079,nan,0.0000206905,46.8422964011,nan,nan,nan,nan,nan,nan,nan
1878,48.4210526316,0.8138960154,nan,0.0000050149,52.9973503061,nan,nan,nan,nan,nan,nan,nan
1879,48.4210526316,0.2545336721,nan,0.0024478684,26.1121193571,nan,nan,nan,nan,nan,nan,nan
1880,48.4210526316,0.4712726952,nan,0.0004836919,33.1543118793,nan,nan,nan,nan,nan,nan,nan
1881,48.4210526316,0.5491435958,nan,0.0002125666,36.7250494489,nan,nan,nan,nan,nan,nan,nan
1882,48.4210526316,0.2695226166,nan,0.0022582062,26.4623640450,nan,nan,nan,nan,nan,nan,nan
1883,48.4210526316,0.7640630508,nan,0.0000113612,49.4457521876,nan,nan,nan,nan,nan,nan,nan
1884,48.4210526316,0.5407728046,nan,0.0002336277,36.3147563810,nan,nan,nan,nan,nan,nan,nan
1885,48.4210526316,0.2856287156,nan,0.0020600073,26.8613123127,nan,nan,nan,nan,nan,nan,nan
1886,48.4210526316,0.4050194252,nan,0.0008810446,30.5500210058,nan,nan,nan,nan,nan,nan,nan
1887,48.4210526316,0.6692837398,nan,0.0000465938,43.3167222850,nan,nan,nan,nan,nan,nan,nan
1888,48.4210526316,0.4060248956,nan,0.0008736615,30.5865678576,nan,nan,nan,nan,nan,nan,nan
1889,48.4210526316,0.1805293633,nan,0.0034044259,24.6795610979,nan,nan,nan,nan,nan,nan,nan
1890,48.4210526316,0.5665547637,nan,0.0001738249,37.5988813188,nan,nan,nan,nan,nan,nan,nan
1891,48.4210526316,1.0319641833,nan,0.0000000757,71.2114866191,nan,nan,nan,nan,nan,nan,nan
1892,48.4210526316,0.2766547898,nan,0.0021696321,26.6361390243,nan,nan,nan,nan,nan,nan,nan
1893,48.4210526316,0.4978387172,nan,0.0003706355,34.3105298252,nan,nan,nan,nan,nan,nan,nan
1894,48.4210526316,0.4685598944,nan,0.0004966092,33.0398524203,nan,nan,nan,nan,nan,nan,nan
1895,48.4210526316,0.9605176971,nan,0.0000003339,64.7643118906,nan,nan,nan,nan,nan,nan,nan
1896,48.4210526316,0.6289227136,nan,0.0000802500,40.9555488551,nan,nan,nan,nan,nan,nan,nan
1897,48.4210526316,0.5756453990,nan,0.0001560958,38.0660874165,nan,nan,nan,nan,nan,nan,nan
1898,48.4210526316,1.5873864011,nan,0.0000000000,137.3166611367,nan,nan,nan,nan,nan,nan,nan
1899,48.4210526316,1.1608395286,nan,0.0000000040,84.0245020102,nan,nan,nan,nan,nan,nan,nan
1900,48.4210526316,0.4781745233,nan,0.0004520089,33.4485303319,nan,nan,nan,nan,nan,nan,nan
1901,48.4210526316,0.3212916598,nan,0.0016488947,27.8280708312,nan,nan,nan,nan,nan,nan,nan
1902,48.4210526316,0.4214022682,nan,0.0007661382,31.1569286609,nan,nan,nan,nan,nan,nan,nan
1903,48.4210526316,0.2228524254,nan,0.0028585881,25.4384841650,nan,nan,nan,nan,nan,nan,nan
1904,48.4210526316,0.6881386188,nan,0.0000357218,44.4706700596,nan,nan,nan,nan,nan,nan,nan
1905,48.4210526316,0.1215167669,nan,0.0040833532,23.8898305503,nan,nan,nan,nan,nan,nan,nan
1906,48.4210526316,0.7365119118,nan,0.0000174599,47.5795739981,nan,nan,nan,nan,nan,nan,nan
1907,48.4210526316,0.5726718625,nan,0.0001617172,37.9124368187,nan,nan,nan,nan,nan,nan,nan
1908,48.4210526316,0.7851705441,nan,0.0000080865,50.9223801381,nan,nan,nan,nan,nan,nan,nan
1909,48.4210526316,0.6486449418,nan,0.0000617907,42.0907686053,nan,nan,nan,nan,nan,nan,nan
1910,48.4210526316,1.0413571559,nan,0.0000000617,72.0938844179,nan,nan,nan,nan,nan,nan,nan
1911,48.4210526316,0.4517898829,nan,0.0005824890,32.3471229914,nan,nan,nan,nan,nan,nan,nan
1912,48.4210526316,0.4959297155,nan,0.0003779804,34.2253066445,nan,nan,nan,nan,nan,nan,nan
1913,48.4210526316,1.0741644867,nan,0.0000000299,75.2393537826,nan,nan,nan,nan,nan,nan,nan
1914,48.4210526316,0.0967772584,nan,0.0043137257,23.6514747813,nan,nan,nan,nan,nan,nan,nan
1915,48.4210526316,0.4484823924,nan,0.0006006876,32.2135133630,nan,nan,nan,nan,nan,nan,nan
1916,48.4210526316,0.9160332134,nan,0.0000007968,60.9863415354,nan,nan,nan,nan,nan,nan,nan
1917,48.4210526316,0.3859516003,nan,0.0010293678,29.8742940621,nan,nan,nan,nan,nan,nan,nan
1918,48.4210526316,0.5673277628,nan,0.0001722536,37.6383163318,nan,nan,nan,nan,nan,nan,nan
1919,48.4210526316,0.9661378293,nan,0.0000002982,65.2545119568,nan,nan,nan,nan,nan,nan,nan
1920,48.4210526316,0.0406262564,nan,0.0046637138,23.3126811106,nan,nan,nan,nan,nan,nan,nan
1921,48.4210526316,0.9293307253,nan,0.0000006171,62.0966832449,nan,nan,nan,nan,nan,nan,nan
1922,48.4210526316,0.4354060757,nan,0.0006768609,31.6950056493,nan,nan,nan,nan,nan,nan,nan
1923,48.4210526316,0.1272675514,nan,0.0040243236,23.9530710345,nan,nan,nan,nan,nan,nan,nan
1924,48.4210526316,0.2638770023,nan,0.0023291292,26.3280642138,nan,nan,nan,nan,nan,nan,nan
1925,48.4210526316,0.4960607182,nan,0.0003774727,34.2311443865,nan,nan,nan,nan,nan,nan,nan
1926,48.4210526316,0.6573795892,nan,0.0000548925,42.6048694153,nan,nan,nan,nan,nan,nan,nan
1927,48.4210526316,0.4555370634,nan,0.0005623809,32.4996944381,nan,nan,nan,nan,nan,nan,nan
1928,48.4210526316,0.1529728430,nan,0.0037394373,24.2719374244,nan,nan,nan,nan,nan,nan,nan
1929,48.4210526316,0.7154129440,nan,0.0000240032,46.1973004525,nan,nan,nan,nan,nan,nan,nan
1930,48.4210526316,0.5005519748,nan,0.0003603938,34.4322272199,nan,nan,nan,nan,nan,nan,nan
1931,48.4210526316,0.3621653560,nan,0.0012366470,29.0775426592,nan,nan,nan,nan,nan,nan,nan
1932,48.4210526316,0.2228331185,nan,0.0028588402,25.4381012152,nan,nan,nan,nan,nan,nan,nan
1933,48.4210526316,0.0618678835,nan,0.0045625405,23.4079327182,nan,nan,nan,nan,nan,nan,nan
1934,48.4210526316,0.2830792357,nan,0.0020909318,26.7966014266,nan,nan,nan,nan,nan,nan,nan
1935,48.4210526316,0.6325864201,nan,0.0000764936,41.1637517661,nan,nan,nan,nan,nan,nan,nan
1936,48.4210526316,0.5052056400,nan,0.0003433590,34.6425157080,nan,nan,nan,nan,nan,nan,nan
1937,48.4210526316,1.0206109465,nan,0.0000000965,70.1557331401,nan,nan,nan,nan,nan,nan,nan
1938,48.4210526316,0.6071660038,nan,0.0001060633,39.7443494946,nan,nan,nan,nan,nan,nan,nan
1939,48.4210526316,0.7810060519,nan,0.0000086540,50.6278191060,nan,nan,nan,nan,nan,nan,nan
1940,48.4210526316,0.9276772047,nan,0.0000006371,61.9577329536,nan,nan,nan,nan,nan,nan,nan
1941,48.4210526316,0.2961647199,nan,0.0019342103,27.1349631657,nan,nan,nan,nan,nan,nan,nan
1942,48.4210526316,0.6415722722,nan,0.0000679269,41.6795847755,nan,nan,nan,nan,nan,nan,nan
1943,48.4210526316,0.5724351714,nan,0.0001621720,37.9002409464,nan,nan,nan,nan,nan,nan,nan
1944,48.4210526316,0.8129607731,nan,0.0000050949,52.9286056883,nan,nan,nan,nan,nan,nan,nan
1945,48.4210526316,0.0983735491,nan,0.0043001088,23.6652055847,nan,nan,nan,nan,nan,nan,nan
1946,48.4210526316,0.4939564310,nan,0.0003856948,34.1375618620,nan,nan,nan,nan,nan,nan,nan
1947,48.4210526316,0.3508012712,nan,0.0013443188,28.7149771478,nan,nan,nan,nan,nan,nan,nan
1948,48.4210526316,0.5132635983,nan,0.0003154066,35.0112925747,nan,nan,nan,nan,nan,nan,nan
1949,48.4210526316,0.2038996211,nan,0.0031054827,25.0787089145,nan,nan,nan,nan,nan,nan,nan
1950,48.4210526316,0.9056683292,nan,0.0000009700,60.1321004248,nan,nan,nan,nan,nan,nan,nan
1951,48.4210526316,0.1350625716,nan,0.0039413817,24.0435149991,nan,nan,nan,nan,nan,nan,nan
1952,48.4210526316,0.5056643804,nan,0.0003417156,34.6633517388,nan,nan,nan,nan,nan,nan,nan
1953,48.4210526316,0.7490460667,nan,0.0000143881,48.4199802969,nan,nan,nan,nan,nan,nan,nan
1954,48.4210526316,0.2114074323,nan,0.0030079037,25.2173607450,nan,nan,nan,nan,nan,nan,nan
1955,48.4210526316,0.2026308534,nan,0.0031219226,25.0557786214,nan,nan,nan,nan,nan,nan,nan
1956,48.4210526316,0.6749446380,nan,0.0000430549,43.6597712703,nan,nan,nan,nan,nan,nan,nan
1957,48.4210526316,0.4944095909,nan,0.0003839122,34.1576809293,nan,nan,nan,nan,nan,nan,nan
1958,48.4210526316,0.5957837368,nan,0.0001222396,39.1278807624,nan,nan,nan,nan,nan,nan,nan
1959,48.4210526316,0.2725044303,nan,0.0022210292,26.5344572435,nan,nan,nan,nan,nan,nan,nan
1960,48.4210526316,0.4759483775,nan,0.0004620448,33.3531590262,nan,nan,nan,nan,nan,nan,nan
1961,48.4210526316,0.3902205658,nan,0.0009947834,30.0227145939,nan,nan,nan,nan,nan,nan,nan
1962,48.4210526316,0.3486322718,nan,0.0013654931,28.6471050370,nan,nan,nan,nan,nan,nan,nan
1963,48.4210526316,0.6269195699,nan,0.0000823715,40.8422305447,nan,nan,nan,nan,nan,nan,nan
1964,48.4210526316,0.3907714391,nan,0.0009903786,30.0419873125,nan,nan,nan,nan,nan,nan,nan
1965,48.4210526316,0.3732246714,nan,0.0011372047,29.4416134019,nan,nan,nan,nan,nan,nan,nan
1966,48.4210526316,0.5499917218,nan,0.0002105244,36.7669759577,nan,nan,nan,nan,nan,nan,nan
1967,48.4210526316,0.1385167575,nan,0.0039036132,24.0853322455,nan,nan,nan,nan,nan,nan,nan
1968,48.4210526316,0.6790357072,nan,0.0000406489,43.9095086561,nan,nan,nan,nan,nan,nan,nan
1969,48.4210526316,1.5775609935,nan,0.0000000000,135.9006836456,nan,nan,nan,nan,nan,nan,nan
1970,48.4210526316,0.7424789954,nan,0.0000159299,47.9778734886,nan,nan,nan,nan,nan,nan,nan
1971,48.4210526316,0.7611565847,nan,0.0000118970,49.2456113030,nan,nan,nan,nan,nan,nan,nan
1972,48.4210526316,0.9261116289,nan,0.0000006567,61.8264036505,nan,nan,nan,nan,nan,nan,nan
1973,48.4210526316,0.0975653620,nan,0.0043070257,23.6582254052,nan,nan,nan,nan,nan,nan,nan
1974,48.4210526316,0.8372151457,nan,0.0000033595,54.7372695626,nan,nan,nan,nan,nan,nan,nan
1975,48.4210526316,0.2874940951,nan,0.0020374965,26.9090312275,nan,nan,nan,nan,nan,nan,nan
1976,48.4210526316,0.7444686042,nan,0.0000154476,48.1114015910,nan,nan,nan,nan,nan,nan,nan
1977,48.4210526316,0.3829020751,nan,0.0010545613,29.7692815245,nan,nan,nan,nan,nan,nan,nan
1978,48.4210526316,0.3947801384,nan,0.0009587242,30.1830630580,nan,nan,nan,nan,nan,nan,nan
1979,48.4210526316,0.5387115141,nan,0.0002390727,36.2147008225,nan,nan,nan,nan,nan,nan,nan
1980,48.4210526316,0.1614479416,nan,0.0036391102,24.3900478916,nan,nan,nan,nan,nan,nan,nan
1981,48.4210526316,0.9840726992,nan,0.0000002071,66.8381800450,nan,nan,nan,nan,nan,nan,nan
1982,48.4210526316,0.8251984046,nan,0.0000041358,53.8344506017,nan,nan,nan,nan,nan,nan,nan
1983,48.4210526316,0.1813442388,nan,0.0033941789,24.6926526944,nan,nan,nan,nan,nan,nan,nan
1984,48.4210526316,0.0923487696,nan,0.0043505366,23.6145717632,nan,nan,nan,nan,nan,nan,nan
1985,48.4210526316,0.1229627407,nan,0.0040686906,23.9054533564,nan,nan,nan,nan,nan,nan,nan
1986,48.4210526316,0.4224038260,nan,0.0007594827,31.1948213553,nan,nan,nan,nan,nan,nan,nan
1987,48.4210526316,0.3672330324,nan,0.0011904209,29.2429945890,nan,nan,nan,nan,nan,nan,nan
1988,48.4210526316,0.8075360495,nan,0.0000055828,52.5314404963,nan,nan,nan,nan,nan,nan,nan
1989,48.4210526316,0.9246631600,nan,0.0000006753,61.7050977903,nan,nan,nan,nan,nan,nan,nan
1990,48.4210526316,0.3653013039,nan,0.0012079105,29.1796522729,nan,nan,nan,nan,nan,nan,nan
1991,48.4210526316,0.4594193674,nan,0.0005421117,32.6591123993,nan,nan,nan,nan,nan,nan,nan
1992,48.4210526316,0.4678455257,nan,0.0005000549,33.0098227101,nan,nan,nan,nan,nan,nan,nan
1993,48.4210526316,0.4777483585,nan,0.0004539167,33.4302379665,nan,nan,nan,nan,nan,nan,nan
1994,48.4210526316,0.4686162637,nan,0.0004963381,33.0422239736,nan,nan,nan,nan,nan,nan,nan
1995,48.4210526316,0.1885686334,nan,0.0033026860,24.8113270939,nan,nan,nan,nan,nan,nan,nan
1996,48.4210526316,0.8343189450,nan,0.0000035331,54.5184699775,nan,nan,nan,nan,nan,nan,nan
1997,48.4210526316,1.6968323367,nan,0.0000000000,153.6908382991,nan,nan,nan,nan,nan,nan,nan
1998,48.4210526316,0.5424181597,nan,0.0002293560,36.3948997742,nan,nan,nan,nan,nan,nan,nan
1999,48.4210526316,0.5906539448,nan,0.0001301995,38.8539067605,nan,nan,nan,nan,nan,nan,nan
2000,48.4210526316,0.8147552854,nan,0.0000049424,53.0605810906,nan,nan,nan,nan,nan,nan,nan
2001,48.4210526316,0.1304624819,nan,0.0039907236,23.9894835191,nan,nan,nan,nan,nan,nan,nan
2002,48.4210526316,0.2929620907,nan,0.0019720954,27.0507207644,nan,nan,nan,nan,nan,nan,nan
2003,48.4210526316,0.7987420411,nan,0.0000064665,51.8933117183,nan,nan,nan,nan,nan,nan,nan
2004,48.4210526316,0.4041636558,nan,0.0008873628,30.5189877056,nan,nan,nan,nan,nan,nan,nan
2005,48.4210526316,1.1506297844,nan,0.0000000051,82.9538483497,nan,nan,nan,nan,nan,nan,nan
2006,48.4210526316,0.3863979043,nan,0.0010257149,29.8897335483,nan,nan,nan,nan,nan,nan,nan
2007,48.4210526316,0.6833564659,nan,0.0000382391,44.1749251613,nan,nan,nan,nan,nan,nan,nan
2008,48.4210526316,0.8241670649,nan,0.0000042096,53.7575811979,nan,nan,nan,nan,nan,nan,nan
2009,48.4210526316,0.2009466547,nan,0.0031437182,25.0255639608,nan,nan,nan,nan,nan,nan,nan
2010,48.4210526316,0.6591631067,nan,0.0000535711,42.7106983785,nan,nan,nan,nan,nan,nan,nan
2011,48.4210526316,0.6522211850,nan,0.0000588787,42.3004168002,nan,nan,nan,nan,nan,nan,nan
2012,48.4210526316,0.3943601272,nan,0.0009620079,30.1682135429,nan,nan,nan,nan,nan,nan,nan
2013,48.4210526316,0.9460079038,nan,0.0000004454,63.5121126953,nan,nan,nan,nan,nan,nan,nan
2014,48.4210526316,0.2746354191,nan,0.0021945874,26.5864712076,nan,nan,nan,nan,nan,nan,nan
2015,48.4210526316,0.8655648347,nan,0.0000020326,56.9195148266,nan,nan,nan,nan,nan,nan,nan
2016,48.4210526316,0.8878117789,nan,0.0000013541,58.6834826454,nan,nan,nan,nan,nan,nan,nan
2017,48.4210526316,0.7497596598,nan,0.0000142290,48.4682578852,nan,nan,nan,nan,nan,nan,nan
2018,48.4210526316,0.3674703634,nan,0.0011882833,29.2508001021,nan,nan,nan,nan,nan,nan,nan
2019,48.4210526316,0.0596183361,nan,0.0045751429,23.3959533762,nan,nan,nan,nan,nan,nan,nan
2020,48.4210526316,0.7664164875,nan,0.0000109437,49.6083765648,nan,nan,nan,nan,nan,nan,nan
2021,48.4210526316,1.0464369623,nan,0.0000000553,72.5744634647,nan,nan,nan,nan,nan,nan,nan
2022,48.4210526316,0.5926193611,nan,0.0001270986,38.9585932749,nan,nan,nan,nan,nan,nan,nan
2023,48.4210526316,1.2809915766,nan,0.0000000002,97.3435454034,nan,nan,nan,nan,nan,nan,nan
2024,48.4210526316,0.4281019228,nan,0.0007224148,31.4121335315,nan,nan,nan,nan,nan,nan,nan
2025,48.4210526316,0.4223170388,nan,0.0007600577,31.1915342690,nan,nan,nan,nan,nan,nan,nan
2026,48.4210526316,1.1780273874,nan,0.0000000026,85.8485366207,nan,nan,nan,nan,nan,nan,nan
2027,48.4210526316,1.1295721475,nan,0.0000000084,80.7758378895,nan,nan,nan,nan,nan,nan,nan
2028,48.4210526316,0.0939437543,nan,0.0043374437,23.6276614736,nan,nan,nan,nan,nan,nan,nan
2029,48.4210526316,0.6852893633,nan,0.0000372031,44.2942109978,nan,nan,nan,nan,nan,nan,nan
2030,48.4210526316,0.1023619115,nan,0.0042652985,23.7005056625,nan,nan,nan,nan,nan,nan,nan
2031,48.4210526316,0.5348641190,nan,0.0002495180,36.0289814116,nan,nan,nan,nan,nan,nan,nan
2032,48.4210526316,0.3864515700,nan,0.0010252762,29.8915912825,nan,nan,nan,nan,nan,nan,nan
2033,48.4210526316,0.3242457413,nan,0.0016168485,27.9133067772,nan,nan,nan,nan,nan,nan,nan
2034,48.4210526316,0.4303279122,nan,0.0007083000,31.4978278171,nan,nan,nan,nan,nan,nan,nan
2035,48.4210526316,0.7573079305,nan,0.0000126422,48.9817782526,nan,nan,nan,nan,nan,nan,nan
2036,48.4210526316,0.6293599404,nan,0.0000797934,40.9803315060,nan,nan,nan,nan,nan,nan,nan
2037,48.4210526316,0.6382931907,nan,0.0000709497,41.4904961127,nan,nan,nan,nan,nan,nan,nan
2038,48.4210526316,0.8535546892,nan,0.0000025200,55.9860471370,nan,nan,nan,nan,nan,nan,nan
2039,48.4210526316,0.3166716190,nan,0.0016996723,27.6963481418,nan,nan,nan,nan,nan,nan,nan
2040,48.4210526316,0.6995564901,nan,0.0000303024,45.1852294422,nan,nan,nan,nan,nan,nan,nan
2041,48.4210526316,0.5226646912,nan,0.0002851674,35.4490010682,nan,nan,nan,nan,nan,nan,nan
2042,48.4210526316,1.0012637824,nan,0.0000001451,68.3838341143,nan,nan,nan,nan,nan,nan,nan
2043,48.4210526316,1.2230877983,nan,0.0000000008,90.7592812934,nan,nan,nan,nan,nan,nan,nan
2044,48.4210526316,0.6707542153,nan,0.0000456504,43.4055516975,nan,nan,nan,nan,nan,nan,nan
2045,48.4210526316,0.6738393436,nan,0.0000437264,43.5925610633,nan,nan,nan,nan,nan,nan,nan
2046,48.4210526316,0.2731272496,nan,0.0022132900,26.5496168556,nan,nan,nan,nan,nan,nan,nan
2047,48.4210526316,0.3557641574,nan,0.0012966186,28.8718773929,nan,nan,nan,nan,nan,nan,nan
2048,48.4210526316,0.8051683911,nan,0.0000058091,52.3589382416,nan,nan,nan,nan,nan,nan,nan
2049,48.4210526316,0.8390247985,nan,0.0000032551,54.8743729831,nan,nan,nan,nan,nan,nan,nan
2050,48.4210526316,1.0120380245,nan,0.0000001157,69.3663541750,nan,nan,nan,nan,nan,nan,nan
2051,48.4210526316,1.0968820492,nan,0.0000000179,77.4752888958,nan,nan,nan,nan,nan,nan,nan
2052,48.4210526316,0.4059132866,nan,0.0008744789,30.5825065695,nan,nan,nan,nan,nan,nan,nan
2053,48.4210526316,0.1730483462,nan,0.0034977117,24.5621598430,nan,nan,nan,nan,nan,nan,nan
2054,48.4210526316,0.8352848183,nan,0.0000034743,54.5913536653,nan,nan,nan,nan,nan,nan,nan
2055,48.4210526316,0.2874694483,nan,0.0020377933,26.9083986786,nan,nan,nan,nan,nan,nan,nan
2056,48.4210526316,0.3891955255,nan,0.0010030149,29.9869259964,nan,nan,nan,nan,nan,nan,nan
2057,48.4210526316,0.5073629754,nan,0.0003356859,34.7406686566,nan,nan,nan,nan,nan,nan,nan
2058,48.4210526316,0.6423772853,nan,0.0000672023,41.7261558229,nan,nan,nan,nan,nan,nan,nan
2059,48.4210526316,1.0713062295,nan,0.0000000319,74.9613875434,nan,nan,nan,nan,nan,nan,nan
2060,48.4210526316,0.8950290846,nan,0.0000011843,59.2654748007,nan,nan,nan,nan,nan,nan,nan
2061,48.4210526316,0.4158905469,nan,0.0008035210,30.9500278401,nan,nan,nan,nan,nan,nan,nan
2062,48.4210526316,1.3706371163,nan,0.0000000000,108.1450545671,nan,nan,nan,nan,nan,nan,nan
2063,48.4210526316,0.3284254543,nan,0.0015720795,28.0352550245,nan,nan,nan,nan,nan,nan,nan
2064,48.4210526316,0.4422147072,nan,0.0006363488,31.9630476436,nan,nan,nan,nan,nan,nan,nan
2065,48.4210526316,0.3908671444,nan,0.0009896147,30.0453384376,nan,nan,nan,nan,nan,nan,nan
2066,48.4210526316,0.1411322815,nan,0.0038746214,24.1177072393,nan,nan,nan,nan,nan,nan,nan
2067,48.4210526316,0.4548311483,nan,0.0005661279,32.4708546951,nan,nan,nan,nan,nan,nan,nan
2068,48.4210526316,0.3614480916,nan,0.0012432793,29.0543129558,nan,nan,nan,nan,nan,nan,nan
2069,48.4210526316,0.5786682149,nan,0.0001505529,38.2231095961,nan,nan,nan,nan,nan,nan,nan
2070,48.4210526316,0.8669896171,nan,0.0000019810,57.0311291170,nan,nan,nan,nan,nan,nan,nan
2071,48.4210526316,1.0147280023,nan,0.0000001093,69.6133171736,nan,nan,nan,nan,nan,nan,nan
2072,48.4210526316,0.6466188866,nan,0.0000634963,41.9725137162,nan,nan,nan,nan,nan,nan,nan
2073,48.4210526316,0.2667827308,nan,0.0022925417,26.3968274880,nan,nan,nan,nan,nan,nan,nan
2074,48.4210526316,0.1465082910,nan,0.0038140152,24.1861757512,nan,nan,nan,nan,nan,nan,nan
2075,48.4210526316,0.2750046579,nan,0.0021900169,26.5955253905,nan,nan,nan,nan,nan,nan,nan
2076,48.4210526316,0.9012234889,nan,0.0000010547,59.7687834469,nan,nan,nan,nan,nan,nan,nan
2077,48.4210526316,0.7072610923,nan,0.0000270762,45.6741254484,nan,nan,nan,nan,nan,nan,nan
2078,48.4210526316,0.5813716428,nan,0.0001457389,38.3642457482,nan,nan,nan,nan,nan,nan,nan
2079,48.4210526316,0.2319578156,nan,0.0027397885,25.6228296427,nan,nan,nan,nan,nan,nan,nan
2080,48.4210526316,0.9803484997,nan,0.0000002235,66.5069049966,nan,nan,nan,nan,nan,nan,nan
2081,48.4210526316,0.0295670183,nan,0.0047001649,23.2788690738,nan,nan,nan,nan,nan,nan,nan
2082,48.4210526316,0.6086141420,nan,0.0001041447,39.8236276608,nan,nan,nan,nan,nan,nan,nan
2083,48.4210526316,0.3118522130,nan,0.0017534775,27.5609979772,nan,nan,nan,nan,nan,nan,nan
2084,48.4210526316,0.6711709980,nan,0.0000453862,43.4307648396,nan,nan,nan,nan,nan,nan,nan
2085,48.4210526316,0.7411999806,nan,0.0000162472,47.8922261898,nan,nan,nan,nan,nan,nan,nan
2086,48.4210526316,0.7807380350,nan,0.0000086918,50.6089161309,nan,nan,nan,nan,nan,nan,nan
2087,48.4210526316,0.7382090174,nan,0.0000170117,47.6925239812,nan,nan,nan,nan,nan,nan,nan
2088,48.4210526316,0.6997758409,nan,0.0000302060,45.1990734407,nan,nan,nan,nan,nan,nan,nan
2089,48.4210526316,0.1397614490,nan,0.0038898579,24.1006626494,nan,nan,nan,nan,nan,nan,nan
2090,48.4210526316,0.8678490014,nan,0.0000019505,57.0985411735,nan,nan,nan,nan,nan,nan,nan
2091,48.4210526316,0.8298829811,nan,0.0000038152,54.1848328887,nan,nan,nan,nan,nan,nan,nan
2092,48.4210526316,1.1093533020,nan,0.0000000134,78.7228783745,nan,nan,nan,nan,nan,nan,nan
2093,48.4210526316,0.2440214129,nan,0.0025831105,25.8785700721,nan,nan,nan,nan,nan,nan,nan
2094,48.4210526316,0.7029444417,nan,0.0000288433,45.3995447714,nan,nan,nan,nan,nan,nan,nan
2095,48.4210526316,0.8372713689,nan,0.0000033562,54.7415246496,nan,nan,nan,nan,nan,nan,nan
2096,48.4210526316,0.5970958167,nan,0.0001202724,39.1983417910,nan,nan,nan,nan,nan,nan,nan
2097,48.4210526316,1.4563267987,nan,0.0000000000,119.1608605811,nan,nan,nan,nan,nan,nan,nan
2098,48.4210526316,0.4945366741,nan,0.0003834135,34.1633264277,nan,nan,nan,nan,nan,nan,nan
2099,48.4210526316,0.2071227040,nan,0.0030636486,25.1376105077,nan,nan,nan,nan,nan,nan,nan
2100,48.4210526316,1.2022059134,nan,0.0000000014,88.4603615440,nan,nan,nan,nan,nan,nan,nan
2101,48.4210526316,0.7592540319,nan,0.0000122602,49.1150183442,nan,nan,nan,nan,nan,nan,nan
2102,48.4210526316,0.7281859242,nan,0.0000198187,47.0292522203,nan,nan,nan,nan,nan,nan,nan
2103,48.4210526316,0.2805891409,nan,0.0021213072,26.7339644372,nan,nan,nan,nan,nan,nan,nan
2104,48.4210526316,0.5120235552,nan,0.0003195835,34.9541569758,nan,nan,nan,nan,nan,nan,nan
2105,48.4210526316,0.6124182297,nan,0.0000992478,40.0327922067,nan,nan,nan,nan,nan,nan,nan
2106,48.4210526316,0.2227595782,nan,0.0028598003,25.4366428601,nan,nan,nan,nan,nan,nan,nan
2107,48.4210526316,0.4259843710,nan,0.0007360323,31.3310310692,nan,nan,nan,nan,nan,nan,nan
2108,48.4210526316,0.3578530250,nan,0.0012768553,28.9385831686,nan,nan,nan,nan,nan,nan,nan
2109,48.4210526316,0.3783685712,nan,0.0010927669,29.6147247374,nan,nan,nan,nan,nan,nan,nan
2110,48.4210526316,0.7070493889,nan,0.0000271605,45.6606194096,nan,nan,nan,nan,nan,nan,nan
2111,48.4210526316,0.4082917027,nan,0.0008571764,30.6692981067,nan,nan,nan,nan,nan,nan,nan
2112,48.4210526316,0.1457757808,nan,0.0038223512,24.1766941775,nan,nan,nan,nan,nan,nan,nan
2113,48.4210526316,1.1742554629,nan,0.0000000029,85.4459240953,nan,nan,nan,nan,nan,nan,nan
2114,48.4210526316,0.5066376471,nan,0.0003382501,34.7076209610,nan,nan,nan,nan,nan,nan,nan
2115,48.4210526316,0.5535393117,nan,0.0002021595,36.9430581115,nan,nan,nan,nan,nan,nan,nan
2116,48.4210526316,0.3763105900,nan,0.0011104069,29.5451783374,nan,nan,nan,nan,nan,nan,nan
2117,48.4210526316,0.5762668894,nan,0.0001549422,38.0983032028,nan,nan,nan,nan,nan,nan,nan
2118,48.4210526316,0.8604290922,nan,0.0000022291,56.5187333338,nan,nan,nan,nan,nan,nan,nan
2119,48.4210526316,0.8151489152,nan,0.0000049096,53.0895695270,nan,nan,nan,nan,nan,nan,nan
2120,48.4210526316,0.2320812883,nan,0.0027381796,25.6253807631,nan,nan,nan,nan,nan,nan,nan
2121,48.4210526316,0.5194350750,nan,0.0002952755,35.2977260543,nan,nan,nan,nan,nan,nan,nan
2122,48.4210526316,0.1961202861,nan,0.0032059803,24.9403914791,nan,nan,nan,nan,nan,nan,nan
2123,48.4210526316,0.3788927222,nan,0.0010883037,29.6324989517,nan,nan,nan,nan,nan,nan,nan
2124,48.4210526316,0.1700116569,nan,0.0035351363,24.5159383198,nan,nan,nan,nan,nan,nan,nan
2125,48.4210526316,0.0749006464,nan,0.0044810779,23.4861750330,nan,nan,nan,nan,nan,nan,nan
2126,48.4210526316,0.2321581993,nan,0.0027371774,25.6269705455,nan,nan,nan,nan,nan,nan,nan
2127,48.4210526316,0.3230381458,nan,0.0016299084,27.8783679074,nan,nan,nan,nan,nan,nan,nan
2128,48.4210526316,0.2768734974,nan,0.0021669354,26.6415403816,nan,nan,nan,nan,nan,nan,nan
2129,48.4210526316,0.8587413887,nan,0.0000022974,56.3875555920,nan,nan,nan,nan,nan,nan,nan
2130,48.4210526316,0.4581224097,nan,0.0005488196,32.6057035462,nan,nan,nan,nan,nan,nan,nan
2131,48.4210526316,0.6425024433,nan,0.0000670903,41.7334016803,nan,nan,nan,nan,nan,nan,nan
2132,48.4210526316,0.6106020149,nan,0.0001015602,39.9327646901,nan,nan,nan,nan,nan,nan,nan
2133,48.4210526316,0.9018297754,nan,0.0000010427,59.8182342202,nan,nan,nan,nan,nan,nan,nan
2134,48.4210526316,0.9216389056,nan,0.0000007157,61.4524428134,nan,nan,nan,nan,nan,nan,nan
2135,48.4210526316,0.5232626913,nan,0.0002833273,35.4771154365,nan,nan,nan,nan,nan,nan,nan
2136,48.4210526316,0.9480702893,nan,0.0000004277,63.6889215656,nan,nan,nan,nan,nan,nan,nan
2137,48.4210526316,0.8940116997,nan,0.0000012069,59.1831458534,nan,nan,nan,nan,nan,nan,nan
2138,48.4210526316,0.2587869436,nan,0.0023936214,26.2094453393,nan,nan,nan,nan,nan,nan,nan
2139,48.4210526316,0.5322092063,nan,0.0002569443,35.9016101196,nan,nan,nan,nan,nan,nan,nan
2140,48.4210526316,0.7717272606,nan,0.0000100526,49.9772145360,nan,nan,nan,nan,nan,nan,nan
2141,48.4210526316,0.5233278634,nan,0.0002831274,35.4801814014,nan,nan,nan,nan,nan,nan,nan
2142,48.4210526316,1.0836681828,nan,0.0000000242,76.1689783831,nan,nan,nan,nan,nan,nan,nan
2143,48.4210526316,0.5874919020,nan,0.0001353250,38.6862211129,nan,nan,nan,nan,nan,nan,nan
2144,48.4210526316,0.9192886179,nan,0.0000007487,61.2566712077,nan,nan,nan,nan,nan,nan,nan
2145,48.4210526316,0.4109741179,nan,0.0008379539,30.7677985209,nan,nan,nan,nan,nan,nan,nan
2146,48.4210526316,0.4786908060,nan,0.0004497060,33.4707129467,nan,nan,nan,nan,nan,nan,nan
2147,48.4210526316,0.6851250828,nan,0.0000372901,44.2840594205,nan,nan,nan,nan,nan,nan,nan
2148,48.4210526316,0.5531124571,nan,0.0002031510,36.9218108686,nan,nan,nan,nan,nan,nan,nan
2149,48.4210526316,0.3429651726,nan,0.0014217458,28.4717805538,nan,nan,nan,nan,nan,nan,nan
2150,48.4210526316,0.1419489122,nan,0.0038655020,24.1279410203,nan,nan,nan,nan,nan,nan,nan
2151,48.4210526316,0.4320775389,nan,0.0006973489,31.5654990801,nan,nan,nan,nan,nan,nan,nan
2152,48.4210526316,0.5908719790,nan,0.0001298523,38.8655028491,nan,nan,nan,nan,nan,nan,nan
2153,48.4210526316,0.5236654309,nan,0.0002820936,35.4960681598,nan,nan,nan,nan,nan,nan,nan
2154,48.4210526316,0.1428783879,nan,0.0038550839,24.1396616315,nan,nan,nan,nan,nan,nan,nan
2155,48.4210526316,1.1615769922,nan,0.0000000039,84.1022073183,nan,nan,nan,nan,nan,nan,nan
2156,48.4210526316,0.5885389884,nan,0.0001336088,38.7416480911,nan,nan,nan,nan,nan,nan,nan
2157,48.4210526316,0.7104428827,nan,0.0000258368,45.8776068280,nan,nan,nan,nan,nan,nan,nan
2158,48.4210526316,0.8210922745,nan,0.0000044371,53.5289833419,nan,nan,nan,nan,nan,nan,nan
2159,48.4210526316,0.0637245732,nan,0.0045518106,23.4181581606,nan,nan,nan,nan,nan,nan,nan
2160,48.4210526316,0.9172796774,nan,0.0000007781,61.0897336261,nan,nan,nan,nan,nan,nan,nan
2161,48.4210526316,0.8280408067,nan,0.0000039384,54.0468083027,nan,nan,nan,nan,nan,nan,nan
2162,48.4210526316,0.8199542359,nan,0.0000045242,53.4445940948,nan,nan,nan,nan,nan,nan,nan
2163,48.4210526316,0.7506224482,nan,0.0000140388,48.5266912770,nan,nan,nan,nan,nan,nan,nan
2164,48.4210526316,0.5920080065,nan,0.0001280562,38.9259922030,nan,nan,nan,nan,nan,nan,nan
2165,48.4210526316,0.6195321517,nan,0.0000906258,40.4274837728,nan,nan,nan,nan,nan,nan,nan
2166,48.4210526316,0.1660312994,nan,0.0035837634,24.4566067364,nan,nan,nan,nan,nan,nan,nan
2167,48.4210526316,0.2787166529,nan,0.0021442569,26.6872318018,nan,nan,nan,nan,nan,nan,nan
2168,48.4210526316,0.3519163396,nan,0.0013335105,28.7500355036,nan,nan,nan,nan,nan,nan,nan
2169,48.4210526316,0.9883586894,nan,0.0000001896,67.2210002866,nan,nan,nan,nan,nan,nan,nan
2170,48.4210526316,0.1291424350,nan,0.0040046740,23.9743282805,nan,nan,nan,nan,nan,nan,nan
2171,48.4210526316,1.0815057620,nan,0.0000000254,75.9567284768,nan,nan,nan,nan,nan,nan,nan
2172,48.4210526316,0.4750990515,nan,0.0004659195,33.3168913230,nan,nan,nan,nan,nan,nan,nan
2173,48.4210526316,0.7421885833,nan,0.0000160014,47.9584133710,nan,nan,nan,nan,nan,nan,nan
2174,48.4210526316,1.4420136281,nan,0.0000000000,117.2738324381,nan,nan,nan,nan,nan,nan,nan
2175,48.4210526316,0.6853166039,nan,0.0000371887,44.2958945467,nan,nan,nan,nan,nan,nan,nan
2176,48.4210526316,0.2285150783,nan,0.0027846775,25.5522508735,nan,nan,nan,nan,nan,nan,nan
2177,48.4210526316,0.4637344378,nan,0.0005202467,32.8379070322,nan,nan,nan,nan,nan,nan,nan
2178,48.4210526316,1.0941383626,nan,0.0000000190,77.2027329871,nan,nan,nan,nan,nan,nan,nan
2179,48.4210526316,0.1918029243,nan,0.0032613872,24.8659763624,nan,nan,nan,nan,nan,nan,nan
2180,48.4210526316,0.5686192738,nan,0.0001696553,37.7043249054,nan,nan,nan,nan,nan,nan,nan
2181,48.4210526316,0.5879328944,nan,0.0001345999,38.7095526444,nan,nan,nan,nan,nan,nan,nan
2182,48.4210526316,0.9273742277,nan,0.0000006409,61.9323000268,nan,nan,nan,nan,nan,nan,nan
2183,48.4210526316,0.4127421699,nan,0.0008254524,30.8330796062,nan,nan,nan,nan,nan,nan,nan
2184,48.4210526316,0.7430500199,nan,0.0000157901,48.0161595199,nan,nan,nan,nan,nan,nan,nan
2185,48.4210526316,0.7600045218,nan,0.0000121158,49.1664931636,nan,nan,nan,nan,nan,nan,nan
2186,48.4210526316,0.1541895869,nan,0.0037252050,24.2884981984,nan,nan,nan,nan,nan,nan,nan
2187,48.4210526316,0.2844056548,nan,0.0020748202,26.8301953397,nan,nan,nan,nan,nan,nan,nan
2188,48.4210526316,0.5961823271,nan,0.0001216391,39.1492691901,nan,nan,nan,nan,nan,nan,nan
2189,48.4210526316,0.5838063612,nan,0.0001415167,38.4919231358,nan,nan,nan,nan,nan,nan,nan
2190,48.4210526316,0.5874793175,nan,0.0001353457,38.6855555620,nan,nan,nan,nan,nan,nan,nan
2191,48.4210526316,0.2436640729,nan,0.0025877325,25.8708061933,nan,nan,nan,nan,nan,nan,nan
2192,48.4210526316,0.6228114907,nan,0.0000868764,40.6109795881,nan,nan,nan,nan,nan,nan,nan
2193,48.4210526316,0.4432400849,nan,0.0006304085,32.0037792342,nan,nan,nan,nan,nan,nan,nan
2194,48.4210526316,0.3679848584,nan,0.0011836577,29.2677386992,nan,nan,nan,nan,nan,nan,nan
2195,48.4210526316,0.5343095846,nan,0.0002510542,36.0023242603,nan,nan,nan,nan,nan,nan,nan
2196,48.4210526316,0.7380062549,nan,0.0000170647,47.6790153932,nan,nan,nan,nan,nan,nan,nan
2197,48.4210526316,0.8726475903,nan,0.0000017881,57.4761953441,nan,nan,nan,nan,nan,nan,nan
2198,48.4210526316,0.5529783758,nan,0.0002034633,36.9151402174,nan,nan,nan,nan,nan,nan,nan
2199,48.4210526316,0.4025034594,nan,0.0008997105,30.4589723407,nan,nan,nan,nan,nan,nan,nan
2200,48.4210526316,0.1571184766,nan,0.0036907048,24.3289068888,nan,nan,nan,nan,nan,nan,nan
2201,48.4210526316,0.7941194756,nan,0.0000069812,51.5607140004,nan,nan,nan,nan,nan,nan,nan
2202,48.4210526316,1.2254794911,nan,0.0000000008,91.0251428727,nan,nan,nan,nan,nan,nan,nan
2203,48.4210526316,0.5287838193,nan,0.0002667951,35.7382220794,nan,nan,nan,nan,nan,nan,nan
2204,48.4210526316,0.8058873461,nan,0.0000057395,52.4112655063,nan,nan,nan,nan,nan,nan,nan
2205,48.4210526316,0.6263098438,nan,0.0000830269,40.8078107957,nan,nan,nan,nan,nan,nan,nan
2206,48.4210526316,0.7337546381,nan,0.0000182112,47.3966258280,nan,nan,nan,nan,nan,nan,nan
2207,48.4210526316,1.1940256282,nan,0.0000000017,87.5706979425,nan,nan,nan,nan,nan,nan,nan
2208,48.4210526316,0.6450843463,nan,0.0000648157,41.8831961912,nan,nan,nan,nan,nan,nan,nan
2209,48.4210526316,0.7304317160,nan,0.0000191555,47.1770686598,nan,nan,nan,nan,nan,nan,nan
2210,48.4210526316,0.5733830085,nan,0.0001603574,37.9491103933,nan,nan,nan,nan,nan,nan,nan
2211,48.4210526316,0.3653878879,nan,0.0012071232,29.1824841681,nan,nan,nan,nan,nan,nan,nan
2212,48.4210526316,0.4075346587,nan,0.0008626573,30.6416169196,nan,nan,nan,nan,nan,nan,nan
2213,48.4210526316,0.8609944968,nan,0.0000022066,56.5627380114,nan,nan,nan,nan,nan,nan,nan
2214,48.4210526316,1.0762140249,nan,0.0000000286,75.4391331747,nan,nan,nan,nan,nan,nan,nan
2215,48.4210526316,0.6095686147,nan,0.0001028967,39.8759846277,nan,nan,nan,nan,nan,nan,nan
2216,48.4210526316,0.7387807450,nan,0.0000168631,47.7306342369,nan,nan,nan,nan,nan,nan,nan
2217,48.4210526316,0.7271437408,nan,0.0000201335,46.9608128690,nan,nan,nan,nan,nan,nan,nan
2218,48.4210526316,0.5337003699,nan,0.0002527510,35.9730708046,nan,nan,nan,nan,nan,nan,nan
2219,48.4210526316,1.5181758763,nan,0.0000000000,127.5317689348,nan,nan,nan,nan,nan,nan,nan
2220,48.4210526316,0.4928926253,nan,0.0003899056,34.0904051157,nan,nan,nan,nan,nan,nan,nan
2221,48.4210526316,0.3570200377,nan,0.0012847141,28.9119352406,nan,nan,nan,nan,nan,nan,nan
2222,48.4210526316,0.3864370303,nan,0.0010253950,29.8910879367,nan,nan,nan,nan,nan,nan,nan
2223,48.4210526316,0.2437426674,nan,0.0025867158,25.8725128181,nan,nan,nan,nan,nan,nan,nan
2224,48.4210526316,0.2814755339,nan,0.0021104754,26.7561969976,nan,nan,nan,nan,nan,nan,nan
2225,48.4210526316,0.7680442051,nan,0.0000106631,49.7211491754,nan,nan,nan,nan,nan,nan,nan
2226,48.4210526316,0.6389540283,nan,0.0000703311,41.5285245295,nan,nan,nan,nan,nan,nan,nan
2227,48.4210526316,0.3683301225,nan,0.0011805600,29.2791191926,nan,nan,nan,nan,nan,nan,nan
2228,48.4210526316,1.2353860578,nan,0.0000000006,92.1319567664,nan,nan,nan,nan,nan,nan,nan
2229,48.4210526316,0.5743609927,nan,0.0001585032,37.9996199358,nan,nan,nan,nan,nan,nan,nan
2230,48.4210526316,0.4196710213,nan,0.0007777421,31.0916436831,nan,nan,nan,nan,nan,nan,nan
2231,48.4210526316,0.4040511140,nan,0.0008881961,30.5149114736,nan,nan,nan,nan,nan,nan,nan
2232,48.4210526316,0.8578470347,nan,0.0000023345,56.3181470275,nan,nan,nan,nan,nan,nan,nan
2233,48.4210526316,0.3152802132,nan,0.0017151197,27.6570557155,nan,nan,nan,nan,nan,nan,nan
2234,48.4210526316,0.7079878013,nan,0.0000267885,45.7205184127,nan,nan,nan,nan,nan,nan,nan
2235,48.4210526316,0.3222033343,nan,0.0016389693,27.8542917441,nan,nan,nan,nan,nan,nan,nan
2236,48.4210526316,0.9340700314,nan,0.0000005628,62.4963283863,nan,nan,nan,nan,nan,nan,nan
2237,48.4210526316,0.4880102120,nan,0.0004097043,33.8752950655,nan,nan,nan,nan,nan,nan,nan
2238,48.4210526316,0.8087537382,nan,0.0000054697,52.6203580837,nan,nan,nan,nan,nan,nan,nan
2239,48.4210526316,1.1552098212,nan,0.0000000045,83.4329544520,nan,nan,nan,nan,nan,nan,nan
2240,48.4210526316,0.5492084630,nan,0.0002124098,36.7282538017,nan,nan,nan,nan,nan,nan,nan
2241,48.4210526316,0.1816237640,nan,0.0033906603,24.6971572193,nan,nan,nan,nan,nan,nan,nan
2242,48.4210526316,0.5471807927,nan,0.0002173566,36.6282707069,nan,nan,nan,nan,nan,nan,nan
2243,48.4210526316,1.0483463180,nan,0.0000000530,72.7557113166,nan,nan,nan,nan,nan,nan,nan
2244,48.4210526316,0.5206937396,nan,0.0002913018,35.3565690145,nan,nan,nan,nan,nan,nan,nan
2245,48.4210526316,0.1262597445,nan,0.0040348049,23.9417745721,nan,nan,nan,nan,nan,nan,nan
2246,48.4210526316,0.7344227232,nan,0.0000180265,47.4408902958,nan,nan,nan,nan,nan,nan,nan
2247,48.4210526316,0.1483295823,nan,0.0037931858,24.2099588496,nan,nan,nan,nan,nan,nan,nan
2248,48.4210526316,0.8332459404,nan,0.0000035995,54.4376023247,nan,nan,nan,nan,nan,nan,nan
2249,48.4210526316,0.3013070449,nan,0.0018740595,27.2721661520,nan,nan,nan,nan,nan,nan,nan
2250,48.4210526316,0.5214766700,nan,0.0002888522,35.3932439388,nan,nan,nan,nan,nan,nan,nan
2251,48.4210526316,0.9599014282,nan,0.0000003380,64.7107356101,nan,nan,nan,nan,nan,nan,nan
2252,48.4210526316,0.5671731124,nan,0.0001725670,37.6304223945,nan,nan,nan,nan,nan,nan,nan
2253,48.4210526316,0.3695857774,nan,0.0011693382,29.3205987526,nan,nan,nan,nan,nan,nan,nan
2254,48.4210526316,0.5107076676,nan,0.0003240649,34.8936797035,nan,nan,nan,nan,nan,nan,nan
2255,48.4210526316,0.9897544704,nan,0.0000001842,67.3460333273,nan,nan,nan,nan,nan,nan,nan
2256,48.4210526316,0.5500404607,nan,0.0002104075,36.7693873196,nan,nan,nan,nan,nan,nan,nan
2257,48.4210526316,0.9647483562,nan,0.0000003067,65.1330498875,nan,nan,nan,nan,nan,nan,nan
2258,48.4210526316,1.3833518064,nan,0.0000000000,109.7369043719,nan,nan,nan,nan,nan,nan,nan
2259,48.4210526316,0.8644204198,nan,0.0000020749,56.8299983943,nan,nan,nan,nan,nan,nan,nan
2260,48.4210526316,1.0374197948,nan,0.0000000673,71.7230148621,nan,nan,nan,nan,nan,nan,nan
2261,48.4210526316,0.6711420943,nan,0.0000454044,43.4290158107,nan,nan,nan,nan,nan,nan,nan
2262,48.4210526316,0.1347306544,nan,0.0039449791,24.0395529816,nan,nan,nan,nan,nan,nan,nan
2263,48.4210526316,0.6695871468,nan,0.0000463977,43.3350345357,nan,nan,nan,nan,nan,nan,nan
2264,48.4210526316,0.4691999922,nan,0.0004935374,33.0667993987,nan,nan,nan,nan,nan,nan,nan
2265,48.4210526316,0.6551869255,nan,0.0000565567,42.4751603849,nan,nan,nan,nan,nan,nan,nan
2266,48.4210526316,0.3164169766,nan,0.0017024940,27.6891441153,nan,nan,nan,nan,nan,nan,nan
2267,48.4210526316,0.3287812791,nan,0.0015682996,28.0457096350,nan,nan,nan,nan,nan,nan,nan
2268,48.4210526316,0.4119936858,nan,0.0008307285,30.8054090166,nan,nan,nan,nan,nan,nan,nan
2269,48.4210526316,0.2639151827,nan,0.0023286473,26.3289628030,nan,nan,nan,nan,nan,nan,nan
2270,48.4210526316,0.7779043001,nan,0.0000091003,50.4094570738,nan,nan,nan,nan,nan,nan,nan
2271,48.4210526316,1.1417466196,nan,0.0000000063,82.0300916358,nan,nan,nan,nan,nan,nan,nan
2272,48.4210526316,0.7733441192,nan,0.0000097949,50.0900184889,nan,nan,nan,nan,nan,nan,nan
2273,48.4210526316,0.9248582884,nan,0.0000006728,61.7214281361,nan,nan,nan,nan,nan,nan,nan
2274,48.4210526316,0.8090366205,nan,0.0000054437,52.6410340130,nan,nan,nan,nan,nan,nan,nan
2275,48.4210526316,0.8216615733,nan,0.0000043942,53.5712431302,nan,nan,nan,nan,nan,nan,nan
2276,48.4210526316,0.1542158109,nan,0.0037248976,24.2888565876,nan,nan,nan,nan,nan,nan,nan
2277,48.4210526316,0.1210964129,nan,0.0040875926,23.8853239731,nan,nan,nan,nan,nan,nan,nan
2278,48.4210526316,1.4114685229,nan,0.0000000000,113.3098573349,nan,nan,nan,nan,nan,nan,nan
2279,48.4210526316,0.1217549247,nan,0.0040809466,23.8923908302,nan,nan,nan,nan,nan,nan,nan
2280,48.4210526316,0.5559163879,nan,0.0001967124,37.0616834870,nan,nan,nan,nan,nan,nan,nan
2281,48.4210526316,0.4118152299,nan,0.0008319899,30.7988192101,nan,nan,nan,nan,nan,nan,nan
2282,48.4210526316,0.4550225558,nan,0.0005651100,32.4786700668,nan,nan,nan,nan,nan,nan,nan
2283,48.4210526316,0.4716851799,nan,0.0004817510,33.1717741349,nan,nan,nan,nan,nan,nan,nan
2284,48.4210526316,0.5389745969,nan,0.0002383719,36.2274494040,nan,nan,nan,nan,nan,nan,nan
2285,48.4210526316,0.6206065648,nan,0.0000893821,40.4874947449,nan,nan,nan,nan,nan,nan,nan
2286,48.4210526316,0.1333706492,nan,0.0039596592,24.0234219074,nan,nan,nan,nan,nan,nan,nan
2287,48.4210526316,0.5933407248,nan,0.0001259765,38.9971044665,nan,nan,nan,nan,nan,nan,nan
2288,48.4210526316,0.8123064927,nan,0.0000051516,52.8805606018,nan,nan,nan,nan,nan,nan,nan
2289,48.4210526316,0.1954068285,nan,0.0032151567,24.9279785635,nan,nan,nan,nan,nan,nan,nan
2290,48.4210526316,0.6014821093,nan,0.0001138929,39.4350319227,nan,nan,nan,nan,nan,nan,nan
2291,48.4210526316,0.5011851052,nan,0.0003580370,34.4607212348,nan,nan,nan,nan,nan,nan,nan
2292,48.4210526316,0.9060091695,nan,0.0000009638,60.1600350360,nan,nan,nan,nan,nan,nan,nan
2293,48.4210526316,0.8489076212,nan,0.0000027363,55.6284021939,nan,nan,nan,nan,nan,nan,nan
2294,48.4210526316,0.9603792360,nan,0.0000003348,64.7522715327,nan,nan,nan,nan,nan,nan,nan
2295,48.4210526316,0.9326085174,nan,0.0000005790,62.3728659208,nan,nan,nan,nan,nan,nan,nan
2296,48.4210526316,0.7032174767,nan,0.0000287286,45.4168620539,nan,nan,nan,nan,nan,nan,nan
2297,48.4210526316,0.5547811336,nan,0.0001992982,37.0049657159,nan,nan,nan,nan,nan,nan,nan
2298,48.4210526316,0.2039628119,nan,0.0031046634,25.0798547418,nan,nan,nan,nan,nan,nan,nan
2299,48.4210526316,0.8132054044,nan,0.0000050739,52.9465794889,nan,nan,nan,nan,nan,nan,nan
2300,48.4210526316,0.2607112115,nan,0.0023691831,26.2540137486,nan,nan,nan,nan,nan,nan,nan
2301,48.4210526316,0.8152654611,nan,0.0000048999,53.0981551386,nan,nan,nan,nan,nan,nan,nan
2302,48.4210526316,0.3724414519,nan,0.0011440723,29.4154654378,nan,nan,nan,nan,nan,nan,nan
2303,48.4210526316,0.7538353312,nan,0.0000133509,48.7448856661,nan,nan,nan,nan,nan,nan,nan
2304,48.4210526316,0.5186528528,nan,0.0002977673,35.2612295140,nan,nan,nan,nan,nan,nan,nan
2305,48.4210526316,0.3740800398,nan,0.0011297352,29.4702335580,nan,nan,nan,nan,nan,nan,nan
2306,48.4210526316,0.4303987285,nan,0.0007078543,31.5005614232,nan,nan,nan,nan,nan,nan,nan
2307,48.4210526316,0.6715840545,nan,0.0000451256,43.4557682009,nan,nan,nan,nan,nan,nan,nan
2308,48.4210526316,0.4878743688,nan,0.0004102663,33.8693410435,nan,nan,nan,nan,nan,nan,nan
2309,48.4210526316,0.7527220391,nan,0.0000135857,48.6691726515,nan,nan,nan,nan,nan,nan,nan
2310,48.4210526316,0.2748977655,nan,0.0021913397,26.5929029938,nan,nan,nan,nan,nan,nan,nan
2311,48.4210526316,0.5837075813,nan,0.0001416859,38.4867325815,nan,nan,nan,nan,nan,nan,nan
2312,48.4210526316,0.7716949426,nan,0.0000100578,49.9749622266,nan,nan,nan,nan,nan,nan,nan
2313,48.4210526316,0.5572391650,nan,0.0001937351,37.1279179361,nan,nan,nan,nan,nan,nan,nan
2314,48.4210526316,0.6274603541,nan,0.0000817940,40.8727867917,nan,nan,nan,nan,nan,nan,nan
2315,48.4210526316,0.8698797862,nan,0.0000018801,57.2581090242,nan,nan,nan,nan,nan,nan,nan
2316,48.4210526316,1.0714663891,nan,0.0000000318,74.9769432903,nan,nan,nan,nan,nan,nan,nan
2317,48.4210526316,0.9726603266,nan,0.0000002614,65.8270457529,nan,nan,nan,nan,nan,nan,nan
2318,48.4210526316,0.2466904803,nan,0.0025486344,25.9369246179,nan,nan,nan,nan,nan,nan,nan
2319,48.4210526316,0.2272205809,nan,0.0028015676,25.5259888686,nan,nan,nan,nan,nan,nan,nan
2320,48.4210526316,0.8903151617,nan,0.0000012928,58.8848115047,nan,nan,nan,nan,nan,nan,nan
2321,48.4210526316,0.1884545189,nan,0.0033041396,24.8094160913,nan,nan,nan,nan,nan,nan,nan
2322,48.4210526316,1.1482533615,nan,0.0000000054,82.7060154599,nan,nan,nan,nan,nan,nan,nan
2323,48.4210526316,0.7063003390,nan,0.0000274608,45.6128651298,nan,nan,nan,nan,nan,nan,nan
2324,48.4210526316,0.5716146034,nan,0.0001637571,37.8579994127,nan,nan,nan,nan,nan,nan,nan
2325,48.4210526316,0.8818701992,nan,0.0000015108,58.2079404668,nan,nan,nan,nan,nan,nan,nan
2326,48.4210526316,0.5103215154,nan,0.0003253897,34.8759623007,nan,nan,nan,nan,nan,nan,nan
2327,48.4210526316,1.4764812698,nan,0.0000000000,121.8499679658,nan,nan,nan,nan,nan,nan,nan
2328,48.4210526316,0.4987830931,nan,0.0003670446,34.3528118706,nan,nan,nan,nan,nan,nan,nan
2329,48.4210526316,0.2218288847,nan,0.0028719517,25.4182286553,nan,nan,nan,nan,nan,nan,nan
2330,48.4210526316,0.6728554296,nan,0.0000443320,43.5328254469,nan,nan,nan,nan,nan,nan,nan
2331,48.4210526316,1.2748501587,nan,0.0000000002,96.6305969395,nan,nan,nan,nan,nan,nan,nan
2332,48.4210526316,0.2915466985,nan,0.0019889390,27.0137853261,nan,nan,nan,nan,nan,nan,nan
2333,48.4210526316,0.8064610847,nan,0.0000056845,52.4530574702,nan,nan,nan,nan,nan,nan,nan
2334,48.4210526316,0.6086157616,nan,0.0001041426,39.8237164316,nan,nan,nan,nan,nan,nan,nan
2335,48.4210526316,0.7566732965,nan,0.0000127691,48.9384027555,nan,nan,nan,nan,nan,nan,nan
2336,48.4210526316,0.4527969040,nan,0.0005770321,32.3879999233,nan,nan,nan,nan,nan,nan,nan
2337,48.4210526316,0.6842534096,nan,0.0000377552,44.2302362970,nan,nan,nan,nan,nan,nan,nan
2338,48.4210526316,0.8559578092,nan,0.0000024145,56.1717695091,nan,nan,nan,nan,nan,nan,nan
2339,48.4210526316,0.9615888836,nan,0.0000003268,64.8575199201,nan,nan,nan,nan,nan,nan,nan
2340,48.4210526316,0.7869378958,nan,0.0000078562,51.0478666795,nan,nan,nan,nan,nan,nan,nan
2341,48.4210526316,1.4520796348,nan,0.0000000000,118.5989531053,nan,nan,nan,nan,nan,nan,nan
2342,48.4210526316,0.5217121861,nan,0.0002881186,35.4042871608,nan,nan,nan,nan,nan,nan,nan
2343,48.4210526316,0.9505260288,nan,0.0000004074,63.8999608438,nan,nan,nan,nan,nan,nan,nan
2344,48.4210526316,0.5291873427,nan,0.0002656187,35.7574143445,nan,nan,nan,nan,nan,nan,nan
2345,48.4210526316,0.3548116516,nan,0.0013056924,28.8415912724,nan,nan,nan,nan,nan,nan,nan
2346,48.4210526316,0.4177912013,nan,0.0007904850,31.0210639402,nan,nan,nan,nan,nan,nan,nan
2347,48.4210526316,1.1514990517,nan,0.0000000050,83.0446321622,nan,nan,nan,nan,nan,nan,nan
2348,48.4210526316,0.5184802178,nan,0.0002983196,35.2531822868,nan,nan,nan,nan,nan,nan,nan
2349,48.4210526316,0.8463497134,nan,0.0000028626,55.4323848229,nan,nan,nan,nan,nan,nan,nan
2350,48.4210526316,1.2575079956,nan,0.0000000003,94.6360825986,nan,nan,nan,nan,nan,nan,nan
2351,48.4210526316,0.2220804716,nan,0.0028686669,25.4231987283,nan,nan,nan,nan,nan,nan,nan
2352,48.4210526316,0.3992500104,nan,0.0009242541,30.3420863321,nan,nan,nan,nan,nan,nan,nan
2353,48.4210526316,0.7232700445,nan,0.0000213437,46.7072996128,nan,nan,nan,nan,nan,nan,nan
2354,48.4210526316,0.5133167450,nan,0.0003152286,35.0137444608,nan,nan,nan,nan,nan,nan,nan
2355,48.4210526316,0.1532955662,nan,0.0037356682,24.2763169899,nan,nan,nan,nan,nan,nan,nan
2356,48.4210526316,0.8044066916,nan,0.0000058836,52.3035514794,nan,nan,nan,nan,nan,nan,nan
2357,48.4210526316,0.6712431661,nan,0.0000453405,43.4351322366,nan,nan,nan,nan,nan,nan,nan
2358,48.4210526316,0.7319983740,nan,0.0000187049,47.2804576578,nan,nan,nan,nan,nan,nan,nan
2359,48.4210526316,0.5402029377,nan,0.0002351226,36.2870562335,nan,nan,nan,nan,nan,nan,nan
2360,48.4210526316,0.7915205904,nan,0.0000072869,51.3745795211,nan,nan,nan,nan,nan,nan,nan
2361,48.4210526316,0.2430795692,nan,0.0025952957,25.8581315738,nan,nan,nan,nan,nan,nan,nan
2362,48.4210526316,0.6417097097,nan,0.0000678027,41.6875315288,nan,nan,nan,nan,nan,nan,nan
2363,48.4210526316,0.1768086777,nan,0.0034510056,24.6205433290,nan,nan,nan,nan,nan,nan,nan
2364,48.4210526316,0.4159292854,nan,0.0008032537,30.9514724042,nan,nan,nan,nan,nan,nan,nan
2365,48.4210526316,0.3151040370,nan,0.0017170806,27.6520930968,nan,nan,nan,nan,nan,nan,nan
2366,48.4210526316,0.7454531340,nan,0.0000152138,48.1776097918,nan,nan,nan,nan,nan,nan,nan
2367,48.4210526316,0.5613958793,nan,0.0001846252,37.3370905941,nan,nan,nan,nan,nan,nan,nan
2368,48.4210526316,0.3001483301,nan,0.0018875385,27.2410418039,nan,nan,nan,nan,nan,nan,nan
2369,48.4210526316,0.8441227713,nan,0.0000029770,55.2622172745,nan,nan,nan,nan,nan,nan,nan
2370,48.4210526316,0.7519387197,nan,0.0000137532,48.6159683393,nan,nan,nan,nan,nan,nan,nan
2371,48.4210526316,0.5820636668,nan,0.0001445280,38.4004807907,nan,nan,nan,nan,nan,nan,nan
2372,48.4210526316,0.6664704095,nan,0.0000484471,43.1473224757,nan,nan,nan,nan,nan,nan,nan
2373,48.4210526316,0.3686059434,nan,0.0011780891,29.2882184773,nan,nan,nan,nan,nan,nan,nan
2374,48.4210526316,1.1403742940,nan,0.0000000065,81.8880299361,nan,nan,nan,nan,nan,nan,nan
2375,48.4210526316,0.3787154401,nan,0.0010898119,29.6264844420,nan,nan,nan,nan,nan,nan,nan
2376,48.4210526316,1.2892614370,nan,0.0000000001,98.3090583446,nan,nan,nan,nan,nan,nan,nan
2377,48.4210526316,0.2215349710,nan,0.0028757891,25.4124296413,nan,nan,nan,nan,nan,nan,nan
2378,48.4210526316,0.5447867442,nan,0.0002233211,36.5107033797,nan,nan,nan,nan,nan,nan,nan
2379,48.4210526316,0.7362289759,nan,0.0000175357,47.5607689260,nan,nan,nan,nan,nan,nan,nan
2380,48.4210526316,0.1454435038,nan,0.0038261245,24.1724090518,nan,nan,nan,nan,nan,nan,nan
2381,48.4210526316,0.3255075705,nan,0.0016032618,27.9499556812,nan,nan,nan,nan,nan,nan,nan
2382,48.4210526316,0.5764440639,nan,0.0001546146,38.1074937218,nan,nan,nan,nan,nan,nan,nan
2383,48.4210526316,0.3739551985,nan,0.0011308234,29.4660523060,nan,nan,nan,nan,nan,nan,nan
2384,48.4210526316,0.2604557960,nan,0.0023724230,26.2480787870,nan,nan,nan,nan,nan,nan,nan
2385,48.4210526316,0.2488715351,nan,0.0025205270,25.9850864531,nan,nan,nan,nan,nan,nan,nan
2386,48.4210526316,0.1511487242,nan,0.0037606607,24.2473584772,nan,nan,nan,nan,nan,nan,nan
2387,48.4210526316,0.9663787803,nan,0.0000002968,65.2755929103,nan,nan,nan,nan,nan,nan,nan
2388,48.4210526316,0.4719983508,nan,0.0004802814,33.1850423272,nan,nan,nan,nan,nan,nan,nan
2389,48.4210526316,0.5507055429,nan,0.0002088183,36.8023139265,nan,nan,nan,nan,nan,nan,nan
2390,48.4210526316,0.3976918267,nan,0.0009361715,30.2864456511,nan,nan,nan,nan,nan,nan,nan
2391,48.4210526316,0.7166307981,nan,0.0000235723,46.2759814992,nan,nan,nan,nan,nan,nan,nan
2392,48.4210526316,0.2333223979,nan,0.0027220117,25.6511001162,nan,nan,nan,nan,nan,nan,nan
2393,48.4210526316,0.7261647722,nan,0.0000204333,46.8966151106,nan,nan,nan,nan,nan,nan,nan
2394,48.4210526316,0.7441014525,nan,0.0000155355,48.0867338352,nan,nan,nan,nan,nan,nan,nan
2395,48.4210526316,0.8685762483,nan,0.0000019250,57.1556408474,nan,nan,nan,nan,nan,nan,nan
2396,48.4210526316,0.2902501052,nan,0.0020044218,26.9801088307,nan,nan,nan,nan,nan,nan,nan
2397,48.4210526316,0.4437320964,nan,0.0006275730,32.0233575388,nan,nan,nan,nan,nan,nan,nan
2398,48.4210526316,0.7479650537,nan,0.0000146321,48.3469337906,nan,nan,nan,nan,nan,nan,nan
2399,48.4210526316,0.2623411688,nan,0.0023485365,26.2920268725,nan,nan,nan,nan,nan,nan,nan
2400,48.4210526316,0.3916445429,nan,0.0009834245,30.0725898521,nan,nan,nan,nan,nan,nan,nan
2401,48.4210526316,0.7793296397,nan,0.0000088926,50.5096912196,nan,nan,nan,nan,nan,nan,nan
2402,48.4210526316,0.7415109416,nan,0.0000161695,47.9130354839,nan,nan,nan,nan,nan,nan,nan
2403,48.4210526316,0.3235514951,nan,0.0016243498,27.8932043184,nan,nan,nan,nan,nan,nan,nan
2404,48.4210526316,0.3246253885,nan,0.0016127542,27.9243182072,nan,nan,nan,nan,nan,nan,nan
2405,48.4210526316,0.6232403780,nan,0.0000863963,40.6350504970,nan,nan,nan,nan,nan,nan,nan
2406,48.4210526316,0.7753257920,nan,0.0000094872,50.2286003275,nan,nan,nan,nan,nan,nan,nan
2407,48.4210526316,0.3911409137,nan,0.0009874318,30.0549290709,nan,nan,nan,nan,nan,nan,nan
2408,48.4210526316,1.0778360458,nan,0.0000000276,75.5975132796,nan,nan,nan,nan,nan,nan,nan
2409,48.4210526316,0.9121219005,nan,0.0000008585,60.6628281160,nan,nan,nan,nan,nan,nan,nan
2410,48.4210526316,0.3248352087,nan,0.0016104938,27.9304095019,nan,nan,nan,nan,nan,nan,nan
2411,48.4210526316,0.7099860337,nan,0.0000260116,45.8483336793,nan,nan,nan,nan,nan,nan,nan
2412,48.4210526316,1.1155319387,nan,0.0000000116,79.3462581582,nan,nan,nan,nan,nan,nan,nan
2413,48.4210526316,1.2356237902,nan,0.0000000006,92.1586282470,nan,nan,nan,nan,nan,nan,nan
2414,48.4210526316,0.4119387504,nan,0.0008311167,30.8033801221,nan,nan,nan,nan,nan,nan,nan
2415,48.4210526316,0.3308225865,nan,0.0015467113,28.1059073200,nan,nan,nan,nan,nan,nan,nan
2416,48.4210526316,0.3311644669,nan,0.0015431118,28.1160261485,nan,nan,nan,nan,nan,nan,nan
2417,48.4210526316,0.4145869030,nan,0.0008125509,30.9014941930,nan,nan,nan,nan,nan,nan,nan
2418,48.4210526316,0.7232233243,nan,0.0000213587,46.7042503741,nan,nan,nan,nan,nan,nan,nan
2419,48.4210526316,0.2473347549,nan,0.0025403252,25.9511067938,nan,nan,nan,nan,nan,nan,nan
2420,48.4210526316,1.0586959445,nan,0.0000000422,73.7439787149,nan,nan,nan,nan,nan,nan,nan
2421,48.4210526316,0.0855528378,nan,0.0044041900,23.5613395528,nan,nan,nan,nan,nan,nan,nan
2422,48.4210526316,0.6613826707,nan,0.0000519660,42.8428062585,nan,nan,nan,nan,nan,nan,nan
2423,48.4210526316,0.1626973307,nan,0.0036240948,24.4080044703,nan,nan,nan,nan,nan,nan,nan
2424,48.4210526316,0.3004503174,nan,0.0018840213,27.2491418247,nan,nan,nan,nan,nan,nan,nan
2425,48.4210526316,0.7325393669,nan,0.0000185515,47.3162116454,nan,nan,nan,nan,nan,nan,nan
2426,48.4210526316,0.3983553083,nan,0.0009310841,30.3101107962,nan,nan,nan,nan,nan,nan,nan
2427,48.4210526316,1.0753596079,nan,0.0000000291,75.3558017738,nan,nan,nan,nan,nan,nan,nan
2428,48.4210526316,1.1184698900,nan,0.0000000109,79.6439050036,nan,nan,nan,nan,nan,nan,nan
2429,48.4210526316,0.7505150801,nan,0.0000140624,48.5194159334,nan,nan,nan,nan,nan,nan,nan
2430,48.4210526316,0.4896619603,nan,0.0004029187,33.9478255463,nan,nan,nan,nan,nan,nan,nan
2431,48.4210526316,0.2127994573,nan,0.0029897677,25.2436255967,nan,nan,nan,nan,nan,nan,nan
2432,48.4210526316,0.9383283706,nan,0.0000005179,62.8571698592,nan,nan,nan,nan,nan,nan,nan
2433,48.4210526316,0.3101904038,nan,0.0017722240,27.5148139040,nan,nan,nan,nan,nan,nan,nan
2434,48.4210526316,0.8987935852,nan,0.0000011038,59.5709299510,nan,nan,nan,nan,nan,nan,nan
2435,48.4210526316,1.0387072120,nan,0.0000000654,71.8441234091,nan,nan,nan,nan,nan,nan,nan
2436,48.4210526316,0.8604755350,nan,0.0000022272,56.5223468115,nan,nan,nan,nan,nan,nan,nan
2437,48.4210526316,0.6079318367,nan,0.0001050449,39.7862511293,nan,nan,nan,nan,nan,nan,nan
2438,48.4210526316,0.9513862297,nan,0.0000004005,63.9740146883,nan,nan,nan,nan,nan,nan,nan
2439,48.4210526316,0.7813718623,nan,0.0000086027,50.6536299549,nan,nan,nan,nan,nan,nan,nan
2440,48.4210526316,0.4640992646,nan,0.0005184297,32.8531011320,nan,nan,nan,nan,nan,nan,nan
2441,48.4210526316,0.5537596996,nan,0.0002016492,36.9540346991,nan,nan,nan,nan,nan,nan,nan
2442,48.4210526316,0.5200342757,nan,0.0002933782,35.3257209066,nan,nan,nan,nan,nan,nan,nan
2443,48.4210526316,0.3557829951,nan,0.0012964396,28.8724771886,nan,nan,nan,nan,nan,nan,nan
2444,48.4210526316,0.6492188225,nan,0.0000613150,42.1243323536,nan,nan,nan,nan,nan,nan,nan
2445,48.4210526316,0.6703254217,nan,0.0000459237,43.3796284886,nan,nan,nan,nan,nan,nan,nan
2446,48.4210526316,0.1749261827,nan,0.0034744361,24.5911567117,nan,nan,nan,nan,nan,nan,nan
2447,48.4210526316,0.2494409197,nan,0.0025131996,25.9977301476,nan,nan,nan,nan,nan,nan,nan
2448,48.4210526316,0.0530232882,nan,0.0046095458,23.3634186575,nan,nan,nan,nan,nan,nan,nan
2449,48.4210526316,0.5670251725,nan,0.0001728672,37.6228730273,nan,nan,nan,nan,nan,nan,nan
2450,48.4210526316,0.6801068106,nan,0.0000400392,43.9751458588,nan,nan,nan,nan,nan,nan,nan
2451,48.4210526316,1.2878342027,nan,0.0000000002,98.1419787794,nan,nan,nan,nan,nan,nan,nan
2452,48.4210526316,1.0005942139,nan,0.0000001471,68.3231262160,nan,nan,nan,nan,nan,nan,nan
2453,48.4210526316,0.8352669394,nan,0.0000034754,54.5900037681,nan,nan,nan,nan,nan,nan,nan
2454,48.4210526316,0.7670518861,nan,0.0000108334,49.6523698719,nan,nan,nan,nan,nan,nan,nan
2455,48.4210526316,0.2831457107,nan,0.0020901232,26.7982812419,nan,nan,nan,nan,nan,nan,nan
2456,48.4210526316,0.3100672039,nan,0.0017736177,27.5113999405,nan,nan,nan,nan,nan,nan,nan
2457,48.4210526316,0.4941408920,nan,0.0003849684,34.1457491754,nan,nan,nan,nan,nan,nan,nan
2458,48.4210526316,0.3442515986,nan,0.0014088592,28.5113240127,nan,nan,nan,nan,nan,nan,nan
2459,48.4210526316,0.5496330366,nan,0.0002113861,36.7492366243,nan,nan,nan,nan,nan,nan,nan
2460,48.4210526316,0.8249686927,nan,0.0000041521,53.8173209418,nan,nan,nan,nan,nan,nan,nan
2461,48.4210526316,0.5162266284,nan,0.0003056060,35.1483818725,nan,nan,nan,nan,nan,nan,nan
2462,48.4210526316,0.7019086253,nan,0.0000292826,45.3339098403,nan,nan,nan,nan,nan,nan,nan
2463,48.4210526316,0.4394765622,nan,0.0006524171,31.8547466327,nan,nan,nan,nan,nan,nan,nan
2464,48.4210526316,0.4816867048,nan,0.0004365246,33.5999128094,nan,nan,nan,nan,nan,nan,nan
2465,48.4210526316,0.9315226154,nan,0.0000005914,62.2812602033,nan,nan,nan,nan,nan,nan,nan
2466,48.4210526316,1.1981411108,nan,0.0000000016,88.0175175226,nan,nan,nan,nan,nan,nan,nan
2467,48.4210526316,0.5910602073,nan,0.0001295532,38.8755171995,nan,nan,nan,nan,nan,nan,nan
2468,48.4210526316,0.6151436772,nan,0.0000958637,40.1834593798,nan,nan,nan,nan,nan,nan,nan
2469,48.4210526316,0.2243441517,nan,0.0028391126,25.4681738357,nan,nan,nan,nan,nan,nan,nan
2470,48.4210526316,0.4999718361,nan,0.0003625643,34.4061500880,nan,nan,nan,nan,nan,nan,nan
2471,48.4210526316,0.3816328087,nan,0.0010651673,29.7258218194,nan,nan,nan,nan,nan,nan,nan
2472,48.4210526316,0.2553851908,nan,0.0024369837,26.1314737023,nan,nan,nan,nan,nan,nan,nan
2473,48.4210526316,0.9674309058,nan,0.0000002906,65.3677063110,nan,nan,nan,nan,nan,nan,nan
2474,48.4210526316,0.3434960982,nan,0.0014164190,28.4880825289,nan,nan,nan,nan,nan,nan,nan
2475,48.4210526316,0.7259385261,nan,0.0000205032,46.8817910294,nan,nan,nan,nan,nan,nan,nan
2476,48.4210526316,0.2926288463,nan,0.0019760557,27.0420082802,nan,nan,nan,nan,nan,nan,nan
2477,48.4210526316,0.5048298733,nan,0.0003447099,34.6254626013,nan,nan,nan,nan,nan,nan,nan
2478,48.4210526316,0.7806314340,nan,0.0000087068,50.6013994860,nan,nan,nan,nan,nan,nan,nan
2479,48.4210526316,0.1033503438,nan,0.0042565001,23.7094735035,nan,nan,nan,nan,nan,nan,nan
2480,48.4210526316,0.8341814874,nan,0.0000035415,54.5081045251,nan,nan,nan,nan,nan,nan,nan
2481,48.4210526316,0.4841690722,nan,0.0004258352,33.7075841463,nan,nan,nan,nan,nan,nan,nan
2482,48.4210526316,0.1875746694,nan,0.0033153386,24.7947211142,nan,nan,nan,nan,nan,nan,nan
2483,48.4210526316,1.6403552581,nan,0.0000000000,145.1034513964,nan,nan,nan,nan,nan,nan,nan
2484,48.4210526316,0.4323995936,nan,0.0006953468,31.5779856360,nan,nan,nan,nan,nan,nan,nan
2485,48.4210526316,0.4700678719,nan,0.0004893961,33.1033950270,nan,nan,nan,nan,nan,nan,nan
2486,48.4210526316,0.3243327352,nan,0.0016159098,27.9158288311,nan,nan,nan,nan,nan,nan,nan
2487,48.4210526316,0.2224702243,nan,0.0028635782,25.4309095034,nan,nan,nan,nan,nan,nan,nan
2488,48.4210526316,0.2193362872,nan,0.0029044937,25.3692956027,nan,nan,nan,nan,nan,nan,nan
2489,48.4210526316,0.8765202362,nan,0.0000016663,57.7825130072,nan,nan,nan,nan,nan,nan,nan
2490,48.4210526316,0.6450638381,nan,0.0000648335,41.8820039691,nan,nan,nan,nan,nan,nan,nan
2491,48.4210526316,0.4406729333,nan,0.0006453595,31.9019826208,nan,nan,nan,nan,nan,nan,nan
2492,48.4210526316,0.1898447099,nan,0.0032864146,24.8327764454,nan,nan,nan,nan,nan,nan,nan
2493,48.4210526316,0.3345195656,nan,0.0015080335,28.2158899642,nan,nan,nan,nan,nan,nan,nan
2494,48.4210526316,0.3452222841,nan,0.0013991810,28.5412610671,nan,nan,nan,nan,nan,nan,nan
2495,48.4210526316,0.2779883142,nan,0.0021532082,26.6691397936,nan,nan,nan,nan,nan,nan,nan
2496,48.4210526316,0.7745236252,nan,0.0000096107,50.1724601789,nan,nan,nan,nan,nan,nan,nan
2497,48.4210526316,0.5589224922,nan,0.0001900012,37.2124362312,nan,nan,nan,nan,nan,nan,nan
2498,48.4210526316,1.2134675015,nan,0.0000000011,89.6951922946,nan,nan,nan,nan,nan,nan,nan
2499,48.4210526316,0.4551672566,nan,0.0005643414,32.4845805573,nan,nan,nan,nan,nan,nan,nan
2500,48.4210526316,0.1793847064,nan,0.0034187929,24.6612720517,nan,nan,nan,nan,nan,nan,nan
2501,48.4210526316,0.1194189059,nan,0.0041044060,23.8674968861,nan,nan,nan,nan,nan,nan,nan
2502,48.4210526316,0.7901650555,nan,0.0000074512,51.2777398405,nan,nan,nan,nan,nan,nan,nan
2503,48.4210526316,0.0432561923,nan,0.0046533858,23.3223094136,nan,nan,nan,nan,nan,nan,nan
2504,48.4210526316,0.1375209599,nan,0.0039145629,24.0731672719,nan,nan,nan,nan,nan,nan,nan
2505,48.4210526316,0.5234774476,nan,0.0002826689,35.4872199235,nan,nan,nan,nan,nan,nan,nan
2506,48.4210526316,0.5971578939,nan,0.0001201800,39.2016793334,nan,nan,nan,nan,nan,nan,nan
2507,48.4210526316,0.6466478900,nan,0.0000634716,41.9742039165,nan,nan,nan,nan,nan,nan,nan
2508,48.4210526316,0.4962619848,nan,0.0003766937,34.2401162676,nan,nan,nan,nan,nan,nan,nan
2509,48.4210526316,0.5728693934,nan,0.0001613385,37.9226188058,nan,nan,nan,nan,nan,nan,nan
2510,48.4210526316,0.7074287381,nan,0.0000270096,45.6848236454,nan,nan,nan,nan,nan,nan,nan
2511,48.4210526316,0.6541469809,nan,0.0000573615,42.4137947862,nan,nan,nan,nan,nan,nan,nan
2512,48.4210526316,0.8246402884,nan,0.0000041756,53.7928401527,nan,nan,nan,nan,nan,nan,nan
2513,48.4210526316,0.7315948787,nan,0.0000188200,47.2538082308,nan,nan,nan,nan,nan,nan,nan
2514,48.4210526316,0.5467653103,nan,0.0002183821,36.6078297287,nan,nan,nan,nan,nan,nan,nan
2515,48.4210526316,0.7205072408,nan,0.0000222468,46.5273254413,nan,nan,nan,nan,nan,nan,nan
2516,48.4210526316,1.5012056571,nan,0.0000000000,125.1998898645,nan,nan,nan,nan,nan,nan,nan
2517,48.4210526316,0.5915569880,nan,0.0001287667,38.9019630337,nan,nan,nan,nan,nan,nan,nan
2518,48.4210526316,1.2138860592,nan,0.0000000011,89.7413115578,nan,nan,nan,nan,nan,nan,nan
2519,48.4210526316,1.1935589701,nan,0.0000000018,87.5201308686,nan,nan,nan,nan,nan,nan,nan
2520,48.4210526316,0.0643122496,nan,0.0045483529,23.4214584342,nan,nan,nan,nan,nan,nan,nan
2521,48.4210526316,0.7228234591,nan,0.0000214874,46.6781609935,nan,nan,nan,nan,nan,nan,nan
2522,48.4210526316,0.5635067711,nan,0.0001801393,37.4439162419,nan,nan,nan,nan,nan,nan,nan
2523,48.4210526316,0.5870362960,nan,0.0001360776,38.6621350185,nan,nan,nan,nan,nan,nan,nan
2524,48.4210526316,0.7036233877,nan,0.0000285587,45.4426195907,nan,nan,nan,nan,nan,nan,nan
2525,48.4210526316,0.9440630724,nan,0.0000004628,63.3457386296,nan,nan,nan,nan,nan,nan,nan
2526,48.4210526316,1.2940660418,nan,0.0000000001,98.8728866739,nan,nan,nan,nan,nan,nan,nan
2527,48.4210526316,0.2551976449,nan,0.0024393801,26.1272053174,nan,nan,nan,nan,nan,nan,nan
2528,48.4210526316,0.1242736130,nan,0.0040552926,23.9197780632,nan,nan,nan,nan,nan,nan,nan
2529,48.4210526316,0.8767745870,nan,0.0000016586,57.8026796064,nan,nan,nan,nan,nan,nan,nan
2530,48.4210526316,0.2972894228,nan,0.0019209819,27.1647673600,nan,nan,nan,nan,nan,nan,nan
2531,48.4210526316,0.8988230639,nan,0.0000011032,59.5733269996,nan,nan,nan,nan,nan,nan,nan
2532,48.4210526316,0.3358980276,nan,0.0014937521,28.2572147721,nan,nan,nan,nan,nan,nan,nan
2533,48.4210526316,1.2899073361,nan,0.0000000001,98.3847322314,nan,nan,nan,nan,nan,nan,nan
2534,48.4210526316,0.4946765337,nan,0.0003828652,34.1695411958,nan,nan,nan,nan,nan,nan,nan
2535,48.4210526316,0.6151375246,nan,0.0000958712,40.1831184943,nan,nan,nan,nan,nan,nan,nan
2536,48.4210526316,0.6961049542,nan,0.0000318569,44.9679690425,nan,nan,nan,nan,nan,nan,nan
2537,48.4210526316,0.6326878415,nan,0.0000763918,41.1695327923,nan,nan,nan,nan,nan,nan,nan
2538,48.4210526316,0.7287898779,nan,0.0000196383,47.0689587635,nan,nan,nan,nan,nan,nan,nan
2539,48.4210526316,0.0981618255,nan,0.0043019253,23.6633713310,nan,nan,nan,nan,nan,nan,nan
2540,48.4210526316,0.4146484576,nan,0.0008121229,30.9037823557,nan,nan,nan,nan,nan,nan,nan
2541,48.4210526316,0.7754452887,nan,0.0000094690,50.2369684083,nan,nan,nan,nan,nan,nan,nan
2542,48.4210526316,0.2716695554,nan,0.0022314178,26.5141910579,nan,nan,nan,nan,nan,nan,nan
2543,48.4210526316,1.1318192710,nan,0.0000000079,81.0063202123,nan,nan,nan,nan,nan,nan,nan
2544,48.4210526316,0.6246301027,nan,0.0000848562,40.7131627014,nan,nan,nan,nan,nan,nan,nan
2545,48.4210526316,0.6675006660,nan,0.0000477609,43.2092738106,nan,nan,nan,nan,nan,nan,nan
2546,48.4210526316,0.5313466306,nan,0.0002593961,35.8603654501,nan,nan,nan,nan,nan,nan,nan
2547,48.4210526316,0.5602682132,nan,0.0001870601,37.2801891414,nan,nan,nan,nan,nan,nan,nan
2548,48.4210526316,0.6931505025,nan,0.0000332440,44.7828616485,nan,nan,nan,nan,nan,nan,nan
2549,48.4210526316,0.8423655682,nan,0.0000030702,55.1282640906,nan,nan,nan,nan,nan,nan,nan
2550,48.4210526316,0.3974697477,nan,0.0009378787,30.2785334260,nan,nan,nan,nan,nan,nan,nan
2551,48.4210526316,0.4520608426,nan,0.0005810169,32.3581127125,nan,nan,nan,nan,nan,nan,nan
2552,48.4210526316,0.6028719091,nan,0.0001119337,39.5103929960,nan,nan,nan,nan,nan,nan,nan
2553,48.4210526316,0.3476731525,nan,0.0013749192,28.6172281657,nan,nan,nan,nan,nan,nan,nan
2554,48.4210526316,0.7328178697,nan,0.0000184730,47.3346281941,nan,nan,nan,nan,nan,nan,nan
2555,48.4210526316,0.4116492996,nan,0.0008331641,30.7926945270,nan,nan,nan,nan,nan,nan,nan
2556,48.4210526316,0.5431406655,nan,0.0002275008,36.4301700463,nan,nan,nan,nan,nan,nan,nan
2557,48.4210526316,0.2244477784,nan,0.0028377598,25.4702437516,nan,nan,nan,nan,nan,nan,nan
2558,48.4210526316,0.4239229128,nan,0.0007494682,31.2524678155,nan,nan,nan,nan,nan,nan,nan
2559,48.4210526316,1.2293921273,nan,0.0000000007,91.4612060567,nan,nan,nan,nan,nan,nan,nan
2560,48.4210526316,0.9420106596,nan,0.0000004819,63.1705369683,nan,nan,nan,nan,nan,nan,nan
2561,48.4210526316,1.2172990307,nan,0.0000000010,90.1179743305,nan,nan,nan,nan,nan,nan,nan
2562,48.4210526316,0.4177169521,nan,0.0007909913,31.0182827590,nan,nan,nan,nan,nan,nan,nan
2563,48.4210526316,1.1769055818,nan,0.0000000027,85.7286594100,nan,nan,nan,nan,nan,nan,nan
2564,48.4210526316,0.6683459599,nan,0.0000472044,43.2601752814,nan,nan,nan,nan,nan,nan,nan
2565,48.4210526316,1.0172504246,nan,0.0000001036,69.8454996819,nan,nan,nan,nan,nan,nan,nan
2566,48.4210526316,0.4590302621,nan,0.0005441175,32.6430729640,nan,nan,nan,nan,nan,nan,nan
2567,48.4210526316,0.6525207418,nan,0.0000586404,42.3180304913,nan,nan,nan,nan,nan,nan,nan
2568,48.4210526316,0.7607320017,nan,0.0000119772,49.2164388796,nan,nan,nan,nan,nan,nan,nan
2569,48.4210526316,0.4302552848,nan,0.0007087573,31.4950247701,nan,nan,nan,nan,nan,nan,nan
2570,48.4210526316,0.4748948791,nan,0.0004668547,33.3081825787,nan,nan,nan,nan,nan,nan,nan
2571,48.4210526316,0.3742382290,nan,0.0011283573,29.4755337442,nan,nan,nan,nan,nan,nan,nan
2572,48.4210526316,0.9502834540,nan,0.0000004093,63.8790900729,nan,nan,nan,nan,nan,nan,nan
2573,48.4210526316,0.5791972587,nan,0.0001496003,38.2506766762,nan,nan,nan,nan,nan,nan,nan
2574,48.4210526316,0.6952287387,nan,0.0000322627,44.9129877954,nan,nan,nan,nan,nan,nan,nan
2575,48.4210526316,0.6305807880,nan,0.0000785304,41.0496231660,nan,nan,nan,nan,nan,nan,nan
2576,48.4210526316,0.7835990520,nan,0.0000082965,50.8110398673,nan,nan,nan,nan,nan,nan,nan
2577,48.4210526316,0.3911640274,nan,0.0009872476,30.0557390942,nan,nan,nan,nan,nan,nan,nan
2578,48.4210526316,1.2072406030,nan,0.0000000013,89.0109745519,nan,nan,nan,nan,nan,nan,nan
2579,48.4210526316,0.7453642454,nan,0.0000152348,48.1716285232,nan,nan,nan,nan,nan,nan,nan
2580,48.4210526316,0.5528733017,nan,0.0002037082,36.9099138408,nan,nan,nan,nan,nan,nan,nan
2581,48.4210526316,0.3572995675,nan,0.0012820735,28.9208706183,nan,nan,nan,nan,nan,nan,nan
2582,48.4210526316,0.5943256655,nan,0.0001244582,39.0497636894,nan,nan,nan,nan,nan,nan,nan
2583,48.4210526316,0.9747103223,nan,0.0000002507,66.0077958559,nan,nan,nan,nan,nan,nan,nan
2584,48.4210526316,0.2874230247,nan,0.0020383524,26.9072073916,nan,nan,nan,nan,nan,nan,nan
2585,48.4210526316,0.3868435048,nan,0.0010220763,29.9051667081,nan,nan,nan,nan,nan,nan,nan
2586,48.4210526316,0.8681268906,nan,0.0000019407,57.1203538893,nan,nan,nan,nan,nan,nan,nan
2587,48.4210526316,0.4547883111,nan,0.0005663559,32.4691060640,nan,nan,nan,nan,nan,nan,nan
2588,48.4210526316,0.2873901999,nan,0.0020387477,26.9063651834,nan,nan,nan,nan,nan,nan,nan
2589,48.4210526316,0.3503349187,nan,0.0013488547,28.7003481519,nan,nan,nan,nan,nan,nan,nan
2590,48.4210526316,0.9350771010,nan,0.0000005519,62.5815151422,nan,nan,nan,nan,nan,nan,nan
2591,48.4210526316,0.5958178799,nan,0.0001221881,39.1297123220,nan,nan,nan,nan,nan,nan,nan
2592,48.4210526316,0.3379375162,nan,0.0014727628,28.3186718096,nan,nan,nan,nan,nan,nan,nan
2593,48.4210526316,0.7347440451,nan,0.0000179383,47.4621942279,nan,nan,nan,nan,nan,nan,nan
2594,48.4210526316,0.7570649228,nan,0.0000126906,48.9651649939,nan,nan,nan,nan,nan,nan,nan
2595,48.4210526316,0.3748662432,nan,0.0011228977,29.4965979535,nan,nan,nan,nan,nan,nan,nan
2596,48.4210526316,0.3065640750,nan,0.0018134685,27.4148997177,nan,nan,nan,nan,nan,nan,nan
2597,48.4210526316,0.3446944915,nan,0.0014044385,28.5249727614,nan,nan,nan,nan,nan,nan,nan
2598,48.4210526316,0.4586719968,nan,0.0005459694,32.6283169527,nan,nan,nan,nan,nan,nan,nan
2599,48.4210526316,0.7280263927,nan,0.0000198666,47.0187694840,nan,nan,nan,nan,nan,nan,nan
2600,48.4210526316,0.3964337775,nan,0.0009458705,30.2416829788,nan,nan,nan,nan,nan,nan,nan
2601,48.4210526316,0.9678840850,nan,0.0000002879,65.4074133162,nan,nan,nan,nan,nan,nan,nan
2602,48.4210526316,0.4328462605,nan,0.0006925770,31.5953191776,nan,nan,nan,nan,nan,nan,nan
2603,48.4210526316,0.8797392604,nan,0.0000015710,58.0381750212,nan,nan,nan,nan,nan,nan,nan
2604,48.4210526316,0.6430973044,nan,0.0000665601,41.7678599118,nan,nan,nan,nan,nan,nan,nan
2605,48.4210526316,0.0964177610,nan,0.0043167671,23.6484138462,nan,nan,nan,nan,nan,nan,nan
2606,48.4210526316,0.5761300115,nan,0.0001551956,38.0912049312,nan,nan,nan,nan,nan,nan,nan
2607,48.4210526316,0.3432229799,nan,0.0014191577,28.4796932919,nan,nan,nan,nan,nan,nan,nan
2608,48.4210526316,0.1398104164,nan,0.0038893152,24.1012685993,nan,nan,nan,nan,nan,nan,nan
2609,48.4210526316,0.2042367379,nan,0.0031011117,25.0848259371,nan,nan,nan,nan,nan,nan,nan
2610,48.4210526316,0.8662309304,nan,0.0000020083,56.9716721640,nan,nan,nan,nan,nan,nan,nan
2611,48.4210526316,0.1093858734,nan,0.0042013372,23.7661246244,nan,nan,nan,nan,nan,nan,nan
2612,48.4210526316,0.5468806822,nan,0.0002180969,36.6135042431,nan,nan,nan,nan,nan,nan,nan
2613,48.4210526316,0.4293237416,nan,0.0007146420,31.4591144276,nan,nan,nan,nan,nan,nan,nan
2614,48.4210526316,0.4903533479,nan,0.0004001051,33.9782589113,nan,nan,nan,nan,nan,nan,nan
2615,48.4210526316,0.5837596739,nan,0.0001415967,38.4894697633,nan,nan,nan,nan,nan,nan,nan
2616,48.4210526316,0.2885379404,nan,0.0020249433,26.9358713237,nan,nan,nan,nan,nan,nan,nan
2617,48.4210526316,1.1655409299,nan,0.0000000035,84.5207361852,nan,nan,nan,nan,nan,nan,nan
2618,48.4210526316,0.4824363750,nan,0.0004332743,33.6323703345,nan,nan,nan,nan,nan,nan,nan
2619,48.4210526316,0.3628801883,nan,0.0012300592,29.1007399482,nan,nan,nan,nan,nan,nan,nan
2620,48.4210526316,0.3673570085,nan,0.0011893040,29.2470713690,nan,nan,nan,nan,nan,nan,nan
2621,48.4210526316,0.3815824484,nan,0.0010655895,29.7241004946,nan,nan,nan,nan,nan,nan,nan
2622,48.4210526316,0.6669388327,nan,0.0000481340,43.1754776760,nan,nan,nan,nan,nan,nan,nan
2623,48.4210526316,0.1234877876,nan,0.0040633362,23.9111724173,nan,nan,nan,nan,nan,nan,nan
2624,48.4210526316,0.4471034974,nan,0.0006084004,32.1581047584,nan,nan,nan,nan,nan,nan,nan
2625,48.4210526316,0.6152999200,nan,0.0000956728,40.1921172506,nan,nan,nan,nan,nan,nan,nan
2626,48.4210526316,0.7658665163,nan,0.0000110400,49.5703278091,nan,nan,nan,nan,nan,nan,nan
2627,48.4210526316,0.4093254883,nan,0.0008497316,30.7071822528,nan,nan,nan,nan,nan,nan,nan
2628,48.4210526316,0.3647319139,nan,0.0012130966,29.1610461857,nan,nan,nan,nan,nan,nan,nan
2629,48.4210526316,0.6871333319,nan,0.0000362383,44.4083264296,nan,nan,nan,nan,nan,nan,nan
2630,48.4210526316,0.3707388007,nan,0.0011590939,29.3588137453,nan,nan,nan,nan,nan,nan,nan
2631,48.4210526316,0.7674096201,nan,0.0000107717,49.6771546450,nan,nan,nan,nan,nan,nan,nan
2632,48.4210526316,0.3061456575,nan,0.0018182568,27.4034477832,nan,nan,nan,nan,nan,nan,nan
2633,48.4210526316,0.5796689974,nan,0.0001487552,38.2752792345,nan,nan,nan,nan,nan,nan,nan
2634,48.4210526316,1.1703106879,nan,0.0000000031,85.0262590432,nan,nan,nan,nan,nan,nan,nan
2635,48.4210526316,0.2986543848,nan,0.0019049817,27.2010918471,nan,nan,nan,nan,nan,nan,nan
2636,48.4210526316,0.5328495784,nan,0.0002551365,35.9322737418,nan,nan,nan,nan,nan,nan,nan
2637,48.4210526316,0.6046060241,nan,0.0001095299,39.6046711082,nan,nan,nan,nan,nan,nan,nan
2638,48.4210526316,0.5030742160,nan,0.0003510785,34.5459571742,nan,nan,nan,nan,nan,nan,nan
2639,48.4210526316,0.7599215471,nan,0.0000121317,49.1607995454,nan,nan,nan,nan,nan,nan,nan
2640,48.4210526316,0.1750681835,nan,0.0034726720,24.5933623123,nan,nan,nan,nan,nan,nan,nan
2641,48.4210526316,1.3147540923,nan,0.0000000001,101.3249026996,nan,nan,nan,nan,nan,nan,nan
2642,48.4210526316,0.5159404749,nan,0.0003065415,35.1351077028,nan,nan,nan,nan,nan,nan,nan
2643,48.4210526316,0.0152636193,nan,0.0047303350,23.2510810139,nan,nan,nan,nan,nan,nan,nan
2644,48.4210526316,0.3381283586,nan,0.0014708074,28.3244418261,nan,nan,nan,nan,nan,nan,nan
2645,48.4210526316,0.6161305529,nan,0.0000946633,40.2381823869,nan,nan,nan,nan,nan,nan,nan
2646,48.4210526316,0.7180223275,nan,0.0000230885,46.3660487860,nan,nan,nan,nan,nan,nan,nan
2647,48.4210526316,0.6695125352,nan,0.0000464459,43.3305305426,nan,nan,nan,nan,nan,nan,nan
2648,48.4210526316,0.9471825890,nan,0.0000004352,63.6127710286,nan,nan,nan,nan,nan,nan,nan
2649,48.4210526316,0.4388188021,nan,0.0006563218,31.8288318203,nan,nan,nan,nan,nan,nan,nan
2650,48.4210526316,0.5250958793,nan,0.0002777472,35.5635035907,nan,nan,nan,nan,nan,nan,nan
2651,48.4210526316,0.7135055409,nan,0.0000246925,46.0743422735,nan,nan,nan,nan,nan,nan,nan
2652,48.4210526316,1.1334837434,nan,0.0000000076,81.1773400979,nan,nan,nan,nan,nan,nan,nan
2653,48.4210526316,0.6192131631,nan,0.0000909979,40.4096870298,nan,nan,nan,nan,nan,nan,nan
2654,48.4210526316,0.1672077497,nan,0.0035694434,24.4739949892,nan,nan,nan,nan,nan,nan,nan
2655,48.4210526316,0.7477285594,nan,0.0000146860,48.3309675594,nan,nan,nan,nan,nan,nan,nan
2656,48.4210526316,0.5021982933,nan,0.0003542913,34.5063955492,nan,nan,nan,nan,nan,nan,nan
2657,48.4210526316,0.4749982952,nan,0.0004663808,33.3125932033,nan,nan,nan,nan,nan,nan,nan
2658,48.4210526316,0.6690881915,nan,0.0000467205,43.3049243364,nan,nan,nan,nan,nan,nan,nan
2659,48.4210526316,0.0765989322,nan,0.0044694263,23.4974821576,nan,nan,nan,nan,nan,nan,nan
2660,48.4210526316,0.4957377192,nan,0.0003787256,34.2167537247,nan,nan,nan,nan,nan,nan,nan
2661,48.4210526316,1.0331945007,nan,0.0000000737,71.3266051775,nan,nan,nan,nan,nan,nan,nan
2662,48.4210526316,0.8290814686,nan,0.0000038684,54.1247415735,nan,nan,nan,nan,nan,nan,nan
2663,48.4210526316,0.3523253981,nan,0.0013295587,28.7629247433,nan,nan,nan,nan,nan,nan,nan
2664,48.4210526316,0.8963002774,nan,0.0000011565,59.3684755521,nan,nan,nan,nan,nan,nan,nan
2665,48.4210526316,0.7108492258,nan,0.0000256823,45.9036597547,nan,nan,nan,nan,nan,nan,nan
2666,48.4210526316,0.5511000952,nan,0.0002078803,36.8218662792,nan,nan,nan,nan,nan,nan,nan
2667,48.4210526316,0.6488582070,nan,0.0000616135,42.1032380393,nan,nan,nan,nan,nan,nan,nan
2668,48.4210526316,1.2646314494,nan,0.0000000003,95.4520032759,nan,nan,nan,nan,nan,nan,nan
2669,48.4210526316,0.4219439015,nan,0.0007625337,31.1774093854,nan,nan,nan,nan,nan,nan,nan
2670,48.4210526316,0.5326748728,nan,0.0002556287,35.9239044269,nan,nan,nan,nan,nan,nan,nan
2671,48.4210526316,0.5064902235,nan,0.0003387732,34.7009098339,nan,nan,nan,nan,nan,nan,nan
2672,48.4210526316,0.6573955713,nan,0.0000548805,42.6058164603,nan,nan,nan,nan,nan,nan,nan
2673,48.4210526316,0.2156301863,nan,0.0029528583,25.2975739563,nan,nan,nan,nan,nan,nan,nan
2674,48.4210526316,0.8261394146,nan,0.0000040694,53.9046722724,nan,nan,nan,nan,nan,nan,nan
2675,48.4210526316,0.3068658366,nan,0.0018100190,27.4231686454,nan,nan,nan,nan,nan,nan,nan
2676,48.4210526316,0.5646995675,nan,0.0001776454,37.5044592978,nan,nan,nan,nan,nan,nan,nan
2677,48.4210526316,0.5037444119,nan,0.0003486363,34.5762741155,nan,nan,nan,nan,nan,nan,nan
2678,48.4210526316,0.7896661522,nan,0.0000075125,51.2421403657,nan,nan,nan,nan,nan,nan,nan
2679,48.4210526316,0.7535853832,nan,0.0000134033,48.7278772941,nan,nan,nan,nan,nan,nan,nan
2680,48.4210526316,0.5000591183,nan,0.0003622370,34.4100714548,nan,nan,nan,nan,nan,nan,nan
2681,48.4210526316,0.9816484412,nan,0.0000002177,66.6223930472,nan,nan,nan,nan,nan,nan,nan
2682,48.4210526316,0.6473590551,nan,0.0000628685,42.0156717878,nan,nan,nan,nan,nan,nan,nan
2683,48.4210526316,0.5819314231,nan,0.0001447587,38.3935530147,nan,nan,nan,nan,nan,nan,nan
2684,48.4210526316,0.3036233362,nan,0.0018472480,27.3347479559,nan,nan,nan,nan,nan,nan,nan
2685,48.4210526316,0.3881013918,nan,0.0010118520,29.9488301228,nan,nan,nan,nan,nan,nan,nan
2686,48.4210526316,0.7365686814,nan,0.0000174448,47.5833480202,nan,nan,nan,nan,nan,nan,nan
2687,48.4210526316,0.3731289987,nan,0.0011380422,29.4384163670,nan,nan,nan,nan,nan,nan,nan
2688,48.4210526316,0.2839018921,nan,0.0020809335,26.8174179472,nan,nan,nan,nan,nan,nan,nan
2689,48.4210526316,0.4778673025,nan,0.0004533836,33.4353417651,nan,nan,nan,nan,nan,nan,nan
2690,48.4210526316,0.1959059263,nan,0.0032087382,24.9366571824,nan,nan,nan,nan,nan,nan,nan
2691,48.4210526316,1.1118119492,nan,0.0000000127,78.9705185120,nan,nan,nan,nan,nan,nan,nan
2692,48.4210526316,0.6390157505,nan,0.0000702736,41.5320784168,nan,nan,nan,nan,nan,nan,nan
2693,48.4210526316,0.8086030505,nan,0.0000054836,52.6093472760,nan,nan,nan,nan,nan,nan,nan
2694,48.4210526316,0.4490386451,nan,0.0005975972,32.2359143183,nan,nan,nan,nan,nan,nan,nan
2695,48.4210526316,0.3277523217,nan,0.0015792436,28.0155088064,nan,nan,nan,nan,nan,nan,nan
2696,48.4210526316,0.7790777458,nan,0.0000089290,50.4919637869,nan,nan,nan,nan,nan,nan,nan
2697,48.4210526316,0.4648334411,nan,0.0005147882,32.8837143437,nan,nan,nan,nan,nan,nan,nan
2698,48.4210526316,1.0894674411,nan,0.0000000212,76.7403154589,nan,nan,nan,nan,nan,nan,nan
2699,48.4210526316,0.9620326502,nan,0.0000003239,64.8961645357,nan,nan,nan,nan,nan,nan,nan
2700,48.4210526316,0.6794437029,nan,0.0000404157,43.9344982859,nan,nan,nan,nan,nan,nan,nan
2701,48.4210526316,0.4531255007,nan,0.0005752600,32.4013582212,nan,nan,nan,nan,nan,nan,nan
2702,48.4210526316,0.2491963838,nan,0.0025163460,25.9922964273,nan,nan,nan,nan,nan,nan,nan
2703,48.4210526316,0.7766171782,nan,0.0000092916,50.3191023139,nan,nan,nan,nan,nan,nan,nan
2704,48.4210526316,0.7647130524,nan,0.0000112445,49.4906172442,nan,nan,nan,nan,nan,nan,nan
2705,48.4210526316,1.4082253466,nan,0.0000000000,112.8940174353,nan,nan,nan,nan,nan,nan,nan
2706,48.4210526316,0.7334859537,nan,0.0000182859,47.3788354439,nan,nan,nan,nan,nan,nan,nan
2707,48.4210526316,0.4440909901,nan,0.0006255107,32.0376526275,nan,nan,nan,nan,nan,nan,nan
2708,48.4210526316,0.6284860249,nan,0.0000807084,40.9308141001,nan,nan,nan,nan,nan,nan,nan
2709,48.4210526316,0.2807382632,nan,0.0021194834,26.7376997689,nan,nan,nan,nan,nan,nan,nan
2710,48.4210526316,0.4652977607,nan,0.0005124954,32.9031005093,nan,nan,nan,nan,nan,nan,nan
2711,48.4210526316,0.6488605889,nan,0.0000616116,42.1033773298,nan,nan,nan,nan,nan,nan,nan
2712,48.4210526316,0.4068309035,nan,0.0008677746,30.6159308392,nan,nan,nan,nan,nan,nan,nan
2713,48.4210526316,0.2350601079,nan,0.0026993900,25.6873436396,nan,nan,nan,nan,nan,nan,nan
2714,48.4210526316,1.0966827847,nan,0.0000000180,77.4554708445,nan,nan,nan,nan,nan,nan,nan
2715,48.4210526316,0.4124665458,nan,0.0008273925,30.8228841941,nan,nan,nan,nan,nan,nan,nan
2716,48.4210526316,1.0666579369,nan,0.0000000354,74.5109399540,nan,nan,nan,nan,nan,nan,nan
2717,48.4210526316,0.2361708545,nan,0.0026849407,25.7106530869,nan,nan,nan,nan,nan,nan,nan
2718,48.4210526316,0.4883545527,nan,0.0004082822,33.8903950742,nan,nan,nan,nan,nan,nan,nan
2719,48.4210526316,0.6073859980,nan,0.0001057699,39.7563807472,nan,nan,nan,nan,nan,nan,nan
2720,48.4210526316,0.3431310545,nan,0.0014200802,28.4768711867,nan,nan,nan,nan,nan,nan,nan
2721,48.4210526316,0.5730905609,nan,0.0001609154,37.9340233897,nan,nan,nan,nan,nan,nan,nan
2722,48.4210526316,0.3681054174,nan,0.0011825755,29.2717113011,nan,nan,nan,nan,nan,nan,nan
2723,48.4210526316,1.2753624168,nan,0.0000000002,96.6899317497,nan,nan,nan,nan,nan,nan,nan
2724,48.4210526316,0.8290914466,nan,0.0000038677,54.1254892851,nan,nan,nan,nan,nan,nan,nan
2725,48.4210526316,1.1133427953,nan,0.0000000122,79.1249887429,nan,nan,nan,nan,nan,nan,nan
2726,48.4210526316,0.8282717129,nan,0.0000039228,54.0640918969,nan,nan,nan,nan,nan,nan,nan
2727,48.4210526316,0.6327937989,nan,0.0000762856,41.1755733779,nan,nan,nan,nan,nan,nan,nan
2728,48.4210526316,0.1444800227,nan,0.0038370374,24.1600396930,nan,nan,nan,nan,nan,nan,nan
2729,48.4210526316,0.9383090161,nan,0.0000005181,62.8555260470,nan,nan,nan,nan,nan,nan,nan
2730,48.4210526316,1.5302218094,nan,0.0000000000,129.2030947645,nan,nan,nan,nan,nan,nan,nan
2731,48.4210526316,0.6428003161,nan,0.0000668244,41.7506523847,nan,nan,nan,nan,nan,nan,nan
2732,48.4210526316,1.1455916288,nan,0.0000000057,82.4290435678,nan,nan,nan,nan,nan,nan,nan
2733,48.4210526316,0.6462893768,nan,0.0000637776,41.9533165799,nan,nan,nan,nan,nan,nan,nan
2734,48.4210526316,0.3618097642,nan,0.0012399322,29.0660204513,nan,nan,nan,nan,nan,nan,nan
2735,48.4210526316,0.6089613676,nan,0.0001036892,39.8426648846,nan,nan,nan,nan,nan,nan,nan
2736,48.4210526316,0.3855854270,nan,0.0010323715,29.8616401061,nan,nan,nan,nan,nan,nan,nan
2737,48.4210526316,0.6295435350,nan,0.0000796023,40.9907431064,nan,nan,nan,nan,nan,nan,nan
2738,48.4210526316,0.2872403362,nan,0.0020405530,26.9025212668,nan,nan,nan,nan,nan,nan,nan
2739,48.4210526316,0.2886189018,nan,0.0020239710,26.9379571738,nan,nan,nan,nan,nan,nan,nan
2740,48.4210526316,0.2592776194,nan,0.0023873834,26.2207782670,nan,nan,nan,nan,nan,nan,nan
2741,48.4210526316,0.9198815349,nan,0.0000007403,61.3060116407,nan,nan,nan,nan,nan,nan,nan
2742,48.4210526316,0.5799338336,nan,0.0001482825,38.2891000983,nan,nan,nan,nan,nan,nan,nan
2743,48.4210526316,0.6158139198,nan,0.0000950470,40.2206151729,nan,nan,nan,nan,nan,nan,nan
2744,48.4210526316,0.5485269520,nan,0.0002140619,36.6946071987,nan,nan,nan,nan,nan,nan,nan
2745,48.4210526316,0.7333009509,nan,0.0000183375,47.3665896877,nan,nan,nan,nan,nan,nan,nan
2746,48.4210526316,0.2777779567,nan,0.0021557960,26.6639234041,nan,nan,nan,nan,nan,nan,nan
2747,48.4210526316,0.9910852785,nan,0.0000001792,67.4654123913,nan,nan,nan,nan,nan,nan,nan
2748,48.4210526316,1.0807519961,nan,0.0000000258,75.8828442710,nan,nan,nan,nan,nan,nan,nan
2749,48.4210526316,0.1333725400,nan,0.0039596389,24.0234442199,nan,nan,nan,nan,nan,nan,nan
2750,48.4210526316,0.3520278750,nan,0.0013324323,28.7535484285,nan,nan,nan,nan,nan,nan,nan
2751,48.4210526316,0.9087310327,nan,0.0000009155,60.3834951949,nan,nan,nan,nan,nan,nan,nan
2752,48.4210526316,0.5317614556,nan,0.0002582146,35.8801921529,nan,nan,nan,nan,nan,nan,nan
2753,48.4210526316,0.1746954854,nan,0.0034773009,24.5875773082,nan,nan,nan,nan,nan,nan,nan
2754,48.4210526316,0.3351236919,nan,0.0015017651,28.2339798577,nan,nan,nan,nan,nan,nan,nan
2755,48.4210526316,1.0669997658,nan,0.0000000351,74.5439977314,nan,nan,nan,nan,nan,nan,nan
2756,48.4210526316,0.7705872871,nan,0.0000102381,49.8978251617,nan,nan,nan,nan,nan,nan,nan
2757,48.4210526316,0.2571125238,nan,0.0024149406,26.1709354944,nan,nan,nan,nan,nan,nan,nan
2758,48.4210526316,0.8282759602,nan,0.0000039225,54.0644098583,nan,nan,nan,nan,nan,nan,nan
2759,48.4210526316,0.3198209298,nan,0.0016649726,27.7859292052,nan,nan,nan,nan,nan,nan,nan
2760,48.4210526316,0.1687772150,nan,0.0035502706,24.4973854972,nan,nan,nan,nan,nan,nan,nan
2761,48.4210526316,1.1941529424,nan,0.0000000017,87.5844971806,nan,nan,nan,nan,nan,nan,nan
2762,48.4210526316,0.3909908785,nan,0.0009886277,30.0496722260,nan,nan,nan,nan,nan,nan,nan
2763,48.4210526316,0.1380719541,nan,0.0039085103,24.0798874158,nan,nan,nan,nan,nan,nan,nan
2764,48.4210526316,0.7030149317,nan,0.0000288137,45.4040149568,nan,nan,nan,nan,nan,nan,nan
2765,48.4210526316,0.7744849077,nan,0.0000096167,50.1697519938,nan,nan,nan,nan,nan,nan,nan
2766,48.4210526316,0.3488792017,nan,0.0013630725,28.6548104604,nan,nan,nan,nan,nan,nan,nan
2767,48.4210526316,0.4368639738,nan,0.0006680291,31.7520461307,nan,nan,nan,nan,nan,nan,nan
2768,48.4210526316,0.9350519302,nan,0.0000005522,62.5793848476,nan,nan,nan,nan,nan,nan,nan
2769,48.4210526316,0.5195906561,nan,0.0002947819,35.3049917161,nan,nan,nan,nan,nan,nan,nan
2770,48.4210526316,0.6342982540,nan,0.0000747919,41.2614520821,nan,nan,nan,nan,nan,nan,nan
2771,48.4210526316,0.2992247629,nan,0.0018983135,27.2163206688,nan,nan,nan,nan,nan,nan,nan
2772,48.4210526316,1.1115175486,nan,0.0000000128,78.9408366321,nan,nan,nan,nan,nan,nan,nan
2773,48.4210526316,0.9407402768,nan,0.0000004941,63.0622856093,nan,nan,nan,nan,nan,nan,nan
2774,48.4210526316,0.7092735185,nan,0.0000262862,45.8027164327,nan,nan,nan,nan,nan,nan,nan
2775,48.4210526316,0.3963072440,nan,0.0009468499,30.2371887312,nan,nan,nan,nan,nan,nan,nan
2776,48.4210526316,0.2073270590,nan,0.0030609930,25.1413765857,nan,nan,nan,nan,nan,nan,nan
2777,48.4210526316,0.2316068531,nan,0.0027443622,25.6155857657,nan,nan,nan,nan,nan,nan,nan
2778,48.4210526316,0.4238514005,nan,0.0007499375,31.2497493611,nan,nan,nan,nan,nan,nan,nan
2779,48.4210526316,0.5094771747,nan,0.0003283016,34.8372695600,nan,nan,nan,nan,nan,nan,nan
2780,48.4210526316,0.2972770701,nan,0.0019211269,27.1644393960,nan,nan,nan,nan,nan,nan,nan
2781,48.4210526316,1.1155534501,nan,0.0000000116,79.3484346295,nan,nan,nan,nan,nan,nan,nan
2782,48.4210526316,0.4620853305,nan,0.0005285211,32.7693767517,nan,nan,nan,nan,nan,nan,nan
2783,48.4210526316,0.9339063500,nan,0.0000005646,62.4824915529,nan,nan,nan,nan,nan,nan,nan
2784,48.4210526316,0.3272677142,nan,0.0015844122,28.0013183118,nan,nan,nan,nan,nan,nan,nan
2785,48.4210526316,0.1478279715,nan,0.0037989371,24.2033789686,nan,nan,nan,nan,nan,nan,nan
2786,48.4210526316,0.5611019899,nan,0.0001852572,37.3222499319,nan,nan,nan,nan,nan,nan,nan
2787,48.4210526316,0.0675604093,nan,0.0045287126,23.4402524278,nan,nan,nan,nan,nan,nan,nan
2788,48.4210526316,0.6373458579,nan,0.0000718447,41.4360505359,nan,nan,nan,nan,nan,nan,nan
2789,48.4210526316,0.5107912514,nan,0.0003237788,34.8975164749,nan,nan,nan,nan,nan,nan,nan
2790,48.4210526316,0.4683985484,nan,0.0004973858,33.0330659137,nan,nan,nan,nan,nan,nan,nan
2791,48.4210526316,0.2272219967,nan,0.0028015492,25.5260175098,nan,nan,nan,nan,nan,nan,nan
2792,48.4210526316,0.1919352176,nan,0.0032596940,24.8682317159,nan,nan,nan,nan,nan,nan,nan
2793,48.4210526316,0.8228114836,nan,0.0000043085,53.6566928342,nan,nan,nan,nan,nan,nan,nan
2794,48.4210526316,0.3437782497,nan,0.0014135929,28.4967563190,nan,nan,nan,nan,nan,nan,nan
2795,48.4210526316,0.9863327312,nan,0.0000001977,67.0398340192,nan,nan,nan,nan,nan,nan,nan
2796,48.4210526316,1.1005480795,nan,0.0000000164,77.8405476304,nan,nan,nan,nan,nan,nan,nan
2797,48.4210526316,0.4557648529,nan,0.0005611758,32.5090102991,nan,nan,nan,nan,nan,nan,nan
2798,48.4210526316,0.6450240618,nan,0.0000648680,41.8796917273,nan,nan,nan,nan,nan,nan,nan
2799,48.4210526316,0.7513319040,nan,0.0000138842,48.5747909702,nan,nan,nan,nan,nan,nan,nan
2800,48.4210526316,0.1932230009,nan,0.0032431959,24.8902682126,nan,nan,nan,nan,nan,nan,nan
2801,48.4210526316,0.2265666880,nan,0.0028101012,25.5127804502,nan,nan,nan,nan,nan,nan,nan
2802,48.4210526316,0.3566750623,nan,0.0012879774,28.9009175989,nan,nan,nan,nan,nan,nan,nan
2803,48.4210526316,0.3847055480,nan,0.0010396129,29.8312835524,nan,nan,nan,nan,nan,nan,nan
2804,48.4210526316,0.1675599362,nan,0.0035651478,24.4792245578,nan,nan,nan,nan,nan,nan,nan
2805,48.4210526316,0.6351439446,nan,0.0000739636,41.3098171664,nan,nan,nan,nan,nan,nan,nan
2806,48.4210526316,0.6060103188,nan,0.0001076163,39.6812187329,nan,nan,nan,nan,nan,nan,nan
2807,48.4210526316,0.3566014137,nan,0.0012886747,28.8985668454,nan,nan,nan,nan,nan,nan,nan
2808,48.4210526316,0.8050407940,nan,0.0000058215,52.3496563564,nan,nan,nan,nan,nan,nan,nan
2809,48.4210526316,0.1817031084,nan,0.0033896612,24.6984371259,nan,nan,nan,nan,nan,nan,nan
2810,48.4210526316,0.0705004327,nan,0.0045101695,23.4580713169,nan,nan,nan,nan,nan,nan,nan
2811,48.4210526316,0.4608267891,nan,0.0005349038,32.7172429945,nan,nan,nan,nan,nan,nan,nan
2812,48.4210526316,0.4017374374,nan,0.0009054479,30.4313652410,nan,nan,nan,nan,nan,nan,nan
2813,48.4210526316,0.9904290097,nan,0.0000001817,67.4065220529,nan,nan,nan,nan,nan,nan,nan
2814,48.4210526316,0.6736953555,nan,0.0000438146,43.5838137040,nan,nan,nan,nan,nan,nan,nan
2815,48.4210526316,0.9883932907,nan,0.0000001895,67.2240976913,nan,nan,nan,nan,nan,nan,nan
2816,48.4210526316,0.8742447358,nan,0.0000017369,57.6023597338,nan,nan,nan,nan,nan,nan,nan
2817,48.4210526316,0.6478531031,nan,0.0000624524,42.0445067512,nan,nan,nan,nan,nan,nan,nan
2818,48.4210526316,0.6468555308,nan,0.0000632950,41.9863066377,nan,nan,nan,nan,nan,nan,nan
2819,48.4210526316,0.3150093188,nan,0.0017181354,27.6494261866,nan,nan,nan,nan,nan,nan,nan
2820,48.4210526316,0.5170224760,nan,0.0003030164,35.1853390439,nan,nan,nan,nan,nan,nan,nan
2821,48.4210526316,0.6483935690,nan,0.0000620001,42.0760763791,nan,nan,nan,nan,nan,nan,nan
2822,48.4210526316,0.5406207930,nan,0.0002340257,36.3073644952,nan,nan,nan,nan,nan,nan,nan
2823,48.4210526316,0.6065804867,nan,0.0001068477,39.7123496736,nan,nan,nan,nan,nan,nan,nan
2824,48.4210526316,0.8185485532,nan,0.0000046339,53.3405216204,nan,nan,nan,nan,nan,nan,nan
2825,48.4210526316,0.4060781578,nan,0.0008732716,30.5885063890,nan,nan,nan,nan,nan,nan,nan
2826,48.4210526316,1.3151830596,nan,0.0000000001,101.3761616905,nan,nan,nan,nan,nan,nan,nan
2827,48.4210526316,1.0910602361,nan,0.0000000204,76.8977760227,nan,nan,nan,nan,nan,nan,nan
2828,48.4210526316,0.7590241017,nan,0.0000123048,49.0992581174,nan,nan,nan,nan,nan,nan,nan
2829,48.4210526316,0.1979506126,nan,0.0031824052,24.9724452779,nan,nan,nan,nan,nan,nan,nan
2830,48.4210526316,0.8832374567,nan,0.0000014733,58.3170845719,nan,nan,nan,nan,nan,nan,nan
2831,48.4210526316,0.4539791517,nan,0.0005706756,32.4361071437,nan,nan,nan,nan,nan,nan,nan
2832,48.4210526316,0.2876568547,nan,0.0020355371,26.9132097407,nan,nan,nan,nan,nan,nan,nan
2833,48.4210526316,0.4489737968,nan,0.0005979569,32.2333013550,nan,nan,nan,nan,nan,nan,nan
2834,48.4210526316,0.7416032188,nan,0.0000161465,47.9192123082,nan,nan,nan,nan,nan,nan,nan
2835,48.4210526316,0.2039361881,nan,0.0031050086,25.0793719326,nan,nan,nan,nan,nan,nan,nan
2836,48.4210526316,0.2293215320,nan,0.0027741580,25.5686880378,nan,nan,nan,nan,nan,nan,nan
2837,48.4210526316,0.1448670639,nan,0.0038326586,24.1649986093,nan,nan,nan,nan,nan,nan,nan
2838,48.4210526316,1.3731654024,nan,0.0000000000,108.4604056962,nan,nan,nan,nan,nan,nan,nan
2839,48.4210526316,0.3607400861,nan,0.0012498478,29.0314288052,nan,nan,nan,nan,nan,nan,nan
2840,48.4210526316,0.1741898645,nan,0.0034835745,24.5797490194,nan,nan,nan,nan,nan,nan,nan
2841,48.4210526316,0.7124193158,nan,0.0000250930,46.0044686377,nan,nan,nan,nan,nan,nan,nan
2842,48.4210526316,0.1181313556,nan,0.0041171960,23.8539845610,nan,nan,nan,nan,nan,nan,nan
2843,48.4210526316,1.2225821726,nan,0.0000000009,90.7031430197,nan,nan,nan,nan,nan,nan,nan
2844,48.4210526316,0.2301984701,nan,0.0027627219,25.5866283066,nan,nan,nan,nan,nan,nan,nan
2845,48.4210526316,0.8613262647,nan,0.0000021935,56.5885726664,nan,nan,nan,nan,nan,nan,nan
2846,48.4210526316,0.2103694707,nan,0.0030214194,25.1978898845,nan,nan,nan,nan,nan,nan,nan
2847,48.4210526316,0.5515330074,nan,0.0002068552,36.8433358865,nan,nan,nan,nan,nan,nan,nan
2848,48.4210526316,0.4164513030,nan,0.0007996590,30.9709517691,nan,nan,nan,nan,nan,nan,nan
2849,48.4210526316,0.4901336817,nan,0.0004009973,33.9685849802,nan,nan,nan,nan,nan,nan,nan
2850,48.4210526316,0.6349264479,nan,0.0000741759,41.2973722937,nan,nan,nan,nan,nan,nan,nan
2851,48.4210526316,0.5272697499,nan,0.0002712475,35.6663423990,nan,nan,nan,nan,nan,nan,nan
2852,48.4210526316,0.9344434716,nan,0.0000005587,62.5279063941,nan,nan,nan,nan,nan,nan,nan
2853,48.4210526316,0.3682168803,nan,0.0011815755,29.2753853463,nan,nan,nan,nan,nan,nan,nan
2854,48.4210526316,0.2644989865,nan,0.0023212829,26.3427192154,nan,nan,nan,nan,nan,nan,nan
2855,48.4210526316,0.3698477341,nan,0.0011670057,29.3292702895,nan,nan,nan,nan,nan,nan,nan
2856,48.4210526316,0.6406287359,nan,0.0000687848,41.6250751847,nan,nan,nan,nan,nan,nan,nan
2857,48.4210526316,0.7907804568,nan,0.0000073762,51.3216834144,nan,nan,nan,nan,nan,nan,nan
2858,48.4210526316,0.3060272130,nan,0.0018196133,27.4002088736,nan,nan,nan,nan,nan,nan,nan
2859,48.4210526316,0.7325344520,nan,0.0000185529,47.3158867023,nan,nan,nan,nan,nan,nan,nan
2860,48.4210526316,1.1593844374,nan,0.0000000041,83.8713279289,nan,nan,nan,nan,nan,nan,nan
2861,48.4210526316,0.6166563602,nan,0.0000940291,40.2673750390,nan,nan,nan,nan,nan,nan,nan
2862,48.4210526316,0.1305450228,nan,0.0039898481,23.9904363372,nan,nan,nan,nan,nan,nan,nan
2863,48.4210526316,0.5618347860,nan,0.0001836848,37.3592688933,nan,nan,nan,nan,nan,nan,nan
2864,48.4210526316,0.2757310801,nan,0.0021810348,26.6133740658,nan,nan,nan,nan,nan,nan,nan
2865,48.4210526316,0.5614579200,nan,0.0001844920,37.3402244905,nan,nan,nan,nan,nan,nan,nan
2866,48.4210526316,0.0661905076,nan,0.0045371048,23.4322119031,nan,nan,nan,nan,nan,nan,nan
2867,48.4210526316,0.6017431106,nan,0.0001135227,39.4491711460,nan,nan,nan,nan,nan,nan,nan
2868,48.4210526316,0.3362842249,nan,0.0014897646,28.2688233823,nan,nan,nan,nan,nan,nan,nan
2869,48.4210526316,0.1313692742,nan,0.0039810858,23.9999845986,nan,nan,nan,nan,nan,nan,nan
2870,48.4210526316,0.9983859728,nan,0.0000001541,68.1232023850,nan,nan,nan,nan,nan,nan,nan
2871,48.4210526316,0.8274170802,nan,0.0000039809,54.0001460236,nan,nan,nan,nan,nan,nan,nan
2872,48.4210526316,0.6486723190,nan,0.0000617679,42.0923690955,nan,nan,nan,nan,nan,nan,nan
2873,48.4210526316,0.6934345084,nan,0.0000331084,44.8006210710,nan,nan,nan,nan,nan,nan,nan
2874,48.4210526316,0.6860229457,nan,0.0000368165,44.3395721558,nan,nan,nan,nan,nan,nan,nan
2875,48.4210526316,0.3058110884,nan,0.0018220898,27.3943021313,nan,nan,nan,nan,nan,nan,nan
2876,48.4210526316,0.4297717058,nan,0.0007118077,31.4763733103,nan,nan,nan,nan,nan,nan,nan
2877,48.4210526316,0.4589675159,nan,0.0005444415,32.6404877683,nan,nan,nan,nan,nan,nan,nan
2878,48.4210526316,0.4038752092,nan,0.0008894996,30.5085425502,nan,nan,nan,nan,nan,nan,nan
2879,48.4210526316,0.3712471902,nan,0.0011545954,29.3757017028,nan,nan,nan,nan,nan,nan,nan
2880,48.4210526316,0.7955939076,nan,0.0000068130,51.6665885852,nan,nan,nan,nan,nan,nan,nan
2881,48.4210526316,0.7747628688,nan,0.0000095737,50.1891976411,nan,nan,nan,nan,nan,nan,nan
2882,48.4210526316,0.3429003101,nan,0.0014223973,28.4697907100,nan,nan,nan,nan,nan,nan,nan
2883,48.4210526316,0.2808135188,nan,0.0021185633,26.7395855917,nan,nan,nan,nan,nan,nan,nan
2884,48.4210526316,0.5319596273,nan,0.0002576517,35.8896693640,nan,nan,nan,nan,nan,nan,nan
2885,48.4210526316,0.5905634463,nan,0.0001303438,38.8490948968,nan,nan,nan,nan,nan,nan,nan
2886,48.4210526316,0.4345654864,nan,0.0006819923,31.6622051435,nan,nan,nan,nan,nan,nan,nan
2887,48.4210526316,0.7463373278,nan,0.0000150067,48.2371459871,nan,nan,nan,nan,nan,nan,nan
2888,48.4210526316,1.8134606862,nan,0.0000000000,172.3551845666,nan,nan,nan,nan,nan,nan,nan
2889,48.4210526316,0.6312220328,nan,0.0000778740,41.0860727219,nan,nan,nan,nan,nan,nan,nan
2890,48.4210526316,0.4771805875,nan,0.0004564684,33.4058930506,nan,nan,nan,nan,nan,nan,nan
2891,48.4210526316,0.5323009315,nan,0.0002566847,35.9060000066,nan,nan,nan,nan,nan,nan,nan
2892,48.4210526316,0.1464338806,nan,0.0038148631,24.1852103929,nan,nan,nan,nan,nan,nan,nan
2893,48.4210526316,0.1259332693,nan,0.0040381880,23.9381346104,nan,nan,nan,nan,nan,nan,nan
2894,48.4210526316,0.2232784370,nan,0.0028530261,25.4469425866,nan,nan,nan,nan,nan,nan,nan
2895,48.4210526316,0.8069082578,nan,0.0000056420,52.4856510874,nan,nan,nan,nan,nan,nan,nan
2896,48.4210526316,0.5632730835,nan,0.0001806313,37.4320700770,nan,nan,nan,nan,nan,nan,nan
2897,48.4210526316,0.3294152054,nan,0.0015615778,28.0643636226,nan,nan,nan,nan,nan,nan,nan
2898,48.4210526316,0.4849953265,nan,0.0004223236,33.7435466811,nan,nan,nan,nan,nan,nan,nan
2899,48.4210526316,0.3630667942,nan,0.0012283431,29.1068031829,nan,nan,nan,nan,nan,nan,nan
2900,48.4210526316,1.3605664955,nan,0.0000000000,106.8947888867,nan,nan,nan,nan,nan,nan,nan
2901,48.4210526316,0.5800263909,nan,0.0001481177,38.2939318430,nan,nan,nan,nan,nan,nan,nan
2902,48.4210526316,1.1393498912,nan,0.0000000066,81.7820975021,nan,nan,nan,nan,nan,nan,nan
2903,48.4210526316,1.2507616567,nan,0.0000000004,93.8676555376,nan,nan,nan,nan,nan,nan,nan
2904,48.4210526316,0.6009644107,nan,0.0001146303,39.4070050037,nan,nan,nan,nan,nan,nan,nan
2905,48.4210526316,0.8852479573,nan,0.0000014197,58.4778875678,nan,nan,nan,nan,nan,nan,nan
2906,48.4210526316,0.4914485768,nan,0.0003956801,34.0265574033,nan,nan,nan,nan,nan,nan,nan
2907,48.4210526316,0.7592105734,nan,0.0000122686,49.1120391790,nan,nan,nan,nan,nan,nan,nan
2908,48.4210526316,0.2749489099,nan,0.0021907067,26.5941575917,nan,nan,nan,nan,nan,nan,nan
2909,48.4210526316,0.5554922510,nan,0.0001976751,37.0404797104,nan,nan,nan,nan,nan,nan,nan
2910,48.4210526316,0.3141302608,nan,0.0017279398,27.6247138971,nan,nan,nan,nan,nan,nan,nan
2911,48.4210526316,0.4626728568,nan,0.0005255616,32.7937636651,nan,nan,nan,nan,nan,nan,nan
2912,48.4210526316,0.1176700274,nan,0.0041217541,23.8491791639,nan,nan,nan,nan,nan,nan,nan
2913,48.4210526316,0.4609542191,nan,0.0005342549,32.7225151051,nan,nan,nan,nan,nan,nan,nan
2914,48.4210526316,1.5136840920,nan,0.0000000000,126.9119718940,nan,nan,nan,nan,nan,nan,nan
2915,48.4210526316,0.2065749279,nan,0.0030707651,25.1275340226,nan,nan,nan,nan,nan,nan,nan
2916,48.4210526316,0.4520946381,nan,0.0005808334,32.3594838757,nan,nan,nan,nan,nan,nan,nan
2917,48.4210526316,0.4707712040,nan,0.0004860599,33.1331024188,nan,nan,nan,nan,nan,nan,nan
2918,48.4210526316,0.1892337742,nan,0.0032942086,24.8224890707,nan,nan,nan,nan,nan,nan,nan
2919,48.4210526316,0.8959901730,nan,0.0000011632,59.3433351297,nan,nan,nan,nan,nan,nan,nan
2920,48.4210526316,0.5204901840,nan,0.0002919414,35.3470429615,nan,nan,nan,nan,nan,nan,nan
2921,48.4210526316,0.6574715885,nan,0.0000548236,42.6103213009,nan,nan,nan,nan,nan,nan,nan
2922,48.4210526316,0.1863459759,nan,0.0033309520,24.7743162623,nan,nan,nan,nan,nan,nan,nan
2923,48.4210526316,0.4181660973,nan,0.0007879317,31.0351141972,nan,nan,nan,nan,nan,nan,nan
2924,48.4210526316,0.4822158266,nan,0.0004342286,33.6228162282,nan,nan,nan,nan,nan,nan,nan
2925,48.4210526316,0.5569497139,nan,0.0001943833,37.1134108531,nan,nan,nan,nan,nan,nan,nan
2926,48.4210526316,0.7591105901,nan,0.0000122880,49.1051857739,nan,nan,nan,nan,nan,nan,nan
2927,48.4210526316,0.4592907761,nan,0.0005427739,32.6538101765,nan,nan,nan,nan,nan,nan,nan
2928,48.4210526316,0.5004530485,nan,0.0003607631,34.4277783382,nan,nan,nan,nan,nan,nan,nan
2929,48.4210526316,0.6303404117,nan,0.0000787777,41.0359693849,nan,nan,nan,nan,nan,nan,nan
2930,48.4210526316,0.7084666439,nan,0.0000266004,45.7511139759,nan,nan,nan,nan,nan,nan,nan
2931,48.4210526316,0.0966014774,nan,0.0043152140,23.6499766565,nan,nan,nan,nan,nan,nan,nan
2932,48.4210526316,0.7664491160,nan,0.0000109380,49.6106347770,nan,nan,nan,nan,nan,nan,nan
2933,48.4210526316,0.2079406113,nan,0.0030530180,25.1527063771,nan,nan,nan,nan,nan,nan,nan
2934,48.4210526316,0.2505776716,nan,0.0024985842,26.0230601738,nan,nan,nan,nan,nan,nan,nan
2935,48.4210526316,0.8174006141,nan,0.0000047253,53.2556656978,nan,nan,nan,nan,nan,nan,nan
2936,48.4210526316,0.5155070312,nan,0.0003079630,35.1150151691,nan,nan,nan,nan,nan,nan,nan
2937,48.4210526316,0.1851676740,nan,0.0033458959,24.7548756888,nan,nan,nan,nan,nan,nan,nan
2938,48.4210526316,0.6063434348,nan,0.0001071667,39.6994031333,nan,nan,nan,nan,nan,nan,nan
2939,48.4210526316,1.2402374364,nan,0.0000000005,92.6772669502,nan,nan,nan,nan,nan,nan,nan
2940,48.4210526316,0.6210327798,nan,0.0000888929,40.5113299773,nan,nan,nan,nan,nan,nan,nan
2941,48.4210526316,0.4622414668,nan,0.0005277334,32.7758545672,nan,nan,nan,nan,nan,nan,nan
2942,48.4210526316,0.7691914614,nan,0.0000104694,49.8007795626,nan,nan,nan,nan,nan,nan,nan
2943,48.4210526316,0.6050033876,nan,0.0001089855,39.6263130297,nan,nan,nan,nan,nan,nan,nan
2944,48.4210526316,0.3097663249,nan,0.0017770236,27.5030681225,nan,nan,nan,nan,nan,nan,nan
2945,48.4210526316,0.4666415974,nan,0.0005059041,32.9593184143,nan,nan,nan,nan,nan,nan,nan
2946,48.4210526316,0.3060619563,nan,0.0018192154,27.4011588116,nan,nan,nan,nan,nan,nan,nan
2947,48.4210526316,1.0580570695,nan,0.0000000428,73.6826892332,nan,nan,nan,nan,nan,nan,nan
2948,48.4210526316,0.5001683144,nan,0.0003618280,34.4149783290,nan,nan,nan,nan,nan,nan,nan
2949,48.4210526316,0.6851177552,nan,0.0000372940,44.2836066772,nan,nan,nan,nan,nan,nan,nan
2950,48.4210526316,0.2670064892,nan,0.0022897316,26.4021542617,nan,nan,nan,nan,nan,nan,nan
2951,48.4210526316,0.5179731774,nan,0.0002999465,35.2295627305,nan,nan,nan,nan,nan,nan,nan
2952,48.4210526316,0.3918724573,nan,0.0009816146,30.0805896891,nan,nan,nan,nan,nan,nan,nan
2953,48.4210526316,0.0206055768,nan,0.0047213243,23.2593617041,nan,nan,nan,nan,nan,nan,nan
2954,48.4210526316,0.5929646180,nan,0.0001265605,38.9770194700,nan,nan,nan,nan,nan,nan,nan
2955,48.4210526316,0.5031560090,nan,0.0003507797,34.5496549692,nan,nan,nan,nan,nan,nan,nan
2956,48.4210526316,0.2183822722,nan,0.0029169467,25.3507150208,nan,nan,nan,nan,nan,nan,nan
2957,48.4210526316,0.2915904641,nan,0.0019884173,27.0149247044,nan,nan,nan,nan,nan,nan,nan
2958,48.4210526316,0.4510295242,nan,0.0005866351,32.3163195681,nan,nan,nan,nan,nan,nan,nan
2959,48.4210526316,0.4470071156,nan,0.0006089423,32.1542382701,nan,nan,nan,nan,nan,nan,nan
2960,48.4210526316,0.3001759041,nan,0.0018872172,27.2417810641,nan,nan,nan,nan,nan,nan,nan
2961,48.4210526316,0.2949698475,nan,0.0019483076,27.1034247109,nan,nan,nan,nan,nan,nan,nan
2962,48.4210526316,0.5321600300,nan,0.0002570836,35.8992568980,nan,nan,nan,nan,nan,nan,nan
2963,48.4210526316,0.7404705757,nan,0.0000164307,47.8434495808,nan,nan,nan,nan,nan,nan,nan
2964,48.4210526316,0.9034057106,nan,0.0000010123,59.9469301827,nan,nan,nan,nan,nan,nan,nan
2965,48.4210526316,0.3472692170,nan,0.0013789006,28.6046703662,nan,nan,nan,nan,nan,nan,nan
2966,48.4210526316,0.1008702892,nan,0.0042784479,23.6871375307,nan,nan,nan,nan,nan,nan,nan
2967,48.4210526316,0.7829737987,nan,0.0000083815,50.7668034118,nan,nan,nan,nan,nan,nan,nan
2968,48.4210526316,0.3881171654,nan,0.0010117242,29.9493785601,nan,nan,nan,nan,nan,nan,nan
2969,48.4210526316,0.6497146310,nan,0.0000609066,42.1533541866,nan,nan,nan,nan,nan,nan,nan
2970,48.4210526316,0.1478016612,nan,0.0037992385,24.2030344656,nan,nan,nan,nan,nan,nan,nan
2971,48.4210526316,0.8008158032,nan,0.0000062472,52.0431553587,nan,nan,nan,nan,nan,nan,nan
2972,48.4210526316,0.3187671762,nan,0.0016765420,27.7558557114,nan,nan,nan,nan,nan,nan,nan
2973,48.4210526316,0.4989424307,nan,0.0003664415,34.3599538027,nan,nan,nan,nan,nan,nan,nan
2974,48.4210526316,0.7165516620,nan,0.0000236001,46.2708646949,nan,nan,nan,nan,nan,nan,nan
2975,48.4210526316,0.6631720310,nan,0.0000507033,42.9496356334,nan,nan,nan,nan,nan,nan,nan
2976,48.4210526316,1.2228708684,nan,0.0000000008,90.7351932680,nan,nan,nan,nan,nan,nan,nan
2977,48.4210526316,0.8392916672,nan,0.0000032400,54.8946169037,nan,nan,nan,nan,nan,nan,nan
2978,48.4210526316,0.7708786753,nan,0.0000101904,49.9181065523,nan,nan,nan,nan,nan,nan,nan
2979,48.4210526316,0.4476772366,nan,0.0006051822,32.1811385443,nan,nan,nan,nan,nan,nan,nan
2980,48.4210526316,0.1424721533,nan,0.0038596422,24.1345295263,nan,nan,nan,nan,nan,nan,nan
2981,48.4210526316,0.6469650334,nan,0.0000632020,41.9926907811,nan,nan,nan,nan,nan,nan,nan
2982,48.4210526316,0.7135674462,nan,0.0000246699,46.0783276983,nan,nan,nan,nan,nan,nan,nan
2983,48.4210526316,0.4981473116,nan,0.0003694590,34.3243374433,nan,nan,nan,nan,nan,nan,nan
2984,48.4210526316,0.7085771143,nan,0.0000265572,45.7581754356,nan,nan,nan,nan,nan,nan,nan
2985,48.4210526316,0.5276442787,nan,0.0002701405,35.6841035520,nan,nan,nan,nan,nan,nan,nan
2986,48.4210526316,0.6568070112,nan,0.0000553228,42.5709557465,nan,nan,nan,nan,nan,nan,nan
2987,48.4210526316,0.2478877095,nan,0.0025331980,25.9633086175,nan,nan,nan,nan,nan,nan,nan
2988,48.4210526316,0.5024350989,nan,0.0003534204,34.5170841516,nan,nan,nan,nan,nan,nan,nan
2989,48.4210526316,1.0100620291,nan,0.0000001206,69.1853633865,nan,nan,nan,nan,nan,nan,nan
2990,48.4210526316,0.7275503254,nan,0.0000200101,46.9875011560,nan,nan,nan,nan,nan,nan,nan
2991,48.4210526316,0.4707826314,nan,0.0004860058,33.1335854604,nan,nan,nan,nan,nan,nan,nan
2992,48.4210526316,0.7512849871,nan,0.0000138944,48.5716086755,nan,nan,nan,nan,nan,nan,nan
2993,48.4210526316,0.2324544085,nan,0.0027333181,25.6330982949,nan,nan,nan,nan,nan,nan,nan
2994,48.4210526316,0.8320172111,nan,0.0000036769,54.3451276901,nan,nan,nan,nan,nan,nan,nan
2995,48.4210526316,0.5404942091,nan,0.0002343575,36.3012106909,nan,nan,nan,nan,nan,nan,nan
2996,48.4210526316,0.1792491393,nan,0.0034204923,24.6591137882,nan,nan,nan,nan,nan,nan,nan
2997,48.4210526316,0.4244211887,nan,0.0007462044,31.2714220375,nan,nan,nan,nan,nan,nan,nan
2998,48.4210526316,0.2490562503,nan,0.0025181494,25.9891850165,nan,nan,nan,nan,nan,nan,nan
2999,48.4210526316,0.6858893083,nan,0.0000368867,44.3313050112,nan,nan,nan,nan,nan,nan,nan
3000,48.4210526316,0.4546955871,nan,0.0005668496,32.4653216054,nan,nan,nan,nan,nan,nan,nan
3001,48.4210526316,0.2384166791,nan,0.0026557536,25.7581222241,nan,nan,nan,nan,nan,nan,nan
3002,48.4210526316,0.9622424322,nan,0.0000003225,64.9144393061,nan,nan,nan,nan,nan,nan,nan
3003,48.4210526316,0.3051344488,nan,0.0018298535,27.3758366968,nan,nan,nan,nan,nan,nan,nan
3004,48.4210526316,0.3518367277,nan,0.0013342805,28.7475287285,nan,nan,nan,nan,nan,nan,nan
3005,48.4210526316,1.1729995640,nan,0.0000000029,85.3121602273,nan,nan,nan,nan,nan,nan,nan
3006,48.4210526316,0.6275554699,nan,0.0000816928,40.8781639368,nan,nan,nan,nan,nan,nan,nan
3007,48.4210526316,0.5438148975,nan,0.0002257810,36.4631266000,nan,nan,nan,nan,nan,nan,nan
3008,48.4210526316,0.9939018992,nan,0.0000001691,67.7186102586,nan,nan,nan,nan,nan,nan,nan
3009,48.4210526316,0.2962261543,nan,0.0019334867,27.1365882038,nan,nan,nan,nan,nan,nan,nan
3010,48.4210526316,1.0450890603,nan,0.0000000569,72.4467135394,nan,nan,nan,nan,nan,nan,nan
3011,48.4210526316,0.8874903886,nan,0.0000013622,58.6576771019,nan,nan,nan,nan,nan,nan,nan
3012,48.4210526316,0.4162554028,nan,0.0008010067,30.9636387512,nan,nan,nan,nan,nan,nan,nan
3013,48.4210526316,0.2476991492,nan,0.0025356280,25.9591446366,nan,nan,nan,nan,nan,nan,nan
3014,48.4210526316,0.5138611544,nan,0.0003134097,35.0388751948,nan,nan,nan,nan,nan,nan,nan
3015,48.4210526316,0.5268875281,nan,0.0002723811,35.6482295717,nan,nan,nan,nan,nan,nan,nan
3016,48.4210526316,0.7478521609,nan,0.0000146578,48.3393115193,nan,nan,nan,nan,nan,nan,nan
3017,48.4210526316,0.4421490866,nan,0.0006367304,31.9604442117,nan,nan,nan,nan,nan,nan,nan
3018,48.4210526316,0.3841292625,nan,0.0010443741,29.8114392512,nan,nan,nan,nan,nan,nan,nan
3019,48.4210526316,1.5584582211,nan,0.0000000000,133.1731641437,nan,nan,nan,nan,nan,nan,nan
3020,48.4210526316,0.7730189491,nan,0.0000098462,50.0673130380,nan,nan,nan,nan,nan,nan,nan
3021,48.4210526316,0.5372117638,nan,0.0002431003,36.1421455147,nan,nan,nan,nan,nan,nan,nan
3022,48.4210526316,0.1389792577,nan,0.0038985109,24.0910124905,nan,nan,nan,nan,nan,nan,nan
3023,48.4210526316,0.2858085000,nan,0.0020578335,26.8658977566,nan,nan,nan,nan,nan,nan,nan
3024,48.4210526316,0.0432372015,nan,0.0046534626,23.3222376976,nan,nan,nan,nan,nan,nan,nan
3025,48.4210526316,0.7672158121,nan,0.0000108051,49.6637256549,nan,nan,nan,nan,nan,nan,nan
3026,48.4210526316,0.8477071323,nan,0.0000027949,55.5363319134,nan,nan,nan,nan,nan,nan,nan
3027,48.4210526316,0.6257523411,nan,0.0000836302,40.7763687735,nan,nan,nan,nan,nan,nan,nan
3028,48.4210526316,0.3101442328,nan,0.0017727462,27.5135343112,nan,nan,nan,nan,nan,nan,nan
3029,48.4210526316,0.7945597122,nan,0.0000069306,51.5923052787,nan,nan,nan,nan,nan,nan,nan
3030,48.4210526316,0.4761351162,nan,0.0004611963,33.3611418807,nan,nan,nan,nan,nan,nan,nan
3031,48.4210526316,0.3444801623,nan,0.0014065768,28.5183655020,nan,nan,nan,nan,nan,nan,nan
3032,48.4210526316,0.5504443397,nan,0.0002094413,36.7893775905,nan,nan,nan,nan,nan,nan,nan
3033,48.4210526316,0.8647557627,nan,0.0000020624,56.8562165913,nan,nan,nan,nan,nan,nan,nan
3034,48.4210526316,1.0523424999,nan,0.0000000486,73.1361355640,nan,nan,nan,nan,nan,nan,nan
3035,48.4210526316,0.1643185738,nan,0.0036045295,24.4315142155,nan,nan,nan,nan,nan,nan,nan
3036,48.4210526316,0.1142540819,nan,0.0041550964,23.8141890096,nan,nan,nan,nan,nan,nan,nan
3037,48.4210526316,0.2052102235,nan,0.0030884834,25.1025473294,nan,nan,nan,nan,nan,nan,nan
3038,48.4210526316,0.7750506528,nan,0.0000095294,50.2093379136,nan,nan,nan,nan,nan,nan,nan
3039,48.4210526316,0.4141765124,nan,0.0008154085,30.8862475707,nan,nan,nan,nan,nan,nan,nan
3040,48.4210526316,0.6787684809,nan,0.0000408023,43.8931493454,nan,nan,nan,nan,nan,nan,nan
3041,48.4210526316,0.9306138339,nan,0.0000006019,62.2046792000,nan,nan,nan,nan,nan,nan,nan
3042,48.4210526316,0.9078674885,nan,0.0000009306,60.3125262943,nan,nan,nan,nan,nan,nan,nan
3043,48.4210526316,0.5521093234,nan,0.0002054971,36.8719438477,nan,nan,nan,nan,nan,nan,nan
3044,48.4210526316,0.1980224085,nan,0.0031814795,24.9737087517,nan,nan,nan,nan,nan,nan,nan
3045,48.4210526316,0.7235499512,nan,0.0000212541,46.7255721285,nan,nan,nan,nan,nan,nan,nan
3046,48.4210526316,0.4572255822,nan,0.0005534952,32.5688614260,nan,nan,nan,nan,nan,nan,nan
3047,48.4210526316,0.1750674532,nan,0.0034726811,24.5933509639,nan,nan,nan,nan,nan,nan,nan
3048,48.4210526316,0.5048422648,nan,0.0003446653,34.6260247492,nan,nan,nan,nan,nan,nan,nan
3049,48.4210526316,0.3373617713,nan,0.0014786710,28.3012844435,nan,nan,nan,nan,nan,nan,nan
3050,48.4210526316,1.2106299584,nan,0.0000000012,89.3829586116,nan,nan,nan,nan,nan,nan,nan
3051,48.4210526316,0.4731850826,nan,0.0004747444,33.2354017488,nan,nan,nan,nan,nan,nan,nan
3052,48.4210526316,0.9017008041,nan,0.0000010453,59.8077120672,nan,nan,nan,nan,nan,nan,nan
3053,48.4210526316,1.1760824418,nan,0.0000000027,85.6407713996,nan,nan,nan,nan,nan,nan,nan
3054,48.4210526316,0.7994672363,nan,0.0000063890,51.9456673897,nan,nan,nan,nan,nan,nan,nan
3055,48.4210526316,0.9456617299,nan,0.0000004485,63.4824732886,nan,nan,nan,nan,nan,nan,nan
3056,48.4210526316,0.3730350351,nan,0.0011388651,29.4352772507,nan,nan,nan,nan,nan,nan,nan
3057,48.4210526316,0.4021894097,nan,0.0009020596,30.4476476893,nan,nan,nan,nan,nan,nan,nan
3058,48.4210526316,0.7868794358,nan,0.0000078637,51.0437113046,nan,nan,nan,nan,nan,nan,nan
3059,48.4210526316,0.3046914027,nan,0.0018349454,27.3637684236,nan,nan,nan,nan,nan,nan,nan
3060,48.4210526316,0.8441717793,nan,0.0000029744,55.2659572521,nan,nan,nan,nan,nan,nan,nan
3061,48.4210526316,0.7833113585,nan,0.0000083355,50.7906812170,nan,nan,nan,nan,nan,nan,nan
3062,48.4210526316,0.3557876056,nan,0.0012963958,28.8726239923,nan,nan,nan,nan,nan,nan,nan
3063,48.4210526316,0.3333855249,nan,0.0015198399,28.1820215411,nan,nan,nan,nan,nan,nan,nan
3064,48.4210526316,0.4022219973,nan,0.0009018156,30.4488223865,nan,nan,nan,nan,nan,nan,nan
3065,48.4210526316,0.7266276231,nan,0.0000202910,46.9269565511,nan,nan,nan,nan,nan,nan,nan
3066,48.4210526316,0.1183192503,nan,0.0041153358,23.8559472058,nan,nan,nan,nan,nan,nan,nan
3067,48.4210526316,1.1918359569,nan,0.0000000018,87.3335983666,nan,nan,nan,nan,nan,nan,nan
3068,48.4210526316,0.5886651333,nan,0.0001334034,38.7483322461,nan,nan,nan,nan,nan,nan,nan
3069,48.4210526316,1.2238437696,nan,0.0000000008,90.8432585908,nan,nan,nan,nan,nan,nan,nan
3070,48.4210526316,0.5809753164,nan,0.0001464363,38.3435133546,nan,nan,nan,nan,nan,nan,nan
3071,48.4210526316,0.9796366761,nan,0.0000002268,66.4437315019,nan,nan,nan,nan,nan,nan,nan
3072,48.4210526316,0.4045390082,nan,0.0008845877,30.5325911683,nan,nan,nan,nan,nan,nan,nan
3073,48.4210526316,0.9805954763,nan,0.0000002224,66.5288347245,nan,nan,nan,nan,nan,nan,nan
3074,48.4210526316,0.1424675829,nan,0.0038596934,24.1344718714,nan,nan,nan,nan,nan,nan,nan
3075,48.4210526316,0.0478238480,nan,0.0046339525,23.3404841762,nan,nan,nan,nan,nan,nan,nan
3076,48.4210526316,0.5512659618,nan,0.0002074870,36.8300901607,nan,nan,nan,nan,nan,nan,nan
3077,48.4210526316,1.4614650379,nan,0.0000000000,119.8428783040,nan,nan,nan,nan,nan,nan,nan
3078,48.4210526316,1.1044177481,nan,0.0000000150,78.2274331462,nan,nan,nan,nan,nan,nan,nan
3079,48.4210526316,0.6197221632,nan,0.0000904047,40.4380891441,nan,nan,nan,nan,nan,nan,nan
3080,48.4210526316,0.7634504462,nan,0.0000114723,49.4035037074,nan,nan,nan,nan,nan,nan,nan
3081,48.4210526316,0.5307881044,nan,0.0002609940,35.8336952245,nan,nan,nan,nan,nan,nan,nan
3082,48.4210526316,0.3627239159,nan,0.0012314975,29.0956647416,nan,nan,nan,nan,nan,nan,nan
3083,48.4210526316,0.1955980233,nan,0.0032126983,24.9313005302,nan,nan,nan,nan,nan,nan,nan
3084,48.4210526316,0.4525801265,nan,0.0005782035,32.3791927287,nan,nan,nan,nan,nan,nan,nan
3085,48.4210526316,0.5978225178,nan,0.0001191946,39.2374344156,nan,nan,nan,nan,nan,nan,nan
3086,48.4210526316,0.7445991793,nan,0.0000154164,48.1201774839,nan,nan,nan,nan,nan,nan,nan
3087,48.4210526316,0.4692005458,nan,0.0004935347,33.0668227214,nan,nan,nan,nan,nan,nan,nan
3088,48.4210526316,0.5117542355,nan,0.0003204965,34.9417664149,nan,nan,nan,nan,nan,nan,nan
3089,48.4210526316,0.3424727034,nan,0.0014266971,28.4566821809,nan,nan,nan,nan,nan,nan,nan
3090,48.4210526316,0.4450348685,nan,0.0006201112,32.0753040510,nan,nan,nan,nan,nan,nan,nan
3091,48.4210526316,1.1696874693,nan,0.0000000032,84.9600885955,nan,nan,nan,nan,nan,nan,nan
3092,48.4210526316,0.9967308923,nan,0.0000001595,67.9736520990,nan,nan,nan,nan,nan,nan,nan
3093,48.4210526316,0.5804925608,nan,0.0001472896,38.3182790489,nan,nan,nan,nan,nan,nan,nan
3094,48.4210526316,0.3513624910,nan,0.0013388724,28.7326081307,nan,nan,nan,nan,nan,nan,nan
3095,48.4210526316,0.6026437978,nan,0.0001122532,39.4980117227,nan,nan,nan,nan,nan,nan,nan
3096,48.4210526316,0.5356582605,nan,0.0002473315,36.0672054910,nan,nan,nan,nan,nan,nan,nan
3097,48.4210526316,0.1343728414,nan,0.0039488507,24.0352928980,nan,nan,nan,nan,nan,nan,nan
3098,48.4210526316,0.3086257985,nan,0.0017899630,27.4715594306,nan,nan,nan,nan,nan,nan,nan
3099,48.4210526316,0.8130410091,nan,0.0000050880,52.9345002660,nan,nan,nan,nan,nan,nan,nan
3100,48.4210526316,0.4793140973,nan,0.0004469382,33.4975255628,nan,nan,nan,nan,nan,nan,nan
3101,48.4210526316,0.6341269165,nan,0.0000749607,41.2516612291,nan,nan,nan,nan,nan,nan,nan
3102,48.4210526316,0.5316899825,nan,0.0002584178,35.8767749559,nan,nan,nan,nan,nan,nan,nan
3103,48.4210526316,0.5750238214,nan,0.0001572569,38.0339022809,nan,nan,nan,nan,nan,nan,nan
3104,48.4210526316,0.5478024142,nan,0.0002158300,36.6588826895,nan,nan,nan,nan,nan,nan,nan
3105,48.4210526316,0.2606077301,nan,0.0023704956,26.2516084947,nan,nan,nan,nan,nan,nan,nan
3106,48.4210526316,0.6298627153,nan,0.0000792711,41.0088510496,nan,nan,nan,nan,nan,nan,nan
3107,48.4210526316,1.2287359854,nan,0.0000000007,91.3879809187,nan,nan,nan,nan,nan,nan,nan
3108,48.4210526316,0.3093998545,nan,0.0017811763,27.4929310261,nan,nan,nan,nan,nan,nan,nan
3109,48.4210526316,0.5927619460,nan,0.0001268761,38.9662016474,nan,nan,nan,nan,nan,nan,nan
3110,48.4210526316,0.5883764356,nan,0.0001338740,38.7330368958,nan,nan,nan,nan,nan,nan,nan
3111,48.4210526316,0.3981355411,nan,0.0009327671,30.3022676911,nan,nan,nan,nan,nan,nan,nan
3112,48.4210526316,0.9481841134,nan,0.0000004267,63.6986910753,nan,nan,nan,nan,nan,nan,nan
3113,48.4210526316,0.6459564979,nan,0.0000640629,41.9339332143,nan,nan,nan,nan,nan,nan,nan
3114,48.4210526316,0.4621414844,nan,0.0005282377,32.7717062201,nan,nan,nan,nan,nan,nan,nan
3115,48.4210526316,0.6812766530,nan,0.0000393826,44.0469533650,nan,nan,nan,nan,nan,nan,nan
3116,48.4210526316,0.2945164115,nan,0.0019536690,27.0914901069,nan,nan,nan,nan,nan,nan,nan
3117,48.4210526316,0.1694852404,nan,0.0035415959,24.5080099104,nan,nan,nan,nan,nan,nan,nan
3118,48.4210526316,0.3766633826,nan,0.0011073698,29.5570731861,nan,nan,nan,nan,nan,nan,nan
3119,48.4210526316,0.7749806819,nan,0.0000095402,50.2044403753,nan,nan,nan,nan,nan,nan,nan
3120,48.4210526316,0.8149890664,nan,0.0000049229,53.0777959298,nan,nan,nan,nan,nan,nan,nan
3121,48.4210526316,0.6416301678,nan,0.0000678745,41.6829321409,nan,nan,nan,nan,nan,nan,nan
3122,48.4210526316,1.2741989298,nan,0.0000000002,96.5551999677,nan,nan,nan,nan,nan,nan,nan
3123,48.4210526316,0.0910545094,nan,0.0043610225,23.6041166790,nan,nan,nan,nan,nan,nan,nan
3124,48.4210526316,0.5306756183,nan,0.0002613168,35.8283273241,nan,nan,nan,nan,nan,nan,nan
3125,48.4210526316,0.9986287822,nan,0.0000001533,68.1451633491,nan,nan,nan,nan,nan,nan,nan
3126,48.4210526316,1.3348134806,nan,0.0000000000,103.7399790081,nan,nan,nan,nan,nan,nan,nan
3127,48.4210526316,0.7181429069,nan,0.0000230470,46.3738616554,nan,nan,nan,nan,nan,nan,nan
3128,48.4210526316,0.1370888128,nan,0.0039192993,24.0679156561,nan,nan,nan,nan,nan,nan,nan
3129,48.4210526316,0.5444979174,nan,0.0002240498,36.4965548849,nan,nan,nan,nan,nan,nan,nan
3130,48.4210526316,0.5846660705,nan,0.0001400511,38.5371355198,nan,nan,nan,nan,nan,nan,nan
3131,48.4210526316,0.1408050289,nan,0.0038782670,24.1136229684,nan,nan,nan,nan,nan,nan,nan
3132,48.4210526316,0.5837080079,nan,0.0001416852,38.4867549965,nan,nan,nan,nan,nan,nan,nan
3133,48.4210526316,0.5730346111,nan,0.0001610224,37.9311378983,nan,nan,nan,nan,nan,nan,nan
3134,48.4210526316,1.3275443713,nan,0.0000000001,102.8605309977,nan,nan,nan,nan,nan,nan,nan
3135,48.4210526316,0.7187400942,nan,0.0000228424,46.4125756189,nan,nan,nan,nan,nan,nan,nan
3136,48.4210526316,0.5453022463,nan,0.0002220253,36.5359746873,nan,nan,nan,nan,nan,nan,nan
3137,48.4210526316,0.5420456626,nan,0.0002303173,36.3767342875,nan,nan,nan,nan,nan,nan,nan
3138,48.4210526316,0.5193782974,nan,0.0002954558,35.2950750805,nan,nan,nan,nan,nan,nan,nan
3139,48.4210526316,0.3807349398,nan,0.0010727124,29.6951669342,nan,nan,nan,nan,nan,nan,nan
3140,48.4210526316,0.4226467794,nan,0.0007578745,31.2040269129,nan,nan,nan,nan,nan,nan,nan
3141,48.4210526316,0.9370731628,nan,0.0000005308,62.7506339679,nan,nan,nan,nan,nan,nan,nan
3142,48.4210526316,0.6433328283,nan,0.0000663512,41.7815119051,nan,nan,nan,nan,nan,nan,nan
3143,48.4210526316,0.6052859663,nan,0.0001085997,39.6417120905,nan,nan,nan,nan,nan,nan,nan
3144,48.4210526316,0.5457694602,nan,0.0002208564,36.5588996569,nan,nan,nan,nan,nan,nan,nan
3145,48.4210526316,1.0271712403,nan,0.0000000839,70.7643429450,nan,nan,nan,nan,nan,nan,nan
3146,48.4210526316,0.3386109317,nan,0.0014658695,28.3390468627,nan,nan,nan,nan,nan,nan,nan
3147,48.4210526316,0.3696873229,nan,0.0011684336,29.3239594712,nan,nan,nan,nan,nan,nan,nan
3148,48.4210526316,0.1167607431,nan,0.0041307001,23.8397633548,nan,nan,nan,nan,nan,nan,nan
3149,48.4210526316,0.7857247338,nan,0.0000080136,50.9616983208,nan,nan,nan,nan,nan,nan,nan
3150,48.4210526316,0.8420985424,nan,0.0000030847,55.1079331860,nan,nan,nan,nan,nan,nan,nan
3151,48.4210526316,0.7342824306,nan,0.0000180651,47.4315917251,nan,nan,nan,nan,nan,nan,nan
3152,48.4210526316,0.5954167471,nan,0.0001227948,39.1082008267,nan,nan,nan,nan,nan,nan,nan
3153,48.4210526316,1.4507962651,nan,0.0000000000,118.4294876021,nan,nan,nan,nan,nan,nan,nan
3154,48.4210526316,0.3453943795,nan,0.0013974692,28.5465775873,nan,nan,nan,nan,nan,nan,nan
3155,48.4210526316,1.0209870938,nan,0.0000000957,70.1905223620,nan,nan,nan,nan,nan,nan,nan
3156,48.4210526316,0.7878104946,nan,0.0000077447,51.1099287065,nan,nan,nan,nan,nan,nan,nan
3157,48.4210526316,0.4727227257,nan,0.0004768957,33.2157662445,nan,nan,nan,nan,nan,nan,nan
3158,48.4210526316,0.6448810427,nan,0.0000649923,41.8713790621,nan,nan,nan,nan,nan,nan,nan
3159,48.4210526316,0.1012940972,nan,0.0042747276,23.6909155690,nan,nan,nan,nan,nan,nan,nan
3160,48.4210526316,0.1341714131,nan,0.0039510272,24.0328997556,nan,nan,nan,nan,nan,nan,nan
3161,48.4210526316,0.4477740073,nan,0.0006046407,32.1850265265,nan,nan,nan,nan,nan,nan,nan
3162,48.4210526316,0.4910357299,nan,0.0003973435,34.0083384678,nan,nan,nan,nan,nan,nan,nan
3163,48.4210526316,0.6966666706,nan,0.0000315991,45.0032527822,nan,nan,nan,nan,nan,nan,nan
3164,48.4210526316,1.0670250818,nan,0.0000000351,74.5464464333,nan,nan,nan,nan,nan,nan,nan
3165,48.4210526316,0.4258504293,nan,0.0007368999,31.3259147676,nan,nan,nan,nan,nan,nan,nan
3166,48.4210526316,0.2370106081,nan,0.0026740225,25.7283494390,nan,nan,nan,nan,nan,nan,nan
3167,48.4210526316,0.9171332169,nan,0.0000007803,61.0775775999,nan,nan,nan,nan,nan,nan,nan
3168,48.4210526316,0.7400326453,nan,0.0000165417,47.8141877374,nan,nan,nan,nan,nan,nan,nan
3169,48.4210526316,0.9281072487,nan,0.0000006319,61.9938467550,nan,nan,nan,nan,nan,nan,nan
3170,48.4210526316,0.3210586331,nan,0.0016514367,27.8213807492,nan,nan,nan,nan,nan,nan,nan
3171,48.4210526316,0.7020232853,nan,0.0000292336,45.3411704969,nan,nan,nan,nan,nan,nan,nan
3172,48.4210526316,0.3129759173,nan,0.0017408571,27.5923688200,nan,nan,nan,nan,nan,nan,nan
3173,48.4210526316,0.8121999839,nan,0.0000051609,52.8727431559,nan,nan,nan,nan,nan,nan,nan
3174,48.4210526316,0.6634399370,nan,0.0000505166,42.9656554374,nan,nan,nan,nan,nan,nan,nan
3175,48.4210526316,0.5603361419,nan,0.0001869126,37.2836135109,nan,nan,nan,nan,nan,nan,nan
3176,48.4210526316,0.8379798919,nan,0.0000033150,54.7951719398,nan,nan,nan,nan,nan,nan,nan
3177,48.4210526316,0.5648550198,nan,0.0001773226,37.5123591666,nan,nan,nan,nan,nan,nan,nan
3178,48.4210526316,1.1880089051,nan,0.0000000020,86.9202589802,nan,nan,nan,nan,nan,nan,nan
3179,48.4210526316,1.1597473256,nan,0.0000000041,83.9095101436,nan,nan,nan,nan,nan,nan,nan
3180,48.4210526316,1.0065256267,nan,0.0000001299,68.8623408337,nan,nan,nan,nan,nan,nan,nan
3181,48.4210526316,0.4369419053,nan,0.0006675594,31.7551006447,nan,nan,nan,nan,nan,nan,nan
3182,48.4210526316,0.3101173519,nan,0.0017730503,27.5127894163,nan,nan,nan,nan,nan,nan,nan
3183,48.4210526316,0.8231150361,nan,0.0000042862,53.6792699551,nan,nan,nan,nan,nan,nan,nan
3184,48.4210526316,1.3174657504,nan,0.0000000001,101.6492138710,nan,nan,nan,nan,nan,nan,nan
3185,48.4210526316,0.1061260406,nan,0.0042314352,23.7351230657,nan,nan,nan,nan,nan,nan,nan
3186,48.4210526316,0.7335844848,nan,0.0000182585,47.3853587132,nan,nan,nan,nan,nan,nan,nan
3187,48.4210526316,0.4735653095,nan,0.0004729809,33.2515638879,nan,nan,nan,nan,nan,nan,nan
3188,48.4210526316,0.6941556080,nan,0.0000327661,44.8457458521,nan,nan,nan,nan,nan,nan,nan
3189,48.4210526316,0.5748681120,nan,0.0001575489,38.0258451982,nan,nan,nan,nan,nan,nan,nan
3190,48.4210526316,0.1978211028,nan,0.0031840748,24.9701673188,nan,nan,nan,nan,nan,nan,nan
3191,48.4210526316,0.5791360030,nan,0.0001497103,38.2474834989,nan,nan,nan,nan,nan,nan,nan
3192,48.4210526316,1.2584387356,nan,0.0000000003,94.7424247851,nan,nan,nan,nan,nan,nan,nan
3193,48.4210526316,0.3540472892,nan,0.0013130018,28.8173468155,nan,nan,nan,nan,nan,nan,nan
3194,48.4210526316,0.5235383026,nan,0.0002824825,35.4900839742,nan,nan,nan,nan,nan,nan,nan
3195,48.4210526316,0.3549992525,nan,0.0013039022,28.8475497845,nan,nan,nan,nan,nan,nan,nan
3196,48.4210526316,0.6111953709,nan,0.0001007996,39.9654105520,nan,nan,nan,nan,nan,nan,nan
3197,48.4210526316,0.2213044816,nan,0.0028787984,25.4078874490,nan,nan,nan,nan,nan,nan,nan
3198,48.4210526316,0.5084061694,nan,0.0003320257,34.7882829493,nan,nan,nan,nan,nan,nan,nan
3199,48.4210526316,0.2800131891,nan,0.0021283564,26.7195564058,nan,nan,nan,nan,nan,nan,nan
3200,48.4210526316,0.6823119105,nan,0.0000388096,44.1106038834,nan,nan,nan,nan,nan,nan,nan
3201,48.4210526316,0.2309649222,nan,0.0027527293,25.6023650018,nan,nan,nan,nan,nan,nan,nan
3202,48.4210526316,0.8429553301,nan,0.0000030387,55.1731906882,nan,nan,nan,nan,nan,nan,nan
3203,48.4210526316,0.2723452071,nan,0.0022230092,26.5305873234,nan,nan,nan,nan,nan,nan,nan
3204,48.4210526316,0.1801831006,nan,0.0034087754,24.6740161824,nan,nan,nan,nan,nan,nan,nan
3205,48.4210526316,0.6662516307,nan,0.0000485939,43.1341793439,nan,nan,nan,nan,nan,nan,nan
3206,48.4210526316,0.5269904071,nan,0.0002720756,35.6531035213,nan,nan,nan,nan,nan,nan,nan
3207,48.4210526316,1.1085775712,nan,0.0000000137,78.6448602385,nan,nan,nan,nan,nan,nan,nan
3208,48.4210526316,0.5264628612,nan,0.0002736452,35.6281209340,nan,nan,nan,nan,nan,nan,nan
3209,48.4210526316,0.1651748499,nan,0.0035941597,24.4440263032,nan,nan,nan,nan,nan,nan,nan
3210,48.4210526316,0.2788668302,nan,0.0021424129,26.6909681758,nan,nan,nan,nan,nan,nan,nan
3211,48.4210526316,0.5659389471,nan,0.0001750853,37.5675039921,nan,nan,nan,nan,nan,nan,nan
3212,48.4210526316,0.6545549776,nan,0.0000570446,42.4378583118,nan,nan,nan,nan,nan,nan,nan
3213,48.4210526316,0.7831718141,nan,0.0000083545,50.7808090653,nan,nan,nan,nan,nan,nan,nan
3214,48.4210526316,1.6008782139,nan,0.0000000000,139.2755110797,nan,nan,nan,nan,nan,nan,nan
3215,48.4210526316,0.3274287231,nan,0.0015826939,28.0060306883,nan,nan,nan,nan,nan,nan,nan
3216,48.4210526316,1.1329027356,nan,0.0000000077,81.1176142900,nan,nan,nan,nan,nan,nan,nan
3217,48.4210526316,0.6744895944,nan,0.0000433303,43.6320877010,nan,nan,nan,nan,nan,nan,nan
3218,48.4210526316,0.8900282544,nan,0.0000012997,58.8617085405,nan,nan,nan,nan,nan,nan,nan
3219,48.4210526316,0.1432950056,nan,0.0038504011,24.1449402648,nan,nan,nan,nan,nan,nan,nan
3220,48.4210526316,0.6259282499,nan,0.0000834394,40.7862866142,nan,nan,nan,nan,nan,nan,nan
3221,48.4210526316,0.8703566652,nan,0.0000018640,57.2956342389,nan,nan,nan,nan,nan,nan,nan
3222,48.4210526316,0.5524411199,nan,0.0002047186,36.8884277279,nan,nan,nan,nan,nan,nan,nan
3223,48.4210526316,0.4870895923,nan,0.0004135255,33.8349770305,nan,nan,nan,nan,nan,nan,nan
3224,48.4210526316,0.7514074025,nan,0.0000138678,48.5799123196,nan,nan,nan,nan,nan,nan,nan
3225,48.4210526316,0.3776403015,nan,0.0010989881,29.5900700822,nan,nan,nan,nan,nan,nan,nan
3226,48.4210526316,0.7153568117,nan,0.0000240233,46.1936772145,nan,nan,nan,nan,nan,nan,nan
3227,48.4210526316,0.4177771688,nan,0.0007905806,31.0205382808,nan,nan,nan,nan,nan,nan,nan
3228,48.4210526316,0.2802683468,nan,0.0021252324,26.7259357454,nan,nan,nan,nan,nan,nan,nan
3229,48.4210526316,0.6801068019,nan,0.0000400392,43.9751453247,nan,nan,nan,nan,nan,nan,nan
3230,48.4210526316,1.1995240755,nan,0.0000000015,88.1680157086,nan,nan,nan,nan,nan,nan,nan
3231,48.4210526316,1.2538114110,nan,0.0000000004,94.2145132483,nan,nan,nan,nan,nan,nan,nan
3232,48.4210526316,0.2460445862,nan,0.0025569696,25.9227443585,nan,nan,nan,nan,nan,nan,nan
3233,48.4210526316,0.3006531059,nan,0.0018816612,27.2545857209,nan,nan,nan,nan,nan,nan,nan
3234,48.4210526316,0.7808625333,nan,0.0000086742,50.6176960548,nan,nan,nan,nan,nan,nan,nan
3235,48.4210526316,0.7442716285,nan,0.0000154947,48.0981658892,nan,nan,nan,nan,nan,nan,nan
3236,48.4210526316,0.4184023319,nan,0.0007863259,31.0439742875,nan,nan,nan,nan,nan,nan,nan
3237,48.4210526316,0.6725063918,nan,0.0000445486,43.5116558029,nan,nan,nan,nan,nan,nan,nan
3238,48.4210526316,0.6952347443,nan,0.0000322599,44.9133644031,nan,nan,nan,nan,nan,nan,nan
3239,48.4210526316,0.8584568526,nan,0.0000023092,56.3654655296,nan,nan,nan,nan,nan,nan,nan
3240,48.4210526316,0.5021414759,nan,0.0003545005,34.5038317601,nan,nan,nan,nan,nan,nan,nan
3241,48.4210526316,0.7222399714,nan,0.0000216765,46.6401172647,nan,nan,nan,nan,nan,nan,nan
3242,48.4210526316,0.3755718811,nan,0.0011167839,29.5203083656,nan,nan,nan,nan,nan,nan,nan
3243,48.4210526316,0.6605326756,nan,0.0000525756,42.7921616894,nan,nan,nan,nan,nan,nan,nan
3244,48.4210526316,0.1642115625,nan,0.0036058237,24.4299551696,nan,nan,nan,nan,nan,nan,nan
3245,48.4210526316,0.6480749576,nan,0.0000622664,42.0574624695,nan,nan,nan,nan,nan,nan,nan
3246,48.4210526316,1.1067582077,nan,0.0000000142,78.4620966522,nan,nan,nan,nan,nan,nan,nan
3247,48.4210526316,0.3854913178,nan,0.0010331444,29.8583899074,nan,nan,nan,nan,nan,nan,nan
3248,48.4210526316,0.1394532610,nan,0.0038932708,24.0968538884,nan,nan,nan,nan,nan,nan,nan
3249,48.4210526316,0.9066164851,nan,0.0000009528,60.2098358022,nan,nan,nan,nan,nan,nan,nan
3250,48.4210526316,0.8218141781,nan,0.0000043827,53.5825762201,nan,nan,nan,nan,nan,nan,nan
3251,48.4210526316,0.7349449247,nan,0.0000178833,47.4755175129,nan,nan,nan,nan,nan,nan,nan
3252,48.4210526316,0.0866332969,nan,0.0043958942,23.5695276946,nan,nan,nan,nan,nan,nan,nan
3253,48.4210526316,1.6671364404,nan,0.0000000000,149.1388941327,nan,nan,nan,nan,nan,nan,nan
3254,48.4210526316,0.8690210712,nan,0.0000019096,57.1905898970,nan,nan,nan,nan,nan,nan,nan
3255,48.4210526316,0.3113169484,nan,0.0017595050,27.5460949483,nan,nan,nan,nan,nan,nan,nan
3256,48.4210526316,0.7405668568,nan,0.0000164063,47.8498852855,nan,nan,nan,nan,nan,nan,nan
3257,48.4210526316,0.1790300457,nan,0.0034232378,24.6556292527,nan,nan,nan,nan,nan,nan,nan
3258,48.4210526316,0.4015987312,nan,0.0009064895,30.4263720207,nan,nan,nan,nan,nan,nan,nan
3259,48.4210526316,0.8374237794,nan,0.0000033473,54.7530608537,nan,nan,nan,nan,nan,nan,nan
3260,48.4210526316,0.2110225085,nan,0.0030129167,25.2101287467,nan,nan,nan,nan,nan,nan,nan
3261,48.4210526316,0.3416871669,nan,0.0014346157,28.4326442260,nan,nan,nan,nan,nan,nan,nan
3262,48.4210526316,0.5937326740,nan,0.0001253704,39.0180491927,nan,nan,nan,nan,nan,nan,nan
3263,48.4210526316,1.4144533421,nan,0.0000000000,113.6934258979,nan,nan,nan,nan,nan,nan,nan
3264,48.4210526316,0.6380548632,nan,0.0000711739,41.4767911338,nan,nan,nan,nan,nan,nan,nan
3265,48.4210526316,0.4956561743,nan,0.0003790424,34.2131221341,nan,nan,nan,nan,nan,nan,nan
3266,48.4210526316,0.1501781330,nan,0.0037718969,24.2344019002,nan,nan,nan,nan,nan,nan,nan
3267,48.4210526316,0.8612568739,nan,0.0000021963,56.5831683930,nan,nan,nan,nan,nan,nan,nan
3268,48.4210526316,0.7134616695,nan,0.0000247086,46.0715180719,nan,nan,nan,nan,nan,nan,nan
3269,48.4210526316,0.5994885192,nan,0.0001167552,39.3272379158,nan,nan,nan,nan,nan,nan,nan
3270,48.4210526316,1.0449631876,nan,0.0000000571,72.4347922309,nan,nan,nan,nan,nan,nan,nan
3271,48.4210526316,0.3437574012,nan,0.0014138017,28.4961151572,nan,nan,nan,nan,nan,nan,nan
3272,48.4210526316,0.2833759982,nan,0.0020873229,26.8041036660,nan,nan,nan,nan,nan,nan,nan
3273,48.4210526316,0.2705999745,nan,0.0022447504,26.4883194207,nan,nan,nan,nan,nan,nan,nan
3274,48.4210526316,0.3863241948,nan,0.0010263176,29.8871823913,nan,nan,nan,nan,nan,nan,nan
3275,48.4210526316,0.4961392762,nan,0.0003771685,34.2346458348,nan,nan,nan,nan,nan,nan,nan
3276,48.4210526316,0.4340923552,nan,0.0006848932,31.6437713644,nan,nan,nan,nan,nan,nan,nan
3277,48.4210526316,0.3382922153,nan,0.0014691297,28.3293985724,nan,nan,nan,nan,nan,nan,nan
3278,48.4210526316,0.7853080454,nan,0.0000080684,50.9321328457,nan,nan,nan,nan,nan,nan,nan
3279,48.4210526316,0.5908594103,nan,0.0001298723,38.8648342678,nan,nan,nan,nan,nan,nan,nan
3280,48.4210526316,0.3856409092,nan,0.0010319160,29.8635566391,nan,nan,nan,nan,nan,nan,nan
3281,48.4210526316,0.8800102495,nan,0.0000015632,58.0597408407,nan,nan,nan,nan,nan,nan,nan
3282,48.4210526316,0.5664350200,nan,0.0001740693,37.5927773878,nan,nan,nan,nan,nan,nan,nan
3283,48.4210526316,0.3358644427,nan,0.0014940991,28.2562058908,nan,nan,nan,nan,nan,nan,nan
3284,48.4210526316,0.2158362172,nan,0.0029501706,25.3015286735,nan,nan,nan,nan,nan,nan,nan
3285,48.4210526316,0.3462647189,nan,0.0013888310,28.5735059237,nan,nan,nan,nan,nan,nan,nan
3286,48.4210526316,0.3839721530,nan,0.0010456746,29.8060344310,nan,nan,nan,nan,nan,nan,nan
3287,48.4210526316,0.3695110123,nan,0.0011700044,29.3181249501,nan,nan,nan,nan,nan,nan,nan
3288,48.4210526316,0.2540052132,nan,0.0024546293,26.1001407899,nan,nan,nan,nan,nan,nan,nan
3289,48.4210526316,0.0765490646,nan,0.0044697718,23.4971464861,nan,nan,nan,nan,nan,nan,nan
3290,48.4210526316,0.1950630358,nan,0.0032195758,24.9220135130,nan,nan,nan,nan,nan,nan,nan
3291,48.4210526316,0.6240907279,nan,0.0000854511,40.6828251803,nan,nan,nan,nan,nan,nan,nan
3292,48.4210526316,0.3464821680,nan,0.0013866778,28.5802445115,nan,nan,nan,nan,nan,nan,nan
3293,48.4210526316,0.2233623616,nan,0.0028519304,25.4486108289,nan,nan,nan,nan,nan,nan,nan
3294,48.4210526316,0.4846450746,nan,0.0004238094,33.7282944723,nan,nan,nan,nan,nan,nan,nan
3295,48.4210526316,0.9676556382,nan,0.0000002892,65.3873947331,nan,nan,nan,nan,nan,nan,nan
3296,48.4210526316,0.7184155524,nan,0.0000229534,46.3915324524,nan,nan,nan,nan,nan,nan,nan
3297,48.4210526316,0.3086671051,nan,0.0017894936,27.4726985340,nan,nan,nan,nan,nan,nan,nan
3298,48.4210526316,0.7729951949,nan,0.0000098500,50.0656547507,nan,nan,nan,nan,nan,nan,nan
3299,48.4210526316,0.6751187049,nan,0.0000429500,43.6703660014,nan,nan,nan,nan,nan,nan,nan
3300,48.4210526316,0.1789580492,nan,0.0034241398,24.6544851375,nan,nan,nan,nan,nan,nan,nan
3301,48.4210526316,0.3908108605,nan,0.0009900639,30.0433675543,nan,nan,nan,nan,nan,nan,nan
3302,48.4210526316,0.6988905092,nan,0.0000305969,45.1432239629,nan,nan,nan,nan,nan,nan,nan
3303,48.4210526316,0.5250523210,nan,0.0002778787,35.5614473835,nan,nan,nan,nan,nan,nan,nan
3304,48.4210526316,0.4549047526,nan,0.0005657363,32.4738596425,nan,nan,nan,nan,nan,nan,nan
3305,48.4210526316,0.0838086925,nan,0.0044173915,23.5483410760,nan,nan,nan,nan,nan,nan,nan
3306,48.4210526316,0.2814194515,nan,0.0021111601,26.7547882328,nan,nan,nan,nan,nan,nan,nan
3307,48.4210526316,0.5193897548,nan,0.0002954194,35.2956100078,nan,nan,nan,nan,nan,nan,nan
3308,48.4210526316,0.3754983652,nan,0.0011174199,29.5178360232,nan,nan,nan,nan,nan,nan,nan
3309,48.4210526316,0.5444197547,nan,0.0002242473,36.4927273040,nan,nan,nan,nan,nan,nan,nan
3310,48.4210526316,0.5302308993,nan,0.0002625962,35.8071163596,nan,nan,nan,nan,nan,nan,nan
3311,48.4210526316,0.6800383346,nan,0.0000400779,43.9709465164,nan,nan,nan,nan,nan,nan,nan
3312,48.4210526316,0.4870096954,nan,0.0004138585,33.8314816192,nan,nan,nan,nan,nan,nan,nan
3313,48.4210526316,0.5391752878,nan,0.0002378385,36.2371788107,nan,nan,nan,nan,nan,nan,nan
3314,48.4210526316,0.4531860190,nan,0.0005749341,32.4038195152,nan,nan,nan,nan,nan,nan,nan
3315,48.4210526316,0.4778313553,nan,0.0004535447,33.4337991626,nan,nan,nan,nan,nan,nan,nan
3316,48.4210526316,0.2676252493,nan,0.0022819662,26.4169079367,nan,nan,nan,nan,nan,nan,nan
3317,48.4210526316,0.6911047970,nan,0.0000342361,44.6551572652,nan,nan,nan,nan,nan,nan,nan
3318,48.4210526316,0.2857417937,nan,0.0020586399,26.8641960554,nan,nan,nan,nan,nan,nan,nan
3319,48.4210526316,0.7018777104,nan,0.0000292958,45.3319524097,nan,nan,nan,nan,nan,nan,nan
3320,48.4210526316,0.9879838508,nan,0.0000001911,67.1874529205,nan,nan,nan,nan,nan,nan,nan
3321,48.4210526316,0.5730658133,nan,0.0001609627,37.9327470508,nan,nan,nan,nan,nan,nan,nan
3322,48.4210526316,0.1473406899,nan,0.0038045136,24.1970086428,nan,nan,nan,nan,nan,nan,nan
3323,48.4210526316,0.7421406868,nan,0.0000160133,47.9552046358,nan,nan,nan,nan,nan,nan,nan
3324,48.4210526316,0.8094359825,nan,0.0000054072,52.6702359075,nan,nan,nan,nan,nan,nan,nan
3325,48.4210526316,0.8455671696,nan,0.0000029023,55.3725365397,nan,nan,nan,nan,nan,nan,nan
3326,48.4210526316,0.9524941763,nan,0.0000003918,64.0694965700,nan,nan,nan,nan,nan,nan,nan
3327,48.4210526316,0.3879028967,nan,0.0010134608,29.9419304853,nan,nan,nan,nan,nan,nan,nan
3328,48.4210526316,0.2526833140,nan,0.0024715605,26.0702876230,nan,nan,nan,nan,nan,nan,nan
3329,48.4210526316,0.7901296596,nan,0.0000074555,51.2752133959,nan,nan,nan,nan,nan,nan,nan
3330,48.4210526316,0.3231708008,nan,0.0016284711,27.8821995118,nan,nan,nan,nan,nan,nan,nan
3331,48.4210526316,0.4478360002,nan,0.0006042939,32.1875176734,nan,nan,nan,nan,nan,nan,nan
3332,48.4210526316,0.7849913184,nan,0.0000081102,50.9096705923,nan,nan,nan,nan,nan,nan,nan
3333,48.4210526316,0.3936520218,nan,0.0009675614,30.1432146477,nan,nan,nan,nan,nan,nan,nan
3334,48.4210526316,0.7394320084,nan,0.0000166952,47.7740825655,nan,nan,nan,nan,nan,nan,nan
3335,48.4210526316,0.8143837790,nan,0.0000049737,53.0332349041,nan,nan,nan,nan,nan,nan,nan
3336,48.4210526316,0.1516910603,nan,0.0037543651,24.2546349847,nan,nan,nan,nan,nan,nan,nan
3337,48.4210526316,0.5047890376,nan,0.0003448570,34.6236101641,nan,nan,nan,nan,nan,nan,nan
3338,48.4210526316,0.4690217979,nan,0.0004943911,33.0592939975,nan,nan,nan,nan,nan,nan,nan
3339,48.4210526316,0.9063926264,nan,0.0000009569,60.1914751323,nan,nan,nan,nan,nan,nan,nan
3340,48.4210526316,0.5608822824,nan,0.0001857308,37.3111604028,nan,nan,nan,nan,nan,nan,nan
3341,48.4210526316,0.5174996407,nan,0.0003014724,35.2075249965,nan,nan,nan,nan,nan,nan,nan
3342,48.4210526316,0.6628792389,nan,0.0000509081,42.9321352141,nan,nan,nan,nan,nan,nan,nan
3343,48.4210526316,1.2308688487,nan,0.0000000007,91.6261521535,nan,nan,nan,nan,nan,nan,nan
3344,48.4210526316,0.4388739509,nan,0.0006559937,31.8310030954,nan,nan,nan,nan,nan,nan,nan
3345,48.4210526316,0.8073775242,nan,0.0000055977,52.5198746910,nan,nan,nan,nan,nan,nan,nan
3346,48.4210526316,0.7240779423,nan,0.0000210860,46.7600592552,nan,nan,nan,nan,nan,nan,nan
3347,48.4210526316,0.7965499035,nan,0.0000067060,51.7353419867,nan,nan,nan,nan,nan,nan,nan
3348,48.4210526316,0.2626339279,nan,0.0023448335,26.2988798584,nan,nan,nan,nan,nan,nan,nan
3349,48.4210526316,0.5792506617,nan,0.0001495044,38.2534607798,nan,nan,nan,nan,nan,nan,nan
3350,48.4210526316,1.2076544956,nan,0.0000000012,89.0563429976,nan,nan,nan,nan,nan,nan,nan
3351,48.4210526316,0.4448153675,nan,0.0006213637,32.0665409111,nan,nan,nan,nan,nan,nan,nan
3352,48.4210526316,0.7073562590,nan,0.0000270384,45.6801981307,nan,nan,nan,nan,nan,nan,nan
3353,48.4210526316,0.8937996413,nan,0.0000012117,59.1659975635,nan,nan,nan,nan,nan,nan,nan
3354,48.4210526316,0.4280358919,nan,0.0007228366,31.4095983956,nan,nan,nan,nan,nan,nan,nan
3355,48.4210526316,0.2351003720,nan,0.0026988661,25.6881866547,nan,nan,nan,nan,nan,nan,nan
3356,48.4210526316,0.1607856147,nan,0.0036470477,24.3805855331,nan,nan,nan,nan,nan,nan,nan
3357,48.4210526316,0.7635387445,nan,0.0000114562,49.4095911090,nan,nan,nan,nan,nan,nan,nan
3358,48.4210526316,0.9434420618,nan,0.0000004685,63.2926861280,nan,nan,nan,nan,nan,nan,nan
3359,48.4210526316,0.6230219634,nan,0.0000866405,40.6227900826,nan,nan,nan,nan,nan,nan,nan
3360,48.4210526316,0.6294058816,nan,0.0000797455,40.9829365304,nan,nan,nan,nan,nan,nan,nan
3361,48.4210526316,0.3576803594,nan,0.0012784819,28.9330542955,nan,nan,nan,nan,nan,nan,nan
3362,48.4210526316,0.5834275007,nan,0.0001421667,38.4720201096,nan,nan,nan,nan,nan,nan,nan
3363,48.4210526316,0.7503157263,nan,0.0000141062,48.5059103708,nan,nan,nan,nan,nan,nan,nan
3364,48.4210526316,0.6158983766,nan,0.0000949445,40.2253000529,nan,nan,nan,nan,nan,nan,nan
3365,48.4210526316,1.0567407339,nan,0.0000000441,73.5565266370,nan,nan,nan,nan,nan,nan,nan
3366,48.4210526316,0.7954258161,nan,0.0000068320,51.6545083950,nan,nan,nan,nan,nan,nan,nan
3367,48.4210526316,1.0577886423,nan,0.0000000431,73.6569492560,nan,nan,nan,nan,nan,nan,nan
3368,48.4210526316,0.0830217498,nan,0.0044232706,23.5425649446,nan,nan,nan,nan,nan,nan,nan
3369,48.4210526316,0.2511944697,nan,0.0024906615,26.0368529318,nan,nan,nan,nan,nan,nan,nan
3370,48.4210526316,0.3976874161,nan,0.0009362054,30.2862884698,nan,nan,nan,nan,nan,nan,nan
3371,48.4210526316,0.8606602596,nan,0.0000022199,56.5367212516,nan,nan,nan,nan,nan,nan,nan
3372,48.4210526316,0.8603955054,nan,0.0000022304,56.5161202458,nan,nan,nan,nan,nan,nan,nan
3373,48.4210526316,0.9229349322,nan,0.0000006981,61.5606140970,nan,nan,nan,nan,nan,nan,nan
3374,48.4210526316,0.3937995441,nan,0.0009664026,30.1484190149,nan,nan,nan,nan,nan,nan,nan
3375,48.4210526316,0.5827932961,nan,0.0001432606,38.4387321108,nan,nan,nan,nan,nan,nan,nan
3376,48.4210526316,0.9297465743,nan,0.0000006121,62.1316676766,nan,nan,nan,nan,nan,nan,nan
3377,48.4210526316,0.8719216804,nan,0.0000018118,57.4189302053,nan,nan,nan,nan,nan,nan,nan
3378,48.4210526316,0.9348447567,nan,0.0000005544,62.5618531874,nan,nan,nan,nan,nan,nan,nan
3379,48.4210526316,0.5445242084,nan,0.0002239834,36.4978424603,nan,nan,nan,nan,nan,nan,nan
3380,48.4210526316,0.5229385755,nan,0.0002843234,35.4618734245,nan,nan,nan,nan,nan,nan,nan
3381,48.4210526316,0.6511129455,nan,0.0000597678,42.2353243742,nan,nan,nan,nan,nan,nan,nan
3382,48.4210526316,0.6179851502,nan,0.0000924430,40.3412613192,nan,nan,nan,nan,nan,nan,nan
3383,48.4210526316,0.4976619122,nan,0.0003713109,34.3026228359,nan,nan,nan,nan,nan,nan,nan
3384,48.4210526316,0.3616218105,nan,0.0012416709,29.0599348302,nan,nan,nan,nan,nan,nan,nan
3385,48.4210526316,0.5349123103,nan,0.0002493848,36.0312993475,nan,nan,nan,nan,nan,nan,nan
3386,48.4210526316,0.6697148082,nan,0.0000463154,43.3427420995,nan,nan,nan,nan,nan,nan,nan
3387,48.4210526316,0.2428886470,nan,0.0025977669,25.8539982102,nan,nan,nan,nan,nan,nan,nan
3388,48.4210526316,0.2610670423,nan,0.0023646715,26.2622918233,nan,nan,nan,nan,nan,nan,nan
3389,48.4210526316,1.0462809259,nan,0.0000000555,72.5596662960,nan,nan,nan,nan,nan,nan,nan
3390,48.4210526316,0.8064408512,nan,0.0000056865,52.4515831202,nan,nan,nan,nan,nan,nan,nan
3391,48.4210526316,0.8654203084,nan,0.0000020379,56.9082033280,nan,nan,nan,nan,nan,nan,nan
3392,48.4210526316,0.3231105019,nan,0.0016291244,27.8804576407,nan,nan,nan,nan,nan,nan,nan
3393,48.4210526316,0.4671912564,nan,0.0005032271,32.9823600538,nan,nan,nan,nan,nan,nan,nan
3394,48.4210526316,0.2074087826,nan,0.0030599310,25.1428837302,nan,nan,nan,nan,nan,nan,nan
3395,48.4210526316,0.6959800649,nan,0.0000319144,44.9601281408,nan,nan,nan,nan,nan,nan,nan
3396,48.4210526316,0.6833128470,nan,0.0000382628,44.1722372218,nan,nan,nan,nan,nan,nan,nan
3397,48.4210526316,0.2954160743,nan,0.0019430377,27.1151877019,nan,nan,nan,nan,nan,nan,nan
3398,48.4210526316,0.0266261775,nan,0.0047079407,23.2716901544,nan,nan,nan,nan,nan,nan,nan
3399,48.4210526316,0.1960231206,nan,0.0032072305,24.9386982758,nan,nan,nan,nan,nan,nan,nan
3400,48.4210526316,0.4662612880,nan,0.0005077627,32.9433919555,nan,nan,nan,nan,nan,nan,nan
3401,48.4210526316,0.9125967870,nan,0.0000008507,60.7020323466,nan,nan,nan,nan,nan,nan,nan
3402,48.4210526316,0.2820822515,nan,0.0021030734,26.7714556208,nan,nan,nan,nan,nan,nan,nan
3403,48.4210526316,0.9582001667,nan,0.0000003497,64.5630143911,nan,nan,nan,nan,nan,nan,nan
3404,48.4210526316,0.5573674311,nan,0.0001934484,37.1343489804,nan,nan,nan,nan,nan,nan,nan
3405,48.4210526316,0.4127953226,nan,0.0008250786,30.8350465318,nan,nan,nan,nan,nan,nan,nan
3406,48.4210526316,0.7209636893,nan,0.0000220952,46.5570112920,nan,nan,nan,nan,nan,nan,nan
3407,48.4210526316,0.4624085279,nan,0.0005268915,32.7827880783,nan,nan,nan,nan,nan,nan,nan
3408,48.4210526316,0.2828380739,nan,0.0020938662,26.7905106473,nan,nan,nan,nan,nan,nan,nan
3409,48.4210526316,0.5896390073,nan,0.0001318261,38.7999845816,nan,nan,nan,nan,nan,nan,nan
3410,48.4210526316,0.4543937342,nan,0.0005684592,32.4530071113,nan,nan,nan,nan,nan,nan,nan
3411,48.4210526316,0.5497467942,nan,0.0002111125,36.7548614127,nan,nan,nan,nan,nan,nan,nan
3412,48.4210526316,0.7471147286,nan,0.0000148267,48.2895503786,nan,nan,nan,nan,nan,nan,nan
3413,48.4210526316,0.7351840835,nan,0.0000178181,47.4913844616,nan,nan,nan,nan,nan,nan,nan
3414,48.4210526316,0.6412169888,nan,0.0000682488,41.6590499612,nan,nan,nan,nan,nan,nan,nan
3415,48.4210526316,0.3242840484,nan,0.0016164351,27.9144172609,nan,nan,nan,nan,nan,nan,nan
3416,48.4210526316,0.6922783791,nan,0.0000336638,44.7283721313,nan,nan,nan,nan,nan,nan,nan
3417,48.4210526316,0.4106074001,nan,0.0008405637,30.7542938469,nan,nan,nan,nan,nan,nan,nan
3418,48.4210526316,0.2189456607,nan,0.0029095929,25.3616777789,nan,nan,nan,nan,nan,nan,nan
3419,48.4210526316,1.1316467527,nan,0.0000000080,80.9886089793,nan,nan,nan,nan,nan,nan,nan
3420,48.4210526316,0.2315316442,nan,0.0027453424,25.6140348971,nan,nan,nan,nan,nan,nan,nan
3421,48.4210526316,0.4444969611,nan,0.0006231840,32.0538369463,nan,nan,nan,nan,nan,nan,nan
3422,48.4210526316,0.4746473978,nan,0.0004679903,33.2976316128,nan,nan,nan,nan,nan,nan,nan
3423,48.4210526316,0.7651039814,nan,0.0000111748,49.5176189292,nan,nan,nan,nan,nan,nan,nan
3424,48.4210526316,0.1540558237,nan,0.0037267726,24.2866710891,nan,nan,nan,nan,nan,nan,nan
3425,48.4210526316,0.6931752638,nan,0.0000332322,44.7844097259,nan,nan,nan,nan,nan,nan,nan
3426,48.4210526316,0.0338039031,nan,0.0046875409,23.2905493053,nan,nan,nan,nan,nan,nan,nan
3427,48.4210526316,0.9705911341,nan,0.0000002726,65.6449934667,nan,nan,nan,nan,nan,nan,nan
3428,48.4210526316,0.1654474311,nan,0.0035908535,24.4480231223,nan,nan,nan,nan,nan,nan,nan
3429,48.4210526316,0.3202596148,nan,0.0016601684,27.7984786143,nan,nan,nan,nan,nan,nan,nan
3430,48.4210526316,0.7782195127,nan,0.0000090540,50.4316077835,nan,nan,nan,nan,nan,nan,nan
3431,48.4210526316,0.8743038809,nan,0.0000017350,57.6070363075,nan,nan,nan,nan,nan,nan,nan
3432,48.4210526316,1.0283914422,nan,0.0000000817,70.8779783170,nan,nan,nan,nan,nan,nan,nan
3433,48.4210526316,0.2269030625,nan,0.0028057112,25.5195702939,nan,nan,nan,nan,nan,nan,nan
3434,48.4210526316,1.2487877825,nan,0.0000000004,93.6436164446,nan,nan,nan,nan,nan,nan,nan
3435,48.4210526316,0.7697415499,nan,0.0000103777,49.8390035338,nan,nan,nan,nan,nan,nan,nan
3436,48.4210526316,0.4929639484,nan,0.0003896222,34.0935635318,nan,nan,nan,nan,nan,nan,nan
3437,48.4210526316,0.4934791492,nan,0.0003875795,34.1163920285,nan,nan,nan,nan,nan,nan,nan
3438,48.4210526316,0.6734887576,nan,0.0000439413,43.5712660776,nan,nan,nan,nan,nan,nan,nan
3439,48.4210526316,0.5232053988,nan,0.0002835032,35.4744204788,nan,nan,nan,nan,nan,nan,nan
3440,48.4210526316,0.8834364023,nan,0.0000014679,58.3329800597,nan,nan,nan,nan,nan,nan,nan
3441,48.4210526316,1.1925559515,nan,0.0000000018,87.4115114415,nan,nan,nan,nan,nan,nan,nan
3442,48.4210526316,0.5969365169,nan,0.0001205097,39.1897787439,nan,nan,nan,nan,nan,nan,nan
3443,48.4210526316,0.6160061730,nan,0.0000948139,40.2312805406,nan,nan,nan,nan,nan,nan,nan
3444,48.4210526316,0.4085721243,nan,0.0008551524,30.6795648688,nan,nan,nan,nan,nan,nan,nan
3445,48.4210526316,0.3345326814,nan,0.0015078973,28.2162823518,nan,nan,nan,nan,nan,nan,nan
3446,48.4210526316,0.6385629434,nan,0.0000706966,41.5060144353,nan,nan,nan,nan,nan,nan,nan
3447,48.4210526316,0.4626905039,nan,0.0005254729,32.7944966422,nan,nan,nan,nan,nan,nan,nan
3448,48.4210526316,0.9846288197,nan,0.0000002048,66.8877571364,nan,nan,nan,nan,nan,nan,nan
3449,48.4210526316,0.7654671748,nan,0.0000111104,49.5427174049,nan,nan,nan,nan,nan,nan,nan
3450,48.4210526316,0.1654301994,nan,0.0035910626,24.4477702580,nan,nan,nan,nan,nan,nan,nan
3451,48.4210526316,0.9304753524,nan,0.0000006035,62.1930163090,nan,nan,nan,nan,nan,nan,nan
3452,48.4210526316,1.1430873923,nan,0.0000000061,82.1690539534,nan,nan,nan,nan,nan,nan,nan
3453,48.4210526316,0.8105087421,nan,0.0000053104,52.7487497556,nan,nan,nan,nan,nan,nan,nan
3454,48.4210526316,0.5334159322,nan,0.0002535465,35.9594241502,nan,nan,nan,nan,nan,nan,nan
3455,48.4210526316,0.8896653592,nan,0.0000013084,58.8324975063,nan,nan,nan,nan,nan,nan,nan
3456,48.4210526316,0.8380262419,nan,0.0000033123,54.7986830196,nan,nan,nan,nan,nan,nan,nan
3457,48.4210526316,0.6621580796,nan,0.0000514154,42.8890642964,nan,nan,nan,nan,nan,nan,nan
3458,48.4210526316,0.8186070037,nan,0.0000046293,53.3448455109,nan,nan,nan,nan,nan,nan,nan
3459,48.4210526316,0.7073755352,nan,0.0000270307,45.6814282648,nan,nan,nan,nan,nan,nan,nan
3460,48.4210526316,0.4054216073,nan,0.0008780862,30.5646285254,nan,nan,nan,nan,nan,nan,nan
3461,48.4210526316,0.6369916936,nan,0.0000721819,41.4157168448,nan,nan,nan,nan,nan,nan,nan
3462,48.4210526316,0.8004725431,nan,0.0000062830,52.0183253019,nan,nan,nan,nan,nan,nan,nan
3463,48.4210526316,0.5622846972,nan,0.0001827250,37.3820214571,nan,nan,nan,nan,nan,nan,nan
3464,48.4210526316,0.3999685016,nan,0.0009187943,30.3678168556,nan,nan,nan,nan,nan,nan,nan
3465,48.4210526316,0.3145814532,nan,0.0017229040,27.6373891978,nan,nan,nan,nan,nan,nan,nan
3466,48.4210526316,1.0372828882,nan,0.0000000675,71.7101448614,nan,nan,nan,nan,nan,nan,nan
3467,48.4210526316,0.1835003883,nan,0.0033669909,24.7275806144,nan,nan,nan,nan,nan,nan,nan
3468,48.4210526316,0.4480056813,nan,0.0006033457,32.1943379975,nan,nan,nan,nan,nan,nan,nan
3469,48.4210526316,0.0642123662,nan,0.0045489427,23.4208953469,nan,nan,nan,nan,nan,nan,nan
3470,48.4210526316,0.5245735291,nan,0.0002793279,35.5388569374,nan,nan,nan,nan,nan,nan,nan
3471,48.4210526316,0.3503550612,nan,0.0013486586,28.7009795960,nan,nan,nan,nan,nan,nan,nan
3472,48.4210526316,0.3791015267,nan,0.0010865291,29.6395865457,nan,nan,nan,nan,nan,nan,nan
3473,48.4210526316,0.2564871194,nan,0.0024229158,26.1566167355,nan,nan,nan,nan,nan,nan,nan
3474,48.4210526316,0.1598315271,nan,0.0036584539,24.3670240971,nan,nan,nan,nan,nan,nan,nan
3475,48.4210526316,0.6452031859,nan,0.0000647127,41.8901055477,nan,nan,nan,nan,nan,nan,nan
3476,48.4210526316,0.8875060271,nan,0.0000013618,58.6589325524,nan,nan,nan,nan,nan,nan,nan
3477,48.4210526316,0.7124960640,nan,0.0000250645,46.0094020893,nan,nan,nan,nan,nan,nan,nan
3478,48.4210526316,0.6349404771,nan,0.0000741622,41.2981748978,nan,nan,nan,nan,nan,nan,nan
3479,48.4210526316,1.5380152610,nan,0.0000000000,130.2915252382,nan,nan,nan,nan,nan,nan,nan
3480,48.4210526316,0.3997067560,nan,0.0009207807,30.3584378322,nan,nan,nan,nan,nan,nan,nan
3481,48.4210526316,1.0314795763,nan,0.0000000765,71.1661809232,nan,nan,nan,nan,nan,nan,nan
3482,48.4210526316,1.0461756687,nan,0.0000000556,72.5496858579,nan,nan,nan,nan,nan,nan,nan
3483,48.4210526316,0.9203833269,nan,0.0000007332,61.3477941239,nan,nan,nan,nan,nan,nan,nan
3484,48.4210526316,0.2976177494,nan,0.0019171278,27.1734894398,nan,nan,nan,nan,nan,nan,nan
3485,48.4210526316,0.1826087135,nan,0.0033782474,24.7130855407,nan,nan,nan,nan,nan,nan,nan
3486,48.4210526316,0.1016364276,nan,0.0042717134,23.6939789751,nan,nan,nan,nan,nan,nan,nan
3487,48.4210526316,0.2343362451,nan,0.0027088110,25.6722129265,nan,nan,nan,nan,nan,nan,nan
3488,48.4210526316,0.7157246715,nan,0.0000238923,46.2174271190,nan,nan,nan,nan,nan,nan,nan
3489,48.4210526316,0.6708241000,nan,0.0000456060,43.4097782438,nan,nan,nan,nan,nan,nan,nan
3490,48.4210526316,0.5966579981,nan,0.0001209257,39.1748127192,nan,nan,nan,nan,nan,nan,nan
3491,48.4210526316,0.4501157882,nan,0.0005916472,32.2793720094,nan,nan,nan,nan,nan,nan,nan
3492,48.4210526316,0.4556598627,nan,0.0005617310,32.5047159501,nan,nan,nan,nan,nan,nan,nan
3493,48.4210526316,0.6016085176,nan,0.0001137135,39.4418790675,nan,nan,nan,nan,nan,nan,nan
3494,48.4210526316,0.5700244266,nan,0.0001668663,37.7763141455,nan,nan,nan,nan,nan,nan,nan
3495,48.4210526316,0.2484570489,nan,0.0025258637,25.9759008024,nan,nan,nan,nan,nan,nan,nan
3496,48.4210526316,0.0953743953,nan,0.0043255413,23.6395953817,nan,nan,nan,nan,nan,nan,nan
3497,48.4210526316,0.3845177252,nan,0.0010411630,29.8248125984,nan,nan,nan,nan,nan,nan,nan
3498,48.4210526316,0.7768788484,nan,0.0000092524,50.3374590628,nan,nan,nan,nan,nan,nan,nan
3499,48.4210526316,0.1215397103,nan,0.0040831215,23.8900769792,nan,nan,nan,nan,nan,nan,nan
3500,48.4210526316,0.1679602486,nan,0.0035602605,24.4851822596,nan,nan,nan,nan,nan,nan,nan
3501,48.4210526316,0.5396069900,nan,0.0002366944,36.2581199546,nan,nan,nan,nan,nan,nan,nan
3502,48.4210526316,0.7156693995,nan,0.0000239119,46.2138578418,nan,nan,nan,nan,nan,nan,nan
3503,48.4210526316,0.4044956479,nan,0.0008849079,30.5310190594,nan,nan,nan,nan,nan,nan,nan
3504,48.4210526316,0.6943332049,nan,0.0000326824,44.8568667474,nan,nan,nan,nan,nan,nan,nan
3505,48.4210526316,0.6636569838,nan,0.0000503658,42.9786388417,nan,nan,nan,nan,nan,nan,nan
3506,48.4210526316,0.4756255032,nan,0.0004635148,33.3393640095,nan,nan,nan,nan,nan,nan,nan
3507,48.4210526316,0.4307410105,nan,0.0007057030,31.5137803911,nan,nan,nan,nan,nan,nan,nan
3508,48.4210526316,0.6197783722,nan,0.0000903394,40.4412270418,nan,nan,nan,nan,nan,nan,nan
3509,48.4210526316,0.3704527731,nan,0.0011616298,29.3493226153,nan,nan,nan,nan,nan,nan,nan
3510,48.4210526316,0.3477749599,nan,0.0013739168,28.6203955491,nan,nan,nan,nan,nan,nan,nan
3511,48.4210526316,0.8714016363,nan,0.0000018290,57.3779349210,nan,nan,nan,nan,nan,nan,nan
3512,48.4210526316,0.6751745063,nan,0.0000429164,43.6737629872,nan,nan,nan,nan,nan,nan,nan
3513,48.4210526316,0.2046386357,nan,0.0030958993,25.0921317763,nan,nan,nan,nan,nan,nan,nan
3514,48.4210526316,0.3793697075,nan,0.0010842526,29.6486953859,nan,nan,nan,nan,nan,nan,nan
3515,48.4210526316,0.5802734181,nan,0.0001476784,38.3068311623,nan,nan,nan,nan,nan,nan,nan
3516,48.4210526316,0.1106093499,nan,0.0041898599,23.7780049957,nan,nan,nan,nan,nan,nan,nan
3517,48.4210526316,0.3125079947,nan,0.0017461069,27.5792917918,nan,nan,nan,nan,nan,nan,nan
3518,48.4210526316,0.2418163616,nan,0.0026116532,25.8308448521,nan,nan,nan,nan,nan,nan,nan
3519,48.4210526316,0.5652928750,nan,0.0001764159,37.5346221864,nan,nan,nan,nan,nan,nan,nan
3520,48.4210526316,0.6421096802,nan,0.0000674424,41.7106679695,nan,nan,nan,nan,nan,nan,nan
3521,48.4210526316,0.4888642447,nan,0.0004061846,33.9127658318,nan,nan,nan,nan,nan,nan,nan
3522,48.4210526316,0.1668873510,nan,0.0035733478,24.4692471030,nan,nan,nan,nan,nan,nan,nan
3523,48.4210526316,0.0499807528,nan,0.0046241213,23.3497078058,nan,nan,nan,nan,nan,nan,nan
3524,48.4210526316,0.6972903918,nan,0.0000313151,45.0424650339,nan,nan,nan,nan,nan,nan,nan
3525,48.4210526316,0.1534575483,nan,0.0037337749,24.2785187119,nan,nan,nan,nan,nan,nan,nan
3526,48.4210526316,0.7971009200,nan,0.0000066451,51.7750079943,nan,nan,nan,nan,nan,nan,nan
3527,48.4210526316,0.9691795729,nan,0.0000002805,65.5210261281,nan,nan,nan,nan,nan,nan,nan
3528,48.4210526316,0.2688429559,nan,0.0022667082,26.4460437534,nan,nan,nan,nan,nan,nan,nan
3529,48.4210526316,0.2064561003,nan,0.0030723085,25.1253517207,nan,nan,nan,nan,nan,nan,nan
3530,48.4210526316,0.4488267733,nan,0.0005987729,32.2273786793,nan,nan,nan,nan,nan,nan,nan
3531,48.4210526316,1.0123867690,nan,0.0000001149,69.3983344916,nan,nan,nan,nan,nan,nan,nan
3532,48.4210526316,0.5708202319,nan,0.0001653041,37.8171648250,nan,nan,nan,nan,nan,nan,nan
3533,48.4210526316,0.3891769620,nan,0.0010031644,29.9862787408,nan,nan,nan,nan,nan,nan,nan
3534,48.4210526316,0.1779682345,nan,0.0034365266,24.6388029346,nan,nan,nan,nan,nan,nan,nan
3535,48.4210526316,0.3372438368,nan,0.0014798829,28.2977265480,nan,nan,nan,nan,nan,nan,nan
3536,48.4210526316,0.3644052314,nan,0.0012160784,29.1503843654,nan,nan,nan,nan,nan,nan,nan
3537,48.4210526316,0.8582393144,nan,0.0000023182,56.3485818635,nan,nan,nan,nan,nan,nan,nan
3538,48.4210526316,1.0105762485,nan,0.0000001193,69.2324287328,nan,nan,nan,nan,nan,nan,nan
3539,48.4210526316,0.0994337055,nan,0.0042909650,23.6744503163,nan,nan,nan,nan,nan,nan,nan
3540,48.4210526316,0.4876110692,nan,0.0004113575,33.8578053699,nan,nan,nan,nan,nan,nan,nan
3541,48.4210526316,0.9423989537,nan,0.0000004782,63.2036536248,nan,nan,nan,nan,nan,nan,nan
3542,48.4210526316,0.2113769949,nan,0.0030083001,25.2167883984,nan,nan,nan,nan,nan,nan,nan
3543,48.4210526316,1.0909085348,nan,0.0000000205,76.8827691074,nan,nan,nan,nan,nan,nan,nan
3544,48.4210526316,0.8272816373,nan,0.0000039902,53.9900179586,nan,nan,nan,nan,nan,nan,nan
3545,48.4210526316,1.2770683077,nan,0.0000000002,96.8876988152,nan,nan,nan,nan,nan,nan,nan
3546,48.4210526316,0.2952481847,nan,0.0019450197,27.1107598523,nan,nan,nan,nan,nan,nan,nan
3547,48.4210526316,0.3081777504,nan,0.0017950586,27.4592136227,nan,nan,nan,nan,nan,nan,nan
3548,48.4210526316,0.5492053302,nan,0.0002124174,36.7280990363,nan,nan,nan,nan,nan,nan,nan
3549,48.4210526316,0.5165203089,nan,0.0003046483,35.1620129572,nan,nan,nan,nan,nan,nan,nan
3550,48.4210526316,0.2553302537,nan,0.0024376856,26.1302230520,nan,nan,nan,nan,nan,nan,nan
3551,48.4210526316,0.6132272605,nan,0.0000982325,40.0774461112,nan,nan,nan,nan,nan,nan,nan
3552,48.4210526316,0.5013092764,nan,0.0003575762,34.4663138312,nan,nan,nan,nan,nan,nan,nan
3553,48.4210526316,0.3399963235,nan,0.0014517463,28.3810927304,nan,nan,nan,nan,nan,nan,nan
3554,48.4210526316,0.6244674118,nan,0.0000850353,40.7040092416,nan,nan,nan,nan,nan,nan,nan
3555,48.4210526316,0.5676958510,nan,0.0001715097,37.6571136909,nan,nan,nan,nan,nan,nan,nan
3556,48.4210526316,0.7250368729,nan,0.0000207838,46.8227594102,nan,nan,nan,nan,nan,nan,nan
3557,48.4210526316,0.2378029600,nan,0.0026637256,25.7451051474,nan,nan,nan,nan,nan,nan,nan
3558,48.4210526316,0.4045058121,nan,0.0008848329,30.5313875647,nan,nan,nan,nan,nan,nan,nan
3559,48.4210526316,0.6247663610,nan,0.0000847065,40.7208308407,nan,nan,nan,nan,nan,nan,nan
3560,48.4210526316,0.8998671904,nan,0.0000010819,59.6582809897,nan,nan,nan,nan,nan,nan,nan
3561,48.4210526316,0.3828065158,nan,0.0010553574,29.7660044898,nan,nan,nan,nan,nan,nan,nan
3562,48.4210526316,0.2061386902,nan,0.0030764307,25.1195286247,nan,nan,nan,nan,nan,nan,nan
3563,48.4210526316,0.5159988828,nan,0.0003063503,35.1378165404,nan,nan,nan,nan,nan,nan,nan
3564,48.4210526316,0.3141468228,nan,0.0017277548,27.6251788450,nan,nan,nan,nan,nan,nan,nan
3565,48.4210526316,0.6707383890,nan,0.0000456605,43.4045945997,nan,nan,nan,nan,nan,nan,nan
3566,48.4210526316,0.1978353311,nan,0.0031838914,24.9704175087,nan,nan,nan,nan,nan,nan,nan
3567,48.4210526316,0.4877305103,nan,0.0004108623,33.8630375382,nan,nan,nan,nan,nan,nan,nan
3568,48.4210526316,0.8259045878,nan,0.0000040859,53.8871410401,nan,nan,nan,nan,nan,nan,nan
3569,48.4210526316,0.1334239234,nan,0.0039590860,24.0240506787,nan,nan,nan,nan,nan,nan,nan
3570,48.4210526316,0.2785651431,nan,0.0021461178,26.6834643361,nan,nan,nan,nan,nan,nan,nan
3571,48.4210526316,0.7181667168,nan,0.0000230388,46.3754045629,nan,nan,nan,nan,nan,nan,nan
3572,48.4210526316,0.2020243900,nan,0.0031297747,25.0448692257,nan,nan,nan,nan,nan,nan,nan
3573,48.4210526316,0.1010652393,nan,0.0042767381,23.6888734245,nan,nan,nan,nan,nan,nan,nan
3574,48.4210526316,0.2222023852,nan,0.0028670752,25.4256091675,nan,nan,nan,nan,nan,nan,nan
3575,48.4210526316,0.9577947218,nan,0.0000003525,64.5278485690,nan,nan,nan,nan,nan,nan,nan
3576,48.4210526316,0.3989560845,nan,0.0009264940,30.3315737840,nan,nan,nan,nan,nan,nan,nan
3577,48.4210526316,0.6413505847,nan,0.0000681276,41.6667702444,nan,nan,nan,nan,nan,nan,nan
3578,48.4210526316,0.6230390474,nan,0.0000866214,40.6237489099,nan,nan,nan,nan,nan,nan,nan
3579,48.4210526316,0.4691398068,nan,0.0004938256,33.0642641158,nan,nan,nan,nan,nan,nan,nan
3580,48.4210526316,0.2719358516,nan,0.0022281025,26.5206484378,nan,nan,nan,nan,nan,nan,nan
3581,48.4210526316,0.3981753149,nan,0.0009324624,30.3036868237,nan,nan,nan,nan,nan,nan,nan
3582,48.4210526316,0.3504242308,nan,0.0013479854,28.7031482575,nan,nan,nan,nan,nan,nan,nan
3583,48.4210526316,0.2808865349,nan,0.0021176707,26.7414157830,nan,nan,nan,nan,nan,nan,nan
3584,48.4210526316,0.6823739578,nan,0.0000387755,44.1144218305,nan,nan,nan,nan,nan,nan,nan
3585,48.4210526316,0.8687075293,nan,0.0000019205,57.1659535122,nan,nan,nan,nan,nan,nan,nan
3586,48.4210526316,0.8645354968,nan,0.0000020706,56.8389943303,nan,nan,nan,nan,nan,nan,nan
3587,48.4210526316,0.2856864836,nan,0.0020593087,26.8627853806,nan,nan,nan,nan,nan,nan,nan
3588,48.4210526316,0.7025917720,nan,0.0000289922,45.3771867201,nan,nan,nan,nan,nan,nan,nan
3589,48.4210526316,0.7062565479,nan,0.0000274785,45.6100748941,nan,nan,nan,nan,nan,nan,nan
3590,48.4210526316,0.6703240010,nan,0.0000459246,43.3795426279,nan,nan,nan,nan,nan,nan,nan
3591,48.4210526316,0.3893838758,nan,0.0010014990,29.9934949792,nan,nan,nan,nan,nan,nan,nan
3592,48.4210526316,1.2637358897,nan,0.0000000003,95.3491695861,nan,nan,nan,nan,nan,nan,nan
3593,48.4210526316,0.4246227484,nan,0.0007448871,31.2790956868,nan,nan,nan,nan,nan,nan,nan
3594,48.4210526316,0.2620674506,nan,0.0023520001,26.2856265955,nan,nan,nan,nan,nan,nan,nan
3595,48.4210526316,0.6502703127,nan,0.0000604518,42.1859072939,nan,nan,nan,nan,nan,nan,nan
3596,48.4210526316,0.1222331169,nan,0.0040761045,23.8975468780,nan,nan,nan,nan,nan,nan,nan
3597,48.4210526316,0.3726279423,nan,0.0011424346,29.4216864213,nan,nan,nan,nan,nan,nan,nan
3598,48.4210526316,1.0347570734,nan,0.0000000712,71.4730122820,nan,nan,nan,nan,nan,nan,nan
3599,48.4210526316,0.8357013983,nan,0.0000034492,54.6228146361,nan,nan,nan,nan,nan,nan,nan
3600,48.4210526316,0.6513336715,nan,0.0000595898,42.2482797795,nan,nan,nan,nan,nan,nan,nan
3601,48.4210526316,0.9637302110,nan,0.0000003130,65.0441600514,nan,nan,nan,nan,nan,nan,nan
3602,48.4210526316,0.4497396828,nan,0.0005937196,32.2641859438,nan,nan,nan,nan,nan,nan,nan
3603,48.4210526316,0.7119468314,nan,0.0000252691,45.9741087358,nan,nan,nan,nan,nan,nan,nan
3604,48.4210526316,1.0757798046,nan,0.0000000289,75.3967752471,nan,nan,nan,nan,nan,nan,nan
3605,48.4210526316,0.7455417638,nan,0.0000151930,48.1835743592,nan,nan,nan,nan,nan,nan,nan
3606,48.4210526316,0.6269090775,nan,0.0000823827,40.8416379461,nan,nan,nan,nan,nan,nan,nan
3607,48.4210526316,0.2034138799,nan,0.0031117786,25.0699130641,nan,nan,nan,nan,nan,nan,nan
3608,48.4210526316,0.9868798645,nan,0.0000001955,67.0887229849,nan,nan,nan,nan,nan,nan,nan
3609,48.4210526316,1.3524804265,nan,0.0000000000,105.8976562839,nan,nan,nan,nan,nan,nan,nan
3610,48.4210526316,0.2589508536,nan,0.0023915372,26.2132286830,nan,nan,nan,nan,nan,nan,nan
3611,48.4210526316,0.3930411932,nan,0.0009723695,30.1216865179,nan,nan,nan,nan,nan,nan,nan
3612,48.4210526316,0.9575405841,nan,0.0000003543,64.5058138847,nan,nan,nan,nan,nan,nan,nan
3613,48.4210526316,0.6644392909,nan,0.0000498256,43.0254709125,nan,nan,nan,nan,nan,nan,nan
3614,48.4210526316,0.1616752521,nan,0.0036363825,24.3933044412,nan,nan,nan,nan,nan,nan,nan
3615,48.4210526316,0.3284324927,nan,0.0015720047,28.0354617094,nan,nan,nan,nan,nan,nan,nan
3616,48.4210526316,0.3940961655,nan,0.0009640755,30.1588893441,nan,nan,nan,nan,nan,nan,nan
3617,48.4210526316,0.1803885085,nan,0.0034061956,24.6773042040,nan,nan,nan,nan,nan,nan,nan
3618,48.4210526316,0.3253329366,nan,0.0016051385,27.9448749818,nan,nan,nan,nan,nan,nan,nan
3619,48.4210526316,0.6610595364,nan,0.0000521970,42.8235454454,nan,nan,nan,nan,nan,nan,nan
3620,48.4210526316,0.5849154511,nan,0.0001396284,38.5502631202,nan,nan,nan,nan,nan,nan,nan
3621,48.4210526316,0.3137876405,nan,0.0017317688,27.6151009928,nan,nan,nan,nan,nan,nan,nan
3622,48.4210526316,1.1337860620,nan,0.0000000076,81.2084297759,nan,nan,nan,nan,nan,nan,nan
3623,48.4210526316,0.8579773390,nan,0.0000023290,56.3282550670,nan,nan,nan,nan,nan,nan,nan
3624,48.4210526316,0.3081526953,nan,0.0017953438,27.4585237734,nan,nan,nan,nan,nan,nan,nan
3625,48.4210526316,0.3971972638,nan,0.0009399762,30.2688314846,nan,nan,nan,nan,nan,nan,nan
3626,48.4210526316,0.3398607234,nan,0.0014531252,28.3769696761,nan,nan,nan,nan,nan,nan,nan
3627,48.4210526316,0.3009262649,nan,0.0018784842,27.2619246021,nan,nan,nan,nan,nan,nan,nan
3628,48.4210526316,0.4205849985,nan,0.0007716004,31.1260756982,nan,nan,nan,nan,nan,nan,nan
3629,48.4210526316,0.7668299811,nan,0.0000108718,49.6370015681,nan,nan,nan,nan,nan,nan,nan
3630,48.4210526316,0.7554462157,nan,0.0000130178,48.8546394662,nan,nan,nan,nan,nan,nan,nan
3631,48.4210526316,0.2609834430,nan,0.0023657312,26.2603459347,nan,nan,nan,nan,nan,nan,nan
3632,48.4210526316,1.2963904485,nan,0.0000000001,99.1464211989,nan,nan,nan,nan,nan,nan,nan
3633,48.4210526316,1.3622248878,nan,0.0000000000,107.1000364327,nan,nan,nan,nan,nan,nan,nan
3634,48.4210526316,1.3718861991,nan,0.0000000000,108.3007781987,nan,nan,nan,nan,nan,nan,nan
3635,48.4210526316,0.6882799726,nan,0.0000356497,44.4794436131,nan,nan,nan,nan,nan,nan,nan
3636,48.4210526316,0.6003839168,nan,0.0001154620,39.3756075429,nan,nan,nan,nan,nan,nan,nan
3637,48.4210526316,0.5196966802,nan,0.0002944459,35.3099443174,nan,nan,nan,nan,nan,nan,nan
3638,48.4210526316,0.5395250203,nan,0.0002369113,36.2541424407,nan,nan,nan,nan,nan,nan,nan
3639,48.4210526316,0.3380285909,nan,0.0014718295,28.3214249916,nan,nan,nan,nan,nan,nan,nan
3640,48.4210526316,0.4279899524,nan,0.0007231302,31.4078348659,nan,nan,nan,nan,nan,nan,nan
3641,48.4210526316,0.6084135928,nan,0.0001044086,39.8126372160,nan,nan,nan,nan,nan,nan,nan
3642,48.4210526316,0.2409345735,nan,0.0026230813,25.8118824644,nan,nan,nan,nan,nan,nan,nan
3643,48.4210526316,0.5627985406,nan,0.0001816340,37.4080296911,nan,nan,nan,nan,nan,nan,nan
3644,48.4210526316,0.2195690398,nan,0.0029014553,25.3738411727,nan,nan,nan,nan,nan,nan,nan
3645,48.4210526316,0.3940277006,nan,0.0009646123,30.1564719213,nan,nan,nan,nan,nan,nan,nan
3646,48.4210526316,0.5909051705,nan,0.0001297995,38.8672685085,nan,nan,nan,nan,nan,nan,nan
3647,48.4210526316,0.6713961005,nan,0.0000452440,43.4443889386,nan,nan,nan,nan,nan,nan,nan
3648,48.4210526316,0.6440662180,nan,0.0000657044,41.8240547714,nan,nan,nan,nan,nan,nan,nan
3649,48.4210526316,1.1493709621,nan,0.0000000052,82.8225034645,nan,nan,nan,nan,nan,nan,nan
3650,48.4210526316,0.5125020480,nan,0.0003179664,34.9761871985,nan,nan,nan,nan,nan,nan,nan
3651,48.4210526316,0.1397447942,nan,0.0038900424,24.1004566029,nan,nan,nan,nan,nan,nan,nan
3652,48.4210526316,0.6322968113,nan,0.0000767848,41.1472491984,nan,nan,nan,nan,nan,nan,nan
3653,48.4210526316,0.7231927147,nan,0.0000213685,46.7022527227,nan,nan,nan,nan,nan,nan,nan
3654,48.4210526316,0.5811194377,nan,0.0001461823,38.3510508886,nan,nan,nan,nan,nan,nan,nan
3655,48.4210526316,1.0649839779,nan,0.0000000367,74.3492085171,nan,nan,nan,nan,nan,nan,nan
3656,48.4210526316,0.2451687561,nan,0.0025682801,25.9035760509,nan,nan,nan,nan,nan,nan,nan
3657,48.4210526316,0.2756038388,nan,0.0021826072,26.6102442217,nan,nan,nan,nan,nan,nan,nan
3658,48.4210526316,0.7431132459,nan,0.0000157747,48.0204005256,nan,nan,nan,nan,nan,nan,nan
3659,48.4210526316,0.3073662644,nan,0.0018043054,27.4368996018,nan,nan,nan,nan,nan,nan,nan
3660,48.4210526316,0.5314670217,nan,0.0002590527,35.8661179704,nan,nan,nan,nan,nan,nan,nan
3661,48.4210526316,0.9394516646,nan,0.0000005067,62.9526318845,nan,nan,nan,nan,nan,nan,nan
3662,48.4210526316,1.2927471981,nan,0.0000000001,98.7179069108,nan,nan,nan,nan,nan,nan,nan
3663,48.4210526316,0.5789355635,nan,0.0001500708,38.2370372424,nan,nan,nan,nan,nan,nan,nan
3664,48.4210526316,0.6017142103,nan,0.0001135637,39.4476052273,nan,nan,nan,nan,nan,nan,nan
3665,48.4210526316,0.4547128794,nan,0.0005667575,32.4660273179,nan,nan,nan,nan,nan,nan,nan
3666,48.4210526316,1.1133065914,nan,0.0000000122,79.1213331071,nan,nan,nan,nan,nan,nan,nan
3667,48.4210526316,0.6300156058,nan,0.0000791129,41.0175282245,nan,nan,nan,nan,nan,nan,nan
3668,48.4210526316,0.4515766706,nan,0.0005836493,32.3384801001,nan,nan,nan,nan,nan,nan,nan
3669,48.4210526316,0.5321473571,nan,0.0002571195,35.8986505035,nan,nan,nan,nan,nan,nan,nan
3670,48.4210526316,0.3823694199,nan,0.0010590036,29.7510256233,nan,nan,nan,nan,nan,nan,nan
3671,48.4210526316,0.8004748670,nan,0.0000062828,52.0184933628,nan,nan,nan,nan,nan,nan,nan
3672,48.4210526316,0.3647162113,nan,0.0012132398,29.1605334859,nan,nan,nan,nan,nan,nan,nan
3673,48.4210526316,0.7696119012,nan,0.0000103992,49.8299921544,nan,nan,nan,nan,nan,nan,nan
3674,48.4210526316,0.2107109148,nan,0.0030169741,25.2042842476,nan,nan,nan,nan,nan,nan,nan
3675,48.4210526316,0.6539437527,nan,0.0000575200,42.4018141079,nan,nan,nan,nan,nan,nan,nan
3676,48.4210526316,0.3224275010,nan,0.0016365337,27.8607505752,nan,nan,nan,nan,nan,nan,nan
3677,48.4210526316,0.5966651918,nan,0.0001209150,39.1751991822,nan,nan,nan,nan,nan,nan,nan
3678,48.4210526316,0.8954780008,nan,0.0000011744,59.3018321725,nan,nan,nan,nan,nan,nan,nan
3679,48.4210526316,0.6812849723,nan,0.0000393780,44.0474644689,nan,nan,nan,nan,nan,nan,nan
3680,48.4210526316,0.2763490404,nan,0.0021734041,26.6285952590,nan,nan,nan,nan,nan,nan,nan
3681,48.4210526316,0.3650767746,nan,0.0012099539,29.1723117706,nan,nan,nan,nan,nan,nan,nan
3682,48.4210526316,0.3295997534,nan,0.0015596240,28.0698009845,nan,nan,nan,nan,nan,nan,nan
3683,48.4210526316,0.0974377440,nan,0.0043081136,23.6571285145,nan,nan,nan,nan,nan,nan,nan
3684,48.4210526316,0.8647180329,nan,0.0000020638,56.8532662431,nan,nan,nan,nan,nan,nan,nan
3685,48.4210526316,0.1775921450,nan,0.0034412265,24.6328674013,nan,nan,nan,nan,nan,nan,nan
3686,48.4210526316,0.4160620704,nan,0.0008023383,30.9564250027,nan,nan,nan,nan,nan,nan,nan
3687,48.4210526316,0.5952793929,nan,0.0001230031,39.1008383203,nan,nan,nan,nan,nan,nan,nan
3688,48.4210526316,0.3459555823,nan,0.0013918956,28.5639333739,nan,nan,nan,nan,nan,nan,nan
3689,48.4210526316,0.4465507890,nan,0.0006115129,32.1359435469,nan,nan,nan,nan,nan,nan,nan
3690,48.4210526316,0.4496617129,nan,0.0005941500,32.2610393483,nan,nan,nan,nan,nan,nan,nan
3691,48.4210526316,0.1664174548,nan,0.0035790680,24.4623005231,nan,nan,nan,nan,nan,nan,nan
3692,48.4210526316,0.5219401853,nan,0.0002874099,35.4149827259,nan,nan,nan,nan,nan,nan,nan
3693,48.4210526316,0.9191889804,nan,0.0000007502,61.2483828903,nan,nan,nan,nan,nan,nan,nan
3694,48.4210526316,0.3260450167,nan,0.0015974934,27.9656091416,nan,nan,nan,nan,nan,nan,nan
3695,48.4210526316,1.1784094602,nan,0.0000000026,85.8893916581,nan,nan,nan,nan,nan,nan,nan
3696,48.4210526316,0.3388710243,nan,0.0014632121,28.3469272878,nan,nan,nan,nan,nan,nan,nan
3697,48.4210526316,0.5171938804,nan,0.0003024610,35.1933061728,nan,nan,nan,nan,nan,nan,nan
3698,48.4210526316,0.6136928713,nan,0.0000976524,40.1031722192,nan,nan,nan,nan,nan,nan,nan
3699,48.4210526316,1.2324707997,nan,0.0000000007,91.8053126008,nan,nan,nan,nan,nan,nan,nan
3700,48.4210526316,0.2144945611,nan,0.0029676696,25.2758444494,nan,nan,nan,nan,nan,nan,nan
3701,48.4210526316,1.1992714644,nan,0.0000000015,88.1405127344,nan,nan,nan,nan,nan,nan,nan
3702,48.4210526316,0.4815600277,nan,0.0004370757,33.5944332725,nan,nan,nan,nan,nan,nan,nan
3703,48.4210526316,0.7652171624,nan,0.0000111547,49.5254390098,nan,nan,nan,nan,nan,nan,nan
3704,48.4210526316,0.4043899179,nan,0.0008856892,30.5271863301,nan,nan,nan,nan,nan,nan,nan
3705,48.4210526316,0.2162841500,nan,0.0029443268,25.3101398308,nan,nan,nan,nan,nan,nan,nan
3706,48.4210526316,0.4604066909,nan,0.0005370475,32.6998728864,nan,nan,nan,nan,nan,nan,nan
3707,48.4210526316,0.4808167271,nan,0.0004403205,33.5623104956,nan,nan,nan,nan,nan,nan,nan
3708,48.4210526316,1.1462797988,nan,0.0000000056,82.5005901409,nan,nan,nan,nan,nan,nan,nan
3709,48.4210526316,0.9554483656,nan,0.0000003694,64.3246355867,nan,nan,nan,nan,nan,nan,nan
3710,48.4210526316,0.3348059096,nan,0.0015050606,28.2244601024,nan,nan,nan,nan,nan,nan,nan
3711,48.4210526316,0.7215151379,nan,0.0000219134,46.5929009952,nan,nan,nan,nan,nan,nan,nan
3712,48.4210526316,0.8244009064,nan,0.0000041928,53.7750017054,nan,nan,nan,nan,nan,nan,nan
3713,48.4210526316,0.4221977156,nan,0.0007608489,31.1870159898,nan,nan,nan,nan,nan,nan,nan
3714,48.4210526316,0.5701728362,nan,0.0001665740,37.7839280088,nan,nan,nan,nan,nan,nan,nan
3715,48.4210526316,0.2636029355,nan,0.0023325890,26.3216178135,nan,nan,nan,nan,nan,nan,nan
3716,48.4210526316,0.6512772140,nan,0.0000596353,42.2449656110,nan,nan,nan,nan,nan,nan,nan
3717,48.4210526316,0.9845500021,nan,0.0000002051,66.8807289693,nan,nan,nan,nan,nan,nan,nan
3718,48.4210526316,1.1832100073,nan,0.0000000023,86.4038562314,nan,nan,nan,nan,nan,nan,nan
3719,48.4210526316,0.9144706107,nan,0.0000008209,60.8569271907,nan,nan,nan,nan,nan,nan,nan
3720,48.4210526316,0.2531026015,nan,0.0024661872,26.0797395535,nan,nan,nan,nan,nan,nan,nan
3721,48.4210526316,0.6274025770,nan,0.0000818555,40.8695209087,nan,nan,nan,nan,nan,nan,nan
3722,48.4210526316,0.1569317193,nan,0.0036929146,24.3263073142,nan,nan,nan,nan,nan,nan,nan
3723,48.4210526316,0.2298211849,nan,0.0027676417,25.5789013726,nan,nan,nan,nan,nan,nan,nan
3724,48.4210526316,0.5814220091,nan,0.0001456505,38.3668815025,nan,nan,nan,nan,nan,nan,nan
3725,48.4210526316,1.2039990446,nan,0.0000000014,88.6561983556,nan,nan,nan,nan,nan,nan,nan
3726,48.4210526316,0.5061574817,nan,0.0003399562,34.6857697819,nan,nan,nan,nan,nan,nan,nan
3727,48.4210526316,0.3692953635,nan,0.0011719275,29.3109924671,nan,nan,nan,nan,nan,nan,nan
3728,48.4210526316,0.6183472890,nan,0.0000920147,40.3614256519,nan,nan,nan,nan,nan,nan,nan
3729,48.4210526316,0.2482538749,nan,0.0025284806,25.9714038125,nan,nan,nan,nan,nan,nan,nan
3730,48.4210526316,0.7961265879,nan,0.0000067532,51.7048876324,nan,nan,nan,nan,nan,nan,nan
3731,48.4210526316,0.3176612805,nan,0.0016887283,27.7244020929,nan,nan,nan,nan,nan,nan,nan
3732,48.4210526316,1.3322139641,nan,0.0000000000,103.4249203030,nan,nan,nan,nan,nan,nan,nan
3733,48.4210526316,0.2215089167,nan,0.0028761293,25.4119159563,nan,nan,nan,nan,nan,nan,nan
3734,48.4210526316,0.7169732190,nan,0.0000234524,46.2981284317,nan,nan,nan,nan,nan,nan,nan
3735,48.4210526316,0.9894281604,nan,0.0000001855,67.3167867274,nan,nan,nan,nan,nan,nan,nan
3736,48.4210526316,0.4656237259,nan,0.0005108905,32.9167218319,nan,nan,nan,nan,nan,nan,nan
3737,48.4210526316,0.0894274968,nan,0.0043740270,23.5911853769,nan,nan,nan,nan,nan,nan,nan
3738,48.4210526316,1.0540708982,nan,0.0000000468,73.3011273997,nan,nan,nan,nan,nan,nan,nan
3739,48.4210526316,0.0489032462,nan,0.0046290848,23.3450485894,nan,nan,nan,nan,nan,nan,nan
3740,48.4210526316,1.1793794452,nan,0.0000000025,85.9931723402,nan,nan,nan,nan,nan,nan,nan
3741,48.4210526316,0.2731655181,nan,0.0022128147,26.5505494637,nan,nan,nan,nan,nan,nan,nan
3742,48.4210526316,1.1178794430,nan,0.0000000110,79.5840226279,nan,nan,nan,nan,nan,nan,nan
3743,48.4210526316,0.6924282605,nan,0.0000335913,44.7377316490,nan,nan,nan,nan,nan,nan,nan
3744,48.4210526316,0.2362161546,nan,0.0026843515,25.7116060862,nan,nan,nan,nan,nan,nan,nan
3745,48.4210526316,0.4644518305,nan,0.0005166785,32.8677960851,nan,nan,nan,nan,nan,nan,nan
3746,48.4210526316,0.3630292110,nan,0.0012286886,29.1055817682,nan,nan,nan,nan,nan,nan,nan
3747,48.4210526316,0.2609360495,nan,0.0023663321,26.2592430688,nan,nan,nan,nan,nan,nan,nan
3748,48.4210526316,0.6968260241,nan,0.0000315263,45.0132676823,nan,nan,nan,nan,nan,nan,nan
3749,48.4210526316,0.5796740555,nan,0.0001487461,38.2755431376,nan,nan,nan,nan,nan,nan,nan
3750,48.4210526316,0.5689179814,nan,0.0001690591,37.7196133456,nan,nan,nan,nan,nan,nan,nan
3751,48.4210526316,1.0879386626,nan,0.0000000219,76.5894023123,nan,nan,nan,nan,nan,nan,nan
3752,48.4210526316,0.8643719270,nan,0.0000020767,56.8262079187,nan,nan,nan,nan,nan,nan,nan
3753,48.4210526316,0.5104464776,nan,0.0003249605,34.8816943222,nan,nan,nan,nan,nan,nan,nan
3754,48.4210526316,0.9283756097,nan,0.0000006286,62.0163914778,nan,nan,nan,nan,nan,nan,nan
3755,48.4210526316,0.4557134984,nan,0.0005614473,32.5069096544,nan,nan,nan,nan,nan,nan,nan
3756,48.4210526316,0.4126578140,nan,0.0008260458,30.8299585266,nan,nan,nan,nan,nan,nan,nan
3757,48.4210526316,1.0559779819,nan,0.0000000448,73.4834942988,nan,nan,nan,nan,nan,nan,nan
3758,48.4210526316,0.8666539063,nan,0.0000019931,57.0048135528,nan,nan,nan,nan,nan,nan,nan
3759,48.4210526316,1.1525769545,nan,0.0000000048,83.1573016088,nan,nan,nan,nan,nan,nan,nan
3760,48.4210526316,0.3622148152,nan,0.0012361904,29.0791461873,nan,nan,nan,nan,nan,nan,nan
3761,48.4210526316,0.9073202681,nan,0.0000009402,60.2675892604,nan,nan,nan,nan,nan,nan,nan
3762,48.4210526316,0.1270558451,nan,0.0040265301,23.9506904894,nan,nan,nan,nan,nan,nan,nan
3763,48.4210526316,1.0201740178,nan,0.0000000974,70.1153386288,nan,nan,nan,nan,nan,nan,nan
3764,48.4210526316,0.2196687294,nan,0.0029001539,25.3757895634,nan,nan,nan,nan,nan,nan,nan
3765,48.4210526316,0.5703162868,nan,0.0001662919,37.7912893634,nan,nan,nan,nan,nan,nan,nan
3766,48.4210526316,0.5978055821,nan,0.0001192196,39.2365228178,nan,nan,nan,nan,nan,nan,nan
3767,48.4210526316,0.4533411875,nan,0.0005740990,32.4101317762,nan,nan,nan,nan,nan,nan,nan
3768,48.4210526316,0.9822459675,nan,0.0000002150,66.6755297973,nan,nan,nan,nan,nan,nan,nan
3769,48.4210526316,1.1406703666,nan,0.0000000064,81.9186644345,nan,nan,nan,nan,nan,nan,nan
3770,48.4210526316,0.4323959394,nan,0.0006953695,31.5778439031,nan,nan,nan,nan,nan,nan,nan
3771,48.4210526316,0.2940061449,nan,0.0019597100,27.0780819110,nan,nan,nan,nan,nan,nan,nan
3772,48.4210526316,0.9061233579,nan,0.0000009617,60.1693960718,nan,nan,nan,nan,nan,nan,nan
3773,48.4210526316,0.1879386398,nan,0.0033107077,24.8007916005,nan,nan,nan,nan,nan,nan,nan
3774,48.4210526316,0.9468096726,nan,0.0000004384,63.5808022667,nan,nan,nan,nan,nan,nan,nan
3775,48.4210526316,0.6486907021,nan,0.0000617527,42.0934438204,nan,nan,nan,nan,nan,nan,nan
3776,48.4210526316,0.9470877021,nan,0.0000004361,63.6046355116,nan,nan,nan,nan,nan,nan,nan
3777,48.4210526316,0.9660755848,nan,0.0000002986,65.2490670155,nan,nan,nan,nan,nan,nan,nan
3778,48.4210526316,0.9496975744,nan,0.0000004141,63.8287040891,nan,nan,nan,nan,nan,nan,nan
3779,48.4210526316,0.4873247917,nan,0.0004125466,33.8452701324,nan,nan,nan,nan,nan,nan,nan
3780,48.4210526316,1.1660425840,nan,0.0000000035,84.5738057137,nan,nan,nan,nan,nan,nan,nan
3781,48.4210526316,0.1625356514,nan,0.0036260410,24.4056728809,nan,nan,nan,nan,nan,nan,nan
3782,48.4210526316,0.9448262438,nan,0.0000004559,63.4109841889,nan,nan,nan,nan,nan,nan,nan
3783,48.4210526316,0.3191970666,nan,0.0016718171,27.7681123979,nan,nan,nan,nan,nan,nan,nan
3784,48.4210526316,0.7689025831,nan,0.0000105179,49.7807173616,nan,nan,nan,nan,nan,nan,nan
3785,48.4210526316,1.3988293418,nan,0.0000000000,111.6947253311,nan,nan,nan,nan,nan,nan,nan
3786,48.4210526316,0.4804062207,nan,0.0004421207,33.5445914075,nan,nan,nan,nan,nan,nan,nan
3787,48.4210526316,0.6088647148,nan,0.0001038158,39.8373646297,nan,nan,nan,nan,nan,nan,nan
3788,48.4210526316,0.4993819186,nan,0.0003647821,34.3796647728,nan,nan,nan,nan,nan,nan,nan
3789,48.4210526316,0.8550604504,nan,0.0000024534,56.1023563651,nan,nan,nan,nan,nan,nan,nan
3790,48.4210526316,0.3785039007,nan,0.0010916134,29.6193114417,nan,nan,nan,nan,nan,nan,nan
3791,48.4210526316,0.2709408369,nan,0.0022404986,26.4965531874,nan,nan,nan,nan,nan,nan,nan
3792,48.4210526316,0.5873488075,nan,0.0001355609,38.6786542325,nan,nan,nan,nan,nan,nan,nan
3793,48.4210526316,0.4433620096,nan,0.0006297050,32.0086288597,nan,nan,nan,nan,nan,nan,nan
3794,48.4210526316,0.2635917897,nan,0.0023327297,26.3213557939,nan,nan,nan,nan,nan,nan,nan
3795,48.4210526316,0.7306284015,nan,0.0000190984,47.1900362953,nan,nan,nan,nan,nan,nan,nan
3796,48.4210526316,0.9777440649,nan,0.0000002357,66.2759903303,nan,nan,nan,nan,nan,nan,nan
3797,48.4210526316,0.3765763051,nan,0.0011081189,29.5541362097,nan,nan,nan,nan,nan,nan,nan
3798,48.4210526316,1.2602225420,nan,0.0000000003,94.9464569903,nan,nan,nan,nan,nan,nan,nan
3799,48.4210526316,0.1980124142,nan,0.0031816083,24.9735328434,nan,nan,nan,nan,nan,nan,nan
3800,48.4210526316,0.5080616801,nan,0.0003332308,34.7725485515,nan,nan,nan,nan,nan,nan,nan
3801,48.4210526316,0.3415179339,nan,0.0014363250,28.4274728923,nan,nan,nan,nan,nan,nan,nan
3802,48.4210526316,0.6958939529,nan,0.0000319542,44.9547226135,nan,nan,nan,nan,nan,nan,nan
3803,48.4210526316,1.2157097270,nan,0.0000000010,89.9424423043,nan,nan,nan,nan,nan,nan,nan
3804,48.4210526316,0.4720364292,nan,0.0004801030,33.1866562135,nan,nan,nan,nan,nan,nan,nan
3805,48.4210526316,0.5760008851,nan,0.0001554351,38.0845102070,nan,nan,nan,nan,nan,nan,nan
3806,48.4210526316,0.6317112342,nan,0.0000773766,41.1139050495,nan,nan,nan,nan,nan,nan,nan
3807,48.4210526316,1.1808359739,nan,0.0000000024,86.1491715802,nan,nan,nan,nan,nan,nan,nan
3808,48.4210526316,0.7740156100,nan,0.0000096896,50.1369368180,nan,nan,nan,nan,nan,nan,nan
3809,48.4210526316,0.9589742978,nan,0.0000003443,64.6301996336,nan,nan,nan,nan,nan,nan,nan
3810,48.4210526316,0.8465901189,nan,0.0000028505,55.4507820808,nan,nan,nan,nan,nan,nan,nan
3811,48.4210526316,0.8786164307,nan,0.0000016037,57.9488897189,nan,nan,nan,nan,nan,nan,nan
3812,48.4210526316,0.6052639196,nan,0.0001086298,39.6405103965,nan,nan,nan,nan,nan,nan,nan
3813,48.4210526316,0.6373811896,nan,0.0000718112,41.4380796730,nan,nan,nan,nan,nan,nan,nan
3814,48.4210526316,0.1553705374,nan,0.0037113347,24.3046987378,nan,nan,nan,nan,nan,nan,nan
3815,48.4210526316,0.7019446100,nan,0.0000292672,45.3361883794,nan,nan,nan,nan,nan,nan,nan
3816,48.4210526316,0.1043792059,nan,0.0042472705,23.7189007685,nan,nan,nan,nan,nan,nan,nan
3817,48.4210526316,0.8608071650,nan,0.0000022140,56.5481549927,nan,nan,nan,nan,nan,nan,nan
3818,48.4210526316,0.4153533168,nan,0.0008072334,30.9300085094,nan,nan,nan,nan,nan,nan,nan
3819,48.4210526316,0.2629912933,nan,0.0023403156,26.3072556475,nan,nan,nan,nan,nan,nan,nan
3820,48.4210526316,0.5508317357,nan,0.0002085179,36.8085659718,nan,nan,nan,nan,nan,nan,nan
3821,48.4210526316,0.7379125820,nan,0.0000170892,47.6727759233,nan,nan,nan,nan,nan,nan,nan
3822,48.4210526316,0.2031680806,nan,0.0031149636,25.0654701924,nan,nan,nan,nan,nan,nan,nan
3823,48.4210526316,0.7998760207,nan,0.0000063457,51.9752008770,nan,nan,nan,nan,nan,nan,nan
3824,48.4210526316,0.5360515297,nan,0.0002462546,36.0861557940,nan,nan,nan,nan,nan,nan,nan
3825,48.4210526316,0.7636186390,nan,0.0000114417,49.4150997649,nan,nan,nan,nan,nan,nan,nan
3826,48.4210526316,0.2950910504,nan,0.0019468756,27.1066179644,nan,nan,nan,nan,nan,nan,nan
3827,48.4210526316,0.2103592916,nan,0.0030215519,25.1976994173,nan,nan,nan,nan,nan,nan,nan
3828,48.4210526316,0.4253225493,nan,0.0007403266,31.3057666753,nan,nan,nan,nan,nan,nan,nan
3829,48.4210526316,0.6909086855,nan,0.0000343326,44.6429349477,nan,nan,nan,nan,nan,nan,nan
3830,48.4210526316,0.5857393780,nan,0.0001382396,38.5936755683,nan,nan,nan,nan,nan,nan,nan
3831,48.4210526316,0.1341294770,nan,0.0039514801,24.0324019747,nan,nan,nan,nan,nan,nan,nan
3832,48.4210526316,1.4933467957,nan,0.0000000000,124.1289865835,nan,nan,nan,nan,nan,nan,nan
3833,48.4210526316,1.2299818549,nan,0.0000000007,91.5270531296,nan,nan,nan,nan,nan,nan,nan
3834,48.4210526316,1.0801324787,nan,0.0000000262,75.8221581338,nan,nan,nan,nan,nan,nan,nan
3835,48.4210526316,1.3118000792,nan,0.0000000001,100.9723754714,nan,nan,nan,nan,nan,nan,nan
3836,48.4210526316,0.5078315093,nan,0.0003340380,34.7620416172,nan,nan,nan,nan,nan,nan,nan
3837,48.4210526316,0.2850050005,nan,0.0020675561,26.8454269452,nan,nan,nan,nan,nan,nan,nan
3838,48.4210526316,0.2962149173,nan,0.0019336190,27.1362909419,nan,nan,nan,nan,nan,nan,nan
3839,48.4210526316,0.6541589647,nan,0.0000573522,42.4145013673,nan,nan,nan,nan,nan,nan,nan
3840,48.4210526316,0.4972565445,nan,0.0003728632,34.2845048985,nan,nan,nan,nan,nan,nan,nan
3841,48.4210526316,0.0832026879,nan,0.0044219231,23.5438881439,nan,nan,nan,nan,nan,nan,nan
3842,48.4210526316,1.0084674297,nan,0.0000001248,69.0395673849,nan,nan,nan,nan,nan,nan,nan
3843,48.4210526316,0.6707563546,nan,0.0000456491,43.4056810716,nan,nan,nan,nan,nan,nan,nan
3844,48.4210526316,0.3939194292,nan,0.0009654616,30.1526498347,nan,nan,nan,nan,nan,nan,nan
3845,48.4210526316,0.9207590900,nan,0.0000007279,61.3790977121,nan,nan,nan,nan,nan,nan,nan
3846,48.4210526316,0.2453473009,nan,0.0025659737,25.9074780477,nan,nan,nan,nan,nan,nan,nan
3847,48.4210526316,0.4969289013,nan,0.0003741216,34.2698717819,nan,nan,nan,nan,nan,nan,nan
3848,48.4210526316,0.6066895001,nan,0.0001067012,39.7183051329,nan,nan,nan,nan,nan,nan,nan
3849,48.4210526316,0.2538190675,nan,0.0024570119,26.0959274270,nan,nan,nan,nan,nan,nan,nan
3850,48.4210526316,1.3335020023,nan,0.0000000000,103.5809515339,nan,nan,nan,nan,nan,nan,nan
3851,48.4210526316,0.5778607398,nan,0.0001520168,38.1810833232,nan,nan,nan,nan,nan,nan,nan
3852,48.4210526316,0.1463893002,nan,0.0038153710,24.1846322698,nan,nan,nan,nan,nan,nan,nan
3853,48.4210526316,0.2256405215,nan,0.0028221896,25.4941380931,nan,nan,nan,nan,nan,nan,nan
3854,48.4210526316,0.3634806113,nan,0.0012245428,29.1202602559,nan,nan,nan,nan,nan,nan,nan
3855,48.4210526316,0.8885258074,nan,0.0000013363,58.7408483009,nan,nan,nan,nan,nan,nan,nan
3856,48.4210526316,1.0946193745,nan,0.0000000188,77.2504664535,nan,nan,nan,nan,nan,nan,nan
3857,48.4210526316,0.5064568273,nan,0.0003388918,34.6993898247,nan,nan,nan,nan,nan,nan,nan
3858,48.4210526316,0.3492324890,nan,0.0013596138,28.6658443563,nan,nan,nan,nan,nan,nan,nan
3859,48.4210526316,0.6689579359,nan,0.0000468051,43.2970676065,nan,nan,nan,nan,nan,nan,nan
3860,48.4210526316,1.1009106461,nan,0.0000000163,77.8767383422,nan,nan,nan,nan,nan,nan,nan
3861,48.4210526316,0.5664633026,nan,0.0001740116,37.5942189729,nan,nan,nan,nan,nan,nan,nan
3862,48.4210526316,0.7452908835,nan,0.0000152521,48.1666925887,nan,nan,nan,nan,nan,nan,nan
3863,48.4210526316,0.4896450453,nan,0.0004029878,33.9470815301,nan,nan,nan,nan,nan,nan,nan
3864,48.4210526316,0.8911072781,nan,0.0000012739,58.9486351117,nan,nan,nan,nan,nan,nan,nan
3865,48.4210526316,1.2670950309,nan,0.0000000003,95.7352671421,nan,nan,nan,nan,nan,nan,nan
3866,48.4210526316,0.0353275082,nan,0.0046825929,23.2951360050,nan,nan,nan,nan,nan,nan,nan
3867,48.4210526316,0.4954702058,nan,0.0003797657,34.2048423089,nan,nan,nan,nan,nan,nan,nan
3868,48.4210526316,0.4246019338,nan,0.0007450230,31.2783030791,nan,nan,nan,nan,nan,nan,nan
3869,48.4210526316,0.6560414972,nan,0.0000559028,42.5256612208,nan,nan,nan,nan,nan,nan,nan
3870,48.4210526316,0.8126081437,nan,0.0000051254,52.9027065602,nan,nan,nan,nan,nan,nan,nan
3871,48.4210526316,0.8621590070,nan,0.0000021610,56.6534623976,nan,nan,nan,nan,nan,nan,nan
3872,48.4210526316,0.5053961896,nan,0.0003426756,34.6511681634,nan,nan,nan,nan,nan,nan,nan
3873,48.4210526316,0.2064662384,nan,0.0030721769,25.1255378594,nan,nan,nan,nan,nan,nan,nan
3874,48.4210526316,0.8384525595,nan,0.0000032878,54.8309864745,nan,nan,nan,nan,nan,nan,nan
3875,48.4210526316,0.6494431394,nan,0.0000611299,42.1374598273,nan,nan,nan,nan,nan,nan,nan
3876,48.4210526316,1.1175722705,nan,0.0000000111,79.5528822371,nan,nan,nan,nan,nan,nan,nan
3877,48.4210526316,0.3255562681,nan,0.0016027386,27.9513729518,nan,nan,nan,nan,nan,nan,nan
3878,48.4210526316,0.7071983443,nan,0.0000271012,45.6701218892,nan,nan,nan,nan,nan,nan,nan
3879,48.4210526316,1.7752093893,nan,0.0000000000,166.0954474994,nan,nan,nan,nan,nan,nan,nan
3880,48.4210526316,0.3670695515,nan,0.0011918948,29.2376208815,nan,nan,nan,nan,nan,nan,nan
3881,48.4210526316,0.5025977189,nan,0.0003528233,34.5244272186,nan,nan,nan,nan,nan,nan,nan
3882,48.4210526316,0.8104221759,nan,0.0000053181,52.7424101870,nan,nan,nan,nan,nan,nan,nan
3883,48.4210526316,0.9581475211,nan,0.0000003501,64.5584473791,nan,nan,nan,nan,nan,nan,nan
3884,48.4210526316,0.8360141908,nan,0.0000034305,54.6464478029,nan,nan,nan,nan,nan,nan,nan
3885,48.4210526316,0.3993967861,nan,0.0009231369,30.3473388435,nan,nan,nan,nan,nan,nan,nan
3886,48.4210526316,0.4409464663,nan,0.0006437540,31.9128006970,nan,nan,nan,nan,nan,nan,nan
3887,48.4210526316,0.6419577847,nan,0.0000675790,41.7018797991,nan,nan,nan,nan,nan,nan,nan
3888,48.4210526316,1.0498888575,nan,0.0000000513,72.9023828265,nan,nan,nan,nan,nan,nan,nan
3889,48.4210526316,0.1347025867,nan,0.0039452830,24.0392183958,nan,nan,nan,nan,nan,nan,nan
3890,48.4210526316,0.1832912981,nan,0.0033696320,24.7241752309,nan,nan,nan,nan,nan,nan,nan
3891,48.4210526316,0.2750474280,nan,0.0021894877,26.5965749608,nan,nan,nan,nan,nan,nan,nan
3892,48.4210526316,1.2000014961,nan,0.0000000015,88.2200107664,nan,nan,nan,nan,nan,nan,nan
3893,48.4210526316,1.0137958502,nan,0.0000001115,69.5276625344,nan,nan,nan,nan,nan,nan,nan
3894,48.4210526316,0.2333680161,nan,0.0027214176,25.6520481009,nan,nan,nan,nan,nan,nan,nan
3895,48.4210526316,0.6965613478,nan,0.0000316473,44.9966348282,nan,nan,nan,nan,nan,nan,nan
3896,48.4210526316,0.7266025110,nan,0.0000202987,46.9253098657,nan,nan,nan,nan,nan,nan,nan
3897,48.4210526316,0.4667448060,nan,0.0005054006,32.9636428128,nan,nan,nan,nan,nan,nan,nan
3898,48.4210526316,0.4931810632,nan,0.0003887603,34.1031809272,nan,nan,nan,nan,nan,nan,nan
3899,48.4210526316,0.3606371022,nan,0.0012508050,29.0281039415,nan,nan,nan,nan,nan,nan,nan
3900,48.4210526316,0.4808817536,nan,0.0004400359,33.5651187044,nan,nan,nan,nan,nan,nan,nan
3901,48.4210526316,0.8586512445,nan,0.0000023011,56.3805564127,nan,nan,nan,nan,nan,nan,nan
3902,48.4210526316,0.3363152027,nan,0.0014894451,28.2697551213,nan,nan,nan,nan,nan,nan,nan
3903,48.4210526316,0.5043943382,nan,0.0003462810,34.6057131388,nan,nan,nan,nan,nan,nan,nan
3904,48.4210526316,0.4898076856,nan,0.0004023244,33.9542364402,nan,nan,nan,nan,nan,nan,nan
3905,48.4210526316,0.1475961226,nan,0.0038015917,24.2003453102,nan,nan,nan,nan,nan,nan,nan
3906,48.4210526316,0.6858750775,nan,0.0000368942,44.3304247544,nan,nan,nan,nan,nan,nan,nan
3907,48.4210526316,0.8615563453,nan,0.0000021845,56.6064948845,nan,nan,nan,nan,nan,nan,nan
3908,48.4210526316,1.1356318636,nan,0.0000000072,81.3984292538,nan,nan,nan,nan,nan,nan,nan
3909,48.4210526316,0.1689110176,nan,0.0035486324,24.4993898500,nan,nan,nan,nan,nan,nan,nan
3910,48.4210526316,0.1242137203,nan,0.0040559069,23.9191202282,nan,nan,nan,nan,nan,nan,nan
3911,48.4210526316,0.1767206883,nan,0.0034521029,24.6191626836,nan,nan,nan,nan,nan,nan,nan
3912,48.4210526316,0.7470359320,nan,0.0000148449,48.2842362063,nan,nan,nan,nan,nan,nan,nan
3913,48.4210526316,1.0660648927,nan,0.0000000359,74.4536129200,nan,nan,nan,nan,nan,nan,nan
3914,48.4210526316,0.4411143560,nan,0.0006427700,31.9194440011,nan,nan,nan,nan,nan,nan,nan
3915,48.4210526316,0.1989651051,nan,0.0031693183,24.9903414516,nan,nan,nan,nan,nan,nan,nan
3916,48.4210526316,0.2572011040,nan,0.0024138115,26.1729664085,nan,nan,nan,nan,nan,nan,nan
3917,48.4210526316,0.2606194983,nan,0.0023703463,26.2518819766,nan,nan,nan,nan,nan,nan,nan
3918,48.4210526316,0.6579419824,nan,0.0000544727,42.6382089486,nan,nan,nan,nan,nan,nan,nan
3919,48.4210526316,0.1977391584,nan,0.0031851312,24.9687267710,nan,nan,nan,nan,nan,nan,nan
3920,48.4210526316,1.0359695788,nan,0.0000000694,71.5867736576,nan,nan,nan,nan,nan,nan,nan
3921,48.4210526316,0.5481533130,nan,0.0002149721,36.6761783572,nan,nan,nan,nan,nan,nan,nan
3922,48.4210526316,0.6245993338,nan,0.0000848901,40.7114313692,nan,nan,nan,nan,nan,nan,nan
3923,48.4210526316,0.9613549667,nan,0.0000003283,64.8371569447,nan,nan,nan,nan,nan,nan,nan
3924,48.4210526316,0.1031172066,nan,0.0042585814,23.7073504407,nan,nan,nan,nan,nan,nan,nan
3925,48.4210526316,0.6189087442,nan,0.0000913543,40.3927117893,nan,nan,nan,nan,nan,nan,nan
3926,48.4210526316,0.5072964277,nan,0.0003359205,34.7376345912,nan,nan,nan,nan,nan,nan,nan
3927,48.4210526316,0.5312051907,nan,0.0002598000,35.8536088580,nan,nan,nan,nan,nan,nan,nan
3928,48.4210526316,0.4672942564,nan,0.0005027267,32.9866808516,nan,nan,nan,nan,nan,nan,nan
3929,48.4210526316,0.5072044465,nan,0.0003362450,34.7334416161,nan,nan,nan,nan,nan,nan,nan
3930,48.4210526316,0.5549905804,nan,0.0001988190,37.0154209416,nan,nan,nan,nan,nan,nan,nan
3931,48.4210526316,0.5542743121,nan,0.0002004619,36.9796825812,nan,nan,nan,nan,nan,nan,nan
3932,48.4210526316,0.2467251012,nan,0.0025481878,25.9376857636,nan,nan,nan,nan,nan,nan,nan
3933,48.4210526316,0.6067419700,nan,0.0001066308,39.7211719765,nan,nan,nan,nan,nan,nan,nan
3934,48.4210526316,0.1316597578,nan,0.0039779891,24.0033640964,nan,nan,nan,nan,nan,nan,nan
3935,48.4210526316,1.0749142078,nan,0.0000000294,75.3123883978,nan,nan,nan,nan,nan,nan,nan
3936,48.4210526316,0.9772029145,nan,0.0000002383,66.2280887717,nan,nan,nan,nan,nan,nan,nan
3937,48.4210526316,1.1561905457,nan,0.0000000044,83.5357958654,nan,nan,nan,nan,nan,nan,nan
3938,48.4210526316,0.9607386740,nan,0.0000003324,64.7835313277,nan,nan,nan,nan,nan,nan,nan
3939,48.4210526316,0.6592035681,nan,0.0000535414,42.7131026108,nan,nan,nan,nan,nan,nan,nan
3940,48.4210526316,0.3179944795,nan,0.0016850519,27.7338672178,nan,nan,nan,nan,nan,nan,nan
3941,48.4210526316,0.5162577476,nan,0.0003055044,35.1498258923,nan,nan,nan,nan,nan,nan,nan
3942,48.4210526316,0.2307992118,nan,0.0027548895,25.5989581737,nan,nan,nan,nan,nan,nan,nan
3943,48.4210526316,1.0517124024,nan,0.0000000492,73.0760549796,nan,nan,nan,nan,nan,nan,nan
3944,48.4210526316,0.2929324130,nan,0.0019724480,27.0499444496,nan,nan,nan,nan,nan,nan,nan
3945,48.4210526316,0.8442987059,nan,0.0000029678,55.2756444814,nan,nan,nan,nan,nan,nan,nan
3946,48.4210526316,1.0658977877,nan,0.0000000360,74.4374654292,nan,nan,nan,nan,nan,nan,nan
3947,48.4210526316,0.9772352911,nan,0.0000002382,66.2309539262,nan,nan,nan,nan,nan,nan,nan
3948,48.4210526316,0.4967449268,nan,0.0003748298,34.2616594344,nan,nan,nan,nan,nan,nan,nan
3949,48.4210526316,0.2981801053,nan,0.0019105345,27.1884511959,nan,nan,nan,nan,nan,nan,nan
3950,48.4210526316,0.9471097073,nan,0.0000004359,63.6065221395,nan,nan,nan,nan,nan,nan,nan
3951,48.4210526316,1.0834040282,nan,0.0000000243,76.1430275971,nan,nan,nan,nan,nan,nan,nan
3952,48.4210526316,0.2691994099,nan,0.0022622480,26.4545978754,nan,nan,nan,nan,nan,nan,nan
3953,48.4210526316,0.1520543648,nan,0.0037501409,24.2595241769,nan,nan,nan,nan,nan,nan,nan
3954,48.4210526316,1.2812613407,nan,0.0000000002,97.3749414068,nan,nan,nan,nan,nan,nan,nan
3955,48.4210526316,0.4328045290,nan,0.0006928355,31.5936989611,nan,nan,nan,nan,nan,nan,nan
3956,48.4210526316,0.9640115724,nan,0.0000003113,65.0687149990,nan,nan,nan,nan,nan,nan,nan
3957,48.4210526316,0.8417158066,nan,0.0000031054,55.0788036917,nan,nan,nan,nan,nan,nan,nan
3958,48.4210526316,0.4846124261,nan,0.0004239481,33.7268733166,nan,nan,nan,nan,nan,nan,nan
3959,48.4210526316,0.1651335273,nan,0.0035946607,24.4434209775,nan,nan,nan,nan,nan,nan,nan
3960,48.4210526316,1.3122306199,nan,0.0000000001,101.0237055732,nan,nan,nan,nan,nan,nan,nan
3961,48.4210526316,0.8178492439,nan,0.0000046894,53.2888141755,nan,nan,nan,nan,nan,nan,nan
3962,48.4210526316,0.4430559162,nan,0.0006314724,31.9964563774,nan,nan,nan,nan,nan,nan,nan
3963,48.4210526316,0.7161230837,nan,0.0000237511,46.2431634963,nan,nan,nan,nan,nan,nan,nan
3964,48.4210526316,0.4505233184,nan,0.0005894078,32.2958414168,nan,nan,nan,nan,nan,nan,nan
3965,48.4210526316,0.7660256175,nan,0.0000110120,49.5813320934,nan,nan,nan,nan,nan,nan,nan
3966,48.4210526316,0.8651262495,nan,0.0000020487,56.8851944155,nan,nan,nan,nan,nan,nan,nan
3967,48.4210526316,0.3663577535,nan,0.0011983255,29.2142518947,nan,nan,nan,nan,nan,nan,nan
3968,48.4210526316,0.6462139329,nan,0.0000638422,41.9489226345,nan,nan,nan,nan,nan,nan,nan
3969,48.4210526316,1.2275271336,nan,0.0000000007,91.2531771714,nan,nan,nan,nan,nan,nan,nan
3970,48.4210526316,0.6679443785,nan,0.0000474681,43.2359849360,nan,nan,nan,nan,nan,nan,nan
3971,48.4210526316,0.1062190082,nan,0.0042305866,23.7359940597,nan,nan,nan,nan,nan,nan,nan
3972,48.4210526316,1.2242310649,nan,0.0000000008,90.8863017365,nan,nan,nan,nan,nan,nan,nan
3973,48.4210526316,0.3156845352,nan,0.0017106236,27.6684554739,nan,nan,nan,nan,nan,nan,nan
3974,48.4210526316,0.5324026887,nan,0.0002563970,35.9108709099,nan,nan,nan,nan,nan,nan,nan
3975,48.4210526316,1.1651144825,nan,0.0000000036,84.4756408651,nan,nan,nan,nan,nan,nan,nan
3976,48.4210526316,1.6198208819,nan,0.0000000000,142.0540669376,nan,nan,nan,nan,nan,nan,nan
3977,48.4210526316,0.1079310361,nan,0.0042148569,23.7521716438,nan,nan,nan,nan,nan,nan,nan
3978,48.4210526316,0.6186956764,nan,0.0000916044,40.3808355695,nan,nan,nan,nan,nan,nan,nan
3979,48.4210526316,1.0088632098,nan,0.0000001237,69.0757322516,nan,nan,nan,nan,nan,nan,nan
3980,48.4210526316,0.7983751793,nan,0.0000065060,51.8668443391,nan,nan,nan,nan,nan,nan,nan
3981,48.4210526316,0.6071365707,nan,0.0001061026,39.7427401642,nan,nan,nan,nan,nan,nan,nan
3982,48.4210526316,0.5690922006,nan,0.0001687122,37.7285339755,nan,nan,nan,nan,nan,nan,nan
3983,48.4210526316,0.2130983604,nan,0.0029858720,25.2492880698,nan,nan,nan,nan,nan,nan,nan
3984,48.4210526316,0.7040077723,nan,0.0000283986,45.4670250111,nan,nan,nan,nan,nan,nan,nan
3985,48.4210526316,0.9724065546,nan,0.0000002627,65.8046972110,nan,nan,nan,nan,nan,nan,nan
3986,48.4210526316,0.7550943530,nan,0.0000130899,48.8306459064,nan,nan,nan,nan,nan,nan,nan
3987,48.4210526316,1.3017459530,nan,0.0000000001,99.7785434516,nan,nan,nan,nan,nan,nan,nan
3988,48.4210526316,0.5206059025,nan,0.0002915776,35.3524579254,nan,nan,nan,nan,nan,nan,nan
3989,48.4210526316,0.6495772428,nan,0.0000610195,42.1453100119,nan,nan,nan,nan,nan,nan,nan
3990,48.4210526316,1.0136931657,nan,0.0000001117,69.5182318222,nan,nan,nan,nan,nan,nan,nan
3991,48.4210526316,0.3474141340,nan,0.0013774715,28.6091739356,nan,nan,nan,nan,nan,nan,nan
3992,48.4210526316,0.2929095036,nan,0.0019727201,27.0493452375,nan,nan,nan,nan,nan,nan,nan
3993,48.4210526316,0.4300639527,nan,0.0007099630,31.4876426260,nan,nan,nan,nan,nan,nan,nan
3994,48.4210526316,0.4889704355,nan,0.0004057486,33.9174295922,nan,nan,nan,nan,nan,nan,nan
3995,48.4210526316,0.0475740328,nan,0.0046350642,23.3394424764,nan,nan,nan,nan,nan,nan,nan
3996,48.4210526316,0.7366780707,nan,0.0000174156,47.5906210072,nan,nan,nan,nan,nan,nan,nan
3997,48.4210526316,0.6105758208,nan,0.0001015939,39.9313242613,nan,nan,nan,nan,nan,nan,nan
3998,48.4210526316,1.0132055441,nan,0.0000001129,69.4734610145,nan,nan,nan,nan,nan,nan,nan
3999,48.4210526316,1.0489672749,nan,0.0000000523,72.8147284248,nan,nan,nan,nan,nan,nan,nan
4000,48.4210526316,1.0620483437,nan,0.0000000392,74.0661993978,nan,nan,nan,nan,nan,nan,nan
4001,48.4210526316,0.5794455860,nan,0.0001491549,38.2636251456,nan,nan,nan,nan,nan,nan,nan
4002,48.4210526316,0.4408310006,nan,0.0006444314,31.9082332652,nan,nan,nan,nan,nan,nan,nan
4003,48.4210526316,0.0971070253,nan,0.0043109276,23.6542927119,nan,nan,nan,nan,nan,nan,nan
4004,48.4210526316,0.8368883147,nan,0.0000033787,54.7125400282,nan,nan,nan,nan,nan,nan,nan
4005,48.4210526316,0.6728135704,nan,0.0000443579,43.5302860391,nan,nan,nan,nan,nan,nan,nan
4006,48.4210526316,0.8503649185,nan,0.0000026666,55.7403452713,nan,nan,nan,nan,nan,nan,nan
4007,48.4210526316,0.3082976442,nan,0.0017936944,27.4625154746,nan,nan,nan,nan,nan,nan,nan
4008,48.4210526316,0.6576022561,nan,0.0000547260,42.6180660008,nan,nan,nan,nan,nan,nan,nan
4009,48.4210526316,0.1054636014,nan,0.0042374646,23.7289391429,nan,nan,nan,nan,nan,nan,nan
4010,48.4210526316,0.5880098821,nan,0.0001344737,38.7136276410,nan,nan,nan,nan,nan,nan,nan
4011,48.4210526316,0.5278856323,nan,0.0002694290,35.6955559468,nan,nan,nan,nan,nan,nan,nan
4012,48.4210526316,0.7435749104,nan,0.0000156625,48.0513786299,nan,nan,nan,nan,nan,nan,nan
4013,48.4210526316,0.5979037121,nan,0.0001190747,39.2418052198,nan,nan,nan,nan,nan,nan,nan
4014,48.4210526316,0.9359530248,nan,0.0000005425,62.6556839594,nan,nan,nan,nan,nan,nan,nan
4015,48.4210526316,0.4452068828,nan,0.0006191310,32.0821744321,nan,nan,nan,nan,nan,nan,nan
4016,48.4210526316,0.7286367833,nan,0.0000196839,47.0588905070,nan,nan,nan,nan,nan,nan,nan
4017,48.4210526316,0.2467045328,nan,0.0025484531,25.9372335528,nan,nan,nan,nan,nan,nan,nan
4018,48.4210526316,0.1426948852,nan,0.0038571439,24.1373415468,nan,nan,nan,nan,nan,nan,nan
4019,48.4210526316,0.7879238061,nan,0.0000077304,51.1179928956,nan,nan,nan,nan,nan,nan,nan
4020,48.4210526316,0.1613599477,nan,0.0036401657,24.3887884962,nan,nan,nan,nan,nan,nan,nan
4021,48.4210526316,0.2084734397,nan,0.0030460898,25.1625730101,nan,nan,nan,nan,nan,nan,nan
4022,48.4210526316,1.4078510377,nan,0.0000000000,112.8460858663,nan,nan,nan,nan,nan,nan,nan
4023,48.4210526316,0.4663040365,nan,0.0005075535,32.9451815046,nan,nan,nan,nan,nan,nan,nan
4024,48.4210526316,1.0204066872,nan,0.0000000969,70.1368469767,nan,nan,nan,nan,nan,nan,nan
4025,48.4210526316,0.6713807850,nan,0.0000452537,43.4434618350,nan,nan,nan,nan,nan,nan,nan
4026,48.4210526316,0.3774615203,nan,0.0011005189,29.5840250171,nan,nan,nan,nan,nan,nan,nan
4027,48.4210526316,0.9668289241,nan,0.0000002941,65.3149905091,nan,nan,nan,nan,nan,nan,nan
4028,48.4210526316,0.2987493965,nan,0.0019038702,27.2036265732,nan,nan,nan,nan,nan,nan,nan
4029,48.4210526316,0.3579786668,nan,0.0012756725,28.9426080023,nan,nan,nan,nan,nan,nan,nan
4030,48.4210526316,0.5742280870,nan,0.0001587541,37.9927506979,nan,nan,nan,nan,nan,nan,nan
4031,48.4210526316,0.7042095069,nan,0.0000283150,45.4798389757,nan,nan,nan,nan,nan,nan,nan
4032,48.4210526316,0.6858899987,nan,0.0000368863,44.3313477171,nan,nan,nan,nan,nan,nan,nan
4033,48.4210526316,1.0044352859,nan,0.0000001358,68.6719436068,nan,nan,nan,nan,nan,nan,nan
4034,48.4210526316,0.9825717315,nan,0.0000002136,66.7045130730,nan,nan,nan,nan,nan,nan,nan
4035,48.4210526316,0.2131332222,nan,0.0029854177,25.2499490221,nan,nan,nan,nan,nan,nan,nan
4036,48.4210526316,0.1820154098,nan,0.0033857272,24.7034803651,nan,nan,nan,nan,nan,nan,nan
4037,48.4210526316,0.4346347802,nan,0.0006815682,31.6649066190,nan,nan,nan,nan,nan,nan,nan
4038,48.4210526316,0.4011670788,nan,0.0009097364,30.4108443228,nan,nan,nan,nan,nan,nan,nan
4039,48.4210526316,0.8324637395,nan,0.0000036486,54.3787176123,nan,nan,nan,nan,nan,nan,nan
4040,48.4210526316,0.7871296956,nan,0.0000078316,51.0615021363,nan,nan,nan,nan,nan,nan,nan
4041,48.4210526316,0.8556627183,nan,0.0000024272,56.1489353004,nan,nan,nan,nan,nan,nan,nan
4042,48.4210526316,0.4642291197,nan,0.0005177842,32.8585121803,nan,nan,nan,nan,nan,nan,nan
4043,48.4210526316,1.2668651880,nan,0.0000000003,95.7088161004,nan,nan,nan,nan,nan,nan,nan
4044,48.4210526316,0.9089954188,nan,0.0000009109,60.4052369603,nan,nan,nan,nan,nan,nan,nan
4045,48.4210526316,0.8392434015,nan,0.0000032427,54.8909551161,nan,nan,nan,nan,nan,nan,nan
4046,48.4210526316,0.3445122375,nan,0.0014062567,28.5193540401,nan,nan,nan,nan,nan,nan,nan
4047,48.4210526316,0.4082199471,nan,0.0008576948,30.6666721474,nan,nan,nan,nan,nan,nan,nan
4048,48.4210526316,0.4244907760,nan,0.0007457494,31.2740709020,nan,nan,nan,nan,nan,nan,nan
4049,48.4210526316,0.6958396958,nan,0.0000319793,44.9513170727,nan,nan,nan,nan,nan,nan,nan
4050,48.4210526316,0.2707170557,nan,0.0022432897,26.4911464141,nan,nan,nan,nan,nan,nan,nan
4051,48.4210526316,0.9149922240,nan,0.0000008128,60.9001022161,nan,nan,nan,nan,nan,nan,nan
4052,48.4210526316,0.5930990936,nan,0.0001263514,38.9841993086,nan,nan,nan,nan,nan,nan,nan
4053,48.4210526316,0.4689221365,nan,0.0004948690,33.0550975952,nan,nan,nan,nan,nan,nan,nan
4054,48.4210526316,0.9976556441,nan,0.0000001564,68.0571801641,nan,nan,nan,nan,nan,nan,nan
4055,48.4210526316,0.5981750125,nan,0.0001186748,39.2564140666,nan,nan,nan,nan,nan,nan,nan
4056,48.4210526316,0.2099060359,nan,0.0030274517,25.1892277355,nan,nan,nan,nan,nan,nan,nan
4057,48.4210526316,1.1653467606,nan,0.0000000035,84.5002013895,nan,nan,nan,nan,nan,nan,nan
4058,48.4210526316,0.8287031654,nan,0.0000038937,54.0963996796,nan,nan,nan,nan,nan,nan,nan
4059,48.4210526316,0.7016635541,nan,0.0000293874,45.3183951249,nan,nan,nan,nan,nan,nan,nan
4060,48.4210526316,0.5517625792,nan,0.0002063133,36.8547280673,nan,nan,nan,nan,nan,nan,nan
4061,48.4210526316,0.1352380752,nan,0.0039394773,24.0456139313,nan,nan,nan,nan,nan,nan,nan
4062,48.4210526316,0.3828104371,nan,0.0010553247,29.7661389473,nan,nan,nan,nan,nan,nan,nan
4063,48.4210526316,0.7397424874,nan,0.0000166157,47.7948094701,nan,nan,nan,nan,nan,nan,nan
4064,48.4210526316,0.5002871735,nan,0.0003613832,34.4203206569,nan,nan,nan,nan,nan,nan,nan
4065,48.4210526316,0.0337450758,nan,0.0046877276,23.2903763107,nan,nan,nan,nan,nan,nan,nan
4066,48.4210526316,0.5104104730,nan,0.0003250841,34.8800426440,nan,nan,nan,nan,nan,nan,nan
4067,48.4210526316,0.4153018030,nan,0.0008075901,30.9280902744,nan,nan,nan,nan,nan,nan,nan
4068,48.4210526316,0.9689563992,nan,0.0000002817,65.5014430875,nan,nan,nan,nan,nan,nan,nan
4069,48.4210526316,0.5715177194,nan,0.0001639451,37.8530160230,nan,nan,nan,nan,nan,nan,nan
4070,48.4210526316,0.7630410581,nan,0.0000115471,49.3752892251,nan,nan,nan,nan,nan,nan,nan
4071,48.4210526316,0.6845660964,nan,0.0000375878,44.2495357704,nan,nan,nan,nan,nan,nan,nan
4072,48.4210526316,0.8517305589,nan,0.0000026029,55.8454239784,nan,nan,nan,nan,nan,nan,nan
4073,48.4210526316,0.4818201730,nan,0.0004359445,33.6056876769,nan,nan,nan,nan,nan,nan,nan
4074,48.4210526316,0.5960190860,nan,0.0001218847,39.1405078956,nan,nan,nan,nan,nan,nan,nan
4075,48.4210526316,0.8084594933,nan,0.0000054969,52.5988594328,nan,nan,nan,nan,nan,nan,nan
4076,48.4210526316,0.3444412861,nan,0.0014069649,28.5171674884,nan,nan,nan,nan,nan,nan,nan
4077,48.4210526316,0.9467156539,nan,0.0000004393,63.5727444027,nan,nan,nan,nan,nan,nan,nan
4078,48.4210526316,0.9544523271,nan,0.0000003768,64.2385232536,nan,nan,nan,nan,nan,nan,nan
4079,48.4210526316,0.0250494164,nan,0.0047117756,23.2681540201,nan,nan,nan,nan,nan,nan,nan
4080,48.4210526316,0.5104274114,nan,0.0003250259,34.8808196649,nan,nan,nan,nan,nan,nan,nan
4081,48.4210526316,0.2483090707,nan,0.0025277696,25.9726251313,nan,nan,nan,nan,nan,nan,nan
4082,48.4210526316,0.3884775611,nan,0.0010088079,29.9619154559,nan,nan,nan,nan,nan,nan,nan
4083,48.4210526316,0.1438193000,nan,0.0038444965,24.1516052808,nan,nan,nan,nan,nan,nan,nan
4084,48.4210526316,0.7279813685,nan,0.0000198801,47.0158113883,nan,nan,nan,nan,nan,nan,nan
4085,48.4210526316,0.7778127474,nan,0.0000091138,50.4030251595,nan,nan,nan,nan,nan,nan,nan
4086,48.4210526316,1.0542078738,nan,0.0000000466,73.3142147133,nan,nan,nan,nan,nan,nan,nan
4087,48.4210526316,0.0970365621,nan,0.0043115261,23.6536897732,nan,nan,nan,nan,nan,nan,nan
4088,48.4210526316,0.1795013813,nan,0.0034173300,24.6631308679,nan,nan,nan,nan,nan,nan,nan
4089,48.4210526316,0.8011144072,nan,0.0000062162,52.0647639339,nan,nan,nan,nan,nan,nan,nan
4090,48.4210526316,0.5448062969,nan,0.0002232718,36.5116614656,nan,nan,nan,nan,nan,nan,nan
4091,48.4210526316,0.5330629592,nan,0.0002545365,35.9424995668,nan,nan,nan,nan,nan,nan,nan
4092,48.4210526316,0.7225182297,nan,0.0000215861,46.6582559863,nan,nan,nan,nan,nan,nan,nan
4093,48.4210526316,0.6217988267,nan,0.0000880195,40.5542112599,nan,nan,nan,nan,nan,nan,nan
4094,48.4210526316,0.5863451142,nan,0.0001372262,38.6256310489,nan,nan,nan,nan,nan,nan,nan
4095,48.4210526316,0.7184199615,nan,0.0000229519,46.3918182749,nan,nan,nan,nan,nan,nan,nan
4096,48.4210526316,1.0808563371,nan,0.0000000257,75.8930686803,nan,nan,nan,nan,nan,nan,nan
4097,48.4210526316,1.4846478355,nan,0.0000000000,122.9502362312,nan,nan,nan,nan,nan,nan,nan
4098,48.4210526316,0.3578492845,nan,0.0012768905,28.9384633666,nan,nan,nan,nan,nan,nan,nan
4099,48.4210526316,1.4472946079,nan,0.0000000000,117.9678743095,nan,nan,nan,nan,nan,nan,nan
4100,48.4210526316,0.9640661112,nan,0.0000003109,65.0734755395,nan,nan,nan,nan,nan,nan,nan
4101,48.4210526316,0.4251428765,nan,0.0007414955,31.2989147003,nan,nan,nan,nan,nan,nan,nan
4102,48.4210526316,0.6224244588,nan,0.0000873118,40.5892721633,nan,nan,nan,nan,nan,nan,nan
4103,48.4210526316,0.2368011410,nan,0.0026767454,25.7239293341,nan,nan,nan,nan,nan,nan,nan
4104,48.4210526316,0.9059233439,nan,0.0000009654,60.1529999345,nan,nan,nan,nan,nan,nan,nan
4105,48.4210526316,0.1839643751,nan,0.0033611265,24.7351514435,nan,nan,nan,nan,nan,nan,nan
4106,48.4210526316,0.6579390310,nan,0.0000544749,42.6380339116,nan,nan,nan,nan,nan,nan,nan
4107,48.4210526316,0.4799992339,nan,0.0004439112,33.5270393501,nan,nan,nan,nan,nan,nan,nan
4108,48.4210526316,0.4494143253,nan,0.0005955169,32.2510592967,nan,nan,nan,nan,nan,nan,nan
4109,48.4210526316,1.0428988029,nan,0.0000000597,72.2394830862,nan,nan,nan,nan,nan,nan,nan
4110,48.4210526316,0.3345309402,nan,0.0015079154,28.2162302613,nan,nan,nan,nan,nan,nan,nan
4111,48.4210526316,0.3703362995,nan,0.0011626634,29.3454598457,nan,nan,nan,nan,nan,nan,nan
4112,48.4210526316,0.7269756261,nan,0.0000201847,46.9497822016,nan,nan,nan,nan,nan,nan,nan
4113,48.4210526316,0.6179036040,nan,0.0000925396,40.3367223790,nan,nan,nan,nan,nan,nan,nan
4114,48.4210526316,1.3540793953,nan,0.0000000000,106.0943559579,nan,nan,nan,nan,nan,nan,nan
4115,48.4210526316,0.2353930010,nan,0.0026950586,25.6943178640,nan,nan,nan,nan,nan,nan,nan
4116,48.4210526316,0.3879708682,nan,0.0010129097,29.9442927543,nan,nan,nan,nan,nan,nan,nan
4117,48.4210526316,0.4223182705,nan,0.0007600496,31.1915809169,nan,nan,nan,nan,nan,nan,nan
4118,48.4210526316,0.6692111717,nan,0.0000466408,43.3123436544,nan,nan,nan,nan,nan,nan,nan
4119,48.4210526316,0.6294422453,nan,0.0000797077,40.9849986151,nan,nan,nan,nan,nan,nan,nan
4120,48.4210526316,0.1288802166,nan,0.0040074339,23.9713363561,nan,nan,nan,nan,nan,nan,nan
4121,48.4210526316,0.5913729163,nan,0.0001290577,38.8921614589,nan,nan,nan,nan,nan,nan,nan
4122,48.4210526316,0.1974861681,nan,0.0031883918,24.9642831197,nan,nan,nan,nan,nan,nan,nan
4123,48.4210526316,0.5925045273,nan,0.0001272780,38.9524670551,nan,nan,nan,nan,nan,nan,nan
4124,48.4210526316,1.2917478630,nan,0.0000000001,98.6005796527,nan,nan,nan,nan,nan,nan,nan
4125,48.4210526316,0.4755125504,nan,0.0004640299,33.3345402633,nan,nan,nan,nan,nan,nan,nan
4126,48.4210526316,1.0300770456,nan,0.0000000788,71.0351802478,nan,nan,nan,nan,nan,nan,nan
4127,48.4210526316,0.4853032732,nan,0.0004210207,33.7569658612,nan,nan,nan,nan,nan,nan,nan
4128,48.4210526316,0.2007811078,nan,0.0031458588,25.0226078081,nan,nan,nan,nan,nan,nan,nan
4129,48.4210526316,0.9326146245,nan,0.0000005790,62.3733814210,nan,nan,nan,nan,nan,nan,nan
4130,48.4210526316,0.3061957792,nan,0.0018176829,27.4048187613,nan,nan,nan,nan,nan,nan,nan
4131,48.4210526316,0.5781074324,nan,0.0001515683,38.1939165162,nan,nan,nan,nan,nan,nan,nan
4132,48.4210526316,0.4120945096,nan,0.0008300164,30.8091333971,nan,nan,nan,nan,nan,nan,nan
4133,48.4210526316,0.3455214577,nan,0.0013962060,28.5505051171,nan,nan,nan,nan,nan,nan,nan
4134,48.4210526316,0.4231293192,nan,0.0007546879,31.2223263271,nan,nan,nan,nan,nan,nan,nan
4135,48.4210526316,0.5074403727,nan,0.0003354132,34.7441978886,nan,nan,nan,nan,nan,nan,nan
4136,48.4210526316,0.2586590573,nan,0.0023952480,26.2064951736,nan,nan,nan,nan,nan,nan,nan
4137,48.4210526316,0.2788078085,nan,0.0021431376,26.6894994872,nan,nan,nan,nan,nan,nan,nan
4138,48.4210526316,0.3701452075,nan,0.0011643606,29.3391250715,nan,nan,nan,nan,nan,nan,nan
4139,48.4210526316,0.3287768772,nan,0.0015683463,28.0455802309,nan,nan,nan,nan,nan,nan,nan
4140,48.4210526316,0.5982154424,nan,0.0001186153,39.2585916879,nan,nan,nan,nan,nan,nan,nan
4141,48.4210526316,0.6224235456,nan,0.0000873128,40.5892209610,nan,nan,nan,nan,nan,nan,nan
4142,48.4210526316,0.2265808755,nan,0.0028099160,25.5130666239,nan,nan,nan,nan,nan,nan,nan
4143,48.4210526316,0.7562998311,nan,0.0000128443,48.9128946103,nan,nan,nan,nan,nan,nan,nan
4144,48.4210526316,0.4644706123,nan,0.0005165853,32.8685792285,nan,nan,nan,nan,nan,nan,nan
4145,48.4210526316,1.2193156419,nan,0.0000000009,90.3410346680,nan,nan,nan,nan,nan,nan,nan
4146,48.4210526316,0.7243178900,nan,0.0000210100,46.7757404772,nan,nan,nan,nan,nan,nan,nan
4147,48.4210526316,0.3355844623,nan,0.0014969940,28.2477993152,nan,nan,nan,nan,nan,nan,nan
4148,48.4210526316,0.8249901669,nan,0.0000041506,53.8189220712,nan,nan,nan,nan,nan,nan,nan
4149,48.4210526316,1.0606915934,nan,0.0000000404,73.9356692396,nan,nan,nan,nan,nan,nan,nan
4150,48.4210526316,0.3283315741,nan,0.0015730776,28.0324986055,nan,nan,nan,nan,nan,nan,nan
4151,48.4210526316,0.7492918123,nan,0.0000143331,48.4366007746,nan,nan,nan,nan,nan,nan,nan
4152,48.4210526316,1.0786309010,nan,0.0000000271,75.6752139668,nan,nan,nan,nan,nan,nan,nan
4153,48.4210526316,0.8721214308,nan,0.0000018052,57.4346831869,nan,nan,nan,nan,nan,nan,nan
4154,48.4210526316,0.5861294266,nan,0.0001375863,38.6142486657,nan,nan,nan,nan,nan,nan,nan
4155,48.4210526316,0.5352513206,nan,0.0002484499,36.0476112597,nan,nan,nan,nan,nan,nan,nan
4156,48.4210526316,0.3106545951,nan,0.0017669777,27.5276893221,nan,nan,nan,nan,nan,nan,nan
4157,48.4210526316,0.3382469179,nan,0.0014695934,28.3280280606,nan,nan,nan,nan,nan,nan,nan
4158,48.4210526316,0.4620403786,nan,0.0005287481,32.7675121905,nan,nan,nan,nan,nan,nan,nan
4159,48.4210526316,0.6853015311,nan,0.0000371966,44.2949629972,nan,nan,nan,nan,nan,nan,nan
4160,48.4210526316,0.5551952853,nan,0.0001983516,37.0256433174,nan,nan,nan,nan,nan,nan,nan
4161,48.4210526316,0.3805243337,nan,0.0010744873,29.6879870320,nan,nan,nan,nan,nan,nan,nan
4162,48.4210526316,0.6372112946,nan,0.0000719727,41.4283234866,nan,nan,nan,nan,nan,nan,nan
4163,48.4210526316,0.8885443028,nan,0.0000013359,58.7423348524,nan,nan,nan,nan,nan,nan,nan
4164,48.4210526316,0.2361661538,nan,0.0026850018,25.7105542062,nan,nan,nan,nan,nan,nan,nan
4165,48.4210526316,0.7176027687,nan,0.0000232334,46.3388740630,nan,nan,nan,nan,nan,nan,nan
4166,48.4210526316,0.4804127991,nan,0.0004420918,33.5448752373,nan,nan,nan,nan,nan,nan,nan
4167,48.4210526316,0.6006428070,nan,0.0001150905,39.3896064709,nan,nan,nan,nan,nan,nan,nan
4168,48.4210526316,0.2340855053,nan,0.0027120752,25.6669827885,nan,nan,nan,nan,nan,nan,nan
4169,48.4210526316,0.3960071482,nan,0.0009491753,30.2265356507,nan,nan,nan,nan,nan,nan,nan
4170,48.4210526316,0.5256352404,nan,0.0002761227,35.5889789347,nan,nan,nan,nan,nan,nan,nan
4171,48.4210526316,0.7845870794,nan,0.0000081639,50.8810153034,nan,nan,nan,nan,nan,nan,nan
4172,48.4210526316,0.9068360140,nan,0.0000009489,60.2278457936,nan,nan,nan,nan,nan,nan,nan
4173,48.4210526316,0.3423250403,nan,0.0014281837,28.4521593247,nan,nan,nan,nan,nan,nan,nan
4174,48.4210526316,0.6081359671,nan,0.0001047749,39.7974288962,nan,nan,nan,nan,nan,nan,nan
4175,48.4210526316,0.1858464223,nan,0.0033372912,24.7660589906,nan,nan,nan,nan,nan,nan,nan
4176,48.4210526316,0.2886091231,nan,0.0020240884,26.9377052102,nan,nan,nan,nan,nan,nan,nan
4177,48.4210526316,0.7801926949,nan,0.0000087691,50.5704740740,nan,nan,nan,nan,nan,nan,nan
4178,48.4210526316,0.3330639566,nan,0.0015231971,28.1724389949,nan,nan,nan,nan,nan,nan,nan
4179,48.4210526316,0.9802949352,nan,0.0000002238,66.5021495976,nan,nan,nan,nan,nan,nan,nan
4180,48.4210526316,1.0596377353,nan,0.0000000414,73.8343962007,nan,nan,nan,nan,nan,nan,nan
4181,48.4210526316,0.3825030243,nan,0.0010578882,29.7556022839,nan,nan,nan,nan,nan,nan,nan
4182,48.4210526316,0.2588618522,nan,0.0023926688,26.2111740660,nan,nan,nan,nan,nan,nan,nan
4183,48.4210526316,0.1884453549,nan,0.0033042563,24.8092626791,nan,nan,nan,nan,nan,nan,nan
4184,48.4210526316,0.5128489410,nan,0.0003167983,34.9921714768,nan,nan,nan,nan,nan,nan,nan
4185,48.4210526316,0.2355634960,nan,0.0026928405,25.6978936601,nan,nan,nan,nan,nan,nan,nan
4186,48.4210526316,0.4797943285,nan,0.0004448148,33.5182081197,nan,nan,nan,nan,nan,nan,nan
4187,48.4210526316,0.5407084211,nan,0.0002337962,36.3116253367,nan,nan,nan,nan,nan,nan,nan
4188,48.4210526316,0.4905400317,nan,0.0003993481,33.9864837716,nan,nan,nan,nan,nan,nan,nan
4189,48.4210526316,0.9156721551,nan,0.0000008023,60.9564189274,nan,nan,nan,nan,nan,nan,nan
4190,48.4210526316,0.9254711095,nan,0.0000006649,61.7727379642,nan,nan,nan,nan,nan,nan,nan
4191,48.4210526316,0.4205557960,nan,0.0007717961,31.1249743901,nan,nan,nan,nan,nan,nan,nan
4192,48.4210526316,1.5906656161,nan,0.0000000000,137.7912211249,nan,nan,nan,nan,nan,nan,nan
4193,48.4210526316,0.5311277617,nan,0.0002600213,35.8499108444,nan,nan,nan,nan,nan,nan,nan
4194,48.4210526316,0.3521064216,nan,0.0013316733,28.7560230113,nan,nan,nan,nan,nan,nan,nan
4195,48.4210526316,0.3960436136,nan,0.0009488925,30.2278296983,nan,nan,nan,nan,nan,nan,nan
4196,48.4210526316,0.1512275985,nan,0.0037597459,24.2484150936,nan,nan,nan,nan,nan,nan,nan
4197,48.4210526316,0.9333843336,nan,0.0000005704,62.4383792033,nan,nan,nan,nan,nan,nan,nan
4198,48.4210526316,0.4240377568,nan,0.0007487150,31.2568344396,nan,nan,nan,nan,nan,nan,nan
4199,48.4210526316,0.7177085636,nan,0.0000231968,46.3457248574,nan,nan,nan,nan,nan,nan,nan
4200,48.4210526316,0.6365499188,nan,0.0000726044,41.3903691809,nan,nan,nan,nan,nan,nan,nan
4201,48.4210526316,0.6181687100,nan,0.0000922257,40.3514806621,nan,nan,nan,nan,nan,nan,nan
4202,48.4210526316,0.1120859729,nan,0.0041758784,23.7925215564,nan,nan,nan,nan,nan,nan,nan
4203,48.4210526316,0.5615656796,nan,0.0001842609,37.3456686533,nan,nan,nan,nan,nan,nan,nan
4204,48.4210526316,0.4126962614,nan,0.0008257753,30.8313809592,nan,nan,nan,nan,nan,nan,nan
4205,48.4210526316,0.5807954572,nan,0.0001467537,38.3341093848,nan,nan,nan,nan,nan,nan,nan
4206,48.4210526316,0.7451202768,nan,0.0000152925,48.1552157220,nan,nan,nan,nan,nan,nan,nan
4207,48.4210526316,1.1202422762,nan,0.0000000104,79.8238502903,nan,nan,nan,nan,nan,nan,nan
4208,48.4210526316,1.0065795387,nan,0.0000001298,68.8672566725,nan,nan,nan,nan,nan,nan,nan
4209,48.4210526316,0.4517112344,nan,0.0005829168,32.3439343705,nan,nan,nan,nan,nan,nan,nan
4210,48.4210526316,1.0930005155,nan,0.0000000195,77.0899026405,nan,nan,nan,nan,nan,nan,nan
4211,48.4210526316,0.8287890957,nan,0.0000038879,54.1028362959,nan,nan,nan,nan,nan,nan,nan
4212,48.4210526316,0.8149703613,nan,0.0000049245,53.0764183637,nan,nan,nan,nan,nan,nan,nan
4213,48.4210526316,0.6839745705,nan,0.0000379050,44.2130334792,nan,nan,nan,nan,nan,nan,nan
4214,48.4210526316,0.9042607278,nan,0.0000009961,60.0168487827,nan,nan,nan,nan,nan,nan,nan
4215,48.4210526316,0.3695303223,nan,0.0011698323,29.3187638232,nan,nan,nan,nan,nan,nan,nan
4216,48.4210526316,0.1269825096,nan,0.0040272939,23.9498667991,nan,nan,nan,nan,nan,nan,nan
4217,48.4210526316,0.9610565878,nan,0.0000003303,64.8111896964,nan,nan,nan,nan,nan,nan,nan
4218,48.4210526316,0.7142222817,nan,0.0000244315,46.1205070602,nan,nan,nan,nan,nan,nan,nan
4219,48.4210526316,0.3606392561,nan,0.0012507850,29.0281734703,nan,nan,nan,nan,nan,nan,nan
4220,48.4210526316,0.3240249311,nan,0.0016192323,27.9069083138,nan,nan,nan,nan,nan,nan,nan
4221,48.4210526316,1.0472438699,nan,0.0000000543,72.6510193471,nan,nan,nan,nan,nan,nan,nan
4222,48.4210526316,0.2854764159,nan,0.0020618496,26.8574301588,nan,nan,nan,nan,nan,nan,nan
4223,48.4210526316,0.4492923240,nan,0.0005961919,32.2461395922,nan,nan,nan,nan,nan,nan,nan
4224,48.4210526316,0.3902667677,nan,0.0009944135,30.0243299468,nan,nan,nan,nan,nan,nan,nan
4225,48.4210526316,0.2983376542,nan,0.0019086891,27.1926479841,nan,nan,nan,nan,nan,nan,nan
4226,48.4210526316,0.5088843849,nan,0.0003303587,34.8101431151,nan,nan,nan,nan,nan,nan,nan
4227,48.4210526316,1.4167623728,nan,0.0000000000,113.9907136336,nan,nan,nan,nan,nan,nan,nan
4228,48.4210526316,0.1777732359,nan,0.0034389639,24.6357238342,nan,nan,nan,nan,nan,nan,nan
4229,48.4210526316,0.3145359400,nan,0.0017234116,27.6361097672,nan,nan,nan,nan,nan,nan,nan
4230,48.4210526316,0.4595449429,nan,0.0005414655,32.6642917241,nan,nan,nan,nan,nan,nan,nan
4231,48.4210526316,0.8335054598,nan,0.0000035833,54.4571515138,nan,nan,nan,nan,nan,nan,nan
4232,48.4210526316,0.8805305512,nan,0.0000015484,58.1011662616,nan,nan,nan,nan,nan,nan,nan
4233,48.4210526316,0.7244430258,nan,0.0000209705,46.7839205212,nan,nan,nan,nan,nan,nan,nan
4234,48.4210526316,1.1671605532,nan,0.0000000034,84.6921577819,nan,nan,nan,nan,nan,nan,nan
4235,48.4210526316,0.2828853569,nan,0.0020932908,26.7917044112,nan,nan,nan,nan,nan,nan,nan
4236,48.4210526316,0.9747006487,nan,0.0000002508,66.0069420154,nan,nan,nan,nan,nan,nan,nan
4237,48.4210526316,0.6460911706,nan,0.0000639474,41.9417739220,nan,nan,nan,nan,nan,nan,nan
4238,48.4210526316,0.8115549611,nan,0.0000052174,52.8254224612,nan,nan,nan,nan,nan,nan,nan
4239,48.4210526316,0.4688406552,nan,0.0004952600,33.0516673654,nan,nan,nan,nan,nan,nan,nan
4240,48.4210526316,0.1905149559,nan,0.0032778561,24.8441011199,nan,nan,nan,nan,nan,nan,nan
4241,48.4210526316,0.8827628796,nan,0.0000014862,58.2791811050,nan,nan,nan,nan,nan,nan,nan
4242,48.4210526316,0.5543248339,nan,0.0002003456,36.9822018441,nan,nan,nan,nan,nan,nan,nan
4243,48.4210526316,0.5795147590,nan,0.0001490310,38.2672330208,nan,nan,nan,nan,nan,nan,nan
4244,48.4210526316,0.3106174124,nan,0.0017673977,27.5266572565,nan,nan,nan,nan,nan,nan,nan
4245,48.4210526316,0.6685538364,nan,0.0000470684,43.2727030636,nan,nan,nan,nan,nan,nan,nan
4246,48.4210526316,0.7217637774,nan,0.0000218319,46.6090921780,nan,nan,nan,nan,nan,nan,nan
4247,48.4210526316,0.6532730377,nan,0.0000580457,42.3623009393,nan,nan,nan,nan,nan,nan,nan
4248,48.4210526316,0.3792481648,nan,0.0010852839,29.6445663435,nan,nan,nan,nan,nan,nan,nan
4249,48.4210526316,0.3631155379,nan,0.0012278951,29.1083874897,nan,nan,nan,nan,nan,nan,nan
4250,48.4210526316,0.7324853983,nan,0.0000185667,47.3126436868,nan,nan,nan,nan,nan,nan,nan
4251,48.4210526316,0.3334686694,nan,0.0015189726,28.1845007217,nan,nan,nan,nan,nan,nan,nan
4252,48.4210526316,0.1002940210,nan,0.0042834864,23.6820260939,nan,nan,nan,nan,nan,nan,nan
4253,48.4210526316,0.5372872282,nan,0.0002428963,36.1457914597,nan,nan,nan,nan,nan,nan,nan
4254,48.4210526316,0.4796642479,nan,0.0004453891,33.5126037523,nan,nan,nan,nan,nan,nan,nan
4255,48.4210526316,0.1160013306,nan,0.0041381325,23.8319561220,nan,nan,nan,nan,nan,nan,nan
4256,48.4210526316,0.9949028501,nan,0.0000001656,67.8087650218,nan,nan,nan,nan,nan,nan,nan
4257,48.4210526316,0.2739357787,nan,0.0022032567,26.5693489284,nan,nan,nan,nan,nan,nan,nan
4258,48.4210526316,0.5009468274,nan,0.0003589225,34.4499932762,nan,nan,nan,nan,nan,nan,nan
4259,48.4210526316,0.7895442415,nan,0.0000075276,51.2334448266,nan,nan,nan,nan,nan,nan,nan
4260,48.4210526316,0.2102665476,nan,0.0030227592,25.1959644599,nan,nan,nan,nan,nan,nan,nan
4261,48.4210526316,0.4362505389,nan,0.0006717347,31.7280218942,nan,nan,nan,nan,nan,nan,nan
4262,48.4210526316,0.6755735780,nan,0.0000426770,43.6980652953,nan,nan,nan,nan,nan,nan,nan
4263,48.4210526316,0.0559424070,nan,0.0045947894,23.3773438503,nan,nan,nan,nan,nan,nan,nan
4264,48.4210526316,0.2319214413,nan,0.0027402625,25.6220783616,nan,nan,nan,nan,nan,nan,nan
4265,48.4210526316,0.5222784667,nan,0.0002863611,35.4308603981,nan,nan,nan,nan,nan,nan,nan
4266,48.4210526316,0.8201358699,nan,0.0000045102,53.4580549024,nan,nan,nan,nan,nan,nan,nan
4267,48.4210526316,1.3004208139,nan,0.0000000001,99.6218888382,nan,nan,nan,nan,nan,nan,nan
4268,48.4210526316,0.5801071533,nan,0.0001479739,38.2981484994,nan,nan,nan,nan,nan,nan,nan
4269,48.4210526316,1.1055539288,nan,0.0000000147,78.3412882383,nan,nan,nan,nan,nan,nan,nan
4270,48.4210526316,0.2756770091,nan,0.0021817029,26.6120438646,nan,nan,nan,nan,nan,nan,nan
4271,48.4210526316,0.2244662849,nan,0.0028375182,25.4706135152,nan,nan,nan,nan,nan,nan,nan
4272,48.4210526316,0.9802790157,nan,0.0000002238,66.5007363345,nan,nan,nan,nan,nan,nan,nan
4273,48.4210526316,0.0803217073,nan,0.0044430728,23.5231657328,nan,nan,nan,nan,nan,nan,nan
4274,48.4210526316,0.8059832936,nan,0.0000057303,52.4182523721,nan,nan,nan,nan,nan,nan,nan
4275,48.4210526316,0.3036880845,nan,0.0018465011,27.3365042976,nan,nan,nan,nan,nan,nan,nan
4276,48.4210526316,1.2183767329,nan,0.0000000009,90.2371340940,nan,nan,nan,nan,nan,nan,nan
4277,48.4210526316,0.6864391103,nan,0.0000365988,44.3653275748,nan,nan,nan,nan,nan,nan,nan
4278,48.4210526316,0.9469353141,nan,0.0000004374,63.5915716313,nan,nan,nan,nan,nan,nan,nan
4279,48.4210526316,1.1964398051,nan,0.0000000016,87.8326175041,nan,nan,nan,nan,nan,nan,nan
4280,48.4210526316,0.3408693359,nan,0.0014428868,28.4076773744,nan,nan,nan,nan,nan,nan,nan
4281,48.4210526316,0.6749894179,nan,0.0000430279,43.6624965747,nan,nan,nan,nan,nan,nan,nan
4282,48.4210526316,0.6691927768,nan,0.0000466527,43.3112338138,nan,nan,nan,nan,nan,nan,nan
4283,48.4210526316,0.7458170605,nan,0.0000151283,48.2021057226,nan,nan,nan,nan,nan,nan,nan
4284,48.4210526316,0.5120995144,nan,0.0003193263,34.9576528119,nan,nan,nan,nan,nan,nan,nan
4285,48.4210526316,0.2599273241,nan,0.0023791303,26.2358176325,nan,nan,nan,nan,nan,nan,nan
4286,48.4210526316,0.8703408622,nan,0.0000018645,57.2943903812,nan,nan,nan,nan,nan,nan,nan
4287,48.4210526316,0.2874435205,nan,0.0020381055,26.9077333169,nan,nan,nan,nan,nan,nan,nan
4288,48.4210526316,0.4157788902,nan,0.0008042916,30.9458649114,nan,nan,nan,nan,nan,nan,nan
4289,48.4210526316,0.9199439663,nan,0.0000007394,61.3112088288,nan,nan,nan,nan,nan,nan,nan
4290,48.4210526316,0.4379642794,nan,0.0006614205,31.7952234876,nan,nan,nan,nan,nan,nan,nan
4291,48.4210526316,0.6568931735,nan,0.0000552579,42.5760572091,nan,nan,nan,nan,nan,nan,nan
4292,48.4210526316,0.3861185016,nan,0.0010280007,29.8800657494,nan,nan,nan,nan,nan,nan,nan
4293,48.4210526316,0.4563367252,nan,0.0005581592,32.5324188047,nan,nan,nan,nan,nan,nan,nan
4294,48.4210526316,0.4011781654,nan,0.0009096529,30.4112429246,nan,nan,nan,nan,nan,nan,nan
4295,48.4210526316,0.2883475709,nan,0.0020272303,26.9309690697,nan,nan,nan,nan,nan,nan,nan
4296,48.4210526316,0.3180310574,nan,0.0016846485,27.7349068925,nan,nan,nan,nan,nan,nan,nan
4297,48.4210526316,0.4921061538,nan,0.0003930422,34.0556082602,nan,nan,nan,nan,nan,nan,nan
4298,48.4210526316,0.9591443184,nan,0.0000003432,64.6449627215,nan,nan,nan,nan,nan,nan,nan
4299,48.4210526316,1.1010336529,nan,0.0000000163,77.8890193804,nan,nan,nan,nan,nan,nan,nan
4300,48.4210526316,0.9959427848,nan,0.0000001621,67.9025282538,nan,nan,nan,nan,nan,nan,nan
4301,48.4210526316,0.5995756020,nan,0.0001166289,39.3319389454,nan,nan,nan,nan,nan,nan,nan
4302,48.4210526316,0.5050949658,nan,0.0003437564,34.6374917380,nan,nan,nan,nan,nan,nan,nan
4303,48.4210526316,0.3219520267,nan,0.0016417022,27.8470563163,nan,nan,nan,nan,nan,nan,nan
4304,48.4210526316,0.3471400599,nan,0.0013801751,28.6006581640,nan,nan,nan,nan,nan,nan,nan
4305,48.4210526316,0.6078626421,nan,0.0001051365,39.7824630317,nan,nan,nan,nan,nan,nan,nan
4306,48.4210526316,0.7805420313,nan,0.0000087195,50.5950963259,nan,nan,nan,nan,nan,nan,nan
4307,48.4210526316,0.6778627833,nan,0.0000413261,43.8377519546,nan,nan,nan,nan,nan,nan,nan
4308,48.4210526316,0.4689914505,nan,0.0004945365,33.0580160773,nan,nan,nan,nan,nan,nan,nan
4309,48.4210526316,0.6325947477,nan,0.0000764852,41.1642264066,nan,nan,nan,nan,nan,nan,nan
4310,48.4210526316,0.5312185691,nan,0.0002597618,35.8542478659,nan,nan,nan,nan,nan,nan,nan
4311,48.4210526316,0.2869862694,nan,0.0020436150,26.8960092333,nan,nan,nan,nan,nan,nan,nan
4312,48.4210526316,0.3143050789,nan,0.0017259878,27.6296228604,nan,nan,nan,nan,nan,nan,nan
4313,48.4210526316,0.4422852336,nan,0.0006359389,31.9658461410,nan,nan,nan,nan,nan,nan,nan
4314,48.4210526316,0.8780323312,nan,0.0000016209,57.9024888510,nan,nan,nan,nan,nan,nan,nan
4315,48.4210526316,0.3080657846,nan,0.0017963331,27.4561312781,nan,nan,nan,nan,nan,nan,nan
4316,48.4210526316,0.8736087729,nan,0.0000017571,57.5520947250,nan,nan,nan,nan,nan,nan,nan
4317,48.4210526316,0.2063396049,nan,0.0030738216,25.1232134837,nan,nan,nan,nan,nan,nan,nan
4318,48.4210526316,0.8464879744,nan,0.0000028556,55.4429647290,nan,nan,nan,nan,nan,nan,nan
4319,48.4210526316,0.1887201333,nan,0.0033007559,24.8138659736,nan,nan,nan,nan,nan,nan,nan
4320,48.4210526316,0.1452120211,nan,0.0038287502,24.1694296410,nan,nan,nan,nan,nan,nan,nan
4321,48.4210526316,0.3265749263,nan,0.0015918170,27.9810686725,nan,nan,nan,nan,nan,nan,nan
4322,48.4210526316,0.4871621749,nan,0.0004132232,33.8381529488,nan,nan,nan,nan,nan,nan,nan
4323,48.4210526316,0.8300999748,nan,0.0000038009,54.2011115281,nan,nan,nan,nan,nan,nan,nan
4324,48.4210526316,0.7365204805,nan,0.0000174576,47.5801436230,nan,nan,nan,nan,nan,nan,nan
4325,48.4210526316,0.2910296644,nan,0.0019951070,27.0003381645,nan,nan,nan,nan,nan,nan,nan
4326,48.4210526316,0.7615196876,nan,0.0000118289,49.2705725923,nan,nan,nan,nan,nan,nan,nan
4327,48.4210526316,0.2999398733,nan,0.0018899681,27.2354553040,nan,nan,nan,nan,nan,nan,nan
4328,48.4210526316,0.9522926884,nan,0.0000003934,64.0521241544,nan,nan,nan,nan,nan,nan,nan
4329,48.4210526316,0.4922019593,nan,0.0003926590,34.0598440981,nan,nan,nan,nan,nan,nan,nan
4330,48.4210526316,0.1333442622,nan,0.0039599431,24.0231105677,nan,nan,nan,nan,nan,nan,nan
4331,48.4210526316,0.5656126974,nan,0.0001757561,37.5508947785,nan,nan,nan,nan,nan,nan,nan
4332,48.4210526316,0.2832341816,nan,0.0020890472,26.8005175119,nan,nan,nan,nan,nan,nan,nan
4333,48.4210526316,0.7350648207,nan,0.0000178506,47.4834713383,nan,nan,nan,nan,nan,nan,nan
4334,48.4210526316,0.2458273479,nan,0.0025597742,25.9179834597,nan,nan,nan,nan,nan,nan,nan
4335,48.4210526316,0.3928675391,nan,0.0009737394,30.1155724015,nan,nan,nan,nan,nan,nan,nan
4336,48.4210526316,0.5902113327,nan,0.0001309067,38.8303798783,nan,nan,nan,nan,nan,nan,nan
4337,48.4210526316,0.6281993983,nan,0.0000810105,40.9145885521,nan,nan,nan,nan,nan,nan,nan
4338,48.4210526316,0.6297518685,nan,0.0000793860,41.0025613677,nan,nan,nan,nan,nan,nan,nan
4339,48.4210526316,0.8953441959,nan,0.0000011773,59.2909934860,nan,nan,nan,nan,nan,nan,nan
4340,48.4210526316,0.4245589515,nan,0.0007453038,31.2766664558,nan,nan,nan,nan,nan,nan,nan
4341,48.4210526316,0.9234451479,nan,0.0000006913,61.6032408153,nan,nan,nan,nan,nan,nan,nan
4342,48.4210526316,0.4527792482,nan,0.0005771275,32.3872824464,nan,nan,nan,nan,nan,nan,nan
4343,48.4210526316,0.1709012750,nan,0.0035242008,24.5293934848,nan,nan,nan,nan,nan,nan,nan
4344,48.4210526316,0.6198031300,nan,0.0000903107,40.4426092508,nan,nan,nan,nan,nan,nan,nan
4345,48.4210526316,0.2941252087,nan,0.0019582997,27.0812084275,nan,nan,nan,nan,nan,nan,nan
4346,48.4210526316,1.0395542554,nan,0.0000000642,71.9238884565,nan,nan,nan,nan,nan,nan,nan
4347,48.4210526316,1.2390734568,nan,0.0000000006,92.5462348366,nan,nan,nan,nan,nan,nan,nan
4348,48.4210526316,0.5855267446,nan,0.0001385969,38.5824660628,nan,nan,nan,nan,nan,nan,nan
4349,48.4210526316,0.2244180268,nan,0.0028381482,25.4696493709,nan,nan,nan,nan,nan,nan,nan
4350,48.4210526316,0.3915625485,nan,0.0009840761,30.0697129850,nan,nan,nan,nan,nan,nan,nan
4351,48.4210526316,0.3881573989,nan,0.0010113984,29.9507775573,nan,nan,nan,nan,nan,nan,nan
4352,48.4210526316,0.4441115213,nan,0.0006253929,32.0384707582,nan,nan,nan,nan,nan,nan,nan
4353,48.4210526316,0.2678210400,nan,0.0022795108,26.4215835525,nan,nan,nan,nan,nan,nan,nan
4354,48.4210526316,0.4146866903,nan,0.0008118572,30.9052037463,nan,nan,nan,nan,nan,nan,nan
4355,48.4210526316,0.5467878144,nan,0.0002183264,36.6089364870,nan,nan,nan,nan,nan,nan,nan
4356,48.4210526316,0.4401663454,nan,0.0006483410,31.8819652913,nan,nan,nan,nan,nan,nan,nan
4357,48.4210526316,0.4310198229,nan,0.0007039542,31.5245560179,nan,nan,nan,nan,nan,nan,nan
4358,48.4210526316,0.5511617172,nan,0.0002077341,36.8249212868,nan,nan,nan,nan,nan,nan,nan
4359,48.4210526316,0.7042855855,nan,0.0000282835,45.4846723693,nan,nan,nan,nan,nan,nan,nan
4360,48.4210526316,0.2722429430,nan,0.0022242812,26.5281029995,nan,nan,nan,nan,nan,nan,nan
4361,48.4210526316,0.7960762744,nan,0.0000067589,51.7012690467,nan,nan,nan,nan,nan,nan,nan
4362,48.4210526316,0.7177517000,nan,0.0000231819,46.3485184715,nan,nan,nan,nan,nan,nan,nan
4363,48.4210526316,0.3236860492,nan,0.0016228945,27.8970970349,nan,nan,nan,nan,nan,nan,nan
4364,48.4210526316,0.0375291060,nan,0.0046750632,23.3021251800,nan,nan,nan,nan,nan,nan,nan
4365,48.4210526316,0.5028433635,nan,0.0003519230,34.5355237997,nan,nan,nan,nan,nan,nan,nan
4366,48.4210526316,0.6591214044,nan,0.0000536016,42.7082205663,nan,nan,nan,nan,nan,nan,nan
4367,48.4210526316,0.2749830543,nan,0.0021902842,26.5949953054,nan,nan,nan,nan,nan,nan,nan
4368,48.4210526316,0.1021783332,nan,0.0042669252,23.6988496941,nan,nan,nan,nan,nan,nan,nan
4369,48.4210526316,0.5234354980,nan,0.0002827974,35.4852458255,nan,nan,nan,nan,nan,nan,nan
4370,48.4210526316,0.7065895913,nan,0.0000273445,45.6312998021,nan,nan,nan,nan,nan,nan,nan
4371,48.4210526316,1.2168645657,nan,0.0000000010,90.0699664281,nan,nan,nan,nan,nan,nan,nan
4372,48.4210526316,0.2313454110,nan,0.0027477696,25.6101968050,nan,nan,nan,nan,nan,nan,nan
4373,48.4210526316,0.1965479072,nan,0.0032004767,24.9478532740,nan,nan,nan,nan,nan,nan,nan
4374,48.4210526316,0.6976358435,nan,0.0000311588,45.0641982505,nan,nan,nan,nan,nan,nan,nan
4375,48.4210526316,0.6599710463,nan,0.0000529818,42.7587347345,nan,nan,nan,nan,nan,nan,nan
4376,48.4210526316,0.9655264892,nan,0.0000003019,65.2010493127,nan,nan,nan,nan,nan,nan,nan
4377,48.4210526316,0.2472078680,nan,0.0025419613,25.9483107213,nan,nan,nan,nan,nan,nan,nan
4378,48.4210526316,0.2807097848,nan,0.0021198317,26.7369862650,nan,nan,nan,nan,nan,nan,nan
4379,48.4210526316,0.1860161877,nan,0.0033351375,24.7688625791,nan,nan,nan,nan,nan,nan,nan
4380,48.4210526316,0.4768769406,nan,0.0004578376,33.3928852804,nan,nan,nan,nan,nan,nan,nan
4381,48.4210526316,0.1812038809,nan,0.0033959450,24.6903934849,nan,nan,nan,nan,nan,nan,nan
4382,48.4210526316,0.2934392654,nan,0.0019664306,27.0632136894,nan,nan,nan,nan,nan,nan,nan
4383,48.4210526316,0.3461741267,nan,0.0013897287,28.5706998026,nan,nan,nan,nan,nan,nan,nan
4384,48.4210526316,0.5287804027,nan,0.0002668050,35.7380596419,nan,nan,nan,nan,nan,nan,nan
4385,48.4210526316,0.0790730557,nan,0.0044520355,23.5144138233,nan,nan,nan,nan,nan,nan,nan
4386,48.4210526316,0.1611096482,nan,0.0036431664,24.3852099337,nan,nan,nan,nan,nan,nan,nan
4387,48.4210526316,0.3935538898,nan,0.0009683328,30.1397537862,nan,nan,nan,nan,nan,nan,nan
4388,48.4210526316,0.5395518997,nan,0.0002368402,36.2554466728,nan,nan,nan,nan,nan,nan,nan
4389,48.4210526316,0.1105674062,nan,0.0041902550,23.7775954957,nan,nan,nan,nan,nan,nan,nan
4390,48.4210526316,0.4284755272,nan,0.0007200315,31.4264848444,nan,nan,nan,nan,nan,nan,nan
4391,48.4210526316,0.4222823498,nan,0.0007602877,31.1902206049,nan,nan,nan,nan,nan,nan,nan
4392,48.4210526316,0.7875837674,nan,0.0000077736,51.0937964543,nan,nan,nan,nan,nan,nan,nan
4393,48.4210526316,0.2353421841,nan,0.0026957198,25.6932525871,nan,nan,nan,nan,nan,nan,nan
4394,48.4210526316,1.2255745920,nan,0.0000000008,91.0357251861,nan,nan,nan,nan,nan,nan,nan
4395,48.4210526316,0.0514548957,nan,0.0046171624,23.3562485379,nan,nan,nan,nan,nan,nan,nan
4396,48.4210526316,0.1502658574,nan,0.0037708830,24.2355694761,nan,nan,nan,nan,nan,nan,nan
4397,48.4210526316,0.5029579954,nan,0.0003515035,34.5407039814,nan,nan,nan,nan,nan,nan,nan
4398,48.4210526316,0.6341742797,nan,0.0000749140,41.2543674653,nan,nan,nan,nan,nan,nan,nan
4399,48.4210526316,0.8010333168,nan,0.0000062246,52.0588949956,nan,nan,nan,nan,nan,nan,nan
4400,48.4210526316,0.7373783025,nan,0.0000172298,47.6372033263,nan,nan,nan,nan,nan,nan,nan
4401,48.4210526316,0.6094501226,nan,0.0001030509,39.8694803091,nan,nan,nan,nan,nan,nan,nan
4402,48.4210526316,0.3147459983,nan,0.0017210693,27.6420163276,nan,nan,nan,nan,nan,nan,nan
4403,48.4210526316,0.3303883791,nan,0.0015512896,28.0930710811,nan,nan,nan,nan,nan,nan,nan
4404,48.4210526316,0.9126828842,nan,0.0000008493,60.7091423079,nan,nan,nan,nan,nan,nan,nan
4405,48.4210526316,1.0894782646,nan,0.0000000212,76.7413846557,nan,nan,nan,nan,nan,nan,nan
4406,48.4210526316,0.3050415966,nan,0.0018309201,27.3733059973,nan,nan,nan,nan,nan,nan,nan
4407,48.4210526316,0.9517961156,nan,0.0000003973,64.0093251961,nan,nan,nan,nan,nan,nan,nan
4408,48.4210526316,0.1697911821,nan,0.0035378428,24.5126147013,nan,nan,nan,nan,nan,nan,nan
4409,48.4210526316,0.2230266390,nan,0.0028563136,25.4419411843,nan,nan,nan,nan,nan,nan,nan
4410,48.4210526316,0.5012436531,nan,0.0003578197,34.4633580207,nan,nan,nan,nan,nan,nan,nan
4411,48.4210526316,0.3650004846,nan,0.0012106487,29.1698186718,nan,nan,nan,nan,nan,nan,nan
4412,48.4210526316,0.3179723520,nan,0.0016852959,27.7332383356,nan,nan,nan,nan,nan,nan,nan
4413,48.4210526316,0.8329241085,nan,0.0000036196,54.4133677899,nan,nan,nan,nan,nan,nan,nan
4414,48.4210526316,0.9746603299,nan,0.0000002510,66.0033833971,nan,nan,nan,nan,nan,nan,nan
4415,48.4210526316,1.2895499759,nan,0.0000000001,98.3428589803,nan,nan,nan,nan,nan,nan,nan
4416,48.4210526316,1.0063149835,nan,0.0000001305,68.8431364025,nan,nan,nan,nan,nan,nan,nan
4417,48.4210526316,0.5080754339,nan,0.0003331826,34.7731765447,nan,nan,nan,nan,nan,nan,nan
4418,48.4210526316,0.7184212467,nan,0.0000229514,46.3919015887,nan,nan,nan,nan,nan,nan,nan
4419,48.4210526316,0.2946457676,nan,0.0019521389,27.0948929126,nan,nan,nan,nan,nan,nan,nan
4420,48.4210526316,0.4916633579,nan,0.0003948170,34.0360418173,nan,nan,nan,nan,nan,nan,nan
4421,48.4210526316,0.5841656245,nan,0.0001409026,38.5108087235,nan,nan,nan,nan,nan,nan,nan
4422,48.4210526316,0.4310236426,nan,0.0007039303,31.5247036912,nan,nan,nan,nan,nan,nan,nan
4423,48.4210526316,0.6571963767,nan,0.0000550299,42.5940145259,nan,nan,nan,nan,nan,nan,nan
4424,48.4210526316,0.7917020663,nan,0.0000072651,51.3875569389,nan,nan,nan,nan,nan,nan,nan
4425,48.4210526316,0.1972441741,nan,0.0031915099,24.9600379982,nan,nan,nan,nan,nan,nan,nan
4426,48.4210526316,0.6534325673,nan,0.0000579203,42.3716954321,nan,nan,nan,nan,nan,nan,nan
4427,48.4210526316,0.5916515809,nan,0.0001286174,38.9070011773,nan,nan,nan,nan,nan,nan,nan
4428,48.4210526316,0.7784163033,nan,0.0000090252,50.4454413086,nan,nan,nan,nan,nan,nan,nan
4429,48.4210526316,0.9756682582,nan,0.0000002459,66.0923899756,nan,nan,nan,nan,nan,nan,nan
4430,48.4210526316,0.2690392565,nan,0.0022642516,26.4507531231,nan,nan,nan,nan,nan,nan,nan
4431,48.4210526316,1.2268693248,nan,0.0000000008,91.1798787507,nan,nan,nan,nan,nan,nan,nan
4432,48.4210526316,0.6507956035,nan,0.0000600246,42.2167059230,nan,nan,nan,nan,nan,nan,nan
4433,48.4210526316,0.2146976598,nan,0.0029650211,25.2797220960,nan,nan,nan,nan,nan,nan,nan
4434,48.4210526316,0.8547708577,nan,0.0000024661,56.0799713041,nan,nan,nan,nan,nan,nan,nan
4435,48.4210526316,0.6442107860,nan,0.0000655776,41.8324467353,nan,nan,nan,nan,nan,nan,nan
4436,48.4210526316,0.6310688354,nan,0.0000780304,41.0773612839,nan,nan,nan,nan,nan,nan,nan
4437,48.4210526316,0.3711687125,nan,0.0011552891,29.3730932598,nan,nan,nan,nan,nan,nan,nan
4438,48.4210526316,0.6576948771,nan,0.0000546568,42.6235566142,nan,nan,nan,nan,nan,nan,nan
4439,48.4210526316,0.7018073777,nan,0.0000293258,45.3274994960,nan,nan,nan,nan,nan,nan,nan
4440,48.4210526316,0.8799419007,nan,0.0000015652,58.0543008773,nan,nan,nan,nan,nan,nan,nan
4441,48.4210526316,0.0439519349,nan,0.0046505479,23.3249587395,nan,nan,nan,nan,nan,nan,nan
4442,48.4210526316,0.4410234420,nan,0.0006433027,31.9158462644,nan,nan,nan,nan,nan,nan,nan
4443,48.4210526316,0.1683407155,nan,0.0035556107,24.4908579390,nan,nan,nan,nan,nan,nan,nan
4444,48.4210526316,0.7356375800,nan,0.0000176950,47.5214859507,nan,nan,nan,nan,nan,nan,nan
4445,48.4210526316,0.3894302472,nan,0.0010011260,29.9951127415,nan,nan,nan,nan,nan,nan,nan
4446,48.4210526316,0.5487999685,nan,0.0002133988,36.7080811108,nan,nan,nan,nan,nan,nan,nan
4447,48.4210526316,0.4373454900,nan,0.0006651310,31.7709279031,nan,nan,nan,nan,nan,nan,nan
4448,48.4210526316,0.8155390573,nan,0.0000048772,53.1183150928,nan,nan,nan,nan,nan,nan,nan
4449,48.4210526316,0.6757299762,nan,0.0000425834,43.7075934557,nan,nan,nan,nan,nan,nan,nan
4450,48.4210526316,0.5253032465,nan,0.0002771217,35.5732949214,nan,nan,nan,nan,nan,nan,nan
4451,48.4210526316,0.4086335664,nan,0.0008547094,30.6818153329,nan,nan,nan,nan,nan,nan,nan
4452,48.4210526316,0.3504110168,nan,0.0013481140,28.7027339266,nan,nan,nan,nan,nan,nan,nan
4453,48.4210526316,0.3932831189,nan,0.0009704633,30.1302089370,nan,nan,nan,nan,nan,nan,nan
4454,48.4210526316,1.0580658555,nan,0.0000000428,73.6835318476,nan,nan,nan,nan,nan,nan,nan
4455,48.4210526316,0.8721056628,nan,0.0000018057,57.4334395379,nan,nan,nan,nan,nan,nan,nan
4456,48.4210526316,0.4245062616,nan,0.0007456482,31.2746604267,nan,nan,nan,nan,nan,nan,nan
4457,48.4210526316,0.9026419891,nan,0.0000010269,59.8845338292,nan,nan,nan,nan,nan,nan,nan
4458,48.4210526316,0.5048848225,nan,0.0003445121,34.6279555160,nan,nan,nan,nan,nan,nan,nan
4459,48.4210526316,0.0733891066,nan,0.0044912508,23.4763269402,nan,nan,nan,nan,nan,nan,nan
4460,48.4210526316,0.4344521510,nan,0.0006826864,31.6577876039,nan,nan,nan,nan,nan,nan,nan
4461,48.4210526316,0.6154043394,nan,0.0000955453,40.1979046731,nan,nan,nan,nan,nan,nan,nan
4462,48.4210526316,0.7373148649,nan,0.0000172465,47.6329813451,nan,nan,nan,nan,nan,nan,nan
4463,48.4210526316,0.8628194689,nan,0.0000021355,56.7049726421,nan,nan,nan,nan,nan,nan,nan
4464,48.4210526316,0.5221847888,nan,0.0002866512,35.4264624653,nan,nan,nan,nan,nan,nan,nan
4465,48.4210526316,0.2913701812,nan,0.0019910439,27.0091917042,nan,nan,nan,nan,nan,nan,nan
4466,48.4210526316,0.0818256547,nan,0.0044321135,23.5338912162,nan,nan,nan,nan,nan,nan,nan
4467,48.4210526316,0.9111444926,nan,0.0000008745,60.5822032427,nan,nan,nan,nan,nan,nan,nan
4468,48.4210526316,0.3862226520,nan,0.0010271482,29.8836686984,nan,nan,nan,nan,nan,nan,nan
4469,48.4210526316,1.6021751258,nan,0.0000000000,139.4646908019,nan,nan,nan,nan,nan,nan,nan
4470,48.4210526316,0.7833754522,nan,0.0000083268,50.7952161582,nan,nan,nan,nan,nan,nan,nan
4471,48.4210526316,0.5526162471,nan,0.0002043087,36.8971322090,nan,nan,nan,nan,nan,nan,nan
4472,48.4210526316,0.2800942258,nan,0.0021273641,26.7215818108,nan,nan,nan,nan,nan,nan,nan
4473,48.4210526316,0.2245250087,nan,0.0028367515,25.4717870348,nan,nan,nan,nan,nan,nan,nan
4474,48.4210526316,0.6263215404,nan,0.0000830143,40.8084707639,nan,nan,nan,nan,nan,nan,nan
4475,48.4210526316,0.8251115473,nan,0.0000041419,53.8279730698,nan,nan,nan,nan,nan,nan,nan
4476,48.4210526316,0.6070994534,nan,0.0001061522,39.7407107968,nan,nan,nan,nan,nan,nan,nan
4477,48.4210526316,0.5140849263,nan,0.0003126646,35.0492126464,nan,nan,nan,nan,nan,nan,nan
4478,48.4210526316,0.6838001375,nan,0.0000379990,44.2022755419,nan,nan,nan,nan,nan,nan,nan
4479,48.4210526316,0.4717904633,nan,0.0004812565,33.1762337072,nan,nan,nan,nan,nan,nan,nan
4480,48.4210526316,1.5005484903,nan,0.0000000000,125.1101218601,nan,nan,nan,nan,nan,nan,nan
4481,48.4210526316,0.3083710687,nan,0.0017928592,27.4645382141,nan,nan,nan,nan,nan,nan,nan
4482,48.4210526316,0.2048855997,nan,0.0030926955,25.0966283830,nan,nan,nan,nan,nan,nan,nan
4483,48.4210526316,0.6512912836,nan,0.0000596240,42.2457914980,nan,nan,nan,nan,nan,nan,nan
4484,48.4210526316,0.8499776485,nan,0.0000026850,55.7105779695,nan,nan,nan,nan,nan,nan,nan
4485,48.4210526316,0.4832667434,nan,0.0004296965,33.6683813532,nan,nan,nan,nan,nan,nan,nan
4486,48.4210526316,0.6409035269,nan,0.0000685340,41.6409419209,nan,nan,nan,nan,nan,nan,nan
4487,48.4210526316,1.5860876821,nan,0.0000000000,137.1289875882,nan,nan,nan,nan,nan,nan,nan
4488,48.4210526316,0.7918478969,nan,0.0000072477,51.3979875269,nan,nan,nan,nan,nan,nan,nan
4489,48.4210526316,0.6181791959,nan,0.0000922133,40.3520645370,nan,nan,nan,nan,nan,nan,nan
4490,48.4210526316,1.1194091879,nan,0.0000000106,79.7392333237,nan,nan,nan,nan,nan,nan,nan
4491,48.4210526316,0.1700657520,nan,0.0035344721,24.5167544610,nan,nan,nan,nan,nan,nan,nan
4492,48.4210526316,1.0987711323,nan,0.0000000171,77.6633505193,nan,nan,nan,nan,nan,nan,nan
4493,48.4210526316,0.1967481138,nan,0.0031978991,24.9513524403,nan,nan,nan,nan,nan,nan,nan
4494,48.4210526316,0.5870239261,nan,0.0001360980,38.6614813325,nan,nan,nan,nan,nan,nan,nan
4495,48.4210526316,0.8826902628,nan,0.0000014882,58.2733831768,nan,nan,nan,nan,nan,nan,nan
4496,48.4210526316,0.5787362430,nan,0.0001504301,38.2266529344,nan,nan,nan,nan,nan,nan,nan
4497,48.4210526316,0.3276720802,nan,0.0015800988,28.0131576703,nan,nan,nan,nan,nan,nan,nan
4498,48.4210526316,0.7366667978,nan,0.0000174186,47.5898714550,nan,nan,nan,nan,nan,nan,nan
4499,48.4210526316,0.0706327611,nan,0.0045093180,23.4588913905,nan,nan,nan,nan,nan,nan,nan
4500,48.4210526316,0.1775101816,nan,0.0034422503,24.6315755204,nan,nan,nan,nan,nan,nan,nan
4501,48.4210526316,0.5799631121,nan,0.0001482304,38.2906284341,nan,nan,nan,nan,nan,nan,nan
4502,48.4210526316,0.7448855941,nan,0.0000153482,48.1394327501,nan,nan,nan,nan,nan,nan,nan
4503,48.4210526316,0.3981204399,nan,0.0009328828,30.3017289159,nan,nan,nan,nan,nan,nan,nan
4504,48.4210526316,1.2080692907,nan,0.0000000012,89.1018261474,nan,nan,nan,nan,nan,nan,nan
4505,48.4210526316,0.5113477865,nan,0.0003218786,34.9230794512,nan,nan,nan,nan,nan,nan,nan
4506,48.4210526316,0.5894474539,nan,0.0001321351,38.7898181464,nan,nan,nan,nan,nan,nan,nan
4507,48.4210526316,0.9101439639,nan,0.0000008913,60.4997617364,nan,nan,nan,nan,nan,nan,nan
4508,48.4210526316,0.2284426815,nan,0.0027856220,25.5507781436,nan,nan,nan,nan,nan,nan,nan
4509,48.4210526316,0.1605506583,nan,0.0036498597,24.3772382762,nan,nan,nan,nan,nan,nan,nan
4510,48.4210526316,0.4275639413,nan,0.0007258568,31.3914902280,nan,nan,nan,nan,nan,nan,nan
4511,48.4210526316,0.9880293793,nan,0.0000001909,67.1915269548,nan,nan,nan,nan,nan,nan,nan
4512,48.4210526316,0.5867132272,nan,0.0001366134,38.6450670971,nan,nan,nan,nan,nan,nan,nan
4513,48.4210526316,0.1024616361,nan,0.0042644139,23.7014064885,nan,nan,nan,nan,nan,nan,nan
4514,48.4210526316,0.4095135586,nan,0.0008483822,30.7140847050,nan,nan,nan,nan,nan,nan,nan
4515,48.4210526316,0.9496114179,nan,0.0000004148,63.8212972328,nan,nan,nan,nan,nan,nan,nan
4516,48.4210526316,0.5658387074,nan,0.0001752912,37.5623998092,nan,nan,nan,nan,nan,nan,nan
4517,48.4210526316,0.8778459876,nan,0.0000016264,57.8876922804,nan,nan,nan,nan,nan,nan,nan
4518,48.4210526316,0.7350751134,nan,0.0000178478,47.4841542104,nan,nan,nan,nan,nan,nan,nan
4519,48.4210526316,0.2861421940,nan,0.0020538010,26.8744164341,nan,nan,nan,nan,nan,nan,nan
4520,48.4210526316,0.5624442425,nan,0.0001823856,37.3900942832,nan,nan,nan,nan,nan,nan,nan
4521,48.4210526316,0.4328178475,nan,0.0006927530,31.5942160325,nan,nan,nan,nan,nan,nan,nan
4522,48.4210526316,0.9243308439,nan,0.0000006796,61.6772941855,nan,nan,nan,nan,nan,nan,nan
4523,48.4210526316,0.9910298355,nan,0.0000001795,67.4604356820,nan,nan,nan,nan,nan,nan,nan
4524,48.4210526316,0.5258315314,nan,0.0002755334,35.5982568047,nan,nan,nan,nan,nan,nan,nan
4525,48.4210526316,0.2306528925,nan,0.0027567970,25.5959520634,nan,nan,nan,nan,nan,nan,nan
4526,48.4210526316,1.5955056660,nan,0.0000000000,138.4934717094,nan,nan,nan,nan,nan,nan,nan
4527,48.4210526316,0.9990166036,nan,0.0000001520,68.1802511614,nan,nan,nan,nan,nan,nan,nan
4528,48.4210526316,0.3388065725,nan,0.0014638703,28.3449739215,nan,nan,nan,nan,nan,nan,nan
4529,48.4210526316,0.4140322125,nan,0.0008164150,30.8808902451,nan,nan,nan,nan,nan,nan,nan
4530,48.4210526316,1.1684367971,nan,0.0000000033,84.8274056059,nan,nan,nan,nan,nan,nan,nan
4531,48.4210526316,0.2391816016,nan,0.0026458219,25.7743938677,nan,nan,nan,nan,nan,nan,nan
4532,48.4210526316,1.2154227901,nan,0.0000000010,89.9107760271,nan,nan,nan,nan,nan,nan,nan
4533,48.4210526316,0.2555501960,nan,0.0024348759,26.1352317025,nan,nan,nan,nan,nan,nan,nan
4534,48.4210526316,0.5873974089,nan,0.0001354807,38.6812240784,nan,nan,nan,nan,nan,nan,nan
4535,48.4210526316,0.5039666091,nan,0.0003478296,34.5863344257,nan,nan,nan,nan,nan,nan,nan
4536,48.4210526316,0.7479091154,nan,0.0000146448,48.3431568165,nan,nan,nan,nan,nan,nan,nan
4537,48.4210526316,0.3952281339,nan,0.0009552302,30.1989195887,nan,nan,nan,nan,nan,nan,nan
4538,48.4210526316,0.3423349798,nan,0.0014280836,28.4524637054,nan,nan,nan,nan,nan,nan,nan
4539,48.4210526316,0.9307771102,nan,0.0000006000,62.2184325580,nan,nan,nan,nan,nan,nan,nan
4540,48.4210526316,0.5919786897,nan,0.0001281023,38.9244297116,nan,nan,nan,nan,nan,nan,nan
4541,48.4210526316,0.5422823476,nan,0.0002297061,36.3882751911,nan,nan,nan,nan,nan,nan,nan
4542,48.4210526316,0.6880770086,nan,0.0000357532,44.4668466051,nan,nan,nan,nan,nan,nan,nan
4543,48.4210526316,0.5035955494,nan,0.0003491776,34.5695366537,nan,nan,nan,nan,nan,nan,nan
4544,48.4210526316,0.9278393112,nan,0.0000006351,61.9713441842,nan,nan,nan,nan,nan,nan,nan
4545,48.4210526316,0.4049995912,nan,0.0008811907,30.5493010018,nan,nan,nan,nan,nan,nan,nan
4546,48.4210526316,0.6917749095,nan,0.0000339082,44.6969473794,nan,nan,nan,nan,nan,nan,nan
4547,48.4210526316,0.5719783015,nan,0.0001630529,37.8767144475,nan,nan,nan,nan,nan,nan,nan
4548,48.4210526316,0.3605823169,nan,0.0012513144,29.0263355766,nan,nan,nan,nan,nan,nan,nan
4549,48.4210526316,0.2713556820,nan,0.0022353276,26.5065882041,nan,nan,nan,nan,nan,nan,nan
4550,48.4210526316,0.8867844945,nan,0.0000013801,58.6010315927,nan,nan,nan,nan,nan,nan,nan
4551,48.4210526316,0.2967894890,nan,0.0019268570,27.1515051980,nan,nan,nan,nan,nan,nan,nan
4552,48.4210526316,0.8928751654,nan,0.0000012327,59.0912870973,nan,nan,nan,nan,nan,nan,nan
4553,48.4210526316,0.9413803346,nan,0.0000004879,63.1168074905,nan,nan,nan,nan,nan,nan,nan
4554,48.4210526316,0.6423342013,nan,0.0000672409,41.7236618623,nan,nan,nan,nan,nan,nan,nan
4555,48.4210526316,0.1490905640,nan,0.0037844397,24.2199840839,nan,nan,nan,nan,nan,nan,nan
4556,48.4210526316,0.4196659212,nan,0.0007777765,31.0914517594,nan,nan,nan,nan,nan,nan,nan
4557,48.4210526316,0.5257767412,nan,0.0002756978,35.5956667406,nan,nan,nan,nan,nan,nan,nan
4558,48.4210526316,0.3842852036,nan,0.0010430843,29.8168060860,nan,nan,nan,nan,nan,nan,nan
4559,48.4210526316,0.3431976503,nan,0.0014194119,28.4789155979,nan,nan,nan,nan,nan,nan,nan
4560,48.4210526316,0.3567188902,nan,0.0012875625,28.9023167525,nan,nan,nan,nan,nan,nan,nan
4561,48.4210526316,0.4820718554,nan,0.0004348523,33.6165818092,nan,nan,nan,nan,nan,nan,nan
4562,48.4210526316,0.7122229240,nan,0.0000251661,45.9918468335,nan,nan,nan,nan,nan,nan,nan
4563,48.4210526316,0.5558904892,nan,0.0001967710,37.0603882722,nan,nan,nan,nan,nan,nan,nan
4564,48.4210526316,0.7239678796,nan,0.0000211209,46.7528681210,nan,nan,nan,nan,nan,nan,nan
4565,48.4210526316,0.6415816869,nan,0.0000679183,41.6801290886,nan,nan,nan,nan,nan,nan,nan
4566,48.4210526316,0.4136362569,nan,0.0008191813,30.8661995644,nan,nan,nan,nan,nan,nan,nan
4567,48.4210526316,0.3245562022,nan,0.0016134999,27.9223105301,nan,nan,nan,nan,nan,nan,nan
4568,48.4210526316,1.0767146676,nan,0.0000000283,75.4879920244,nan,nan,nan,nan,nan,nan,nan
4569,48.4210526316,0.5115560983,nan,0.0003211697,34.9326549503,nan,nan,nan,nan,nan,nan,nan
4570,48.4210526316,0.3867335008,nan,0.0010229738,29.9013550994,nan,nan,nan,nan,nan,nan,nan
4571,48.4210526316,0.3700486108,nan,0.0011652191,29.3359241096,nan,nan,nan,nan,nan,nan,nan
4572,48.4210526316,0.3105844866,nan,0.0017677696,27.5257434542,nan,nan,nan,nan,nan,nan,nan
4573,48.4210526316,0.4715805022,nan,0.0004822429,33.1673412144,nan,nan,nan,nan,nan,nan,nan
4574,48.4210526316,0.9666325151,nan,0.0000002953,65.2977980619,nan,nan,nan,nan,nan,nan,nan
4575,48.4210526316,0.9538676487,nan,0.0000003812,64.1880173044,nan,nan,nan,nan,nan,nan,nan
4576,48.4210526316,0.5846411235,nan,0.0001400934,38.5358226040,nan,nan,nan,nan,nan,nan,nan
4577,48.4210526316,0.9909483387,nan,0.0000001798,67.4531208296,nan,nan,nan,nan,nan,nan,nan
4578,48.4210526316,0.3943012505,nan,0.0009624688,30.1661332319,nan,nan,nan,nan,nan,nan,nan
4579,48.4210526316,0.7456636063,nan,0.0000151643,48.1917752282,nan,nan,nan,nan,nan,nan,nan
4580,48.4210526316,0.7734362489,nan,0.0000097804,50.0964533240,nan,nan,nan,nan,nan,nan,nan
4581,48.4210526316,0.2679464172,nan,0.0022779388,26.4245794630,nan,nan,nan,nan,nan,nan,nan
4582,48.4210526316,0.0829507173,nan,0.0044237989,23.5420462819,nan,nan,nan,nan,nan,nan,nan
4583,48.4210526316,0.5022848842,nan,0.0003539726,34.5103033775,nan,nan,nan,nan,nan,nan,nan
4584,48.4210526316,0.9135093443,nan,0.0000008361,60.7774264093,nan,nan,nan,nan,nan,nan,nan
4585,48.4210526316,0.6198073699,nan,0.0000903057,40.4428459718,nan,nan,nan,nan,nan,nan,nan
4586,48.4210526316,0.3072649814,nan,0.0018054611,27.4341187276,nan,nan,nan,nan,nan,nan,nan
4587,48.4210526316,0.3617721183,nan,0.0012402804,29.0648012852,nan,nan,nan,nan,nan,nan,nan
4588,48.4210526316,0.5645809816,nan,0.0001778921,37.4984344089,nan,nan,nan,nan,nan,nan,nan
4589,48.4210526316,0.7759651525,nan,0.0000093899,50.2733884818,nan,nan,nan,nan,nan,nan,nan
4590,48.4210526316,0.6591174806,nan,0.0000536045,42.7079874347,nan,nan,nan,nan,nan,nan,nan
4591,48.4210526316,0.4212140984,nan,0.0007673934,31.1498196414,nan,nan,nan,nan,nan,nan,nan
4592,48.4210526316,0.7840722087,nan,0.0000082328,50.8445392947,nan,nan,nan,nan,nan,nan,nan
4593,48.4210526316,0.3325703221,nan,0.0015283587,28.1577471755,nan,nan,nan,nan,nan,nan,nan
4594,48.4210526316,0.2780269766,nan,0.0021527327,26.6700989684,nan,nan,nan,nan,nan,nan,nan
4595,48.4210526316,1.0350698606,nan,0.0000000708,71.5023461454,nan,nan,nan,nan,nan,nan,nan
4596,48.4210526316,0.3659010870,nan,0.0012024629,29.1992832731,nan,nan,nan,nan,nan,nan,nan
4597,48.4210526316,0.2600652037,nan,0.0023773799,26.2390141682,nan,nan,nan,nan,nan,nan,nan
4598,48.4210526316,0.2385887865,nan,0.0026535185,25.7617787433,nan,nan,nan,nan,nan,nan,nan
4599,48.4210526316,0.6787198281,nan,0.0000408303,43.8901715728,nan,nan,nan,nan,nan,nan,nan
4600,48.4210526316,0.7091222709,nan,0.0000263449,45.7930390927,nan,nan,nan,nan,nan,nan,nan
4601,48.4210526316,0.6086903113,nan,0.0001040446,39.8278028288,nan,nan,nan,nan,nan,nan,nan
4602,48.4210526316,0.3493564117,nan,0.0013584018,28.6697173933,nan,nan,nan,nan,nan,nan,nan
4603,48.4210526316,0.2963602136,nan,0.0019319081,27.1401354682,nan,nan,nan,nan,nan,nan,nan
4604,48.4210526316,1.0800582115,nan,0.0000000262,75.8148854962,nan,nan,nan,nan,nan,nan,nan
4605,48.4210526316,0.7671961703,nan,0.0000108085,49.6623648642,nan,nan,nan,nan,nan,nan,nan
4606,48.4210526316,0.5534956364,nan,0.0002022608,36.9408833552,nan,nan,nan,nan,nan,nan,nan
4607,48.4210526316,0.6281591827,nan,0.0000810529,40.9123125993,nan,nan,nan,nan,nan,nan,nan
4608,48.4210526316,0.8676529819,nan,0.0000019574,57.0831590092,nan,nan,nan,nan,nan,nan,nan
4609,48.4210526316,0.4719037722,nan,0.0004807248,33.1810343500,nan,nan,nan,nan,nan,nan,nan
4610,48.4210526316,0.8346875402,nan,0.0000035105,54.5462736840,nan,nan,nan,nan,nan,nan,nan
4611,48.4210526316,0.7791422567,nan,0.0000089197,50.4965032919,nan,nan,nan,nan,nan,nan,nan
4612,48.4210526316,1.1797196113,nan,0.0000000025,86.0295878686,nan,nan,nan,nan,nan,nan,nan
4613,48.4210526316,0.4113533170,nan,0.0008352614,30.7817756565,nan,nan,nan,nan,nan,nan,nan
4614,48.4210526316,0.4081275317,nan,0.0008583629,30.6632908079,nan,nan,nan,nan,nan,nan,nan
4615,48.4210526316,0.7356465599,nan,0.0000176926,47.5220821977,nan,nan,nan,nan,nan,nan,nan
4616,48.4210526316,0.3046077475,nan,0.0018359076,27.3614917048,nan,nan,nan,nan,nan,nan,nan
4617,48.4210526316,1.1194762515,nan,0.0000000106,79.7460426362,nan,nan,nan,nan,nan,nan,nan
4618,48.4210526316,0.3141911638,nan,0.0017272596,27.6264237635,nan,nan,nan,nan,nan,nan,nan
4619,48.4210526316,0.5104893502,nan,0.0003248134,34.8836612190,nan,nan,nan,nan,nan,nan,nan
4620,48.4210526316,0.7802561258,nan,0.0000087600,50.5749440403,nan,nan,nan,nan,nan,nan,nan
4621,48.4210526316,1.0412956600,nan,0.0000000618,72.0880810479,nan,nan,nan,nan,nan,nan,nan
4622,48.4210526316,1.0012983578,nan,0.0000001450,68.3869700852,nan,nan,nan,nan,nan,nan,nan
4623,48.4210526316,1.0036374298,nan,0.0000001381,68.5993770419,nan,nan,nan,nan,nan,nan,nan
4624,48.4210526316,0.9887577458,nan,0.0000001881,67.2567292470,nan,nan,nan,nan,nan,nan,nan
4625,48.4210526316,0.6428986402,nan,0.0000667368,41.7563484028,nan,nan,nan,nan,nan,nan,nan
4626,48.4210526316,1.1890994203,nan,0.0000000020,87.0379026782,nan,nan,nan,nan,nan,nan,nan
4627,48.4210526316,0.2650966909,nan,0.0023137503,26.3568350355,nan,nan,nan,nan,nan,nan,nan
4628,48.4210526316,0.3877171551,nan,0.0010149678,29.9354773943,nan,nan,nan,nan,nan,nan,nan
4629,48.4210526316,1.1115511270,nan,0.0000000128,78.9442216582,nan,nan,nan,nan,nan,nan,nan
4630,48.4210526316,0.1759249447,nan,0.0034620169,24.6067082173,nan,nan,nan,nan,nan,nan,nan
4631,48.4210526316,0.4290519537,nan,0.0007163657,31.4486520318,nan,nan,nan,nan,nan,nan,nan
4632,48.4210526316,0.4691597349,nan,0.0004937301,33.0651035395,nan,nan,nan,nan,nan,nan,nan
4633,48.4210526316,0.1829950945,nan,0.0033733719,24.7193577826,nan,nan,nan,nan,nan,nan,nan
4634,48.4210526316,0.6582011803,nan,0.0000542802,42.6535843065,nan,nan,nan,nan,nan,nan,nan
4635,48.4210526316,0.1746146830,nan,0.0034783039,24.5863247414,nan,nan,nan,nan,nan,nan,nan
4636,48.4210526316,0.2412968815,nan,0.0026183848,25.8196652250,nan,nan,nan,nan,nan,nan,nan
4637,48.4210526316,0.4399561911,nan,0.0006495808,31.8736680853,nan,nan,nan,nan,nan,nan,nan
4638,48.4210526316,0.4163946863,nan,0.0008000483,30.9688378925,nan,nan,nan,nan,nan,nan,nan
4639,48.4210526316,0.9010672865,nan,0.0000010578,59.7560485074,nan,nan,nan,nan,nan,nan,nan
4640,48.4210526316,0.2865286432,nan,0.0020491349,26.8842944365,nan,nan,nan,nan,nan,nan,nan
4641,48.4210526316,0.4209042611,nan,0.0007694633,31.1381210526,nan,nan,nan,nan,nan,nan,nan
4642,48.4210526316,0.3519749978,nan,0.0013329434,28.7518828643,nan,nan,nan,nan,nan,nan,nan
4643,48.4210526316,0.7102614607,nan,0.0000259061,45.8659797141,nan,nan,nan,nan,nan,nan,nan
4644,48.4210526316,0.4433653902,nan,0.0006296855,32.0087633419,nan,nan,nan,nan,nan,nan,nan
4645,48.4210526316,0.7650689215,nan,0.0000111810,49.5151967487,nan,nan,nan,nan,nan,nan,nan
4646,48.4210526316,0.3979532481,nan,0.0009341647,30.2957652977,nan,nan,nan,nan,nan,nan,nan
4647,48.4210526316,0.9531309341,nan,0.0000003869,64.1244226821,nan,nan,nan,nan,nan,nan,nan
4648,48.4210526316,0.7871274998,nan,0.0000078319,51.0613460093,nan,nan,nan,nan,nan,nan,nan
4649,48.4210526316,0.3623794381,nan,0.0012346717,29.0844850635,nan,nan,nan,nan,nan,nan,nan
4650,48.4210526316,0.2971726229,nan,0.0019223538,27.1616668899,nan,nan,nan,nan,nan,nan,nan
4651,48.4210526316,0.6239361453,nan,0.0000856222,40.6741354609,nan,nan,nan,nan,nan,nan,nan
4652,48.4210526316,0.3089057765,nan,0.0017867824,27.4792833394,nan,nan,nan,nan,nan,nan,nan
4653,48.4210526316,0.9020645656,nan,0.0000010382,59.8373935372,nan,nan,nan,nan,nan,nan,nan
4654,48.4210526316,0.5894159651,nan,0.0001321859,38.7881472422,nan,nan,nan,nan,nan,nan,nan
4655,48.4210526316,0.6588875685,nan,0.0000537733,42.6943297621,nan,nan,nan,nan,nan,nan,nan
4656,48.4210526316,1.1697647176,nan,0.0000000032,84.9682885235,nan,nan,nan,nan,nan,nan,nan
4657,48.4210526316,1.1038519007,nan,0.0000000152,78.1707745491,nan,nan,nan,nan,nan,nan,nan
4658,48.4210526316,0.6961485547,nan,0.0000318368,44.9707067391,nan,nan,nan,nan,nan,nan,nan
4659,48.4210526316,1.2408324103,nan,0.0000000005,92.7442927354,nan,nan,nan,nan,nan,nan,nan
4660,48.4210526316,0.4809655547,nan,0.0004396693,33.5687382696,nan,nan,nan,nan,nan,nan,nan
4661,48.4210526316,0.8508298050,nan,0.0000026448,55.7760966471,nan,nan,nan,nan,nan,nan,nan
4662,48.4210526316,0.7852547591,nan,0.0000080754,50.9283531459,nan,nan,nan,nan,nan,nan,nan
4663,48.4210526316,0.1963084841,nan,0.0032035585,24.9436734232,nan,nan,nan,nan,nan,nan,nan
4664,48.4210526316,0.6042167792,nan,0.0001100656,39.5834852994,nan,nan,nan,nan,nan,nan,nan
4665,48.4210526316,0.7045950487,nan,0.0000281557,45.5043385111,nan,nan,nan,nan,nan,nan,nan
4666,48.4210526316,0.8242323630,nan,0.0000042049,53.7624452160,nan,nan,nan,nan,nan,nan,nan
4667,48.4210526316,0.3637339711,nan,0.0012222198,29.1285070140,nan,nan,nan,nan,nan,nan,nan
4668,48.4210526316,0.8879065433,nan,0.0000013517,58.6910934092,nan,nan,nan,nan,nan,nan,nan
4669,48.4210526316,0.8051490097,nan,0.0000058110,52.3575282754,nan,nan,nan,nan,nan,nan,nan
4670,48.4210526316,0.7482032336,nan,0.0000145780,48.3630189780,nan,nan,nan,nan,nan,nan,nan
4671,48.4210526316,0.3556612054,nan,0.0012975975,28.8685999440,nan,nan,nan,nan,nan,nan,nan
4672,48.4210526316,0.7858745097,nan,0.0000079941,50.9723293153,nan,nan,nan,nan,nan,nan,nan
4673,48.4210526316,0.1119092935,nan,0.0041775587,23.7907743779,nan,nan,nan,nan,nan,nan,nan
4674,48.4210526316,0.4342043006,nan,0.0006842060,31.6481310602,nan,nan,nan,nan,nan,nan,nan
4675,48.4210526316,0.5757193838,nan,0.0001559581,38.0699206713,nan,nan,nan,nan,nan,nan,nan
4676,48.4210526316,0.2043831273,nan,0.0030992133,25.0874853734,nan,nan,nan,nan,nan,nan,nan
4677,48.4210526316,0.3611200169,nan,0.0012463203,29.0437032817,nan,nan,nan,nan,nan,nan,nan
4678,48.4210526316,0.5659481309,nan,0.0001750664,37.5679716770,nan,nan,nan,nan,nan,nan,nan
4679,48.4210526316,0.5651692293,nan,0.0001766716,37.5283335759,nan,nan,nan,nan,nan,nan,nan
4680,48.4210526316,0.3301844348,nan,0.0015534426,28.0870478744,nan,nan,nan,nan,nan,nan,nan
4681,48.4210526316,0.1655291466,nan,0.0035898619,24.4492226034,nan,nan,nan,nan,nan,nan,nan
4682,48.4210526316,0.7704295043,nan,0.0000102640,49.8868462987,nan,nan,nan,nan,nan,nan,nan
4683,48.4210526316,0.8375666119,nan,0.0000033390,54.7638740055,nan,nan,nan,nan,nan,nan,nan
4684,48.4210526316,0.7563259360,nan,0.0000128390,48.9146771944,nan,nan,nan,nan,nan,nan,nan
4685,48.4210526316,0.8241857690,nan,0.0000042083,53.7589744155,nan,nan,nan,nan,nan,nan,nan
4686,48.4210526316,0.2714766220,nan,0.0022338208,26.5095166413,nan,nan,nan,nan,nan,nan,nan
4687,48.4210526316,0.3944144569,nan,0.0009615827,30.1701334710,nan,nan,nan,nan,nan,nan,nan
4688,48.4210526316,0.3627223313,nan,0.0012315121,29.0956132899,nan,nan,nan,nan,nan,nan,nan
4689,48.4210526316,0.1949668639,nan,0.0032208116,24.9203467624,nan,nan,nan,nan,nan,nan,nan
4690,48.4210526316,0.2395055281,nan,0.0026416177,25.7813004155,nan,nan,nan,nan,nan,nan,nan
4691,48.4210526316,1.2077231884,nan,0.0000000012,89.0638742172,nan,nan,nan,nan,nan,nan,nan
4692,48.4210526316,0.2207530473,nan,0.0028859979,25.3970398979,nan,nan,nan,nan,nan,nan,nan
4693,48.4210526316,0.4417735249,nan,0.0006389176,31.9455517016,nan,nan,nan,nan,nan,nan,nan
4694,48.4210526316,0.5161686525,nan,0.0003057953,35.1456918716,nan,nan,nan,nan,nan,nan,nan
4695,48.4210526316,0.1210003796,nan,0.0040885596,23.8842966255,nan,nan,nan,nan,nan,nan,nan
4696,48.4210526316,1.3148892735,nan,0.0000000001,101.3410542141,nan,nan,nan,nan,nan,nan,nan
4697,48.4210526316,0.6390629394,nan,0.0000702296,41.5347957270,nan,nan,nan,nan,nan,nan,nan
4698,48.4210526316,0.7222219400,nan,0.0000216823,46.6389420985,nan,nan,nan,nan,nan,nan,nan
4699,48.4210526316,0.1841868975,nan,0.0033583123,24.7387891833,nan,nan,nan,nan,nan,nan,nan
4700,48.4210526316,0.6467951241,nan,0.0000633463,41.9827853173,nan,nan,nan,nan,nan,nan,nan
4701,48.4210526316,0.1865208486,nan,0.0033287317,24.7772120850,nan,nan,nan,nan,nan,nan,nan
4702,48.4210526316,0.0955365054,nan,0.0043241832,23.6409591578,nan,nan,nan,nan,nan,nan,nan
4703,48.4210526316,0.9403388248,nan,0.0000004980,63.0281079719,nan,nan,nan,nan,nan,nan,nan
4704,48.4210526316,0.4150389680,nan,0.0008094114,30.9183067623,nan,nan,nan,nan,nan,nan,nan
4705,48.4210526316,0.3629468162,nan,0.0012294463,29.1029044708,nan,nan,nan,nan,nan,nan,nan
4706,48.4210526316,0.3579180955,nan,0.0012762426,28.9406674714,nan,nan,nan,nan,nan,nan,nan
4707,48.4210526316,0.9622206918,nan,0.0000003227,64.9125452479,nan,nan,nan,nan,nan,nan,nan
4708,48.4210526316,0.7237009990,nan,0.0000212059,46.7354356124,nan,nan,nan,nan,nan,nan,nan
4709,48.4210526316,0.5477740615,nan,0.0002158994,36.6574856866,nan,nan,nan,nan,nan,nan,nan
4710,48.4210526316,0.8529522852,nan,0.0000025471,55.9395738347,nan,nan,nan,nan,nan,nan,nan
4711,48.4210526316,0.4491226624,nan,0.0005971315,32.2393002348,nan,nan,nan,nan,nan,nan,nan
4712,48.4210526316,0.2945538304,nan,0.0019532263,27.0924742824,nan,nan,nan,nan,nan,nan,nan
4713,48.4210526316,0.3272536371,nan,0.0015845624,28.0009064171,nan,nan,nan,nan,nan,nan,nan
4714,48.4210526316,0.5828737722,nan,0.0001431214,38.4429540958,nan,nan,nan,nan,nan,nan,nan
4715,48.4210526316,0.7041494517,nan,0.0000283399,45.4760239439,nan,nan,nan,nan,nan,nan,nan
4716,48.4210526316,0.0660643998,nan,0.0045378694,23.4314800989,nan,nan,nan,nan,nan,nan,nan
4717,48.4210526316,0.9888721374,nan,0.0000001876,67.2669738322,nan,nan,nan,nan,nan,nan,nan
4718,48.4210526316,0.0742462378,nan,0.0044855051,23.4818864510,nan,nan,nan,nan,nan,nan,nan
4719,48.4210526316,0.5789247241,nan,0.0001500903,38.2364724293,nan,nan,nan,nan,nan,nan,nan
4720,48.4210526316,0.2824941920,nan,0.0020980534,26.7818346498,nan,nan,nan,nan,nan,nan,nan
4721,48.4210526316,0.7720464159,nan,0.0000100012,49.9994622375,nan,nan,nan,nan,nan,nan,nan
4722,48.4210526316,0.3713728923,nan,0.0011534849,29.3798809547,nan,nan,nan,nan,nan,nan,nan
4723,48.4210526316,0.3835564484,nan,0.0010491210,29.7917443090,nan,nan,nan,nan,nan,nan,nan
4724,48.4210526316,0.9719372472,nan,0.0000002653,65.7633829873,nan,nan,nan,nan,nan,nan,nan
4725,48.4210526316,0.9400405110,nan,0.0000005009,63.0027205712,nan,nan,nan,nan,nan,nan,nan
4726,48.4210526316,0.6686860814,nan,0.0000469821,43.2806749319,nan,nan,nan,nan,nan,nan,nan
4727,48.4210526316,0.4174412598,nan,0.0007928736,31.0079604204,nan,nan,nan,nan,nan,nan,nan
4728,48.4210526316,0.4768933746,nan,0.0004577634,33.3935890695,nan,nan,nan,nan,nan,nan,nan
4729,48.4210526316,0.2218605783,nan,0.0028715379,25.4188544454,nan,nan,nan,nan,nan,nan,nan
4730,48.4210526316,0.5123099221,nan,0.0003186149,34.9673390543,nan,nan,nan,nan,nan,nan,nan
4731,48.4210526316,0.3415486829,nan,0.0014360143,28.4284123131,nan,nan,nan,nan,nan,nan,nan
4732,48.4210526316,0.2147301514,nan,0.0029645974,25.2803427855,nan,nan,nan,nan,nan,nan,nan
4733,48.4210526316,0.5515979409,nan,0.0002067018,36.8465576342,nan,nan,nan,nan,nan,nan,nan
4734,48.4210526316,0.3646017676,nan,0.0012142839,29.1567974907,nan,nan,nan,nan,nan,nan,nan
4735,48.4210526316,0.5291835339,nan,0.0002656297,35.7572331219,nan,nan,nan,nan,nan,nan,nan
4736,48.4210526316,0.4956693196,nan,0.0003789913,34.2137075172,nan,nan,nan,nan,nan,nan,nan
4737,48.4210526316,0.9520348495,nan,0.0000003954,64.0298985366,nan,nan,nan,nan,nan,nan,nan
4738,48.4210526316,0.1212847842,nan,0.0040856941,23.8873415313,nan,nan,nan,nan,nan,nan,nan
4739,48.4210526316,0.9124596877,nan,0.0000008530,60.6907120003,nan,nan,nan,nan,nan,nan,nan
4740,48.4210526316,0.5517080409,nan,0.0002064419,36.8520212452,nan,nan,nan,nan,nan,nan,nan
4741,48.4210526316,0.7080393227,nan,0.0000267682,45.7238093623,nan,nan,nan,nan,nan,nan,nan
4742,48.4210526316,0.3608270453,nan,0.0012490399,29.0342370541,nan,nan,nan,nan,nan,nan,nan
4743,48.4210526316,0.3158662568,nan,0.0017086048,27.6735838812,nan,nan,nan,nan,nan,nan,nan
4744,48.4210526316,0.7547652513,nan,0.0000131577,48.8082146540,nan,nan,nan,nan,nan,nan,nan
4745,48.4210526316,0.1800729810,nan,0.0034101580,24.6722550266,nan,nan,nan,nan,nan,nan,nan
4746,48.4210526316,0.8297757965,nan,0.0000038223,54.1767935955,nan,nan,nan,nan,nan,nan,nan
4747,48.4210526316,0.5000568098,nan,0.0003622457,34.4099677283,nan,nan,nan,nan,nan,nan,nan
4748,48.4210526316,0.5457562235,nan,0.0002208895,36.5582498944,nan,nan,nan,nan,nan,nan,nan
4749,48.4210526316,0.2657151891,nan,0.0023059634,26.3714758712,nan,nan,nan,nan,nan,nan,nan
4750,48.4210526316,0.3834258617,nan,0.0010502052,29.7872585392,nan,nan,nan,nan,nan,nan,nan
4751,48.4210526316,0.5705042122,nan,0.0001659229,37.8009358402,nan,nan,nan,nan,nan,nan,nan
4752,48.4210526316,0.5972462774,nan,0.0001200485,39.2064318251,nan,nan,nan,nan,nan,nan,nan
4753,48.4210526316,0.3797564566,nan,0.0010809751,29.6618429066,nan,nan,nan,nan,nan,nan,nan
4754,48.4210526316,1.0590020219,nan,0.0000000419,73.7733550294,nan,nan,nan,nan,nan,nan,nan
4755,48.4210526316,0.5099077483,nan,0.0003268140,34.8569929198,nan,nan,nan,nan,nan,nan,nan
4756,48.4210526316,0.1036151212,nan,0.0042541318,23.7118905798,nan,nan,nan,nan,nan,nan,nan
4757,48.4210526316,0.7939668538,nan,0.0000069988,51.5497660318,nan,nan,nan,nan,nan,nan,nan
4758,48.4210526316,0.5284775777,nan,0.0002676907,35.7236665913,nan,nan,nan,nan,nan,nan,nan
4759,48.4210526316,0.6355852345,nan,0.0000735346,41.3350804425,nan,nan,nan,nan,nan,nan,nan
4760,48.4210526316,0.8475720126,nan,0.0000028016,55.5259772948,nan,nan,nan,nan,nan,nan,nan
4761,48.4210526316,0.6030880153,nan,0.0001116316,39.5221270302,nan,nan,nan,nan,nan,nan,nan
4762,48.4210526316,0.8292624575,nan,0.0000038563,54.1383056056,nan,nan,nan,nan,nan,nan,nan
4763,48.4210526316,0.2565290622,nan,0.0024223808,26.1575759211,nan,nan,nan,nan,nan,nan,nan
4764,48.4210526316,0.6669128041,nan,0.0000481514,43.1739126668,nan,nan,nan,nan,nan,nan,nan
4765,48.4210526316,0.9753714380,nan,0.0000002474,66.0661691678,nan,nan,nan,nan,nan,nan,nan
4766,48.4210526316,0.4843859501,nan,0.0004249112,33.7170177039,nan,nan,nan,nan,nan,nan,nan
4767,48.4210526316,0.4072697438,nan,0.0008645811,30.6319426248,nan,nan,nan,nan,nan,nan,nan
4768,48.4210526316,0.5575416074,nan,0.0001930597,37.1430842808,nan,nan,nan,nan,nan,nan,nan
4769,48.4210526316,0.4474225092,nan,0.0006066094,32.1709083675,nan,nan,nan,nan,nan,nan,nan
4770,48.4210526316,0.0190093311,nan,0.0047242994,23.2566258758,nan,nan,nan,nan,nan,nan,nan
4771,48.4210526316,0.8982855077,nan,0.0000011144,59.5296283483,nan,nan,nan,nan,nan,nan,nan
4772,48.4210526316,0.3747874499,nan,0.0011235818,29.4939531882,nan,nan,nan,nan,nan,nan,nan
4773,48.4210526316,0.1292831312,nan,0.0040031917,23.9759361655,nan,nan,nan,nan,nan,nan,nan
4774,48.4210526316,0.7407097935,nan,0.0000163703,47.8594411515,nan,nan,nan,nan,nan,nan,nan
4775,48.4210526316,0.5609076139,nan,0.0001856762,37.3124387606,nan,nan,nan,nan,nan,nan,nan
4776,48.4210526316,0.6619161725,nan,0.0000515866,42.8746271281,nan,nan,nan,nan,nan,nan,nan
4777,48.4210526316,1.0189065844,nan,0.0000001000,69.9982621022,nan,nan,nan,nan,nan,nan,nan
4778,48.4210526316,0.6647168001,nan,0.0000496353,43.0420971490,nan,nan,nan,nan,nan,nan,nan
4779,48.4210526316,0.6311042116,nan,0.0000779943,41.0793727317,nan,nan,nan,nan,nan,nan,nan
4780,48.4210526316,1.3423898084,nan,0.0000000000,104.6617665719,nan,nan,nan,nan,nan,nan,nan
4781,48.4210526316,0.5198453998,nan,0.0002939752,35.3168930393,nan,nan,nan,nan,nan,nan,nan
4782,48.4210526316,0.7671864576,nan,0.0000108101,49.6616919799,nan,nan,nan,nan,nan,nan,nan
4783,48.4210526316,0.3437622980,nan,0.0014137526,28.4962657464,nan,nan,nan,nan,nan,nan,nan
4784,48.4210526316,0.4891368458,nan,0.0004050662,33.9247401817,nan,nan,nan,nan,nan,nan,nan
4785,48.4210526316,0.5792623970,nan,0.0001494833,38.2540726217,nan,nan,nan,nan,nan,nan,nan
4786,48.4210526316,0.5327212086,nan,0.0002554981,35.9261238824,nan,nan,nan,nan,nan,nan,nan
4787,48.4210526316,0.6171345643,nan,0.0000934556,40.2939466535,nan,nan,nan,nan,nan,nan,nan
4788,48.4210526316,0.6475529145,nan,0.0000627049,42.0269836841,nan,nan,nan,nan,nan,nan,nan
4789,48.4210526316,0.4409451610,nan,0.0006437616,31.9127490540,nan,nan,nan,nan,nan,nan,nan
4790,48.4210526316,0.4599599799,nan,0.0005393343,32.6814199835,nan,nan,nan,nan,nan,nan,nan
4791,48.4210526316,0.7173917515,nan,0.0000233066,46.3252126035,nan,nan,nan,nan,nan,nan,nan
4792,48.4210526316,0.8963578350,nan,0.0000011553,59.3731427573,nan,nan,nan,nan,nan,nan,nan
4793,48.4210526316,0.3690870344,nan,0.0011737873,29.3041060779,nan,nan,nan,nan,nan,nan,nan
4794,48.4210526316,0.6709741465,nan,0.0000455108,43.4188543932,nan,nan,nan,nan,nan,nan,nan
4795,48.4210526316,0.5318939507,nan,0.0002578382,35.8865281000,nan,nan,nan,nan,nan,nan,nan
4796,48.4210526316,0.5265019102,nan,0.0002735288,35.6299692813,nan,nan,nan,nan,nan,nan,nan
4797,48.4210526316,0.6517142479,nan,0.0000592840,42.2706279634,nan,nan,nan,nan,nan,nan,nan
4798,48.4210526316,0.7407256188,nan,0.0000163663,47.8604992461,nan,nan,nan,nan,nan,nan,nan
4799,48.4210526316,0.7868018816,nan,0.0000078737,51.0381991817,nan,nan,nan,nan,nan,nan,nan
4800,48.4210526316,0.4550558206,nan,0.0005649332,32.4800286424,nan,nan,nan,nan,nan,nan,nan
4801,48.4210526316,1.0919800005,nan,0.0000000200,76.9888081124,nan,nan,nan,nan,nan,nan,nan
4802,48.4210526316,0.5758834756,nan,0.0001556530,38.0784242792,nan,nan,nan,nan,nan,nan,nan
4803,48.4210526316,0.2945761559,nan,0.0019529622,27.0930615391,nan,nan,nan,nan,nan,nan,nan
4804,48.4210526316,0.6210674128,nan,0.0000888532,40.5132674856,nan,nan,nan,nan,nan,nan,nan
4805,48.4210526316,0.3343561677,nan,0.0015097315,28.2110028687,nan,nan,nan,nan,nan,nan,nan
4806,48.4210526316,0.2196189814,nan,0.0029008033,25.3748171472,nan,nan,nan,nan,nan,nan,nan
4807,48.4210526316,0.5657816645,nan,0.0001754084,37.5594956051,nan,nan,nan,nan,nan,nan,nan
4808,48.4210526316,0.9663204894,nan,0.0000002971,65.2704925169,nan,nan,nan,nan,nan,nan,nan
4809,48.4210526316,0.8672416771,nan,0.0000019720,57.0508942733,nan,nan,nan,nan,nan,nan,nan
4810,48.4210526316,0.0392508559,nan,0.0046688628,23.3078888946,nan,nan,nan,nan,nan,nan,nan
4811,48.4210526316,0.7232011376,nan,0.0000213658,46.7028024097,nan,nan,nan,nan,nan,nan,nan
4812,48.4210526316,0.9459172674,nan,0.0000004462,63.5043513459,nan,nan,nan,nan,nan,nan,nan
4813,48.4210526316,0.3271224130,nan,0.0015859637,27.9970676746,nan,nan,nan,nan,nan,nan,nan
4814,48.4210526316,0.5559797610,nan,0.0001965688,37.0648530929,nan,nan,nan,nan,nan,nan,nan
4815,48.4210526316,0.2793793306,nan,0.0021361245,26.7037343947,nan,nan,nan,nan,nan,nan,nan
4816,48.4210526316,0.5301133262,nan,0.0002629353,35.8015116897,nan,nan,nan,nan,nan,nan,nan
4817,48.4210526316,0.5511779033,nan,0.0002076958,36.8257237964,nan,nan,nan,nan,nan,nan,nan
4818,48.4210526316,0.9196689649,nan,0.0000007433,61.2883186241,nan,nan,nan,nan,nan,nan,nan
4819,48.4210526316,0.6204332499,nan,0.0000895817,40.4778071873,nan,nan,nan,nan,nan,nan,nan
4820,48.4210526316,0.4962491038,nan,0.0003767435,34.2395419608,nan,nan,nan,nan,nan,nan,nan
4821,48.4210526316,0.4360997948,nan,0.0006726477,31.7221234572,nan,nan,nan,nan,nan,nan,nan
4822,48.4210526316,0.1382125644,nan,0.0039069633,24.0816067090,nan,nan,nan,nan,nan,nan,nan
4823,48.4210526316,0.4229404895,nan,0.0007559337,31.2151628013,nan,nan,nan,nan,nan,nan,nan
4824,48.4210526316,0.1447130806,nan,0.0038344015,24.1630241107,nan,nan,nan,nan,nan,nan,nan
4825,48.4210526316,0.4800666992,nan,0.0004436140,33.5299478754,nan,nan,nan,nan,nan,nan,nan
4826,48.4210526316,0.6903553984,nan,0.0000346061,44.6084711746,nan,nan,nan,nan,nan,nan,nan
4827,48.4210526316,0.8739480760,nan,0.0000017463,57.5789078399,nan,nan,nan,nan,nan,nan,nan
4828,48.4210526316,0.3937178442,nan,0.0009670443,30.1455365185,nan,nan,nan,nan,nan,nan,nan
4829,48.4210526316,0.5741911813,nan,0.0001588238,37.9908435101,nan,nan,nan,nan,nan,nan,nan
4830,48.4210526316,0.9158260688,nan,0.0000008000,60.9691730196,nan,nan,nan,nan,nan,nan,nan
4831,48.4210526316,0.9004918874,nan,0.0000010693,59.7091563632,nan,nan,nan,nan,nan,nan,nan
4832,48.4210526316,0.8665018132,nan,0.0000019985,56.9928947320,nan,nan,nan,nan,nan,nan,nan
4833,48.4210526316,0.4034690659,nan,0.0008925143,30.4938481803,nan,nan,nan,nan,nan,nan,nan
4834,48.4210526316,1.0236324168,nan,0.0000000905,70.4355501067,nan,nan,nan,nan,nan,nan,nan
4835,48.4210526316,0.3865638556,nan,0.0010243588,29.8954790903,nan,nan,nan,nan,nan,nan,nan
4836,48.4210526316,0.6446333391,nan,0.0000652081,41.8569862567,nan,nan,nan,nan,nan,nan,nan
4837,48.4210526316,0.4954460362,nan,0.0003798598,34.2037664445,nan,nan,nan,nan,nan,nan,nan
4838,48.4210526316,0.5692577566,nan,0.0001683832,37.7370135808,nan,nan,nan,nan,nan,nan,nan
4839,48.4210526316,0.2239543035,nan,0.0028442022,25.4603953864,nan,nan,nan,nan,nan,nan,nan
4840,48.4210526316,0.5276041044,nan,0.0002702590,35.6821977699,nan,nan,nan,nan,nan,nan,nan
4841,48.4210526316,0.3708439384,nan,0.0011581627,29.3623043462,nan,nan,nan,nan,nan,nan,nan
4842,48.4210526316,0.3757432995,nan,0.0011153020,29.5260750696,nan,nan,nan,nan,nan,nan,nan
4843,48.4210526316,0.2906199142,nan,0.0020000007,26.9896984225,nan,nan,nan,nan,nan,nan,nan
4844,48.4210526316,0.2586537990,nan,0.0023953149,26.2063739023,nan,nan,nan,nan,nan,nan,nan
4845,48.4210526316,0.5312222736,nan,0.0002597512,35.8544248131,nan,nan,nan,nan,nan,nan,nan
4846,48.4210526316,0.8179451254,nan,0.0000046818,53.2959010738,nan,nan,nan,nan,nan,nan,nan
4847,48.4210526316,0.2138381335,nan,0.0029762287,25.2633370413,nan,nan,nan,nan,nan,nan,nan
4848,48.4210526316,0.2236840131,nan,0.0028477309,25.4550104499,nan,nan,nan,nan,nan,nan,nan
4849,48.4210526316,0.7091094115,nan,0.0000263499,45.7922163991,nan,nan,nan,nan,nan,nan,nan
4850,48.4210526316,0.4896742881,nan,0.0004028684,33.9483678071,nan,nan,nan,nan,nan,nan,nan
4851,48.4210526316,0.8432104044,nan,0.0000030251,55.1926314702,nan,nan,nan,nan,nan,nan,nan
4852,48.4210526316,0.1523390128,nan,0.0037468274,24.2633631122,nan,nan,nan,nan,nan,nan,nan
4853,48.4210526316,0.1026185791,nan,0.0042630203,23.7028259741,nan,nan,nan,nan,nan,nan,nan
4854,48.4210526316,0.4922449026,nan,0.0003924874,34.0617430165,nan,nan,nan,nan,nan,nan,nan
4855,48.4210526316,0.6604579066,nan,0.0000526295,42.7877099380,nan,nan,nan,nan,nan,nan,nan
4856,48.4210526316,1.5224477144,nan,0.0000000000,128.1229405069,nan,nan,nan,nan,nan,nan,nan
4857,48.4210526316,0.9649343570,nan,0.0000003055,65.1492990654,nan,nan,nan,nan,nan,nan,nan
4858,48.4210526316,0.7337609912,nan,0.0000182094,47.3970465654,nan,nan,nan,nan,nan,nan,nan
4859,48.4210526316,0.3362949849,nan,0.0014896536,28.2691470082,nan,nan,nan,nan,nan,nan,nan
4860,48.4210526316,1.0238083908,nan,0.0000000901,70.4518727632,nan,nan,nan,nan,nan,nan,nan
4861,48.4210526316,0.6142514436,nan,0.0000969603,40.1340607320,nan,nan,nan,nan,nan,nan,nan
4862,48.4210526316,0.3506334510,nan,0.0013459501,28.7097105330,nan,nan,nan,nan,nan,nan,nan
4863,48.4210526316,1.0623715783,nan,0.0000000389,74.0973220377,nan,nan,nan,nan,nan,nan,nan
4864,48.4210526316,0.2370707857,nan,0.0026732403,25.7296200161,nan,nan,nan,nan,nan,nan,nan
4865,48.4210526316,0.6357567970,nan,0.0000733684,41.3449069625,nan,nan,nan,nan,nan,nan,nan
4866,48.4210526316,0.7768019178,nan,0.0000092639,50.3320615572,nan,nan,nan,nan,nan,nan,nan
4867,48.4210526316,1.3080642577,nan,0.0000000001,100.5276972150,nan,nan,nan,nan,nan,nan,nan
4868,48.4210526316,0.5568268009,nan,0.0001946591,37.1072528495,nan,nan,nan,nan,nan,nan,nan
4869,48.4210526316,0.3649871958,nan,0.0012107697,29.1693844605,nan,nan,nan,nan,nan,nan,nan
4870,48.4210526316,0.2614854738,nan,0.0023593692,26.2720408574,nan,nan,nan,nan,nan,nan,nan
4871,48.4210526316,0.8751209666,nan,0.0000017094,57.6716755667,nan,nan,nan,nan,nan,nan,nan
4872,48.4210526316,0.5066338423,nan,0.0003382636,34.7074477273,nan,nan,nan,nan,nan,nan,nan
4873,48.4210526316,0.4448552383,nan,0.0006211361,32.0681323504,nan,nan,nan,nan,nan,nan,nan
4874,48.4210526316,0.1835242395,nan,0.0033666895,24.7279693204,nan,nan,nan,nan,nan,nan,nan
4875,48.4210526316,0.4652666502,nan,0.0005126487,32.9018009778,nan,nan,nan,nan,nan,nan,nan
4876,48.4210526316,1.3349614255,nan,0.0000000000,103.7579284703,nan,nan,nan,nan,nan,nan,nan
4877,48.4210526316,1.2508840689,nan,0.0000000004,93.8815613818,nan,nan,nan,nan,nan,nan,nan
4878,48.4210526316,0.9340408649,nan,0.0000005631,62.4938626108,nan,nan,nan,nan,nan,nan,nan
4879,48.4210526316,0.8706791901,nan,0.0000018531,57.3210252574,nan,nan,nan,nan,nan,nan,nan
4880,48.4210526316,0.7521459009,nan,0.0000137087,48.6300349729,nan,nan,nan,nan,nan,nan,nan
4881,48.4210526316,0.5197728017,nan,0.0002942049,35.3135007387,nan,nan,nan,nan,nan,nan,nan
4882,48.4210526316,0.9936589718,nan,0.0000001700,67.6967438549,nan,nan,nan,nan,nan,nan,nan
4883,48.4210526316,0.5145632632,nan,0.0003110767,35.0713253487,nan,nan,nan,nan,nan,nan,nan
4884,48.4210526316,0.4796783228,nan,0.0004453270,33.5132100770,nan,nan,nan,nan,nan,nan,nan
4885,48.4210526316,0.5023506224,nan,0.0003537309,34.5132705819,nan,nan,nan,nan,nan,nan,nan
4886,48.4210526316,0.3339165318,nan,0.0015143053,28.1978657172,nan,nan,nan,nan,nan,nan,nan
4887,48.4210526316,0.7367864234,nan,0.0000173867,47.5978261492,nan,nan,nan,nan,nan,nan,nan
4888,48.4210526316,0.9624804537,nan,0.0000003210,64.9351789850,nan,nan,nan,nan,nan,nan,nan
4889,48.4210526316,1.1832887056,nan,0.0000000023,86.4123077956,nan,nan,nan,nan,nan,nan,nan
4890,48.4210526316,0.5174836060,nan,0.0003015241,35.2067791183,nan,nan,nan,nan,nan,nan,nan
4891,48.4210526316,1.5722072998,nan,0.0000000000,135.1328855500,nan,nan,nan,nan,nan,nan,nan
4892,48.4210526316,0.4084868235,nan,0.0008557677,30.6764410934,nan,nan,nan,nan,nan,nan,nan
4893,48.4210526316,0.4901371363,nan,0.0004009833,33.9687370838,nan,nan,nan,nan,nan,nan,nan
4894,48.4210526316,0.2012333108,nan,0.0031400108,25.0306885795,nan,nan,nan,nan,nan,nan,nan
4895,48.4210526316,0.8326067706,nan,0.0000036396,54.3894809337,nan,nan,nan,nan,nan,nan,nan
4896,48.4210526316,0.4385177738,nan,0.0006581146,31.8169848321,nan,nan,nan,nan,nan,nan,nan
4897,48.4210526316,0.9654392520,nan,0.0000003025,65.1934230738,nan,nan,nan,nan,nan,nan,nan
4898,48.4210526316,0.5414188307,nan,0.0002319426,36.3461942113,nan,nan,nan,nan,nan,nan,nan
4899,48.4210526316,0.2283423821,nan,0.0027869305,25.5487385887,nan,nan,nan,nan,nan,nan,nan
4900,48.4210526316,0.3608906435,nan,0.0012484492,29.0362913192,nan,nan,nan,nan,nan,nan,nan
4901,48.4210526316,0.2788470835,nan,0.0021426554,26.6904767671,nan,nan,nan,nan,nan,nan,nan
4902,48.4210526316,0.2272442730,nan,0.0028012585,25.5264681645,nan,nan,nan,nan,nan,nan,nan
4903,48.4210526316,0.8073427819,nan,0.0000056010,52.5173402466,nan,nan,nan,nan,nan,nan,nan
4904,48.4210526316,0.2598128133,nan,0.0023805844,26.2331641713,nan,nan,nan,nan,nan,nan,nan
4905,48.4210526316,0.9737574964,nan,0.0000002556,65.9237363855,nan,nan,nan,nan,nan,nan,nan
4906,48.4210526316,0.4211567707,nan,0.0007677760,31.1476544530,nan,nan,nan,nan,nan,nan,nan
4907,48.4210526316,0.2376661130,nan,0.0026655036,25.7422072282,nan,nan,nan,nan,nan,nan,nan
4908,48.4210526316,0.7540704388,nan,0.0000133018,48.7608893936,nan,nan,nan,nan,nan,nan,nan
4909,48.4210526316,0.8684678764,nan,0.0000019288,57.1471289792,nan,nan,nan,nan,nan,nan,nan
4910,48.4210526316,1.1404936937,nan,0.0000000065,81.9003832038,nan,nan,nan,nan,nan,nan,nan
4911,48.4210526316,0.6023323918,nan,0.0001126908,39.4811170962,nan,nan,nan,nan,nan,nan,nan
4912,48.4210526316,0.0853410963,nan,0.0044058052,23.5597470756,nan,nan,nan,nan,nan,nan,nan
4913,48.4210526316,0.2142541388,nan,0.0029708047,25.2712590001,nan,nan,nan,nan,nan,nan,nan
4914,48.4210526316,0.3692518228,nan,0.0011723161,29.3095528878,nan,nan,nan,nan,nan,nan,nan
4915,48.4210526316,0.3374597744,nan,0.0014776644,28.3042419956,nan,nan,nan,nan,nan,nan,nan
4916,48.4210526316,0.2815884779,nan,0.0021090968,26.7590349609,nan,nan,nan,nan,nan,nan,nan
4917,48.4210526316,0.6972982232,nan,0.0000313115,45.0429576103,nan,nan,nan,nan,nan,nan,nan
4918,48.4210526316,0.6290817755,nan,0.0000800836,40.9645626992,nan,nan,nan,nan,nan,nan,nan
4919,48.4210526316,0.7570938559,nan,0.0000126849,48.9671427292,nan,nan,nan,nan,nan,nan,nan
4920,48.4210526316,0.3848128761,nan,0.0010387277,29.8349827029,nan,nan,nan,nan,nan,nan,nan
4921,48.4210526316,0.4972792678,nan,0.0003727760,34.2855201245,nan,nan,nan,nan,nan,nan,nan
4922,48.4210526316,1.2415184226,nan,0.0000000005,92.8216146593,nan,nan,nan,nan,nan,nan,nan
4923,48.4210526316,0.8121507205,nan,0.0000051652,52.8691277129,nan,nan,nan,nan,nan,nan,nan
4924,48.4210526316,0.7601714206,nan,0.0000120838,49.1779474623,nan,nan,nan,nan,nan,nan,nan
4925,48.4210526316,0.6144116913,nan,0.0000967625,40.1429275266,nan,nan,nan,nan,nan,nan,nan
4926,48.4210526316,0.2856884969,nan,0.0020592844,26.8628367251,nan,nan,nan,nan,nan,nan,nan
4927,48.4210526316,0.7036197803,nan,0.0000285602,45.4423906173,nan,nan,nan,nan,nan,nan,nan
4928,48.4210526316,0.4417515558,nan,0.0006390457,31.9446809381,nan,nan,nan,nan,nan,nan,nan
4929,48.4210526316,0.6147839158,nan,0.0000963045,40.1635324088,nan,nan,nan,nan,nan,nan,nan
4930,48.4210526316,0.6251332410,nan,0.0000843046,40.7414859758,nan,nan,nan,nan,nan,nan,nan
4931,48.4210526316,0.2604700020,nan,0.0023722427,26.2484087279,nan,nan,nan,nan,nan,nan,nan
4932,48.4210526316,0.4376836969,nan,0.0006631011,31.7842026438,nan,nan,nan,nan,nan,nan,nan
4933,48.4210526316,0.5836482933,nan,0.0001417876,38.4836176224,nan,nan,nan,nan,nan,nan,nan
4934,48.4210526316,0.3901773168,nan,0.0009951298,30.0212026612,nan,nan,nan,nan,nan,nan,nan
4935,48.4210526316,0.3878329132,nan,0.0010140284,29.9394987303,nan,nan,nan,nan,nan,nan,nan
4936,48.4210526316,0.1314633487,nan,0.0039800834,24.0010782379,nan,nan,nan,nan,nan,nan,nan
4937,48.4210526316,0.9541579936,nan,0.0000003790,64.2130940907,nan,nan,nan,nan,nan,nan,nan
4938,48.4210526316,0.7460535214,nan,0.0000150729,48.2180284192,nan,nan,nan,nan,nan,nan,nan
4939,48.4210526316,1.2579255221,nan,0.0000000003,94.6837774666,nan,nan,nan,nan,nan,nan,nan
4940,48.4210526316,0.5202451682,nan,0.0002927129,35.3355816384,nan,nan,nan,nan,nan,nan,nan
4941,48.4210526316,0.9758753891,nan,0.0000002449,66.1106924942,nan,nan,nan,nan,nan,nan,nan
4942,48.4210526316,0.7408617211,nan,0.0000163320,47.8696001315,nan,nan,nan,nan,nan,nan,nan
4943,48.4210526316,0.3288105772,nan,0.0015679886,28.0465709636,nan,nan,nan,nan,nan,nan,nan
4944,48.4210526316,0.6917194901,nan,0.0000339352,44.6934897193,nan,nan,nan,nan,nan,nan,nan
4945,48.4210526316,0.6328774057,nan,0.0000762019,41.1803404857,nan,nan,nan,nan,nan,nan,nan
4946,48.4210526316,1.1025964100,nan,0.0000000157,78.0451664913,nan,nan,nan,nan,nan,nan,nan
4947,48.4210526316,0.6656737924,nan,0.0000489837,43.0994867055,nan,nan,nan,nan,nan,nan,nan
4948,48.4210526316,0.7213873927,nan,0.0000219554,46.5845845356,nan,nan,nan,nan,nan,nan,nan
4949,48.4210526316,0.1963120535,nan,0.0032035126,24.9437356989,nan,nan,nan,nan,nan,nan,nan
4950,48.4210526316,0.4473212486,nan,0.0006071775,32.1668432500,nan,nan,nan,nan,nan,nan,nan
4951,48.4210526316,0.3877531276,nan,0.0010146758,29.9367269187,nan,nan,nan,nan,nan,nan,nan
4952,48.4210526316,1.0357275512,nan,0.0000000698,71.5640550458,nan,nan,nan,nan,nan,nan,nan
4953,48.4210526316,0.6044916616,nan,0.0001096871,39.5984451545,nan,nan,nan,nan,nan,nan,nan
4954,48.4210526316,0.2453293584,nan,0.0025662054,25.9070857955,nan,nan,nan,nan,nan,nan,nan
4955,48.4210526316,1.1921046212,nan,0.0000000018,87.3626658826,nan,nan,nan,nan,nan,nan,nan
4956,48.4210526316,0.6977449968,nan,0.0000311095,45.0710676208,nan,nan,nan,nan,nan,nan,nan
4957,48.4210526316,0.2496676257,nan,0.0025102834,26.0027724924,nan,nan,nan,nan,nan,nan,nan
4958,48.4210526316,0.2218018325,nan,0.0028723049,25.4176945810,nan,nan,nan,nan,nan,nan,nan
4959,48.4210526316,1.4524559411,nan,0.0000000000,118.6486720748,nan,nan,nan,nan,nan,nan,nan
4960,48.4210526316,1.0272579950,nan,0.0000000837,70.7724177565,nan,nan,nan,nan,nan,nan,nan
4961,48.4210526316,0.5057349346,nan,0.0003414634,34.6665580132,nan,nan,nan,nan,nan,nan,nan
4962,48.4210526316,0.3800187087,nan,0.0010787565,29.6707658697,nan,nan,nan,nan,nan,nan,nan
4963,48.4210526316,1.1584824428,nan,0.0000000042,83.7764746368,nan,nan,nan,nan,nan,nan,nan
4964,48.4210526316,0.0419565586,nan,0.0046585686,23.3174750624,nan,nan,nan,nan,nan,nan,nan
4965,48.4210526316,0.8167356216,nan,0.0000047791,53.2065644130,nan,nan,nan,nan,nan,nan,nan
4966,48.4210526316,0.3372086056,nan,0.0014802450,28.2966639231,nan,nan,nan,nan,nan,nan,nan
4967,48.4210526316,0.6184496476,nan,0.0000918940,40.3671272684,nan,nan,nan,nan,nan,nan,nan
4968,48.4210526316,0.3548843021,nan,0.0013049989,28.8438983947,nan,nan,nan,nan,nan,nan,nan
4969,48.4210526316,0.2695403754,nan,0.0022579842,26.4627910343,nan,nan,nan,nan,nan,nan,nan
4970,48.4210526316,0.5566723352,nan,0.0001950062,37.0995159845,nan,nan,nan,nan,nan,nan,nan
4971,48.4210526316,0.4887465598,nan,0.0004066681,33.9075984590,nan,nan,nan,nan,nan,nan,nan
4972,48.4210526316,0.7827273665,nan,0.0000084152,50.7493782278,nan,nan,nan,nan,nan,nan,nan
4973,48.4210526316,0.8954759947,nan,0.0000011744,59.3016696575,nan,nan,nan,nan,nan,nan,nan
4974,48.4210526316,0.1548343751,nan,0.0037176388,24.2973280460,nan,nan,nan,nan,nan,nan,nan
4975,48.4210526316,0.5189223231,nan,0.0002969070,35.2737960436,nan,nan,nan,nan,nan,nan,nan
4976,48.4210526316,0.7438306996,nan,0.0000156007,48.0685506924,nan,nan,nan,nan,nan,nan,nan
4977,48.4210526316,0.4528544446,nan,0.0005767215,32.3903383892,nan,nan,nan,nan,nan,nan,nan
4978,48.4210526316,0.2728737654,nan,0.0022164387,26.5434427492,nan,nan,nan,nan,nan,nan,nan
4979,48.4210526316,0.8936690709,nan,0.0000012147,59.1554409203,nan,nan,nan,nan,nan,nan,nan
4980,48.4210526316,0.5902251747,nan,0.0001308846,38.8311153731,nan,nan,nan,nan,nan,nan,nan
4981,48.4210526316,0.2912116411,nan,0.0019929352,27.0050683111,nan,nan,nan,nan,nan,nan,nan
4982,48.4210526316,1.0838675694,nan,0.0000000241,76.1885705370,nan,nan,nan,nan,nan,nan,nan
4983,48.4210526316,1.1902937999,nan,0.0000000019,87.1668764601,nan,nan,nan,nan,nan,nan,nan
4984,48.4210526316,0.4803219309,nan,0.0004424911,33.5409550179,nan,nan,nan,nan,nan,nan,nan
4985,48.4210526316,0.2748397449,nan,0.0021920578,26.5914800033,nan,nan,nan,nan,nan,nan,nan
4986,48.4210526316,0.6081041373,nan,0.0001048169,39.7956857140,nan,nan,nan,nan,nan,nan,nan
4987,48.4210526316,0.9837344294,nan,0.0000002085,66.8080378010,nan,nan,nan,nan,nan,nan,nan
4988,48.4210526316,0.1375042031,nan,0.0039147467,24.0729633257,nan,nan,nan,nan,nan,nan,nan
4989,48.4210526316,0.6851160094,nan,0.0000372950,44.2834988129,nan,nan,nan,nan,nan,nan,nan
4990,48.4210526316,0.3954609521,nan,0.0009534178,30.2071672323,nan,nan,nan,nan,nan,nan,nan
4991,48.4210526316,0.8891921831,nan,0.0000013199,58.7944275780,nan,nan,nan,nan,nan,nan,nan
4992,48.4210526316,0.3635815156,nan,0.0012236173,29.1235439520,nan,nan,nan,nan,nan,nan,nan
4993,48.4210526316,0.4150515026,nan,0.0008093245,30.9187731948,nan,nan,nan,nan,nan,nan,nan
4994,48.4210526316,1.0170884619,nan,0.0000001040,69.8305739105,nan,nan,nan,nan,nan,nan,nan
4995,48.4210526316,0.4848879226,nan,0.0004227788,33.7388684454,nan,nan,nan,nan,nan,nan,nan
4996,48.4210526316,0.6003384083,nan,0.0001155275,39.3731474004,nan,nan,nan,nan,nan,nan,nan
4997,48.4210526316,0.9806553204,nan,0.0000002221,66.5341492872,nan,nan,nan,nan,nan,nan,nan
4998,48.4210526316,0.8667340522,nan,0.0000019902,57.0110950622,nan,nan,nan,nan,nan,nan,nan
4999,48.4210526316,0.5722756232,nan,0.0001624792,37.8920228557,nan,nan,nan,nan,nan,nan,nan
