run_id,timestamp,distance_km,T_eff,chi_tot,eta_atm,loss_total_db,SKR,status
20260501_224536,2026-05-01 22:45:36,19.0000000000,0.0000007992,2535073.1529337992,0.1447386037,60.9735122615,-0.0000002001,outage
20260501_224536,2026-05-01 22:45:36,5.0000000000,0.0000170534,118802.4328814566,0.6013137742,47.6818954602,-0.0000042546,outage
20260501_224536,2026-05-01 22:45:36,5.0000000000,0.0000000000,2025999999999999.0000000000,0.6013137742,inf,0.0000000000,ok
20260501_224536,2026-05-01 22:45:36,5.0000000000,0.0000090913,222850.2040298543,0.6013137742,50.4137554227,-0.0000022698,outage
20260501_224536,2026-05-01 22:45:36,5.0000000000,0.0000000000,2025999999999999.0000000000,0.6013137742,inf,0.0000000000,ok
20260501_224536,2026-05-01 22:45:36,7.8947368421,0.0000088053,230088.9056122268,0.4479322644,50.5525812340,-0.0000021985,outage
20260501_224536,2026-05-01 22:45:36,7.8947368421,0.0000000000,2025999999999999.0000000000,0.4479322644,inf,0.0000000000,ok
20260501_224536,2026-05-01 22:45:36,7.8947368421,0.0000077053,262936.0590432320,0.4479322644,51.1321235869,-0.0000019242,outage
20260501_224536,2026-05-01 22:45:36,7.8947368421,0.0000000000,2025999999999999.0000000000,0.4479322644,inf,0.0000000000,ok
20260501_224536,2026-05-01 22:45:36,10.7894736842,0.0000030978,654010.9578254074,0.3336749001,55.0894624740,-0.0000007744,outage
20260501_224537,2026-05-01 22:45:37,10.7894736842,0.0000000000,2025999999999999.0000000000,0.3336749001,inf,0.0000000000,ok
20260501_224537,2026-05-01 22:45:37,10.7894736842,0.0000012995,1559020.8109530271,0.3336749001,58.8621274983,-0.0000003252,outage
20260501_224537,2026-05-01 22:45:37,10.7894736842,0.0000000000,2025999999999999.0000000000,0.3336749001,inf,0.0000000000,ok
20260501_224537,2026-05-01 22:45:37,13.6842105263,0.0000023707,854605.8789876997,0.2485619987,56.2512694283,-0.0000005928,outage
20260501_224537,2026-05-01 22:45:37,13.6842105263,0.0000000000,2025999999999999.0000000000,0.2485619987,inf,0.0000000000,ok
20260501_224537,2026-05-01 22:45:37,13.6842105263,0.0000034735,583277.8677696944,0.2485619987,54.5923680058,-0.0000008682,outage
20260501_224537,2026-05-01 22:45:37,13.6842105263,0.0000000000,2025999999999999.0000000000,0.2485619987,inf,0.0000000000,ok
20260501_224537,2026-05-01 22:45:37,16.5789473684,0.0000014843,1364951.3425639279,0.1851594687,58.2847804693,-0.0000003714,outage
20260501_224537,2026-05-01 22:45:37,16.5789473684,0.0000000000,2025999999999999.0000000000,0.1851594687,inf,0.0000000000,ok
20260501_224537,2026-05-01 22:45:37,16.5789473684,0.0000009092,2228294.1475061923,0.1851594687,60.4133327335,-0.0000002276,outage
20260501_224537,2026-05-01 22:45:37,16.5789473684,0.0000000000,2025999999999999.0000000000,0.1851594687,inf,0.0000000000,ok
20260501_224537,2026-05-01 22:45:37,19.4736842105,0.0000009462,2141098.6441305946,0.1379294865,60.2399743811,-0.0000002369,outage
20260501_224537,2026-05-01 22:45:37,19.4736842105,0.0000000000,2025999999999999.0000000000,0.1379294865,inf,0.0000000000,ok
20260501_224537,2026-05-01 22:45:37,19.4736842105,0.0000004882,4149670.3414124688,0.1379294865,63.1137426036,-0.0000001223,outage
20260501_224537,2026-05-01 22:45:37,19.4736842105,0.0000000000,2025999999999999.0000000000,0.1379294865,inf,0.0000000000,ok
20260501_224537,2026-05-01 22:45:37,22.3684210526,0.0000003956,5121141.5504819863,0.1027468019,64.0272742379,-0.0000000991,outage
20260501_224537,2026-05-01 22:45:37,22.3684210526,0.0000000000,2025999999999999.0000000000,0.1027468019,inf,0.0000000000,ok
20260501_224537,2026-05-01 22:45:37,22.3684210526,0.0000005362,3778498.3948237589,0.1027468019,62.7067991588,-0.0000001343,outage
20260501_224538,2026-05-01 22:45:38,22.3684210526,0.0000000000,2025999999999999.0000000000,0.1027468019,inf,0.0000000000,ok
20260501_224538,2026-05-01 22:45:38,25.2631578947,0.0000004637,4369097.4629810322,0.0765384224,63.3375239107,-0.0000001162,outage
20260501_224538,2026-05-01 22:45:38,25.2631578947,0.0000000000,2025999999999999.0000000000,0.0765384224,inf,0.0000000000,ok
20260501_224538,2026-05-01 22:45:38,25.2631578947,0.0000002472,8197117.1359181684,0.0765384224,66.0702175307,-0.0000000620,outage
20260501_224538,2026-05-01 22:45:38,25.2631578947,0.0000000000,2025999999999999.0000000000,0.0765384224,inf,0.0000000000,ok
20260501_224538,2026-05-01 22:45:38,28.1578947368,0.0000002074,9769435.9775645789,0.0570152062,66.8323009455,-0.0000000520,outage
20260501_224538,2026-05-01 22:45:38,28.1578947368,0.0000000000,2025999999999999.0000000000,0.0570152062,inf,0.0000000000,ok
20260501_224538,2026-05-01 22:45:38,28.1578947368,0.0000002611,7758587.4595639855,0.0570152062,65.8314327504,-0.0000000655,outage
20260501_224538,2026-05-01 22:45:38,28.1578947368,0.0000000000,2025999999999999.0000000000,0.0570152062,inf,0.0000000000,ok
20260501_224538,2026-05-01 22:45:38,31.0526315789,0.0000001192,16998148.1603900641,0.0424719199,69.2376219485,-0.0000000299,outage
20260501_224538,2026-05-01 22:45:38,31.0526315789,0.0000000000,2025999999999999.0000000000,0.0424719199,inf,0.0000000000,ok
20260501_224538,2026-05-01 22:45:38,31.0526315789,0.0000001801,11250007.2701817267,0.0424719199,67.4451340065,-0.0000000452,outage
20260501_224538,2026-05-01 22:45:38,31.0526315789,0.0000000000,2025999999999999.0000000000,0.0424719199,inf,0.0000000000,ok
20260501_224538,2026-05-01 22:45:38,33.9473684211,0.0000001254,16158180.1740039494,0.0316382961,69.0175303231,-0.0000000315,outage
20260501_224538,2026-05-01 22:45:38,33.9473684211,0.0000000000,2025999999999999.0000000000,0.0316382961,inf,0.0000000000,ok
20260501_224538,2026-05-01 22:45:38,33.9473684211,0.0000000986,20550459.1623926610,0.0316382961,70.0618210993,-0.0000000247,outage
20260501_224538,2026-05-01 22:45:38,33.9473684211,0.0000000000,2025999999999999.0000000000,0.0316382961,inf,0.0000000000,ok
20260501_224538,2026-05-01 22:45:38,36.8421052632,0.0000001022,19833035.7719263956,0.0235680841,69.9074977605,-0.0000000256,outage
20260501_224539,2026-05-01 22:45:39,36.8421052632,0.0000000000,2025999999999999.0000000000,0.0235680841,inf,0.0000000000,ok
20260501_224539,2026-05-01 22:45:39,36.8421052632,0.0000001086,18648638.3362550363,0.0235680841,69.6400770876,-0.0000000273,outage
20260501_224539,2026-05-01 22:45:39,36.8421052632,0.0000000000,2025999999999999.0000000000,0.0235680841,inf,0.0000000000,ok
20260501_224539,2026-05-01 22:45:39,39.7368421053,0.0000000310,65399211.9555177540,0.0175564003,75.0893308082,-0.0000000078,outage
20260501_224539,2026-05-01 22:45:39,39.7368421053,0.0000000000,2025999999999999.0000000000,0.0175564003,inf,0.0000000000,ok
20260501_224539,2026-05-01 22:45:39,39.7368421053,0.0000000536,37810930.6494738460,0.0175564003,72.7097793734,-0.0000000135,outage
20260501_224539,2026-05-01 22:45:39,39.7368421053,0.0000000000,2025999999999999.0000000000,0.0175564003,inf,0.0000000000,ok
20260501_224539,2026-05-01 22:45:39,42.6315789474,0.0000000337,60067909.4216391742,0.0130781606,74.7200308341,-0.0000000085,outage
20260501_224539,2026-05-01 22:45:39,42.6315789474,0.0000000000,2025999999999999.0000000000,0.0130781606,inf,0.0000000000,ok
20260501_224539,2026-05-01 22:45:39,42.6315789474,0.0000000450,45008478.3654283136,0.0130781606,73.4665489929,-0.0000000113,outage
20260501_224539,2026-05-01 22:45:39,42.6315789474,0.0000000000,2025999999999999.0000000000,0.0130781606,inf,0.0000000000,ok
20260501_224539,2026-05-01 22:45:39,45.5263157895,0.0000000078,259399715.9746111035,0.0097422184,81.0733005687,-0.0000000020,outage
20260501_224539,2026-05-01 22:45:39,45.5263157895,0.0000000000,2025999999999999.0000000000,0.0097422184,inf,0.0000000000,ok
20260501_224539,2026-05-01 22:45:39,45.5263157895,0.0000000152,133253600.8703805953,0.0097422184,78.1803951589,-0.0000000038,outage
20260501_224539,2026-05-01 22:45:39,45.5263157895,0.0000000000,2025999999999999.0000000000,0.0097422184,inf,0.0000000000,ok
20260501_224539,2026-05-01 22:45:39,48.4210526316,0.0000000281,72069473.2317433059,0.0072571994,75.5111191273,-0.0000000071,outage
20260501_224539,2026-05-01 22:45:39,48.4210526316,0.0000000000,2025999999999999.0000000000,0.0072571994,inf,0.0000000000,ok
20260501_224539,2026-05-01 22:45:39,48.4210526316,0.0000000209,96946452.4229982942,0.0072571994,76.7989248495,-0.0000000053,outage
20260501_224540,2026-05-01 22:45:40,48.4210526316,0.0000000000,2025999999999999.0000000000,0.0072571994,inf,0.0000000000,ok
20260501_224540,2026-05-01 22:45:40,51.3157894737,0.0000000137,148334843.5824230909,0.0054060524,78.6460373989,-0.0000000034,outage
20260501_224540,2026-05-01 22:45:40,51.3157894737,0.0000000000,2025999999999999.0000000000,0.0054060524,inf,0.0000000000,ok
20260501_224540,2026-05-01 22:45:40,51.3157894737,0.0000000134,151370950.3668208718,0.0054060524,78.7340309945,-0.0000000034,outage
20260501_224540,2026-05-01 22:45:40,51.3157894737,0.0000000000,2025999999999999.0000000000,0.0054060524,1270.2367404024,0.0000000000,ok
20260501_224540,2026-05-01 22:45:40,54.2105263158,0.0000000123,164475141.2385983467,0.0040270910,79.0946082962,-0.0000000031,outage
20260501_224540,2026-05-01 22:45:40,54.2105263158,0.0000000000,2025999999999999.0000000000,0.0040270910,inf,0.0000000000,ok
20260501_224540,2026-05-01 22:45:40,54.2105263158,0.0000000065,310258428.8240772486,0.0040270910,81.8508414923,-0.0000000016,outage
20260501_224540,2026-05-01 22:45:40,54.2105263158,0.0000000000,2025999999999999.0000000000,0.0040270910,inf,0.0000000000,ok
20260501_224540,2026-05-01 22:45:40,57.1052631579,0.0000000058,347531238.2307949066,0.0029998714,82.3435440795,-0.0000000015,outage
20260501_224540,2026-05-01 22:45:40,57.1052631579,0.0000000000,2025999999999999.0000000000,0.0029998714,inf,0.0000000000,ok
20260501_224540,2026-05-01 22:45:40,57.1052631579,0.0000000090,225837871.9203720093,0.0029998714,80.4715733368,-0.0000000023,outage
20260501_224540,2026-05-01 22:45:40,57.1052631579,0.0000000000,2025999999999999.0000000000,0.0029998714,inf,0.0000000000,ok
20260501_224540,2026-05-01 22:45:40,60.0000000000,0.0000000028,725929050.1451027393,0.0022346722,85.5425473587,-0.0000000007,outage
20260501_224540,2026-05-01 22:45:40,60.0000000000,0.0000000000,2025999999999999.0000000000,0.0022346722,inf,0.0000000000,ok
20260501_224540,2026-05-01 22:45:40,60.0000000000,0.0000000044,457371111.9533605576,0.0022346722,83.5362929056,-0.0000000012,outage
20260501_224540,2026-05-01 22:45:40,60.0000000000,0.0000000000,2025999999999999.0000000000,0.0022346722,inf,0.0000000000,ok
20260501_224541,2026-05-01 22:45:41,19.0000000000,0.0254976547,78.4590882828,0.1447386037,15.9349976408,-0.0058717651,outage
20260501_224541,2026-05-01 22:45:41,19.0000000000,0.0254952922,78.4664514482,0.1447386037,15.9354000700,-0.0058712616,outage
20260501_224541,2026-05-01 22:45:41,19.0000000000,0.0254919802,78.4767758571,0.1447386037,15.9359642814,-0.0058705557,outage
20260501_224541,2026-05-01 22:45:41,19.0000000000,0.0254877382,78.4900031208,0.1447386037,15.9366870218,-0.0058696516,outage
20260501_224541,2026-05-01 22:45:41,19.0000000000,0.0254823569,78.5067895149,0.1447386037,15.9376040606,-0.0058685046,outage
20260501_224541,2026-05-01 22:45:41,19.0000000000,0.0254760072,78.5266056210,0.1447386037,15.9386863631,-0.0058671512,outage
20260501_224541,2026-05-01 22:45:41,19.0000000000,0.0254687749,78.5491885952,0.1447386037,15.9399194558,-0.0058656096,outage
20260501_224541,2026-05-01 22:45:41,19.0000000000,0.0254603650,78.5754643467,0.1447386037,15.9413537438,-0.0058638169,outage
20260501_224541,2026-05-01 22:45:41,19.0000000000,0.0254510665,78.6045367212,0.1447386037,15.9429401364,-0.0058618346,outage
20260501_224541,2026-05-01 22:45:41,19.0000000000,0.0254406967,78.6369840080,0.1447386037,15.9447100039,-0.0058596238,outage
20260501_224542,2026-05-01 22:45:42,19.0000000000,0.0254306442,78.6684632394,0.1447386037,15.9464263788,-0.0058574806,outage
20260501_224542,2026-05-01 22:45:42,19.0000000000,0.0254177878,78.7087595196,0.1447386037,15.9486225055,-0.0058547393,outage
20260501_224542,2026-05-01 22:45:42,19.0000000000,0.0254047567,78.7496447305,0.1447386037,15.9508495941,-0.0058519606,outage
20260501_224542,2026-05-01 22:45:42,19.0000000000,0.0253907380,78.7936757547,0.1447386037,15.9532467641,-0.0058489710,outage
20260501_224542,2026-05-01 22:45:42,19.0000000000,0.0253760939,78.8397227016,0.1447386037,15.9557522719,-0.0058458478,outage
20260501_224542,2026-05-01 22:45:42,19.0000000000,0.0253607406,78.8880568984,0.1447386037,15.9583806795,-0.0058425731,outage
20260501_224542,2026-05-01 22:45:42,19.0000000000,0.0253413818,78.9490843770,0.1447386037,15.9616970756,-0.0058384435,outage
20260501_224542,2026-05-01 22:45:42,19.0000000000,0.0253262685,78.9967930260,0.1447386037,15.9642879284,-0.0058352192,outage
20260501_224542,2026-05-01 22:45:42,19.0000000000,0.0254835960,78.5029237567,0.1447386037,15.9373928919,-0.0058687687,outage
20260501_224543,2026-05-01 22:45:43,19.0000000000,0.0254812413,78.5102704132,0.1447386037,15.9377941975,-0.0058682668,outage
20260501_224543,2026-05-01 22:45:43,19.0000000000,0.0254779484,78.5205465325,0.1447386037,15.9383554606,-0.0058675650,outage
20260501_224543,2026-05-01 22:45:43,19.0000000000,0.0254734681,78.5345325075,0.1447386037,15.9391192329,-0.0058666100,outage
20260501_224543,2026-05-01 22:45:43,19.0000000000,0.0254681919,78.5510093359,0.1447386037,15.9400188580,-0.0058654853,outage
20260501_224543,2026-05-01 22:45:43,19.0000000000,0.0254621331,78.5699385962,0.1447386037,15.9410521545,-0.0058641938,outage
20260501_224543,2026-05-01 22:45:43,19.0000000000,0.0254545828,78.5935403891,0.1447386037,15.9423401675,-0.0058625842,outage
20260501_224543,2026-05-01 22:45:43,19.0000000000,0.0254464291,78.6190440800,0.1447386037,15.9437315429,-0.0058608460,outage
20260501_224543,2026-05-01 22:45:43,19.0000000000,0.0254372360,78.6478181540,0.1447386037,15.9453008019,-0.0058588860,outage
20260501_224543,2026-05-01 22:45:43,19.0000000000,0.0254275874,78.6780405108,0.1447386037,15.9469484358,-0.0058568288,outage
20260501_224543,2026-05-01 22:45:43,19.0000000000,0.0254164955,78.7128121146,0.1447386037,15.9488433084,-0.0058544638,outage
20260501_224544,2026-05-01 22:45:44,19.0000000000,0.0254040826,78.7517609748,0.1447386037,15.9509648385,-0.0058518169,outage
20260501_224544,2026-05-01 22:45:44,19.0000000000,0.0253904028,78.7947289686,0.1447386037,15.9533040878,-0.0058488996,outage
20260501_224544,2026-05-01 22:45:44,19.0000000000,0.0253767790,78.8375672001,0.1447386037,15.9556350189,-0.0058459940,outage
20260501_224544,2026-05-01 22:45:44,19.0000000000,0.0253619716,78.8841792974,0.1447386037,15.9581698747,-0.0058428356,outage
20260501_224544,2026-05-01 22:45:44,19.0000000000,0.0253450451,78.9375290529,0.1447386037,15.9610693228,-0.0058392250,outage
20260501_224544,2026-05-01 22:45:44,19.0000000000,0.0253282769,78.9904497287,0.1447386037,15.9639435401,-0.0058356477,outage
20260501_224544,2026-05-01 22:45:44,19.0000000000,0.0253112564,79.0442387163,0.1447386037,15.9668629690,-0.0058320162,outage
20260501_224544,2026-05-01 22:45:44,19.0000000000,0.0254359029,78.6519924427,0.1447386037,15.9455284090,-0.0058586018,outage
20260501_224544,2026-05-01 22:45:44,19.0000000000,0.0254336943,78.6589094247,0.1447386037,15.9459055379,-0.0058581309,outage
20260501_224544,2026-05-01 22:45:44,19.0000000000,0.0254304895,78.6689479401,0.1447386037,15.9464528014,-0.0058574476,outage
20260501_224545,2026-05-01 22:45:45,19.0000000000,0.0254258043,78.6836284282,0.1447386037,15.9472530042,-0.0058564486,outage
20260501_224545,2026-05-01 22:45:45,19.0000000000,0.0254208571,78.6991357074,0.1447386037,15.9480981136,-0.0058553938,outage
20260501_224545,2026-05-01 22:45:45,19.0000000000,0.0254149269,78.7177320818,0.1447386037,15.9491113544,-0.0058541293,outage
20260501_224545,2026-05-01 22:45:45,19.0000000000,0.0254070520,78.7424401606,0.1447386037,15.9504572315,-0.0058524501,outage
20260501_224545,2026-05-01 22:45:45,19.0000000000,0.0253988446,78.7682080842,0.1447386037,15.9518603954,-0.0058506998,outage
20260501_224545,2026-05-01 22:45:45,19.0000000000,0.0253902965,78.7950630733,0.1447386037,15.9533222720,-0.0058488769,outage
20260501_224545,2026-05-01 22:45:45,19.0000000000,0.0253796466,78.8285468181,0.1447386037,15.9551443022,-0.0058466055,outage
20260501_224545,2026-05-01 22:45:45,19.0000000000,0.0253686711,78.8630833891,0.1447386037,15.9570228218,-0.0058442646,outage
20260501_224545,2026-05-01 22:45:45,19.0000000000,0.0253570018,78.8998359258,0.1447386037,15.9590209806,-0.0058417755,outage
20260501_224546,2026-05-01 22:45:46,19.0000000000,0.0253443396,78.9397541508,0.1447386037,15.9611902102,-0.0058390745,outage
20260501_224546,2026-05-01 22:45:46,19.0000000000,0.0253293098,78.9871879621,0.1447386037,15.9637664427,-0.0058358681,outage
20260501_224546,2026-05-01 22:45:46,19.0000000000,0.0253154817,79.0308788778,0.1447386037,15.9661380391,-0.0058329178,outage
20260501_224546,2026-05-01 22:45:46,19.0000000000,0.0252993023,79.0820599365,0.1447386037,15.9689145635,-0.0058294655,outage
20260501_224546,2026-05-01 22:45:46,19.0000000000,0.0252815280,79.1383614388,0.1447386037,15.9719668183,-0.0058256725,outage
20260501_224546,2026-05-01 22:45:46,19.0000000000,0.0252645914,79.1920829928,0.1447386037,15.9748772085,-0.0058220579,outage
20260501_224546,2026-05-01 22:45:46,19.0000000000,0.0000012651,1601398.4748075982,0.1447386037,58.9786024050,-0.0000003166,outage
20260501_224546,2026-05-01 22:45:46,19.0000000000,0.0000015150,1337317.2325551535,0.1447386037,58.1959532439,-0.0000003790,outage
20260501_224546,2026-05-01 22:45:46,19.0000000000,0.0000019461,1041073.5586285691,0.1447386037,57.1084239213,-0.0000004867,outage
20260501_224547,2026-05-01 22:45:47,19.0000000000,0.0000016537,1225113.7001231636,0.1447386037,57.8153730968,-0.0000004137,outage
20260501_224547,2026-05-01 22:45:47,19.0000000000,0.0000013825,1465411.7447722026,0.1447386037,58.5932052304,-0.0000003459,outage
20260501_224547,2026-05-01 22:45:47,19.0000000000,0.0000007696,2632554.3276644228,0.1447386037,61.1373806624,-0.0000001927,outage
20260501_224547,2026-05-01 22:45:47,19.0000000000,0.0000003044,6656401.8429256920,0.1447386037,65.1660015634,-0.0000000763,outage
20260501_224547,2026-05-01 22:45:47,19.0000000000,0.0000008798,2302782.0586824650,0.1447386037,60.5561358456,-0.0000002203,outage
20260501_224547,2026-05-01 22:45:47,19.0000000000,0.0000006555,3090558.2383709773,0.1447386037,61.8339763122,-0.0000001642,outage
20260501_224547,2026-05-01 22:45:47,19.0000000000,0.0000013529,1497487.0809568232,0.1447386037,58.6872393311,-0.0000003385,outage
20260501_224547,2026-05-01 22:45:47,19.0000000000,0.0000010845,1868196.1111256825,0.1447386037,59.6478325497,-0.0000002714,outage
20260501_224547,2026-05-01 22:45:47,19.0000000000,0.0000010676,1897800.3586789933,0.1447386037,59.7161131201,-0.0000002672,outage
20260501_224548,2026-05-01 22:45:48,19.0000000000,0.0000014070,1439897.8626247442,0.1447386037,58.5169254739,-0.0000003521,outage
20260501_224548,2026-05-01 22:45:48,19.0000000000,0.0000003281,6175638.9678653087,0.1447386037,64.8404252816,-0.0000000822,outage
20260501_224548,2026-05-01 22:45:48,19.0000000000,0.0000005105,3968928.3454267140,0.1447386037,62.9203392659,-0.0000001279,outage
20260501_224548,2026-05-01 22:45:48,19.0000000000,0.0000007510,2697582.8603031165,0.1447386037,61.2433551341,-0.0000001881,outage
20260501_224548,2026-05-01 22:45:48,19.0000000000,0.0000012858,1575700.0478437347,0.1447386037,58.9083438258,-0.0000003217,outage
20260501_224548,2026-05-01 22:45:48,19.0000000000,0.0000011005,1841011.5734134975,0.1447386037,59.5841731337,-0.0000002754,outage
20260501_224548,2026-05-01 22:45:48,19.0000000000,0.0000008292,2443433.3653597455,0.1447386037,60.8136123649,-0.0000002076,outage
20260501_224548,2026-05-01 22:45:48,19.0000000000,0.0000017554,1154179.5968441535,0.1447386037,57.5563432770,-0.0000004391,outage
20260501_224549,2026-05-01 22:45:49,19.0000000000,0.0000017386,1165280.4901581374,0.1447386037,57.5979140666,-0.0000004349,outage
20260501_224549,2026-05-01 22:45:49,19.0000000000,0.0000008825,2295687.7738154521,0.1447386037,60.5427356930,-0.0000002209,outage
20260501_224549,2026-05-01 22:45:49,19.0000000000,0.0000027069,748451.8823006263,0.1447386037,55.6752502371,-0.0000006768,outage
20260501_224549,2026-05-01 22:45:49,19.0000000000,0.0000009591,2112321.4835245959,0.1447386037,60.1812078050,-0.0000002401,outage
20260501_224549,2026-05-01 22:45:49,19.0000000000,0.0000010574,1916024.3619058421,0.1447386037,59.7576181221,-0.0000002647,outage
20260501_224549,2026-05-01 22:45:49,19.0000000000,0.0000011402,1776868.6702326005,0.1447386037,59.4301613314,-0.0000002854,outage
20260501_224549,2026-05-01 22:45:49,19.0000000000,0.0000015371,1318032.1171598316,0.1447386037,58.1328688128,-0.0000003846,outage
20260501_224549,2026-05-01 22:45:49,19.0000000000,0.0000020970,966127.4225203323,0.1447386037,56.7839541742,-0.0000005245,outage
20260501_224549,2026-05-01 22:45:49,19.0000000000,0.0000007810,2594106.1069220845,0.1447386037,61.0734846235,-0.0000001955,outage
20260501_224550,2026-05-01 22:45:50,19.0000000000,0.0000012660,1600271.0459972471,0.1447386037,58.9755437768,-0.0000003168,outage
20260501_224550,2026-05-01 22:45:50,19.0000000000,0.0000009551,2121234.1262139576,0.1447386037,60.1994936894,-0.0000002391,outage
20260501_224550,2026-05-01 22:45:50,19.0000000000,0.0000006572,3082638.6773274383,0.1447386037,61.8228332287,-0.0000001646,outage
20260501_224550,2026-05-01 22:45:50,19.0000000000,0.0000006547,3094420.5181269245,0.1447386037,61.8394003129,-0.0000001640,outage
20260501_224550,2026-05-01 22:45:50,5.0000000000,0.0000181892,111383.5195200148,0.6013137742,47.4018539163,-0.0000045376,outage
20260501_224550,2026-05-01 22:45:50,7.8947368421,0.0000114676,176669.9364526408,0.4479322644,49.4052566805,-0.0000028624,outage
20260501_224550,2026-05-01 22:45:50,10.7894736842,0.0000041551,487590.3373908037,0.3336749001,53.8141653955,-0.0000010384,outage
20260501_224550,2026-05-01 22:45:50,13.6842105263,0.0000036544,554403.3244587344,0.2485619987,54.3718716755,-0.0000009134,outage
20260501_224551,2026-05-01 22:45:51,16.5789473684,0.0000006142,3298845.4092330555,0.1851594687,62.1172265460,-0.0000001538,outage
20260501_224551,2026-05-01 22:45:51,19.4736842105,0.0000007403,2736765.0668573119,0.1379294865,61.3059823525,-0.0000001854,outage
20260501_224551,2026-05-01 22:45:51,22.3684210526,0.0000001778,11394000.2157693394,0.1027468019,67.5003682041,-0.0000000446,outage
20260501_224551,2026-05-01 22:45:51,25.2631578947,0.0000004207,4815869.8855871791,0.0765384224,63.7603539379,-0.0000001054,outage
20260501_224551,2026-05-01 22:45:51,28.1578947368,0.0000002567,7891904.8384027667,0.0570152062,65.9054245380,-0.0000000644,outage
20260501_224551,2026-05-01 22:45:51,31.0526315789,0.0000001178,17197888.0118158907,0.0424719199,69.2883570082,-0.0000000296,outage
20260501_224551,2026-05-01 22:45:51,33.9473684211,0.0000000602,33639969.1552354991,0.0316382961,72.2021616079,-0.0000000151,outage
20260501_224551,2026-05-01 22:45:51,36.8421052632,0.0000000459,44092316.1592130512,0.0235680841,73.3772348163,-0.0000000115,outage
20260501_224551,2026-05-01 22:45:51,39.7368421053,0.0000000849,23874136.5419311002,0.0175564003,70.7128825052,-0.0000000213,outage
20260501_224551,2026-05-01 22:45:51,42.6315789474,0.0000000200,101436534.5148376822,0.0130781606,76.9955496678,-0.0000000050,outage
20260501_224552,2026-05-01 22:45:52,45.5263157895,0.0000000285,71188648.0908921361,0.0097422184,75.4577131061,-0.0000000072,outage
20260501_224552,2026-05-01 22:45:52,48.4210526316,0.0000000079,255760925.6522743702,0.0072571994,81.0119475574,-0.0000000020,outage
20260501_224552,2026-05-01 22:45:52,51.3157894737,0.0000000276,73403841.2885757834,0.0054060524,75.5907935242,-0.0000000069,outage
20260501_224552,2026-05-01 22:45:52,54.2105263158,0.0000000091,222122191.5740421414,0.0040270910,80.3995251073,-0.0000000023,outage
20260501_224552,2026-05-01 22:45:52,57.1052631579,0.0000000038,533422023.0896436572,0.0029998714,84.2043150198,-0.0000000010,outage
20260501_224552,2026-05-01 22:45:52,60.0000000000,0.0000000063,321448410.5662224889,0.0022346722,82.0047184302,-0.0000000016,outage
20260501_224552,2026-05-01 22:45:52,5.0000000000,0.0000188684,107374.0311709451,0.6013137742,47.2426385865,-0.0000047069,outage
20260501_224552,2026-05-01 22:45:52,7.8947368421,0.0000099568,203478.5081854376,0.4479322644,50.0188123653,-0.0000024857,outage
20260501_224552,2026-05-01 22:45:52,10.7894736842,0.0000063918,316965.4070598229,0.3336749001,51.9437379486,-0.0000015965,outage
20260501_224553,2026-05-01 22:45:53,13.6842105263,0.0000008090,2504315.3771005003,0.2485619987,60.9204975244,-0.0000002025,outage
20260501_224553,2026-05-01 22:45:53,16.5789473684,0.0000013179,1537237.8572886172,0.1851594687,58.8010191248,-0.0000003298,outage
20260501_224553,2026-05-01 22:45:53,19.4736842105,0.0000002957,6850500.9015976973,0.1379294865,65.2908295014,-0.0000000741,outage
20260501_224553,2026-05-01 22:45:53,22.3684210526,0.0000004978,4070191.1647188426,0.1027468019,63.0297547281,-0.0000001247,outage
20260501_224553,2026-05-01 22:45:53,25.2631578947,0.0000005458,3711809.4266341850,0.0765384224,62.6294634626,-0.0000001367,outage
20260501_224553,2026-05-01 22:45:53,28.1578947368,0.0000002479,8171334.0165849449,0.0570152062,66.0565357544,-0.0000000622,outage
20260501_224553,2026-05-01 22:45:53,31.0526315789,0.0000002512,8065385.2622524630,0.0424719199,65.9998573011,-0.0000000630,outage
20260501_224553,2026-05-01 22:45:53,33.9473684211,0.0000001169,17331451.1599516869,0.0316382961,69.3219551167,-0.0000000293,outage
20260501_224553,2026-05-01 22:45:53,36.8421052632,0.0000000705,28749022.8979707956,0.0235680841,71.5198366284,-0.0000000177,outage
20260501_224553,2026-05-01 22:45:53,39.7368421053,0.0000000710,28516620.4038772210,0.0175564003,71.4845862879,-0.0000000178,outage
20260501_224553,2026-05-01 22:45:53,42.6315789474,0.0000000561,36097431.8287943900,0.0130781606,72.5083687589,-0.0000000141,outage
20260501_224554,2026-05-01 22:45:54,45.5263157895,0.0000000352,57627673.6569492072,0.0097422184,74.5399165462,-0.0000000088,outage
20260501_224554,2026-05-01 22:45:54,48.4210526316,0.0000000192,105530941.6619471014,0.0072571994,77.1674037649,-0.0000000048,outage
20260501_224554,2026-05-01 22:45:54,51.3157894737,0.0000000068,298226601.6039339304,0.0054060524,81.6790694004,-0.0000000017,outage
20260501_224554,2026-05-01 22:45:54,54.2105263158,0.0000000089,227285421.6959123015,0.0040270910,80.4993214144,-0.0000000022,outage
20260501_224554,2026-05-01 22:45:54,57.1052631579,0.0000000066,306315028.0431946516,0.0029998714,81.7952886453,-0.0000000017,outage
20260501_224554,2026-05-01 22:45:54,60.0000000000,0.0000000075,270860394.3236835003,0.0022346722,81.2610606696,-0.0000000019,outage
20260501_225346,2026-05-01 22:53:46,19.0000000000,0.0000007992,2535073.1529337992,0.1447386037,60.9735122615,-0.0000002001,outage
20260501_225347,2026-05-01 22:53:47,5.0000000000,0.0000170534,118802.4328814566,0.6013137742,47.6818954602,-0.0000042546,outage
20260501_225347,2026-05-01 22:53:47,5.0000000000,0.0000000000,2025999999999999.0000000000,0.6013137742,inf,0.0000000000,ok
20260501_225347,2026-05-01 22:53:47,5.0000000000,0.0000090913,222850.2040298543,0.6013137742,50.4137554227,-0.0000022698,outage
20260501_225348,2026-05-01 22:53:48,5.0000000000,0.0000000000,2025999999999999.0000000000,0.6013137742,inf,0.0000000000,ok
20260501_225348,2026-05-01 22:53:48,7.8947368421,0.0000088053,230088.9056122268,0.4479322644,50.5525812340,-0.0000021985,outage
20260501_225348,2026-05-01 22:53:48,7.8947368421,0.0000000000,2025999999999999.0000000000,0.4479322644,inf,0.0000000000,ok
20260501_225348,2026-05-01 22:53:48,7.8947368421,0.0000077053,262936.0590432320,0.4479322644,51.1321235869,-0.0000019242,outage
20260501_225348,2026-05-01 22:53:48,7.8947368421,0.0000000000,2025999999999999.0000000000,0.4479322644,inf,0.0000000000,ok
20260501_225348,2026-05-01 22:53:48,10.7894736842,0.0000030978,654010.9578254074,0.3336749001,55.0894624740,-0.0000007744,outage
20260501_225348,2026-05-01 22:53:48,10.7894736842,0.0000000000,2025999999999999.0000000000,0.3336749001,inf,0.0000000000,ok
20260501_225348,2026-05-01 22:53:48,10.7894736842,0.0000012995,1559020.8109530271,0.3336749001,58.8621274983,-0.0000003252,outage
20260501_225348,2026-05-01 22:53:48,10.7894736842,0.0000000000,2025999999999999.0000000000,0.3336749001,inf,0.0000000000,ok
20260501_225348,2026-05-01 22:53:48,13.6842105263,0.0000023707,854605.8789876997,0.2485619987,56.2512694283,-0.0000005928,outage
20260501_225349,2026-05-01 22:53:49,13.6842105263,0.0000000000,2025999999999999.0000000000,0.2485619987,inf,0.0000000000,ok
20260501_225349,2026-05-01 22:53:49,13.6842105263,0.0000034735,583277.8677696944,0.2485619987,54.5923680058,-0.0000008682,outage
20260501_225349,2026-05-01 22:53:49,13.6842105263,0.0000000000,2025999999999999.0000000000,0.2485619987,inf,0.0000000000,ok
20260501_225349,2026-05-01 22:53:49,16.5789473684,0.0000014843,1364951.3425639279,0.1851594687,58.2847804693,-0.0000003714,outage
20260501_225349,2026-05-01 22:53:49,16.5789473684,0.0000000000,2025999999999999.0000000000,0.1851594687,inf,0.0000000000,ok
20260501_225349,2026-05-01 22:53:49,16.5789473684,0.0000009092,2228294.1475061923,0.1851594687,60.4133327335,-0.0000002276,outage
20260501_225349,2026-05-01 22:53:49,16.5789473684,0.0000000000,2025999999999999.0000000000,0.1851594687,inf,0.0000000000,ok
20260501_225349,2026-05-01 22:53:49,19.4736842105,0.0000009462,2141098.6441305946,0.1379294865,60.2399743811,-0.0000002369,outage
20260501_225349,2026-05-01 22:53:49,19.4736842105,0.0000000000,2025999999999999.0000000000,0.1379294865,inf,0.0000000000,ok
20260501_225349,2026-05-01 22:53:49,19.4736842105,0.0000004882,4149670.3414124688,0.1379294865,63.1137426036,-0.0000001223,outage
20260501_225350,2026-05-01 22:53:50,19.4736842105,0.0000000000,2025999999999999.0000000000,0.1379294865,inf,0.0000000000,ok
20260501_225350,2026-05-01 22:53:50,22.3684210526,0.0000003956,5121141.5504819863,0.1027468019,64.0272742379,-0.0000000991,outage
20260501_225350,2026-05-01 22:53:50,22.3684210526,0.0000000000,2025999999999999.0000000000,0.1027468019,inf,0.0000000000,ok
20260501_225350,2026-05-01 22:53:50,22.3684210526,0.0000005362,3778498.3948237589,0.1027468019,62.7067991588,-0.0000001343,outage
20260501_225350,2026-05-01 22:53:50,22.3684210526,0.0000000000,2025999999999999.0000000000,0.1027468019,inf,0.0000000000,ok
20260501_225350,2026-05-01 22:53:50,25.2631578947,0.0000004637,4369097.4629810322,0.0765384224,63.3375239107,-0.0000001162,outage
20260501_225350,2026-05-01 22:53:50,25.2631578947,0.0000000000,2025999999999999.0000000000,0.0765384224,inf,0.0000000000,ok
20260501_225350,2026-05-01 22:53:50,25.2631578947,0.0000002472,8197117.1359181684,0.0765384224,66.0702175307,-0.0000000620,outage
20260501_225351,2026-05-01 22:53:51,25.2631578947,0.0000000000,2025999999999999.0000000000,0.0765384224,inf,0.0000000000,ok
20260501_225351,2026-05-01 22:53:51,28.1578947368,0.0000002074,9769435.9775645789,0.0570152062,66.8323009455,-0.0000000520,outage
20260501_225351,2026-05-01 22:53:51,28.1578947368,0.0000000000,2025999999999999.0000000000,0.0570152062,inf,0.0000000000,ok
20260501_225351,2026-05-01 22:53:51,28.1578947368,0.0000002611,7758587.4595639855,0.0570152062,65.8314327504,-0.0000000655,outage
20260501_225351,2026-05-01 22:53:51,28.1578947368,0.0000000000,2025999999999999.0000000000,0.0570152062,inf,0.0000000000,ok
20260501_225351,2026-05-01 22:53:51,31.0526315789,0.0000001192,16998148.1603900641,0.0424719199,69.2376219485,-0.0000000299,outage
20260501_225351,2026-05-01 22:53:51,31.0526315789,0.0000000000,2025999999999999.0000000000,0.0424719199,inf,0.0000000000,ok
20260501_225351,2026-05-01 22:53:51,31.0526315789,0.0000001801,11250007.2701817267,0.0424719199,67.4451340065,-0.0000000452,outage
20260501_225352,2026-05-01 22:53:52,31.0526315789,0.0000000000,2025999999999999.0000000000,0.0424719199,inf,0.0000000000,ok
20260501_225352,2026-05-01 22:53:52,33.9473684211,0.0000001254,16158180.1740039494,0.0316382961,69.0175303231,-0.0000000315,outage
20260501_225352,2026-05-01 22:53:52,33.9473684211,0.0000000000,2025999999999999.0000000000,0.0316382961,inf,0.0000000000,ok
20260501_225352,2026-05-01 22:53:52,33.9473684211,0.0000000986,20550459.1623926610,0.0316382961,70.0618210993,-0.0000000247,outage
20260501_225352,2026-05-01 22:53:52,33.9473684211,0.0000000000,2025999999999999.0000000000,0.0316382961,inf,0.0000000000,ok
20260501_225352,2026-05-01 22:53:52,36.8421052632,0.0000001022,19833035.7719263956,0.0235680841,69.9074977605,-0.0000000256,outage
20260501_225352,2026-05-01 22:53:52,36.8421052632,0.0000000000,2025999999999999.0000000000,0.0235680841,inf,0.0000000000,ok
20260501_225352,2026-05-01 22:53:52,36.8421052632,0.0000001086,18648638.3362550363,0.0235680841,69.6400770876,-0.0000000273,outage
20260501_225352,2026-05-01 22:53:52,36.8421052632,0.0000000000,2025999999999999.0000000000,0.0235680841,inf,0.0000000000,ok
20260501_225352,2026-05-01 22:53:52,39.7368421053,0.0000000310,65399211.9555177540,0.0175564003,75.0893308082,-0.0000000078,outage
20260501_225353,2026-05-01 22:53:53,39.7368421053,0.0000000000,2025999999999999.0000000000,0.0175564003,inf,0.0000000000,ok
20260501_225353,2026-05-01 22:53:53,39.7368421053,0.0000000536,37810930.6494738460,0.0175564003,72.7097793734,-0.0000000135,outage
20260501_225353,2026-05-01 22:53:53,39.7368421053,0.0000000000,2025999999999999.0000000000,0.0175564003,inf,0.0000000000,ok
20260501_225353,2026-05-01 22:53:53,42.6315789474,0.0000000337,60067909.4216391742,0.0130781606,74.7200308341,-0.0000000085,outage
20260501_225353,2026-05-01 22:53:53,42.6315789474,0.0000000000,2025999999999999.0000000000,0.0130781606,inf,0.0000000000,ok
20260501_225353,2026-05-01 22:53:53,42.6315789474,0.0000000450,45008478.3654283136,0.0130781606,73.4665489929,-0.0000000113,outage
20260501_225353,2026-05-01 22:53:53,42.6315789474,0.0000000000,2025999999999999.0000000000,0.0130781606,inf,0.0000000000,ok
20260501_225353,2026-05-01 22:53:53,45.5263157895,0.0000000078,259399715.9746111035,0.0097422184,81.0733005687,-0.0000000020,outage
20260501_225353,2026-05-01 22:53:53,45.5263157895,0.0000000000,2025999999999999.0000000000,0.0097422184,inf,0.0000000000,ok
20260501_225353,2026-05-01 22:53:53,45.5263157895,0.0000000152,133253600.8703805953,0.0097422184,78.1803951589,-0.0000000038,outage
20260501_225354,2026-05-01 22:53:54,45.5263157895,0.0000000000,2025999999999999.0000000000,0.0097422184,inf,0.0000000000,ok
20260501_225354,2026-05-01 22:53:54,48.4210526316,0.0000000281,72069473.2317433059,0.0072571994,75.5111191273,-0.0000000071,outage
20260501_225354,2026-05-01 22:53:54,48.4210526316,0.0000000000,2025999999999999.0000000000,0.0072571994,inf,0.0000000000,ok
20260501_225354,2026-05-01 22:53:54,48.4210526316,0.0000000209,96946452.4229982942,0.0072571994,76.7989248495,-0.0000000053,outage
20260501_225354,2026-05-01 22:53:54,48.4210526316,0.0000000000,2025999999999999.0000000000,0.0072571994,inf,0.0000000000,ok
20260501_225354,2026-05-01 22:53:54,51.3157894737,0.0000000137,148334843.5824230909,0.0054060524,78.6460373989,-0.0000000034,outage
20260501_225354,2026-05-01 22:53:54,51.3157894737,0.0000000000,2025999999999999.0000000000,0.0054060524,inf,0.0000000000,ok
20260501_225354,2026-05-01 22:53:54,51.3157894737,0.0000000134,151370950.3668208718,0.0054060524,78.7340309945,-0.0000000034,outage
20260501_225355,2026-05-01 22:53:55,51.3157894737,0.0000000000,2025999999999999.0000000000,0.0054060524,1270.2367404024,0.0000000000,ok
20260501_225355,2026-05-01 22:53:55,54.2105263158,0.0000000123,164475141.2385983467,0.0040270910,79.0946082962,-0.0000000031,outage
20260501_225355,2026-05-01 22:53:55,54.2105263158,0.0000000000,2025999999999999.0000000000,0.0040270910,inf,0.0000000000,ok
20260501_225355,2026-05-01 22:53:55,54.2105263158,0.0000000065,310258428.8240772486,0.0040270910,81.8508414923,-0.0000000016,outage
20260501_225355,2026-05-01 22:53:55,54.2105263158,0.0000000000,2025999999999999.0000000000,0.0040270910,inf,0.0000000000,ok
20260501_225355,2026-05-01 22:53:55,57.1052631579,0.0000000058,347531238.2307949066,0.0029998714,82.3435440795,-0.0000000015,outage
20260501_225355,2026-05-01 22:53:55,57.1052631579,0.0000000000,2025999999999999.0000000000,0.0029998714,inf,0.0000000000,ok
20260501_225355,2026-05-01 22:53:55,57.1052631579,0.0000000090,225837871.9203720093,0.0029998714,80.4715733368,-0.0000000023,outage
20260501_225356,2026-05-01 22:53:56,57.1052631579,0.0000000000,2025999999999999.0000000000,0.0029998714,inf,0.0000000000,ok
20260501_225356,2026-05-01 22:53:56,60.0000000000,0.0000000028,725929050.1451027393,0.0022346722,85.5425473587,-0.0000000007,outage
20260501_225356,2026-05-01 22:53:56,60.0000000000,0.0000000000,2025999999999999.0000000000,0.0022346722,inf,0.0000000000,ok
20260501_225356,2026-05-01 22:53:56,60.0000000000,0.0000000044,457371111.9533605576,0.0022346722,83.5362929056,-0.0000000012,outage
20260501_225356,2026-05-01 22:53:56,60.0000000000,0.0000000000,2025999999999999.0000000000,0.0022346722,inf,0.0000000000,ok
20260501_225356,2026-05-01 22:53:56,19.0000000000,0.0254976547,78.4590882828,0.1447386037,15.9349976408,-0.0058717651,outage
20260501_225356,2026-05-01 22:53:56,19.0000000000,0.0254952922,78.4664514482,0.1447386037,15.9354000700,-0.0058712616,outage
20260501_225357,2026-05-01 22:53:57,19.0000000000,0.0254919802,78.4767758571,0.1447386037,15.9359642814,-0.0058705557,outage
20260501_225357,2026-05-01 22:53:57,19.0000000000,0.0254877382,78.4900031208,0.1447386037,15.9366870218,-0.0058696516,outage
20260501_225357,2026-05-01 22:53:57,19.0000000000,0.0254823569,78.5067895149,0.1447386037,15.9376040606,-0.0058685046,outage
20260501_225357,2026-05-01 22:53:57,19.0000000000,0.0254760072,78.5266056210,0.1447386037,15.9386863631,-0.0058671512,outage
20260501_225357,2026-05-01 22:53:57,19.0000000000,0.0254687749,78.5491885952,0.1447386037,15.9399194558,-0.0058656096,outage
20260501_225358,2026-05-01 22:53:58,19.0000000000,0.0254603650,78.5754643467,0.1447386037,15.9413537438,-0.0058638169,outage
20260501_225358,2026-05-01 22:53:58,19.0000000000,0.0254510665,78.6045367212,0.1447386037,15.9429401364,-0.0058618346,outage
20260501_225358,2026-05-01 22:53:58,19.0000000000,0.0254406967,78.6369840080,0.1447386037,15.9447100039,-0.0058596238,outage
20260501_225358,2026-05-01 22:53:58,19.0000000000,0.0254306442,78.6684632394,0.1447386037,15.9464263788,-0.0058574806,outage
20260501_225359,2026-05-01 22:53:59,19.0000000000,0.0254177878,78.7087595196,0.1447386037,15.9486225055,-0.0058547393,outage
20260501_225359,2026-05-01 22:53:59,19.0000000000,0.0254047567,78.7496447305,0.1447386037,15.9508495941,-0.0058519606,outage
20260501_225359,2026-05-01 22:53:59,19.0000000000,0.0253907380,78.7936757547,0.1447386037,15.9532467641,-0.0058489710,outage
20260501_225359,2026-05-01 22:53:59,19.0000000000,0.0253760939,78.8397227016,0.1447386037,15.9557522719,-0.0058458478,outage
20260501_225400,2026-05-01 22:54:00,19.0000000000,0.0253607406,78.8880568984,0.1447386037,15.9583806795,-0.0058425731,outage
20260501_225400,2026-05-01 22:54:00,19.0000000000,0.0253413818,78.9490843770,0.1447386037,15.9616970756,-0.0058384435,outage
20260501_225400,2026-05-01 22:54:00,19.0000000000,0.0253262685,78.9967930260,0.1447386037,15.9642879284,-0.0058352192,outage
20260501_225400,2026-05-01 22:54:00,19.0000000000,0.0254835960,78.5029237567,0.1447386037,15.9373928919,-0.0058687687,outage
20260501_225401,2026-05-01 22:54:01,19.0000000000,0.0254812413,78.5102704132,0.1447386037,15.9377941975,-0.0058682668,outage
20260501_225401,2026-05-01 22:54:01,19.0000000000,0.0254779484,78.5205465325,0.1447386037,15.9383554606,-0.0058675650,outage
20260501_225401,2026-05-01 22:54:01,19.0000000000,0.0254734681,78.5345325075,0.1447386037,15.9391192329,-0.0058666100,outage
20260501_225401,2026-05-01 22:54:01,19.0000000000,0.0254681919,78.5510093359,0.1447386037,15.9400188580,-0.0058654853,outage
20260501_225401,2026-05-01 22:54:01,19.0000000000,0.0254621331,78.5699385962,0.1447386037,15.9410521545,-0.0058641938,outage
20260501_225402,2026-05-01 22:54:02,19.0000000000,0.0254545828,78.5935403891,0.1447386037,15.9423401675,-0.0058625842,outage
20260501_225402,2026-05-01 22:54:02,19.0000000000,0.0254464291,78.6190440800,0.1447386037,15.9437315429,-0.0058608460,outage
20260501_225402,2026-05-01 22:54:02,19.0000000000,0.0254372360,78.6478181540,0.1447386037,15.9453008019,-0.0058588860,outage
20260501_225402,2026-05-01 22:54:02,19.0000000000,0.0254275874,78.6780405108,0.1447386037,15.9469484358,-0.0058568288,outage
20260501_225403,2026-05-01 22:54:03,19.0000000000,0.0254164955,78.7128121146,0.1447386037,15.9488433084,-0.0058544638,outage
20260501_225403,2026-05-01 22:54:03,19.0000000000,0.0254040826,78.7517609748,0.1447386037,15.9509648385,-0.0058518169,outage
20260501_225403,2026-05-01 22:54:03,19.0000000000,0.0253904028,78.7947289686,0.1447386037,15.9533040878,-0.0058488996,outage
20260501_225403,2026-05-01 22:54:03,19.0000000000,0.0253767790,78.8375672001,0.1447386037,15.9556350189,-0.0058459940,outage
20260501_225404,2026-05-01 22:54:04,19.0000000000,0.0253619716,78.8841792974,0.1447386037,15.9581698747,-0.0058428356,outage
20260501_225404,2026-05-01 22:54:04,19.0000000000,0.0253450451,78.9375290529,0.1447386037,15.9610693228,-0.0058392250,outage
20260501_225404,2026-05-01 22:54:04,19.0000000000,0.0253282769,78.9904497287,0.1447386037,15.9639435401,-0.0058356477,outage
20260501_225404,2026-05-01 22:54:04,19.0000000000,0.0253112564,79.0442387163,0.1447386037,15.9668629690,-0.0058320162,outage
20260501_225404,2026-05-01 22:54:04,19.0000000000,0.0254359029,78.6519924427,0.1447386037,15.9455284090,-0.0058586018,outage
20260501_225405,2026-05-01 22:54:05,19.0000000000,0.0254336943,78.6589094247,0.1447386037,15.9459055379,-0.0058581309,outage
20260501_225405,2026-05-01 22:54:05,19.0000000000,0.0254304895,78.6689479401,0.1447386037,15.9464528014,-0.0058574476,outage
20260501_225405,2026-05-01 22:54:05,19.0000000000,0.0254258043,78.6836284282,0.1447386037,15.9472530042,-0.0058564486,outage
20260501_225405,2026-05-01 22:54:05,19.0000000000,0.0254208571,78.6991357074,0.1447386037,15.9480981136,-0.0058553938,outage
20260501_225406,2026-05-01 22:54:06,19.0000000000,0.0254149269,78.7177320818,0.1447386037,15.9491113544,-0.0058541293,outage
20260501_225406,2026-05-01 22:54:06,19.0000000000,0.0254070520,78.7424401606,0.1447386037,15.9504572315,-0.0058524501,outage
20260501_225406,2026-05-01 22:54:06,19.0000000000,0.0253988446,78.7682080842,0.1447386037,15.9518603954,-0.0058506998,outage
20260501_225406,2026-05-01 22:54:06,19.0000000000,0.0253902965,78.7950630733,0.1447386037,15.9533222720,-0.0058488769,outage
20260501_225406,2026-05-01 22:54:06,19.0000000000,0.0253796466,78.8285468181,0.1447386037,15.9551443022,-0.0058466055,outage
20260501_225407,2026-05-01 22:54:07,19.0000000000,0.0253686711,78.8630833891,0.1447386037,15.9570228218,-0.0058442646,outage
20260501_225407,2026-05-01 22:54:07,19.0000000000,0.0253570018,78.8998359258,0.1447386037,15.9590209806,-0.0058417755,outage
20260501_225407,2026-05-01 22:54:07,19.0000000000,0.0253443396,78.9397541508,0.1447386037,15.9611902102,-0.0058390745,outage
20260501_225407,2026-05-01 22:54:07,19.0000000000,0.0253293098,78.9871879621,0.1447386037,15.9637664427,-0.0058358681,outage
20260501_225408,2026-05-01 22:54:08,19.0000000000,0.0253154817,79.0308788778,0.1447386037,15.9661380391,-0.0058329178,outage
20260501_225408,2026-05-01 22:54:08,19.0000000000,0.0252993023,79.0820599365,0.1447386037,15.9689145635,-0.0058294655,outage
20260501_225408,2026-05-01 22:54:08,19.0000000000,0.0252815280,79.1383614388,0.1447386037,15.9719668183,-0.0058256725,outage
20260501_225408,2026-05-01 22:54:08,19.0000000000,0.0252645914,79.1920829928,0.1447386037,15.9748772085,-0.0058220579,outage
20260501_225409,2026-05-01 22:54:09,19.0000000000,0.0000012651,1601398.4748075982,0.1447386037,58.9786024050,-0.0000003166,outage
20260501_225409,2026-05-01 22:54:09,19.0000000000,0.0000015150,1337317.2325551535,0.1447386037,58.1959532439,-0.0000003790,outage
20260501_225409,2026-05-01 22:54:09,19.0000000000,0.0000019461,1041073.5586285691,0.1447386037,57.1084239213,-0.0000004867,outage
20260501_225409,2026-05-01 22:54:09,19.0000000000,0.0000016537,1225113.7001231636,0.1447386037,57.8153730968,-0.0000004137,outage
20260501_225410,2026-05-01 22:54:10,19.0000000000,0.0000013825,1465411.7447722026,0.1447386037,58.5932052304,-0.0000003459,outage
20260501_225410,2026-05-01 22:54:10,19.0000000000,0.0000007696,2632554.3276644228,0.1447386037,61.1373806624,-0.0000001927,outage
20260501_225410,2026-05-01 22:54:10,19.0000000000,0.0000003044,6656401.8429256920,0.1447386037,65.1660015634,-0.0000000763,outage
20260501_225410,2026-05-01 22:54:10,19.0000000000,0.0000008798,2302782.0586824650,0.1447386037,60.5561358456,-0.0000002203,outage
20260501_225410,2026-05-01 22:54:10,19.0000000000,0.0000006555,3090558.2383709773,0.1447386037,61.8339763122,-0.0000001642,outage
20260501_225411,2026-05-01 22:54:11,19.0000000000,0.0000013529,1497487.0809568232,0.1447386037,58.6872393311,-0.0000003385,outage
20260501_225411,2026-05-01 22:54:11,19.0000000000,0.0000010845,1868196.1111256825,0.1447386037,59.6478325497,-0.0000002714,outage
20260501_225411,2026-05-01 22:54:11,19.0000000000,0.0000010676,1897800.3586789933,0.1447386037,59.7161131201,-0.0000002672,outage
20260501_225411,2026-05-01 22:54:11,19.0000000000,0.0000014070,1439897.8626247442,0.1447386037,58.5169254739,-0.0000003521,outage
20260501_225412,2026-05-01 22:54:12,19.0000000000,0.0000003281,6175638.9678653087,0.1447386037,64.8404252816,-0.0000000822,outage
20260501_225412,2026-05-01 22:54:12,19.0000000000,0.0000005105,3968928.3454267140,0.1447386037,62.9203392659,-0.0000001279,outage
20260501_225412,2026-05-01 22:54:12,19.0000000000,0.0000007510,2697582.8603031165,0.1447386037,61.2433551341,-0.0000001881,outage
20260501_225412,2026-05-01 22:54:12,19.0000000000,0.0000012858,1575700.0478437347,0.1447386037,58.9083438258,-0.0000003217,outage
20260501_225413,2026-05-01 22:54:13,19.0000000000,0.0000011005,1841011.5734134975,0.1447386037,59.5841731337,-0.0000002754,outage
20260501_225413,2026-05-01 22:54:13,19.0000000000,0.0000008292,2443433.3653597455,0.1447386037,60.8136123649,-0.0000002076,outage
20260501_225413,2026-05-01 22:54:13,19.0000000000,0.0000017554,1154179.5968441535,0.1447386037,57.5563432770,-0.0000004391,outage
20260501_225414,2026-05-01 22:54:14,19.0000000000,0.0000017386,1165280.4901581374,0.1447386037,57.5979140666,-0.0000004349,outage
20260501_225414,2026-05-01 22:54:14,19.0000000000,0.0000008825,2295687.7738154521,0.1447386037,60.5427356930,-0.0000002209,outage
20260501_225414,2026-05-01 22:54:14,19.0000000000,0.0000027069,748451.8823006263,0.1447386037,55.6752502371,-0.0000006768,outage
20260501_225414,2026-05-01 22:54:14,19.0000000000,0.0000009591,2112321.4835245959,0.1447386037,60.1812078050,-0.0000002401,outage
20260501_225414,2026-05-01 22:54:14,19.0000000000,0.0000010574,1916024.3619058421,0.1447386037,59.7576181221,-0.0000002647,outage
20260501_225415,2026-05-01 22:54:15,19.0000000000,0.0000011402,1776868.6702326005,0.1447386037,59.4301613314,-0.0000002854,outage
20260501_225415,2026-05-01 22:54:15,19.0000000000,0.0000015371,1318032.1171598316,0.1447386037,58.1328688128,-0.0000003846,outage
20260501_225415,2026-05-01 22:54:15,19.0000000000,0.0000020970,966127.4225203323,0.1447386037,56.7839541742,-0.0000005245,outage
20260501_225415,2026-05-01 22:54:15,19.0000000000,0.0000007810,2594106.1069220845,0.1447386037,61.0734846235,-0.0000001955,outage
20260501_225416,2026-05-01 22:54:16,19.0000000000,0.0000012660,1600271.0459972471,0.1447386037,58.9755437768,-0.0000003168,outage
20260501_225416,2026-05-01 22:54:16,19.0000000000,0.0000009551,2121234.1262139576,0.1447386037,60.1994936894,-0.0000002391,outage
20260501_225416,2026-05-01 22:54:16,19.0000000000,0.0000006572,3082638.6773274383,0.1447386037,61.8228332287,-0.0000001646,outage
20260501_225416,2026-05-01 22:54:16,19.0000000000,0.0000006547,3094420.5181269245,0.1447386037,61.8394003129,-0.0000001640,outage
20260501_225417,2026-05-01 22:54:17,5.0000000000,0.0000181892,111383.5195200148,0.6013137742,47.4018539163,-0.0000045376,outage
20260501_225417,2026-05-01 22:54:17,7.8947368421,0.0000114676,176669.9364526408,0.4479322644,49.4052566805,-0.0000028624,outage
20260501_225417,2026-05-01 22:54:17,10.7894736842,0.0000041551,487590.3373908037,0.3336749001,53.8141653955,-0.0000010384,outage
20260501_225417,2026-05-01 22:54:17,13.6842105263,0.0000036544,554403.3244587344,0.2485619987,54.3718716755,-0.0000009134,outage
20260501_225417,2026-05-01 22:54:17,16.5789473684,0.0000006142,3298845.4092330555,0.1851594687,62.1172265460,-0.0000001538,outage
20260501_225418,2026-05-01 22:54:18,19.4736842105,0.0000007403,2736765.0668573119,0.1379294865,61.3059823525,-0.0000001854,outage
20260501_225418,2026-05-01 22:54:18,22.3684210526,0.0000001778,11394000.2157693394,0.1027468019,67.5003682041,-0.0000000446,outage
20260501_225418,2026-05-01 22:54:18,25.2631578947,0.0000004207,4815869.8855871791,0.0765384224,63.7603539379,-0.0000001054,outage
20260501_225418,2026-05-01 22:54:18,28.1578947368,0.0000002567,7891904.8384027667,0.0570152062,65.9054245380,-0.0000000644,outage
20260501_225419,2026-05-01 22:54:19,31.0526315789,0.0000001178,17197888.0118158907,0.0424719199,69.2883570082,-0.0000000296,outage
20260501_225419,2026-05-01 22:54:19,33.9473684211,0.0000000602,33639969.1552354991,0.0316382961,72.2021616079,-0.0000000151,outage
20260501_225419,2026-05-01 22:54:19,36.8421052632,0.0000000459,44092316.1592130512,0.0235680841,73.3772348163,-0.0000000115,outage
20260501_225419,2026-05-01 22:54:19,39.7368421053,0.0000000849,23874136.5419311002,0.0175564003,70.7128825052,-0.0000000213,outage
20260501_225419,2026-05-01 22:54:19,42.6315789474,0.0000000200,101436534.5148376822,0.0130781606,76.9955496678,-0.0000000050,outage
20260501_225420,2026-05-01 22:54:20,45.5263157895,0.0000000285,71188648.0908921361,0.0097422184,75.4577131061,-0.0000000072,outage
20260501_225420,2026-05-01 22:54:20,48.4210526316,0.0000000079,255760925.6522743702,0.0072571994,81.0119475574,-0.0000000020,outage
20260501_225420,2026-05-01 22:54:20,51.3157894737,0.0000000276,73403841.2885757834,0.0054060524,75.5907935242,-0.0000000069,outage
20260501_225420,2026-05-01 22:54:20,54.2105263158,0.0000000091,222122191.5740421414,0.0040270910,80.3995251073,-0.0000000023,outage
20260501_225420,2026-05-01 22:54:20,57.1052631579,0.0000000038,533422023.0896436572,0.0029998714,84.2043150198,-0.0000000010,outage
20260501_225421,2026-05-01 22:54:21,60.0000000000,0.0000000063,321448410.5662224889,0.0022346722,82.0047184302,-0.0000000016,outage
20260501_225421,2026-05-01 22:54:21,5.0000000000,0.0000188684,107374.0311709451,0.6013137742,47.2426385865,-0.0000047069,outage
20260501_225421,2026-05-01 22:54:21,7.8947368421,0.0000099568,203478.5081854376,0.4479322644,50.0188123653,-0.0000024857,outage
20260501_225421,2026-05-01 22:54:21,10.7894736842,0.0000063918,316965.4070598229,0.3336749001,51.9437379486,-0.0000015965,outage
20260501_225422,2026-05-01 22:54:22,13.6842105263,0.0000008090,2504315.3771005003,0.2485619987,60.9204975244,-0.0000002025,outage
20260501_225422,2026-05-01 22:54:22,16.5789473684,0.0000013179,1537237.8572886172,0.1851594687,58.8010191248,-0.0000003298,outage
20260501_225422,2026-05-01 22:54:22,19.4736842105,0.0000002957,6850500.9015976973,0.1379294865,65.2908295014,-0.0000000741,outage
20260501_225422,2026-05-01 22:54:22,22.3684210526,0.0000004978,4070191.1647188426,0.1027468019,63.0297547281,-0.0000001247,outage
20260501_225423,2026-05-01 22:54:23,25.2631578947,0.0000005458,3711809.4266341850,0.0765384224,62.6294634626,-0.0000001367,outage
20260501_225423,2026-05-01 22:54:23,28.1578947368,0.0000002479,8171334.0165849449,0.0570152062,66.0565357544,-0.0000000622,outage
20260501_225423,2026-05-01 22:54:23,31.0526315789,0.0000002512,8065385.2622524630,0.0424719199,65.9998573011,-0.0000000630,outage
20260501_225423,2026-05-01 22:54:23,33.9473684211,0.0000001169,17331451.1599516869,0.0316382961,69.3219551167,-0.0000000293,outage
20260501_225423,2026-05-01 22:54:23,36.8421052632,0.0000000705,28749022.8979707956,0.0235680841,71.5198366284,-0.0000000177,outage
20260501_225424,2026-05-01 22:54:24,39.7368421053,0.0000000710,28516620.4038772210,0.0175564003,71.4845862879,-0.0000000178,outage
20260501_225424,2026-05-01 22:54:24,42.6315789474,0.0000000561,36097431.8287943900,0.0130781606,72.5083687589,-0.0000000141,outage
20260501_225424,2026-05-01 22:54:24,45.5263157895,0.0000000352,57627673.6569492072,0.0097422184,74.5399165462,-0.0000000088,outage
20260501_225424,2026-05-01 22:54:24,48.4210526316,0.0000000192,105530941.6619471014,0.0072571994,77.1674037649,-0.0000000048,outage
20260501_225425,2026-05-01 22:54:25,51.3157894737,0.0000000068,298226601.6039339304,0.0054060524,81.6790694004,-0.0000000017,outage
20260501_225425,2026-05-01 22:54:25,54.2105263158,0.0000000089,227285421.6959123015,0.0040270910,80.4993214144,-0.0000000022,outage
20260501_225425,2026-05-01 22:54:25,57.1052631579,0.0000000066,306315028.0431946516,0.0029998714,81.7952886453,-0.0000000017,outage
20260501_225425,2026-05-01 22:54:25,60.0000000000,0.0000000075,270860394.3236835003,0.0022346722,81.2610606696,-0.0000000019,outage
20260502_153726,2026-05-02 15:37:26,19.0000000000,0.0000009596,2111284.4747876865,0.1737913217,60.1790751867,-0.0000002402,outage
20260502_153727,2026-05-02 15:37:27,5.0000000000,0.0000178944,113218.8959173509,0.6309680826,47.4728330721,-0.0000044642,outage
20260502_153727,2026-05-02 15:37:27,5.0000000000,0.0000000000,2025999999999999.0000000000,0.6309680826,inf,0.0000000000,ok
20260502_153727,2026-05-02 15:37:27,5.0000000000,0.0000095396,212376.6183014876,0.6309680826,50.2046930346,-0.0000023816,outage
20260502_153727,2026-05-02 15:37:27,5.0000000000,0.0000000000,2025999999999999.0000000000,0.6309680826,inf,0.0000000000,ok
20260502_153727,2026-05-02 15:37:27,7.8947368421,0.0000095006,213248.3496184741,0.4833060108,50.2224827265,-0.0000023719,outage
20260502_153727,2026-05-02 15:37:27,7.8947368421,0.0000000000,2025999999999999.0000000000,0.4833060108,inf,0.0000000000,ok
20260502_153727,2026-05-02 15:37:27,7.8947368421,0.0000083138,243691.3805085896,0.4833060108,50.8020250793,-0.0000020759,outage
20260502_153727,2026-05-02 15:37:27,7.8947368421,0.0000000000,2025999999999999.0000000000,0.4833060108,inf,0.0000000000,ok
20260502_153727,2026-05-02 15:37:27,10.7894736842,0.0000034369,589483.2775829852,0.3702005007,54.6383278470,-0.0000008591,outage
20260502_153728,2026-05-02 15:37:28,10.7894736842,0.0000000000,2025999999999999.0000000000,0.3702005007,inf,0.0000000000,ok
20260502_153728,2026-05-02 15:37:28,10.7894736842,0.0000014418,1405200.9002069482,0.3702005007,58.4109928713,-0.0000003607,outage
20260502_153728,2026-05-02 15:37:28,10.7894736842,0.0000000000,2025999999999999.0000000000,0.3702005007,inf,0.0000000000,ok
20260502_153728,2026-05-02 15:37:28,13.6842105263,0.0000027045,749115.4081530052,0.2835644657,55.6790986819,-0.0000006762,outage
20260502_153728,2026-05-02 15:37:28,13.6842105263,0.0000000000,2025999999999999.0000000000,0.2835644657,inf,0.0000000000,ok
20260502_153728,2026-05-02 15:37:28,13.6842105263,0.0000039626,511279.4274633829,0.2835644657,54.0201972594,-0.0000009903,outage
20260502_153728,2026-05-02 15:37:28,13.6842105263,0.0000000000,2025999999999999.0000000000,0.2835644657,inf,0.0000000000,ok
20260502_153728,2026-05-02 15:37:28,16.5789473684,0.0000017412,1163580.4838331477,0.2172033967,57.5915736034,-0.0000004356,outage
20260502_153728,2026-05-02 15:37:28,16.5789473684,0.0000000000,2025999999999999.0000000000,0.2172033967,inf,0.0000000000,ok
20260502_153728,2026-05-02 15:37:28,16.5789473684,0.0000010666,1899554.6791244736,0.2172033967,59.7201258676,-0.0000002669,outage
20260502_153728,2026-05-02 15:37:28,16.5789473684,0.0000000000,2025999999999999.0000000000,0.2172033967,inf,0.0000000000,ok
20260502_153728,2026-05-02 15:37:28,19.4736842105,0.0000011414,1775057.1332644671,0.1663724522,59.4257313958,-0.0000002856,outage
20260502_153729,2026-05-02 15:37:29,19.4736842105,0.0000000000,2025999999999999.0000000000,0.1663724522,inf,0.0000000000,ok
20260502_153729,2026-05-02 15:37:29,19.4736842105,0.0000005889,3440244.2426098725,0.1663724522,62.2994996183,-0.0000001475,outage
20260502_153729,2026-05-02 15:37:29,19.4736842105,0.0000000000,2025999999999999.0000000000,0.1663724522,inf,0.0000000000,ok
20260502_153729,2026-05-02 15:37:29,22.3684210526,0.0000004907,4128942.6364056710,0.1274372007,63.0919951332,-0.0000001229,outage
20260502_153729,2026-05-02 15:37:29,22.3684210526,0.0000000000,2025999999999999.0000000000,0.1274372007,inf,0.0000000000,ok
20260502_153729,2026-05-02 15:37:29,22.3684210526,0.0000006650,3046430.7050030194,0.1274372007,61.7715200540,-0.0000001665,outage
20260502_153729,2026-05-02 15:37:29,22.3684210526,0.0000000000,2025999999999999.0000000000,0.1274372007,inf,0.0000000000,ok
20260502_153729,2026-05-02 15:37:29,25.2631578947,0.0000005914,3425785.6275663618,0.0976137571,62.2812086865,-0.0000001481,outage
20260502_153729,2026-05-02 15:37:29,25.2631578947,0.0000000000,2025999999999999.0000000000,0.0976137571,inf,0.0000000000,ok
20260502_153729,2026-05-02 15:37:29,25.2631578947,0.0000003152,6427315.2831832636,0.0976137571,65.0139023065,-0.0000000790,outage
20260502_153730,2026-05-02 15:37:30,25.2631578947,0.0000000000,2025999999999999.0000000000,0.0976137571,inf,0.0000000000,ok
20260502_153730,2026-05-02 15:37:30,28.1578947368,0.0000002720,7449623.8203172013,0.0747697337,65.6549496019,-0.0000000682,outage
20260502_153730,2026-05-02 15:37:30,28.1578947368,0.0000000000,2025999999999999.0000000000,0.0747697337,inf,0.0000000000,ok
20260502_153730,2026-05-02 15:37:30,28.1578947368,0.0000003424,5916263.4983646795,0.0747697337,64.6540814067,-0.0000000858,outage
20260502_153730,2026-05-02 15:37:30,28.1578947368,0.0000000000,2025999999999999.0000000000,0.0747697337,inf,0.0000000000,ok
20260502_153730,2026-05-02 15:37:30,31.0526315789,0.0000001607,12605580.6440325230,0.0572717745,67.9392344855,-0.0000000403,outage
20260502_153730,2026-05-02 15:37:30,31.0526315789,0.0000000000,2025999999999999.0000000000,0.0572717745,inf,0.0000000000,ok
20260502_153730,2026-05-02 15:37:30,31.0526315789,0.0000002428,8342842.4713036064,0.0572717745,66.1467465435,-0.0000000609,outage
20260502_153730,2026-05-02 15:37:30,31.0526315789,0.0000000000,2025999999999999.0000000000,0.0572717745,inf,0.0000000000,ok
20260502_153730,2026-05-02 15:37:30,33.9473684211,0.0000001739,11653330.8810178563,0.0438687687,67.5981067406,-0.0000000436,outage
20260502_153730,2026-05-02 15:37:30,33.9473684211,0.0000000000,2025999999999999.0000000000,0.0438687687,inf,0.0000000000,ok
20260502_153730,2026-05-02 15:37:30,33.9473684211,0.0000001367,14821056.5187946949,0.0438687687,68.6423975168,-0.0000000343,outage
20260502_153731,2026-05-02 15:37:31,33.9473684211,0.0000000000,2025999999999999.0000000000,0.0438687687,inf,0.0000000000,ok
20260502_153731,2026-05-02 15:37:31,36.8421052632,0.0000001456,13910515.2176458389,0.0336023963,68.3670380586,-0.0000000365,outage
20260502_153731,2026-05-02 15:37:31,36.8421052632,0.0000000000,2025999999999999.0000000000,0.0336023963,inf,0.0000000000,ok
20260502_153731,2026-05-02 15:37:31,36.8421052632,0.0000001549,13079801.2969172373,0.0336023963,68.0996173856,-0.0000000389,outage
20260502_153731,2026-05-02 15:37:31,36.8421052632,0.0000000000,2025999999999999.0000000000,0.0336023963,inf,0.0000000000,ok
20260502_153731,2026-05-02 15:37:31,39.7368421053,0.0000000454,44609045.4223258793,0.0257386080,73.4278349869,-0.0000000114,outage
20260502_153731,2026-05-02 15:37:31,39.7368421053,0.0000000000,2025999999999999.0000000000,0.0257386080,inf,0.0000000000,ok
20260502_153731,2026-05-02 15:37:31,39.7368421053,0.0000000786,25790976.1234865747,0.0257386080,71.0482835520,-0.0000000197,outage
20260502_153731,2026-05-02 15:37:31,39.7368421053,0.0000000000,2025999999999999.0000000000,0.0257386080,inf,0.0000000000,ok
20260502_153731,2026-05-02 15:37:31,42.6315789474,0.0000000508,39846421.0225085691,0.0197151398,72.9374988933,-0.0000000128,outage
20260502_153732,2026-05-02 15:37:32,42.6315789474,0.0000000000,2025999999999999.0000000000,0.0197151398,inf,0.0000000000,ok
20260502_153732,2026-05-02 15:37:32,42.6315789474,0.0000000679,29856653.7562841102,0.0197151398,71.6840170521,-0.0000000170,outage
20260502_153732,2026-05-02 15:37:32,42.6315789474,0.0000000000,2025999999999999.0000000000,0.0197151398,inf,0.0000000000,ok
20260502_153732,2026-05-02 15:37:32,45.5263157895,0.0000000121,167344980.1223465800,0.0151013115,79.1697325085,-0.0000000030,outage
20260502_153732,2026-05-02 15:37:32,45.5263157895,0.0000000000,2025999999999999.0000000000,0.0151013115,inf,0.0000000000,ok
20260502_153732,2026-05-02 15:37:32,45.5263157895,0.0000000236,85965094.6816653013,0.0151013115,76.2768270987,-0.0000000059,outage
20260502_153732,2026-05-02 15:37:32,45.5263157895,0.0000000000,2025999999999999.0000000000,0.0151013115,inf,0.0000000000,ok
20260502_153732,2026-05-02 15:37:32,48.4210526316,0.0000000448,45215873.6086207777,0.0115672327,73.4865149477,-0.0000000113,outage
20260502_153732,2026-05-02 15:37:32,48.4210526316,0.0000000000,2025999999999999.0000000000,0.0115672327,inf,0.0000000000,ok
20260502_153732,2026-05-02 15:37:32,48.4210526316,0.0000000333,60823513.0944961980,0.0115672327,74.7743206698,-0.0000000084,outage
20260502_153732,2026-05-02 15:37:32,48.4210526316,0.0000000000,2025999999999999.0000000000,0.0115672327,inf,0.0000000000,ok
20260502_153732,2026-05-02 15:37:32,51.3157894737,0.0000000224,90506369.8965297937,0.0088602153,76.5003970998,-0.0000000056,outage
20260502_153733,2026-05-02 15:37:33,51.3157894737,0.0000000000,2025999999999999.0000000000,0.0088602153,inf,0.0000000000,ok
20260502_153733,2026-05-02 15:37:33,51.3157894737,0.0000000219,92358847.6975669265,0.0088602153,76.5883906954,-0.0000000055,outage
20260502_153733,2026-05-02 15:37:33,51.3157894737,0.0000000000,2025999999999999.0000000000,0.0088602153,1268.0911001032,0.0000000000,ok
20260502_153733,2026-05-02 15:37:33,54.2105263158,0.0000000208,97596136.1812306494,0.0067867067,76.8279318777,-0.0000000052,outage
20260502_153733,2026-05-02 15:37:33,54.2105263158,0.0000000000,2025999999999999.0000000000,0.0067867067,inf,0.0000000000,ok
20260502_153733,2026-05-02 15:37:33,54.2105263158,0.0000000110,184100914.5947120190,0.0067867067,79.5841650737,-0.0000000028,outage
20260502_153733,2026-05-02 15:37:33,54.2105263158,0.0000000000,2025999999999999.0000000000,0.0067867067,inf,0.0000000000,ok
20260502_153733,2026-05-02 15:37:33,57.1052631579,0.0000000101,200549966.1458318233,0.0051984502,79.9558315415,-0.0000000025,outage
20260502_153733,2026-05-02 15:37:33,57.1052631579,0.0000000000,2025999999999999.0000000000,0.0051984502,inf,0.0000000000,ok
20260502_153733,2026-05-02 15:37:33,57.1052631579,0.0000000155,130324335.0071816146,0.0051984502,78.0838607988,-0.0000000039,outage
20260502_153733,2026-05-02 15:37:33,57.1052631579,0.0000000000,2025999999999999.0000000000,0.0051984502,inf,0.0000000000,ok
20260502_153733,2026-05-02 15:37:33,60.0000000000,0.0000000050,407398391.6029864550,0.0039818848,83.0337987013,-0.0000000013,outage
20260502_153734,2026-05-02 15:37:34,60.0000000000,0.0000000000,2025999999999999.0000000000,0.0039818848,inf,0.0000000000,ok
20260502_153734,2026-05-02 15:37:34,60.0000000000,0.0000000079,256681083.6685445905,0.0039818848,81.0275442481,-0.0000000020,outage
20260502_153734,2026-05-02 15:37:34,60.0000000000,0.0000000000,2025999999999999.0000000000,0.0039818848,inf,0.0000000000,ok
20260502_153735,2026-05-02 15:37:35,19.0000000000,0.0306156824,65.1760358203,0.1737913217,15.1405605659,-0.0069453701,outage
20260502_153735,2026-05-02 15:37:35,19.0000000000,0.0306128456,65.1821680843,0.1737913217,15.1409629952,-0.0069447845,outage
20260502_153735,2026-05-02 15:37:35,19.0000000000,0.0306088688,65.1907665605,0.1737913217,15.1415272066,-0.0069439636,outage
20260502_153735,2026-05-02 15:37:35,19.0000000000,0.0306037753,65.2017826208,0.1737913217,15.1422499469,-0.0069429121,outage
20260502_153735,2026-05-02 15:37:35,19.0000000000,0.0305973139,65.2157628312,0.1737913217,15.1431669858,-0.0069415782,outage
20260502_153735,2026-05-02 15:37:35,19.0000000000,0.0305896897,65.2322662762,0.1737913217,15.1442492883,-0.0069400041,outage
20260502_153736,2026-05-02 15:37:36,19.0000000000,0.0305810056,65.2510740517,0.1737913217,15.1454823810,-0.0069382112,outage
20260502_153736,2026-05-02 15:37:36,19.0000000000,0.0305709076,65.2729572824,0.1737913217,15.1469166689,-0.0069361262,outage
20260502_153736,2026-05-02 15:37:36,19.0000000000,0.0305597427,65.2971696242,0.1737913217,15.1485030615,-0.0069338207,outage
20260502_153736,2026-05-02 15:37:36,19.0000000000,0.0305472914,65.3241926938,0.1737913217,15.1502729290,-0.0069312495,outage
20260502_153736,2026-05-02 15:37:36,19.0000000000,0.0305352211,65.3504095380,0.1737913217,15.1519893040,-0.0069287567,outage
20260502_153737,2026-05-02 15:37:37,19.0000000000,0.0305197841,65.3839694838,0.1737913217,15.1541854306,-0.0069255683,outage
20260502_153737,2026-05-02 15:37:37,19.0000000000,0.0305041374,65.4180199085,0.1737913217,15.1564125192,-0.0069223363,outage
20260502_153737,2026-05-02 15:37:37,19.0000000000,0.0304873047,65.4546902607,0.1737913217,15.1588096892,-0.0069188590,outage
20260502_153737,2026-05-02 15:37:37,19.0000000000,0.0304697212,65.4930395334,0.1737913217,15.1613151970,-0.0069152262,outage
20260502_153737,2026-05-02 15:37:37,19.0000000000,0.0304512861,65.5332936962,0.1737913217,15.1639436046,-0.0069114170,outage
20260502_153738,2026-05-02 15:37:38,19.0000000000,0.0304280415,65.5841192032,0.1737913217,15.1672600008,-0.0069066134,outage
20260502_153738,2026-05-02 15:37:38,19.0000000000,0.0304098946,65.6238523911,0.1737913217,15.1698508535,-0.0069028627,outage
20260502_153738,2026-05-02 15:37:38,19.0000000000,0.0305988016,65.2125433123,0.1737913217,15.1429558170,-0.0069418853,outage
20260502_153738,2026-05-02 15:37:38,19.0000000000,0.0305959743,65.2186618272,0.1737913217,15.1433571226,-0.0069413016,outage
20260502_153738,2026-05-02 15:37:38,19.0000000000,0.0305920205,65.2272200863,0.1737913217,15.1439183858,-0.0069404854,outage
20260502_153738,2026-05-02 15:37:38,19.0000000000,0.0305866409,65.2388680241,0.1737913217,15.1446821580,-0.0069393747,outage
20260502_153739,2026-05-02 15:37:39,19.0000000000,0.0305803056,65.2525904189,0.1737913217,15.1455817832,-0.0069380667,outage
20260502_153739,2026-05-02 15:37:39,19.0000000000,0.0305730307,65.2683552723,0.1737913217,15.1466150797,-0.0069365646,outage
20260502_153739,2026-05-02 15:37:39,19.0000000000,0.0305639648,65.2880115504,0.1737913217,15.1479030927,-0.0069346926,outage
20260502_153739,2026-05-02 15:37:39,19.0000000000,0.0305541744,65.3092517860,0.1737913217,15.1492944681,-0.0069326709,outage
20260502_153739,2026-05-02 15:37:39,19.0000000000,0.0305431361,65.3332156942,0.1737913217,15.1508637270,-0.0069303913,outage
20260502_153740,2026-05-02 15:37:40,19.0000000000,0.0305315508,65.3583857757,0.1737913217,15.1525113610,-0.0069279986,outage
20260502_153740,2026-05-02 15:37:40,19.0000000000,0.0305182325,65.3873446059,0.1737913217,15.1544062335,-0.0069252478,outage
20260502_153740,2026-05-02 15:37:40,19.0000000000,0.0305033279,65.4197823800,0.1737913217,15.1565277637,-0.0069221691,outage
20260502_153740,2026-05-02 15:37:40,19.0000000000,0.0304869023,65.4555674086,0.1737913217,15.1588670129,-0.0069187759,outage
20260502_153740,2026-05-02 15:37:40,19.0000000000,0.0304705438,65.4912443674,0.1737913217,15.1611979440,-0.0069153962,outage
20260502_153741,2026-05-02 15:37:41,19.0000000000,0.0304527642,65.5300643143,0.1737913217,15.1637327999,-0.0069117224,outage
20260502_153741,2026-05-02 15:37:41,19.0000000000,0.0304324401,65.5744955842,0.1737913217,15.1666322479,-0.0069075224,outage
20260502_153741,2026-05-02 15:37:41,19.0000000000,0.0304123061,65.6185695037,0.1737913217,15.1695064653,-0.0069033612,outage
20260502_153741,2026-05-02 15:37:41,19.0000000000,0.0303918691,65.6633665792,0.1737913217,15.1724258942,-0.0068991368,outage
20260502_153741,2026-05-02 15:37:41,19.0000000000,0.0305415354,65.3366921665,0.1737913217,15.1510913342,-0.0069300607,outage
20260502_153742,2026-05-02 15:37:42,19.0000000000,0.0305388834,65.3424528357,0.1737913217,15.1514684631,-0.0069295130,outage
20260502_153742,2026-05-02 15:37:42,19.0000000000,0.0305350354,65.3508132112,0.1737913217,15.1520157265,-0.0069287183,outage
20260502_153742,2026-05-02 15:37:42,19.0000000000,0.0305294097,65.3630395602,0.1737913217,15.1528159293,-0.0069275564,outage
20260502_153742,2026-05-02 15:37:42,19.0000000000,0.0305234694,65.3759544855,0.1737913217,15.1536610387,-0.0069263295,outage
20260502_153742,2026-05-02 15:37:42,19.0000000000,0.0305163489,65.3914421015,0.1737913217,15.1546742795,-0.0069248588,outage
20260502_153743,2026-05-02 15:37:43,19.0000000000,0.0305068934,65.4120197276,0.1737913217,15.1560201567,-0.0069229056,outage
20260502_153743,2026-05-02 15:37:43,19.0000000000,0.0304970385,65.4334800240,0.1737913217,15.1574233206,-0.0069208699,outage
20260502_153743,2026-05-02 15:37:43,19.0000000000,0.0304867746,65.4558456611,0.1737913217,15.1588851972,-0.0069187495,outage
20260502_153743,2026-05-02 15:37:43,19.0000000000,0.0304739870,65.4837319238,0.1737913217,15.1607072273,-0.0069161075,outage
20260502_153743,2026-05-02 15:37:43,19.0000000000,0.0304608084,65.5124950118,0.1737913217,15.1625857469,-0.0069133846,outage
20260502_153743,2026-05-02 15:37:43,19.0000000000,0.0304467968,65.5431036221,0.1737913217,15.1645839057,-0.0069104893,outage
20260502_153744,2026-05-02 15:37:44,19.0000000000,0.0304315930,65.5763487121,0.1737913217,15.1667531353,-0.0069073474,outage
20260502_153744,2026-05-02 15:37:44,19.0000000000,0.0304135463,65.6158530070,0.1737913217,15.1693293678,-0.0069036175,outage
20260502_153744,2026-05-02 15:37:44,19.0000000000,0.0303969426,65.6522401066,0.1737913217,15.1717009643,-0.0069001856,outage
20260502_153744,2026-05-02 15:37:44,19.0000000000,0.0303775155,65.6948652210,0.1737913217,15.1744774887,-0.0068961695,outage
20260502_153744,2026-05-02 15:37:44,19.0000000000,0.0303561735,65.7417547938,0.1737913217,15.1775297434,-0.0068917571,outage
20260502_153745,2026-05-02 15:37:45,19.0000000000,0.0303358373,65.7864957086,0.1737913217,15.1804401337,-0.0068875520,outage
20260502_153745,2026-05-02 15:37:45,19.0000000000,0.0000015191,1333692.3149296592,0.1737913217,58.1841653301,-0.0000003801,outage
20260502_153745,2026-05-02 15:37:45,19.0000000000,0.0000018191,1113757.5685432814,0.1737913217,57.4015161690,-0.0000004550,outage
20260502_153745,2026-05-02 15:37:45,19.0000000000,0.0000023367,867036.9883995051,0.1737913217,56.3139868465,-0.0000005843,outage
20260502_153745,2026-05-02 15:37:45,19.0000000000,0.0000019857,1020311.1153283445,0.1737913217,57.0209360219,-0.0000004966,outage
20260502_153746,2026-05-02 15:37:46,19.0000000000,0.0000016601,1220438.5043706445,0.1737913217,57.7987681555,-0.0000004153,outage
20260502_153746,2026-05-02 15:37:46,19.0000000000,0.0000009241,2192469.7087670504,0.1737913217,60.3429435875,-0.0000002313,outage
20260502_153746,2026-05-02 15:37:46,19.0000000000,0.0000003655,5543650.1077158591,0.1737913217,64.3715644885,-0.0000000916,outage
20260502_153746,2026-05-02 15:37:46,19.0000000000,0.0000010564,1917825.5131960721,0.1737913217,59.7616987708,-0.0000002644,outage
20260502_153746,2026-05-02 15:37:46,19.0000000000,0.0000007871,2573909.0457151984,0.1737913217,61.0395392374,-0.0000001971,outage
20260502_153746,2026-05-02 15:37:46,19.0000000000,0.0000016245,1247151.8024029168,0.1737913217,57.8928022563,-0.0000004064,outage
20260502_153747,2026-05-02 15:37:47,19.0000000000,0.0000013021,1555889.3554298347,0.1737913217,58.8533954748,-0.0000003258,outage
20260502_153747,2026-05-02 15:37:47,19.0000000000,0.0000012818,1580544.6570410444,0.1737913217,58.9216760453,-0.0000003208,outage
20260502_153747,2026-05-02 15:37:47,19.0000000000,0.0000016895,1199189.7812444903,0.1737913217,57.7224883991,-0.0000004226,outage
20260502_153747,2026-05-02 15:37:47,19.0000000000,0.0000003939,5143256.4254666902,0.1737913217,64.0459882067,-0.0000000987,outage
20260502_153747,2026-05-02 15:37:47,19.0000000000,0.0000006129,3305441.9068943616,0.1737913217,62.1259021910,-0.0000001535,outage
20260502_153747,2026-05-02 15:37:47,19.0000000000,0.0000009018,2246627.4130847901,0.1737913217,60.4489180592,-0.0000002258,outage
20260502_153748,2026-05-02 15:37:48,19.0000000000,0.0000015439,1312289.8973682360,0.1737913217,58.1139067509,-0.0000003862,outage
20260502_153748,2026-05-02 15:37:48,19.0000000000,0.0000013214,1533249.2604485904,0.1737913217,58.7897360588,-0.0000003306,outage
20260502_153748,2026-05-02 15:37:48,19.0000000000,0.0000009956,2034964.1225086155,0.1737913217,60.0191752901,-0.0000002492,outage
20260502_153748,2026-05-02 15:37:48,19.0000000000,0.0000021077,961235.0753879505,0.1737913217,56.7619062021,-0.0000005271,outage
20260502_153748,2026-05-02 15:37:48,19.0000000000,0.0000020876,970480.2309122472,0.1737913217,56.8034769918,-0.0000005221,outage
20260502_153749,2026-05-02 15:37:49,19.0000000000,0.0000010597,1911917.1808597380,0.1737913217,59.7482986182,-0.0000002652,outage
20260502_153749,2026-05-02 15:37:49,19.0000000000,0.0000032503,623332.9160412680,0.1737913217,54.8808131622,-0.0000008125,outage
20260502_153749,2026-05-02 15:37:49,19.0000000000,0.0000011517,1759204.2573406238,0.1737913217,59.3867707301,-0.0000002882,outage
20260502_153749,2026-05-02 15:37:49,19.0000000000,0.0000012696,1595722.1512608349,0.1737913217,58.9631810473,-0.0000003177,outage
20260502_153749,2026-05-02 15:37:49,19.0000000000,0.0000013691,1479829.1347961561,0.1737913217,58.6357242565,-0.0000003426,outage
20260502_153750,2026-05-02 15:37:50,19.0000000000,0.0000018457,1097696.3484152434,0.1737913217,57.3384317379,-0.0000004617,outage
20260502_153750,2026-05-02 15:37:50,19.0000000000,0.0000025180,804619.6076835846,0.1737913217,55.9895170993,-0.0000006296,outage
20260502_153750,2026-05-02 15:37:50,19.0000000000,0.0000009378,2160448.8821235197,0.1737913217,60.2790475486,-0.0000002347,outage
20260502_153750,2026-05-02 15:37:50,19.0000000000,0.0000015202,1332753.3585412453,0.1737913217,58.1811067020,-0.0000003803,outage
20260502_153750,2026-05-02 15:37:50,19.0000000000,0.0000011468,1766626.9723839113,0.1737913217,59.4050566145,-0.0000002870,outage
20260502_153751,2026-05-02 15:37:51,19.0000000000,0.0000007892,2567313.3987288913,0.1737913217,61.0283961539,-0.0000001976,outage
20260502_153751,2026-05-02 15:37:51,19.0000000000,0.0000007861,2577125.6676583239,0.1737913217,61.0449632381,-0.0000001968,outage
20260502_153751,2026-05-02 15:37:51,5.0000000000,0.0000190863,106148.6574743130,0.6309680826,47.1927915282,-0.0000047611,outage
20260502_153751,2026-05-02 15:37:51,7.8947368421,0.0000123733,163739.1788570173,0.4833060108,49.0751581730,-0.0000030881,outage
20260502_153752,2026-05-02 15:37:52,10.7894736842,0.0000046100,439482.4434623688,0.3702005007,53.3630307685,-0.0000011519,outage
20260502_153752,2026-05-02 15:37:52,13.6842105263,0.0000041690,485969.0833728520,0.2835644657,53.7997009290,-0.0000010418,outage
20260502_153752,2026-05-02 15:37:52,16.5789473684,0.0000007204,2812167.9526204308,0.2172033967,61.4240196801,-0.0000001804,outage
20260502_153752,2026-05-02 15:37:52,19.4736842105,0.0000008929,2268888.6703396523,0.1663724522,60.4917393671,-0.0000002235,outage
20260502_153752,2026-05-02 15:37:52,22.3684210526,0.0000002205,9186462.4402042329,0.1274372007,66.5650890993,-0.0000000553,outage
20260502_153752,2026-05-02 15:37:52,25.2631578947,0.0000005365,3776097.4833921283,0.0976137571,62.7040387137,-0.0000001344,outage
20260502_153753,2026-05-02 15:37:53,28.1578947368,0.0000003367,6017923.8557253415,0.0747697337,64.7280731943,-0.0000000844,outage
20260502_153753,2026-05-02 15:37:53,31.0526315789,0.0000001589,12753704.8298433535,0.0572717745,67.9899695451,-0.0000000398,outage
20260502_153753,2026-05-02 15:37:53,33.9473684211,0.0000000835,24261252.9407153577,0.0438687687,70.7827380254,-0.0000000210,outage
20260502_153753,2026-05-02 15:37:53,36.8421052632,0.0000000655,30925514.8433030508,0.0336023963,71.8367751144,-0.0000000164,outage
20260502_153753,2026-05-02 15:37:53,39.7368421053,0.0000001244,16284637.0221109763,0.0257386080,69.0513866839,-0.0000000312,outage
20260502_153754,2026-05-02 15:37:54,42.6315789474,0.0000000301,67288555.8058347255,0.0197151398,75.2130177269,-0.0000000076,outage
20260502_153754,2026-05-02 15:37:54,45.5263157895,0.0000000441,45925504.5373099297,0.0151013115,73.5541450459,-0.0000000111,outage
20260502_153754,2026-05-02 15:37:54,48.4210526316,0.0000000126,160462581.9800423384,0.0115672327,78.9873433777,-0.0000000032,outage
20260502_153754,2026-05-02 15:37:54,51.3157894737,0.0000000452,44787286.8023078442,0.0088602153,73.4451532250,-0.0000000114,outage
20260502_153754,2026-05-02 15:37:54,54.2105263158,0.0000000154,131802699.8968035579,0.0067867067,78.1328486887,-0.0000000039,outage
20260502_153754,2026-05-02 15:37:54,57.1052631579,0.0000000066,307822022.8351998329,0.0051984502,81.8166024818,-0.0000000017,outage
20260502_153755,2026-05-02 15:37:55,60.0000000000,0.0000000112,180399951.2686518431,0.0039818848,79.4959697727,-0.0000000028,outage
20260502_153755,2026-05-02 15:37:55,5.0000000000,0.0000197990,102327.6075062896,0.6309680826,47.0335761984,-0.0000049387,outage
20260502_153755,2026-05-02 15:37:55,7.8947368421,0.0000107431,188585.5990832230,0.4833060108,49.6887138577,-0.0000026817,outage
20260502_153755,2026-05-02 15:37:55,10.7894736842,0.0000070915,285692.1150488498,0.3702005007,51.4926033216,-0.0000017711,outage
20260502_153756,2026-05-02 15:37:56,13.6842105263,0.0000009229,2195189.0169017548,0.2835644657,60.3483267780,-0.0000002310,outage
20260502_153756,2026-05-02 15:37:56,16.5789473684,0.0000015460,1310449.6397561301,0.2172033967,58.1078122590,-0.0000003868,outage
20260502_153756,2026-05-02 15:37:56,19.4736842105,0.0000003567,5679341.9255219251,0.1663724522,64.4765865161,-0.0000000894,outage
20260502_153756,2026-05-02 15:37:56,22.3684210526,0.0000006174,3281609.2797305062,0.1274372007,62.0944756234,-0.0000001546,outage
20260502_153756,2026-05-02 15:37:56,25.2631578947,0.0000006961,2910409.6102159764,0.0976137571,61.5731482385,-0.0000001743,outage
20260502_153756,2026-05-02 15:37:56,28.1578947368,0.0000003251,6231000.8780792598,0.0747697337,64.8791844107,-0.0000000815,outage
20260502_153757,2026-05-02 15:37:57,31.0526315789,0.0000003387,5981172.8361634258,0.0572717745,64.7014698380,-0.0000000849,outage
20260502_153757,2026-05-02 15:37:57,33.9473684211,0.0000001621,12499497.6641551405,0.0438687687,67.9025315342,-0.0000000407,outage
20260502_153757,2026-05-02 15:37:57,36.8421052632,0.0000001005,20164019.6576008275,0.0336023963,69.9793769265,-0.0000000252,outage
20260502_153757,2026-05-02 15:37:57,39.7368421053,0.0000001042,19451292.5329675488,0.0257386080,69.8230904665,-0.0000000261,outage
20260502_153757,2026-05-02 15:37:57,42.6315789474,0.0000000846,23945455.6062879376,0.0197151398,70.7258368181,-0.0000000212,outage
20260502_153758,2026-05-02 15:37:58,45.5263157895,0.0000000545,37176994.5654695779,0.0151013115,72.6363484860,-0.0000000137,outage
20260502_153758,2026-05-02 15:37:58,48.4210526316,0.0000000306,66209360.4749928415,0.0115672327,75.1427995852,-0.0000000077,outage
20260502_153758,2026-05-02 15:37:58,51.3157894737,0.0000000111,181962690.1156331301,0.0088602153,79.5334291013,-0.0000000028,outage
20260502_153758,2026-05-02 15:37:58,54.2105263158,0.0000000150,134866453.5340529382,0.0067867067,78.2326449958,-0.0000000038,outage
20260502_153758,2026-05-02 15:37:58,57.1052631579,0.0000000115,176765314.1033845544,0.0051984502,79.4075761073,-0.0000000029,outage
20260502_153759,2026-05-02 15:37:59,60.0000000000,0.0000000133,152009468.1082709134,0.0039818848,78.7523120122,-0.0000000034,outage
20260503_214333,2026-05-03 21:43:33,19.0000000000,0.0000009596,2111284.4747876865,0.1737913217,60.1790751867,-0.0000002402,outage
20260503_214353,2026-05-03 21:43:53,19.0000000000,0.0000009596,2111284.4747876865,0.1737913217,60.1790751867,-0.0000002402,outage
20260503_214355,2026-05-03 21:43:55,5.0000000000,0.0000178944,113218.8959173509,0.6309680826,47.4728330721,-0.0000044642,outage
20260503_214355,2026-05-03 21:43:55,5.0000000000,0.0000000000,2025999999999999.0000000000,0.6309680826,inf,0.0000000000,ok
20260503_214355,2026-05-03 21:43:55,5.0000000000,0.0000095396,212376.6183014876,0.6309680826,50.2046930346,-0.0000023816,outage
20260503_214355,2026-05-03 21:43:55,5.0000000000,0.0000000000,2025999999999999.0000000000,0.6309680826,inf,0.0000000000,ok
20260503_214355,2026-05-03 21:43:55,7.8947368421,0.0000095006,213248.3496184741,0.4833060108,50.2224827265,-0.0000023719,outage
20260503_214355,2026-05-03 21:43:55,7.8947368421,0.0000000000,2025999999999999.0000000000,0.4833060108,inf,0.0000000000,ok
20260503_214355,2026-05-03 21:43:55,7.8947368421,0.0000083138,243691.3805085896,0.4833060108,50.8020250793,-0.0000020759,outage
20260503_214355,2026-05-03 21:43:55,7.8947368421,0.0000000000,2025999999999999.0000000000,0.4833060108,inf,0.0000000000,ok
20260503_214355,2026-05-03 21:43:55,10.7894736842,0.0000034369,589483.2775829852,0.3702005007,54.6383278470,-0.0000008591,outage
20260503_214356,2026-05-03 21:43:56,10.7894736842,0.0000000000,2025999999999999.0000000000,0.3702005007,inf,0.0000000000,ok
20260503_214356,2026-05-03 21:43:56,10.7894736842,0.0000014418,1405200.9002069482,0.3702005007,58.4109928713,-0.0000003607,outage
20260503_214356,2026-05-03 21:43:56,10.7894736842,0.0000000000,2025999999999999.0000000000,0.3702005007,inf,0.0000000000,ok
20260503_214356,2026-05-03 21:43:56,13.6842105263,0.0000027045,749115.4081530052,0.2835644657,55.6790986819,-0.0000006762,outage
20260503_214356,2026-05-03 21:43:56,13.6842105263,0.0000000000,2025999999999999.0000000000,0.2835644657,inf,0.0000000000,ok
20260503_214356,2026-05-03 21:43:56,13.6842105263,0.0000039626,511279.4274633829,0.2835644657,54.0201972594,-0.0000009903,outage
20260503_214356,2026-05-03 21:43:56,13.6842105263,0.0000000000,2025999999999999.0000000000,0.2835644657,inf,0.0000000000,ok
20260503_214356,2026-05-03 21:43:56,16.5789473684,0.0000017412,1163580.4838331477,0.2172033967,57.5915736034,-0.0000004356,outage
20260503_214356,2026-05-03 21:43:56,16.5789473684,0.0000000000,2025999999999999.0000000000,0.2172033967,inf,0.0000000000,ok
20260503_214356,2026-05-03 21:43:56,16.5789473684,0.0000010666,1899554.6791244736,0.2172033967,59.7201258676,-0.0000002669,outage
20260503_214357,2026-05-03 21:43:57,16.5789473684,0.0000000000,2025999999999999.0000000000,0.2172033967,inf,0.0000000000,ok
20260503_214357,2026-05-03 21:43:57,19.4736842105,0.0000011414,1775057.1332644671,0.1663724522,59.4257313958,-0.0000002856,outage
20260503_214357,2026-05-03 21:43:57,19.4736842105,0.0000000000,2025999999999999.0000000000,0.1663724522,inf,0.0000000000,ok
20260503_214357,2026-05-03 21:43:57,19.4736842105,0.0000005889,3440244.2426098725,0.1663724522,62.2994996183,-0.0000001475,outage
20260503_214357,2026-05-03 21:43:57,19.4736842105,0.0000000000,2025999999999999.0000000000,0.1663724522,inf,0.0000000000,ok
20260503_214357,2026-05-03 21:43:57,22.3684210526,0.0000004907,4128942.6364056710,0.1274372007,63.0919951332,-0.0000001229,outage
20260503_214357,2026-05-03 21:43:57,22.3684210526,0.0000000000,2025999999999999.0000000000,0.1274372007,inf,0.0000000000,ok
20260503_214357,2026-05-03 21:43:57,22.3684210526,0.0000006650,3046430.7050030194,0.1274372007,61.7715200540,-0.0000001665,outage
20260503_214357,2026-05-03 21:43:57,22.3684210526,0.0000000000,2025999999999999.0000000000,0.1274372007,inf,0.0000000000,ok
20260503_214357,2026-05-03 21:43:57,25.2631578947,0.0000005914,3425785.6275663618,0.0976137571,62.2812086865,-0.0000001481,outage
20260503_214358,2026-05-03 21:43:58,25.2631578947,0.0000000000,2025999999999999.0000000000,0.0976137571,inf,0.0000000000,ok
20260503_214358,2026-05-03 21:43:58,25.2631578947,0.0000003152,6427315.2831832636,0.0976137571,65.0139023065,-0.0000000790,outage
20260503_214358,2026-05-03 21:43:58,25.2631578947,0.0000000000,2025999999999999.0000000000,0.0976137571,inf,0.0000000000,ok
20260503_214358,2026-05-03 21:43:58,28.1578947368,0.0000002720,7449623.8203172013,0.0747697337,65.6549496019,-0.0000000682,outage
20260503_214358,2026-05-03 21:43:58,28.1578947368,0.0000000000,2025999999999999.0000000000,0.0747697337,inf,0.0000000000,ok
20260503_214358,2026-05-03 21:43:58,28.1578947368,0.0000003424,5916263.4983646795,0.0747697337,64.6540814067,-0.0000000858,outage
20260503_214358,2026-05-03 21:43:58,28.1578947368,0.0000000000,2025999999999999.0000000000,0.0747697337,inf,0.0000000000,ok
20260503_214358,2026-05-03 21:43:58,31.0526315789,0.0000001607,12605580.6440325230,0.0572717745,67.9392344855,-0.0000000403,outage
20260503_214358,2026-05-03 21:43:58,31.0526315789,0.0000000000,2025999999999999.0000000000,0.0572717745,inf,0.0000000000,ok
20260503_214358,2026-05-03 21:43:58,31.0526315789,0.0000002428,8342842.4713036064,0.0572717745,66.1467465435,-0.0000000609,outage
20260503_214359,2026-05-03 21:43:59,31.0526315789,0.0000000000,2025999999999999.0000000000,0.0572717745,inf,0.0000000000,ok
20260503_214359,2026-05-03 21:43:59,33.9473684211,0.0000001739,11653330.8810178563,0.0438687687,67.5981067406,-0.0000000436,outage
20260503_214359,2026-05-03 21:43:59,33.9473684211,0.0000000000,2025999999999999.0000000000,0.0438687687,inf,0.0000000000,ok
20260503_214359,2026-05-03 21:43:59,33.9473684211,0.0000001367,14821056.5187946949,0.0438687687,68.6423975168,-0.0000000343,outage
20260503_214359,2026-05-03 21:43:59,33.9473684211,0.0000000000,2025999999999999.0000000000,0.0438687687,inf,0.0000000000,ok
20260503_214359,2026-05-03 21:43:59,36.8421052632,0.0000001456,13910515.2176458389,0.0336023963,68.3670380586,-0.0000000365,outage
20260503_214359,2026-05-03 21:43:59,36.8421052632,0.0000000000,2025999999999999.0000000000,0.0336023963,inf,0.0000000000,ok
20260503_214359,2026-05-03 21:43:59,36.8421052632,0.0000001549,13079801.2969172373,0.0336023963,68.0996173856,-0.0000000389,outage
20260503_214359,2026-05-03 21:43:59,36.8421052632,0.0000000000,2025999999999999.0000000000,0.0336023963,inf,0.0000000000,ok
20260503_214359,2026-05-03 21:43:59,39.7368421053,0.0000000454,44609045.4223258793,0.0257386080,73.4278349869,-0.0000000114,outage
20260503_214400,2026-05-03 21:44:00,39.7368421053,0.0000000000,2025999999999999.0000000000,0.0257386080,inf,0.0000000000,ok
20260503_214400,2026-05-03 21:44:00,39.7368421053,0.0000000786,25790976.1234865747,0.0257386080,71.0482835520,-0.0000000197,outage
20260503_214400,2026-05-03 21:44:00,39.7368421053,0.0000000000,2025999999999999.0000000000,0.0257386080,inf,0.0000000000,ok
20260503_214400,2026-05-03 21:44:00,42.6315789474,0.0000000508,39846421.0225085691,0.0197151398,72.9374988933,-0.0000000128,outage
20260503_214400,2026-05-03 21:44:00,42.6315789474,0.0000000000,2025999999999999.0000000000,0.0197151398,inf,0.0000000000,ok
20260503_214400,2026-05-03 21:44:00,42.6315789474,0.0000000679,29856653.7562841102,0.0197151398,71.6840170521,-0.0000000170,outage
20260503_214400,2026-05-03 21:44:00,42.6315789474,0.0000000000,2025999999999999.0000000000,0.0197151398,inf,0.0000000000,ok
20260503_214400,2026-05-03 21:44:00,45.5263157895,0.0000000121,167344980.1223465800,0.0151013115,79.1697325085,-0.0000000030,outage
20260503_214400,2026-05-03 21:44:00,45.5263157895,0.0000000000,2025999999999999.0000000000,0.0151013115,inf,0.0000000000,ok
20260503_214400,2026-05-03 21:44:00,45.5263157895,0.0000000236,85965094.6816653013,0.0151013115,76.2768270987,-0.0000000059,outage
20260503_214400,2026-05-03 21:44:00,45.5263157895,0.0000000000,2025999999999999.0000000000,0.0151013115,inf,0.0000000000,ok
20260503_214400,2026-05-03 21:44:00,48.4210526316,0.0000000448,45215873.6086207777,0.0115672327,73.4865149477,-0.0000000113,outage
20260503_214401,2026-05-03 21:44:01,48.4210526316,0.0000000000,2025999999999999.0000000000,0.0115672327,inf,0.0000000000,ok
20260503_214401,2026-05-03 21:44:01,48.4210526316,0.0000000333,60823513.0944961980,0.0115672327,74.7743206698,-0.0000000084,outage
20260503_214401,2026-05-03 21:44:01,48.4210526316,0.0000000000,2025999999999999.0000000000,0.0115672327,inf,0.0000000000,ok
20260503_214401,2026-05-03 21:44:01,51.3157894737,0.0000000224,90506369.8965297937,0.0088602153,76.5003970998,-0.0000000056,outage
20260503_214401,2026-05-03 21:44:01,51.3157894737,0.0000000000,2025999999999999.0000000000,0.0088602153,inf,0.0000000000,ok
20260503_214401,2026-05-03 21:44:01,51.3157894737,0.0000000219,92358847.6975669265,0.0088602153,76.5883906954,-0.0000000055,outage
20260503_214401,2026-05-03 21:44:01,51.3157894737,0.0000000000,2025999999999999.0000000000,0.0088602153,1268.0911001032,0.0000000000,ok
20260503_214401,2026-05-03 21:44:01,54.2105263158,0.0000000208,97596136.1812306494,0.0067867067,76.8279318777,-0.0000000052,outage
20260503_214401,2026-05-03 21:44:01,54.2105263158,0.0000000000,2025999999999999.0000000000,0.0067867067,inf,0.0000000000,ok
20260503_214401,2026-05-03 21:44:01,54.2105263158,0.0000000110,184100914.5947120190,0.0067867067,79.5841650737,-0.0000000028,outage
20260503_214402,2026-05-03 21:44:02,54.2105263158,0.0000000000,2025999999999999.0000000000,0.0067867067,inf,0.0000000000,ok
20260503_214402,2026-05-03 21:44:02,57.1052631579,0.0000000101,200549966.1458318233,0.0051984502,79.9558315415,-0.0000000025,outage
20260503_214402,2026-05-03 21:44:02,57.1052631579,0.0000000000,2025999999999999.0000000000,0.0051984502,inf,0.0000000000,ok
20260503_214402,2026-05-03 21:44:02,57.1052631579,0.0000000155,130324335.0071816146,0.0051984502,78.0838607988,-0.0000000039,outage
20260503_214402,2026-05-03 21:44:02,57.1052631579,0.0000000000,2025999999999999.0000000000,0.0051984502,inf,0.0000000000,ok
20260503_214402,2026-05-03 21:44:02,60.0000000000,0.0000000050,407398391.6029864550,0.0039818848,83.0337987013,-0.0000000013,outage
20260503_214402,2026-05-03 21:44:02,60.0000000000,0.0000000000,2025999999999999.0000000000,0.0039818848,inf,0.0000000000,ok
20260503_214402,2026-05-03 21:44:02,60.0000000000,0.0000000079,256681083.6685445905,0.0039818848,81.0275442481,-0.0000000020,outage
20260503_214402,2026-05-03 21:44:02,60.0000000000,0.0000000000,2025999999999999.0000000000,0.0039818848,inf,0.0000000000,ok
20260503_214402,2026-05-03 21:44:02,19.0000000000,0.0306156824,65.1760358203,0.1737913217,15.1405605659,-0.0069453701,outage
20260503_214403,2026-05-03 21:44:03,19.0000000000,0.0306128456,65.1821680843,0.1737913217,15.1409629952,-0.0069447845,outage
20260503_214403,2026-05-03 21:44:03,19.0000000000,0.0306088688,65.1907665605,0.1737913217,15.1415272066,-0.0069439636,outage
20260503_214403,2026-05-03 21:44:03,19.0000000000,0.0306037753,65.2017826208,0.1737913217,15.1422499469,-0.0069429121,outage
20260503_214403,2026-05-03 21:44:03,19.0000000000,0.0305973139,65.2157628312,0.1737913217,15.1431669858,-0.0069415782,outage
20260503_214403,2026-05-03 21:44:03,19.0000000000,0.0305896897,65.2322662762,0.1737913217,15.1442492883,-0.0069400041,outage
20260503_214404,2026-05-03 21:44:04,19.0000000000,0.0305810056,65.2510740517,0.1737913217,15.1454823810,-0.0069382112,outage
20260503_214404,2026-05-03 21:44:04,19.0000000000,0.0305709076,65.2729572824,0.1737913217,15.1469166689,-0.0069361262,outage
20260503_214404,2026-05-03 21:44:04,19.0000000000,0.0305597427,65.2971696242,0.1737913217,15.1485030615,-0.0069338207,outage
20260503_214404,2026-05-03 21:44:04,19.0000000000,0.0305472914,65.3241926938,0.1737913217,15.1502729290,-0.0069312495,outage
20260503_214405,2026-05-03 21:44:05,19.0000000000,0.0305352211,65.3504095380,0.1737913217,15.1519893040,-0.0069287567,outage
20260503_214405,2026-05-03 21:44:05,19.0000000000,0.0305197841,65.3839694838,0.1737913217,15.1541854306,-0.0069255683,outage
20260503_214405,2026-05-03 21:44:05,19.0000000000,0.0305041374,65.4180199085,0.1737913217,15.1564125192,-0.0069223363,outage
20260503_214405,2026-05-03 21:44:05,19.0000000000,0.0304873047,65.4546902607,0.1737913217,15.1588096892,-0.0069188590,outage
20260503_214405,2026-05-03 21:44:05,19.0000000000,0.0304697212,65.4930395334,0.1737913217,15.1613151970,-0.0069152262,outage
20260503_214406,2026-05-03 21:44:06,19.0000000000,0.0304512861,65.5332936962,0.1737913217,15.1639436046,-0.0069114170,outage
20260503_214406,2026-05-03 21:44:06,19.0000000000,0.0304280415,65.5841192032,0.1737913217,15.1672600008,-0.0069066134,outage
20260503_214406,2026-05-03 21:44:06,19.0000000000,0.0304098946,65.6238523911,0.1737913217,15.1698508535,-0.0069028627,outage
20260503_214406,2026-05-03 21:44:06,19.0000000000,0.0305988016,65.2125433123,0.1737913217,15.1429558170,-0.0069418853,outage
20260503_214406,2026-05-03 21:44:06,19.0000000000,0.0305959743,65.2186618272,0.1737913217,15.1433571226,-0.0069413016,outage
20260503_214407,2026-05-03 21:44:07,19.0000000000,0.0305920205,65.2272200863,0.1737913217,15.1439183858,-0.0069404854,outage
20260503_214407,2026-05-03 21:44:07,19.0000000000,0.0305866409,65.2388680241,0.1737913217,15.1446821580,-0.0069393747,outage
20260503_214407,2026-05-03 21:44:07,19.0000000000,0.0305803056,65.2525904189,0.1737913217,15.1455817832,-0.0069380667,outage
20260503_214407,2026-05-03 21:44:07,19.0000000000,0.0305730307,65.2683552723,0.1737913217,15.1466150797,-0.0069365646,outage
20260503_214407,2026-05-03 21:44:07,19.0000000000,0.0305639648,65.2880115504,0.1737913217,15.1479030927,-0.0069346926,outage
20260503_214408,2026-05-03 21:44:08,19.0000000000,0.0305541744,65.3092517860,0.1737913217,15.1492944681,-0.0069326709,outage
20260503_214408,2026-05-03 21:44:08,19.0000000000,0.0305431361,65.3332156942,0.1737913217,15.1508637270,-0.0069303913,outage
20260503_214408,2026-05-03 21:44:08,19.0000000000,0.0305315508,65.3583857757,0.1737913217,15.1525113610,-0.0069279986,outage
20260503_214408,2026-05-03 21:44:08,19.0000000000,0.0305182325,65.3873446059,0.1737913217,15.1544062335,-0.0069252478,outage
20260503_214409,2026-05-03 21:44:09,19.0000000000,0.0305033279,65.4197823800,0.1737913217,15.1565277637,-0.0069221691,outage
20260503_214409,2026-05-03 21:44:09,19.0000000000,0.0304869023,65.4555674086,0.1737913217,15.1588670129,-0.0069187759,outage
20260503_214409,2026-05-03 21:44:09,19.0000000000,0.0304705438,65.4912443674,0.1737913217,15.1611979440,-0.0069153962,outage
20260503_214409,2026-05-03 21:44:09,19.0000000000,0.0304527642,65.5300643143,0.1737913217,15.1637327999,-0.0069117224,outage
20260503_214409,2026-05-03 21:44:09,19.0000000000,0.0304324401,65.5744955842,0.1737913217,15.1666322479,-0.0069075224,outage
20260503_214410,2026-05-03 21:44:10,19.0000000000,0.0304123061,65.6185695037,0.1737913217,15.1695064653,-0.0069033612,outage
20260503_214410,2026-05-03 21:44:10,19.0000000000,0.0303918691,65.6633665792,0.1737913217,15.1724258942,-0.0068991368,outage
20260503_214410,2026-05-03 21:44:10,19.0000000000,0.0305415354,65.3366921665,0.1737913217,15.1510913342,-0.0069300607,outage
20260503_214410,2026-05-03 21:44:10,19.0000000000,0.0305388834,65.3424528357,0.1737913217,15.1514684631,-0.0069295130,outage
20260503_214411,2026-05-03 21:44:11,19.0000000000,0.0305350354,65.3508132112,0.1737913217,15.1520157265,-0.0069287183,outage
20260503_214411,2026-05-03 21:44:11,19.0000000000,0.0305294097,65.3630395602,0.1737913217,15.1528159293,-0.0069275564,outage
20260503_214411,2026-05-03 21:44:11,19.0000000000,0.0305234694,65.3759544855,0.1737913217,15.1536610387,-0.0069263295,outage
20260503_214411,2026-05-03 21:44:11,19.0000000000,0.0305163489,65.3914421015,0.1737913217,15.1546742795,-0.0069248588,outage
20260503_214411,2026-05-03 21:44:11,19.0000000000,0.0305068934,65.4120197276,0.1737913217,15.1560201567,-0.0069229056,outage
20260503_214412,2026-05-03 21:44:12,19.0000000000,0.0304970385,65.4334800240,0.1737913217,15.1574233206,-0.0069208699,outage
20260503_214412,2026-05-03 21:44:12,19.0000000000,0.0304867746,65.4558456611,0.1737913217,15.1588851972,-0.0069187495,outage
20260503_214412,2026-05-03 21:44:12,19.0000000000,0.0304739870,65.4837319238,0.1737913217,15.1607072273,-0.0069161075,outage
20260503_214412,2026-05-03 21:44:12,19.0000000000,0.0304608084,65.5124950118,0.1737913217,15.1625857469,-0.0069133846,outage
20260503_214412,2026-05-03 21:44:12,19.0000000000,0.0304467968,65.5431036221,0.1737913217,15.1645839057,-0.0069104893,outage
20260503_214413,2026-05-03 21:44:13,19.0000000000,0.0304315930,65.5763487121,0.1737913217,15.1667531353,-0.0069073474,outage
20260503_214413,2026-05-03 21:44:13,19.0000000000,0.0304135463,65.6158530070,0.1737913217,15.1693293678,-0.0069036175,outage
20260503_214413,2026-05-03 21:44:13,19.0000000000,0.0303969426,65.6522401066,0.1737913217,15.1717009643,-0.0069001856,outage
20260503_214413,2026-05-03 21:44:13,19.0000000000,0.0303775155,65.6948652210,0.1737913217,15.1744774887,-0.0068961695,outage
20260503_214413,2026-05-03 21:44:13,19.0000000000,0.0303561735,65.7417547938,0.1737913217,15.1775297434,-0.0068917571,outage
20260503_214414,2026-05-03 21:44:14,19.0000000000,0.0303358373,65.7864957086,0.1737913217,15.1804401337,-0.0068875520,outage
20260503_214414,2026-05-03 21:44:14,19.0000000000,0.0000015191,1333692.3149296592,0.1737913217,58.1841653301,-0.0000003801,outage
20260503_214414,2026-05-03 21:44:14,19.0000000000,0.0000018191,1113757.5685432814,0.1737913217,57.4015161690,-0.0000004550,outage
20260503_214414,2026-05-03 21:44:14,19.0000000000,0.0000023367,867036.9883995051,0.1737913217,56.3139868465,-0.0000005843,outage
20260503_214415,2026-05-03 21:44:15,19.0000000000,0.0000019857,1020311.1153283445,0.1737913217,57.0209360219,-0.0000004966,outage
20260503_214415,2026-05-03 21:44:15,19.0000000000,0.0000016601,1220438.5043706445,0.1737913217,57.7987681555,-0.0000004153,outage
20260503_214415,2026-05-03 21:44:15,19.0000000000,0.0000009241,2192469.7087670504,0.1737913217,60.3429435875,-0.0000002313,outage
20260503_214415,2026-05-03 21:44:15,19.0000000000,0.0000003655,5543650.1077158591,0.1737913217,64.3715644885,-0.0000000916,outage
20260503_214415,2026-05-03 21:44:15,19.0000000000,0.0000010564,1917825.5131960721,0.1737913217,59.7616987708,-0.0000002644,outage
20260503_214415,2026-05-03 21:44:15,19.0000000000,0.0000007871,2573909.0457151984,0.1737913217,61.0395392374,-0.0000001971,outage
20260503_214416,2026-05-03 21:44:16,19.0000000000,0.0000016245,1247151.8024029168,0.1737913217,57.8928022563,-0.0000004064,outage
20260503_214416,2026-05-03 21:44:16,19.0000000000,0.0000013021,1555889.3554298347,0.1737913217,58.8533954748,-0.0000003258,outage
20260503_214416,2026-05-03 21:44:16,19.0000000000,0.0000012818,1580544.6570410444,0.1737913217,58.9216760453,-0.0000003208,outage
20260503_214416,2026-05-03 21:44:16,19.0000000000,0.0000016895,1199189.7812444903,0.1737913217,57.7224883991,-0.0000004226,outage
20260503_214416,2026-05-03 21:44:16,19.0000000000,0.0000003939,5143256.4254666902,0.1737913217,64.0459882067,-0.0000000987,outage
20260503_214417,2026-05-03 21:44:17,19.0000000000,0.0000006129,3305441.9068943616,0.1737913217,62.1259021910,-0.0000001535,outage
20260503_214417,2026-05-03 21:44:17,19.0000000000,0.0000009018,2246627.4130847901,0.1737913217,60.4489180592,-0.0000002258,outage
20260503_214417,2026-05-03 21:44:17,19.0000000000,0.0000015439,1312289.8973682360,0.1737913217,58.1139067509,-0.0000003862,outage
20260503_214417,2026-05-03 21:44:17,19.0000000000,0.0000013214,1533249.2604485904,0.1737913217,58.7897360588,-0.0000003306,outage
20260503_214417,2026-05-03 21:44:17,19.0000000000,0.0000009956,2034964.1225086155,0.1737913217,60.0191752901,-0.0000002492,outage
20260503_214418,2026-05-03 21:44:18,19.0000000000,0.0000021077,961235.0753879505,0.1737913217,56.7619062021,-0.0000005271,outage
20260503_214418,2026-05-03 21:44:18,19.0000000000,0.0000020876,970480.2309122472,0.1737913217,56.8034769918,-0.0000005221,outage
20260503_214418,2026-05-03 21:44:18,19.0000000000,0.0000010597,1911917.1808597380,0.1737913217,59.7482986182,-0.0000002652,outage
20260503_214418,2026-05-03 21:44:18,19.0000000000,0.0000032503,623332.9160412680,0.1737913217,54.8808131622,-0.0000008125,outage
20260503_214418,2026-05-03 21:44:18,19.0000000000,0.0000011517,1759204.2573406238,0.1737913217,59.3867707301,-0.0000002882,outage
20260503_214418,2026-05-03 21:44:18,19.0000000000,0.0000012696,1595722.1512608349,0.1737913217,58.9631810473,-0.0000003177,outage
20260503_214419,2026-05-03 21:44:19,19.0000000000,0.0000013691,1479829.1347961561,0.1737913217,58.6357242565,-0.0000003426,outage
20260503_214419,2026-05-03 21:44:19,19.0000000000,0.0000018457,1097696.3484152434,0.1737913217,57.3384317379,-0.0000004617,outage
20260503_214419,2026-05-03 21:44:19,19.0000000000,0.0000025180,804619.6076835846,0.1737913217,55.9895170993,-0.0000006296,outage
20260503_214419,2026-05-03 21:44:19,19.0000000000,0.0000009378,2160448.8821235197,0.1737913217,60.2790475486,-0.0000002347,outage
20260503_214419,2026-05-03 21:44:19,19.0000000000,0.0000015202,1332753.3585412453,0.1737913217,58.1811067020,-0.0000003803,outage
20260503_214420,2026-05-03 21:44:20,19.0000000000,0.0000011468,1766626.9723839113,0.1737913217,59.4050566145,-0.0000002870,outage
20260503_214420,2026-05-03 21:44:20,19.0000000000,0.0000007892,2567313.3987288913,0.1737913217,61.0283961539,-0.0000001976,outage
20260503_214420,2026-05-03 21:44:20,19.0000000000,0.0000007861,2577125.6676583239,0.1737913217,61.0449632381,-0.0000001968,outage
20260503_214420,2026-05-03 21:44:20,5.0000000000,0.0000190863,106148.6574743130,0.6309680826,47.1927915282,-0.0000047611,outage
20260503_214420,2026-05-03 21:44:20,7.8947368421,0.0000123733,163739.1788570173,0.4833060108,49.0751581730,-0.0000030881,outage
20260503_214421,2026-05-03 21:44:21,10.7894736842,0.0000046100,439482.4434623688,0.3702005007,53.3630307685,-0.0000011519,outage
20260503_214421,2026-05-03 21:44:21,13.6842105263,0.0000041690,485969.0833728520,0.2835644657,53.7997009290,-0.0000010418,outage
20260503_214421,2026-05-03 21:44:21,16.5789473684,0.0000007204,2812167.9526204308,0.2172033967,61.4240196801,-0.0000001804,outage
20260503_214421,2026-05-03 21:44:21,19.4736842105,0.0000008929,2268888.6703396523,0.1663724522,60.4917393671,-0.0000002235,outage
20260503_214421,2026-05-03 21:44:21,22.3684210526,0.0000002205,9186462.4402042329,0.1274372007,66.5650890993,-0.0000000553,outage
20260503_214422,2026-05-03 21:44:22,25.2631578947,0.0000005365,3776097.4833921283,0.0976137571,62.7040387137,-0.0000001344,outage
20260503_214422,2026-05-03 21:44:22,28.1578947368,0.0000003367,6017923.8557253415,0.0747697337,64.7280731943,-0.0000000844,outage
20260503_214422,2026-05-03 21:44:22,31.0526315789,0.0000001589,12753704.8298433535,0.0572717745,67.9899695451,-0.0000000398,outage
20260503_214422,2026-05-03 21:44:22,33.9473684211,0.0000000835,24261252.9407153577,0.0438687687,70.7827380254,-0.0000000210,outage
20260503_214422,2026-05-03 21:44:22,36.8421052632,0.0000000655,30925514.8433030508,0.0336023963,71.8367751144,-0.0000000164,outage
20260503_214422,2026-05-03 21:44:22,39.7368421053,0.0000001244,16284637.0221109763,0.0257386080,69.0513866839,-0.0000000312,outage
20260503_214423,2026-05-03 21:44:23,42.6315789474,0.0000000301,67288555.8058347255,0.0197151398,75.2130177269,-0.0000000076,outage
20260503_214423,2026-05-03 21:44:23,45.5263157895,0.0000000441,45925504.5373099297,0.0151013115,73.5541450459,-0.0000000111,outage
20260503_214423,2026-05-03 21:44:23,48.4210526316,0.0000000126,160462581.9800423384,0.0115672327,78.9873433777,-0.0000000032,outage
20260503_214423,2026-05-03 21:44:23,51.3157894737,0.0000000452,44787286.8023078442,0.0088602153,73.4451532250,-0.0000000114,outage
20260503_214423,2026-05-03 21:44:23,54.2105263158,0.0000000154,131802699.8968035579,0.0067867067,78.1328486887,-0.0000000039,outage
20260503_214424,2026-05-03 21:44:24,57.1052631579,0.0000000066,307822022.8351998329,0.0051984502,81.8166024818,-0.0000000017,outage
20260503_214424,2026-05-03 21:44:24,60.0000000000,0.0000000112,180399951.2686518431,0.0039818848,79.4959697727,-0.0000000028,outage
20260503_214424,2026-05-03 21:44:24,5.0000000000,0.0000197990,102327.6075062896,0.6309680826,47.0335761984,-0.0000049387,outage
20260503_214424,2026-05-03 21:44:24,7.8947368421,0.0000107431,188585.5990832230,0.4833060108,49.6887138577,-0.0000026817,outage
20260503_214424,2026-05-03 21:44:24,10.7894736842,0.0000070915,285692.1150488498,0.3702005007,51.4926033216,-0.0000017711,outage
20260503_214425,2026-05-03 21:44:25,13.6842105263,0.0000009229,2195189.0169017548,0.2835644657,60.3483267780,-0.0000002310,outage
20260503_214425,2026-05-03 21:44:25,16.5789473684,0.0000015460,1310449.6397561301,0.2172033967,58.1078122590,-0.0000003868,outage
20260503_214425,2026-05-03 21:44:25,19.4736842105,0.0000003567,5679341.9255219251,0.1663724522,64.4765865161,-0.0000000894,outage
20260503_214425,2026-05-03 21:44:25,22.3684210526,0.0000006174,3281609.2797305062,0.1274372007,62.0944756234,-0.0000001546,outage
20260503_214425,2026-05-03 21:44:25,25.2631578947,0.0000006961,2910409.6102159764,0.0976137571,61.5731482385,-0.0000001743,outage
20260503_214426,2026-05-03 21:44:26,28.1578947368,0.0000003251,6231000.8780792598,0.0747697337,64.8791844107,-0.0000000815,outage
20260503_214426,2026-05-03 21:44:26,31.0526315789,0.0000003387,5981172.8361634258,0.0572717745,64.7014698380,-0.0000000849,outage
20260503_214426,2026-05-03 21:44:26,33.9473684211,0.0000001621,12499497.6641551405,0.0438687687,67.9025315342,-0.0000000407,outage
20260503_214426,2026-05-03 21:44:26,36.8421052632,0.0000001005,20164019.6576008275,0.0336023963,69.9793769265,-0.0000000252,outage
20260503_214426,2026-05-03 21:44:26,39.7368421053,0.0000001042,19451292.5329675488,0.0257386080,69.8230904665,-0.0000000261,outage
20260503_214427,2026-05-03 21:44:27,42.6315789474,0.0000000846,23945455.6062879376,0.0197151398,70.7258368181,-0.0000000212,outage
20260503_214427,2026-05-03 21:44:27,45.5263157895,0.0000000545,37176994.5654695779,0.0151013115,72.6363484860,-0.0000000137,outage
20260503_214427,2026-05-03 21:44:27,48.4210526316,0.0000000306,66209360.4749928415,0.0115672327,75.1427995852,-0.0000000077,outage
20260503_214427,2026-05-03 21:44:27,51.3157894737,0.0000000111,181962690.1156331301,0.0088602153,79.5334291013,-0.0000000028,outage
20260503_214427,2026-05-03 21:44:27,54.2105263158,0.0000000150,134866453.5340529382,0.0067867067,78.2326449958,-0.0000000038,outage
20260503_214428,2026-05-03 21:44:28,57.1052631579,0.0000000115,176765314.1033845544,0.0051984502,79.4075761073,-0.0000000029,outage
20260503_214428,2026-05-03 21:44:28,60.0000000000,0.0000000133,152009468.1082709134,0.0039818848,78.7523120122,-0.0000000034,outage
20260506_000606,2026-05-06 00:06:06,20.0000000000,0.0821510958,11.6846588471,0.1578042402,10.8538663912,-1.8204074020,outage
20260506_000607,2026-05-06 00:06:07,5.0000000000,0.5950218629,0.7599140424,0.6302743993,2.2546707669,-0.7388491820,outage
20260506_000607,2026-05-06 00:06:07,5.0000000000,0.6302741175,0.6620385090,0.6302743993,2.0047052698,-0.6561459785,outage
20260506_000607,2026-05-06 00:06:07,5.0000000000,0.5947035143,0.7608507824,0.6302743993,2.2569949508,-0.7395850172,outage
20260506_000607,2026-05-06 00:06:07,5.0000000000,0.6302741175,0.6620385090,0.6302743993,2.0047052698,-0.6561459785,outage
20260506_000607,2026-05-06 00:06:07,7.8947368421,0.4402899349,1.3748896577,0.4824673132,3.5626124248,-1.0790571495,outage
20260506_000607,2026-05-06 00:06:07,7.8947368421,0.4824505771,1.1682254490,0.4824673132,3.1654716976,-0.9892264339,outage
20260506_000607,2026-05-06 00:06:07,7.8947368421,0.4402458435,1.3751265058,0.4824673132,3.5630473570,-1.0791502571,outage
20260506_000607,2026-05-06 00:06:07,7.8947368421,0.4824505771,1.1682254490,0.4824673132,3.1654716976,-0.9892264339,outage
20260506_000607,2026-05-06 00:06:07,10.7894736842,0.3157797086,2.3073528223,0.3693228037,5.0061578035,-1.3372317710,outage
20260506_000608,2026-05-06 00:06:08,10.7894736842,0.3690400524,1.8314745434,0.3693228037,4.3292649670,-1.2277362542,outage
20260506_000608,2026-05-06 00:06:08,10.7894736842,0.3155716783,2.3095264942,0.3693228037,5.0090198045,-1.3376578053,outage
20260506_000608,2026-05-06 00:06:08,10.7894736842,0.3690400524,1.8314745434,0.3693228037,4.3292649670,-1.2277362542,outage
20260506_000608,2026-05-06 00:06:08,13.6842105263,0.2167426552,3.8140249045,0.2827120711,6.6405561064,-1.5397877275,outage
20260506_000608,2026-05-06 00:06:08,13.6842105263,0.2810633719,2.7146346747,0.2827120711,5.5119574781,-1.4082347981,outage
20260506_000608,2026-05-06 00:06:08,13.6842105263,0.2166135328,3.8168885630,0.2827120711,6.6431441458,-1.5400524904,outage
20260506_000608,2026-05-06 00:06:08,13.6842105263,0.2810633719,2.7146346747,0.2827120711,5.5119574781,-1.4082347981,outage
20260506_000608,2026-05-06 00:06:08,16.5789473684,0.1412693417,6.3805809096,0.2164126189,8.4995207845,-1.6956869090,outage
20260506_000608,2026-05-06 00:06:08,16.5789473684,0.2116237050,3.9302291087,0.2164126189,6.7443568648,-1.5502875836,outage
20260506_000608,2026-05-06 00:06:08,16.5789473684,0.1418757139,6.3490792882,0.2164126189,8.4809194014,-1.6944221626,outage
20260506_000609,2026-05-06 00:06:09,16.5789473684,0.2116237050,3.9302291087,0.2164126189,6.7443568648,-1.5502875836,outage
20260506_000609,2026-05-06 00:06:09,19.4736842105,0.0895651472,10.6354720215,0.1656612023,10.4786095578,-1.8045916716,outage
20260506_000609,2026-05-06 00:06:09,19.4736842105,0.1566520854,5.6568129707,0.1656612023,8.0506381917,-1.6636761627,outage
20260506_000609,2026-05-06 00:06:09,19.4736842105,0.0896991252,10.6181077887,0.1656612023,10.4721179263,-1.8043063846,outage
20260506_000609,2026-05-06 00:06:09,19.4736842105,0.1566520854,5.6568129707,0.1656612023,8.0506381917,-1.6636761627,outage
20260506_000609,2026-05-06 00:06:09,22.3684210526,0.0555246146,17.7627121160,0.1268116161,12.5551444705,-1.8777037560,outage
20260506_000609,2026-05-06 00:06:09,22.3684210526,0.1139154633,8.1504369779,0.1268116161,9.4341731908,-1.7530217600,outage
20260506_000609,2026-05-06 00:06:09,22.3684210526,0.0554675406,17.7820079397,0.1268116161,12.5596108971,-1.8778274617,outage
20260506_000609,2026-05-06 00:06:09,22.3684210526,0.1139154633,8.1504369779,0.1268116161,9.4341731908,-1.7530217600,outage
20260506_000609,2026-05-06 00:06:09,25.2631578947,0.0341410416,29.5081062224,0.0970727349,14.6672323318,-1.9243409437,outage
20260506_000610,2026-05-06 00:06:10,25.2631578947,0.0816000095,11.7702572612,0.0970727349,10.8830979082,-1.8215852639,outage
20260506_000610,2026-05-06 00:06:10,25.2631578947,0.0342022811,29.4534990976,0.0970727349,14.6594492814,-1.9242065295,outage
20260506_000610,2026-05-06 00:06:10,25.2631578947,0.0816000095,11.7702572612,0.0970727349,10.8830979082,-1.8215852639,outage
20260506_000610,2026-05-06 00:06:10,28.1578947368,0.0209026804,48.8235690271,0.0743079866,16.7979801953,-1.9535161490,outage
20260506_000610,2026-05-06 00:06:10,28.1578947368,0.0578039544,17.0232505559,0.0743079866,12.3804245038,-1.8727666270,outage
20260506_000610,2026-05-06 00:06:10,28.1578947368,0.0208367239,48.9812487205,0.0743079866,16.8117056255,-1.9536620962,outage
20260506_000610,2026-05-06 00:06:10,28.1578947368,0.0578039544,17.0232505559,0.0743079866,12.3804245038,-1.8727666270,outage
20260506_000610,2026-05-06 00:06:10,31.0526315789,0.0129632095,79.3324784174,0.0568818513,18.8728746101,-1.9711252331,outage
20260506_000610,2026-05-06 00:06:10,31.0526315789,0.0406433385,24.6288874294,0.0568818513,13.9101062587,-1.9100969018,outage
20260506_000610,2026-05-06 00:06:10,31.0526315789,0.0129223538,79.5864281749,0.0568818513,18.8865837238,-1.9712160535,outage
20260506_000611,2026-05-06 00:06:11,31.0526315789,0.0406433385,24.6288874294,0.0568818513,13.9101062587,-1.9100969018,outage
20260506_000611,2026-05-06 00:06:11,33.9473684211,0.0080116328,128.9756556081,0.0435423586,20.9627896240,-1.9821461427,outage
20260506_000611,2026-05-06 00:06:11,33.9473684211,0.0284498828,35.6089948363,0.0435423586,15.4591951847,-1.9368544094,outage
20260506_000611,2026-05-06 00:06:11,33.9473684211,0.0080362464,128.5775949125,0.0435423586,20.9494675777,-1.9820912964,outage
20260506_000611,2026-05-06 00:06:11,33.9473684211,0.0284498828,35.6089948363,0.0435423586,15.4591951847,-1.9368544094,outage
20260506_000611,2026-05-06 00:06:11,36.8421052632,0.0050525434,205.0917769247,0.0333311409,22.9648995085,-1.9887433608,outage
20260506_000611,2026-05-06 00:06:11,36.8421052632,0.0198699912,51.4124948660,0.0333311409,17.0180232458,-1.9558019272,outage
20260506_000611,2026-05-06 00:06:11,36.8421052632,0.0050346417,205.8245429734,0.0333311409,22.9803143509,-1.9887832889,outage
20260506_000611,2026-05-06 00:06:11,36.8421052632,0.0198699912,51.4124948660,0.0333311409,17.0180232458,-1.9558019272,outage
20260506_000611,2026-05-06 00:06:11,39.7368421053,0.0031932446,325.0849660013,0.0255145790,24.9576781815,-1.9928907143,outage
20260506_000612,2026-05-06 00:06:12,39.7368421053,0.0138685692,74.0889140504,0.0255145790,18.5796834280,-1.9691131766,outage
20260506_000612,2026-05-06 00:06:12,39.7368421053,0.0031984565,324.5536176697,0.0255145790,24.9505954584,-1.9928790887,outage
20260506_000612,2026-05-06 00:06:12,39.7368421053,0.0138685692,74.0889140504,0.0255145790,18.5796834280,-1.9691131766,outage
20260506_000612,2026-05-06 00:06:12,42.6315789474,0.0020438356,508.4624773634,0.0195310969,26.8955403895,-1.9954540587,outage
20260506_000612,2026-05-06 00:06:12,42.6315789474,0.0096841463,106.5297628356,0.0195310969,20.1393865824,-1.9784206137,outage
20260506_000612,2026-05-06 00:06:12,42.6315789474,0.0020462439,507.8628949814,0.0195310969,26.8904261015,-1.9954486895,outage
20260506_000612,2026-05-06 00:06:12,42.6315789474,0.0096841463,106.5297628356,0.0195310969,20.1393865824,-1.9784206137,outage
20260506_000612,2026-05-06 00:06:12,45.5263157895,0.0013124624,792.3562687279,0.0149508149,28.8191314399,-1.9970840744,outage
20260506_000612,2026-05-06 00:06:12,45.5263157895,0.0067703377,152.8039709801,0.0149508149,21.6938967110,-1.9849128019,outage
20260506_000612,2026-05-06 00:06:12,45.5263157895,0.0013105307,793.5256402114,0.0149508149,28.8255281129,-1.9970883776,outage
20260506_000613,2026-05-06 00:06:13,45.5263157895,0.0067703377,152.8039709801,0.0149508149,21.6938967110,-1.9849128019,outage
20260506_000613,2026-05-06 00:06:13,48.4210526316,0.0008565548,1214.6206676752,0.0114446652,30.6724486309,-1.9980992379,outage
20260506_000613,2026-05-06 00:06:13,48.4210526316,0.0047412294,218.6233174484,0.0114446652,23.2410903287,-1.9894377358,outage
20260506_000613,2026-05-06 00:06:13,48.4210526316,0.0008480764,1226.7733371346,0.0114446652,30.7156502103,-1.9981181060,outage
20260506_000613,2026-05-06 00:06:13,48.4210526316,0.0047412294,218.6233174484,0.0114446652,23.2410903287,-1.9894377358,outage
20260506_000613,2026-05-06 00:06:13,51.3157894737,0.0005540686,1878.2666739060,0.0087607507,32.5643646174,-1.9987720589,outage
20260506_000613,2026-05-06 00:06:13,51.3157894737,0.0033268787,311.9871807186,0.0087607507,24.7796303461,-1.9925926332,outage
20260506_000613,2026-05-06 00:06:13,51.3157894737,0.0005620914,1851.4437078212,0.0087607507,32.5019303552,-1.9987542246,outage
20260506_000613,2026-05-06 00:06:13,51.3157894737,0.0033268787,311.9871807186,0.0087607507,24.7796303461,-1.9925926332,outage
20260506_000613,2026-05-06 00:06:13,54.2105263158,0.0003629016,2868.2094566133,0.0067062471,34.4021110040,-1.9991967692,outage
20260506_000614,2026-05-06 00:06:14,54.2105263158,0.0023395208,444.0742629356,0.0067062471,26.3087308388,-1.9947947653,outage
20260506_000614,2026-05-06 00:06:14,54.2105263158,0.0003686824,2823.2214147388,0.0067062471,34.3334756448,-1.9991839343,outage
20260506_000614,2026-05-06 00:06:14,54.2105263158,0.0023395208,444.0742629356,0.0067062471,26.3087308388,-1.9947947653,outage
20260506_000614,2026-05-06 00:06:14,57.1052631579,0.0002417253,4306.5325363067,0.0051335498,36.1667791877,-1.9994656560,outage
20260506_000614,2026-05-06 00:06:14,57.1052631579,0.0016489256,630.4739880671,0.0051335498,27.8279894858,-1.9963343608,outage
20260506_000614,2026-05-06 00:06:14,57.1052631579,0.0002451155,4246.9550122537,0.0051335498,36.1062924685,-1.9994581380,outage
20260506_000614,2026-05-06 00:06:14,57.1052631579,0.0016489256,630.4739880671,0.0051335498,27.8279894858,-1.9963343608,outage
20260506_000614,2026-05-06 00:06:14,60.0000000000,0.0001622384,6416.9559046773,0.0039296693,37.8984641269,-1.9996418194,outage
20260506_000614,2026-05-06 00:06:14,60.0000000000,0.0011648583,892.8844603826,0.0039296693,29.3372688936,-1.9974128479,outage
20260506_000614,2026-05-06 00:06:14,60.0000000000,0.0001643853,6333.1346607033,0.0039296693,37.8413696687,-1.9996370643,outage
20260506_000615,2026-05-06 00:06:15,60.0000000000,0.0011648583,892.8844603826,0.0039296693,29.3372688936,-1.9974128479,outage
20260506_000615,2026-05-06 00:06:15,20.0000000000,0.1479993849,6.0454151415,0.1578042402,8.2974008959,-1.6816634136,outage
20260506_000615,2026-05-06 00:06:15,20.0000000000,0.1479754652,6.0465523887,0.1578042402,8.2981028592,-1.6817132028,outage
20260506_000615,2026-05-06 00:06:15,20.0000000000,0.1479369264,6.0483854729,0.1578042402,8.2992340874,-1.6817934229,outage
20260506_000615,2026-05-06 00:06:15,20.0000000000,0.1478817727,6.0510104935,0.1578042402,8.3008535205,-1.6819082289,outage
20260506_000615,2026-05-06 00:06:15,20.0000000000,0.1478036356,6.0547327557,0.1578042402,8.3031488313,-1.6820708798,outage
20260506_000616,2026-05-06 00:06:16,20.0000000000,0.1477035401,6.0595068213,0.1578042402,8.3060909559,-1.6822792455,outage
20260506_000616,2026-05-06 00:06:16,20.0000000000,0.1475797008,6.0654223079,0.1578042402,8.3097337439,-1.6825370466,outage
20260506_000616,2026-05-06 00:06:16,20.0000000000,0.1474257936,6.0727879173,0.1578042402,8.3142652586,-1.6828574553,outage
20260506_000616,2026-05-06 00:06:16,20.0000000000,0.1472463682,6.0813941977,0.1578042402,8.3195540832,-1.6832310076,outage
20260506_000616,2026-05-06 00:06:16,20.0000000000,0.1470337109,6.0916216687,0.1578042402,8.3258308161,-1.6836737735,outage
20260506_000617,2026-05-06 00:06:17,20.0000000000,0.1468186472,6.1019950102,0.1578042402,8.3321878185,-1.6841215797,outage
20260506_000617,2026-05-06 00:06:17,20.0000000000,0.1465316470,6.1158855529,0.1578042402,8.3406856896,-1.6847192190,outage
20260506_000617,2026-05-06 00:06:17,20.0000000000,0.1462272091,6.1306796600,0.1578042402,8.3497180896,-1.6853532286,outage
20260506_000617,2026-05-06 00:06:17,20.0000000000,0.1458904028,6.1471186406,0.1578042402,8.3597327660,-1.6860547176,outage
20260506_000617,2026-05-06 00:06:17,20.0000000000,0.1455232480,6.1651255749,0.1578042402,8.3706762066,-1.6868195003,outage
20260506_000618,2026-05-06 00:06:18,20.0000000000,0.1451309129,6.1844681597,0.1578042402,8.3824007302,-1.6876368313,outage
20260506_000618,2026-05-06 00:06:18,20.0000000000,0.1446178515,6.2099210506,0.1578042402,8.3977809477,-1.6887058181,outage
20260506_000618,2026-05-06 00:06:18,20.0000000000,0.1442144245,6.2300621868,0.1578042402,8.4099129867,-1.6895464991,outage
20260506_000618,2026-05-06 00:06:18,20.0000000000,0.1478223985,6.0538385779,0.1578042402,8.3025975526,-1.6820318225,outage
20260506_000618,2026-05-06 00:06:18,20.0000000000,0.1477864206,6.0555533702,0.1578042402,8.3036546952,-1.6821067155,outage
20260506_000619,2026-05-06 00:06:19,20.0000000000,0.1477348081,6.0580147957,0.1578042402,8.3051716759,-1.6822141552,outage
20260506_000619,2026-05-06 00:06:19,20.0000000000,0.1476607390,6.0615501980,0.1578042402,8.3073496236,-1.6823683451,outage
20260506_000619,2026-05-06 00:06:19,20.0000000000,0.1475699812,6.0658870101,0.1578042402,8.3100197806,-1.6825572808,outage
20260506_000619,2026-05-06 00:06:19,20.0000000000,0.1474597727,6.0711604400,0.1578042402,8.3132643990,-1.6827867152,outage
20260506_000619,2026-05-06 00:06:19,20.0000000000,0.1473158024,6.0780612415,0.1578042402,8.3175066430,-1.6830864474,outage
20260506_000619,2026-05-06 00:06:19,20.0000000000,0.1471521565,6.0859215355,0.1578042402,8.3223336888,-1.6834271586,outage
20260506_000620,2026-05-06 00:06:20,20.0000000000,0.1469613389,6.0951090588,0.1578042402,8.3279690007,-1.6838244634,outage
20260506_000620,2026-05-06 00:06:20,20.0000000000,0.1467516639,6.1052320776,0.1578042402,8.3341696582,-1.6842610585,outage
20260506_000620,2026-05-06 00:06:20,20.0000000000,0.1465007143,6.1173859142,0.1578042402,8.3416025773,-1.6847836353,outage
20260506_000620,2026-05-06 00:06:20,20.0000000000,0.1462109708,6.1314704872,0.1578042402,8.3502003931,-1.6853870474,outage
20260506_000620,2026-05-06 00:06:20,20.0000000000,0.1458841802,6.1474230699,0.1578042402,8.3599180076,-1.6860676785,outage
20260506_000621,2026-05-06 00:06:21,20.0000000000,0.1455407139,6.1642669082,0.1578042402,8.3701549906,-1.6867831168,outage
20260506_000621,2026-05-06 00:06:21,20.0000000000,0.1451606114,6.1830003282,0.1578042402,8.3815121119,-1.6875749583,outage
20260506_000621,2026-05-06 00:06:21,20.0000000000,0.1447174151,6.2049676020,0.1578042402,8.3947920319,-1.6884983591,outage
20260506_000621,2026-05-06 00:06:21,20.0000000000,0.1442658531,6.2274883471,0.1578042402,8.4083645185,-1.6894393238,outage
20260506_000621,2026-05-06 00:06:21,20.0000000000,0.1437899065,6.2513783306,0.1578042402,8.4227159856,-1.6904312474,outage
20260506_000622,2026-05-06 00:06:22,20.0000000000,0.1469310802,6.0965681529,0.1578042402,8.3288632866,-1.6838874678,outage
20260506_000622,2026-05-06 00:06:22,20.0000000000,0.1468847551,6.0988031409,0.1578042402,8.3302327646,-1.6839839264,outage
20260506_000622,2026-05-06 00:06:22,20.0000000000,0.1468141164,6.1022138748,0.1578042402,8.3323218432,-1.6841310140,outage
20260506_000622,2026-05-06 00:06:22,20.0000000000,0.1467115566,6.1071717388,0.1578042402,8.3353567499,-1.6843445751,outage
20260506_000622,2026-05-06 00:06:22,20.0000000000,0.1466012232,6.1125131358,0.1578042402,8.3386240609,-1.6845743310,outage
20260506_000623,2026-05-06 00:06:23,20.0000000000,0.1464638881,6.1191729638,0.1578042402,8.3426944108,-1.6848603256,outage
20260506_000623,2026-05-06 00:06:23,20.0000000000,0.1462828011,6.1279735819,0.1578042402,8.3480673229,-1.6852374505,outage
20260506_000623,2026-05-06 00:06:23,20.0000000000,0.1460865887,6.1375339027,0.1578042402,8.3538965223,-1.6856460991,outage
20260506_000623,2026-05-06 00:06:23,20.0000000000,0.1458761450,6.1478162181,0.1578042402,8.3601572219,-1.6860844150,outage
20260506_000623,2026-05-06 00:06:23,20.0000000000,0.1456152710,6.1606038241,0.1578042402,8.3679307731,-1.6866278083,outage
20260506_000623,2026-05-06 00:06:23,20.0000000000,0.1453317846,6.1745518973,0.1578042402,8.3763939337,-1.6872183531,outage
20260506_000624,2026-05-06 00:06:24,20.0000000000,0.1450353054,6.1891975805,0.1578042402,8.3852626631,-1.6878360207,outage
20260506_000624,2026-05-06 00:06:24,20.0000000000,0.1446996822,6.2058493462,0.1578042402,8.3953242277,-1.6885353085,outage
20260506_000624,2026-05-06 00:06:24,20.0000000000,0.1442881345,6.2263737984,0.1578042402,8.4076938147,-1.6893928905,outage
20260506_000624,2026-05-06 00:06:24,20.0000000000,0.1439087140,6.2454000263,0.1578042402,8.4191290761,-1.6901836257,outage
20260506_000624,2026-05-06 00:06:24,20.0000000000,0.1434581643,6.2681237762,0.1578042402,8.4327473064,-1.6911227230,outage
20260506_000625,2026-05-06 00:06:25,20.0000000000,0.1429534343,6.2937502551,0.1578042402,8.4480540679,-1.6921749118,outage
20260506_000625,2026-05-06 00:06:25,20.0000000000,0.1424693960,6.3184967219,0.1578042402,8.4627841698,-1.6931841262,outage
20260506_000625,2026-05-06 00:06:25,20.0000000000,0.1281624776,7.1343522517,0.1578042402,8.9223910555,-1.7230881912,outage
20260506_000625,2026-05-06 00:06:25,20.0000000000,0.1280179060,7.1435271455,0.1578042402,8.9272928094,-1.7233911369,outage
20260506_000626,2026-05-06 00:06:26,20.0000000000,0.1280622492,7.1407108059,0.1578042402,8.9257887478,-1.7232982152,outage
20260506_000626,2026-05-06 00:06:26,20.0000000000,0.1278200804,7.1561153055,0.1578042402,8.9340091357,-1.7238057005,outage
20260506_000626,2026-05-06 00:06:26,20.0000000000,0.1279248624,7.1494429015,0.1578042402,8.9304504140,-1.7235861154,outage
20260506_000626,2026-05-06 00:06:26,20.0000000000,0.1278497282,7.1542262567,0.1578042402,8.9330019088,-1.7237435687,outage
20260506_000626,2026-05-06 00:06:26,20.0000000000,0.1276743577,7.1654129725,0.1578042402,8.9389631815,-1.7241110963,outage
20260506_000627,2026-05-06 00:06:27,20.0000000000,0.1276510215,7.1669038870,0.1578042402,8.9397570552,-1.7241600044,outage
20260506_000627,2026-05-06 00:06:27,20.0000000000,0.1273937558,7.1833763737,0.1578042402,8.9485185858,-1.7246992089,outage
20260506_000627,2026-05-06 00:06:27,20.0000000000,0.1271180812,7.2011015631,0.1578042402,8.9579267136,-1.7252770527,outage
20260506_000627,2026-05-06 00:06:27,20.0000000000,0.1270632101,7.2046388138,0.1578042402,8.9598017688,-1.7253920754,outage
20260506_000628,2026-05-06 00:06:28,20.0000000000,0.1267368959,7.2257378583,0.1578042402,8.9709693414,-1.7260761546,outage
20260506_000628,2026-05-06 00:06:28,20.0000000000,0.1264600597,7.2437230861,0.1578042402,8.9804661734,-1.7266565729,outage
20260506_000628,2026-05-06 00:06:28,20.0000000000,0.1261298094,7.2652817482,0.1578042402,8.9918226056,-1.7273490576,outage
20260506_000628,2026-05-06 00:06:28,20.0000000000,0.1259968793,7.2739912914,0.1578042402,8.9964021133,-1.7276278155,outage
20260506_000628,2026-05-06 00:06:28,20.0000000000,0.1254511924,7.3099379580,0.1578042402,9.0152520652,-1.7287722789,outage
20260506_000629,2026-05-06 00:06:29,20.0000000000,0.1252964131,7.3201909102,0.1578042402,9.0206136144,-1.7290969378,outage
20260506_000629,2026-05-06 00:06:29,20.0000000000,0.1247747421,7.3549350058,0.1578042402,9.0387331903,-1.7301913121,outage
20260506_000629,2026-05-06 00:06:29,20.0000000000,0.0821570537,11.6837397068,0.1578042402,10.8535514383,-1.8203946697,outage
20260506_000629,2026-05-06 00:06:29,20.0000000000,0.0918277468,10.3490249683,0.1578042402,10.3702607209,-1.7997761935,outage
20260506_000629,2026-05-06 00:06:29,20.0000000000,0.1000950729,9.4124811977,0.1578042402,9.9958729997,-1.7822234130,outage
20260506_000630,2026-05-06 00:06:30,20.0000000000,0.1067035185,8.7682266080,0.1578042402,9.7182125967,-1.7682388890,outage
20260506_000630,2026-05-06 00:06:30,20.0000000000,0.1123799798,8.2753256838,0.1578042402,9.4931105021,-1.7562578364,outage
20260506_000630,2026-05-06 00:06:30,20.0000000000,0.1162231108,7.9689506454,0.1578042402,9.3470750456,-1.7481620808,outage
20260506_000630,2026-05-06 00:06:30,20.0000000000,0.1196132965,7.7150281547,0.1578042402,9.2222054058,-1.7410307165,outage
20260506_000631,2026-05-06 00:06:31,20.0000000000,0.1217887357,7.5595354507,0.1578042402,9.1439287794,-1.7364595473,outage
20260506_000631,2026-05-06 00:06:31,20.0000000000,0.1236618319,7.4300362984,0.1578042402,9.0776432421,-1.7325267141,outage
20260506_000631,2026-05-06 00:06:31,20.0000000000,0.1248780175,7.3480336604,0.1578042402,9.0351400451,-1.7299746416,outage
20260506_000631,2026-05-06 00:06:31,20.0000000000,0.1257032728,7.2932935854,0.1578042402,9.0065341485,-1.7282435646,outage
20260506_000631,2026-05-06 00:06:31,20.0000000000,0.1262849850,7.2551378819,0.1578042402,8.9864828315,-1.7270236676,outage
20260506_000632,2026-05-06 00:06:32,20.0000000000,0.1267870057,7.2224907623,0.1578042402,8.9692525454,-1.7259710999,outage
20260506_000632,2026-05-06 00:06:32,20.0000000000,0.1271094377,7.2016585607,0.1578042402,8.9582220252,-1.7252951714,outage
20260506_000632,2026-05-06 00:06:32,20.0000000000,0.1275507035,7.1733192504,0.1578042402,8.9431714167,-1.7243702553,outage
20260506_000632,2026-05-06 00:06:32,5.0000000000,0.5935483457,0.7642583026,0.6302743993,2.2654390112,-0.7422535253,outage
20260506_000633,2026-05-06 00:06:33,7.8947368421,0.4403981407,1.3743086041,0.4824673132,3.5615452318,-1.0788286452,outage
20260506_000633,2026-05-06 00:06:33,10.7894736842,0.3153160483,2.3122014550,0.3693228037,5.0125392490,-1.3381813088,outage
20260506_000633,2026-05-06 00:06:33,13.6842105263,0.2161683496,3.8267880046,0.2827120711,6.6520789314,-1.5409653644,outage
20260506_000634,2026-05-06 00:06:34,16.5789473684,0.1417328031,6.3564793655,0.2164126189,8.4852962359,-1.6947202176,outage
20260506_000634,2026-05-06 00:06:34,19.4736842105,0.0890878844,10.6977521667,0.1656612023,10.5018135450,-1.8056080819,outage
20260506_000635,2026-05-06 00:06:35,22.3684210526,0.0554240727,17.7967304199,0.1268116161,12.5630156399,-1.8779216794,outage
20260506_000635,2026-05-06 00:06:35,25.2631578947,0.0339734616,29.6585434334,0.0970727349,14.6886020006,-1.9247087900,outage
20260506_000636,2026-05-06 00:06:36,28.1578947368,0.0209193196,48.7839475041,0.0743079866,16.7945244590,-1.9534793311,outage
20260506_000636,2026-05-06 00:06:36,31.0526315789,0.0129419459,79.4644478106,0.0568818513,18.8800041894,-1.9711725008,outage
20260506_000637,2026-05-06 00:06:37,33.9473684211,0.0080483205,128.3832172495,0.0435423586,20.9429473879,-1.9820643919,outage
20260506_000637,2026-05-06 00:06:37,36.8421052632,0.0050073674,206.9510244110,0.0333311409,23.0039053965,-1.9888441218,outage
20260506_000638,2026-05-06 00:06:38,39.7368421053,0.0032091564,323.4681988097,0.0255145790,24.9360911341,-1.9928552220,outage
20260506_000638,2026-05-06 00:06:38,42.6315789474,0.0020444139,508.3183587783,0.0195310969,26.8943116437,-1.9954527692,outage
20260506_000639,2026-05-06 00:06:39,45.5263157895,0.0013172263,789.4870439301,0.0149508149,28.8033962268,-1.9970734619,outage
20260506_000639,2026-05-06 00:06:39,48.4210526316,0.0008463450,1229.2850186534,0.0114446652,30.7245256601,-1.9981219591,outage
20260506_000640,2026-05-06 00:06:40,51.3157894737,0.0005561155,1871.3495058145,0.0087607507,32.5483496137,-1.9987675087,outage
20260506_000640,2026-05-06 00:06:40,54.2105263158,0.0003672511,2834.2285243435,0.0067062471,34.3503689823,-1.9991871123,outage
20260506_000641,2026-05-06 00:06:41,57.1052631579,0.0002447109,4253.9777019128,0.0051335498,36.1134662833,-1.9994590352,outage
20260506_000642,2026-05-06 00:06:42,60.0000000000,0.0001629655,6388.3203455101,0.0039296693,37.8790434395,-1.9996402090,outage
20260506_000642,2026-05-06 00:06:42,5.0000000000,0.5940353510,0.7628201170,0.6302743993,2.2618770943,-0.7411288128,outage
20260506_000643,2026-05-06 00:06:43,7.8947368421,0.4403694412,1.3744626896,0.4824673132,3.5618282587,-1.0788892525,outage
20260506_000643,2026-05-06 00:06:43,10.7894736842,0.3152671182,2.3127139627,0.3693228037,5.0132132297,-1.3382815108,outage
20260506_000644,2026-05-06 00:06:44,13.6842105263,0.2165855316,3.8175100192,0.2827120711,6.6437055849,-1.5401099068,outage
20260506_000644,2026-05-06 00:06:44,16.5789473684,0.1415159612,6.3677362184,0.2164126189,8.4919457440,-1.6951724899,outage
20260506_000644,2026-05-06 00:06:44,19.4736842105,0.0897147364,10.6160878586,0.1656612023,10.4713621435,-1.8042731437,outage
20260506_000645,2026-05-06 00:06:45,22.3684210526,0.0559168460,17.6311703365,0.1268116161,12.5245733330,-1.8768537175,outage
20260506_000645,2026-05-06 00:06:45,25.2631578947,0.0339016876,29.7234301066,0.0970727349,14.6977868208,-1.9248663489,outage
20260506_000646,2026-05-06 00:06:46,28.1578947368,0.0207585767,49.1693692942,0.0743079866,16.8280242751,-1.9538350264,outage
20260506_000646,2026-05-06 00:06:46,31.0526315789,0.0129515754,79.4046302893,0.0568818513,18.8767740284,-1.9711510950,outage
20260506_000647,2026-05-06 00:06:47,33.9473684211,0.0080905534,127.7078849359,0.0435423586,20.9202177011,-1.9819702860,outage
20260506_000647,2026-05-06 00:06:47,36.8421052632,0.0050342499,205.8406354827,0.0333311409,22.9806522680,-1.9887841626,outage
20260506_000648,2026-05-06 00:06:48,39.7368421053,0.0031989472,324.5036839481,0.0255145790,24.9499292619,-1.9928779943,outage
20260506_000648,2026-05-06 00:06:48,42.6315789474,0.0020575747,505.0607078641,0.0195310969,26.8664439717,-1.9954234274,outage
20260506_000649,2026-05-06 00:06:49,45.5263157895,0.0013108814,793.3130580120,0.0149508149,28.8243659504,-1.9970875963,outage
20260506_000649,2026-05-06 00:06:49,48.4210526316,0.0008588670,1211.3479882221,0.0114446652,30.6607407434,-1.9980940920,outage
20260506_000650,2026-05-06 00:06:50,51.3157894737,0.0005576182,1866.3038314893,0.0087607507,32.5366302302,-1.9987641683,outage
20260506_000650,2026-05-06 00:06:50,54.2105263158,0.0003651734,2850.3595629929,0.0067062471,34.3750082366,-1.9991917253,outage
20260506_000650,2026-05-06 00:06:50,57.1052631579,0.0002435081,4274.9953830134,0.0051335498,36.1348657243,-1.9994617025,outage
20260506_000651,2026-05-06 00:06:51,60.0000000000,0.0001622444,6416.7191530682,0.0039296693,37.8983039171,-1.9996418062,outage
20260506_001217,2026-05-06 00:12:17,20.0000000000,0.0821510958,11.6846588471,0.1578042402,10.8538663912,-1.8204074020,outage
20260506_001218,2026-05-06 00:12:18,5.0000000000,0.5950218629,0.7599140424,0.6302743993,2.2546707669,-0.7388491820,outage
20260506_001218,2026-05-06 00:12:18,5.0000000000,0.6302741175,0.6620385090,0.6302743993,2.0047052698,-0.6561459785,outage
20260506_001218,2026-05-06 00:12:18,5.0000000000,0.5947035143,0.7608507824,0.6302743993,2.2569949508,-0.7395850172,outage
20260506_001218,2026-05-06 00:12:18,5.0000000000,0.6302741175,0.6620385090,0.6302743993,2.0047052698,-0.6561459785,outage
20260506_001218,2026-05-06 00:12:18,7.8947368421,0.4402899349,1.3748896577,0.4824673132,3.5626124248,-1.0790571495,outage
20260506_001218,2026-05-06 00:12:18,7.8947368421,0.4824505771,1.1682254490,0.4824673132,3.1654716976,-0.9892264339,outage
20260506_001218,2026-05-06 00:12:18,7.8947368421,0.4402458435,1.3751265058,0.4824673132,3.5630473570,-1.0791502571,outage
20260506_001219,2026-05-06 00:12:19,7.8947368421,0.4824505771,1.1682254490,0.4824673132,3.1654716976,-0.9892264339,outage
20260506_001219,2026-05-06 00:12:19,10.7894736842,0.3157797086,2.3073528223,0.3693228037,5.0061578035,-1.3372317710,outage
20260506_001219,2026-05-06 00:12:19,10.7894736842,0.3690400524,1.8314745434,0.3693228037,4.3292649670,-1.2277362542,outage
20260506_001219,2026-05-06 00:12:19,10.7894736842,0.3155716783,2.3095264942,0.3693228037,5.0090198045,-1.3376578053,outage
20260506_001219,2026-05-06 00:12:19,10.7894736842,0.3690400524,1.8314745434,0.3693228037,4.3292649670,-1.2277362542,outage
20260506_001219,2026-05-06 00:12:19,13.6842105263,0.2167426552,3.8140249045,0.2827120711,6.6405561064,-1.5397877275,outage
20260506_001219,2026-05-06 00:12:19,13.6842105263,0.2810633719,2.7146346747,0.2827120711,5.5119574781,-1.4082347981,outage
20260506_001219,2026-05-06 00:12:19,13.6842105263,0.2166135328,3.8168885630,0.2827120711,6.6431441458,-1.5400524904,outage
20260506_001219,2026-05-06 00:12:19,13.6842105263,0.2810633719,2.7146346747,0.2827120711,5.5119574781,-1.4082347981,outage
20260506_001219,2026-05-06 00:12:19,16.5789473684,0.1412693417,6.3805809096,0.2164126189,8.4995207845,-1.6956869090,outage
20260506_001220,2026-05-06 00:12:20,16.5789473684,0.2116237050,3.9302291087,0.2164126189,6.7443568648,-1.5502875836,outage
20260506_001220,2026-05-06 00:12:20,16.5789473684,0.1418757139,6.3490792882,0.2164126189,8.4809194014,-1.6944221626,outage
20260506_001220,2026-05-06 00:12:20,16.5789473684,0.2116237050,3.9302291087,0.2164126189,6.7443568648,-1.5502875836,outage
20260506_001220,2026-05-06 00:12:20,19.4736842105,0.0895651472,10.6354720215,0.1656612023,10.4786095578,-1.8045916716,outage
20260506_001220,2026-05-06 00:12:20,19.4736842105,0.1566520854,5.6568129707,0.1656612023,8.0506381917,-1.6636761627,outage
20260506_001220,2026-05-06 00:12:20,19.4736842105,0.0896991252,10.6181077887,0.1656612023,10.4721179263,-1.8043063846,outage
20260506_001220,2026-05-06 00:12:20,19.4736842105,0.1566520854,5.6568129707,0.1656612023,8.0506381917,-1.6636761627,outage
20260506_001220,2026-05-06 00:12:20,22.3684210526,0.0555246146,17.7627121160,0.1268116161,12.5551444705,-1.8777037560,outage
20260506_001220,2026-05-06 00:12:20,22.3684210526,0.1139154633,8.1504369779,0.1268116161,9.4341731908,-1.7530217600,outage
20260506_001220,2026-05-06 00:12:20,22.3684210526,0.0554675406,17.7820079397,0.1268116161,12.5596108971,-1.8778274617,outage
20260506_001221,2026-05-06 00:12:21,22.3684210526,0.1139154633,8.1504369779,0.1268116161,9.4341731908,-1.7530217600,outage
20260506_001221,2026-05-06 00:12:21,25.2631578947,0.0341410416,29.5081062224,0.0970727349,14.6672323318,-1.9243409437,outage
20260506_001221,2026-05-06 00:12:21,25.2631578947,0.0816000095,11.7702572612,0.0970727349,10.8830979082,-1.8215852639,outage
20260506_001221,2026-05-06 00:12:21,25.2631578947,0.0342022811,29.4534990976,0.0970727349,14.6594492814,-1.9242065295,outage
20260506_001221,2026-05-06 00:12:21,25.2631578947,0.0816000095,11.7702572612,0.0970727349,10.8830979082,-1.8215852639,outage
20260506_001221,2026-05-06 00:12:21,28.1578947368,0.0209026804,48.8235690271,0.0743079866,16.7979801953,-1.9535161490,outage
20260506_001221,2026-05-06 00:12:21,28.1578947368,0.0578039544,17.0232505559,0.0743079866,12.3804245038,-1.8727666270,outage
20260506_001221,2026-05-06 00:12:21,28.1578947368,0.0208367239,48.9812487205,0.0743079866,16.8117056255,-1.9536620962,outage
20260506_001221,2026-05-06 00:12:21,28.1578947368,0.0578039544,17.0232505559,0.0743079866,12.3804245038,-1.8727666270,outage
20260506_001221,2026-05-06 00:12:21,31.0526315789,0.0129632095,79.3324784174,0.0568818513,18.8728746101,-1.9711252331,outage
20260506_001221,2026-05-06 00:12:21,31.0526315789,0.0406433385,24.6288874294,0.0568818513,13.9101062587,-1.9100969018,outage
20260506_001221,2026-05-06 00:12:21,31.0526315789,0.0129223538,79.5864281749,0.0568818513,18.8865837238,-1.9712160535,outage
20260506_001222,2026-05-06 00:12:22,31.0526315789,0.0406433385,24.6288874294,0.0568818513,13.9101062587,-1.9100969018,outage
20260506_001222,2026-05-06 00:12:22,33.9473684211,0.0080116328,128.9756556081,0.0435423586,20.9627896240,-1.9821461427,outage
20260506_001222,2026-05-06 00:12:22,33.9473684211,0.0284498828,35.6089948363,0.0435423586,15.4591951847,-1.9368544094,outage
20260506_001222,2026-05-06 00:12:22,33.9473684211,0.0080362464,128.5775949125,0.0435423586,20.9494675777,-1.9820912964,outage
20260506_001222,2026-05-06 00:12:22,33.9473684211,0.0284498828,35.6089948363,0.0435423586,15.4591951847,-1.9368544094,outage
20260506_001222,2026-05-06 00:12:22,36.8421052632,0.0050525434,205.0917769247,0.0333311409,22.9648995085,-1.9887433608,outage
20260506_001222,2026-05-06 00:12:22,36.8421052632,0.0198699912,51.4124948660,0.0333311409,17.0180232458,-1.9558019272,outage
20260506_001222,2026-05-06 00:12:22,36.8421052632,0.0050346417,205.8245429734,0.0333311409,22.9803143509,-1.9887832889,outage
20260506_001222,2026-05-06 00:12:22,36.8421052632,0.0198699912,51.4124948660,0.0333311409,17.0180232458,-1.9558019272,outage
20260506_001222,2026-05-06 00:12:22,39.7368421053,0.0031932446,325.0849660013,0.0255145790,24.9576781815,-1.9928907143,outage
20260506_001223,2026-05-06 00:12:23,39.7368421053,0.0138685692,74.0889140504,0.0255145790,18.5796834280,-1.9691131766,outage
20260506_001223,2026-05-06 00:12:23,39.7368421053,0.0031984565,324.5536176697,0.0255145790,24.9505954584,-1.9928790887,outage
20260506_001223,2026-05-06 00:12:23,39.7368421053,0.0138685692,74.0889140504,0.0255145790,18.5796834280,-1.9691131766,outage
20260506_001223,2026-05-06 00:12:23,42.6315789474,0.0020438356,508.4624773634,0.0195310969,26.8955403895,-1.9954540587,outage
20260506_001224,2026-05-06 00:12:24,42.6315789474,0.0096841463,106.5297628356,0.0195310969,20.1393865824,-1.9784206137,outage
20260506_001224,2026-05-06 00:12:24,42.6315789474,0.0020462439,507.8628949814,0.0195310969,26.8904261015,-1.9954486895,outage
20260506_001224,2026-05-06 00:12:24,42.6315789474,0.0096841463,106.5297628356,0.0195310969,20.1393865824,-1.9784206137,outage
20260506_001224,2026-05-06 00:12:24,45.5263157895,0.0013124624,792.3562687279,0.0149508149,28.8191314399,-1.9970840744,outage
20260506_001225,2026-05-06 00:12:25,45.5263157895,0.0067703377,152.8039709801,0.0149508149,21.6938967110,-1.9849128019,outage
20260506_001225,2026-05-06 00:12:25,45.5263157895,0.0013105307,793.5256402114,0.0149508149,28.8255281129,-1.9970883776,outage
20260506_001225,2026-05-06 00:12:25,45.5263157895,0.0067703377,152.8039709801,0.0149508149,21.6938967110,-1.9849128019,outage
20260506_001225,2026-05-06 00:12:25,48.4210526316,0.0008565548,1214.6206676752,0.0114446652,30.6724486309,-1.9980992379,outage
20260506_001225,2026-05-06 00:12:25,48.4210526316,0.0047412294,218.6233174484,0.0114446652,23.2410903287,-1.9894377358,outage
20260506_001225,2026-05-06 00:12:25,48.4210526316,0.0008480764,1226.7733371346,0.0114446652,30.7156502103,-1.9981181060,outage
20260506_001226,2026-05-06 00:12:26,48.4210526316,0.0047412294,218.6233174484,0.0114446652,23.2410903287,-1.9894377358,outage
20260506_001226,2026-05-06 00:12:26,51.3157894737,0.0005540686,1878.2666739060,0.0087607507,32.5643646174,-1.9987720589,outage
20260506_001226,2026-05-06 00:12:26,51.3157894737,0.0033268787,311.9871807186,0.0087607507,24.7796303461,-1.9925926332,outage
20260506_001226,2026-05-06 00:12:26,51.3157894737,0.0005620914,1851.4437078212,0.0087607507,32.5019303552,-1.9987542246,outage
20260506_001226,2026-05-06 00:12:26,51.3157894737,0.0033268787,311.9871807186,0.0087607507,24.7796303461,-1.9925926332,outage
20260506_001226,2026-05-06 00:12:26,54.2105263158,0.0003629016,2868.2094566133,0.0067062471,34.4021110040,-1.9991967692,outage
20260506_001226,2026-05-06 00:12:26,54.2105263158,0.0023395208,444.0742629356,0.0067062471,26.3087308388,-1.9947947653,outage
20260506_001226,2026-05-06 00:12:26,54.2105263158,0.0003686824,2823.2214147388,0.0067062471,34.3334756448,-1.9991839343,outage
20260506_001226,2026-05-06 00:12:26,54.2105263158,0.0023395208,444.0742629356,0.0067062471,26.3087308388,-1.9947947653,outage
20260506_001226,2026-05-06 00:12:26,57.1052631579,0.0002417253,4306.5325363067,0.0051335498,36.1667791877,-1.9994656560,outage
20260506_001227,2026-05-06 00:12:27,57.1052631579,0.0016489256,630.4739880671,0.0051335498,27.8279894858,-1.9963343608,outage
20260506_001227,2026-05-06 00:12:27,57.1052631579,0.0002451155,4246.9550122537,0.0051335498,36.1062924685,-1.9994581380,outage
20260506_001227,2026-05-06 00:12:27,57.1052631579,0.0016489256,630.4739880671,0.0051335498,27.8279894858,-1.9963343608,outage
20260506_001227,2026-05-06 00:12:27,60.0000000000,0.0001622384,6416.9559046773,0.0039296693,37.8984641269,-1.9996418194,outage
20260506_001227,2026-05-06 00:12:27,60.0000000000,0.0011648583,892.8844603826,0.0039296693,29.3372688936,-1.9974128479,outage
20260506_001227,2026-05-06 00:12:27,60.0000000000,0.0001643853,6333.1346607033,0.0039296693,37.8413696687,-1.9996370643,outage
20260506_001227,2026-05-06 00:12:27,60.0000000000,0.0011648583,892.8844603826,0.0039296693,29.3372688936,-1.9974128479,outage
20260506_001227,2026-05-06 00:12:27,20.0000000000,0.1479993849,6.0454151415,0.1578042402,8.2974008959,-1.6816634136,outage
20260506_001227,2026-05-06 00:12:27,20.0000000000,0.1479754652,6.0465523887,0.1578042402,8.2981028592,-1.6817132028,outage
20260506_001228,2026-05-06 00:12:28,20.0000000000,0.1479369264,6.0483854729,0.1578042402,8.2992340874,-1.6817934229,outage
20260506_001228,2026-05-06 00:12:28,20.0000000000,0.1478817727,6.0510104935,0.1578042402,8.3008535205,-1.6819082289,outage
20260506_001228,2026-05-06 00:12:28,20.0000000000,0.1478036356,6.0547327557,0.1578042402,8.3031488313,-1.6820708798,outage
20260506_001228,2026-05-06 00:12:28,20.0000000000,0.1477035401,6.0595068213,0.1578042402,8.3060909559,-1.6822792455,outage
20260506_001228,2026-05-06 00:12:28,20.0000000000,0.1475797008,6.0654223079,0.1578042402,8.3097337439,-1.6825370466,outage
20260506_001229,2026-05-06 00:12:29,20.0000000000,0.1474257936,6.0727879173,0.1578042402,8.3142652586,-1.6828574553,outage
20260506_001229,2026-05-06 00:12:29,20.0000000000,0.1472463682,6.0813941977,0.1578042402,8.3195540832,-1.6832310076,outage
20260506_001229,2026-05-06 00:12:29,20.0000000000,0.1470337109,6.0916216687,0.1578042402,8.3258308161,-1.6836737735,outage
20260506_001229,2026-05-06 00:12:29,20.0000000000,0.1468186472,6.1019950102,0.1578042402,8.3321878185,-1.6841215797,outage
20260506_001229,2026-05-06 00:12:29,20.0000000000,0.1465316470,6.1158855529,0.1578042402,8.3406856896,-1.6847192190,outage
20260506_001230,2026-05-06 00:12:30,20.0000000000,0.1462272091,6.1306796600,0.1578042402,8.3497180896,-1.6853532286,outage
20260506_001230,2026-05-06 00:12:30,20.0000000000,0.1458904028,6.1471186406,0.1578042402,8.3597327660,-1.6860547176,outage
20260506_001230,2026-05-06 00:12:30,20.0000000000,0.1455232480,6.1651255749,0.1578042402,8.3706762066,-1.6868195003,outage
20260506_001230,2026-05-06 00:12:30,20.0000000000,0.1451309129,6.1844681597,0.1578042402,8.3824007302,-1.6876368313,outage
20260506_001230,2026-05-06 00:12:30,20.0000000000,0.1446178515,6.2099210506,0.1578042402,8.3977809477,-1.6887058181,outage
20260506_001231,2026-05-06 00:12:31,20.0000000000,0.1442144245,6.2300621868,0.1578042402,8.4099129867,-1.6895464991,outage
20260506_001231,2026-05-06 00:12:31,20.0000000000,0.1478223985,6.0538385779,0.1578042402,8.3025975526,-1.6820318225,outage
20260506_001231,2026-05-06 00:12:31,20.0000000000,0.1477864206,6.0555533702,0.1578042402,8.3036546952,-1.6821067155,outage
20260506_001231,2026-05-06 00:12:31,20.0000000000,0.1477348081,6.0580147957,0.1578042402,8.3051716759,-1.6822141552,outage
20260506_001231,2026-05-06 00:12:31,20.0000000000,0.1476607390,6.0615501980,0.1578042402,8.3073496236,-1.6823683451,outage
20260506_001232,2026-05-06 00:12:32,20.0000000000,0.1475699812,6.0658870101,0.1578042402,8.3100197806,-1.6825572808,outage
20260506_001232,2026-05-06 00:12:32,20.0000000000,0.1474597727,6.0711604400,0.1578042402,8.3132643990,-1.6827867152,outage
20260506_001232,2026-05-06 00:12:32,20.0000000000,0.1473158024,6.0780612415,0.1578042402,8.3175066430,-1.6830864474,outage
20260506_001232,2026-05-06 00:12:32,20.0000000000,0.1471521565,6.0859215355,0.1578042402,8.3223336888,-1.6834271586,outage
20260506_001232,2026-05-06 00:12:32,20.0000000000,0.1469613389,6.0951090588,0.1578042402,8.3279690007,-1.6838244634,outage
20260506_001233,2026-05-06 00:12:33,20.0000000000,0.1467516639,6.1052320776,0.1578042402,8.3341696582,-1.6842610585,outage
20260506_001233,2026-05-06 00:12:33,20.0000000000,0.1465007143,6.1173859142,0.1578042402,8.3416025773,-1.6847836353,outage
20260506_001233,2026-05-06 00:12:33,20.0000000000,0.1462109708,6.1314704872,0.1578042402,8.3502003931,-1.6853870474,outage
20260506_001233,2026-05-06 00:12:33,20.0000000000,0.1458841802,6.1474230699,0.1578042402,8.3599180076,-1.6860676785,outage
20260506_001233,2026-05-06 00:12:33,20.0000000000,0.1455407139,6.1642669082,0.1578042402,8.3701549906,-1.6867831168,outage
20260506_001234,2026-05-06 00:12:34,20.0000000000,0.1451606114,6.1830003282,0.1578042402,8.3815121119,-1.6875749583,outage
20260506_001234,2026-05-06 00:12:34,20.0000000000,0.1447174151,6.2049676020,0.1578042402,8.3947920319,-1.6884983591,outage
20260506_001234,2026-05-06 00:12:34,20.0000000000,0.1442658531,6.2274883471,0.1578042402,8.4083645185,-1.6894393238,outage
20260506_001234,2026-05-06 00:12:34,20.0000000000,0.1437899065,6.2513783306,0.1578042402,8.4227159856,-1.6904312474,outage
20260506_001234,2026-05-06 00:12:34,20.0000000000,0.1469310802,6.0965681529,0.1578042402,8.3288632866,-1.6838874678,outage
20260506_001235,2026-05-06 00:12:35,20.0000000000,0.1468847551,6.0988031409,0.1578042402,8.3302327646,-1.6839839264,outage
20260506_001235,2026-05-06 00:12:35,20.0000000000,0.1468141164,6.1022138748,0.1578042402,8.3323218432,-1.6841310140,outage
20260506_001235,2026-05-06 00:12:35,20.0000000000,0.1467115566,6.1071717388,0.1578042402,8.3353567499,-1.6843445751,outage
20260506_001235,2026-05-06 00:12:35,20.0000000000,0.1466012232,6.1125131358,0.1578042402,8.3386240609,-1.6845743310,outage
20260506_001235,2026-05-06 00:12:35,20.0000000000,0.1464638881,6.1191729638,0.1578042402,8.3426944108,-1.6848603256,outage
20260506_001236,2026-05-06 00:12:36,20.0000000000,0.1462828011,6.1279735819,0.1578042402,8.3480673229,-1.6852374505,outage
20260506_001236,2026-05-06 00:12:36,20.0000000000,0.1460865887,6.1375339027,0.1578042402,8.3538965223,-1.6856460991,outage
20260506_001236,2026-05-06 00:12:36,20.0000000000,0.1458761450,6.1478162181,0.1578042402,8.3601572219,-1.6860844150,outage
20260506_001236,2026-05-06 00:12:36,20.0000000000,0.1456152710,6.1606038241,0.1578042402,8.3679307731,-1.6866278083,outage
20260506_001236,2026-05-06 00:12:36,20.0000000000,0.1453317846,6.1745518973,0.1578042402,8.3763939337,-1.6872183531,outage
20260506_001237,2026-05-06 00:12:37,20.0000000000,0.1450353054,6.1891975805,0.1578042402,8.3852626631,-1.6878360207,outage
20260506_001237,2026-05-06 00:12:37,20.0000000000,0.1446996822,6.2058493462,0.1578042402,8.3953242277,-1.6885353085,outage
20260506_001237,2026-05-06 00:12:37,20.0000000000,0.1442881345,6.2263737984,0.1578042402,8.4076938147,-1.6893928905,outage
20260506_001237,2026-05-06 00:12:37,20.0000000000,0.1439087140,6.2454000263,0.1578042402,8.4191290761,-1.6901836257,outage
20260506_001237,2026-05-06 00:12:37,20.0000000000,0.1434581643,6.2681237762,0.1578042402,8.4327473064,-1.6911227230,outage
20260506_001237,2026-05-06 00:12:37,20.0000000000,0.1429534343,6.2937502551,0.1578042402,8.4480540679,-1.6921749118,outage
20260506_001238,2026-05-06 00:12:38,20.0000000000,0.1424693960,6.3184967219,0.1578042402,8.4627841698,-1.6931841262,outage
20260506_001238,2026-05-06 00:12:38,20.0000000000,0.1281624776,7.1343522517,0.1578042402,8.9223910555,-1.7230881912,outage
20260506_001238,2026-05-06 00:12:38,20.0000000000,0.1280179060,7.1435271455,0.1578042402,8.9272928094,-1.7233911369,outage
20260506_001238,2026-05-06 00:12:38,20.0000000000,0.1280622492,7.1407108059,0.1578042402,8.9257887478,-1.7232982152,outage
20260506_001238,2026-05-06 00:12:38,20.0000000000,0.1278200804,7.1561153055,0.1578042402,8.9340091357,-1.7238057005,outage
20260506_001239,2026-05-06 00:12:39,20.0000000000,0.1279248624,7.1494429015,0.1578042402,8.9304504140,-1.7235861154,outage
20260506_001239,2026-05-06 00:12:39,20.0000000000,0.1278497282,7.1542262567,0.1578042402,8.9330019088,-1.7237435687,outage
20260506_001239,2026-05-06 00:12:39,20.0000000000,0.1276743577,7.1654129725,0.1578042402,8.9389631815,-1.7241110963,outage
20260506_001239,2026-05-06 00:12:39,20.0000000000,0.1276510215,7.1669038870,0.1578042402,8.9397570552,-1.7241600044,outage
20260506_001239,2026-05-06 00:12:39,20.0000000000,0.1273937558,7.1833763737,0.1578042402,8.9485185858,-1.7246992089,outage
20260506_001240,2026-05-06 00:12:40,20.0000000000,0.1271180812,7.2011015631,0.1578042402,8.9579267136,-1.7252770527,outage
20260506_001240,2026-05-06 00:12:40,20.0000000000,0.1270632101,7.2046388138,0.1578042402,8.9598017688,-1.7253920754,outage
20260506_001240,2026-05-06 00:12:40,20.0000000000,0.1267368959,7.2257378583,0.1578042402,8.9709693414,-1.7260761546,outage
20260506_001240,2026-05-06 00:12:40,20.0000000000,0.1264600597,7.2437230861,0.1578042402,8.9804661734,-1.7266565729,outage
20260506_001240,2026-05-06 00:12:40,20.0000000000,0.1261298094,7.2652817482,0.1578042402,8.9918226056,-1.7273490576,outage
20260506_001240,2026-05-06 00:12:40,20.0000000000,0.1259968793,7.2739912914,0.1578042402,8.9964021133,-1.7276278155,outage
20260506_001241,2026-05-06 00:12:41,20.0000000000,0.1254511924,7.3099379580,0.1578042402,9.0152520652,-1.7287722789,outage
20260506_001241,2026-05-06 00:12:41,20.0000000000,0.1252964131,7.3201909102,0.1578042402,9.0206136144,-1.7290969378,outage
20260506_001241,2026-05-06 00:12:41,20.0000000000,0.1247747421,7.3549350058,0.1578042402,9.0387331903,-1.7301913121,outage
20260506_001241,2026-05-06 00:12:41,20.0000000000,0.0821570537,11.6837397068,0.1578042402,10.8535514383,-1.8203946697,outage
20260506_001242,2026-05-06 00:12:42,20.0000000000,0.0918277468,10.3490249683,0.1578042402,10.3702607209,-1.7997761935,outage
20260506_001242,2026-05-06 00:12:42,20.0000000000,0.1000950729,9.4124811977,0.1578042402,9.9958729997,-1.7822234130,outage
20260506_001242,2026-05-06 00:12:42,20.0000000000,0.1067035185,8.7682266080,0.1578042402,9.7182125967,-1.7682388890,outage
20260506_001242,2026-05-06 00:12:42,20.0000000000,0.1123799798,8.2753256838,0.1578042402,9.4931105021,-1.7562578364,outage
20260506_001242,2026-05-06 00:12:42,20.0000000000,0.1162231108,7.9689506454,0.1578042402,9.3470750456,-1.7481620808,outage
20260506_001242,2026-05-06 00:12:42,20.0000000000,0.1196132965,7.7150281547,0.1578042402,9.2222054058,-1.7410307165,outage
20260506_001243,2026-05-06 00:12:43,20.0000000000,0.1217887357,7.5595354507,0.1578042402,9.1439287794,-1.7364595473,outage
20260506_001243,2026-05-06 00:12:43,20.0000000000,0.1236618319,7.4300362984,0.1578042402,9.0776432421,-1.7325267141,outage
20260506_001243,2026-05-06 00:12:43,20.0000000000,0.1248780175,7.3480336604,0.1578042402,9.0351400451,-1.7299746416,outage
20260506_001243,2026-05-06 00:12:43,20.0000000000,0.1257032728,7.2932935854,0.1578042402,9.0065341485,-1.7282435646,outage
20260506_001243,2026-05-06 00:12:43,20.0000000000,0.1262849850,7.2551378819,0.1578042402,8.9864828315,-1.7270236676,outage
20260506_001244,2026-05-06 00:12:44,20.0000000000,0.1267870057,7.2224907623,0.1578042402,8.9692525454,-1.7259710999,outage
20260506_001244,2026-05-06 00:12:44,20.0000000000,0.1271094377,7.2016585607,0.1578042402,8.9582220252,-1.7252951714,outage
20260506_001244,2026-05-06 00:12:44,20.0000000000,0.1275507035,7.1733192504,0.1578042402,8.9431714167,-1.7243702553,outage
20260506_001244,2026-05-06 00:12:44,5.0000000000,0.5935483457,0.7642583026,0.6302743993,2.2654390112,-0.7422535253,outage
20260506_001245,2026-05-06 00:12:45,7.8947368421,0.4403981407,1.3743086041,0.4824673132,3.5615452318,-1.0788286452,outage
20260506_001245,2026-05-06 00:12:45,10.7894736842,0.3153160483,2.3122014550,0.3693228037,5.0125392490,-1.3381813088,outage
20260506_001245,2026-05-06 00:12:45,13.6842105263,0.2161683496,3.8267880046,0.2827120711,6.6520789314,-1.5409653644,outage
20260506_001245,2026-05-06 00:12:45,16.5789473684,0.1417328031,6.3564793655,0.2164126189,8.4852962359,-1.6947202176,outage
20260506_001245,2026-05-06 00:12:45,19.4736842105,0.0890878844,10.6977521667,0.1656612023,10.5018135450,-1.8056080819,outage
20260506_001246,2026-05-06 00:12:46,22.3684210526,0.0554240727,17.7967304199,0.1268116161,12.5630156399,-1.8779216794,outage
20260506_001246,2026-05-06 00:12:46,25.2631578947,0.0339734616,29.6585434334,0.0970727349,14.6886020006,-1.9247087900,outage
20260506_001246,2026-05-06 00:12:46,28.1578947368,0.0209193196,48.7839475041,0.0743079866,16.7945244590,-1.9534793311,outage
20260506_001246,2026-05-06 00:12:46,31.0526315789,0.0129419459,79.4644478106,0.0568818513,18.8800041894,-1.9711725008,outage
20260506_001246,2026-05-06 00:12:46,33.9473684211,0.0080483205,128.3832172495,0.0435423586,20.9429473879,-1.9820643919,outage
20260506_001247,2026-05-06 00:12:47,36.8421052632,0.0050073674,206.9510244110,0.0333311409,23.0039053965,-1.9888441218,outage
20260506_001247,2026-05-06 00:12:47,39.7368421053,0.0032091564,323.4681988097,0.0255145790,24.9360911341,-1.9928552220,outage
20260506_001247,2026-05-06 00:12:47,42.6315789474,0.0020444139,508.3183587783,0.0195310969,26.8943116437,-1.9954527692,outage
20260506_001247,2026-05-06 00:12:47,45.5263157895,0.0013172263,789.4870439301,0.0149508149,28.8033962268,-1.9970734619,outage
20260506_001247,2026-05-06 00:12:47,48.4210526316,0.0008463450,1229.2850186534,0.0114446652,30.7245256601,-1.9981219591,outage
20260506_001248,2026-05-06 00:12:48,51.3157894737,0.0005561155,1871.3495058145,0.0087607507,32.5483496137,-1.9987675087,outage
20260506_001248,2026-05-06 00:12:48,54.2105263158,0.0003672511,2834.2285243435,0.0067062471,34.3503689823,-1.9991871123,outage
20260506_001248,2026-05-06 00:12:48,57.1052631579,0.0002447109,4253.9777019128,0.0051335498,36.1134662833,-1.9994590352,outage
20260506_001248,2026-05-06 00:12:48,60.0000000000,0.0001629655,6388.3203455101,0.0039296693,37.8790434395,-1.9996402090,outage
20260506_001248,2026-05-06 00:12:48,5.0000000000,0.5940353510,0.7628201170,0.6302743993,2.2618770943,-0.7411288128,outage
20260506_001249,2026-05-06 00:12:49,7.8947368421,0.4403694412,1.3744626896,0.4824673132,3.5618282587,-1.0788892525,outage
20260506_001249,2026-05-06 00:12:49,10.7894736842,0.3152671182,2.3127139627,0.3693228037,5.0132132297,-1.3382815108,outage
20260506_001249,2026-05-06 00:12:49,13.6842105263,0.2165855316,3.8175100192,0.2827120711,6.6437055849,-1.5401099068,outage
20260506_001249,2026-05-06 00:12:49,16.5789473684,0.1415159612,6.3677362184,0.2164126189,8.4919457440,-1.6951724899,outage
20260506_001249,2026-05-06 00:12:49,19.4736842105,0.0897147364,10.6160878586,0.1656612023,10.4713621435,-1.8042731437,outage
20260506_001250,2026-05-06 00:12:50,22.3684210526,0.0559168460,17.6311703365,0.1268116161,12.5245733330,-1.8768537175,outage
20260506_001250,2026-05-06 00:12:50,25.2631578947,0.0339016876,29.7234301066,0.0970727349,14.6977868208,-1.9248663489,outage
20260506_001250,2026-05-06 00:12:50,28.1578947368,0.0207585767,49.1693692942,0.0743079866,16.8280242751,-1.9538350264,outage
20260506_001250,2026-05-06 00:12:50,31.0526315789,0.0129515754,79.4046302893,0.0568818513,18.8767740284,-1.9711510950,outage
20260506_001250,2026-05-06 00:12:50,33.9473684211,0.0080905534,127.7078849359,0.0435423586,20.9202177011,-1.9819702860,outage
20260506_001251,2026-05-06 00:12:51,36.8421052632,0.0050342499,205.8406354827,0.0333311409,22.9806522680,-1.9887841626,outage
20260506_001251,2026-05-06 00:12:51,39.7368421053,0.0031989472,324.5036839481,0.0255145790,24.9499292619,-1.9928779943,outage
20260506_001251,2026-05-06 00:12:51,42.6315789474,0.0020575747,505.0607078641,0.0195310969,26.8664439717,-1.9954234274,outage
20260506_001251,2026-05-06 00:12:51,45.5263157895,0.0013108814,793.3130580120,0.0149508149,28.8243659504,-1.9970875963,outage
20260506_001251,2026-05-06 00:12:51,48.4210526316,0.0008588670,1211.3479882221,0.0114446652,30.6607407434,-1.9980940920,outage
20260506_001252,2026-05-06 00:12:52,51.3157894737,0.0005576182,1866.3038314893,0.0087607507,32.5366302302,-1.9987641683,outage
20260506_001252,2026-05-06 00:12:52,54.2105263158,0.0003651734,2850.3595629929,0.0067062471,34.3750082366,-1.9991917253,outage
20260506_001252,2026-05-06 00:12:52,57.1052631579,0.0002435081,4274.9953830134,0.0051335498,36.1348657243,-1.9994617025,outage
20260506_001252,2026-05-06 00:12:52,60.0000000000,0.0001622444,6416.7191530682,0.0039296693,37.8983039171,-1.9996418062,outage
20260506_001515,2026-05-06 00:15:15,20.0000000000,0.0821510958,11.6846588471,0.1578042402,10.8538663912,-1.8204074020,outage
20260507_000938,2026-05-07 00:09:38,20.0000000000,0.0821510958,11.6846588471,0.1578042402,10.8538663912,-1.8204074020,outage
20260507_001815,2026-05-07 00:18:15,20.0000000000,0.0821510958,11.6846588471,0.1578042402,10.8538663912,0.0023800839,ok
20260507_002650,2026-05-07 00:26:50,20.0000000000,0.0821510958,11.6846588471,0.1578042402,10.8538663912,0.0023800839,ok
20260507_233334,2026-05-07 23:33:34,20.0000000000,0.0821510958,11.6846588471,0.1578042402,10.8538663912,0.0023800839,ok
20260507_234524,2026-05-07 23:45:24,20.0000000000,0.0821510958,11.6846588471,0.1578042402,10.8538663912,0.0023800839,ok
20260507_234930,2026-05-07 23:49:30,20.0000000000,0.0821510958,11.6846588471,0.1578042402,10.8538663912,0.0023800839,ok
20260509_080623,2026-05-09 08:06:23,20.0000000000,0.0821510958,11.6846588471,0.1578042402,10.8538663912,0.0023800839,ok
