scheme,sample_index,T,symbol_index,k,l,x,y
Learned PS fixed QAM,0,0.06516621137071377,0,0,0,-2.401334618180084,-2.4239916684457268
Learned PS fixed QAM,0,0.06516621137071377,1,0,1,-2.401334618180084,-2.106396644828163
Learned PS fixed QAM,0,0.06516621137071377,2,0,2,-2.401334618180084,-1.7888016212105993
Learned PS fixed QAM,0,0.06516621137071377,3,0,3,-2.401334618180084,-1.4712065975930355
Learned PS fixed QAM,0,0.06516621137071377,4,0,4,-2.401334618180084,-1.1536115739754715
Learned PS fixed QAM,0,0.06516621137071377,5,0,5,-2.401334618180084,-0.8360165503579076
Learned PS fixed QAM,0,0.06516621137071377,6,0,6,-2.401334618180084,-0.5184215267403437
Learned PS fixed QAM,0,0.06516621137071377,7,0,7,-2.401334618180084,-0.2008265031227798
Learned PS fixed QAM,0,0.06516621137071377,8,0,8,-2.401334618180084,0.11676852049478405
Learned PS fixed QAM,0,0.06516621137071377,9,0,9,-2.401334618180084,0.43436354411234795
Learned PS fixed QAM,0,0.06516621137071377,10,0,10,-2.401334618180084,0.7519585677299119
Learned PS fixed QAM,0,0.06516621137071377,11,0,11,-2.401334618180084,1.0695535913474754
Learned PS fixed QAM,0,0.06516621137071377,12,0,12,-2.401334618180084,1.3871486149650396
Learned PS fixed QAM,0,0.06516621137071377,13,0,13,-2.401334618180084,1.7047436385826034
Learned PS fixed QAM,0,0.06516621137071377,14,0,14,-2.401334618180084,2.022338662200167
Learned PS fixed QAM,0,0.06516621137071377,15,0,15,-2.401334618180084,2.3399336858177313
Learned PS fixed QAM,0,0.06516621137071377,16,1,0,-2.0837395945625197,-2.4239916684457268
Learned PS fixed QAM,0,0.06516621137071377,17,1,1,-2.0837395945625197,-2.106396644828163
Learned PS fixed QAM,0,0.06516621137071377,18,1,2,-2.0837395945625197,-1.7888016212105993
Learned PS fixed QAM,0,0.06516621137071377,19,1,3,-2.0837395945625197,-1.4712065975930355
Learned PS fixed QAM,0,0.06516621137071377,20,1,4,-2.0837395945625197,-1.1536115739754715
Learned PS fixed QAM,0,0.06516621137071377,21,1,5,-2.0837395945625197,-0.8360165503579076
Learned PS fixed QAM,0,0.06516621137071377,22,1,6,-2.0837395945625197,-0.5184215267403437
Learned PS fixed QAM,0,0.06516621137071377,23,1,7,-2.0837395945625197,-0.2008265031227798
Learned PS fixed QAM,0,0.06516621137071377,24,1,8,-2.0837395945625197,0.11676852049478405
Learned PS fixed QAM,0,0.06516621137071377,25,1,9,-2.0837395945625197,0.43436354411234795
Learned PS fixed QAM,0,0.06516621137071377,26,1,10,-2.0837395945625197,0.7519585677299119
Learned PS fixed QAM,0,0.06516621137071377,27,1,11,-2.0837395945625197,1.0695535913474754
Learned PS fixed QAM,0,0.06516621137071377,28,1,12,-2.0837395945625197,1.3871486149650396
Learned PS fixed QAM,0,0.06516621137071377,29,1,13,-2.0837395945625197,1.7047436385826034
Learned PS fixed QAM,0,0.06516621137071377,30,1,14,-2.0837395945625197,2.022338662200167
Learned PS fixed QAM,0,0.06516621137071377,31,1,15,-2.0837395945625197,2.3399336858177313
Learned PS fixed QAM,0,0.06516621137071377,32,2,0,-1.7661445709449555,-2.4239916684457268
Learned PS fixed QAM,0,0.06516621137071377,33,2,1,-1.7661445709449555,-2.106396644828163
Learned PS fixed QAM,0,0.06516621137071377,34,2,2,-1.7661445709449555,-1.7888016212105993
Learned PS fixed QAM,0,0.06516621137071377,35,2,3,-1.7661445709449555,-1.4712065975930355
Learned PS fixed QAM,0,0.06516621137071377,36,2,4,-1.7661445709449555,-1.1536115739754715
Learned PS fixed QAM,0,0.06516621137071377,37,2,5,-1.7661445709449555,-0.8360165503579076
Learned PS fixed QAM,0,0.06516621137071377,38,2,6,-1.7661445709449555,-0.5184215267403437
Learned PS fixed QAM,0,0.06516621137071377,39,2,7,-1.7661445709449555,-0.2008265031227798
Learned PS fixed QAM,0,0.06516621137071377,40,2,8,-1.7661445709449555,0.11676852049478405
Learned PS fixed QAM,0,0.06516621137071377,41,2,9,-1.7661445709449555,0.43436354411234795
Learned PS fixed QAM,0,0.06516621137071377,42,2,10,-1.7661445709449555,0.7519585677299119
Learned PS fixed QAM,0,0.06516621137071377,43,2,11,-1.7661445709449555,1.0695535913474754
Learned PS fixed QAM,0,0.06516621137071377,44,2,12,-1.7661445709449555,1.3871486149650396
Learned PS fixed QAM,0,0.06516621137071377,45,2,13,-1.7661445709449555,1.7047436385826034
Learned PS fixed QAM,0,0.06516621137071377,46,2,14,-1.7661445709449555,2.022338662200167
Learned PS fixed QAM,0,0.06516621137071377,47,2,15,-1.7661445709449555,2.3399336858177313
Learned PS fixed QAM,0,0.06516621137071377,48,3,0,-1.4485495473273917,-2.4239916684457268
Learned PS fixed QAM,0,0.06516621137071377,49,3,1,-1.4485495473273917,-2.106396644828163
Learned PS fixed QAM,0,0.06516621137071377,50,3,2,-1.4485495473273917,-1.7888016212105993
Learned PS fixed QAM,0,0.06516621137071377,51,3,3,-1.4485495473273917,-1.4712065975930355
Learned PS fixed QAM,0,0.06516621137071377,52,3,4,-1.4485495473273917,-1.1536115739754715
Learned PS fixed QAM,0,0.06516621137071377,53,3,5,-1.4485495473273917,-0.8360165503579076
Learned PS fixed QAM,0,0.06516621137071377,54,3,6,-1.4485495473273917,-0.5184215267403437
Learned PS fixed QAM,0,0.06516621137071377,55,3,7,-1.4485495473273917,-0.2008265031227798
Learned PS fixed QAM,0,0.06516621137071377,56,3,8,-1.4485495473273917,0.11676852049478405
Learned PS fixed QAM,0,0.06516621137071377,57,3,9,-1.4485495473273917,0.43436354411234795
Learned PS fixed QAM,0,0.06516621137071377,58,3,10,-1.4485495473273917,0.7519585677299119
Learned PS fixed QAM,0,0.06516621137071377,59,3,11,-1.4485495473273917,1.0695535913474754
Learned PS fixed QAM,0,0.06516621137071377,60,3,12,-1.4485495473273917,1.3871486149650396
Learned PS fixed QAM,0,0.06516621137071377,61,3,13,-1.4485495473273917,1.7047436385826034
Learned PS fixed QAM,0,0.06516621137071377,62,3,14,-1.4485495473273917,2.022338662200167
Learned PS fixed QAM,0,0.06516621137071377,63,3,15,-1.4485495473273917,2.3399336858177313
Learned PS fixed QAM,0,0.06516621137071377,64,4,0,-1.1309545237098277,-2.4239916684457268
Learned PS fixed QAM,0,0.06516621137071377,65,4,1,-1.1309545237098277,-2.106396644828163
Learned PS fixed QAM,0,0.06516621137071377,66,4,2,-1.1309545237098277,-1.7888016212105993
Learned PS fixed QAM,0,0.06516621137071377,67,4,3,-1.1309545237098277,-1.4712065975930355
Learned PS fixed QAM,0,0.06516621137071377,68,4,4,-1.1309545237098277,-1.1536115739754715
Learned PS fixed QAM,0,0.06516621137071377,69,4,5,-1.1309545237098277,-0.8360165503579076
Learned PS fixed QAM,0,0.06516621137071377,70,4,6,-1.1309545237098277,-0.5184215267403437
Learned PS fixed QAM,0,0.06516621137071377,71,4,7,-1.1309545237098277,-0.2008265031227798
Learned PS fixed QAM,0,0.06516621137071377,72,4,8,-1.1309545237098277,0.11676852049478405
Learned PS fixed QAM,0,0.06516621137071377,73,4,9,-1.1309545237098277,0.43436354411234795
Learned PS fixed QAM,0,0.06516621137071377,74,4,10,-1.1309545237098277,0.7519585677299119
Learned PS fixed QAM,0,0.06516621137071377,75,4,11,-1.1309545237098277,1.0695535913474754
Learned PS fixed QAM,0,0.06516621137071377,76,4,12,-1.1309545237098277,1.3871486149650396
Learned PS fixed QAM,0,0.06516621137071377,77,4,13,-1.1309545237098277,1.7047436385826034
Learned PS fixed QAM,0,0.06516621137071377,78,4,14,-1.1309545237098277,2.022338662200167
Learned PS fixed QAM,0,0.06516621137071377,79,4,15,-1.1309545237098277,2.3399336858177313
Learned PS fixed QAM,0,0.06516621137071377,80,5,0,-0.813359500092264,-2.4239916684457268
Learned PS fixed QAM,0,0.06516621137071377,81,5,1,-0.813359500092264,-2.106396644828163
Learned PS fixed QAM,0,0.06516621137071377,82,5,2,-0.813359500092264,-1.7888016212105993
Learned PS fixed QAM,0,0.06516621137071377,83,5,3,-0.813359500092264,-1.4712065975930355
Learned PS fixed QAM,0,0.06516621137071377,84,5,4,-0.813359500092264,-1.1536115739754715
Learned PS fixed QAM,0,0.06516621137071377,85,5,5,-0.813359500092264,-0.8360165503579076
Learned PS fixed QAM,0,0.06516621137071377,86,5,6,-0.813359500092264,-0.5184215267403437
Learned PS fixed QAM,0,0.06516621137071377,87,5,7,-0.813359500092264,-0.2008265031227798
Learned PS fixed QAM,0,0.06516621137071377,88,5,8,-0.813359500092264,0.11676852049478405
Learned PS fixed QAM,0,0.06516621137071377,89,5,9,-0.813359500092264,0.43436354411234795
Learned PS fixed QAM,0,0.06516621137071377,90,5,10,-0.813359500092264,0.7519585677299119
Learned PS fixed QAM,0,0.06516621137071377,91,5,11,-0.813359500092264,1.0695535913474754
Learned PS fixed QAM,0,0.06516621137071377,92,5,12,-0.813359500092264,1.3871486149650396
Learned PS fixed QAM,0,0.06516621137071377,93,5,13,-0.813359500092264,1.7047436385826034
Learned PS fixed QAM,0,0.06516621137071377,94,5,14,-0.813359500092264,2.022338662200167
Learned PS fixed QAM,0,0.06516621137071377,95,5,15,-0.813359500092264,2.3399336858177313
Learned PS fixed QAM,0,0.06516621137071377,96,6,0,-0.4957644764747002,-2.4239916684457268
Learned PS fixed QAM,0,0.06516621137071377,97,6,1,-0.4957644764747002,-2.106396644828163
Learned PS fixed QAM,0,0.06516621137071377,98,6,2,-0.4957644764747002,-1.7888016212105993
Learned PS fixed QAM,0,0.06516621137071377,99,6,3,-0.4957644764747002,-1.4712065975930355
Learned PS fixed QAM,0,0.06516621137071377,100,6,4,-0.4957644764747002,-1.1536115739754715
Learned PS fixed QAM,0,0.06516621137071377,101,6,5,-0.4957644764747002,-0.8360165503579076
Learned PS fixed QAM,0,0.06516621137071377,102,6,6,-0.4957644764747002,-0.5184215267403437
Learned PS fixed QAM,0,0.06516621137071377,103,6,7,-0.4957644764747002,-0.2008265031227798
Learned PS fixed QAM,0,0.06516621137071377,104,6,8,-0.4957644764747002,0.11676852049478405
Learned PS fixed QAM,0,0.06516621137071377,105,6,9,-0.4957644764747002,0.43436354411234795
Learned PS fixed QAM,0,0.06516621137071377,106,6,10,-0.4957644764747002,0.7519585677299119
Learned PS fixed QAM,0,0.06516621137071377,107,6,11,-0.4957644764747002,1.0695535913474754
Learned PS fixed QAM,0,0.06516621137071377,108,6,12,-0.4957644764747002,1.3871486149650396
Learned PS fixed QAM,0,0.06516621137071377,109,6,13,-0.4957644764747002,1.7047436385826034
Learned PS fixed QAM,0,0.06516621137071377,110,6,14,-0.4957644764747002,2.022338662200167
Learned PS fixed QAM,0,0.06516621137071377,111,6,15,-0.4957644764747002,2.3399336858177313
Learned PS fixed QAM,0,0.06516621137071377,112,7,0,-0.17816945285713626,-2.4239916684457268
Learned PS fixed QAM,0,0.06516621137071377,113,7,1,-0.17816945285713626,-2.106396644828163
Learned PS fixed QAM,0,0.06516621137071377,114,7,2,-0.17816945285713626,-1.7888016212105993
Learned PS fixed QAM,0,0.06516621137071377,115,7,3,-0.17816945285713626,-1.4712065975930355
Learned PS fixed QAM,0,0.06516621137071377,116,7,4,-0.17816945285713626,-1.1536115739754715
Learned PS fixed QAM,0,0.06516621137071377,117,7,5,-0.17816945285713626,-0.8360165503579076
Learned PS fixed QAM,0,0.06516621137071377,118,7,6,-0.17816945285713626,-0.5184215267403437
Learned PS fixed QAM,0,0.06516621137071377,119,7,7,-0.17816945285713626,-0.2008265031227798
Learned PS fixed QAM,0,0.06516621137071377,120,7,8,-0.17816945285713626,0.11676852049478405
Learned PS fixed QAM,0,0.06516621137071377,121,7,9,-0.17816945285713626,0.43436354411234795
Learned PS fixed QAM,0,0.06516621137071377,122,7,10,-0.17816945285713626,0.7519585677299119
Learned PS fixed QAM,0,0.06516621137071377,123,7,11,-0.17816945285713626,1.0695535913474754
Learned PS fixed QAM,0,0.06516621137071377,124,7,12,-0.17816945285713626,1.3871486149650396
Learned PS fixed QAM,0,0.06516621137071377,125,7,13,-0.17816945285713626,1.7047436385826034
Learned PS fixed QAM,0,0.06516621137071377,126,7,14,-0.17816945285713626,2.022338662200167
Learned PS fixed QAM,0,0.06516621137071377,127,7,15,-0.17816945285713626,2.3399336858177313
Learned PS fixed QAM,0,0.06516621137071377,128,8,0,0.1394255707604276,-2.4239916684457268
Learned PS fixed QAM,0,0.06516621137071377,129,8,1,0.1394255707604276,-2.106396644828163
Learned PS fixed QAM,0,0.06516621137071377,130,8,2,0.1394255707604276,-1.7888016212105993
Learned PS fixed QAM,0,0.06516621137071377,131,8,3,0.1394255707604276,-1.4712065975930355
Learned PS fixed QAM,0,0.06516621137071377,132,8,4,0.1394255707604276,-1.1536115739754715
Learned PS fixed QAM,0,0.06516621137071377,133,8,5,0.1394255707604276,-0.8360165503579076
Learned PS fixed QAM,0,0.06516621137071377,134,8,6,0.1394255707604276,-0.5184215267403437
Learned PS fixed QAM,0,0.06516621137071377,135,8,7,0.1394255707604276,-0.2008265031227798
Learned PS fixed QAM,0,0.06516621137071377,136,8,8,0.1394255707604276,0.11676852049478405
Learned PS fixed QAM,0,0.06516621137071377,137,8,9,0.1394255707604276,0.43436354411234795
Learned PS fixed QAM,0,0.06516621137071377,138,8,10,0.1394255707604276,0.7519585677299119
Learned PS fixed QAM,0,0.06516621137071377,139,8,11,0.1394255707604276,1.0695535913474754
Learned PS fixed QAM,0,0.06516621137071377,140,8,12,0.1394255707604276,1.3871486149650396
Learned PS fixed QAM,0,0.06516621137071377,141,8,13,0.1394255707604276,1.7047436385826034
Learned PS fixed QAM,0,0.06516621137071377,142,8,14,0.1394255707604276,2.022338662200167
Learned PS fixed QAM,0,0.06516621137071377,143,8,15,0.1394255707604276,2.3399336858177313
Learned PS fixed QAM,0,0.06516621137071377,144,9,0,0.4570205943779915,-2.4239916684457268
Learned PS fixed QAM,0,0.06516621137071377,145,9,1,0.4570205943779915,-2.106396644828163
Learned PS fixed QAM,0,0.06516621137071377,146,9,2,0.4570205943779915,-1.7888016212105993
Learned PS fixed QAM,0,0.06516621137071377,147,9,3,0.4570205943779915,-1.4712065975930355
Learned PS fixed QAM,0,0.06516621137071377,148,9,4,0.4570205943779915,-1.1536115739754715
Learned PS fixed QAM,0,0.06516621137071377,149,9,5,0.4570205943779915,-0.8360165503579076
Learned PS fixed QAM,0,0.06516621137071377,150,9,6,0.4570205943779915,-0.5184215267403437
Learned PS fixed QAM,0,0.06516621137071377,151,9,7,0.4570205943779915,-0.2008265031227798
Learned PS fixed QAM,0,0.06516621137071377,152,9,8,0.4570205943779915,0.11676852049478405
Learned PS fixed QAM,0,0.06516621137071377,153,9,9,0.4570205943779915,0.43436354411234795
Learned PS fixed QAM,0,0.06516621137071377,154,9,10,0.4570205943779915,0.7519585677299119
Learned PS fixed QAM,0,0.06516621137071377,155,9,11,0.4570205943779915,1.0695535913474754
Learned PS fixed QAM,0,0.06516621137071377,156,9,12,0.4570205943779915,1.3871486149650396
Learned PS fixed QAM,0,0.06516621137071377,157,9,13,0.4570205943779915,1.7047436385826034
Learned PS fixed QAM,0,0.06516621137071377,158,9,14,0.4570205943779915,2.022338662200167
Learned PS fixed QAM,0,0.06516621137071377,159,9,15,0.4570205943779915,2.3399336858177313
Learned PS fixed QAM,0,0.06516621137071377,160,10,0,0.7746156179955554,-2.4239916684457268
Learned PS fixed QAM,0,0.06516621137071377,161,10,1,0.7746156179955554,-2.106396644828163
Learned PS fixed QAM,0,0.06516621137071377,162,10,2,0.7746156179955554,-1.7888016212105993
Learned PS fixed QAM,0,0.06516621137071377,163,10,3,0.7746156179955554,-1.4712065975930355
Learned PS fixed QAM,0,0.06516621137071377,164,10,4,0.7746156179955554,-1.1536115739754715
Learned PS fixed QAM,0,0.06516621137071377,165,10,5,0.7746156179955554,-0.8360165503579076
Learned PS fixed QAM,0,0.06516621137071377,166,10,6,0.7746156179955554,-0.5184215267403437
Learned PS fixed QAM,0,0.06516621137071377,167,10,7,0.7746156179955554,-0.2008265031227798
Learned PS fixed QAM,0,0.06516621137071377,168,10,8,0.7746156179955554,0.11676852049478405
Learned PS fixed QAM,0,0.06516621137071377,169,10,9,0.7746156179955554,0.43436354411234795
Learned PS fixed QAM,0,0.06516621137071377,170,10,10,0.7746156179955554,0.7519585677299119
Learned PS fixed QAM,0,0.06516621137071377,171,10,11,0.7746156179955554,1.0695535913474754
Learned PS fixed QAM,0,0.06516621137071377,172,10,12,0.7746156179955554,1.3871486149650396
Learned PS fixed QAM,0,0.06516621137071377,173,10,13,0.7746156179955554,1.7047436385826034
Learned PS fixed QAM,0,0.06516621137071377,174,10,14,0.7746156179955554,2.022338662200167
Learned PS fixed QAM,0,0.06516621137071377,175,10,15,0.7746156179955554,2.3399336858177313
Learned PS fixed QAM,0,0.06516621137071377,176,11,0,1.0922106416131192,-2.4239916684457268
Learned PS fixed QAM,0,0.06516621137071377,177,11,1,1.0922106416131192,-2.106396644828163
Learned PS fixed QAM,0,0.06516621137071377,178,11,2,1.0922106416131192,-1.7888016212105993
Learned PS fixed QAM,0,0.06516621137071377,179,11,3,1.0922106416131192,-1.4712065975930355
Learned PS fixed QAM,0,0.06516621137071377,180,11,4,1.0922106416131192,-1.1536115739754715
Learned PS fixed QAM,0,0.06516621137071377,181,11,5,1.0922106416131192,-0.8360165503579076
Learned PS fixed QAM,0,0.06516621137071377,182,11,6,1.0922106416131192,-0.5184215267403437
Learned PS fixed QAM,0,0.06516621137071377,183,11,7,1.0922106416131192,-0.2008265031227798
Learned PS fixed QAM,0,0.06516621137071377,184,11,8,1.0922106416131192,0.11676852049478405
Learned PS fixed QAM,0,0.06516621137071377,185,11,9,1.0922106416131192,0.43436354411234795
Learned PS fixed QAM,0,0.06516621137071377,186,11,10,1.0922106416131192,0.7519585677299119
Learned PS fixed QAM,0,0.06516621137071377,187,11,11,1.0922106416131192,1.0695535913474754
Learned PS fixed QAM,0,0.06516621137071377,188,11,12,1.0922106416131192,1.3871486149650396
Learned PS fixed QAM,0,0.06516621137071377,189,11,13,1.0922106416131192,1.7047436385826034
Learned PS fixed QAM,0,0.06516621137071377,190,11,14,1.0922106416131192,2.022338662200167
Learned PS fixed QAM,0,0.06516621137071377,191,11,15,1.0922106416131192,2.3399336858177313
Learned PS fixed QAM,0,0.06516621137071377,192,12,0,1.4098056652306832,-2.4239916684457268
Learned PS fixed QAM,0,0.06516621137071377,193,12,1,1.4098056652306832,-2.106396644828163
Learned PS fixed QAM,0,0.06516621137071377,194,12,2,1.4098056652306832,-1.7888016212105993
Learned PS fixed QAM,0,0.06516621137071377,195,12,3,1.4098056652306832,-1.4712065975930355
Learned PS fixed QAM,0,0.06516621137071377,196,12,4,1.4098056652306832,-1.1536115739754715
Learned PS fixed QAM,0,0.06516621137071377,197,12,5,1.4098056652306832,-0.8360165503579076
Learned PS fixed QAM,0,0.06516621137071377,198,12,6,1.4098056652306832,-0.5184215267403437
Learned PS fixed QAM,0,0.06516621137071377,199,12,7,1.4098056652306832,-0.2008265031227798
Learned PS fixed QAM,0,0.06516621137071377,200,12,8,1.4098056652306832,0.11676852049478405
Learned PS fixed QAM,0,0.06516621137071377,201,12,9,1.4098056652306832,0.43436354411234795
Learned PS fixed QAM,0,0.06516621137071377,202,12,10,1.4098056652306832,0.7519585677299119
Learned PS fixed QAM,0,0.06516621137071377,203,12,11,1.4098056652306832,1.0695535913474754
Learned PS fixed QAM,0,0.06516621137071377,204,12,12,1.4098056652306832,1.3871486149650396
Learned PS fixed QAM,0,0.06516621137071377,205,12,13,1.4098056652306832,1.7047436385826034
Learned PS fixed QAM,0,0.06516621137071377,206,12,14,1.4098056652306832,2.022338662200167
Learned PS fixed QAM,0,0.06516621137071377,207,12,15,1.4098056652306832,2.3399336858177313
Learned PS fixed QAM,0,0.06516621137071377,208,13,0,1.727400688848247,-2.4239916684457268
Learned PS fixed QAM,0,0.06516621137071377,209,13,1,1.727400688848247,-2.106396644828163
Learned PS fixed QAM,0,0.06516621137071377,210,13,2,1.727400688848247,-1.7888016212105993
Learned PS fixed QAM,0,0.06516621137071377,211,13,3,1.727400688848247,-1.4712065975930355
Learned PS fixed QAM,0,0.06516621137071377,212,13,4,1.727400688848247,-1.1536115739754715
Learned PS fixed QAM,0,0.06516621137071377,213,13,5,1.727400688848247,-0.8360165503579076
Learned PS fixed QAM,0,0.06516621137071377,214,13,6,1.727400688848247,-0.5184215267403437
Learned PS fixed QAM,0,0.06516621137071377,215,13,7,1.727400688848247,-0.2008265031227798
Learned PS fixed QAM,0,0.06516621137071377,216,13,8,1.727400688848247,0.11676852049478405
Learned PS fixed QAM,0,0.06516621137071377,217,13,9,1.727400688848247,0.43436354411234795
Learned PS fixed QAM,0,0.06516621137071377,218,13,10,1.727400688848247,0.7519585677299119
Learned PS fixed QAM,0,0.06516621137071377,219,13,11,1.727400688848247,1.0695535913474754
Learned PS fixed QAM,0,0.06516621137071377,220,13,12,1.727400688848247,1.3871486149650396
Learned PS fixed QAM,0,0.06516621137071377,221,13,13,1.727400688848247,1.7047436385826034
Learned PS fixed QAM,0,0.06516621137071377,222,13,14,1.727400688848247,2.022338662200167
Learned PS fixed QAM,0,0.06516621137071377,223,13,15,1.727400688848247,2.3399336858177313
Learned PS fixed QAM,0,0.06516621137071377,224,14,0,2.044995712465811,-2.4239916684457268
Learned PS fixed QAM,0,0.06516621137071377,225,14,1,2.044995712465811,-2.106396644828163
Learned PS fixed QAM,0,0.06516621137071377,226,14,2,2.044995712465811,-1.7888016212105993
Learned PS fixed QAM,0,0.06516621137071377,227,14,3,2.044995712465811,-1.4712065975930355
Learned PS fixed QAM,0,0.06516621137071377,228,14,4,2.044995712465811,-1.1536115739754715
Learned PS fixed QAM,0,0.06516621137071377,229,14,5,2.044995712465811,-0.8360165503579076
Learned PS fixed QAM,0,0.06516621137071377,230,14,6,2.044995712465811,-0.5184215267403437
Learned PS fixed QAM,0,0.06516621137071377,231,14,7,2.044995712465811,-0.2008265031227798
Learned PS fixed QAM,0,0.06516621137071377,232,14,8,2.044995712465811,0.11676852049478405
Learned PS fixed QAM,0,0.06516621137071377,233,14,9,2.044995712465811,0.43436354411234795
Learned PS fixed QAM,0,0.06516621137071377,234,14,10,2.044995712465811,0.7519585677299119
Learned PS fixed QAM,0,0.06516621137071377,235,14,11,2.044995712465811,1.0695535913474754
Learned PS fixed QAM,0,0.06516621137071377,236,14,12,2.044995712465811,1.3871486149650396
Learned PS fixed QAM,0,0.06516621137071377,237,14,13,2.044995712465811,1.7047436385826034
Learned PS fixed QAM,0,0.06516621137071377,238,14,14,2.044995712465811,2.022338662200167
Learned PS fixed QAM,0,0.06516621137071377,239,14,15,2.044995712465811,2.3399336858177313
Learned PS fixed QAM,0,0.06516621137071377,240,15,0,2.3625907360833747,-2.4239916684457268
Learned PS fixed QAM,0,0.06516621137071377,241,15,1,2.3625907360833747,-2.106396644828163
Learned PS fixed QAM,0,0.06516621137071377,242,15,2,2.3625907360833747,-1.7888016212105993
Learned PS fixed QAM,0,0.06516621137071377,243,15,3,2.3625907360833747,-1.4712065975930355
Learned PS fixed QAM,0,0.06516621137071377,244,15,4,2.3625907360833747,-1.1536115739754715
Learned PS fixed QAM,0,0.06516621137071377,245,15,5,2.3625907360833747,-0.8360165503579076
Learned PS fixed QAM,0,0.06516621137071377,246,15,6,2.3625907360833747,-0.5184215267403437
Learned PS fixed QAM,0,0.06516621137071377,247,15,7,2.3625907360833747,-0.2008265031227798
Learned PS fixed QAM,0,0.06516621137071377,248,15,8,2.3625907360833747,0.11676852049478405
Learned PS fixed QAM,0,0.06516621137071377,249,15,9,2.3625907360833747,0.43436354411234795
Learned PS fixed QAM,0,0.06516621137071377,250,15,10,2.3625907360833747,0.7519585677299119
Learned PS fixed QAM,0,0.06516621137071377,251,15,11,2.3625907360833747,1.0695535913474754
Learned PS fixed QAM,0,0.06516621137071377,252,15,12,2.3625907360833747,1.3871486149650396
Learned PS fixed QAM,0,0.06516621137071377,253,15,13,2.3625907360833747,1.7047436385826034
Learned PS fixed QAM,0,0.06516621137071377,254,15,14,2.3625907360833747,2.022338662200167
Learned PS fixed QAM,0,0.06516621137071377,255,15,15,2.3625907360833747,2.3399336858177313
Learned PS fixed QAM,1,0.05555238316866061,0,0,0,-2.403218458536222,-2.427351233276624
Learned PS fixed QAM,1,0.05555238316866061,1,0,1,-2.403218458536222,-2.1096864115363756
Learned PS fixed QAM,1,0.05555238316866061,2,0,2,-2.403218458536222,-1.7920215897961267
Learned PS fixed QAM,1,0.05555238316866061,3,0,3,-2.403218458536222,-1.4743567680558785
Learned PS fixed QAM,1,0.05555238316866061,4,0,4,-2.403218458536222,-1.1566919463156298
Learned PS fixed QAM,1,0.05555238316866061,5,0,5,-2.403218458536222,-0.8390271245753813
Learned PS fixed QAM,1,0.05555238316866061,6,0,6,-2.403218458536222,-0.5213623028351327
Learned PS fixed QAM,1,0.05555238316866061,7,0,7,-2.403218458536222,-0.20369748109488423
Learned PS fixed QAM,1,0.05555238316866061,8,0,8,-2.403218458536222,0.11396734064536428
Learned PS fixed QAM,1,0.05555238316866061,9,0,9,-2.403218458536222,0.43163216238561275
Learned PS fixed QAM,1,0.05555238316866061,10,0,10,-2.403218458536222,0.7492969841258613
Learned PS fixed QAM,1,0.05555238316866061,11,0,11,-2.403218458536222,1.0669618058661097
Learned PS fixed QAM,1,0.05555238316866061,12,0,12,-2.403218458536222,1.3846266276063584
Learned PS fixed QAM,1,0.05555238316866061,13,0,13,-2.403218458536222,1.7022914493466068
Learned PS fixed QAM,1,0.05555238316866061,14,0,14,-2.403218458536222,2.0199562710868553
Learned PS fixed QAM,1,0.05555238316866061,15,0,15,-2.403218458536222,2.337621092827104
Learned PS fixed QAM,1,0.05555238316866061,16,1,0,-2.0855536367959733,-2.427351233276624
Learned PS fixed QAM,1,0.05555238316866061,17,1,1,-2.0855536367959733,-2.1096864115363756
Learned PS fixed QAM,1,0.05555238316866061,18,1,2,-2.0855536367959733,-1.7920215897961267
Learned PS fixed QAM,1,0.05555238316866061,19,1,3,-2.0855536367959733,-1.4743567680558785
Learned PS fixed QAM,1,0.05555238316866061,20,1,4,-2.0855536367959733,-1.1566919463156298
Learned PS fixed QAM,1,0.05555238316866061,21,1,5,-2.0855536367959733,-0.8390271245753813
Learned PS fixed QAM,1,0.05555238316866061,22,1,6,-2.0855536367959733,-0.5213623028351327
Learned PS fixed QAM,1,0.05555238316866061,23,1,7,-2.0855536367959733,-0.20369748109488423
Learned PS fixed QAM,1,0.05555238316866061,24,1,8,-2.0855536367959733,0.11396734064536428
Learned PS fixed QAM,1,0.05555238316866061,25,1,9,-2.0855536367959733,0.43163216238561275
Learned PS fixed QAM,1,0.05555238316866061,26,1,10,-2.0855536367959733,0.7492969841258613
Learned PS fixed QAM,1,0.05555238316866061,27,1,11,-2.0855536367959733,1.0669618058661097
Learned PS fixed QAM,1,0.05555238316866061,28,1,12,-2.0855536367959733,1.3846266276063584
Learned PS fixed QAM,1,0.05555238316866061,29,1,13,-2.0855536367959733,1.7022914493466068
Learned PS fixed QAM,1,0.05555238316866061,30,1,14,-2.0855536367959733,2.0199562710868553
Learned PS fixed QAM,1,0.05555238316866061,31,1,15,-2.0855536367959733,2.337621092827104
Learned PS fixed QAM,1,0.05555238316866061,32,2,0,-1.7678888150557246,-2.427351233276624
Learned PS fixed QAM,1,0.05555238316866061,33,2,1,-1.7678888150557246,-2.1096864115363756
Learned PS fixed QAM,1,0.05555238316866061,34,2,2,-1.7678888150557246,-1.7920215897961267
Learned PS fixed QAM,1,0.05555238316866061,35,2,3,-1.7678888150557246,-1.4743567680558785
Learned PS fixed QAM,1,0.05555238316866061,36,2,4,-1.7678888150557246,-1.1566919463156298
Learned PS fixed QAM,1,0.05555238316866061,37,2,5,-1.7678888150557246,-0.8390271245753813
Learned PS fixed QAM,1,0.05555238316866061,38,2,6,-1.7678888150557246,-0.5213623028351327
Learned PS fixed QAM,1,0.05555238316866061,39,2,7,-1.7678888150557246,-0.20369748109488423
Learned PS fixed QAM,1,0.05555238316866061,40,2,8,-1.7678888150557246,0.11396734064536428
Learned PS fixed QAM,1,0.05555238316866061,41,2,9,-1.7678888150557246,0.43163216238561275
Learned PS fixed QAM,1,0.05555238316866061,42,2,10,-1.7678888150557246,0.7492969841258613
Learned PS fixed QAM,1,0.05555238316866061,43,2,11,-1.7678888150557246,1.0669618058661097
Learned PS fixed QAM,1,0.05555238316866061,44,2,12,-1.7678888150557246,1.3846266276063584
Learned PS fixed QAM,1,0.05555238316866061,45,2,13,-1.7678888150557246,1.7022914493466068
Learned PS fixed QAM,1,0.05555238316866061,46,2,14,-1.7678888150557246,2.0199562710868553
Learned PS fixed QAM,1,0.05555238316866061,47,2,15,-1.7678888150557246,2.337621092827104
Learned PS fixed QAM,1,0.05555238316866061,48,3,0,-1.4502239933154761,-2.427351233276624
Learned PS fixed QAM,1,0.05555238316866061,49,3,1,-1.4502239933154761,-2.1096864115363756
Learned PS fixed QAM,1,0.05555238316866061,50,3,2,-1.4502239933154761,-1.7920215897961267
Learned PS fixed QAM,1,0.05555238316866061,51,3,3,-1.4502239933154761,-1.4743567680558785
Learned PS fixed QAM,1,0.05555238316866061,52,3,4,-1.4502239933154761,-1.1566919463156298
Learned PS fixed QAM,1,0.05555238316866061,53,3,5,-1.4502239933154761,-0.8390271245753813
Learned PS fixed QAM,1,0.05555238316866061,54,3,6,-1.4502239933154761,-0.5213623028351327
Learned PS fixed QAM,1,0.05555238316866061,55,3,7,-1.4502239933154761,-0.20369748109488423
Learned PS fixed QAM,1,0.05555238316866061,56,3,8,-1.4502239933154761,0.11396734064536428
Learned PS fixed QAM,1,0.05555238316866061,57,3,9,-1.4502239933154761,0.43163216238561275
Learned PS fixed QAM,1,0.05555238316866061,58,3,10,-1.4502239933154761,0.7492969841258613
Learned PS fixed QAM,1,0.05555238316866061,59,3,11,-1.4502239933154761,1.0669618058661097
Learned PS fixed QAM,1,0.05555238316866061,60,3,12,-1.4502239933154761,1.3846266276063584
Learned PS fixed QAM,1,0.05555238316866061,61,3,13,-1.4502239933154761,1.7022914493466068
Learned PS fixed QAM,1,0.05555238316866061,62,3,14,-1.4502239933154761,2.0199562710868553
Learned PS fixed QAM,1,0.05555238316866061,63,3,15,-1.4502239933154761,2.337621092827104
Learned PS fixed QAM,1,0.05555238316866061,64,4,0,-1.1325591715752277,-2.427351233276624
Learned PS fixed QAM,1,0.05555238316866061,65,4,1,-1.1325591715752277,-2.1096864115363756
Learned PS fixed QAM,1,0.05555238316866061,66,4,2,-1.1325591715752277,-1.7920215897961267
Learned PS fixed QAM,1,0.05555238316866061,67,4,3,-1.1325591715752277,-1.4743567680558785
Learned PS fixed QAM,1,0.05555238316866061,68,4,4,-1.1325591715752277,-1.1566919463156298
Learned PS fixed QAM,1,0.05555238316866061,69,4,5,-1.1325591715752277,-0.8390271245753813
Learned PS fixed QAM,1,0.05555238316866061,70,4,6,-1.1325591715752277,-0.5213623028351327
Learned PS fixed QAM,1,0.05555238316866061,71,4,7,-1.1325591715752277,-0.20369748109488423
Learned PS fixed QAM,1,0.05555238316866061,72,4,8,-1.1325591715752277,0.11396734064536428
Learned PS fixed QAM,1,0.05555238316866061,73,4,9,-1.1325591715752277,0.43163216238561275
Learned PS fixed QAM,1,0.05555238316866061,74,4,10,-1.1325591715752277,0.7492969841258613
Learned PS fixed QAM,1,0.05555238316866061,75,4,11,-1.1325591715752277,1.0669618058661097
Learned PS fixed QAM,1,0.05555238316866061,76,4,12,-1.1325591715752277,1.3846266276063584
Learned PS fixed QAM,1,0.05555238316866061,77,4,13,-1.1325591715752277,1.7022914493466068
Learned PS fixed QAM,1,0.05555238316866061,78,4,14,-1.1325591715752277,2.0199562710868553
Learned PS fixed QAM,1,0.05555238316866061,79,4,15,-1.1325591715752277,2.337621092827104
Learned PS fixed QAM,1,0.05555238316866061,80,5,0,-0.8148943498349793,-2.427351233276624
Learned PS fixed QAM,1,0.05555238316866061,81,5,1,-0.8148943498349793,-2.1096864115363756
Learned PS fixed QAM,1,0.05555238316866061,82,5,2,-0.8148943498349793,-1.7920215897961267
Learned PS fixed QAM,1,0.05555238316866061,83,5,3,-0.8148943498349793,-1.4743567680558785
Learned PS fixed QAM,1,0.05555238316866061,84,5,4,-0.8148943498349793,-1.1566919463156298
Learned PS fixed QAM,1,0.05555238316866061,85,5,5,-0.8148943498349793,-0.8390271245753813
Learned PS fixed QAM,1,0.05555238316866061,86,5,6,-0.8148943498349793,-0.5213623028351327
Learned PS fixed QAM,1,0.05555238316866061,87,5,7,-0.8148943498349793,-0.20369748109488423
Learned PS fixed QAM,1,0.05555238316866061,88,5,8,-0.8148943498349793,0.11396734064536428
Learned PS fixed QAM,1,0.05555238316866061,89,5,9,-0.8148943498349793,0.43163216238561275
Learned PS fixed QAM,1,0.05555238316866061,90,5,10,-0.8148943498349793,0.7492969841258613
Learned PS fixed QAM,1,0.05555238316866061,91,5,11,-0.8148943498349793,1.0669618058661097
Learned PS fixed QAM,1,0.05555238316866061,92,5,12,-0.8148943498349793,1.3846266276063584
Learned PS fixed QAM,1,0.05555238316866061,93,5,13,-0.8148943498349793,1.7022914493466068
Learned PS fixed QAM,1,0.05555238316866061,94,5,14,-0.8148943498349793,2.0199562710868553
Learned PS fixed QAM,1,0.05555238316866061,95,5,15,-0.8148943498349793,2.337621092827104
Learned PS fixed QAM,1,0.05555238316866061,96,6,0,-0.49722952809473064,-2.427351233276624
Learned PS fixed QAM,1,0.05555238316866061,97,6,1,-0.49722952809473064,-2.1096864115363756
Learned PS fixed QAM,1,0.05555238316866061,98,6,2,-0.49722952809473064,-1.7920215897961267
Learned PS fixed QAM,1,0.05555238316866061,99,6,3,-0.49722952809473064,-1.4743567680558785
Learned PS fixed QAM,1,0.05555238316866061,100,6,4,-0.49722952809473064,-1.1566919463156298
Learned PS fixed QAM,1,0.05555238316866061,101,6,5,-0.49722952809473064,-0.8390271245753813
Learned PS fixed QAM,1,0.05555238316866061,102,6,6,-0.49722952809473064,-0.5213623028351327
Learned PS fixed QAM,1,0.05555238316866061,103,6,7,-0.49722952809473064,-0.20369748109488423
Learned PS fixed QAM,1,0.05555238316866061,104,6,8,-0.49722952809473064,0.11396734064536428
Learned PS fixed QAM,1,0.05555238316866061,105,6,9,-0.49722952809473064,0.43163216238561275
Learned PS fixed QAM,1,0.05555238316866061,106,6,10,-0.49722952809473064,0.7492969841258613
Learned PS fixed QAM,1,0.05555238316866061,107,6,11,-0.49722952809473064,1.0669618058661097
Learned PS fixed QAM,1,0.05555238316866061,108,6,12,-0.49722952809473064,1.3846266276063584
Learned PS fixed QAM,1,0.05555238316866061,109,6,13,-0.49722952809473064,1.7022914493466068
Learned PS fixed QAM,1,0.05555238316866061,110,6,14,-0.49722952809473064,2.0199562710868553
Learned PS fixed QAM,1,0.05555238316866061,111,6,15,-0.49722952809473064,2.337621092827104
Learned PS fixed QAM,1,0.05555238316866061,112,7,0,-0.17956470635448218,-2.427351233276624
Learned PS fixed QAM,1,0.05555238316866061,113,7,1,-0.17956470635448218,-2.1096864115363756
Learned PS fixed QAM,1,0.05555238316866061,114,7,2,-0.17956470635448218,-1.7920215897961267
Learned PS fixed QAM,1,0.05555238316866061,115,7,3,-0.17956470635448218,-1.4743567680558785
Learned PS fixed QAM,1,0.05555238316866061,116,7,4,-0.17956470635448218,-1.1566919463156298
Learned PS fixed QAM,1,0.05555238316866061,117,7,5,-0.17956470635448218,-0.8390271245753813
Learned PS fixed QAM,1,0.05555238316866061,118,7,6,-0.17956470635448218,-0.5213623028351327
Learned PS fixed QAM,1,0.05555238316866061,119,7,7,-0.17956470635448218,-0.20369748109488423
Learned PS fixed QAM,1,0.05555238316866061,120,7,8,-0.17956470635448218,0.11396734064536428
Learned PS fixed QAM,1,0.05555238316866061,121,7,9,-0.17956470635448218,0.43163216238561275
Learned PS fixed QAM,1,0.05555238316866061,122,7,10,-0.17956470635448218,0.7492969841258613
Learned PS fixed QAM,1,0.05555238316866061,123,7,11,-0.17956470635448218,1.0669618058661097
Learned PS fixed QAM,1,0.05555238316866061,124,7,12,-0.17956470635448218,1.3846266276063584
Learned PS fixed QAM,1,0.05555238316866061,125,7,13,-0.17956470635448218,1.7022914493466068
Learned PS fixed QAM,1,0.05555238316866061,126,7,14,-0.17956470635448218,2.0199562710868553
Learned PS fixed QAM,1,0.05555238316866061,127,7,15,-0.17956470635448218,2.337621092827104
Learned PS fixed QAM,1,0.05555238316866061,128,8,0,0.13810011538576633,-2.427351233276624
Learned PS fixed QAM,1,0.05555238316866061,129,8,1,0.13810011538576633,-2.1096864115363756
Learned PS fixed QAM,1,0.05555238316866061,130,8,2,0.13810011538576633,-1.7920215897961267
Learned PS fixed QAM,1,0.05555238316866061,131,8,3,0.13810011538576633,-1.4743567680558785
Learned PS fixed QAM,1,0.05555238316866061,132,8,4,0.13810011538576633,-1.1566919463156298
Learned PS fixed QAM,1,0.05555238316866061,133,8,5,0.13810011538576633,-0.8390271245753813
Learned PS fixed QAM,1,0.05555238316866061,134,8,6,0.13810011538576633,-0.5213623028351327
Learned PS fixed QAM,1,0.05555238316866061,135,8,7,0.13810011538576633,-0.20369748109488423
Learned PS fixed QAM,1,0.05555238316866061,136,8,8,0.13810011538576633,0.11396734064536428
Learned PS fixed QAM,1,0.05555238316866061,137,8,9,0.13810011538576633,0.43163216238561275
Learned PS fixed QAM,1,0.05555238316866061,138,8,10,0.13810011538576633,0.7492969841258613
Learned PS fixed QAM,1,0.05555238316866061,139,8,11,0.13810011538576633,1.0669618058661097
Learned PS fixed QAM,1,0.05555238316866061,140,8,12,0.13810011538576633,1.3846266276063584
Learned PS fixed QAM,1,0.05555238316866061,141,8,13,0.13810011538576633,1.7022914493466068
Learned PS fixed QAM,1,0.05555238316866061,142,8,14,0.13810011538576633,2.0199562710868553
Learned PS fixed QAM,1,0.05555238316866061,143,8,15,0.13810011538576633,2.337621092827104
Learned PS fixed QAM,1,0.05555238316866061,144,9,0,0.45576493712601485,-2.427351233276624
Learned PS fixed QAM,1,0.05555238316866061,145,9,1,0.45576493712601485,-2.1096864115363756
Learned PS fixed QAM,1,0.05555238316866061,146,9,2,0.45576493712601485,-1.7920215897961267
Learned PS fixed QAM,1,0.05555238316866061,147,9,3,0.45576493712601485,-1.4743567680558785
Learned PS fixed QAM,1,0.05555238316866061,148,9,4,0.45576493712601485,-1.1566919463156298
Learned PS fixed QAM,1,0.05555238316866061,149,9,5,0.45576493712601485,-0.8390271245753813
Learned PS fixed QAM,1,0.05555238316866061,150,9,6,0.45576493712601485,-0.5213623028351327
Learned PS fixed QAM,1,0.05555238316866061,151,9,7,0.45576493712601485,-0.20369748109488423
Learned PS fixed QAM,1,0.05555238316866061,152,9,8,0.45576493712601485,0.11396734064536428
Learned PS fixed QAM,1,0.05555238316866061,153,9,9,0.45576493712601485,0.43163216238561275
Learned PS fixed QAM,1,0.05555238316866061,154,9,10,0.45576493712601485,0.7492969841258613
Learned PS fixed QAM,1,0.05555238316866061,155,9,11,0.45576493712601485,1.0669618058661097
Learned PS fixed QAM,1,0.05555238316866061,156,9,12,0.45576493712601485,1.3846266276063584
Learned PS fixed QAM,1,0.05555238316866061,157,9,13,0.45576493712601485,1.7022914493466068
Learned PS fixed QAM,1,0.05555238316866061,158,9,14,0.45576493712601485,2.0199562710868553
Learned PS fixed QAM,1,0.05555238316866061,159,9,15,0.45576493712601485,2.337621092827104
Learned PS fixed QAM,1,0.05555238316866061,160,10,0,0.7734297588662634,-2.427351233276624
Learned PS fixed QAM,1,0.05555238316866061,161,10,1,0.7734297588662634,-2.1096864115363756
Learned PS fixed QAM,1,0.05555238316866061,162,10,2,0.7734297588662634,-1.7920215897961267
Learned PS fixed QAM,1,0.05555238316866061,163,10,3,0.7734297588662634,-1.4743567680558785
Learned PS fixed QAM,1,0.05555238316866061,164,10,4,0.7734297588662634,-1.1566919463156298
Learned PS fixed QAM,1,0.05555238316866061,165,10,5,0.7734297588662634,-0.8390271245753813
Learned PS fixed QAM,1,0.05555238316866061,166,10,6,0.7734297588662634,-0.5213623028351327
Learned PS fixed QAM,1,0.05555238316866061,167,10,7,0.7734297588662634,-0.20369748109488423
Learned PS fixed QAM,1,0.05555238316866061,168,10,8,0.7734297588662634,0.11396734064536428
Learned PS fixed QAM,1,0.05555238316866061,169,10,9,0.7734297588662634,0.43163216238561275
Learned PS fixed QAM,1,0.05555238316866061,170,10,10,0.7734297588662634,0.7492969841258613
Learned PS fixed QAM,1,0.05555238316866061,171,10,11,0.7734297588662634,1.0669618058661097
Learned PS fixed QAM,1,0.05555238316866061,172,10,12,0.7734297588662634,1.3846266276063584
Learned PS fixed QAM,1,0.05555238316866061,173,10,13,0.7734297588662634,1.7022914493466068
Learned PS fixed QAM,1,0.05555238316866061,174,10,14,0.7734297588662634,2.0199562710868553
Learned PS fixed QAM,1,0.05555238316866061,175,10,15,0.7734297588662634,2.337621092827104
Learned PS fixed QAM,1,0.05555238316866061,176,11,0,1.091094580606512,-2.427351233276624
Learned PS fixed QAM,1,0.05555238316866061,177,11,1,1.091094580606512,-2.1096864115363756
Learned PS fixed QAM,1,0.05555238316866061,178,11,2,1.091094580606512,-1.7920215897961267
Learned PS fixed QAM,1,0.05555238316866061,179,11,3,1.091094580606512,-1.4743567680558785
Learned PS fixed QAM,1,0.05555238316866061,180,11,4,1.091094580606512,-1.1566919463156298
Learned PS fixed QAM,1,0.05555238316866061,181,11,5,1.091094580606512,-0.8390271245753813
Learned PS fixed QAM,1,0.05555238316866061,182,11,6,1.091094580606512,-0.5213623028351327
Learned PS fixed QAM,1,0.05555238316866061,183,11,7,1.091094580606512,-0.20369748109488423
Learned PS fixed QAM,1,0.05555238316866061,184,11,8,1.091094580606512,0.11396734064536428
Learned PS fixed QAM,1,0.05555238316866061,185,11,9,1.091094580606512,0.43163216238561275
Learned PS fixed QAM,1,0.05555238316866061,186,11,10,1.091094580606512,0.7492969841258613
Learned PS fixed QAM,1,0.05555238316866061,187,11,11,1.091094580606512,1.0669618058661097
Learned PS fixed QAM,1,0.05555238316866061,188,11,12,1.091094580606512,1.3846266276063584
Learned PS fixed QAM,1,0.05555238316866061,189,11,13,1.091094580606512,1.7022914493466068
Learned PS fixed QAM,1,0.05555238316866061,190,11,14,1.091094580606512,2.0199562710868553
Learned PS fixed QAM,1,0.05555238316866061,191,11,15,1.091094580606512,2.337621092827104
Learned PS fixed QAM,1,0.05555238316866061,192,12,0,1.4087594023467604,-2.427351233276624
Learned PS fixed QAM,1,0.05555238316866061,193,12,1,1.4087594023467604,-2.1096864115363756
Learned PS fixed QAM,1,0.05555238316866061,194,12,2,1.4087594023467604,-1.7920215897961267
Learned PS fixed QAM,1,0.05555238316866061,195,12,3,1.4087594023467604,-1.4743567680558785
Learned PS fixed QAM,1,0.05555238316866061,196,12,4,1.4087594023467604,-1.1566919463156298
Learned PS fixed QAM,1,0.05555238316866061,197,12,5,1.4087594023467604,-0.8390271245753813
Learned PS fixed QAM,1,0.05555238316866061,198,12,6,1.4087594023467604,-0.5213623028351327
Learned PS fixed QAM,1,0.05555238316866061,199,12,7,1.4087594023467604,-0.20369748109488423
Learned PS fixed QAM,1,0.05555238316866061,200,12,8,1.4087594023467604,0.11396734064536428
Learned PS fixed QAM,1,0.05555238316866061,201,12,9,1.4087594023467604,0.43163216238561275
Learned PS fixed QAM,1,0.05555238316866061,202,12,10,1.4087594023467604,0.7492969841258613
Learned PS fixed QAM,1,0.05555238316866061,203,12,11,1.4087594023467604,1.0669618058661097
Learned PS fixed QAM,1,0.05555238316866061,204,12,12,1.4087594023467604,1.3846266276063584
Learned PS fixed QAM,1,0.05555238316866061,205,12,13,1.4087594023467604,1.7022914493466068
Learned PS fixed QAM,1,0.05555238316866061,206,12,14,1.4087594023467604,2.0199562710868553
Learned PS fixed QAM,1,0.05555238316866061,207,12,15,1.4087594023467604,2.337621092827104
Learned PS fixed QAM,1,0.05555238316866061,208,13,0,1.726424224087009,-2.427351233276624
Learned PS fixed QAM,1,0.05555238316866061,209,13,1,1.726424224087009,-2.1096864115363756
Learned PS fixed QAM,1,0.05555238316866061,210,13,2,1.726424224087009,-1.7920215897961267
Learned PS fixed QAM,1,0.05555238316866061,211,13,3,1.726424224087009,-1.4743567680558785
Learned PS fixed QAM,1,0.05555238316866061,212,13,4,1.726424224087009,-1.1566919463156298
Learned PS fixed QAM,1,0.05555238316866061,213,13,5,1.726424224087009,-0.8390271245753813
Learned PS fixed QAM,1,0.05555238316866061,214,13,6,1.726424224087009,-0.5213623028351327
Learned PS fixed QAM,1,0.05555238316866061,215,13,7,1.726424224087009,-0.20369748109488423
Learned PS fixed QAM,1,0.05555238316866061,216,13,8,1.726424224087009,0.11396734064536428
Learned PS fixed QAM,1,0.05555238316866061,217,13,9,1.726424224087009,0.43163216238561275
Learned PS fixed QAM,1,0.05555238316866061,218,13,10,1.726424224087009,0.7492969841258613
Learned PS fixed QAM,1,0.05555238316866061,219,13,11,1.726424224087009,1.0669618058661097
Learned PS fixed QAM,1,0.05555238316866061,220,13,12,1.726424224087009,1.3846266276063584
Learned PS fixed QAM,1,0.05555238316866061,221,13,13,1.726424224087009,1.7022914493466068
Learned PS fixed QAM,1,0.05555238316866061,222,13,14,1.726424224087009,2.0199562710868553
Learned PS fixed QAM,1,0.05555238316866061,223,13,15,1.726424224087009,2.337621092827104
Learned PS fixed QAM,1,0.05555238316866061,224,14,0,2.0440890458272576,-2.427351233276624
Learned PS fixed QAM,1,0.05555238316866061,225,14,1,2.0440890458272576,-2.1096864115363756
Learned PS fixed QAM,1,0.05555238316866061,226,14,2,2.0440890458272576,-1.7920215897961267
Learned PS fixed QAM,1,0.05555238316866061,227,14,3,2.0440890458272576,-1.4743567680558785
Learned PS fixed QAM,1,0.05555238316866061,228,14,4,2.0440890458272576,-1.1566919463156298
Learned PS fixed QAM,1,0.05555238316866061,229,14,5,2.0440890458272576,-0.8390271245753813
Learned PS fixed QAM,1,0.05555238316866061,230,14,6,2.0440890458272576,-0.5213623028351327
Learned PS fixed QAM,1,0.05555238316866061,231,14,7,2.0440890458272576,-0.20369748109488423
Learned PS fixed QAM,1,0.05555238316866061,232,14,8,2.0440890458272576,0.11396734064536428
Learned PS fixed QAM,1,0.05555238316866061,233,14,9,2.0440890458272576,0.43163216238561275
Learned PS fixed QAM,1,0.05555238316866061,234,14,10,2.0440890458272576,0.7492969841258613
Learned PS fixed QAM,1,0.05555238316866061,235,14,11,2.0440890458272576,1.0669618058661097
Learned PS fixed QAM,1,0.05555238316866061,236,14,12,2.0440890458272576,1.3846266276063584
Learned PS fixed QAM,1,0.05555238316866061,237,14,13,2.0440890458272576,1.7022914493466068
Learned PS fixed QAM,1,0.05555238316866061,238,14,14,2.0440890458272576,2.0199562710868553
Learned PS fixed QAM,1,0.05555238316866061,239,14,15,2.0440890458272576,2.337621092827104
Learned PS fixed QAM,1,0.05555238316866061,240,15,0,2.361753867567506,-2.427351233276624
Learned PS fixed QAM,1,0.05555238316866061,241,15,1,2.361753867567506,-2.1096864115363756
Learned PS fixed QAM,1,0.05555238316866061,242,15,2,2.361753867567506,-1.7920215897961267
Learned PS fixed QAM,1,0.05555238316866061,243,15,3,2.361753867567506,-1.4743567680558785
Learned PS fixed QAM,1,0.05555238316866061,244,15,4,2.361753867567506,-1.1566919463156298
Learned PS fixed QAM,1,0.05555238316866061,245,15,5,2.361753867567506,-0.8390271245753813
Learned PS fixed QAM,1,0.05555238316866061,246,15,6,2.361753867567506,-0.5213623028351327
Learned PS fixed QAM,1,0.05555238316866061,247,15,7,2.361753867567506,-0.20369748109488423
Learned PS fixed QAM,1,0.05555238316866061,248,15,8,2.361753867567506,0.11396734064536428
Learned PS fixed QAM,1,0.05555238316866061,249,15,9,2.361753867567506,0.43163216238561275
Learned PS fixed QAM,1,0.05555238316866061,250,15,10,2.361753867567506,0.7492969841258613
Learned PS fixed QAM,1,0.05555238316866061,251,15,11,2.361753867567506,1.0669618058661097
Learned PS fixed QAM,1,0.05555238316866061,252,15,12,2.361753867567506,1.3846266276063584
Learned PS fixed QAM,1,0.05555238316866061,253,15,13,2.361753867567506,1.7022914493466068
Learned PS fixed QAM,1,0.05555238316866061,254,15,14,2.361753867567506,2.0199562710868553
Learned PS fixed QAM,1,0.05555238316866061,255,15,15,2.361753867567506,2.337621092827104
Learned PS fixed QAM,2,0.029194067104380914,0,0,0,-2.4106834287926877,-2.4403713122399653
Learned PS fixed QAM,2,0.029194067104380914,1,0,1,-2.4106834287926877,-2.1224113073378392
Learned PS fixed QAM,2,0.029194067104380914,2,0,2,-2.4106834287926877,-1.8044513024357132
Learned PS fixed QAM,2,0.029194067104380914,3,0,3,-2.4106834287926877,-1.4864912975335873
Learned PS fixed QAM,2,0.029194067104380914,4,0,4,-2.4106834287926877,-1.1685312926314613
Learned PS fixed QAM,2,0.029194067104380914,5,0,5,-2.4106834287926877,-0.8505712877293353
Learned PS fixed QAM,2,0.029194067104380914,6,0,6,-2.4106834287926877,-0.5326112828272093
Learned PS fixed QAM,2,0.029194067104380914,7,0,7,-2.4106834287926877,-0.2146512779250833
Learned PS fixed QAM,2,0.029194067104380914,8,0,8,-2.4106834287926877,0.10330872697704269
Learned PS fixed QAM,2,0.029194067104380914,9,0,9,-2.4106834287926877,0.4212687318791687
Learned PS fixed QAM,2,0.029194067104380914,10,0,10,-2.4106834287926877,0.7392287367812946
Learned PS fixed QAM,2,0.029194067104380914,11,0,11,-2.4106834287926877,1.0571887416834205
Learned PS fixed QAM,2,0.029194067104380914,12,0,12,-2.4106834287926877,1.3751487465855465
Learned PS fixed QAM,2,0.029194067104380914,13,0,13,-2.4106834287926877,1.6931087514876724
Learned PS fixed QAM,2,0.029194067104380914,14,0,14,-2.4106834287926877,2.0110687563897987
Learned PS fixed QAM,2,0.029194067104380914,15,0,15,-2.4106834287926877,2.3290287612919247
Learned PS fixed QAM,2,0.029194067104380914,16,1,0,-2.0927234238905617,-2.4403713122399653
Learned PS fixed QAM,2,0.029194067104380914,17,1,1,-2.0927234238905617,-2.1224113073378392
Learned PS fixed QAM,2,0.029194067104380914,18,1,2,-2.0927234238905617,-1.8044513024357132
Learned PS fixed QAM,2,0.029194067104380914,19,1,3,-2.0927234238905617,-1.4864912975335873
Learned PS fixed QAM,2,0.029194067104380914,20,1,4,-2.0927234238905617,-1.1685312926314613
Learned PS fixed QAM,2,0.029194067104380914,21,1,5,-2.0927234238905617,-0.8505712877293353
Learned PS fixed QAM,2,0.029194067104380914,22,1,6,-2.0927234238905617,-0.5326112828272093
Learned PS fixed QAM,2,0.029194067104380914,23,1,7,-2.0927234238905617,-0.2146512779250833
Learned PS fixed QAM,2,0.029194067104380914,24,1,8,-2.0927234238905617,0.10330872697704269
Learned PS fixed QAM,2,0.029194067104380914,25,1,9,-2.0927234238905617,0.4212687318791687
Learned PS fixed QAM,2,0.029194067104380914,26,1,10,-2.0927234238905617,0.7392287367812946
Learned PS fixed QAM,2,0.029194067104380914,27,1,11,-2.0927234238905617,1.0571887416834205
Learned PS fixed QAM,2,0.029194067104380914,28,1,12,-2.0927234238905617,1.3751487465855465
Learned PS fixed QAM,2,0.029194067104380914,29,1,13,-2.0927234238905617,1.6931087514876724
Learned PS fixed QAM,2,0.029194067104380914,30,1,14,-2.0927234238905617,2.0110687563897987
Learned PS fixed QAM,2,0.029194067104380914,31,1,15,-2.0927234238905617,2.3290287612919247
Learned PS fixed QAM,2,0.029194067104380914,32,2,0,-1.7747634189884358,-2.4403713122399653
Learned PS fixed QAM,2,0.029194067104380914,33,2,1,-1.7747634189884358,-2.1224113073378392
Learned PS fixed QAM,2,0.029194067104380914,34,2,2,-1.7747634189884358,-1.8044513024357132
Learned PS fixed QAM,2,0.029194067104380914,35,2,3,-1.7747634189884358,-1.4864912975335873
Learned PS fixed QAM,2,0.029194067104380914,36,2,4,-1.7747634189884358,-1.1685312926314613
Learned PS fixed QAM,2,0.029194067104380914,37,2,5,-1.7747634189884358,-0.8505712877293353
Learned PS fixed QAM,2,0.029194067104380914,38,2,6,-1.7747634189884358,-0.5326112828272093
Learned PS fixed QAM,2,0.029194067104380914,39,2,7,-1.7747634189884358,-0.2146512779250833
Learned PS fixed QAM,2,0.029194067104380914,40,2,8,-1.7747634189884358,0.10330872697704269
Learned PS fixed QAM,2,0.029194067104380914,41,2,9,-1.7747634189884358,0.4212687318791687
Learned PS fixed QAM,2,0.029194067104380914,42,2,10,-1.7747634189884358,0.7392287367812946
Learned PS fixed QAM,2,0.029194067104380914,43,2,11,-1.7747634189884358,1.0571887416834205
Learned PS fixed QAM,2,0.029194067104380914,44,2,12,-1.7747634189884358,1.3751487465855465
Learned PS fixed QAM,2,0.029194067104380914,45,2,13,-1.7747634189884358,1.6931087514876724
Learned PS fixed QAM,2,0.029194067104380914,46,2,14,-1.7747634189884358,2.0110687563897987
Learned PS fixed QAM,2,0.029194067104380914,47,2,15,-1.7747634189884358,2.3290287612919247
Learned PS fixed QAM,2,0.029194067104380914,48,3,0,-1.45680341408631,-2.4403713122399653
Learned PS fixed QAM,2,0.029194067104380914,49,3,1,-1.45680341408631,-2.1224113073378392
Learned PS fixed QAM,2,0.029194067104380914,50,3,2,-1.45680341408631,-1.8044513024357132
Learned PS fixed QAM,2,0.029194067104380914,51,3,3,-1.45680341408631,-1.4864912975335873
Learned PS fixed QAM,2,0.029194067104380914,52,3,4,-1.45680341408631,-1.1685312926314613
Learned PS fixed QAM,2,0.029194067104380914,53,3,5,-1.45680341408631,-0.8505712877293353
Learned PS fixed QAM,2,0.029194067104380914,54,3,6,-1.45680341408631,-0.5326112828272093
Learned PS fixed QAM,2,0.029194067104380914,55,3,7,-1.45680341408631,-0.2146512779250833
Learned PS fixed QAM,2,0.029194067104380914,56,3,8,-1.45680341408631,0.10330872697704269
Learned PS fixed QAM,2,0.029194067104380914,57,3,9,-1.45680341408631,0.4212687318791687
Learned PS fixed QAM,2,0.029194067104380914,58,3,10,-1.45680341408631,0.7392287367812946
Learned PS fixed QAM,2,0.029194067104380914,59,3,11,-1.45680341408631,1.0571887416834205
Learned PS fixed QAM,2,0.029194067104380914,60,3,12,-1.45680341408631,1.3751487465855465
Learned PS fixed QAM,2,0.029194067104380914,61,3,13,-1.45680341408631,1.6931087514876724
Learned PS fixed QAM,2,0.029194067104380914,62,3,14,-1.45680341408631,2.0110687563897987
Learned PS fixed QAM,2,0.029194067104380914,63,3,15,-1.45680341408631,2.3290287612919247
Learned PS fixed QAM,2,0.029194067104380914,64,4,0,-1.138843409184184,-2.4403713122399653
Learned PS fixed QAM,2,0.029194067104380914,65,4,1,-1.138843409184184,-2.1224113073378392
Learned PS fixed QAM,2,0.029194067104380914,66,4,2,-1.138843409184184,-1.8044513024357132
Learned PS fixed QAM,2,0.029194067104380914,67,4,3,-1.138843409184184,-1.4864912975335873
Learned PS fixed QAM,2,0.029194067104380914,68,4,4,-1.138843409184184,-1.1685312926314613
Learned PS fixed QAM,2,0.029194067104380914,69,4,5,-1.138843409184184,-0.8505712877293353
Learned PS fixed QAM,2,0.029194067104380914,70,4,6,-1.138843409184184,-0.5326112828272093
Learned PS fixed QAM,2,0.029194067104380914,71,4,7,-1.138843409184184,-0.2146512779250833
Learned PS fixed QAM,2,0.029194067104380914,72,4,8,-1.138843409184184,0.10330872697704269
Learned PS fixed QAM,2,0.029194067104380914,73,4,9,-1.138843409184184,0.4212687318791687
Learned PS fixed QAM,2,0.029194067104380914,74,4,10,-1.138843409184184,0.7392287367812946
Learned PS fixed QAM,2,0.029194067104380914,75,4,11,-1.138843409184184,1.0571887416834205
Learned PS fixed QAM,2,0.029194067104380914,76,4,12,-1.138843409184184,1.3751487465855465
Learned PS fixed QAM,2,0.029194067104380914,77,4,13,-1.138843409184184,1.6931087514876724
Learned PS fixed QAM,2,0.029194067104380914,78,4,14,-1.138843409184184,2.0110687563897987
Learned PS fixed QAM,2,0.029194067104380914,79,4,15,-1.138843409184184,2.3290287612919247
Learned PS fixed QAM,2,0.029194067104380914,80,5,0,-0.820883404282058,-2.4403713122399653
Learned PS fixed QAM,2,0.029194067104380914,81,5,1,-0.820883404282058,-2.1224113073378392
Learned PS fixed QAM,2,0.029194067104380914,82,5,2,-0.820883404282058,-1.8044513024357132
Learned PS fixed QAM,2,0.029194067104380914,83,5,3,-0.820883404282058,-1.4864912975335873
Learned PS fixed QAM,2,0.029194067104380914,84,5,4,-0.820883404282058,-1.1685312926314613
Learned PS fixed QAM,2,0.029194067104380914,85,5,5,-0.820883404282058,-0.8505712877293353
Learned PS fixed QAM,2,0.029194067104380914,86,5,6,-0.820883404282058,-0.5326112828272093
Learned PS fixed QAM,2,0.029194067104380914,87,5,7,-0.820883404282058,-0.2146512779250833
Learned PS fixed QAM,2,0.029194067104380914,88,5,8,-0.820883404282058,0.10330872697704269
Learned PS fixed QAM,2,0.029194067104380914,89,5,9,-0.820883404282058,0.4212687318791687
Learned PS fixed QAM,2,0.029194067104380914,90,5,10,-0.820883404282058,0.7392287367812946
Learned PS fixed QAM,2,0.029194067104380914,91,5,11,-0.820883404282058,1.0571887416834205
Learned PS fixed QAM,2,0.029194067104380914,92,5,12,-0.820883404282058,1.3751487465855465
Learned PS fixed QAM,2,0.029194067104380914,93,5,13,-0.820883404282058,1.6931087514876724
Learned PS fixed QAM,2,0.029194067104380914,94,5,14,-0.820883404282058,2.0110687563897987
Learned PS fixed QAM,2,0.029194067104380914,95,5,15,-0.820883404282058,2.3290287612919247
Learned PS fixed QAM,2,0.029194067104380914,96,6,0,-0.5029233993799319,-2.4403713122399653
Learned PS fixed QAM,2,0.029194067104380914,97,6,1,-0.5029233993799319,-2.1224113073378392
Learned PS fixed QAM,2,0.029194067104380914,98,6,2,-0.5029233993799319,-1.8044513024357132
Learned PS fixed QAM,2,0.029194067104380914,99,6,3,-0.5029233993799319,-1.4864912975335873
Learned PS fixed QAM,2,0.029194067104380914,100,6,4,-0.5029233993799319,-1.1685312926314613
Learned PS fixed QAM,2,0.029194067104380914,101,6,5,-0.5029233993799319,-0.8505712877293353
Learned PS fixed QAM,2,0.029194067104380914,102,6,6,-0.5029233993799319,-0.5326112828272093
Learned PS fixed QAM,2,0.029194067104380914,103,6,7,-0.5029233993799319,-0.2146512779250833
Learned PS fixed QAM,2,0.029194067104380914,104,6,8,-0.5029233993799319,0.10330872697704269
Learned PS fixed QAM,2,0.029194067104380914,105,6,9,-0.5029233993799319,0.4212687318791687
Learned PS fixed QAM,2,0.029194067104380914,106,6,10,-0.5029233993799319,0.7392287367812946
Learned PS fixed QAM,2,0.029194067104380914,107,6,11,-0.5029233993799319,1.0571887416834205
Learned PS fixed QAM,2,0.029194067104380914,108,6,12,-0.5029233993799319,1.3751487465855465
Learned PS fixed QAM,2,0.029194067104380914,109,6,13,-0.5029233993799319,1.6931087514876724
Learned PS fixed QAM,2,0.029194067104380914,110,6,14,-0.5029233993799319,2.0110687563897987
Learned PS fixed QAM,2,0.029194067104380914,111,6,15,-0.5029233993799319,2.3290287612919247
Learned PS fixed QAM,2,0.029194067104380914,112,7,0,-0.18496339447780596,-2.4403713122399653
Learned PS fixed QAM,2,0.029194067104380914,113,7,1,-0.18496339447780596,-2.1224113073378392
Learned PS fixed QAM,2,0.029194067104380914,114,7,2,-0.18496339447780596,-1.8044513024357132
Learned PS fixed QAM,2,0.029194067104380914,115,7,3,-0.18496339447780596,-1.4864912975335873
Learned PS fixed QAM,2,0.029194067104380914,116,7,4,-0.18496339447780596,-1.1685312926314613
Learned PS fixed QAM,2,0.029194067104380914,117,7,5,-0.18496339447780596,-0.8505712877293353
Learned PS fixed QAM,2,0.029194067104380914,118,7,6,-0.18496339447780596,-0.5326112828272093
Learned PS fixed QAM,2,0.029194067104380914,119,7,7,-0.18496339447780596,-0.2146512779250833
Learned PS fixed QAM,2,0.029194067104380914,120,7,8,-0.18496339447780596,0.10330872697704269
Learned PS fixed QAM,2,0.029194067104380914,121,7,9,-0.18496339447780596,0.4212687318791687
Learned PS fixed QAM,2,0.029194067104380914,122,7,10,-0.18496339447780596,0.7392287367812946
Learned PS fixed QAM,2,0.029194067104380914,123,7,11,-0.18496339447780596,1.0571887416834205
Learned PS fixed QAM,2,0.029194067104380914,124,7,12,-0.18496339447780596,1.3751487465855465
Learned PS fixed QAM,2,0.029194067104380914,125,7,13,-0.18496339447780596,1.6931087514876724
Learned PS fixed QAM,2,0.029194067104380914,126,7,14,-0.18496339447780596,2.0110687563897987
Learned PS fixed QAM,2,0.029194067104380914,127,7,15,-0.18496339447780596,2.3290287612919247
Learned PS fixed QAM,2,0.029194067104380914,128,8,0,0.13299661042431998,-2.4403713122399653
Learned PS fixed QAM,2,0.029194067104380914,129,8,1,0.13299661042431998,-2.1224113073378392
Learned PS fixed QAM,2,0.029194067104380914,130,8,2,0.13299661042431998,-1.8044513024357132
Learned PS fixed QAM,2,0.029194067104380914,131,8,3,0.13299661042431998,-1.4864912975335873
Learned PS fixed QAM,2,0.029194067104380914,132,8,4,0.13299661042431998,-1.1685312926314613
Learned PS fixed QAM,2,0.029194067104380914,133,8,5,0.13299661042431998,-0.8505712877293353
Learned PS fixed QAM,2,0.029194067104380914,134,8,6,0.13299661042431998,-0.5326112828272093
Learned PS fixed QAM,2,0.029194067104380914,135,8,7,0.13299661042431998,-0.2146512779250833
Learned PS fixed QAM,2,0.029194067104380914,136,8,8,0.13299661042431998,0.10330872697704269
Learned PS fixed QAM,2,0.029194067104380914,137,8,9,0.13299661042431998,0.4212687318791687
Learned PS fixed QAM,2,0.029194067104380914,138,8,10,0.13299661042431998,0.7392287367812946
Learned PS fixed QAM,2,0.029194067104380914,139,8,11,0.13299661042431998,1.0571887416834205
Learned PS fixed QAM,2,0.029194067104380914,140,8,12,0.13299661042431998,1.3751487465855465
Learned PS fixed QAM,2,0.029194067104380914,141,8,13,0.13299661042431998,1.6931087514876724
Learned PS fixed QAM,2,0.029194067104380914,142,8,14,0.13299661042431998,2.0110687563897987
Learned PS fixed QAM,2,0.029194067104380914,143,8,15,0.13299661042431998,2.3290287612919247
Learned PS fixed QAM,2,0.029194067104380914,144,9,0,0.450956615326446,-2.4403713122399653
Learned PS fixed QAM,2,0.029194067104380914,145,9,1,0.450956615326446,-2.1224113073378392
Learned PS fixed QAM,2,0.029194067104380914,146,9,2,0.450956615326446,-1.8044513024357132
Learned PS fixed QAM,2,0.029194067104380914,147,9,3,0.450956615326446,-1.4864912975335873
Learned PS fixed QAM,2,0.029194067104380914,148,9,4,0.450956615326446,-1.1685312926314613
Learned PS fixed QAM,2,0.029194067104380914,149,9,5,0.450956615326446,-0.8505712877293353
Learned PS fixed QAM,2,0.029194067104380914,150,9,6,0.450956615326446,-0.5326112828272093
Learned PS fixed QAM,2,0.029194067104380914,151,9,7,0.450956615326446,-0.2146512779250833
Learned PS fixed QAM,2,0.029194067104380914,152,9,8,0.450956615326446,0.10330872697704269
Learned PS fixed QAM,2,0.029194067104380914,153,9,9,0.450956615326446,0.4212687318791687
Learned PS fixed QAM,2,0.029194067104380914,154,9,10,0.450956615326446,0.7392287367812946
Learned PS fixed QAM,2,0.029194067104380914,155,9,11,0.450956615326446,1.0571887416834205
Learned PS fixed QAM,2,0.029194067104380914,156,9,12,0.450956615326446,1.3751487465855465
Learned PS fixed QAM,2,0.029194067104380914,157,9,13,0.450956615326446,1.6931087514876724
Learned PS fixed QAM,2,0.029194067104380914,158,9,14,0.450956615326446,2.0110687563897987
Learned PS fixed QAM,2,0.029194067104380914,159,9,15,0.450956615326446,2.3290287612919247
Learned PS fixed QAM,2,0.029194067104380914,160,10,0,0.768916620228572,-2.4403713122399653
Learned PS fixed QAM,2,0.029194067104380914,161,10,1,0.768916620228572,-2.1224113073378392
Learned PS fixed QAM,2,0.029194067104380914,162,10,2,0.768916620228572,-1.8044513024357132
Learned PS fixed QAM,2,0.029194067104380914,163,10,3,0.768916620228572,-1.4864912975335873
Learned PS fixed QAM,2,0.029194067104380914,164,10,4,0.768916620228572,-1.1685312926314613
Learned PS fixed QAM,2,0.029194067104380914,165,10,5,0.768916620228572,-0.8505712877293353
Learned PS fixed QAM,2,0.029194067104380914,166,10,6,0.768916620228572,-0.5326112828272093
Learned PS fixed QAM,2,0.029194067104380914,167,10,7,0.768916620228572,-0.2146512779250833
Learned PS fixed QAM,2,0.029194067104380914,168,10,8,0.768916620228572,0.10330872697704269
Learned PS fixed QAM,2,0.029194067104380914,169,10,9,0.768916620228572,0.4212687318791687
Learned PS fixed QAM,2,0.029194067104380914,170,10,10,0.768916620228572,0.7392287367812946
Learned PS fixed QAM,2,0.029194067104380914,171,10,11,0.768916620228572,1.0571887416834205
Learned PS fixed QAM,2,0.029194067104380914,172,10,12,0.768916620228572,1.3751487465855465
Learned PS fixed QAM,2,0.029194067104380914,173,10,13,0.768916620228572,1.6931087514876724
Learned PS fixed QAM,2,0.029194067104380914,174,10,14,0.768916620228572,2.0110687563897987
Learned PS fixed QAM,2,0.029194067104380914,175,10,15,0.768916620228572,2.3290287612919247
Learned PS fixed QAM,2,0.029194067104380914,176,11,0,1.0868766251306978,-2.4403713122399653
Learned PS fixed QAM,2,0.029194067104380914,177,11,1,1.0868766251306978,-2.1224113073378392
Learned PS fixed QAM,2,0.029194067104380914,178,11,2,1.0868766251306978,-1.8044513024357132
Learned PS fixed QAM,2,0.029194067104380914,179,11,3,1.0868766251306978,-1.4864912975335873
Learned PS fixed QAM,2,0.029194067104380914,180,11,4,1.0868766251306978,-1.1685312926314613
Learned PS fixed QAM,2,0.029194067104380914,181,11,5,1.0868766251306978,-0.8505712877293353
Learned PS fixed QAM,2,0.029194067104380914,182,11,6,1.0868766251306978,-0.5326112828272093
Learned PS fixed QAM,2,0.029194067104380914,183,11,7,1.0868766251306978,-0.2146512779250833
Learned PS fixed QAM,2,0.029194067104380914,184,11,8,1.0868766251306978,0.10330872697704269
Learned PS fixed QAM,2,0.029194067104380914,185,11,9,1.0868766251306978,0.4212687318791687
Learned PS fixed QAM,2,0.029194067104380914,186,11,10,1.0868766251306978,0.7392287367812946
Learned PS fixed QAM,2,0.029194067104380914,187,11,11,1.0868766251306978,1.0571887416834205
Learned PS fixed QAM,2,0.029194067104380914,188,11,12,1.0868766251306978,1.3751487465855465
Learned PS fixed QAM,2,0.029194067104380914,189,11,13,1.0868766251306978,1.6931087514876724
Learned PS fixed QAM,2,0.029194067104380914,190,11,14,1.0868766251306978,2.0110687563897987
Learned PS fixed QAM,2,0.029194067104380914,191,11,15,1.0868766251306978,2.3290287612919247
Learned PS fixed QAM,2,0.029194067104380914,192,12,0,1.4048366300328239,-2.4403713122399653
Learned PS fixed QAM,2,0.029194067104380914,193,12,1,1.4048366300328239,-2.1224113073378392
Learned PS fixed QAM,2,0.029194067104380914,194,12,2,1.4048366300328239,-1.8044513024357132
Learned PS fixed QAM,2,0.029194067104380914,195,12,3,1.4048366300328239,-1.4864912975335873
Learned PS fixed QAM,2,0.029194067104380914,196,12,4,1.4048366300328239,-1.1685312926314613
Learned PS fixed QAM,2,0.029194067104380914,197,12,5,1.4048366300328239,-0.8505712877293353
Learned PS fixed QAM,2,0.029194067104380914,198,12,6,1.4048366300328239,-0.5326112828272093
Learned PS fixed QAM,2,0.029194067104380914,199,12,7,1.4048366300328239,-0.2146512779250833
Learned PS fixed QAM,2,0.029194067104380914,200,12,8,1.4048366300328239,0.10330872697704269
Learned PS fixed QAM,2,0.029194067104380914,201,12,9,1.4048366300328239,0.4212687318791687
Learned PS fixed QAM,2,0.029194067104380914,202,12,10,1.4048366300328239,0.7392287367812946
Learned PS fixed QAM,2,0.029194067104380914,203,12,11,1.4048366300328239,1.0571887416834205
Learned PS fixed QAM,2,0.029194067104380914,204,12,12,1.4048366300328239,1.3751487465855465
Learned PS fixed QAM,2,0.029194067104380914,205,12,13,1.4048366300328239,1.6931087514876724
Learned PS fixed QAM,2,0.029194067104380914,206,12,14,1.4048366300328239,2.0110687563897987
Learned PS fixed QAM,2,0.029194067104380914,207,12,15,1.4048366300328239,2.3290287612919247
Learned PS fixed QAM,2,0.029194067104380914,208,13,0,1.7227966349349497,-2.4403713122399653
Learned PS fixed QAM,2,0.029194067104380914,209,13,1,1.7227966349349497,-2.1224113073378392
Learned PS fixed QAM,2,0.029194067104380914,210,13,2,1.7227966349349497,-1.8044513024357132
Learned PS fixed QAM,2,0.029194067104380914,211,13,3,1.7227966349349497,-1.4864912975335873
Learned PS fixed QAM,2,0.029194067104380914,212,13,4,1.7227966349349497,-1.1685312926314613
Learned PS fixed QAM,2,0.029194067104380914,213,13,5,1.7227966349349497,-0.8505712877293353
Learned PS fixed QAM,2,0.029194067104380914,214,13,6,1.7227966349349497,-0.5326112828272093
Learned PS fixed QAM,2,0.029194067104380914,215,13,7,1.7227966349349497,-0.2146512779250833
Learned PS fixed QAM,2,0.029194067104380914,216,13,8,1.7227966349349497,0.10330872697704269
Learned PS fixed QAM,2,0.029194067104380914,217,13,9,1.7227966349349497,0.4212687318791687
Learned PS fixed QAM,2,0.029194067104380914,218,13,10,1.7227966349349497,0.7392287367812946
Learned PS fixed QAM,2,0.029194067104380914,219,13,11,1.7227966349349497,1.0571887416834205
Learned PS fixed QAM,2,0.029194067104380914,220,13,12,1.7227966349349497,1.3751487465855465
Learned PS fixed QAM,2,0.029194067104380914,221,13,13,1.7227966349349497,1.6931087514876724
Learned PS fixed QAM,2,0.029194067104380914,222,13,14,1.7227966349349497,2.0110687563897987
Learned PS fixed QAM,2,0.029194067104380914,223,13,15,1.7227966349349497,2.3290287612919247
Learned PS fixed QAM,2,0.029194067104380914,224,14,0,2.040756639837076,-2.4403713122399653
Learned PS fixed QAM,2,0.029194067104380914,225,14,1,2.040756639837076,-2.1224113073378392
Learned PS fixed QAM,2,0.029194067104380914,226,14,2,2.040756639837076,-1.8044513024357132
Learned PS fixed QAM,2,0.029194067104380914,227,14,3,2.040756639837076,-1.4864912975335873
Learned PS fixed QAM,2,0.029194067104380914,228,14,4,2.040756639837076,-1.1685312926314613
Learned PS fixed QAM,2,0.029194067104380914,229,14,5,2.040756639837076,-0.8505712877293353
Learned PS fixed QAM,2,0.029194067104380914,230,14,6,2.040756639837076,-0.5326112828272093
Learned PS fixed QAM,2,0.029194067104380914,231,14,7,2.040756639837076,-0.2146512779250833
Learned PS fixed QAM,2,0.029194067104380914,232,14,8,2.040756639837076,0.10330872697704269
Learned PS fixed QAM,2,0.029194067104380914,233,14,9,2.040756639837076,0.4212687318791687
Learned PS fixed QAM,2,0.029194067104380914,234,14,10,2.040756639837076,0.7392287367812946
Learned PS fixed QAM,2,0.029194067104380914,235,14,11,2.040756639837076,1.0571887416834205
Learned PS fixed QAM,2,0.029194067104380914,236,14,12,2.040756639837076,1.3751487465855465
Learned PS fixed QAM,2,0.029194067104380914,237,14,13,2.040756639837076,1.6931087514876724
Learned PS fixed QAM,2,0.029194067104380914,238,14,14,2.040756639837076,2.0110687563897987
Learned PS fixed QAM,2,0.029194067104380914,239,14,15,2.040756639837076,2.3290287612919247
Learned PS fixed QAM,2,0.029194067104380914,240,15,0,2.3587166447392023,-2.4403713122399653
Learned PS fixed QAM,2,0.029194067104380914,241,15,1,2.3587166447392023,-2.1224113073378392
Learned PS fixed QAM,2,0.029194067104380914,242,15,2,2.3587166447392023,-1.8044513024357132
Learned PS fixed QAM,2,0.029194067104380914,243,15,3,2.3587166447392023,-1.4864912975335873
Learned PS fixed QAM,2,0.029194067104380914,244,15,4,2.3587166447392023,-1.1685312926314613
Learned PS fixed QAM,2,0.029194067104380914,245,15,5,2.3587166447392023,-0.8505712877293353
Learned PS fixed QAM,2,0.029194067104380914,246,15,6,2.3587166447392023,-0.5326112828272093
Learned PS fixed QAM,2,0.029194067104380914,247,15,7,2.3587166447392023,-0.2146512779250833
Learned PS fixed QAM,2,0.029194067104380914,248,15,8,2.3587166447392023,0.10330872697704269
Learned PS fixed QAM,2,0.029194067104380914,249,15,9,2.3587166447392023,0.4212687318791687
Learned PS fixed QAM,2,0.029194067104380914,250,15,10,2.3587166447392023,0.7392287367812946
Learned PS fixed QAM,2,0.029194067104380914,251,15,11,2.3587166447392023,1.0571887416834205
Learned PS fixed QAM,2,0.029194067104380914,252,15,12,2.3587166447392023,1.3751487465855465
Learned PS fixed QAM,2,0.029194067104380914,253,15,13,2.3587166447392023,1.6931087514876724
Learned PS fixed QAM,2,0.029194067104380914,254,15,14,2.3587166447392023,2.0110687563897987
Learned PS fixed QAM,2,0.029194067104380914,255,15,15,2.3587166447392023,2.3290287612919247
Learned PS fixed QAM,3,0.04069644114772427,0,0,0,-2.4068582546845576,-2.433756229652651
Learned PS fixed QAM,3,0.04069644114772427,1,0,1,-2.4068582546845576,-2.1159510558956662
Learned PS fixed QAM,3,0.04069644114772427,2,0,2,-2.4068582546845576,-1.7981458821386818
Learned PS fixed QAM,3,0.04069644114772427,3,0,3,-2.4068582546845576,-1.4803407083816975
Learned PS fixed QAM,3,0.04069644114772427,4,0,4,-2.4068582546845576,-1.1625355346247128
Learned PS fixed QAM,3,0.04069644114772427,5,0,5,-2.4068582546845576,-0.8447303608677283
Learned PS fixed QAM,3,0.04069644114772427,6,0,6,-2.4068582546845576,-0.5269251871107439
Learned PS fixed QAM,3,0.04069644114772427,7,0,7,-2.4068582546845576,-0.20912001335375935
Learned PS fixed QAM,3,0.04069644114772427,8,0,8,-2.4068582546845576,0.10868516040322515
Learned PS fixed QAM,3,0.04069644114772427,9,0,9,-2.4068582546845576,0.42649033416020965
Learned PS fixed QAM,3,0.04069644114772427,10,0,10,-2.4068582546845576,0.7442955079171942
Learned PS fixed QAM,3,0.04069644114772427,11,0,11,-2.4068582546845576,1.0621006816741785
Learned PS fixed QAM,3,0.04069644114772427,12,0,12,-2.4068582546845576,1.3799058554311632
Learned PS fixed QAM,3,0.04069644114772427,13,0,13,-2.4068582546845576,1.6977110291881476
Learned PS fixed QAM,3,0.04069644114772427,14,0,14,-2.4068582546845576,2.015516202945132
Learned PS fixed QAM,3,0.04069644114772427,15,0,15,-2.4068582546845576,2.333321376702117
Learned PS fixed QAM,3,0.04069644114772427,16,1,0,-2.089053080927573,-2.433756229652651
Learned PS fixed QAM,3,0.04069644114772427,17,1,1,-2.089053080927573,-2.1159510558956662
Learned PS fixed QAM,3,0.04069644114772427,18,1,2,-2.089053080927573,-1.7981458821386818
Learned PS fixed QAM,3,0.04069644114772427,19,1,3,-2.089053080927573,-1.4803407083816975
Learned PS fixed QAM,3,0.04069644114772427,20,1,4,-2.089053080927573,-1.1625355346247128
Learned PS fixed QAM,3,0.04069644114772427,21,1,5,-2.089053080927573,-0.8447303608677283
Learned PS fixed QAM,3,0.04069644114772427,22,1,6,-2.089053080927573,-0.5269251871107439
Learned PS fixed QAM,3,0.04069644114772427,23,1,7,-2.089053080927573,-0.20912001335375935
Learned PS fixed QAM,3,0.04069644114772427,24,1,8,-2.089053080927573,0.10868516040322515
Learned PS fixed QAM,3,0.04069644114772427,25,1,9,-2.089053080927573,0.42649033416020965
Learned PS fixed QAM,3,0.04069644114772427,26,1,10,-2.089053080927573,0.7442955079171942
Learned PS fixed QAM,3,0.04069644114772427,27,1,11,-2.089053080927573,1.0621006816741785
Learned PS fixed QAM,3,0.04069644114772427,28,1,12,-2.089053080927573,1.3799058554311632
Learned PS fixed QAM,3,0.04069644114772427,29,1,13,-2.089053080927573,1.6977110291881476
Learned PS fixed QAM,3,0.04069644114772427,30,1,14,-2.089053080927573,2.015516202945132
Learned PS fixed QAM,3,0.04069644114772427,31,1,15,-2.089053080927573,2.333321376702117
Learned PS fixed QAM,3,0.04069644114772427,32,2,0,-1.7712479071705882,-2.433756229652651
Learned PS fixed QAM,3,0.04069644114772427,33,2,1,-1.7712479071705882,-2.1159510558956662
Learned PS fixed QAM,3,0.04069644114772427,34,2,2,-1.7712479071705882,-1.7981458821386818
Learned PS fixed QAM,3,0.04069644114772427,35,2,3,-1.7712479071705882,-1.4803407083816975
Learned PS fixed QAM,3,0.04069644114772427,36,2,4,-1.7712479071705882,-1.1625355346247128
Learned PS fixed QAM,3,0.04069644114772427,37,2,5,-1.7712479071705882,-0.8447303608677283
Learned PS fixed QAM,3,0.04069644114772427,38,2,6,-1.7712479071705882,-0.5269251871107439
Learned PS fixed QAM,3,0.04069644114772427,39,2,7,-1.7712479071705882,-0.20912001335375935
Learned PS fixed QAM,3,0.04069644114772427,40,2,8,-1.7712479071705882,0.10868516040322515
Learned PS fixed QAM,3,0.04069644114772427,41,2,9,-1.7712479071705882,0.42649033416020965
Learned PS fixed QAM,3,0.04069644114772427,42,2,10,-1.7712479071705882,0.7442955079171942
Learned PS fixed QAM,3,0.04069644114772427,43,2,11,-1.7712479071705882,1.0621006816741785
Learned PS fixed QAM,3,0.04069644114772427,44,2,12,-1.7712479071705882,1.3799058554311632
Learned PS fixed QAM,3,0.04069644114772427,45,2,13,-1.7712479071705882,1.6977110291881476
Learned PS fixed QAM,3,0.04069644114772427,46,2,14,-1.7712479071705882,2.015516202945132
Learned PS fixed QAM,3,0.04069644114772427,47,2,15,-1.7712479071705882,2.333321376702117
Learned PS fixed QAM,3,0.04069644114772427,48,3,0,-1.4534427334136037,-2.433756229652651
Learned PS fixed QAM,3,0.04069644114772427,49,3,1,-1.4534427334136037,-2.1159510558956662
Learned PS fixed QAM,3,0.04069644114772427,50,3,2,-1.4534427334136037,-1.7981458821386818
Learned PS fixed QAM,3,0.04069644114772427,51,3,3,-1.4534427334136037,-1.4803407083816975
Learned PS fixed QAM,3,0.04069644114772427,52,3,4,-1.4534427334136037,-1.1625355346247128
Learned PS fixed QAM,3,0.04069644114772427,53,3,5,-1.4534427334136037,-0.8447303608677283
Learned PS fixed QAM,3,0.04069644114772427,54,3,6,-1.4534427334136037,-0.5269251871107439
Learned PS fixed QAM,3,0.04069644114772427,55,3,7,-1.4534427334136037,-0.20912001335375935
Learned PS fixed QAM,3,0.04069644114772427,56,3,8,-1.4534427334136037,0.10868516040322515
Learned PS fixed QAM,3,0.04069644114772427,57,3,9,-1.4534427334136037,0.42649033416020965
Learned PS fixed QAM,3,0.04069644114772427,58,3,10,-1.4534427334136037,0.7442955079171942
Learned PS fixed QAM,3,0.04069644114772427,59,3,11,-1.4534427334136037,1.0621006816741785
Learned PS fixed QAM,3,0.04069644114772427,60,3,12,-1.4534427334136037,1.3799058554311632
Learned PS fixed QAM,3,0.04069644114772427,61,3,13,-1.4534427334136037,1.6977110291881476
Learned PS fixed QAM,3,0.04069644114772427,62,3,14,-1.4534427334136037,2.015516202945132
Learned PS fixed QAM,3,0.04069644114772427,63,3,15,-1.4534427334136037,2.333321376702117
Learned PS fixed QAM,3,0.04069644114772427,64,4,0,-1.135637559656619,-2.433756229652651
Learned PS fixed QAM,3,0.04069644114772427,65,4,1,-1.135637559656619,-2.1159510558956662
Learned PS fixed QAM,3,0.04069644114772427,66,4,2,-1.135637559656619,-1.7981458821386818
Learned PS fixed QAM,3,0.04069644114772427,67,4,3,-1.135637559656619,-1.4803407083816975
Learned PS fixed QAM,3,0.04069644114772427,68,4,4,-1.135637559656619,-1.1625355346247128
Learned PS fixed QAM,3,0.04069644114772427,69,4,5,-1.135637559656619,-0.8447303608677283
Learned PS fixed QAM,3,0.04069644114772427,70,4,6,-1.135637559656619,-0.5269251871107439
Learned PS fixed QAM,3,0.04069644114772427,71,4,7,-1.135637559656619,-0.20912001335375935
Learned PS fixed QAM,3,0.04069644114772427,72,4,8,-1.135637559656619,0.10868516040322515
Learned PS fixed QAM,3,0.04069644114772427,73,4,9,-1.135637559656619,0.42649033416020965
Learned PS fixed QAM,3,0.04069644114772427,74,4,10,-1.135637559656619,0.7442955079171942
Learned PS fixed QAM,3,0.04069644114772427,75,4,11,-1.135637559656619,1.0621006816741785
Learned PS fixed QAM,3,0.04069644114772427,76,4,12,-1.135637559656619,1.3799058554311632
Learned PS fixed QAM,3,0.04069644114772427,77,4,13,-1.135637559656619,1.6977110291881476
Learned PS fixed QAM,3,0.04069644114772427,78,4,14,-1.135637559656619,2.015516202945132
Learned PS fixed QAM,3,0.04069644114772427,79,4,15,-1.135637559656619,2.333321376702117
Learned PS fixed QAM,3,0.04069644114772427,80,5,0,-0.8178323858996347,-2.433756229652651
Learned PS fixed QAM,3,0.04069644114772427,81,5,1,-0.8178323858996347,-2.1159510558956662
Learned PS fixed QAM,3,0.04069644114772427,82,5,2,-0.8178323858996347,-1.7981458821386818
Learned PS fixed QAM,3,0.04069644114772427,83,5,3,-0.8178323858996347,-1.4803407083816975
Learned PS fixed QAM,3,0.04069644114772427,84,5,4,-0.8178323858996347,-1.1625355346247128
Learned PS fixed QAM,3,0.04069644114772427,85,5,5,-0.8178323858996347,-0.8447303608677283
Learned PS fixed QAM,3,0.04069644114772427,86,5,6,-0.8178323858996347,-0.5269251871107439
Learned PS fixed QAM,3,0.04069644114772427,87,5,7,-0.8178323858996347,-0.20912001335375935
Learned PS fixed QAM,3,0.04069644114772427,88,5,8,-0.8178323858996347,0.10868516040322515
Learned PS fixed QAM,3,0.04069644114772427,89,5,9,-0.8178323858996347,0.42649033416020965
Learned PS fixed QAM,3,0.04069644114772427,90,5,10,-0.8178323858996347,0.7442955079171942
Learned PS fixed QAM,3,0.04069644114772427,91,5,11,-0.8178323858996347,1.0621006816741785
Learned PS fixed QAM,3,0.04069644114772427,92,5,12,-0.8178323858996347,1.3799058554311632
Learned PS fixed QAM,3,0.04069644114772427,93,5,13,-0.8178323858996347,1.6977110291881476
Learned PS fixed QAM,3,0.04069644114772427,94,5,14,-0.8178323858996347,2.015516202945132
Learned PS fixed QAM,3,0.04069644114772427,95,5,15,-0.8178323858996347,2.333321376702117
Learned PS fixed QAM,3,0.04069644114772427,96,6,0,-0.5000272121426501,-2.433756229652651
Learned PS fixed QAM,3,0.04069644114772427,97,6,1,-0.5000272121426501,-2.1159510558956662
Learned PS fixed QAM,3,0.04069644114772427,98,6,2,-0.5000272121426501,-1.7981458821386818
Learned PS fixed QAM,3,0.04069644114772427,99,6,3,-0.5000272121426501,-1.4803407083816975
Learned PS fixed QAM,3,0.04069644114772427,100,6,4,-0.5000272121426501,-1.1625355346247128
Learned PS fixed QAM,3,0.04069644114772427,101,6,5,-0.5000272121426501,-0.8447303608677283
Learned PS fixed QAM,3,0.04069644114772427,102,6,6,-0.5000272121426501,-0.5269251871107439
Learned PS fixed QAM,3,0.04069644114772427,103,6,7,-0.5000272121426501,-0.20912001335375935
Learned PS fixed QAM,3,0.04069644114772427,104,6,8,-0.5000272121426501,0.10868516040322515
Learned PS fixed QAM,3,0.04069644114772427,105,6,9,-0.5000272121426501,0.42649033416020965
Learned PS fixed QAM,3,0.04069644114772427,106,6,10,-0.5000272121426501,0.7442955079171942
Learned PS fixed QAM,3,0.04069644114772427,107,6,11,-0.5000272121426501,1.0621006816741785
Learned PS fixed QAM,3,0.04069644114772427,108,6,12,-0.5000272121426501,1.3799058554311632
Learned PS fixed QAM,3,0.04069644114772427,109,6,13,-0.5000272121426501,1.6977110291881476
Learned PS fixed QAM,3,0.04069644114772427,110,6,14,-0.5000272121426501,2.015516202945132
Learned PS fixed QAM,3,0.04069644114772427,111,6,15,-0.5000272121426501,2.333321376702117
Learned PS fixed QAM,3,0.04069644114772427,112,7,0,-0.1822220383856656,-2.433756229652651
Learned PS fixed QAM,3,0.04069644114772427,113,7,1,-0.1822220383856656,-2.1159510558956662
Learned PS fixed QAM,3,0.04069644114772427,114,7,2,-0.1822220383856656,-1.7981458821386818
Learned PS fixed QAM,3,0.04069644114772427,115,7,3,-0.1822220383856656,-1.4803407083816975
Learned PS fixed QAM,3,0.04069644114772427,116,7,4,-0.1822220383856656,-1.1625355346247128
Learned PS fixed QAM,3,0.04069644114772427,117,7,5,-0.1822220383856656,-0.8447303608677283
Learned PS fixed QAM,3,0.04069644114772427,118,7,6,-0.1822220383856656,-0.5269251871107439
Learned PS fixed QAM,3,0.04069644114772427,119,7,7,-0.1822220383856656,-0.20912001335375935
Learned PS fixed QAM,3,0.04069644114772427,120,7,8,-0.1822220383856656,0.10868516040322515
Learned PS fixed QAM,3,0.04069644114772427,121,7,9,-0.1822220383856656,0.42649033416020965
Learned PS fixed QAM,3,0.04069644114772427,122,7,10,-0.1822220383856656,0.7442955079171942
Learned PS fixed QAM,3,0.04069644114772427,123,7,11,-0.1822220383856656,1.0621006816741785
Learned PS fixed QAM,3,0.04069644114772427,124,7,12,-0.1822220383856656,1.3799058554311632
Learned PS fixed QAM,3,0.04069644114772427,125,7,13,-0.1822220383856656,1.6977110291881476
Learned PS fixed QAM,3,0.04069644114772427,126,7,14,-0.1822220383856656,2.015516202945132
Learned PS fixed QAM,3,0.04069644114772427,127,7,15,-0.1822220383856656,2.333321376702117
Learned PS fixed QAM,3,0.04069644114772427,128,8,0,0.13558313537131889,-2.433756229652651
Learned PS fixed QAM,3,0.04069644114772427,129,8,1,0.13558313537131889,-2.1159510558956662
Learned PS fixed QAM,3,0.04069644114772427,130,8,2,0.13558313537131889,-1.7981458821386818
Learned PS fixed QAM,3,0.04069644114772427,131,8,3,0.13558313537131889,-1.4803407083816975
Learned PS fixed QAM,3,0.04069644114772427,132,8,4,0.13558313537131889,-1.1625355346247128
Learned PS fixed QAM,3,0.04069644114772427,133,8,5,0.13558313537131889,-0.8447303608677283
Learned PS fixed QAM,3,0.04069644114772427,134,8,6,0.13558313537131889,-0.5269251871107439
Learned PS fixed QAM,3,0.04069644114772427,135,8,7,0.13558313537131889,-0.20912001335375935
Learned PS fixed QAM,3,0.04069644114772427,136,8,8,0.13558313537131889,0.10868516040322515
Learned PS fixed QAM,3,0.04069644114772427,137,8,9,0.13558313537131889,0.42649033416020965
Learned PS fixed QAM,3,0.04069644114772427,138,8,10,0.13558313537131889,0.7442955079171942
Learned PS fixed QAM,3,0.04069644114772427,139,8,11,0.13558313537131889,1.0621006816741785
Learned PS fixed QAM,3,0.04069644114772427,140,8,12,0.13558313537131889,1.3799058554311632
Learned PS fixed QAM,3,0.04069644114772427,141,8,13,0.13558313537131889,1.6977110291881476
Learned PS fixed QAM,3,0.04069644114772427,142,8,14,0.13558313537131889,2.015516202945132
Learned PS fixed QAM,3,0.04069644114772427,143,8,15,0.13558313537131889,2.333321376702117
Learned PS fixed QAM,3,0.04069644114772427,144,9,0,0.4533883091283034,-2.433756229652651
Learned PS fixed QAM,3,0.04069644114772427,145,9,1,0.4533883091283034,-2.1159510558956662
Learned PS fixed QAM,3,0.04069644114772427,146,9,2,0.4533883091283034,-1.7981458821386818
Learned PS fixed QAM,3,0.04069644114772427,147,9,3,0.4533883091283034,-1.4803407083816975
Learned PS fixed QAM,3,0.04069644114772427,148,9,4,0.4533883091283034,-1.1625355346247128
Learned PS fixed QAM,3,0.04069644114772427,149,9,5,0.4533883091283034,-0.8447303608677283
Learned PS fixed QAM,3,0.04069644114772427,150,9,6,0.4533883091283034,-0.5269251871107439
Learned PS fixed QAM,3,0.04069644114772427,151,9,7,0.4533883091283034,-0.20912001335375935
Learned PS fixed QAM,3,0.04069644114772427,152,9,8,0.4533883091283034,0.10868516040322515
Learned PS fixed QAM,3,0.04069644114772427,153,9,9,0.4533883091283034,0.42649033416020965
Learned PS fixed QAM,3,0.04069644114772427,154,9,10,0.4533883091283034,0.7442955079171942
Learned PS fixed QAM,3,0.04069644114772427,155,9,11,0.4533883091283034,1.0621006816741785
Learned PS fixed QAM,3,0.04069644114772427,156,9,12,0.4533883091283034,1.3799058554311632
Learned PS fixed QAM,3,0.04069644114772427,157,9,13,0.4533883091283034,1.6977110291881476
Learned PS fixed QAM,3,0.04069644114772427,158,9,14,0.4533883091283034,2.015516202945132
Learned PS fixed QAM,3,0.04069644114772427,159,9,15,0.4533883091283034,2.333321376702117
Learned PS fixed QAM,3,0.04069644114772427,160,10,0,0.771193482885288,-2.433756229652651
Learned PS fixed QAM,3,0.04069644114772427,161,10,1,0.771193482885288,-2.1159510558956662
Learned PS fixed QAM,3,0.04069644114772427,162,10,2,0.771193482885288,-1.7981458821386818
Learned PS fixed QAM,3,0.04069644114772427,163,10,3,0.771193482885288,-1.4803407083816975
Learned PS fixed QAM,3,0.04069644114772427,164,10,4,0.771193482885288,-1.1625355346247128
Learned PS fixed QAM,3,0.04069644114772427,165,10,5,0.771193482885288,-0.8447303608677283
Learned PS fixed QAM,3,0.04069644114772427,166,10,6,0.771193482885288,-0.5269251871107439
Learned PS fixed QAM,3,0.04069644114772427,167,10,7,0.771193482885288,-0.20912001335375935
Learned PS fixed QAM,3,0.04069644114772427,168,10,8,0.771193482885288,0.10868516040322515
Learned PS fixed QAM,3,0.04069644114772427,169,10,9,0.771193482885288,0.42649033416020965
Learned PS fixed QAM,3,0.04069644114772427,170,10,10,0.771193482885288,0.7442955079171942
Learned PS fixed QAM,3,0.04069644114772427,171,10,11,0.771193482885288,1.0621006816741785
Learned PS fixed QAM,3,0.04069644114772427,172,10,12,0.771193482885288,1.3799058554311632
Learned PS fixed QAM,3,0.04069644114772427,173,10,13,0.771193482885288,1.6977110291881476
Learned PS fixed QAM,3,0.04069644114772427,174,10,14,0.771193482885288,2.015516202945132
Learned PS fixed QAM,3,0.04069644114772427,175,10,15,0.771193482885288,2.333321376702117
Learned PS fixed QAM,3,0.04069644114772427,176,11,0,1.0889986566422722,-2.433756229652651
Learned PS fixed QAM,3,0.04069644114772427,177,11,1,1.0889986566422722,-2.1159510558956662
Learned PS fixed QAM,3,0.04069644114772427,178,11,2,1.0889986566422722,-1.7981458821386818
Learned PS fixed QAM,3,0.04069644114772427,179,11,3,1.0889986566422722,-1.4803407083816975
Learned PS fixed QAM,3,0.04069644114772427,180,11,4,1.0889986566422722,-1.1625355346247128
Learned PS fixed QAM,3,0.04069644114772427,181,11,5,1.0889986566422722,-0.8447303608677283
Learned PS fixed QAM,3,0.04069644114772427,182,11,6,1.0889986566422722,-0.5269251871107439
Learned PS fixed QAM,3,0.04069644114772427,183,11,7,1.0889986566422722,-0.20912001335375935
Learned PS fixed QAM,3,0.04069644114772427,184,11,8,1.0889986566422722,0.10868516040322515
Learned PS fixed QAM,3,0.04069644114772427,185,11,9,1.0889986566422722,0.42649033416020965
Learned PS fixed QAM,3,0.04069644114772427,186,11,10,1.0889986566422722,0.7442955079171942
Learned PS fixed QAM,3,0.04069644114772427,187,11,11,1.0889986566422722,1.0621006816741785
Learned PS fixed QAM,3,0.04069644114772427,188,11,12,1.0889986566422722,1.3799058554311632
Learned PS fixed QAM,3,0.04069644114772427,189,11,13,1.0889986566422722,1.6977110291881476
Learned PS fixed QAM,3,0.04069644114772427,190,11,14,1.0889986566422722,2.015516202945132
Learned PS fixed QAM,3,0.04069644114772427,191,11,15,1.0889986566422722,2.333321376702117
Learned PS fixed QAM,3,0.04069644114772427,192,12,0,1.406803830399257,-2.433756229652651
Learned PS fixed QAM,3,0.04069644114772427,193,12,1,1.406803830399257,-2.1159510558956662
Learned PS fixed QAM,3,0.04069644114772427,194,12,2,1.406803830399257,-1.7981458821386818
Learned PS fixed QAM,3,0.04069644114772427,195,12,3,1.406803830399257,-1.4803407083816975
Learned PS fixed QAM,3,0.04069644114772427,196,12,4,1.406803830399257,-1.1625355346247128
Learned PS fixed QAM,3,0.04069644114772427,197,12,5,1.406803830399257,-0.8447303608677283
Learned PS fixed QAM,3,0.04069644114772427,198,12,6,1.406803830399257,-0.5269251871107439
Learned PS fixed QAM,3,0.04069644114772427,199,12,7,1.406803830399257,-0.20912001335375935
Learned PS fixed QAM,3,0.04069644114772427,200,12,8,1.406803830399257,0.10868516040322515
Learned PS fixed QAM,3,0.04069644114772427,201,12,9,1.406803830399257,0.42649033416020965
Learned PS fixed QAM,3,0.04069644114772427,202,12,10,1.406803830399257,0.7442955079171942
Learned PS fixed QAM,3,0.04069644114772427,203,12,11,1.406803830399257,1.0621006816741785
Learned PS fixed QAM,3,0.04069644114772427,204,12,12,1.406803830399257,1.3799058554311632
Learned PS fixed QAM,3,0.04069644114772427,205,12,13,1.406803830399257,1.6977110291881476
Learned PS fixed QAM,3,0.04069644114772427,206,12,14,1.406803830399257,2.015516202945132
Learned PS fixed QAM,3,0.04069644114772427,207,12,15,1.406803830399257,2.333321376702117
Learned PS fixed QAM,3,0.04069644114772427,208,13,0,1.7246090041562412,-2.433756229652651
Learned PS fixed QAM,3,0.04069644114772427,209,13,1,1.7246090041562412,-2.1159510558956662
Learned PS fixed QAM,3,0.04069644114772427,210,13,2,1.7246090041562412,-1.7981458821386818
Learned PS fixed QAM,3,0.04069644114772427,211,13,3,1.7246090041562412,-1.4803407083816975
Learned PS fixed QAM,3,0.04069644114772427,212,13,4,1.7246090041562412,-1.1625355346247128
Learned PS fixed QAM,3,0.04069644114772427,213,13,5,1.7246090041562412,-0.8447303608677283
Learned PS fixed QAM,3,0.04069644114772427,214,13,6,1.7246090041562412,-0.5269251871107439
Learned PS fixed QAM,3,0.04069644114772427,215,13,7,1.7246090041562412,-0.20912001335375935
Learned PS fixed QAM,3,0.04069644114772427,216,13,8,1.7246090041562412,0.10868516040322515
Learned PS fixed QAM,3,0.04069644114772427,217,13,9,1.7246090041562412,0.42649033416020965
Learned PS fixed QAM,3,0.04069644114772427,218,13,10,1.7246090041562412,0.7442955079171942
Learned PS fixed QAM,3,0.04069644114772427,219,13,11,1.7246090041562412,1.0621006816741785
Learned PS fixed QAM,3,0.04069644114772427,220,13,12,1.7246090041562412,1.3799058554311632
Learned PS fixed QAM,3,0.04069644114772427,221,13,13,1.7246090041562412,1.6977110291881476
Learned PS fixed QAM,3,0.04069644114772427,222,13,14,1.7246090041562412,2.015516202945132
Learned PS fixed QAM,3,0.04069644114772427,223,13,15,1.7246090041562412,2.333321376702117
Learned PS fixed QAM,3,0.04069644114772427,224,14,0,2.042414177913226,-2.433756229652651
Learned PS fixed QAM,3,0.04069644114772427,225,14,1,2.042414177913226,-2.1159510558956662
Learned PS fixed QAM,3,0.04069644114772427,226,14,2,2.042414177913226,-1.7981458821386818
Learned PS fixed QAM,3,0.04069644114772427,227,14,3,2.042414177913226,-1.4803407083816975
Learned PS fixed QAM,3,0.04069644114772427,228,14,4,2.042414177913226,-1.1625355346247128
Learned PS fixed QAM,3,0.04069644114772427,229,14,5,2.042414177913226,-0.8447303608677283
Learned PS fixed QAM,3,0.04069644114772427,230,14,6,2.042414177913226,-0.5269251871107439
Learned PS fixed QAM,3,0.04069644114772427,231,14,7,2.042414177913226,-0.20912001335375935
Learned PS fixed QAM,3,0.04069644114772427,232,14,8,2.042414177913226,0.10868516040322515
Learned PS fixed QAM,3,0.04069644114772427,233,14,9,2.042414177913226,0.42649033416020965
Learned PS fixed QAM,3,0.04069644114772427,234,14,10,2.042414177913226,0.7442955079171942
Learned PS fixed QAM,3,0.04069644114772427,235,14,11,2.042414177913226,1.0621006816741785
Learned PS fixed QAM,3,0.04069644114772427,236,14,12,2.042414177913226,1.3799058554311632
Learned PS fixed QAM,3,0.04069644114772427,237,14,13,2.042414177913226,1.6977110291881476
Learned PS fixed QAM,3,0.04069644114772427,238,14,14,2.042414177913226,2.015516202945132
Learned PS fixed QAM,3,0.04069644114772427,239,14,15,2.042414177913226,2.333321376702117
Learned PS fixed QAM,3,0.04069644114772427,240,15,0,2.3602193516702106,-2.433756229652651
Learned PS fixed QAM,3,0.04069644114772427,241,15,1,2.3602193516702106,-2.1159510558956662
Learned PS fixed QAM,3,0.04069644114772427,242,15,2,2.3602193516702106,-1.7981458821386818
Learned PS fixed QAM,3,0.04069644114772427,243,15,3,2.3602193516702106,-1.4803407083816975
Learned PS fixed QAM,3,0.04069644114772427,244,15,4,2.3602193516702106,-1.1625355346247128
Learned PS fixed QAM,3,0.04069644114772427,245,15,5,2.3602193516702106,-0.8447303608677283
Learned PS fixed QAM,3,0.04069644114772427,246,15,6,2.3602193516702106,-0.5269251871107439
Learned PS fixed QAM,3,0.04069644114772427,247,15,7,2.3602193516702106,-0.20912001335375935
Learned PS fixed QAM,3,0.04069644114772427,248,15,8,2.3602193516702106,0.10868516040322515
Learned PS fixed QAM,3,0.04069644114772427,249,15,9,2.3602193516702106,0.42649033416020965
Learned PS fixed QAM,3,0.04069644114772427,250,15,10,2.3602193516702106,0.7442955079171942
Learned PS fixed QAM,3,0.04069644114772427,251,15,11,2.3602193516702106,1.0621006816741785
Learned PS fixed QAM,3,0.04069644114772427,252,15,12,2.3602193516702106,1.3799058554311632
Learned PS fixed QAM,3,0.04069644114772427,253,15,13,2.3602193516702106,1.6977110291881476
Learned PS fixed QAM,3,0.04069644114772427,254,15,14,2.3602193516702106,2.015516202945132
Learned PS fixed QAM,3,0.04069644114772427,255,15,15,2.3602193516702106,2.333321376702117
Learned GS uniform probabilities,0,0.06516621137071377,0,0,0,-1.150680861441764,-1.1506787344278364
Learned GS uniform probabilities,0,0.06516621137071377,1,0,1,-1.15068113928615,-0.9972783100897595
Learned GS uniform probabilities,0,0.06516621137071377,2,0,2,-1.1506814609767595,-0.8435976705455499
Learned GS uniform probabilities,0,0.06516621137071377,3,0,3,-1.1506817475373228,-0.690109156470539
Learned GS uniform probabilities,0,0.06516621137071377,4,0,4,-1.1506820421386599,-0.5367109703517352
Learned GS uniform probabilities,0,0.06516621137071377,5,0,5,-1.1506823429074056,-0.3833120412565192
Learned GS uniform probabilities,0,0.06516621137071377,6,0,6,-1.1506825683092619,-0.22991293164789076
Learned GS uniform probabilities,0,0.06516621137071377,7,0,7,-1.150682636435655,-0.07651371460418259
Learned GS uniform probabilities,0,0.06516621137071377,8,0,8,-1.150682636435655,0.07651371460418259
Learned GS uniform probabilities,0,0.06516621137071377,9,0,9,-1.1506825683092619,0.22991293164789076
Learned GS uniform probabilities,0,0.06516621137071377,10,0,10,-1.1506823429074056,0.3833120412565192
Learned GS uniform probabilities,0,0.06516621137071377,11,0,11,-1.1506820421386599,0.5367109703517352
Learned GS uniform probabilities,0,0.06516621137071377,12,0,12,-1.1506817475373228,0.690109156470539
Learned GS uniform probabilities,0,0.06516621137071377,13,0,13,-1.1506814609767595,0.8435976705455499
Learned GS uniform probabilities,0,0.06516621137071377,14,0,14,-1.15068113928615,0.9972783100897595
Learned GS uniform probabilities,0,0.06516621137071377,15,0,15,-1.150680861441764,1.1506787344278364
Learned GS uniform probabilities,0,0.06516621137071377,16,1,0,-0.9972828727555717,-1.1506784532644703
Learned GS uniform probabilities,0,0.06516621137071377,17,1,1,-0.9972843083909261,-0.9972770906279171
Learned GS uniform probabilities,0,0.06516621137071377,18,1,2,-0.9972867642342639,-0.8435040008131118
Learned GS uniform probabilities,0,0.06516621137071377,19,1,3,-0.9972910211599669,-0.6901097237043686
Learned GS uniform probabilities,0,0.06516621137071377,20,1,4,-0.9972954430074965,-0.5367111217012569
Learned GS uniform probabilities,0,0.06516621137071377,21,1,5,-0.9972694608267636,-0.3833121147529615
Learned GS uniform probabilities,0,0.06516621137071377,22,1,6,-0.9972084036719725,-0.2299129621566652
Learned GS uniform probabilities,0,0.06516621137071377,23,1,7,-0.9971779461719211,-0.07651371522579015
Learned GS uniform probabilities,0,0.06516621137071377,24,1,8,-0.9971779461719211,0.07651371522579015
Learned GS uniform probabilities,0,0.06516621137071377,25,1,9,-0.9972084036719725,0.2299129621566652
Learned GS uniform probabilities,0,0.06516621137071377,26,1,10,-0.9972694608267636,0.3833121147529615
Learned GS uniform probabilities,0,0.06516621137071377,27,1,11,-0.9972954430074965,0.5367111217012569
Learned GS uniform probabilities,0,0.06516621137071377,28,1,12,-0.9972910211599669,0.6901097237043686
Learned GS uniform probabilities,0,0.06516621137071377,29,1,13,-0.9972867642342639,0.8435040008131118
Learned GS uniform probabilities,0,0.06516621137071377,30,1,14,-0.9972843083909261,0.9972770906279171
Learned GS uniform probabilities,0,0.06516621137071377,31,1,15,-0.9972828727555717,1.1506784532644703
Learned GS uniform probabilities,0,0.06516621137071377,32,2,0,-0.8437502281248295,-1.1506781305122953
Learned GS uniform probabilities,0,0.06516621137071377,33,2,1,-0.8435177105333886,-0.9972749441031898
Learned GS uniform probabilities,0,0.06516621137071377,34,2,2,-0.8435153733793125,-0.8435063331310273
Learned GS uniform probabilities,0,0.06516621137071377,35,2,3,-0.8435147052228607,-0.690109865031404
Learned GS uniform probabilities,0,0.06516621137071377,36,2,4,-0.8435143923737567,-0.5367111839401594
Learned GS uniform probabilities,0,0.06516621137071377,37,2,5,-0.843514256865574,-0.38331213449086676
Learned GS uniform probabilities,0,0.06516621137071377,38,2,6,-0.8435142553025635,-0.22991298357267234
Learned GS uniform probabilities,0,0.06516621137071377,39,2,7,-0.8435142530041282,-0.0765137262516692
Learned GS uniform probabilities,0,0.06516621137071377,40,2,8,-0.8435142530041282,0.0765137262516692
Learned GS uniform probabilities,0,0.06516621137071377,41,2,9,-0.8435142553025635,0.22991298357267234
Learned GS uniform probabilities,0,0.06516621137071377,42,2,10,-0.843514256865574,0.38331213449086676
Learned GS uniform probabilities,0,0.06516621137071377,43,2,11,-0.8435143923737567,0.5367111839401594
Learned GS uniform probabilities,0,0.06516621137071377,44,2,12,-0.8435147052228607,0.690109865031404
Learned GS uniform probabilities,0,0.06516621137071377,45,2,13,-0.8435153733793125,0.8435063331310273
Learned GS uniform probabilities,0,0.06516621137071377,46,2,14,-0.8435177105333886,0.9972749441031898
Learned GS uniform probabilities,0,0.06516621137071377,47,2,15,-0.8437502281248295,1.1506781305122953
Learned GS uniform probabilities,0,0.06516621137071377,48,3,0,-0.6901143534817322,-1.1506778079270226
Learned GS uniform probabilities,0,0.06516621137071377,49,3,1,-0.6901137014416592,-0.9972711503833873
Learned GS uniform probabilities,0,0.06516621137071377,50,3,2,-0.6901134877124603,-0.8435070211794433
Learned GS uniform probabilities,0,0.06516621137071377,51,3,3,-0.6901133998046871,-0.6901099301202529
Learned GS uniform probabilities,0,0.06516621137071377,52,3,4,-0.6901133772364244,-0.5367111775438598
Learned GS uniform probabilities,0,0.06516621137071377,53,3,5,-0.690113401027861,-0.3833120823958291
Learned GS uniform probabilities,0,0.06516621137071377,54,3,6,-0.690113416244669,-0.22991294979045598
Learned GS uniform probabilities,0,0.06516621137071377,55,3,7,-0.6901134171071062,-0.07651370622564527
Learned GS uniform probabilities,0,0.06516621137071377,56,3,8,-0.6901134171071062,0.07651370622564527
Learned GS uniform probabilities,0,0.06516621137071377,57,3,9,-0.690113416244669,0.22991294979045598
Learned GS uniform probabilities,0,0.06516621137071377,58,3,10,-0.690113401027861,0.3833120823958291
Learned GS uniform probabilities,0,0.06516621137071377,59,3,11,-0.6901133772364244,0.5367111775438598
Learned GS uniform probabilities,0,0.06516621137071377,60,3,12,-0.6901133998046871,0.6901099301202529
Learned GS uniform probabilities,0,0.06516621137071377,61,3,13,-0.6901134877124603,0.8435070211794433
Learned GS uniform probabilities,0,0.06516621137071377,62,3,14,-0.6901137014416592,0.9972711503833873
Learned GS uniform probabilities,0,0.06516621137071377,63,3,15,-0.6901143534817322,1.1506778079270226
Learned GS uniform probabilities,0,0.06516621137071377,64,4,0,-0.5367138603522584,-1.1506774548902903
Learned GS uniform probabilities,0,0.06516621137071377,65,4,1,-0.5367136931868479,-0.9970655413094556
Learned GS uniform probabilities,0,0.06516621137071377,66,4,2,-0.5367136084533078,-0.8435072668340301
Learned GS uniform probabilities,0,0.06516621137071377,67,4,3,-0.5367135738580447,-0.6901099092869051
Learned GS uniform probabilities,0,0.06516621137071377,68,4,4,-0.5367136025939896,-0.5367111065933085
Learned GS uniform probabilities,0,0.06516621137071377,69,4,5,-0.53671363101846,-0.38331209120450876
Learned GS uniform probabilities,0,0.06516621137071377,70,4,6,-0.5367136511920834,-0.22991289972851772
Learned GS uniform probabilities,0,0.06516621137071377,71,4,7,-0.5367136765113653,-0.07651368476803465
Learned GS uniform probabilities,0,0.06516621137071377,72,4,8,-0.5367136765113653,0.07651368476803465
Learned GS uniform probabilities,0,0.06516621137071377,73,4,9,-0.5367136511920834,0.22991289972851772
Learned GS uniform probabilities,0,0.06516621137071377,74,4,10,-0.53671363101846,0.38331209120450876
Learned GS uniform probabilities,0,0.06516621137071377,75,4,11,-0.5367136025939896,0.5367111065933085
Learned GS uniform probabilities,0,0.06516621137071377,76,4,12,-0.5367135738580447,0.6901099092869051
Learned GS uniform probabilities,0,0.06516621137071377,77,4,13,-0.5367136084533078,0.8435072668340301
Learned GS uniform probabilities,0,0.06516621137071377,78,4,14,-0.5367136931868479,0.9970655413094556
Learned GS uniform probabilities,0,0.06516621137071377,79,4,15,-0.5367138603522584,1.1506774548902903
Learned GS uniform probabilities,0,0.06516621137071377,80,5,0,-0.3833142259313538,-1.150677151114431
Learned GS uniform probabilities,0,0.06516621137071377,81,5,1,-0.3833140991642495,-0.9970564370089436
Learned GS uniform probabilities,0,0.06516621137071377,82,5,2,-0.38331403882471377,-0.8435074114025589
Learned GS uniform probabilities,0,0.06516621137071377,83,5,3,-0.3833140447854493,-0.6901098705364037
Learned GS uniform probabilities,0,0.06516621137071377,84,5,4,-0.38331408049885646,-0.5367111010162948
Learned GS uniform probabilities,0,0.06516621137071377,85,5,5,-0.38331410209394723,-0.3833120154401409
Learned GS uniform probabilities,0,0.06516621137071377,86,5,6,-0.38331412758453715,-0.2299128622410588
Learned GS uniform probabilities,0,0.06516621137071377,87,5,7,-0.3833141679362409,-0.07651364519013573
Learned GS uniform probabilities,0,0.06516621137071377,88,5,8,-0.3833141679362409,0.07651364519013573
Learned GS uniform probabilities,0,0.06516621137071377,89,5,9,-0.38331412758453715,0.2299128622410588
Learned GS uniform probabilities,0,0.06516621137071377,90,5,10,-0.38331410209394723,0.3833120154401409
Learned GS uniform probabilities,0,0.06516621137071377,91,5,11,-0.38331408049885646,0.5367111010162948
Learned GS uniform probabilities,0,0.06516621137071377,92,5,12,-0.3833140447854493,0.6901098705364037
Learned GS uniform probabilities,0,0.06516621137071377,93,5,13,-0.38331403882471377,0.8435074114025589
Learned GS uniform probabilities,0,0.06516621137071377,94,5,14,-0.3833140991642495,0.9970564370089436
Learned GS uniform probabilities,0,0.06516621137071377,95,5,15,-0.3833142259313538,1.150677151114431
Learned GS uniform probabilities,0,0.06516621137071377,96,6,0,-0.22991475738814726,-1.1506768630944475
Learned GS uniform probabilities,0,0.06516621137071377,97,6,1,-0.22991469460143243,-0.9970450258276445
Learned GS uniform probabilities,0,0.06516621137071377,98,6,2,-0.22991466517551917,-0.8435073816818592
Learned GS uniform probabilities,0,0.06516621137071377,99,6,3,-0.22991468594693337,-0.6901097830313185
Learned GS uniform probabilities,0,0.06516621137071377,100,6,4,-0.2299146922324547,-0.5367109986628462
Learned GS uniform probabilities,0,0.06516621137071377,101,6,5,-0.22991471676356082,-0.38331200465169946
Learned GS uniform probabilities,0,0.06516621137071377,102,6,6,-0.22991471916626086,-0.22991280951785964
Learned GS uniform probabilities,0,0.06516621137071377,103,6,7,-0.22991473301994347,-0.07651359843706036
Learned GS uniform probabilities,0,0.06516621137071377,104,6,8,-0.22991473301994347,0.07651359843706036
Learned GS uniform probabilities,0,0.06516621137071377,105,6,9,-0.22991471916626086,0.22991280951785964
Learned GS uniform probabilities,0,0.06516621137071377,106,6,10,-0.22991471676356082,0.38331200465169946
Learned GS uniform probabilities,0,0.06516621137071377,107,6,11,-0.2299146922324547,0.5367109986628462
Learned GS uniform probabilities,0,0.06516621137071377,108,6,12,-0.22991468594693337,0.6901097830313185
Learned GS uniform probabilities,0,0.06516621137071377,109,6,13,-0.22991466517551917,0.8435073816818592
Learned GS uniform probabilities,0,0.06516621137071377,110,6,14,-0.22991469460143243,0.9970450258276445
Learned GS uniform probabilities,0,0.06516621137071377,111,6,15,-0.22991475738814726,1.1506768630944475
Learned GS uniform probabilities,0,0.06516621137071377,112,7,0,-0.07651541357780534,-1.150676789812394
Learned GS uniform probabilities,0,0.06516621137071377,113,7,1,-0.07651534587034288,-0.9970381656189806
Learned GS uniform probabilities,0,0.06516621137071377,114,7,2,-0.0765153178766006,-0.8435072656507735
Learned GS uniform probabilities,0,0.06516621137071377,115,7,3,-0.07651535500712899,-0.690109764434568
Learned GS uniform probabilities,0,0.06516621137071377,116,7,4,-0.0765153588392937,-0.5367109973236708
Learned GS uniform probabilities,0,0.06516621137071377,117,7,5,-0.07651537890980743,-0.3833119641588321
Learned GS uniform probabilities,0,0.06516621137071377,118,7,6,-0.0765154149108218,-0.22991281557631893
Learned GS uniform probabilities,0,0.06516621137071377,119,7,7,-0.07651543695785118,-0.0765135979589255
Learned GS uniform probabilities,0,0.06516621137071377,120,7,8,-0.07651543695785118,0.0765135979589255
Learned GS uniform probabilities,0,0.06516621137071377,121,7,9,-0.0765154149108218,0.22991281557631893
Learned GS uniform probabilities,0,0.06516621137071377,122,7,10,-0.07651537890980743,0.3833119641588321
Learned GS uniform probabilities,0,0.06516621137071377,123,7,11,-0.0765153588392937,0.5367109973236708
Learned GS uniform probabilities,0,0.06516621137071377,124,7,12,-0.07651535500712899,0.690109764434568
Learned GS uniform probabilities,0,0.06516621137071377,125,7,13,-0.0765153178766006,0.8435072656507735
Learned GS uniform probabilities,0,0.06516621137071377,126,7,14,-0.07651534587034288,0.9970381656189806
Learned GS uniform probabilities,0,0.06516621137071377,127,7,15,-0.07651541357780534,1.150676789812394
Learned GS uniform probabilities,0,0.06516621137071377,128,8,0,0.07651541357780536,-1.150676789812394
Learned GS uniform probabilities,0,0.06516621137071377,129,8,1,0.07651534587034291,-0.9970381656189806
Learned GS uniform probabilities,0,0.06516621137071377,130,8,2,0.07651531787660062,-0.8435072656507735
Learned GS uniform probabilities,0,0.06516621137071377,131,8,3,0.07651535500712901,-0.690109764434568
Learned GS uniform probabilities,0,0.06516621137071377,132,8,4,0.07651535883929372,-0.5367109973236708
Learned GS uniform probabilities,0,0.06516621137071377,133,8,5,0.07651537890980746,-0.3833119641588321
Learned GS uniform probabilities,0,0.06516621137071377,134,8,6,0.07651541491082182,-0.22991281557631893
Learned GS uniform probabilities,0,0.06516621137071377,135,8,7,0.07651543695785121,-0.0765135979589255
Learned GS uniform probabilities,0,0.06516621137071377,136,8,8,0.07651543695785121,0.0765135979589255
Learned GS uniform probabilities,0,0.06516621137071377,137,8,9,0.07651541491082182,0.22991281557631893
Learned GS uniform probabilities,0,0.06516621137071377,138,8,10,0.07651537890980746,0.3833119641588321
Learned GS uniform probabilities,0,0.06516621137071377,139,8,11,0.07651535883929372,0.5367109973236708
Learned GS uniform probabilities,0,0.06516621137071377,140,8,12,0.07651535500712901,0.690109764434568
Learned GS uniform probabilities,0,0.06516621137071377,141,8,13,0.07651531787660062,0.8435072656507735
Learned GS uniform probabilities,0,0.06516621137071377,142,8,14,0.07651534587034291,0.9970381656189806
Learned GS uniform probabilities,0,0.06516621137071377,143,8,15,0.07651541357780536,1.150676789812394
Learned GS uniform probabilities,0,0.06516621137071377,144,9,0,0.22991475738814726,-1.1506768630944475
Learned GS uniform probabilities,0,0.06516621137071377,145,9,1,0.2299146946014325,-0.9970450258276445
Learned GS uniform probabilities,0,0.06516621137071377,146,9,2,0.22991466517551917,-0.8435073816818592
Learned GS uniform probabilities,0,0.06516621137071377,147,9,3,0.22991468594693337,-0.6901097830313185
Learned GS uniform probabilities,0,0.06516621137071377,148,9,4,0.22991469223245475,-0.5367109986628462
Learned GS uniform probabilities,0,0.06516621137071377,149,9,5,0.22991471676356087,-0.38331200465169946
Learned GS uniform probabilities,0,0.06516621137071377,150,9,6,0.22991471916626086,-0.22991280951785964
Learned GS uniform probabilities,0,0.06516621137071377,151,9,7,0.22991473301994347,-0.07651359843706036
Learned GS uniform probabilities,0,0.06516621137071377,152,9,8,0.22991473301994347,0.07651359843706036
Learned GS uniform probabilities,0,0.06516621137071377,153,9,9,0.22991471916626086,0.22991280951785964
Learned GS uniform probabilities,0,0.06516621137071377,154,9,10,0.22991471676356087,0.38331200465169946
Learned GS uniform probabilities,0,0.06516621137071377,155,9,11,0.22991469223245475,0.5367109986628462
Learned GS uniform probabilities,0,0.06516621137071377,156,9,12,0.22991468594693337,0.6901097830313185
Learned GS uniform probabilities,0,0.06516621137071377,157,9,13,0.22991466517551917,0.8435073816818592
Learned GS uniform probabilities,0,0.06516621137071377,158,9,14,0.2299146946014325,0.9970450258276445
Learned GS uniform probabilities,0,0.06516621137071377,159,9,15,0.22991475738814726,1.1506768630944475
Learned GS uniform probabilities,0,0.06516621137071377,160,10,0,0.3833142259313538,-1.150677151114431
Learned GS uniform probabilities,0,0.06516621137071377,161,10,1,0.3833140991642495,-0.9970564370089436
Learned GS uniform probabilities,0,0.06516621137071377,162,10,2,0.38331403882471377,-0.8435074114025589
Learned GS uniform probabilities,0,0.06516621137071377,163,10,3,0.3833140447854493,-0.6901098705364037
Learned GS uniform probabilities,0,0.06516621137071377,164,10,4,0.38331408049885646,-0.5367111010162948
Learned GS uniform probabilities,0,0.06516621137071377,165,10,5,0.38331410209394723,-0.3833120154401409
Learned GS uniform probabilities,0,0.06516621137071377,166,10,6,0.38331412758453715,-0.2299128622410588
Learned GS uniform probabilities,0,0.06516621137071377,167,10,7,0.3833141679362409,-0.07651364519013573
Learned GS uniform probabilities,0,0.06516621137071377,168,10,8,0.3833141679362409,0.07651364519013573
Learned GS uniform probabilities,0,0.06516621137071377,169,10,9,0.38331412758453715,0.2299128622410588
Learned GS uniform probabilities,0,0.06516621137071377,170,10,10,0.38331410209394723,0.3833120154401409
Learned GS uniform probabilities,0,0.06516621137071377,171,10,11,0.38331408049885646,0.5367111010162948
Learned GS uniform probabilities,0,0.06516621137071377,172,10,12,0.3833140447854493,0.6901098705364037
Learned GS uniform probabilities,0,0.06516621137071377,173,10,13,0.38331403882471377,0.8435074114025589
Learned GS uniform probabilities,0,0.06516621137071377,174,10,14,0.3833140991642495,0.9970564370089436
Learned GS uniform probabilities,0,0.06516621137071377,175,10,15,0.3833142259313538,1.150677151114431
Learned GS uniform probabilities,0,0.06516621137071377,176,11,0,0.5367138603522584,-1.1506774548902903
Learned GS uniform probabilities,0,0.06516621137071377,177,11,1,0.5367136931868479,-0.9970655413094556
Learned GS uniform probabilities,0,0.06516621137071377,178,11,2,0.5367136084533078,-0.8435072668340301
Learned GS uniform probabilities,0,0.06516621137071377,179,11,3,0.5367135738580447,-0.6901099092869051
Learned GS uniform probabilities,0,0.06516621137071377,180,11,4,0.5367136025939896,-0.5367111065933085
Learned GS uniform probabilities,0,0.06516621137071377,181,11,5,0.53671363101846,-0.38331209120450876
Learned GS uniform probabilities,0,0.06516621137071377,182,11,6,0.5367136511920834,-0.22991289972851772
Learned GS uniform probabilities,0,0.06516621137071377,183,11,7,0.5367136765113653,-0.07651368476803465
Learned GS uniform probabilities,0,0.06516621137071377,184,11,8,0.5367136765113653,0.07651368476803465
Learned GS uniform probabilities,0,0.06516621137071377,185,11,9,0.5367136511920834,0.22991289972851772
Learned GS uniform probabilities,0,0.06516621137071377,186,11,10,0.53671363101846,0.38331209120450876
Learned GS uniform probabilities,0,0.06516621137071377,187,11,11,0.5367136025939896,0.5367111065933085
Learned GS uniform probabilities,0,0.06516621137071377,188,11,12,0.5367135738580447,0.6901099092869051
Learned GS uniform probabilities,0,0.06516621137071377,189,11,13,0.5367136084533078,0.8435072668340301
Learned GS uniform probabilities,0,0.06516621137071377,190,11,14,0.5367136931868479,0.9970655413094556
Learned GS uniform probabilities,0,0.06516621137071377,191,11,15,0.5367138603522584,1.1506774548902903
Learned GS uniform probabilities,0,0.06516621137071377,192,12,0,0.6901143534817322,-1.1506778079270226
Learned GS uniform probabilities,0,0.06516621137071377,193,12,1,0.6901137014416592,-0.9972711503833873
Learned GS uniform probabilities,0,0.06516621137071377,194,12,2,0.6901134877124603,-0.8435070211794433
Learned GS uniform probabilities,0,0.06516621137071377,195,12,3,0.6901133998046871,-0.6901099301202529
Learned GS uniform probabilities,0,0.06516621137071377,196,12,4,0.6901133772364244,-0.5367111775438598
Learned GS uniform probabilities,0,0.06516621137071377,197,12,5,0.690113401027861,-0.3833120823958291
Learned GS uniform probabilities,0,0.06516621137071377,198,12,6,0.690113416244669,-0.22991294979045598
Learned GS uniform probabilities,0,0.06516621137071377,199,12,7,0.6901134171071062,-0.07651370622564527
Learned GS uniform probabilities,0,0.06516621137071377,200,12,8,0.6901134171071062,0.07651370622564527
Learned GS uniform probabilities,0,0.06516621137071377,201,12,9,0.690113416244669,0.22991294979045598
Learned GS uniform probabilities,0,0.06516621137071377,202,12,10,0.690113401027861,0.3833120823958291
Learned GS uniform probabilities,0,0.06516621137071377,203,12,11,0.6901133772364244,0.5367111775438598
Learned GS uniform probabilities,0,0.06516621137071377,204,12,12,0.6901133998046871,0.6901099301202529
Learned GS uniform probabilities,0,0.06516621137071377,205,12,13,0.6901134877124603,0.8435070211794433
Learned GS uniform probabilities,0,0.06516621137071377,206,12,14,0.6901137014416592,0.9972711503833873
Learned GS uniform probabilities,0,0.06516621137071377,207,12,15,0.6901143534817322,1.1506778079270226
Learned GS uniform probabilities,0,0.06516621137071377,208,13,0,0.8437502281248295,-1.1506781305122953
Learned GS uniform probabilities,0,0.06516621137071377,209,13,1,0.8435177105333886,-0.9972749441031898
Learned GS uniform probabilities,0,0.06516621137071377,210,13,2,0.8435153733793125,-0.8435063331310273
Learned GS uniform probabilities,0,0.06516621137071377,211,13,3,0.8435147052228607,-0.690109865031404
Learned GS uniform probabilities,0,0.06516621137071377,212,13,4,0.8435143923737567,-0.5367111839401594
Learned GS uniform probabilities,0,0.06516621137071377,213,13,5,0.843514256865574,-0.38331213449086676
Learned GS uniform probabilities,0,0.06516621137071377,214,13,6,0.8435142553025635,-0.22991298357267234
Learned GS uniform probabilities,0,0.06516621137071377,215,13,7,0.8435142530041282,-0.0765137262516692
Learned GS uniform probabilities,0,0.06516621137071377,216,13,8,0.8435142530041282,0.0765137262516692
Learned GS uniform probabilities,0,0.06516621137071377,217,13,9,0.8435142553025635,0.22991298357267234
Learned GS uniform probabilities,0,0.06516621137071377,218,13,10,0.843514256865574,0.38331213449086676
Learned GS uniform probabilities,0,0.06516621137071377,219,13,11,0.8435143923737567,0.5367111839401594
Learned GS uniform probabilities,0,0.06516621137071377,220,13,12,0.8435147052228607,0.690109865031404
Learned GS uniform probabilities,0,0.06516621137071377,221,13,13,0.8435153733793125,0.8435063331310273
Learned GS uniform probabilities,0,0.06516621137071377,222,13,14,0.8435177105333886,0.9972749441031898
Learned GS uniform probabilities,0,0.06516621137071377,223,13,15,0.8437502281248295,1.1506781305122953
Learned GS uniform probabilities,0,0.06516621137071377,224,14,0,0.9972828727555717,-1.1506784532644703
Learned GS uniform probabilities,0,0.06516621137071377,225,14,1,0.9972843083909261,-0.9972770906279171
Learned GS uniform probabilities,0,0.06516621137071377,226,14,2,0.9972867642342639,-0.8435040008131118
Learned GS uniform probabilities,0,0.06516621137071377,227,14,3,0.9972910211599669,-0.6901097237043686
Learned GS uniform probabilities,0,0.06516621137071377,228,14,4,0.9972954430074965,-0.5367111217012569
Learned GS uniform probabilities,0,0.06516621137071377,229,14,5,0.9972694608267636,-0.3833121147529615
Learned GS uniform probabilities,0,0.06516621137071377,230,14,6,0.9972084036719725,-0.2299129621566652
Learned GS uniform probabilities,0,0.06516621137071377,231,14,7,0.9971779461719211,-0.07651371522579015
Learned GS uniform probabilities,0,0.06516621137071377,232,14,8,0.9971779461719211,0.07651371522579015
Learned GS uniform probabilities,0,0.06516621137071377,233,14,9,0.9972084036719725,0.2299129621566652
Learned GS uniform probabilities,0,0.06516621137071377,234,14,10,0.9972694608267636,0.3833121147529615
Learned GS uniform probabilities,0,0.06516621137071377,235,14,11,0.9972954430074965,0.5367111217012569
Learned GS uniform probabilities,0,0.06516621137071377,236,14,12,0.9972910211599669,0.6901097237043686
Learned GS uniform probabilities,0,0.06516621137071377,237,14,13,0.9972867642342639,0.8435040008131118
Learned GS uniform probabilities,0,0.06516621137071377,238,14,14,0.9972843083909261,0.9972770906279171
Learned GS uniform probabilities,0,0.06516621137071377,239,14,15,0.9972828727555717,1.1506784532644703
Learned GS uniform probabilities,0,0.06516621137071377,240,15,0,1.150680861441764,-1.1506787344278364
Learned GS uniform probabilities,0,0.06516621137071377,241,15,1,1.15068113928615,-0.9972783100897595
Learned GS uniform probabilities,0,0.06516621137071377,242,15,2,1.1506814609767595,-0.8435976705455499
Learned GS uniform probabilities,0,0.06516621137071377,243,15,3,1.1506817475373228,-0.690109156470539
Learned GS uniform probabilities,0,0.06516621137071377,244,15,4,1.1506820421386599,-0.5367109703517352
Learned GS uniform probabilities,0,0.06516621137071377,245,15,5,1.1506823429074056,-0.3833120412565192
Learned GS uniform probabilities,0,0.06516621137071377,246,15,6,1.1506825683092619,-0.22991293164789076
Learned GS uniform probabilities,0,0.06516621137071377,247,15,7,1.150682636435655,-0.07651371460418259
Learned GS uniform probabilities,0,0.06516621137071377,248,15,8,1.150682636435655,0.07651371460418259
Learned GS uniform probabilities,0,0.06516621137071377,249,15,9,1.1506825683092619,0.22991293164789076
Learned GS uniform probabilities,0,0.06516621137071377,250,15,10,1.1506823429074056,0.3833120412565192
Learned GS uniform probabilities,0,0.06516621137071377,251,15,11,1.1506820421386599,0.5367109703517352
Learned GS uniform probabilities,0,0.06516621137071377,252,15,12,1.1506817475373228,0.690109156470539
Learned GS uniform probabilities,0,0.06516621137071377,253,15,13,1.1506814609767595,0.8435976705455499
Learned GS uniform probabilities,0,0.06516621137071377,254,15,14,1.15068113928615,0.9972783100897595
Learned GS uniform probabilities,0,0.06516621137071377,255,15,15,1.150680861441764,1.1506787344278364
Learned GS uniform probabilities,1,0.05555238316866061,0,0,0,-1.150680861441764,-1.1506787344278364
Learned GS uniform probabilities,1,0.05555238316866061,1,0,1,-1.15068113928615,-0.9972783100897595
Learned GS uniform probabilities,1,0.05555238316866061,2,0,2,-1.1506814609767595,-0.8435976705455499
Learned GS uniform probabilities,1,0.05555238316866061,3,0,3,-1.1506817475373228,-0.690109156470539
Learned GS uniform probabilities,1,0.05555238316866061,4,0,4,-1.1506820421386599,-0.5367109703517352
Learned GS uniform probabilities,1,0.05555238316866061,5,0,5,-1.1506823429074056,-0.3833120412565192
Learned GS uniform probabilities,1,0.05555238316866061,6,0,6,-1.1506825683092619,-0.22991293164789076
Learned GS uniform probabilities,1,0.05555238316866061,7,0,7,-1.150682636435655,-0.07651371460418259
Learned GS uniform probabilities,1,0.05555238316866061,8,0,8,-1.150682636435655,0.07651371460418259
Learned GS uniform probabilities,1,0.05555238316866061,9,0,9,-1.1506825683092619,0.22991293164789076
Learned GS uniform probabilities,1,0.05555238316866061,10,0,10,-1.1506823429074056,0.3833120412565192
Learned GS uniform probabilities,1,0.05555238316866061,11,0,11,-1.1506820421386599,0.5367109703517352
Learned GS uniform probabilities,1,0.05555238316866061,12,0,12,-1.1506817475373228,0.690109156470539
Learned GS uniform probabilities,1,0.05555238316866061,13,0,13,-1.1506814609767595,0.8435976705455499
Learned GS uniform probabilities,1,0.05555238316866061,14,0,14,-1.15068113928615,0.9972783100897595
Learned GS uniform probabilities,1,0.05555238316866061,15,0,15,-1.150680861441764,1.1506787344278364
Learned GS uniform probabilities,1,0.05555238316866061,16,1,0,-0.9972828727555717,-1.1506784532644703
Learned GS uniform probabilities,1,0.05555238316866061,17,1,1,-0.9972843083909261,-0.9972770906279171
Learned GS uniform probabilities,1,0.05555238316866061,18,1,2,-0.9972867642342639,-0.8435040008131118
Learned GS uniform probabilities,1,0.05555238316866061,19,1,3,-0.9972910211599669,-0.6901097237043686
Learned GS uniform probabilities,1,0.05555238316866061,20,1,4,-0.9972954430074965,-0.5367111217012569
Learned GS uniform probabilities,1,0.05555238316866061,21,1,5,-0.9972694608267636,-0.3833121147529615
Learned GS uniform probabilities,1,0.05555238316866061,22,1,6,-0.9972084036719725,-0.2299129621566652
Learned GS uniform probabilities,1,0.05555238316866061,23,1,7,-0.9971779461719211,-0.07651371522579015
Learned GS uniform probabilities,1,0.05555238316866061,24,1,8,-0.9971779461719211,0.07651371522579015
Learned GS uniform probabilities,1,0.05555238316866061,25,1,9,-0.9972084036719725,0.2299129621566652
Learned GS uniform probabilities,1,0.05555238316866061,26,1,10,-0.9972694608267636,0.3833121147529615
Learned GS uniform probabilities,1,0.05555238316866061,27,1,11,-0.9972954430074965,0.5367111217012569
Learned GS uniform probabilities,1,0.05555238316866061,28,1,12,-0.9972910211599669,0.6901097237043686
Learned GS uniform probabilities,1,0.05555238316866061,29,1,13,-0.9972867642342639,0.8435040008131118
Learned GS uniform probabilities,1,0.05555238316866061,30,1,14,-0.9972843083909261,0.9972770906279171
Learned GS uniform probabilities,1,0.05555238316866061,31,1,15,-0.9972828727555717,1.1506784532644703
Learned GS uniform probabilities,1,0.05555238316866061,32,2,0,-0.8437502281248295,-1.1506781305122953
Learned GS uniform probabilities,1,0.05555238316866061,33,2,1,-0.8435177105333886,-0.9972749441031898
Learned GS uniform probabilities,1,0.05555238316866061,34,2,2,-0.8435153733793125,-0.8435063331310273
Learned GS uniform probabilities,1,0.05555238316866061,35,2,3,-0.8435147052228607,-0.690109865031404
Learned GS uniform probabilities,1,0.05555238316866061,36,2,4,-0.8435143923737567,-0.5367111839401594
Learned GS uniform probabilities,1,0.05555238316866061,37,2,5,-0.843514256865574,-0.38331213449086676
Learned GS uniform probabilities,1,0.05555238316866061,38,2,6,-0.8435142553025635,-0.22991298357267234
Learned GS uniform probabilities,1,0.05555238316866061,39,2,7,-0.8435142530041282,-0.0765137262516692
Learned GS uniform probabilities,1,0.05555238316866061,40,2,8,-0.8435142530041282,0.0765137262516692
Learned GS uniform probabilities,1,0.05555238316866061,41,2,9,-0.8435142553025635,0.22991298357267234
Learned GS uniform probabilities,1,0.05555238316866061,42,2,10,-0.843514256865574,0.38331213449086676
Learned GS uniform probabilities,1,0.05555238316866061,43,2,11,-0.8435143923737567,0.5367111839401594
Learned GS uniform probabilities,1,0.05555238316866061,44,2,12,-0.8435147052228607,0.690109865031404
Learned GS uniform probabilities,1,0.05555238316866061,45,2,13,-0.8435153733793125,0.8435063331310273
Learned GS uniform probabilities,1,0.05555238316866061,46,2,14,-0.8435177105333886,0.9972749441031898
Learned GS uniform probabilities,1,0.05555238316866061,47,2,15,-0.8437502281248295,1.1506781305122953
Learned GS uniform probabilities,1,0.05555238316866061,48,3,0,-0.6901143534817322,-1.1506778079270226
Learned GS uniform probabilities,1,0.05555238316866061,49,3,1,-0.6901137014416592,-0.9972711503833873
Learned GS uniform probabilities,1,0.05555238316866061,50,3,2,-0.6901134877124603,-0.8435070211794433
Learned GS uniform probabilities,1,0.05555238316866061,51,3,3,-0.6901133998046871,-0.6901099301202529
Learned GS uniform probabilities,1,0.05555238316866061,52,3,4,-0.6901133772364244,-0.5367111775438598
Learned GS uniform probabilities,1,0.05555238316866061,53,3,5,-0.690113401027861,-0.3833120823958291
Learned GS uniform probabilities,1,0.05555238316866061,54,3,6,-0.690113416244669,-0.22991294979045598
Learned GS uniform probabilities,1,0.05555238316866061,55,3,7,-0.6901134171071062,-0.07651370622564527
Learned GS uniform probabilities,1,0.05555238316866061,56,3,8,-0.6901134171071062,0.07651370622564527
Learned GS uniform probabilities,1,0.05555238316866061,57,3,9,-0.690113416244669,0.22991294979045598
Learned GS uniform probabilities,1,0.05555238316866061,58,3,10,-0.690113401027861,0.3833120823958291
Learned GS uniform probabilities,1,0.05555238316866061,59,3,11,-0.6901133772364244,0.5367111775438598
Learned GS uniform probabilities,1,0.05555238316866061,60,3,12,-0.6901133998046871,0.6901099301202529
Learned GS uniform probabilities,1,0.05555238316866061,61,3,13,-0.6901134877124603,0.8435070211794433
Learned GS uniform probabilities,1,0.05555238316866061,62,3,14,-0.6901137014416592,0.9972711503833873
Learned GS uniform probabilities,1,0.05555238316866061,63,3,15,-0.6901143534817322,1.1506778079270226
Learned GS uniform probabilities,1,0.05555238316866061,64,4,0,-0.5367138603522584,-1.1506774548902903
Learned GS uniform probabilities,1,0.05555238316866061,65,4,1,-0.5367136931868479,-0.9970655413094556
Learned GS uniform probabilities,1,0.05555238316866061,66,4,2,-0.5367136084533078,-0.8435072668340301
Learned GS uniform probabilities,1,0.05555238316866061,67,4,3,-0.5367135738580447,-0.6901099092869051
Learned GS uniform probabilities,1,0.05555238316866061,68,4,4,-0.5367136025939896,-0.5367111065933085
Learned GS uniform probabilities,1,0.05555238316866061,69,4,5,-0.53671363101846,-0.38331209120450876
Learned GS uniform probabilities,1,0.05555238316866061,70,4,6,-0.5367136511920834,-0.22991289972851772
Learned GS uniform probabilities,1,0.05555238316866061,71,4,7,-0.5367136765113653,-0.07651368476803465
Learned GS uniform probabilities,1,0.05555238316866061,72,4,8,-0.5367136765113653,0.07651368476803465
Learned GS uniform probabilities,1,0.05555238316866061,73,4,9,-0.5367136511920834,0.22991289972851772
Learned GS uniform probabilities,1,0.05555238316866061,74,4,10,-0.53671363101846,0.38331209120450876
Learned GS uniform probabilities,1,0.05555238316866061,75,4,11,-0.5367136025939896,0.5367111065933085
Learned GS uniform probabilities,1,0.05555238316866061,76,4,12,-0.5367135738580447,0.6901099092869051
Learned GS uniform probabilities,1,0.05555238316866061,77,4,13,-0.5367136084533078,0.8435072668340301
Learned GS uniform probabilities,1,0.05555238316866061,78,4,14,-0.5367136931868479,0.9970655413094556
Learned GS uniform probabilities,1,0.05555238316866061,79,4,15,-0.5367138603522584,1.1506774548902903
Learned GS uniform probabilities,1,0.05555238316866061,80,5,0,-0.3833142259313538,-1.150677151114431
Learned GS uniform probabilities,1,0.05555238316866061,81,5,1,-0.3833140991642495,-0.9970564370089436
Learned GS uniform probabilities,1,0.05555238316866061,82,5,2,-0.38331403882471377,-0.8435074114025589
Learned GS uniform probabilities,1,0.05555238316866061,83,5,3,-0.3833140447854493,-0.6901098705364037
Learned GS uniform probabilities,1,0.05555238316866061,84,5,4,-0.38331408049885646,-0.5367111010162948
Learned GS uniform probabilities,1,0.05555238316866061,85,5,5,-0.38331410209394723,-0.3833120154401409
Learned GS uniform probabilities,1,0.05555238316866061,86,5,6,-0.38331412758453715,-0.2299128622410588
Learned GS uniform probabilities,1,0.05555238316866061,87,5,7,-0.3833141679362409,-0.07651364519013573
Learned GS uniform probabilities,1,0.05555238316866061,88,5,8,-0.3833141679362409,0.07651364519013573
Learned GS uniform probabilities,1,0.05555238316866061,89,5,9,-0.38331412758453715,0.2299128622410588
Learned GS uniform probabilities,1,0.05555238316866061,90,5,10,-0.38331410209394723,0.3833120154401409
Learned GS uniform probabilities,1,0.05555238316866061,91,5,11,-0.38331408049885646,0.5367111010162948
Learned GS uniform probabilities,1,0.05555238316866061,92,5,12,-0.3833140447854493,0.6901098705364037
Learned GS uniform probabilities,1,0.05555238316866061,93,5,13,-0.38331403882471377,0.8435074114025589
Learned GS uniform probabilities,1,0.05555238316866061,94,5,14,-0.3833140991642495,0.9970564370089436
Learned GS uniform probabilities,1,0.05555238316866061,95,5,15,-0.3833142259313538,1.150677151114431
Learned GS uniform probabilities,1,0.05555238316866061,96,6,0,-0.22991475738814726,-1.1506768630944475
Learned GS uniform probabilities,1,0.05555238316866061,97,6,1,-0.22991469460143243,-0.9970450258276445
Learned GS uniform probabilities,1,0.05555238316866061,98,6,2,-0.22991466517551917,-0.8435073816818592
Learned GS uniform probabilities,1,0.05555238316866061,99,6,3,-0.22991468594693337,-0.6901097830313185
Learned GS uniform probabilities,1,0.05555238316866061,100,6,4,-0.2299146922324547,-0.5367109986628462
Learned GS uniform probabilities,1,0.05555238316866061,101,6,5,-0.22991471676356082,-0.38331200465169946
Learned GS uniform probabilities,1,0.05555238316866061,102,6,6,-0.22991471916626086,-0.22991280951785964
Learned GS uniform probabilities,1,0.05555238316866061,103,6,7,-0.22991473301994347,-0.07651359843706036
Learned GS uniform probabilities,1,0.05555238316866061,104,6,8,-0.22991473301994347,0.07651359843706036
Learned GS uniform probabilities,1,0.05555238316866061,105,6,9,-0.22991471916626086,0.22991280951785964
Learned GS uniform probabilities,1,0.05555238316866061,106,6,10,-0.22991471676356082,0.38331200465169946
Learned GS uniform probabilities,1,0.05555238316866061,107,6,11,-0.2299146922324547,0.5367109986628462
Learned GS uniform probabilities,1,0.05555238316866061,108,6,12,-0.22991468594693337,0.6901097830313185
Learned GS uniform probabilities,1,0.05555238316866061,109,6,13,-0.22991466517551917,0.8435073816818592
Learned GS uniform probabilities,1,0.05555238316866061,110,6,14,-0.22991469460143243,0.9970450258276445
Learned GS uniform probabilities,1,0.05555238316866061,111,6,15,-0.22991475738814726,1.1506768630944475
Learned GS uniform probabilities,1,0.05555238316866061,112,7,0,-0.07651541357780534,-1.150676789812394
Learned GS uniform probabilities,1,0.05555238316866061,113,7,1,-0.07651534587034288,-0.9970381656189806
Learned GS uniform probabilities,1,0.05555238316866061,114,7,2,-0.0765153178766006,-0.8435072656507735
Learned GS uniform probabilities,1,0.05555238316866061,115,7,3,-0.07651535500712899,-0.690109764434568
Learned GS uniform probabilities,1,0.05555238316866061,116,7,4,-0.0765153588392937,-0.5367109973236708
Learned GS uniform probabilities,1,0.05555238316866061,117,7,5,-0.07651537890980743,-0.3833119641588321
Learned GS uniform probabilities,1,0.05555238316866061,118,7,6,-0.0765154149108218,-0.22991281557631893
Learned GS uniform probabilities,1,0.05555238316866061,119,7,7,-0.07651543695785118,-0.0765135979589255
Learned GS uniform probabilities,1,0.05555238316866061,120,7,8,-0.07651543695785118,0.0765135979589255
Learned GS uniform probabilities,1,0.05555238316866061,121,7,9,-0.0765154149108218,0.22991281557631893
Learned GS uniform probabilities,1,0.05555238316866061,122,7,10,-0.07651537890980743,0.3833119641588321
Learned GS uniform probabilities,1,0.05555238316866061,123,7,11,-0.0765153588392937,0.5367109973236708
Learned GS uniform probabilities,1,0.05555238316866061,124,7,12,-0.07651535500712899,0.690109764434568
Learned GS uniform probabilities,1,0.05555238316866061,125,7,13,-0.0765153178766006,0.8435072656507735
Learned GS uniform probabilities,1,0.05555238316866061,126,7,14,-0.07651534587034288,0.9970381656189806
Learned GS uniform probabilities,1,0.05555238316866061,127,7,15,-0.07651541357780534,1.150676789812394
Learned GS uniform probabilities,1,0.05555238316866061,128,8,0,0.07651541357780536,-1.150676789812394
Learned GS uniform probabilities,1,0.05555238316866061,129,8,1,0.07651534587034291,-0.9970381656189806
Learned GS uniform probabilities,1,0.05555238316866061,130,8,2,0.07651531787660062,-0.8435072656507735
Learned GS uniform probabilities,1,0.05555238316866061,131,8,3,0.07651535500712901,-0.690109764434568
Learned GS uniform probabilities,1,0.05555238316866061,132,8,4,0.07651535883929372,-0.5367109973236708
Learned GS uniform probabilities,1,0.05555238316866061,133,8,5,0.07651537890980746,-0.3833119641588321
Learned GS uniform probabilities,1,0.05555238316866061,134,8,6,0.07651541491082182,-0.22991281557631893
Learned GS uniform probabilities,1,0.05555238316866061,135,8,7,0.07651543695785121,-0.0765135979589255
Learned GS uniform probabilities,1,0.05555238316866061,136,8,8,0.07651543695785121,0.0765135979589255
Learned GS uniform probabilities,1,0.05555238316866061,137,8,9,0.07651541491082182,0.22991281557631893
Learned GS uniform probabilities,1,0.05555238316866061,138,8,10,0.07651537890980746,0.3833119641588321
Learned GS uniform probabilities,1,0.05555238316866061,139,8,11,0.07651535883929372,0.5367109973236708
Learned GS uniform probabilities,1,0.05555238316866061,140,8,12,0.07651535500712901,0.690109764434568
Learned GS uniform probabilities,1,0.05555238316866061,141,8,13,0.07651531787660062,0.8435072656507735
Learned GS uniform probabilities,1,0.05555238316866061,142,8,14,0.07651534587034291,0.9970381656189806
Learned GS uniform probabilities,1,0.05555238316866061,143,8,15,0.07651541357780536,1.150676789812394
Learned GS uniform probabilities,1,0.05555238316866061,144,9,0,0.22991475738814726,-1.1506768630944475
Learned GS uniform probabilities,1,0.05555238316866061,145,9,1,0.2299146946014325,-0.9970450258276445
Learned GS uniform probabilities,1,0.05555238316866061,146,9,2,0.22991466517551917,-0.8435073816818592
Learned GS uniform probabilities,1,0.05555238316866061,147,9,3,0.22991468594693337,-0.6901097830313185
Learned GS uniform probabilities,1,0.05555238316866061,148,9,4,0.22991469223245475,-0.5367109986628462
Learned GS uniform probabilities,1,0.05555238316866061,149,9,5,0.22991471676356087,-0.38331200465169946
Learned GS uniform probabilities,1,0.05555238316866061,150,9,6,0.22991471916626086,-0.22991280951785964
Learned GS uniform probabilities,1,0.05555238316866061,151,9,7,0.22991473301994347,-0.07651359843706036
Learned GS uniform probabilities,1,0.05555238316866061,152,9,8,0.22991473301994347,0.07651359843706036
Learned GS uniform probabilities,1,0.05555238316866061,153,9,9,0.22991471916626086,0.22991280951785964
Learned GS uniform probabilities,1,0.05555238316866061,154,9,10,0.22991471676356087,0.38331200465169946
Learned GS uniform probabilities,1,0.05555238316866061,155,9,11,0.22991469223245475,0.5367109986628462
Learned GS uniform probabilities,1,0.05555238316866061,156,9,12,0.22991468594693337,0.6901097830313185
Learned GS uniform probabilities,1,0.05555238316866061,157,9,13,0.22991466517551917,0.8435073816818592
Learned GS uniform probabilities,1,0.05555238316866061,158,9,14,0.2299146946014325,0.9970450258276445
Learned GS uniform probabilities,1,0.05555238316866061,159,9,15,0.22991475738814726,1.1506768630944475
Learned GS uniform probabilities,1,0.05555238316866061,160,10,0,0.3833142259313538,-1.150677151114431
Learned GS uniform probabilities,1,0.05555238316866061,161,10,1,0.3833140991642495,-0.9970564370089436
Learned GS uniform probabilities,1,0.05555238316866061,162,10,2,0.38331403882471377,-0.8435074114025589
Learned GS uniform probabilities,1,0.05555238316866061,163,10,3,0.3833140447854493,-0.6901098705364037
Learned GS uniform probabilities,1,0.05555238316866061,164,10,4,0.38331408049885646,-0.5367111010162948
Learned GS uniform probabilities,1,0.05555238316866061,165,10,5,0.38331410209394723,-0.3833120154401409
Learned GS uniform probabilities,1,0.05555238316866061,166,10,6,0.38331412758453715,-0.2299128622410588
Learned GS uniform probabilities,1,0.05555238316866061,167,10,7,0.3833141679362409,-0.07651364519013573
Learned GS uniform probabilities,1,0.05555238316866061,168,10,8,0.3833141679362409,0.07651364519013573
Learned GS uniform probabilities,1,0.05555238316866061,169,10,9,0.38331412758453715,0.2299128622410588
Learned GS uniform probabilities,1,0.05555238316866061,170,10,10,0.38331410209394723,0.3833120154401409
Learned GS uniform probabilities,1,0.05555238316866061,171,10,11,0.38331408049885646,0.5367111010162948
Learned GS uniform probabilities,1,0.05555238316866061,172,10,12,0.3833140447854493,0.6901098705364037
Learned GS uniform probabilities,1,0.05555238316866061,173,10,13,0.38331403882471377,0.8435074114025589
Learned GS uniform probabilities,1,0.05555238316866061,174,10,14,0.3833140991642495,0.9970564370089436
Learned GS uniform probabilities,1,0.05555238316866061,175,10,15,0.3833142259313538,1.150677151114431
Learned GS uniform probabilities,1,0.05555238316866061,176,11,0,0.5367138603522584,-1.1506774548902903
Learned GS uniform probabilities,1,0.05555238316866061,177,11,1,0.5367136931868479,-0.9970655413094556
Learned GS uniform probabilities,1,0.05555238316866061,178,11,2,0.5367136084533078,-0.8435072668340301
Learned GS uniform probabilities,1,0.05555238316866061,179,11,3,0.5367135738580447,-0.6901099092869051
Learned GS uniform probabilities,1,0.05555238316866061,180,11,4,0.5367136025939896,-0.5367111065933085
Learned GS uniform probabilities,1,0.05555238316866061,181,11,5,0.53671363101846,-0.38331209120450876
Learned GS uniform probabilities,1,0.05555238316866061,182,11,6,0.5367136511920834,-0.22991289972851772
Learned GS uniform probabilities,1,0.05555238316866061,183,11,7,0.5367136765113653,-0.07651368476803465
Learned GS uniform probabilities,1,0.05555238316866061,184,11,8,0.5367136765113653,0.07651368476803465
Learned GS uniform probabilities,1,0.05555238316866061,185,11,9,0.5367136511920834,0.22991289972851772
Learned GS uniform probabilities,1,0.05555238316866061,186,11,10,0.53671363101846,0.38331209120450876
Learned GS uniform probabilities,1,0.05555238316866061,187,11,11,0.5367136025939896,0.5367111065933085
Learned GS uniform probabilities,1,0.05555238316866061,188,11,12,0.5367135738580447,0.6901099092869051
Learned GS uniform probabilities,1,0.05555238316866061,189,11,13,0.5367136084533078,0.8435072668340301
Learned GS uniform probabilities,1,0.05555238316866061,190,11,14,0.5367136931868479,0.9970655413094556
Learned GS uniform probabilities,1,0.05555238316866061,191,11,15,0.5367138603522584,1.1506774548902903
Learned GS uniform probabilities,1,0.05555238316866061,192,12,0,0.6901143534817322,-1.1506778079270226
Learned GS uniform probabilities,1,0.05555238316866061,193,12,1,0.6901137014416592,-0.9972711503833873
Learned GS uniform probabilities,1,0.05555238316866061,194,12,2,0.6901134877124603,-0.8435070211794433
Learned GS uniform probabilities,1,0.05555238316866061,195,12,3,0.6901133998046871,-0.6901099301202529
Learned GS uniform probabilities,1,0.05555238316866061,196,12,4,0.6901133772364244,-0.5367111775438598
Learned GS uniform probabilities,1,0.05555238316866061,197,12,5,0.690113401027861,-0.3833120823958291
Learned GS uniform probabilities,1,0.05555238316866061,198,12,6,0.690113416244669,-0.22991294979045598
Learned GS uniform probabilities,1,0.05555238316866061,199,12,7,0.6901134171071062,-0.07651370622564527
Learned GS uniform probabilities,1,0.05555238316866061,200,12,8,0.6901134171071062,0.07651370622564527
Learned GS uniform probabilities,1,0.05555238316866061,201,12,9,0.690113416244669,0.22991294979045598
Learned GS uniform probabilities,1,0.05555238316866061,202,12,10,0.690113401027861,0.3833120823958291
Learned GS uniform probabilities,1,0.05555238316866061,203,12,11,0.6901133772364244,0.5367111775438598
Learned GS uniform probabilities,1,0.05555238316866061,204,12,12,0.6901133998046871,0.6901099301202529
Learned GS uniform probabilities,1,0.05555238316866061,205,12,13,0.6901134877124603,0.8435070211794433
Learned GS uniform probabilities,1,0.05555238316866061,206,12,14,0.6901137014416592,0.9972711503833873
Learned GS uniform probabilities,1,0.05555238316866061,207,12,15,0.6901143534817322,1.1506778079270226
Learned GS uniform probabilities,1,0.05555238316866061,208,13,0,0.8437502281248295,-1.1506781305122953
Learned GS uniform probabilities,1,0.05555238316866061,209,13,1,0.8435177105333886,-0.9972749441031898
Learned GS uniform probabilities,1,0.05555238316866061,210,13,2,0.8435153733793125,-0.8435063331310273
Learned GS uniform probabilities,1,0.05555238316866061,211,13,3,0.8435147052228607,-0.690109865031404
Learned GS uniform probabilities,1,0.05555238316866061,212,13,4,0.8435143923737567,-0.5367111839401594
Learned GS uniform probabilities,1,0.05555238316866061,213,13,5,0.843514256865574,-0.38331213449086676
Learned GS uniform probabilities,1,0.05555238316866061,214,13,6,0.8435142553025635,-0.22991298357267234
Learned GS uniform probabilities,1,0.05555238316866061,215,13,7,0.8435142530041282,-0.0765137262516692
Learned GS uniform probabilities,1,0.05555238316866061,216,13,8,0.8435142530041282,0.0765137262516692
Learned GS uniform probabilities,1,0.05555238316866061,217,13,9,0.8435142553025635,0.22991298357267234
Learned GS uniform probabilities,1,0.05555238316866061,218,13,10,0.843514256865574,0.38331213449086676
Learned GS uniform probabilities,1,0.05555238316866061,219,13,11,0.8435143923737567,0.5367111839401594
Learned GS uniform probabilities,1,0.05555238316866061,220,13,12,0.8435147052228607,0.690109865031404
Learned GS uniform probabilities,1,0.05555238316866061,221,13,13,0.8435153733793125,0.8435063331310273
Learned GS uniform probabilities,1,0.05555238316866061,222,13,14,0.8435177105333886,0.9972749441031898
Learned GS uniform probabilities,1,0.05555238316866061,223,13,15,0.8437502281248295,1.1506781305122953
Learned GS uniform probabilities,1,0.05555238316866061,224,14,0,0.9972828727555717,-1.1506784532644703
Learned GS uniform probabilities,1,0.05555238316866061,225,14,1,0.9972843083909261,-0.9972770906279171
Learned GS uniform probabilities,1,0.05555238316866061,226,14,2,0.9972867642342639,-0.8435040008131118
Learned GS uniform probabilities,1,0.05555238316866061,227,14,3,0.9972910211599669,-0.6901097237043686
Learned GS uniform probabilities,1,0.05555238316866061,228,14,4,0.9972954430074965,-0.5367111217012569
Learned GS uniform probabilities,1,0.05555238316866061,229,14,5,0.9972694608267636,-0.3833121147529615
Learned GS uniform probabilities,1,0.05555238316866061,230,14,6,0.9972084036719725,-0.2299129621566652
Learned GS uniform probabilities,1,0.05555238316866061,231,14,7,0.9971779461719211,-0.07651371522579015
Learned GS uniform probabilities,1,0.05555238316866061,232,14,8,0.9971779461719211,0.07651371522579015
Learned GS uniform probabilities,1,0.05555238316866061,233,14,9,0.9972084036719725,0.2299129621566652
Learned GS uniform probabilities,1,0.05555238316866061,234,14,10,0.9972694608267636,0.3833121147529615
Learned GS uniform probabilities,1,0.05555238316866061,235,14,11,0.9972954430074965,0.5367111217012569
Learned GS uniform probabilities,1,0.05555238316866061,236,14,12,0.9972910211599669,0.6901097237043686
Learned GS uniform probabilities,1,0.05555238316866061,237,14,13,0.9972867642342639,0.8435040008131118
Learned GS uniform probabilities,1,0.05555238316866061,238,14,14,0.9972843083909261,0.9972770906279171
Learned GS uniform probabilities,1,0.05555238316866061,239,14,15,0.9972828727555717,1.1506784532644703
Learned GS uniform probabilities,1,0.05555238316866061,240,15,0,1.150680861441764,-1.1506787344278364
Learned GS uniform probabilities,1,0.05555238316866061,241,15,1,1.15068113928615,-0.9972783100897595
Learned GS uniform probabilities,1,0.05555238316866061,242,15,2,1.1506814609767595,-0.8435976705455499
Learned GS uniform probabilities,1,0.05555238316866061,243,15,3,1.1506817475373228,-0.690109156470539
Learned GS uniform probabilities,1,0.05555238316866061,244,15,4,1.1506820421386599,-0.5367109703517352
Learned GS uniform probabilities,1,0.05555238316866061,245,15,5,1.1506823429074056,-0.3833120412565192
Learned GS uniform probabilities,1,0.05555238316866061,246,15,6,1.1506825683092619,-0.22991293164789076
Learned GS uniform probabilities,1,0.05555238316866061,247,15,7,1.150682636435655,-0.07651371460418259
Learned GS uniform probabilities,1,0.05555238316866061,248,15,8,1.150682636435655,0.07651371460418259
Learned GS uniform probabilities,1,0.05555238316866061,249,15,9,1.1506825683092619,0.22991293164789076
Learned GS uniform probabilities,1,0.05555238316866061,250,15,10,1.1506823429074056,0.3833120412565192
Learned GS uniform probabilities,1,0.05555238316866061,251,15,11,1.1506820421386599,0.5367109703517352
Learned GS uniform probabilities,1,0.05555238316866061,252,15,12,1.1506817475373228,0.690109156470539
Learned GS uniform probabilities,1,0.05555238316866061,253,15,13,1.1506814609767595,0.8435976705455499
Learned GS uniform probabilities,1,0.05555238316866061,254,15,14,1.15068113928615,0.9972783100897595
Learned GS uniform probabilities,1,0.05555238316866061,255,15,15,1.150680861441764,1.1506787344278364
Learned GS uniform probabilities,2,0.029194067104380914,0,0,0,-1.150680861441764,-1.1506787344278364
Learned GS uniform probabilities,2,0.029194067104380914,1,0,1,-1.15068113928615,-0.9972783100897595
Learned GS uniform probabilities,2,0.029194067104380914,2,0,2,-1.1506814609767595,-0.8435976705455499
Learned GS uniform probabilities,2,0.029194067104380914,3,0,3,-1.1506817475373228,-0.690109156470539
Learned GS uniform probabilities,2,0.029194067104380914,4,0,4,-1.1506820421386599,-0.5367109703517352
Learned GS uniform probabilities,2,0.029194067104380914,5,0,5,-1.1506823429074056,-0.3833120412565192
Learned GS uniform probabilities,2,0.029194067104380914,6,0,6,-1.1506825683092619,-0.22991293164789076
Learned GS uniform probabilities,2,0.029194067104380914,7,0,7,-1.150682636435655,-0.07651371460418259
Learned GS uniform probabilities,2,0.029194067104380914,8,0,8,-1.150682636435655,0.07651371460418259
Learned GS uniform probabilities,2,0.029194067104380914,9,0,9,-1.1506825683092619,0.22991293164789076
Learned GS uniform probabilities,2,0.029194067104380914,10,0,10,-1.1506823429074056,0.3833120412565192
Learned GS uniform probabilities,2,0.029194067104380914,11,0,11,-1.1506820421386599,0.5367109703517352
Learned GS uniform probabilities,2,0.029194067104380914,12,0,12,-1.1506817475373228,0.690109156470539
Learned GS uniform probabilities,2,0.029194067104380914,13,0,13,-1.1506814609767595,0.8435976705455499
Learned GS uniform probabilities,2,0.029194067104380914,14,0,14,-1.15068113928615,0.9972783100897595
Learned GS uniform probabilities,2,0.029194067104380914,15,0,15,-1.150680861441764,1.1506787344278364
Learned GS uniform probabilities,2,0.029194067104380914,16,1,0,-0.9972828727555717,-1.1506784532644703
Learned GS uniform probabilities,2,0.029194067104380914,17,1,1,-0.9972843083909261,-0.9972770906279171
Learned GS uniform probabilities,2,0.029194067104380914,18,1,2,-0.9972867642342639,-0.8435040008131118
Learned GS uniform probabilities,2,0.029194067104380914,19,1,3,-0.9972910211599669,-0.6901097237043686
Learned GS uniform probabilities,2,0.029194067104380914,20,1,4,-0.9972954430074965,-0.5367111217012569
Learned GS uniform probabilities,2,0.029194067104380914,21,1,5,-0.9972694608267636,-0.3833121147529615
Learned GS uniform probabilities,2,0.029194067104380914,22,1,6,-0.9972084036719725,-0.2299129621566652
Learned GS uniform probabilities,2,0.029194067104380914,23,1,7,-0.9971779461719211,-0.07651371522579015
Learned GS uniform probabilities,2,0.029194067104380914,24,1,8,-0.9971779461719211,0.07651371522579015
Learned GS uniform probabilities,2,0.029194067104380914,25,1,9,-0.9972084036719725,0.2299129621566652
Learned GS uniform probabilities,2,0.029194067104380914,26,1,10,-0.9972694608267636,0.3833121147529615
Learned GS uniform probabilities,2,0.029194067104380914,27,1,11,-0.9972954430074965,0.5367111217012569
Learned GS uniform probabilities,2,0.029194067104380914,28,1,12,-0.9972910211599669,0.6901097237043686
Learned GS uniform probabilities,2,0.029194067104380914,29,1,13,-0.9972867642342639,0.8435040008131118
Learned GS uniform probabilities,2,0.029194067104380914,30,1,14,-0.9972843083909261,0.9972770906279171
Learned GS uniform probabilities,2,0.029194067104380914,31,1,15,-0.9972828727555717,1.1506784532644703
Learned GS uniform probabilities,2,0.029194067104380914,32,2,0,-0.8437502281248295,-1.1506781305122953
Learned GS uniform probabilities,2,0.029194067104380914,33,2,1,-0.8435177105333886,-0.9972749441031898
Learned GS uniform probabilities,2,0.029194067104380914,34,2,2,-0.8435153733793125,-0.8435063331310273
Learned GS uniform probabilities,2,0.029194067104380914,35,2,3,-0.8435147052228607,-0.690109865031404
Learned GS uniform probabilities,2,0.029194067104380914,36,2,4,-0.8435143923737567,-0.5367111839401594
Learned GS uniform probabilities,2,0.029194067104380914,37,2,5,-0.843514256865574,-0.38331213449086676
Learned GS uniform probabilities,2,0.029194067104380914,38,2,6,-0.8435142553025635,-0.22991298357267234
Learned GS uniform probabilities,2,0.029194067104380914,39,2,7,-0.8435142530041282,-0.0765137262516692
Learned GS uniform probabilities,2,0.029194067104380914,40,2,8,-0.8435142530041282,0.0765137262516692
Learned GS uniform probabilities,2,0.029194067104380914,41,2,9,-0.8435142553025635,0.22991298357267234
Learned GS uniform probabilities,2,0.029194067104380914,42,2,10,-0.843514256865574,0.38331213449086676
Learned GS uniform probabilities,2,0.029194067104380914,43,2,11,-0.8435143923737567,0.5367111839401594
Learned GS uniform probabilities,2,0.029194067104380914,44,2,12,-0.8435147052228607,0.690109865031404
Learned GS uniform probabilities,2,0.029194067104380914,45,2,13,-0.8435153733793125,0.8435063331310273
Learned GS uniform probabilities,2,0.029194067104380914,46,2,14,-0.8435177105333886,0.9972749441031898
Learned GS uniform probabilities,2,0.029194067104380914,47,2,15,-0.8437502281248295,1.1506781305122953
Learned GS uniform probabilities,2,0.029194067104380914,48,3,0,-0.6901143534817322,-1.1506778079270226
Learned GS uniform probabilities,2,0.029194067104380914,49,3,1,-0.6901137014416592,-0.9972711503833873
Learned GS uniform probabilities,2,0.029194067104380914,50,3,2,-0.6901134877124603,-0.8435070211794433
Learned GS uniform probabilities,2,0.029194067104380914,51,3,3,-0.6901133998046871,-0.6901099301202529
Learned GS uniform probabilities,2,0.029194067104380914,52,3,4,-0.6901133772364244,-0.5367111775438598
Learned GS uniform probabilities,2,0.029194067104380914,53,3,5,-0.690113401027861,-0.3833120823958291
Learned GS uniform probabilities,2,0.029194067104380914,54,3,6,-0.690113416244669,-0.22991294979045598
Learned GS uniform probabilities,2,0.029194067104380914,55,3,7,-0.6901134171071062,-0.07651370622564527
Learned GS uniform probabilities,2,0.029194067104380914,56,3,8,-0.6901134171071062,0.07651370622564527
Learned GS uniform probabilities,2,0.029194067104380914,57,3,9,-0.690113416244669,0.22991294979045598
Learned GS uniform probabilities,2,0.029194067104380914,58,3,10,-0.690113401027861,0.3833120823958291
Learned GS uniform probabilities,2,0.029194067104380914,59,3,11,-0.6901133772364244,0.5367111775438598
Learned GS uniform probabilities,2,0.029194067104380914,60,3,12,-0.6901133998046871,0.6901099301202529
Learned GS uniform probabilities,2,0.029194067104380914,61,3,13,-0.6901134877124603,0.8435070211794433
Learned GS uniform probabilities,2,0.029194067104380914,62,3,14,-0.6901137014416592,0.9972711503833873
Learned GS uniform probabilities,2,0.029194067104380914,63,3,15,-0.6901143534817322,1.1506778079270226
Learned GS uniform probabilities,2,0.029194067104380914,64,4,0,-0.5367138603522584,-1.1506774548902903
Learned GS uniform probabilities,2,0.029194067104380914,65,4,1,-0.5367136931868479,-0.9970655413094556
Learned GS uniform probabilities,2,0.029194067104380914,66,4,2,-0.5367136084533078,-0.8435072668340301
Learned GS uniform probabilities,2,0.029194067104380914,67,4,3,-0.5367135738580447,-0.6901099092869051
Learned GS uniform probabilities,2,0.029194067104380914,68,4,4,-0.5367136025939896,-0.5367111065933085
Learned GS uniform probabilities,2,0.029194067104380914,69,4,5,-0.53671363101846,-0.38331209120450876
Learned GS uniform probabilities,2,0.029194067104380914,70,4,6,-0.5367136511920834,-0.22991289972851772
Learned GS uniform probabilities,2,0.029194067104380914,71,4,7,-0.5367136765113653,-0.07651368476803465
Learned GS uniform probabilities,2,0.029194067104380914,72,4,8,-0.5367136765113653,0.07651368476803465
Learned GS uniform probabilities,2,0.029194067104380914,73,4,9,-0.5367136511920834,0.22991289972851772
Learned GS uniform probabilities,2,0.029194067104380914,74,4,10,-0.53671363101846,0.38331209120450876
Learned GS uniform probabilities,2,0.029194067104380914,75,4,11,-0.5367136025939896,0.5367111065933085
Learned GS uniform probabilities,2,0.029194067104380914,76,4,12,-0.5367135738580447,0.6901099092869051
Learned GS uniform probabilities,2,0.029194067104380914,77,4,13,-0.5367136084533078,0.8435072668340301
Learned GS uniform probabilities,2,0.029194067104380914,78,4,14,-0.5367136931868479,0.9970655413094556
Learned GS uniform probabilities,2,0.029194067104380914,79,4,15,-0.5367138603522584,1.1506774548902903
Learned GS uniform probabilities,2,0.029194067104380914,80,5,0,-0.3833142259313538,-1.150677151114431
Learned GS uniform probabilities,2,0.029194067104380914,81,5,1,-0.3833140991642495,-0.9970564370089436
Learned GS uniform probabilities,2,0.029194067104380914,82,5,2,-0.38331403882471377,-0.8435074114025589
Learned GS uniform probabilities,2,0.029194067104380914,83,5,3,-0.3833140447854493,-0.6901098705364037
Learned GS uniform probabilities,2,0.029194067104380914,84,5,4,-0.38331408049885646,-0.5367111010162948
Learned GS uniform probabilities,2,0.029194067104380914,85,5,5,-0.38331410209394723,-0.3833120154401409
Learned GS uniform probabilities,2,0.029194067104380914,86,5,6,-0.38331412758453715,-0.2299128622410588
Learned GS uniform probabilities,2,0.029194067104380914,87,5,7,-0.3833141679362409,-0.07651364519013573
Learned GS uniform probabilities,2,0.029194067104380914,88,5,8,-0.3833141679362409,0.07651364519013573
Learned GS uniform probabilities,2,0.029194067104380914,89,5,9,-0.38331412758453715,0.2299128622410588
Learned GS uniform probabilities,2,0.029194067104380914,90,5,10,-0.38331410209394723,0.3833120154401409
Learned GS uniform probabilities,2,0.029194067104380914,91,5,11,-0.38331408049885646,0.5367111010162948
Learned GS uniform probabilities,2,0.029194067104380914,92,5,12,-0.3833140447854493,0.6901098705364037
Learned GS uniform probabilities,2,0.029194067104380914,93,5,13,-0.38331403882471377,0.8435074114025589
Learned GS uniform probabilities,2,0.029194067104380914,94,5,14,-0.3833140991642495,0.9970564370089436
Learned GS uniform probabilities,2,0.029194067104380914,95,5,15,-0.3833142259313538,1.150677151114431
Learned GS uniform probabilities,2,0.029194067104380914,96,6,0,-0.22991475738814726,-1.1506768630944475
Learned GS uniform probabilities,2,0.029194067104380914,97,6,1,-0.22991469460143243,-0.9970450258276445
Learned GS uniform probabilities,2,0.029194067104380914,98,6,2,-0.22991466517551917,-0.8435073816818592
Learned GS uniform probabilities,2,0.029194067104380914,99,6,3,-0.22991468594693337,-0.6901097830313185
Learned GS uniform probabilities,2,0.029194067104380914,100,6,4,-0.2299146922324547,-0.5367109986628462
Learned GS uniform probabilities,2,0.029194067104380914,101,6,5,-0.22991471676356082,-0.38331200465169946
Learned GS uniform probabilities,2,0.029194067104380914,102,6,6,-0.22991471916626086,-0.22991280951785964
Learned GS uniform probabilities,2,0.029194067104380914,103,6,7,-0.22991473301994347,-0.07651359843706036
Learned GS uniform probabilities,2,0.029194067104380914,104,6,8,-0.22991473301994347,0.07651359843706036
Learned GS uniform probabilities,2,0.029194067104380914,105,6,9,-0.22991471916626086,0.22991280951785964
Learned GS uniform probabilities,2,0.029194067104380914,106,6,10,-0.22991471676356082,0.38331200465169946
Learned GS uniform probabilities,2,0.029194067104380914,107,6,11,-0.2299146922324547,0.5367109986628462
Learned GS uniform probabilities,2,0.029194067104380914,108,6,12,-0.22991468594693337,0.6901097830313185
Learned GS uniform probabilities,2,0.029194067104380914,109,6,13,-0.22991466517551917,0.8435073816818592
Learned GS uniform probabilities,2,0.029194067104380914,110,6,14,-0.22991469460143243,0.9970450258276445
Learned GS uniform probabilities,2,0.029194067104380914,111,6,15,-0.22991475738814726,1.1506768630944475
Learned GS uniform probabilities,2,0.029194067104380914,112,7,0,-0.07651541357780534,-1.150676789812394
Learned GS uniform probabilities,2,0.029194067104380914,113,7,1,-0.07651534587034288,-0.9970381656189806
Learned GS uniform probabilities,2,0.029194067104380914,114,7,2,-0.0765153178766006,-0.8435072656507735
Learned GS uniform probabilities,2,0.029194067104380914,115,7,3,-0.07651535500712899,-0.690109764434568
Learned GS uniform probabilities,2,0.029194067104380914,116,7,4,-0.0765153588392937,-0.5367109973236708
Learned GS uniform probabilities,2,0.029194067104380914,117,7,5,-0.07651537890980743,-0.3833119641588321
Learned GS uniform probabilities,2,0.029194067104380914,118,7,6,-0.0765154149108218,-0.22991281557631893
Learned GS uniform probabilities,2,0.029194067104380914,119,7,7,-0.07651543695785118,-0.0765135979589255
Learned GS uniform probabilities,2,0.029194067104380914,120,7,8,-0.07651543695785118,0.0765135979589255
Learned GS uniform probabilities,2,0.029194067104380914,121,7,9,-0.0765154149108218,0.22991281557631893
Learned GS uniform probabilities,2,0.029194067104380914,122,7,10,-0.07651537890980743,0.3833119641588321
Learned GS uniform probabilities,2,0.029194067104380914,123,7,11,-0.0765153588392937,0.5367109973236708
Learned GS uniform probabilities,2,0.029194067104380914,124,7,12,-0.07651535500712899,0.690109764434568
Learned GS uniform probabilities,2,0.029194067104380914,125,7,13,-0.0765153178766006,0.8435072656507735
Learned GS uniform probabilities,2,0.029194067104380914,126,7,14,-0.07651534587034288,0.9970381656189806
Learned GS uniform probabilities,2,0.029194067104380914,127,7,15,-0.07651541357780534,1.150676789812394
Learned GS uniform probabilities,2,0.029194067104380914,128,8,0,0.07651541357780536,-1.150676789812394
Learned GS uniform probabilities,2,0.029194067104380914,129,8,1,0.07651534587034291,-0.9970381656189806
Learned GS uniform probabilities,2,0.029194067104380914,130,8,2,0.07651531787660062,-0.8435072656507735
Learned GS uniform probabilities,2,0.029194067104380914,131,8,3,0.07651535500712901,-0.690109764434568
Learned GS uniform probabilities,2,0.029194067104380914,132,8,4,0.07651535883929372,-0.5367109973236708
Learned GS uniform probabilities,2,0.029194067104380914,133,8,5,0.07651537890980746,-0.3833119641588321
Learned GS uniform probabilities,2,0.029194067104380914,134,8,6,0.07651541491082182,-0.22991281557631893
Learned GS uniform probabilities,2,0.029194067104380914,135,8,7,0.07651543695785121,-0.0765135979589255
Learned GS uniform probabilities,2,0.029194067104380914,136,8,8,0.07651543695785121,0.0765135979589255
Learned GS uniform probabilities,2,0.029194067104380914,137,8,9,0.07651541491082182,0.22991281557631893
Learned GS uniform probabilities,2,0.029194067104380914,138,8,10,0.07651537890980746,0.3833119641588321
Learned GS uniform probabilities,2,0.029194067104380914,139,8,11,0.07651535883929372,0.5367109973236708
Learned GS uniform probabilities,2,0.029194067104380914,140,8,12,0.07651535500712901,0.690109764434568
Learned GS uniform probabilities,2,0.029194067104380914,141,8,13,0.07651531787660062,0.8435072656507735
Learned GS uniform probabilities,2,0.029194067104380914,142,8,14,0.07651534587034291,0.9970381656189806
Learned GS uniform probabilities,2,0.029194067104380914,143,8,15,0.07651541357780536,1.150676789812394
Learned GS uniform probabilities,2,0.029194067104380914,144,9,0,0.22991475738814726,-1.1506768630944475
Learned GS uniform probabilities,2,0.029194067104380914,145,9,1,0.2299146946014325,-0.9970450258276445
Learned GS uniform probabilities,2,0.029194067104380914,146,9,2,0.22991466517551917,-0.8435073816818592
Learned GS uniform probabilities,2,0.029194067104380914,147,9,3,0.22991468594693337,-0.6901097830313185
Learned GS uniform probabilities,2,0.029194067104380914,148,9,4,0.22991469223245475,-0.5367109986628462
Learned GS uniform probabilities,2,0.029194067104380914,149,9,5,0.22991471676356087,-0.38331200465169946
Learned GS uniform probabilities,2,0.029194067104380914,150,9,6,0.22991471916626086,-0.22991280951785964
Learned GS uniform probabilities,2,0.029194067104380914,151,9,7,0.22991473301994347,-0.07651359843706036
Learned GS uniform probabilities,2,0.029194067104380914,152,9,8,0.22991473301994347,0.07651359843706036
Learned GS uniform probabilities,2,0.029194067104380914,153,9,9,0.22991471916626086,0.22991280951785964
Learned GS uniform probabilities,2,0.029194067104380914,154,9,10,0.22991471676356087,0.38331200465169946
Learned GS uniform probabilities,2,0.029194067104380914,155,9,11,0.22991469223245475,0.5367109986628462
Learned GS uniform probabilities,2,0.029194067104380914,156,9,12,0.22991468594693337,0.6901097830313185
Learned GS uniform probabilities,2,0.029194067104380914,157,9,13,0.22991466517551917,0.8435073816818592
Learned GS uniform probabilities,2,0.029194067104380914,158,9,14,0.2299146946014325,0.9970450258276445
Learned GS uniform probabilities,2,0.029194067104380914,159,9,15,0.22991475738814726,1.1506768630944475
Learned GS uniform probabilities,2,0.029194067104380914,160,10,0,0.3833142259313538,-1.150677151114431
Learned GS uniform probabilities,2,0.029194067104380914,161,10,1,0.3833140991642495,-0.9970564370089436
Learned GS uniform probabilities,2,0.029194067104380914,162,10,2,0.38331403882471377,-0.8435074114025589
Learned GS uniform probabilities,2,0.029194067104380914,163,10,3,0.3833140447854493,-0.6901098705364037
Learned GS uniform probabilities,2,0.029194067104380914,164,10,4,0.38331408049885646,-0.5367111010162948
Learned GS uniform probabilities,2,0.029194067104380914,165,10,5,0.38331410209394723,-0.3833120154401409
Learned GS uniform probabilities,2,0.029194067104380914,166,10,6,0.38331412758453715,-0.2299128622410588
Learned GS uniform probabilities,2,0.029194067104380914,167,10,7,0.3833141679362409,-0.07651364519013573
Learned GS uniform probabilities,2,0.029194067104380914,168,10,8,0.3833141679362409,0.07651364519013573
Learned GS uniform probabilities,2,0.029194067104380914,169,10,9,0.38331412758453715,0.2299128622410588
Learned GS uniform probabilities,2,0.029194067104380914,170,10,10,0.38331410209394723,0.3833120154401409
Learned GS uniform probabilities,2,0.029194067104380914,171,10,11,0.38331408049885646,0.5367111010162948
Learned GS uniform probabilities,2,0.029194067104380914,172,10,12,0.3833140447854493,0.6901098705364037
Learned GS uniform probabilities,2,0.029194067104380914,173,10,13,0.38331403882471377,0.8435074114025589
Learned GS uniform probabilities,2,0.029194067104380914,174,10,14,0.3833140991642495,0.9970564370089436
Learned GS uniform probabilities,2,0.029194067104380914,175,10,15,0.3833142259313538,1.150677151114431
Learned GS uniform probabilities,2,0.029194067104380914,176,11,0,0.5367138603522584,-1.1506774548902903
Learned GS uniform probabilities,2,0.029194067104380914,177,11,1,0.5367136931868479,-0.9970655413094556
Learned GS uniform probabilities,2,0.029194067104380914,178,11,2,0.5367136084533078,-0.8435072668340301
Learned GS uniform probabilities,2,0.029194067104380914,179,11,3,0.5367135738580447,-0.6901099092869051
Learned GS uniform probabilities,2,0.029194067104380914,180,11,4,0.5367136025939896,-0.5367111065933085
Learned GS uniform probabilities,2,0.029194067104380914,181,11,5,0.53671363101846,-0.38331209120450876
Learned GS uniform probabilities,2,0.029194067104380914,182,11,6,0.5367136511920834,-0.22991289972851772
Learned GS uniform probabilities,2,0.029194067104380914,183,11,7,0.5367136765113653,-0.07651368476803465
Learned GS uniform probabilities,2,0.029194067104380914,184,11,8,0.5367136765113653,0.07651368476803465
Learned GS uniform probabilities,2,0.029194067104380914,185,11,9,0.5367136511920834,0.22991289972851772
Learned GS uniform probabilities,2,0.029194067104380914,186,11,10,0.53671363101846,0.38331209120450876
Learned GS uniform probabilities,2,0.029194067104380914,187,11,11,0.5367136025939896,0.5367111065933085
Learned GS uniform probabilities,2,0.029194067104380914,188,11,12,0.5367135738580447,0.6901099092869051
Learned GS uniform probabilities,2,0.029194067104380914,189,11,13,0.5367136084533078,0.8435072668340301
Learned GS uniform probabilities,2,0.029194067104380914,190,11,14,0.5367136931868479,0.9970655413094556
Learned GS uniform probabilities,2,0.029194067104380914,191,11,15,0.5367138603522584,1.1506774548902903
Learned GS uniform probabilities,2,0.029194067104380914,192,12,0,0.6901143534817322,-1.1506778079270226
Learned GS uniform probabilities,2,0.029194067104380914,193,12,1,0.6901137014416592,-0.9972711503833873
Learned GS uniform probabilities,2,0.029194067104380914,194,12,2,0.6901134877124603,-0.8435070211794433
Learned GS uniform probabilities,2,0.029194067104380914,195,12,3,0.6901133998046871,-0.6901099301202529
Learned GS uniform probabilities,2,0.029194067104380914,196,12,4,0.6901133772364244,-0.5367111775438598
Learned GS uniform probabilities,2,0.029194067104380914,197,12,5,0.690113401027861,-0.3833120823958291
Learned GS uniform probabilities,2,0.029194067104380914,198,12,6,0.690113416244669,-0.22991294979045598
Learned GS uniform probabilities,2,0.029194067104380914,199,12,7,0.6901134171071062,-0.07651370622564527
Learned GS uniform probabilities,2,0.029194067104380914,200,12,8,0.6901134171071062,0.07651370622564527
Learned GS uniform probabilities,2,0.029194067104380914,201,12,9,0.690113416244669,0.22991294979045598
Learned GS uniform probabilities,2,0.029194067104380914,202,12,10,0.690113401027861,0.3833120823958291
Learned GS uniform probabilities,2,0.029194067104380914,203,12,11,0.6901133772364244,0.5367111775438598
Learned GS uniform probabilities,2,0.029194067104380914,204,12,12,0.6901133998046871,0.6901099301202529
Learned GS uniform probabilities,2,0.029194067104380914,205,12,13,0.6901134877124603,0.8435070211794433
Learned GS uniform probabilities,2,0.029194067104380914,206,12,14,0.6901137014416592,0.9972711503833873
Learned GS uniform probabilities,2,0.029194067104380914,207,12,15,0.6901143534817322,1.1506778079270226
Learned GS uniform probabilities,2,0.029194067104380914,208,13,0,0.8437502281248295,-1.1506781305122953
Learned GS uniform probabilities,2,0.029194067104380914,209,13,1,0.8435177105333886,-0.9972749441031898
Learned GS uniform probabilities,2,0.029194067104380914,210,13,2,0.8435153733793125,-0.8435063331310273
Learned GS uniform probabilities,2,0.029194067104380914,211,13,3,0.8435147052228607,-0.690109865031404
Learned GS uniform probabilities,2,0.029194067104380914,212,13,4,0.8435143923737567,-0.5367111839401594
Learned GS uniform probabilities,2,0.029194067104380914,213,13,5,0.843514256865574,-0.38331213449086676
Learned GS uniform probabilities,2,0.029194067104380914,214,13,6,0.8435142553025635,-0.22991298357267234
Learned GS uniform probabilities,2,0.029194067104380914,215,13,7,0.8435142530041282,-0.0765137262516692
Learned GS uniform probabilities,2,0.029194067104380914,216,13,8,0.8435142530041282,0.0765137262516692
Learned GS uniform probabilities,2,0.029194067104380914,217,13,9,0.8435142553025635,0.22991298357267234
Learned GS uniform probabilities,2,0.029194067104380914,218,13,10,0.843514256865574,0.38331213449086676
Learned GS uniform probabilities,2,0.029194067104380914,219,13,11,0.8435143923737567,0.5367111839401594
Learned GS uniform probabilities,2,0.029194067104380914,220,13,12,0.8435147052228607,0.690109865031404
Learned GS uniform probabilities,2,0.029194067104380914,221,13,13,0.8435153733793125,0.8435063331310273
Learned GS uniform probabilities,2,0.029194067104380914,222,13,14,0.8435177105333886,0.9972749441031898
Learned GS uniform probabilities,2,0.029194067104380914,223,13,15,0.8437502281248295,1.1506781305122953
Learned GS uniform probabilities,2,0.029194067104380914,224,14,0,0.9972828727555717,-1.1506784532644703
Learned GS uniform probabilities,2,0.029194067104380914,225,14,1,0.9972843083909261,-0.9972770906279171
Learned GS uniform probabilities,2,0.029194067104380914,226,14,2,0.9972867642342639,-0.8435040008131118
Learned GS uniform probabilities,2,0.029194067104380914,227,14,3,0.9972910211599669,-0.6901097237043686
Learned GS uniform probabilities,2,0.029194067104380914,228,14,4,0.9972954430074965,-0.5367111217012569
Learned GS uniform probabilities,2,0.029194067104380914,229,14,5,0.9972694608267636,-0.3833121147529615
Learned GS uniform probabilities,2,0.029194067104380914,230,14,6,0.9972084036719725,-0.2299129621566652
Learned GS uniform probabilities,2,0.029194067104380914,231,14,7,0.9971779461719211,-0.07651371522579015
Learned GS uniform probabilities,2,0.029194067104380914,232,14,8,0.9971779461719211,0.07651371522579015
Learned GS uniform probabilities,2,0.029194067104380914,233,14,9,0.9972084036719725,0.2299129621566652
Learned GS uniform probabilities,2,0.029194067104380914,234,14,10,0.9972694608267636,0.3833121147529615
Learned GS uniform probabilities,2,0.029194067104380914,235,14,11,0.9972954430074965,0.5367111217012569
Learned GS uniform probabilities,2,0.029194067104380914,236,14,12,0.9972910211599669,0.6901097237043686
Learned GS uniform probabilities,2,0.029194067104380914,237,14,13,0.9972867642342639,0.8435040008131118
Learned GS uniform probabilities,2,0.029194067104380914,238,14,14,0.9972843083909261,0.9972770906279171
Learned GS uniform probabilities,2,0.029194067104380914,239,14,15,0.9972828727555717,1.1506784532644703
Learned GS uniform probabilities,2,0.029194067104380914,240,15,0,1.150680861441764,-1.1506787344278364
Learned GS uniform probabilities,2,0.029194067104380914,241,15,1,1.15068113928615,-0.9972783100897595
Learned GS uniform probabilities,2,0.029194067104380914,242,15,2,1.1506814609767595,-0.8435976705455499
Learned GS uniform probabilities,2,0.029194067104380914,243,15,3,1.1506817475373228,-0.690109156470539
Learned GS uniform probabilities,2,0.029194067104380914,244,15,4,1.1506820421386599,-0.5367109703517352
Learned GS uniform probabilities,2,0.029194067104380914,245,15,5,1.1506823429074056,-0.3833120412565192
Learned GS uniform probabilities,2,0.029194067104380914,246,15,6,1.1506825683092619,-0.22991293164789076
Learned GS uniform probabilities,2,0.029194067104380914,247,15,7,1.150682636435655,-0.07651371460418259
Learned GS uniform probabilities,2,0.029194067104380914,248,15,8,1.150682636435655,0.07651371460418259
Learned GS uniform probabilities,2,0.029194067104380914,249,15,9,1.1506825683092619,0.22991293164789076
Learned GS uniform probabilities,2,0.029194067104380914,250,15,10,1.1506823429074056,0.3833120412565192
Learned GS uniform probabilities,2,0.029194067104380914,251,15,11,1.1506820421386599,0.5367109703517352
Learned GS uniform probabilities,2,0.029194067104380914,252,15,12,1.1506817475373228,0.690109156470539
Learned GS uniform probabilities,2,0.029194067104380914,253,15,13,1.1506814609767595,0.8435976705455499
Learned GS uniform probabilities,2,0.029194067104380914,254,15,14,1.15068113928615,0.9972783100897595
Learned GS uniform probabilities,2,0.029194067104380914,255,15,15,1.150680861441764,1.1506787344278364
Learned GS uniform probabilities,3,0.04069644114772427,0,0,0,-1.150680861441764,-1.1506787344278364
Learned GS uniform probabilities,3,0.04069644114772427,1,0,1,-1.15068113928615,-0.9972783100897595
Learned GS uniform probabilities,3,0.04069644114772427,2,0,2,-1.1506814609767595,-0.8435976705455499
Learned GS uniform probabilities,3,0.04069644114772427,3,0,3,-1.1506817475373228,-0.690109156470539
Learned GS uniform probabilities,3,0.04069644114772427,4,0,4,-1.1506820421386599,-0.5367109703517352
Learned GS uniform probabilities,3,0.04069644114772427,5,0,5,-1.1506823429074056,-0.3833120412565192
Learned GS uniform probabilities,3,0.04069644114772427,6,0,6,-1.1506825683092619,-0.22991293164789076
Learned GS uniform probabilities,3,0.04069644114772427,7,0,7,-1.150682636435655,-0.07651371460418259
Learned GS uniform probabilities,3,0.04069644114772427,8,0,8,-1.150682636435655,0.07651371460418259
Learned GS uniform probabilities,3,0.04069644114772427,9,0,9,-1.1506825683092619,0.22991293164789076
Learned GS uniform probabilities,3,0.04069644114772427,10,0,10,-1.1506823429074056,0.3833120412565192
Learned GS uniform probabilities,3,0.04069644114772427,11,0,11,-1.1506820421386599,0.5367109703517352
Learned GS uniform probabilities,3,0.04069644114772427,12,0,12,-1.1506817475373228,0.690109156470539
Learned GS uniform probabilities,3,0.04069644114772427,13,0,13,-1.1506814609767595,0.8435976705455499
Learned GS uniform probabilities,3,0.04069644114772427,14,0,14,-1.15068113928615,0.9972783100897595
Learned GS uniform probabilities,3,0.04069644114772427,15,0,15,-1.150680861441764,1.1506787344278364
Learned GS uniform probabilities,3,0.04069644114772427,16,1,0,-0.9972828727555717,-1.1506784532644703
Learned GS uniform probabilities,3,0.04069644114772427,17,1,1,-0.9972843083909261,-0.9972770906279171
Learned GS uniform probabilities,3,0.04069644114772427,18,1,2,-0.9972867642342639,-0.8435040008131118
Learned GS uniform probabilities,3,0.04069644114772427,19,1,3,-0.9972910211599669,-0.6901097237043686
Learned GS uniform probabilities,3,0.04069644114772427,20,1,4,-0.9972954430074965,-0.5367111217012569
Learned GS uniform probabilities,3,0.04069644114772427,21,1,5,-0.9972694608267636,-0.3833121147529615
Learned GS uniform probabilities,3,0.04069644114772427,22,1,6,-0.9972084036719725,-0.2299129621566652
Learned GS uniform probabilities,3,0.04069644114772427,23,1,7,-0.9971779461719211,-0.07651371522579015
Learned GS uniform probabilities,3,0.04069644114772427,24,1,8,-0.9971779461719211,0.07651371522579015
Learned GS uniform probabilities,3,0.04069644114772427,25,1,9,-0.9972084036719725,0.2299129621566652
Learned GS uniform probabilities,3,0.04069644114772427,26,1,10,-0.9972694608267636,0.3833121147529615
Learned GS uniform probabilities,3,0.04069644114772427,27,1,11,-0.9972954430074965,0.5367111217012569
Learned GS uniform probabilities,3,0.04069644114772427,28,1,12,-0.9972910211599669,0.6901097237043686
Learned GS uniform probabilities,3,0.04069644114772427,29,1,13,-0.9972867642342639,0.8435040008131118
Learned GS uniform probabilities,3,0.04069644114772427,30,1,14,-0.9972843083909261,0.9972770906279171
Learned GS uniform probabilities,3,0.04069644114772427,31,1,15,-0.9972828727555717,1.1506784532644703
Learned GS uniform probabilities,3,0.04069644114772427,32,2,0,-0.8437502281248295,-1.1506781305122953
Learned GS uniform probabilities,3,0.04069644114772427,33,2,1,-0.8435177105333886,-0.9972749441031898
Learned GS uniform probabilities,3,0.04069644114772427,34,2,2,-0.8435153733793125,-0.8435063331310273
Learned GS uniform probabilities,3,0.04069644114772427,35,2,3,-0.8435147052228607,-0.690109865031404
Learned GS uniform probabilities,3,0.04069644114772427,36,2,4,-0.8435143923737567,-0.5367111839401594
Learned GS uniform probabilities,3,0.04069644114772427,37,2,5,-0.843514256865574,-0.38331213449086676
Learned GS uniform probabilities,3,0.04069644114772427,38,2,6,-0.8435142553025635,-0.22991298357267234
Learned GS uniform probabilities,3,0.04069644114772427,39,2,7,-0.8435142530041282,-0.0765137262516692
Learned GS uniform probabilities,3,0.04069644114772427,40,2,8,-0.8435142530041282,0.0765137262516692
Learned GS uniform probabilities,3,0.04069644114772427,41,2,9,-0.8435142553025635,0.22991298357267234
Learned GS uniform probabilities,3,0.04069644114772427,42,2,10,-0.843514256865574,0.38331213449086676
Learned GS uniform probabilities,3,0.04069644114772427,43,2,11,-0.8435143923737567,0.5367111839401594
Learned GS uniform probabilities,3,0.04069644114772427,44,2,12,-0.8435147052228607,0.690109865031404
Learned GS uniform probabilities,3,0.04069644114772427,45,2,13,-0.8435153733793125,0.8435063331310273
Learned GS uniform probabilities,3,0.04069644114772427,46,2,14,-0.8435177105333886,0.9972749441031898
Learned GS uniform probabilities,3,0.04069644114772427,47,2,15,-0.8437502281248295,1.1506781305122953
Learned GS uniform probabilities,3,0.04069644114772427,48,3,0,-0.6901143534817322,-1.1506778079270226
Learned GS uniform probabilities,3,0.04069644114772427,49,3,1,-0.6901137014416592,-0.9972711503833873
Learned GS uniform probabilities,3,0.04069644114772427,50,3,2,-0.6901134877124603,-0.8435070211794433
Learned GS uniform probabilities,3,0.04069644114772427,51,3,3,-0.6901133998046871,-0.6901099301202529
Learned GS uniform probabilities,3,0.04069644114772427,52,3,4,-0.6901133772364244,-0.5367111775438598
Learned GS uniform probabilities,3,0.04069644114772427,53,3,5,-0.690113401027861,-0.3833120823958291
Learned GS uniform probabilities,3,0.04069644114772427,54,3,6,-0.690113416244669,-0.22991294979045598
Learned GS uniform probabilities,3,0.04069644114772427,55,3,7,-0.6901134171071062,-0.07651370622564527
Learned GS uniform probabilities,3,0.04069644114772427,56,3,8,-0.6901134171071062,0.07651370622564527
Learned GS uniform probabilities,3,0.04069644114772427,57,3,9,-0.690113416244669,0.22991294979045598
Learned GS uniform probabilities,3,0.04069644114772427,58,3,10,-0.690113401027861,0.3833120823958291
Learned GS uniform probabilities,3,0.04069644114772427,59,3,11,-0.6901133772364244,0.5367111775438598
Learned GS uniform probabilities,3,0.04069644114772427,60,3,12,-0.6901133998046871,0.6901099301202529
Learned GS uniform probabilities,3,0.04069644114772427,61,3,13,-0.6901134877124603,0.8435070211794433
Learned GS uniform probabilities,3,0.04069644114772427,62,3,14,-0.6901137014416592,0.9972711503833873
Learned GS uniform probabilities,3,0.04069644114772427,63,3,15,-0.6901143534817322,1.1506778079270226
Learned GS uniform probabilities,3,0.04069644114772427,64,4,0,-0.5367138603522584,-1.1506774548902903
Learned GS uniform probabilities,3,0.04069644114772427,65,4,1,-0.5367136931868479,-0.9970655413094556
Learned GS uniform probabilities,3,0.04069644114772427,66,4,2,-0.5367136084533078,-0.8435072668340301
Learned GS uniform probabilities,3,0.04069644114772427,67,4,3,-0.5367135738580447,-0.6901099092869051
Learned GS uniform probabilities,3,0.04069644114772427,68,4,4,-0.5367136025939896,-0.5367111065933085
Learned GS uniform probabilities,3,0.04069644114772427,69,4,5,-0.53671363101846,-0.38331209120450876
Learned GS uniform probabilities,3,0.04069644114772427,70,4,6,-0.5367136511920834,-0.22991289972851772
Learned GS uniform probabilities,3,0.04069644114772427,71,4,7,-0.5367136765113653,-0.07651368476803465
Learned GS uniform probabilities,3,0.04069644114772427,72,4,8,-0.5367136765113653,0.07651368476803465
Learned GS uniform probabilities,3,0.04069644114772427,73,4,9,-0.5367136511920834,0.22991289972851772
Learned GS uniform probabilities,3,0.04069644114772427,74,4,10,-0.53671363101846,0.38331209120450876
Learned GS uniform probabilities,3,0.04069644114772427,75,4,11,-0.5367136025939896,0.5367111065933085
Learned GS uniform probabilities,3,0.04069644114772427,76,4,12,-0.5367135738580447,0.6901099092869051
Learned GS uniform probabilities,3,0.04069644114772427,77,4,13,-0.5367136084533078,0.8435072668340301
Learned GS uniform probabilities,3,0.04069644114772427,78,4,14,-0.5367136931868479,0.9970655413094556
Learned GS uniform probabilities,3,0.04069644114772427,79,4,15,-0.5367138603522584,1.1506774548902903
Learned GS uniform probabilities,3,0.04069644114772427,80,5,0,-0.3833142259313538,-1.150677151114431
Learned GS uniform probabilities,3,0.04069644114772427,81,5,1,-0.3833140991642495,-0.9970564370089436
Learned GS uniform probabilities,3,0.04069644114772427,82,5,2,-0.38331403882471377,-0.8435074114025589
Learned GS uniform probabilities,3,0.04069644114772427,83,5,3,-0.3833140447854493,-0.6901098705364037
Learned GS uniform probabilities,3,0.04069644114772427,84,5,4,-0.38331408049885646,-0.5367111010162948
Learned GS uniform probabilities,3,0.04069644114772427,85,5,5,-0.38331410209394723,-0.3833120154401409
Learned GS uniform probabilities,3,0.04069644114772427,86,5,6,-0.38331412758453715,-0.2299128622410588
Learned GS uniform probabilities,3,0.04069644114772427,87,5,7,-0.3833141679362409,-0.07651364519013573
Learned GS uniform probabilities,3,0.04069644114772427,88,5,8,-0.3833141679362409,0.07651364519013573
Learned GS uniform probabilities,3,0.04069644114772427,89,5,9,-0.38331412758453715,0.2299128622410588
Learned GS uniform probabilities,3,0.04069644114772427,90,5,10,-0.38331410209394723,0.3833120154401409
Learned GS uniform probabilities,3,0.04069644114772427,91,5,11,-0.38331408049885646,0.5367111010162948
Learned GS uniform probabilities,3,0.04069644114772427,92,5,12,-0.3833140447854493,0.6901098705364037
Learned GS uniform probabilities,3,0.04069644114772427,93,5,13,-0.38331403882471377,0.8435074114025589
Learned GS uniform probabilities,3,0.04069644114772427,94,5,14,-0.3833140991642495,0.9970564370089436
Learned GS uniform probabilities,3,0.04069644114772427,95,5,15,-0.3833142259313538,1.150677151114431
Learned GS uniform probabilities,3,0.04069644114772427,96,6,0,-0.22991475738814726,-1.1506768630944475
Learned GS uniform probabilities,3,0.04069644114772427,97,6,1,-0.22991469460143243,-0.9970450258276445
Learned GS uniform probabilities,3,0.04069644114772427,98,6,2,-0.22991466517551917,-0.8435073816818592
Learned GS uniform probabilities,3,0.04069644114772427,99,6,3,-0.22991468594693337,-0.6901097830313185
Learned GS uniform probabilities,3,0.04069644114772427,100,6,4,-0.2299146922324547,-0.5367109986628462
Learned GS uniform probabilities,3,0.04069644114772427,101,6,5,-0.22991471676356082,-0.38331200465169946
Learned GS uniform probabilities,3,0.04069644114772427,102,6,6,-0.22991471916626086,-0.22991280951785964
Learned GS uniform probabilities,3,0.04069644114772427,103,6,7,-0.22991473301994347,-0.07651359843706036
Learned GS uniform probabilities,3,0.04069644114772427,104,6,8,-0.22991473301994347,0.07651359843706036
Learned GS uniform probabilities,3,0.04069644114772427,105,6,9,-0.22991471916626086,0.22991280951785964
Learned GS uniform probabilities,3,0.04069644114772427,106,6,10,-0.22991471676356082,0.38331200465169946
Learned GS uniform probabilities,3,0.04069644114772427,107,6,11,-0.2299146922324547,0.5367109986628462
Learned GS uniform probabilities,3,0.04069644114772427,108,6,12,-0.22991468594693337,0.6901097830313185
Learned GS uniform probabilities,3,0.04069644114772427,109,6,13,-0.22991466517551917,0.8435073816818592
Learned GS uniform probabilities,3,0.04069644114772427,110,6,14,-0.22991469460143243,0.9970450258276445
Learned GS uniform probabilities,3,0.04069644114772427,111,6,15,-0.22991475738814726,1.1506768630944475
Learned GS uniform probabilities,3,0.04069644114772427,112,7,0,-0.07651541357780534,-1.150676789812394
Learned GS uniform probabilities,3,0.04069644114772427,113,7,1,-0.07651534587034288,-0.9970381656189806
Learned GS uniform probabilities,3,0.04069644114772427,114,7,2,-0.0765153178766006,-0.8435072656507735
Learned GS uniform probabilities,3,0.04069644114772427,115,7,3,-0.07651535500712899,-0.690109764434568
Learned GS uniform probabilities,3,0.04069644114772427,116,7,4,-0.0765153588392937,-0.5367109973236708
Learned GS uniform probabilities,3,0.04069644114772427,117,7,5,-0.07651537890980743,-0.3833119641588321
Learned GS uniform probabilities,3,0.04069644114772427,118,7,6,-0.0765154149108218,-0.22991281557631893
Learned GS uniform probabilities,3,0.04069644114772427,119,7,7,-0.07651543695785118,-0.0765135979589255
Learned GS uniform probabilities,3,0.04069644114772427,120,7,8,-0.07651543695785118,0.0765135979589255
Learned GS uniform probabilities,3,0.04069644114772427,121,7,9,-0.0765154149108218,0.22991281557631893
Learned GS uniform probabilities,3,0.04069644114772427,122,7,10,-0.07651537890980743,0.3833119641588321
Learned GS uniform probabilities,3,0.04069644114772427,123,7,11,-0.0765153588392937,0.5367109973236708
Learned GS uniform probabilities,3,0.04069644114772427,124,7,12,-0.07651535500712899,0.690109764434568
Learned GS uniform probabilities,3,0.04069644114772427,125,7,13,-0.0765153178766006,0.8435072656507735
Learned GS uniform probabilities,3,0.04069644114772427,126,7,14,-0.07651534587034288,0.9970381656189806
Learned GS uniform probabilities,3,0.04069644114772427,127,7,15,-0.07651541357780534,1.150676789812394
Learned GS uniform probabilities,3,0.04069644114772427,128,8,0,0.07651541357780536,-1.150676789812394
Learned GS uniform probabilities,3,0.04069644114772427,129,8,1,0.07651534587034291,-0.9970381656189806
Learned GS uniform probabilities,3,0.04069644114772427,130,8,2,0.07651531787660062,-0.8435072656507735
Learned GS uniform probabilities,3,0.04069644114772427,131,8,3,0.07651535500712901,-0.690109764434568
Learned GS uniform probabilities,3,0.04069644114772427,132,8,4,0.07651535883929372,-0.5367109973236708
Learned GS uniform probabilities,3,0.04069644114772427,133,8,5,0.07651537890980746,-0.3833119641588321
Learned GS uniform probabilities,3,0.04069644114772427,134,8,6,0.07651541491082182,-0.22991281557631893
Learned GS uniform probabilities,3,0.04069644114772427,135,8,7,0.07651543695785121,-0.0765135979589255
Learned GS uniform probabilities,3,0.04069644114772427,136,8,8,0.07651543695785121,0.0765135979589255
Learned GS uniform probabilities,3,0.04069644114772427,137,8,9,0.07651541491082182,0.22991281557631893
Learned GS uniform probabilities,3,0.04069644114772427,138,8,10,0.07651537890980746,0.3833119641588321
Learned GS uniform probabilities,3,0.04069644114772427,139,8,11,0.07651535883929372,0.5367109973236708
Learned GS uniform probabilities,3,0.04069644114772427,140,8,12,0.07651535500712901,0.690109764434568
Learned GS uniform probabilities,3,0.04069644114772427,141,8,13,0.07651531787660062,0.8435072656507735
Learned GS uniform probabilities,3,0.04069644114772427,142,8,14,0.07651534587034291,0.9970381656189806
Learned GS uniform probabilities,3,0.04069644114772427,143,8,15,0.07651541357780536,1.150676789812394
Learned GS uniform probabilities,3,0.04069644114772427,144,9,0,0.22991475738814726,-1.1506768630944475
Learned GS uniform probabilities,3,0.04069644114772427,145,9,1,0.2299146946014325,-0.9970450258276445
Learned GS uniform probabilities,3,0.04069644114772427,146,9,2,0.22991466517551917,-0.8435073816818592
Learned GS uniform probabilities,3,0.04069644114772427,147,9,3,0.22991468594693337,-0.6901097830313185
Learned GS uniform probabilities,3,0.04069644114772427,148,9,4,0.22991469223245475,-0.5367109986628462
Learned GS uniform probabilities,3,0.04069644114772427,149,9,5,0.22991471676356087,-0.38331200465169946
Learned GS uniform probabilities,3,0.04069644114772427,150,9,6,0.22991471916626086,-0.22991280951785964
Learned GS uniform probabilities,3,0.04069644114772427,151,9,7,0.22991473301994347,-0.07651359843706036
Learned GS uniform probabilities,3,0.04069644114772427,152,9,8,0.22991473301994347,0.07651359843706036
Learned GS uniform probabilities,3,0.04069644114772427,153,9,9,0.22991471916626086,0.22991280951785964
Learned GS uniform probabilities,3,0.04069644114772427,154,9,10,0.22991471676356087,0.38331200465169946
Learned GS uniform probabilities,3,0.04069644114772427,155,9,11,0.22991469223245475,0.5367109986628462
Learned GS uniform probabilities,3,0.04069644114772427,156,9,12,0.22991468594693337,0.6901097830313185
Learned GS uniform probabilities,3,0.04069644114772427,157,9,13,0.22991466517551917,0.8435073816818592
Learned GS uniform probabilities,3,0.04069644114772427,158,9,14,0.2299146946014325,0.9970450258276445
Learned GS uniform probabilities,3,0.04069644114772427,159,9,15,0.22991475738814726,1.1506768630944475
Learned GS uniform probabilities,3,0.04069644114772427,160,10,0,0.3833142259313538,-1.150677151114431
Learned GS uniform probabilities,3,0.04069644114772427,161,10,1,0.3833140991642495,-0.9970564370089436
Learned GS uniform probabilities,3,0.04069644114772427,162,10,2,0.38331403882471377,-0.8435074114025589
Learned GS uniform probabilities,3,0.04069644114772427,163,10,3,0.3833140447854493,-0.6901098705364037
Learned GS uniform probabilities,3,0.04069644114772427,164,10,4,0.38331408049885646,-0.5367111010162948
Learned GS uniform probabilities,3,0.04069644114772427,165,10,5,0.38331410209394723,-0.3833120154401409
Learned GS uniform probabilities,3,0.04069644114772427,166,10,6,0.38331412758453715,-0.2299128622410588
Learned GS uniform probabilities,3,0.04069644114772427,167,10,7,0.3833141679362409,-0.07651364519013573
Learned GS uniform probabilities,3,0.04069644114772427,168,10,8,0.3833141679362409,0.07651364519013573
Learned GS uniform probabilities,3,0.04069644114772427,169,10,9,0.38331412758453715,0.2299128622410588
Learned GS uniform probabilities,3,0.04069644114772427,170,10,10,0.38331410209394723,0.3833120154401409
Learned GS uniform probabilities,3,0.04069644114772427,171,10,11,0.38331408049885646,0.5367111010162948
Learned GS uniform probabilities,3,0.04069644114772427,172,10,12,0.3833140447854493,0.6901098705364037
Learned GS uniform probabilities,3,0.04069644114772427,173,10,13,0.38331403882471377,0.8435074114025589
Learned GS uniform probabilities,3,0.04069644114772427,174,10,14,0.3833140991642495,0.9970564370089436
Learned GS uniform probabilities,3,0.04069644114772427,175,10,15,0.3833142259313538,1.150677151114431
Learned GS uniform probabilities,3,0.04069644114772427,176,11,0,0.5367138603522584,-1.1506774548902903
Learned GS uniform probabilities,3,0.04069644114772427,177,11,1,0.5367136931868479,-0.9970655413094556
Learned GS uniform probabilities,3,0.04069644114772427,178,11,2,0.5367136084533078,-0.8435072668340301
Learned GS uniform probabilities,3,0.04069644114772427,179,11,3,0.5367135738580447,-0.6901099092869051
Learned GS uniform probabilities,3,0.04069644114772427,180,11,4,0.5367136025939896,-0.5367111065933085
Learned GS uniform probabilities,3,0.04069644114772427,181,11,5,0.53671363101846,-0.38331209120450876
Learned GS uniform probabilities,3,0.04069644114772427,182,11,6,0.5367136511920834,-0.22991289972851772
Learned GS uniform probabilities,3,0.04069644114772427,183,11,7,0.5367136765113653,-0.07651368476803465
Learned GS uniform probabilities,3,0.04069644114772427,184,11,8,0.5367136765113653,0.07651368476803465
Learned GS uniform probabilities,3,0.04069644114772427,185,11,9,0.5367136511920834,0.22991289972851772
Learned GS uniform probabilities,3,0.04069644114772427,186,11,10,0.53671363101846,0.38331209120450876
Learned GS uniform probabilities,3,0.04069644114772427,187,11,11,0.5367136025939896,0.5367111065933085
Learned GS uniform probabilities,3,0.04069644114772427,188,11,12,0.5367135738580447,0.6901099092869051
Learned GS uniform probabilities,3,0.04069644114772427,189,11,13,0.5367136084533078,0.8435072668340301
Learned GS uniform probabilities,3,0.04069644114772427,190,11,14,0.5367136931868479,0.9970655413094556
Learned GS uniform probabilities,3,0.04069644114772427,191,11,15,0.5367138603522584,1.1506774548902903
Learned GS uniform probabilities,3,0.04069644114772427,192,12,0,0.6901143534817322,-1.1506778079270226
Learned GS uniform probabilities,3,0.04069644114772427,193,12,1,0.6901137014416592,-0.9972711503833873
Learned GS uniform probabilities,3,0.04069644114772427,194,12,2,0.6901134877124603,-0.8435070211794433
Learned GS uniform probabilities,3,0.04069644114772427,195,12,3,0.6901133998046871,-0.6901099301202529
Learned GS uniform probabilities,3,0.04069644114772427,196,12,4,0.6901133772364244,-0.5367111775438598
Learned GS uniform probabilities,3,0.04069644114772427,197,12,5,0.690113401027861,-0.3833120823958291
Learned GS uniform probabilities,3,0.04069644114772427,198,12,6,0.690113416244669,-0.22991294979045598
Learned GS uniform probabilities,3,0.04069644114772427,199,12,7,0.6901134171071062,-0.07651370622564527
Learned GS uniform probabilities,3,0.04069644114772427,200,12,8,0.6901134171071062,0.07651370622564527
Learned GS uniform probabilities,3,0.04069644114772427,201,12,9,0.690113416244669,0.22991294979045598
Learned GS uniform probabilities,3,0.04069644114772427,202,12,10,0.690113401027861,0.3833120823958291
Learned GS uniform probabilities,3,0.04069644114772427,203,12,11,0.6901133772364244,0.5367111775438598
Learned GS uniform probabilities,3,0.04069644114772427,204,12,12,0.6901133998046871,0.6901099301202529
Learned GS uniform probabilities,3,0.04069644114772427,205,12,13,0.6901134877124603,0.8435070211794433
Learned GS uniform probabilities,3,0.04069644114772427,206,12,14,0.6901137014416592,0.9972711503833873
Learned GS uniform probabilities,3,0.04069644114772427,207,12,15,0.6901143534817322,1.1506778079270226
Learned GS uniform probabilities,3,0.04069644114772427,208,13,0,0.8437502281248295,-1.1506781305122953
Learned GS uniform probabilities,3,0.04069644114772427,209,13,1,0.8435177105333886,-0.9972749441031898
Learned GS uniform probabilities,3,0.04069644114772427,210,13,2,0.8435153733793125,-0.8435063331310273
Learned GS uniform probabilities,3,0.04069644114772427,211,13,3,0.8435147052228607,-0.690109865031404
Learned GS uniform probabilities,3,0.04069644114772427,212,13,4,0.8435143923737567,-0.5367111839401594
Learned GS uniform probabilities,3,0.04069644114772427,213,13,5,0.843514256865574,-0.38331213449086676
Learned GS uniform probabilities,3,0.04069644114772427,214,13,6,0.8435142553025635,-0.22991298357267234
Learned GS uniform probabilities,3,0.04069644114772427,215,13,7,0.8435142530041282,-0.0765137262516692
Learned GS uniform probabilities,3,0.04069644114772427,216,13,8,0.8435142530041282,0.0765137262516692
Learned GS uniform probabilities,3,0.04069644114772427,217,13,9,0.8435142553025635,0.22991298357267234
Learned GS uniform probabilities,3,0.04069644114772427,218,13,10,0.843514256865574,0.38331213449086676
Learned GS uniform probabilities,3,0.04069644114772427,219,13,11,0.8435143923737567,0.5367111839401594
Learned GS uniform probabilities,3,0.04069644114772427,220,13,12,0.8435147052228607,0.690109865031404
Learned GS uniform probabilities,3,0.04069644114772427,221,13,13,0.8435153733793125,0.8435063331310273
Learned GS uniform probabilities,3,0.04069644114772427,222,13,14,0.8435177105333886,0.9972749441031898
Learned GS uniform probabilities,3,0.04069644114772427,223,13,15,0.8437502281248295,1.1506781305122953
Learned GS uniform probabilities,3,0.04069644114772427,224,14,0,0.9972828727555717,-1.1506784532644703
Learned GS uniform probabilities,3,0.04069644114772427,225,14,1,0.9972843083909261,-0.9972770906279171
Learned GS uniform probabilities,3,0.04069644114772427,226,14,2,0.9972867642342639,-0.8435040008131118
Learned GS uniform probabilities,3,0.04069644114772427,227,14,3,0.9972910211599669,-0.6901097237043686
Learned GS uniform probabilities,3,0.04069644114772427,228,14,4,0.9972954430074965,-0.5367111217012569
Learned GS uniform probabilities,3,0.04069644114772427,229,14,5,0.9972694608267636,-0.3833121147529615
Learned GS uniform probabilities,3,0.04069644114772427,230,14,6,0.9972084036719725,-0.2299129621566652
Learned GS uniform probabilities,3,0.04069644114772427,231,14,7,0.9971779461719211,-0.07651371522579015
Learned GS uniform probabilities,3,0.04069644114772427,232,14,8,0.9971779461719211,0.07651371522579015
Learned GS uniform probabilities,3,0.04069644114772427,233,14,9,0.9972084036719725,0.2299129621566652
Learned GS uniform probabilities,3,0.04069644114772427,234,14,10,0.9972694608267636,0.3833121147529615
Learned GS uniform probabilities,3,0.04069644114772427,235,14,11,0.9972954430074965,0.5367111217012569
Learned GS uniform probabilities,3,0.04069644114772427,236,14,12,0.9972910211599669,0.6901097237043686
Learned GS uniform probabilities,3,0.04069644114772427,237,14,13,0.9972867642342639,0.8435040008131118
Learned GS uniform probabilities,3,0.04069644114772427,238,14,14,0.9972843083909261,0.9972770906279171
Learned GS uniform probabilities,3,0.04069644114772427,239,14,15,0.9972828727555717,1.1506784532644703
Learned GS uniform probabilities,3,0.04069644114772427,240,15,0,1.150680861441764,-1.1506787344278364
Learned GS uniform probabilities,3,0.04069644114772427,241,15,1,1.15068113928615,-0.9972783100897595
Learned GS uniform probabilities,3,0.04069644114772427,242,15,2,1.1506814609767595,-0.8435976705455499
Learned GS uniform probabilities,3,0.04069644114772427,243,15,3,1.1506817475373228,-0.690109156470539
Learned GS uniform probabilities,3,0.04069644114772427,244,15,4,1.1506820421386599,-0.5367109703517352
Learned GS uniform probabilities,3,0.04069644114772427,245,15,5,1.1506823429074056,-0.3833120412565192
Learned GS uniform probabilities,3,0.04069644114772427,246,15,6,1.1506825683092619,-0.22991293164789076
Learned GS uniform probabilities,3,0.04069644114772427,247,15,7,1.150682636435655,-0.07651371460418259
Learned GS uniform probabilities,3,0.04069644114772427,248,15,8,1.150682636435655,0.07651371460418259
Learned GS uniform probabilities,3,0.04069644114772427,249,15,9,1.1506825683092619,0.22991293164789076
Learned GS uniform probabilities,3,0.04069644114772427,250,15,10,1.1506823429074056,0.3833120412565192
Learned GS uniform probabilities,3,0.04069644114772427,251,15,11,1.1506820421386599,0.5367109703517352
Learned GS uniform probabilities,3,0.04069644114772427,252,15,12,1.1506817475373228,0.690109156470539
Learned GS uniform probabilities,3,0.04069644114772427,253,15,13,1.1506814609767595,0.8435976705455499
Learned GS uniform probabilities,3,0.04069644114772427,254,15,14,1.15068113928615,0.9972783100897595
Learned GS uniform probabilities,3,0.04069644114772427,255,15,15,1.150680861441764,1.1506787344278364
Learned joint PS+GS,0,0.06516621137071377,0,0,0,-2.3864265178801674,-2.418154792519108
Learned joint PS+GS,0,0.06516621137071377,1,0,1,-2.3864258068116717,-2.1024913704616837
Learned joint PS+GS,0,0.06516621137071377,2,0,2,-2.3864251360106064,-1.7868260746427533
Learned joint PS+GS,0,0.06516621137071377,3,0,3,-2.387250133826816,-1.4711652798650359
Learned joint PS+GS,0,0.06516621137071377,4,0,4,-2.387262665457566,-1.1563294086122142
Learned joint PS+GS,0,0.06516621137071377,5,0,5,-2.387286470618845,-0.8406828281956084
Learned joint PS+GS,0,0.06516621137071377,6,0,6,-2.387327486817549,-0.52513496626355
Learned joint PS+GS,0,0.06516621137071377,7,0,7,-2.3873656276688977,-0.21004845317548934
Learned joint PS+GS,0,0.06516621137071377,8,0,8,-2.3873656276688977,0.10724506782044371
Learned joint PS+GS,0,0.06516621137071377,9,0,9,-2.387327486817549,0.42233158090850437
Learned joint PS+GS,0,0.06516621137071377,10,0,10,-2.387286470618845,0.7378794428405626
Learned joint PS+GS,0,0.06516621137071377,11,0,11,-2.387262665457566,1.0535260232571688
Learned joint PS+GS,0,0.06516621137071377,12,0,12,-2.387250133826816,1.3683618945099905
Learned joint PS+GS,0,0.06516621137071377,13,0,13,-2.3864251360106064,1.684022689287708
Learned joint PS+GS,0,0.06516621137071377,14,0,14,-2.3864258068116717,1.9996879851066378
Learned joint PS+GS,0,0.06516621137071377,15,0,15,-2.3864265178801674,2.3153514071640617
Learned joint PS+GS,0,0.06516621137071377,16,1,0,-2.0707631444997374,-2.418154037025371
Learned joint PS+GS,0,0.06516621137071377,17,1,1,-2.070760908273906,-2.1024894326530825
Learned joint PS+GS,0,0.06516621137071377,18,1,2,-2.0707615761129485,-1.7868269768612226
Learned joint PS+GS,0,0.06516621137071377,19,1,3,-2.070750518931069,-1.4715798404458922
Learned joint PS+GS,0,0.06516621137071377,20,1,4,-2.070713554504968,-1.156616403054527
Learned joint PS+GS,0,0.06516621137071377,21,1,5,-2.0711634834236436,-0.8412810019040541
Learned joint PS+GS,0,0.06516621137071377,22,1,6,-2.071353145369822,-0.5256348913502706
Learned joint PS+GS,0,0.06516621137071377,23,1,7,-2.0709102738447616,-0.20865286484301757
Learned joint PS+GS,0,0.06516621137071377,24,1,8,-2.0709102738447616,0.10584947948797192
Learned joint PS+GS,0,0.06516621137071377,25,1,9,-2.071353145369822,0.4228315059952249
Learned joint PS+GS,0,0.06516621137071377,26,1,10,-2.0711634834236436,0.7384776165490085
Learned joint PS+GS,0,0.06516621137071377,27,1,11,-2.070713554504968,1.0538130176994813
Learned joint PS+GS,0,0.06516621137071377,28,1,12,-2.070750518931069,1.3687764550908466
Learned joint PS+GS,0,0.06516621137071377,29,1,13,-2.0707615761129485,1.684023591506177
Learned joint PS+GS,0,0.06516621137071377,30,1,14,-2.070760908273906,1.9996860472980371
Learned joint PS+GS,0,0.06516621137071377,31,1,15,-2.0707631444997374,2.3153506516703253
Learned joint PS+GS,0,0.06516621137071377,32,2,0,-1.755097284279857,-2.418153857880849
Learned joint PS+GS,0,0.06516621137071377,33,2,1,-1.7550962071015064,-2.1029013917620842
Learned joint PS+GS,0,0.06516621137071377,34,2,2,-1.755067668734563,-1.7868178125434673
Learned joint PS+GS,0,0.06516621137071377,35,2,3,-1.755044114271407,-1.471635654324901
Learned joint PS+GS,0,0.06516621137071377,36,2,4,-1.7555913297312433,-1.1570070366702097
Learned joint PS+GS,0,0.06516621137071377,37,2,5,-1.7557907844242506,-0.8413477267544758
Learned joint PS+GS,0,0.06516621137071377,38,2,6,-1.7558785404731376,-0.5256810806241421
Learned joint PS+GS,0,0.06516621137071377,39,2,7,-1.7558818892155907,-0.2086131340687134
Learned joint PS+GS,0,0.06516621137071377,40,2,8,-1.7558818892155907,0.10580974871366775
Learned joint PS+GS,0,0.06516621137071377,41,2,9,-1.7558785404731376,0.4228776952690965
Learned joint PS+GS,0,0.06516621137071377,42,2,10,-1.7557907844242506,0.73854434139943
Learned joint PS+GS,0,0.06516621137071377,43,2,11,-1.7555913297312433,1.0542036513151642
Learned joint PS+GS,0,0.06516621137071377,44,2,12,-1.755044114271407,1.3688322689698553
Learned joint PS+GS,0,0.06516621137071377,45,2,13,-1.755067668734563,1.6840144271884219
Learned joint PS+GS,0,0.06516621137071377,46,2,14,-1.7550962071015064,2.0000980064070384
Learned joint PS+GS,0,0.06516621137071377,47,2,15,-1.755097284279857,2.315350472525803
Learned joint PS+GS,0,0.06516621137071377,48,3,0,-1.4394405264790497,-2.418570250577258
Learned joint PS+GS,0,0.06516621137071377,49,3,1,-1.4398267686207264,-2.102899016197794
Learned joint PS+GS,0,0.06516621137071377,50,3,2,-1.4398891869519597,-1.7873233231088625
Learned joint PS+GS,0,0.06516621137071377,51,3,3,-1.4401517840467977,-1.472208617567655
Learned joint PS+GS,0,0.06516621137071377,52,3,4,-1.4403480471097176,-1.1570060489462344
Learned joint PS+GS,0,0.06516621137071377,53,3,5,-1.440333719970735,-0.8413560847004938
Learned joint PS+GS,0,0.06516621137071377,54,3,6,-1.4400062382523307,-0.5256741805720894
Learned joint PS+GS,0,0.06516621137071377,55,3,7,-1.4401639688533177,-0.20929366231465285
Learned joint PS+GS,0,0.06516621137071377,56,3,8,-1.4401639688533177,0.10649027695960721
Learned joint PS+GS,0,0.06516621137071377,57,3,9,-1.4400062382523307,0.42287079521704374
Learned joint PS+GS,0,0.06516621137071377,58,3,10,-1.440333719970735,0.7385526993454481
Learned joint PS+GS,0,0.06516621137071377,59,3,11,-1.4403480471097176,1.054202663591189
Learned joint PS+GS,0,0.06516621137071377,60,3,12,-1.4401517840467977,1.3694052322126096
Learned joint PS+GS,0,0.06516621137071377,61,3,13,-1.4398891869519597,1.6845199377538171
Learned joint PS+GS,0,0.06516621137071377,62,3,14,-1.4398267686207264,2.0000956308427487
Learned joint PS+GS,0,0.06516621137071377,63,3,15,-1.4394405264790497,2.315766865222212
Learned joint PS+GS,0,0.06516621137071377,64,4,0,-1.1241773802774757,-2.418579464927678
Learned joint PS+GS,0,0.06516621137071377,65,4,1,-1.1242502987972978,-2.102907016562549
Learned joint PS+GS,0,0.06516621137071377,66,4,2,-1.1246962162060667,-1.787611124259415
Learned joint PS+GS,0,0.06516621137071377,67,4,3,-1.124840145622434,-1.4725929222495406
Learned joint PS+GS,0,0.06516621137071377,68,4,4,-1.1247282808966577,-1.1569726678553347
Learned joint PS+GS,0,0.06516621137071377,69,4,5,-1.1246269816312484,-0.8413446360499983
Learned joint PS+GS,0,0.06516621137071377,70,4,6,-1.1238358985707788,-0.5256607743590351
Learned joint PS+GS,0,0.06516621137071377,71,4,7,-1.1237611112909425,-0.20952546981565978
Learned joint PS+GS,0,0.06516621137071377,72,4,8,-1.1237611112909425,0.10672208446061414
Learned joint PS+GS,0,0.06516621137071377,73,4,9,-1.1238358985707788,0.42285738900398945
Learned joint PS+GS,0,0.06516621137071377,74,4,10,-1.1246269816312484,0.7385412506949526
Learned joint PS+GS,0,0.06516621137071377,75,4,11,-1.1247282808966577,1.0541692825002893
Learned joint PS+GS,0,0.06516621137071377,76,4,12,-1.124840145622434,1.3697895368944952
Learned joint PS+GS,0,0.06516621137071377,77,4,13,-1.1246962162060667,1.6848077389043696
Learned joint PS+GS,0,0.06516621137071377,78,4,14,-1.1242502987972978,2.0001036312075033
Learned joint PS+GS,0,0.06516621137071377,79,4,15,-1.1241773802774757,2.3157760795726317
Learned joint PS+GS,0,0.06516621137071377,80,5,0,-0.8085251972790828,-2.4186193713201356
Learned joint PS+GS,0,0.06516621137071377,81,5,1,-0.8091486804984154,-2.1033098268829993
Learned joint PS+GS,0,0.06516621137071377,82,5,2,-0.8096331886078514,-1.7877856094047193
Learned joint PS+GS,0,0.06516621137071377,83,5,3,-0.8096399777431562,-1.4721801032287856
Learned joint PS+GS,0,0.06516621137071377,84,5,4,-0.8096437237732109,-1.156569269498043
Learned joint PS+GS,0,0.06516621137071377,85,5,5,-0.8096262876656365,-0.8408019563013437
Learned joint PS+GS,0,0.06516621137071377,86,5,6,-0.8081674512620337,-0.5246821525846928
Learned joint PS+GS,0,0.06516621137071377,87,5,7,-0.8080998652030986,-0.20863155809616327
Learned joint PS+GS,0,0.06516621137071377,88,5,8,-0.8080998652030986,0.10582817274111761
Learned joint PS+GS,0,0.06516621137071377,89,5,9,-0.8081674512620337,0.421878767229647
Learned joint PS+GS,0,0.06516621137071377,90,5,10,-0.8096262876656365,0.737998570946298
Learned joint PS+GS,0,0.06516621137071377,91,5,11,-0.8096437237732109,1.0537658841429975
Learned joint PS+GS,0,0.06516621137071377,92,5,12,-0.8096399777431562,1.36937671787374
Learned joint PS+GS,0,0.06516621137071377,93,5,13,-0.8096331886078514,1.684982224049674
Learned joint PS+GS,0,0.06516621137071377,94,5,14,-0.8091486804984154,2.000506441527954
Learned joint PS+GS,0,0.06516621137071377,95,5,15,-0.8085251972790828,2.3158159859650898
Learned joint PS+GS,0,0.06516621137071377,96,6,0,-0.49286565719255837,-2.4186655107827235
Learned joint PS+GS,0,0.06516621137071377,97,6,1,-0.4939686596243764,-2.103475337254818
Learned joint PS+GS,0,0.06516621137071377,98,6,2,-0.4939851591571552,-1.788228613477928
Learned joint PS+GS,0,0.06516621137071377,99,6,3,-0.4939900352278125,-1.472141089566945
Learned joint PS+GS,0,0.06516621137071377,100,6,4,-0.4939874062960666,-1.1563987458453127
Learned joint PS+GS,0,0.06516621137071377,101,6,5,-0.49398171097899257,-0.8401722638813381
Learned joint PS+GS,0,0.06516621137071377,102,6,6,-0.4939727809445369,-0.5243828484322907
Learned joint PS+GS,0,0.06516621137071377,103,6,7,-0.49395733021922283,-0.20878975329693097
Learned joint PS+GS,0,0.06516621137071377,104,6,8,-0.49395733021922283,0.10598636794188532
Learned joint PS+GS,0,0.06516621137071377,105,6,9,-0.4939727809445369,0.421579463077245
Learned joint PS+GS,0,0.06516621137071377,106,6,10,-0.49398171097899257,0.7373688785262924
Learned joint PS+GS,0,0.06516621137071377,107,6,11,-0.4939874062960666,1.053595360490267
Learned joint PS+GS,0,0.06516621137071377,108,6,12,-0.4939900352278125,1.3693377042118995
Learned joint PS+GS,0,0.06516621137071377,109,6,13,-0.4939851591571552,1.6854252281228825
Learned joint PS+GS,0,0.06516621137071377,110,6,14,-0.4939686596243764,2.0006719518997724
Learned joint PS+GS,0,0.06516621137071377,111,6,15,-0.49286565719255837,2.3158621254276777
Learned joint PS+GS,0,0.06516621137071377,112,7,0,-0.17767158497450714,-2.4192230712206477
Learned joint PS+GS,0,0.06516621137071377,113,7,1,-0.17831720265373438,-2.1035135607166398
Learned joint PS+GS,0,0.06516621137071377,114,7,2,-0.17832587832315733,-1.788261519185435
Learned joint PS+GS,0,0.06516621137071377,115,7,3,-0.17832787005249237,-1.4721593541270617
Learned joint PS+GS,0,0.06516621137071377,116,7,4,-0.17832612837935857,-1.1558916328734552
Learned joint PS+GS,0,0.06516621137071377,117,7,5,-0.17832031105354298,-0.8401014122981266
Learned joint PS+GS,0,0.06516621137071377,118,7,6,-0.17832169467797895,-0.5244098458495401
Learned joint PS+GS,0,0.06516621137071377,119,7,7,-0.17831383174406565,-0.20880603179688775
Learned joint PS+GS,0,0.06516621137071377,120,7,8,-0.17831383174406565,0.10600264644184212
Learned joint PS+GS,0,0.06516621137071377,121,7,9,-0.17832169467797895,0.42160646049449435
Learned joint PS+GS,0,0.06516621137071377,122,7,10,-0.17832031105354298,0.7372980269430809
Learned joint PS+GS,0,0.06516621137071377,123,7,11,-0.17832612837935857,1.0530882475184096
Learned joint PS+GS,0,0.06516621137071377,124,7,12,-0.17832787005249237,1.3693559687720163
Learned joint PS+GS,0,0.06516621137071377,125,7,13,-0.17832587832315733,1.6854581338303896
Learned joint PS+GS,0,0.06516621137071377,126,7,14,-0.17831720265373438,2.000710175361594
Learned joint PS+GS,0,0.06516621137071377,127,7,15,-0.17767158497450714,2.316419685865602
Learned joint PS+GS,0,0.06516621137071377,128,8,0,0.13832482286098158,-2.4192230712206477
Learned joint PS+GS,0,0.06516621137071377,129,8,1,0.13897044054020882,-2.1035135607166398
Learned joint PS+GS,0,0.06516621137071377,130,8,2,0.13897911620963177,-1.788261519185435
Learned joint PS+GS,0,0.06516621137071377,131,8,3,0.1389811079389668,-1.4721593541270617
Learned joint PS+GS,0,0.06516621137071377,132,8,4,0.13897936626583302,-1.1558916328734552
Learned joint PS+GS,0,0.06516621137071377,133,8,5,0.13897354894001743,-0.8401014122981266
Learned joint PS+GS,0,0.06516621137071377,134,8,6,0.1389749325644534,-0.5244098458495401
Learned joint PS+GS,0,0.06516621137071377,135,8,7,0.1389670696305401,-0.20880603179688775
Learned joint PS+GS,0,0.06516621137071377,136,8,8,0.1389670696305401,0.10600264644184212
Learned joint PS+GS,0,0.06516621137071377,137,8,9,0.1389749325644534,0.42160646049449435
Learned joint PS+GS,0,0.06516621137071377,138,8,10,0.13897354894001743,0.7372980269430809
Learned joint PS+GS,0,0.06516621137071377,139,8,11,0.13897936626583302,1.0530882475184096
Learned joint PS+GS,0,0.06516621137071377,140,8,12,0.1389811079389668,1.3693559687720163
Learned joint PS+GS,0,0.06516621137071377,141,8,13,0.13897911620963177,1.6854581338303896
Learned joint PS+GS,0,0.06516621137071377,142,8,14,0.13897044054020882,2.000710175361594
Learned joint PS+GS,0,0.06516621137071377,143,8,15,0.13832482286098158,2.316419685865602
Learned joint PS+GS,0,0.06516621137071377,144,9,0,0.45351889507903287,-2.4186655107827235
Learned joint PS+GS,0,0.06516621137071377,145,9,1,0.4546218975108509,-2.103475337254818
Learned joint PS+GS,0,0.06516621137071377,146,9,2,0.4546383970436297,-1.788228613477928
Learned joint PS+GS,0,0.06516621137071377,147,9,3,0.454643273114287,-1.472141089566945
Learned joint PS+GS,0,0.06516621137071377,148,9,4,0.4546406441825411,-1.1563987458453127
Learned joint PS+GS,0,0.06516621137071377,149,9,5,0.45463494886546707,-0.8401722638813381
Learned joint PS+GS,0,0.06516621137071377,150,9,6,0.4546260188310114,-0.5243828484322907
Learned joint PS+GS,0,0.06516621137071377,151,9,7,0.45461056810569733,-0.20878975329693097
Learned joint PS+GS,0,0.06516621137071377,152,9,8,0.45461056810569733,0.10598636794188532
Learned joint PS+GS,0,0.06516621137071377,153,9,9,0.4546260188310114,0.421579463077245
Learned joint PS+GS,0,0.06516621137071377,154,9,10,0.45463494886546707,0.7373688785262924
Learned joint PS+GS,0,0.06516621137071377,155,9,11,0.4546406441825411,1.053595360490267
Learned joint PS+GS,0,0.06516621137071377,156,9,12,0.454643273114287,1.3693377042118995
Learned joint PS+GS,0,0.06516621137071377,157,9,13,0.4546383970436297,1.6854252281228825
Learned joint PS+GS,0,0.06516621137071377,158,9,14,0.4546218975108509,2.0006719518997724
Learned joint PS+GS,0,0.06516621137071377,159,9,15,0.45351889507903287,2.3158621254276777
Learned joint PS+GS,0,0.06516621137071377,160,10,0,0.7691784351655572,-2.4186193713201356
Learned joint PS+GS,0,0.06516621137071377,161,10,1,0.7698019183848898,-2.1033098268829993
Learned joint PS+GS,0,0.06516621137071377,162,10,2,0.7702864264943258,-1.7877856094047193
Learned joint PS+GS,0,0.06516621137071377,163,10,3,0.7702932156296306,-1.4721801032287856
Learned joint PS+GS,0,0.06516621137071377,164,10,4,0.7702969616596853,-1.156569269498043
Learned joint PS+GS,0,0.06516621137071377,165,10,5,0.7702795255521109,-0.8408019563013437
Learned joint PS+GS,0,0.06516621137071377,166,10,6,0.7688206891485081,-0.5246821525846928
Learned joint PS+GS,0,0.06516621137071377,167,10,7,0.768753103089573,-0.20863155809616327
Learned joint PS+GS,0,0.06516621137071377,168,10,8,0.768753103089573,0.10582817274111761
Learned joint PS+GS,0,0.06516621137071377,169,10,9,0.7688206891485081,0.421878767229647
Learned joint PS+GS,0,0.06516621137071377,170,10,10,0.7702795255521109,0.737998570946298
Learned joint PS+GS,0,0.06516621137071377,171,10,11,0.7702969616596853,1.0537658841429975
Learned joint PS+GS,0,0.06516621137071377,172,10,12,0.7702932156296306,1.36937671787374
Learned joint PS+GS,0,0.06516621137071377,173,10,13,0.7702864264943258,1.684982224049674
Learned joint PS+GS,0,0.06516621137071377,174,10,14,0.7698019183848898,2.000506441527954
Learned joint PS+GS,0,0.06516621137071377,175,10,15,0.7691784351655572,2.3158159859650898
Learned joint PS+GS,0,0.06516621137071377,176,11,0,1.0848306181639504,-2.418579464927678
Learned joint PS+GS,0,0.06516621137071377,177,11,1,1.0849035366837723,-2.102907016562549
Learned joint PS+GS,0,0.06516621137071377,178,11,2,1.0853494540925415,-1.787611124259415
Learned joint PS+GS,0,0.06516621137071377,179,11,3,1.0854933835089087,-1.4725929222495406
Learned joint PS+GS,0,0.06516621137071377,180,11,4,1.0853815187831324,-1.1569726678553347
Learned joint PS+GS,0,0.06516621137071377,181,11,5,1.0852802195177231,-0.8413446360499983
Learned joint PS+GS,0,0.06516621137071377,182,11,6,1.0844891364572535,-0.5256607743590351
Learned joint PS+GS,0,0.06516621137071377,183,11,7,1.0844143491774172,-0.20952546981565978
Learned joint PS+GS,0,0.06516621137071377,184,11,8,1.0844143491774172,0.10672208446061414
Learned joint PS+GS,0,0.06516621137071377,185,11,9,1.0844891364572535,0.42285738900398945
Learned joint PS+GS,0,0.06516621137071377,186,11,10,1.0852802195177231,0.7385412506949526
Learned joint PS+GS,0,0.06516621137071377,187,11,11,1.0853815187831324,1.0541692825002893
Learned joint PS+GS,0,0.06516621137071377,188,11,12,1.0854933835089087,1.3697895368944952
Learned joint PS+GS,0,0.06516621137071377,189,11,13,1.0853494540925415,1.6848077389043696
Learned joint PS+GS,0,0.06516621137071377,190,11,14,1.0849035366837723,2.0001036312075033
Learned joint PS+GS,0,0.06516621137071377,191,11,15,1.0848306181639504,2.3157760795726317
Learned joint PS+GS,0,0.06516621137071377,192,12,0,1.4000937643655245,-2.418570250577258
Learned joint PS+GS,0,0.06516621137071377,193,12,1,1.4004800065072012,-2.102899016197794
Learned joint PS+GS,0,0.06516621137071377,194,12,2,1.4005424248384344,-1.7873233231088625
Learned joint PS+GS,0,0.06516621137071377,195,12,3,1.4008050219332724,-1.472208617567655
Learned joint PS+GS,0,0.06516621137071377,196,12,4,1.4010012849961924,-1.1570060489462344
Learned joint PS+GS,0,0.06516621137071377,197,12,5,1.4009869578572096,-0.8413560847004938
Learned joint PS+GS,0,0.06516621137071377,198,12,6,1.4006594761388051,-0.5256741805720894
Learned joint PS+GS,0,0.06516621137071377,199,12,7,1.4008172067397922,-0.20929366231465285
Learned joint PS+GS,0,0.06516621137071377,200,12,8,1.4008172067397922,0.10649027695960721
Learned joint PS+GS,0,0.06516621137071377,201,12,9,1.4006594761388051,0.42287079521704374
Learned joint PS+GS,0,0.06516621137071377,202,12,10,1.4009869578572096,0.7385526993454481
Learned joint PS+GS,0,0.06516621137071377,203,12,11,1.4010012849961924,1.054202663591189
Learned joint PS+GS,0,0.06516621137071377,204,12,12,1.4008050219332724,1.3694052322126096
Learned joint PS+GS,0,0.06516621137071377,205,12,13,1.4005424248384344,1.6845199377538171
Learned joint PS+GS,0,0.06516621137071377,206,12,14,1.4004800065072012,2.0000956308427487
Learned joint PS+GS,0,0.06516621137071377,207,12,15,1.4000937643655245,2.315766865222212
Learned joint PS+GS,0,0.06516621137071377,208,13,0,1.7157505221663316,-2.418153857880849
Learned joint PS+GS,0,0.06516621137071377,209,13,1,1.715749444987981,-2.1029013917620842
Learned joint PS+GS,0,0.06516621137071377,210,13,2,1.7157209066210377,-1.7868178125434673
Learned joint PS+GS,0,0.06516621137071377,211,13,3,1.7156973521578818,-1.471635654324901
Learned joint PS+GS,0,0.06516621137071377,212,13,4,1.716244567617718,-1.1570070366702097
Learned joint PS+GS,0,0.06516621137071377,213,13,5,1.7164440223107251,-0.8413477267544758
Learned joint PS+GS,0,0.06516621137071377,214,13,6,1.7165317783596123,-0.5256810806241421
Learned joint PS+GS,0,0.06516621137071377,215,13,7,1.7165351271020652,-0.2086131340687134
Learned joint PS+GS,0,0.06516621137071377,216,13,8,1.7165351271020652,0.10580974871366775
Learned joint PS+GS,0,0.06516621137071377,217,13,9,1.7165317783596123,0.4228776952690965
Learned joint PS+GS,0,0.06516621137071377,218,13,10,1.7164440223107251,0.73854434139943
Learned joint PS+GS,0,0.06516621137071377,219,13,11,1.716244567617718,1.0542036513151642
Learned joint PS+GS,0,0.06516621137071377,220,13,12,1.7156973521578818,1.3688322689698553
Learned joint PS+GS,0,0.06516621137071377,221,13,13,1.7157209066210377,1.6840144271884219
Learned joint PS+GS,0,0.06516621137071377,222,13,14,1.715749444987981,2.0000980064070384
Learned joint PS+GS,0,0.06516621137071377,223,13,15,1.7157505221663316,2.315350472525803
Learned joint PS+GS,0,0.06516621137071377,224,14,0,2.0314163823862117,-2.418154037025371
Learned joint PS+GS,0,0.06516621137071377,225,14,1,2.03141414616038,-2.1024894326530825
Learned joint PS+GS,0,0.06516621137071377,226,14,2,2.031414813999423,-1.7868269768612226
Learned joint PS+GS,0,0.06516621137071377,227,14,3,2.0314037568175434,-1.4715798404458922
Learned joint PS+GS,0,0.06516621137071377,228,14,4,2.0313667923914425,-1.156616403054527
Learned joint PS+GS,0,0.06516621137071377,229,14,5,2.0318167213101184,-0.8412810019040541
Learned joint PS+GS,0,0.06516621137071377,230,14,6,2.032006383256297,-0.5256348913502706
Learned joint PS+GS,0,0.06516621137071377,231,14,7,2.031563511731236,-0.20865286484301757
Learned joint PS+GS,0,0.06516621137071377,232,14,8,2.031563511731236,0.10584947948797192
Learned joint PS+GS,0,0.06516621137071377,233,14,9,2.032006383256297,0.4228315059952249
Learned joint PS+GS,0,0.06516621137071377,234,14,10,2.0318167213101184,0.7384776165490085
Learned joint PS+GS,0,0.06516621137071377,235,14,11,2.0313667923914425,1.0538130176994813
Learned joint PS+GS,0,0.06516621137071377,236,14,12,2.0314037568175434,1.3687764550908466
Learned joint PS+GS,0,0.06516621137071377,237,14,13,2.031414813999423,1.684023591506177
Learned joint PS+GS,0,0.06516621137071377,238,14,14,2.03141414616038,1.9996860472980371
Learned joint PS+GS,0,0.06516621137071377,239,14,15,2.0314163823862117,2.3153506516703253
Learned joint PS+GS,0,0.06516621137071377,240,15,0,2.3470797557666416,-2.418154792519108
Learned joint PS+GS,0,0.06516621137071377,241,15,1,2.347079044698146,-2.1024913704616837
Learned joint PS+GS,0,0.06516621137071377,242,15,2,2.3470783738970806,-1.7868260746427533
Learned joint PS+GS,0,0.06516621137071377,243,15,3,2.3479033717132904,-1.4711652798650359
Learned joint PS+GS,0,0.06516621137071377,244,15,4,2.3479159033440404,-1.1563294086122142
Learned joint PS+GS,0,0.06516621137071377,245,15,5,2.3479397085053186,-0.8406828281956084
Learned joint PS+GS,0,0.06516621137071377,246,15,6,2.347980724704023,-0.52513496626355
Learned joint PS+GS,0,0.06516621137071377,247,15,7,2.348018865555372,-0.21004845317548934
Learned joint PS+GS,0,0.06516621137071377,248,15,8,2.348018865555372,0.10724506782044371
Learned joint PS+GS,0,0.06516621137071377,249,15,9,2.347980724704023,0.42233158090850437
Learned joint PS+GS,0,0.06516621137071377,250,15,10,2.3479397085053186,0.7378794428405626
Learned joint PS+GS,0,0.06516621137071377,251,15,11,2.3479159033440404,1.0535260232571688
Learned joint PS+GS,0,0.06516621137071377,252,15,12,2.3479033717132904,1.3683618945099905
Learned joint PS+GS,0,0.06516621137071377,253,15,13,2.3470783738970806,1.684022689287708
Learned joint PS+GS,0,0.06516621137071377,254,15,14,2.347079044698146,1.9996879851066378
Learned joint PS+GS,0,0.06516621137071377,255,15,15,2.3470797557666416,2.3153514071640617
Learned joint PS+GS,1,0.05555238316866061,0,0,0,-2.3876075909463035,-2.421945197357073
Learned joint PS+GS,1,0.05555238316866061,1,0,1,-2.3876068799226147,-2.1063016663337466
Learned joint PS+GS,1,0.05555238316866061,2,0,2,-2.3876062091638186,-1.7906562616669872
Learned joint PS+GS,1,0.05555238316866061,3,0,3,-2.3884311549940884,-1.4750153577578142
Learned joint PS+GS,1,0.05555238316866061,4,0,4,-2.3884436858351776,-1.1601993253922782
Learned joint PS+GS,1,0.05555238316866061,5,0,5,-2.3884674894964113,-0.8445726349485209
Learned joint PS+GS,1,0.05555238316866061,6,0,6,-2.388508503110544,-0.5290446567687213
Learned joint PS+GS,1,0.05555238316866061,7,0,7,-2.3885466415585075,-0.21397799836174733
Learned joint PS+GS,1,0.05555238316866061,8,0,8,-2.3885466415585075,0.10329552888196658
Learned joint PS+GS,1,0.05555238316866061,9,0,9,-2.388508503110544,0.4183621872889405
Learned joint PS+GS,1,0.05555238316866061,10,0,10,-2.3884674894964113,0.7338901654687401
Learned joint PS+GS,1,0.05555238316866061,11,0,11,-2.3884436858351776,1.0495168559124974
Learned joint PS+GS,1,0.05555238316866061,12,0,12,-2.3884311549940884,1.3643328882780335
Learned joint PS+GS,1,0.05555238316866061,13,0,13,-2.3876062091638186,1.6799737921872064
Learned joint PS+GS,1,0.05555238316866061,14,0,14,-2.3876068799226147,1.9956191968539663
Learned joint PS+GS,1,0.05555238316866061,15,0,15,-2.3876075909463035,2.3112627278772924
Learned joint PS+GS,1,0.05555238316866061,16,1,0,-2.071964108596904,-2.4219444419109424
Learned joint PS+GS,1,0.05555238316866061,17,1,1,-2.071961872511985,-2.106299728647254
Learned joint PS+GS,1,0.05555238316866061,18,1,2,-2.0719625403089448,-1.7906571638286046
Learned joint PS+GS,1,0.05555238316866061,19,1,3,-2.071951483823816,-1.4754298922157874
Learned joint PS+GS,1,0.05555238316866061,20,1,4,-2.0719145217269705,-1.1604863017500875
Learned joint PS+GS,1,0.05555238316866061,21,1,5,-2.0723644222940827,-0.8451707709639912
Learned joint PS+GS,1,0.05555238316866061,22,1,6,-2.072554072289012,-0.5295445503534487
Learned joint PS+GS,1,0.05555238316866061,23,1,7,-2.072111228670804,-0.21258249797007947
Learned joint PS+GS,1,0.05555238316866061,24,1,8,-2.072111228670804,0.10190002849029874
Learned joint PS+GS,1,0.05555238316866061,25,1,9,-2.072554072289012,0.41886208087366794
Learned joint PS+GS,1,0.05555238316866061,26,1,10,-2.0723644222940827,0.7344883014842104
Learned joint PS+GS,1,0.05555238316866061,27,1,11,-2.0719145217269705,1.0498038322703067
Learned joint PS+GS,1,0.05555238316866061,28,1,12,-2.071951483823816,1.3647474227360066
Learned joint PS+GS,1,0.05555238316866061,29,1,13,-2.0719625403089448,1.6799746943488238
Learned joint PS+GS,1,0.05555238316866061,30,1,14,-2.071961872511985,1.9956172591674735
Learned joint PS+GS,1,0.05555238316866061,31,1,15,-2.071964108596904,2.3112619724311623
Learned joint PS+GS,1,0.05555238316866061,32,2,0,-1.7563181395647591,-2.421944262777709
Learned joint PS+GS,1,0.05555238316866061,33,2,1,-1.7563170624542852,-2.1067116617973
Learned joint PS+GS,1,0.05555238316866061,34,2,2,-1.7562885258856422,-1.7906480000883245
Learned joint PS+GS,1,0.05555238316866061,35,2,3,-1.7562649729067337,-1.4754857025777723
Learned joint PS+GS,1,0.05555238316866061,36,2,4,-1.7568121538846484,-1.1608769107506074
Learned joint PS+GS,1,0.05555238316866061,37,2,5,-1.7570115960093318,-0.8452374916098513
Learned joint PS+GS,1,0.05555238316866061,38,2,6,-1.7570993465284095,-0.5295907367167757
Learned joint PS+GS,1,0.05555238316866061,39,2,7,-1.7571026950598467,-0.21254276969934757
Learned joint PS+GS,1,0.05555238316866061,40,2,8,-1.7571026950598467,0.10186030021956682
Learned joint PS+GS,1,0.05555238316866061,41,2,9,-1.7570993465284095,0.418908267236995
Learned joint PS+GS,1,0.05555238316866061,42,2,10,-1.7570115960093318,0.7345550221300705
Learned joint PS+GS,1,0.05555238316866061,43,2,11,-1.7568121538846484,1.0501944412708266
Learned joint PS+GS,1,0.05555238316866061,44,2,12,-1.7562649729067337,1.3648032330979916
Learned joint PS+GS,1,0.05555238316866061,45,2,13,-1.7562885258856422,1.6799655306085437
Learned joint PS+GS,1,0.05555238316866061,46,2,14,-1.7563170624542852,1.9960291923175195
Learned joint PS+GS,1,0.05555238316866061,47,2,15,-1.7563181395647591,2.3112617932979282
Learned joint PS+GS,1,0.05555238316866061,48,3,0,-1.4406812723781126,-2.4223606292357864
Learned joint PS+GS,1,0.05555238316866061,49,3,1,-1.441067490181348,-2.106709286382703
Learned joint PS+GS,1,0.05555238316866061,50,3,2,-1.4411299045793884,-1.7911534787997665
Learned joint PS+GS,1,0.05555238316866061,51,3,3,-1.4413924851270834,-1.4760586297161487
Learned joint PS+GS,1,0.05555238316866061,52,3,4,-1.4415887358227952,-1.1608759230888719
Learned joint PS+GS,1,0.05555238316866061,53,3,5,-1.4415744095866145,-0.8452458490292065
Learned joint PS+GS,1,0.05555238316866061,54,3,6,-1.4412469485039556,-0.529583837099519
Learned joint PS+GS,1,0.05555238316866061,55,3,7,-1.441404669165797,-0.21322325506286988
Learned joint PS+GS,1,0.05555238316866061,56,3,8,-1.441404669165797,0.10254078558308913
Learned joint PS+GS,1,0.05555238316866061,57,3,9,-1.4412469485039556,0.4189013676197382
Learned joint PS+GS,1,0.05555238316866061,58,3,10,-1.4415744095866145,0.7345633795494257
Learned joint PS+GS,1,0.05555238316866061,59,3,11,-1.4415887358227952,1.050193453609091
Learned joint PS+GS,1,0.05555238316866061,60,3,12,-1.4413924851270834,1.3653761602363679
Learned joint PS+GS,1,0.05555238316866061,61,3,13,-1.4411299045793884,1.6804710093199857
Learned joint PS+GS,1,0.05555238316866061,62,3,14,-1.441067490181348,1.996026816902922
Learned joint PS+GS,1,0.05555238316866061,63,3,15,-1.4406812723781126,2.3116781597560063
Learned joint PS+GS,1,0.05555238316866061,64,4,0,-1.1254379919878832,-2.422369843005579
Learned joint PS+GS,1,0.05555238316866061,65,4,1,-1.1255109059128592,-2.106717286243327
Learned joint PS+GS,1,0.05555238316866061,66,4,2,-1.1259567952228442,-1.7914412618149822
Learned joint PS+GS,1,0.05555238316866061,67,4,3,-1.1261007155697256,-1.4764429101816794
Learned joint PS+GS,1,0.05555238316866061,68,4,4,-1.125988857892929,-1.1608425441014292
Learned joint PS+GS,1,0.05555238316866061,69,4,5,-1.1258875650107336,-0.8452344011001297
Learned joint PS+GS,1,0.05555238316866061,70,4,6,-1.125096531799119,-0.5295704317312361
Learned joint PS+GS,1,0.05555238316866061,71,4,7,-1.1250217492318855,-0.2134550479568917
Learned joint PS+GS,1,0.05555238316866061,72,4,8,-1.1250217492318855,0.10277257847711095
Learned joint PS+GS,1,0.05555238316866061,73,4,9,-1.125096531799119,0.41888796225145536
Learned joint PS+GS,1,0.05555238316866061,74,4,10,-1.1258875650107336,0.7345519316203489
Learned joint PS+GS,1,0.05555238316866061,75,4,11,-1.125988857892929,1.0501600746216484
Learned joint PS+GS,1,0.05555238316866061,76,4,12,-1.1261007155697256,1.3657604407018986
Learned joint PS+GS,1,0.05555238316866061,77,4,13,-1.1259567952228442,1.6807587923352014
Learned joint PS+GS,1,0.05555238316866061,78,4,14,-1.1255109059128592,1.9960348167635462
Learned joint PS+GS,1,0.05555238316866061,79,4,15,-1.1254379919878832,2.3116873735257983
Learned joint PS+GS,1,0.05555238316866061,80,5,0,-0.8098056993153765,-2.4224097468833983
Learned joint PS+GS,1,0.05555238316866061,81,5,1,-0.8104291432468945,-2.1071200711813187
Learned joint PS+GS,1,0.05555238316866061,82,5,2,-0.8109136208258141,-1.7916157359653793
Learned joint PS+GS,1,0.05555238316866061,83,5,3,-0.8109204095333121,-1.4760301171740655
Learned joint PS+GS,1,0.05555238316866061,84,5,4,-0.8109241553273167,-1.1604391711636504
Learned joint PS+GS,1,0.05555238316866061,85,5,5,-0.8109067203184512,-0.8446917555475859
Learned joint PS+GS,1,0.05555238316866061,86,5,6,-0.80944797584113,-0.5285918716232058
Learned joint PS+GS,1,0.05555238316866061,87,5,7,-0.8093803940410241,-0.21256119256583633
Learned joint PS+GS,1,0.05555238316866061,88,5,8,-0.8093803940410241,0.10187872308605557
Learned joint PS+GS,1,0.05555238316866061,89,5,9,-0.80944797584113,0.417909402143425
Learned joint PS+GS,1,0.05555238316866061,90,5,10,-0.8109067203184512,0.7340092860678051
Learned joint PS+GS,1,0.05555238316866061,91,5,11,-0.8109241553273167,1.0497567016838696
Learned joint PS+GS,1,0.05555238316866061,92,5,12,-0.8109204095333121,1.3653476476942847
Learned joint PS+GS,1,0.05555238316866061,93,5,13,-0.8109136208258141,1.6809332664855985
Learned joint PS+GS,1,0.05555238316866061,94,5,14,-0.8104291432468945,1.996437601701538
Learned joint PS+GS,1,0.05555238316866061,95,5,15,-0.8098056993153765,2.3117272774036177
Learned joint PS+GS,1,0.05555238316866061,96,6,0,-0.494166050018334,-2.4224558834385803
Learned joint PS+GS,1,0.05555238316866061,97,6,1,-0.49526898294618854,-2.1072855711237612
Learned joint PS+GS,1,0.05555238316866061,98,6,2,-0.49528548143927514,-1.792058712123383
Learned joint PS+GS,1,0.05555238316866061,99,6,3,-0.49529035720267456,-1.4759911059706095
Learned joint PS+GS,1,0.05555238316866061,100,6,4,-0.49528772843658664,-1.1602686582561998
Learned joint PS+GS,1,0.05555238316866061,101,6,5,-0.49528203347839406,-0.8440621028066579
Learned joint PS+GS,1,0.05555238316866061,102,6,6,-0.4952731040066505,-0.5282925863309842
Learned joint PS+GS,1,0.05555238316866061,103,6,7,-0.49525765425493956,-0.21271937779818226
Learned joint PS+GS,1,0.05555238316866061,104,6,8,-0.49525765425493956,0.1020369083184015
Learned joint PS+GS,1,0.05555238316866061,105,6,9,-0.4952731040066505,0.41761011685120336
Learned joint PS+GS,1,0.05555238316866061,106,6,10,-0.49528203347839406,0.7333796333268772
Learned joint PS+GS,1,0.05555238316866061,107,6,11,-0.49528772843658664,1.049586188776419
Learned joint PS+GS,1,0.05555238316866061,108,6,12,-0.49529035720267456,1.3653086364908287
Learned joint PS+GS,1,0.05555238316866061,109,6,13,-0.49528548143927514,1.6813762426436023
Learned joint PS+GS,1,0.05555238316866061,110,6,14,-0.49526898294618854,1.9966031016439807
Learned joint PS+GS,1,0.05555238316866061,111,6,15,-0.494166050018334,2.3117734139588
Learned joint PS+GS,1,0.05555238316866061,112,7,0,-0.17899183925903897,-2.4230134087427104
Learned joint PS+GS,1,0.05555238316866061,113,7,1,-0.17963741625568352,-2.1073237921769916
Learned joint PS+GS,1,0.05555238316866061,114,7,2,-0.1796460913784228,-1.7920916157573885
Learned joint PS+GS,1,0.05555238316866061,115,7,3,-0.17964808298225213,-1.4760093693798138
Learned joint PS+GS,1,0.05555238316866061,116,7,4,-0.17964634141886715,-1.1597615772392689
Learned joint PS+GS,1,0.05555238316866061,117,7,5,-0.1796405244596212,-0.8439912556880476
Learned joint PS+GS,1,0.05555238316866061,118,7,6,-0.17964190799687024,-0.5283195820470338
Learned joint PS+GS,1,0.05555238316866061,119,7,7,-0.17963404555842735,-0.21273565527237498
Learned joint PS+GS,1,0.05555238316866061,120,7,8,-0.17963404555842735,0.10205318579259422
Learned joint PS+GS,1,0.05555238316866061,121,7,9,-0.17964190799687024,0.41763711256725294
Learned joint PS+GS,1,0.05555238316866061,122,7,10,-0.1796405244596212,0.7333087862082668
Learned joint PS+GS,1,0.05555238316866061,123,7,11,-0.17964634141886715,1.049079107759488
Learned joint PS+GS,1,0.05555238316866061,124,7,12,-0.17964808298225213,1.365326899900033
Learned joint PS+GS,1,0.05555238316866061,125,7,13,-0.1796460913784228,1.6814091462776077
Learned joint PS+GS,1,0.05555238316866061,126,7,14,-0.17963741625568352,1.996641322697211
Learned joint PS+GS,1,0.05555238316866061,127,7,15,-0.17899183925903897,2.31233093926293
Learned joint PS+GS,1,0.05555238316866061,128,8,0,0.13698465655977643,-2.4230134087427104
Learned joint PS+GS,1,0.05555238316866061,129,8,1,0.137630233556421,-2.1073237921769916
Learned joint PS+GS,1,0.05555238316866061,130,8,2,0.1376389086791603,-1.7920916157573885
Learned joint PS+GS,1,0.05555238316866061,131,8,3,0.13764090028298961,-1.4760093693798138
Learned joint PS+GS,1,0.05555238316866061,132,8,4,0.13763915871960464,-1.1597615772392689
Learned joint PS+GS,1,0.05555238316866061,133,8,5,0.13763334176035869,-0.8439912556880476
Learned joint PS+GS,1,0.05555238316866061,134,8,6,0.13763472529760773,-0.5283195820470338
Learned joint PS+GS,1,0.05555238316866061,135,8,7,0.1376268628591648,-0.21273565527237498
Learned joint PS+GS,1,0.05555238316866061,136,8,8,0.1376268628591648,0.10205318579259422
Learned joint PS+GS,1,0.05555238316866061,137,8,9,0.13763472529760773,0.41763711256725294
Learned joint PS+GS,1,0.05555238316866061,138,8,10,0.13763334176035869,0.7333087862082668
Learned joint PS+GS,1,0.05555238316866061,139,8,11,0.13763915871960464,1.049079107759488
Learned joint PS+GS,1,0.05555238316866061,140,8,12,0.13764090028298961,1.365326899900033
Learned joint PS+GS,1,0.05555238316866061,141,8,13,0.1376389086791603,1.6814091462776077
Learned joint PS+GS,1,0.05555238316866061,142,8,14,0.137630233556421,1.996641322697211
Learned joint PS+GS,1,0.05555238316866061,143,8,15,0.13698465655977643,2.31233093926293
Learned joint PS+GS,1,0.05555238316866061,144,9,0,0.45215886731907146,-2.4224558834385803
Learned joint PS+GS,1,0.05555238316866061,145,9,1,0.453261800246926,-2.1072855711237612
Learned joint PS+GS,1,0.05555238316866061,146,9,2,0.45327829874001263,-1.792058712123383
Learned joint PS+GS,1,0.05555238316866061,147,9,3,0.453283174503412,-1.4759911059706095
Learned joint PS+GS,1,0.05555238316866061,148,9,4,0.4532805457373241,-1.1602686582561998
Learned joint PS+GS,1,0.05555238316866061,149,9,5,0.45327485077913154,-0.8440621028066579
Learned joint PS+GS,1,0.05555238316866061,150,9,6,0.45326592130738796,-0.5282925863309842
Learned joint PS+GS,1,0.05555238316866061,151,9,7,0.45325047155567705,-0.21271937779818226
Learned joint PS+GS,1,0.05555238316866061,152,9,8,0.45325047155567705,0.1020369083184015
Learned joint PS+GS,1,0.05555238316866061,153,9,9,0.45326592130738796,0.41761011685120336
Learned joint PS+GS,1,0.05555238316866061,154,9,10,0.45327485077913154,0.7333796333268772
Learned joint PS+GS,1,0.05555238316866061,155,9,11,0.4532805457373241,1.049586188776419
Learned joint PS+GS,1,0.05555238316866061,156,9,12,0.453283174503412,1.3653086364908287
Learned joint PS+GS,1,0.05555238316866061,157,9,13,0.45327829874001263,1.6813762426436023
Learned joint PS+GS,1,0.05555238316866061,158,9,14,0.453261800246926,1.9966031016439807
Learned joint PS+GS,1,0.05555238316866061,159,9,15,0.45215886731907146,2.3117734139588
Learned joint PS+GS,1,0.05555238316866061,160,10,0,0.767798516616114,-2.4224097468833983
Learned joint PS+GS,1,0.05555238316866061,161,10,1,0.768421960547632,-2.1071200711813187
Learned joint PS+GS,1,0.05555238316866061,162,10,2,0.7689064381265515,-1.7916157359653793
Learned joint PS+GS,1,0.05555238316866061,163,10,3,0.7689132268340496,-1.4760301171740655
Learned joint PS+GS,1,0.05555238316866061,164,10,4,0.7689169726280541,-1.1604391711636504
Learned joint PS+GS,1,0.05555238316866061,165,10,5,0.7688995376191886,-0.8446917555475859
Learned joint PS+GS,1,0.05555238316866061,166,10,6,0.7674407931418675,-0.5285918716232058
Learned joint PS+GS,1,0.05555238316866061,167,10,7,0.7673732113417616,-0.21256119256583633
Learned joint PS+GS,1,0.05555238316866061,168,10,8,0.7673732113417616,0.10187872308605557
Learned joint PS+GS,1,0.05555238316866061,169,10,9,0.7674407931418675,0.417909402143425
Learned joint PS+GS,1,0.05555238316866061,170,10,10,0.7688995376191886,0.7340092860678051
Learned joint PS+GS,1,0.05555238316866061,171,10,11,0.7689169726280541,1.0497567016838696
Learned joint PS+GS,1,0.05555238316866061,172,10,12,0.7689132268340496,1.3653476476942847
Learned joint PS+GS,1,0.05555238316866061,173,10,13,0.7689064381265515,1.6809332664855985
Learned joint PS+GS,1,0.05555238316866061,174,10,14,0.768421960547632,1.996437601701538
Learned joint PS+GS,1,0.05555238316866061,175,10,15,0.767798516616114,2.3117272774036177
Learned joint PS+GS,1,0.05555238316866061,176,11,0,1.0834308092886205,-2.422369843005579
Learned joint PS+GS,1,0.05555238316866061,177,11,1,1.0835037232135964,-2.106717286243327
Learned joint PS+GS,1,0.05555238316866061,178,11,2,1.0839496125235815,-1.7914412618149822
Learned joint PS+GS,1,0.05555238316866061,179,11,3,1.0840935328704626,-1.4764429101816794
Learned joint PS+GS,1,0.05555238316866061,180,11,4,1.0839816751936662,-1.1608425441014292
Learned joint PS+GS,1,0.05555238316866061,181,11,5,1.0838803823114709,-0.8452344011001297
Learned joint PS+GS,1,0.05555238316866061,182,11,6,1.083089349099856,-0.5295704317312361
Learned joint PS+GS,1,0.05555238316866061,183,11,7,1.0830145665326227,-0.2134550479568917
Learned joint PS+GS,1,0.05555238316866061,184,11,8,1.0830145665326227,0.10277257847711095
Learned joint PS+GS,1,0.05555238316866061,185,11,9,1.083089349099856,0.41888796225145536
Learned joint PS+GS,1,0.05555238316866061,186,11,10,1.0838803823114709,0.7345519316203489
Learned joint PS+GS,1,0.05555238316866061,187,11,11,1.0839816751936662,1.0501600746216484
Learned joint PS+GS,1,0.05555238316866061,188,11,12,1.0840935328704626,1.3657604407018986
Learned joint PS+GS,1,0.05555238316866061,189,11,13,1.0839496125235815,1.6807587923352014
Learned joint PS+GS,1,0.05555238316866061,190,11,14,1.0835037232135964,1.9960348167635462
Learned joint PS+GS,1,0.05555238316866061,191,11,15,1.0834308092886205,2.3116873735257983
Learned joint PS+GS,1,0.05555238316866061,192,12,0,1.3986740896788499,-2.4223606292357864
Learned joint PS+GS,1,0.05555238316866061,193,12,1,1.3990603074820853,-2.106709286382703
Learned joint PS+GS,1,0.05555238316866061,194,12,2,1.3991227218801257,-1.7911534787997665
Learned joint PS+GS,1,0.05555238316866061,195,12,3,1.3993853024278207,-1.4760586297161487
Learned joint PS+GS,1,0.05555238316866061,196,12,4,1.3995815531235325,-1.1608759230888719
Learned joint PS+GS,1,0.05555238316866061,197,12,5,1.3995672268873518,-0.8452458490292065
Learned joint PS+GS,1,0.05555238316866061,198,12,6,1.399239765804693,-0.529583837099519
Learned joint PS+GS,1,0.05555238316866061,199,12,7,1.3993974864665342,-0.21322325506286988
Learned joint PS+GS,1,0.05555238316866061,200,12,8,1.3993974864665342,0.10254078558308913
Learned joint PS+GS,1,0.05555238316866061,201,12,9,1.399239765804693,0.4189013676197382
Learned joint PS+GS,1,0.05555238316866061,202,12,10,1.3995672268873518,0.7345633795494257
Learned joint PS+GS,1,0.05555238316866061,203,12,11,1.3995815531235325,1.050193453609091
Learned joint PS+GS,1,0.05555238316866061,204,12,12,1.3993853024278207,1.3653761602363679
Learned joint PS+GS,1,0.05555238316866061,205,12,13,1.3991227218801257,1.6804710093199857
Learned joint PS+GS,1,0.05555238316866061,206,12,14,1.3990603074820853,1.996026816902922
Learned joint PS+GS,1,0.05555238316866061,207,12,15,1.3986740896788499,2.3116781597560063
Learned joint PS+GS,1,0.05555238316866061,208,13,0,1.7143109568654964,-2.421944262777709
Learned joint PS+GS,1,0.05555238316866061,209,13,1,1.7143098797550225,-2.1067116617973
Learned joint PS+GS,1,0.05555238316866061,210,13,2,1.7142813431863795,-1.7906480000883245
Learned joint PS+GS,1,0.05555238316866061,211,13,3,1.714257790207471,-1.4754857025777723
Learned joint PS+GS,1,0.05555238316866061,212,13,4,1.7148049711853857,-1.1608769107506074
Learned joint PS+GS,1,0.05555238316866061,213,13,5,1.715004413310069,-0.8452374916098513
Learned joint PS+GS,1,0.05555238316866061,214,13,6,1.7150921638291468,-0.5295907367167757
Learned joint PS+GS,1,0.05555238316866061,215,13,7,1.715095512360584,-0.21254276969934757
Learned joint PS+GS,1,0.05555238316866061,216,13,8,1.715095512360584,0.10186030021956682
Learned joint PS+GS,1,0.05555238316866061,217,13,9,1.7150921638291468,0.418908267236995
Learned joint PS+GS,1,0.05555238316866061,218,13,10,1.715004413310069,0.7345550221300705
Learned joint PS+GS,1,0.05555238316866061,219,13,11,1.7148049711853857,1.0501944412708266
Learned joint PS+GS,1,0.05555238316866061,220,13,12,1.714257790207471,1.3648032330979916
Learned joint PS+GS,1,0.05555238316866061,221,13,13,1.7142813431863795,1.6799655306085437
Learned joint PS+GS,1,0.05555238316866061,222,13,14,1.7143098797550225,1.9960291923175195
Learned joint PS+GS,1,0.05555238316866061,223,13,15,1.7143109568654964,2.3112617932979282
Learned joint PS+GS,1,0.05555238316866061,224,14,0,2.029956925897641,-2.4219444419109424
Learned joint PS+GS,1,0.05555238316866061,225,14,1,2.029954689812722,-2.106299728647254
Learned joint PS+GS,1,0.05555238316866061,226,14,2,2.029955357609682,-1.7906571638286046
Learned joint PS+GS,1,0.05555238316866061,227,14,3,2.0299443011245537,-1.4754298922157874
Learned joint PS+GS,1,0.05555238316866061,228,14,4,2.029907339027708,-1.1604863017500875
Learned joint PS+GS,1,0.05555238316866061,229,14,5,2.0303572395948204,-0.8451707709639912
Learned joint PS+GS,1,0.05555238316866061,230,14,6,2.0305468895897496,-0.5295445503534487
Learned joint PS+GS,1,0.05555238316866061,231,14,7,2.0301040459715414,-0.21258249797007947
Learned joint PS+GS,1,0.05555238316866061,232,14,8,2.0301040459715414,0.10190002849029874
Learned joint PS+GS,1,0.05555238316866061,233,14,9,2.0305468895897496,0.41886208087366794
Learned joint PS+GS,1,0.05555238316866061,234,14,10,2.0303572395948204,0.7344883014842104
Learned joint PS+GS,1,0.05555238316866061,235,14,11,2.029907339027708,1.0498038322703067
Learned joint PS+GS,1,0.05555238316866061,236,14,12,2.0299443011245537,1.3647474227360066
Learned joint PS+GS,1,0.05555238316866061,237,14,13,2.029955357609682,1.6799746943488238
Learned joint PS+GS,1,0.05555238316866061,238,14,14,2.029954689812722,1.9956172591674735
Learned joint PS+GS,1,0.05555238316866061,239,14,15,2.029956925897641,2.3112619724311623
Learned joint PS+GS,1,0.05555238316866061,240,15,0,2.3456004082470407,-2.421945197357073
Learned joint PS+GS,1,0.05555238316866061,241,15,1,2.345599697223352,-2.1063016663337466
Learned joint PS+GS,1,0.05555238316866061,242,15,2,2.345599026464556,-1.7906562616669872
Learned joint PS+GS,1,0.05555238316866061,243,15,3,2.3464239722948257,-1.4750153577578142
Learned joint PS+GS,1,0.05555238316866061,244,15,4,2.346436503135915,-1.1601993253922782
Learned joint PS+GS,1,0.05555238316866061,245,15,5,2.3464603067971486,-0.8445726349485209
Learned joint PS+GS,1,0.05555238316866061,246,15,6,2.3465013204112815,-0.5290446567687213
Learned joint PS+GS,1,0.05555238316866061,247,15,7,2.3465394588592448,-0.21397799836174733
Learned joint PS+GS,1,0.05555238316866061,248,15,8,2.3465394588592448,0.10329552888196658
Learned joint PS+GS,1,0.05555238316866061,249,15,9,2.3465013204112815,0.4183621872889405
Learned joint PS+GS,1,0.05555238316866061,250,15,10,2.3464603067971486,0.7338901654687401
Learned joint PS+GS,1,0.05555238316866061,251,15,11,2.346436503135915,1.0495168559124974
Learned joint PS+GS,1,0.05555238316866061,252,15,12,2.3464239722948257,1.3643328882780335
Learned joint PS+GS,1,0.05555238316866061,253,15,13,2.345599026464556,1.6799737921872064
Learned joint PS+GS,1,0.05555238316866061,254,15,14,2.345599697223352,1.9956191968539663
Learned joint PS+GS,1,0.05555238316866061,255,15,15,2.3456004082470407,2.3112627278772924
Learned joint PS+GS,2,0.029194067104380914,0,0,0,-2.3924480168352265,-2.4375705205688987
Learned joint PS+GS,2,0.029194067104380914,1,0,1,-2.392447305819373,-2.121930467982403
Learned joint PS+GS,2,0.029194067104380914,2,0,2,-2.392446635067969,-1.8062885417731214
Learned joint PS+GS,2,0.029194067104380914,3,0,3,-2.393271571807218,-1.4906511162718272
Learned joint PS+GS,2,0.029194067104380914,4,0,4,-2.3932841025102154,-1.175838553223968
Learned joint PS+GS,2,0.029194067104380914,5,0,5,-2.393307905909129,-0.8602153410314552
Learned joint PS+GS,2,0.029194067104380914,6,0,6,-2.393348919071286,-0.5446908400150768
Learned joint PS+GS,2,0.029194067104380914,7,0,7,-2.393387057098958,-0.22962765368771448
Learned joint PS+GS,2,0.029194067104380914,8,0,8,-2.393387057098958,0.08764237715637793
Learned joint PS+GS,2,0.029194067104380914,9,0,9,-2.393348919071286,0.4027055634837403
Learned joint PS+GS,2,0.029194067104380914,10,0,10,-2.393307905909129,0.7182300645001186
Learned joint PS+GS,2,0.029194067104380914,11,0,11,-2.3932841025102154,1.0338532766926314
Learned joint PS+GS,2,0.029194067104380914,12,0,12,-2.393271571807218,1.3486658397404907
Learned joint PS+GS,2,0.029194067104380914,13,0,13,-2.392446635067969,1.6643032652417848
Learned joint PS+GS,2,0.029194067104380914,14,0,14,-2.392447305819373,1.9799451914510666
Learned joint PS+GS,2,0.029194067104380914,15,0,15,-2.3924480168352265,2.2955852440375626
Learned joint PS+GS,2,0.029194067104380914,16,1,0,-2.076808012922121,-2.4375697651310935
Learned joint PS+GS,2,0.029194067104380914,17,1,1,-2.0768057768618435,-2.121928530317264
Learned joint PS+GS,2,0.029194067104380914,18,1,2,-2.076806444651444,-1.8062894439247967
Learned joint PS+GS,2,0.029194067104380914,19,1,3,-2.07679538828816,-1.4910656461615714
Learned joint PS+GS,2,0.029194067104380914,20,1,4,-2.0767584265986416,-1.1761255264192567
Learned joint PS+GS,2,0.029194067104380914,21,1,5,-2.077208322207786,-0.8608134704553811
Learned joint PS+GS,2,0.029194067104380914,22,1,6,-2.0773979701127447,-0.5451907280909056
Learned joint PS+GS,2,0.029194067104380914,23,1,7,-2.0769551313747363,-0.22823216867466037
Learned joint PS+GS,2,0.029194067104380914,24,1,8,-2.0769551313747363,0.08624689214332387
Learned joint PS+GS,2,0.029194067104380914,25,1,9,-2.0773979701127447,0.40320545155956905
Learned joint PS+GS,2,0.029194067104380914,26,1,10,-2.077208322207786,0.7188281939240445
Learned joint PS+GS,2,0.029194067104380914,27,1,11,-2.0767584265986416,1.0341402498879202
Learned joint PS+GS,2,0.029194067104380914,28,1,12,-2.07679538828816,1.349080369630235
Learned joint PS+GS,2,0.029194067104380914,29,1,13,-2.076806444651444,1.6643041673934602
Learned joint PS+GS,2,0.029194067104380914,30,1,14,-2.0768057768618435,1.9799432537859274
Learned joint PS+GS,2,0.029194067104380914,31,1,15,-2.076808012922121,2.2955844885997574
Learned joint PS+GS,2,0.029194067104380914,32,2,0,-1.7611655223536733,-2.437569585999834
Learned joint PS+GS,2,0.029194067104380914,33,2,1,-1.7611644452550692,-2.1223404589277477
Learned joint PS+GS,2,0.029194067104380914,34,2,2,-1.7611359090009033,-1.8062802802855022
Learned joint PS+GS,2,0.029194067104380914,35,2,3,-1.761112356281552,-1.4911214559085182
Learned joint PS+GS,2,0.029194067104380914,36,2,4,-1.761659531229454,-1.1765161311152095
Learned joint PS+GS,2,0.029194067104380914,37,2,5,-1.7618589711562567,-0.8608801903659702
Learned joint PS+GS,2,0.029194067104380914,38,2,6,-1.7619467207083113,-0.5452369139452523
Learned joint PS+GS,2,0.029194067104380914,39,2,7,-1.7619500692028471,-0.22819244084173973
Learned joint PS+GS,2,0.029194067104380914,40,2,8,-1.7619500692028471,0.08620716431040318
Learned joint PS+GS,2,0.029194067104380914,41,2,9,-1.7619467207083113,0.4032516374139158
Learned joint PS+GS,2,0.029194067104380914,42,2,10,-1.7618589711562567,0.7188949138346337
Learned joint PS+GS,2,0.029194067104380914,43,2,11,-1.761659531229454,1.034530854583873
Learned joint PS+GS,2,0.029194067104380914,44,2,12,-1.761112356281552,1.3491361793771817
Learned joint PS+GS,2,0.029194067104380914,45,2,13,-1.7611359090009033,1.6642950037541657
Learned joint PS+GS,2,0.029194067104380914,46,2,14,-1.7611644452550692,1.9803551823964112
Learned joint PS+GS,2,0.029194067104380914,47,2,15,-1.7611655223536733,2.295584309468498
Learned joint PS+GS,2,0.029194067104380914,48,3,0,-1.4455321335304203,-2.437985947869494
Learned joint PS+GS,2,0.029194067104380914,49,3,1,-1.4459183470774806,-2.1223380835393275
Learned joint PS+GS,2,0.029194067104380914,50,3,2,-1.445980760787705,-1.8067857534264968
Learned joint PS+GS,2,0.029194067104380914,51,3,3,-1.446243338441725,-1.4916943767331556
Learned joint PS+GS,2,0.029194067104380914,52,3,4,-1.4464395869747262,-1.1765151434643584
Learned joint PS+GS,2,0.029194067104380914,53,3,5,-1.4464252608964228,-0.8608885476932254
Learned joint PS+GS,2,0.029194067104380914,54,3,6,-1.4460978034224317,-0.5452300144040303
Learned joint PS+GS,2,0.029194067104380914,55,3,7,-1.4462555223461686,-0.22887291870621604
Learned joint PS+GS,2,0.029194067104380914,56,3,8,-1.4462555223461686,0.08688764217487951
Learned joint PS+GS,2,0.029194067104380914,57,3,9,-1.4460978034224317,0.4032447378726937
Learned joint PS+GS,2,0.029194067104380914,58,3,10,-1.4464252608964228,0.7189032711618889
Learned joint PS+GS,2,0.029194067104380914,59,3,11,-1.4464395869747262,1.0345298669330216
Learned joint PS+GS,2,0.029194067104380914,60,3,12,-1.446243338441725,1.3497091002018191
Learned joint PS+GS,2,0.029194067104380914,61,3,13,-1.445980760787705,1.66480047689516
Learned joint PS+GS,2,0.029194067104380914,62,3,14,-1.4459183470774806,1.9803528070079912
Learned joint PS+GS,2,0.029194067104380914,63,3,15,-1.4455321335304203,2.2960006713381578
Learned joint PS+GS,2,0.029194067104380914,64,4,0,-1.130292327166202,-2.437995161537749
Learned joint PS+GS,2,0.029194067104380914,65,4,1,-1.1303652402876563,-2.122346083311792
Learned joint PS+GS,2,0.029194067104380914,66,4,2,-1.1308111246838772,-1.8070735332703023
Learned joint PS+GS,2,0.029194067104380914,67,4,3,-1.1309550434447357,-1.4920786529638606
Learned joint PS+GS,2,0.029194067104380914,68,4,4,-1.1308431870006268,-1.1764817648447567
Learned joint PS+GS,2,0.029194067104380914,69,4,5,-1.1307418952346935,-0.8608770998903065
Learned joint PS+GS,2,0.029194067104380914,70,4,6,-1.1299508707403778,-0.5452166091834766
Learned joint PS+GS,2,0.029194067104380914,71,4,7,-1.129876088997259,-0.22910470904584704
Learned joint PS+GS,2,0.029194067104380914,72,4,8,-1.129876088997259,0.08711943251451051
Learned joint PS+GS,2,0.029194067104380914,73,4,9,-1.1299508707403778,0.40323133265214
Learned joint PS+GS,2,0.029194067104380914,74,4,10,-1.1307418952346935,0.71889182335897
Learned joint PS+GS,2,0.029194067104380914,75,4,11,-1.1308431870006268,1.0344964883134202
Learned joint PS+GS,2,0.029194067104380914,76,4,12,-1.1309550434447357,1.350093376432524
Learned joint PS+GS,2,0.029194067104380914,77,4,13,-1.1308111246838772,1.6650882567389658
Learned joint PS+GS,2,0.029194067104380914,78,4,14,-1.1303652402876563,1.9803608067804557
Learned joint PS+GS,2,0.029194067104380914,79,4,15,-1.130292327166202,2.296009885006413
Learned joint PS+GS,2,0.029194067104380914,80,5,0,-0.8146635128066775,-2.438035064975822
Learned joint PS+GS,2,0.029194067104380914,81,5,1,-0.8152869498677543,-2.1227488638110366
Learned joint PS+GS,2,0.029194067104380914,82,5,2,-0.8157714221076616,-1.8072480054979694
Learned joint PS+GS,2,0.029194067104380914,83,5,3,-0.8157782107403472,-1.4916658645052847
Learned joint PS+GS,2,0.029194067104380914,84,5,4,-0.8157819564930725,-1.1760783963522055
Learned joint PS+GS,2,0.029194067104380914,85,5,5,-0.8157645216763434,-0.8603344603177943
Learned joint PS+GS,2,0.029194067104380914,86,5,6,-0.8143057932745948,-0.5442380598593184
Learned joint PS+GS,2,0.029194067104380914,87,5,7,-0.8142382122192501,-0.22821086350520584
Learned joint PS+GS,2,0.029194067104380914,88,5,8,-0.8142382122192501,0.08622558697386931
Learned joint PS+GS,2,0.029194067104380914,89,5,9,-0.8143057932745948,0.40225278332798187
Learned joint PS+GS,2,0.029194067104380914,90,5,10,-0.8157645216763434,0.7183491837864577
Learned joint PS+GS,2,0.029194067104380914,91,5,11,-0.8157819564930725,1.034093119820869
Learned joint PS+GS,2,0.029194067104380914,92,5,12,-0.8157782107403472,1.3496805879739482
Learned joint PS+GS,2,0.029194067104380914,93,5,13,-0.8157714221076616,1.6652627289666329
Learned joint PS+GS,2,0.029194067104380914,94,5,14,-0.8152869498677543,1.9807635872796998
Learned joint PS+GS,2,0.029194067104380914,95,5,15,-0.8146635128066775,2.2960497884444857
Learned joint PS+GS,2,0.029194067104380914,96,6,0,-0.4990273419036879,-2.4380812010225728
Learned joint PS+GS,2,0.029194067104380914,97,6,1,-0.500130262677064,-2.122914361929646
Learned joint PS+GS,2,0.029194067104380914,98,6,2,-0.5001467609883348,-1.8076909767743126
Learned joint PS+GS,2,0.029194067104380914,99,6,3,-0.5001516366980026,-1.4916268537317379
Learned joint PS+GS,2,0.029194067104380914,100,6,4,-0.500149007960884,-1.1759078853238316
Learned joint PS+GS,2,0.029194067104380914,101,6,5,-0.5001433130654508,-0.8597048145157294
Learned joint PS+GS,2,0.029194067104380914,102,6,6,-0.5001343836921113,-0.5439387778652636
Learned joint PS+GS,2,0.029194067104380914,103,6,7,-0.5001189341106588,-0.2283690469943279
Learned joint PS+GS,2,0.029194067104380914,104,6,8,-0.5001189341106588,0.08638377046299137
Learned joint PS+GS,2,0.029194067104380914,105,6,9,-0.5001343836921113,0.401953501333927
Learned joint PS+GS,2,0.029194067104380914,106,6,10,-0.5001433130654508,0.7177195379843929
Learned joint PS+GS,2,0.029194067104380914,107,6,11,-0.500149007960884,1.033922608792495
Learned joint PS+GS,2,0.029194067104380914,108,6,12,-0.5001516366980026,1.3496415772004011
Learned joint PS+GS,2,0.029194067104380914,109,6,13,-0.5001467609883348,1.665705700242976
Learned joint PS+GS,2,0.029194067104380914,110,6,14,-0.500130262677064,1.9809290853983095
Learned joint PS+GS,2,0.029194067104380914,111,6,15,-0.4990273419036879,2.2960959244912367
Learned joint PS+GS,2,0.029194067104380914,112,7,0,-0.1838566044092467,-2.438638720182694
Learned joint PS+GS,2,0.029194067104380914,113,7,1,-0.18450217429154048,-2.1229525825616746
Learned joint PS+GS,2,0.029194067104380914,114,7,2,-0.18451084931867864,-1.8077238800457154
Learned joint PS+GS,2,0.029194067104380914,115,7,3,-0.18451284090056025,-1.4916451169396765
Learned joint PS+GS,2,0.029194067104380914,116,7,4,-0.18451109935636753,-1.1754008098950057
Learned joint PS+GS,2,0.029194067104380914,117,7,5,-0.18450528246122527,-0.8596339681778644
Learned joint PS+GS,2,0.029194067104380914,118,7,6,-0.18450666598322754,-0.5439657732838165
Learned joint PS+GS,2,0.029194067104380914,119,7,7,-0.18449880363142987,-0.22838532428914055
Learned joint PS+GS,2,0.029194067104380914,120,7,8,-0.18449880363142987,0.086400047757804
Learned joint PS+GS,2,0.029194067104380914,121,7,9,-0.18450666598322754,0.4019804967524799
Learned joint PS+GS,2,0.029194067104380914,122,7,10,-0.18450528246122527,0.7176486916465279
Learned joint PS+GS,2,0.029194067104380914,123,7,11,-0.18451109935636753,1.0334155333636692
Learned joint PS+GS,2,0.029194067104380914,124,7,12,-0.18451284090056025,1.34965984040834
Learned joint PS+GS,2,0.029194067104380914,125,7,13,-0.18451084931867864,1.6657386035143789
Learned joint PS+GS,2,0.029194067104380914,126,7,14,-0.18450217429154048,1.9809673060303383
Learned joint PS+GS,2,0.029194067104380914,127,7,15,-0.1838566044092467,2.296653443651358
Learned joint PS+GS,2,0.029194067104380914,128,8,0,0.1321164093034189,-2.438638720182694
Learned joint PS+GS,2,0.029194067104380914,129,8,1,0.13276197918571267,-2.1229525825616746
Learned joint PS+GS,2,0.029194067104380914,130,8,2,0.13277065421285086,-1.8077238800457154
Learned joint PS+GS,2,0.029194067104380914,131,8,3,0.1327726457947324,-1.4916451169396765
Learned joint PS+GS,2,0.029194067104380914,132,8,4,0.13277090425053972,-1.1754008098950057
Learned joint PS+GS,2,0.029194067104380914,133,8,5,0.13276508735539752,-0.8596339681778644
Learned joint PS+GS,2,0.029194067104380914,134,8,6,0.1327664708773998,-0.5439657732838165
Learned joint PS+GS,2,0.029194067104380914,135,8,7,0.13275860852560206,-0.22838532428914055
Learned joint PS+GS,2,0.029194067104380914,136,8,8,0.13275860852560206,0.086400047757804
Learned joint PS+GS,2,0.029194067104380914,137,8,9,0.1327664708773998,0.4019804967524799
Learned joint PS+GS,2,0.029194067104380914,138,8,10,0.13276508735539752,0.7176486916465279
Learned joint PS+GS,2,0.029194067104380914,139,8,11,0.13277090425053972,1.0334155333636692
Learned joint PS+GS,2,0.029194067104380914,140,8,12,0.1327726457947324,1.34965984040834
Learned joint PS+GS,2,0.029194067104380914,141,8,13,0.13277065421285086,1.6657386035143789
Learned joint PS+GS,2,0.029194067104380914,142,8,14,0.13276197918571267,1.9809673060303383
Learned joint PS+GS,2,0.029194067104380914,143,8,15,0.1321164093034189,2.296653443651358
Learned joint PS+GS,2,0.029194067104380914,144,9,0,0.4472871467978602,-2.4380812010225728
Learned joint PS+GS,2,0.029194067104380914,145,9,1,0.4483900675712362,-2.122914361929646
Learned joint PS+GS,2,0.029194067104380914,146,9,2,0.44840656588250705,-1.8076909767743126
Learned joint PS+GS,2,0.029194067104380914,147,9,3,0.44841144159217483,-1.4916268537317379
Learned joint PS+GS,2,0.029194067104380914,148,9,4,0.4484088128550563,-1.1759078853238316
Learned joint PS+GS,2,0.029194067104380914,149,9,5,0.448403117959623,-0.8597048145157294
Learned joint PS+GS,2,0.029194067104380914,150,9,6,0.44839418858628344,-0.5439387778652636
Learned joint PS+GS,2,0.029194067104380914,151,9,7,0.448378739004831,-0.2283690469943279
Learned joint PS+GS,2,0.029194067104380914,152,9,8,0.448378739004831,0.08638377046299137
Learned joint PS+GS,2,0.029194067104380914,153,9,9,0.44839418858628344,0.401953501333927
Learned joint PS+GS,2,0.029194067104380914,154,9,10,0.448403117959623,0.7177195379843929
Learned joint PS+GS,2,0.029194067104380914,155,9,11,0.4484088128550563,1.033922608792495
Learned joint PS+GS,2,0.029194067104380914,156,9,12,0.44841144159217483,1.3496415772004011
Learned joint PS+GS,2,0.029194067104380914,157,9,13,0.44840656588250705,1.665705700242976
Learned joint PS+GS,2,0.029194067104380914,158,9,14,0.4483900675712362,1.9809290853983095
Learned joint PS+GS,2,0.029194067104380914,159,9,15,0.4472871467978602,2.2960959244912367
Learned joint PS+GS,2,0.029194067104380914,160,10,0,0.7629233177008496,-2.438035064975822
Learned joint PS+GS,2,0.029194067104380914,161,10,1,0.7635467547619265,-2.1227488638110366
Learned joint PS+GS,2,0.029194067104380914,162,10,2,0.7640312270018338,-1.8072480054979694
Learned joint PS+GS,2,0.029194067104380914,163,10,3,0.7640380156345193,-1.4916658645052847
Learned joint PS+GS,2,0.029194067104380914,164,10,4,0.7640417613872447,-1.1760783963522055
Learned joint PS+GS,2,0.029194067104380914,165,10,5,0.7640243265705154,-0.8603344603177943
Learned joint PS+GS,2,0.029194067104380914,166,10,6,0.7625655981687669,-0.5442380598593184
Learned joint PS+GS,2,0.029194067104380914,167,10,7,0.7624980171134222,-0.22821086350520584
Learned joint PS+GS,2,0.029194067104380914,168,10,8,0.7624980171134222,0.08622558697386931
Learned joint PS+GS,2,0.029194067104380914,169,10,9,0.7625655981687669,0.40225278332798187
Learned joint PS+GS,2,0.029194067104380914,170,10,10,0.7640243265705154,0.7183491837864577
Learned joint PS+GS,2,0.029194067104380914,171,10,11,0.7640417613872447,1.034093119820869
Learned joint PS+GS,2,0.029194067104380914,172,10,12,0.7640380156345193,1.3496805879739482
Learned joint PS+GS,2,0.029194067104380914,173,10,13,0.7640312270018338,1.6652627289666329
Learned joint PS+GS,2,0.029194067104380914,174,10,14,0.7635467547619265,1.9807635872796998
Learned joint PS+GS,2,0.029194067104380914,175,10,15,0.7629233177008496,2.2960497884444857
Learned joint PS+GS,2,0.029194067104380914,176,11,0,1.0785521320603744,-2.437995161537749
Learned joint PS+GS,2,0.029194067104380914,177,11,1,1.0786250451818284,-2.122346083311792
Learned joint PS+GS,2,0.029194067104380914,178,11,2,1.0790709295780496,-1.8070735332703023
Learned joint PS+GS,2,0.029194067104380914,179,11,3,1.0792148483389081,-1.4920786529638606
Learned joint PS+GS,2,0.029194067104380914,180,11,4,1.0791029918947992,-1.1764817648447567
Learned joint PS+GS,2,0.029194067104380914,181,11,5,1.0790017001288659,-0.8608770998903065
Learned joint PS+GS,2,0.029194067104380914,182,11,6,1.0782106756345502,-0.5452166091834766
Learned joint PS+GS,2,0.029194067104380914,183,11,7,1.0781358938914314,-0.22910470904584704
Learned joint PS+GS,2,0.029194067104380914,184,11,8,1.0781358938914314,0.08711943251451051
Learned joint PS+GS,2,0.029194067104380914,185,11,9,1.0782106756345502,0.40323133265214
Learned joint PS+GS,2,0.029194067104380914,186,11,10,1.0790017001288659,0.71889182335897
Learned joint PS+GS,2,0.029194067104380914,187,11,11,1.0791029918947992,1.0344964883134202
Learned joint PS+GS,2,0.029194067104380914,188,11,12,1.0792148483389081,1.350093376432524
Learned joint PS+GS,2,0.029194067104380914,189,11,13,1.0790709295780496,1.6650882567389658
Learned joint PS+GS,2,0.029194067104380914,190,11,14,1.0786250451818284,1.9803608067804557
Learned joint PS+GS,2,0.029194067104380914,191,11,15,1.0785521320603744,2.296009885006413
Learned joint PS+GS,2,0.029194067104380914,192,12,0,1.3937919384245927,-2.437985947869494
Learned joint PS+GS,2,0.029194067104380914,193,12,1,1.394178151971653,-2.1223380835393275
Learned joint PS+GS,2,0.029194067104380914,194,12,2,1.3942405656818775,-1.8067857534264968
Learned joint PS+GS,2,0.029194067104380914,195,12,3,1.3945031433358974,-1.4916943767331556
Learned joint PS+GS,2,0.029194067104380914,196,12,4,1.3946993918688986,-1.1765151434643584
Learned joint PS+GS,2,0.029194067104380914,197,12,5,1.394685065790595,-0.8608885476932254
Learned joint PS+GS,2,0.029194067104380914,198,12,6,1.394357608316604,-0.5452300144040303
Learned joint PS+GS,2,0.029194067104380914,199,12,7,1.394515327240341,-0.22887291870621604
Learned joint PS+GS,2,0.029194067104380914,200,12,8,1.394515327240341,0.08688764217487951
Learned joint PS+GS,2,0.029194067104380914,201,12,9,1.394357608316604,0.4032447378726937
Learned joint PS+GS,2,0.029194067104380914,202,12,10,1.394685065790595,0.7189032711618889
Learned joint PS+GS,2,0.029194067104380914,203,12,11,1.3946993918688986,1.0345298669330216
Learned joint PS+GS,2,0.029194067104380914,204,12,12,1.3945031433358974,1.3497091002018191
Learned joint PS+GS,2,0.029194067104380914,205,12,13,1.3942405656818775,1.66480047689516
Learned joint PS+GS,2,0.029194067104380914,206,12,14,1.394178151971653,1.9803528070079912
Learned joint PS+GS,2,0.029194067104380914,207,12,15,1.3937919384245927,2.2960006713381578
Learned joint PS+GS,2,0.029194067104380914,208,13,0,1.7094253272478457,-2.437569585999834
Learned joint PS+GS,2,0.029194067104380914,209,13,1,1.7094242501492416,-2.1223404589277477
Learned joint PS+GS,2,0.029194067104380914,210,13,2,1.7093957138950755,-1.8062802802855022
Learned joint PS+GS,2,0.029194067104380914,211,13,3,1.7093721611757242,-1.4911214559085182
Learned joint PS+GS,2,0.029194067104380914,212,13,4,1.7099193361236265,-1.1765161311152095
Learned joint PS+GS,2,0.029194067104380914,213,13,5,1.710118776050429,-0.8608801903659702
Learned joint PS+GS,2,0.029194067104380914,214,13,6,1.7102065256024834,-0.5452369139452523
Learned joint PS+GS,2,0.029194067104380914,215,13,7,1.7102098740970195,-0.22819244084173973
Learned joint PS+GS,2,0.029194067104380914,216,13,8,1.7102098740970195,0.08620716431040318
Learned joint PS+GS,2,0.029194067104380914,217,13,9,1.7102065256024834,0.4032516374139158
Learned joint PS+GS,2,0.029194067104380914,218,13,10,1.710118776050429,0.7188949138346337
Learned joint PS+GS,2,0.029194067104380914,219,13,11,1.7099193361236265,1.034530854583873
Learned joint PS+GS,2,0.029194067104380914,220,13,12,1.7093721611757242,1.3491361793771817
Learned joint PS+GS,2,0.029194067104380914,221,13,13,1.7093957138950755,1.6642950037541657
Learned joint PS+GS,2,0.029194067104380914,222,13,14,1.7094242501492416,1.9803551823964112
Learned joint PS+GS,2,0.029194067104380914,223,13,15,1.7094253272478457,2.295584309468498
Learned joint PS+GS,2,0.029194067104380914,224,14,0,2.025067817816293,-2.4375697651310935
Learned joint PS+GS,2,0.029194067104380914,225,14,1,2.025065581756016,-2.121928530317264
Learned joint PS+GS,2,0.029194067104380914,226,14,2,2.0250662495456164,-1.8062894439247967
Learned joint PS+GS,2,0.029194067104380914,227,14,3,2.025055193182332,-1.4910656461615714
Learned joint PS+GS,2,0.029194067104380914,228,14,4,2.025018231492814,-1.1761255264192567
Learned joint PS+GS,2,0.029194067104380914,229,14,5,2.025468127101958,-0.8608134704553811
Learned joint PS+GS,2,0.029194067104380914,230,14,6,2.025657775006917,-0.5451907280909056
Learned joint PS+GS,2,0.029194067104380914,231,14,7,2.0252149362689087,-0.22823216867466037
Learned joint PS+GS,2,0.029194067104380914,232,14,8,2.0252149362689087,0.08624689214332387
Learned joint PS+GS,2,0.029194067104380914,233,14,9,2.025657775006917,0.40320545155956905
Learned joint PS+GS,2,0.029194067104380914,234,14,10,2.025468127101958,0.7188281939240445
Learned joint PS+GS,2,0.029194067104380914,235,14,11,2.025018231492814,1.0341402498879202
Learned joint PS+GS,2,0.029194067104380914,236,14,12,2.025055193182332,1.349080369630235
Learned joint PS+GS,2,0.029194067104380914,237,14,13,2.0250662495456164,1.6643041673934602
Learned joint PS+GS,2,0.029194067104380914,238,14,14,2.025065581756016,1.9799432537859274
Learned joint PS+GS,2,0.029194067104380914,239,14,15,2.025067817816293,2.2955844885997574
Learned joint PS+GS,2,0.029194067104380914,240,15,0,2.340707821729399,-2.4375705205688987
Learned joint PS+GS,2,0.029194067104380914,241,15,1,2.3407071107135455,-2.121930467982403
Learned joint PS+GS,2,0.029194067104380914,242,15,2,2.3407064399621413,-1.8062885417731214
Learned joint PS+GS,2,0.029194067104380914,243,15,3,2.3415313767013903,-1.4906511162718272
Learned joint PS+GS,2,0.029194067104380914,244,15,4,2.341543907404388,-1.175838553223968
Learned joint PS+GS,2,0.029194067104380914,245,15,5,2.3415677108033015,-0.8602153410314552
Learned joint PS+GS,2,0.029194067104380914,246,15,6,2.3416087239654586,-0.5446908400150768
Learned joint PS+GS,2,0.029194067104380914,247,15,7,2.3416468619931305,-0.22962765368771448
Learned joint PS+GS,2,0.029194067104380914,248,15,8,2.3416468619931305,0.08764237715637793
Learned joint PS+GS,2,0.029194067104380914,249,15,9,2.3416087239654586,0.4027055634837403
Learned joint PS+GS,2,0.029194067104380914,250,15,10,2.3415677108033015,0.7182300645001186
Learned joint PS+GS,2,0.029194067104380914,251,15,11,2.341543907404388,1.0338532766926314
Learned joint PS+GS,2,0.029194067104380914,252,15,12,2.3415313767013903,1.3486658397404907
Learned joint PS+GS,2,0.029194067104380914,253,15,13,2.3407064399621413,1.6643032652417848
Learned joint PS+GS,2,0.029194067104380914,254,15,14,2.3407071107135455,1.9799451914510666
Learned joint PS+GS,2,0.029194067104380914,255,15,15,2.340707821729399,2.2955852440375626
Learned joint PS+GS,3,0.04069644114772427,0,0,0,-2.389945169441629,-2.429446480515456
Learned joint PS+GS,3,0.04069644114772427,1,0,1,-2.3899444584540652,-2.1138189864192154
Learned joint PS+GS,3,0.04069644114772427,2,0,2,-2.3899437877293486,-1.7981896187747364
Learned joint PS+GS,3,0.04069644114772427,3,0,3,-2.3907686916465276,-1.4825647516591731
Learned joint PS+GS,3,0.04069644114772427,4,0,4,-2.3907812218509608,-1.1677647141779302
Learned joint PS+GS,3,0.04069644114772427,5,0,5,-2.3908050243028,-0.852154059805638
Learned joint PS+GS,3,0.04069644114772427,6,0,6,-2.390846035833151,-0.5366421126820213
Learned joint PS+GS,3,0.04069644114772427,7,0,7,-2.390884172343411,-0.2215914618929185
Learned joint PS+GS,3,0.04069644114772427,8,0,8,-2.390884172343411,0.09566594560835616
Learned joint PS+GS,3,0.04069644114772427,9,0,9,-2.390846035833151,0.410716596397459
Learned joint PS+GS,3,0.04069644114772427,10,0,10,-2.3908050243028,0.7262285435210756
Learned joint PS+GS,3,0.04069644114772427,11,0,11,-2.3907812218509608,1.0418391978933677
Learned joint PS+GS,3,0.04069644114772427,12,0,12,-2.3907686916465276,1.3566392353746108
Learned joint PS+GS,3,0.04069644114772427,13,0,13,-2.3899437877293486,1.6722641024901739
Learned joint PS+GS,3,0.04069644114772427,14,0,14,-2.3899444584540652,1.9878934701346533
Learned joint PS+GS,3,0.04069644114772427,15,0,15,-2.389945169441629,2.3035209642308936
Learned joint PS+GS,3,0.04069644114772427,16,1,0,-2.0743177240168427,-2.429445725107707
Learned joint PS+GS,3,0.04069644114772427,17,1,1,-2.0743154880455323,-2.113817048831171
Learned joint PS+GS,3,0.04069644114772427,18,1,2,-2.0743161558085634,-1.7981905208905173
Learned joint PS+GS,3,0.04069644114772427,19,1,3,-2.0743050998851826,-1.4829792650558598
Learned joint PS+GS,3,0.04069644114772427,20,1,4,-2.0742681396662737,-1.1680516759553077
Learned joint PS+GS,3,0.04069644114772427,21,1,5,-2.0747180173752504,-0.8527521654315621
Learned joint PS+GS,3,0.04069644114772427,22,1,6,-2.0749076577346166,-0.537141980868614
Learned joint PS+GS,3,0.04069644114772427,23,1,7,-2.074464836616001,-0.2201960324025549
Learned joint PS+GS,3,0.04069644114772427,24,1,8,-2.074464836616001,0.09427051611799256
Learned joint PS+GS,3,0.04069644114772427,25,1,9,-2.0749076577346166,0.4112164645840516
Learned joint PS+GS,3,0.04069644114772427,26,1,10,-2.0747180173752504,0.7268266491469997
Learned joint PS+GS,3,0.04069644114772427,27,1,11,-2.0742681396662737,1.0421261596707454
Learned joint PS+GS,3,0.04069644114772427,28,1,12,-2.0743050998851826,1.3570537487712973
Learned joint PS+GS,3,0.04069644114772427,29,1,13,-2.0743161558085634,1.672265004605955
Learned joint PS+GS,3,0.04069644114772427,30,1,14,-2.0743154880455323,1.9878915325466087
Learned joint PS+GS,3,0.04069644114772427,31,1,15,-2.0743177240168427,2.3035202088231452
Learned joint PS+GS,3,0.04069644114772427,32,2,0,-1.7586877920356516,-2.4294455459835747
Learned joint PS+GS,3,0.04069644114772427,33,2,1,-1.7586867149799026,-2.114228961052095
Learned joint PS+GS,3,0.04069644114772427,34,2,2,-1.7586581798611194,-1.7981813576158203
Learned joint PS+GS,3,0.04069644114772427,35,2,3,-1.758634628078869,-1.483035072582283
Learned joint PS+GS,3,0.04069644114772427,36,2,4,-1.7591817812561144,-1.1684422651101236
Learned joint PS+GS,3,0.04069644114772427,37,2,5,-1.7593812132477251,-0.8528188826875408
Learned joint PS+GS,3,0.04069644114772427,38,2,6,-1.759468959308455,-0.5371881648853466
Learned joint PS+GS,3,0.04069644114772427,39,2,7,-1.7594723076697631,-0.22015630615030057
Learned joint PS+GS,3,0.04069644114772427,40,2,8,-1.7594723076697631,0.0942307898657382
Learned joint PS+GS,3,0.04069644114772427,41,2,9,-1.759468959308455,0.41126264860078426
Learned joint PS+GS,3,0.04069644114772427,42,2,10,-1.7593812132477251,0.7268933664029785
Learned joint PS+GS,3,0.04069644114772427,43,2,11,-1.7591817812561144,1.0425167488255613
Learned joint PS+GS,3,0.04069644114772427,44,2,12,-1.758634628078869,1.3571095562977207
Learned joint PS+GS,3,0.04069644114772427,45,2,13,-1.7586581798611194,1.6722558413312578
Learned joint PS+GS,3,0.04069644114772427,46,2,14,-1.7586867149799026,1.9883034447675332
Learned joint PS+GS,3,0.04069644114772427,47,2,15,-1.7586877920356516,2.303520029699013
Learned joint PS+GS,3,0.04069644114772427,48,3,0,-1.443066961437521,-2.4298618912872874
Learned joint PS+GS,3,0.04069644114772427,49,3,1,-1.4434531596181566,-2.114226585758186
Learned joint PS+GS,3,0.04069644114772427,50,3,2,-1.4435155708451033,-1.7986868106453635
Learned joint PS+GS,3,0.04069644114772427,51,3,3,-1.4437781380518466,-1.4836079706119027
Learned joint PS+GS,3,0.04069644114772427,52,3,4,-1.443974378776633,-1.1684412774985684
Learned joint PS+GS,3,0.04069644114772427,53,3,5,-1.4439600532683265,-0.8528272396822799
Learned joint PS+GS,3,0.04069644114772427,54,3,6,-1.44363260882301,-0.5371812656186393
Learned joint PS+GS,3,0.04069644114772427,55,3,7,-1.4437903214715246,-0.22083675694034652
Learned joint PS+GS,3,0.04069644114772427,56,3,8,-1.4437903214715246,0.09491124065578416
Learned joint PS+GS,3,0.04069644114772427,57,3,9,-1.44363260882301,0.4112557493340769
Learned joint PS+GS,3,0.04069644114772427,58,3,10,-1.4439600532683265,0.7269017233977176
Learned joint PS+GS,3,0.04069644114772427,59,3,11,-1.443974378776633,1.0425157612140061
Learned joint PS+GS,3,0.04069644114772427,60,3,12,-1.4437781380518466,1.3576824543273402
Learned joint PS+GS,3,0.04069644114772427,61,3,13,-1.4435155708451033,1.672761294360801
Learned joint PS+GS,3,0.04069644114772427,62,3,14,-1.4434531596181566,1.9883010694736234
Learned joint PS+GS,3,0.04069644114772427,63,3,15,-1.443066961437521,2.3039363750027255
Learned joint PS+GS,3,0.04069644114772427,64,4,0,-1.1278396976388103,-2.4298711045889547
Learned joint PS+GS,3,0.04069644114772427,65,4,1,-1.1279126078592425,-2.11423458521236
Learned joint PS+GS,3,0.04069644114772427,66,4,2,-1.1283584745148922,-1.7989745790391636
Learned joint PS+GS,3,0.04069644114772427,67,4,3,-1.1285023875496005,-1.4839922315532639
Learned joint PS+GS,3,0.04069644114772427,68,4,4,-1.1283905355559662,-1.1684079002070147
Learned joint PS+GS,3,0.04069644114772427,69,4,5,-1.128289247820167,-0.8528157923348391
Learned joint PS+GS,3,0.04069644114772427,70,4,6,-1.1274982547986423,-0.5371678609314441
Learned joint PS+GS,3,0.04069644114772427,71,4,7,-1.1274234760308928,-0.2210685380576475
Learned joint PS+GS,3,0.04069644114772427,72,4,8,-1.1274234760308928,0.09514302177308516
Learned joint PS+GS,3,0.04069644114772427,73,4,9,-1.1274982547986423,0.41124234464688175
Learned joint PS+GS,3,0.04069644114772427,74,4,10,-1.128289247820167,0.7268902760502767
Learned joint PS+GS,3,0.04069644114772427,75,4,11,-1.1283905355559662,1.0424823839224522
Learned joint PS+GS,3,0.04069644114772427,76,4,12,-1.1285023875496005,1.3580667152687014
Learned joint PS+GS,3,0.04069644114772427,77,4,13,-1.1283584745148922,1.673049062754601
Learned joint PS+GS,3,0.04069644114772427,78,4,14,-1.1279126078592425,1.9883090689277982
Learned joint PS+GS,3,0.04069644114772427,79,4,15,-1.1278396976388103,2.303945588304393
Learned joint PS+GS,3,0.04069644114772427,80,5,0,-0.8122234413224019,-2.4299110064393745
Learned joint PS+GS,3,0.04069644114772427,81,5,1,-0.8128468535785524,-2.1146373496860242
Learned joint PS+GS,3,0.04069644114772427,82,5,2,-0.8133313065425792,-1.799149044325038
Learned joint PS+GS,3,0.04069644114772427,83,5,3,-0.813338094905163,-1.4835794595184586
Learned joint PS+GS,3,0.04069644114772427,84,5,4,-0.8133418405088546,-1.1680045477634382
Learned joint PS+GS,3,0.04069644114772427,85,5,5,-0.813324406385811,-0.8522731743525329
Learned joint PS+GS,3,0.04069644114772427,86,5,6,-0.8118657360230417,-0.5361893505411983
Learned joint PS+GS,3,0.04069644114772427,87,5,7,-0.8117981576565699,-0.2201747280807772
Learned joint PS+GS,3,0.04069644114772427,88,5,8,-0.8117981576565699,0.09424921179621484
Learned joint PS+GS,3,0.04069644114772427,89,5,9,-0.8118657360230417,0.410263834256636
Learned joint PS+GS,3,0.04069644114772427,90,5,10,-0.813324406385811,0.7263476580679705
Learned joint PS+GS,3,0.04069644114772427,91,5,11,-0.8133418405088546,1.042079031478876
Learned joint PS+GS,3,0.04069644114772427,92,5,12,-0.813338094905163,1.357653943233896
Learned joint PS+GS,3,0.04069644114772427,93,5,13,-0.8133313065425792,1.6732235280404757
Learned joint PS+GS,3,0.04069644114772427,94,5,14,-0.8128468535785524,1.988711833401462
Learned joint PS+GS,3,0.04069644114772427,95,5,15,-0.8122234413224019,2.3039854901548127
Learned joint PS+GS,3,0.04069644114772427,96,6,0,-0.4965998287552262,-2.429957140650493
Learned joint PS+GS,3,0.04069644114772427,97,6,1,-0.4977027056462759,-2.114802841219898
Learned joint PS+GS,3,0.04069644114772427,98,6,2,-0.4977192033011222,-1.7995919979767152
Learned joint PS+GS,3,0.04069644114772427,99,6,3,-0.49772407881679825,-1.483540450297048
Learned joint PS+GS,3,0.04069644114772427,100,6,4,-0.4977214501842703,-1.1678340435192511
Learned joint PS+GS,3,0.04069644114772427,101,6,5,-0.49771575551542196,-0.851643553602424
Learned joint PS+GS,3,0.04069644114772427,102,6,6,-0.49770682649735876,-0.5358900804547895
Learned joint PS+GS,3,0.04069644114772427,103,6,7,-0.49769137753060466,-0.2203329052761929
Learned joint PS+GS,3,0.04069644114772427,104,6,8,-0.49769137753060466,0.09440738899163054
Learned joint PS+GS,3,0.04069644114772427,105,6,9,-0.49770682649735876,0.4099645641702271
Learned joint PS+GS,3,0.04069644114772427,106,6,10,-0.49771575551542196,0.7257180373178617
Learned joint PS+GS,3,0.04069644114772427,107,6,11,-0.4977214501842703,1.0419085272346889
Learned joint PS+GS,3,0.04069644114772427,108,6,12,-0.49772407881679825,1.3576149340124857
Learned joint PS+GS,3,0.04069644114772427,109,6,13,-0.4977192033011222,1.673666481692153
Learned joint PS+GS,3,0.04069644114772427,110,6,14,-0.4977027056462759,1.9888773249353353
Learned joint PS+GS,3,0.04069644114772427,111,6,15,-0.4965998287552262,2.304031624365931
Learned joint PS+GS,3,0.04069644114772427,112,7,0,-0.18144163107822345,-2.4305146376283884
Learned joint PS+GS,3,0.04069644114772427,113,7,1,-0.18208717527498394,-2.1148410603312278
Learned joint PS+GS,3,0.04069644114772427,114,7,2,-0.18209584995696554,-1.7996248999389832
Learned joint PS+GS,3,0.04069644114772427,115,7,3,-0.1820978414596073,-1.4835587127783416
Learned joint PS+GS,3,0.04069644114772427,116,7,4,-0.18209609998470608,-1.1673269882656274
Learned joint PS+GS,3,0.04069644114772427,117,7,5,-0.18209028332100285,-0.851572710083349
Learned joint PS+GS,3,0.04069644114772427,118,7,6,-0.1820916667879584,-0.5359170747992654
Learned joint PS+GS,3,0.04069644114772427,119,7,7,-0.18208380474898306,-0.22034918192337463
Learned joint PS+GS,3,0.04069644114772427,120,7,8,-0.18208380474898306,0.09442366563881228
Learned joint PS+GS,3,0.04069644114772427,121,7,9,-0.1820916667879584,0.4099915585147031
Learned joint PS+GS,3,0.04069644114772427,122,7,10,-0.18209028332100285,0.7256471937987866
Learned joint PS+GS,3,0.04069644114772427,123,7,11,-0.18209609998470608,1.0414014719810651
Learned joint PS+GS,3,0.04069644114772427,124,7,12,-0.1820978414596073,1.3576331964937793
Learned joint PS+GS,3,0.04069644114772427,125,7,13,-0.18209584995696554,1.6736993836544207
Learned joint PS+GS,3,0.04069644114772427,126,7,14,-0.18208717527498394,1.9889155440466655
Learned joint PS+GS,3,0.04069644114772427,127,7,15,-0.18144163107822345,2.3045891213438265
Learned joint PS+GS,3,0.04069644114772427,128,8,0,0.134518810896536,-2.4305146376283884
Learned joint PS+GS,3,0.04069644114772427,129,8,1,0.1351643550932965,-2.1148410603312278
Learned joint PS+GS,3,0.04069644114772427,130,8,2,0.1351730297752781,-1.7996248999389832
Learned joint PS+GS,3,0.04069644114772427,131,8,3,0.13517502127791983,-1.4835587127783416
Learned joint PS+GS,3,0.04069644114772427,132,8,4,0.1351732798030186,-1.1673269882656274
Learned joint PS+GS,3,0.04069644114772427,133,8,5,0.13516746313931538,-0.851572710083349
Learned joint PS+GS,3,0.04069644114772427,134,8,6,0.13516884660627096,-0.5359170747992654
Learned joint PS+GS,3,0.04069644114772427,135,8,7,0.1351609845672956,-0.22034918192337463
Learned joint PS+GS,3,0.04069644114772427,136,8,8,0.1351609845672956,0.09442366563881228
Learned joint PS+GS,3,0.04069644114772427,137,8,9,0.13516884660627096,0.4099915585147031
Learned joint PS+GS,3,0.04069644114772427,138,8,10,0.13516746313931538,0.7256471937987866
Learned joint PS+GS,3,0.04069644114772427,139,8,11,0.1351732798030186,1.0414014719810651
Learned joint PS+GS,3,0.04069644114772427,140,8,12,0.13517502127791983,1.3576331964937793
Learned joint PS+GS,3,0.04069644114772427,141,8,13,0.1351730297752781,1.6736993836544207
Learned joint PS+GS,3,0.04069644114772427,142,8,14,0.1351643550932965,1.9889155440466655
Learned joint PS+GS,3,0.04069644114772427,143,8,15,0.134518810896536,2.3045891213438265
Learned joint PS+GS,3,0.04069644114772427,144,9,0,0.4496770085735387,-2.429957140650493
Learned joint PS+GS,3,0.04069644114772427,145,9,1,0.4507798854645884,-2.114802841219898
Learned joint PS+GS,3,0.04069644114772427,146,9,2,0.4507963831194347,-1.7995919979767152
Learned joint PS+GS,3,0.04069644114772427,147,9,3,0.4508012586351108,-1.483540450297048
Learned joint PS+GS,3,0.04069644114772427,148,9,4,0.4507986300025828,-1.1678340435192511
Learned joint PS+GS,3,0.04069644114772427,149,9,5,0.4507929353337345,-0.851643553602424
Learned joint PS+GS,3,0.04069644114772427,150,9,6,0.4507840063156713,-0.5358900804547895
Learned joint PS+GS,3,0.04069644114772427,151,9,7,0.4507685573489172,-0.2203329052761929
Learned joint PS+GS,3,0.04069644114772427,152,9,8,0.4507685573489172,0.09440738899163054
Learned joint PS+GS,3,0.04069644114772427,153,9,9,0.4507840063156713,0.4099645641702271
Learned joint PS+GS,3,0.04069644114772427,154,9,10,0.4507929353337345,0.7257180373178617
Learned joint PS+GS,3,0.04069644114772427,155,9,11,0.4507986300025828,1.0419085272346889
Learned joint PS+GS,3,0.04069644114772427,156,9,12,0.4508012586351108,1.3576149340124857
Learned joint PS+GS,3,0.04069644114772427,157,9,13,0.4507963831194347,1.673666481692153
Learned joint PS+GS,3,0.04069644114772427,158,9,14,0.4507798854645884,1.9888773249353353
Learned joint PS+GS,3,0.04069644114772427,159,9,15,0.4496770085735387,2.304031624365931
Learned joint PS+GS,3,0.04069644114772427,160,10,0,0.7653006211407145,-2.4299110064393745
Learned joint PS+GS,3,0.04069644114772427,161,10,1,0.7659240333968649,-2.1146373496860242
Learned joint PS+GS,3,0.04069644114772427,162,10,2,0.7664084863608919,-1.799149044325038
Learned joint PS+GS,3,0.04069644114772427,163,10,3,0.7664152747234755,-1.4835794595184586
Learned joint PS+GS,3,0.04069644114772427,164,10,4,0.7664190203271671,-1.1680045477634382
Learned joint PS+GS,3,0.04069644114772427,165,10,5,0.7664015862041236,-0.8522731743525329
Learned joint PS+GS,3,0.04069644114772427,166,10,6,0.7649429158413542,-0.5361893505411983
Learned joint PS+GS,3,0.04069644114772427,167,10,7,0.7648753374748825,-0.2201747280807772
Learned joint PS+GS,3,0.04069644114772427,168,10,8,0.7648753374748825,0.09424921179621484
Learned joint PS+GS,3,0.04069644114772427,169,10,9,0.7649429158413542,0.410263834256636
Learned joint PS+GS,3,0.04069644114772427,170,10,10,0.7664015862041236,0.7263476580679705
Learned joint PS+GS,3,0.04069644114772427,171,10,11,0.7664190203271671,1.042079031478876
Learned joint PS+GS,3,0.04069644114772427,172,10,12,0.7664152747234755,1.357653943233896
Learned joint PS+GS,3,0.04069644114772427,173,10,13,0.7664084863608919,1.6732235280404757
Learned joint PS+GS,3,0.04069644114772427,174,10,14,0.7659240333968649,1.988711833401462
Learned joint PS+GS,3,0.04069644114772427,175,10,15,0.7653006211407145,2.3039854901548127
Learned joint PS+GS,3,0.04069644114772427,176,11,0,1.080916877457123,-2.4298711045889547
Learned joint PS+GS,3,0.04069644114772427,177,11,1,1.0809897876775552,-2.11423458521236
Learned joint PS+GS,3,0.04069644114772427,178,11,2,1.0814356543332049,-1.7989745790391636
Learned joint PS+GS,3,0.04069644114772427,179,11,3,1.0815795673679132,-1.4839922315532639
Learned joint PS+GS,3,0.04069644114772427,180,11,4,1.0814677153742789,-1.1684079002070147
Learned joint PS+GS,3,0.04069644114772427,181,11,5,1.0813664276384793,-0.8528157923348391
Learned joint PS+GS,3,0.04069644114772427,182,11,6,1.080575434616955,-0.5371678609314441
Learned joint PS+GS,3,0.04069644114772427,183,11,7,1.0805006558492054,-0.2210685380576475
Learned joint PS+GS,3,0.04069644114772427,184,11,8,1.0805006558492054,0.09514302177308516
Learned joint PS+GS,3,0.04069644114772427,185,11,9,1.080575434616955,0.41124234464688175
Learned joint PS+GS,3,0.04069644114772427,186,11,10,1.0813664276384793,0.7268902760502767
Learned joint PS+GS,3,0.04069644114772427,187,11,11,1.0814677153742789,1.0424823839224522
Learned joint PS+GS,3,0.04069644114772427,188,11,12,1.0815795673679132,1.3580667152687014
Learned joint PS+GS,3,0.04069644114772427,189,11,13,1.0814356543332049,1.673049062754601
Learned joint PS+GS,3,0.04069644114772427,190,11,14,1.0809897876775552,1.9883090689277982
Learned joint PS+GS,3,0.04069644114772427,191,11,15,1.080916877457123,2.303945588304393
Learned joint PS+GS,3,0.04069644114772427,192,12,0,1.3961441412558335,-2.4298618912872874
Learned joint PS+GS,3,0.04069644114772427,193,12,1,1.396530339436469,-2.114226585758186
Learned joint PS+GS,3,0.04069644114772427,194,12,2,1.3965927506634157,-1.7986868106453635
Learned joint PS+GS,3,0.04069644114772427,195,12,3,1.3968553178701593,-1.4836079706119027
Learned joint PS+GS,3,0.04069644114772427,196,12,4,1.3970515585949455,-1.1684412774985684
Learned joint PS+GS,3,0.04069644114772427,197,12,5,1.3970372330866392,-0.8528272396822799
Learned joint PS+GS,3,0.04069644114772427,198,12,6,1.3967097886413227,-0.5371812656186393
Learned joint PS+GS,3,0.04069644114772427,199,12,7,1.396867501289837,-0.22083675694034652
Learned joint PS+GS,3,0.04069644114772427,200,12,8,1.396867501289837,0.09491124065578416
Learned joint PS+GS,3,0.04069644114772427,201,12,9,1.3967097886413227,0.4112557493340769
Learned joint PS+GS,3,0.04069644114772427,202,12,10,1.3970372330866392,0.7269017233977176
Learned joint PS+GS,3,0.04069644114772427,203,12,11,1.3970515585949455,1.0425157612140061
Learned joint PS+GS,3,0.04069644114772427,204,12,12,1.3968553178701593,1.3576824543273402
Learned joint PS+GS,3,0.04069644114772427,205,12,13,1.3965927506634157,1.672761294360801
Learned joint PS+GS,3,0.04069644114772427,206,12,14,1.396530339436469,1.9883010694736234
Learned joint PS+GS,3,0.04069644114772427,207,12,15,1.3961441412558335,2.3039363750027255
Learned joint PS+GS,3,0.04069644114772427,208,13,0,1.7117649718539643,-2.4294455459835747
Learned joint PS+GS,3,0.04069644114772427,209,13,1,1.7117638947982152,-2.114228961052095
Learned joint PS+GS,3,0.04069644114772427,210,13,2,1.7117353596794318,-1.7981813576158203
Learned joint PS+GS,3,0.04069644114772427,211,13,3,1.7117118078971816,-1.483035072582283
Learned joint PS+GS,3,0.04069644114772427,212,13,4,1.712258961074427,-1.1684422651101236
Learned joint PS+GS,3,0.04069644114772427,213,13,5,1.7124583930660378,-0.8528188826875408
Learned joint PS+GS,3,0.04069644114772427,214,13,6,1.7125461391267676,-0.5371881648853466
Learned joint PS+GS,3,0.04069644114772427,215,13,7,1.7125494874880756,-0.22015630615030057
Learned joint PS+GS,3,0.04069644114772427,216,13,8,1.7125494874880756,0.0942307898657382
Learned joint PS+GS,3,0.04069644114772427,217,13,9,1.7125461391267676,0.41126264860078426
Learned joint PS+GS,3,0.04069644114772427,218,13,10,1.7124583930660378,0.7268933664029785
Learned joint PS+GS,3,0.04069644114772427,219,13,11,1.712258961074427,1.0425167488255613
Learned joint PS+GS,3,0.04069644114772427,220,13,12,1.7117118078971816,1.3571095562977207
Learned joint PS+GS,3,0.04069644114772427,221,13,13,1.7117353596794318,1.6722558413312578
Learned joint PS+GS,3,0.04069644114772427,222,13,14,1.7117638947982152,1.9883034447675332
Learned joint PS+GS,3,0.04069644114772427,223,13,15,1.7117649718539643,2.303520029699013
Learned joint PS+GS,3,0.04069644114772427,224,14,0,2.027394903835155,-2.429445725107707
Learned joint PS+GS,3,0.04069644114772427,225,14,1,2.0273926678638445,-2.113817048831171
Learned joint PS+GS,3,0.04069644114772427,226,14,2,2.0273933356268756,-1.7981905208905173
Learned joint PS+GS,3,0.04069644114772427,227,14,3,2.0273822797034953,-1.4829792650558598
Learned joint PS+GS,3,0.04069644114772427,228,14,4,2.027345319484586,-1.1680516759553077
Learned joint PS+GS,3,0.04069644114772427,229,14,5,2.0277951971935626,-0.8527521654315621
Learned joint PS+GS,3,0.04069644114772427,230,14,6,2.027984837552929,-0.537141980868614
Learned joint PS+GS,3,0.04069644114772427,231,14,7,2.027542016434313,-0.2201960324025549
Learned joint PS+GS,3,0.04069644114772427,232,14,8,2.027542016434313,0.09427051611799256
Learned joint PS+GS,3,0.04069644114772427,233,14,9,2.027984837552929,0.4112164645840516
Learned joint PS+GS,3,0.04069644114772427,234,14,10,2.0277951971935626,0.7268266491469997
Learned joint PS+GS,3,0.04069644114772427,235,14,11,2.027345319484586,1.0421261596707454
Learned joint PS+GS,3,0.04069644114772427,236,14,12,2.0273822797034953,1.3570537487712973
Learned joint PS+GS,3,0.04069644114772427,237,14,13,2.0273933356268756,1.672265004605955
Learned joint PS+GS,3,0.04069644114772427,238,14,14,2.0273926678638445,1.9878915325466087
Learned joint PS+GS,3,0.04069644114772427,239,14,15,2.027394903835155,2.3035202088231452
Learned joint PS+GS,3,0.04069644114772427,240,15,0,2.3430223492599414,-2.429446480515456
Learned joint PS+GS,3,0.04069644114772427,241,15,1,2.3430216382723774,-2.1138189864192154
Learned joint PS+GS,3,0.04069644114772427,242,15,2,2.3430209675476608,-1.7981896187747364
Learned joint PS+GS,3,0.04069644114772427,243,15,3,2.3438458714648394,-1.4825647516591731
Learned joint PS+GS,3,0.04069644114772427,244,15,4,2.343858401669273,-1.1677647141779302
Learned joint PS+GS,3,0.04069644114772427,245,15,5,2.343882204121112,-0.852154059805638
Learned joint PS+GS,3,0.04069644114772427,246,15,6,2.3439232156514627,-0.5366421126820213
Learned joint PS+GS,3,0.04069644114772427,247,15,7,2.3439613521617226,-0.2215914618929185
Learned joint PS+GS,3,0.04069644114772427,248,15,8,2.3439613521617226,0.09566594560835616
Learned joint PS+GS,3,0.04069644114772427,249,15,9,2.3439232156514627,0.410716596397459
Learned joint PS+GS,3,0.04069644114772427,250,15,10,2.343882204121112,0.7262285435210756
Learned joint PS+GS,3,0.04069644114772427,251,15,11,2.343858401669273,1.0418391978933677
Learned joint PS+GS,3,0.04069644114772427,252,15,12,2.3438458714648394,1.3566392353746108
Learned joint PS+GS,3,0.04069644114772427,253,15,13,2.3430209675476608,1.6722641024901739
Learned joint PS+GS,3,0.04069644114772427,254,15,14,2.3430216382723774,1.9878934701346533
Learned joint PS+GS,3,0.04069644114772427,255,15,15,2.3430223492599414,2.3035209642308936
