scheme,sample_index,T,symbol_index,k,l,probability
Learned PS fixed QAM,0,0.11407748711084696,0,0,0,4.692913465119038e-07
Learned PS fixed QAM,0,0.11407748711084696,1,0,1,1.9048748827117863e-06
Learned PS fixed QAM,0,0.11407748711084696,2,0,2,6.32852722189017e-06
Learned PS fixed QAM,0,0.11407748711084696,3,0,3,1.720881464184933e-05
Learned PS fixed QAM,0,0.11407748711084696,4,0,4,3.830176451918173e-05
Learned PS fixed QAM,0,0.11407748711084696,5,0,5,6.979208307415583e-05
Learned PS fixed QAM,0,0.11407748711084696,6,0,6,0.00010411824450488118
Learned PS fixed QAM,0,0.11407748711084696,7,0,7,0.00012717203799707033
Learned PS fixed QAM,0,0.11407748711084696,8,0,8,0.00012717365283737266
Learned PS fixed QAM,0,0.11407748711084696,9,0,9,0.00010411951396220238
Learned PS fixed QAM,0,0.11407748711084696,10,0,10,6.979265896562131e-05
Learned PS fixed QAM,0,0.11407748711084696,11,0,11,3.8300465834398334e-05
Learned PS fixed QAM,0,0.11407748711084696,12,0,12,1.6826847002904928e-05
Learned PS fixed QAM,0,0.11407748711084696,13,0,13,6.329476902380911e-06
Learned PS fixed QAM,0,0.11407748711084696,14,0,14,1.9055740613744987e-06
Learned PS fixed QAM,0,0.11407748711084696,15,0,15,4.6928506815134434e-07
Learned PS fixed QAM,0,0.11407748711084696,16,1,0,1.905528254733227e-06
Learned PS fixed QAM,0,0.11407748711084696,17,1,1,7.730430216973205e-06
Learned PS fixed QAM,0,0.11407748711084696,18,1,2,2.5671341942883766e-05
Learned PS fixed QAM,0,0.11407748711084696,19,1,3,5.1323483016939186e-05
Learned PS fixed QAM,0,0.11407748711084696,20,1,4,0.00011423346779460015
Learned PS fixed QAM,0,0.11407748711084696,21,1,5,0.00028303069345498336
Learned PS fixed QAM,0,0.11407748711084696,22,1,6,0.0004209946088534406
Learned PS fixed QAM,0,0.11407748711084696,23,1,7,0.0005157191920067034
Learned PS fixed QAM,0,0.11407748711084696,24,1,8,0.0005157192188071784
Learned PS fixed QAM,0,0.11407748711084696,25,1,9,0.00031040004527199894
Learned PS fixed QAM,0,0.11407748711084696,26,1,10,0.0002782799037363423
Learned PS fixed QAM,0,0.11407748711084696,27,1,11,0.00015532659905345483
Learned PS fixed QAM,0,0.11407748711084696,28,1,12,6.975621285592028e-05
Learned PS fixed QAM,0,0.11407748711084696,29,1,13,2.5656608545041716e-05
Learned PS fixed QAM,0,0.11407748711084696,30,1,14,7.730269367628918e-06
Learned PS fixed QAM,0,0.11407748711084696,31,1,15,1.9057336911686317e-06
Learned PS fixed QAM,0,0.11407748711084696,32,2,0,6.329733482039311e-06
Learned PS fixed QAM,0,0.11407748711084696,33,2,1,2.5671761350850758e-05
Learned PS fixed QAM,0,0.11407748711084696,34,2,2,8.523608306274774e-05
Learned PS fixed QAM,0,0.11407748711084696,35,2,3,0.00023172020619106158
Learned PS fixed QAM,0,0.11407748711084696,36,2,4,0.0005157185468727544
Learned PS fixed QAM,0,0.11407748711084696,37,2,5,0.0009397115528275514
Learned PS fixed QAM,0,0.11407748711084696,38,2,6,0.0010310540198220667
Learned PS fixed QAM,0,0.11407748711084696,39,2,7,0.001712275917498436
Learned PS fixed QAM,0,0.11407748711084696,40,2,8,0.001258690733575766
Learned PS fixed QAM,0,0.11407748711084696,41,2,9,0.0010306608973495634
Learned PS fixed QAM,0,0.11407748711084696,42,2,10,0.0006908204164323655
Learned PS fixed QAM,0,0.11407748711084696,43,2,11,0.0005155906035216801
Learned PS fixed QAM,0,0.11407748711084696,44,2,12,0.00023172464559247045
Learned PS fixed QAM,0,0.11407748711084696,45,2,13,8.522334624987466e-05
Learned PS fixed QAM,0,0.11407748711084696,46,2,14,2.5672602802898483e-05
Learned PS fixed QAM,0,0.11407748711084696,47,2,15,6.329773768011983e-06
Learned PS fixed QAM,0,0.11407748711084696,48,3,0,1.7208936100194452e-05
Learned PS fixed QAM,0,0.11407748711084696,49,3,1,6.979037269340075e-05
Learned PS fixed QAM,0,0.11407748711084696,50,3,2,0.0002317284699258349
Learned PS fixed QAM,0,0.11407748711084696,51,3,3,0.0006299073047186524
Learned PS fixed QAM,0,0.11407748711084696,52,3,4,0.0010305622702788534
Learned PS fixed QAM,0,0.11407748711084696,53,3,5,0.0025544293698824016
Learned PS fixed QAM,0,0.11407748711084696,54,3,6,0.0038107524138492497
Learned PS fixed QAM,0,0.11407748711084696,55,3,7,0.004270702808227621
Learned PS fixed QAM,0,0.11407748711084696,56,3,8,0.0034214706542969662
Learned PS fixed QAM,0,0.11407748711084696,57,3,9,0.003746410614267146
Learned PS fixed QAM,0,0.11407748711084696,58,3,10,0.001877743385404233
Learned PS fixed QAM,0,0.11407748711084696,59,3,11,0.0014015740565435913
Learned PS fixed QAM,0,0.11407748711084696,60,3,12,0.0006298976780950429
Learned PS fixed QAM,0,0.11407748711084696,61,3,13,0.00023172501463172694
Learned PS fixed QAM,0,0.11407748711084696,62,3,14,6.978827630524593e-05
Learned PS fixed QAM,0,0.11407748711084696,63,3,15,1.7208729487249075e-05
Learned PS fixed QAM,0,0.11407748711084696,64,4,0,3.8301814822192044e-05
Learned PS fixed QAM,0,0.11407748711084696,65,4,1,0.0001553267273351903
Learned PS fixed QAM,0,0.11407748711084696,66,4,2,0.0005119561526032758
Learned PS fixed QAM,0,0.11407748711084696,67,4,3,0.0014018931718146877
Learned PS fixed QAM,0,0.11407748711084696,68,4,4,0.00311927403203802
Learned PS fixed QAM,0,0.11407748711084696,69,4,5,0.005643974543393693
Learned PS fixed QAM,0,0.11407748711084696,70,4,6,0.008479173917569164
Learned PS fixed QAM,0,0.11407748711084696,71,4,7,0.0076146446458828345
Learned PS fixed QAM,0,0.11407748711084696,72,4,8,0.0077657455546831
Learned PS fixed QAM,0,0.11407748711084696,73,4,9,0.006234316880353262
Learned PS fixed QAM,0,0.11407748711084696,74,4,10,0.005685014018474747
Learned PS fixed QAM,0,0.11407748711084696,75,4,11,0.003119298453068103
Learned PS fixed QAM,0,0.11407748711084696,76,4,12,0.0013881891711331825
Learned PS fixed QAM,0,0.11407748711084696,77,4,13,0.0005142181082362363
Learned PS fixed QAM,0,0.11407748711084696,78,4,14,0.00015529261795837841
Learned PS fixed QAM,0,0.11407748711084696,79,4,15,3.830307349327054e-05
Learned PS fixed QAM,0,0.11407748711084696,80,5,0,6.979420266699887e-05
Learned PS fixed QAM,0,0.11407748711084696,81,5,1,0.00028296347519282363
Learned PS fixed QAM,0,0.11407748711084696,82,5,2,0.0009397172947412988
Learned PS fixed QAM,0,0.11407748711084696,83,5,3,0.002554434597235362
Learned PS fixed QAM,0,0.11407748711084696,84,5,4,0.00568499423948275
Learned PS fixed QAM,0,0.11407748711084696,85,5,5,0.01035878626686417
Learned PS fixed QAM,0,0.11407748711084696,86,5,6,0.011584270541489557
Learned PS fixed QAM,0,0.11407748711084696,87,5,7,0.013874727284178469
Learned PS fixed QAM,0,0.11407748711084696,88,5,8,0.0188749508172159
Learned PS fixed QAM,0,0.11407748711084696,89,5,9,0.01545350032624714
Learned PS fixed QAM,0,0.11407748711084696,90,5,10,0.010358780378241152
Learned PS fixed QAM,0,0.11407748711084696,91,5,11,0.005685006724670791
Learned PS fixed QAM,0,0.11407748711084696,92,5,12,0.0018777426586863476
Learned PS fixed QAM,0,0.11407748711084696,93,5,13,0.0009397178351538622
Learned PS fixed QAM,0,0.11407748711084696,94,5,14,0.00028303522269114385
Learned PS fixed QAM,0,0.11407748711084696,95,5,15,6.979381949821678e-05
Learned PS fixed QAM,0,0.11407748711084696,96,6,0,0.00010412127969282789
Learned PS fixed QAM,0,0.11407748711084696,97,6,1,0.00042224120925711203
Learned PS fixed QAM,0,0.11407748711084696,98,6,2,0.0010305619472874645
Learned PS fixed QAM,0,0.11407748711084696,99,6,3,0.0038107795187754955
Learned PS fixed QAM,0,0.11407748711084696,100,6,4,0.006352236263870168
Learned PS fixed QAM,0,0.11407748711084696,101,6,5,0.015453495539563768
Learned PS fixed QAM,0,0.11407748711084696,102,6,6,0.02305391937419081
Learned PS fixed QAM,0,0.11407748711084696,103,6,7,0.02815806319192538
Learned PS fixed QAM,0,0.11407748711084696,104,6,8,0.020698646332415582
Learned PS fixed QAM,0,0.11407748711084696,105,6,9,0.01694662447797826
Learned PS fixed QAM,0,0.11407748711084696,106,6,10,0.011359669804635677
Learned PS fixed QAM,0,0.11407748711084696,107,6,11,0.008481058950837226
Learned PS fixed QAM,0,0.11407748711084696,108,6,12,0.002801261305930093
Learned PS fixed QAM,0,0.11407748711084696,109,6,13,0.0014019029384124556
Learned PS fixed QAM,0,0.11407748711084696,110,6,14,0.00042223711202233146
Learned PS fixed QAM,0,0.11407748711084696,111,6,15,0.00010412111820558057
Learned PS fixed QAM,0,0.11407748711084696,112,7,0,0.00012717490628317397
Learned PS fixed QAM,0,0.11407748711084696,113,7,1,0.000515727537281419
Learned PS fixed QAM,0,0.11407748711084696,114,7,2,0.0016833953995383615
Learned PS fixed QAM,0,0.11407748711084696,115,7,3,0.004654500939784506
Learned PS fixed QAM,0,0.11407748711084696,116,7,4,0.007614607219049369
Learned PS fixed QAM,0,0.11407748711084696,117,7,5,0.013874725945790522
Learned PS fixed QAM,0,0.11407748711084696,118,7,6,0.028158120823164476
Learned PS fixed QAM,0,0.11407748711084696,119,7,7,0.03439240583608849
Learned PS fixed QAM,0,0.11407748711084696,120,7,8,0.03439235978890421
Learned PS fixed QAM,0,0.11407748711084696,121,7,9,0.02069864368888379
Learned PS fixed QAM,0,0.11407748711084696,122,7,10,0.018874946282851763
Learned PS fixed QAM,0,0.11407748711084696,123,7,11,0.010358788346349297
Learned PS fixed QAM,0,0.11407748711084696,124,7,12,0.004654500116024295
Learned PS fixed QAM,0,0.11407748711084696,125,7,13,0.0017122890939548284
Learned PS fixed QAM,0,0.11407748711084696,126,7,14,0.0005157286153976051
Learned PS fixed QAM,0,0.11407748711084696,127,7,15,0.00012717419176404502
Learned PS fixed QAM,0,0.11407748711084696,128,8,0,0.00012717449840546937
Learned PS fixed QAM,0,0.11407748711084696,129,8,1,0.0005142227366006618
Learned PS fixed QAM,0,0.11407748711084696,130,8,2,0.0017122631913936562
Learned PS fixed QAM,0,0.11407748711084696,131,8,3,0.004654501827902961
Learned PS fixed QAM,0,0.11407748711084696,132,8,4,0.010358783989386588
Learned PS fixed QAM,0,0.11407748711084696,133,8,5,0.018874898807893413
Learned PS fixed QAM,0,0.11407748711084696,134,8,6,0.0206986484718156
Learned PS fixed QAM,0,0.11407748711084696,135,8,7,0.025354115436746615
Learned PS fixed QAM,0,0.11407748711084696,136,8,8,0.025287098139547427
Learned PS fixed QAM,0,0.11407748711084696,137,8,9,0.028151679233937552
Learned PS fixed QAM,0,0.11407748711084696,138,8,10,0.018874948267556573
Learned PS fixed QAM,0,0.11407748711084696,139,8,11,0.010358786839905664
Learned PS fixed QAM,0,0.11407748711084696,140,8,12,0.003421465001990932
Learned PS fixed QAM,0,0.11407748711084696,141,8,13,0.0017122901607451834
Learned PS fixed QAM,0,0.11407748711084696,142,8,14,0.0005157293329608019
Learned PS fixed QAM,0,0.11407748711084696,143,8,15,0.00012717548855562124
Learned PS fixed QAM,0,0.11407748711084696,144,9,0,0.00010412104259361367
Learned PS fixed QAM,0,0.11407748711084696,145,9,1,0.0004222423080913676
Learned PS fixed QAM,0,0.11407748711084696,146,9,2,0.0014018570413774922
Learned PS fixed QAM,0,0.11407748711084696,147,9,3,0.0038107374515980418
Learned PS fixed QAM,0,0.11407748711084696,148,9,4,0.008480956914127919
Learned PS fixed QAM,0,0.11407748711084696,149,9,5,0.015453496673191241
Learned PS fixed QAM,0,0.11407748711084696,150,9,6,0.016946634161223256
Learned PS fixed QAM,0,0.11407748711084696,151,9,7,0.020698724341958415
Learned PS fixed QAM,0,0.11407748711084696,152,9,8,0.0206986570255528
Learned PS fixed QAM,0,0.11407748711084696,153,9,9,0.023053908146416446
Learned PS fixed QAM,0,0.11407748711084696,154,9,10,0.011392427738074425
Learned PS fixed QAM,0,0.11407748711084696,155,9,11,0.008481047945268891
Learned PS fixed QAM,0,0.11407748711084696,156,9,12,0.003810764155442359
Learned PS fixed QAM,0,0.11407748711084696,157,9,13,0.0014018907353528082
Learned PS fixed QAM,0,0.11407748711084696,158,9,14,0.0004222423973688347
Learned PS fixed QAM,0,0.11407748711084696,159,9,15,0.00010412195214434083
Learned PS fixed QAM,0,0.11407748711084696,160,10,0,6.979270649317998e-05
Learned PS fixed QAM,0,0.11407748711084696,161,10,1,0.0002830363919629573
Learned PS fixed QAM,0,0.11407748711084696,162,10,2,0.0009112794896121097
Learned PS fixed QAM,0,0.11407748711084696,163,10,3,0.0025544380059504715
Learned PS fixed QAM,0,0.11407748711084696,164,10,4,0.005685017108542203
Learned PS fixed QAM,0,0.11407748711084696,165,10,5,0.010356445693964662
Learned PS fixed QAM,0,0.11407748711084696,166,10,6,0.01135970373630169
Learned PS fixed QAM,0,0.11407748711084696,167,10,7,0.01887489973930252
Learned PS fixed QAM,0,0.11407748711084696,168,10,8,0.013874859159408337
Learned PS fixed QAM,0,0.11407748711084696,169,10,9,0.011362222109938496
Learned PS fixed QAM,0,0.11407748711084696,170,10,10,0.007614611880188374
Learned PS fixed QAM,0,0.11407748711084696,171,10,11,0.005685017591891006
Learned PS fixed QAM,0,0.11407748711084696,172,10,12,0.0025544332666334346
Learned PS fixed QAM,0,0.11407748711084696,173,10,13,0.0009394938088959496
Learned PS fixed QAM,0,0.11407748711084696,174,10,14,0.00028303230600994575
Learned PS fixed QAM,0,0.11407748711084696,175,10,15,6.979442116736524e-05
Learned PS fixed QAM,0,0.11407748711084696,176,11,0,3.830266831804601e-05
Learned PS fixed QAM,0,0.11407748711084696,177,11,1,0.0001553316328558061
Learned PS fixed QAM,0,0.11407748711084696,178,11,2,0.0005156050507930526
Learned PS fixed QAM,0,0.11407748711084696,179,11,3,0.0014015700127378561
Learned PS fixed QAM,0,0.11407748711084696,180,11,4,0.002293481413483093
Learned PS fixed QAM,0,0.11407748711084696,181,11,5,0.00568370453111117
Learned PS fixed QAM,0,0.11407748711084696,182,11,6,0.008481053466324315
Learned PS fixed QAM,0,0.11407748711084696,183,11,7,0.010358786618714286
Learned PS fixed QAM,0,0.11407748711084696,184,11,8,0.0076146683789919825
Learned PS fixed QAM,0,0.11407748711084696,185,11,9,0.008481051983127418
Learned PS fixed QAM,0,0.11407748711084696,186,11,10,0.005685012331257745
Learned PS fixed QAM,0,0.11407748711084696,187,11,11,0.0031199812537028716
Learned PS fixed QAM,0,0.11407748711084696,188,11,12,0.0014019041663404328
Learned PS fixed QAM,0,0.11407748711084696,189,11,13,0.0005156937943937277
Learned PS fixed QAM,0,0.11407748711084696,190,11,14,0.0001553301006926436
Learned PS fixed QAM,0,0.11407748711084696,191,11,15,3.830246407409497e-05
Learned PS fixed QAM,0,0.11407748711084696,192,12,0,1.7209465176706705e-05
Learned PS fixed QAM,0,0.11407748711084696,193,12,1,6.979329905988706e-05
Learned PS fixed QAM,0,0.11407748711084696,194,12,2,0.00023167111797104854
Learned PS fixed QAM,0,0.11407748711084696,195,12,3,0.0006299081349919912
Learned PS fixed QAM,0,0.11407748711084696,196,12,4,0.0014019003145683505
Learned PS fixed QAM,0,0.11407748711084696,197,12,5,0.0018777444460624044
Learned PS fixed QAM,0,0.11407748711084696,198,12,6,0.00280126484869668
Learned PS fixed QAM,0,0.11407748711084696,199,12,7,0.003421465978729025
Learned PS fixed QAM,0,0.11407748711084696,200,12,8,0.004654494295171077
Learned PS fixed QAM,0,0.11407748711084696,201,12,9,0.0028012694313117835
Learned PS fixed QAM,0,0.11407748711084696,202,12,10,0.0018777488750532272
Learned PS fixed QAM,0,0.11407748711084696,203,12,11,0.0014018748456286973
Learned PS fixed QAM,0,0.11407748711084696,204,12,12,0.0004631787001477708
Learned PS fixed QAM,0,0.11407748711084696,205,12,13,0.00023172561279933169
Learned PS fixed QAM,0,0.11407748711084696,206,12,14,6.979309203805997e-05
Learned PS fixed QAM,0,0.11407748711084696,207,12,15,1.720892501802764e-05
Learned PS fixed QAM,0,0.11407748711084696,208,13,0,6.329235339130625e-06
Learned PS fixed QAM,0,0.11407748711084696,209,13,1,2.5673258718631154e-05
Learned PS fixed QAM,0,0.11407748711084696,210,13,2,8.524321054020643e-05
Learned PS fixed QAM,0,0.11407748711084696,211,13,3,0.0002316552082149367
Learned PS fixed QAM,0,0.11407748711084696,212,13,4,0.0005157182243761563
Learned PS fixed QAM,0,0.11407748711084696,213,13,5,0.0009394929277892618
Learned PS fixed QAM,0,0.11407748711084696,214,13,6,0.001030531081884614
Learned PS fixed QAM,0,0.11407748711084696,215,13,7,0.0017118639961728823
Learned PS fixed QAM,0,0.11407748711084696,216,13,8,0.0017122799371040694
Learned PS fixed QAM,0,0.11407748711084696,217,13,9,0.001401547086614668
Learned PS fixed QAM,0,0.11407748711084696,218,13,10,0.0006907896701300199
Learned PS fixed QAM,0,0.11407748711084696,219,13,11,0.0005157168857214845
Learned PS fixed QAM,0,0.11407748711084696,220,13,12,0.00023172661491311776
Learned PS fixed QAM,0,0.11407748711084696,221,13,13,8.524289257173479e-05
Learned PS fixed QAM,0,0.11407748711084696,222,13,14,2.5670633134072e-05
Learned PS fixed QAM,0,0.11407748711084696,223,13,15,6.329631952997537e-06
Learned PS fixed QAM,0,0.11407748711084696,224,14,0,1.9055979450210639e-06
Learned PS fixed QAM,0,0.11407748711084696,225,14,1,7.731312771532323e-06
Learned PS fixed QAM,0,0.11407748711084696,226,14,2,2.5673327966634478e-05
Learned PS fixed QAM,0,0.11407748711084696,227,14,3,6.978893897098491e-05
Learned PS fixed QAM,0,0.11407748711084696,228,14,4,0.00015530707081522427
Learned PS fixed QAM,0,0.11407748711084696,229,14,5,0.00020807316007046337
Learned PS fixed QAM,0,0.11407748711084696,230,14,6,0.00042211110517745753
Learned PS fixed QAM,0,0.11407748711084696,231,14,7,0.0005142059675708705
Learned PS fixed QAM,0,0.11407748711084696,232,14,8,0.00037911865036305503
Learned PS fixed QAM,0,0.11407748711084696,233,14,9,0.00031039852971267995
Learned PS fixed QAM,0,0.11407748711084696,234,14,10,0.00028302974001599175
Learned PS fixed QAM,0,0.11407748711084696,235,14,11,0.00015532901839858078
Learned PS fixed QAM,0,0.11407748711084696,236,14,12,6.978939555536622e-05
Learned PS fixed QAM,0,0.11407748711084696,237,14,13,2.567242061141593e-05
Learned PS fixed QAM,0,0.11407748711084696,238,14,14,7.73004218493717e-06
Learned PS fixed QAM,0,0.11407748711084696,239,14,15,1.9055878861948886e-06
Learned PS fixed QAM,0,0.11407748711084696,240,15,0,4.6934533250275393e-07
Learned PS fixed QAM,0,0.11407748711084696,241,15,1,1.9055399538193735e-06
Learned PS fixed QAM,0,0.11407748711084696,242,15,2,6.323362945421107e-06
Learned PS fixed QAM,0,0.11407748711084696,243,15,3,1.720591416383542e-05
Learned PS fixed QAM,0,0.11407748711084696,244,15,4,3.830071435916606e-05
Learned PS fixed QAM,0,0.11407748711084696,245,15,5,6.838878600951198e-05
Learned PS fixed QAM,0,0.11407748711084696,246,15,6,0.00010411752129178045
Learned PS fixed QAM,0,0.11407748711084696,247,15,7,0.00012717165540258635
Learned PS fixed QAM,0,0.11407748711084696,248,15,8,9.859800862079769e-05
Learned PS fixed QAM,0,0.11407748711084696,249,15,9,0.00010412005952747888
Learned PS fixed QAM,0,0.11407748711084696,250,15,10,6.979039603634274e-05
Learned PS fixed QAM,0,0.11407748711084696,251,15,11,3.830166855659629e-05
Learned PS fixed QAM,0,0.11407748711084696,252,15,12,1.7207301443106645e-05
Learned PS fixed QAM,0,0.11407748711084696,253,15,13,6.329313830624627e-06
Learned PS fixed QAM,0,0.11407748711084696,254,15,14,1.9053591235400653e-06
Learned PS fixed QAM,0,0.11407748711084696,255,15,15,4.6926345020021723e-07
Learned PS fixed QAM,1,0.03916032981456744,0,0,0,5.05760216455437e-07
Learned PS fixed QAM,1,0.03916032981456744,1,0,1,2.0541834678781246e-06
Learned PS fixed QAM,1,0.03916032981456744,2,0,2,6.827415871140192e-06
Learned PS fixed QAM,1,0.03916032981456744,3,0,3,1.8569779174229618e-05
Learned PS fixed QAM,1,0.03916032981456744,4,0,4,4.133279707914616e-05
Learned PS fixed QAM,1,0.03916032981456744,5,0,5,7.531634842615889e-05
Learned PS fixed QAM,1,0.03916032981456744,6,0,6,0.00011235974408646607
Learned PS fixed QAM,1,0.03916032981456744,7,0,7,0.0001372396572817979
Learned PS fixed QAM,1,0.03916032981456744,8,0,8,0.0001372429203279615
Learned PS fixed QAM,1,0.03916032981456744,9,0,9,0.00011236240756097423
Learned PS fixed QAM,1,0.03916032981456744,10,0,10,7.53176913588684e-05
Learned PS fixed QAM,1,0.03916032981456744,11,0,11,4.133067734685549e-05
Learned PS fixed QAM,1,0.03916032981456744,12,0,12,1.800852888229625e-05
Learned PS fixed QAM,1,0.03916032981456744,13,0,13,6.829221524148389e-06
Learned PS fixed QAM,1,0.03916032981456744,14,0,14,2.055440814322554e-06
Learned PS fixed QAM,1,0.03916032981456744,15,0,15,5.057516694196738e-07
Learned PS fixed QAM,1,0.03916032981456744,16,1,0,2.055342496690842e-06
Learned PS fixed QAM,1,0.03916032981456744,17,1,1,8.340415876553731e-06
Learned PS fixed QAM,1,0.03916032981456744,18,1,2,2.7700698734809733e-05
Learned PS fixed QAM,1,0.03916032981456744,19,1,3,4.460440604492685e-05
Learned PS fixed QAM,1,0.03916032981456744,20,1,4,9.923911248522028e-05
Learned PS fixed QAM,1,0.03916032981456744,21,1,5,0.0003054400040991025
Learned PS fixed QAM,1,0.03916032981456744,22,1,6,0.0004543753164876324
Learned PS fixed QAM,1,0.03916032981456744,23,1,7,0.000556556452197385
Learned PS fixed QAM,1,0.03916032981456744,24,1,8,0.0005565587666169199
Learned PS fixed QAM,1,0.03916032981456744,25,1,9,0.0002697022900996012
Learned PS fixed QAM,1,0.03916032981456744,26,1,10,0.00029886058250545183
Learned PS fixed QAM,1,0.03916032981456744,27,1,11,0.00016762284619350288
Learned PS fixed QAM,1,0.03916032981456744,28,1,12,7.528367580841329e-05
Learned PS fixed QAM,1,0.03916032981456744,29,1,13,2.7685058608302734e-05
Learned PS fixed QAM,1,0.03916032981456744,30,1,14,8.340215278509337e-06
Learned PS fixed QAM,1,0.03916032981456744,31,1,15,2.0557241587783392e-06
Learned PS fixed QAM,1,0.03916032981456744,32,2,0,6.829622745874238e-06
Learned PS fixed QAM,1,0.03916032981456744,33,2,1,2.7701664565677592e-05
Learned PS fixed QAM,1,0.03916032981456744,34,2,2,9.197880786757304e-05
Learned PS fixed QAM,1,0.03916032981456744,35,2,3,0.0002500643883606089
Learned PS fixed QAM,1,0.03916032981456744,36,2,4,0.0005565554601430684
Learned PS fixed QAM,1,0.03916032981456744,37,2,5,0.0010141291864613183
Learned PS fixed QAM,1,0.03916032981456744,38,2,6,0.0008962054909096713
Learned PS fixed QAM,1,0.03916032981456744,39,2,7,0.0018478799408955626
Learned PS fixed QAM,1,0.03916032981456744,40,2,8,0.001093667498093462
Learned PS fixed QAM,1,0.03916032981456744,41,2,9,0.0008956102695760729
Learned PS fixed QAM,1,0.03916032981456744,42,2,10,0.0006002448307055706
Learned PS fixed QAM,1,0.03916032981456744,43,2,11,0.0005565278362515139
Learned PS fixed QAM,1,0.03916032981456744,44,2,12,0.0002500717833624293
Learned PS fixed QAM,1,0.03916032981456744,45,2,13,9.198621424544533e-05
Learned PS fixed QAM,1,0.03916032981456744,46,2,14,2.770329016499076e-05
Learned PS fixed QAM,1,0.03916032981456744,47,2,15,6.829704888104975e-06
Learned PS fixed QAM,1,0.03916032981456744,48,3,0,1.8570012047264028e-05
Learned PS fixed QAM,1,0.03916032981456744,49,3,1,7.531351379249568e-05
Learned PS fixed QAM,1,0.03916032981456744,50,3,2,0.00025007832852582844
Learned PS fixed QAM,1,0.03916032981456744,51,3,3,0.0006797901851406687
Learned PS fixed QAM,1,0.03916032981456744,52,3,4,0.0008954548142648445
Learned PS fixed QAM,1,0.03916032981456744,53,3,5,0.002756738869518088
Learned PS fixed QAM,1,0.03916032981456744,54,3,6,0.004112549308250283
Learned PS fixed QAM,1,0.03916032981456744,55,3,7,0.004277091895289718
Learned PS fixed QAM,1,0.03916032981456744,56,3,8,0.0029728881891113073
Learned PS fixed QAM,1,0.03916032981456744,57,3,9,0.0040235943656012985
Learned PS fixed QAM,1,0.03916032981456744,58,3,10,0.0016315021425849798
Learned PS fixed QAM,1,0.03916032981456744,59,3,11,0.001512907696321381
Learned PS fixed QAM,1,0.03916032981456744,60,3,12,0.0006797690386382998
Learned PS fixed QAM,1,0.03916032981456744,61,3,13,0.0002500724982940362
Learned PS fixed QAM,1,0.03916032981456744,62,3,14,7.531073523778494e-05
Learned PS fixed QAM,1,0.03916032981456744,63,3,15,1.8569638791650738e-05
Learned PS fixed QAM,1,0.03916032981456744,64,4,0,4.133310857726359e-05
Learned PS fixed QAM,1,0.03916032981456744,65,4,1,0.00016762329286268448
Learned PS fixed QAM,1,0.03916032981456744,66,4,2,0.0005519742306941062
Learned PS fixed QAM,1,0.03916032981456744,67,4,3,0.0015129170462203226
Learned PS fixed QAM,1,0.03916032981456744,68,4,4,0.0033670643937441505
Learned PS fixed QAM,1,0.03916032981456744,69,4,5,0.006085579458051927
Learned PS fixed QAM,1,0.03916032981456744,70,4,6,0.009152724993152074
Learned PS fixed QAM,1,0.03916032981456744,71,4,7,0.0066163199889164885
Learned PS fixed QAM,1,0.03916032981456744,72,4,8,0.006788152014339408
Learned PS fixed QAM,1,0.03916032981456744,73,4,9,0.00541694336235172
Learned PS fixed QAM,1,0.03916032981456744,74,4,10,0.006135281952573721
Learned PS fixed QAM,1,0.03916032981456744,75,4,11,0.0033670918037296085
Learned PS fixed QAM,1,0.03916032981456744,76,4,12,0.00149547509635753
Learned PS fixed QAM,1,0.03916032981456744,77,4,13,0.0005550180021958164
Learned PS fixed QAM,1,0.03916032981456744,78,4,14,0.00016762094118123887
Learned PS fixed QAM,1,0.03916032981456744,79,4,15,4.1335240158945915e-05
Learned PS fixed QAM,1,0.03916032981456744,80,5,0,7.532022330758322e-05
Learned PS fixed QAM,1,0.03916032981456744,81,5,1,0.00030543281107325485
Learned PS fixed QAM,1,0.03916032981456744,82,5,2,0.0010141387400934086
Learned PS fixed QAM,1,0.03916032981456744,83,5,3,0.002756746280192301
Learned PS fixed QAM,1,0.03916032981456744,84,5,4,0.006135037357596635
Learned PS fixed QAM,1,0.03916032981456744,85,5,5,0.01117923330114843
Learned PS fixed QAM,1,0.03916032981456744,86,5,6,0.010125582042132514
Learned PS fixed QAM,1,0.03916032981456744,87,5,7,0.012055226071859444
Learned PS fixed QAM,1,0.03916032981456744,88,5,8,0.020369912047229554
Learned PS fixed QAM,1,0.03916032981456744,89,5,9,0.01667746785598497
Learned PS fixed QAM,1,0.03916032981456744,90,5,10,0.011179226198035531
Learned PS fixed QAM,1,0.03916032981456744,91,5,11,0.006135266388570989
Learned PS fixed QAM,1,0.03916032981456744,92,5,12,0.001631555538378248
Learned PS fixed QAM,1,0.03916032981456744,93,5,13,0.0010141398869303476
Learned PS fixed QAM,1,0.03916032981456744,94,5,14,0.0003054488316966733
Learned PS fixed QAM,1,0.03916032981456744,95,5,15,7.531951370149652e-05
Learned PS fixed QAM,1,0.03916032981456744,96,6,0,0.00011236559660192864
Learned PS fixed QAM,1,0.03916032981456744,97,6,1,0.0004556803990169719
Learned PS fixed QAM,1,0.03916032981456744,98,6,2,0.0008954695241051433
Learned PS fixed QAM,1,0.03916032981456744,99,6,3,0.004112601226472821
Learned PS fixed QAM,1,0.03916032981456744,100,6,4,0.005623786861948934
Learned PS fixed QAM,1,0.03916032981456744,101,6,5,0.016677461491079477
Learned PS fixed QAM,1,0.03916032981456744,102,6,6,0.024879871003599098
Learned PS fixed QAM,1,0.03916032981456744,103,6,7,0.030387219398129193
Learned PS fixed QAM,1,0.03916032981456744,104,6,8,0.017984261844650358
Learned PS fixed QAM,1,0.03916032981456744,105,6,9,0.01472428193508993
Learned PS fixed QAM,1,0.03916032981456744,106,6,10,0.009870320855603307
Learned PS fixed QAM,1,0.03916032981456744,107,6,11,0.009152785995551254
Learned PS fixed QAM,1,0.03916032981456744,108,6,12,0.0024339927518616015
Learned PS fixed QAM,1,0.03916032981456744,109,6,13,0.0015129338347823686
Learned PS fixed QAM,1,0.03916032981456744,110,6,14,0.00045567181735187455
Learned PS fixed QAM,1,0.03916032981456744,111,6,15,0.00011236525187363364
Learned PS fixed QAM,1,0.03916032981456744,112,7,0,0.0001372452437159632
Learned PS fixed QAM,1,0.03916032981456744,113,7,1,0.0005565704121623832
Learned PS fixed QAM,1,0.03916032981456744,114,7,2,0.0018079597645441468
Learned PS fixed QAM,1,0.03916032981456744,115,7,3,0.005023149777546858
Learned PS fixed QAM,1,0.03916032981456744,116,7,4,0.006616042832750135
Learned PS fixed QAM,1,0.03916032981456744,117,7,5,0.012055229001446505
Learned PS fixed QAM,1,0.03916032981456744,118,7,6,0.030388343803435816
Learned PS fixed QAM,1,0.03916032981456744,119,7,7,0.037115163383782464
Learned PS fixed QAM,1,0.03916032981456744,120,7,8,0.0371150741252012
Learned PS fixed QAM,1,0.03916032981456744,121,7,9,0.01798425959870463
Learned PS fixed QAM,1,0.03916032981456744,122,7,10,0.020369225312332914
Learned PS fixed QAM,1,0.03916032981456744,123,7,11,0.011179236995788207
Learned PS fixed QAM,1,0.03916032981456744,124,7,12,0.005023148339379189
Learned PS fixed QAM,1,0.03916032981456744,125,7,13,0.0018479033848891764
Learned PS fixed QAM,1,0.03916032981456744,126,7,14,0.0005565721663179782
Learned PS fixed QAM,1,0.03916032981456744,127,7,15,0.0001372439546179507
Learned PS fixed QAM,1,0.03916032981456744,128,8,0,0.000137244526810387
Learned PS fixed QAM,1,0.03916032981456744,129,8,1,0.000555026304302755
Learned PS fixed QAM,1,0.03916032981456744,130,8,2,0.0018477940322184027
Learned PS fixed QAM,1,0.03916032981456744,131,8,3,0.005023151686588657
Learned PS fixed QAM,1,0.03916032981456744,132,8,4,0.011179228178175241
Learned PS fixed QAM,1,0.03916032981456744,133,8,5,0.020369133785610397
Learned PS fixed QAM,1,0.03916032981456744,134,8,6,0.0179842659526969
Learned PS fixed QAM,1,0.03916032981456744,135,8,7,0.022025279708828265
Learned PS fixed QAM,1,0.03916032981456744,136,8,8,0.021966052426832246
Learned PS fixed QAM,1,0.03916032981456744,137,8,9,0.030388173208759396
Learned PS fixed QAM,1,0.03916032981456744,138,8,10,0.02036922937739504
Learned PS fixed QAM,1,0.03916032981456744,139,8,11,0.011179234443018764
Learned PS fixed QAM,1,0.03916032981456744,140,8,12,0.002972880507374486
Learned PS fixed QAM,1,0.03916032981456744,141,8,13,0.0018479052522853473
Learned PS fixed QAM,1,0.03916032981456744,142,8,14,0.0005565735779844206
Learned PS fixed QAM,1,0.03916032981456744,143,8,15,0.00013724619746443003
Learned PS fixed QAM,1,0.03916032981456744,144,9,0,0.00011236527351543453
Learned PS fixed QAM,1,0.03916032981456744,145,9,1,0.0004556817094359666
Learned PS fixed QAM,1,0.03916032981456744,146,9,2,0.0015128631547419722
Learned PS fixed QAM,1,0.03916032981456744,147,9,3,0.00411239261236783
Learned PS fixed QAM,1,0.03916032981456744,148,9,4,0.009152284868496735
Learned PS fixed QAM,1,0.03916032981456744,149,9,5,0.016676904861984452
Learned PS fixed QAM,1,0.03916032981456744,150,9,6,0.014724785484626702
Learned PS fixed QAM,1,0.03916032981456744,151,9,7,0.01798498437170766
Learned PS fixed QAM,1,0.03916032981456744,152,9,8,0.017984880758947806
Learned PS fixed QAM,1,0.03916032981456744,153,9,9,0.024879847198958638
Learned PS fixed QAM,1,0.03916032981456744,154,9,10,0.009896722919601057
Learned PS fixed QAM,1,0.03916032981456744,155,9,11,0.00915276658607889
Learned PS fixed QAM,1,0.03916032981456744,156,9,12,0.004112441292251122
Learned PS fixed QAM,1,0.03916032981456744,157,9,13,0.0015129114352955956
Learned PS fixed QAM,1,0.03916032981456744,158,9,14,0.00045568186911664404
Learned PS fixed QAM,1,0.03916032981456744,159,9,15,0.00011236675759163229
Learned PS fixed QAM,1,0.03916032981456744,160,10,0,7.53175706841688e-05
Learned PS fixed QAM,1,0.03916032981456744,161,10,1,0.0003054510051979869
Learned PS fixed QAM,1,0.03916032981456744,162,10,2,0.0009713630389437357
Learned PS fixed QAM,1,0.03916032981456744,163,10,3,0.0027567518510134142
Learned PS fixed QAM,1,0.03916032981456744,164,10,4,0.006135283879796889
Learned PS fixed QAM,1,0.03916032981456744,165,10,5,0.011179216427243748
Learned PS fixed QAM,1,0.03916032981456744,166,10,6,0.009870361024164933
Learned PS fixed QAM,1,0.03916032981456744,167,10,7,0.020369133077153784
Learned PS fixed QAM,1,0.03916032981456744,168,10,8,0.012055407969740355
Learned PS fixed QAM,1,0.03916032981456744,169,10,9,0.009869979544159456
Learned PS fixed QAM,1,0.03916032981456744,170,10,10,0.006616047901657147
Learned PS fixed QAM,1,0.03916032981456744,171,10,11,0.006135284573922264
Learned PS fixed QAM,1,0.03916032981456744,172,10,12,0.0027567443377590714
Learned PS fixed QAM,1,0.03916032981456744,173,10,13,0.0010141156358536311
Learned PS fixed QAM,1,0.03916032981456744,174,10,14,0.00030544273112135357
Learned PS fixed QAM,1,0.03916032981456744,175,10,15,7.532056774256962e-05
Learned PS fixed QAM,1,0.03916032981456744,176,11,0,4.133453653127961e-05
Learned PS fixed QAM,1,0.03916032981456744,177,11,1,0.00016763134990158702
Learned PS fixed QAM,1,0.03916032981456744,178,11,2,0.0005565553338399383
Learned PS fixed QAM,1,0.03916032981456744,179,11,3,0.0015128999067500189
Learned PS fixed QAM,1,0.03916032981456744,180,11,4,0.00199278769501229
Learned PS fixed QAM,1,0.03916032981456744,181,11,5,0.006135232977019871
Learned PS fixed QAM,1,0.03916032981456744,182,11,6,0.009152775899860667
Learned PS fixed QAM,1,0.03916032981456744,183,11,7,0.011179234140664676
Learned PS fixed QAM,1,0.03916032981456744,184,11,8,0.006616355956427272
Learned PS fixed QAM,1,0.03916032981456744,185,11,9,0.009152770287882408
Learned PS fixed QAM,1,0.03916032981456744,186,11,10,0.006135274013978429
Learned PS fixed QAM,1,0.03916032981456744,187,11,11,0.003367077279650861
Learned PS fixed QAM,1,0.03916032981456744,188,11,12,0.0015129354663759873
Learned PS fixed QAM,1,0.03916032981456744,189,11,13,0.0005564886923257984
Learned PS fixed QAM,1,0.03916032981456744,190,11,14,0.0001676286953493248
Learned PS fixed QAM,1,0.03916032981456744,191,11,15,4.133404740203569e-05
Learned PS fixed QAM,1,0.03916032981456744,192,12,0,1.8570981120584217e-05
Learned PS fixed QAM,1,0.03916032981456744,193,12,1,7.531873393593759e-05
Learned PS fixed QAM,1,0.03916032981456744,194,12,2,0.0002500657946251098
Learned PS fixed QAM,1,0.03916032981456744,195,12,3,0.0006797923809917668
Learned PS fixed QAM,1,0.03916032981456744,196,12,4,0.001512930044351401
Learned PS fixed QAM,1,0.03916032981456744,197,12,5,0.0016315580519973324
Learned PS fixed QAM,1,0.03916032981456744,198,12,6,0.002433917219500128
Learned PS fixed QAM,1,0.03916032981456744,199,12,7,0.002972881783773333
Learned PS fixed QAM,1,0.03916032981456744,200,12,8,0.005023138049822827
Learned PS fixed QAM,1,0.03916032981456744,201,12,9,0.0024340039098479055
Learned PS fixed QAM,1,0.03916032981456744,202,12,10,0.001631563588266084
Learned PS fixed QAM,1,0.03916032981456744,203,12,11,0.0015128334823378596
Learned PS fixed QAM,1,0.03916032981456744,204,12,12,0.00040257674882327496
Learned PS fixed QAM,1,0.03916032981456744,205,12,13,0.0002500728559043704
Learned PS fixed QAM,1,0.03916032981456744,206,12,14,7.531827870984185e-05
Learned PS fixed QAM,1,0.03916032981456744,207,12,15,1.857002339986564e-05
Learned PS fixed QAM,1,0.03916032981456744,208,13,0,6.828781289899953e-06
Learned PS fixed QAM,1,0.03916032981456744,209,13,1,2.7704278465943403e-05
Learned PS fixed QAM,1,0.03916032981456744,210,13,2,9.19903608556697e-05
Learned PS fixed QAM,1,0.03916032981456744,211,13,3,0.0002500312095523513
Learned PS fixed QAM,1,0.03916032981456744,212,13,4,0.0005565531818025809
Learned PS fixed QAM,1,0.03916032981456744,213,13,5,0.0010141135763154401
Learned PS fixed QAM,1,0.03916032981456744,214,13,6,0.0008953925256290826
Learned PS fixed QAM,1,0.03916032981456744,215,13,7,0.0018478363750746957
Learned PS fixed QAM,1,0.03916032981456744,216,13,8,0.0018478893918977344
Learned PS fixed QAM,1,0.03916032981456744,217,13,9,0.0015128643190473203
Learned PS fixed QAM,1,0.03916032981456744,218,13,10,0.0006002056323124498
Learned PS fixed QAM,1,0.03916032981456744,219,13,11,0.0005565508849405754
Learned PS fixed QAM,1,0.03916032981456744,220,13,12,0.0002500746721953046
Learned PS fixed QAM,1,0.03916032981456744,221,13,13,9.198949873109524e-05
Learned PS fixed QAM,1,0.03916032981456744,222,13,14,2.770018770306157e-05
Learned PS fixed QAM,1,0.03916032981456744,223,13,15,6.8294337602779715e-06
Learned PS fixed QAM,1,0.03916032981456744,224,14,0,2.055477959782898e-06
Learned PS fixed QAM,1,0.03916032981456744,225,14,1,8.342005922754282e-06
Learned PS fixed QAM,1,0.03916032981456744,226,14,2,2.7704351100487365e-05
Learned PS fixed QAM,1,0.03916032981456744,227,14,3,7.531192878132343e-05
Learned PS fixed QAM,1,0.03916032981456744,228,14,4,0.00016760479493638404
Learned PS fixed QAM,1,0.03916032981456744,229,14,5,0.00018080141288469566
Learned PS fixed QAM,1,0.03916032981456744,230,14,6,0.00045561603723263516
Learned PS fixed QAM,1,0.03916032981456744,231,14,7,0.0005549967203348444
Learned PS fixed QAM,1,0.03916032981456744,232,14,8,0.0003294071511338669
Learned PS fixed QAM,1,0.03916032981456744,233,14,9,0.00026970820761795566
Learned PS fixed QAM,1,0.03916032981456744,234,14,10,0.0003054398580696033
Learned PS fixed QAM,1,0.03916032981456744,235,14,11,0.00016762685702004218
Learned PS fixed QAM,1,0.03916032981456744,236,14,12,7.531200522348182e-05
Learned PS fixed QAM,1,0.03916032981456744,237,14,13,2.7702658326717887e-05
Learned PS fixed QAM,1,0.03916032981456744,238,14,14,8.339750507406121e-06
Learned PS fixed QAM,1,0.03916032981456744,239,14,15,2.0554514443374284e-06
Learned PS fixed QAM,1,0.03916032981456744,240,15,0,5.058601934624986e-07
Learned PS fixed QAM,1,0.03916032981456744,241,15,1,2.0553708872620244e-06
Learned PS fixed QAM,1,0.03916032981456744,242,15,2,6.8205004244520725e-06
Learned PS fixed QAM,1,0.03916032981456744,243,15,3,1.8565754499602497e-05
Learned PS fixed QAM,1,0.03916032981456744,244,15,4,4.133150663533604e-05
Learned PS fixed QAM,1,0.03916032981456744,245,15,5,7.331950044842813e-05
Learned PS fixed QAM,1,0.03916032981456744,246,15,6,0.00011236019122245305
Learned PS fixed QAM,1,0.03916032981456744,247,15,7,0.00013723988797429616
Learned PS fixed QAM,1,0.03916032981456744,248,15,8,8.989421318166429e-05
Learned PS fixed QAM,1,0.03916032981456744,249,15,9,0.00011236336022236928
Learned PS fixed QAM,1,0.03916032981456744,250,15,10,7.531350231585113e-05
Learned PS fixed QAM,1,0.03916032981456744,251,15,11,4.133269027297069e-05
Learned PS fixed QAM,1,0.03916032981456744,252,15,12,1.8567036750415198e-05
Learned PS fixed QAM,1,0.03916032981456744,253,15,13,6.828881492057313e-06
Learned PS fixed QAM,1,0.03916032981456744,254,15,14,2.05504095278959e-06
Learned PS fixed QAM,1,0.03916032981456744,255,15,15,5.057100603879582e-07
Learned PS fixed QAM,2,0.09240864037887758,0,0,0,4.766580049896732e-07
Learned PS fixed QAM,2,0.09240864037887758,1,0,1,1.9350041903500303e-06
Learned PS fixed QAM,2,0.09240864037887758,2,0,2,6.429112771839511e-06
Learned PS fixed QAM,2,0.09240864037887758,3,0,3,1.7483060924374898e-05
Learned PS fixed QAM,2,0.09240864037887758,4,0,4,3.891244426738281e-05
Learned PS fixed QAM,2,0.09240864037887758,5,0,5,7.090502546301118e-05
Learned PS fixed QAM,2,0.09240864037887758,6,0,6,0.00010577859602131964
Learned PS fixed QAM,2,0.09240864037887758,7,0,7,0.0001292002142231812
Learned PS fixed QAM,2,0.09240864037887758,8,0,8,0.00012920208757731042
Learned PS fixed QAM,2,0.09240864037887758,9,0,9,0.0001057800915725771
Learned PS fixed QAM,2,0.09240864037887758,10,0,10,7.090576966310346e-05
Learned PS fixed QAM,2,0.09240864037887758,11,0,11,3.8911043029402104e-05
Learned PS fixed QAM,2,0.09240864037887758,12,0,12,1.7068586685701773e-05
Learned PS fixed QAM,2,0.09240864037887758,13,0,13,6.430224883736481e-06
Learned PS fixed QAM,2,0.09240864037887758,14,0,14,1.9358038968403273e-06
Learned PS fixed QAM,2,0.09240864037887758,15,0,15,4.7665160657370365e-07
Learned PS fixed QAM,2,0.09240864037887758,16,1,0,1.9357467111005116e-06
Learned PS fixed QAM,2,0.09240864037887758,17,1,1,7.853402438826457e-06
Learned PS fixed QAM,2,0.09240864037887758,18,1,2,2.608030899297157e-05
Learned PS fixed QAM,2,0.09240864037887758,19,1,3,4.9968825748602416e-05
Learned PS fixed QAM,2,0.09240864037887758,20,1,4,0.00011120102121489923
Learned PS fixed QAM,2,0.09240864037887758,21,1,5,0.00028754499697069126
Learned PS fixed QAM,2,0.09240864037887758,22,1,6,0.0004277542917247845
Learned PS fixed QAM,2,0.09240864037887758,23,1,7,0.0005239456888264369
Learned PS fixed QAM,2,0.09240864037887758,24,1,8,0.0005239467140175916
Learned PS fixed QAM,2,0.09240864037887758,25,1,9,0.00030219555108636665
Learned PS fixed QAM,2,0.09240864037887758,26,1,10,0.00028247237627442284
Learned PS fixed QAM,2,0.09240864037887758,27,1,11,0.00015780386401686257
Learned PS fixed QAM,2,0.09240864037887758,28,1,12,7.087550891038939e-05
Learned PS fixed QAM,2,0.09240864037887758,29,1,13,2.6067382163947728e-05
Learned PS fixed QAM,2,0.09240864037887758,30,1,14,7.853247393698952e-06
Learned PS fixed QAM,2,0.09240864037887758,31,1,15,1.935985172057153e-06
Learned PS fixed QAM,2,0.09240864037887758,32,2,0,6.430497209876711e-06
Learned PS fixed QAM,2,0.09240864037887758,33,2,1,2.608085033751567e-05
Learned PS fixed QAM,2,0.09240864037887758,34,2,2,8.659505295162454e-05
Learned PS fixed QAM,2,0.09240864037887758,35,2,3,0.00023541595443174446
Learned PS fixed QAM,2,0.09240864037887758,36,2,4,0.0005239450296572009
Learned PS fixed QAM,2,0.09240864037887758,37,2,5,0.0009547021858060111
Learned PS fixed QAM,2,0.09240864037887758,38,2,6,0.0010038690216244458
Learned PS fixed QAM,2,0.09240864037887758,39,2,7,0.0017395912254584921
Learned PS fixed QAM,2,0.09240864037887758,40,2,8,0.001225416543236539
Learned PS fixed QAM,2,0.09240864037887758,41,2,9,0.0010034312111584422
Learned PS fixed QAM,2,0.09240864037887758,42,2,10,0.0006725593983586713
Learned PS fixed QAM,2,0.09240864037887758,43,2,11,0.0005238785278229093
Learned PS fixed QAM,2,0.09240864037887758,44,2,12,0.0002354207279119306
Learned PS fixed QAM,2,0.09240864037887758,45,2,13,8.65922308012219e-05
Learned PS fixed QAM,2,0.09240864037887758,46,2,14,2.608184725363216e-05
Learned PS fixed QAM,2,0.09240864037887758,47,2,15,6.430546094081773e-06
Learned PS fixed QAM,2,0.09240864037887758,48,3,0,1.7483202409960187e-05
Learned PS fixed QAM,2,0.09240864037887758,49,3,1,7.090316958024325e-05
Learned PS fixed QAM,2,0.09240864037887758,50,3,2,0.00023542490107178116
Learned PS fixed QAM,2,0.09240864037887758,51,3,3,0.000639955592253027
Learned PS fixed QAM,2,0.09240864037887758,52,3,4,0.0010033224376205623
Learned PS fixed QAM,2,0.09240864037887758,53,3,5,0.0025951810970350447
Learned PS fixed QAM,2,0.09240864037887758,54,3,6,0.003871544211899755
Learned PS fixed QAM,2,0.09240864037887758,55,3,7,0.0042754541472228525
Learned PS fixed QAM,2,0.09240864037887758,56,3,8,0.003331021482947316
Learned PS fixed QAM,2,0.09240864037887758,57,3,9,0.0038028752386370375
Learned PS fixed QAM,2,0.09240864037887758,58,3,10,0.0018281037618356874
Learned PS fixed QAM,2,0.09240864037887758,59,3,11,0.0014241165347105252
Learned PS fixed QAM,2,0.09240864037887758,60,3,12,0.000639944483766645
Learned PS fixed QAM,2,0.09240864037887758,61,3,13,0.00023542116210710227
Learned PS fixed QAM,2,0.09240864037887758,62,3,14,7.090117809987002e-05
Learned PS fixed QAM,2,0.09240864037887758,63,3,15,1.748296824386302e-05
Learned PS fixed QAM,2,0.09240864037887758,64,4,0,3.8912568890584125e-05
Learned PS fixed QAM,2,0.09240864037887758,65,4,1,0.0001578040930871475
Learned PS fixed QAM,2,0.09240864037887758,66,4,2,0.0005200699471330217
Learned PS fixed QAM,2,0.09240864037887758,67,4,3,0.001424257267479899
Learned PS fixed QAM,2,0.09240864037887758,68,4,4,0.003169446221432992
Learned PS fixed QAM,2,0.09240864037887758,69,4,5,0.005733505834537276
Learned PS fixed QAM,2,0.09240864037887758,70,4,6,0.008615524710211162
Learned PS fixed QAM,2,0.09240864037887758,71,4,7,0.007413349171648754
Learned PS fixed QAM,2,0.09240864037887758,72,4,8,0.007568780999000282
Learned PS fixed QAM,2,0.09240864037887758,73,4,9,0.0060695069537579265
Learned PS fixed QAM,2,0.09240864037887758,74,4,10,0.00577571136142453
Learned PS fixed QAM,2,0.09240864037887758,75,4,11,0.0031694663155610587
Learned PS fixed QAM,2,0.09240864037887758,76,4,12,0.0014099630003958996
Learned PS fixed QAM,2,0.09240864037887758,77,4,13,0.0005224800018810241
Learned PS fixed QAM,2,0.09240864037887758,78,4,14,0.00015778818912877423
Learned PS fixed QAM,2,0.09240864037887758,79,4,15,3.891394055298882e-05
Learned PS fixed QAM,2,0.09240864037887758,80,5,0,7.090741890719716e-05
Learned PS fixed QAM,2,0.09240864037887758,81,5,1,0.00028751281458678384
Learned PS fixed QAM,2,0.09240864037887758,82,5,2,0.0009547083299548374
Learned PS fixed QAM,2,0.09240864037887758,83,5,3,0.002595186165057714
Learned PS fixed QAM,2,0.09240864037887758,84,5,4,0.005775686641505121
Learned PS fixed QAM,2,0.09240864037887758,85,5,5,0.010524046483509717
Learned PS fixed QAM,2,0.09240864037887758,86,5,6,0.011290367974813925
Learned PS fixed QAM,2,0.09240864037887758,87,5,7,0.013507935670248005
Learned PS fixed QAM,2,0.09240864037887758,88,5,8,0.019176075887410046
Learned PS fixed QAM,2,0.09240864037887758,89,5,9,0.015700040221915654
Learned PS fixed QAM,2,0.09240864037887758,90,5,10,0.010524041317158003
Learned PS fixed QAM,2,0.09240864037887758,91,5,11,0.005775702063360763
Learned PS fixed QAM,2,0.09240864037887758,92,5,12,0.0018281030941946677
Learned PS fixed QAM,2,0.09240864037887758,93,5,13,0.0009547090003508808
Learned PS fixed QAM,2,0.09240864037887758,94,5,14,0.00028755019135209305
Learned PS fixed QAM,2,0.09240864037887758,95,5,15,7.090698364597903e-05
Learned PS fixed QAM,2,0.09240864037887758,96,6,0,0.00010578207508478877
Learned PS fixed QAM,2,0.09240864037887758,97,6,1,0.00042897709917600837
Learned PS fixed QAM,2,0.09240864037887758,98,6,2,0.0010033231264163708
Learned PS fixed QAM,2,0.09240864037887758,99,6,3,0.003871574809193248
Learned PS fixed QAM,2,0.09240864037887758,100,6,4,0.006207178742277645
Learned PS fixed QAM,2,0.09240864037887758,101,6,5,0.015700035376188474
Learned PS fixed QAM,2,0.09240864037887758,102,6,6,0.02342171462578122
Learned PS fixed QAM,2,0.09240864037887758,103,6,7,0.028607279931415982
Learned PS fixed QAM,2,0.09240864037887758,104,6,8,0.020151455918172776
Learned PS fixed QAM,2,0.09240864037887758,105,6,9,0.01649862404762931
Learned PS fixed QAM,2,0.09240864037887758,106,6,10,0.011059367037189825
Learned PS fixed QAM,2,0.09240864037887758,107,6,11,0.00861636285736764
Learned PS fixed QAM,2,0.09240864037887758,108,6,12,0.0027272076459444834
Learned PS fixed QAM,2,0.09240864037887758,109,6,13,0.0014242679131470795
Learned PS fixed QAM,2,0.09240864037887758,110,6,14,0.0004289722574340493
Learned PS fixed QAM,2,0.09240864037887758,111,6,15,0.00010578187790818842
Learned PS fixed QAM,2,0.09240864037887758,112,7,0,0.00012920351255233729
Learned PS fixed QAM,2,0.09240864037887758,113,7,1,0.0005239546782895931
Learned PS fixed QAM,2,0.09240864037887758,114,7,2,0.0017087699425764383
Learned PS fixed QAM,2,0.09240864037887758,115,7,3,0.004728756876689574
Learned PS fixed QAM,2,0.09240864037887758,116,7,4,0.007413307487374675
Learned PS fixed QAM,2,0.09240864037887758,117,7,5,0.013507934489078874
Learned PS fixed QAM,2,0.09240864037887758,118,7,6,0.028607347142748436
Learned PS fixed QAM,2,0.09240864037887758,119,7,7,0.03494109120802059
Learned PS fixed QAM,2,0.09240864037887758,120,7,8,0.03494103738940252
Learned PS fixed QAM,2,0.09240864037887758,121,7,9,0.02015145386596776
Learned PS fixed QAM,2,0.09240864037887758,122,7,10,0.019176070409646973
Learned PS fixed QAM,2,0.09240864037887758,123,7,11,0.010524048788700908
Learned PS fixed QAM,2,0.09240864037887758,124,7,12,0.004728755963751735
Learned PS fixed QAM,2,0.09240864037887758,125,7,13,0.0017396058796341593
Learned PS fixed QAM,2,0.09240864037887758,126,7,14,0.0005239558444145003
Learned PS fixed QAM,2,0.09240864037887758,127,7,15,0.00012920271049210005
Learned PS fixed QAM,2,0.09240864037887758,128,8,0,0.0001292030610157737
Learned PS fixed QAM,2,0.09240864037887758,129,8,1,0.0005224853405319265
Learned PS fixed QAM,2,0.09240864037887758,130,8,2,0.0017395756445682993
Learned PS fixed QAM,2,0.09240864037887758,131,8,3,0.004728757916767699
Learned PS fixed QAM,2,0.09240864037887758,132,8,4,0.010524043785640974
Learned PS fixed QAM,2,0.09240864037887758,133,8,5,0.019176015388269435
Learned PS fixed QAM,2,0.09240864037887758,134,8,6,0.020151458778704574
Learned PS fixed QAM,2,0.09240864037887758,135,8,7,0.02468085397107719
Learned PS fixed QAM,2,0.09240864037887758,136,8,8,0.024615393712420185
Learned PS fixed QAM,2,0.09240864037887758,137,8,9,0.028604526423268304
Learned PS fixed QAM,2,0.09240864037887758,138,8,10,0.019176072667428577
Learned PS fixed QAM,2,0.09240864037887758,139,8,11,0.010524047150790796
Learned PS fixed QAM,2,0.09240864037887758,140,8,12,0.003331015333349836
Learned PS fixed QAM,2,0.09240864037887758,141,8,13,0.0017396070552603163
Learned PS fixed QAM,2,0.09240864037887758,142,8,14,0.0005239566666156643
Learned PS fixed QAM,2,0.09240864037887758,143,8,15,0.00012920413478297854
Learned PS fixed QAM,2,0.09240864037887758,144,9,0,0.0001057818449192949
Learned PS fixed QAM,2,0.09240864037887758,145,9,1,0.00042897812520971824
Learned PS fixed QAM,2,0.09240864037887758,146,9,2,0.0014242213803511506
Learned PS fixed QAM,2,0.09240864037887758,147,9,3,0.0038715267500859098
Learned PS fixed QAM,2,0.09240864037887758,148,9,4,0.008616243455435565
Learned PS fixed QAM,2,0.09240864037887758,149,9,5,0.01570003586749471
Learned PS fixed QAM,2,0.09240864037887758,150,9,6,0.016498634835919637
Learned PS fixed QAM,2,0.09240864037887758,151,9,7,0.020151543833271373
Learned PS fixed QAM,2,0.09240864037887758,152,9,8,0.02015146852158477
Learned PS fixed QAM,2,0.09240864037887758,153,9,9,0.02342170174289093
Learned PS fixed QAM,2,0.09240864037887758,154,9,10,0.011089920760729401
Learned PS fixed QAM,2,0.09240864037887758,155,9,11,0.00861635069951249
Learned PS fixed QAM,2,0.09240864037887758,156,9,12,0.0038715571742258866
Learned PS fixed QAM,2,0.09240864037887758,157,9,13,0.0014242541617406658
Learned PS fixed QAM,2,0.09240864037887758,158,9,14,0.0004289782247075972
Learned PS fixed QAM,2,0.09240864037887758,159,9,15,0.0001057828131545776
Learned PS fixed QAM,2,0.09240864037887758,160,10,0,7.090575172550647e-05
Learned PS fixed QAM,2,0.09240864037887758,161,10,1,0.00028755152584477754
Learned PS fixed QAM,2,0.09240864037887758,162,10,2,0.0009236431692738227
Learned PS fixed QAM,2,0.09240864037887758,163,10,3,0.0025951898238058026
Learned PS fixed QAM,2,0.09240864037887758,164,10,4,0.005775713268086802
Learned PS fixed QAM,2,0.09240864037887758,165,10,5,0.010523039677642742
Learned PS fixed QAM,2,0.09240864037887758,166,10,6,0.011059403666685588
Learned PS fixed QAM,2,0.09240864037887758,167,10,7,0.01917601598262464
Learned PS fixed QAM,2,0.09240864037887758,168,10,8,0.013508073094436412
Learned PS fixed QAM,2,0.09240864037887758,169,10,9,0.011060405997325466
Learned PS fixed QAM,2,0.09240864037887758,170,10,10,0.007413312123601116
Learned PS fixed QAM,2,0.09240864037887758,171,10,11,0.0057757137637331635
Learned PS fixed QAM,2,0.09240864037887758,172,10,12,0.002595184831122097
Learned PS fixed QAM,2,0.09240864037887758,173,10,13,0.0009546030471526795
Learned PS fixed QAM,2,0.09240864037887758,174,10,14,0.0002875467908144551
Learned PS fixed QAM,2,0.09240864037887758,175,10,15,7.09076501095447e-05
Learned PS fixed QAM,2,0.09240864037887758,176,11,0,3.891349316705793e-05
Learned PS fixed QAM,2,0.09240864037887758,177,11,1,0.00015780932849962566
Learned PS fixed QAM,2,0.09240864037887758,178,11,2,0.000523895830649743
Learned PS fixed QAM,2,0.09240864037887758,179,11,3,0.0014241116297482566
Learned PS fixed QAM,2,0.09240864037887758,180,11,4,0.002232851604566011
Learned PS fixed QAM,2,0.09240864037887758,181,11,5,0.005775130497296965
Learned PS fixed QAM,2,0.09240864037887758,182,11,6,0.008616356685692387
Learned PS fixed QAM,2,0.09240864037887758,183,11,7,0.0105240469312064
Learned PS fixed QAM,2,0.09240864037887758,184,11,8,0.0074133756077766405
Learned PS fixed QAM,2,0.09240864037887758,185,11,9,0.008616354807821481
Learned PS fixed QAM,2,0.09240864037887758,186,11,10,0.00577570774784884
Learned PS fixed QAM,2,0.09240864037887758,187,11,11,0.0031697545059956667
Learned PS fixed QAM,2,0.09240864037887758,188,11,12,0.0014242691112000985
Learned PS fixed QAM,2,0.09240864037887758,189,11,13,0.0005239153286955508
Learned PS fixed QAM,2,0.09240864037887758,190,11,14,0.000157807642691979
Learned PS fixed QAM,2,0.09240864037887758,191,11,15,3.891322904989201e-05
Learned PS fixed QAM,2,0.09240864037887758,192,12,0,1.7483805844696963e-05
Learned PS fixed QAM,2,0.09240864037887758,193,12,1,7.090644989230406e-05
Learned PS fixed QAM,2,0.09240864037887758,194,12,2,0.00023539502460105037
Learned PS fixed QAM,2,0.09240864037887758,195,12,3,0.0006399567773208584
Learned PS fixed QAM,2,0.09240864037887758,196,12,4,0.0014242653590177679
Learned PS fixed QAM,2,0.09240864037887758,197,12,5,0.0018281050455391749
Learned PS fixed QAM,2,0.09240864037887758,198,12,6,0.002727211384985854
Learned PS fixed QAM,2,0.09240864037887758,199,12,7,0.0033310163944675094
Learned PS fixed QAM,2,0.09240864037887758,200,12,8,0.004728749508595277
Learned PS fixed QAM,2,0.09240864037887758,201,12,9,0.0027272164897220457
Learned PS fixed QAM,2,0.09240864037887758,202,12,10,0.0018281098369961075
Learned PS fixed QAM,2,0.09240864037887758,203,12,11,0.001424235487524198
Learned PS fixed QAM,2,0.09240864037887758,204,12,12,0.0004509616085866409
Learned PS fixed QAM,2,0.09240864037887758,205,12,13,0.0002354216179212926
Learned PS fixed QAM,2,0.09240864037887758,206,12,14,7.090618912959312e-05
Learned PS fixed QAM,2,0.09240864037887758,207,12,15,1.74831995016006e-05
Learned PS fixed QAM,2,0.09240864037887758,208,13,0,6.429947577493399e-06
Learned PS fixed QAM,2,0.09240864037887758,209,13,1,2.6082519733153445e-05
Learned PS fixed QAM,2,0.09240864037887758,210,13,2,8.660263914464047e-05
Learned PS fixed QAM,2,0.09240864037887758,211,13,3,0.000235374254963485
Learned PS fixed QAM,2,0.09240864037887758,212,13,4,0.0005239441901686239
Learned PS fixed QAM,2,0.09240864037887758,213,13,5,0.0009546018364729767
Learned PS fixed QAM,2,0.09240864037887758,214,13,6,0.0010032884858512873
Learned PS fixed QAM,2,0.09240864037887758,215,13,7,0.0017393958859289222
Learned PS fixed QAM,2,0.09240864037887758,216,13,8,0.0017395966715661388
Learned PS fixed QAM,2,0.09240864037887758,217,13,9,0.0014240867496689163
Learned PS fixed QAM,2,0.09240864037887758,218,13,10,0.0006725287465480891
Learned PS fixed QAM,2,0.09240864037887758,219,13,11,0.0005239427089394126
Learned PS fixed QAM,2,0.09240864037887758,220,13,12,0.0002354227417585163
Learned PS fixed QAM,2,0.09240864037887758,221,13,13,8.660217175321994e-05
Learned PS fixed QAM,2,0.09240864037887758,222,13,14,2.6079774147623375e-05
Learned PS fixed QAM,2,0.09240864037887758,223,13,15,6.430379756939802e-06
Learned PS fixed QAM,2,0.09240864037887758,224,14,0,1.9358294013508127e-06
Learned PS fixed QAM,2,0.09240864037887758,225,14,1,7.854407732629648e-06
Learned PS fixed QAM,2,0.09240864037887758,226,14,2,2.6082580162671104e-05
Learned PS fixed QAM,2,0.09240864037887758,227,14,3,7.090193251615444e-05
Learned PS fixed QAM,2,0.09240864037887758,228,14,4,0.00015778837521225882
Learned PS fixed QAM,2,0.09240864037887758,229,14,5,0.00020257438257978807
Learned PS fixed QAM,2,0.09240864037887758,230,14,6,0.0004288950510019403
Learned PS fixed QAM,2,0.09240864037887758,231,14,7,0.0005224660985990788
Learned PS fixed QAM,2,0.09240864037887758,232,14,8,0.00036909713590513684
Learned PS fixed QAM,2,0.09240864037887758,233,14,9,0.0003021940810907334
Learned PS fixed QAM,2,0.09240864037887758,234,14,10,0.00028754437262743627
Learned PS fixed QAM,2,0.09240864037887758,235,14,11,0.00015780646345320284
Learned PS fixed QAM,2,0.09240864037887758,236,14,12,7.090215338084982e-05
Learned PS fixed QAM,2,0.09240864037887758,237,14,13,2.6081535386909366e-05
Learned PS fixed QAM,2,0.09240864037887758,238,14,14,7.852970121047627e-06
Learned PS fixed QAM,2,0.09240864037887758,239,14,15,1.9358153637764803e-06
Learned PS fixed QAM,2,0.09240864037887758,240,15,0,4.7672071112710956e-07
Learned PS fixed QAM,2,0.09240864037887758,241,15,1,1.9357622725698136e-06
Learned PS fixed QAM,2,0.09240864037887758,242,15,2,6.424037831343608e-06
Learned PS fixed QAM,2,0.09240864037887758,243,15,3,1.7480201620477162e-05
Learned PS fixed QAM,2,0.09240864037887758,244,15,4,3.891147077974644e-05
Learned PS fixed QAM,2,0.09240864037887758,245,15,5,6.939536791586866e-05
Learned PS fixed QAM,2,0.09240864037887758,246,15,6,0.000105778390281171
Learned PS fixed QAM,2,0.09240864037887758,247,15,7,0.00012920004424961588
Learned PS fixed QAM,2,0.09240864037887758,248,15,8,9.690572600835663e-05
Learned PS fixed QAM,2,0.09240864037887758,249,15,9,0.00010578069535439806
Learned PS fixed QAM,2,0.09240864037887758,250,15,10,7.090317910705351e-05
Learned PS fixed QAM,2,0.09240864037887758,251,15,11,3.891235294831083e-05
Learned PS fixed QAM,2,0.09240864037887758,252,15,12,1.7481341446219142e-05
Learned PS fixed QAM,2,0.09240864037887758,253,15,13,6.430023748287455e-06
Learned PS fixed QAM,2,0.09240864037887758,254,15,14,1.935554142660199e-06
Learned PS fixed QAM,2,0.09240864037887758,255,15,15,4.7662604108309397e-07
Learned GS uniform probabilities,0,0.11407748711084696,0,0,0,0.00390625
Learned GS uniform probabilities,0,0.11407748711084696,1,0,1,0.00390625
Learned GS uniform probabilities,0,0.11407748711084696,2,0,2,0.00390625
Learned GS uniform probabilities,0,0.11407748711084696,3,0,3,0.00390625
Learned GS uniform probabilities,0,0.11407748711084696,4,0,4,0.00390625
Learned GS uniform probabilities,0,0.11407748711084696,5,0,5,0.00390625
Learned GS uniform probabilities,0,0.11407748711084696,6,0,6,0.00390625
Learned GS uniform probabilities,0,0.11407748711084696,7,0,7,0.00390625
Learned GS uniform probabilities,0,0.11407748711084696,8,0,8,0.00390625
Learned GS uniform probabilities,0,0.11407748711084696,9,0,9,0.00390625
Learned GS uniform probabilities,0,0.11407748711084696,10,0,10,0.00390625
Learned GS uniform probabilities,0,0.11407748711084696,11,0,11,0.00390625
Learned GS uniform probabilities,0,0.11407748711084696,12,0,12,0.00390625
Learned GS uniform probabilities,0,0.11407748711084696,13,0,13,0.00390625
Learned GS uniform probabilities,0,0.11407748711084696,14,0,14,0.00390625
Learned GS uniform probabilities,0,0.11407748711084696,15,0,15,0.00390625
Learned GS uniform probabilities,0,0.11407748711084696,16,1,0,0.00390625
Learned GS uniform probabilities,0,0.11407748711084696,17,1,1,0.00390625
Learned GS uniform probabilities,0,0.11407748711084696,18,1,2,0.00390625
Learned GS uniform probabilities,0,0.11407748711084696,19,1,3,0.00390625
Learned GS uniform probabilities,0,0.11407748711084696,20,1,4,0.00390625
Learned GS uniform probabilities,0,0.11407748711084696,21,1,5,0.00390625
Learned GS uniform probabilities,0,0.11407748711084696,22,1,6,0.00390625
Learned GS uniform probabilities,0,0.11407748711084696,23,1,7,0.00390625
Learned GS uniform probabilities,0,0.11407748711084696,24,1,8,0.00390625
Learned GS uniform probabilities,0,0.11407748711084696,25,1,9,0.00390625
Learned GS uniform probabilities,0,0.11407748711084696,26,1,10,0.00390625
Learned GS uniform probabilities,0,0.11407748711084696,27,1,11,0.00390625
Learned GS uniform probabilities,0,0.11407748711084696,28,1,12,0.00390625
Learned GS uniform probabilities,0,0.11407748711084696,29,1,13,0.00390625
Learned GS uniform probabilities,0,0.11407748711084696,30,1,14,0.00390625
Learned GS uniform probabilities,0,0.11407748711084696,31,1,15,0.00390625
Learned GS uniform probabilities,0,0.11407748711084696,32,2,0,0.00390625
Learned GS uniform probabilities,0,0.11407748711084696,33,2,1,0.00390625
Learned GS uniform probabilities,0,0.11407748711084696,34,2,2,0.00390625
Learned GS uniform probabilities,0,0.11407748711084696,35,2,3,0.00390625
Learned GS uniform probabilities,0,0.11407748711084696,36,2,4,0.00390625
Learned GS uniform probabilities,0,0.11407748711084696,37,2,5,0.00390625
Learned GS uniform probabilities,0,0.11407748711084696,38,2,6,0.00390625
Learned GS uniform probabilities,0,0.11407748711084696,39,2,7,0.00390625
Learned GS uniform probabilities,0,0.11407748711084696,40,2,8,0.00390625
Learned GS uniform probabilities,0,0.11407748711084696,41,2,9,0.00390625
Learned GS uniform probabilities,0,0.11407748711084696,42,2,10,0.00390625
Learned GS uniform probabilities,0,0.11407748711084696,43,2,11,0.00390625
Learned GS uniform probabilities,0,0.11407748711084696,44,2,12,0.00390625
Learned GS uniform probabilities,0,0.11407748711084696,45,2,13,0.00390625
Learned GS uniform probabilities,0,0.11407748711084696,46,2,14,0.00390625
Learned GS uniform probabilities,0,0.11407748711084696,47,2,15,0.00390625
Learned GS uniform probabilities,0,0.11407748711084696,48,3,0,0.00390625
Learned GS uniform probabilities,0,0.11407748711084696,49,3,1,0.00390625
Learned GS uniform probabilities,0,0.11407748711084696,50,3,2,0.00390625
Learned GS uniform probabilities,0,0.11407748711084696,51,3,3,0.00390625
Learned GS uniform probabilities,0,0.11407748711084696,52,3,4,0.00390625
Learned GS uniform probabilities,0,0.11407748711084696,53,3,5,0.00390625
Learned GS uniform probabilities,0,0.11407748711084696,54,3,6,0.00390625
Learned GS uniform probabilities,0,0.11407748711084696,55,3,7,0.00390625
Learned GS uniform probabilities,0,0.11407748711084696,56,3,8,0.00390625
Learned GS uniform probabilities,0,0.11407748711084696,57,3,9,0.00390625
Learned GS uniform probabilities,0,0.11407748711084696,58,3,10,0.00390625
Learned GS uniform probabilities,0,0.11407748711084696,59,3,11,0.00390625
Learned GS uniform probabilities,0,0.11407748711084696,60,3,12,0.00390625
Learned GS uniform probabilities,0,0.11407748711084696,61,3,13,0.00390625
Learned GS uniform probabilities,0,0.11407748711084696,62,3,14,0.00390625
Learned GS uniform probabilities,0,0.11407748711084696,63,3,15,0.00390625
Learned GS uniform probabilities,0,0.11407748711084696,64,4,0,0.00390625
Learned GS uniform probabilities,0,0.11407748711084696,65,4,1,0.00390625
Learned GS uniform probabilities,0,0.11407748711084696,66,4,2,0.00390625
Learned GS uniform probabilities,0,0.11407748711084696,67,4,3,0.00390625
Learned GS uniform probabilities,0,0.11407748711084696,68,4,4,0.00390625
Learned GS uniform probabilities,0,0.11407748711084696,69,4,5,0.00390625
Learned GS uniform probabilities,0,0.11407748711084696,70,4,6,0.00390625
Learned GS uniform probabilities,0,0.11407748711084696,71,4,7,0.00390625
Learned GS uniform probabilities,0,0.11407748711084696,72,4,8,0.00390625
Learned GS uniform probabilities,0,0.11407748711084696,73,4,9,0.00390625
Learned GS uniform probabilities,0,0.11407748711084696,74,4,10,0.00390625
Learned GS uniform probabilities,0,0.11407748711084696,75,4,11,0.00390625
Learned GS uniform probabilities,0,0.11407748711084696,76,4,12,0.00390625
Learned GS uniform probabilities,0,0.11407748711084696,77,4,13,0.00390625
Learned GS uniform probabilities,0,0.11407748711084696,78,4,14,0.00390625
Learned GS uniform probabilities,0,0.11407748711084696,79,4,15,0.00390625
Learned GS uniform probabilities,0,0.11407748711084696,80,5,0,0.00390625
Learned GS uniform probabilities,0,0.11407748711084696,81,5,1,0.00390625
Learned GS uniform probabilities,0,0.11407748711084696,82,5,2,0.00390625
Learned GS uniform probabilities,0,0.11407748711084696,83,5,3,0.00390625
Learned GS uniform probabilities,0,0.11407748711084696,84,5,4,0.00390625
Learned GS uniform probabilities,0,0.11407748711084696,85,5,5,0.00390625
Learned GS uniform probabilities,0,0.11407748711084696,86,5,6,0.00390625
Learned GS uniform probabilities,0,0.11407748711084696,87,5,7,0.00390625
Learned GS uniform probabilities,0,0.11407748711084696,88,5,8,0.00390625
Learned GS uniform probabilities,0,0.11407748711084696,89,5,9,0.00390625
Learned GS uniform probabilities,0,0.11407748711084696,90,5,10,0.00390625
Learned GS uniform probabilities,0,0.11407748711084696,91,5,11,0.00390625
Learned GS uniform probabilities,0,0.11407748711084696,92,5,12,0.00390625
Learned GS uniform probabilities,0,0.11407748711084696,93,5,13,0.00390625
Learned GS uniform probabilities,0,0.11407748711084696,94,5,14,0.00390625
Learned GS uniform probabilities,0,0.11407748711084696,95,5,15,0.00390625
Learned GS uniform probabilities,0,0.11407748711084696,96,6,0,0.00390625
Learned GS uniform probabilities,0,0.11407748711084696,97,6,1,0.00390625
Learned GS uniform probabilities,0,0.11407748711084696,98,6,2,0.00390625
Learned GS uniform probabilities,0,0.11407748711084696,99,6,3,0.00390625
Learned GS uniform probabilities,0,0.11407748711084696,100,6,4,0.00390625
Learned GS uniform probabilities,0,0.11407748711084696,101,6,5,0.00390625
Learned GS uniform probabilities,0,0.11407748711084696,102,6,6,0.00390625
Learned GS uniform probabilities,0,0.11407748711084696,103,6,7,0.00390625
Learned GS uniform probabilities,0,0.11407748711084696,104,6,8,0.00390625
Learned GS uniform probabilities,0,0.11407748711084696,105,6,9,0.00390625
Learned GS uniform probabilities,0,0.11407748711084696,106,6,10,0.00390625
Learned GS uniform probabilities,0,0.11407748711084696,107,6,11,0.00390625
Learned GS uniform probabilities,0,0.11407748711084696,108,6,12,0.00390625
Learned GS uniform probabilities,0,0.11407748711084696,109,6,13,0.00390625
Learned GS uniform probabilities,0,0.11407748711084696,110,6,14,0.00390625
Learned GS uniform probabilities,0,0.11407748711084696,111,6,15,0.00390625
Learned GS uniform probabilities,0,0.11407748711084696,112,7,0,0.00390625
Learned GS uniform probabilities,0,0.11407748711084696,113,7,1,0.00390625
Learned GS uniform probabilities,0,0.11407748711084696,114,7,2,0.00390625
Learned GS uniform probabilities,0,0.11407748711084696,115,7,3,0.00390625
Learned GS uniform probabilities,0,0.11407748711084696,116,7,4,0.00390625
Learned GS uniform probabilities,0,0.11407748711084696,117,7,5,0.00390625
Learned GS uniform probabilities,0,0.11407748711084696,118,7,6,0.00390625
Learned GS uniform probabilities,0,0.11407748711084696,119,7,7,0.00390625
Learned GS uniform probabilities,0,0.11407748711084696,120,7,8,0.00390625
Learned GS uniform probabilities,0,0.11407748711084696,121,7,9,0.00390625
Learned GS uniform probabilities,0,0.11407748711084696,122,7,10,0.00390625
Learned GS uniform probabilities,0,0.11407748711084696,123,7,11,0.00390625
Learned GS uniform probabilities,0,0.11407748711084696,124,7,12,0.00390625
Learned GS uniform probabilities,0,0.11407748711084696,125,7,13,0.00390625
Learned GS uniform probabilities,0,0.11407748711084696,126,7,14,0.00390625
Learned GS uniform probabilities,0,0.11407748711084696,127,7,15,0.00390625
Learned GS uniform probabilities,0,0.11407748711084696,128,8,0,0.00390625
Learned GS uniform probabilities,0,0.11407748711084696,129,8,1,0.00390625
Learned GS uniform probabilities,0,0.11407748711084696,130,8,2,0.00390625
Learned GS uniform probabilities,0,0.11407748711084696,131,8,3,0.00390625
Learned GS uniform probabilities,0,0.11407748711084696,132,8,4,0.00390625
Learned GS uniform probabilities,0,0.11407748711084696,133,8,5,0.00390625
Learned GS uniform probabilities,0,0.11407748711084696,134,8,6,0.00390625
Learned GS uniform probabilities,0,0.11407748711084696,135,8,7,0.00390625
Learned GS uniform probabilities,0,0.11407748711084696,136,8,8,0.00390625
Learned GS uniform probabilities,0,0.11407748711084696,137,8,9,0.00390625
Learned GS uniform probabilities,0,0.11407748711084696,138,8,10,0.00390625
Learned GS uniform probabilities,0,0.11407748711084696,139,8,11,0.00390625
Learned GS uniform probabilities,0,0.11407748711084696,140,8,12,0.00390625
Learned GS uniform probabilities,0,0.11407748711084696,141,8,13,0.00390625
Learned GS uniform probabilities,0,0.11407748711084696,142,8,14,0.00390625
Learned GS uniform probabilities,0,0.11407748711084696,143,8,15,0.00390625
Learned GS uniform probabilities,0,0.11407748711084696,144,9,0,0.00390625
Learned GS uniform probabilities,0,0.11407748711084696,145,9,1,0.00390625
Learned GS uniform probabilities,0,0.11407748711084696,146,9,2,0.00390625
Learned GS uniform probabilities,0,0.11407748711084696,147,9,3,0.00390625
Learned GS uniform probabilities,0,0.11407748711084696,148,9,4,0.00390625
Learned GS uniform probabilities,0,0.11407748711084696,149,9,5,0.00390625
Learned GS uniform probabilities,0,0.11407748711084696,150,9,6,0.00390625
Learned GS uniform probabilities,0,0.11407748711084696,151,9,7,0.00390625
Learned GS uniform probabilities,0,0.11407748711084696,152,9,8,0.00390625
Learned GS uniform probabilities,0,0.11407748711084696,153,9,9,0.00390625
Learned GS uniform probabilities,0,0.11407748711084696,154,9,10,0.00390625
Learned GS uniform probabilities,0,0.11407748711084696,155,9,11,0.00390625
Learned GS uniform probabilities,0,0.11407748711084696,156,9,12,0.00390625
Learned GS uniform probabilities,0,0.11407748711084696,157,9,13,0.00390625
Learned GS uniform probabilities,0,0.11407748711084696,158,9,14,0.00390625
Learned GS uniform probabilities,0,0.11407748711084696,159,9,15,0.00390625
Learned GS uniform probabilities,0,0.11407748711084696,160,10,0,0.00390625
Learned GS uniform probabilities,0,0.11407748711084696,161,10,1,0.00390625
Learned GS uniform probabilities,0,0.11407748711084696,162,10,2,0.00390625
Learned GS uniform probabilities,0,0.11407748711084696,163,10,3,0.00390625
Learned GS uniform probabilities,0,0.11407748711084696,164,10,4,0.00390625
Learned GS uniform probabilities,0,0.11407748711084696,165,10,5,0.00390625
Learned GS uniform probabilities,0,0.11407748711084696,166,10,6,0.00390625
Learned GS uniform probabilities,0,0.11407748711084696,167,10,7,0.00390625
Learned GS uniform probabilities,0,0.11407748711084696,168,10,8,0.00390625
Learned GS uniform probabilities,0,0.11407748711084696,169,10,9,0.00390625
Learned GS uniform probabilities,0,0.11407748711084696,170,10,10,0.00390625
Learned GS uniform probabilities,0,0.11407748711084696,171,10,11,0.00390625
Learned GS uniform probabilities,0,0.11407748711084696,172,10,12,0.00390625
Learned GS uniform probabilities,0,0.11407748711084696,173,10,13,0.00390625
Learned GS uniform probabilities,0,0.11407748711084696,174,10,14,0.00390625
Learned GS uniform probabilities,0,0.11407748711084696,175,10,15,0.00390625
Learned GS uniform probabilities,0,0.11407748711084696,176,11,0,0.00390625
Learned GS uniform probabilities,0,0.11407748711084696,177,11,1,0.00390625
Learned GS uniform probabilities,0,0.11407748711084696,178,11,2,0.00390625
Learned GS uniform probabilities,0,0.11407748711084696,179,11,3,0.00390625
Learned GS uniform probabilities,0,0.11407748711084696,180,11,4,0.00390625
Learned GS uniform probabilities,0,0.11407748711084696,181,11,5,0.00390625
Learned GS uniform probabilities,0,0.11407748711084696,182,11,6,0.00390625
Learned GS uniform probabilities,0,0.11407748711084696,183,11,7,0.00390625
Learned GS uniform probabilities,0,0.11407748711084696,184,11,8,0.00390625
Learned GS uniform probabilities,0,0.11407748711084696,185,11,9,0.00390625
Learned GS uniform probabilities,0,0.11407748711084696,186,11,10,0.00390625
Learned GS uniform probabilities,0,0.11407748711084696,187,11,11,0.00390625
Learned GS uniform probabilities,0,0.11407748711084696,188,11,12,0.00390625
Learned GS uniform probabilities,0,0.11407748711084696,189,11,13,0.00390625
Learned GS uniform probabilities,0,0.11407748711084696,190,11,14,0.00390625
Learned GS uniform probabilities,0,0.11407748711084696,191,11,15,0.00390625
Learned GS uniform probabilities,0,0.11407748711084696,192,12,0,0.00390625
Learned GS uniform probabilities,0,0.11407748711084696,193,12,1,0.00390625
Learned GS uniform probabilities,0,0.11407748711084696,194,12,2,0.00390625
Learned GS uniform probabilities,0,0.11407748711084696,195,12,3,0.00390625
Learned GS uniform probabilities,0,0.11407748711084696,196,12,4,0.00390625
Learned GS uniform probabilities,0,0.11407748711084696,197,12,5,0.00390625
Learned GS uniform probabilities,0,0.11407748711084696,198,12,6,0.00390625
Learned GS uniform probabilities,0,0.11407748711084696,199,12,7,0.00390625
Learned GS uniform probabilities,0,0.11407748711084696,200,12,8,0.00390625
Learned GS uniform probabilities,0,0.11407748711084696,201,12,9,0.00390625
Learned GS uniform probabilities,0,0.11407748711084696,202,12,10,0.00390625
Learned GS uniform probabilities,0,0.11407748711084696,203,12,11,0.00390625
Learned GS uniform probabilities,0,0.11407748711084696,204,12,12,0.00390625
Learned GS uniform probabilities,0,0.11407748711084696,205,12,13,0.00390625
Learned GS uniform probabilities,0,0.11407748711084696,206,12,14,0.00390625
Learned GS uniform probabilities,0,0.11407748711084696,207,12,15,0.00390625
Learned GS uniform probabilities,0,0.11407748711084696,208,13,0,0.00390625
Learned GS uniform probabilities,0,0.11407748711084696,209,13,1,0.00390625
Learned GS uniform probabilities,0,0.11407748711084696,210,13,2,0.00390625
Learned GS uniform probabilities,0,0.11407748711084696,211,13,3,0.00390625
Learned GS uniform probabilities,0,0.11407748711084696,212,13,4,0.00390625
Learned GS uniform probabilities,0,0.11407748711084696,213,13,5,0.00390625
Learned GS uniform probabilities,0,0.11407748711084696,214,13,6,0.00390625
Learned GS uniform probabilities,0,0.11407748711084696,215,13,7,0.00390625
Learned GS uniform probabilities,0,0.11407748711084696,216,13,8,0.00390625
Learned GS uniform probabilities,0,0.11407748711084696,217,13,9,0.00390625
Learned GS uniform probabilities,0,0.11407748711084696,218,13,10,0.00390625
Learned GS uniform probabilities,0,0.11407748711084696,219,13,11,0.00390625
Learned GS uniform probabilities,0,0.11407748711084696,220,13,12,0.00390625
Learned GS uniform probabilities,0,0.11407748711084696,221,13,13,0.00390625
Learned GS uniform probabilities,0,0.11407748711084696,222,13,14,0.00390625
Learned GS uniform probabilities,0,0.11407748711084696,223,13,15,0.00390625
Learned GS uniform probabilities,0,0.11407748711084696,224,14,0,0.00390625
Learned GS uniform probabilities,0,0.11407748711084696,225,14,1,0.00390625
Learned GS uniform probabilities,0,0.11407748711084696,226,14,2,0.00390625
Learned GS uniform probabilities,0,0.11407748711084696,227,14,3,0.00390625
Learned GS uniform probabilities,0,0.11407748711084696,228,14,4,0.00390625
Learned GS uniform probabilities,0,0.11407748711084696,229,14,5,0.00390625
Learned GS uniform probabilities,0,0.11407748711084696,230,14,6,0.00390625
Learned GS uniform probabilities,0,0.11407748711084696,231,14,7,0.00390625
Learned GS uniform probabilities,0,0.11407748711084696,232,14,8,0.00390625
Learned GS uniform probabilities,0,0.11407748711084696,233,14,9,0.00390625
Learned GS uniform probabilities,0,0.11407748711084696,234,14,10,0.00390625
Learned GS uniform probabilities,0,0.11407748711084696,235,14,11,0.00390625
Learned GS uniform probabilities,0,0.11407748711084696,236,14,12,0.00390625
Learned GS uniform probabilities,0,0.11407748711084696,237,14,13,0.00390625
Learned GS uniform probabilities,0,0.11407748711084696,238,14,14,0.00390625
Learned GS uniform probabilities,0,0.11407748711084696,239,14,15,0.00390625
Learned GS uniform probabilities,0,0.11407748711084696,240,15,0,0.00390625
Learned GS uniform probabilities,0,0.11407748711084696,241,15,1,0.00390625
Learned GS uniform probabilities,0,0.11407748711084696,242,15,2,0.00390625
Learned GS uniform probabilities,0,0.11407748711084696,243,15,3,0.00390625
Learned GS uniform probabilities,0,0.11407748711084696,244,15,4,0.00390625
Learned GS uniform probabilities,0,0.11407748711084696,245,15,5,0.00390625
Learned GS uniform probabilities,0,0.11407748711084696,246,15,6,0.00390625
Learned GS uniform probabilities,0,0.11407748711084696,247,15,7,0.00390625
Learned GS uniform probabilities,0,0.11407748711084696,248,15,8,0.00390625
Learned GS uniform probabilities,0,0.11407748711084696,249,15,9,0.00390625
Learned GS uniform probabilities,0,0.11407748711084696,250,15,10,0.00390625
Learned GS uniform probabilities,0,0.11407748711084696,251,15,11,0.00390625
Learned GS uniform probabilities,0,0.11407748711084696,252,15,12,0.00390625
Learned GS uniform probabilities,0,0.11407748711084696,253,15,13,0.00390625
Learned GS uniform probabilities,0,0.11407748711084696,254,15,14,0.00390625
Learned GS uniform probabilities,0,0.11407748711084696,255,15,15,0.00390625
Learned GS uniform probabilities,1,0.03916032981456744,0,0,0,0.00390625
Learned GS uniform probabilities,1,0.03916032981456744,1,0,1,0.00390625
Learned GS uniform probabilities,1,0.03916032981456744,2,0,2,0.00390625
Learned GS uniform probabilities,1,0.03916032981456744,3,0,3,0.00390625
Learned GS uniform probabilities,1,0.03916032981456744,4,0,4,0.00390625
Learned GS uniform probabilities,1,0.03916032981456744,5,0,5,0.00390625
Learned GS uniform probabilities,1,0.03916032981456744,6,0,6,0.00390625
Learned GS uniform probabilities,1,0.03916032981456744,7,0,7,0.00390625
Learned GS uniform probabilities,1,0.03916032981456744,8,0,8,0.00390625
Learned GS uniform probabilities,1,0.03916032981456744,9,0,9,0.00390625
Learned GS uniform probabilities,1,0.03916032981456744,10,0,10,0.00390625
Learned GS uniform probabilities,1,0.03916032981456744,11,0,11,0.00390625
Learned GS uniform probabilities,1,0.03916032981456744,12,0,12,0.00390625
Learned GS uniform probabilities,1,0.03916032981456744,13,0,13,0.00390625
Learned GS uniform probabilities,1,0.03916032981456744,14,0,14,0.00390625
Learned GS uniform probabilities,1,0.03916032981456744,15,0,15,0.00390625
Learned GS uniform probabilities,1,0.03916032981456744,16,1,0,0.00390625
Learned GS uniform probabilities,1,0.03916032981456744,17,1,1,0.00390625
Learned GS uniform probabilities,1,0.03916032981456744,18,1,2,0.00390625
Learned GS uniform probabilities,1,0.03916032981456744,19,1,3,0.00390625
Learned GS uniform probabilities,1,0.03916032981456744,20,1,4,0.00390625
Learned GS uniform probabilities,1,0.03916032981456744,21,1,5,0.00390625
Learned GS uniform probabilities,1,0.03916032981456744,22,1,6,0.00390625
Learned GS uniform probabilities,1,0.03916032981456744,23,1,7,0.00390625
Learned GS uniform probabilities,1,0.03916032981456744,24,1,8,0.00390625
Learned GS uniform probabilities,1,0.03916032981456744,25,1,9,0.00390625
Learned GS uniform probabilities,1,0.03916032981456744,26,1,10,0.00390625
Learned GS uniform probabilities,1,0.03916032981456744,27,1,11,0.00390625
Learned GS uniform probabilities,1,0.03916032981456744,28,1,12,0.00390625
Learned GS uniform probabilities,1,0.03916032981456744,29,1,13,0.00390625
Learned GS uniform probabilities,1,0.03916032981456744,30,1,14,0.00390625
Learned GS uniform probabilities,1,0.03916032981456744,31,1,15,0.00390625
Learned GS uniform probabilities,1,0.03916032981456744,32,2,0,0.00390625
Learned GS uniform probabilities,1,0.03916032981456744,33,2,1,0.00390625
Learned GS uniform probabilities,1,0.03916032981456744,34,2,2,0.00390625
Learned GS uniform probabilities,1,0.03916032981456744,35,2,3,0.00390625
Learned GS uniform probabilities,1,0.03916032981456744,36,2,4,0.00390625
Learned GS uniform probabilities,1,0.03916032981456744,37,2,5,0.00390625
Learned GS uniform probabilities,1,0.03916032981456744,38,2,6,0.00390625
Learned GS uniform probabilities,1,0.03916032981456744,39,2,7,0.00390625
Learned GS uniform probabilities,1,0.03916032981456744,40,2,8,0.00390625
Learned GS uniform probabilities,1,0.03916032981456744,41,2,9,0.00390625
Learned GS uniform probabilities,1,0.03916032981456744,42,2,10,0.00390625
Learned GS uniform probabilities,1,0.03916032981456744,43,2,11,0.00390625
Learned GS uniform probabilities,1,0.03916032981456744,44,2,12,0.00390625
Learned GS uniform probabilities,1,0.03916032981456744,45,2,13,0.00390625
Learned GS uniform probabilities,1,0.03916032981456744,46,2,14,0.00390625
Learned GS uniform probabilities,1,0.03916032981456744,47,2,15,0.00390625
Learned GS uniform probabilities,1,0.03916032981456744,48,3,0,0.00390625
Learned GS uniform probabilities,1,0.03916032981456744,49,3,1,0.00390625
Learned GS uniform probabilities,1,0.03916032981456744,50,3,2,0.00390625
Learned GS uniform probabilities,1,0.03916032981456744,51,3,3,0.00390625
Learned GS uniform probabilities,1,0.03916032981456744,52,3,4,0.00390625
Learned GS uniform probabilities,1,0.03916032981456744,53,3,5,0.00390625
Learned GS uniform probabilities,1,0.03916032981456744,54,3,6,0.00390625
Learned GS uniform probabilities,1,0.03916032981456744,55,3,7,0.00390625
Learned GS uniform probabilities,1,0.03916032981456744,56,3,8,0.00390625
Learned GS uniform probabilities,1,0.03916032981456744,57,3,9,0.00390625
Learned GS uniform probabilities,1,0.03916032981456744,58,3,10,0.00390625
Learned GS uniform probabilities,1,0.03916032981456744,59,3,11,0.00390625
Learned GS uniform probabilities,1,0.03916032981456744,60,3,12,0.00390625
Learned GS uniform probabilities,1,0.03916032981456744,61,3,13,0.00390625
Learned GS uniform probabilities,1,0.03916032981456744,62,3,14,0.00390625
Learned GS uniform probabilities,1,0.03916032981456744,63,3,15,0.00390625
Learned GS uniform probabilities,1,0.03916032981456744,64,4,0,0.00390625
Learned GS uniform probabilities,1,0.03916032981456744,65,4,1,0.00390625
Learned GS uniform probabilities,1,0.03916032981456744,66,4,2,0.00390625
Learned GS uniform probabilities,1,0.03916032981456744,67,4,3,0.00390625
Learned GS uniform probabilities,1,0.03916032981456744,68,4,4,0.00390625
Learned GS uniform probabilities,1,0.03916032981456744,69,4,5,0.00390625
Learned GS uniform probabilities,1,0.03916032981456744,70,4,6,0.00390625
Learned GS uniform probabilities,1,0.03916032981456744,71,4,7,0.00390625
Learned GS uniform probabilities,1,0.03916032981456744,72,4,8,0.00390625
Learned GS uniform probabilities,1,0.03916032981456744,73,4,9,0.00390625
Learned GS uniform probabilities,1,0.03916032981456744,74,4,10,0.00390625
Learned GS uniform probabilities,1,0.03916032981456744,75,4,11,0.00390625
Learned GS uniform probabilities,1,0.03916032981456744,76,4,12,0.00390625
Learned GS uniform probabilities,1,0.03916032981456744,77,4,13,0.00390625
Learned GS uniform probabilities,1,0.03916032981456744,78,4,14,0.00390625
Learned GS uniform probabilities,1,0.03916032981456744,79,4,15,0.00390625
Learned GS uniform probabilities,1,0.03916032981456744,80,5,0,0.00390625
Learned GS uniform probabilities,1,0.03916032981456744,81,5,1,0.00390625
Learned GS uniform probabilities,1,0.03916032981456744,82,5,2,0.00390625
Learned GS uniform probabilities,1,0.03916032981456744,83,5,3,0.00390625
Learned GS uniform probabilities,1,0.03916032981456744,84,5,4,0.00390625
Learned GS uniform probabilities,1,0.03916032981456744,85,5,5,0.00390625
Learned GS uniform probabilities,1,0.03916032981456744,86,5,6,0.00390625
Learned GS uniform probabilities,1,0.03916032981456744,87,5,7,0.00390625
Learned GS uniform probabilities,1,0.03916032981456744,88,5,8,0.00390625
Learned GS uniform probabilities,1,0.03916032981456744,89,5,9,0.00390625
Learned GS uniform probabilities,1,0.03916032981456744,90,5,10,0.00390625
Learned GS uniform probabilities,1,0.03916032981456744,91,5,11,0.00390625
Learned GS uniform probabilities,1,0.03916032981456744,92,5,12,0.00390625
Learned GS uniform probabilities,1,0.03916032981456744,93,5,13,0.00390625
Learned GS uniform probabilities,1,0.03916032981456744,94,5,14,0.00390625
Learned GS uniform probabilities,1,0.03916032981456744,95,5,15,0.00390625
Learned GS uniform probabilities,1,0.03916032981456744,96,6,0,0.00390625
Learned GS uniform probabilities,1,0.03916032981456744,97,6,1,0.00390625
Learned GS uniform probabilities,1,0.03916032981456744,98,6,2,0.00390625
Learned GS uniform probabilities,1,0.03916032981456744,99,6,3,0.00390625
Learned GS uniform probabilities,1,0.03916032981456744,100,6,4,0.00390625
Learned GS uniform probabilities,1,0.03916032981456744,101,6,5,0.00390625
Learned GS uniform probabilities,1,0.03916032981456744,102,6,6,0.00390625
Learned GS uniform probabilities,1,0.03916032981456744,103,6,7,0.00390625
Learned GS uniform probabilities,1,0.03916032981456744,104,6,8,0.00390625
Learned GS uniform probabilities,1,0.03916032981456744,105,6,9,0.00390625
Learned GS uniform probabilities,1,0.03916032981456744,106,6,10,0.00390625
Learned GS uniform probabilities,1,0.03916032981456744,107,6,11,0.00390625
Learned GS uniform probabilities,1,0.03916032981456744,108,6,12,0.00390625
Learned GS uniform probabilities,1,0.03916032981456744,109,6,13,0.00390625
Learned GS uniform probabilities,1,0.03916032981456744,110,6,14,0.00390625
Learned GS uniform probabilities,1,0.03916032981456744,111,6,15,0.00390625
Learned GS uniform probabilities,1,0.03916032981456744,112,7,0,0.00390625
Learned GS uniform probabilities,1,0.03916032981456744,113,7,1,0.00390625
Learned GS uniform probabilities,1,0.03916032981456744,114,7,2,0.00390625
Learned GS uniform probabilities,1,0.03916032981456744,115,7,3,0.00390625
Learned GS uniform probabilities,1,0.03916032981456744,116,7,4,0.00390625
Learned GS uniform probabilities,1,0.03916032981456744,117,7,5,0.00390625
Learned GS uniform probabilities,1,0.03916032981456744,118,7,6,0.00390625
Learned GS uniform probabilities,1,0.03916032981456744,119,7,7,0.00390625
Learned GS uniform probabilities,1,0.03916032981456744,120,7,8,0.00390625
Learned GS uniform probabilities,1,0.03916032981456744,121,7,9,0.00390625
Learned GS uniform probabilities,1,0.03916032981456744,122,7,10,0.00390625
Learned GS uniform probabilities,1,0.03916032981456744,123,7,11,0.00390625
Learned GS uniform probabilities,1,0.03916032981456744,124,7,12,0.00390625
Learned GS uniform probabilities,1,0.03916032981456744,125,7,13,0.00390625
Learned GS uniform probabilities,1,0.03916032981456744,126,7,14,0.00390625
Learned GS uniform probabilities,1,0.03916032981456744,127,7,15,0.00390625
Learned GS uniform probabilities,1,0.03916032981456744,128,8,0,0.00390625
Learned GS uniform probabilities,1,0.03916032981456744,129,8,1,0.00390625
Learned GS uniform probabilities,1,0.03916032981456744,130,8,2,0.00390625
Learned GS uniform probabilities,1,0.03916032981456744,131,8,3,0.00390625
Learned GS uniform probabilities,1,0.03916032981456744,132,8,4,0.00390625
Learned GS uniform probabilities,1,0.03916032981456744,133,8,5,0.00390625
Learned GS uniform probabilities,1,0.03916032981456744,134,8,6,0.00390625
Learned GS uniform probabilities,1,0.03916032981456744,135,8,7,0.00390625
Learned GS uniform probabilities,1,0.03916032981456744,136,8,8,0.00390625
Learned GS uniform probabilities,1,0.03916032981456744,137,8,9,0.00390625
Learned GS uniform probabilities,1,0.03916032981456744,138,8,10,0.00390625
Learned GS uniform probabilities,1,0.03916032981456744,139,8,11,0.00390625
Learned GS uniform probabilities,1,0.03916032981456744,140,8,12,0.00390625
Learned GS uniform probabilities,1,0.03916032981456744,141,8,13,0.00390625
Learned GS uniform probabilities,1,0.03916032981456744,142,8,14,0.00390625
Learned GS uniform probabilities,1,0.03916032981456744,143,8,15,0.00390625
Learned GS uniform probabilities,1,0.03916032981456744,144,9,0,0.00390625
Learned GS uniform probabilities,1,0.03916032981456744,145,9,1,0.00390625
Learned GS uniform probabilities,1,0.03916032981456744,146,9,2,0.00390625
Learned GS uniform probabilities,1,0.03916032981456744,147,9,3,0.00390625
Learned GS uniform probabilities,1,0.03916032981456744,148,9,4,0.00390625
Learned GS uniform probabilities,1,0.03916032981456744,149,9,5,0.00390625
Learned GS uniform probabilities,1,0.03916032981456744,150,9,6,0.00390625
Learned GS uniform probabilities,1,0.03916032981456744,151,9,7,0.00390625
Learned GS uniform probabilities,1,0.03916032981456744,152,9,8,0.00390625
Learned GS uniform probabilities,1,0.03916032981456744,153,9,9,0.00390625
Learned GS uniform probabilities,1,0.03916032981456744,154,9,10,0.00390625
Learned GS uniform probabilities,1,0.03916032981456744,155,9,11,0.00390625
Learned GS uniform probabilities,1,0.03916032981456744,156,9,12,0.00390625
Learned GS uniform probabilities,1,0.03916032981456744,157,9,13,0.00390625
Learned GS uniform probabilities,1,0.03916032981456744,158,9,14,0.00390625
Learned GS uniform probabilities,1,0.03916032981456744,159,9,15,0.00390625
Learned GS uniform probabilities,1,0.03916032981456744,160,10,0,0.00390625
Learned GS uniform probabilities,1,0.03916032981456744,161,10,1,0.00390625
Learned GS uniform probabilities,1,0.03916032981456744,162,10,2,0.00390625
Learned GS uniform probabilities,1,0.03916032981456744,163,10,3,0.00390625
Learned GS uniform probabilities,1,0.03916032981456744,164,10,4,0.00390625
Learned GS uniform probabilities,1,0.03916032981456744,165,10,5,0.00390625
Learned GS uniform probabilities,1,0.03916032981456744,166,10,6,0.00390625
Learned GS uniform probabilities,1,0.03916032981456744,167,10,7,0.00390625
Learned GS uniform probabilities,1,0.03916032981456744,168,10,8,0.00390625
Learned GS uniform probabilities,1,0.03916032981456744,169,10,9,0.00390625
Learned GS uniform probabilities,1,0.03916032981456744,170,10,10,0.00390625
Learned GS uniform probabilities,1,0.03916032981456744,171,10,11,0.00390625
Learned GS uniform probabilities,1,0.03916032981456744,172,10,12,0.00390625
Learned GS uniform probabilities,1,0.03916032981456744,173,10,13,0.00390625
Learned GS uniform probabilities,1,0.03916032981456744,174,10,14,0.00390625
Learned GS uniform probabilities,1,0.03916032981456744,175,10,15,0.00390625
Learned GS uniform probabilities,1,0.03916032981456744,176,11,0,0.00390625
Learned GS uniform probabilities,1,0.03916032981456744,177,11,1,0.00390625
Learned GS uniform probabilities,1,0.03916032981456744,178,11,2,0.00390625
Learned GS uniform probabilities,1,0.03916032981456744,179,11,3,0.00390625
Learned GS uniform probabilities,1,0.03916032981456744,180,11,4,0.00390625
Learned GS uniform probabilities,1,0.03916032981456744,181,11,5,0.00390625
Learned GS uniform probabilities,1,0.03916032981456744,182,11,6,0.00390625
Learned GS uniform probabilities,1,0.03916032981456744,183,11,7,0.00390625
Learned GS uniform probabilities,1,0.03916032981456744,184,11,8,0.00390625
Learned GS uniform probabilities,1,0.03916032981456744,185,11,9,0.00390625
Learned GS uniform probabilities,1,0.03916032981456744,186,11,10,0.00390625
Learned GS uniform probabilities,1,0.03916032981456744,187,11,11,0.00390625
Learned GS uniform probabilities,1,0.03916032981456744,188,11,12,0.00390625
Learned GS uniform probabilities,1,0.03916032981456744,189,11,13,0.00390625
Learned GS uniform probabilities,1,0.03916032981456744,190,11,14,0.00390625
Learned GS uniform probabilities,1,0.03916032981456744,191,11,15,0.00390625
Learned GS uniform probabilities,1,0.03916032981456744,192,12,0,0.00390625
Learned GS uniform probabilities,1,0.03916032981456744,193,12,1,0.00390625
Learned GS uniform probabilities,1,0.03916032981456744,194,12,2,0.00390625
Learned GS uniform probabilities,1,0.03916032981456744,195,12,3,0.00390625
Learned GS uniform probabilities,1,0.03916032981456744,196,12,4,0.00390625
Learned GS uniform probabilities,1,0.03916032981456744,197,12,5,0.00390625
Learned GS uniform probabilities,1,0.03916032981456744,198,12,6,0.00390625
Learned GS uniform probabilities,1,0.03916032981456744,199,12,7,0.00390625
Learned GS uniform probabilities,1,0.03916032981456744,200,12,8,0.00390625
Learned GS uniform probabilities,1,0.03916032981456744,201,12,9,0.00390625
Learned GS uniform probabilities,1,0.03916032981456744,202,12,10,0.00390625
Learned GS uniform probabilities,1,0.03916032981456744,203,12,11,0.00390625
Learned GS uniform probabilities,1,0.03916032981456744,204,12,12,0.00390625
Learned GS uniform probabilities,1,0.03916032981456744,205,12,13,0.00390625
Learned GS uniform probabilities,1,0.03916032981456744,206,12,14,0.00390625
Learned GS uniform probabilities,1,0.03916032981456744,207,12,15,0.00390625
Learned GS uniform probabilities,1,0.03916032981456744,208,13,0,0.00390625
Learned GS uniform probabilities,1,0.03916032981456744,209,13,1,0.00390625
Learned GS uniform probabilities,1,0.03916032981456744,210,13,2,0.00390625
Learned GS uniform probabilities,1,0.03916032981456744,211,13,3,0.00390625
Learned GS uniform probabilities,1,0.03916032981456744,212,13,4,0.00390625
Learned GS uniform probabilities,1,0.03916032981456744,213,13,5,0.00390625
Learned GS uniform probabilities,1,0.03916032981456744,214,13,6,0.00390625
Learned GS uniform probabilities,1,0.03916032981456744,215,13,7,0.00390625
Learned GS uniform probabilities,1,0.03916032981456744,216,13,8,0.00390625
Learned GS uniform probabilities,1,0.03916032981456744,217,13,9,0.00390625
Learned GS uniform probabilities,1,0.03916032981456744,218,13,10,0.00390625
Learned GS uniform probabilities,1,0.03916032981456744,219,13,11,0.00390625
Learned GS uniform probabilities,1,0.03916032981456744,220,13,12,0.00390625
Learned GS uniform probabilities,1,0.03916032981456744,221,13,13,0.00390625
Learned GS uniform probabilities,1,0.03916032981456744,222,13,14,0.00390625
Learned GS uniform probabilities,1,0.03916032981456744,223,13,15,0.00390625
Learned GS uniform probabilities,1,0.03916032981456744,224,14,0,0.00390625
Learned GS uniform probabilities,1,0.03916032981456744,225,14,1,0.00390625
Learned GS uniform probabilities,1,0.03916032981456744,226,14,2,0.00390625
Learned GS uniform probabilities,1,0.03916032981456744,227,14,3,0.00390625
Learned GS uniform probabilities,1,0.03916032981456744,228,14,4,0.00390625
Learned GS uniform probabilities,1,0.03916032981456744,229,14,5,0.00390625
Learned GS uniform probabilities,1,0.03916032981456744,230,14,6,0.00390625
Learned GS uniform probabilities,1,0.03916032981456744,231,14,7,0.00390625
Learned GS uniform probabilities,1,0.03916032981456744,232,14,8,0.00390625
Learned GS uniform probabilities,1,0.03916032981456744,233,14,9,0.00390625
Learned GS uniform probabilities,1,0.03916032981456744,234,14,10,0.00390625
Learned GS uniform probabilities,1,0.03916032981456744,235,14,11,0.00390625
Learned GS uniform probabilities,1,0.03916032981456744,236,14,12,0.00390625
Learned GS uniform probabilities,1,0.03916032981456744,237,14,13,0.00390625
Learned GS uniform probabilities,1,0.03916032981456744,238,14,14,0.00390625
Learned GS uniform probabilities,1,0.03916032981456744,239,14,15,0.00390625
Learned GS uniform probabilities,1,0.03916032981456744,240,15,0,0.00390625
Learned GS uniform probabilities,1,0.03916032981456744,241,15,1,0.00390625
Learned GS uniform probabilities,1,0.03916032981456744,242,15,2,0.00390625
Learned GS uniform probabilities,1,0.03916032981456744,243,15,3,0.00390625
Learned GS uniform probabilities,1,0.03916032981456744,244,15,4,0.00390625
Learned GS uniform probabilities,1,0.03916032981456744,245,15,5,0.00390625
Learned GS uniform probabilities,1,0.03916032981456744,246,15,6,0.00390625
Learned GS uniform probabilities,1,0.03916032981456744,247,15,7,0.00390625
Learned GS uniform probabilities,1,0.03916032981456744,248,15,8,0.00390625
Learned GS uniform probabilities,1,0.03916032981456744,249,15,9,0.00390625
Learned GS uniform probabilities,1,0.03916032981456744,250,15,10,0.00390625
Learned GS uniform probabilities,1,0.03916032981456744,251,15,11,0.00390625
Learned GS uniform probabilities,1,0.03916032981456744,252,15,12,0.00390625
Learned GS uniform probabilities,1,0.03916032981456744,253,15,13,0.00390625
Learned GS uniform probabilities,1,0.03916032981456744,254,15,14,0.00390625
Learned GS uniform probabilities,1,0.03916032981456744,255,15,15,0.00390625
Learned GS uniform probabilities,2,0.09240864037887758,0,0,0,0.00390625
Learned GS uniform probabilities,2,0.09240864037887758,1,0,1,0.00390625
Learned GS uniform probabilities,2,0.09240864037887758,2,0,2,0.00390625
Learned GS uniform probabilities,2,0.09240864037887758,3,0,3,0.00390625
Learned GS uniform probabilities,2,0.09240864037887758,4,0,4,0.00390625
Learned GS uniform probabilities,2,0.09240864037887758,5,0,5,0.00390625
Learned GS uniform probabilities,2,0.09240864037887758,6,0,6,0.00390625
Learned GS uniform probabilities,2,0.09240864037887758,7,0,7,0.00390625
Learned GS uniform probabilities,2,0.09240864037887758,8,0,8,0.00390625
Learned GS uniform probabilities,2,0.09240864037887758,9,0,9,0.00390625
Learned GS uniform probabilities,2,0.09240864037887758,10,0,10,0.00390625
Learned GS uniform probabilities,2,0.09240864037887758,11,0,11,0.00390625
Learned GS uniform probabilities,2,0.09240864037887758,12,0,12,0.00390625
Learned GS uniform probabilities,2,0.09240864037887758,13,0,13,0.00390625
Learned GS uniform probabilities,2,0.09240864037887758,14,0,14,0.00390625
Learned GS uniform probabilities,2,0.09240864037887758,15,0,15,0.00390625
Learned GS uniform probabilities,2,0.09240864037887758,16,1,0,0.00390625
Learned GS uniform probabilities,2,0.09240864037887758,17,1,1,0.00390625
Learned GS uniform probabilities,2,0.09240864037887758,18,1,2,0.00390625
Learned GS uniform probabilities,2,0.09240864037887758,19,1,3,0.00390625
Learned GS uniform probabilities,2,0.09240864037887758,20,1,4,0.00390625
Learned GS uniform probabilities,2,0.09240864037887758,21,1,5,0.00390625
Learned GS uniform probabilities,2,0.09240864037887758,22,1,6,0.00390625
Learned GS uniform probabilities,2,0.09240864037887758,23,1,7,0.00390625
Learned GS uniform probabilities,2,0.09240864037887758,24,1,8,0.00390625
Learned GS uniform probabilities,2,0.09240864037887758,25,1,9,0.00390625
Learned GS uniform probabilities,2,0.09240864037887758,26,1,10,0.00390625
Learned GS uniform probabilities,2,0.09240864037887758,27,1,11,0.00390625
Learned GS uniform probabilities,2,0.09240864037887758,28,1,12,0.00390625
Learned GS uniform probabilities,2,0.09240864037887758,29,1,13,0.00390625
Learned GS uniform probabilities,2,0.09240864037887758,30,1,14,0.00390625
Learned GS uniform probabilities,2,0.09240864037887758,31,1,15,0.00390625
Learned GS uniform probabilities,2,0.09240864037887758,32,2,0,0.00390625
Learned GS uniform probabilities,2,0.09240864037887758,33,2,1,0.00390625
Learned GS uniform probabilities,2,0.09240864037887758,34,2,2,0.00390625
Learned GS uniform probabilities,2,0.09240864037887758,35,2,3,0.00390625
Learned GS uniform probabilities,2,0.09240864037887758,36,2,4,0.00390625
Learned GS uniform probabilities,2,0.09240864037887758,37,2,5,0.00390625
Learned GS uniform probabilities,2,0.09240864037887758,38,2,6,0.00390625
Learned GS uniform probabilities,2,0.09240864037887758,39,2,7,0.00390625
Learned GS uniform probabilities,2,0.09240864037887758,40,2,8,0.00390625
Learned GS uniform probabilities,2,0.09240864037887758,41,2,9,0.00390625
Learned GS uniform probabilities,2,0.09240864037887758,42,2,10,0.00390625
Learned GS uniform probabilities,2,0.09240864037887758,43,2,11,0.00390625
Learned GS uniform probabilities,2,0.09240864037887758,44,2,12,0.00390625
Learned GS uniform probabilities,2,0.09240864037887758,45,2,13,0.00390625
Learned GS uniform probabilities,2,0.09240864037887758,46,2,14,0.00390625
Learned GS uniform probabilities,2,0.09240864037887758,47,2,15,0.00390625
Learned GS uniform probabilities,2,0.09240864037887758,48,3,0,0.00390625
Learned GS uniform probabilities,2,0.09240864037887758,49,3,1,0.00390625
Learned GS uniform probabilities,2,0.09240864037887758,50,3,2,0.00390625
Learned GS uniform probabilities,2,0.09240864037887758,51,3,3,0.00390625
Learned GS uniform probabilities,2,0.09240864037887758,52,3,4,0.00390625
Learned GS uniform probabilities,2,0.09240864037887758,53,3,5,0.00390625
Learned GS uniform probabilities,2,0.09240864037887758,54,3,6,0.00390625
Learned GS uniform probabilities,2,0.09240864037887758,55,3,7,0.00390625
Learned GS uniform probabilities,2,0.09240864037887758,56,3,8,0.00390625
Learned GS uniform probabilities,2,0.09240864037887758,57,3,9,0.00390625
Learned GS uniform probabilities,2,0.09240864037887758,58,3,10,0.00390625
Learned GS uniform probabilities,2,0.09240864037887758,59,3,11,0.00390625
Learned GS uniform probabilities,2,0.09240864037887758,60,3,12,0.00390625
Learned GS uniform probabilities,2,0.09240864037887758,61,3,13,0.00390625
Learned GS uniform probabilities,2,0.09240864037887758,62,3,14,0.00390625
Learned GS uniform probabilities,2,0.09240864037887758,63,3,15,0.00390625
Learned GS uniform probabilities,2,0.09240864037887758,64,4,0,0.00390625
Learned GS uniform probabilities,2,0.09240864037887758,65,4,1,0.00390625
Learned GS uniform probabilities,2,0.09240864037887758,66,4,2,0.00390625
Learned GS uniform probabilities,2,0.09240864037887758,67,4,3,0.00390625
Learned GS uniform probabilities,2,0.09240864037887758,68,4,4,0.00390625
Learned GS uniform probabilities,2,0.09240864037887758,69,4,5,0.00390625
Learned GS uniform probabilities,2,0.09240864037887758,70,4,6,0.00390625
Learned GS uniform probabilities,2,0.09240864037887758,71,4,7,0.00390625
Learned GS uniform probabilities,2,0.09240864037887758,72,4,8,0.00390625
Learned GS uniform probabilities,2,0.09240864037887758,73,4,9,0.00390625
Learned GS uniform probabilities,2,0.09240864037887758,74,4,10,0.00390625
Learned GS uniform probabilities,2,0.09240864037887758,75,4,11,0.00390625
Learned GS uniform probabilities,2,0.09240864037887758,76,4,12,0.00390625
Learned GS uniform probabilities,2,0.09240864037887758,77,4,13,0.00390625
Learned GS uniform probabilities,2,0.09240864037887758,78,4,14,0.00390625
Learned GS uniform probabilities,2,0.09240864037887758,79,4,15,0.00390625
Learned GS uniform probabilities,2,0.09240864037887758,80,5,0,0.00390625
Learned GS uniform probabilities,2,0.09240864037887758,81,5,1,0.00390625
Learned GS uniform probabilities,2,0.09240864037887758,82,5,2,0.00390625
Learned GS uniform probabilities,2,0.09240864037887758,83,5,3,0.00390625
Learned GS uniform probabilities,2,0.09240864037887758,84,5,4,0.00390625
Learned GS uniform probabilities,2,0.09240864037887758,85,5,5,0.00390625
Learned GS uniform probabilities,2,0.09240864037887758,86,5,6,0.00390625
Learned GS uniform probabilities,2,0.09240864037887758,87,5,7,0.00390625
Learned GS uniform probabilities,2,0.09240864037887758,88,5,8,0.00390625
Learned GS uniform probabilities,2,0.09240864037887758,89,5,9,0.00390625
Learned GS uniform probabilities,2,0.09240864037887758,90,5,10,0.00390625
Learned GS uniform probabilities,2,0.09240864037887758,91,5,11,0.00390625
Learned GS uniform probabilities,2,0.09240864037887758,92,5,12,0.00390625
Learned GS uniform probabilities,2,0.09240864037887758,93,5,13,0.00390625
Learned GS uniform probabilities,2,0.09240864037887758,94,5,14,0.00390625
Learned GS uniform probabilities,2,0.09240864037887758,95,5,15,0.00390625
Learned GS uniform probabilities,2,0.09240864037887758,96,6,0,0.00390625
Learned GS uniform probabilities,2,0.09240864037887758,97,6,1,0.00390625
Learned GS uniform probabilities,2,0.09240864037887758,98,6,2,0.00390625
Learned GS uniform probabilities,2,0.09240864037887758,99,6,3,0.00390625
Learned GS uniform probabilities,2,0.09240864037887758,100,6,4,0.00390625
Learned GS uniform probabilities,2,0.09240864037887758,101,6,5,0.00390625
Learned GS uniform probabilities,2,0.09240864037887758,102,6,6,0.00390625
Learned GS uniform probabilities,2,0.09240864037887758,103,6,7,0.00390625
Learned GS uniform probabilities,2,0.09240864037887758,104,6,8,0.00390625
Learned GS uniform probabilities,2,0.09240864037887758,105,6,9,0.00390625
Learned GS uniform probabilities,2,0.09240864037887758,106,6,10,0.00390625
Learned GS uniform probabilities,2,0.09240864037887758,107,6,11,0.00390625
Learned GS uniform probabilities,2,0.09240864037887758,108,6,12,0.00390625
Learned GS uniform probabilities,2,0.09240864037887758,109,6,13,0.00390625
Learned GS uniform probabilities,2,0.09240864037887758,110,6,14,0.00390625
Learned GS uniform probabilities,2,0.09240864037887758,111,6,15,0.00390625
Learned GS uniform probabilities,2,0.09240864037887758,112,7,0,0.00390625
Learned GS uniform probabilities,2,0.09240864037887758,113,7,1,0.00390625
Learned GS uniform probabilities,2,0.09240864037887758,114,7,2,0.00390625
Learned GS uniform probabilities,2,0.09240864037887758,115,7,3,0.00390625
Learned GS uniform probabilities,2,0.09240864037887758,116,7,4,0.00390625
Learned GS uniform probabilities,2,0.09240864037887758,117,7,5,0.00390625
Learned GS uniform probabilities,2,0.09240864037887758,118,7,6,0.00390625
Learned GS uniform probabilities,2,0.09240864037887758,119,7,7,0.00390625
Learned GS uniform probabilities,2,0.09240864037887758,120,7,8,0.00390625
Learned GS uniform probabilities,2,0.09240864037887758,121,7,9,0.00390625
Learned GS uniform probabilities,2,0.09240864037887758,122,7,10,0.00390625
Learned GS uniform probabilities,2,0.09240864037887758,123,7,11,0.00390625
Learned GS uniform probabilities,2,0.09240864037887758,124,7,12,0.00390625
Learned GS uniform probabilities,2,0.09240864037887758,125,7,13,0.00390625
Learned GS uniform probabilities,2,0.09240864037887758,126,7,14,0.00390625
Learned GS uniform probabilities,2,0.09240864037887758,127,7,15,0.00390625
Learned GS uniform probabilities,2,0.09240864037887758,128,8,0,0.00390625
Learned GS uniform probabilities,2,0.09240864037887758,129,8,1,0.00390625
Learned GS uniform probabilities,2,0.09240864037887758,130,8,2,0.00390625
Learned GS uniform probabilities,2,0.09240864037887758,131,8,3,0.00390625
Learned GS uniform probabilities,2,0.09240864037887758,132,8,4,0.00390625
Learned GS uniform probabilities,2,0.09240864037887758,133,8,5,0.00390625
Learned GS uniform probabilities,2,0.09240864037887758,134,8,6,0.00390625
Learned GS uniform probabilities,2,0.09240864037887758,135,8,7,0.00390625
Learned GS uniform probabilities,2,0.09240864037887758,136,8,8,0.00390625
Learned GS uniform probabilities,2,0.09240864037887758,137,8,9,0.00390625
Learned GS uniform probabilities,2,0.09240864037887758,138,8,10,0.00390625
Learned GS uniform probabilities,2,0.09240864037887758,139,8,11,0.00390625
Learned GS uniform probabilities,2,0.09240864037887758,140,8,12,0.00390625
Learned GS uniform probabilities,2,0.09240864037887758,141,8,13,0.00390625
Learned GS uniform probabilities,2,0.09240864037887758,142,8,14,0.00390625
Learned GS uniform probabilities,2,0.09240864037887758,143,8,15,0.00390625
Learned GS uniform probabilities,2,0.09240864037887758,144,9,0,0.00390625
Learned GS uniform probabilities,2,0.09240864037887758,145,9,1,0.00390625
Learned GS uniform probabilities,2,0.09240864037887758,146,9,2,0.00390625
Learned GS uniform probabilities,2,0.09240864037887758,147,9,3,0.00390625
Learned GS uniform probabilities,2,0.09240864037887758,148,9,4,0.00390625
Learned GS uniform probabilities,2,0.09240864037887758,149,9,5,0.00390625
Learned GS uniform probabilities,2,0.09240864037887758,150,9,6,0.00390625
Learned GS uniform probabilities,2,0.09240864037887758,151,9,7,0.00390625
Learned GS uniform probabilities,2,0.09240864037887758,152,9,8,0.00390625
Learned GS uniform probabilities,2,0.09240864037887758,153,9,9,0.00390625
Learned GS uniform probabilities,2,0.09240864037887758,154,9,10,0.00390625
Learned GS uniform probabilities,2,0.09240864037887758,155,9,11,0.00390625
Learned GS uniform probabilities,2,0.09240864037887758,156,9,12,0.00390625
Learned GS uniform probabilities,2,0.09240864037887758,157,9,13,0.00390625
Learned GS uniform probabilities,2,0.09240864037887758,158,9,14,0.00390625
Learned GS uniform probabilities,2,0.09240864037887758,159,9,15,0.00390625
Learned GS uniform probabilities,2,0.09240864037887758,160,10,0,0.00390625
Learned GS uniform probabilities,2,0.09240864037887758,161,10,1,0.00390625
Learned GS uniform probabilities,2,0.09240864037887758,162,10,2,0.00390625
Learned GS uniform probabilities,2,0.09240864037887758,163,10,3,0.00390625
Learned GS uniform probabilities,2,0.09240864037887758,164,10,4,0.00390625
Learned GS uniform probabilities,2,0.09240864037887758,165,10,5,0.00390625
Learned GS uniform probabilities,2,0.09240864037887758,166,10,6,0.00390625
Learned GS uniform probabilities,2,0.09240864037887758,167,10,7,0.00390625
Learned GS uniform probabilities,2,0.09240864037887758,168,10,8,0.00390625
Learned GS uniform probabilities,2,0.09240864037887758,169,10,9,0.00390625
Learned GS uniform probabilities,2,0.09240864037887758,170,10,10,0.00390625
Learned GS uniform probabilities,2,0.09240864037887758,171,10,11,0.00390625
Learned GS uniform probabilities,2,0.09240864037887758,172,10,12,0.00390625
Learned GS uniform probabilities,2,0.09240864037887758,173,10,13,0.00390625
Learned GS uniform probabilities,2,0.09240864037887758,174,10,14,0.00390625
Learned GS uniform probabilities,2,0.09240864037887758,175,10,15,0.00390625
Learned GS uniform probabilities,2,0.09240864037887758,176,11,0,0.00390625
Learned GS uniform probabilities,2,0.09240864037887758,177,11,1,0.00390625
Learned GS uniform probabilities,2,0.09240864037887758,178,11,2,0.00390625
Learned GS uniform probabilities,2,0.09240864037887758,179,11,3,0.00390625
Learned GS uniform probabilities,2,0.09240864037887758,180,11,4,0.00390625
Learned GS uniform probabilities,2,0.09240864037887758,181,11,5,0.00390625
Learned GS uniform probabilities,2,0.09240864037887758,182,11,6,0.00390625
Learned GS uniform probabilities,2,0.09240864037887758,183,11,7,0.00390625
Learned GS uniform probabilities,2,0.09240864037887758,184,11,8,0.00390625
Learned GS uniform probabilities,2,0.09240864037887758,185,11,9,0.00390625
Learned GS uniform probabilities,2,0.09240864037887758,186,11,10,0.00390625
Learned GS uniform probabilities,2,0.09240864037887758,187,11,11,0.00390625
Learned GS uniform probabilities,2,0.09240864037887758,188,11,12,0.00390625
Learned GS uniform probabilities,2,0.09240864037887758,189,11,13,0.00390625
Learned GS uniform probabilities,2,0.09240864037887758,190,11,14,0.00390625
Learned GS uniform probabilities,2,0.09240864037887758,191,11,15,0.00390625
Learned GS uniform probabilities,2,0.09240864037887758,192,12,0,0.00390625
Learned GS uniform probabilities,2,0.09240864037887758,193,12,1,0.00390625
Learned GS uniform probabilities,2,0.09240864037887758,194,12,2,0.00390625
Learned GS uniform probabilities,2,0.09240864037887758,195,12,3,0.00390625
Learned GS uniform probabilities,2,0.09240864037887758,196,12,4,0.00390625
Learned GS uniform probabilities,2,0.09240864037887758,197,12,5,0.00390625
Learned GS uniform probabilities,2,0.09240864037887758,198,12,6,0.00390625
Learned GS uniform probabilities,2,0.09240864037887758,199,12,7,0.00390625
Learned GS uniform probabilities,2,0.09240864037887758,200,12,8,0.00390625
Learned GS uniform probabilities,2,0.09240864037887758,201,12,9,0.00390625
Learned GS uniform probabilities,2,0.09240864037887758,202,12,10,0.00390625
Learned GS uniform probabilities,2,0.09240864037887758,203,12,11,0.00390625
Learned GS uniform probabilities,2,0.09240864037887758,204,12,12,0.00390625
Learned GS uniform probabilities,2,0.09240864037887758,205,12,13,0.00390625
Learned GS uniform probabilities,2,0.09240864037887758,206,12,14,0.00390625
Learned GS uniform probabilities,2,0.09240864037887758,207,12,15,0.00390625
Learned GS uniform probabilities,2,0.09240864037887758,208,13,0,0.00390625
Learned GS uniform probabilities,2,0.09240864037887758,209,13,1,0.00390625
Learned GS uniform probabilities,2,0.09240864037887758,210,13,2,0.00390625
Learned GS uniform probabilities,2,0.09240864037887758,211,13,3,0.00390625
Learned GS uniform probabilities,2,0.09240864037887758,212,13,4,0.00390625
Learned GS uniform probabilities,2,0.09240864037887758,213,13,5,0.00390625
Learned GS uniform probabilities,2,0.09240864037887758,214,13,6,0.00390625
Learned GS uniform probabilities,2,0.09240864037887758,215,13,7,0.00390625
Learned GS uniform probabilities,2,0.09240864037887758,216,13,8,0.00390625
Learned GS uniform probabilities,2,0.09240864037887758,217,13,9,0.00390625
Learned GS uniform probabilities,2,0.09240864037887758,218,13,10,0.00390625
Learned GS uniform probabilities,2,0.09240864037887758,219,13,11,0.00390625
Learned GS uniform probabilities,2,0.09240864037887758,220,13,12,0.00390625
Learned GS uniform probabilities,2,0.09240864037887758,221,13,13,0.00390625
Learned GS uniform probabilities,2,0.09240864037887758,222,13,14,0.00390625
Learned GS uniform probabilities,2,0.09240864037887758,223,13,15,0.00390625
Learned GS uniform probabilities,2,0.09240864037887758,224,14,0,0.00390625
Learned GS uniform probabilities,2,0.09240864037887758,225,14,1,0.00390625
Learned GS uniform probabilities,2,0.09240864037887758,226,14,2,0.00390625
Learned GS uniform probabilities,2,0.09240864037887758,227,14,3,0.00390625
Learned GS uniform probabilities,2,0.09240864037887758,228,14,4,0.00390625
Learned GS uniform probabilities,2,0.09240864037887758,229,14,5,0.00390625
Learned GS uniform probabilities,2,0.09240864037887758,230,14,6,0.00390625
Learned GS uniform probabilities,2,0.09240864037887758,231,14,7,0.00390625
Learned GS uniform probabilities,2,0.09240864037887758,232,14,8,0.00390625
Learned GS uniform probabilities,2,0.09240864037887758,233,14,9,0.00390625
Learned GS uniform probabilities,2,0.09240864037887758,234,14,10,0.00390625
Learned GS uniform probabilities,2,0.09240864037887758,235,14,11,0.00390625
Learned GS uniform probabilities,2,0.09240864037887758,236,14,12,0.00390625
Learned GS uniform probabilities,2,0.09240864037887758,237,14,13,0.00390625
Learned GS uniform probabilities,2,0.09240864037887758,238,14,14,0.00390625
Learned GS uniform probabilities,2,0.09240864037887758,239,14,15,0.00390625
Learned GS uniform probabilities,2,0.09240864037887758,240,15,0,0.00390625
Learned GS uniform probabilities,2,0.09240864037887758,241,15,1,0.00390625
Learned GS uniform probabilities,2,0.09240864037887758,242,15,2,0.00390625
Learned GS uniform probabilities,2,0.09240864037887758,243,15,3,0.00390625
Learned GS uniform probabilities,2,0.09240864037887758,244,15,4,0.00390625
Learned GS uniform probabilities,2,0.09240864037887758,245,15,5,0.00390625
Learned GS uniform probabilities,2,0.09240864037887758,246,15,6,0.00390625
Learned GS uniform probabilities,2,0.09240864037887758,247,15,7,0.00390625
Learned GS uniform probabilities,2,0.09240864037887758,248,15,8,0.00390625
Learned GS uniform probabilities,2,0.09240864037887758,249,15,9,0.00390625
Learned GS uniform probabilities,2,0.09240864037887758,250,15,10,0.00390625
Learned GS uniform probabilities,2,0.09240864037887758,251,15,11,0.00390625
Learned GS uniform probabilities,2,0.09240864037887758,252,15,12,0.00390625
Learned GS uniform probabilities,2,0.09240864037887758,253,15,13,0.00390625
Learned GS uniform probabilities,2,0.09240864037887758,254,15,14,0.00390625
Learned GS uniform probabilities,2,0.09240864037887758,255,15,15,0.00390625
Learned joint PS+GS,0,0.11407748711084696,0,0,0,5.427967007858716e-07
Learned joint PS+GS,0,0.11407748711084696,1,0,1,2.206286507373021e-06
Learned joint PS+GS,0,0.11407748711084696,2,0,2,7.333040593821767e-06
Learned joint PS+GS,0,0.11407748711084696,3,0,3,1.994351193451805e-05
Learned joint PS+GS,0,0.11407748711084696,4,0,4,4.439171949937767e-05
Learned joint PS+GS,0,0.11407748711084696,5,0,5,8.089010017770869e-05
Learned joint PS+GS,0,0.11407748711084696,6,0,6,0.00012067649573795487
Learned joint PS+GS,0,0.11407748711084696,7,0,7,0.00014739565260914455
Learned joint PS+GS,0,0.11407748711084696,8,0,8,0.00014739557814383064
Learned joint PS+GS,0,0.11407748711084696,9,0,9,0.00012067788525847686
Learned joint PS+GS,0,0.11407748711084696,10,0,10,8.089053096604763e-05
Learned joint PS+GS,0,0.11407748711084696,11,0,11,4.4388623969419125e-05
Learned joint PS+GS,0,0.11407748711084696,12,0,12,1.949727525036175e-05
Learned joint PS+GS,0,0.11407748711084696,13,0,13,7.3298914765462176e-06
Learned joint PS+GS,0,0.11407748711084696,14,0,14,2.2056679928091505e-06
Learned joint PS+GS,0,0.11407748711084696,15,0,15,5.420047625201307e-07
Learned joint PS+GS,0,0.11407748711084696,16,1,0,2.2067923370120277e-06
Learned joint PS+GS,0,0.11407748711084696,17,1,1,8.958030865669268e-06
Learned joint PS+GS,0,0.11407748711084696,18,1,2,2.9752019844608987e-05
Learned joint PS+GS,0,0.11407748711084696,19,1,3,5.9415667947083656e-05
Learned joint PS+GS,0,0.11407748711084696,20,1,4,0.00013224002730633468
Learned joint PS+GS,0,0.11407748711084696,21,1,5,0.00032804606217913356
Learned joint PS+GS,0,0.11407748711084696,22,1,6,0.000487977901593073
Learned joint PS+GS,0,0.11407748711084696,23,1,7,0.0005977470354100558
Learned joint PS+GS,0,0.11407748711084696,24,1,8,0.0005977455284891249
Learned joint PS+GS,0,0.11407748711084696,25,1,9,0.00035935086891271986
Learned joint PS+GS,0,0.11407748711084696,26,1,10,0.00032250252797764306
Learned joint PS+GS,0,0.11407748711084696,27,1,11,0.00013220355854775488
Learned joint PS+GS,0,0.11407748711084696,28,1,12,8.07825139913342e-05
Learned joint PS+GS,0,0.11407748711084696,29,1,13,2.9711485416220254e-05
Learned joint PS+GS,0,0.11407748711084696,30,1,14,8.953484354140265e-06
Learned joint PS+GS,0,0.11407748711084696,31,1,15,2.205976490021348e-06
Learned joint PS+GS,0,0.11407748711084696,32,2,0,7.3342925493436745e-06
Learned joint PS+GS,0,0.11407748711084696,33,2,1,2.9752863999003238e-05
Learned joint PS+GS,0,0.11407748711084696,34,2,2,9.879121565430745e-05
Learned joint PS+GS,0,0.11407748711084696,35,2,3,0.00019720928223195203
Learned joint PS+GS,0,0.11407748711084696,36,2,4,0.0005977435643742767
Learned joint PS+GS,0,0.11407748711084696,37,2,5,0.0010891706166653665
Learned joint PS+GS,0,0.11407748711084696,38,2,6,0.0011936719900879926
Learned joint PS+GS,0,0.11407748711084696,39,2,7,0.0019846311426903467
Learned joint PS+GS,0,0.11407748711084696,40,2,8,0.001457215907605791
Learned joint PS+GS,0,0.11407748711084696,41,2,9,0.0008761186570119752
Learned joint PS+GS,0,0.11407748711084696,42,2,10,0.0007997698702679328
Learned joint PS+GS,0,0.11407748711084696,43,2,11,0.0004388070462217697
Learned joint PS+GS,0,0.11407748711084696,44,2,12,0.00026854395475576343
Learned joint PS+GS,0,0.11407748711084696,45,2,13,7.255368407500153e-05
Learned joint PS+GS,0,0.11407748711084696,46,2,14,2.1866042168093013e-05
Learned joint PS+GS,0,0.11407748711084696,47,2,15,7.320906960277216e-06
Learned joint PS+GS,0,0.11407748711084696,48,3,0,1.994297722036204e-05
Learned joint PS+GS,0,0.11407748711084696,49,3,1,8.088778326774694e-05
Learned joint PS+GS,0,0.11407748711084696,50,3,2,0.0002685732297833235
Learned joint PS+GS,0,0.11407748711084696,51,3,3,0.0007300986439206235
Learned joint PS+GS,0,0.11407748711084696,52,3,4,0.0011931036024247746
Learned joint PS+GS,0,0.11407748711084696,53,3,5,0.002960740347779364
Learned joint PS+GS,0,0.11407748711084696,54,3,6,0.004416894368474576
Learned joint PS+GS,0,0.11407748711084696,55,3,7,0.004948019658934159
Learned joint PS+GS,0,0.11407748711084696,56,3,8,0.0039611214160520545
Learned joint PS+GS,0,0.11407748711084696,57,3,9,0.0043419573298226245
Learned joint PS+GS,0,0.11407748711084696,58,3,10,0.0021738955741860654
Learned joint PS+GS,0,0.11407748711084696,59,3,11,0.0011929279721818536
Learned joint PS+GS,0,0.11407748711084696,60,3,12,0.0007299471676369927
Learned joint PS+GS,0,0.11407748711084696,61,3,13,0.0002685066630879006
Learned joint PS+GS,0,0.11407748711084696,62,3,14,5.9472242878343694e-05
Learned joint PS+GS,0,0.11407748711084696,63,3,15,1.9940734930896622e-05
Learned joint PS+GS,0,0.11407748711084696,64,4,0,4.439095236253685e-05
Learned joint PS+GS,0,0.11407748711084696,65,4,1,0.0001800174294043878
Learned joint PS+GS,0,0.11407748711084696,66,4,2,0.0005933842646719047
Learned joint PS+GS,0,0.11407748711084696,67,4,3,0.0016106855310020162
Learned joint PS+GS,0,0.11407748711084696,68,4,4,0.0036155066406100395
Learned joint PS+GS,0,0.11407748711084696,69,4,5,0.006541712993333409
Learned joint PS+GS,0,0.11407748711084696,70,4,6,0.007217595127117984
Learned joint PS+GS,0,0.11407748711084696,71,4,7,0.006474079427326881
Learned joint PS+GS,0,0.11407748711084696,72,4,8,0.008991494938292304
Learned joint PS+GS,0,0.11407748711084696,73,4,9,0.007216224453173181
Learned joint PS+GS,0,0.11407748711084696,74,4,10,0.0065892368629058475
Learned joint PS+GS,0,0.11407748711084696,75,4,11,0.003615564992488134
Learned joint PS+GS,0,0.11407748711084696,76,4,12,0.0011813594620556974
Learned joint PS+GS,0,0.11407748711084696,77,4,13,0.0005960229244594469
Learned joint PS+GS,0,0.11407748711084696,78,4,14,0.00017998691407844456
Learned joint PS+GS,0,0.11407748711084696,79,4,15,4.438811690316415e-05
Learned joint PS+GS,0,0.11407748711084696,80,5,0,8.089257659700968e-05
Learned joint PS+GS,0,0.11407748711084696,81,5,1,0.0003279763492469775
Learned joint PS+GS,0,0.11407748711084696,82,5,2,0.0010797697828514078
Learned joint PS+GS,0,0.11407748711084696,83,5,3,0.0029410647881631213
Learned joint PS+GS,0,0.11407748711084696,84,5,4,0.006589235946873866
Learned joint PS+GS,0,0.11407748711084696,85,5,5,0.008872092748095693
Learned joint PS+GS,0,0.11407748711084696,86,5,6,0.013412781932219906
Learned joint PS+GS,0,0.11407748711084696,87,5,7,0.01179420165127078
Learned joint PS+GS,0,0.11407748711084696,88,5,8,0.021877276034536982
Learned joint PS+GS,0,0.11407748711084696,89,5,9,0.017911591220258358
Learned joint PS+GS,0,0.11407748711084696,90,5,10,0.008815646310142457
Learned joint PS+GS,0,0.11407748711084696,91,5,11,0.006589144399453063
Learned joint PS+GS,0,0.11407748711084696,92,5,12,0.0021738834532475508
Learned joint PS+GS,0,0.11407748711084696,93,5,13,0.001078481402551486
Learned joint PS+GS,0,0.11407748711084696,94,5,14,0.0003279211035137527
Learned joint PS+GS,0,0.11407748711084696,95,5,15,8.088951912192918e-05
Learned joint PS+GS,0,0.11407748711084696,96,6,0,0.00012064284960272108
Learned joint PS+GS,0,0.11407748711084696,97,6,1,0.0004893908184613466
Learned joint PS+GS,0,0.11407748711084696,98,6,2,0.001186302801047724
Learned joint PS+GS,0,0.11407748711084696,99,6,3,0.00441692621807377
Learned joint PS+GS,0,0.11407748711084696,100,6,4,0.007355126781584385
Learned joint PS+GS,0,0.11407748711084696,101,6,5,0.01791159057900163
Learned joint PS+GS,0,0.11407748711084696,102,6,6,0.026720970010014104
Learned joint PS+GS,0,0.11407748711084696,103,6,7,0.023963361669589216
Learned joint PS+GS,0,0.11407748711084696,104,6,8,0.01759486060205643
Learned joint PS+GS,0,0.11407748711084696,105,6,9,0.01440547128097732
Learned joint PS+GS,0,0.11407748711084696,106,6,10,0.00965628370412936
Learned joint PS+GS,0,0.11407748711084696,107,6,11,0.009830060872588505
Learned joint PS+GS,0,0.11407748711084696,108,6,12,0.0023812506193577974
Learned joint PS+GS,0,0.11407748711084696,109,6,13,0.001193076544147596
Learned joint PS+GS,0,0.11407748711084696,110,6,14,0.0004893915490782136
Learned joint PS+GS,0,0.11407748711084696,111,6,15,0.00012064148178803472
Learned joint PS+GS,0,0.11407748711084696,112,7,0,0.0001473999938180086
Learned joint PS+GS,0,0.11407748711084696,113,7,1,0.0005976249382612948
Learned joint PS+GS,0,0.11407748711084696,114,7,2,0.0019509867218769313
Learned joint PS+GS,0,0.11407748711084696,115,7,3,0.005394860539075977
Learned joint PS+GS,0,0.11407748711084696,116,7,4,0.008815631550243293
Learned joint PS+GS,0,0.11407748711084696,117,7,5,0.011910521671032006
Learned joint PS+GS,0,0.11407748711084696,118,7,6,0.023963393566193494
Learned joint PS+GS,0,0.11407748711084696,119,7,7,0.029268950856914566
Learned joint PS+GS,0,0.11407748711084696,120,7,8,0.029268927194243285
Learned joint PS+GS,0,0.11407748711084696,121,7,9,0.023910460505916477
Learned joint PS+GS,0,0.11407748711084696,122,7,10,0.016063156300185927
Learned joint PS+GS,0,0.11407748711084696,123,7,11,0.0120064819734404
Learned joint PS+GS,0,0.11407748711084696,124,7,12,0.005394847322732178
Learned joint PS+GS,0,0.11407748711084696,125,7,13,0.0014572273945375705
Learned joint PS+GS,0,0.11407748711084696,126,7,14,0.0005976285423953931
Learned joint PS+GS,0,0.11407748711084696,127,7,15,0.0001473310328484361
Learned joint PS+GS,0,0.11407748711084696,128,8,0,0.00014739551130803002
Learned joint PS+GS,0,0.11407748711084696,129,8,1,0.0005957028650673652
Learned joint PS+GS,0,0.11407748711084696,130,8,2,0.0014572071190183757
Learned joint PS+GS,0,0.11407748711084696,131,8,3,0.003961241824030138
Learned joint PS+GS,0,0.11407748711084696,132,8,4,0.01200646960385417
Learned joint PS+GS,0,0.11407748711084696,133,8,5,0.021877213299565466
Learned joint PS+GS,0,0.11407748711084696,134,8,6,0.017594855020505357
Learned joint PS+GS,0,0.11407748711084696,135,8,7,0.021551165636153086
Learned joint PS+GS,0,0.11407748711084696,136,8,8,0.021494572793374335
Learned joint PS+GS,0,0.11407748711084696,137,8,9,0.023958700788536087
Learned joint PS+GS,0,0.11407748711084696,138,8,10,0.016566595267639185
Learned joint PS+GS,0,0.11407748711084696,139,8,11,0.01200644808645563
Learned joint PS+GS,0,0.11407748711084696,140,8,12,0.003961117038030383
Learned joint PS+GS,0,0.11407748711084696,141,8,13,0.0019846473897385344
Learned joint PS+GS,0,0.11407748711084696,142,8,14,0.0005977528233936802
Learned joint PS+GS,0,0.11407748711084696,143,8,15,0.00014739492635257065
Learned joint PS+GS,0,0.11407748711084696,144,9,0,0.00011829086917783102
Learned joint PS+GS,0,0.11407748711084696,145,9,1,0.0004893925056056744
Learned joint PS+GS,0,0.11407748711084696,146,9,2,0.0016247798337729908
Learned joint PS+GS,0,0.11407748711084696,147,9,3,0.00324306103666927
Learned joint PS+GS,0,0.11407748711084696,148,9,4,0.009828056082126627
Learned joint PS+GS,0,0.11407748711084696,149,9,5,0.017911594159458036
Learned joint PS+GS,0,0.11407748711084696,150,9,6,0.014405460762138313
Learned joint PS+GS,0,0.11407748711084696,151,9,7,0.023963467546219624
Learned joint PS+GS,0,0.11407748711084696,152,9,8,0.017594863476038843
Learned joint PS+GS,0,0.11407748711084696,153,9,9,0.02672095338641078
Learned joint PS+GS,0,0.11407748711084696,154,9,10,0.00968368853980275
Learned joint PS+GS,0,0.11407748711084696,155,9,11,0.007238061086061124
Learned joint PS+GS,0,0.11407748711084696,156,9,12,0.0035709127638695526
Learned joint PS+GS,0,0.11407748711084696,157,9,13,0.0016248021727288074
Learned joint PS+GS,0,0.11407748711084696,158,9,14,0.0004893981809224474
Learned joint PS+GS,0,0.11407748711084696,159,9,15,0.00012067113124497078
Learned joint PS+GS,0,0.11407748711084696,160,10,0,8.083632049549766e-05
Learned joint PS+GS,0,0.11407748711084696,161,10,1,0.0002458610423996781
Learned joint PS+GS,0,0.11407748711084696,162,10,2,0.0007756129055534613
Learned joint PS+GS,0,0.11407748711084696,163,10,3,0.002173910644631219
Learned joint PS+GS,0,0.11407748711084696,164,10,4,0.004838126584999179
Learned joint PS+GS,0,0.11407748711084696,165,10,5,0.008813934120741192
Learned joint PS+GS,0,0.11407748711084696,166,10,6,0.013151437306745254
Learned joint PS+GS,0,0.11407748711084696,167,10,7,0.02187294934230481
Learned joint PS+GS,0,0.11407748711084696,168,10,8,0.016063303083714238
Learned joint PS+GS,0,0.11407748711084696,169,10,9,0.013153881264352997
Learned joint PS+GS,0,0.11407748711084696,170,10,10,0.008582541096798341
Learned joint PS+GS,0,0.11407748711084696,171,10,11,0.006589287402175338
Learned joint PS+GS,0,0.11407748711084696,172,10,12,0.0021739342620938243
Learned joint PS+GS,0,0.11407748711084696,173,10,13,0.0007995696055988436
Learned joint PS+GS,0,0.11407748711084696,174,10,14,0.0003280425573983227
Learned joint PS+GS,0,0.11407748711084696,175,10,15,8.089298811867641e-05
Learned joint PS+GS,0,0.11407748711084696,176,11,0,4.438953257578581e-05
Learned joint PS+GS,0,0.11407748711084696,177,11,1,0.00016902222075476094
Learned joint PS+GS,0,0.11407748711084696,178,11,2,0.00043882108753025577
Learned joint PS+GS,0,0.11407748711084696,179,11,3,0.0011930687035402552
Learned joint PS+GS,0,0.11407748711084696,180,11,4,0.002655201515422627
Learned joint PS+GS,0,0.11407748711084696,181,11,5,0.006587969828120954
Learned joint PS+GS,0,0.11407748711084696,182,11,6,0.007217650390258667
Learned joint PS+GS,0,0.11407748711084696,183,11,7,0.012004156295663985
Learned joint PS+GS,0,0.11407748711084696,184,11,8,0.008815704481115818
Learned joint PS+GS,0,0.11407748711084696,185,11,9,0.009830077358440211
Learned joint PS+GS,0,0.11407748711084696,186,11,10,0.004839064738972968
Learned joint PS+GS,0,0.11407748711084696,187,11,11,0.0026628142423051784
Learned joint PS+GS,0,0.11407748711084696,188,11,12,0.001624891098345061
Learned joint PS+GS,0,0.11407748711084696,189,11,13,0.0005977134215771732
Learned joint PS+GS,0,0.11407748711084696,190,11,14,0.0001800331114525383
Learned joint PS+GS,0,0.11407748711084696,191,11,15,4.438179792661216e-05
Learned joint PS+GS,0,0.11407748711084696,192,12,0,1.9938808776802194e-05
Learned joint PS+GS,0,0.11407748711084696,193,12,1,7.943130395335614e-05
Learned joint PS+GS,0,0.11407748711084696,194,12,2,0.00019718575783582098
Learned joint PS+GS,0,0.11407748711084696,195,12,3,0.000536077757535497
Learned joint PS+GS,0,0.11407748711084696,196,12,4,0.0011930682089426018
Learned joint PS+GS,0,0.11407748711084696,197,12,5,0.001596227680048743
Learned joint PS+GS,0,0.11407748711084696,198,12,6,0.0023965587728109108
Learned joint PS+GS,0,0.11407748711084696,199,12,7,0.0029089819738674994
Learned joint PS+GS,0,0.11407748711084696,200,12,8,0.0039611157360849095
Learned joint PS+GS,0,0.11407748711084696,201,12,9,0.00324309529913167
Learned joint PS+GS,0,0.11407748711084696,202,12,10,0.002173914466550388
Learned joint PS+GS,0,0.11407748711084696,203,12,11,0.0016248576698089255
Learned joint PS+GS,0,0.11407748711084696,204,12,12,0.0005362379032627787
Learned joint PS+GS,0,0.11407748711084696,205,12,13,0.0002685797613938564
Learned joint PS+GS,0,0.11407748711084696,206,12,14,8.089124283203974e-05
Learned joint PS+GS,0,0.11407748711084696,207,12,15,1.9943873274924062e-05
Learned joint PS+GS,0,0.11407748711084696,208,13,0,7.331481760574434e-06
Learned joint PS+GS,0,0.11407748711084696,209,13,1,2.186199351288728e-05
Learned joint PS+GS,0,0.11407748711084696,210,13,2,9.879213547757703e-05
Learned joint PS+GS,0,0.11407748711084696,211,13,3,0.0002684736191271516
Learned joint PS+GS,0,0.11407748711084696,212,13,4,0.000438906811465249
Learned joint PS+GS,0,0.11407748711084696,213,13,5,0.0007995832403001123
Learned joint PS+GS,0,0.11407748711084696,214,13,6,0.0011927775310308251
Learned joint PS+GS,0,0.11407748711084696,215,13,7,0.0019842138394705997
Learned joint PS+GS,0,0.11407748711084696,216,13,8,0.001984638973549193
Learned joint PS+GS,0,0.11407748711084696,217,13,9,0.0016245307279727792
Learned joint PS+GS,0,0.11407748711084696,218,13,10,0.0007997392580830072
Learned joint PS+GS,0,0.11407748711084696,219,13,11,0.0005977457973597503
Learned joint PS+GS,0,0.11407748711084696,220,13,12,0.0002685829100547887
Learned joint PS+GS,0,0.11407748711084696,221,13,13,9.878995497692467e-05
Learned joint PS+GS,0,0.11407748711084696,222,13,14,2.975001279212289e-05
Learned joint PS+GS,0,0.11407748711084696,223,13,15,7.334575382585764e-06
Learned joint PS+GS,0,0.11407748711084696,224,14,0,2.205811680667163e-06
Learned joint PS+GS,0,0.11407748711084696,225,14,1,8.95627232940734e-06
Learned joint PS+GS,0,0.11407748711084696,226,14,2,2.9742534662382236e-05
Learned joint PS+GS,0,0.11407748711084696,227,14,3,8.088089554220757e-05
Learned joint PS+GS,0,0.11407748711084696,228,14,4,0.00017994023948989784
Learned joint PS+GS,0,0.11407748711084696,229,14,5,0.00024088222593864425
Learned joint PS+GS,0,0.11407748711084696,230,14,6,0.0004892641081001738
Learned joint PS+GS,0,0.11407748711084696,231,14,7,0.0005960210480285467
Learned joint PS+GS,0,0.11407748711084696,232,14,8,0.0004389084309290629
Learned joint PS+GS,0,0.11407748711084696,233,14,9,0.0003593521713718364
Learned joint PS+GS,0,0.11407748711084696,234,14,10,0.0003280460393445748
Learned joint PS+GS,0,0.11407748711084696,235,14,11,0.00018002979399222793
Learned joint PS+GS,0,0.11407748711084696,236,14,12,8.088233352688533e-05
Learned joint PS+GS,0,0.11407748711084696,237,14,13,2.9752824971102034e-05
Learned joint PS+GS,0,0.11407748711084696,238,14,14,8.954409731288312e-06
Learned joint PS+GS,0,0.11407748711084696,239,14,15,2.207135679969987e-06
Learned joint PS+GS,0,0.11407748711084696,240,15,0,5.422536881391634e-07
Learned joint PS+GS,0,0.11407748711084696,241,15,1,2.204178178380152e-06
Learned joint PS+GS,0,0.11407748711084696,242,15,2,7.3251877697668e-06
Learned joint PS+GS,0,0.11407748711084696,243,15,3,1.9938708121048138e-05
Learned joint PS+GS,0,0.11407748711084696,244,15,4,4.438476247337496e-05
Learned joint PS+GS,0,0.11407748711084696,245,15,5,7.925509270879336e-05
Learned joint PS+GS,0,0.11407748711084696,246,15,6,0.0001206751381496643
Learned joint PS+GS,0,0.11407748711084696,247,15,7,0.00014739563059476413
Learned joint PS+GS,0,0.11407748711084696,248,15,8,0.00011418006801435223
Learned joint PS+GS,0,0.11407748711084696,249,15,9,0.0001206786010104645
Learned joint PS+GS,0,0.11407748711084696,250,15,10,8.088809808094915e-05
Learned joint PS+GS,0,0.11407748711084696,251,15,11,4.439131707793205e-05
Learned joint PS+GS,0,0.11407748711084696,252,15,12,1.9942146192657538e-05
Learned joint PS+GS,0,0.11407748711084696,253,15,13,7.3341655058822565e-06
Learned joint PS+GS,0,0.11407748711084696,254,15,14,2.206710795302242e-06
Learned joint PS+GS,0,0.11407748711084696,255,15,15,5.426838125214016e-07
Learned joint PS+GS,1,0.03916032981456744,0,0,0,6.37633848544356e-07
Learned joint PS+GS,1,0.03916032981456744,1,0,1,2.595769424087033e-06
Learned joint PS+GS,1,0.03916032981456744,2,0,2,8.633695290359806e-06
Learned joint PS+GS,1,0.03916032981456744,3,0,3,2.348898193044013e-05
Learned joint PS+GS,1,0.03916032981456744,4,0,4,5.228896270321101e-05
Learned joint PS+GS,1,0.03916032981456744,5,0,5,9.52830662165613e-05
Learned joint PS+GS,1,0.03916032981456744,6,0,6,0.00014215033717285153
Learned joint PS+GS,1,0.03916032981456744,7,0,7,0.0001736249625236764
Learned joint PS+GS,1,0.03916032981456744,8,0,8,0.00017362609245945578
Learned joint PS+GS,1,0.03916032981456744,9,0,9,0.0001421537995061764
Learned joint PS+GS,1,0.03916032981456744,10,0,10,9.528420769350748e-05
Learned joint PS+GS,1,0.03916032981456744,11,0,11,5.228297528581544e-05
Learned joint PS+GS,1,0.03916032981456744,12,0,12,2.277134096335697e-05
Learned joint PS+GS,1,0.03916032981456744,13,0,13,8.627983646332349e-06
Learned joint PS+GS,1,0.03916032981456744,14,0,14,2.594609713735956e-06
Learned joint PS+GS,1,0.03916032981456744,15,0,15,6.360835664553553e-07
Learned joint PS+GS,1,0.03916032981456744,16,1,0,2.596782719901206e-06
Learned joint PS+GS,1,0.03916032981456744,17,1,1,1.0548072178570822e-05
Learned joint PS+GS,1,0.03916032981456744,18,1,2,3.504110378346597e-05
Learned joint PS+GS,1,0.03916032981456744,19,1,3,5.632086759927087e-05
Learned joint PS+GS,1,0.03916032981456744,20,1,4,0.00012529819563953423
Learned joint PS+GS,1,0.03916032981456744,21,1,5,0.00038643227174372483
Learned joint PS+GS,1,0.03916032981456744,22,1,6,0.0005748808504283706
Learned joint PS+GS,1,0.03916032981456744,23,1,7,0.0007041452316218688
Learned joint PS+GS,1,0.03916032981456744,24,1,8,0.0007041447081424839
Learned joint PS+GS,1,0.03916032981456744,25,1,9,0.00034055588008664796
Learned joint PS+GS,1,0.03916032981456744,26,1,10,0.00037801336078362207
Learned joint PS+GS,1,0.03916032981456744,27,1,11,0.00012529923084403293
Learned joint PS+GS,1,0.03916032981456744,28,1,12,9.515848552905224e-05
Learned joint PS+GS,1,0.03916032981456744,29,1,13,3.498524613512402e-05
Learned joint PS+GS,1,0.03916032981456744,30,1,14,1.0539613702811296e-05
Learned joint PS+GS,1,0.03916032981456744,31,1,15,2.5951994843151695e-06
Learned joint PS+GS,1,0.03916032981456744,32,2,0,8.636203674074402e-06
Learned joint PS+GS,1,0.03916032981456744,33,2,1,3.50430628893138e-05
Learned joint PS+GS,1,0.03916032981456744,34,2,2,0.00011636448754906908
Learned joint PS+GS,1,0.03916032981456744,35,2,3,0.00018689909598651217
Learned joint PS+GS,1,0.03916032981456744,36,2,4,0.0007041382837265227
Learned joint PS+GS,1,0.03916032981456744,37,2,5,0.0012830443852216704
Learned joint PS+GS,1,0.03916032981456744,38,2,6,0.0011317025390011138
Learned joint PS+GS,1,0.03916032981456744,39,2,7,0.002337926179304586
Learned joint PS+GS,1,0.03916032981456744,40,2,8,0.0013810594691694357
Learned joint PS+GS,1,0.03916032981456744,41,2,9,0.0006680342448423067
Learned joint PS+GS,1,0.03916032981456744,42,2,10,0.0007579441354868949
Learned joint PS+GS,1,0.03916032981456744,43,2,11,0.0004159178970778039
Learned joint PS+GS,1,0.03916032981456744,44,2,12,0.0003163508221767542
Learned joint PS+GS,1,0.03916032981456744,45,2,13,6.87851271353599e-05
Learned joint PS+GS,1,0.03916032981456744,46,2,14,2.073326210221322e-05
Learned joint PS+GS,1,0.03916032981456744,47,2,15,8.612907796370874e-06
Learned joint PS+GS,1,0.03916032981456744,48,3,0,2.348809039899145e-05
Learned joint PS+GS,1,0.03916032981456744,49,3,1,9.52786180336959e-05
Learned joint PS+GS,1,0.03916032981456744,50,3,2,0.0003163734528233495
Learned joint PS+GS,1,0.03916032981456744,51,3,3,0.0008600620296549277
Learned joint PS+GS,1,0.03916032981456744,52,3,4,0.0011307455059002267
Learned joint PS+GS,1,0.03916032981456744,53,3,5,0.0034878143096970043
Learned joint PS+GS,1,0.03916032981456744,54,3,6,0.0052031770662623825
Learned joint PS+GS,1,0.03916032981456744,55,3,7,0.0054073955206031124
Learned joint PS+GS,1,0.03916032981456744,56,3,8,0.0037541040832921174
Learned joint PS+GS,1,0.03916032981456744,57,3,9,0.005089689309569016
Learned joint PS+GS,1,0.03916032981456744,58,3,10,0.0020601427147830475
Learned joint PS+GS,1,0.03916032981456744,59,3,11,0.0011308731669858476
Learned joint PS+GS,1,0.03916032981456744,60,3,12,0.0008599611752100688
Learned joint PS+GS,1,0.03916032981456744,61,3,13,0.00031633551958827925
Learned joint PS+GS,1,0.03916032981456744,62,3,14,5.642321052241749e-05
Learned joint PS+GS,1,0.03916032981456744,63,3,15,2.3483803389832547e-05
Learned joint PS+GS,1,0.03916032981456744,64,4,0,5.228758000895145e-05
Learned joint PS+GS,1,0.03916032981456744,65,4,1,0.0002120422688644372
Learned joint PS+GS,1,0.03916032981456744,66,4,2,0.0006983112339237111
Learned joint PS+GS,1,0.03916032981456744,67,4,3,0.0018946253938063456
Learned joint PS+GS,1,0.03916032981456744,68,4,4,0.004259661662112423
Learned joint PS+GS,1,0.03916032981456744,69,4,5,0.0076990558770014495
Learned joint PS+GS,1,0.03916032981456744,70,4,6,0.006839989690366689
Learned joint PS+GS,1,0.03916032981456744,71,4,7,0.004935056271155301
Learned joint PS+GS,1,0.03916032981456744,72,4,8,0.008573027095758594
Learned joint PS+GS,1,0.03916032981456744,73,4,9,0.006840401081420527
Learned joint PS+GS,1,0.03916032981456744,74,4,10,0.007761782229797739
Learned joint PS+GS,1,0.03916032981456744,75,4,11,0.00426002481090496
Learned joint PS+GS,1,0.03916032981456744,76,4,12,0.001117487332893266
Learned joint PS+GS,1,0.03916032981456744,77,4,13,0.0007021947047393372
Learned joint PS+GS,1,0.03916032981456744,78,4,14,0.000212050270113561
Learned joint PS+GS,1,0.03916032981456744,79,4,15,5.228249157661157e-05
Learned joint PS+GS,1,0.03916032981456744,80,5,0,9.528824182447391e-05
Learned joint PS+GS,1,0.03916032981456744,81,5,1,0.0003864203895442986
Learned joint PS+GS,1,0.03916032981456744,82,5,2,0.0012701796981060528
Learned joint PS+GS,1,0.03916032981456744,83,5,3,0.0034402660529316495
Learned joint PS+GS,1,0.03916032981456744,84,5,4,0.007761776011953959
Learned joint PS+GS,1,0.03916032981456744,85,5,5,0.008413698366021903
Learned joint PS+GS,1,0.03916032981456744,86,5,6,0.01278884728504395
Learned joint PS+GS,1,0.03916032981456744,87,5,7,0.00899217049376987
Learned joint PS+GS,1,0.03916032981456744,88,5,8,0.025772052757704386
Learned joint PS+GS,1,0.03916032981456744,89,5,9,0.02110035616635751
Learned joint PS+GS,1,0.03916032981456744,90,5,10,0.00835493278528074
Learned joint PS+GS,1,0.03916032981456744,91,5,11,0.0077615928863397675
Learned joint PS+GS,1,0.03916032981456744,92,5,12,0.0020602538042395215
Learned joint PS+GS,1,0.03916032981456744,93,5,13,0.0012680886292786321
Learned joint PS+GS,1,0.03916032981456744,94,5,14,0.00038632547712838837
Learned joint PS+GS,1,0.03916032981456744,95,5,15,9.528231237631831e-05
Learned joint PS+GS,1,0.03916032981456744,96,6,0,0.00014213284141844078
Learned joint PS+GS,1,0.03916032981456744,97,6,1,0.0005764964991372665
Learned joint PS+GS,1,0.03916032981456744,98,6,2,0.0011236795036178918
Learned joint PS+GS,1,0.03916032981456744,99,6,3,0.0052032450152312585
Learned joint PS+GS,1,0.03916032981456744,100,6,4,0.007103140583239307
Learned joint PS+GS,1,0.03916032981456744,101,6,5,0.02110035593033449
Learned joint PS+GS,1,0.03916032981456744,102,6,6,0.031476168307487874
Learned joint PS+GS,1,0.03916032981456744,103,6,7,0.022709620875677128
Learned joint PS+GS,1,0.03916032981456744,104,6,8,0.013413908167855355
Learned joint PS+GS,1,0.03916032981456744,105,6,9,0.01098303678964354
Learned joint PS+GS,1,0.03916032981456744,106,6,10,0.007362179447779729
Learned joint PS+GS,1,0.03916032981456744,107,6,11,0.011579374814367837
Learned joint PS+GS,1,0.03916032981456744,108,6,12,0.001815652411636228
Learned joint PS+GS,1,0.03916032981456744,109,6,13,0.0011306631178647935
Learned joint PS+GS,1,0.03916032981456744,110,6,14,0.0005764996176404595
Learned joint PS+GS,1,0.03916032981456744,111,6,15,0.0001420763003079896
Learned joint PS+GS,1,0.03916032981456744,112,7,0,0.0001736348181066152
Learned joint PS+GS,1,0.03916032981456744,113,7,1,0.0007041304204923618
Learned joint PS+GS,1,0.03916032981456744,114,7,2,0.002286980419624144
Learned joint PS+GS,1,0.03916032981456744,115,7,3,0.006355290023565761
Learned joint PS+GS,1,0.03916032981456744,116,7,4,0.00835440998810696
Learned joint PS+GS,1,0.03916032981456744,117,7,5,0.009096816949144129
Learned joint PS+GS,1,0.03916032981456744,118,7,6,0.02271104349527905
Learned joint PS+GS,1,0.03916032981456744,119,7,7,0.027735978466760843
Learned joint PS+GS,1,0.03916032981456744,120,7,8,0.027735934790030614
Learned joint PS+GS,1,0.03916032981456744,121,7,9,0.022663720278124425
Learned joint PS+GS,1,0.03916032981456744,122,7,10,0.015222773441182696
Learned joint PS+GS,1,0.03916032981456744,123,7,11,0.014143957875571102
Learned joint PS+GS,1,0.03916032981456744,124,7,12,0.006355263413450374
Learned joint PS+GS,1,0.03916032981456744,125,7,13,0.001381079016716695
Learned joint PS+GS,1,0.03916032981456744,126,7,14,0.0007041375128868659
Learned joint PS+GS,1,0.03916032981456744,127,7,15,0.00017348489266573523
Learned joint PS+GS,1,0.03916032981456744,128,8,0,0.00017362635317092653
Learned joint PS+GS,1,0.03916032981456744,129,8,1,0.0007014884655412634
Learned joint PS+GS,1,0.03916032981456744,130,8,2,0.0013808800473535797
Learned joint PS+GS,1,0.03916032981456744,131,8,3,0.003754311743398531
Learned joint PS+GS,1,0.03916032981456744,132,8,4,0.014143122054197703
Learned joint PS+GS,1,0.03916032981456744,133,8,5,0.025770369596504295
Learned joint PS+GS,1,0.03916032981456744,134,8,6,0.013413901746681866
Learned joint PS+GS,1,0.03916032981456744,135,8,7,0.016427521878456273
Learned joint PS+GS,1,0.03916032981456744,136,8,8,0.016384783675448728
Learned joint PS+GS,1,0.03916032981456744,137,8,9,0.02270956148354967
Learned joint PS+GS,1,0.03916032981456744,138,8,10,0.015895900924374533
Learned joint PS+GS,1,0.03916032981456744,139,8,11,0.01414389126408969
Learned joint PS+GS,1,0.03916032981456744,140,8,12,0.0037541003571982855
Learned joint PS+GS,1,0.03916032981456744,141,8,13,0.002337959161357812
Learned joint PS+GS,1,0.03916032981456744,142,8,14,0.0007041562794730288
Learned joint PS+GS,1,0.03916032981456744,143,8,15,0.00017362850055145722
Learned joint PS+GS,1,0.03916032981456744,144,9,0,0.00013845507581257988
Learned joint PS+GS,1,0.03916032981456744,145,9,1,0.000576502909736237
Learned joint PS+GS,1,0.03916032981456744,146,9,2,0.0019139417370409504
Learned joint PS+GS,1,0.03916032981456744,147,9,3,0.00307320036912624
Learned joint PS+GS,1,0.03916032981456744,148,9,4,0.011579132148778244
Learned joint PS+GS,1,0.03916032981456744,149,9,5,0.02109909172644318
Learned joint PS+GS,1,0.03916032981456744,150,9,6,0.010983052366926023
Learned joint PS+GS,1,0.03916032981456744,151,9,7,0.022709806344708337
Learned joint PS+GS,1,0.03916032981456744,152,9,8,0.013414723372117762
Learned joint PS+GS,1,0.03916032981456744,153,9,9,0.03147612584222439
Learned joint PS+GS,1,0.03916032981456744,154,9,10,0.0073815161714479325
Learned joint PS+GS,1,0.03916032981456744,155,9,11,0.006858315644065286
Learned joint PS+GS,1,0.03916032981456744,156,9,12,0.0036745952596143176
Learned joint PS+GS,1,0.03916032981456744,157,9,13,0.001913980872175677
Learned joint PS+GS,1,0.03916032981456744,158,9,14,0.0005765135621919256
Learned joint PS+GS,1,0.03916032981456744,159,9,15,0.00014214119551546632
Learned joint PS+GS,1,0.03916032981456744,160,10,0,9.521043727351337e-05
Learned joint PS+GS,1,0.03916032981456744,161,10,1,0.00023777690728170266
Learned joint PS+GS,1,0.03916032981456744,162,10,2,0.0007257850692584827
Learned joint PS+GS,1,0.03916032981456744,163,10,3,0.0020601757070502643
Learned joint PS+GS,1,0.03916032981456744,164,10,4,0.004585010234791683
Learned joint PS+GS,1,0.03916032981456744,165,10,5,0.008354411458370908
Learned joint PS+GS,1,0.03916032981456744,166,10,6,0.012464141272838278
Learned joint PS+GS,1,0.03916032981456744,167,10,7,0.02577028454514235
Learned joint PS+GS,1,0.03916032981456744,168,10,8,0.015223001707880959
Learned joint PS+GS,1,0.03916032981456744,169,10,9,0.012462507009040667
Learned joint PS+GS,1,0.03916032981456744,170,10,10,0.007924104957847108
Learned joint PS+GS,1,0.03916032981456744,171,10,11,0.007762347822195878
Learned joint PS+GS,1,0.03916032981456744,172,10,12,0.0020603405009782592
Learned joint PS+GS,1,0.03916032981456744,173,10,13,0.0007579202293428358
Learned joint PS+GS,1,0.03916032981456744,174,10,14,0.00038642810245869953
Learned joint PS+GS,1,0.03916032981456744,175,10,15,9.528898009092666e-05
Learned joint PS+GS,1,0.03916032981456744,176,11,0,5.228543190097015e-05
Learned joint PS+GS,1,0.03916032981456744,177,11,1,0.00019274137249903177
Learned joint PS+GS,1,0.03916032981456744,178,11,2,0.0004159671477998019
Learned joint PS+GS,1,0.03916032981456744,179,11,3,0.0011306507805431275
Learned joint PS+GS,1,0.03916032981456744,180,11,4,0.002516423887229051
Learned joint PS+GS,1,0.03916032981456744,181,11,5,0.00776226687138002
Learned joint PS+GS,1,0.03916032981456744,182,11,6,0.0068400460764707375
Learned joint PS+GS,1,0.03916032981456744,183,11,7,0.014143911723279175
Learned joint PS+GS,1,0.03916032981456744,184,11,8,0.00835453208314915
Learned joint PS+GS,1,0.03916032981456744,185,11,9,0.011580087747034885
Learned joint PS+GS,1,0.03916032981456744,186,11,10,0.004585011414544875
Learned joint PS+GS,1,0.03916032981456744,187,11,11,0.0025231547347383935
Learned joint PS+GS,1,0.03916032981456744,188,11,12,0.0019141568332628133
Learned joint PS+GS,1,0.03916032981456744,189,11,13,0.0007040332740395965
Learned joint PS+GS,1,0.03916032981456744,190,11,14,0.00021207477281459452
Learned joint PS+GS,1,0.03916032981456744,191,11,15,5.228068312094903e-05
Learned joint PS+GS,1,0.03916032981456744,192,12,0,2.3482383478963397e-05
Learned joint PS+GS,1,0.03916032981456744,193,12,1,9.303992105881663e-05
Learned joint PS+GS,1,0.03916032981456744,194,12,2,0.0001869235508052098
Learned joint PS+GS,1,0.03916032981456744,195,12,3,0.0005080318501681809
Learned joint PS+GS,1,0.03916032981456744,196,12,4,0.001130714840347196
Learned joint PS+GS,1,0.03916032981456744,197,12,5,0.0012170296996969491
Learned joint PS+GS,1,0.03916032981456744,198,12,6,0.0018283872778582502
Learned joint PS+GS,1,0.03916032981456744,199,12,7,0.00221745070273476
Learned joint PS+GS,1,0.03916032981456744,200,12,8,0.003754098435953896
Learned joint PS+GS,1,0.03916032981456744,201,12,9,0.003073605789369284
Learned joint PS+GS,1,0.03916032981456744,202,12,10,0.002060303503273052
Learned joint PS+GS,1,0.03916032981456744,203,12,11,0.00191397930618562
Learned joint PS+GS,1,0.03916032981456744,204,12,12,0.0005083721926803978
Learned joint PS+GS,1,0.03916032981456744,205,12,13,0.0003163817743787034
Learned joint PS+GS,1,0.03916032981456744,206,12,14,9.528550125415481e-05
Learned joint PS+GS,1,0.03916032981456744,207,12,15,2.3489879201741418e-05
Learned joint PS+GS,1,0.03916032981456744,208,13,0,8.631006445391158e-06
Learned joint PS+GS,1,0.03916032981456744,209,13,1,2.0726253193954444e-05
Learned joint PS+GS,1,0.03916032981456744,210,13,2,0.00011636576657911486
Learned joint PS+GS,1,0.03916032981456744,211,13,3,0.000316267978183334
Learned joint PS+GS,1,0.03916032981456744,212,13,4,0.00041594466794465
Learned joint PS+GS,1,0.03916032981456744,213,13,5,0.0007578990875751927
Learned joint PS+GS,1,0.03916032981456744,214,13,6,0.0011305573844857214
Learned joint PS+GS,1,0.03916032981456744,215,13,7,0.002337864138489335
Learned joint PS+GS,1,0.03916032981456744,216,13,8,0.002337943766146583
Learned joint PS+GS,1,0.03916032981456744,217,13,9,0.001914069707126271
Learned joint PS+GS,1,0.03916032981456744,218,13,10,0.0007579005132605551
Learned joint PS+GS,1,0.03916032981456744,219,13,11,0.0007041410133859554
Learned joint PS+GS,1,0.03916032981456744,220,13,12,0.0003163878851410001
Learned joint PS+GS,1,0.03916032981456744,221,13,13,0.00011636019735014717
Learned joint PS+GS,1,0.03916032981456744,222,13,14,3.5038359272153794e-05
Learned joint PS+GS,1,0.03916032981456744,223,13,15,8.636747572137418e-06
Learned joint PS+GS,1,0.03916032981456744,224,14,0,2.594887959980983e-06
Learned joint PS+GS,1,0.03916032981456744,225,14,1,1.0544719266946551e-05
Learned joint PS+GS,1,0.03916032981456744,226,14,2,3.50224998559801e-05
Learned joint PS+GS,1,0.03916032981456744,227,14,3,9.526657156962329e-05
Learned joint PS+GS,1,0.03916032981456744,228,14,4,0.000211986675036456
Learned joint PS+GS,1,0.03916032981456744,229,14,5,0.00022829787158539777
Learned joint PS+GS,1,0.03916032981456744,230,14,6,0.0005764358483829757
Learned joint PS+GS,1,0.03916032981456744,231,14,7,0.0007021895675800637
Learned joint PS+GS,1,0.03916032981456744,232,14,8,0.0004159478976987738
Learned joint PS+GS,1,0.03916032981456744,233,14,9,0.00034057566420473887
Learned joint PS+GS,1,0.03916032981456744,234,14,10,0.0003864340570586361
Learned joint PS+GS,1,0.03916032981456744,235,14,11,0.00021206875995776378
Learned joint PS+GS,1,0.03916032981456744,236,14,12,9.526959171489008e-05
Learned joint PS+GS,1,0.03916032981456744,237,14,13,3.5042818381724985e-05
Learned joint PS+GS,1,0.03916032981456744,238,14,14,1.0541326906544298e-05
Learned joint PS+GS,1,0.03916032981456744,239,14,15,2.5974300614463537e-06
Learned joint PS+GS,1,0.03916032981456744,240,15,0,6.365849931845844e-07
Learned joint PS+GS,1,0.03916032981456744,241,15,1,2.591749577176278e-06
Learned joint PS+GS,1,0.03916032981456744,242,15,2,8.62106978674649e-06
Learned joint PS+GS,1,0.03916032981456744,243,15,3,2.348093925580131e-05
Learned joint PS+GS,1,0.03916032981456744,244,15,4,5.227574057559535e-05
Learned joint PS+GS,1,0.03916032981456744,245,15,5,9.273622970547217e-05
Learned joint PS+GS,1,0.03916032981456744,246,15,6,0.00014214911639228649
Learned joint PS+GS,1,0.03916032981456744,247,15,7,0.00017362631639483082
Learned joint PS+GS,1,0.03916032981456744,248,15,8,0.00011356542399416764
Learned joint PS+GS,1,0.03916032981456744,249,15,9,0.00014215533603100986
Learned joint PS+GS,1,0.03916032981456744,250,15,10,9.527912436271169e-05
Learned joint PS+GS,1,0.03916032981456744,251,15,11,5.22882937396989e-05
Learned joint PS+GS,1,0.03916032981456744,252,15,12,2.3486286465349277e-05
Learned joint PS+GS,1,0.03916032981456744,253,15,13,8.635942852714422e-06
Learned joint PS+GS,1,0.03916032981456744,254,15,14,2.5966026086627334e-06
Learned joint PS+GS,1,0.03916032981456744,255,15,15,6.37411009455756e-07
Learned joint PS+GS,2,0.09240864037887758,0,0,0,5.613395331440406e-07
Learned joint PS+GS,2,0.09240864037887758,1,0,1,2.2823204222729563e-06
Learned joint PS+GS,2,0.09240864037887758,2,0,2,7.586742667921219e-06
Learned joint PS+GS,2,0.09240864037887758,3,0,3,2.0634771526139047e-05
Learned joint PS+GS,2,0.09240864037887758,4,0,4,4.593119270928066e-05
Learned joint PS+GS,2,0.09240864037887758,5,0,5,8.369570463386919e-05
Learned joint PS+GS,2,0.09240864037887758,6,0,6,0.00012486233846532028
Learned joint PS+GS,2,0.09240864037887758,7,0,7,0.0001525084224773227
Learned joint PS+GS,2,0.09240864037887758,8,0,8,0.00015250846689703133
Learned joint PS+GS,2,0.09240864037887758,9,0,9,0.00012486399412545328
Learned joint PS+GS,2,0.09240864037887758,10,0,10,8.369625350502862e-05
Learned joint PS+GS,2,0.09240864037887758,11,0,11,4.5927644438956215e-05
Learned joint PS+GS,2,0.09240864037887758,12,0,12,2.0141244478346512e-05
Learned joint PS+GS,2,0.09240864037887758,13,0,13,7.5832156630022136e-06
Learned joint PS+GS,2,0.09240864037887758,14,0,14,2.2816145579331572e-06
Learned joint PS+GS,2,0.09240864037887758,15,0,15,5.604159657308459e-07
Learned joint PS+GS,2,0.09240864037887758,16,1,0,2.282915046769372e-06
Learned joint PS+GS,2,0.09240864037887758,17,1,1,9.268138751100109e-06
Learned joint PS+GS,2,0.09240864037887758,18,1,2,3.0783228224952574e-05
Learned joint PS+GS,2,0.09240864037887758,19,1,3,5.890523256177532e-05
Learned joint PS+GS,2,0.09240864037887758,20,1,4,0.00013108487806037436
Learned joint PS+GS,2,0.09240864037887758,21,1,5,0.000339426510858282
Learned joint PS+GS,2,0.09240864037887758,22,1,6,0.0005049547016783268
Learned joint PS+GS,2,0.09240864037887758,23,1,7,0.0006184851312091859
Learned joint PS+GS,2,0.09240864037887758,24,1,8,0.0006184840425383375
Learned joint PS+GS,2,0.09240864037887758,25,1,9,0.0003562507970936271
Learned joint PS+GS,2,0.09240864037887758,26,1,10,0.0003333900950194844
Learned joint PS+GS,2,0.09240864037887758,27,1,11,0.00013106402431079783
Learned joint PS+GS,2,0.09240864037887758,28,1,12,8.359768253360122e-05
Learned joint PS+GS,2,0.09240864037887758,29,1,13,3.0744429942184166e-05
Learned joint PS+GS,2,0.09240864037887758,30,1,14,9.26299550395744e-06
Learned joint PS+GS,2,0.09240864037887758,31,1,15,2.2819692537415863e-06
Learned joint PS+GS,2,0.09240864037887758,32,2,0,7.588204969851783e-06
Learned joint PS+GS,2,0.09240864037887758,33,2,1,3.0784259935114146e-05
Learned joint PS+GS,2,0.09240864037887758,34,2,2,0.000102217174040379
Learned joint PS+GS,2,0.09240864037887758,35,2,3,0.00019550737611521532
Learned joint PS+GS,2,0.09240864037887758,36,2,4,0.0006184811450038944
Learned joint PS+GS,2,0.09240864037887758,37,2,5,0.0011269584822648033
Learned joint PS+GS,2,0.09240864037887758,38,2,6,0.0011834579294281856
Learned joint PS+GS,2,0.09240864037887758,39,2,7,0.0020534901034614016
Learned joint PS+GS,2,0.09240864037887758,40,2,8,0.001444641580592167
Learned joint PS+GS,2,0.09240864037887758,41,2,9,0.0008322040924466376
Learned joint PS+GS,2,0.09240864037887758,42,2,10,0.0007928710987362557
Learned joint PS+GS,2,0.09240864037887758,43,2,11,0.000435068122697462
Learned joint PS+GS,2,0.09240864037887758,44,2,12,0.0002778704600264289
Learned joint PS+GS,2,0.09240864037887758,45,2,13,7.193790941335823e-05
Learned joint PS+GS,2,0.09240864037887758,46,2,14,2.1679516677602497e-05
Learned joint PS+GS,2,0.09240864037887758,47,2,15,7.573553955029224e-06
Learned joint PS+GS,2,0.09240864037887758,48,3,0,2.0634177611071408e-05
Learned joint PS+GS,2,0.09240864037887758,49,3,1,8.369305365095679e-05
Learned joint PS+GS,2,0.09240864037887758,50,3,2,0.0002778910152220966
Learned joint PS+GS,2,0.09240864037887758,51,3,3,0.0007554294381657638
Learned joint PS+GS,2,0.09240864037887758,52,3,4,0.001182812890897848
Learned joint PS+GS,2,0.09240864037887758,53,3,5,0.0030634689897355988
Learned joint PS+GS,2,0.09240864037887758,54,3,6,0.004570145076014315
Learned joint PS+GS,2,0.09240864037887758,55,3,7,0.005044668630869785
Learned joint PS+GS,2,0.09240864037887758,56,3,8,0.003926940508921359
Learned joint PS+GS,2,0.09240864037887758,57,3,9,0.00448858887935213
Learned joint PS+GS,2,0.09240864037887758,58,3,10,0.0021551350074947794
Learned joint PS+GS,2,0.09240864037887758,59,3,11,0.0011827869358819953
Learned joint PS+GS,2,0.09240864037887758,60,3,12,0.0007553321057541433
Learned joint PS+GS,2,0.09240864037887758,61,3,13,0.00027784930544628615
Learned joint PS+GS,2,0.09240864037887758,62,3,14,5.8971469317288545e-05
Learned joint PS+GS,2,0.09240864037887758,63,3,15,2.063161933453483e-05
Learned joint PS+GS,2,0.09240864037887758,64,4,0,4.59303396838592e-05
Learned joint PS+GS,2,0.09240864037887758,65,4,1,0.00018626041438150185
Learned joint PS+GS,2,0.09240864037887758,66,4,2,0.0006138987341255538
Learned joint PS+GS,2,0.09240864037887758,67,4,3,0.0016662188071829935
Learned joint PS+GS,2,0.09240864037887758,68,4,4,0.0037413817177889496
Learned joint PS+GS,2,0.09240864037887758,69,4,5,0.006767972981772308
Learned joint PS+GS,2,0.09240864037887758,70,4,6,0.0071553234789490236
Learned joint PS+GS,2,0.09240864037887758,71,4,7,0.006148745048275513
Learned joint PS+GS,2,0.09240864037887758,72,4,8,0.008923989277914147
Learned joint PS+GS,2,0.09240864037887758,73,4,9,0.007154787909115934
Learned joint PS+GS,2,0.09240864037887758,74,4,10,0.00681786014379696
Learned joint PS+GS,2,0.09240864037887758,75,4,11,0.003741446779823591
Learned joint PS+GS,2,0.09240864037887758,76,4,12,0.0011708315305323186
Learned joint PS+GS,2,0.09240864037887758,77,4,13,0.000616763806333006
Learned joint PS+GS,2,0.09240864037887758,78,4,14,0.00018625024826215297
Learned joint PS+GS,2,0.09240864037887758,79,4,15,4.59271673572879e-05
Learned joint PS+GS,2,0.09240864037887758,80,5,0,8.369859145043901e-05
Learned joint PS+GS,2,0.09240864037887758,81,5,1,0.00033939280118000325
Learned joint PS+GS,2,0.09240864037887758,82,5,2,0.001117008943927808
Learned joint PS+GS,2,0.09240864037887758,83,5,3,0.0030389171891756976
Learned joint PS+GS,2,0.09240864037887758,84,5,4,0.006817858997495088
Learned joint PS+GS,2,0.09240864037887758,85,5,5,0.008796031147877413
Learned joint PS+GS,2,0.09240864037887758,86,5,6,0.013311986698921889
Learned joint PS+GS,2,0.09240864037887758,87,5,7,0.01120282143512626
Learned joint PS+GS,2,0.09240864037887758,88,5,8,0.022636372344903358
Learned joint PS+GS,2,0.09240864037887758,89,5,9,0.01853308579408909
Learned joint PS+GS,2,0.09240864037887758,90,5,10,0.008739576826821666
Learned joint PS+GS,2,0.09240864037887758,91,5,11,0.0068177503565417415
Learned joint PS+GS,2,0.09240864037887758,92,5,12,0.002155121694156524
Learned joint PS+GS,2,0.09240864037887758,93,5,13,0.0011155764122391897
Learned joint PS+GS,2,0.09240864037887758,94,5,14,0.0003393305308304089
Learned joint PS+GS,2,0.09240864037887758,95,5,15,8.369510065560324e-05
Learned joint PS+GS,2,0.09240864037887758,96,6,0,0.0001248409468122389
Learned joint PS+GS,2,0.09240864037887758,97,6,1,0.0005063691224541278
Learned joint PS+GS,2,0.09240864037887758,98,6,2,0.0011760299739732394
Learned joint PS+GS,2,0.09240864037887758,99,6,3,0.004570181939565764
Learned joint PS+GS,2,0.09240864037887758,100,6,4,0.007318740414589408
Learned joint PS+GS,2,0.09240864037887758,101,6,5,0.018533084874583692
Learned joint PS+GS,2,0.09240864037887758,102,6,6,0.027648132801269938
Learned joint PS+GS,2,0.09240864037887758,103,6,7,0.02375657525998968
Learned joint PS+GS,2,0.09240864037887758,104,6,8,0.01671262320913825
Learned joint PS+GS,2,0.09240864037887758,105,6,9,0.013683157980679057
Learned joint PS+GS,2,0.09240864037887758,106,6,10,0.00917210316398886
Learned joint PS+GS,2,0.09240864037887758,107,6,11,0.010171139245189637
Learned joint PS+GS,2,0.09240864037887758,108,6,12,0.00226185657820946
Learned joint PS+GS,2,0.09240864037887758,109,6,13,0.001182782432940543
Learned joint PS+GS,2,0.09240864037887758,110,6,14,0.000506370147078903
Learned joint PS+GS,2,0.09240864037887758,111,6,15,0.00012482136306867517
Learned joint PS+GS,2,0.09240864037887758,112,7,0,0.00015251353215008556
Learned joint PS+GS,2,0.09240864037887758,113,7,1,0.0006184293351309798
Learned joint PS+GS,2,0.09240864037887758,114,7,2,0.002016875592476708
Learned joint PS+GS,2,0.09240864037887758,115,7,3,0.00558204986202732
Learned joint PS+GS,2,0.09240864037887758,116,7,4,0.00873955981227536
Learned joint PS+GS,2,0.09240864037887758,117,7,5,0.011316463681641124
Learned joint PS+GS,2,0.09240864037887758,118,7,6,0.023756611688821802
Learned joint PS+GS,2,0.09240864037887758,119,7,7,0.029016386063655763
Learned joint PS+GS,2,0.09240864037887758,120,7,8,0.029016358283821618
Learned joint PS+GS,2,0.09240864037887758,121,7,9,0.02370687378515713
Learned joint PS+GS,2,0.09240864037887758,122,7,10,0.01592454775477916
Learned joint PS+GS,2,0.09240864037887758,123,7,11,0.012423079434286685
Learned joint PS+GS,2,0.09240864037887758,124,7,12,0.005582034606774005
Learned joint PS+GS,2,0.09240864037887758,125,7,13,0.0014446547056203155
Learned joint PS+GS,2,0.09240864037887758,126,7,14,0.0006184335781232554
Learned joint PS+GS,2,0.09240864037887758,127,7,15,0.0001524319120143272
Learned joint PS+GS,2,0.09240864037887758,128,8,0,0.00015250847216904137
Learned joint PS+GS,2,0.09240864037887758,129,8,1,0.0006163820220732519
Learned joint PS+GS,2,0.09240864037887758,130,8,2,0.001444630961103935
Learned joint PS+GS,2,0.09240864037887758,131,8,3,0.00392707841575543
Learned joint PS+GS,2,0.09240864037887758,132,8,4,0.012423064707660065
Learned joint PS+GS,2,0.09240864037887758,133,8,5,0.022636297910178155
Learned joint PS+GS,2,0.09240864037887758,134,8,6,0.01671261749274185
Learned joint PS+GS,2,0.09240864037887758,135,8,7,0.020468303644367986
Learned joint PS+GS,2,0.09240864037887758,136,8,8,0.02041441233916939
Learned joint PS+GS,2,0.09240864037887758,137,8,9,0.02375472617514969
Learned joint PS+GS,2,0.09240864037887758,138,8,10,0.016462738819748402
Learned joint PS+GS,2,0.09240864037887758,139,8,11,0.012423040573726682
Learned joint PS+GS,2,0.09240864037887758,140,8,12,0.003926935635899585
Learned joint PS+GS,2,0.09240864037887758,141,8,13,0.0020535088970631108
Learned joint PS+GS,2,0.09240864037887758,142,8,14,0.000618491695561516
Learned joint PS+GS,2,0.09240864037887758,143,8,15,0.00015250899294833977
Learned joint PS+GS,2,0.09240864037887758,144,9,0,0.0001222498203013261
Learned joint PS+GS,2,0.09240864037887758,145,9,1,0.0005063713200120324
Learned joint PS+GS,2,0.09240864037887758,146,9,2,0.0016811439930580568
Learned joint PS+GS,2,0.09240864037887758,147,9,3,0.003215072273262305
Learned joint PS+GS,2,0.09240864037887758,148,9,4,0.010170233945934776
Learned joint PS+GS,2,0.09240864037887758,149,9,5,0.01853308860647837
Learned joint PS+GS,2,0.09240864037887758,150,9,6,0.013683146832934095
Learned joint PS+GS,2,0.09240864037887758,151,9,7,0.0237566960907895
Learned joint PS+GS,2,0.09240864037887758,152,9,8,0.016712626746390468
Learned joint PS+GS,2,0.09240864037887758,153,9,9,0.027648113248719915
Learned joint PS+GS,2,0.09240864037887758,154,9,10,0.009197134035979382
Learned joint PS+GS,2,0.09240864037887758,155,9,11,0.007174818208152431
Learned joint PS+GS,2,0.09240864037887758,156,9,12,0.003598007896661884
Learned joint PS+GS,2,0.09240864037887758,157,9,13,0.001681167828928641
Learned joint PS+GS,2,0.09240864037887758,158,9,14,0.0005063776949486803
Learned joint PS+GS,2,0.09240864037887758,159,9,15,0.00012485635478049067
Learned joint PS+GS,2,0.09240864037887758,160,10,0,8.364486845458997e-05
Learned joint PS+GS,2,0.09240864037887758,161,10,1,0.0002447136213877004
Learned joint PS+GS,2,0.09240864037887758,162,10,2,0.0007670042688461454
Learned joint PS+GS,2,0.09240864037887758,163,10,3,0.0021551518363396214
Learned joint PS+GS,2,0.09240864037887758,164,10,4,0.004796378191386916
Learned joint PS+GS,2,0.09240864037887758,165,10,5,0.008738898008268922
Learned joint PS+GS,2,0.09240864037887758,166,10,6,0.01303795865856858
Learned joint PS+GS,2,0.09240864037887758,167,10,7,0.02263452615163107
Learned joint PS+GS,2,0.09240864037887758,168,10,8,0.01592470867637546
Learned joint PS+GS,2,0.09240864037887758,169,10,9,0.013038844388267665
Learned joint PS+GS,2,0.09240864037887758,170,10,10,0.008464968781126493
Learned joint PS+GS,2,0.09240864037887758,171,10,11,0.006817919350158225
Learned joint PS+GS,2,0.09240864037887758,172,10,12,0.0021551792888794778
Learned joint PS+GS,2,0.09240864037887758,173,10,13,0.0007927608794071106
Learned joint PS+GS,2,0.09240864037887758,174,10,14,0.00033942335505548663
Learned joint PS+GS,2,0.09240864037887758,175,10,15,8.369905557090561e-05
Learned joint PS+GS,2,0.09240864037887758,176,11,0,4.5928851846093174e-05
Learned joint PS+GS,2,0.09240864037887758,177,11,1,0.0001737837742510271
Learned joint PS+GS,2,0.09240864037887758,178,11,2,0.0004350849109388685
Learned joint PS+GS,2,0.09240864037887758,179,11,3,0.0011827739030273665
Learned joint PS+GS,2,0.09240864037887758,180,11,4,0.002632287645215033
Learned joint PS+GS,2,0.09240864037887758,181,11,5,0.006817348311039826
Learned joint PS+GS,2,0.09240864037887758,182,11,6,0.007155370413200091
Learned joint PS+GS,2,0.09240864037887758,183,11,7,0.012422113343215498
Learned joint PS+GS,2,0.09240864037887758,184,11,8,0.00873964260856258
Learned joint PS+GS,2,0.09240864037887758,185,11,9,0.010171158498449665
Learned joint PS+GS,2,0.09240864037887758,186,11,10,0.004796748289504532
Learned joint PS+GS,2,0.09240864037887758,187,11,11,0.0026395575449916623
Learned joint PS+GS,2,0.09240864037887758,188,11,12,0.0016812699204834015
Learned joint PS+GS,2,0.09240864037887758,189,11,13,0.0006184448114568167
Learned joint PS+GS,2,0.09240864037887758,190,11,14,0.0001862785532602161
Learned joint PS+GS,2,0.09240864037887758,191,11,15,4.5923895389159186e-05
Learned joint PS+GS,2,0.09240864037887758,192,12,0,2.0630226826377024e-05
Learned joint PS+GS,2,0.09240864037887758,193,12,1,8.210165247040895e-05
Learned joint PS+GS,2,0.09240864037887758,194,12,2,0.00019550828714427477
Learned joint PS+GS,2,0.09240864037887758,195,12,3,0.0005314518458407195
Learned joint PS+GS,2,0.09240864037887758,196,12,4,0.0011827735284127582
Learned joint PS+GS,2,0.09240864037887758,197,12,5,0.0015161961909768288
Learned joint PS+GS,2,0.09240864037887758,198,12,6,0.0022765318977115575
Learned joint PS+GS,2,0.09240864037887758,199,12,7,0.0027627990431477235
Learned joint PS+GS,2,0.09240864037887758,200,12,8,0.003926934213998196
Learned joint PS+GS,2,0.09240864037887758,201,12,9,0.0032151107958393746
Learned joint PS+GS,2,0.09240864037887758,202,12,10,0.002155156232608598
Learned joint PS+GS,2,0.09240864037887758,203,12,11,0.0016812306497784966
Learned joint PS+GS,2,0.09240864037887758,204,12,12,0.000531643602260925
Learned joint PS+GS,2,0.09240864037887758,205,12,13,0.000277897118978118
Learned joint PS+GS,2,0.09240864037887758,206,12,14,8.369704335847605e-05
Learned joint PS+GS,2,0.09240864037887758,207,12,15,2.0635215323120528e-05
Learned joint PS+GS,2,0.09240864037887758,208,13,0,7.58503561820701e-06
Learned joint PS+GS,2,0.09240864037887758,209,13,1,2.167483152688124e-05
Learned joint PS+GS,2,0.09240864037887758,210,13,2,0.00010221803030410982
Learned joint PS+GS,2,0.09240864037887758,211,13,3,0.00027781020769521283
Learned joint PS+GS,2,0.09240864037887758,212,13,4,0.00043511962005136716
Learned joint PS+GS,2,0.09240864037887758,213,13,5,0.0007927759104439271
Learned joint PS+GS,2,0.09240864037887758,214,13,6,0.0011826159105285843
Learned joint PS+GS,2,0.09240864037887758,215,13,7,0.0020532942662147497
Learned joint PS+GS,2,0.09240864037887758,216,13,8,0.0020534996377436724
Learned joint PS+GS,2,0.09240864037887758,217,13,9,0.0016810877988029521
Learned joint PS+GS,2,0.09240864037887758,218,13,10,0.000792838571878235
Learned joint PS+GS,2,0.09240864037887758,219,13,11,0.0006184834831351792
Learned joint PS+GS,2,0.09240864037887758,220,13,12,0.00027790071490069304
Learned joint PS+GS,2,0.09240864037887758,221,13,13,0.00010221527026953117
Learned joint PS+GS,2,0.09240864037887758,222,13,14,3.078123177961712e-05
Learned joint PS+GS,2,0.09240864037887758,223,13,15,7.588529757540519e-06
Learned joint PS+GS,2,0.09240864037887758,224,14,0,2.281781037090384e-06
Learned joint PS+GS,2,0.09240864037887758,225,14,1,9.26612318561431e-06
Learned joint PS+GS,2,0.09240864037887758,226,14,2,3.077224900197574e-05
Learned joint PS+GS,2,0.09240864037887758,227,14,3,8.368552305127228e-05
Learned joint PS+GS,2,0.09240864037887758,228,14,4,0.00018620468659480977
Learned joint PS+GS,2,0.09240864037887758,229,14,5,0.00023880480929288744
Learned joint PS+GS,2,0.09240864037887758,230,14,6,0.0005062924365526858
Learned joint PS+GS,2,0.09240864037887758,231,14,7,0.0006167609989831932
Learned joint PS+GS,2,0.09240864037887758,232,14,8,0.0004351214602904922
Learned joint PS+GS,2,0.09240864037887758,233,14,9,0.0003562523054502191
Learned joint PS+GS,2,0.09240864037887758,234,14,10,0.00033942672956086077
Learned joint PS+GS,2,0.09240864037887758,235,14,11,0.00018627488074296028
Learned joint PS+GS,2,0.09240864037887758,236,14,12,8.368727148122444e-05
Learned joint PS+GS,2,0.09240864037887758,237,14,13,3.078417964041251e-05
Learned joint PS+GS,2,0.09240864037887758,238,14,14,9.264043522588995e-06
Learned joint PS+GS,2,0.09240864037887758,239,14,15,2.2833072322321148e-06
Learned joint PS+GS,2,0.09240864037887758,240,15,0,5.607100004814439e-07
Learned joint PS+GS,2,0.09240864037887758,241,15,1,2.279895992313852e-06
Learned joint PS+GS,2,0.09240864037887758,242,15,2,7.578555103832667e-06
Learned joint PS+GS,2,0.09240864037887758,243,15,3,2.062965444421334e-05
Learned joint PS+GS,2,0.09240864037887758,244,15,4,4.5923290747060393e-05
Learned joint PS+GS,2,0.09240864037887758,245,15,5,8.190259427175164e-05
Learned joint PS+GS,2,0.09240864037887758,246,15,6,0.00012486114774626413
Learned joint PS+GS,2,0.09240864037887758,247,15,7,0.00015250856374807764
Learned joint PS+GS,2,0.09240864037887758,248,15,8,0.00011427675982838602
Learned joint PS+GS,2,0.09240864037887758,249,15,9,0.00012486482873639622
Learned joint PS+GS,2,0.09240864037887758,250,15,10,8.369340190216542e-05
Learned joint PS+GS,2,0.09240864037887758,251,15,11,4.593074342162125e-05
Learned joint PS+GS,2,0.09240864037887758,252,15,12,2.0633186688869052e-05
Learned joint PS+GS,2,0.09240864037887758,253,15,13,7.588056042402917e-06
Learned joint PS+GS,2,0.09240864037887758,254,15,14,2.2828146551125773e-06
Learned joint PS+GS,2,0.09240864037887758,255,15,15,5.612074581491929e-07
